Date,Leg,Entry_Time,Strike,Sell_Price,Exit_Time,Exit_Price,Qty,Premium_Collected,PnL,Reason,Capital_After
2023-01-02,PE,10:24,18150,90.2,10:29,92.45,65,5863.0,-146.25,SL Hit (18156.8 <= 18159.4),99853.75
2023-01-02,CE,10:31,18150,113.8,10:37,119.6,65,7397.0,-377.0,SL Hit (18179.1 >= 18171.4),99476.75
2023-01-02,PE,10:47,18150,83.6,14:15,92.3,65,5434.0,-565.5,SL Hit (18147.6 <= 18155.3),98911.25
2023-01-02,CE,11:28,18200,96.0,14:51,107.4,65,6240.0,-741.0,SL Hit (18201.7 >= 18198.2),98170.25
2023-01-02,PE,14:58,18200,91.75,15:16,83.75,65,5963.75,520.0,Settlement 15:15,98690.25
2023-01-03,PE,10:19,18250,93.5,12:12,102.8,65,6077.5,-604.5,SL Hit (18200.3 <= 18201.9),98085.75
2023-01-03,CE,11:26,18250,75.25,14:45,78.5,65,4891.25,-211.25,SL Hit (18241.2 >= 18240.8),97874.5
2023-01-03,CE,15:04,18250,74.3,15:16,75.55,65,4829.5,-81.25,Settlement 15:15,97793.25
2023-01-03,PE,13:26,18200,80.6,15:16,48.7,65,5239.0,2073.5,Settlement 15:15,99866.75
2023-01-04,PE,10:36,18150,62.45,11:03,78.3,65,4059.25,-1030.25,SL Hit (18120.8 <= 18127.0),98836.5
2023-01-04,PE,12:53,18050,60.9,14:48,60.65,65,3958.5,16.25,SL Hit (18041.5 <= 18042.3),98852.75
2023-01-04,CE,10:05,18150,63.3,15:16,24.2,65,4114.5,2541.5,Settlement 15:15,101394.25
2023-01-05,CE,10:11,18050,42.3,10:14,55.75,65,2749.5,-874.25,SL Hit (18063.2 >= 18054.4),100520.0
2023-01-05,PE,10:20,18050,40.6,11:32,60.3,65,2639.0,-1280.5,SL Hit (18011.3 <= 18015.1),99239.5
2023-01-05,PE,13:16,17950,34.65,13:19,44.35,65,2252.25,-630.5,SL Hit (17926.3 <= 17937.5),98609.0
2023-01-05,CE,10:37,18050,50.1,15:16,0.35,65,3256.5,3233.75,Settlement 15:15,101842.75
2023-01-05,PE,14:01,17950,37.75,15:16,0.1,65,2453.75,2447.25,Settlement 15:15,104290.0
2023-01-06,PE,10:57,17950,112.1,11:01,121.25,65,7286.5,-594.75,SL Hit (17916.3 <= 17920.5),103695.25
2023-01-06,PE,12:08,17950,108.2,12:13,115.6,65,7033.0,-481.0,SL Hit (17926.2 <= 17927.9),103214.25
2023-01-06,PE,13:51,17850,109.7,14:17,127.1,65,7130.5,-1131.0,SL Hit (17808.8 <= 17813.5),102083.25
2023-01-06,CE,10:11,17950,137.55,15:16,78.1,65,8940.75,3864.25,Settlement 15:15,105947.5
2023-01-09,PE,10:10,18050,74.8,13:46,96.85,65,4862.0,-1433.25,SL Hit (18013.7 <= 18020.2),104514.25
2023-01-09,CE,12:28,18100,102.3,15:16,93.55,65,6649.5,568.75,Settlement 15:15,105083.0
2023-01-09,PE,14:19,18050,73.55,15:16,49.7,65,4780.75,1550.25,Settlement 15:15,106633.25
2023-01-10,PE,10:23,18000,83.35,10:33,93.4,65,5417.75,-653.25,SL Hit (17973.6 <= 17979.1),105980.0
2023-01-10,PE,12:04,17950,81.1,12:41,92.9,65,5271.5,-767.0,SL Hit (17918.3 <= 17931.5),105213.0
2023-01-10,CE,10:03,18000,78.1,15:16,48.4,65,5076.5,1930.5,Settlement 15:15,107143.5
2023-01-10,PE,14:59,17900,76.4,15:16,66.65,65,4966.0,633.75,Settlement 15:15,107777.25
2023-01-11,PE,10:19,17950,71.65,10:56,106.4,65,4657.25,-2258.75,SL Hit (17890.0 <= 17894.7),105518.5
2023-01-11,CE,11:09,17900,85.0,12:00,96.75,65,5525.0,-763.75,SL Hit (17924.8 >= 17924.4),104754.75
2023-01-11,CE,12:18,17900,85.45,13:16,89.2,65,5554.25,-243.75,SL Hit (17926.6 >= 17926.0),104511.0
2023-01-11,PE,12:03,17900,61.75,14:05,80.8,65,4013.75,-1238.25,SL Hit (17872.4 <= 17881.7),103272.75
2023-01-11,CE,14:00,17900,74.0,14:58,91.85,65,4810.0,-1160.25,SL Hit (17936.1 >= 17922.7),102112.5
2023-01-11,PE,14:46,17900,54.25,15:16,62.75,65,3526.25,-552.5,Settlement 15:15,101560.0
2023-01-12,PE,11:40,17800,33.6,11:53,41.9,65,2184.0,-539.5,SL Hit (17795.8 <= 17797.3),101020.5
2023-01-12,PE,12:27,17850,48.7,13:25,60.05,65,3165.5,-737.75,SL Hit (17801.7 <= 17801.8),100282.75
2023-01-12,CE,10:13,17850,52.2,15:16,7.9,65,3393.0,2879.5,Settlement 15:15,103162.25
2023-01-12,PE,14:15,17800,14.0,15:16,0.15,65,910.0,900.25,Settlement 15:15,104062.5
2023-01-13,CE,10:09,17800,133.0,10:21,143.85,65,8645.0,-705.25,SL Hit (17808.3 >= 17808.3),103357.25
2023-01-13,CE,11:00,17800,147.0,11:09,153.8,65,9555.0,-442.0,SL Hit (17832.8 >= 17827.8),102915.25
2023-01-13,CE,11:34,17850,121.95,12:10,133.5,65,7926.75,-750.75,SL Hit (17848.4 >= 17838.2),102164.5
2023-01-13,PE,10:23,17800,116.3,15:16,47.8,65,7559.5,4452.5,Settlement 15:15,106617.0
2023-01-16,PE,12:40,17900,95.05,12:46,96.3,65,6178.25,-81.25,SL Hit (17892.1 <= 17892.1),106535.75
2023-01-16,PE,13:27,17950,101.0,13:44,114.25,65,6565.0,-861.25,SL Hit (17902.8 <= 17908.8),105674.5
2023-01-16,PE,14:35,17900,99.25,14:47,109.35,65,6451.25,-656.5,SL Hit (17862.6 <= 17862.7),105018.0
2023-01-16,CE,09:54,17950,110.5,15:16,73.35,65,7182.5,2414.75,Settlement 15:15,107432.75
2023-01-17,PE,10:08,18000,76.2,11:04,87.45,65,4953.0,-731.25,SL Hit (17980.6 <= 17981.1),106701.5
2023-01-17,PE,11:37,18000,77.2,12:44,88.95,65,5018.0,-763.75,SL Hit (17970.9 <= 17971.5),105937.75
2023-01-17,CE,10:54,18000,84.6,15:01,99.65,65,5499.0,-978.25,SL Hit (18043.0 >= 18035.2),104959.5
2023-01-17,PE,13:45,17950,59.55,15:16,33.2,65,3870.75,1712.75,Settlement 15:15,106672.25
2023-01-18,CE,10:32,18100,72.65,11:07,83.35,65,4722.25,-695.5,SL Hit (18130.2 >= 18124.0),105976.75
2023-01-18,CE,12:42,18150,65.6,14:45,74.55,65,4264.0,-581.75,SL Hit (18182.8 >= 18180.5),105395.0
2023-01-18,CE,15:05,18150,61.75,15:16,57.25,65,4013.75,292.5,Settlement 15:15,105687.5
2023-01-18,PE,10:05,18100,61.9,15:16,25.5,65,4023.5,2366.0,Settlement 15:15,108053.5
2023-01-19,CE,10:01,18100,38.45,10:39,43.85,65,2499.25,-351.0,SL Hit (18113.9 >= 18109.7),107702.5
2023-01-19,CE,11:27,18100,43.1,11:44,59.0,65,2801.5,-1033.5,SL Hit (18143.1 >= 18138.9),106669.0
2023-01-19,CE,12:53,18100,37.65,15:16,7.55,65,2447.25,1956.5,Settlement 15:15,108625.5
2023-01-19,PE,10:34,18100,42.2,15:16,0.75,65,2743.0,2694.25,Settlement 15:15,111319.75
2023-01-20,PE,10:04,18100,92.8,13:56,94.95,65,6032.0,-139.75,SL Hit (18065.2 <= 18069.5),111180.0
2023-01-20,CE,11:22,18100,108.25,15:16,68.8,65,7036.25,2564.25,Settlement 15:15,113744.25
2023-01-23,PE,09:56,18150,61.5,12:09,72.05,65,3997.5,-685.75,SL Hit (18111.7 <= 18115.7),113058.5
2023-01-23,CE,10:29,18150,90.4,15:16,61.4,65,5876.0,1885.0,Settlement 15:15,114943.5
2023-01-23,PE,13:32,18100,53.6,15:16,42.05,65,3484.0,750.75,Settlement 15:15,115694.25
2023-01-24,PE,10:48,18150,35.5,11:38,47.5,65,2307.5,-780.0,SL Hit (18135.4 <= 18135.6),114914.25
2023-01-24,PE,12:57,18150,46.8,13:30,59.05,65,3042.0,-796.25,SL Hit (18115.1 <= 18116.9),114118.0
2023-01-24,PE,14:24,18100,46.3,14:27,44.5,65,3009.5,117.0,SL Hit (18101.0 <= 18101.8),114235.0
2023-01-24,CE,10:04,18150,67.45,15:16,33.05,65,4384.25,2236.0,Settlement 15:15,116471.0
2023-01-25,PE,11:11,17950,43.1,11:22,56.1,65,2801.5,-845.0,SL Hit (17906.1 <= 17909.8),115626.0
2023-01-25,PE,12:08,17900,26.1,12:41,37.45,65,1696.5,-737.75,SL Hit (17886.2 <= 17888.4),114888.25
2023-01-25,PE,12:58,17950,38.75,15:00,62.6,65,2518.75,-1550.25,SL Hit (17883.1 <= 17883.8),113338.0
2023-01-25,CE,09:59,18000,41.2,15:16,0.2,65,2678.0,2665.0,Settlement 15:15,116003.0
2023-01-27,CE,10:23,17700,201.6,10:36,218.85,65,13104.0,-1121.25,SL Hit (17744.9 >= 17735.0),114881.75
2023-01-27,PE,10:42,17750,164.45,11:36,203.0,65,10689.25,-2505.75,SL Hit (17669.8 <= 17670.5),112376.0
2023-01-27,PE,13:09,17550,178.9,13:50,191.65,65,11628.5,-828.75,SL Hit (17529.1 <= 17535.1),111547.25
2023-01-27,CE,11:35,17700,186.8,15:16,145.15,65,12142.0,2707.25,Settlement 15:15,114254.5
2023-01-27,PE,14:35,17500,166.9,15:16,126.8,65,10848.5,2606.5,Settlement 15:15,116861.0
2023-01-30,PE,11:11,17550,153.8,12:34,160.7,65,9997.0,-448.5,SL Hit (17530.3 <= 17534.9),116412.5
2023-01-30,PE,13:30,17500,152.15,13:42,170.0,65,9889.75,-1160.25,SL Hit (17453.0 <= 17454.2),115252.25
2023-01-30,CE,10:06,17600,216.75,15:01,197.8,65,14088.75,1231.75,SL Hit (17651.3 >= 17642.7),116484.0
2023-01-30,PE,14:10,17500,145.4,15:16,95.4,65,9451.0,3250.0,Settlement 15:15,119734.0
2023-01-31,CE,10:08,17550,181.0,10:29,213.6,65,11765.0,-2119.0,SL Hit (17606.9 >= 17593.5),117615.0
2023-01-31,CE,11:10,17600,156.85,11:46,189.5,65,10195.25,-2122.25,SL Hit (17636.9 >= 17627.0),115492.75
2023-01-31,CE,12:22,17600,169.3,13:17,203.0,65,11004.5,-2190.5,SL Hit (17653.9 >= 17653.0),113302.25
2023-01-31,PE,10:18,17550,149.0,15:16,72.85,65,9685.0,4949.75,Settlement 15:15,118252.0
2023-02-01,CE,11:24,17750,144.85,12:25,197.2,65,9415.25,-3402.75,SL Hit (17867.5 >= 17850.9),114849.25
2023-02-01,PE,09:54,17750,113.2,13:38,83.25,65,7358.0,1946.75,SL Hit (17742.2 <= 17742.3),116796.0
2023-02-01,CE,13:30,17850,82.6,15:16,22.45,65,5369.0,3909.75,Settlement 15:15,120705.75
2023-02-01,PE,15:14,17650,91.9,15:16,82.2,65,5973.5,630.5,Settlement 15:15,121336.25
2023-02-02,PE,10:20,17600,66.0,10:27,93.8,65,4290.0,-1807.0,SL Hit (17544.9 <= 17550.4),119529.25
2023-02-02,PE,10:56,17550,46.85,13:37,46.55,65,3045.25,19.5,SL Hit (17530.0 <= 17532.8),119548.75
2023-02-02,CE,10:00,17600,59.3,15:16,6.75,65,3854.5,3415.75,Settlement 15:15,122964.5
2023-02-02,PE,14:30,17600,35.1,15:16,1.2,65,2281.5,2203.5,Settlement 15:15,125168.0
2023-02-03,PE,10:04,17650,118.4,10:21,128.35,65,7696.0,-646.75,SL Hit (17645.4 <= 17648.0),124521.25
2023-02-03,CE,10:27,17650,130.3,12:41,166.95,65,8469.5,-2382.25,SL Hit (17705.1 >= 17702.6),122139.0
2023-02-03,CE,13:03,17700,127.9,13:40,152.7,65,8313.5,-1612.0,SL Hit (17736.1 >= 17722.2),120527.0
2023-02-03,PE,10:58,17650,129.9,15:16,49.3,65,8443.5,5239.0,Settlement 15:15,125766.0
2023-02-06,CE,10:27,17750,107.65,15:16,108.1,65,6997.25,-29.25,Settlement 15:15,125736.75
2023-02-06,PE,11:26,17750,112.9,15:16,97.15,65,7338.5,1023.75,Settlement 15:15,126760.5
2023-02-07,PE,10:05,17750,87.6,12:14,99.4,65,5694.0,-767.0,SL Hit (17723.9 <= 17728.1),125993.5
2023-02-07,CE,10:59,17750,103.05,15:16,76.2,65,6698.25,1745.25,Settlement 15:15,127738.75
2023-02-07,PE,13:35,17700,83.15,15:16,67.7,65,5404.75,1004.25,Settlement 15:15,128743.0
2023-02-08,PE,10:09,17850,78.05,10:10,82.2,65,5073.25,-269.75,SL Hit (17823.2 <= 17825.3),128473.25
2023-02-08,CE,10:38,17850,66.6,11:36,72.5,65,4329.0,-383.5,SL Hit (17860.5 >= 17853.6),128089.75
2023-02-08,CE,12:14,17850,69.0,13:30,86.5,65,4485.0,-1137.5,SL Hit (17888.1 >= 17885.3),126952.25
2023-02-08,CE,13:42,17850,68.2,14:35,87.2,65,4433.0,-1235.0,SL Hit (17897.1 >= 17893.6),125717.25
2023-02-08,PE,11:12,17850,72.15,15:16,50.5,65,4689.75,1407.25,Settlement 15:15,127124.5
2023-02-09,CE,10:57,17850,39.8,11:29,53.4,65,2587.0,-884.0,SL Hit (17881.4 >= 17879.4),126240.5
2023-02-09,CE,11:48,17850,43.3,13:49,47.55,65,2814.5,-276.25,SL Hit (17886.8 >= 17883.2),125964.25
2023-02-09,CE,14:51,17900,10.25,15:16,0.5,65,666.25,633.75,Settlement 15:15,126598.0
2023-02-09,PE,10:04,17850,38.85,15:16,0.05,65,2525.25,2522.0,Settlement 15:15,129120.0
2023-02-10,CE,10:34,17850,93.2,10:39,97.3,65,6058.0,-266.5,SL Hit (17838.2 >= 17836.5),128853.5
2023-02-10,CE,12:09,17850,92.95,15:16,101.1,65,6041.75,-529.75,Settlement 15:15,128323.75
2023-02-10,PE,10:01,17800,91.75,15:16,64.8,65,5963.75,1751.75,Settlement 15:15,130075.5
2023-02-13,PE,10:44,17800,100.55,12:06,111.9,65,6535.75,-737.75,SL Hit (17743.1 <= 17746.6),129337.75
2023-02-13,CE,10:10,17750,101.75,15:16,102.4,65,6613.75,-42.25,Settlement 15:15,129295.5
2023-02-13,PE,12:39,17750,93.95,15:16,72.75,65,6106.75,1378.0,Settlement 15:15,130673.5
2023-02-14,CE,10:53,17850,70.1,11:06,77.45,65,4556.5,-477.75,SL Hit (17858.1 >= 17854.6),130195.75
2023-02-14,CE,13:04,17900,85.15,13:50,85.65,65,5534.75,-32.5,SL Hit (17924.2 >= 17923.2),130163.25
2023-02-14,PE,11:11,17850,74.7,15:16,43.05,65,4855.5,2057.25,Settlement 15:15,132220.5
2023-02-15,CE,10:32,17900,73.1,11:15,83.25,65,4751.5,-659.75,SL Hit (17943.6 >= 17942.0),131560.75
2023-02-15,CE,11:58,17950,52.55,14:34,53.6,65,3415.75,-68.25,SL Hit (17951.6 >= 17949.5),131492.5
2023-02-15,PE,10:09,17900,50.15,15:16,15.45,65,3259.75,2255.5,Settlement 15:15,133748.0
2023-02-16,PE,10:54,18100,22.3,11:47,29.95,65,1449.5,-497.25,SL Hit (18095.6 <= 18095.6),133250.75
2023-02-16,PE,13:18,18100,32.3,14:27,61.5,65,2099.5,-1898.0,SL Hit (18043.8 <= 18055.5),131352.75
2023-02-16,CE,09:51,18100,45.6,15:16,0.1,65,2964.0,2957.5,Settlement 15:15,134310.25
2023-02-17,PE,09:53,18000,89.15,10:11,95.1,65,5794.75,-386.75,SL Hit (17991.3 <= 17992.0),133923.5
2023-02-17,PE,10:47,18000,92.75,10:59,98.65,65,6028.75,-383.5,SL Hit (17984.8 <= 17991.1),133540.0
2023-02-17,PE,11:28,18000,97.55,11:33,102.9,65,6340.75,-347.75,SL Hit (17976.9 <= 17981.7),133192.25
2023-02-17,CE,10:19,18000,96.95,15:16,72.6,65,6301.75,1582.75,Settlement 15:15,134775.0
2023-02-20,PE,11:20,17950,73.2,11:21,78.75,65,4758.0,-360.75,SL Hit (17950.6 <= 17957.3),134414.25
2023-02-20,PE,13:14,17900,79.15,13:27,97.4,65,5144.75,-1186.25,SL Hit (17877.8 <= 17884.3),133228.0
2023-02-20,CE,10:19,17950,96.5,15:16,51.9,65,6272.5,2899.0,Settlement 15:15,136127.0
2023-02-20,PE,14:42,17850,84.75,15:16,79.6,65,5508.75,334.75,Settlement 15:15,136461.75
2023-02-21,PE,10:20,17900,71.2,11:44,86.1,65,4628.0,-968.5,SL Hit (17870.8 <= 17871.6),135493.25
2023-02-21,PE,12:01,17900,80.45,12:05,93.6,65,5229.25,-854.75,SL Hit (17862.3 <= 17869.3),134638.5
2023-02-21,PE,12:56,17850,78.4,14:55,95.6,65,5096.0,-1118.0,SL Hit (17805.4 <= 17817.0),133520.5
2023-02-21,CE,10:48,17900,84.85,15:16,39.45,65,5515.25,2951.0,Settlement 15:15,136471.5
2023-02-22,PE,11:01,17650,53.95,11:38,60.6,65,3506.75,-432.25,SL Hit (17651.2 <= 17653.2),136039.25
2023-02-22,PE,12:19,17650,59.1,12:27,66.55,65,3841.5,-484.25,SL Hit (17634.2 <= 17639.8),135555.0
2023-02-22,PE,13:09,17600,48.55,13:27,58.45,65,3155.75,-643.5,SL Hit (17603.0 <= 17604.4),134911.5
2023-02-22,CE,10:02,17700,58.95,15:16,14.05,65,3831.75,2918.5,Settlement 15:15,137830.0
2023-02-23,CE,09:49,17500,38.3,09:53,56.4,65,2489.5,-1176.5,SL Hit (17518.8 >= 17513.3),136653.5
2023-02-23,PE,10:10,17600,45.45,15:04,102.8,65,2954.25,-3727.75,SL Hit (17491.8 <= 17503.5),132925.75
2023-02-23,CE,11:01,17550,41.35,15:16,0.1,65,2687.75,2681.25,Settlement 15:15,135607.0
2023-02-24,PE,12:09,17500,104.15,12:14,110.1,65,6769.75,-386.75,SL Hit (17490.0 <= 17490.2),135220.25
2023-02-24,CE,09:53,17550,113.0,15:16,70.7,65,7345.0,2749.5,Settlement 15:15,137969.75
2023-02-24,PE,13:21,17450,107.25,15:16,85.6,65,6971.25,1407.25,Settlement 15:15,139377.0
2023-02-27,CE,10:16,17300,120.0,11:08,135.1,65,7800.0,-981.5,SL Hit (17359.9 >= 17356.1),138395.5
2023-02-27,CE,11:32,17350,102.9,11:38,119.75,65,6688.5,-1095.25,SL Hit (17384.8 >= 17373.5),137300.25
2023-02-27,PE,11:10,17350,86.5,13:11,108.8,65,5622.5,-1449.5,SL Hit (17302.7 <= 17306.1),135850.75
2023-02-27,CE,12:16,17350,91.0,15:10,124.4,65,5915.0,-2171.0,SL Hit (17395.8 >= 17391.6),133679.75
2023-02-27,PE,13:35,17300,70.4,15:16,39.15,65,4576.0,2031.25,Settlement 15:15,135711.0
2023-02-28,PE,10:36,17400,70.55,10:44,95.95,65,4585.75,-1651.0,SL Hit (17363.3 <= 17371.9),134060.0
2023-02-28,PE,11:58,17400,83.95,13:25,106.6,65,5456.75,-1472.25,SL Hit (17334.4 <= 17336.7),132587.75
2023-02-28,CE,09:59,17400,88.7,15:16,39.55,65,5765.5,3194.75,Settlement 15:15,135782.5
2023-02-28,PE,14:34,17300,64.25,15:16,57.9,65,4176.25,412.75,Settlement 15:15,136195.25
2023-03-01,PE,11:11,17400,49.7,12:12,50.7,65,3230.5,-65.0,SL Hit (17407.2 <= 17409.6),136130.25
2023-03-01,CE,12:22,17400,62.6,13:50,75.0,65,4069.0,-806.0,SL Hit (17436.2 >= 17432.5),135324.25
2023-03-01,CE,14:24,17450,44.4,14:28,49.15,65,2886.0,-308.75,SL Hit (17443.9 >= 17443.0),135015.5
2023-03-01,CE,15:05,17450,53.05,15:16,49.95,65,3448.25,201.5,Settlement 15:15,135217.0
2023-03-01,PE,13:54,17450,58.6,15:16,42.8,65,3809.0,1027.0,Settlement 15:15,136244.0
2023-03-02,PE,10:41,17400,41.7,10:54,52.6,65,2710.5,-708.5,SL Hit (17356.6 <= 17360.3),135535.5
2023-03-02,CE,10:00,17350,42.25,12:05,55.15,65,2746.25,-838.5,SL Hit (17394.4 >= 17394.0),134697.0
2023-03-02,PE,11:20,17350,20.95,13:08,20.5,65,1361.75,29.25,SL Hit (17353.8 <= 17355.8),134726.25
2023-03-02,CE,12:19,17400,19.45,15:16,0.1,65,1264.25,1257.75,Settlement 15:15,135984.0
2023-03-02,PE,14:16,17350,29.6,15:16,26.4,65,1924.0,208.0,Settlement 15:15,136192.0
2023-03-03,CE,11:58,17550,100.65,13:31,103.45,65,6542.25,-182.0,SL Hit (17580.0 >= 17579.1),136010.0
2023-03-03,CE,14:50,17600,96.95,14:54,107.25,65,6301.75,-669.5,SL Hit (17638.4 >= 17629.4),135340.5
2023-03-03,CE,15:15,17600,82.2,15:16,83.2,65,5343.0,-65.0,Settlement 15:15,135275.5
2023-03-03,PE,09:59,17500,86.4,15:16,42.25,65,5616.0,2869.75,Settlement 15:15,138145.25
2023-03-06,PE,09:56,17750,61.6,12:55,69.75,65,4004.0,-529.75,SL Hit (17744.1 <= 17751.8),137615.5
2023-03-06,PE,13:12,17750,56.85,13:30,65.85,65,3695.25,-585.0,SL Hit (17740.6 <= 17743.5),137030.5
2023-03-06,CE,11:00,17800,62.0,15:16,25.2,65,4030.0,2392.0,Settlement 15:15,139422.5
2023-03-08,PE,10:24,17700,59.75,11:05,67.35,65,3883.75,-494.0,SL Hit (17686.5 <= 17687.0),138928.5
2023-03-08,PE,11:36,17700,66.9,11:37,70.5,65,4348.5,-234.0,SL Hit (17670.2 <= 17670.7),138694.5
2023-03-08,CE,11:03,17700,51.4,14:01,53.95,65,3341.0,-165.75,SL Hit (17710.7 >= 17706.7),138528.75
2023-03-08,CE,14:42,17700,51.75,15:00,63.4,65,3363.75,-757.25,SL Hit (17732.9 >= 17720.1),137771.5
2023-03-08,PE,12:14,17650,54.3,15:16,14.45,65,3529.5,2590.25,Settlement 15:15,140361.75
2023-03-09,PE,10:31,17700,35.2,12:27,47.5,65,2288.0,-799.5,SL Hit (17664.8 <= 17665.4),139562.25
2023-03-09,PE,13:31,17650,16.0,13:34,20.3,65,1040.0,-279.5,SL Hit (17649.7 <= 17652.2),139282.75
2023-03-09,CE,10:05,17700,24.1,15:16,0.1,65,1566.5,1560.0,Settlement 15:15,140842.75
2023-03-10,CE,11:06,17400,110.6,11:09,123.55,65,7189.0,-841.75,SL Hit (17426.2 >= 17420.8),140001.0
2023-03-10,CE,11:48,17400,111.0,13:12,120.1,65,7215.0,-591.5,SL Hit (17427.2 >= 17426.3),139409.5
2023-03-10,CE,13:26,17400,104.6,15:16,111.65,65,6799.0,-458.25,Settlement 15:15,138951.25
2023-03-10,PE,10:24,17400,101.6,15:16,92.05,65,6604.0,620.75,Settlement 15:15,139572.0
2023-03-13,PE,12:26,17350,90.15,12:30,98.9,65,5859.75,-568.75,SL Hit (17323.2 <= 17324.9),139003.25
2023-03-13,PE,13:21,17300,99.6,13:25,111.35,65,6474.0,-763.75,SL Hit (17258.3 <= 17266.7),138239.5
2023-03-13,CE,10:34,17450,85.0,15:16,27.95,65,5525.0,3708.25,Settlement 15:15,141947.75
2023-03-14,PE,10:49,17100,95.4,11:08,116.1,65,6201.0,-1345.5,SL Hit (17059.2 <= 17063.2),140602.25
2023-03-14,CE,10:25,17100,108.55,12:30,159.7,65,7055.75,-3324.75,SL Hit (17172.8 >= 17160.4),137277.5
2023-03-14,PE,11:32,17050,91.0,13:03,94.7,65,5915.0,-240.5,SL Hit (17038.2 <= 17039.8),137037.0
2023-03-14,PE,13:32,17050,88.5,14:15,107.6,65,5752.5,-1241.5,SL Hit (16999.2 <= 17000.8),135795.5
2023-03-14,CE,13:06,17050,110.5,15:16,109.15,65,7182.5,87.75,Settlement 15:15,135883.25
2023-03-15,PE,10:23,17150,65.9,10:42,83.05,65,4283.5,-1114.75,SL Hit (17126.2 <= 17126.9),134768.5
2023-03-15,PE,12:50,17100,65.9,12:52,74.4,65,4283.5,-552.5,SL Hit (17075.5 <= 17080.8),134216.0
2023-03-15,PE,13:50,17050,56.7,13:53,68.85,65,3685.5,-789.75,SL Hit (17039.6 <= 17040.9),133426.25
2023-03-15,CE,10:38,17150,66.0,15:16,13.35,65,4290.0,3422.25,Settlement 15:15,136848.5
2023-03-16,CE,11:22,17000,55.85,14:24,63.15,65,3630.25,-474.5,SL Hit (17050.8 >= 17046.4),136374.0
2023-03-16,CE,15:04,17000,4.9,15:16,0.2,65,318.5,305.5,Settlement 15:15,136679.5
2023-03-16,PE,10:29,16950,52.35,15:16,0.2,65,3402.75,3389.75,Settlement 15:15,140069.25
2023-03-17,PE,10:19,17100,131.35,11:05,148.2,65,8537.75,-1095.25,SL Hit (17044.9 <= 17046.2),138974.0
2023-03-17,PE,12:03,17050,136.9,12:09,155.95,65,8898.5,-1238.25,SL Hit (16996.2 <= 17003.4),137735.75
2023-03-17,PE,12:51,17000,130.15,13:03,149.1,65,8459.75,-1231.75,SL Hit (16960.3 <= 16962.1),136504.0
2023-03-17,CE,10:54,17050,146.5,13:55,167.55,65,9522.5,-1368.25,SL Hit (17077.6 >= 17076.2),135135.75
2023-03-17,CE,14:16,17050,153.55,14:56,162.6,65,9980.75,-588.25,SL Hit (17083.2 >= 17077.7),134547.5
2023-03-20,PE,10:45,16900,116.5,11:59,129.2,65,7572.5,-825.5,SL Hit (16882.8 <= 16884.1),133722.0
2023-03-20,PE,12:48,16900,134.1,12:58,159.4,65,8716.5,-1644.5,SL Hit (16837.7 <= 16840.4),132077.5
2023-03-20,CE,10:02,16900,134.95,15:05,159.5,65,8771.75,-1595.75,SL Hit (16978.1 >= 16973.3),130481.75
2023-03-20,PE,13:15,16850,119.25,15:16,50.4,65,7751.25,4475.25,Settlement 15:15,134957.0
2023-03-21,PE,11:24,17050,88.15,11:52,98.6,65,5729.75,-679.25,SL Hit (17049.1 <= 17049.4),134277.75
2023-03-21,CE,10:38,17050,111.3,13:00,124.65,65,7234.5,-867.75,SL Hit (17091.3 >= 17086.8),133410.0
2023-03-21,CE,13:35,17100,85.3,13:52,101.3,65,5544.5,-1040.0,SL Hit (17102.9 >= 17099.5),132370.0
2023-03-21,CE,14:14,17100,90.85,14:23,102.35,65,5905.25,-747.5,SL Hit (17113.1 >= 17110.8),131622.5
2023-03-21,PE,12:34,17050,91.6,15:16,57.8,65,5954.0,2197.0,Settlement 15:15,133819.5
2023-03-22,PE,11:31,17150,79.05,14:45,88.5,65,5138.25,-614.25,SL Hit (17112.8 <= 17115.8),133205.25
2023-03-22,CE,10:04,17150,78.55,15:16,73.65,65,5105.75,318.5,Settlement 15:15,133523.75
2023-03-22,PE,15:03,17150,72.8,15:16,69.4,65,4732.0,221.0,Settlement 15:15,133744.75
2023-03-23,CE,10:56,17150,33.05,11:45,41.7,65,2148.25,-562.25,SL Hit (17166.0 >= 17163.5),133182.5
2023-03-23,CE,12:30,17150,40.0,12:33,49.85,65,2600.0,-640.25,SL Hit (17178.6 >= 17170.8),132542.25
2023-03-23,CE,13:20,17200,18.3,15:16,0.1,65,1189.5,1183.0,Settlement 15:15,133725.25
2023-03-23,PE,09:51,17100,37.5,15:16,28.55,65,2437.5,581.75,Settlement 15:15,134307.0
2023-03-24,CE,10:13,17050,125.55,10:16,141.7,65,8160.75,-1049.75,SL Hit (17087.8 >= 17080.7),133257.25
2023-03-24,PE,10:18,17050,98.4,10:26,117.7,65,6396.0,-1254.5,SL Hit (17029.0 <= 17036.3),132002.75
2023-03-24,CE,11:33,17050,119.1,11:42,129.15,65,7741.5,-653.25,SL Hit (17069.2 >= 17067.6),131349.5
2023-03-24,PE,11:17,17050,99.4,14:08,121.2,65,6461.0,-1417.0,SL Hit (17018.7 <= 17018.8),129932.5
2023-03-24,CE,12:44,17050,117.1,15:16,67.25,65,7611.5,3240.25,Settlement 15:15,133172.75
2023-03-27,PE,09:52,17000,75.0,10:40,97.45,65,4875.0,-1459.25,SL Hit (16989.1 <= 16996.3),131713.5
2023-03-27,PE,11:06,17000,91.9,11:18,94.1,65,5973.5,-143.0,SL Hit (16984.7 <= 16986.5),131570.5
2023-03-27,CE,10:28,17050,93.6,12:11,106.3,65,6084.0,-825.5,SL Hit (17049.1 >= 17046.9),130745.0
2023-03-27,CE,13:00,17050,91.1,14:21,110.6,65,5921.5,-1267.5,SL Hit (17068.7 >= 17059.0),129477.5
2023-03-27,PE,11:45,17000,73.6,15:16,78.15,65,4784.0,-295.75,Settlement 15:15,129181.75
2023-03-28,PE,10:21,17000,62.45,10:30,82.0,65,4059.25,-1270.75,SL Hit (16955.7 <= 16969.5),127911.0
2023-03-28,PE,11:47,17000,65.0,12:20,78.65,65,4225.0,-887.25,SL Hit (16940.4 <= 16943.4),127023.75
2023-03-28,PE,13:22,16950,47.65,13:24,51.9,65,3097.25,-276.25,SL Hit (16957.2 <= 16963.4),126747.5
2023-03-28,CE,10:41,16950,93.5,15:16,65.4,65,6077.5,1826.5,Settlement 15:15,128574.0
2023-03-29,CE,10:06,17000,53.15,10:23,57.6,65,3454.75,-289.25,SL Hit (17031.9 >= 17027.3),128284.75
2023-03-29,PE,10:33,17050,38.1,11:07,61.25,65,2476.5,-1504.75,SL Hit (17002.2 <= 17006.7),126780.0
2023-03-29,PE,11:29,17000,40.4,11:51,55.0,65,2626.0,-949.0,SL Hit (16961.7 <= 16966.0),125831.0
2023-03-29,CE,10:47,17050,31.95,14:15,25.2,65,2076.75,438.75,SL Hit (17053.8 >= 17051.8),126269.75
2023-03-29,CE,14:40,17000,19.5,15:01,43.95,65,1267.5,-1589.25,SL Hit (17046.6 >= 17032.1),124680.5
2023-03-29,PE,12:42,16950,29.65,15:16,0.1,65,1927.25,1920.75,Settlement 15:15,126601.25
2023-03-31,CE,10:02,17300,95.75,11:51,92.3,65,6223.75,224.25,SL Hit (17286.2 >= 17285.9),126825.5
2023-03-31,CE,12:19,17300,91.65,12:20,94.0,65,5957.25,-152.75,SL Hit (17286.9 >= 17283.7),126672.75
2023-03-31,CE,14:37,17350,107.05,14:49,119.0,65,6958.25,-776.75,SL Hit (17376.2 >= 17373.7),125896.0
2023-03-31,PE,10:56,17250,100.85,15:16,63.05,65,6555.25,2457.0,Settlement 15:15,128353.0
2023-04-03,PE,09:52,17350,76.25,11:21,101.35,65,4956.25,-1631.5,SL Hit (17321.7 <= 17321.8),126721.5
2023-04-03,CE,10:48,17350,84.8,14:05,85.35,65,5512.0,-35.75,SL Hit (17368.9 >= 17367.5),126685.75
2023-04-03,PE,11:42,17350,93.55,15:16,44.1,65,6080.75,3214.25,Settlement 15:15,129900.0
2023-04-05,CE,11:00,17500,53.5,11:58,62.0,65,3477.5,-552.5,SL Hit (17510.7 >= 17509.9),129347.5
2023-04-05,CE,13:26,17550,43.25,13:30,45.8,65,2811.25,-165.75,SL Hit (17542.3 >= 17542.2),129181.75
2023-04-05,CE,13:37,17550,40.55,14:30,45.3,65,2635.75,-308.75,SL Hit (17546.0 >= 17545.7),128873.0
2023-04-05,PE,09:56,17500,74.5,15:16,26.25,65,4842.5,3136.25,Settlement 15:15,132009.25
2023-04-06,CE,09:58,17500,46.85,10:03,78.15,65,3045.25,-2034.5,SL Hit (17564.7 >= 17540.4),129974.75
2023-04-06,CE,11:22,17600,27.85,12:53,38.8,65,1810.25,-711.75,SL Hit (17628.0 >= 17627.7),129263.0
2023-04-06,CE,13:22,17600,30.15,15:16,2.35,65,1959.75,1807.0,Settlement 15:15,131070.0
2023-04-06,PE,10:09,17600,43.75,15:16,2.9,65,2843.75,2655.25,Settlement 15:15,133725.25
2023-04-10,CE,10:03,17650,72.35,11:55,81.65,65,4702.75,-604.5,SL Hit (17662.8 >= 17662.2),133120.75
2023-04-10,PE,11:16,17650,78.75,14:18,86.2,65,5118.75,-484.25,SL Hit (17611.8 <= 17619.4),132636.5
2023-04-10,CE,13:16,17650,85.8,15:16,60.2,65,5577.0,1664.0,Settlement 15:15,134300.5
2023-04-10,PE,14:39,17600,59.6,15:16,53.1,65,3874.0,422.5,Settlement 15:15,134723.0
2023-04-11,PE,10:00,17700,47.65,11:20,56.8,65,3097.25,-594.75,SL Hit (17699.0 <= 17703.7),134128.25
2023-04-11,PE,13:00,17700,60.9,13:05,67.5,65,3958.5,-429.0,SL Hit (17668.4 <= 17671.4),133699.25
2023-04-11,CE,10:32,17750,52.55,15:16,45.0,65,3415.75,490.75,Settlement 15:15,134190.0
2023-04-11,PE,13:35,17700,55.7,15:16,36.65,65,3620.5,1238.25,Settlement 15:15,135428.25
2023-04-12,CE,10:04,17750,54.85,11:41,58.45,65,3565.25,-234.0,SL Hit (17770.9 >= 17769.1),135194.25
2023-04-12,PE,11:45,17750,39.9,12:08,45.3,65,2593.5,-351.0,SL Hit (17757.6 <= 17758.0),134843.25
2023-04-12,CE,12:03,17750,56.35,12:23,59.8,65,3662.75,-224.25,SL Hit (17771.7 >= 17771.0),134619.0
2023-04-12,CE,13:06,17750,59.95,13:08,66.1,65,3896.75,-399.75,SL Hit (17784.7 >= 17779.8),134219.25
2023-04-12,PE,13:28,17800,47.25,14:35,51.4,65,3071.25,-269.75,SL Hit (17783.2 <= 17785.1),133949.5
2023-04-12,PE,15:08,17800,44.95,15:16,40.15,65,2921.75,312.0,Settlement 15:15,134261.5
2023-04-13,PE,10:18,17800,39.6,10:19,41.3,65,2574.0,-110.5,SL Hit (17785.2 <= 17785.5),134151.0
2023-04-13,PE,12:03,17750,21.5,12:04,22.95,65,1397.5,-94.25,SL Hit (17754.0 <= 17758.3),134056.75
2023-04-13,CE,10:09,17800,29.9,14:51,18.95,65,1943.5,711.75,SL Hit (17812.8 >= 17811.5),134768.5
2023-04-13,PE,12:47,17750,24.25,15:16,0.1,65,1576.25,1569.75,Settlement 15:15,136338.25
2023-04-17,CE,10:03,17600,99.0,10:45,134.1,65,6435.0,-2281.5,SL Hit (17653.1 >= 17652.5),134056.75
2023-04-17,CE,11:10,17650,95.45,12:26,114.55,65,6204.25,-1241.5,SL Hit (17680.4 >= 17676.5),132815.25
2023-04-17,CE,13:07,17650,101.75,14:34,118.9,65,6613.75,-1114.75,SL Hit (17703.2 >= 17699.7),131700.5
2023-04-17,PE,10:32,17650,82.0,15:16,41.7,65,5330.0,2619.5,Settlement 15:15,134320.0
2023-04-18,PE,10:46,17700,69.1,13:35,83.55,65,4491.5,-939.25,SL Hit (17651.4 <= 17657.4),133380.75
2023-04-18,CE,09:58,17700,59.8,15:16,45.05,65,3887.0,958.75,Settlement 15:15,134339.5
2023-04-18,PE,14:02,17650,68.1,15:16,43.4,65,4426.5,1605.5,Settlement 15:15,135945.0
2023-04-19,CE,10:10,17650,42.6,11:06,50.65,65,2769.0,-523.25,SL Hit (17646.8 >= 17646.0),135421.75
2023-04-19,CE,11:32,17650,45.2,11:37,57.2,65,2938.0,-780.0,SL Hit (17654.1 >= 17650.5),134641.75
2023-04-19,CE,12:30,17650,55.85,12:34,58.85,65,3630.25,-195.0,SL Hit (17662.1 >= 17661.8),134446.75
2023-04-19,PE,10:33,17650,51.8,13:19,55.2,65,3367.0,-221.0,SL Hit (17624.2 <= 17624.8),134225.75
2023-04-19,PE,14:34,17600,39.0,15:16,32.65,65,2535.0,412.75,Settlement 15:15,134638.5
2023-04-20,PE,11:23,17600,19.6,13:08,31.0,65,1274.0,-741.0,SL Hit (17592.8 <= 17595.4),133897.5
2023-04-20,PE,13:55,17600,21.25,13:58,27.0,65,1381.25,-373.75,SL Hit (17590.4 <= 17590.8),133523.75
2023-04-20,CE,10:03,17650,30.95,15:16,0.2,65,2011.75,1998.75,Settlement 15:15,135522.5
2023-04-20,PE,14:25,17600,12.8,15:16,0.05,65,832.0,828.75,Settlement 15:15,136351.25
2023-04-21,PE,11:09,17600,72.45,12:11,77.3,65,4709.25,-315.25,SL Hit (17593.6 <= 17594.4),136036.0
2023-04-21,CE,10:01,17600,107.6,15:16,108.6,65,6994.0,-65.0,Settlement 15:15,135971.0
2023-04-21,PE,13:44,17600,74.55,15:16,54.4,65,4845.75,1309.75,Settlement 15:15,137280.75
2023-04-24,PE,09:53,17650,69.5,10:08,77.45,65,4517.5,-516.75,SL Hit (17622.4 <= 17625.2),136764.0
2023-04-24,CE,11:11,17650,74.15,11:12,75.35,65,4819.75,-78.0,SL Hit (17639.8 >= 17639.6),136686.0
2023-04-24,PE,10:44,17650,69.7,11:43,75.7,65,4530.5,-390.0,SL Hit (17619.8 <= 17622.5),136296.0
2023-04-24,CE,11:34,17650,70.7,12:30,77.7,65,4595.5,-455.0,SL Hit (17651.2 >= 17646.6),135841.0
2023-04-24,CE,13:52,17700,81.15,14:08,86.6,65,5274.75,-354.25,SL Hit (17716.9 >= 17716.0),135486.75
2023-04-24,PE,12:11,17650,67.3,15:16,25.0,65,4374.5,2749.5,Settlement 15:15,138236.25
2023-04-25,CE,11:46,17800,52.3,14:14,52.55,65,3399.5,-16.25,SL Hit (17791.2 >= 17789.6),138220.0
2023-04-25,CE,14:37,17800,54.0,15:16,41.5,65,3510.0,812.5,Settlement 15:15,139032.5
2023-04-25,PE,09:52,17750,54.45,15:16,36.2,65,3539.25,1186.25,Settlement 15:15,140218.75
2023-04-26,CE,09:54,17700,63.65,10:07,83.5,65,4137.25,-1290.25,SL Hit (17750.1 >= 17746.3),138928.5
2023-04-26,CE,13:07,17800,37.75,14:15,43.75,65,2453.75,-390.0,SL Hit (17798.6 >= 17796.7),138538.5
2023-04-26,CE,14:30,17800,35.75,15:01,42.05,65,2323.75,-409.5,SL Hit (17800.9 >= 17800.0),138129.0
2023-04-26,PE,10:34,17750,37.85,15:16,14.0,65,2460.25,1550.25,Settlement 15:15,139679.25
2023-04-27,CE,10:20,17850,22.25,10:30,25.85,65,1446.25,-234.0,SL Hit (17847.8 >= 17845.6),139445.25
2023-04-27,CE,10:51,17850,21.05,11:32,27.2,65,1368.25,-399.75,SL Hit (17851.4 >= 17850.8),139045.5
2023-04-27,CE,12:23,17850,22.65,13:17,27.9,65,1472.25,-341.25,SL Hit (17860.3 >= 17860.0),138704.25
2023-04-27,PE,09:48,17850,42.75,15:16,0.1,65,2778.75,2772.25,Settlement 15:15,141476.5
2023-04-28,PE,09:56,17900,63.7,10:10,71.3,65,4140.5,-494.0,SL Hit (17899.6 <= 17905.2),140982.5
2023-04-28,CE,10:16,17900,95.0,10:50,117.35,65,6175.0,-1452.75,SL Hit (17926.2 >= 17923.8),139529.75
2023-04-28,CE,13:01,17950,98.95,13:05,99.15,65,6431.75,-13.0,SL Hit (17973.5 >= 17973.5),139516.75
2023-04-28,CE,14:28,17950,93.0,14:34,99.55,65,6045.0,-425.75,SL Hit (17988.1 >= 17987.7),139091.0
2023-04-28,PE,11:11,17950,66.85,15:16,28.7,65,4345.25,2479.75,Settlement 15:15,141570.75
2023-05-02,CE,09:54,18150,71.05,10:06,79.9,65,4618.25,-575.25,SL Hit (18169.6 >= 18168.0),140995.5
2023-05-02,PE,10:14,18150,48.75,10:30,58.15,65,3168.75,-611.0,SL Hit (18147.1 <= 18149.7),140384.5
2023-05-02,PE,11:05,18150,49.5,11:10,57.15,65,3217.5,-497.25,SL Hit (18145.2 <= 18147.0),139887.25
2023-05-02,PE,12:16,18150,50.15,12:22,54.8,65,3259.75,-302.25,SL Hit (18151.7 <= 18152.9),139585.0
2023-05-02,CE,10:34,18150,70.5,13:02,76.35,65,4582.5,-380.25,SL Hit (18172.3 >= 18172.2),139204.75
2023-05-02,CE,13:41,18150,72.5,14:33,78.0,65,4712.5,-357.5,SL Hit (18175.3 >= 18174.9),138847.25
2023-05-03,CE,10:13,18100,49.15,10:15,50.15,65,3194.75,-65.0,SL Hit (18089.4 >= 18089.1),138782.25
2023-05-03,PE,10:24,18100,51.2,11:14,56.4,65,3328.0,-338.0,SL Hit (18078.9 <= 18079.8),138444.25
2023-05-03,CE,11:21,18100,46.55,13:26,51.0,65,3025.75,-289.25,SL Hit (18100.4 >= 18100.0),138155.0
2023-05-03,PE,12:39,18050,37.55,13:54,52.9,65,2440.75,-997.75,SL Hit (18050.8 <= 18060.4),137157.25
2023-05-03,CE,13:58,18050,57.5,14:32,76.85,65,3737.5,-1257.75,SL Hit (18093.0 >= 18092.7),135899.5
2023-05-03,PE,14:42,18100,50.5,15:16,47.65,65,3282.5,185.25,Settlement 15:15,136084.75
2023-05-04,CE,14:13,18200,10.2,14:24,16.45,65,663.0,-406.25,SL Hit (18205.8 >= 18189.4),135678.5
2023-05-04,PE,10:06,18150,42.85,15:16,0.15,65,2785.25,2775.5,Settlement 15:15,138454.0
2023-05-05,PE,10:15,18200,73.0,11:06,80.95,65,4745.0,-516.75,SL Hit (18181.8 <= 18183.5),137937.25
2023-05-05,PE,12:25,18150,88.35,14:51,108.9,65,5742.75,-1335.75,SL Hit (18090.3 <= 18100.1),136601.5
2023-05-05,CE,11:14,18150,100.4,15:16,64.4,65,6526.0,2340.0,Settlement 15:15,138941.5
2023-05-08,CE,10:15,18200,84.0,10:23,96.9,65,5460.0,-838.5,SL Hit (18226.4 >= 18217.7),138103.0
2023-05-08,CE,13:02,18250,93.25,13:20,102.3,65,6061.25,-588.25,SL Hit (18277.8 >= 18277.6),137514.75
2023-05-08,CE,13:43,18250,100.05,13:56,105.75,65,6503.25,-370.5,SL Hit (18284.4 >= 18282.9),137144.25
2023-05-08,PE,09:53,18200,67.95,15:16,41.4,65,4416.75,1725.75,Settlement 15:15,138870.0
2023-05-09,CE,10:35,18350,59.05,10:56,61.95,65,3838.25,-188.5,SL Hit (18339.5 >= 18337.6),138681.5
2023-05-09,PE,09:52,18300,49.0,13:52,69.35,65,3185.0,-1322.75,SL Hit (18273.8 <= 18274.8),137358.75
2023-05-09,CE,11:27,18350,57.0,15:16,27.3,65,3705.0,1930.5,Settlement 15:15,139289.25
2023-05-09,PE,14:37,18250,45.2,15:16,49.2,65,2938.0,-260.0,Settlement 15:15,139029.25
2023-05-10,CE,10:09,18200,79.7,10:27,92.55,65,5180.5,-835.25,SL Hit (18250.2 >= 18249.9),138194.0
2023-05-10,CE,12:13,18250,73.2,12:24,76.05,65,4758.0,-185.25,SL Hit (18285.1 >= 18283.3),138008.75
2023-05-10,CE,13:32,18250,57.4,14:24,85.45,65,3731.0,-1823.25,SL Hit (18304.9 >= 18301.8),136185.5
2023-05-10,PE,10:40,18250,50.1,15:16,23.05,65,3256.5,1758.25,Settlement 15:15,137943.75
2023-05-11,PE,10:15,18300,26.5,14:54,21.2,65,1722.5,344.5,SL Hit (18289.4 <= 18298.8),138288.25
2023-05-11,CE,11:07,18350,24.0,15:16,0.15,65,1560.0,1550.25,Settlement 15:15,139838.5
2023-05-12,CE,11:30,18250,102.9,12:25,116.15,65,6688.5,-861.25,SL Hit (18293.2 >= 18292.7),138977.25
2023-05-12,CE,13:18,18300,98.7,13:23,102.05,65,6415.5,-217.75,SL Hit (18311.6 >= 18311.2),138759.5
2023-05-12,CE,13:36,18300,96.3,13:37,98.75,65,6259.5,-159.25,SL Hit (18313.2 >= 18312.8),138600.25
2023-05-12,PE,10:00,18250,101.15,15:16,60.65,65,6574.75,2632.5,Settlement 15:15,141232.75
2023-05-15,CE,10:25,18400,69.45,11:01,71.55,65,4514.25,-136.5,SL Hit (18390.1 >= 18390.0),141096.25
2023-05-15,CE,13:10,18450,66.5,13:21,68.6,65,4322.5,-136.5,SL Hit (18438.7 >= 18437.7),140959.75
2023-05-15,CE,14:34,18450,63.95,15:16,47.7,65,4156.75,1056.25,Settlement 15:15,142016.0
2023-05-15,PE,10:06,18400,84.5,15:16,72.5,65,5492.5,780.0,Settlement 15:15,142796.0
2023-05-16,PE,09:50,18400,62.5,11:32,85.95,65,4062.5,-1524.25,SL Hit (18357.4 <= 18358.6),141271.75
2023-05-16,PE,13:37,18350,54.35,14:07,54.5,65,3532.75,-9.75,SL Hit (18353.1 <= 18353.3),141262.0
2023-05-16,CE,10:40,18350,86.8,15:16,39.95,65,5642.0,3045.25,Settlement 15:15,144307.25
2023-05-17,PE,11:10,18200,41.4,11:28,43.1,65,2691.0,-110.5,SL Hit (18213.7 <= 18213.8),144196.75
2023-05-17,PE,12:47,18150,47.85,12:52,52.65,65,3110.25,-312.0,SL Hit (18144.0 <= 18147.0),143884.75
2023-05-17,CE,10:30,18250,55.35,15:16,22.5,65,3597.75,2135.25,Settlement 15:15,146020.0
2023-05-17,PE,13:53,18150,50.9,15:16,21.4,65,3308.5,1917.5,Settlement 15:15,147937.5
2023-05-18,PE,11:13,18250,27.45,12:15,42.25,65,1784.25,-962.0,SL Hit (18222.4 <= 18223.9),146975.5
2023-05-18,CE,10:10,18250,20.7,15:16,0.15,65,1345.5,1335.75,Settlement 15:15,148311.25
2023-05-19,PE,10:37,18100,92.6,10:39,100.35,65,6019.0,-503.75,SL Hit (18072.0 <= 18073.6),147807.5
2023-05-19,CE,10:07,18100,96.3,11:13,115.45,65,6259.5,-1244.75,SL Hit (18108.8 >= 18108.4),146562.75
2023-05-19,CE,12:19,18150,98.25,14:02,114.7,65,6386.25,-1069.25,SL Hit (18157.8 >= 18157.7),145493.5
2023-05-19,PE,11:26,18150,78.85,15:16,49.75,65,5125.25,1891.5,Settlement 15:15,147385.0
2023-05-22,CE,10:10,18250,87.2,11:01,124.1,65,5668.0,-2398.5,SL Hit (18306.8 >= 18305.7),144986.5
2023-05-22,CE,11:36,18300,85.45,11:45,90.9,65,5554.25,-354.25,SL Hit (18307.5 >= 18305.0),144632.25
2023-05-22,CE,12:08,18300,86.6,12:12,94.75,65,5629.0,-529.75,SL Hit (18313.6 >= 18310.5),144102.5
2023-05-22,PE,10:44,18300,74.95,13:34,89.05,65,4871.75,-916.5,SL Hit (18259.5 <= 18267.4),143186.0
2023-05-22,PE,14:06,18300,64.95,15:16,56.3,65,4221.75,562.25,Settlement 15:15,143748.25
2023-05-23,CE,09:55,18400,68.75,11:11,72.15,65,4468.75,-221.0,SL Hit (18410.7 >= 18409.0),143527.25
2023-05-23,CE,11:38,18400,63.7,12:17,69.45,65,4140.5,-373.75,SL Hit (18411.7 >= 18410.5),143153.5
2023-05-23,CE,12:27,18400,66.15,12:59,71.85,65,4299.75,-370.5,SL Hit (18415.4 >= 18413.1),142783.0
2023-05-23,PE,10:30,18400,59.15,14:43,62.4,65,3844.75,-211.25,SL Hit (18376.4 <= 18383.5),142571.75
2023-05-24,CE,11:17,18400,42.75,11:19,44.3,65,2778.75,-100.75,SL Hit (18384.4 >= 18384.2),142471.0
2023-05-24,PE,10:10,18350,50.5,12:17,53.95,65,3282.5,-224.25,SL Hit (18334.4 <= 18335.7),142246.75
2023-05-24,PE,13:37,18300,37.5,14:41,49.25,65,2437.5,-763.75,SL Hit (18286.4 <= 18288.3),141483.0
2023-05-24,CE,11:51,18350,61.0,15:16,18.35,65,3965.0,2772.25,Settlement 15:15,144255.25
2023-05-25,PE,12:03,18250,34.35,13:03,41.3,65,2232.75,-451.75,SL Hit (18218.8 <= 18222.1),143803.5
2023-05-25,CE,10:33,18250,37.25,14:50,35.75,65,2421.25,97.5,SL Hit (18276.5 >= 18266.9),143901.0
2023-05-25,PE,14:18,18250,26.5,15:16,0.1,65,1722.5,1716.0,Settlement 15:15,145617.0
2023-05-26,CE,12:29,18450,87.3,12:47,94.7,65,5674.5,-481.0,SL Hit (18443.0 >= 18442.1),145136.0
2023-05-26,CE,13:19,18450,87.8,13:40,96.75,65,5707.0,-581.75,SL Hit (18450.0 >= 18448.3),144554.25
2023-05-26,CE,14:49,18500,86.35,15:04,96.9,65,5612.75,-685.75,SL Hit (18503.8 >= 18503.3),143868.5
2023-05-26,PE,10:07,18400,95.35,15:16,49.75,65,6197.75,2964.0,Settlement 15:15,146832.5
2023-05-29,CE,10:09,18600,80.75,10:39,98.15,65,5248.75,-1131.0,SL Hit (18623.1 >= 18622.1),145701.5
2023-05-29,PE,10:43,18600,65.2,12:38,77.1,65,4238.0,-773.5,SL Hit (18600.0 <= 18603.3),144928.0
2023-05-29,PE,13:29,18600,68.7,14:25,81.15,65,4465.5,-809.25,SL Hit (18585.5 <= 18594.2),144118.75
2023-05-29,CE,11:29,18650,73.4,15:16,51.8,65,4771.0,1404.0,Settlement 15:15,145522.75
2023-05-29,PE,15:10,18600,71.0,15:16,74.3,65,4615.0,-214.5,Settlement 15:15,145308.25
2023-05-30,PE,10:18,18650,60.7,10:32,71.55,65,3945.5,-705.25,SL Hit (18626.5 <= 18628.5),144603.0
2023-05-30,PE,11:39,18600,55.3,12:41,63.15,65,3594.5,-510.25,SL Hit (18594.3 <= 18597.6),144092.75
2023-05-30,CE,10:34,18650,62.5,15:16,53.05,65,4062.5,614.25,Settlement 15:15,144707.0
2023-05-30,PE,13:11,18600,55.75,15:16,40.55,65,3623.75,988.0,Settlement 15:15,145695.0
2023-05-31,CE,09:58,18550,59.85,10:03,66.85,65,3890.25,-455.0,SL Hit (18568.0 >= 18566.9),145240.0
2023-05-31,PE,10:07,18550,42.8,10:23,46.5,65,2782.0,-240.5,SL Hit (18548.2 <= 18548.4),144999.5
2023-05-31,PE,11:14,18550,49.05,11:30,53.7,65,3188.25,-302.25,SL Hit (18538.5 <= 18541.6),144697.25
2023-05-31,PE,12:23,18500,51.1,12:32,57.05,65,3321.5,-386.75,SL Hit (18492.7 <= 18494.4),144310.5
2023-05-31,CE,10:30,18550,57.9,15:16,46.1,65,3763.5,767.0,Settlement 15:15,145077.5
2023-06-01,CE,10:20,18550,40.55,11:17,44.35,65,2635.75,-247.0,SL Hit (18579.0 >= 18576.4),144830.5
2023-06-01,PE,11:21,18550,18.65,11:29,22.1,65,1212.25,-224.25,SL Hit (18557.0 <= 18557.1),144606.25
2023-06-01,PE,13:19,18550,25.25,13:49,33.75,65,1641.25,-552.5,SL Hit (18539.0 <= 18540.1),144053.75
2023-06-01,PE,15:00,18500,5.3,15:04,9.05,65,344.5,-243.75,SL Hit (18505.2 <= 18506.7),143810.0
2023-06-01,CE,11:34,18550,35.15,15:16,0.15,65,2284.75,2275.0,Settlement 15:15,146085.0
2023-06-02,CE,09:56,18550,91.95,13:49,118.75,65,5976.75,-1742.0,SL Hit (18565.5 >= 18564.6),144343.0
2023-06-02,CE,14:26,18500,114.25,15:16,118.35,65,7426.25,-266.5,Settlement 15:15,144076.5
2023-06-02,PE,10:41,18500,79.3,15:16,59.5,65,5154.5,1287.0,Settlement 15:15,145363.5
2023-06-05,PE,10:24,18600,51.45,10:39,57.0,65,3344.25,-360.75,SL Hit (18612.6 <= 18613.3),145002.75
2023-06-05,PE,11:15,18650,72.0,12:26,73.8,65,4680.0,-117.0,SL Hit (18615.4 <= 18615.8),144885.75
2023-06-05,PE,13:27,18600,51.55,15:00,54.7,65,3350.75,-204.75,SL Hit (18604.9 <= 18606.0),144681.0
2023-06-05,CE,11:37,18650,71.55,15:16,54.55,65,4650.75,1105.0,Settlement 15:15,145786.0
2023-06-06,PE,11:30,18550,56.2,12:06,64.2,65,3653.0,-520.0,SL Hit (18534.8 <= 18538.6),145266.0
2023-06-06,CE,10:01,18600,61.2,15:16,55.4,65,3978.0,377.0,Settlement 15:15,145643.0
2023-06-06,PE,12:40,18550,54.8,15:16,28.2,65,3562.0,1729.0,Settlement 15:15,147372.0
2023-06-07,CE,10:53,18650,45.85,11:05,51.25,65,2980.25,-351.0,SL Hit (18661.8 >= 18661.4),147021.0
2023-06-07,CE,11:31,18650,51.9,12:45,61.7,65,3373.5,-637.0,SL Hit (18672.0 >= 18670.0),146384.0
2023-06-07,CE,13:31,18700,40.85,14:01,42.6,65,2655.25,-113.75,SL Hit (18686.1 >= 18685.4),146270.25
2023-06-07,PE,11:55,18650,37.25,15:16,18.0,65,2421.25,1251.25,Settlement 15:15,147521.5
2023-06-08,PE,10:25,18750,21.0,11:42,32.5,65,1365.0,-747.5,SL Hit (18740.5 <= 18743.2),146774.0
2023-06-08,PE,13:50,18700,15.05,14:46,39.7,65,978.25,-1602.25,SL Hit (18667.8 <= 18677.3),145171.75
2023-06-08,CE,11:18,18750,36.45,15:16,0.1,65,2369.25,2362.75,Settlement 15:15,147534.5
2023-06-09,PE,11:27,18650,87.45,12:58,100.0,65,5684.25,-815.75,SL Hit (18604.5 <= 18606.7),146718.75
2023-06-09,PE,13:50,18600,81.25,13:51,83.6,65,5281.25,-152.75,SL Hit (18582.0 <= 18582.6),146566.0
2023-06-09,CE,10:26,18650,88.9,15:16,58.9,65,5778.5,1950.0,Settlement 15:15,148516.0
2023-06-09,PE,14:39,18600,80.95,15:16,85.05,65,5261.75,-266.5,Settlement 15:15,148249.5
2023-06-12,CE,09:59,18600,75.05,10:19,82.9,65,4878.25,-510.25,SL Hit (18595.8 >= 18593.0),147739.25
2023-06-12,CE,10:46,18600,92.4,11:59,99.85,65,6006.0,-484.25,SL Hit (18616.0 >= 18613.5),147255.0
2023-06-12,CE,12:30,18600,79.55,13:48,96.65,65,5170.75,-1111.5,SL Hit (18615.3 >= 18614.4),146143.5
2023-06-12,PE,10:32,18600,63.7,15:16,55.5,65,4140.5,533.0,Settlement 15:15,146676.5
2023-06-13,PE,09:54,18700,54.65,09:59,54.9,65,3552.25,-16.25,SL Hit (18688.7 <= 18691.3),146660.25
2023-06-13,PE,10:41,18700,52.9,10:51,56.3,65,3438.5,-221.0,SL Hit (18691.7 <= 18692.3),146439.25
2023-06-13,CE,10:01,18700,67.3,11:03,66.6,65,4374.5,45.5,SL Hit (18704.5 >= 18703.2),146484.75
2023-06-13,PE,11:09,18700,52.15,13:59,56.2,65,3389.75,-263.25,SL Hit (18685.6 <= 18688.7),146221.5
2023-06-13,CE,11:51,18700,70.6,15:10,69.4,65,4589.0,78.0,SL Hit (18719.7 >= 18716.2),146299.5
2023-06-14,CE,11:11,18750,37.9,12:15,44.55,65,2463.5,-432.25,SL Hit (18744.4 >= 18744.2),145867.25
2023-06-14,CE,14:30,18750,52.05,15:16,49.55,65,3383.25,162.5,Settlement 15:15,146029.75
2023-06-14,PE,10:19,18700,44.8,15:16,21.35,65,2912.0,1524.25,Settlement 15:15,147554.0
2023-06-15,PE,10:10,18800,43.85,11:15,59.45,65,2850.25,-1014.0,SL Hit (18753.8 <= 18760.5),146540.0
2023-06-15,PE,12:27,18750,33.7,13:07,41.35,65,2190.5,-497.25,SL Hit (18720.3 <= 18721.8),146042.75
2023-06-15,PE,13:41,18750,24.0,14:12,51.0,65,1560.0,-1755.0,SL Hit (18710.0 <= 18715.8),144287.75
2023-06-15,CE,10:58,18800,18.65,15:16,0.1,65,1212.25,1205.75,Settlement 15:15,145493.5
2023-06-16,CE,10:10,18750,99.45,10:25,109.5,65,6464.25,-653.25,SL Hit (18772.8 >= 18772.2),144840.25
2023-06-16,PE,10:33,18800,74.05,11:04,82.0,65,4813.25,-516.75,SL Hit (18762.1 <= 18762.3),144323.5
2023-06-16,PE,11:54,18750,55.85,12:37,64.15,65,3630.25,-539.5,SL Hit (18751.0 <= 18752.6),143784.0
2023-06-16,CE,10:56,18750,111.6,14:12,122.15,65,7254.0,-685.75,SL Hit (18780.2 >= 18779.9),143098.25
2023-06-16,PE,12:55,18750,61.85,15:16,41.3,65,4020.25,1335.75,Settlement 15:15,144434.0
2023-06-19,PE,12:21,18800,64.0,13:11,75.0,65,4160.0,-715.0,SL Hit (18762.6 <= 18766.1),143719.0
2023-06-19,PE,13:57,18750,66.85,14:13,71.75,65,4345.25,-318.5,SL Hit (18726.4 <= 18727.0),143400.5
2023-06-19,CE,09:54,18850,76.05,15:16,44.4,65,4943.25,2057.25,Settlement 15:15,145457.75
2023-06-19,PE,14:28,18750,64.2,15:16,43.4,65,4173.0,1352.0,Settlement 15:15,146809.75
2023-06-20,CE,10:22,18700,67.05,11:29,74.9,65,4358.25,-510.25,SL Hit (18712.4 >= 18712.3),146299.5
2023-06-20,CE,12:06,18700,80.8,12:54,95.75,65,5252.0,-971.75,SL Hit (18735.0 >= 18730.9),145327.75
2023-06-20,CE,14:01,18750,68.4,14:26,73.6,65,4446.0,-338.0,SL Hit (18761.5 >= 18760.2),144989.75
2023-06-20,PE,11:16,18700,52.05,15:16,15.1,65,3383.25,2401.75,Settlement 15:15,147391.5
2023-06-21,PE,10:01,18850,43.55,10:17,52.4,65,2830.75,-575.25,SL Hit (18849.1 <= 18849.2),146816.25
2023-06-21,CE,10:23,18850,51.3,15:16,47.55,65,3334.5,243.75,Settlement 15:15,147060.0
2023-06-21,PE,11:36,18800,37.45,15:16,17.5,65,2434.25,1296.75,Settlement 15:15,148356.75
2023-06-22,CE,10:03,18850,31.75,10:15,37.75,65,2063.75,-390.0,SL Hit (18868.8 >= 18868.6),147966.75
2023-06-22,PE,10:17,18850,30.65,11:19,43.2,65,1992.25,-815.75,SL Hit (18837.8 <= 18843.5),147151.0
2023-06-22,PE,11:59,18850,39.85,12:04,42.8,65,2590.25,-191.75,SL Hit (18831.0 <= 18833.6),146959.25
2023-06-22,PE,12:40,18800,20.1,12:52,27.3,65,1306.5,-468.0,SL Hit (18808.8 <= 18808.8),146491.25
2023-06-22,CE,10:56,18850,34.6,15:16,0.1,65,2249.0,2242.5,Settlement 15:15,148733.75
2023-06-23,CE,10:56,18700,96.7,12:03,111.65,65,6285.5,-971.75,SL Hit (18722.9 >= 18722.2),147762.0
2023-06-23,PE,10:25,18700,72.9,14:21,81.45,65,4738.5,-555.75,SL Hit (18676.8 <= 18679.4),147206.25
2023-06-23,PE,14:32,18700,71.6,15:07,75.0,65,4654.0,-221.0,SL Hit (18669.0 <= 18669.7),146985.25
2023-06-23,CE,13:07,18700,101.1,15:16,81.95,65,6571.5,1244.75,Settlement 15:15,148230.0
2023-06-26,PE,10:27,18650,55.3,10:35,58.15,65,3594.5,-185.25,SL Hit (18667.3 <= 18667.4),148044.75
2023-06-26,PE,11:09,18650,48.7,13:07,63.2,65,3165.5,-942.5,SL Hit (18648.3 <= 18650.1),147102.25
2023-06-26,CE,10:05,18650,96.0,15:16,101.65,65,6240.0,-367.25,Settlement 15:15,146735.0
2023-06-26,PE,14:14,18650,48.95,15:16,39.85,65,3181.75,591.5,Settlement 15:15,147326.5
2023-06-27,CE,10:43,18700,77.45,11:31,86.0,65,5034.25,-555.75,SL Hit (18739.0 >= 18737.4),146770.75
2023-06-27,CE,12:26,18750,52.9,13:50,48.35,65,3438.5,295.75,SL Hit (18755.9 >= 18751.8),147066.5
2023-06-27,CE,14:46,18800,31.15,14:53,36.45,65,2024.75,-344.5,SL Hit (18795.2 >= 18791.6),146722.0
2023-06-27,PE,11:21,18700,37.05,15:16,9.85,65,2408.25,1768.0,Settlement 15:15,148490.0
2023-06-28,CE,12:17,18950,37.55,13:03,56.0,65,2440.75,-1199.25,SL Hit (18987.7 >= 18986.0),147290.75
2023-06-28,CE,14:00,19000,25.95,15:16,0.15,65,1686.75,1677.0,Settlement 15:15,148967.75
2023-06-28,PE,10:53,18900,26.05,15:16,0.1,65,1693.25,1686.75,Settlement 15:15,150654.5
2023-06-30,CE,10:00,19100,89.75,11:40,103.85,65,5833.75,-916.5,SL Hit (19110.2 >= 19106.9),149738.0
2023-06-30,CE,14:10,19150,87.65,14:35,95.25,65,5697.25,-494.0,SL Hit (19163.2 >= 19161.1),149244.0
2023-06-30,PE,10:55,19100,84.1,15:16,49.35,65,5466.5,2258.75,Settlement 15:15,151502.75
2023-07-03,PE,09:57,19300,81.05,11:09,85.4,65,5268.25,-282.75,SL Hit (19284.3 <= 19289.2),151220.0
2023-07-03,CE,10:56,19300,92.0,12:43,92.4,65,5980.0,-26.0,SL Hit (19318.6 >= 19318.6),151194.0
2023-07-03,CE,13:32,19300,84.9,15:16,86.45,65,5518.5,-100.75,Settlement 15:15,151093.25
2023-07-03,PE,11:53,19300,78.0,15:16,63.35,65,5070.0,952.25,Settlement 15:15,152045.5
2023-07-04,CE,10:04,19300,85.45,12:07,105.8,65,5554.25,-1322.75,SL Hit (19368.0 >= 19367.9),150722.75
2023-07-04,CE,13:09,19400,59.7,13:19,65.4,65,3880.5,-370.5,SL Hit (19411.4 >= 19404.0),150352.25
2023-07-04,CE,14:18,19400,55.5,15:16,48.65,65,3607.5,445.25,Settlement 15:15,150797.5
2023-07-04,PE,10:50,19350,69.45,15:16,47.7,65,4514.25,1413.75,Settlement 15:15,152211.25
2023-07-05,CE,10:36,19350,74.5,11:30,84.7,65,4842.5,-663.0,SL Hit (19396.2 >= 19387.9),151548.25
2023-07-05,CE,11:54,19400,56.15,12:01,59.2,65,3649.75,-198.25,SL Hit (19402.9 >= 19401.4),151350.0
2023-07-05,PE,10:56,19400,73.05,13:31,72.55,65,4748.25,32.5,SL Hit (19364.8 <= 19365.6),151382.5
2023-07-05,PE,14:04,19400,59.9,14:36,68.05,65,3893.5,-529.75,SL Hit (19364.2 <= 19367.7),150852.75
2023-07-05,CE,12:24,19400,54.05,15:13,50.05,65,3513.25,260.0,SL Hit (19406.1 >= 19403.7),151112.75
2023-07-06,CE,10:45,19450,37.5,11:32,42.3,65,2437.5,-312.0,SL Hit (19465.1 >= 19464.5),150800.75
2023-07-06,CE,11:52,19450,41.2,14:18,43.8,65,2678.0,-169.0,SL Hit (19477.5 >= 19469.8),150631.75
2023-07-06,PE,10:02,19400,36.7,15:16,0.1,65,2385.5,2379.0,Settlement 15:15,153010.75
2023-07-07,PE,10:02,19500,96.1,10:27,113.65,65,6246.5,-1140.75,SL Hit (19475.9 <= 19477.3),151870.0
2023-07-07,PE,11:12,19400,89.2,11:25,99.4,65,5798.0,-663.0,SL Hit (19401.5 <= 19405.6),151207.0
2023-07-07,PE,12:52,19350,84.6,13:45,91.8,65,5499.0,-468.0,SL Hit (19347.0 <= 19351.9),150739.0
2023-07-07,CE,10:34,19450,112.8,15:16,46.0,65,7332.0,4342.0,Settlement 15:15,155081.0
2023-07-10,CE,10:09,19400,87.95,10:19,93.55,65,5716.75,-364.0,SL Hit (19417.8 >= 19415.3),154717.0
2023-07-10,PE,10:30,19400,71.0,11:07,79.25,65,4615.0,-536.25,SL Hit (19400.2 <= 19405.0),154180.75
2023-07-10,CE,11:42,19350,85.45,12:52,99.4,65,5554.25,-906.75,SL Hit (19388.5 >= 19384.2),153274.0
2023-07-10,CE,14:09,19400,68.75,15:16,56.7,65,4468.75,783.25,Settlement 15:15,154057.25
2023-07-10,PE,12:23,19350,66.9,15:16,63.75,65,4348.5,204.75,Settlement 15:15,154262.0
2023-07-11,CE,10:27,19500,50.3,10:32,51.6,65,3269.5,-84.5,SL Hit (19481.8 >= 19480.2),154177.5
2023-07-11,CE,11:31,19500,60.55,11:57,67.55,65,3935.75,-455.0,SL Hit (19508.2 >= 19503.8),153722.5
2023-07-11,PE,10:45,19500,69.4,13:52,72.3,65,4511.0,-188.5,SL Hit (19462.8 <= 19468.7),153534.0
2023-07-11,CE,12:21,19500,54.8,15:16,32.75,65,3562.0,1433.25,Settlement 15:15,154967.25
2023-07-12,CE,09:53,19450,63.6,09:59,71.8,65,4134.0,-533.0,SL Hit (19479.5 >= 19472.0),154434.25
2023-07-12,PE,10:02,19450,38.7,10:19,56.95,65,2515.5,-1186.25,SL Hit (19437.5 <= 19446.6),153248.0
2023-07-12,PE,11:02,19450,40.1,11:10,42.75,65,2606.5,-172.25,SL Hit (19461.8 <= 19465.0),153075.75
2023-07-12,PE,12:45,19450,61.75,15:03,62.35,65,4013.75,-39.0,SL Hit (19405.5 <= 19408.2),153036.75
2023-07-12,CE,10:25,19450,51.2,15:16,27.95,65,3328.0,1511.25,Settlement 15:15,154548.0
2023-07-13,PE,09:53,19550,48.45,14:01,78.1,65,3149.25,-1927.25,SL Hit (19480.2 <= 19488.7),152620.75
2023-07-13,CE,10:39,19550,29.7,15:16,0.1,65,1930.5,1924.0,Settlement 15:15,154544.75
2023-07-14,CE,10:12,19450,100.5,10:36,108.75,65,6532.5,-536.25,SL Hit (19470.2 >= 19470.1),154008.5
2023-07-14,CE,10:55,19450,104.05,11:15,113.15,65,6763.25,-591.5,SL Hit (19477.2 >= 19477.2),153417.0
2023-07-14,CE,11:49,19450,106.8,13:11,124.95,65,6942.0,-1179.75,SL Hit (19498.6 >= 19497.2),152237.25
2023-07-14,PE,10:34,19450,77.45,15:16,41.4,65,5034.25,2343.25,Settlement 15:15,154580.5
2023-07-17,CE,10:30,19600,90.25,12:30,107.0,65,5866.25,-1088.75,SL Hit (19646.3 >= 19645.7),153491.75
2023-07-17,CE,12:42,19650,71.05,12:51,77.7,65,4618.25,-432.25,SL Hit (19651.3 >= 19648.4),153059.5
2023-07-17,PE,09:55,19600,78.35,15:16,42.0,65,5092.75,2362.75,Settlement 15:15,155422.25
2023-07-18,PE,09:57,19750,78.3,11:41,87.45,65,5089.5,-594.75,SL Hit (19728.7 <= 19741.2),154827.5
2023-07-18,CE,11:22,19800,70.7,15:16,48.1,65,4595.5,1469.0,Settlement 15:15,156296.5
2023-07-18,PE,12:33,19750,86.8,15:16,64.9,65,5642.0,1423.5,Settlement 15:15,157720.0
2023-07-19,PE,10:01,19850,77.0,10:37,92.05,65,5005.0,-978.25,SL Hit (19798.8 <= 19800.8),156741.75
2023-07-19,CE,10:50,19800,56.25,15:05,63.3,65,3656.25,-458.25,SL Hit (19818.7 >= 19817.9),156283.5
2023-07-19,PE,12:41,19750,48.9,15:16,20.3,65,3178.5,1859.0,Settlement 15:15,158142.5
2023-07-20,CE,10:54,19850,33.6,10:56,34.65,65,2184.0,-68.25,SL Hit (19838.2 >= 19837.5),158074.25
2023-07-20,CE,11:24,19800,53.55,11:39,61.35,65,3480.75,-507.0,SL Hit (19843.4 >= 19841.8),157567.25
2023-07-20,CE,13:43,19900,30.0,13:57,44.5,65,1950.0,-942.5,SL Hit (19930.0 >= 19928.2),156624.75
2023-07-20,PE,10:05,19800,48.35,15:16,0.15,65,3142.75,3133.0,Settlement 15:15,159757.75
2023-07-21,PE,09:57,19850,103.25,10:28,129.6,65,6711.25,-1712.75,SL Hit (19799.5 <= 19804.0),158045.0
2023-07-21,PE,11:46,19800,108.8,11:58,117.9,65,7072.0,-591.5,SL Hit (19759.8 <= 19760.5),157453.5
2023-07-21,PE,13:04,19800,103.45,14:23,113.55,65,6724.25,-656.5,SL Hit (19750.7 <= 19754.9),156797.0
2023-07-21,CE,10:14,19850,121.45,15:16,82.05,65,7894.25,2561.0,Settlement 15:15,159358.0
2023-07-24,PE,10:09,19750,99.6,11:46,107.95,65,6474.0,-542.75,SL Hit (19706.2 <= 19709.4),158815.25
2023-07-24,PE,12:19,19700,84.05,15:05,99.15,65,5463.25,-981.5,SL Hit (19670.2 <= 19677.2),157833.75
2023-07-24,CE,11:21,19750,113.55,15:16,64.35,65,7380.75,3198.0,Settlement 15:15,161031.75
2023-07-25,PE,10:50,19700,85.45,11:04,95.85,65,5554.25,-676.0,SL Hit (19662.2 <= 19662.6),160355.75
2023-07-25,CE,09:55,19700,77.5,12:34,83.35,65,5037.5,-380.25,SL Hit (19701.0 >= 19698.9),159975.5
2023-07-25,PE,11:59,19650,64.7,13:17,68.05,65,4205.5,-217.75,SL Hit (19652.8 <= 19653.4),159757.75
2023-07-25,CE,12:55,19700,76.6,15:16,64.0,65,4979.0,819.0,Settlement 15:15,160576.75
2023-07-25,PE,13:51,19650,69.5,15:16,49.9,65,4517.5,1274.0,Settlement 15:15,161850.75
2023-07-26,CE,10:49,19800,67.45,14:30,69.0,65,4384.25,-100.75,SL Hit (19824.2 >= 19823.2),161750.0
2023-07-26,CE,14:57,19750,65.0,15:16,67.4,65,4225.0,-156.0,Settlement 15:15,161594.0
2023-07-26,PE,10:01,19800,70.55,15:16,69.85,65,4585.75,45.5,Settlement 15:15,161639.5
2023-07-27,PE,10:54,19800,45.2,11:00,48.75,65,2938.0,-230.75,SL Hit (19792.2 <= 19794.9),161408.75
2023-07-27,CE,09:53,19850,37.15,15:16,0.2,65,2414.75,2401.75,Settlement 15:15,163810.5
2023-07-28,PE,09:57,19650,92.2,10:03,105.5,65,5993.0,-864.5,SL Hit (19629.1 <= 19630.6),162946.0
2023-07-28,PE,12:45,19600,92.1,13:40,100.7,65,5986.5,-559.0,SL Hit (19576.3 <= 19578.2),162387.0
2023-07-28,CE,10:11,19600,133.95,15:16,138.65,65,8706.75,-305.5,Settlement 15:15,162081.5
2023-07-28,PE,14:03,19600,97.3,15:16,62.75,65,6324.5,2245.75,Settlement 15:15,164327.25
2023-07-31,CE,10:37,19650,108.5,10:39,115.4,65,7052.5,-448.5,SL Hit (19682.0 >= 19679.0),163878.75
2023-07-31,CE,11:56,19700,95.8,13:32,99.15,65,6227.0,-217.75,SL Hit (19717.2 >= 19716.3),163661.0
2023-07-31,CE,14:00,19700,95.5,14:03,102.55,65,6207.5,-458.25,SL Hit (19721.8 >= 19721.4),163202.75
2023-07-31,PE,09:55,19650,76.95,15:16,36.4,65,5001.75,2635.75,Settlement 15:15,165838.5
2023-08-01,PE,10:09,19800,76.85,10:21,81.6,65,4995.25,-308.75,SL Hit (19772.7 <= 19774.8),165529.75
2023-08-01,PE,11:48,19750,69.95,12:08,80.1,65,4546.75,-659.75,SL Hit (19723.0 <= 19726.2),164870.0
2023-08-01,CE,10:43,19750,60.7,15:16,57.15,65,3945.5,230.75,Settlement 15:15,165100.75
2023-08-01,PE,12:58,19700,57.4,15:16,46.0,65,3731.0,741.0,Settlement 15:15,165841.75
2023-08-02,PE,12:46,19550,60.6,12:54,71.4,65,3939.0,-702.0,SL Hit (19524.4 <= 19533.0),165139.75
2023-08-02,CE,09:50,19650,47.35,15:16,15.9,65,3077.75,2044.25,Settlement 15:15,167184.0
2023-08-02,PE,14:46,19450,53.9,15:16,25.7,65,3503.5,1833.0,Settlement 15:15,169017.0
2023-08-03,PE,09:54,19500,44.05,10:10,63.8,65,2863.25,-1283.75,SL Hit (19475.2 <= 19476.7),167733.25
2023-08-03,CE,10:29,19500,31.05,10:55,38.2,65,2018.25,-464.75,SL Hit (19494.9 >= 19491.5),167268.5
2023-08-03,PE,11:12,19500,45.95,11:52,49.85,65,2986.75,-253.5,SL Hit (19483.3 <= 19485.1),167015.0
2023-08-03,PE,13:40,19350,38.8,13:45,45.6,65,2522.0,-442.0,SL Hit (19327.5 <= 19331.7),166573.0
2023-08-03,CE,11:23,19500,35.65,15:16,0.1,65,2317.25,2310.75,Settlement 15:15,168883.75
2023-08-04,PE,10:15,19450,84.0,10:37,99.0,65,5460.0,-975.0,SL Hit (19440.0 <= 19442.5),167908.75
2023-08-04,CE,10:39,19450,107.6,11:19,130.75,65,6994.0,-1504.75,SL Hit (19498.2 >= 19498.1),166404.0
2023-08-04,CE,11:45,19500,113.45,11:46,117.65,65,7374.25,-273.0,SL Hit (19529.5 >= 19522.1),166131.0
2023-08-04,CE,12:08,19500,108.95,12:15,118.45,65,7081.75,-617.5,SL Hit (19535.6 >= 19527.9),165513.5
2023-08-04,PE,11:08,19500,102.9,15:16,73.0,65,6688.5,1943.5,Settlement 15:15,167457.0
2023-08-07,CE,10:02,19550,86.35,10:11,93.7,65,5612.75,-477.75,SL Hit (19564.4 >= 19562.6),166979.25
2023-08-07,PE,10:32,19600,86.65,10:49,93.0,65,5632.25,-412.75,SL Hit (19557.5 <= 19560.4),166566.5
2023-08-07,CE,11:01,19550,85.5,12:51,99.8,65,5557.5,-929.5,SL Hit (19580.7 >= 19580.7),165637.0
2023-08-07,CE,14:02,19600,79.45,15:16,78.7,65,5164.25,48.75,Settlement 15:15,165685.75
2023-08-07,PE,11:26,19550,74.7,15:16,50.05,65,4855.5,1602.25,Settlement 15:15,167288.0
2023-08-08,CE,09:53,19600,65.0,10:03,71.75,65,4225.0,-438.75,SL Hit (19599.5 >= 19596.6),166849.25
2023-08-08,PE,10:07,19600,71.35,11:05,79.95,65,4637.75,-559.0,SL Hit (19574.8 <= 19576.1),166290.25
2023-08-08,PE,12:20,19550,58.85,14:50,64.7,65,3825.25,-380.25,SL Hit (19548.5 <= 19551.1),165910.0
2023-08-08,CE,10:54,19600,69.05,15:16,46.45,65,4488.25,1469.0,Settlement 15:15,167379.0
2023-08-09,PE,11:00,19500,72.7,11:04,74.1,65,4725.5,-91.0,SL Hit (19480.5 <= 19482.0),167288.0
2023-08-09,CE,09:54,19500,63.1,13:57,70.3,65,4101.5,-468.0,SL Hit (19521.2 >= 19519.0),166820.0
2023-08-09,PE,12:42,19500,55.35,15:16,10.9,65,3597.75,2889.25,Settlement 15:15,169709.25
2023-08-10,PE,10:10,19600,41.85,10:24,73.9,65,2720.25,-2083.25,SL Hit (19557.8 <= 19566.9),167626.0
2023-08-10,CE,10:37,19500,45.3,15:16,42.25,65,2944.5,198.25,Settlement 15:15,167824.25
2023-08-10,PE,10:58,19550,41.7,15:16,8.25,65,2710.5,2174.25,Settlement 15:15,169998.5
2023-08-11,CE,10:10,19450,110.45,10:33,118.25,65,7179.25,-507.0,SL Hit (19477.7 >= 19476.8),169491.5
2023-08-11,CE,11:05,19450,99.65,13:07,123.5,65,6477.25,-1550.25,SL Hit (19483.9 >= 19483.0),167941.25
2023-08-11,PE,12:03,19450,79.15,15:00,73.3,65,5144.75,380.25,SL Hit (19436.4 <= 19436.7),168321.5
2023-08-11,CE,13:34,19500,89.6,15:16,77.0,65,5824.0,819.0,Settlement 15:15,169140.5
2023-08-14,CE,10:35,19300,88.75,11:18,96.55,65,5768.75,-507.0,SL Hit (19329.5 >= 19323.3),168633.5
2023-08-14,CE,11:53,19350,76.25,12:02,82.7,65,4956.25,-419.25,SL Hit (19360.2 >= 19359.2),168214.25
2023-08-14,CE,12:54,19350,79.65,13:31,92.55,65,5177.25,-838.5,SL Hit (19378.0 >= 19374.0),167375.75
2023-08-14,PE,11:01,19300,64.2,15:16,22.85,65,4173.0,2687.75,Settlement 15:15,170063.5
2023-08-16,CE,10:06,19350,67.7,10:13,73.25,65,4400.5,-360.75,SL Hit (19377.7 >= 19376.3),169702.75
2023-08-16,CE,10:38,19400,51.85,10:44,55.95,65,3370.25,-266.5,SL Hit (19400.3 >= 19398.3),169436.25
2023-08-16,PE,10:29,19400,60.8,11:40,75.7,65,3952.0,-968.5,SL Hit (19370.5 <= 19370.8),168467.75
2023-08-16,CE,11:04,19400,47.25,12:44,56.8,65,3071.25,-620.75,SL Hit (19408.0 >= 19407.8),167847.0
2023-08-16,PE,12:11,19400,62.75,15:16,25.5,65,4078.75,2421.25,Settlement 15:15,170268.25
2023-08-17,PE,10:38,19400,36.7,11:16,54.15,65,2385.5,-1134.25,SL Hit (19375.4 <= 19383.2),169134.0
2023-08-17,PE,12:34,19350,25.25,12:40,30.35,65,1641.25,-331.5,SL Hit (19345.0 <= 19345.5),168802.5
2023-08-17,CE,10:03,19400,36.65,15:16,0.05,65,2382.25,2379.0,Settlement 15:15,171181.5
2023-08-17,PE,13:39,19350,22.1,15:16,0.15,65,1436.5,1426.75,Settlement 15:15,172608.25
2023-08-18,PE,10:25,19300,99.75,10:46,112.55,65,6483.75,-832.0,SL Hit (19254.5 <= 19256.3),171776.25
2023-08-18,CE,10:02,19250,109.75,11:33,120.45,65,7133.75,-695.5,SL Hit (19295.2 >= 19294.4),171080.75
2023-08-18,PE,11:47,19300,86.0,12:26,93.4,65,5590.0,-481.0,SL Hit (19283.0 <= 19285.0),170599.75
2023-08-18,PE,13:35,19250,78.8,13:37,80.8,65,5122.0,-130.0,SL Hit (19269.0 <= 19269.2),170469.75
2023-08-18,CE,12:28,19300,85.45,14:02,99.5,65,5554.25,-913.25,SL Hit (19321.8 >= 19314.1),169556.5
2023-08-18,CE,14:41,19350,82.95,15:16,67.75,65,5391.75,988.0,Settlement 15:15,170544.5
2023-08-21,CE,09:58,19300,86.8,11:08,101.7,65,5642.0,-968.5,SL Hit (19369.6 >= 19368.9),169576.0
2023-08-21,CE,11:38,19350,74.1,11:48,84.6,65,4816.5,-682.5,SL Hit (19383.0 >= 19382.7),168893.5
2023-08-21,CE,12:06,19400,56.65,12:40,62.15,65,3682.25,-357.5,SL Hit (19394.8 >= 19386.5),168536.0
2023-08-21,PE,10:40,19350,86.0,15:16,55.5,65,5590.0,1982.5,Settlement 15:15,170518.5
2023-08-22,PE,10:23,19400,65.75,14:51,79.55,65,4273.75,-897.0,SL Hit (19388.7 <= 19392.9),169621.5
2023-08-22,CE,09:57,19400,57.0,15:16,49.55,65,3705.0,484.25,Settlement 15:15,170105.75
2023-08-23,CE,09:57,19400,34.5,11:25,54.75,65,2242.5,-1316.25,SL Hit (19428.3 >= 19425.6),168789.5
2023-08-23,CE,13:19,19450,41.2,13:20,43.25,65,2678.0,-133.25,SL Hit (19450.7 >= 19448.1),168656.25
2023-08-23,PE,11:14,19400,53.65,15:16,29.5,65,3487.25,1569.75,Settlement 15:15,170226.0
2023-08-24,PE,09:56,19600,49.75,10:10,62.5,65,3233.75,-828.75,SL Hit (19548.9 <= 19552.5),169397.25
2023-08-24,PE,11:49,19500,38.55,11:55,53.15,65,2505.75,-949.0,SL Hit (19462.6 <= 19466.7),168448.25
2023-08-24,PE,14:15,19450,31.5,14:24,43.3,65,2047.5,-767.0,SL Hit (19411.7 <= 19414.6),167681.25
2023-08-24,CE,10:12,19550,29.95,15:16,0.05,65,1946.75,1943.5,Settlement 15:15,169624.75
2023-08-25,CE,09:52,19300,92.45,09:55,106.6,65,6009.25,-919.75,SL Hit (19332.9 >= 19330.7),168705.0
2023-08-25,CE,10:36,19250,94.5,11:22,116.25,65,6142.5,-1413.75,SL Hit (19301.1 >= 19300.9),167291.25
2023-08-25,CE,12:11,19300,82.75,15:16,71.15,65,5378.75,754.0,Settlement 15:15,168045.25
2023-08-25,PE,11:11,19250,91.75,15:16,91.5,65,5963.75,16.25,Settlement 15:15,168061.5
2023-08-28,CE,11:57,19300,83.0,12:30,95.75,65,5395.0,-828.75,SL Hit (19327.8 >= 19326.6),167232.75
2023-08-28,CE,13:04,19350,73.25,13:18,71.85,65,4761.25,91.0,SL Hit (19344.3 >= 19344.1),167323.75
2023-08-28,CE,13:54,19350,69.95,14:04,76.2,65,4546.75,-406.25,SL Hit (19363.2 >= 19356.6),166917.5
2023-08-28,PE,09:48,19300,88.75,15:16,63.2,65,5768.75,1660.75,Settlement 15:15,168578.25
2023-08-29,PE,11:02,19350,66.45,11:10,72.0,65,4319.25,-360.75,SL Hit (19327.4 <= 19328.5),168217.5
2023-08-29,CE,10:09,19350,59.7,13:08,63.0,65,3880.5,-214.5,SL Hit (19359.4 >= 19358.9),168003.0
2023-08-29,PE,11:38,19350,69.3,14:15,67.0,65,4504.5,149.5,SL Hit (19326.2 <= 19326.2),168152.5
2023-08-29,CE,13:28,19350,58.1,15:16,46.5,65,3776.5,754.0,Settlement 15:15,168906.5
2023-08-30,PE,09:57,19450,59.75,14:13,74.3,65,3883.75,-945.75,SL Hit (19414.0 <= 19417.4),167960.75
2023-08-30,CE,11:28,19450,36.9,15:16,8.75,65,2398.5,1829.75,Settlement 15:15,169790.5
2023-08-31,PE,11:00,19300,27.6,11:02,30.55,65,1794.0,-191.75,SL Hit (19317.3 <= 19318.5),169598.75
2023-08-31,PE,11:30,19300,27.2,12:01,34.9,65,1768.0,-500.5,SL Hit (19306.5 <= 19310.4),169098.25
2023-08-31,PE,12:48,19300,37.3,13:11,42.4,65,2424.5,-331.5,SL Hit (19290.9 <= 19294.9),168766.75
2023-08-31,CE,10:14,19350,24.5,15:16,0.15,65,1592.5,1582.75,Settlement 15:15,170349.5
2023-09-01,PE,09:51,19300,73.1,10:04,82.15,65,4751.5,-588.25,SL Hit (19296.8 <= 19301.3),169761.25
2023-09-01,CE,10:10,19300,102.0,10:25,111.2,65,6630.0,-598.0,SL Hit (19322.4 >= 19321.8),169163.25
2023-09-01,CE,10:50,19300,111.3,11:03,118.1,65,7234.5,-442.0,SL Hit (19341.3 >= 19340.0),168721.25
2023-09-01,CE,11:16,19350,92.6,12:35,94.95,65,6019.0,-152.75,SL Hit (19350.3 >= 19347.5),168568.5
2023-09-01,PE,10:33,19350,89.1,15:16,51.75,65,5791.5,2427.75,Settlement 15:15,170996.25
2023-09-04,CE,10:21,19450,78.45,11:51,91.7,65,5099.25,-861.25,SL Hit (19478.5 >= 19477.0),170135.0
2023-09-04,CE,12:55,19500,78.3,13:09,87.85,65,5089.5,-620.75,SL Hit (19517.5 >= 19511.9),169514.25
2023-09-04,CE,13:48,19500,80.9,14:43,86.75,65,5258.5,-380.25,SL Hit (19522.5 >= 19520.8),169134.0
2023-09-04,PE,11:25,19450,54.15,15:16,33.45,65,3519.75,1345.5,Settlement 15:15,170479.5
2023-09-05,PE,11:59,19600,67.45,12:03,70.0,65,4384.25,-165.75,SL Hit (19571.3 <= 19571.8),170313.75
2023-09-05,PE,13:17,19550,58.5,13:20,61.4,65,3802.5,-188.5,SL Hit (19540.0 <= 19542.7),170125.25
2023-09-05,CE,10:22,19550,64.85,15:16,67.6,65,4215.25,-178.75,Settlement 15:15,169946.5
2023-09-05,PE,14:04,19550,50.75,15:16,35.5,65,3298.75,991.25,Settlement 15:15,170937.75
2023-09-06,PE,10:25,19550,43.0,10:59,40.3,65,2795.0,175.5,SL Hit (19564.4 <= 19565.3),171113.25
2023-09-06,PE,12:16,19550,43.5,12:39,58.0,65,2827.5,-942.5,SL Hit (19530.5 <= 19535.4),170170.75
2023-09-06,PE,13:09,19500,45.0,13:24,49.5,65,2925.0,-292.5,SL Hit (19497.5 <= 19500.9),169878.25
2023-09-06,CE,10:05,19550,54.05,15:06,57.0,65,3513.25,-191.75,SL Hit (19601.5 >= 19597.9),169686.5
2023-09-07,CE,10:13,19600,16.5,10:15,23.1,65,1072.5,-429.0,SL Hit (19595.8 >= 19595.6),169257.5
2023-09-07,CE,11:45,19600,20.15,13:28,46.85,65,1309.75,-1735.5,SL Hit (19639.0 >= 19638.2),167522.0
2023-09-07,PE,09:59,19600,39.0,15:16,0.05,65,2535.0,2531.75,Settlement 15:15,170053.75
2023-09-08,CE,10:26,19750,89.35,11:36,124.25,65,5807.75,-2268.5,SL Hit (19801.0 >= 19793.9),167785.25
2023-09-08,CE,12:30,19800,105.25,12:38,113.25,65,6841.25,-520.0,SL Hit (19823.2 >= 19823.2),167265.25
2023-09-08,CE,13:08,19800,105.7,14:14,120.05,65,6870.5,-932.75,SL Hit (19840.8 >= 19840.6),166332.5
2023-09-08,PE,10:54,19750,82.05,15:16,53.45,65,5333.25,1859.0,Settlement 15:15,168191.5
2023-09-11,CE,10:31,19950,74.9,10:38,80.5,65,4868.5,-364.0,SL Hit (19936.0 >= 19934.6),167827.5
2023-09-11,CE,11:13,19950,76.2,11:16,84.7,65,4953.0,-552.5,SL Hit (19941.2 >= 19939.8),167275.0
2023-09-11,CE,11:41,19950,82.55,12:28,90.6,65,5365.75,-523.25,SL Hit (19947.6 >= 19944.7),166751.75
2023-09-11,PE,10:12,19950,88.45,15:16,60.45,65,5749.25,1820.0,Settlement 15:15,168571.75
2023-09-12,PE,11:03,20000,82.5,12:42,91.0,65,5362.5,-552.5,SL Hit (19960.5 <= 19960.6),168019.25
2023-09-12,CE,09:58,19950,93.65,15:16,105.05,65,6087.25,-741.0,Settlement 15:15,167278.25
2023-09-12,PE,13:27,20000,71.95,15:16,62.0,65,4676.75,646.75,Settlement 15:15,167925.0
2023-09-13,CE,10:24,20000,55.8,10:27,59.85,65,3627.0,-263.25,SL Hit (19997.0 >= 19995.3),167661.75
2023-09-13,CE,13:33,20050,71.25,14:32,78.0,65,4631.25,-438.75,SL Hit (20093.5 >= 20092.9),167223.0
2023-09-13,CE,14:55,20100,50.0,15:16,34.15,65,3250.0,1030.25,Settlement 15:15,168253.25
2023-09-13,PE,10:32,20000,67.2,15:16,28.55,65,4368.0,2512.25,Settlement 15:15,170765.5
2023-09-14,PE,11:08,20100,57.0,12:30,75.85,65,3705.0,-1225.25,SL Hit (20062.5 <= 20065.7),169540.25
2023-09-14,PE,13:17,20100,43.8,13:55,53.25,65,2847.0,-614.25,SL Hit (20068.5 <= 20070.4),168926.0
2023-09-14,CE,10:15,20100,34.1,15:16,3.35,65,2216.5,1998.75,Settlement 15:15,170924.75
2023-09-14,PE,14:23,20100,30.85,15:16,1.95,65,2005.25,1878.5,Settlement 15:15,172803.25
2023-09-15,CE,09:53,20150,110.0,10:02,115.8,65,7150.0,-377.0,SL Hit (20159.8 >= 20158.2),172426.25
2023-09-15,CE,10:36,20150,113.1,10:57,123.2,65,7351.5,-656.5,SL Hit (20166.2 >= 20159.4),171769.75
2023-09-15,CE,11:49,20200,104.7,12:03,108.1,65,6805.5,-221.0,SL Hit (20187.0 >= 20182.7),171548.75
2023-09-15,PE,11:15,20150,67.2,12:30,72.0,65,4368.0,-312.0,SL Hit (20152.7 <= 20162.6),171236.75
2023-09-15,PE,12:55,20150,71.75,15:16,60.65,65,4663.75,721.5,Settlement 15:15,171958.25
2023-09-18,PE,10:36,20200,82.1,11:05,89.6,65,5336.5,-487.5,SL Hit (20166.5 <= 20172.2),171470.75
2023-09-18,CE,10:52,20200,68.5,11:20,73.7,65,4452.5,-338.0,SL Hit (20187.2 >= 20186.5),171132.75
2023-09-18,PE,11:26,20200,80.8,12:16,86.25,65,5252.0,-354.25,SL Hit (20165.2 <= 20167.4),170778.5
2023-09-18,PE,12:45,20150,56.85,12:46,58.05,65,3695.25,-78.0,SL Hit (20167.6 <= 20170.1),170700.5
2023-09-18,CE,11:58,20200,73.65,15:16,44.95,65,4787.25,1865.5,Settlement 15:15,172566.0
2023-09-20,PE,12:15,19950,48.6,13:07,49.9,65,3159.0,-84.5,SL Hit (19933.1 <= 19933.9),172481.5
2023-09-20,PE,14:21,19900,47.7,15:00,51.2,65,3100.5,-227.5,SL Hit (19887.0 <= 19893.0),172254.0
2023-09-20,CE,09:51,20000,74.9,15:16,19.85,65,4868.5,3578.25,Settlement 15:15,175832.25
2023-09-21,PE,11:15,19800,56.55,12:04,81.65,65,3675.75,-1631.5,SL Hit (19735.8 <= 19740.0),174200.75
2023-09-21,PE,13:22,19750,18.75,14:17,23.55,65,1218.75,-312.0,SL Hit (19728.0 <= 19728.7),173888.75
2023-09-21,CE,09:56,19800,19.95,15:16,0.1,65,1296.75,1290.25,Settlement 15:15,175179.0
2023-09-22,CE,10:06,19700,108.3,10:47,148.5,65,7039.5,-2613.0,SL Hit (19755.2 >= 19754.9),172566.0
2023-09-22,CE,11:32,19750,109.55,12:00,130.65,65,7120.75,-1371.5,SL Hit (19773.9 >= 19772.2),171194.5
2023-09-22,CE,12:32,19800,98.1,12:36,104.6,65,6376.5,-422.5,SL Hit (19796.3 >= 19795.6),170772.0
2023-09-22,PE,10:49,19750,83.7,13:37,110.95,65,5440.5,-1771.25,SL Hit (19701.3 <= 19705.0),169000.75
2023-09-25,PE,10:44,19650,72.0,11:13,82.5,65,4680.0,-682.5,SL Hit (19613.2 <= 19615.5),168318.25
2023-09-25,CE,10:18,19650,86.4,12:25,123.1,65,5616.0,-2385.5,SL Hit (19683.5 >= 19680.4),165932.75
2023-09-25,CE,13:14,19700,98.5,15:16,74.6,65,6402.5,1553.5,Settlement 15:15,167486.25
2023-09-25,PE,12:04,19650,65.0,15:16,53.4,65,4225.0,754.0,Settlement 15:15,168240.25
2023-09-26,PE,10:10,19700,67.95,10:34,81.75,65,4416.75,-897.0,SL Hit (19673.0 <= 19674.9),167343.25
2023-09-26,PE,11:18,19700,73.65,12:36,88.7,65,4787.25,-978.25,SL Hit (19661.0 <= 19663.0),166365.0
2023-09-26,CE,10:47,19700,61.85,15:16,50.05,65,4020.25,767.0,Settlement 15:15,167132.0
2023-09-26,PE,13:12,19650,58.15,15:16,49.45,65,3779.75,565.5,Settlement 15:15,167697.5
2023-09-27,PE,09:58,19600,59.85,10:00,67.95,65,3890.25,-526.5,SL Hit (19590.7 <= 19603.2),167171.0
2023-09-27,CE,10:19,19550,62.35,11:00,74.55,65,4052.75,-793.0,SL Hit (19591.8 >= 19588.9),166378.0
2023-09-27,CE,12:01,19650,49.5,12:09,58.8,65,3217.5,-604.5,SL Hit (19658.5 >= 19657.9),165773.5
2023-09-27,CE,14:24,19700,39.6,14:43,56.55,65,2574.0,-1101.75,SL Hit (19706.8 >= 19705.4),164671.75
2023-09-27,PE,10:47,19550,51.3,15:16,8.15,65,3334.5,2804.75,Settlement 15:15,167476.5
2023-09-28,PE,10:11,19700,32.15,11:13,68.4,65,2089.75,-2356.25,SL Hit (19662.5 <= 19665.8),165120.25
2023-09-28,PE,11:55,19650,51.45,11:56,57.9,65,3344.25,-419.25,SL Hit (19629.2 <= 19633.2),164701.0
2023-09-28,PE,13:02,19600,24.0,13:08,25.6,65,1560.0,-104.0,SL Hit (19600.5 <= 19603.1),164597.0
2023-09-28,CE,10:36,19700,27.65,15:16,0.15,65,1797.25,1787.5,Settlement 15:15,166384.5
2023-09-29,CE,10:33,19600,104.8,11:12,111.75,65,6812.0,-451.75,SL Hit (19609.0 >= 19607.3),165932.75
2023-09-29,CE,12:54,19650,113.0,13:37,124.65,65,7345.0,-757.25,SL Hit (19687.8 >= 19686.4),165175.5
2023-09-29,PE,09:55,19600,90.9,15:16,68.8,65,5908.5,1436.5,Settlement 15:15,166612.0
2023-10-03,CE,10:07,19500,78.1,10:26,93.2,65,5076.5,-981.5,SL Hit (19522.5 >= 19518.7),165630.5
2023-10-03,CE,10:47,19500,81.15,11:33,95.45,65,5274.75,-929.5,SL Hit (19533.5 >= 19532.8),164701.0
2023-10-03,CE,11:54,19500,81.4,12:45,95.25,65,5291.0,-900.25,SL Hit (19540.0 >= 19538.6),163800.75
2023-10-03,PE,10:23,19500,69.55,15:16,50.0,65,4520.75,1270.75,Settlement 15:15,165071.5
2023-10-04,CE,10:22,19400,58.55,10:23,63.35,65,3805.75,-312.0,SL Hit (19409.2 >= 19398.5),164759.5
2023-10-04,PE,09:54,19400,60.8,11:49,69.95,65,3952.0,-594.75,SL Hit (19378.3 <= 19380.3),164164.75
2023-10-04,CE,11:33,19400,50.9,15:05,76.55,65,3308.5,-1667.25,SL Hit (19437.7 >= 19432.6),162497.5
2023-10-04,PE,13:22,19350,42.2,15:16,18.25,65,2743.0,1556.75,Settlement 15:15,164054.25
2023-10-05,CE,10:07,19550,27.3,10:55,36.6,65,1774.5,-604.5,SL Hit (19557.6 >= 19541.2),163449.75
2023-10-05,PE,11:09,19550,12.7,12:22,30.0,65,825.5,-1124.5,SL Hit (19528.9 <= 19532.4),162325.25
2023-10-05,PE,12:55,19550,18.95,13:06,27.65,65,1231.75,-565.5,SL Hit (19529.9 <= 19531.0),161759.75
2023-10-05,PE,13:46,19550,11.95,14:35,16.7,65,776.75,-308.75,SL Hit (19539.0 <= 19539.5),161451.0
2023-10-05,CE,11:37,19550,31.1,15:16,7.45,65,2021.5,1537.25,Settlement 15:15,162988.25
2023-10-06,PE,10:13,19600,81.25,10:24,86.25,65,5281.25,-325.0,SL Hit (19595.2 <= 19596.9),162663.25
2023-10-06,CE,10:31,19600,100.15,10:33,108.5,65,6509.75,-542.75,SL Hit (19617.2 >= 19612.3),162120.5
2023-10-06,CE,11:34,19600,99.65,12:39,117.35,65,6477.25,-1150.5,SL Hit (19640.6 >= 19640.0),160970.0
2023-10-06,CE,13:45,19650,89.6,13:52,91.95,65,5824.0,-152.75,SL Hit (19657.9 >= 19657.5),160817.25
2023-10-06,PE,10:49,19650,85.05,15:16,79.9,65,5528.25,334.75,Settlement 15:15,161152.0
2023-10-09,PE,09:49,19550,79.35,12:50,104.65,65,5157.75,-1644.5,SL Hit (19512.7 <= 19514.8),159507.5
2023-10-09,PE,13:09,19500,77.65,14:18,81.4,65,5047.25,-243.75,SL Hit (19501.8 <= 19503.0),159263.75
2023-10-09,CE,10:44,19550,97.05,15:16,75.0,65,6308.25,1433.25,Settlement 15:15,160697.0
2023-10-09,PE,14:31,19500,72.3,15:16,78.95,65,4699.5,-432.25,Settlement 15:15,160264.75
2023-10-10,CE,11:02,19600,89.25,11:28,93.8,65,5801.25,-295.75,SL Hit (19630.2 >= 19629.7),159969.0
2023-10-10,CE,11:43,19600,86.7,12:05,92.8,65,5635.5,-396.5,SL Hit (19638.6 >= 19634.0),159572.5
2023-10-10,CE,12:59,19650,91.85,13:00,100.0,65,5970.25,-529.75,SL Hit (19677.2 >= 19672.0),159042.75
2023-10-10,PE,10:18,19600,59.4,15:16,41.25,65,3861.0,1179.75,Settlement 15:15,160222.5
2023-10-11,PE,09:53,19800,52.35,10:09,58.75,65,3402.75,-416.0,SL Hit (19797.1 <= 19805.1),159806.5
2023-10-11,CE,10:14,19800,69.85,10:31,73.3,65,4540.25,-224.25,SL Hit (19821.9 >= 19819.2),159582.25
2023-10-11,PE,10:21,19800,53.55,12:15,51.95,65,3480.75,104.0,SL Hit (19799.0 <= 19801.0),159686.25
2023-10-11,CE,10:58,19850,48.45,15:16,36.85,65,3149.25,754.0,Settlement 15:15,160440.25
2023-10-11,PE,13:16,19800,42.05,15:16,45.4,65,2733.25,-217.75,Settlement 15:15,160222.5
2023-10-12,CE,09:53,19800,22.45,11:06,28.85,65,1459.25,-416.0,SL Hit (19823.5 >= 19822.9),159806.5
2023-10-12,CE,11:32,19800,21.3,11:54,29.7,65,1384.5,-546.0,SL Hit (19826.2 >= 19824.8),159260.5
2023-10-12,CE,12:22,19800,22.4,15:16,1.75,65,1456.0,1342.25,Settlement 15:15,160602.75
2023-10-12,PE,10:48,19800,23.9,15:16,4.05,65,1553.5,1290.25,Settlement 15:15,161893.0
2023-10-13,PE,10:41,19700,97.4,10:46,102.35,65,6331.0,-321.75,SL Hit (19676.2 <= 19680.1),161571.25
2023-10-13,CE,09:50,19700,111.95,13:06,118.85,65,7276.75,-448.5,SL Hit (19732.3 >= 19732.1),161122.75
2023-10-13,CE,13:30,19750,97.1,13:34,103.65,65,6311.5,-425.75,SL Hit (19755.5 >= 19750.4),160697.0
2023-10-13,CE,14:40,19800,91.2,15:16,70.75,65,5928.0,1329.25,Settlement 15:15,162026.25
2023-10-13,PE,11:15,19700,96.85,15:16,73.8,65,6295.25,1498.25,Settlement 15:15,163524.5
2023-10-16,CE,10:59,19750,89.3,11:44,103.45,65,5804.5,-919.75,SL Hit (19773.2 >= 19764.6),162604.75
2023-10-16,CE,12:45,19750,96.3,12:55,101.25,65,6259.5,-321.75,SL Hit (19775.5 >= 19774.4),162283.0
2023-10-16,CE,13:21,19750,87.2,15:16,82.1,65,5668.0,331.5,Settlement 15:15,162614.5
2023-10-16,PE,10:00,19750,98.05,15:16,85.5,65,6373.25,815.75,Settlement 15:15,163430.25
2023-10-17,CE,10:12,19800,92.6,10:40,93.6,65,6019.0,-65.0,SL Hit (19839.4 >= 19838.6),163365.25
2023-10-17,CE,11:10,19850,64.3,12:44,66.0,65,4179.5,-110.5,SL Hit (19843.1 >= 19842.1),163254.75
2023-10-17,PE,10:43,19850,72.45,14:02,87.55,65,4709.25,-981.5,SL Hit (19809.0 <= 19809.4),162273.25
2023-10-17,CE,13:09,19850,64.2,15:16,47.45,65,4173.0,1088.75,Settlement 15:15,163362.0
2023-10-17,PE,14:55,19800,64.95,15:16,62.2,65,4221.75,178.75,Settlement 15:15,163540.75
2023-10-18,PE,10:19,19850,63.95,10:41,70.6,65,4156.75,-432.25,SL Hit (19810.2 <= 19818.0),163108.5
2023-10-18,PE,13:16,19700,45.4,14:36,57.55,65,2951.0,-789.75,SL Hit (19684.0 <= 19687.8),162318.75
2023-10-18,CE,10:56,19750,69.2,15:16,24.0,65,4498.0,2938.0,Settlement 15:15,165256.75
2023-10-19,CE,10:46,19550,46.85,11:25,68.5,65,3045.25,-1407.25,SL Hit (19596.1 >= 19585.9),163849.5
2023-10-19,CE,12:29,19650,20.7,14:03,26.65,65,1345.5,-386.75,SL Hit (19668.0 >= 19665.8),163462.75
2023-10-19,CE,15:04,19650,1.15,15:16,0.1,65,74.75,68.25,Settlement 15:15,163531.0
2023-10-19,PE,10:03,19600,32.0,15:16,0.1,65,2080.0,2073.5,Settlement 15:15,165604.5
2023-10-20,PE,10:51,19550,93.85,11:44,106.5,65,6100.25,-822.25,SL Hit (19541.7 <= 19547.6),164782.25
2023-10-20,CE,10:02,19550,105.85,15:16,84.25,65,6880.25,1404.0,Settlement 15:15,166186.25
2023-10-20,PE,12:15,19550,103.2,15:16,107.25,65,6708.0,-263.25,Settlement 15:15,165923.0
2023-10-23,PE,10:59,19500,106.0,11:45,119.5,65,6890.0,-877.5,SL Hit (19459.0 <= 19459.5),165045.5
2023-10-23,CE,10:19,19500,66.15,15:16,17.5,65,4299.75,3162.25,Settlement 15:15,168207.75
2023-10-25,PE,12:00,19250,74.7,12:28,86.55,65,4855.5,-770.25,SL Hit (19213.0 <= 19215.2),167437.5
2023-10-25,CE,10:11,19300,69.9,15:16,9.4,65,4543.5,3932.5,Settlement 15:15,171370.0
2023-10-25,PE,13:24,19100,67.0,15:16,50.65,65,4355.0,1062.75,Settlement 15:15,172432.75
2023-10-26,PE,10:06,18950,62.35,10:13,78.4,65,4052.75,-1043.25,SL Hit (18920.9 <= 18923.1),171389.5
2023-10-26,CE,09:48,18950,38.4,15:16,0.2,65,2496.0,2483.0,Settlement 15:15,173872.5
2023-10-26,PE,11:49,18900,54.45,15:16,41.5,65,3539.25,841.75,Settlement 15:15,174714.25
2023-10-27,PE,09:53,19000,109.0,10:23,122.3,65,7085.0,-864.5,SL Hit (18976.5 <= 18980.7),173849.75
2023-10-27,CE,10:21,19000,127.5,11:24,147.2,65,8287.5,-1280.5,SL Hit (19035.3 >= 19032.0),172569.25
2023-10-27,CE,11:48,19050,116.5,11:50,118.55,65,7572.5,-133.25,SL Hit (19038.0 >= 19037.2),172436.0
2023-10-27,CE,12:25,19050,121.9,13:46,127.55,65,7923.5,-367.25,SL Hit (19068.8 >= 19057.9),172068.75
2023-10-27,PE,10:37,19000,107.05,15:16,79.5,65,6958.25,1790.75,Settlement 15:15,173859.5
2023-10-30,CE,12:20,19100,102.1,13:32,128.6,65,6636.5,-1722.5,SL Hit (19139.0 >= 19136.0),172137.0
2023-10-30,CE,13:54,19100,117.85,15:04,125.85,65,7660.25,-520.0,SL Hit (19144.2 >= 19141.9),171617.0
2023-10-30,PE,10:15,19000,91.0,15:16,37.05,65,5915.0,3506.75,Settlement 15:15,175123.75
2023-10-31,CE,10:15,19100,90.95,14:30,117.25,65,5911.75,-1709.5,SL Hit (19142.5 >= 19141.5),173414.25
2023-10-31,PE,11:01,19100,87.65,15:05,80.9,65,5697.25,438.75,SL Hit (19058.0 <= 19068.5),173853.0
2023-10-31,CE,15:09,19050,107.0,15:16,110.85,65,6955.0,-250.25,Settlement 15:15,173602.75
2023-11-01,PE,10:20,19050,67.45,13:11,87.2,65,4384.25,-1283.75,SL Hit (19012.2 <= 19016.4),172319.0
2023-11-01,PE,13:50,19050,78.0,14:31,96.95,65,5070.0,-1231.75,SL Hit (19002.8 <= 19003.9),171087.25
2023-11-01,CE,09:57,19050,70.2,15:16,30.5,65,4563.0,2580.5,Settlement 15:15,173667.75
2023-11-02,PE,11:19,19100,16.85,11:35,21.85,65,1095.25,-325.0,SL Hit (19109.0 <= 19110.6),173342.75
2023-11-02,CE,10:03,19150,17.35,15:16,30.25,65,1127.75,-838.5,Settlement 15:15,172504.25
2023-11-02,PE,12:30,19100,28.2,15:16,0.05,65,1833.0,1829.75,Settlement 15:15,174334.0
2023-11-03,CE,09:53,19250,118.6,10:01,121.5,65,7709.0,-188.5,SL Hit (19266.5 >= 19261.5),174145.5
2023-11-03,PE,10:06,19250,76.4,14:45,94.35,65,4966.0,-1166.75,SL Hit (19226.7 <= 19229.2),172978.75
2023-11-03,CE,11:32,19250,104.1,15:16,91.55,65,6766.5,815.75,Settlement 15:15,173794.5
2023-11-06,CE,09:53,19350,81.2,09:55,83.75,65,5278.0,-165.75,SL Hit (19346.5 >= 19346.0),173628.75
2023-11-06,PE,10:22,19350,60.4,10:48,68.15,65,3926.0,-503.75,SL Hit (19339.5 <= 19341.2),173125.0
2023-11-06,CE,10:55,19350,75.4,12:39,79.4,65,4901.0,-260.0,SL Hit (19357.6 >= 19355.9),172865.0
2023-11-06,CE,13:12,19350,78.45,13:32,83.6,65,5099.25,-334.75,SL Hit (19361.1 >= 19360.1),172530.25
2023-11-06,PE,11:52,19350,69.4,15:16,41.85,65,4511.0,1790.75,Settlement 15:15,174321.0
2023-11-08,PE,10:08,19450,56.0,11:10,71.45,65,3640.0,-1004.25,SL Hit (19409.2 <= 19417.0),173316.75
2023-11-08,CE,10:32,19450,40.35,13:10,40.75,65,2622.75,-26.0,SL Hit (19444.1 >= 19443.4),173290.75
2023-11-08,CE,14:35,19400,52.35,15:00,62.6,65,3402.75,-666.25,SL Hit (19445.4 >= 19443.8),172624.5
2023-11-08,PE,11:34,19450,61.15,15:16,51.55,65,3974.75,624.0,Settlement 15:15,173248.5
2023-11-09,CE,09:53,19450,18.9,09:54,21.0,65,1228.5,-136.5,SL Hit (19436.0 >= 19435.0),173112.0
2023-11-09,CE,10:36,19450,11.15,11:49,16.65,65,724.75,-357.5,SL Hit (19459.0 >= 19454.7),172754.5
2023-11-09,PE,11:07,19450,36.65,13:41,31.2,65,2382.25,354.25,SL Hit (19421.0 <= 19421.0),173108.75
2023-11-09,PE,14:06,19400,5.15,14:23,9.55,65,334.75,-286.0,SL Hit (19403.8 <= 19410.8),172822.75
2023-11-09,CE,12:18,19450,15.05,15:16,0.1,65,978.25,971.75,Settlement 15:15,173794.5
2023-11-09,PE,15:00,19400,7.85,15:16,7.85,65,510.25,0.0,Settlement 15:15,173794.5
2023-11-10,CE,11:06,19350,105.2,12:11,109.7,65,6838.0,-292.5,SL Hit (19388.5 >= 19387.0),173502.0
2023-11-10,CE,13:15,19400,103.1,13:39,105.2,65,6701.5,-136.5,SL Hit (19410.8 >= 19408.5),173365.5
2023-11-10,CE,14:05,19400,92.5,15:02,98.35,65,6012.5,-380.25,SL Hit (19421.7 >= 19411.2),172985.25
2023-11-10,PE,10:25,19350,78.15,15:16,49.55,65,5079.75,1859.0,Settlement 15:15,174844.25
2023-11-13,PE,09:52,19450,64.65,10:19,61.9,65,4202.25,178.75,SL Hit (19441.5 <= 19444.2),175023.0
2023-11-13,CE,10:34,19450,57.2,15:16,64.85,65,3718.0,-497.25,Settlement 15:15,174525.75
2023-11-13,PE,10:54,19400,49.9,15:16,39.2,65,3243.5,695.5,Settlement 15:15,175221.25
2023-11-15,PE,10:38,19650,57.5,10:48,57.9,65,3737.5,-26.0,SL Hit (19625.8 <= 19628.0),175195.25
2023-11-15,CE,10:51,19650,36.75,12:21,40.65,65,2388.75,-253.5,SL Hit (19637.8 >= 19637.3),174941.75
2023-11-15,CE,14:17,19650,69.2,14:35,75.6,65,4498.0,-416.0,SL Hit (19668.6 >= 19667.9),174525.75
2023-11-15,CE,15:01,19650,55.65,15:11,56.9,65,3617.25,-81.25,SL Hit (19672.2 >= 19672.1),174444.5
2023-11-15,PE,11:56,19650,54.55,15:16,30.85,65,3545.75,1540.5,Settlement 15:15,175985.0
2023-11-16,CE,10:33,19700,42.1,11:02,75.0,65,2736.5,-2138.5,SL Hit (19750.7 >= 19724.5),173846.5
2023-11-16,CE,12:38,19800,18.75,13:57,25.0,65,1218.75,-406.25,SL Hit (19812.3 >= 19810.8),173440.25
2023-11-16,PE,10:14,19700,15.05,15:16,0.8,65,978.25,926.25,Settlement 15:15,174366.5
2023-11-17,PE,10:06,19800,89.65,10:15,108.85,65,5827.25,-1248.0,SL Hit (19751.2 <= 19765.8),173118.5
2023-11-17,PE,10:45,19800,86.25,11:10,90.6,65,5606.25,-282.75,SL Hit (19777.8 <= 19779.3),172835.75
2023-11-17,PE,11:45,19750,77.1,11:54,81.25,65,5011.5,-269.75,SL Hit (19755.7 <= 19756.0),172566.0
2023-11-17,CE,10:19,19800,97.65,15:16,86.9,65,6347.25,698.75,Settlement 15:15,173264.75
2023-11-20,CE,09:59,19700,107.9,10:17,112.95,65,7013.5,-328.25,SL Hit (19726.8 >= 19725.1),172936.5
2023-11-20,PE,10:32,19750,73.9,11:09,93.5,65,4803.5,-1274.0,SL Hit (19705.8 <= 19710.1),171662.5
2023-11-20,PE,11:58,19700,86.15,12:00,89.8,65,5599.75,-237.25,SL Hit (19674.7 <= 19676.9),171425.25
2023-11-20,CE,10:49,19750,97.4,15:16,68.6,65,6331.0,1872.0,Settlement 15:15,173297.25
2023-11-20,PE,12:10,19700,81.9,15:16,72.6,65,5323.5,604.5,Settlement 15:15,173901.75
2023-11-21,CE,09:55,19800,67.25,11:34,66.6,65,4371.25,42.25,SL Hit (19787.0 >= 19785.9),173944.0
2023-11-21,CE,13:16,19800,58.8,15:16,67.75,65,3822.0,-581.75,Settlement 15:15,173362.25
2023-11-21,PE,10:33,19800,64.1,15:16,56.7,65,4166.5,481.0,Settlement 15:15,173843.25
2023-11-22,PE,09:56,19800,40.7,10:24,47.05,65,2645.5,-412.75,SL Hit (19796.3 <= 19798.0),173430.5
2023-11-22,PE,11:23,19800,39.4,11:27,42.5,65,2561.0,-201.5,SL Hit (19795.5 <= 19796.3),173229.0
2023-11-22,CE,10:28,19800,66.45,15:16,61.7,65,4319.25,308.75,Settlement 15:15,173537.75
2023-11-22,PE,13:17,19750,53.15,15:16,13.2,65,3454.75,2596.75,Settlement 15:15,176134.5
2023-11-23,PE,11:09,19800,20.95,11:11,25.95,65,1361.75,-325.0,SL Hit (19802.4 <= 19802.9),175809.5
2023-11-23,PE,12:13,19800,21.05,14:50,6.85,65,1368.25,923.0,SL Hit (19791.2 <= 19794.7),176732.5
2023-11-23,CE,09:57,19850,36.1,15:16,0.1,65,2346.5,2340.0,Settlement 15:15,179072.5
2023-11-24,PE,10:15,19800,73.9,13:04,70.65,65,4803.5,211.25,SL Hit (19786.4 <= 19786.9),179283.75
2023-11-24,CE,09:55,19800,97.65,15:16,97.05,65,6347.25,39.0,Settlement 15:15,179322.75
2023-11-24,PE,13:32,19800,67.7,15:16,62.5,65,4400.5,338.0,Settlement 15:15,179660.75
2023-11-28,CE,10:00,19800,98.1,12:09,100.55,65,6376.5,-159.25,SL Hit (19834.8 >= 19832.2),179501.5
2023-11-28,CE,13:06,19850,65.65,14:19,78.1,65,4267.25,-809.25,SL Hit (19836.2 >= 19834.2),178692.25
2023-11-28,CE,14:56,19850,99.7,15:08,112.3,65,6480.5,-819.0,SL Hit (19887.0 >= 19883.1),177873.25
2023-11-28,PE,10:42,19800,44.9,15:16,21.35,65,2918.5,1530.75,Settlement 15:15,179404.0
2023-11-29,PE,10:03,20000,42.0,10:42,40.0,65,2730.0,130.0,SL Hit (19995.5 <= 19996.9),179534.0
2023-11-29,CE,10:35,20000,72.85,11:29,79.95,65,4735.25,-461.5,SL Hit (20017.0 >= 20015.1),179072.5
2023-11-29,CE,12:35,20050,51.95,12:41,55.0,65,3376.75,-198.25,SL Hit (20039.0 >= 20038.4),178874.25
2023-11-29,CE,13:38,20050,58.95,13:42,65.55,65,3831.75,-429.0,SL Hit (20047.5 >= 20045.6),178445.25
2023-11-29,PE,10:56,20000,39.6,15:16,12.45,65,2574.0,1764.75,Settlement 15:15,180210.0
2023-11-30,CE,10:07,20050,29.85,10:44,66.3,65,1940.25,-2369.25,SL Hit (20098.6 >= 20092.4),177840.75
2023-11-30,CE,11:23,20050,36.3,13:41,56.2,65,2359.5,-1293.5,SL Hit (20089.4 >= 20089.0),176547.25
2023-11-30,CE,14:07,20100,12.1,14:42,53.25,65,786.5,-2674.75,SL Hit (20124.1 >= 20124.0),173872.5
2023-11-30,PE,10:28,20050,35.1,15:16,0.1,65,2281.5,2275.0,Settlement 15:15,176147.5
2023-12-01,CE,10:58,20250,157.3,11:00,159.85,65,10224.5,-165.75,SL Hit (20270.0 >= 20267.2),175981.75
2023-12-01,CE,11:25,20250,156.4,11:26,162.35,65,10166.0,-386.75,SL Hit (20272.5 >= 20267.5),175595.0
2023-12-01,CE,12:22,20300,125.0,14:04,139.1,65,8125.0,-916.5,SL Hit (20286.0 >= 20285.3),174678.5
2023-12-01,PE,10:03,20250,95.8,15:16,100.65,65,6227.0,-315.25,Settlement 15:15,174363.25
2023-12-04,CE,09:58,20550,111.6,11:18,122.1,65,7254.0,-682.5,SL Hit (20582.5 >= 20582.0),173680.75
2023-12-04,CE,12:49,20600,93.45,12:51,95.4,65,6074.25,-126.75,SL Hit (20581.6 >= 20581.2),173554.0
2023-12-04,CE,13:11,20600,95.9,13:15,100.65,65,6233.5,-308.75,SL Hit (20592.0 >= 20590.6),173245.25
2023-12-04,PE,11:20,20550,69.0,15:16,46.8,65,4485.0,1443.0,Settlement 15:15,174688.25
2023-12-05,CE,10:38,20800,117.8,10:39,126.0,65,7657.0,-533.0,SL Hit (20833.7 >= 20831.2),174155.25
2023-12-05,PE,09:53,20800,98.4,11:43,123.3,65,6396.0,-1618.5,SL Hit (20743.5 <= 20746.6),172536.75
2023-12-05,CE,11:13,20850,99.6,15:06,93.4,65,6474.0,403.0,SL Hit (20856.2 >= 20855.7),172939.75
2023-12-05,PE,12:05,20750,82.9,15:16,37.2,65,5388.5,2970.5,Settlement 15:15,175910.25
2023-12-06,PE,10:55,20950,71.05,13:05,97.4,65,4618.25,-1712.75,SL Hit (20889.2 <= 20889.8),174197.5
2023-12-06,CE,10:12,20900,84.0,14:43,98.7,65,5460.0,-955.5,SL Hit (20951.0 >= 20947.3),173242.0
2023-12-06,CE,15:11,20950,62.8,15:16,54.15,65,4082.0,562.25,Settlement 15:15,173804.25
2023-12-06,PE,13:45,20900,54.2,15:16,36.95,65,3523.0,1121.25,Settlement 15:15,174925.5
2023-12-07,CE,10:23,20900,14.0,10:24,14.0,65,910.0,0.0,SL Hit (20883.2 >= 20877.4),174925.5
2023-12-07,CE,11:34,20900,21.9,15:16,3.35,65,1423.5,1205.75,Settlement 15:15,176131.25
2023-12-07,PE,10:29,20900,43.2,15:16,4.8,65,2808.0,2496.0,Settlement 15:15,178627.25
2023-12-08,PE,10:08,21000,99.9,10:09,101.85,65,6493.5,-126.75,SL Hit (20974.8 <= 20977.4),178500.5
2023-12-08,PE,10:33,21000,93.05,11:00,106.65,65,6048.25,-884.0,SL Hit (20968.3 <= 20971.5),177616.5
2023-12-08,PE,11:42,21000,97.95,12:22,112.2,65,6366.75,-926.25,SL Hit (20953.5 <= 20958.0),176690.25
2023-12-08,CE,10:11,21000,133.45,15:16,113.0,65,8674.25,1329.25,Settlement 15:15,178019.5
2023-12-11,PE,10:17,21000,81.75,10:39,86.35,65,5313.75,-299.0,SL Hit (20987.5 <= 20989.9),177720.5
2023-12-11,CE,10:45,20950,118.45,15:16,119.35,65,7699.25,-58.5,Settlement 15:15,177662.0
2023-12-11,PE,12:51,20950,72.65,15:16,65.75,65,4722.25,448.5,Settlement 15:15,178110.5
2023-12-12,PE,10:02,21000,64.55,10:11,66.25,65,4195.75,-110.5,SL Hit (21015.5 <= 21019.4),178000.0
2023-12-12,PE,10:42,21000,71.85,12:47,70.8,65,4670.25,68.25,SL Hit (20980.0 <= 20980.2),178068.25
2023-12-12,PE,13:36,20950,60.3,13:56,58.85,65,3919.5,94.25,SL Hit (20958.7 <= 20959.3),178162.5
2023-12-12,CE,10:21,21000,91.85,15:16,60.2,65,5970.25,2057.25,Settlement 15:15,180219.75
2023-12-13,PE,11:05,20850,46.85,11:34,80.65,65,3045.25,-2197.0,SL Hit (20793.1 <= 20800.1),178022.75
2023-12-13,CE,10:03,20850,74.15,15:02,105.3,65,4819.75,-2024.75,SL Hit (20907.5 >= 20905.1),175998.0
2023-12-13,PE,12:43,20800,52.95,15:16,12.4,65,3441.75,2635.75,Settlement 15:15,178633.75
2023-12-14,CE,10:21,21150,26.35,11:46,30.85,65,1712.75,-292.5,SL Hit (21182.1 >= 21182.0),178341.25
2023-12-14,CE,12:22,21150,21.45,12:24,24.85,65,1394.25,-221.0,SL Hit (21164.2 >= 21164.1),178120.25
2023-12-14,CE,13:59,21200,16.5,15:16,19.75,65,1072.5,-211.25,Settlement 15:15,177909.0
2023-12-14,PE,10:03,21150,26.0,15:16,0.1,65,1690.0,1683.5,Settlement 15:15,179592.5
2023-12-15,CE,10:55,21300,117.6,13:46,163.4,65,7644.0,-2977.0,SL Hit (21342.0 >= 21341.5),176615.5
2023-12-15,PE,10:16,21300,81.7,15:16,50.5,65,5310.5,2028.0,Settlement 15:15,178643.5
2023-12-18,CE,11:13,21450,117.7,11:19,120.85,65,7650.5,-204.75,SL Hit (21475.5 >= 21473.2),178438.75
2023-12-18,PE,10:06,21450,112.45,13:12,125.55,65,7309.25,-851.5,SL Hit (21414.5 <= 21416.1),177587.25
2023-12-18,PE,13:32,21400,94.85,15:15,92.85,65,6165.25,130.0,SL Hit (21413.0 <= 21413.9),177717.25
2023-12-18,CE,11:53,21450,116.0,15:16,83.75,65,7540.0,2096.25,Settlement 15:15,179813.5
2023-12-19,CE,10:12,21350,96.75,10:42,117.9,65,6288.75,-1374.75,SL Hit (21390.2 >= 21390.1),178438.75
2023-12-19,CE,13:12,21450,98.95,13:51,112.65,65,6431.75,-890.5,SL Hit (21472.9 >= 21472.0),177548.25
2023-12-19,CE,15:01,21450,77.55,15:16,82.65,65,5040.75,-331.5,Settlement 15:15,177216.75
2023-12-19,PE,10:38,21400,88.55,15:16,46.15,65,5755.75,2756.0,Settlement 15:15,179972.75
2023-12-20,PE,10:51,21550,43.2,11:31,59.25,65,2808.0,-1043.25,SL Hit (21537.7 <= 21543.0),178929.5
2023-12-20,PE,12:57,21550,66.2,13:01,73.25,65,4303.0,-458.25,SL Hit (21513.0 <= 21513.5),178471.25
2023-12-20,CE,10:13,21550,67.8,15:16,3.3,65,4407.0,4192.5,Settlement 15:15,182663.75
2023-12-21,CE,10:36,21100,28.3,11:00,82.5,65,1839.5,-3523.0,SL Hit (21166.3 >= 21163.0),179140.75
2023-12-21,CE,11:20,21150,29.9,12:03,48.5,65,1943.5,-1209.0,SL Hit (21178.0 >= 21177.9),177931.75
2023-12-21,CE,13:12,21250,32.2,13:31,43.7,65,2093.0,-747.5,SL Hit (21260.5 >= 21253.8),177184.25
2023-12-21,PE,10:15,21100,43.25,15:16,0.1,65,2811.25,2804.75,Settlement 15:15,179989.0
2023-12-22,CE,11:23,21350,196.0,11:42,195.45,65,12740.0,35.75,SL Hit (21385.8 >= 21384.7),180024.75
2023-12-22,PE,09:57,21350,122.05,13:50,161.0,65,7933.25,-2531.75,SL Hit (21242.0 <= 21244.2),177493.0
2023-12-22,CE,12:21,21350,172.95,15:16,157.0,65,11241.75,1036.75,Settlement 15:15,178529.75
2023-12-22,PE,14:15,21300,106.8,15:16,82.1,65,6942.0,1605.5,Settlement 15:15,180135.25
2023-12-26,CE,12:32,21450,134.65,15:16,109.15,65,8752.25,1657.5,Settlement 15:15,181792.75
2023-12-26,PE,10:13,21400,84.8,15:16,57.1,65,5512.0,1800.5,Settlement 15:15,183593.25
2023-12-27,CE,10:47,21550,94.6,10:50,98.25,65,6149.0,-237.25,SL Hit (21582.2 >= 21581.6),183356.0
2023-12-27,CE,11:14,21600,69.9,11:28,67.6,65,4543.5,149.5,SL Hit (21584.4 >= 21583.5),183505.5
2023-12-27,PE,10:32,21550,56.75,12:23,72.35,65,3688.75,-1014.0,SL Hit (21545.8 <= 21550.3),182491.5
2023-12-27,CE,12:34,21550,70.65,14:44,106.15,65,4592.25,-2307.5,SL Hit (21588.5 >= 21586.4),180184.0
2023-12-27,PE,13:52,21550,58.25,15:16,24.8,65,3786.25,2174.25,Settlement 15:15,182358.25
2023-12-28,PE,09:55,21750,56.55,10:03,66.85,65,3675.75,-669.5,SL Hit (21710.8 <= 21717.3),181688.75
2023-12-28,CE,10:09,21700,67.85,12:29,94.05,65,4410.25,-1703.0,SL Hit (21766.4 >= 21766.0),179985.75
2023-12-28,CE,12:55,21750,36.25,13:13,43.8,65,2356.25,-490.75,SL Hit (21775.1 >= 21771.3),179495.0
2023-12-28,CE,13:29,21750,31.5,15:04,22.55,65,2047.5,581.75,SL Hit (21774.5 >= 21773.2),180076.75
2023-12-28,PE,11:14,21750,38.75,15:16,0.1,65,2518.75,2512.25,Settlement 15:15,182589.0
2023-12-29,PE,10:51,21700,120.05,10:54,123.95,65,7803.25,-253.5,SL Hit (21708.0 <= 21711.7),182335.5
2023-12-29,CE,10:01,21750,159.6,11:57,166.75,65,10374.0,-464.75,SL Hit (21748.3 >= 21745.0),181870.75
2023-12-29,CE,12:18,21750,174.5,12:21,181.95,65,11342.5,-484.25,SL Hit (21750.7 >= 21748.8),181386.5
2023-12-29,PE,11:26,21750,135.3,14:09,130.3,65,8794.5,325.0,SL Hit (21710.3 <= 21710.8),181711.5
2023-12-29,CE,12:37,21750,163.7,15:01,177.25,65,10640.5,-880.75,SL Hit (21757.0 >= 21756.4),180830.75
2023-12-29,PE,14:43,21700,109.15,15:16,97.3,65,7094.75,770.25,Settlement 15:15,181601.0
2024-01-01,CE,10:14,21700,139.6,10:49,153.2,65,9074.0,-884.0,SL Hit (21737.8 >= 21735.9),180717.0
2024-01-01,CE,11:41,21750,120.9,12:48,119.7,65,7858.5,78.0,SL Hit (21747.5 >= 21746.8),180795.0
2024-01-01,CE,13:14,21750,123.05,13:28,128.95,65,7998.25,-383.5,SL Hit (21746.9 >= 21746.6),180411.5
2024-01-01,PE,09:55,21700,89.8,15:16,67.9,65,5837.0,1423.5,Settlement 15:15,181835.0
2024-01-02,CE,10:03,21650,112.45,15:16,94.35,65,7309.25,1176.5,Settlement 15:15,183011.5
2024-01-02,PE,12:04,21600,87.9,15:16,60.5,65,5713.5,1781.0,Settlement 15:15,184792.5
2024-01-03,PE,11:25,21550,52.6,11:31,57.7,65,3419.0,-331.5,SL Hit (21558.5 <= 21559.8),184461.0
2024-01-03,PE,11:54,21600,62.65,12:21,87.0,65,4072.25,-1582.75,SL Hit (21551.3 <= 21553.3),182878.25
2024-01-03,PE,13:10,21550,56.45,14:31,68.0,65,3669.25,-750.75,SL Hit (21547.8 <= 21550.6),182127.5
2024-01-03,CE,10:25,21550,86.6,15:16,30.4,65,5629.0,3653.0,Settlement 15:15,185780.5
2024-01-04,CE,09:56,21600,31.6,10:08,40.85,65,2054.0,-601.25,SL Hit (21620.5 >= 21618.4),185179.25
2024-01-04,CE,10:54,21650,18.1,11:06,21.0,65,1176.5,-188.5,SL Hit (21646.8 >= 21645.0),184990.75
2024-01-04,CE,11:30,21650,15.0,12:23,21.75,65,975.0,-438.75,SL Hit (21655.0 >= 21654.8),184552.0
2024-01-04,PE,10:23,21650,34.5,15:16,0.9,65,2242.5,2184.0,Settlement 15:15,186736.0
2024-01-05,PE,10:01,21750,117.85,10:43,126.2,65,7660.25,-542.75,SL Hit (21711.7 <= 21720.1),186193.25
2024-01-05,PE,12:13,21700,110.5,13:40,121.65,65,7182.5,-724.75,SL Hit (21676.7 <= 21678.2),185468.5
2024-01-05,CE,10:24,21750,114.25,15:16,93.25,65,7426.25,1365.0,Settlement 15:15,186833.5
2024-01-05,PE,14:53,21700,102.3,15:16,99.45,65,6649.5,185.25,Settlement 15:15,187018.75
2024-01-08,PE,10:18,21700,105.5,10:50,111.4,65,6857.5,-383.5,SL Hit (21671.5 <= 21672.4),186635.25
2024-01-08,PE,11:46,21650,101.1,11:50,108.05,65,6571.5,-451.75,SL Hit (21613.9 <= 21618.9),186183.5
2024-01-08,PE,12:36,21600,93.0,12:58,108.9,65,6045.0,-1033.5,SL Hit (21571.7 <= 21571.9),185150.0
2024-01-08,CE,11:14,21600,115.0,15:16,67.85,65,7475.0,3064.75,Settlement 15:15,188214.75
2024-01-09,CE,11:02,21700,87.85,11:09,96.65,65,5710.25,-572.0,SL Hit (21709.0 >= 21708.2),187642.75
2024-01-09,CE,12:14,21700,88.2,12:19,94.85,65,5733.0,-432.25,SL Hit (21703.4 >= 21701.6),187210.5
2024-01-09,PE,10:03,21650,90.3,14:20,98.35,65,5869.5,-523.25,SL Hit (21598.6 <= 21600.9),186687.25
2024-01-09,CE,13:18,21700,96.95,15:16,26.25,65,6301.75,4595.5,Settlement 15:15,191282.75
2024-01-10,CE,10:08,21500,93.0,10:18,121.45,65,6045.0,-1849.25,SL Hit (21568.0 >= 21560.5),189433.5
2024-01-10,PE,10:21,21550,73.3,12:45,121.2,65,4764.5,-3113.5,SL Hit (21479.5 <= 21498.7),186320.0
2024-01-10,PE,13:16,21500,67.6,13:36,83.0,65,4394.0,-1001.0,SL Hit (21488.3 <= 21489.0),185319.0
2024-01-10,CE,10:52,21550,65.95,14:38,84.1,65,4286.75,-1179.75,SL Hit (21565.0 >= 21558.8),184139.25
2024-01-10,PE,14:03,21500,54.8,15:16,15.0,65,3562.0,2587.0,Settlement 15:15,186726.25
2024-01-11,PE,10:17,21650,22.8,10:30,23.5,65,1482.0,-45.5,SL Hit (21655.7 <= 21655.7),186680.75
2024-01-11,PE,10:40,21650,18.95,10:54,31.85,65,1231.75,-838.5,SL Hit (21643.2 <= 21648.3),185842.25
2024-01-11,PE,11:21,21650,27.05,14:09,24.1,65,1758.25,191.75,SL Hit (21638.7 <= 21647.4),186034.0
2024-01-11,CE,10:06,21650,46.6,15:16,1.55,65,3029.0,2928.25,Settlement 15:15,188962.25
2024-01-12,CE,12:08,21800,162.65,12:54,182.0,65,10572.25,-1257.75,SL Hit (21848.3 >= 21847.9),187704.5
2024-01-12,CE,14:10,21900,145.1,14:31,160.55,65,9431.5,-1004.25,SL Hit (21903.8 >= 21900.7),186700.25
2024-01-12,CE,15:11,21900,135.05,15:16,142.5,65,8778.25,-484.25,Settlement 15:15,186216.0
2024-01-12,PE,10:18,21800,123.1,15:16,83.9,65,8001.5,2548.0,Settlement 15:15,188764.0
2024-01-15,CE,10:02,22000,130.35,12:09,160.65,65,8472.75,-1969.5,SL Hit (22060.2 >= 22060.0),186794.5
2024-01-15,CE,12:38,22050,125.7,13:18,135.75,65,8170.5,-653.25,SL Hit (22068.5 >= 22068.4),186141.25
2024-01-15,CE,13:36,22050,126.85,14:04,143.3,65,8245.25,-1069.25,SL Hit (22073.8 >= 22069.0),185072.0
2024-01-15,PE,10:34,22000,109.4,15:16,68.45,65,7111.0,2661.75,Settlement 15:15,187733.75
2024-01-16,PE,09:56,22100,108.85,13:00,130.5,65,7075.25,-1407.25,SL Hit (22044.4 <= 22048.8),186326.5
2024-01-16,PE,14:16,22050,97.6,14:35,105.25,65,6344.0,-497.25,SL Hit (22025.0 <= 22025.5),185829.25
2024-01-16,CE,11:24,22100,102.25,15:16,53.25,65,6646.25,3185.0,Settlement 15:15,189014.25
2024-01-17,PE,11:14,21750,78.15,11:16,82.25,65,5079.75,-266.5,SL Hit (21727.7 <= 21729.0),188747.75
2024-01-17,CE,10:04,21800,89.35,15:16,14.95,65,5807.75,4836.0,Settlement 15:15,193583.75
2024-01-17,PE,15:15,21600,88.75,15:16,92.0,65,5768.75,-211.25,Settlement 15:15,193372.5
2024-01-18,CE,10:00,21300,63.45,10:09,139.3,65,4124.25,-4930.25,SL Hit (21424.3 >= 21402.6),188442.25
2024-01-18,CE,11:46,21450,33.1,11:57,53.7,65,2151.5,-1339.0,SL Hit (21498.8 >= 21490.5),187103.25
2024-01-18,CE,12:50,21450,24.35,15:16,6.4,65,1582.75,1166.75,Settlement 15:15,188270.0
2024-01-18,PE,10:15,21350,43.8,15:16,0.1,65,2847.0,2840.5,Settlement 15:15,191110.5
2024-01-19,PE,10:36,21650,131.1,11:00,158.75,65,8521.5,-1797.25,SL Hit (21618.7 <= 21618.9),189313.25
2024-01-19,PE,11:42,21600,143.5,12:10,157.45,65,9327.5,-906.75,SL Hit (21579.9 <= 21580.4),188406.5
2024-01-19,CE,11:02,21650,154.4,15:16,162.4,65,10036.0,-520.0,Settlement 15:15,187886.5
2024-01-19,PE,12:42,21600,144.2,15:16,106.6,65,9373.0,2444.0,Settlement 15:15,190330.5
2024-01-20,CE,10:12,21600,185.7,10:31,201.6,65,12070.5,-1033.5,SL Hit (21666.9 >= 21663.7),189297.0
2024-01-20,PE,10:37,21650,115.6,11:49,114.0,65,7514.0,104.0,SL Hit (21644.8 <= 21644.8),189401.0
2024-01-20,PE,13:19,21650,121.95,13:44,128.25,65,7926.75,-409.5,SL Hit (21630.7 <= 21633.2),188991.5
2024-01-20,CE,11:26,21650,160.5,15:16,112.85,65,10432.5,3097.25,Settlement 15:15,192088.75
2024-01-23,PE,13:50,21350,128.35,13:51,136.55,65,8342.75,-533.0,SL Hit (21320.1 <= 21334.2),191555.75
2024-01-23,CE,10:05,21650,140.5,15:16,16.45,65,9132.5,8063.25,Settlement 15:15,199619.0
2024-01-24,PE,09:52,21300,100.45,11:32,137.85,65,6529.25,-2431.0,SL Hit (21233.3 <= 21233.8),197188.0
2024-01-24,PE,12:22,21250,93.7,12:27,118.15,65,6090.5,-1589.25,SL Hit (21224.5 <= 21231.2),195598.75
2024-01-24,CE,10:51,21350,128.75,14:43,158.0,65,8368.75,-1901.25,SL Hit (21423.0 >= 21417.6),193697.5
2024-01-24,PE,12:54,21250,89.95,15:16,14.05,65,5846.75,4933.5,Settlement 15:15,198631.0
2024-01-25,CE,09:58,21400,54.25,15:16,0.5,65,3526.25,3493.75,Settlement 15:15,202124.75
2024-01-25,PE,11:27,21300,64.05,15:16,0.4,65,4163.25,4137.25,Settlement 15:15,206262.0
2024-01-29,CE,11:27,21600,214.7,12:00,247.4,65,13955.5,-2125.5,SL Hit (21660.8 >= 21657.0),204136.5
2024-01-29,CE,13:11,21700,209.75,13:49,215.95,65,13633.75,-403.0,SL Hit (21715.7 >= 21710.7),203733.5
2024-01-29,CE,14:18,21750,188.55,15:10,183.95,65,12255.75,299.0,SL Hit (21746.7 >= 21746.6),204032.5
2024-01-29,PE,10:04,21550,129.5,15:16,94.95,65,8417.5,2245.75,Settlement 15:15,206278.25
2024-01-30,PE,10:06,21750,157.05,10:48,181.9,65,10208.25,-1615.25,SL Hit (21695.7 <= 21703.1),204663.0
2024-01-30,PE,11:41,21700,145.95,13:21,167.3,65,9486.75,-1387.75,SL Hit (21649.8 <= 21663.0),203275.25
2024-01-30,CE,10:35,21750,176.5,15:16,70.8,65,11472.5,6870.5,Settlement 15:15,210145.75
2024-01-31,CE,10:03,21550,164.7,10:07,180.9,65,10705.5,-1053.0,SL Hit (21596.8 >= 21586.5),209092.75
2024-01-31,CE,12:20,21700,144.45,15:16,146.45,65,9389.25,-130.0,Settlement 15:15,208962.75
2024-01-31,PE,10:20,21600,119.1,15:16,72.0,65,7741.5,3061.5,Settlement 15:15,212024.25
2024-02-01,PE,10:15,21750,83.85,11:16,121.45,65,5450.25,-2444.0,SL Hit (21718.9 <= 21729.1),209580.25
2024-02-01,PE,11:41,21750,94.8,11:58,105.2,65,6162.0,-676.0,SL Hit (21721.9 <= 21725.2),208904.25
2024-02-01,PE,12:57,21750,49.3,13:19,66.1,65,3204.5,-1092.0,SL Hit (21702.6 <= 21710.5),207812.25
2024-02-01,CE,11:23,21750,85.75,15:16,0.15,65,5573.75,5564.0,Settlement 15:15,213376.25
2024-02-02,CE,10:23,21950,181.7,11:03,194.3,65,11810.5,-819.0,SL Hit (21949.0 >= 21947.9),212557.25
2024-02-02,PE,11:01,21950,127.4,12:30,138.9,65,8281.0,-747.5,SL Hit (21906.6 <= 21919.3),211809.75
2024-02-02,CE,12:16,22050,190.8,15:16,83.9,65,12402.0,6948.5,Settlement 15:15,218758.25
2024-02-02,PE,13:42,21850,143.35,15:16,140.75,65,9317.75,169.0,Settlement 15:15,218927.25
2024-02-05,PE,09:55,21950,162.65,10:19,216.45,65,10572.25,-3497.0,SL Hit (21864.0 <= 21866.9),215430.25
2024-02-05,PE,10:49,21900,150.35,14:32,164.8,65,9772.75,-939.25,SL Hit (21859.6 <= 21860.1),214491.0
2024-02-05,CE,10:24,21900,131.3,15:16,78.0,65,8534.5,3464.5,Settlement 15:15,217955.5
2024-02-05,PE,15:11,21800,167.55,15:16,177.75,65,10890.75,-663.0,Settlement 15:15,217292.5
2024-02-06,PE,09:53,21850,152.6,10:30,166.65,65,9919.0,-913.25,SL Hit (21794.5 <= 21812.2),216379.25
2024-02-06,CE,10:36,21800,126.8,11:33,168.7,65,8242.0,-2723.5,SL Hit (21877.5 >= 21876.2),213655.75
2024-02-06,CE,12:31,21900,123.7,12:36,141.55,65,8040.5,-1160.25,SL Hit (21915.2 >= 21907.9),212495.5
2024-02-06,CE,13:01,21900,121.5,13:25,136.95,65,7897.5,-1004.25,SL Hit (21914.1 >= 21912.4),211491.25
2024-02-06,PE,11:04,21850,139.55,15:16,92.2,65,9070.75,3077.75,Settlement 15:15,214569.0
2024-02-07,PE,12:37,21900,102.5,12:54,116.5,65,6662.5,-910.0,SL Hit (21884.8 <= 21885.1),213659.0
2024-02-07,CE,10:45,21950,110.8,15:16,80.0,65,7202.0,2002.0,Settlement 15:15,215661.0
2024-02-07,PE,13:44,21950,98.1,15:16,72.7,65,6376.5,1651.0,Settlement 15:15,217312.0
2024-02-08,PE,10:08,21950,48.4,10:09,64.75,65,3146.0,-1062.75,SL Hit (21932.4 <= 21949.4),216249.25
2024-02-08,PE,11:31,21750,59.5,14:14,54.25,65,3867.5,341.25,SL Hit (21727.8 <= 21730.6),216590.5
2024-02-08,CE,10:14,21950,37.1,15:16,0.15,65,2411.5,2401.75,Settlement 15:15,218992.25
2024-02-08,PE,15:14,21700,1.1,15:16,0.65,65,71.5,29.25,Settlement 15:15,219021.5
2024-02-09,PE,10:16,21700,151.5,11:04,212.85,65,9847.5,-3987.75,SL Hit (21641.4 <= 21658.6),215033.75
2024-02-09,CE,10:34,21700,199.15,12:30,211.6,65,12944.75,-809.25,SL Hit (21758.5 >= 21748.8),214224.5
2024-02-09,CE,12:59,21750,175.9,14:18,180.4,65,11433.5,-292.5,SL Hit (21771.0 >= 21770.6),213932.0
2024-02-09,PE,11:53,21700,157.0,15:16,112.5,65,10205.0,2892.5,Settlement 15:15,216824.5
2024-02-12,PE,11:04,21700,139.1,12:04,161.9,65,9041.5,-1482.0,SL Hit (21649.5 <= 21656.9),215342.5
2024-02-12,CE,10:03,21700,163.75,15:16,100.15,65,10643.75,4134.0,Settlement 15:15,219476.5
2024-02-12,PE,13:39,21650,143.15,15:16,163.85,65,9304.75,-1345.5,Settlement 15:15,218131.0
2024-02-13,CE,11:33,21750,107.65,14:05,127.65,65,6997.25,-1300.0,SL Hit (21761.2 >= 21760.4),216831.0
2024-02-13,CE,14:21,21700,129.7,15:16,146.9,65,8430.5,-1118.0,Settlement 15:15,215713.0
2024-02-13,PE,10:03,21650,126.85,15:16,66.25,65,8245.25,3939.0,Settlement 15:15,219652.0
2024-02-14,CE,10:49,21600,86.0,10:53,94.65,65,5590.0,-562.25,SL Hit (21624.8 >= 21619.9),219089.75
2024-02-14,CE,11:21,21600,90.25,12:28,111.7,65,5866.25,-1394.25,SL Hit (21656.5 >= 21645.6),217695.5
2024-02-14,CE,12:52,21650,96.85,12:55,99.95,65,6295.25,-201.5,SL Hit (21672.9 >= 21671.3),217494.0
2024-02-14,PE,10:03,21600,101.1,15:16,16.2,65,6571.5,5518.5,Settlement 15:15,223012.5
2024-02-15,PE,11:50,21850,26.8,12:17,31.2,65,1742.0,-286.0,SL Hit (21846.7 <= 21847.2),222726.5
2024-02-15,PE,12:28,21850,22.95,12:33,41.95,65,1491.75,-1235.0,SL Hit (21829.0 <= 21843.4),221491.5
2024-02-15,CE,10:42,21850,65.25,13:39,87.65,65,4241.25,-1456.0,SL Hit (21916.4 >= 21894.5),220035.5
2024-02-15,CE,14:08,21950,24.8,15:16,0.25,65,1612.0,1595.75,Settlement 15:15,221631.25
2024-02-15,PE,12:58,21850,24.0,15:16,0.15,65,1560.0,1550.25,Settlement 15:15,223181.5
2024-02-16,CE,09:51,22000,170.35,10:07,196.2,65,11072.75,-1680.25,SL Hit (22020.2 >= 22019.0),221501.25
2024-02-16,CE,11:44,22050,160.7,12:07,173.75,65,10445.5,-848.25,SL Hit (22047.3 >= 22044.1),220653.0
2024-02-16,CE,12:32,22050,156.8,12:49,166.25,65,10192.0,-614.25,SL Hit (22048.5 >= 22047.9),220038.75
2024-02-16,PE,10:17,22000,133.5,15:16,130.6,65,8677.5,188.5,Settlement 15:15,220227.25
2024-02-19,CE,10:02,22050,131.35,10:21,155.9,65,8537.75,-1595.75,SL Hit (22086.4 >= 22074.5),218631.5
2024-02-19,CE,13:07,22150,153.75,13:14,160.55,65,9993.75,-442.0,SL Hit (22165.1 >= 22163.9),218189.5
2024-02-19,CE,13:34,22150,146.5,14:23,167.45,65,9522.5,-1361.75,SL Hit (22176.0 >= 22175.0),216827.75
2024-02-19,PE,10:19,22050,137.3,15:16,96.0,65,8924.5,2684.5,Settlement 15:15,219512.25
2024-02-20,CE,09:57,22050,128.55,10:19,159.2,65,8355.75,-1992.25,SL Hit (22127.9 >= 22126.1),217520.0
2024-02-20,CE,10:40,22100,123.3,11:34,139.2,65,8014.5,-1033.5,SL Hit (22138.1 >= 22133.3),216486.5
2024-02-20,CE,13:04,22150,120.35,13:29,122.75,65,7822.75,-156.0,SL Hit (22166.8 >= 22164.6),216330.5
2024-02-20,PE,10:12,22100,146.2,15:16,71.0,65,9503.0,4888.0,Settlement 15:15,221218.5
2024-02-21,PE,11:03,22200,105.7,13:55,108.75,65,6870.5,-198.25,SL Hit (22150.1 <= 22151.3),221020.25
2024-02-21,CE,10:25,22200,92.3,15:16,24.1,65,5999.5,4433.0,Settlement 15:15,225453.25
2024-02-22,CE,10:09,21950,52.35,13:58,127.9,65,3402.75,-4910.75,SL Hit (22079.0 >= 22068.1),220542.5
2024-02-22,PE,11:47,21950,53.75,15:16,0.05,65,3493.75,3490.5,Settlement 15:15,224033.0
2024-02-23,CE,09:59,22250,179.1,10:14,185.0,65,11641.5,-383.5,SL Hit (22270.0 >= 22269.8),223649.5
2024-02-23,PE,11:09,22250,129.5,13:25,164.3,65,8417.5,-2262.0,SL Hit (22206.2 <= 22216.5),221387.5
2024-02-23,PE,14:45,22250,141.45,15:04,157.05,65,9194.25,-1014.0,SL Hit (22215.2 <= 22216.2),220373.5
2024-02-23,CE,10:30,22250,168.9,15:16,127.2,65,10978.5,2710.5,Settlement 15:15,223084.0
2024-02-26,CE,10:03,22150,148.2,15:16,126.3,65,9633.0,1423.5,Settlement 15:15,224507.5
2024-02-26,PE,13:02,22100,124.95,15:16,114.35,65,8121.75,689.0,Settlement 15:15,225196.5
2024-02-27,PE,11:06,22150,126.85,11:18,130.8,65,8245.25,-256.75,SL Hit (22131.9 <= 22134.6),224939.75
2024-02-27,CE,10:11,22100,142.0,11:25,155.35,65,9230.0,-867.75,SL Hit (22164.5 >= 22154.5),224072.0
2024-02-27,PE,11:39,22150,113.25,11:54,116.5,65,7361.25,-211.25,SL Hit (22135.5 <= 22136.8),223860.75
2024-02-27,CE,12:00,22150,118.4,12:44,123.05,65,7696.0,-302.25,SL Hit (22161.1 >= 22159.3),223558.5
2024-02-27,CE,13:51,22150,116.3,15:04,150.25,65,7559.5,-2206.75,SL Hit (22212.8 >= 22212.2),221351.75
2024-02-27,PE,12:34,22150,124.65,15:16,89.95,65,8102.25,2255.5,Settlement 15:15,223607.25
2024-02-28,CE,10:01,22200,85.1,10:07,99.5,65,5531.5,-936.0,SL Hit (22224.0 >= 22218.6),222671.25
2024-02-28,PE,10:12,22200,83.45,10:50,121.0,65,5424.25,-2440.75,SL Hit (22161.1 <= 22166.3),220230.5
2024-02-28,PE,13:38,22000,95.9,14:57,113.45,65,6233.5,-1140.75,SL Hit (21970.5 <= 21970.5),219089.75
2024-02-28,CE,10:36,22200,88.8,15:16,13.85,65,5772.0,4871.75,Settlement 15:15,223961.5
2024-02-29,PE,10:02,22000,67.3,10:11,144.15,65,4374.5,-4995.25,SL Hit (21902.0 <= 21923.9),218966.25
2024-02-29,CE,10:21,21900,71.2,15:16,86.55,65,4628.0,-997.75,Settlement 15:15,217968.5
2024-02-29,PE,10:46,21900,74.3,15:16,0.35,65,4829.5,4806.75,Settlement 15:15,222775.25
2024-03-01,CE,10:46,22200,176.15,11:10,192.5,65,11449.75,-1062.75,SL Hit (22213.4 >= 22212.5),221712.5
2024-03-01,CE,12:09,22300,184.2,12:39,192.15,65,11973.0,-516.75,SL Hit (22302.1 >= 22300.5),221195.75
2024-03-01,CE,13:17,22300,181.55,13:35,193.45,65,11800.75,-773.5,SL Hit (22316.5 >= 22315.7),220422.25
2024-03-01,PE,10:16,22200,158.85,15:16,97.9,65,10325.25,3961.75,Settlement 15:15,224384.0
2024-03-02,CE,11:48,22400,149.65,12:30,146.0,65,9727.25,237.25,EOD Close,224621.25
2024-03-04,CE,09:52,22400,130.4,10:05,144.0,65,8476.0,-884.0,SL Hit (22402.7 >= 22402.2),223737.25
2024-03-04,CE,11:01,22400,130.05,15:16,117.9,65,8453.25,789.75,Settlement 15:15,224527.0
2024-03-04,PE,10:08,22400,136.1,15:16,131.1,65,8846.5,325.0,Settlement 15:15,224852.0
2024-03-05,PE,10:44,22300,114.5,11:15,134.45,65,7442.5,-1296.75,SL Hit (22270.7 <= 22281.6),223555.25
2024-03-05,CE,10:04,22350,100.85,12:53,116.3,65,6555.25,-1004.25,SL Hit (22385.0 >= 22378.1),222551.0
2024-03-05,CE,13:58,22350,106.75,15:16,98.65,65,6938.75,526.5,Settlement 15:15,223077.5
2024-03-05,PE,12:00,22350,114.0,15:16,91.7,65,7410.0,1449.5,Settlement 15:15,224527.0
2024-03-06,PE,10:20,22350,96.15,11:39,157.2,65,6249.75,-3968.25,SL Hit (22234.9 <= 22242.8),220558.75
2024-03-06,CE,10:07,22300,85.65,13:51,151.5,65,5567.25,-4280.25,SL Hit (22378.9 >= 22358.6),216278.5
2024-03-06,CE,14:57,22450,96.05,15:06,108.7,65,6243.25,-822.25,SL Hit (22478.8 >= 22474.0),215456.25
2024-03-06,PE,12:42,22300,90.05,15:16,16.2,65,5853.25,4800.25,Settlement 15:15,220256.5
2024-03-07,PE,10:08,22500,39.9,10:44,62.85,65,2593.5,-1491.75,SL Hit (22443.8 <= 22450.3),218764.75
2024-03-07,CE,10:28,22500,29.95,11:03,37.7,65,1946.75,-503.75,SL Hit (22498.2 >= 22497.3),218261.0
2024-03-07,CE,11:46,22500,24.95,13:04,32.45,65,1621.75,-487.5,SL Hit (22512.0 >= 22511.4),217773.5
2024-03-07,CE,13:29,22500,21.2,13:47,23.25,65,1378.0,-133.25,SL Hit (22513.2 >= 22512.0),217640.25
2024-03-07,PE,11:15,22500,28.45,15:16,3.65,65,1849.25,1612.0,Settlement 15:15,219252.25
2024-03-11,PE,11:38,22450,119.45,11:53,132.7,65,7764.25,-861.25,SL Hit (22401.6 <= 22402.6),218391.0
2024-03-11,PE,12:41,22400,112.0,14:20,126.75,65,7280.0,-958.75,SL Hit (22362.6 <= 22366.9),217432.25
2024-03-11,CE,10:07,22450,131.6,15:16,72.55,65,8554.0,3838.25,Settlement 15:15,221270.5
2024-03-12,CE,09:57,22400,136.3,10:02,141.25,65,8859.5,-321.75,SL Hit (22436.0 >= 22434.3),220948.75
2024-03-12,PE,10:08,22450,99.25,10:33,108.15,65,6451.25,-578.5,SL Hit (22399.5 <= 22404.6),220370.25
2024-03-12,CE,10:39,22400,133.9,15:16,87.0,65,8703.5,3048.5,Settlement 15:15,223418.75
2024-03-12,PE,12:14,22350,83.45,15:16,87.35,65,5424.25,-253.5,Settlement 15:15,223165.25
2024-03-13,PE,10:20,22300,67.6,11:02,95.6,65,4394.0,-1820.0,SL Hit (22255.5 <= 22259.0),221345.25
2024-03-13,PE,13:01,22100,92.05,13:21,120.95,65,5983.25,-1878.5,SL Hit (22071.3 <= 22079.5),219466.75
2024-03-13,CE,09:59,22300,122.9,15:16,11.05,65,7988.5,7270.25,Settlement 15:15,226737.0
2024-03-13,PE,15:11,22000,117.6,15:16,98.2,65,7644.0,1261.0,Settlement 15:15,227998.0
2024-03-14,CE,11:08,22100,40.25,11:31,48.9,65,2616.25,-562.25,SL Hit (22101.0 >= 22097.3),227435.75
2024-03-14,CE,12:52,22150,45.7,15:16,2.1,65,2970.5,2834.0,Settlement 15:15,230269.75
2024-03-14,PE,10:09,22000,42.85,15:16,0.1,65,2785.25,2778.75,Settlement 15:15,233048.5
2024-03-15,PE,10:50,22000,147.95,11:08,174.5,65,9616.75,-1725.75,SL Hit (21941.4 <= 21951.4),231322.75
2024-03-15,PE,11:50,22000,157.4,11:57,175.7,65,10231.0,-1189.5,SL Hit (21943.5 <= 21954.7),230133.25
2024-03-15,CE,10:01,22000,172.25,15:16,182.6,65,11196.25,-672.75,Settlement 15:15,229460.5
2024-03-15,PE,13:01,22000,151.0,15:16,108.05,65,9815.0,2791.75,Settlement 15:15,232252.25
2024-03-18,CE,10:15,22000,143.4,10:18,160.6,65,9321.0,-1118.0,SL Hit (22036.9 >= 22029.8),231134.25
2024-03-18,CE,10:41,22000,146.6,12:08,163.0,65,9529.0,-1066.0,SL Hit (22043.2 >= 22037.7),230068.25
2024-03-18,CE,12:45,22050,156.2,14:20,169.5,65,10153.0,-864.5,SL Hit (22096.7 >= 22091.0),229203.75
2024-03-18,PE,10:00,22000,136.45,15:16,89.8,65,8869.25,3032.25,Settlement 15:15,232236.0
2024-03-19,PE,10:40,21850,107.0,11:38,117.65,65,6955.0,-692.25,SL Hit (21839.0 <= 21840.6),231543.75
2024-03-19,PE,12:29,21850,110.3,14:02,115.7,65,7169.5,-351.0,SL Hit (21820.8 <= 21821.1),231192.75
2024-03-19,PE,14:56,21850,105.05,15:00,111.5,65,6828.25,-419.25,SL Hit (21831.0 <= 21833.2),230773.5
2024-03-19,CE,10:10,21900,122.95,15:16,70.3,65,7991.75,3422.25,Settlement 15:15,234195.75
2024-03-20,CE,10:15,21800,90.1,11:45,135.55,65,5856.5,-2954.25,SL Hit (21855.8 >= 21852.4),231241.5
2024-03-20,CE,12:09,21850,88.5,12:17,107.85,65,5752.5,-1257.75,SL Hit (21871.8 >= 21860.2),229983.75
2024-03-20,CE,13:02,21850,97.4,13:09,108.9,65,6331.0,-747.5,SL Hit (21890.9 >= 21887.4),229236.25
2024-03-20,PE,11:01,21750,75.95,15:16,38.2,65,4936.75,2453.75,Settlement 15:15,231690.0
2024-03-21,PE,10:16,22050,38.5,12:09,105.75,65,2502.5,-4371.25,SL Hit (21966.1 <= 21990.5),227318.75
2024-03-21,CE,11:25,22050,31.55,15:16,0.15,65,2050.75,2041.0,Settlement 15:15,229359.75
2024-03-21,PE,12:43,22000,34.2,15:16,37.3,65,2223.0,-201.5,Settlement 15:15,229158.25
2024-03-22,CE,10:51,22050,176.4,11:09,185.55,65,11466.0,-594.75,SL Hit (22068.4 >= 22066.8),228563.5
2024-03-22,CE,12:23,22100,155.9,12:53,163.8,65,10133.5,-513.5,SL Hit (22095.2 >= 22093.6),228050.0
2024-03-22,CE,13:42,22100,164.9,14:16,197.25,65,10718.5,-2102.75,SL Hit (22123.0 >= 22116.5),225947.25
2024-03-22,PE,10:08,22000,110.0,15:16,58.05,65,7150.0,3376.75,Settlement 15:15,229324.0
2024-03-26,PE,10:00,22050,92.4,10:07,100.0,65,6006.0,-494.0,SL Hit (22008.7 <= 22010.9),228830.0
2024-03-26,CE,10:11,22000,160.45,10:30,185.35,65,10429.25,-1618.5,SL Hit (22056.9 >= 22051.6),227211.5
2024-03-26,PE,10:33,22050,84.35,14:48,84.35,65,5482.75,0.0,SL Hit (21998.5 <= 22000.9),227211.5
2024-03-26,CE,12:15,22050,128.25,15:16,115.1,65,8336.25,854.75,Settlement 15:15,228066.25
2024-03-26,PE,15:11,22000,62.6,15:16,64.5,65,4069.0,-123.5,Settlement 15:15,227942.75
2024-03-27,CE,10:32,22150,105.45,10:35,109.85,65,6854.25,-286.0,SL Hit (22157.7 >= 22157.2),227656.75
2024-03-27,CE,11:37,22150,92.75,11:39,98.3,65,6028.75,-360.75,SL Hit (22171.7 >= 22171.1),227296.0
2024-03-27,CE,12:16,22150,86.7,13:43,89.15,65,5635.5,-159.25,SL Hit (22179.3 >= 22178.5),227136.75
2024-03-27,PE,10:13,22150,59.7,15:05,61.4,65,3880.5,-110.5,SL Hit (22108.2 <= 22110.8),227026.25
2024-03-28,CE,10:31,22300,58.0,10:37,108.5,65,3770.0,-3282.5,SL Hit (22338.5 >= 22327.3),223743.75
2024-03-28,CE,12:04,22350,41.55,12:36,119.5,65,2700.75,-5066.75,SL Hit (22404.8 >= 22378.5),218677.0
2024-03-28,CE,15:12,22300,27.75,15:16,10.0,65,1803.75,1153.75,Settlement 15:15,219830.75
2024-03-28,PE,09:55,22300,44.0,15:16,18.05,65,2860.0,1686.75,Settlement 15:15,221517.5
2024-04-01,PE,12:07,22500,112.0,12:12,115.5,65,7280.0,-227.5,SL Hit (22465.5 <= 22466.2),221290.0
2024-04-01,PE,13:38,22450,89.4,14:43,105.3,65,5811.0,-1033.5,SL Hit (22439.8 <= 22445.0),220256.5
2024-04-01,CE,10:33,22500,129.5,15:16,103.65,65,8417.5,1680.25,Settlement 15:15,221936.75
2024-04-02,PE,12:43,22450,96.6,13:05,104.55,65,6279.0,-516.75,SL Hit (22413.0 <= 22417.4),221420.0
2024-04-02,CE,10:30,22450,84.3,15:03,88.7,65,5479.5,-286.0,SL Hit (22446.2 >= 22445.2),221134.0
2024-04-02,PE,14:13,22400,75.95,15:16,59.95,65,4936.75,1040.0,Settlement 15:15,222174.0
2024-04-03,CE,10:55,22450,56.35,12:11,70.15,65,3662.75,-897.0,SL Hit (22471.7 >= 22466.9),221277.0
2024-04-03,CE,13:11,22500,67.55,15:16,32.9,65,4390.75,2252.25,Settlement 15:15,223529.25
2024-04-03,PE,10:00,22400,99.95,15:16,42.15,65,6496.75,3757.0,Settlement 15:15,227286.25
2024-04-04,CE,10:00,22400,58.1,13:24,139.55,65,3776.5,-5294.25,SL Hit (22520.0 >= 22514.1),221992.0
2024-04-04,CE,13:58,22550,21.8,14:43,24.45,65,1417.0,-172.25,SL Hit (22560.5 >= 22560.2),221819.75
2024-04-04,CE,15:06,22500,11.5,15:16,11.7,65,747.5,-13.0,Settlement 15:15,221806.75
2024-04-04,PE,11:21,22400,46.55,15:16,0.15,65,3025.75,3016.0,Settlement 15:15,224822.75
2024-04-05,CE,10:12,22500,119.85,10:24,128.75,65,7790.25,-578.5,SL Hit (22494.1 >= 22493.4),224244.25
2024-04-05,CE,11:27,22500,125.25,15:16,131.3,65,8141.25,-393.25,Settlement 15:15,223851.0
2024-04-05,PE,10:27,22500,132.45,15:16,105.0,65,8609.25,1784.25,Settlement 15:15,225635.25
2024-04-08,CE,10:01,22600,109.15,10:11,118.15,65,7094.75,-585.0,SL Hit (22622.1 >= 22617.4),225050.25
2024-04-08,CE,13:33,22650,102.7,15:16,105.4,65,6675.5,-175.5,Settlement 15:15,224874.75
2024-04-08,PE,11:00,22650,104.45,15:16,78.75,65,6789.25,1670.5,Settlement 15:15,226545.25
2024-04-09,CE,10:25,22750,81.6,10:38,88.05,65,5304.0,-419.25,SL Hit (22768.3 >= 22758.3),226126.0
2024-04-09,PE,09:56,22750,68.0,12:24,82.7,65,4420.0,-955.5,SL Hit (22702.5 <= 22707.6),225170.5
2024-04-09,CE,11:16,22750,74.15,15:16,24.65,65,4819.75,3217.5,Settlement 15:15,228388.0
2024-04-09,PE,14:28,22650,51.6,15:16,55.6,65,3354.0,-260.0,Settlement 15:15,228128.0
2024-04-10,PE,10:17,22700,32.4,11:24,42.4,65,2106.0,-650.0,SL Hit (22677.1 <= 22680.0),227478.0
2024-04-10,CE,09:50,22700,53.85,13:22,34.9,65,3500.25,1231.75,SL Hit (22725.9 >= 22722.7),228709.75
2024-04-10,CE,13:53,22700,28.1,14:32,43.15,65,1826.5,-978.25,SL Hit (22747.4 >= 22745.0),227731.5
2024-04-10,CE,14:50,22750,5.5,15:01,6.25,65,357.5,-48.75,SL Hit (22757.5 >= 22750.6),227682.75
2024-04-10,PE,12:08,22700,25.9,15:16,0.1,65,1683.5,1677.0,Settlement 15:15,229359.75
2024-04-12,PE,10:49,22650,114.25,10:53,114.7,65,7426.25,-29.25,SL Hit (22650.8 <= 22652.7),229330.5
2024-04-12,PE,11:25,22700,117.5,12:17,138.6,65,7637.5,-1371.5,SL Hit (22630.6 <= 22645.0),227959.0
2024-04-12,PE,13:05,22550,101.0,13:09,106.2,65,6565.0,-338.0,SL Hit (22560.2 <= 22563.9),227621.0
2024-04-12,CE,09:51,22650,133.05,15:16,81.4,65,8648.25,3357.25,Settlement 15:15,230978.25
2024-04-15,PE,10:09,22350,91.1,15:00,120.75,65,5921.5,-1927.25,SL Hit (22283.0 <= 22284.9),229051.0
2024-04-15,CE,11:23,22400,128.1,15:16,69.65,65,8326.5,3799.25,Settlement 15:15,232850.25
2024-04-16,PE,10:11,22200,87.05,10:15,97.5,65,5658.25,-679.25,SL Hit (22176.2 <= 22187.0),232171.0
2024-04-16,PE,11:19,22200,83.95,11:46,92.8,65,5456.75,-575.25,SL Hit (22177.5 <= 22184.8),231595.75
2024-04-16,CE,10:25,22150,98.0,15:16,90.8,65,6370.0,468.0,Settlement 15:15,232063.75
2024-04-16,PE,13:37,22100,85.0,15:16,53.4,65,5525.0,2054.0,Settlement 15:15,234117.75
2024-04-18,CE,10:23,22150,48.4,11:05,100.8,65,3146.0,-3406.0,SL Hit (22240.2 >= 22217.7),230711.75
2024-04-18,PE,10:40,22200,50.9,13:27,225.6,65,3308.5,-11355.5,SL Hit (22111.7 <= 22151.9),219356.25
2024-04-18,PE,14:22,22150,40.45,14:33,69.4,65,2629.25,-1881.75,SL Hit (22111.2 <= 22111.5),217474.5
2024-04-18,CE,12:38,22300,36.8,15:16,0.05,65,2392.0,2388.75,Settlement 15:15,219863.25
2024-04-19,CE,10:31,21850,190.3,11:25,197.2,65,12369.5,-448.5,SL Hit (21892.5 >= 21892.5),219414.75
2024-04-19,CE,13:21,22050,161.75,13:24,171.45,65,10513.75,-630.5,SL Hit (22056.2 >= 22052.6),218784.25
2024-04-19,CE,14:49,22150,141.75,15:09,165.4,65,9213.75,-1537.25,SL Hit (22176.4 >= 22161.7),217247.0
2024-04-19,PE,09:54,21850,169.3,15:16,73.75,65,11004.5,6210.75,Settlement 15:15,223457.75
2024-04-22,CE,09:50,22250,113.9,11:03,138.15,65,7403.5,-1576.25,SL Hit (22281.5 >= 22280.9),221881.5
2024-04-22,CE,12:21,22300,117.2,14:41,125.75,65,7618.0,-555.75,SL Hit (22307.8 >= 22306.2),221325.75
2024-04-22,PE,10:04,22200,133.0,15:16,63.4,65,8645.0,4524.0,Settlement 15:15,225849.75
2024-04-23,CE,09:52,22400,91.9,10:03,97.6,65,5973.5,-370.5,SL Hit (22407.5 >= 22407.5),225479.25
2024-04-23,PE,10:12,22400,102.3,10:42,110.75,65,6649.5,-549.25,SL Hit (22380.5 <= 22381.6),224930.0
2024-04-23,CE,10:31,22400,93.85,12:11,101.0,65,6100.25,-464.75,SL Hit (22421.0 >= 22420.0),224465.25
2024-04-23,PE,11:20,22400,104.9,15:10,107.4,65,6818.5,-162.5,SL Hit (22361.3 <= 22362.3),224302.75
2024-04-23,CE,12:32,22400,95.9,15:16,77.3,65,6233.5,1209.0,Settlement 15:15,225511.75
2024-04-24,PE,09:56,22450,75.5,14:36,93.1,65,4907.5,-1144.0,SL Hit (22398.7 <= 22401.8),224367.75
2024-04-24,CE,11:21,22450,76.9,15:16,40.95,65,4998.5,2336.75,Settlement 15:15,226704.5
2024-04-25,PE,10:06,22400,42.4,10:51,53.9,65,2756.0,-747.5,SL Hit (22370.2 <= 22373.2),225957.0
2024-04-25,CE,10:57,22350,68.6,13:44,158.55,65,4459.0,-5846.75,SL Hit (22485.8 >= 22473.3),220110.25
2024-04-25,PE,11:16,22450,56.5,15:16,0.45,65,3672.5,3643.25,Settlement 15:15,223753.5
2024-04-26,PE,11:02,22550,122.65,11:04,129.25,65,7972.25,-429.0,SL Hit (22532.5 <= 22532.8),223324.5
2024-04-26,PE,11:40,22550,128.2,11:55,135.15,65,8333.0,-451.75,SL Hit (22524.0 <= 22525.1),222872.75
2024-04-26,PE,14:20,22450,100.5,15:02,117.05,65,6532.5,-1075.75,SL Hit (22407.0 <= 22418.1),221797.0
2024-04-26,CE,09:53,22600,132.75,15:16,85.4,65,8628.75,3077.75,Settlement 15:15,224874.75
2024-04-29,CE,09:55,22450,159.6,10:20,190.6,65,10374.0,-2015.0,SL Hit (22518.0 >= 22517.5),222859.75
2024-04-29,CE,10:53,22500,157.5,11:18,167.8,65,10237.5,-669.5,SL Hit (22540.5 >= 22540.3),222190.25
2024-04-29,CE,14:50,22600,133.55,14:55,142.2,65,8680.75,-562.25,SL Hit (22630.1 >= 22629.7),221628.0
2024-04-29,PE,10:35,22550,83.55,15:16,59.0,65,5430.75,1595.75,Settlement 15:15,223223.75
2024-04-30,CE,10:12,22750,84.25,10:52,101.85,65,5476.25,-1144.0,SL Hit (22759.5 >= 22757.4),222079.75
2024-04-30,CE,11:10,22750,85.85,14:02,97.7,65,5580.25,-770.25,SL Hit (22768.5 >= 22768.1),221309.5
2024-04-30,PE,10:05,22750,84.05,14:51,103.3,65,5463.25,-1251.25,SL Hit (22694.7 <= 22703.1),220058.25
2024-04-30,CE,14:54,22700,89.9,15:16,56.1,65,5843.5,2197.0,Settlement 15:15,222255.25
2024-05-02,CE,11:16,22650,73.85,11:32,98.8,65,4800.25,-1621.75,SL Hit (22701.2 >= 22688.7),220633.5
2024-05-02,CE,12:28,22700,47.45,12:29,50.3,65,3084.25,-185.25,SL Hit (22695.8 >= 22692.6),220448.25
2024-05-02,CE,12:51,22700,40.95,13:26,46.05,65,2661.75,-331.5,SL Hit (22699.2 >= 22696.1),220116.75
2024-05-02,PE,09:48,22650,45.35,15:16,3.6,65,2947.75,2713.75,Settlement 15:15,222830.5
2024-05-03,PE,12:09,22500,146.45,12:52,151.95,65,9519.25,-357.5,SL Hit (22455.2 <= 22459.2),222473.0
2024-05-03,PE,13:31,22400,119.65,13:35,134.9,65,7777.25,-991.25,SL Hit (22396.3 <= 22399.5),221481.75
2024-05-03,CE,10:18,22700,163.35,15:16,73.1,65,10617.75,5866.25,Settlement 15:15,227348.0
2024-05-03,PE,14:19,22400,124.9,15:16,81.65,65,8118.5,2811.25,Settlement 15:15,230159.25
2024-05-08,CE,09:57,22250,98.85,10:07,116.15,65,6425.25,-1124.5,SL Hit (22273.5 >= 22271.7),229034.75
2024-05-08,PE,10:12,22300,96.35,10:22,133.3,65,6262.75,-2401.75,SL Hit (22212.8 <= 22221.0),226633.0
2024-05-08,CE,10:36,22200,102.35,11:19,147.1,65,6652.75,-2908.75,SL Hit (22286.6 >= 22272.2),223724.25
2024-05-08,CE,12:37,22300,115.25,13:20,137.0,65,7491.25,-1413.75,SL Hit (22356.2 >= 22355.4),222310.5
2024-05-08,PE,11:10,22200,76.7,15:16,34.05,65,4985.5,2772.25,Settlement 15:15,225082.75
2024-05-09,PE,11:53,22150,45.1,12:39,53.45,65,2931.5,-542.75,SL Hit (22134.2 <= 22143.8),224540.0
2024-05-09,PE,13:51,22050,27.3,14:02,39.75,65,1774.5,-809.25,SL Hit (22030.2 <= 22033.5),223730.75
2024-05-09,PE,14:24,22050,15.9,14:31,19.55,65,1033.5,-237.25,SL Hit (22039.8 <= 22042.8),223493.5
2024-05-09,CE,10:05,22250,39.15,15:16,0.05,65,2544.75,2541.5,Settlement 15:15,226035.0
2024-05-10,PE,10:03,22100,139.95,10:51,177.6,65,9096.75,-2447.25,SL Hit (22037.2 <= 22048.0),223587.75
2024-05-10,PE,11:28,22050,132.45,11:48,151.2,65,8609.25,-1218.75,SL Hit (22041.2 <= 22042.1),222369.0
2024-05-10,CE,10:26,22100,181.7,15:16,133.55,65,11810.5,3129.75,Settlement 15:15,225498.75
2024-05-10,PE,13:34,22000,134.7,15:16,113.55,65,8755.5,1374.75,Settlement 15:15,226873.5
2024-05-13,PE,10:18,21850,140.1,10:43,152.7,65,9106.5,-819.0,SL Hit (21831.3 <= 21831.8),226054.5
2024-05-13,CE,10:09,21850,157.5,11:06,178.6,65,10237.5,-1371.5,SL Hit (21914.3 >= 21895.6),224683.0
2024-05-13,CE,12:21,22000,126.55,12:25,141.5,65,8225.75,-971.75,SL Hit (22005.3 >= 21993.2),223711.25
2024-05-13,CE,12:55,22000,146.65,13:53,173.05,65,9532.25,-1716.0,SL Hit (22059.5 >= 22043.5),221995.25
2024-05-13,PE,11:22,21950,136.2,15:16,59.5,65,8853.0,4985.5,Settlement 15:15,226980.75
2024-05-14,CE,10:07,22100,120.45,11:04,147.4,65,7829.25,-1751.75,SL Hit (22160.5 >= 22156.9),225229.0
2024-05-14,CE,11:31,22150,115.05,12:04,129.4,65,7478.25,-932.75,SL Hit (22193.8 >= 22189.5),224296.25
2024-05-14,CE,13:24,22200,112.2,13:32,127.45,65,7293.0,-991.25,SL Hit (22235.6 >= 22234.4),223305.0
2024-05-14,PE,10:21,22100,112.4,15:16,48.1,65,7306.0,4179.5,Settlement 15:15,227484.5
2024-05-15,PE,09:48,22300,95.8,10:00,137.35,65,6227.0,-2700.75,SL Hit (22226.6 <= 22240.7),224783.75
2024-05-15,CE,10:11,22200,80.6,15:16,72.0,65,5239.0,559.0,Settlement 15:15,225342.75
2024-05-15,PE,11:07,22250,91.0,15:16,96.05,65,5915.0,-328.25,Settlement 15:15,225014.5
2024-05-16,PE,10:46,22200,84.1,10:47,100.5,65,5466.5,-1066.0,SL Hit (22160.8 <= 22175.7),223948.5
2024-05-16,CE,10:06,22250,45.8,12:14,71.45,65,2977.0,-1667.25,SL Hit (22289.5 >= 22262.9),222281.25
2024-05-16,PE,11:48,22150,68.65,13:04,87.75,65,4462.25,-1241.5,SL Hit (22122.5 <= 22129.3),221039.75
2024-05-16,CE,12:38,22150,65.3,14:52,166.5,65,4244.5,-6578.0,SL Hit (22307.8 >= 22294.7),214461.75
2024-05-16,PE,14:04,22100,36.45,15:16,0.15,65,2369.25,2359.5,Settlement 15:15,216821.25
2024-05-17,CE,10:56,22450,148.5,11:02,151.5,65,9652.5,-195.0,SL Hit (22467.7 >= 22467.5),216626.25
2024-05-17,CE,11:29,22450,146.1,11:44,157.05,65,9496.5,-711.75,SL Hit (22483.5 >= 22481.8),215914.5
2024-05-17,CE,12:09,22450,156.05,13:34,164.85,65,10143.25,-572.0,SL Hit (22500.2 >= 22490.1),215342.5
2024-05-17,PE,10:06,22400,150.5,15:16,94.8,65,9782.5,3620.5,Settlement 15:15,218963.0
2024-05-18,CE,11:30,22500,120.0,11:31,121.25,65,7800.0,-81.25,SL Hit (22499.4 >= 22489.7),218881.75
2024-05-18,CE,12:10,22500,123.85,12:11,126.5,65,8050.25,-172.25,SL Hit (22503.3 >= 22498.5),218709.5
2024-05-18,PE,11:45,22500,112.2,15:16,114.45,65,7293.0,-146.25,Settlement 15:15,218563.25
2024-05-21,CE,09:58,22450,125.25,11:01,136.0,65,8141.25,-698.75,SL Hit (22486.3 >= 22485.1),217864.5
2024-05-21,CE,12:31,22550,106.05,12:41,114.25,65,6893.25,-533.0,SL Hit (22553.0 >= 22551.2),217331.5
2024-05-21,CE,13:30,22550,113.6,15:16,95.15,65,7384.0,1199.25,Settlement 15:15,218530.75
2024-05-21,PE,11:19,22500,103.15,15:16,85.4,65,6704.75,1153.75,Settlement 15:15,219684.5
2024-05-22,PE,10:57,22550,77.4,11:05,94.9,65,5031.0,-1137.5,SL Hit (22530.0 <= 22531.6),218547.0
2024-05-22,CE,11:08,22550,84.9,12:17,104.65,65,5518.5,-1283.75,SL Hit (22579.4 >= 22577.0),217263.25
2024-05-22,CE,15:00,22550,87.35,15:08,116.2,65,5677.75,-1875.25,SL Hit (22615.5 >= 22610.7),215388.0
2024-05-22,PE,11:55,22550,79.95,15:16,46.95,65,5196.75,2145.0,Settlement 15:15,217533.0
2024-05-23,CE,10:08,22700,65.85,10:20,84.05,65,4280.25,-1183.0,SL Hit (22707.5 >= 22684.3),216350.0
2024-05-23,CE,10:47,22650,86.25,11:21,112.65,65,5606.25,-1716.0,SL Hit (22713.7 >= 22712.8),214634.0
2024-05-23,CE,13:25,22850,50.95,13:26,56.7,65,3311.75,-373.75,SL Hit (22852.5 >= 22851.2),214260.25
2024-05-23,PE,10:27,22700,58.35,15:16,0.2,65,3792.75,3779.75,Settlement 15:15,218040.0
2024-05-24,CE,10:10,22950,176.95,10:24,198.6,65,11501.75,-1407.25,SL Hit (22961.7 >= 22959.1),216632.75
2024-05-24,CE,11:16,23000,172.15,12:38,173.05,65,11189.75,-58.5,SL Hit (22985.3 >= 22985.3),216574.25
2024-05-24,CE,13:16,23000,182.95,14:20,202.8,65,11891.75,-1290.25,SL Hit (23022.5 >= 23019.4),215284.0
2024-05-24,PE,10:27,22950,152.55,15:16,118.7,65,9915.75,2200.25,Settlement 15:15,217484.25
2024-05-27,CE,10:05,22950,177.15,10:59,199.2,65,11514.75,-1433.25,SL Hit (23003.0 >= 23000.1),216051.0
2024-05-27,PE,11:02,23000,113.15,11:03,114.9,65,7354.75,-113.75,SL Hit (22988.3 <= 22989.7),215937.25
2024-05-27,CE,11:07,23000,163.4,11:39,174.35,65,10621.0,-711.75,SL Hit (23004.7 >= 23003.5),215225.5
2024-05-27,PE,12:01,23050,98.05,14:49,131.55,65,6373.25,-2177.5,SL Hit (22987.9 <= 22997.3),213048.0
2024-05-27,CE,13:01,23050,190.1,15:16,104.5,65,12356.5,5564.0,Settlement 15:15,218612.0
2024-05-28,CE,10:12,22950,145.9,10:17,152.55,65,9483.5,-432.25,SL Hit (22969.4 >= 22967.8),218179.75
2024-05-28,CE,10:49,23000,130.3,15:16,81.6,65,8469.5,3165.5,Settlement 15:15,221345.25
2024-05-28,PE,12:59,22950,108.8,15:16,115.2,65,7072.0,-416.0,Settlement 15:15,220929.25
2024-05-29,PE,10:49,22750,96.15,11:17,116.7,65,6249.75,-1335.75,SL Hit (22708.0 <= 22721.9),219593.5
2024-05-29,PE,11:30,22750,102.75,15:05,98.0,65,6678.75,308.75,SL Hit (22687.9 <= 22708.2),219902.25
2024-05-29,CE,09:55,22800,117.2,15:16,53.6,65,7618.0,4134.0,Settlement 15:15,224036.25
2024-05-30,CE,10:11,22600,48.65,10:36,64.75,65,3162.25,-1046.5,SL Hit (22617.7 >= 22605.5),222989.75
2024-05-30,PE,10:27,22600,82.3,11:22,89.65,65,5349.5,-477.75,SL Hit (22547.8 <= 22550.9),222512.0
2024-05-30,CE,11:25,22550,54.0,12:58,71.75,65,3510.0,-1153.75,SL Hit (22596.5 >= 22589.5),221358.25
2024-05-30,PE,11:54,22550,50.8,13:27,38.35,65,3302.0,809.25,SL Hit (22540.3 <= 22542.6),222167.5
2024-05-30,PE,13:54,22550,24.15,14:25,43.3,65,1569.75,-1244.75,SL Hit (22516.0 <= 22517.0),220922.75
2024-05-30,CE,13:40,22550,31.35,15:16,0.2,65,2037.75,2024.75,Settlement 15:15,222947.5
2024-05-31,PE,10:21,22550,382.3,10:23,389.05,65,24849.5,-438.75,SL Hit (22522.2 <= 22526.5),222508.75
2024-05-31,PE,10:48,22550,384.6,10:57,385.9,65,24999.0,-84.5,SL Hit (22514.8 <= 22518.4),222424.25
2024-05-31,PE,11:48,22550,371.8,12:10,388.05,65,24167.0,-1056.25,SL Hit (22506.1 <= 22508.4),221368.0
2024-05-31,CE,10:17,22550,410.9,13:46,455.6,65,26708.5,-2905.5,SL Hit (22590.7 >= 22581.9),218462.5
2024-05-31,CE,14:27,22550,445.15,15:16,475.1,65,28934.75,-1946.75,Settlement 15:15,216515.75
2024-06-03,CE,09:47,23100,299.9,10:00,346.85,65,19493.5,-3051.75,SL Hit (23177.8 >= 23171.5),213464.0
2024-06-03,CE,10:28,23200,279.75,10:29,287.55,65,18183.75,-507.0,SL Hit (23203.0 >= 23203.0),212957.0
2024-06-03,CE,10:46,23150,296.4,11:45,318.2,65,19266.0,-1417.0,SL Hit (23207.5 >= 23207.4),211540.0
2024-06-03,PE,10:03,23150,279.05,15:16,259.15,65,18138.25,1293.5,Settlement 15:15,212833.5
2024-06-04,PE,10:00,22750,422.1,10:45,562.1,65,27436.5,-9100.0,SL Hit (22533.2 <= 22553.7),203733.5
2024-06-04,CE,10:24,22800,371.75,15:16,371.75,65,24163.75,0.0,Settlement 15:15,203733.5
2024-06-04,PE,12:51,21850,493.3,15:16,279.7,65,32064.5,13884.0,Settlement 15:15,217617.5
2024-06-05,CE,09:55,21900,162.2,10:09,234.15,65,10543.0,-4676.75,SL Hit (22046.3 >= 22001.2),212940.75
2024-06-05,CE,11:57,22300,170.05,13:10,215.2,65,11053.25,-2934.75,SL Hit (22419.8 >= 22418.1),210006.0
2024-06-05,CE,14:21,22500,151.5,14:39,182.3,65,9847.5,-2002.0,SL Hit (22582.8 >= 22566.5),208004.0
2024-06-05,PE,10:15,22050,223.85,15:16,36.45,65,14550.25,12181.0,Settlement 15:15,220185.0
2024-06-06,CE,09:51,22750,93.45,10:10,105.05,65,6074.25,-754.0,SL Hit (22788.7 >= 22785.0),219431.0
2024-06-06,CE,10:58,22850,81.4,10:59,88.5,65,5291.0,-461.5,SL Hit (22884.0 >= 22881.7),218969.5
2024-06-06,PE,10:25,22850,110.8,11:47,181.0,65,7202.0,-4563.0,SL Hit (22727.9 <= 22752.8),214406.5
2024-06-06,PE,12:28,22750,83.5,13:02,113.5,65,5427.5,-1950.0,SL Hit (22696.3 <= 22713.0),212456.5
2024-06-06,PE,13:46,22850,86.5,14:29,153.55,65,5622.5,-4358.25,SL Hit (22724.0 <= 22729.0),208098.25
2024-06-06,CE,11:23,22900,68.05,15:16,0.1,65,4423.25,4416.75,Settlement 15:15,212515.0
2024-06-07,CE,09:56,22900,244.6,09:59,263.9,65,15899.0,-1254.5,SL Hit (22979.0 >= 22952.9),211260.5
2024-06-07,CE,10:24,22950,223.75,10:38,257.4,65,14543.75,-2187.25,SL Hit (23016.2 >= 23005.1),209073.25
2024-06-07,CE,11:31,23050,225.3,11:35,247.95,65,14644.5,-1472.25,SL Hit (23100.8 >= 23078.5),207601.0
2024-06-07,PE,10:04,22950,224.45,15:16,97.5,65,14589.25,8251.75,Settlement 15:15,215852.75
2024-06-10,CE,10:47,23350,173.2,11:27,182.85,65,11258.0,-627.25,SL Hit (23362.4 >= 23361.0),215225.5
2024-06-10,CE,12:01,23350,169.05,13:43,170.9,65,10988.25,-120.25,SL Hit (23358.7 >= 23358.1),215105.25
2024-06-10,PE,10:30,23350,200.25,14:28,213.2,65,13016.25,-841.75,SL Hit (23298.1 <= 23304.4),214263.5
2024-06-10,PE,15:07,23300,201.95,15:13,206.1,65,13126.75,-269.75,SL Hit (23266.5 <= 23267.2),213993.75
2024-06-10,CE,14:38,23250,168.1,15:16,158.1,65,10926.5,650.0,Settlement 15:15,214643.75
2024-06-11,CE,10:32,23300,151.3,10:34,153.8,65,9834.5,-162.5,SL Hit (23325.6 >= 23325.0),214481.25
2024-06-11,CE,11:04,23300,145.8,11:12,155.1,65,9477.0,-604.5,SL Hit (23331.4 >= 23329.7),213876.75
2024-06-11,CE,11:34,23300,144.25,12:25,158.25,65,9376.25,-910.0,SL Hit (23339.3 >= 23336.4),212966.75
2024-06-11,PE,10:14,23300,132.45,15:15,139.6,65,8609.25,-464.75,SL Hit (23249.8 <= 23257.0),212502.0
2024-06-12,CE,10:22,23400,101.15,10:41,119.45,65,6574.75,-1189.5,SL Hit (23427.3 >= 23420.6),211312.5
2024-06-12,PE,10:05,23400,99.0,13:50,119.5,65,6435.0,-1332.5,SL Hit (23362.0 <= 23364.8),209980.0
2024-06-12,PE,14:39,23350,90.85,15:01,96.05,65,5905.25,-338.0,SL Hit (23334.1 <= 23338.8),209642.0
2024-06-12,CE,11:04,23400,111.2,15:16,52.75,65,7228.0,3799.25,Settlement 15:15,213441.25
2024-06-13,PE,10:07,23400,68.4,11:17,58.0,65,4446.0,676.0,SL Hit (23360.7 <= 23364.1),214117.25
2024-06-13,CE,09:49,23400,42.85,15:16,0.95,65,2785.25,2723.5,Settlement 15:15,216840.75
2024-06-13,PE,11:33,23350,23.9,15:16,0.05,65,1553.5,1550.25,Settlement 15:15,218391.0
2024-06-14,CE,11:35,23450,111.65,11:54,119.65,65,7257.25,-520.0,SL Hit (23448.2 >= 23447.1),217871.0
2024-06-14,CE,12:12,23450,110.6,13:10,117.3,65,7189.0,-435.5,SL Hit (23452.5 >= 23452.4),217435.5
2024-06-14,CE,13:41,23450,106.4,14:33,114.9,65,6916.0,-552.5,SL Hit (23462.4 >= 23461.8),216883.0
2024-06-14,PE,10:15,23450,127.65,15:16,108.95,65,8297.25,1215.5,Settlement 15:15,218098.5
2024-06-18,PE,10:08,23550,76.4,10:14,84.4,65,4966.0,-520.0,SL Hit (23542.3 <= 23550.3),217578.5
2024-06-18,PE,11:14,23550,77.35,12:29,89.1,65,5027.75,-763.75,SL Hit (23525.2 <= 23528.3),216814.75
2024-06-18,CE,10:27,23550,87.1,15:16,89.15,65,5661.5,-133.25,Settlement 15:15,216681.5
2024-06-18,PE,13:34,23550,81.65,15:16,80.6,65,5307.25,68.25,Settlement 15:15,216749.75
2024-06-19,CE,10:18,23550,75.0,14:32,129.05,65,4875.0,-3513.25,SL Hit (23618.5 >= 23608.2),213236.5
2024-06-19,CE,15:09,23500,74.9,15:16,83.65,65,4868.5,-568.75,Settlement 15:15,212667.75
2024-06-19,PE,11:06,23500,90.35,15:16,63.05,65,5872.75,1774.5,Settlement 15:15,214442.25
2024-06-20,CE,09:58,23500,53.65,10:22,58.7,65,3487.25,-328.25,SL Hit (23525.9 >= 23518.6),214114.0
2024-06-20,CE,11:19,23550,29.25,11:45,38.3,65,1901.25,-588.25,SL Hit (23559.5 >= 23559.3),213525.75
2024-06-20,CE,12:12,23550,33.15,13:01,39.65,65,2154.75,-422.5,SL Hit (23572.0 >= 23565.8),213103.25
2024-06-20,PE,10:32,23500,49.5,15:16,0.05,65,3217.5,3214.25,Settlement 15:15,216317.5
2024-06-21,PE,10:03,23600,124.6,10:42,139.55,65,8099.0,-971.75,SL Hit (23556.8 <= 23571.6),215345.75
2024-06-21,PE,11:44,23550,121.5,12:38,160.9,65,7897.5,-2561.0,SL Hit (23480.0 <= 23509.4),212784.75
2024-06-21,PE,13:29,23450,127.15,14:34,142.55,65,8264.75,-1001.0,SL Hit (23426.7 <= 23427.5),211783.75
2024-06-21,CE,10:51,23500,158.6,15:16,118.0,65,10309.0,2639.0,Settlement 15:15,214422.75
2024-06-24,CE,11:47,23500,138.0,12:27,156.55,65,8970.0,-1205.75,SL Hit (23545.5 >= 23542.4),213217.0
2024-06-24,CE,12:49,23500,137.5,15:16,137.5,65,8937.5,0.0,Settlement 15:15,213217.0
2024-06-24,PE,09:59,23400,118.35,15:16,66.05,65,7692.75,3399.5,Settlement 15:15,216616.5
2024-06-25,PE,09:51,23600,100.45,10:01,115.8,65,6529.25,-997.75,SL Hit (23571.7 <= 23573.6),215618.75
2024-06-25,CE,11:20,23550,123.5,12:26,145.95,65,8027.5,-1459.25,SL Hit (23621.2 >= 23602.0),214159.5
2024-06-25,CE,14:51,23700,111.05,15:03,109.15,65,7218.25,123.5,SL Hit (23701.7 >= 23701.5),214283.0
2024-06-25,PE,10:18,23600,102.95,15:16,55.15,65,6691.75,3107.0,Settlement 15:15,217390.0
2024-06-26,CE,13:06,23800,106.05,13:28,122.35,65,6893.25,-1059.5,SL Hit (23855.8 >= 23854.3),216330.5
2024-06-26,CE,15:09,23900,62.35,15:12,68.0,65,4052.75,-367.25,SL Hit (23888.8 >= 23887.6),215963.25
2024-06-26,PE,10:23,23750,103.9,15:16,31.25,65,6753.5,4722.25,Settlement 15:15,220685.5
2024-06-27,PE,10:13,23950,63.0,10:43,114.9,65,4095.0,-3373.5,SL Hit (23856.7 <= 23872.6),217312.0
2024-06-27,CE,10:37,23900,81.2,12:12,125.05,65,5278.0,-2850.25,SL Hit (23987.2 >= 23986.7),214461.75
2024-06-27,CE,13:04,23950,65.45,15:10,82.5,65,4254.25,-1108.25,SL Hit (24032.5 >= 24031.7),213353.5
2024-06-27,PE,11:18,23900,43.55,15:16,0.2,65,2830.75,2817.75,Settlement 15:15,216171.25
2024-06-28,PE,11:07,24150,147.4,11:29,162.35,65,9581.0,-971.75,SL Hit (24113.4 <= 24120.2),215199.5
2024-06-28,PE,11:39,24150,154.85,11:58,162.15,65,10065.25,-474.5,SL Hit (24111.0 <= 24112.2),214725.0
2024-06-28,PE,13:19,24050,144.05,15:04,136.6,65,9363.25,484.25,SL Hit (24013.5 <= 24021.2),215209.25
2024-06-28,CE,10:11,24150,164.15,15:16,101.05,65,10669.75,4101.5,Settlement 15:15,219310.75
2024-07-01,PE,10:11,24050,112.05,10:12,118.65,65,7283.25,-429.0,SL Hit (24064.6 <= 24070.3),218881.75
2024-07-01,CE,10:17,24050,155.5,11:29,188.05,65,10107.5,-2115.75,SL Hit (24115.1 >= 24099.3),216766.0
2024-07-01,CE,12:00,24100,147.55,12:07,153.6,65,9590.75,-393.25,SL Hit (24122.8 >= 24120.7),216372.75
2024-07-01,CE,12:43,24100,144.0,13:18,153.0,65,9360.0,-585.0,SL Hit (24128.0 >= 24127.0),215787.75
2024-07-01,PE,11:33,24100,115.0,15:16,104.45,65,7475.0,685.75,Settlement 15:15,216473.5
2024-07-02,PE,10:08,24150,121.25,12:46,139.85,65,7881.25,-1209.0,SL Hit (24088.0 <= 24098.8),215264.5
2024-07-02,CE,11:47,24150,117.0,15:16,97.5,65,7605.0,1267.5,Settlement 15:15,216532.0
2024-07-02,PE,13:26,24100,89.75,15:16,87.6,65,5833.75,139.75,Settlement 15:15,216671.75
2024-07-03,CE,10:25,24250,115.8,10:26,119.1,65,7527.0,-214.5,SL Hit (24280.8 >= 24279.8),216457.25
2024-07-03,PE,09:55,24300,94.85,11:26,117.55,65,6165.25,-1475.5,SL Hit (24244.8 <= 24246.7),214981.75
2024-07-03,CE,11:07,24300,80.5,12:32,81.3,65,5232.5,-52.0,SL Hit (24286.2 >= 24283.3),214929.75
2024-07-03,CE,13:12,24300,71.85,13:45,79.4,65,4670.25,-490.75,SL Hit (24291.6 >= 24290.2),214439.0
2024-07-03,PE,12:37,24300,88.45,14:26,105.5,65,5749.25,-1108.25,SL Hit (24247.9 <= 24252.1),213330.75
2024-07-04,PE,11:31,24350,32.35,11:34,38.5,65,2102.75,-399.75,SL Hit (24332.0 <= 24334.8),212931.0
2024-07-04,PE,12:12,24350,28.0,13:46,44.6,65,1820.0,-1079.0,SL Hit (24321.1 <= 24325.3),211852.0
2024-07-04,PE,14:15,24300,5.1,14:53,4.95,65,331.5,9.75,SL Hit (24313.0 <= 24313.5),211861.75
2024-07-04,CE,10:15,24400,35.1,15:16,0.1,65,2281.5,2275.0,Settlement 15:15,214136.75
2024-07-05,CE,11:15,24250,131.1,11:30,144.05,65,8521.5,-841.75,SL Hit (24258.7 >= 24257.2),213295.0
2024-07-05,CE,12:01,24300,132.0,12:23,142.0,65,8580.0,-650.0,SL Hit (24282.8 >= 24281.8),212645.0
2024-07-05,CE,12:55,24300,128.9,15:03,129.85,65,8378.5,-61.75,SL Hit (24300.8 >= 24285.7),212583.25
2024-07-05,PE,10:18,24200,103.8,15:16,55.95,65,6747.0,3110.25,Settlement 15:15,215693.5
2024-07-08,PE,10:08,24300,105.1,11:10,115.65,65,6831.5,-685.75,SL Hit (24271.0 <= 24271.0),215007.75
2024-07-08,PE,11:39,24300,109.15,11:42,115.8,65,7094.75,-432.25,SL Hit (24272.8 <= 24272.8),214575.5
2024-07-08,CE,10:41,24300,106.65,15:16,117.1,65,6932.25,-679.25,Settlement 15:15,213896.25
2024-07-08,PE,12:38,24300,116.8,15:16,94.1,65,7592.0,1475.5,Settlement 15:15,215371.75
2024-07-09,CE,10:23,24350,109.15,10:53,123.35,65,7094.75,-923.0,SL Hit (24382.8 >= 24382.6),214448.75
2024-07-09,CE,11:07,24400,87.05,11:11,89.4,65,5658.25,-152.75,SL Hit (24384.6 >= 24384.4),214296.0
2024-07-09,CE,12:14,24400,89.0,12:29,92.9,65,5785.0,-253.5,SL Hit (24399.2 >= 24398.6),214042.5
2024-07-09,PE,10:55,24400,85.7,15:16,63.55,65,5570.5,1439.75,Settlement 15:15,215482.25
2024-07-10,CE,09:49,24400,75.3,15:16,36.55,65,4894.5,2518.75,Settlement 15:15,218001.0
2024-07-10,PE,11:47,24250,97.45,15:16,37.95,65,6334.25,3867.5,Settlement 15:15,221868.5
2024-07-11,PE,10:08,24350,39.65,10:12,67.5,65,2577.25,-1810.25,SL Hit (24319.0 <= 24336.7),220058.25
2024-07-11,PE,11:25,24250,32.8,12:03,71.45,65,2132.0,-2512.25,SL Hit (24220.8 <= 24248.0),217546.0
2024-07-11,CE,10:21,24250,42.35,15:16,64.75,65,2752.75,-1456.0,Settlement 15:15,216090.0
2024-07-11,PE,12:52,24300,43.7,15:16,0.1,65,2840.5,2834.0,Settlement 15:15,218924.0
2024-07-12,CE,09:59,24400,128.3,10:53,166.0,65,8339.5,-2450.5,SL Hit (24473.3 >= 24450.6),216473.5
2024-07-12,CE,11:29,24500,125.1,14:02,179.25,65,8131.5,-3519.75,SL Hit (24562.8 >= 24561.7),212953.75
2024-07-12,CE,15:05,24500,132.15,15:16,125.2,65,8589.75,451.75,Settlement 15:15,213405.5
2024-07-12,PE,10:50,24400,105.75,15:16,70.7,65,6873.75,2278.25,Settlement 15:15,215683.75
2024-07-15,CE,11:59,24600,102.55,13:15,118.0,65,6665.75,-1004.25,SL Hit (24626.5 >= 24616.8),214679.5
2024-07-15,CE,13:46,24600,111.85,15:16,101.5,65,7270.25,672.75,Settlement 15:15,215352.25
2024-07-15,PE,10:21,24550,96.0,15:16,75.3,65,6240.0,1345.5,Settlement 15:15,216697.75
2024-07-16,CE,09:56,24650,81.4,10:33,86.35,65,5291.0,-321.75,SL Hit (24644.8 >= 24644.4),216376.0
2024-07-16,CE,11:14,24650,94.55,11:36,94.2,65,6145.75,22.75,SL Hit (24659.3 >= 24658.7),216398.75
2024-07-16,PE,10:46,24650,72.7,12:18,82.1,65,4725.5,-611.0,SL Hit (24621.7 <= 24632.0),215787.75
2024-07-16,PE,12:49,24650,71.75,13:38,88.65,65,4663.75,-1098.5,SL Hit (24615.5 <= 24622.3),214689.25
2024-07-16,PE,13:57,24600,58.15,14:08,65.05,65,3779.75,-448.5,SL Hit (24612.2 <= 24613.6),214240.75
2024-07-16,CE,11:56,24650,86.4,15:16,53.6,65,5616.0,2132.0,Settlement 15:15,216372.75
2024-07-18,CE,10:42,24650,42.9,10:43,49.3,65,2788.5,-416.0,SL Hit (24655.9 >= 24648.4),215956.75
2024-07-18,CE,10:57,24600,61.5,13:10,106.65,65,3997.5,-2934.75,SL Hit (24667.4 >= 24653.9),213022.0
2024-07-18,CE,14:38,24800,21.3,14:51,46.85,65,1384.5,-1660.75,SL Hit (24832.8 >= 24829.4),211361.25
2024-07-18,PE,09:56,24650,46.8,15:16,0.2,65,3042.0,3029.0,Settlement 15:15,214390.25
2024-07-19,PE,11:35,24650,225.3,11:40,240.4,65,14644.5,-981.5,SL Hit (24635.3 <= 24646.4),213408.75
2024-07-19,PE,12:14,24650,225.75,12:34,246.85,65,14673.75,-1371.5,SL Hit (24617.7 <= 24628.9),212037.25
2024-07-19,PE,14:02,24600,220.6,14:04,227.95,65,14339.0,-477.75,SL Hit (24606.7 <= 24607.5),211559.5
2024-07-19,CE,09:53,24700,244.5,15:16,159.25,65,15892.5,5541.25,Settlement 15:15,217100.75
2024-07-22,PE,10:00,24500,224.7,12:31,232.45,65,14605.5,-503.75,SL Hit (24475.0 <= 24482.2),216597.0
2024-07-22,CE,11:08,24550,232.1,15:16,192.3,65,15086.5,2587.0,Settlement 15:15,219184.0
2024-07-22,PE,12:50,24500,221.8,15:16,217.3,65,14417.0,292.5,Settlement 15:15,219476.5
2024-07-23,CE,10:07,24450,227.3,11:07,267.85,65,14774.5,-2635.75,SL Hit (24542.5 >= 24523.0),216840.75
2024-07-23,PE,10:39,24450,225.75,12:17,273.7,65,14673.75,-3116.75,SL Hit (24382.2 <= 24433.5),213724.0
2024-07-23,CE,11:20,24500,201.0,15:16,99.05,65,13065.0,6626.75,Settlement 15:15,220350.75
2024-07-23,PE,14:02,24450,146.0,15:16,103.85,65,9490.0,2739.75,Settlement 15:15,223090.5
2024-07-24,PE,10:20,24450,107.8,10:28,139.25,65,7007.0,-2044.25,SL Hit (24414.2 <= 24427.5),221046.25
2024-07-24,CE,10:32,24450,84.55,10:54,119.1,65,5495.75,-2245.75,SL Hit (24492.1 >= 24487.2),218800.5
2024-07-24,PE,10:57,24450,108.2,11:27,126.4,65,7033.0,-1183.0,SL Hit (24419.8 <= 24420.8),217617.5
2024-07-24,PE,13:03,24350,129.2,13:57,126.1,65,8398.0,201.5,SL Hit (24316.4 <= 24322.0),217819.0
2024-07-24,CE,11:19,24450,94.25,15:16,45.75,65,6126.25,3152.5,Settlement 15:15,220971.5
2024-07-25,PE,10:17,24300,53.15,10:24,62.5,65,3454.75,-607.75,SL Hit (24273.2 <= 24274.4),220363.75
2024-07-25,CE,10:28,24300,28.8,10:35,45.35,65,1872.0,-1075.75,SL Hit (24314.5 >= 24304.8),219288.0
2024-07-25,CE,11:23,24300,39.5,11:34,48.85,65,2567.5,-607.75,SL Hit (24331.8 >= 24331.8),218680.25
2024-07-25,CE,12:45,24350,38.15,12:48,49.1,65,2479.75,-711.75,SL Hit (24383.0 >= 24382.0),217968.5
2024-07-25,PE,10:39,24300,42.55,15:16,0.15,65,2765.75,2756.0,Settlement 15:15,220724.5
2024-07-26,CE,11:36,24650,151.85,12:31,170.8,65,9870.25,-1231.75,SL Hit (24669.4 >= 24658.5),219492.75
2024-07-26,CE,14:05,24800,150.7,14:59,180.75,65,9795.5,-1953.25,SL Hit (24828.3 >= 24826.4),217539.5
2024-07-26,PE,10:09,24550,125.75,15:16,41.25,65,8173.75,5492.5,Settlement 15:15,223032.0
2024-07-29,PE,09:53,24900,116.2,10:11,120.8,65,7553.0,-299.0,SL Hit (24896.3 <= 24896.3),222733.0
2024-07-29,CE,10:18,24900,116.35,10:58,152.15,65,7562.75,-2327.0,SL Hit (24928.7 >= 24926.6),220406.0
2024-07-29,PE,11:05,24950,109.8,12:17,150.2,65,7137.0,-2626.0,SL Hit (24853.7 <= 24864.6),217780.0
2024-07-29,PE,12:43,24900,130.1,13:59,151.65,65,8456.5,-1400.75,SL Hit (24825.8 <= 24826.5),216379.25
2024-07-29,CE,12:22,24850,148.4,15:16,115.45,65,9646.0,2141.75,Settlement 15:15,218521.0
2024-07-30,CE,09:51,24850,118.9,10:34,130.7,65,7728.5,-767.0,SL Hit (24883.0 >= 24881.9),217754.0
2024-07-30,PE,11:07,24950,105.3,13:19,123.9,65,6844.5,-1209.0,SL Hit (24898.2 <= 24900.5),216545.0
2024-07-30,CE,11:56,24950,94.0,14:40,107.65,65,6110.0,-887.25,SL Hit (24970.4 >= 24966.0),215657.75
2024-07-30,PE,13:55,24900,84.65,15:00,103.85,65,5502.25,-1248.0,SL Hit (24880.5 <= 24889.3),214409.75
2024-07-31,PE,10:24,24950,83.95,11:10,117.65,65,5456.75,-2190.5,SL Hit (24906.2 <= 24922.5),212219.25
2024-07-31,PE,12:20,24950,97.8,12:33,103.2,65,6357.0,-351.0,SL Hit (24927.1 <= 24928.7),211868.25
2024-07-31,PE,13:43,24950,92.0,13:44,90.2,65,5980.0,117.0,SL Hit (24934.5 <= 24936.0),211985.25
2024-07-31,CE,10:32,24950,97.6,14:28,99.35,65,6344.0,-113.75,SL Hit (24960.7 >= 24953.0),211871.5
2024-07-31,CE,14:51,24950,85.1,15:16,85.45,65,5531.5,-22.75,Settlement 15:15,211848.75
2024-08-01,PE,11:15,25050,36.05,11:43,53.0,65,2343.25,-1101.75,SL Hit (25000.3 <= 25001.8),210747.0
2024-08-01,PE,12:53,25000,34.95,14:31,30.0,65,2271.75,321.75,SL Hit (24963.3 <= 24966.5),211068.75
2024-08-01,CE,09:57,25050,41.8,15:16,0.1,65,2717.0,2710.5,Settlement 15:15,213779.25
2024-08-01,PE,14:51,25000,10.65,15:16,0.35,65,692.25,669.5,Settlement 15:15,214448.75
2024-08-02,PE,10:19,24800,180.6,15:00,235.4,65,11739.0,-3562.0,SL Hit (24703.5 <= 24724.9),210886.75
2024-08-02,CE,09:50,24750,154.5,15:16,122.05,65,10042.5,2109.25,Settlement 15:15,212996.0
2024-08-05,PE,10:02,24300,154.5,10:38,201.95,65,10042.5,-3084.25,SL Hit (24235.7 <= 24240.8),209911.75
2024-08-05,PE,12:21,24050,230.2,12:31,270.95,65,14963.0,-2648.75,SL Hit (23979.3 <= 23994.1),207263.0
2024-08-05,CE,11:06,24100,213.35,15:16,194.15,65,13867.75,1248.0,Settlement 15:15,208511.0
2024-08-05,PE,13:19,24000,212.7,15:16,180.2,65,13825.5,2112.5,Settlement 15:15,210623.5
2024-08-06,PE,11:01,24250,153.1,13:35,212.85,65,9951.5,-3883.75,SL Hit (24127.0 <= 24131.6),206739.75
2024-08-06,CE,10:16,24300,143.15,15:16,37.9,65,9304.75,6841.25,Settlement 15:15,213581.0
2024-08-06,PE,15:00,24000,144.4,15:16,147.35,65,9386.0,-191.75,Settlement 15:15,213389.25
2024-08-07,CE,09:53,24250,107.1,10:29,134.4,65,6961.5,-1774.5,SL Hit (24268.5 >= 24263.3),211614.75
2024-08-07,PE,10:41,24300,92.5,13:29,162.2,65,6012.5,-4530.5,SL Hit (24195.4 <= 24196.6),207084.25
2024-08-07,CE,11:13,24250,106.2,15:16,143.9,65,6903.0,-2450.5,Settlement 15:15,204633.75
2024-08-07,PE,13:52,24200,74.2,15:16,39.8,65,4823.0,2236.0,Settlement 15:15,206869.75
2024-08-08,CE,10:04,24200,99.35,12:13,132.0,65,6457.75,-2122.25,SL Hit (24280.2 >= 24260.7),204747.5
2024-08-08,PE,10:31,24200,95.35,13:29,129.25,65,6197.75,-2203.5,SL Hit (24112.0 <= 24120.5),202544.0
2024-08-08,PE,14:19,24150,28.25,14:57,37.35,65,1836.25,-591.5,SL Hit (24132.7 <= 24133.9),201952.5
2024-08-08,CE,13:10,24150,78.15,15:16,0.2,65,5079.75,5066.75,Settlement 15:15,207019.25
2024-08-09,PE,09:50,24400,158.55,09:58,177.4,65,10305.75,-1225.25,SL Hit (24365.5 <= 24369.7),205794.0
2024-08-09,CE,10:30,24350,149.05,14:07,186.1,65,9688.25,-2408.25,SL Hit (24385.5 >= 24379.2),203385.75
2024-08-09,CE,14:36,24350,163.8,15:10,167.6,65,10647.0,-247.0,SL Hit (24380.6 >= 24379.5),203138.75
2024-08-09,PE,11:10,24350,149.65,15:16,134.7,65,9727.25,971.75,Settlement 15:15,204110.5
2024-08-12,CE,10:02,24250,139.35,10:17,166.7,65,9057.75,-1777.75,SL Hit (24291.4 >= 24274.2),202332.75
2024-08-12,CE,11:46,24450,119.85,15:16,66.2,65,7790.25,3487.25,Settlement 15:15,205820.0
2024-08-12,PE,10:25,24300,123.4,15:16,96.8,65,8021.0,1729.0,Settlement 15:15,207549.0
2024-08-13,PE,12:01,24300,77.2,12:03,89.9,65,5018.0,-825.5,SL Hit (24296.2 <= 24304.8),206723.5
2024-08-13,PE,13:35,24250,97.6,13:36,100.4,65,6344.0,-182.0,SL Hit (24233.5 <= 24236.8),206541.5
2024-08-13,PE,14:31,24150,93.75,14:33,107.65,65,6093.75,-903.5,SL Hit (24135.2 <= 24137.8),205638.0
2024-08-13,CE,10:34,24300,105.7,15:16,32.65,65,6870.5,4748.25,Settlement 15:15,210386.25
2024-08-14,CE,11:09,24150,26.95,12:14,31.2,65,1751.75,-276.25,SL Hit (24164.8 >= 24161.7),210110.0
2024-08-14,CE,12:43,24150,18.5,12:47,21.25,65,1202.5,-178.75,SL Hit (24161.8 >= 24161.8),209931.25
2024-08-14,CE,13:29,24150,16.9,15:16,0.15,65,1098.5,1088.75,Settlement 15:15,211020.0
2024-08-14,PE,09:52,24150,48.5,15:16,8.2,65,3152.5,2619.5,Settlement 15:15,213639.5
2024-08-16,CE,09:57,24300,167.5,11:59,198.9,65,10887.5,-2041.0,SL Hit (24385.8 >= 24373.3),211598.5
2024-08-16,CE,12:25,24400,150.85,12:37,169.55,65,9805.25,-1215.5,SL Hit (24442.2 >= 24438.5),210383.0
2024-08-16,CE,14:36,24500,157.25,15:01,161.2,65,10221.25,-256.75,SL Hit (24518.8 >= 24517.8),210126.25
2024-08-16,PE,10:53,24250,149.9,15:16,40.35,65,9743.5,7120.75,Settlement 15:15,217247.0
2024-08-19,PE,11:33,24600,129.4,13:45,150.3,65,8411.0,-1358.5,SL Hit (24547.2 <= 24551.4),215888.5
2024-08-19,CE,09:59,24600,111.65,15:16,95.9,65,7257.25,1023.75,Settlement 15:15,216912.25
2024-08-19,PE,14:10,24550,107.0,15:16,94.45,65,6955.0,815.75,Settlement 15:15,217728.0
2024-08-20,CE,10:49,24700,98.4,15:16,82.35,65,6396.0,1043.25,Settlement 15:15,218771.25
2024-08-20,PE,10:09,24700,84.1,15:16,87.3,65,5466.5,-208.0,Settlement 15:15,218563.25
2024-08-21,CE,11:13,24700,71.95,14:25,90.65,65,4676.75,-1215.5,SL Hit (24745.2 >= 24743.3),217347.75
2024-08-21,CE,14:36,24750,52.2,14:48,55.4,65,3393.0,-208.0,SL Hit (24747.6 >= 24745.9),217139.75
2024-08-21,PE,09:52,24700,76.55,15:16,32.1,65,4975.75,2889.25,Settlement 15:15,220029.0
2024-08-22,CE,09:58,24800,37.6,11:41,46.6,65,2444.0,-585.0,SL Hit (24844.2 >= 24842.8),219444.0
2024-08-22,PE,10:35,24800,24.85,13:12,18.9,65,1615.25,386.75,SL Hit (24802.4 <= 24803.0),219830.75
2024-08-22,CE,12:06,24850,13.45,15:16,0.15,65,874.25,864.5,Settlement 15:15,220695.25
2024-08-22,PE,13:25,24800,11.25,15:16,0.15,65,731.25,721.5,Settlement 15:15,221416.75
2024-08-23,CE,11:55,24850,125.85,15:16,134.1,65,8180.25,-536.25,Settlement 15:15,220880.5
2024-08-23,PE,10:00,24800,109.65,15:16,103.4,65,7127.25,406.25,Settlement 15:15,221286.75
2024-08-26,CE,10:38,25000,125.3,12:42,148.15,65,8144.5,-1485.25,SL Hit (25030.5 >= 25030.3),219801.5
2024-08-26,CE,13:26,25000,132.8,14:34,135.75,65,8632.0,-191.75,SL Hit (25029.5 >= 25028.5),219609.75
2024-08-26,CE,14:49,25000,131.75,15:16,130.0,65,8563.75,113.75,Settlement 15:15,219723.5
2024-08-26,PE,10:21,25000,84.25,15:16,79.3,65,5476.25,321.75,Settlement 15:15,220045.25
2024-08-27,CE,10:35,25000,95.9,11:08,114.9,65,6233.5,-1235.0,SL Hit (25045.4 >= 25038.4),218810.25
2024-08-27,CE,12:05,25050,82.05,13:35,90.1,65,5333.25,-523.25,SL Hit (25062.5 >= 25059.5),218287.0
2024-08-27,CE,13:59,25050,84.7,15:16,64.8,65,5505.5,1293.5,Settlement 15:15,219580.5
2024-08-27,PE,10:00,25000,75.6,15:16,69.85,65,4914.0,373.75,Settlement 15:15,219954.25
2024-08-28,CE,10:11,25000,77.2,11:01,83.2,65,5018.0,-390.0,SL Hit (25032.6 >= 25029.2),219564.25
2024-08-28,CE,12:05,25100,84.25,14:00,69.4,65,5476.25,965.25,SL Hit (25112.8 >= 25111.8),220529.5
2024-08-28,CE,14:47,25100,49.7,15:16,33.8,65,3230.5,1033.5,Settlement 15:15,221563.0
2024-08-28,PE,10:29,25000,58.25,15:16,42.0,65,3786.25,1056.25,Settlement 15:15,222619.25
2024-08-29,CE,10:20,25100,55.65,12:28,59.65,65,3617.25,-260.0,SL Hit (25122.8 >= 25113.1),222359.25
2024-08-29,PE,09:59,25100,45.8,14:03,102.05,65,2977.0,-3656.25,SL Hit (25046.3 <= 25052.9),218703.0
2024-08-29,CE,13:02,25150,44.95,14:56,72.2,65,2921.75,-1771.25,SL Hit (25181.8 >= 25172.3),216931.75
2024-08-29,PE,15:06,25150,4.85,15:16,2.8,65,315.25,133.25,Settlement 15:15,217065.0
2024-08-30,CE,10:14,25200,156.5,11:11,166.9,65,10172.5,-676.0,SL Hit (25239.2 >= 25238.1),216389.0
2024-08-30,CE,11:46,25250,135.55,11:54,142.15,65,8810.75,-429.0,SL Hit (25243.1 >= 25238.4),215960.0
2024-08-30,CE,12:39,25250,135.4,14:18,153.3,65,8801.0,-1163.5,SL Hit (25255.8 >= 25254.9),214796.5
2024-08-30,PE,10:41,25200,114.0,15:16,78.35,65,7410.0,2317.25,Settlement 15:15,217113.75
2024-09-02,PE,10:43,25300,110.45,11:55,113.0,65,7179.25,-165.75,SL Hit (25291.6 <= 25291.7),216948.0
2024-09-02,PE,12:17,25300,112.45,12:43,125.2,65,7309.25,-828.75,SL Hit (25276.8 <= 25283.8),216119.25
2024-09-02,CE,11:45,25300,110.35,15:16,89.2,65,7172.75,1374.75,Settlement 15:15,217494.0
2024-09-02,PE,13:53,25250,109.15,15:16,96.75,65,7094.75,806.0,Settlement 15:15,218300.0
2024-09-03,PE,10:20,25250,77.2,10:28,81.05,65,5018.0,-250.25,SL Hit (25247.9 <= 25250.3),218049.75
2024-09-03,PE,10:45,25250,73.25,11:14,83.1,65,4761.25,-640.25,SL Hit (25243.8 <= 25245.9),217409.5
2024-09-03,CE,10:03,25250,105.15,13:01,116.95,65,6834.75,-767.0,SL Hit (25277.2 >= 25276.1),216642.5
2024-09-03,CE,13:48,25300,84.55,14:40,84.2,65,5495.75,22.75,SL Hit (25287.9 >= 25285.8),216665.25
2024-09-03,CE,15:15,25300,77.8,15:16,76.95,65,5057.0,55.25,Settlement 15:15,216720.5
2024-09-03,PE,12:15,25250,76.1,15:16,69.3,65,4946.5,442.0,Settlement 15:15,217162.5
2024-09-04,CE,10:38,25100,77.75,13:14,95.3,65,5053.75,-1140.75,SL Hit (25153.2 >= 25151.9),216021.75
2024-09-04,CE,13:49,25150,75.55,14:43,77.75,65,4910.75,-143.0,SL Hit (25180.8 >= 25179.9),215878.75
2024-09-04,PE,09:59,25150,102.0,15:16,54.55,65,6630.0,3084.25,Settlement 15:15,218963.0
2024-09-05,PE,11:16,25200,51.35,13:25,45.45,65,3337.75,383.5,SL Hit (25166.0 <= 25167.7),219346.5
2024-09-05,PE,13:36,25150,8.45,14:22,11.75,65,549.25,-214.5,SL Hit (25151.4 <= 25165.8),219132.0
2024-09-05,CE,10:40,25150,43.35,15:16,0.9,65,2817.75,2759.25,Settlement 15:15,221891.25
2024-09-06,PE,10:33,24900,137.55,10:38,166.1,65,8940.75,-1855.75,SL Hit (24883.3 <= 24883.6),220035.5
2024-09-06,PE,11:54,24900,134.65,12:49,156.45,65,8752.25,-1417.0,SL Hit (24903.2 <= 24906.5),218618.5
2024-09-06,PE,13:37,24850,146.1,14:21,168.25,65,9496.5,-1439.75,SL Hit (24841.2 <= 24842.5),217178.75
2024-09-06,CE,10:12,24950,157.7,15:16,118.9,65,10250.5,2522.0,Settlement 15:15,219700.75
2024-09-09,CE,10:12,24850,122.4,10:40,131.9,65,7956.0,-617.5,SL Hit (24856.5 >= 24853.1),219083.25
2024-09-09,CE,11:32,24900,109.55,13:21,116.9,65,7120.75,-477.75,SL Hit (24900.8 >= 24899.2),218605.5
2024-09-09,CE,14:31,24900,101.1,14:39,113.35,65,6571.5,-796.25,SL Hit (24903.5 >= 24903.0),217809.25
2024-09-09,PE,10:33,24850,128.25,15:16,77.85,65,8336.25,3276.0,Settlement 15:15,221085.25
2024-09-10,CE,10:03,24900,99.25,10:57,111.25,65,6451.25,-780.0,SL Hit (24967.1 >= 24965.6),220305.25
2024-09-10,CE,14:08,25100,84.95,15:16,57.3,65,5521.75,1797.25,Settlement 15:15,222102.5
2024-09-10,PE,10:28,24950,125.8,15:16,42.6,65,8177.0,5408.0,Settlement 15:15,227510.5
2024-09-11,CE,10:07,25050,51.0,10:17,74.7,65,3315.0,-1540.5,SL Hit (25073.2 >= 25068.3),225970.0
2024-09-11,CE,11:00,25050,62.9,12:01,88.85,65,4088.5,-1686.75,SL Hit (25095.3 >= 25092.8),224283.25
2024-09-11,PE,10:20,25050,84.9,13:59,109.85,65,5518.5,-1621.75,SL Hit (25003.8 <= 25006.1),222661.5
2024-09-11,PE,14:34,24950,89.45,14:44,100.2,65,5814.25,-698.75,SL Hit (24936.2 <= 24938.9),221962.75
2024-09-11,CE,13:02,25050,69.85,15:16,19.35,65,4540.25,3282.5,Settlement 15:15,225245.25
2024-09-11,PE,15:13,24900,79.0,15:16,73.55,65,5135.0,354.25,Settlement 15:15,225599.5
2024-09-12,PE,11:23,25000,62.85,11:24,71.4,65,4085.25,-555.75,SL Hit (24996.3 <= 24997.5),225043.75
2024-09-12,CE,10:01,25000,56.4,14:01,120.7,65,3666.0,-4179.5,SL Hit (25098.8 >= 25058.2),220864.25
2024-09-12,PE,14:14,25200,34.0,15:16,0.15,65,2210.0,2200.25,Settlement 15:15,223064.5
2024-09-13,CE,10:00,25350,128.45,10:30,135.5,65,8349.25,-458.25,SL Hit (25361.6 >= 25355.3),222606.25
2024-09-13,CE,12:48,25400,125.55,15:16,101.1,65,8160.75,1589.25,Settlement 15:15,224195.5
2024-09-13,PE,10:36,25350,145.6,15:16,133.5,65,9464.0,786.5,Settlement 15:15,224982.0
2024-09-16,CE,10:20,25400,130.4,15:16,114.2,65,8476.0,1053.0,Settlement 15:15,226035.0
2024-09-16,PE,12:47,25350,99.15,15:16,81.5,65,6444.75,1147.25,Settlement 15:15,227182.25
2024-09-17,CE,09:57,25350,116.15,10:52,135.5,65,7549.75,-1257.75,SL Hit (25409.5 >= 25408.9),225924.5
2024-09-17,CE,12:19,25400,104.0,12:33,111.3,65,6760.0,-474.5,SL Hit (25426.1 >= 25425.5),225450.0
2024-09-17,CE,13:15,25450,84.9,13:36,88.8,65,5518.5,-253.5,SL Hit (25430.8 >= 25430.6),225196.5
2024-09-17,PE,10:38,25400,108.2,15:16,90.35,65,7033.0,1160.25,Settlement 15:15,226356.75
2024-09-18,CE,10:09,25400,111.0,10:40,123.55,65,7215.0,-815.75,SL Hit (25447.5 >= 25439.0),225541.0
2024-09-18,CE,11:05,25450,100.25,12:25,110.8,65,6516.25,-685.75,SL Hit (25472.0 >= 25470.6),224855.25
2024-09-18,PE,10:48,25450,99.45,13:03,133.15,65,6464.25,-2190.5,SL Hit (25400.5 <= 25406.9),222664.75
2024-09-18,CE,13:07,25400,102.7,15:16,99.85,65,6675.5,185.25,Settlement 15:15,222850.0
2024-09-18,PE,14:26,25350,107.25,15:16,96.2,65,6971.25,718.25,Settlement 15:15,223568.25
2024-09-19,PE,10:59,25500,21.5,11:22,46.45,65,1397.5,-1621.75,SL Hit (25463.8 <= 25486.0),221946.5
2024-09-19,PE,11:58,25400,32.45,11:59,43.55,65,2109.25,-721.5,SL Hit (25392.8 <= 25400.2),221225.0
2024-09-19,PE,12:15,25450,38.1,13:12,57.3,65,2476.5,-1248.0,SL Hit (25398.8 <= 25399.4),219977.0
2024-09-19,CE,10:09,25550,38.2,15:16,0.1,65,2483.0,2476.5,Settlement 15:15,222453.5
2024-09-20,CE,10:17,25550,153.65,10:36,191.7,65,9987.25,-2473.25,SL Hit (25647.7 >= 25599.9),219980.25
2024-09-20,CE,11:07,25650,131.95,11:12,167.7,65,8576.75,-2323.75,SL Hit (25704.5 >= 25681.2),217656.5
2024-09-20,CE,11:40,25700,142.75,11:50,168.25,65,9278.75,-1657.5,SL Hit (25724.0 >= 25719.0),215999.0
2024-09-20,PE,10:01,25550,138.0,15:16,75.25,65,8970.0,4078.75,Settlement 15:15,220077.75
2024-09-23,PE,09:55,25900,134.4,10:33,145.85,65,8736.0,-744.25,SL Hit (25879.1 <= 25880.2),219333.5
2024-09-23,CE,10:23,25900,134.9,14:17,141.5,65,8768.5,-429.0,SL Hit (25921.7 >= 25918.6),218904.5
2024-09-23,PE,12:09,25850,115.55,15:16,93.2,65,7510.75,1452.75,Settlement 15:15,220357.25
2024-09-24,PE,09:59,25950,104.5,11:18,114.75,65,6792.5,-666.25,SL Hit (25934.5 <= 25936.1),219691.0
2024-09-24,PE,11:53,25900,89.5,11:54,94.25,65,5817.5,-308.75,SL Hit (25911.7 <= 25917.1),219382.25
2024-09-24,CE,10:49,25950,113.4,14:16,121.0,65,7371.0,-494.0,SL Hit (25984.4 >= 25981.1),218888.25
2024-09-24,CE,14:25,26000,88.1,14:51,89.45,65,5726.5,-87.75,SL Hit (25993.2 >= 25991.5),218800.5
2024-09-24,CE,15:09,25950,93.0,15:16,92.5,65,6045.0,32.5,Settlement 15:15,218833.0
2024-09-24,PE,12:27,25950,103.25,15:16,100.4,65,6711.25,185.25,Settlement 15:15,219018.25
2024-09-25,PE,10:48,25900,70.7,11:43,73.0,65,4595.5,-149.5,SL Hit (25908.2 <= 25908.9),218868.75
2024-09-25,CE,10:19,25900,96.7,15:00,108.05,65,6285.5,-737.75,SL Hit (25958.3 >= 25948.3),218131.0
2024-09-25,PE,12:36,25900,79.85,15:16,30.25,65,5190.25,3224.0,Settlement 15:15,221355.0
2024-09-26,CE,12:35,26100,49.45,12:49,60.2,65,3214.25,-698.75,SL Hit (26102.8 >= 26102.4),220656.25
2024-09-26,CE,13:08,26100,58.85,13:26,80.0,65,3825.25,-1374.75,SL Hit (26112.3 >= 26111.5),219281.5
2024-09-26,CE,13:55,26100,59.0,14:20,85.55,65,3835.0,-1725.75,SL Hit (26127.2 >= 26109.7),217555.75
2024-09-26,PE,10:16,26050,51.65,15:16,0.3,65,3357.25,3337.75,Settlement 15:15,220893.5
2024-09-27,CE,10:07,26250,158.85,10:30,166.65,65,10325.25,-507.0,SL Hit (26273.5 >= 26270.8),220386.5
2024-09-27,PE,09:55,26250,129.1,11:10,139.55,65,8391.5,-679.25,SL Hit (26215.2 <= 26223.1),219707.25
2024-09-27,PE,12:08,26250,130.75,12:51,146.75,65,8498.75,-1040.0,SL Hit (26198.6 <= 26205.7),218667.25
2024-09-27,PE,13:47,26200,113.1,15:00,121.75,65,7351.5,-562.25,SL Hit (26165.2 <= 26173.1),218105.0
2024-09-27,CE,11:12,26250,145.6,15:16,125.3,65,9464.0,1319.5,Settlement 15:15,219424.5
2024-09-30,PE,12:09,25900,103.3,12:32,110.35,65,6714.5,-458.25,SL Hit (25886.7 <= 25889.2),218966.25
2024-09-30,PE,12:50,25900,106.45,13:07,127.95,65,6919.25,-1397.5,SL Hit (25875.2 <= 25884.5),217568.75
2024-09-30,CE,09:55,26000,134.9,15:16,60.75,65,8768.5,4819.75,Settlement 15:15,222388.5
2024-09-30,PE,14:59,25850,118.6,15:16,113.4,65,7709.0,338.0,Settlement 15:15,222726.5
2024-10-01,CE,09:58,25850,104.4,15:16,54.15,65,6786.0,3266.25,Settlement 15:15,225992.75
2024-10-01,PE,11:04,25750,78.8,15:16,48.5,65,5122.0,1969.5,Settlement 15:15,227962.25
2024-10-03,PE,12:40,25400,45.05,13:02,58.05,65,2928.25,-845.0,SL Hit (25361.2 <= 25365.5),227117.25
2024-10-03,CE,10:05,25550,64.35,15:16,0.1,65,4182.75,4176.25,Settlement 15:15,231293.5
2024-10-04,CE,10:25,25200,213.2,10:34,241.35,65,13858.0,-1829.75,SL Hit (25258.3 >= 25255.6),229463.75
2024-10-04,PE,10:01,25250,153.8,12:49,212.25,65,9997.0,-3799.25,SL Hit (25144.8 <= 25152.6),225664.5
2024-10-04,PE,13:56,25050,179.35,14:18,191.5,65,11657.75,-789.75,SL Hit (25026.2 <= 25027.1),224874.75
2024-10-04,CE,12:46,25250,223.6,15:16,96.6,65,14534.0,8255.0,Settlement 15:15,233129.75
2024-10-07,PE,11:30,24950,161.65,12:47,221.7,65,10507.25,-3903.25,SL Hit (24851.7 <= 24851.7),229226.5
2024-10-07,CE,09:51,25050,197.6,15:16,83.15,65,12844.0,7439.25,Settlement 15:15,236665.75
2024-10-07,PE,14:02,24750,174.8,15:16,144.4,65,11362.0,1976.0,Settlement 15:15,238641.75
2024-10-08,CE,10:13,24800,195.55,10:32,241.05,65,12710.75,-2957.5,SL Hit (24909.8 >= 24900.7),235684.25
2024-10-08,CE,11:02,24900,167.9,11:05,184.55,65,10913.5,-1082.25,SL Hit (24932.9 >= 24932.2),234602.0
2024-10-08,CE,12:12,24900,159.85,13:06,166.95,65,10390.25,-461.5,SL Hit (24954.4 >= 24954.2),234140.5
2024-10-08,PE,09:59,24850,164.35,15:16,79.5,65,10682.75,5515.25,Settlement 15:15,239655.75
2024-10-09,CE,10:06,25100,119.7,10:07,125.95,65,7780.5,-406.25,SL Hit (25131.0 >= 25114.6),239249.5
2024-10-09,PE,09:50,25100,154.35,14:58,157.85,65,10032.75,-227.5,SL Hit (25030.7 <= 25031.8),239022.0
2024-10-09,CE,12:03,25100,105.2,15:16,35.65,65,6838.0,4520.75,Settlement 15:15,243542.75
2024-10-10,PE,10:19,25100,56.25,10:39,81.9,65,3656.25,-1667.25,SL Hit (25055.7 <= 25059.0),241875.5
2024-10-10,PE,11:01,25050,40.8,11:12,62.9,65,2652.0,-1436.5,SL Hit (25030.5 <= 25033.8),240439.0
2024-10-10,PE,11:57,25050,58.05,14:59,50.9,65,3773.25,464.75,SL Hit (24990.8 <= 24993.7),240903.75
2024-10-10,CE,10:51,25050,37.65,15:16,0.2,65,2447.25,2434.25,Settlement 15:15,243338.0
2024-10-11,CE,10:43,25000,150.05,15:16,123.5,65,9753.25,1725.75,Settlement 15:15,245063.75
2024-10-11,PE,11:53,24950,158.5,15:16,137.05,65,10302.5,1394.25,Settlement 15:15,246458.0
2024-10-14,CE,10:15,25100,137.35,11:40,148.3,65,8927.75,-711.75,SL Hit (25136.2 >= 25133.5),245746.25
2024-10-14,CE,13:11,25100,130.45,13:35,138.85,65,8479.25,-546.0,SL Hit (25126.3 >= 25123.6),245200.25
2024-10-14,CE,14:32,25150,106.95,14:38,115.75,65,6951.75,-572.0,SL Hit (25143.6 >= 25141.4),244628.25
2024-10-14,PE,09:51,25100,118.65,15:16,98.25,65,7712.25,1326.0,Settlement 15:15,245954.25
2024-10-15,PE,12:05,25100,117.0,13:00,142.95,65,7605.0,-1686.75,SL Hit (25046.7 <= 25046.9),244267.5
2024-10-15,CE,10:08,25050,113.55,15:16,87.4,65,7380.75,1699.75,Settlement 15:15,245967.25
2024-10-15,PE,13:33,25050,115.85,15:16,97.85,65,7530.25,1170.0,Settlement 15:15,247137.25
2024-10-16,PE,09:57,25050,68.0,10:04,76.65,65,4420.0,-562.25,SL Hit (25056.6 <= 25059.8),246575.0
2024-10-16,PE,11:03,25000,65.4,11:08,72.1,65,4251.0,-435.5,SL Hit (25012.1 <= 25013.5),246139.5
2024-10-16,PE,12:25,24950,80.4,12:32,95.65,65,5226.0,-991.25,SL Hit (24939.0 <= 24940.7),245148.25
2024-10-16,CE,10:09,25050,96.0,15:16,37.65,65,6240.0,3792.75,Settlement 15:15,248941.0
2024-10-17,CE,10:10,24800,61.8,10:37,70.2,65,4017.0,-546.0,SL Hit (24856.8 >= 24846.7),248395.0
2024-10-17,PE,10:42,24850,38.4,11:09,57.1,65,2496.0,-1215.5,SL Hit (24806.5 <= 24807.8),247179.5
2024-10-17,PE,12:20,24800,29.75,12:46,43.2,65,1933.75,-874.25,SL Hit (24766.2 <= 24772.2),246305.25
2024-10-17,CE,11:02,24850,22.25,15:16,0.1,65,1446.25,1439.75,Settlement 15:15,247745.0
2024-10-17,PE,14:33,24750,4.45,15:16,0.5,65,289.25,256.75,Settlement 15:15,248001.75
2024-10-18,CE,13:05,24850,163.15,13:25,173.35,65,10604.75,-663.0,SL Hit (24858.7 >= 24858.1),247338.75
2024-10-18,CE,14:49,24850,171.95,15:16,149.3,65,11176.75,1472.25,Settlement 15:15,248811.0
2024-10-18,PE,09:54,24650,152.4,15:16,62.0,65,9906.0,5876.0,Settlement 15:15,254687.0
2024-10-21,CE,09:54,24750,123.2,10:07,183.4,65,8008.0,-3913.0,SL Hit (24838.0 >= 24828.9),250774.0
2024-10-21,CE,11:15,24800,118.75,13:59,143.15,65,7718.75,-1586.0,SL Hit (24854.3 >= 24846.5),249188.0
2024-10-21,CE,15:10,24800,96.5,15:16,91.25,65,6272.5,341.25,Settlement 15:15,249529.25
2024-10-21,PE,10:11,24800,129.8,15:16,146.6,65,8437.0,-1092.0,Settlement 15:15,248437.25
2024-10-22,PE,09:49,24850,105.9,10:12,143.65,65,6883.5,-2453.75,SL Hit (24783.2 <= 24787.5),245983.5
2024-10-22,PE,12:02,24650,103.35,12:36,122.05,65,6717.75,-1215.5,SL Hit (24626.0 <= 24626.1),244768.0
2024-10-22,PE,14:15,24600,102.65,14:27,130.65,65,6672.25,-1820.0,SL Hit (24568.7 <= 24573.8),242948.0
2024-10-22,CE,10:22,24750,102.65,15:16,27.6,65,6672.25,4878.25,Settlement 15:15,247826.25
2024-10-23,CE,10:29,24500,117.6,11:01,164.0,65,7644.0,-3016.0,SL Hit (24567.1 >= 24561.0),244810.25
2024-10-23,CE,12:19,24550,86.75,15:16,29.1,65,5638.75,3747.25,Settlement 15:15,248557.5
2024-10-23,PE,09:58,24500,102.05,15:16,119.9,65,6633.25,-1160.25,Settlement 15:15,247397.25
2024-10-24,CE,10:38,24450,21.1,15:16,0.15,65,1371.5,1361.75,Settlement 15:15,248759.0
2024-10-24,PE,10:03,24400,41.7,15:16,0.4,65,2710.5,2684.5,Settlement 15:15,251443.5
2024-10-25,PE,11:23,24200,170.95,11:34,197.75,65,11111.75,-1742.0,SL Hit (24132.7 <= 24133.5),249701.5
2024-10-25,PE,12:49,24100,155.15,12:52,163.0,65,10084.75,-510.25,SL Hit (24108.7 <= 24111.3),249191.25
2024-10-25,PE,13:47,24100,151.85,14:21,173.85,65,9870.25,-1430.0,SL Hit (24082.8 <= 24094.1),247761.25
2024-10-25,CE,10:05,24250,181.95,15:16,131.0,65,11826.75,3311.75,Settlement 15:15,251073.0
2024-10-28,CE,11:08,24400,106.6,12:13,167.8,65,6929.0,-3978.0,SL Hit (24471.3 >= 24449.8),247095.0
2024-10-28,CE,12:54,24400,130.65,15:16,87.25,65,8492.25,2821.0,Settlement 15:15,249916.0
2024-10-28,PE,10:01,24250,115.55,15:16,79.6,65,7510.75,2336.75,Settlement 15:15,252252.75
2024-10-29,CE,10:11,24200,131.35,10:27,155.75,65,8537.75,-1586.0,SL Hit (24237.7 >= 24237.3),250666.75
2024-10-29,CE,10:37,24200,128.1,11:43,152.75,65,8326.5,-1602.25,SL Hit (24242.1 >= 24241.3),249064.5
2024-10-29,CE,13:27,24300,111.15,14:02,151.85,65,7224.75,-2645.5,SL Hit (24365.4 >= 24350.8),246419.0
2024-10-29,PE,11:01,24200,114.35,15:16,22.4,65,7432.75,5976.75,Settlement 15:15,252395.75
2024-10-30,CE,10:28,24400,110.0,10:54,128.1,65,7150.0,-1176.5,SL Hit (24442.6 >= 24435.4),251219.25
2024-10-30,CE,11:56,24450,95.9,12:45,95.7,65,6233.5,13.0,SL Hit (24454.4 >= 24454.4),251232.25
2024-10-30,PE,09:59,24400,82.35,13:25,92.45,65,5352.75,-656.5,SL Hit (24375.5 <= 24377.5),250575.75
2024-10-30,PE,14:59,24350,59.6,15:00,66.4,65,3874.0,-442.0,SL Hit (24342.7 <= 24351.7),250133.75
2024-10-30,CE,13:28,24400,83.5,15:16,54.95,65,5427.5,1855.75,Settlement 15:15,251989.5
2024-10-31,PE,09:52,24300,44.6,12:15,81.65,65,2899.0,-2408.25,SL Hit (24230.2 <= 24231.2),249581.25
2024-10-31,PE,13:20,24200,16.9,13:34,14.75,65,1098.5,139.75,SL Hit (24200.7 <= 24201.7),249721.0
2024-10-31,PE,13:50,24200,10.5,14:05,13.1,65,682.5,-169.0,SL Hit (24199.7 <= 24200.1),249552.0
2024-10-31,CE,10:24,24250,46.3,15:16,0.15,65,3009.5,2999.75,Settlement 15:15,252551.75
2024-11-04,CE,09:55,24050,196.95,15:16,174.9,65,12801.75,1433.25,Settlement 15:15,253985.0
2024-11-04,PE,11:29,23850,221.3,15:16,130.7,65,14384.5,5889.0,Settlement 15:15,259874.0
2024-11-05,CE,09:53,23950,192.15,09:56,214.2,65,12489.75,-1433.25,SL Hit (23996.2 >= 23991.8),258440.75
2024-11-05,CE,10:24,23950,198.15,10:27,213.55,65,12879.75,-1001.0,SL Hit (24007.3 >= 23987.7),257439.75
2024-11-05,PE,10:01,24000,187.0,11:38,235.5,65,12155.0,-3152.5,SL Hit (23905.5 <= 23915.4),254287.25
2024-11-05,CE,11:12,24000,177.05,13:26,175.45,65,11508.25,104.0,SL Hit (23994.5 >= 23990.9),254391.25
2024-11-05,PE,12:12,23900,192.0,15:16,69.75,65,12480.0,7946.25,Settlement 15:15,262337.5
2024-11-06,PE,09:52,24350,107.55,10:30,153.85,65,6990.75,-3009.5,SL Hit (24290.1 <= 24291.4),259328.0
2024-11-06,CE,10:34,24300,105.35,11:53,171.5,65,6847.75,-4299.75,SL Hit (24421.4 >= 24409.4),255028.25
2024-11-06,CE,12:25,24400,95.6,12:40,112.75,65,6214.0,-1114.75,SL Hit (24442.0 >= 24440.7),253913.5
2024-11-06,CE,14:54,24450,86.2,15:16,89.75,65,5603.0,-230.75,Settlement 15:15,253682.75
2024-11-06,PE,11:03,24350,116.55,15:16,37.2,65,7575.75,5157.75,Settlement 15:15,258840.5
2024-11-07,PE,09:51,24350,68.2,09:56,71.75,65,4433.0,-230.75,SL Hit (24335.5 <= 24338.1),258609.75
2024-11-07,PE,11:01,24250,43.35,13:42,58.6,65,2817.75,-991.25,SL Hit (24185.0 <= 24188.8),257618.5
2024-11-07,PE,14:16,24200,6.1,14:20,8.25,65,396.5,-139.75,SL Hit (24196.4 <= 24203.0),257478.75
2024-11-07,CE,10:07,24250,50.1,15:16,0.1,65,3256.5,3250.0,Settlement 15:15,260728.75
2024-11-08,PE,09:50,24250,171.5,11:54,222.85,65,11147.5,-3337.75,SL Hit (24120.2 <= 24122.5),257391.0
2024-11-08,CE,10:40,24200,161.35,15:16,126.5,65,10487.75,2265.25,Settlement 15:15,259656.25
2024-11-08,PE,12:22,24150,162.1,15:16,144.8,65,10536.5,1124.5,Settlement 15:15,260780.75
2024-11-11,CE,10:21,24150,125.35,10:24,132.05,65,8147.75,-435.5,SL Hit (24157.0 >= 24156.7),260345.25
2024-11-11,PE,09:52,24150,137.3,14:15,143.95,65,8924.5,-432.25,SL Hit (24096.2 <= 24098.7),259913.0
2024-11-11,PE,14:46,24200,124.0,15:01,147.55,65,8060.0,-1530.75,SL Hit (24124.2 <= 24125.1),258382.25
2024-11-11,CE,12:14,24250,126.75,15:16,75.6,65,8238.75,3324.75,Settlement 15:15,261707.0
2024-11-12,PE,10:02,24150,95.3,12:13,137.15,65,6194.5,-2720.25,SL Hit (24104.0 <= 24106.4),258986.75
2024-11-12,PE,13:51,23950,111.7,15:07,134.65,65,7260.5,-1491.75,SL Hit (23893.9 <= 23905.3),257495.0
2024-11-12,CE,10:43,24150,99.0,15:16,29.25,65,6435.0,4533.75,Settlement 15:15,262028.75
2024-11-13,PE,10:31,23700,95.45,12:47,116.35,65,6204.25,-1358.5,SL Hit (23663.7 <= 23671.6),260670.25
2024-11-13,PE,13:52,23700,90.1,14:20,130.4,65,5856.5,-2619.5,SL Hit (23625.9 <= 23632.4),258050.75
2024-11-13,CE,09:51,23750,124.65,15:16,26.15,65,8102.25,6402.5,Settlement 15:15,264453.25
2024-11-14,PE,10:07,23650,74.55,11:03,134.2,65,4845.75,-3877.25,SL Hit (23538.8 <= 23539.6),260576.0
2024-11-14,PE,11:37,23500,33.3,15:06,3.25,65,2164.5,1953.25,SL Hit (23487.3 <= 23497.2),262529.25
2024-11-14,CE,10:32,23600,39.35,15:16,0.15,65,2557.75,2548.0,Settlement 15:15,265077.25
2024-11-18,PE,10:13,23450,123.3,10:39,172.6,65,8014.5,-3204.5,SL Hit (23381.2 <= 23385.1),261872.75
2024-11-18,CE,10:50,23350,147.65,10:59,170.8,65,9597.25,-1504.75,SL Hit (23413.5 >= 23413.1),260368.0
2024-11-18,CE,13:22,23450,139.2,15:16,126.7,65,9048.0,812.5,Settlement 15:15,261180.5
2024-11-18,PE,11:01,23400,137.3,15:16,89.45,65,8924.5,3110.25,Settlement 15:15,264290.75
2024-11-19,CE,10:54,23700,101.55,11:25,132.1,65,6600.75,-1985.75,SL Hit (23754.7 >= 23745.6),262305.0
2024-11-19,PE,10:31,23750,102.7,14:51,165.55,65,6675.5,-4085.25,SL Hit (23656.9 <= 23668.4),258219.75
2024-11-19,CE,12:02,23750,99.35,15:16,23.7,65,6457.75,4917.25,Settlement 15:15,263137.0
2024-11-21,CE,12:54,23350,6.85,15:08,1.55,65,445.25,344.5,SL Hit (23358.3 >= 23356.9),263481.5
2024-11-21,PE,10:07,23350,63.6,15:16,1.05,65,4134.0,4065.75,Settlement 15:15,267547.25
2024-11-22,CE,10:28,23550,196.3,12:05,258.0,65,12759.5,-4010.5,SL Hit (23618.0 >= 23607.8),263536.75
2024-11-22,CE,13:35,23700,216.75,13:51,241.75,65,14088.75,-1625.0,SL Hit (23742.8 >= 23740.9),261911.75
2024-11-22,CE,14:34,23850,223.85,14:51,250.05,65,14550.25,-1703.0,SL Hit (23911.5 >= 23902.3),260208.75
2024-11-22,PE,10:10,23600,181.95,15:16,115.2,65,11826.75,4338.75,Settlement 15:15,264547.5
2024-11-25,CE,10:00,24300,166.35,10:28,168.0,65,10812.75,-107.25,SL Hit (24314.5 >= 24312.5),264440.25
2024-11-25,PE,10:37,24300,142.95,11:50,152.75,65,9291.75,-637.0,SL Hit (24282.2 <= 24285.9),263803.25
2024-11-25,PE,12:16,24300,141.25,12:50,154.75,65,9181.25,-877.5,SL Hit (24266.3 <= 24268.3),262925.75
2024-11-25,PE,14:21,24200,143.3,15:02,137.6,65,9314.5,370.5,SL Hit (24182.0 <= 24183.3),263296.25
2024-11-25,CE,11:30,24350,141.9,15:16,104.3,65,9223.5,2444.0,Settlement 15:15,265740.25
2024-11-26,PE,10:48,24200,121.05,12:19,127.9,65,7868.25,-445.25,SL Hit (24173.8 <= 24176.0),265295.0
2024-11-26,PE,12:48,24150,105.35,13:38,120.3,65,6847.75,-971.75,SL Hit (24134.9 <= 24137.4),264323.25
2024-11-26,CE,09:50,24250,139.0,15:16,93.85,65,9035.0,2934.75,Settlement 15:15,267258.0
2024-11-26,PE,14:03,24200,116.7,15:16,100.6,65,7585.5,1046.5,Settlement 15:15,268304.5
2024-11-27,CE,10:28,24200,86.15,11:06,89.0,65,5599.75,-185.25,SL Hit (24207.7 >= 24207.3),268119.25
2024-11-27,CE,11:56,24200,78.05,12:20,121.3,65,5073.25,-2811.25,SL Hit (24243.1 >= 24222.2),265308.0
2024-11-27,CE,13:36,24300,103.0,13:50,124.7,65,6695.0,-1410.5,SL Hit (24343.0 >= 24338.8),263897.5
2024-11-27,PE,09:56,24200,79.65,15:16,37.5,65,5177.25,2739.75,Settlement 15:15,266637.25
2024-11-28,PE,10:06,24300,51.75,10:33,136.55,65,3363.75,-5512.0,SL Hit (24215.5 <= 24272.0),261125.25
2024-11-28,PE,11:53,24100,90.4,12:36,113.0,65,5876.0,-1469.0,SL Hit (24036.7 <= 24038.8),259656.25
2024-11-28,PE,13:30,24000,55.05,14:12,100.65,65,3578.25,-2964.0,SL Hit (23960.0 <= 23967.2),256692.25
2024-11-28,CE,10:58,24100,81.55,15:16,0.3,65,5300.75,5281.25,Settlement 15:15,261973.5
2024-11-29,PE,09:56,24050,179.85,10:12,196.95,65,11690.25,-1111.5,SL Hit (23982.0 <= 23993.7),260862.0
2024-11-29,CE,10:09,24050,210.75,10:32,244.45,65,13698.75,-2190.5,SL Hit (24087.3 >= 24064.8),258671.5
2024-11-29,CE,11:45,24100,199.0,13:24,225.2,65,12935.0,-1703.0,SL Hit (24149.2 >= 24146.4),256968.5
2024-11-29,CE,13:51,24150,185.85,14:42,214.4,65,12080.25,-1855.75,SL Hit (24185.5 >= 24160.4),255112.75
2024-11-29,PE,10:41,24100,174.85,15:16,119.1,65,11365.25,3623.75,Settlement 15:15,258736.5
2024-12-02,CE,10:14,24100,185.5,10:15,212.35,65,12057.5,-1745.25,SL Hit (24161.8 >= 24151.9),256991.25
2024-12-02,CE,10:40,24150,166.4,12:29,208.6,65,10816.0,-2743.0,SL Hit (24186.5 >= 24177.8),254248.25
2024-12-02,CE,13:17,24150,196.35,13:58,234.0,65,12762.75,-2447.25,SL Hit (24216.9 >= 24187.0),251801.0
2024-12-02,PE,10:21,24150,132.3,15:16,95.65,65,8599.5,2382.25,Settlement 15:15,254183.25
2024-12-03,CE,11:56,24400,149.2,11:58,154.65,65,9698.0,-354.25,SL Hit (24434.8 >= 24433.0),253829.0
2024-12-03,CE,12:30,24400,143.3,12:40,154.25,65,9314.5,-711.75,SL Hit (24434.4 >= 24431.1),253117.25
2024-12-03,CE,13:19,24400,149.6,13:30,152.6,65,9724.0,-195.0,SL Hit (24430.1 >= 24429.8),252922.25
2024-12-03,PE,09:55,24350,158.8,15:16,93.65,65,10322.0,4234.75,Settlement 15:15,257157.0
2024-12-04,PE,10:09,24550,121.7,10:12,127.45,65,7910.5,-373.75,SL Hit (24542.0 <= 24542.2),256783.25
2024-12-04,PE,11:26,24550,130.65,11:55,184.8,65,8492.25,-3519.75,SL Hit (24466.0 <= 24524.4),253263.5
2024-12-04,PE,13:42,24500,113.45,14:20,166.25,65,7374.25,-3432.0,SL Hit (24449.3 <= 24459.7),249831.5
2024-12-04,CE,10:28,24550,103.55,15:16,74.75,65,6730.75,1872.0,Settlement 15:15,251703.5
2024-12-05,PE,10:54,24400,140.6,10:58,193.25,65,9139.0,-3422.25,SL Hit (24326.0 <= 24387.8),248281.25
2024-12-05,CE,09:53,24450,119.15,12:10,195.55,65,7744.75,-4966.0,SL Hit (24539.1 >= 24538.0),243315.25
2024-12-05,CE,12:50,24600,121.6,13:13,147.55,65,7904.0,-1686.75,SL Hit (24630.2 >= 24627.1),241628.5
2024-12-05,CE,15:00,24550,34.35,15:16,173.2,65,2232.75,-9025.25,Settlement 15:15,232603.25
2024-12-05,PE,11:54,24350,147.55,15:16,0.35,65,9590.75,9568.0,Settlement 15:15,242171.25
2024-12-06,CE,10:01,24700,227.7,11:06,220.55,65,14800.5,464.75,SL Hit (24739.0 >= 24735.5),242636.0
2024-12-06,CE,11:31,24700,193.9,12:03,204.4,65,12603.5,-682.5,SL Hit (24714.0 >= 24713.1),241953.5
2024-12-06,CE,12:21,24700,197.8,12:50,206.65,65,12857.0,-575.25,SL Hit (24718.5 >= 24716.4),241378.25
2024-12-06,PE,10:30,24700,202.4,15:16,171.6,65,13156.0,2002.0,Settlement 15:15,243380.25
2024-12-09,CE,10:16,24600,165.95,10:47,188.9,65,10786.75,-1491.75,SL Hit (24646.0 >= 24634.6),241888.5
2024-12-09,CE,12:15,24650,162.9,15:16,127.0,65,10588.5,2333.5,Settlement 15:15,244222.0
2024-12-09,PE,10:31,24600,162.45,15:16,143.9,65,10559.25,1205.75,Settlement 15:15,245427.75
2024-12-10,PE,10:03,24650,123.95,10:37,138.0,65,8056.75,-913.25,SL Hit (24631.9 <= 24632.6),244514.5
2024-12-10,PE,11:02,24650,136.1,12:01,137.65,65,8846.5,-100.75,SL Hit (24620.8 <= 24623.5),244413.75
2024-12-10,PE,13:07,24550,125.8,13:11,131.8,65,8177.0,-390.0,SL Hit (24549.0 <= 24551.0),244023.75
2024-12-10,CE,10:29,24650,123.15,15:16,91.0,65,8004.75,2089.75,Settlement 15:15,246113.5
2024-12-11,CE,09:53,24600,94.15,10:25,116.6,65,6119.75,-1459.25,SL Hit (24654.7 >= 24643.4),244654.25
2024-12-11,CE,12:19,24650,83.35,15:16,58.05,65,5417.75,1644.5,Settlement 15:15,246298.75
2024-12-11,PE,10:03,24600,80.25,15:16,47.4,65,5216.25,2135.25,Settlement 15:15,248434.0
2024-12-12,PE,12:36,24550,30.6,13:34,23.0,65,1989.0,494.0,SL Hit (24545.8 <= 24547.1),248928.0
2024-12-12,PE,13:46,24550,11.35,14:53,6.95,65,737.75,286.0,SL Hit (24536.0 <= 24539.0),249214.0
2024-12-12,CE,09:50,24650,29.9,15:16,0.1,65,1943.5,1937.0,Settlement 15:15,251151.0
2024-12-12,PE,15:13,24550,0.8,15:16,0.4,65,52.0,26.0,Settlement 15:15,251177.0
2024-12-13,CE,09:49,24400,169.6,11:54,196.65,65,11024.0,-1758.25,SL Hit (24417.6 >= 24411.6),249418.75
2024-12-13,CE,12:39,24550,188.8,12:59,237.55,65,12272.0,-3168.75,SL Hit (24634.7 >= 24611.0),246250.0
2024-12-13,CE,13:22,24600,192.0,13:36,225.85,65,12480.0,-2200.25,SL Hit (24694.4 >= 24692.8),244049.75
2024-12-13,PE,11:03,24250,184.2,15:16,23.55,65,11973.0,10442.25,Settlement 15:15,254492.0
2024-12-16,PE,10:41,24700,174.2,10:58,191.65,65,11323.0,-1134.25,SL Hit (24652.6 <= 24654.9),253357.75
2024-12-16,PE,11:43,24650,171.75,11:56,179.45,65,11163.75,-500.5,SL Hit (24627.6 <= 24628.1),252857.25
2024-12-16,CE,10:07,24750,138.85,15:16,126.4,65,9025.25,809.25,Settlement 15:15,253666.5
2024-12-16,PE,12:29,24600,166.0,15:16,117.5,65,10790.0,3152.5,Settlement 15:15,256819.0
2024-12-17,PE,10:54,24450,160.25,11:41,180.55,65,10416.25,-1319.5,SL Hit (24395.3 <= 24396.2),255499.5
2024-12-17,PE,12:36,24450,151.55,13:29,185.05,65,9850.75,-2177.5,SL Hit (24335.2 <= 24341.6),253322.0
2024-12-17,PE,14:02,24350,97.3,14:09,111.15,65,6324.5,-900.25,SL Hit (24341.8 <= 24348.0),252421.75
2024-12-17,CE,09:57,24550,149.7,15:16,56.05,65,9730.5,6087.25,Settlement 15:15,258509.0
2024-12-18,CE,10:16,24250,108.1,10:31,122.85,65,7026.5,-958.75,SL Hit (24293.2 >= 24280.0),257550.25
2024-12-18,PE,10:27,24250,87.85,11:07,96.2,65,5710.25,-542.75,SL Hit (24216.4 <= 24222.7),257007.5
2024-12-18,PE,11:31,24250,86.5,12:24,96.95,65,5622.5,-679.25,SL Hit (24201.5 <= 24204.0),256328.25
2024-12-18,CE,11:02,24250,87.75,15:16,56.95,65,5703.75,2002.0,Settlement 15:15,258330.25
2024-12-18,PE,13:11,24200,69.75,15:16,74.5,65,4533.75,-308.75,Settlement 15:15,258021.5
2024-12-19,CE,10:17,23950,32.1,11:38,63.15,65,2086.5,-2018.25,SL Hit (23996.6 >= 23981.3),256003.25
2024-12-19,CE,12:40,23950,35.85,15:16,1.0,65,2330.25,2265.25,Settlement 15:15,258268.5
2024-12-19,PE,11:21,23950,37.95,15:16,0.35,65,2466.75,2444.0,Settlement 15:15,260712.5
2024-12-20,PE,10:24,23900,210.1,12:45,227.25,65,13656.5,-1114.75,SL Hit (23782.6 <= 23786.2),259597.75
2024-12-20,PE,13:35,23750,161.05,13:41,184.3,65,10468.25,-1511.25,SL Hit (23710.9 <= 23720.5),258086.5
2024-12-20,PE,14:26,23700,160.0,14:49,185.6,65,10400.0,-1664.0,SL Hit (23673.8 <= 23674.0),256422.5
2024-12-20,CE,11:22,23950,203.6,15:16,63.3,65,13234.0,9119.5,Settlement 15:15,265542.0
2024-12-23,PE,10:44,23750,76.6,12:30,114.0,65,4979.0,-2431.0,SL Hit (23725.8 <= 23732.4),263111.0
2024-12-23,CE,11:43,23850,116.0,15:16,64.9,65,7540.0,3321.5,Settlement 15:15,266432.5
2024-12-23,PE,13:50,23700,102.2,15:16,68.95,65,6643.0,2161.25,Settlement 15:15,268593.75
2024-12-24,CE,10:54,23850,84.0,15:16,36.25,65,5460.0,3103.75,Settlement 15:15,271697.5
2024-12-24,PE,09:55,23750,72.3,15:16,57.0,65,4699.5,994.5,Settlement 15:15,272692.0
2024-12-26,PE,12:03,23750,23.25,12:09,31.35,65,1511.25,-526.5,SL Hit (23743.7 <= 23754.4),272165.5
2024-12-26,PE,12:48,23750,19.45,13:34,87.95,65,1264.25,-4452.5,SL Hit (23692.5 <= 23736.9),267713.0
2024-12-26,CE,10:11,23750,50.45,15:16,1.15,65,3279.25,3204.5,Settlement 15:15,270917.5
2024-12-26,PE,14:47,23750,6.1,15:16,0.75,65,396.5,347.75,Settlement 15:15,271265.25
2024-12-27,PE,10:06,23900,133.45,11:21,144.75,65,8674.25,-734.5,SL Hit (23874.0 <= 23878.5),270530.75
2024-12-27,PE,12:39,23850,135.5,14:50,130.0,65,8807.5,357.5,SL Hit (23821.2 <= 23828.1),270888.25
2024-12-27,CE,10:31,23900,190.75,15:16,120.95,65,12398.75,4537.0,Settlement 15:15,275425.25
2024-12-30,CE,11:11,23800,129.05,11:29,156.45,65,8388.25,-1781.0,SL Hit (23839.3 >= 23833.9),273644.25
2024-12-30,PE,10:18,23750,103.7,13:26,135.3,65,6740.5,-2054.0,SL Hit (23737.3 <= 23740.7),271590.25
2024-12-30,PE,14:36,23650,129.45,15:12,130.65,65,8414.25,-78.0,SL Hit (23605.4 <= 23623.8),271512.25
2024-12-30,CE,12:12,23900,148.7,15:16,52.3,65,9665.5,6266.0,Settlement 15:15,277778.25
2025-01-01,CE,09:56,23600,129.6,10:12,166.8,65,8424.0,-2418.0,SL Hit (23635.5 >= 23634.7),275360.25
2025-01-01,CE,11:41,23700,157.45,13:59,205.3,65,10234.25,-3110.25,SL Hit (23785.4 >= 23776.8),272250.0
2025-01-01,CE,15:09,23750,132.95,15:16,140.0,65,8641.75,-458.25,Settlement 15:15,271791.75
2025-01-01,PE,10:15,23600,101.7,15:16,55.85,65,6610.5,2980.25,Settlement 15:15,274772.0
2025-01-02,CE,11:56,23950,80.55,12:25,127.1,65,5235.75,-3025.75,SL Hit (23999.0 >= 23972.0),271746.25
2025-01-02,CE,14:07,24150,18.55,14:12,24.65,65,1205.75,-396.5,SL Hit (24151.0 >= 24147.0),271349.75
2025-01-02,PE,09:59,23850,102.5,15:16,0.15,65,6662.5,6652.75,Settlement 15:15,278002.5
2025-01-03,PE,10:07,24050,167.8,10:13,185.0,65,10907.0,-1118.0,SL Hit (24037.2 <= 24048.3),276884.5
2025-01-03,CE,10:00,24050,184.15,11:23,192.4,65,11969.75,-536.25,SL Hit (24113.0 >= 24111.4),276348.25
2025-01-03,PE,11:31,24100,163.6,14:10,208.65,65,10634.0,-2928.25,SL Hit (24028.3 <= 24030.1),273420.0
2025-01-03,CE,12:11,24100,160.1,15:16,116.65,65,10406.5,2824.25,Settlement 15:15,276244.25
2025-01-06,PE,10:05,24000,172.5,10:42,231.25,65,11212.5,-3818.75,SL Hit (23886.2 <= 23899.0),272425.5
2025-01-06,PE,12:09,23700,193.6,14:37,255.55,65,12584.0,-4026.75,SL Hit (23589.2 <= 23589.6),268398.75
2025-01-06,CE,11:19,23750,179.2,15:16,126.9,65,11648.0,3399.5,Settlement 15:15,271798.25
2025-01-07,CE,09:58,23700,151.2,15:16,124.25,65,9828.0,1751.75,Settlement 15:15,273550.0
2025-01-07,PE,10:20,23750,155.1,15:16,145.4,65,10081.5,630.5,Settlement 15:15,274180.5
2025-01-08,PE,11:03,23550,81.5,11:17,89.1,65,5297.5,-494.0,SL Hit (23557.2 <= 23560.7),273686.5
2025-01-08,PE,12:25,23550,89.0,12:31,101.25,65,5785.0,-796.25,SL Hit (23514.8 <= 23525.5),272890.25
2025-01-08,CE,10:29,23600,87.95,14:15,153.75,65,5716.75,-4277.0,SL Hit (23701.1 >= 23699.5),268613.25
2025-01-08,CE,14:34,23700,78.6,15:16,69.6,65,5109.0,585.0,Settlement 15:15,269198.25
2025-01-08,PE,13:00,23550,90.15,15:16,23.95,65,5859.75,4303.0,Settlement 15:15,273501.25
2025-01-09,PE,10:01,23600,36.55,10:47,92.7,65,2375.75,-3649.75,SL Hit (23551.5 <= 23597.5),269851.5
2025-01-09,PE,11:21,23550,39.9,11:49,39.6,65,2593.5,19.5,SL Hit (23542.0 <= 23544.6),269871.0
2025-01-09,PE,12:21,23600,36.8,13:58,83.75,65,2392.0,-3051.75,SL Hit (23523.3 <= 23524.2),266819.25
2025-01-09,CE,10:34,23650,22.25,15:16,0.05,65,1446.25,1443.0,Settlement 15:15,268262.25
2025-01-10,CE,10:07,23400,199.25,10:46,234.6,65,12951.25,-2297.75,SL Hit (23454.5 >= 23449.8),265964.5
2025-01-10,CE,11:46,23500,203.7,15:16,136.1,65,13240.5,4394.0,Settlement 15:15,270358.5
2025-01-10,PE,10:27,23400,169.0,15:16,136.6,65,10985.0,2106.0,Settlement 15:15,272464.5
2025-01-13,CE,09:55,23250,149.75,10:02,174.65,65,9733.75,-1618.5,SL Hit (23262.5 >= 23244.2),270846.0
2025-01-13,PE,10:07,23250,158.8,12:58,167.75,65,10322.0,-581.75,SL Hit (23182.4 <= 23187.6),270264.25
2025-01-13,CE,11:12,23300,148.25,15:16,63.15,65,9636.25,5531.5,Settlement 15:15,275795.75
2025-01-14,PE,09:53,23200,111.1,10:02,121.55,65,7221.5,-679.25,SL Hit (23148.8 <= 23150.6),275116.5
2025-01-14,CE,10:21,23150,117.1,10:30,133.9,65,7611.5,-1092.0,SL Hit (23168.8 >= 23166.5),274024.5
2025-01-14,CE,11:56,23200,105.6,15:16,107.5,65,6864.0,-123.5,Settlement 15:15,273901.0
2025-01-14,PE,10:35,23150,90.5,15:16,53.5,65,5882.5,2405.0,Settlement 15:15,276306.0
2025-01-15,CE,10:12,23200,88.0,10:20,92.7,65,5720.0,-305.5,SL Hit (23238.0 >= 23231.6),276000.5
2025-01-15,PE,10:26,23250,76.25,13:18,83.4,65,4956.25,-464.75,SL Hit (23194.5 <= 23198.5),275535.75
2025-01-15,PE,14:11,23200,71.35,14:29,75.0,65,4637.75,-237.25,SL Hit (23163.1 <= 23163.2),275298.5
2025-01-15,CE,11:09,23250,67.95,15:16,34.6,65,4416.75,2167.75,Settlement 15:15,277466.25
2025-01-15,PE,14:48,23200,53.0,15:16,54.1,65,3445.0,-71.5,Settlement 15:15,277394.75
2025-01-16,CE,09:58,23300,30.6,13:56,25.0,65,1989.0,364.0,SL Hit (23340.8 >= 23335.5),277758.75
2025-01-16,CE,14:34,23300,4.95,15:16,7.15,65,321.75,-143.0,Settlement 15:15,277615.75
2025-01-16,PE,11:47,23300,29.9,15:16,0.15,65,1943.5,1933.75,Settlement 15:15,279549.5
2025-01-17,PE,10:33,23250,163.15,10:49,217.3,65,10604.75,-3519.75,SL Hit (23147.2 <= 23189.2),276029.75
2025-01-17,CE,11:01,23100,202.6,12:17,289.5,65,13169.0,-5648.5,SL Hit (23225.5 >= 23223.7),270381.25
2025-01-17,CE,13:28,23200,189.0,14:38,198.75,65,12285.0,-633.75,SL Hit (23227.5 >= 23225.8),269747.5
2025-01-17,CE,15:11,23200,177.25,15:16,182.7,65,11521.25,-354.25,Settlement 15:15,269393.25
2025-01-17,PE,11:20,23150,177.3,15:16,123.0,65,11524.5,3529.5,Settlement 15:15,272922.75
2025-01-20,CE,12:10,23350,148.1,12:21,163.05,65,9626.5,-971.75,SL Hit (23370.0 >= 23364.1),271951.0
2025-01-20,CE,13:05,23350,148.55,13:07,156.35,65,9655.75,-507.0,SL Hit (23360.5 >= 23356.7),271444.0
2025-01-20,CE,13:50,23350,158.0,13:53,156.5,65,10270.0,97.5,SL Hit (23349.3 >= 23349.1),271541.5
2025-01-20,PE,10:21,23250,152.9,15:16,91.4,65,9938.5,3997.5,Settlement 15:15,275539.0
2025-01-21,CE,10:35,23150,185.5,11:45,229.4,65,12057.5,-2853.5,SL Hit (23291.8 >= 23240.0),272685.5
2025-01-21,CE,12:33,23150,160.8,12:58,219.1,65,10452.0,-3789.5,SL Hit (23259.0 >= 23230.0),268896.0
2025-01-21,PE,11:57,23350,136.5,14:34,272.5,65,8872.5,-8840.0,SL Hit (23101.7 <= 23104.6),260056.0
2025-01-21,CE,13:24,23200,150.1,15:16,75.7,65,9756.5,4836.0,Settlement 15:15,264892.0
2025-01-22,CE,10:22,23100,108.45,10:25,123.75,65,7049.25,-994.5,SL Hit (23114.2 >= 23108.2),263897.5
2025-01-22,PE,10:33,23100,68.6,10:39,85.0,65,4459.0,-1066.0,SL Hit (23074.8 <= 23078.1),262831.5
2025-01-22,CE,10:43,23100,97.0,10:47,113.9,65,6305.0,-1098.5,SL Hit (23125.5 >= 23122.5),261733.0
2025-01-22,PE,11:33,23050,72.65,11:34,81.4,65,4722.25,-568.75,SL Hit (23038.5 <= 23052.1),261164.25
2025-01-22,PE,13:20,23050,75.25,13:41,102.0,65,4891.25,-1738.75,SL Hit (22991.8 <= 22992.4),259425.5
2025-01-22,CE,11:22,23050,109.15,14:20,103.3,65,7094.75,380.25,SL Hit (23100.0 >= 23097.5),259805.75
2025-01-23,CE,10:44,23250,23.1,12:19,27.65,65,1501.5,-295.75,SL Hit (23253.0 >= 23243.4),259510.0
2025-01-23,CE,12:56,23250,11.85,15:16,0.15,65,770.25,760.5,Settlement 15:15,260270.5
2025-01-23,PE,10:14,23200,24.25,15:16,0.25,65,1576.25,1560.0,Settlement 15:15,261830.5
2025-01-24,CE,09:56,23150,210.2,11:13,263.0,65,13663.0,-3432.0,SL Hit (23275.0 >= 23254.1),258398.5
2025-01-24,PE,10:32,23200,183.05,14:42,234.65,65,11898.25,-3354.0,SL Hit (23076.8 <= 23101.3),255044.5
2025-01-24,CE,12:12,23300,190.5,15:16,89.5,65,12382.5,6565.0,Settlement 15:15,261609.5
2025-01-24,PE,15:12,23100,167.4,15:16,156.85,65,10881.0,685.75,Settlement 15:15,262295.25
2025-01-27,CE,10:42,22850,179.3,11:59,197.25,65,11654.5,-1166.75,SL Hit (22906.5 >= 22903.3),261128.5
2025-01-27,PE,11:12,22850,166.9,13:37,169.6,65,10848.5,-175.5,SL Hit (22837.5 <= 22838.7),260953.0
2025-01-27,PE,14:00,22850,155.45,14:08,163.65,65,10104.25,-533.0,SL Hit (22834.8 <= 22837.4),260420.0
2025-01-27,CE,12:18,22900,166.6,15:16,130.95,65,10829.0,2317.25,Settlement 15:15,262737.25
2025-01-27,PE,15:00,22800,134.2,15:16,129.2,65,8723.0,325.0,Settlement 15:15,263062.25
2025-01-28,PE,09:50,22900,160.45,09:54,173.05,65,10429.25,-819.0,SL Hit (22869.7 <= 22876.9),262243.25
2025-01-28,CE,09:59,22900,161.2,10:02,180.55,65,10478.0,-1257.75,SL Hit (22918.7 >= 22910.7),260985.5
2025-01-28,CE,12:28,23000,161.5,13:09,176.2,65,10497.5,-955.5,SL Hit (23053.3 >= 23052.5),260030.0
2025-01-28,CE,13:33,23050,142.2,14:26,192.65,65,9243.0,-3279.25,SL Hit (23111.2 >= 23078.5),256750.75
2025-01-28,PE,10:33,22900,151.2,15:16,99.2,65,9828.0,3380.0,Settlement 15:15,260130.75
2025-01-29,CE,10:50,23100,154.05,10:59,180.35,65,10013.25,-1709.5,SL Hit (23122.8 >= 23099.2),258421.25
2025-01-29,PE,10:14,23050,143.0,11:23,179.05,65,9295.0,-2343.25,SL Hit (23020.3 <= 23035.6),256078.0
2025-01-29,CE,11:27,23050,163.7,12:17,225.05,65,10640.5,-3987.75,SL Hit (23151.8 >= 23133.5),252090.25
2025-01-29,CE,12:58,23150,134.6,13:25,158.2,65,8749.0,-1534.0,SL Hit (23151.2 >= 23147.1),250556.25
2025-01-29,PE,11:52,23100,148.15,15:16,127.45,65,9629.75,1345.5,Settlement 15:15,251901.75
2025-01-30,PE,09:49,23200,109.95,13:57,70.85,65,7146.75,2541.5,SL Hit (23176.9 <= 23186.0),254443.25
2025-01-30,CE,11:00,23250,68.75,15:16,0.95,65,4468.75,4407.0,Settlement 15:15,258850.25
2025-01-30,PE,14:50,23150,34.25,15:16,0.2,65,2226.25,2213.25,Settlement 15:15,261063.5
2025-01-31,CE,10:14,23350,339.25,10:46,361.15,65,22051.25,-1423.5,SL Hit (23420.6 >= 23417.1),259640.0
2025-01-31,CE,11:45,23400,324.0,11:59,338.5,65,21060.0,-942.5,SL Hit (23431.5 >= 23430.7),258697.5
2025-01-31,CE,13:46,23500,294.8,15:16,281.4,65,19162.0,871.0,Settlement 15:15,259568.5
2025-01-31,PE,09:53,23350,292.25,15:16,164.45,65,18996.25,8307.0,Settlement 15:15,267875.5
2025-02-01,PE,10:30,23550,198.8,11:02,213.2,65,12922.0,-936.0,SL Hit (23536.9 <= 23553.4),266939.5
2025-02-01,CE,11:11,23550,264.3,11:31,284.15,65,17179.5,-1290.25,SL Hit (23606.2 >= 23603.3),265649.25
2025-02-01,PE,11:39,23600,209.05,11:48,206.7,65,13588.25,152.75,SL Hit (23567.5 <= 23579.3),265802.0
2025-02-01,PE,12:28,23500,192.85,12:34,214.25,65,12535.25,-1391.0,SL Hit (23414.9 <= 23418.0),264411.0
2025-02-01,CE,12:00,23450,231.4,15:16,175.55,65,15041.0,3630.25,Settlement 15:15,268041.25
2025-02-03,CE,11:32,23300,136.75,13:09,175.75,65,8888.75,-2535.0,SL Hit (23351.5 >= 23343.6),265506.25
2025-02-03,CE,13:36,23350,121.85,14:28,135.15,65,7920.25,-864.5,SL Hit (23362.5 >= 23360.8),264641.75
2025-02-03,CE,14:53,23350,121.2,15:09,138.6,65,7878.0,-1131.0,SL Hit (23375.4 >= 23363.3),263510.75
2025-02-03,PE,10:15,23250,111.75,15:16,67.0,65,7263.75,2908.75,Settlement 15:15,266419.5
2025-02-04,CE,10:10,23550,137.7,11:49,152.45,65,8950.5,-958.75,SL Hit (23598.1 >= 23572.7),265460.75
2025-02-04,CE,13:07,23600,128.8,13:09,136.05,65,8372.0,-471.25,SL Hit (23626.5 >= 23624.0),264989.5
2025-02-04,CE,14:27,23650,89.9,14:37,119.3,65,5843.5,-1911.0,SL Hit (23693.4 >= 23685.4),263078.5
2025-02-04,PE,11:11,23500,137.9,15:16,29.75,65,8963.5,7029.75,Settlement 15:15,270108.25
2025-02-05,PE,10:33,23750,79.1,11:17,107.75,65,5141.5,-1862.25,SL Hit (23718.3 <= 23723.7),268246.0
2025-02-05,PE,11:31,23750,91.35,15:01,123.85,65,5937.75,-2112.5,SL Hit (23701.4 <= 23711.5),266133.5
2025-02-05,CE,10:00,23750,77.25,15:16,50.9,65,5021.25,1712.75,Settlement 15:15,267846.25
2025-02-06,PE,11:39,23600,33.35,12:35,27.1,65,2167.75,406.25,SL Hit (23598.2 <= 23601.1),268252.5
2025-02-06,PE,13:29,23600,27.25,13:46,38.3,65,1771.25,-718.25,SL Hit (23575.1 <= 23578.1),267534.25
2025-02-06,CE,10:04,23650,40.55,15:16,0.15,65,2635.75,2626.0,Settlement 15:15,270160.25
2025-02-06,PE,14:44,23600,33.35,15:16,3.7,65,2167.75,1927.25,Settlement 15:15,272087.5
2025-02-07,CE,10:08,23600,191.3,10:09,222.85,65,12434.5,-2050.75,SL Hit (23653.5 >= 23615.9),270036.75
2025-02-07,PE,10:12,23600,165.2,10:18,188.2,65,10738.0,-1495.0,SL Hit (23536.5 <= 23561.9),268541.75
2025-02-07,CE,10:29,23550,179.55,11:18,240.15,65,11670.75,-3939.0,SL Hit (23639.2 >= 23638.7),264602.75
2025-02-07,CE,12:28,23600,164.15,12:35,171.6,65,10669.75,-484.25,SL Hit (23605.7 >= 23604.1),264118.5
2025-02-07,PE,10:46,23550,144.0,13:53,169.35,65,9360.0,-1647.75,SL Hit (23494.4 <= 23503.1),262470.75
2025-02-07,PE,14:41,23450,135.8,15:16,90.75,65,8827.0,2928.25,Settlement 15:15,265399.0
2025-02-10,PE,10:43,23400,147.65,12:00,162.25,65,9597.25,-949.0,SL Hit (23358.1 <= 23363.7),264450.0
2025-02-10,PE,12:31,23350,124.3,13:17,138.75,65,8079.5,-939.25,SL Hit (23336.8 <= 23342.5),263510.75
2025-02-10,PE,13:55,23350,127.0,14:23,141.85,65,8255.0,-965.25,SL Hit (23318.8 <= 23321.0),262545.5
2025-02-10,CE,10:17,23350,181.25,15:16,172.35,65,11781.25,578.5,Settlement 15:15,263124.0
2025-02-11,PE,11:15,23300,119.8,11:29,123.1,65,7787.0,-214.5,SL Hit (23259.8 <= 23260.2),262909.5
2025-02-11,PE,12:15,23250,102.6,12:23,103.2,65,6669.0,-39.0,SL Hit (23241.3 <= 23244.8),262870.5
2025-02-11,CE,10:15,23300,113.35,15:16,47.65,65,7367.75,4270.5,Settlement 15:15,267141.0
2025-02-11,PE,14:56,23100,113.8,15:16,112.65,65,7397.0,74.75,Settlement 15:15,267215.75
2025-02-12,CE,10:08,22850,120.0,10:34,140.1,65,7800.0,-1306.5,SL Hit (22889.8 >= 22885.0),265909.25
2025-02-12,CE,11:07,22900,117.3,11:43,161.45,65,7624.5,-2869.75,SL Hit (22974.3 >= 22962.1),263039.5
2025-02-12,CE,12:30,23050,130.15,12:33,143.45,65,8459.75,-864.5,SL Hit (23067.3 >= 23054.1),262175.0
2025-02-12,PE,10:28,22850,90.2,15:16,25.05,65,5863.0,4234.75,Settlement 15:15,266409.75
2025-02-13,CE,10:23,23150,79.4,10:38,93.6,65,5161.0,-923.0,SL Hit (23202.5 >= 23193.9),265486.75
2025-02-13,CE,11:13,23200,29.0,11:29,39.15,65,1885.0,-659.75,SL Hit (23196.9 >= 23195.9),264827.0
2025-02-13,PE,10:08,23200,66.0,13:32,81.0,65,4290.0,-975.0,SL Hit (23122.7 <= 23134.6),263852.0
2025-02-13,CE,12:18,23200,45.0,15:16,0.15,65,2925.0,2915.25,Settlement 15:15,266767.25
2025-02-13,PE,14:58,23050,9.9,15:16,17.4,65,643.5,-487.5,Settlement 15:15,266279.75
2025-02-14,PE,10:07,23050,150.3,10:35,171.4,65,9769.5,-1371.5,SL Hit (23013.2 <= 23014.0),264908.25
2025-02-14,PE,11:49,22900,164.8,12:07,191.95,65,10712.0,-1764.75,SL Hit (22840.5 <= 22845.3),263143.5
2025-02-14,PE,12:31,22850,161.75,12:59,182.15,65,10513.75,-1326.0,SL Hit (22802.7 <= 22818.2),261817.5
2025-02-14,CE,10:53,22900,207.0,15:16,196.9,65,13455.0,656.5,Settlement 15:15,262474.0
2025-02-17,CE,09:57,22750,204.9,10:20,237.75,65,13318.5,-2135.25,SL Hit (22808.7 >= 22803.1),260338.75
2025-02-17,CE,11:18,22800,192.85,13:34,251.6,65,12535.25,-3818.75,SL Hit (22908.5 >= 22897.0),256520.0
2025-02-17,CE,14:11,22900,182.55,14:57,197.05,65,11865.75,-942.5,SL Hit (22930.9 >= 22926.7),255577.5
2025-02-17,PE,10:25,22800,147.5,15:16,81.05,65,9587.5,4319.25,Settlement 15:15,259896.75
2025-02-18,PE,11:01,22850,126.0,11:11,152.2,65,8190.0,-1703.0,SL Hit (22816.2 <= 22821.2),258193.75
2025-02-18,CE,10:31,22850,142.35,14:11,183.8,65,9252.75,-2694.25,SL Hit (22931.3 >= 22927.7),255499.5
2025-02-18,PE,11:37,22850,134.85,15:16,82.2,65,8765.25,3422.25,Settlement 15:15,258921.75
2025-02-19,CE,10:14,23000,105.75,10:15,133.75,65,6873.75,-1820.0,SL Hit (23025.5 >= 22994.6),257101.75
2025-02-19,PE,10:01,23000,106.0,14:19,147.55,65,6890.0,-2700.75,SL Hit (22887.0 <= 22892.7),254401.0
2025-02-19,CE,11:01,22950,104.1,15:16,74.3,65,6766.5,1937.0,Settlement 15:15,256338.0
2025-02-19,PE,14:57,22900,69.25,15:16,66.65,65,4501.25,169.0,Settlement 15:15,256507.0
2025-02-20,CE,09:52,22850,54.05,11:14,87.85,65,3513.25,-2197.0,SL Hit (22911.3 >= 22911.1),254310.0
2025-02-20,CE,11:29,22900,44.15,13:52,32.85,65,2869.75,734.5,SL Hit (22919.3 >= 22914.5),255044.5
2025-02-20,CE,14:11,22900,14.65,15:16,14.3,65,952.25,22.75,Settlement 15:15,255067.25
2025-02-20,PE,10:24,22900,50.65,15:16,0.2,65,3292.25,3279.25,Settlement 15:15,258346.5
2025-02-21,PE,11:44,22800,135.45,13:39,170.4,65,8804.25,-2271.75,SL Hit (22727.0 <= 22742.5),256074.75
2025-02-21,CE,10:17,22750,203.6,15:16,179.6,65,13234.0,1560.0,Settlement 15:15,257634.75
2025-02-21,PE,14:03,22750,132.75,15:16,112.55,65,8628.75,1313.0,Settlement 15:15,258947.75
2025-02-24,CE,10:28,22550,159.0,11:40,171.2,65,10335.0,-793.0,SL Hit (22595.7 >= 22591.1),258154.75
2025-02-24,PE,11:51,22600,89.9,12:14,110.65,65,5843.5,-1348.75,SL Hit (22561.2 <= 22562.2),256806.0
2025-02-24,PE,12:43,22550,80.6,13:24,89.75,65,5239.0,-594.75,SL Hit (22552.5 <= 22555.9),256211.25
2025-02-24,CE,12:10,22550,152.9,15:16,142.4,65,9938.5,682.5,Settlement 15:15,256893.75
2025-02-24,PE,14:22,22550,86.2,15:16,72.55,65,5603.0,887.25,Settlement 15:15,257781.0
2025-02-25,PE,10:41,22600,62.9,10:49,77.1,65,4088.5,-923.0,SL Hit (22565.0 <= 22567.5),256858.0
2025-02-25,PE,12:14,22550,40.4,15:15,44.15,65,2626.0,-243.75,SL Hit (22547.9 <= 22550.3),256614.25
2025-02-25,CE,10:06,22600,81.2,15:16,50.05,65,5278.0,2024.75,Settlement 15:15,258639.0
2025-02-27,CE,10:27,22550,18.7,10:43,24.15,65,1215.5,-354.25,SL Hit (22552.2 >= 22551.7),258284.75
2025-02-27,PE,10:57,22550,16.05,11:05,16.75,65,1043.25,-45.5,SL Hit (22545.1 <= 22545.2),258239.25
2025-02-27,PE,11:17,22550,14.05,11:24,15.5,65,913.25,-94.25,SL Hit (22540.1 <= 22540.2),258145.0
2025-02-27,PE,12:25,22550,17.4,12:35,25.1,65,1131.0,-500.5,SL Hit (22516.8 <= 22521.4),257644.5
2025-02-27,CE,11:40,22550,12.2,14:00,8.8,65,793.0,221.0,SL Hit (22547.1 >= 22545.5),257865.5
2025-02-27,CE,14:40,22550,5.9,14:55,8.5,65,383.5,-169.0,SL Hit (22553.2 >= 22553.1),257696.5
2025-02-28,CE,10:05,22250,168.5,10:24,197.0,65,10952.5,-1852.5,SL Hit (22291.0 >= 22290.1),255844.0
2025-02-28,PE,10:27,22300,119.65,11:47,138.8,65,7777.25,-1244.75,SL Hit (22235.8 <= 22236.4),254599.25
2025-02-28,PE,12:31,22250,114.8,12:34,134.4,65,7462.0,-1274.0,SL Hit (22212.0 <= 22220.0),253325.25
2025-02-28,CE,11:01,22250,165.0,15:16,117.55,65,10725.0,3084.25,Settlement 15:15,256409.5
2025-02-28,PE,13:52,22150,142.1,15:16,129.75,65,9236.5,802.75,Settlement 15:15,257212.25
2025-03-03,PE,10:33,22050,105.25,11:11,125.65,65,6841.25,-1326.0,SL Hit (22011.0 <= 22016.5),255886.25
2025-03-03,CE,09:57,22050,163.2,15:16,177.8,65,10608.0,-949.0,Settlement 15:15,254937.25
2025-03-03,PE,12:26,22050,95.35,15:16,77.8,65,6197.75,1140.75,Settlement 15:15,256078.0
2025-03-04,CE,10:14,22050,109.8,11:04,137.25,65,7137.0,-1784.25,SL Hit (22095.3 >= 22087.3),254293.75
2025-03-04,CE,11:20,22100,94.8,14:11,95.4,65,6162.0,-39.0,SL Hit (22104.0 >= 22100.3),254254.75
2025-03-04,PE,10:05,22050,84.15,15:16,83.6,65,5469.75,35.75,Settlement 15:15,254290.5
2025-03-05,CE,13:01,22350,82.75,15:16,70.2,65,5378.75,815.75,Settlement 15:15,255106.25
2025-03-05,PE,09:51,22250,91.2,15:16,48.0,65,5928.0,2808.0,Settlement 15:15,257914.25
2025-03-06,CE,09:52,22250,58.25,10:05,116.6,65,3786.25,-3792.75,SL Hit (22359.8 >= 22353.1),254121.5
2025-03-06,CE,11:34,22350,43.35,12:40,110.5,65,2817.75,-4364.75,SL Hit (22456.7 >= 22453.1),249756.75
2025-03-06,CE,14:31,22500,18.6,14:38,26.9,65,1209.0,-539.5,SL Hit (22522.8 >= 22521.0),249217.25
2025-03-06,PE,10:09,22350,67.55,15:16,0.05,65,4390.75,4387.5,Settlement 15:15,253604.75
2025-03-07,CE,11:01,22600,148.9,11:14,168.4,65,9678.5,-1267.5,SL Hit (22615.2 >= 22612.0),252337.25
2025-03-07,PE,10:20,22600,137.5,12:02,177.3,65,8937.5,-2587.0,SL Hit (22526.7 <= 22542.4),249750.25
2025-03-07,CE,11:43,22600,154.2,15:16,124.95,65,10023.0,1901.25,Settlement 15:15,251651.5
2025-03-07,PE,12:35,22550,129.0,15:16,124.85,65,8385.0,269.75,Settlement 15:15,251921.25
2025-03-10,CE,10:31,22600,130.9,10:46,152.6,65,8508.5,-1410.5,SL Hit (22647.6 >= 22644.7),250510.75
2025-03-10,PE,10:54,22650,122.5,11:09,136.5,65,7962.5,-910.0,SL Hit (22618.3 <= 22618.7),249600.75
2025-03-10,PE,11:43,22650,126.2,12:01,140.15,65,8203.0,-906.75,SL Hit (22608.0 <= 22608.6),248694.0
2025-03-10,PE,13:12,22600,115.2,13:25,123.2,65,7488.0,-520.0,SL Hit (22581.2 <= 22583.0),248174.0
2025-03-10,CE,11:12,22600,135.0,15:16,62.35,65,8775.0,4722.25,Settlement 15:15,252896.25
2025-03-11,CE,11:25,22450,117.15,13:45,133.0,65,7614.75,-1030.25,SL Hit (22480.0 >= 22474.6),251866.0
2025-03-11,CE,14:34,22500,109.95,15:16,101.6,65,7146.75,542.75,Settlement 15:15,252408.75
2025-03-11,PE,09:54,22400,117.85,15:16,68.35,65,7660.25,3217.5,Settlement 15:15,255626.25
2025-03-12,PE,09:53,22500,84.6,10:01,113.4,65,5499.0,-1872.0,SL Hit (22453.2 <= 22458.9),253754.25
2025-03-12,PE,10:46,22450,82.1,10:52,100.05,65,5336.5,-1166.75,SL Hit (22412.0 <= 22415.1),252587.5
2025-03-12,PE,12:36,22400,85.2,12:46,105.8,65,5538.0,-1339.0,SL Hit (22339.4 <= 22343.3),251248.5
2025-03-12,CE,10:11,22450,69.5,15:16,78.2,65,4517.5,-565.5,Settlement 15:15,250683.0
2025-03-13,PE,10:06,22550,40.95,11:28,91.75,65,2661.75,-3302.0,SL Hit (22482.9 <= 22483.2),247381.0
2025-03-13,PE,12:49,22450,27.25,13:09,41.7,65,1771.25,-939.25,SL Hit (22428.9 <= 22430.0),246441.75
2025-03-13,PE,13:56,22450,32.55,13:59,38.1,65,2115.75,-360.75,SL Hit (22433.5 <= 22436.3),246081.0
2025-03-13,CE,10:42,22550,24.45,15:16,0.05,65,1589.25,1586.0,Settlement 15:15,247667.0
2025-03-17,PE,11:43,22500,96.4,12:25,124.9,65,6266.0,-1852.5,SL Hit (22467.7 <= 22477.8),245814.5
2025-03-17,CE,09:53,22550,128.0,15:16,104.45,65,8320.0,1530.75,Settlement 15:15,247345.25
2025-03-17,PE,13:07,22450,110.4,15:16,79.6,65,7176.0,2002.0,Settlement 15:15,249347.25
2025-03-18,CE,11:04,22750,110.9,11:33,130.6,65,7208.5,-1280.5,SL Hit (22776.0 >= 22774.2),248066.75
2025-03-18,CE,12:09,22750,126.1,13:19,129.2,65,8196.5,-201.5,SL Hit (22782.0 >= 22781.3),247865.25
2025-03-18,CE,14:23,22800,96.7,14:29,100.25,65,6285.5,-230.75,SL Hit (22792.8 >= 22790.8),247634.5
2025-03-18,PE,10:12,22750,115.9,15:16,55.5,65,7533.5,3926.0,Settlement 15:15,251560.5
2025-03-19,CE,10:13,22850,106.8,10:16,118.25,65,6942.0,-744.25,SL Hit (22884.9 >= 22882.0),250816.25
2025-03-19,PE,10:47,22900,77.7,10:48,80.85,65,5050.5,-204.75,SL Hit (22886.7 <= 22889.8),250611.5
2025-03-19,CE,10:56,22900,85.05,12:49,110.0,65,5528.25,-1621.75,SL Hit (22931.2 >= 22916.6),248989.75
2025-03-19,CE,13:14,22900,87.75,15:16,98.05,65,5703.75,-669.5,Settlement 15:15,248320.25
2025-03-19,PE,12:28,22900,76.25,15:16,68.3,65,4956.25,516.75,Settlement 15:15,248837.0
2025-03-20,CE,09:55,23050,39.7,12:03,43.9,65,2580.5,-273.0,SL Hit (23072.4 >= 23068.6),248564.0
2025-03-20,CE,14:21,23200,11.85,14:27,23.2,65,770.25,-737.75,SL Hit (23208.7 >= 23205.1),247826.25
2025-03-20,PE,11:03,23050,43.8,15:16,0.1,65,2847.0,2840.5,Settlement 15:15,250666.75
2025-03-21,CE,10:06,23250,142.45,10:08,153.9,65,9259.25,-744.25,SL Hit (23274.3 >= 23266.6),249922.5
2025-03-21,CE,11:16,23350,139.35,11:22,151.6,65,9057.75,-796.25,SL Hit (23360.4 >= 23356.2),249126.25
2025-03-21,CE,13:20,23350,166.5,15:16,143.05,65,10822.5,1524.25,Settlement 15:15,250650.5
2025-03-21,PE,10:12,23250,120.45,15:16,78.5,65,7829.25,2726.75,Settlement 15:15,253377.25
2025-03-24,CE,11:45,23600,147.6,12:30,170.4,65,9594.0,-1482.0,SL Hit (23648.8 >= 23648.3),251895.25
2025-03-24,CE,13:03,23650,131.9,13:12,139.95,65,8573.5,-523.25,SL Hit (23650.5 >= 23649.0),251372.0
2025-03-24,CE,13:39,23650,144.0,13:59,154.2,65,9360.0,-663.0,SL Hit (23670.0 >= 23661.6),250709.0
2025-03-24,PE,10:12,23550,126.6,15:16,74.45,65,8229.0,3389.75,Settlement 15:15,254098.75
2025-03-25,PE,10:02,23850,129.6,10:14,166.05,65,8424.0,-2369.25,SL Hit (23770.4 <= 23775.9),251729.5
2025-03-25,CE,10:16,23800,156.15,15:16,72.7,65,10149.75,5424.25,Settlement 15:15,257153.75
2025-03-25,PE,12:03,23700,101.2,15:16,96.55,65,6578.0,302.25,Settlement 15:15,257456.0
2025-03-26,PE,10:00,23650,70.7,11:51,90.9,65,4595.5,-1313.0,SL Hit (23617.0 <= 23620.3),256143.0
2025-03-26,PE,12:40,23600,68.85,13:05,84.2,65,4475.25,-997.75,SL Hit (23580.5 <= 23590.4),255145.25
2025-03-26,PE,14:11,23550,68.65,14:50,79.75,65,4462.25,-721.5,SL Hit (23514.6 <= 23522.0),254423.75
2025-03-26,CE,11:08,23650,99.5,15:16,32.35,65,6467.5,4364.75,Settlement 15:15,258788.5
2025-03-27,CE,10:59,23600,24.95,11:00,32.9,65,1621.75,-516.75,SL Hit (23600.9 >= 23593.3),258271.75
2025-03-27,CE,11:33,23600,26.3,11:42,31.3,65,1709.5,-325.0,SL Hit (23607.2 >= 23606.5),257946.75
2025-03-27,CE,12:08,23600,22.65,15:16,0.55,65,1472.25,1436.5,Settlement 15:15,259383.25
2025-03-27,PE,10:14,23600,37.6,15:16,8.45,65,2444.0,1894.75,Settlement 15:15,261278.0
2025-03-28,CE,10:17,23550,161.95,10:30,190.6,65,10526.75,-1862.25,SL Hit (23581.7 >= 23569.0),259415.75
2025-03-28,PE,10:01,23550,129.45,12:32,145.95,65,8414.25,-1072.5,SL Hit (23498.2 <= 23512.2),258343.25
2025-03-28,PE,12:57,23500,114.4,13:03,123.25,65,7436.0,-575.25,SL Hit (23489.4 <= 23491.7),257768.0
2025-03-28,PE,13:38,23500,113.25,13:48,141.65,65,7361.25,-1846.0,SL Hit (23464.6 <= 23483.2),255922.0
2025-03-28,CE,11:10,23600,177.6,15:16,89.65,65,11544.0,5716.75,Settlement 15:15,261638.75
2025-04-01,PE,12:21,23200,85.3,13:18,108.25,65,5544.5,-1491.75,SL Hit (23162.6 <= 23163.3),260147.0
2025-04-01,PE,13:46,23150,92.05,14:19,94.4,65,5983.25,-152.75,SL Hit (23142.3 <= 23143.4),259994.25
2025-04-01,CE,10:06,23500,99.85,15:16,16.95,65,6490.25,5388.5,Settlement 15:15,265382.75
2025-04-01,PE,14:34,23150,83.95,15:16,74.35,65,5456.75,624.0,Settlement 15:15,266006.75
2025-04-02,CE,09:55,23200,109.35,10:52,158.25,65,7107.75,-3178.5,SL Hit (23298.5 >= 23294.4),262828.25
2025-04-02,CE,11:21,23300,74.75,13:36,66.0,65,4858.75,568.75,SL Hit (23301.0 >= 23300.7),263397.0
2025-04-02,CE,13:51,23250,82.65,14:37,93.1,65,5372.25,-679.25,SL Hit (23311.5 >= 23306.7),262717.75
2025-04-02,PE,10:32,23250,75.9,15:16,51.7,65,4933.5,1573.0,Settlement 15:15,264290.75
2025-04-03,CE,10:54,23300,13.4,15:16,0.15,65,871.0,861.25,Settlement 15:15,265152.0
2025-04-03,PE,10:15,23250,22.75,15:16,0.25,65,1478.75,1462.5,Settlement 15:15,266614.5
2025-04-04,CE,10:16,22950,147.55,11:01,169.2,65,9590.75,-1407.25,SL Hit (23010.3 >= 23005.4),265207.25
2025-04-04,PE,10:47,22950,144.05,13:42,144.9,65,9363.25,-55.25,SL Hit (22924.4 <= 22925.3),265152.0
2025-04-04,CE,11:28,23000,134.9,15:16,69.0,65,8768.5,4283.5,Settlement 15:15,269435.5
2025-04-04,PE,15:11,22900,128.0,15:16,131.5,65,8320.0,-227.5,Settlement 15:15,269208.0
2025-04-07,CE,10:01,22000,297.45,10:50,363.7,65,19334.25,-4306.25,SL Hit (22067.0 >= 22047.2),264901.75
2025-04-07,CE,11:26,22000,296.85,11:31,316.35,65,19295.25,-1267.5,SL Hit (22016.2 >= 22013.6),263634.25
2025-04-07,PE,10:33,21950,267.3,12:13,330.0,65,17374.5,-4075.5,SL Hit (21894.2 <= 21894.7),259558.75
2025-04-07,CE,12:20,21900,315.75,13:43,351.05,65,20523.75,-2294.5,SL Hit (21978.0 >= 21972.2),257264.25
2025-04-07,PE,12:50,21900,325.0,15:16,220.0,65,21125.0,6825.0,Settlement 15:15,264089.25
2025-04-08,PE,11:13,22450,168.15,11:32,253.5,65,10929.75,-5547.75,SL Hit (22327.7 <= 22329.6),258541.5
2025-04-08,CE,10:07,22400,175.85,12:08,249.65,65,11430.25,-4797.0,SL Hit (22485.2 >= 22484.4),253744.5
2025-04-08,CE,13:10,22650,179.75,13:26,194.75,65,11683.75,-975.0,SL Hit (22675.7 >= 22669.1),252769.5
2025-04-08,CE,13:41,22600,190.35,15:16,133.15,65,12372.75,3718.0,Settlement 15:15,256487.5
2025-04-08,PE,11:50,22400,188.8,15:16,122.15,65,12272.0,4332.25,Settlement 15:15,260819.75
2025-04-09,PE,10:10,22400,51.5,10:12,71.1,65,3347.5,-1274.0,SL Hit (22366.5 <= 22370.7),259545.75
2025-04-09,CE,11:14,22350,36.85,11:29,59.15,65,2395.25,-1449.5,SL Hit (22408.4 >= 22406.2),258096.25
2025-04-09,CE,13:03,22400,18.95,15:16,0.75,65,1231.75,1183.0,Settlement 15:15,259279.25
2025-04-09,PE,11:25,22400,32.6,15:16,0.35,65,2119.0,2096.25,Settlement 15:15,261375.5
2025-04-11,CE,10:01,22850,276.25,11:35,259.9,65,17956.25,1062.75,SL Hit (22887.2 >= 22871.0),262438.25
2025-04-11,CE,11:59,22900,211.5,12:12,225.3,65,13747.5,-897.0,SL Hit (22897.8 >= 22889.6),261541.25
2025-04-11,PE,11:10,22800,197.6,14:13,248.55,65,12844.0,-3311.75,SL Hit (22774.6 <= 22778.9),258229.5
2025-04-11,CE,12:41,22900,212.5,15:16,224.9,65,13812.5,-806.0,Settlement 15:15,257423.5
2025-04-11,PE,14:56,22800,225.95,15:16,225.05,65,14686.75,58.5,Settlement 15:15,257482.0
2025-04-15,PE,10:54,23300,105.7,11:11,103.5,65,6870.5,143.0,SL Hit (23302.0 <= 23302.5),257625.0
2025-04-15,CE,11:16,23300,116.8,12:09,128.0,65,7592.0,-728.0,SL Hit (23325.5 >= 23320.3),256897.0
2025-04-15,CE,13:00,23350,103.5,13:01,105.0,65,6727.5,-97.5,SL Hit (23346.4 >= 23346.0),256799.5
2025-04-15,PE,12:24,23350,117.6,14:40,124.7,65,7644.0,-461.5,SL Hit (23309.5 <= 23315.3),256338.0
2025-04-15,CE,13:23,23350,97.15,15:16,76.6,65,6314.75,1335.75,Settlement 15:15,257673.75
2025-04-15,PE,14:54,23300,91.85,15:16,97.8,65,5970.25,-386.75,Settlement 15:15,257287.0
2025-04-16,PE,10:06,23350,80.1,10:15,90.35,65,5206.5,-666.25,SL Hit (23343.3 <= 23345.0),256620.75
2025-04-16,PE,12:06,23350,104.45,13:20,113.65,65,6789.25,-598.0,SL Hit (23322.2 <= 23327.9),256022.75
2025-04-16,CE,10:26,23300,60.35,13:58,114.85,65,3922.75,-3542.5,SL Hit (23382.4 >= 23381.3),252480.25
2025-04-16,CE,14:37,23400,78.1,14:52,80.2,65,5076.5,-136.5,SL Hit (23427.5 >= 23425.9),252343.75
2025-04-16,PE,14:06,23400,98.6,15:16,95.1,65,6409.0,227.5,Settlement 15:15,252571.25
2025-04-17,CE,10:17,23350,46.0,10:45,105.2,65,2990.0,-3848.0,SL Hit (23429.3 >= 23427.7),248723.25
2025-04-17,CE,11:06,23400,50.15,11:16,123.8,65,3259.75,-4787.25,SL Hit (23472.3 >= 23457.1),243936.0
2025-04-17,CE,14:25,23850,10.75,15:16,2.05,65,698.75,565.5,Settlement 15:15,244501.5
2025-04-17,PE,10:35,23400,65.4,15:16,0.2,65,4251.0,4238.0,Settlement 15:15,248739.5
2025-04-21,CE,11:40,24100,147.5,11:57,157.55,65,9587.5,-653.25,SL Hit (24142.9 >= 24133.5),248086.25
2025-04-21,CE,13:07,24200,123.0,13:09,125.2,65,7995.0,-143.0,SL Hit (24188.5 >= 24185.6),247943.25
2025-04-21,CE,13:22,24150,145.7,15:16,123.1,65,9470.5,1469.0,Settlement 15:15,249412.25
2025-04-21,PE,10:10,24050,145.0,15:16,86.3,65,9425.0,3815.5,Settlement 15:15,253227.75
2025-04-22,CE,09:56,24150,107.1,10:08,121.5,65,6961.5,-936.0,SL Hit (24197.0 >= 24196.3),252291.75
2025-04-22,PE,10:29,24200,113.15,11:34,118.2,65,7354.75,-328.25,SL Hit (24173.8 <= 24184.2),251963.5
2025-04-22,PE,13:27,24200,96.85,14:46,103.0,65,6295.25,-399.75,SL Hit (24168.2 <= 24169.0),251563.75
2025-04-22,CE,11:37,24200,93.55,15:16,81.65,65,6080.75,773.5,Settlement 15:15,252337.25
2025-04-23,CE,10:17,24250,78.5,15:04,104.6,65,5102.5,-1696.5,SL Hit (24331.2 >= 24329.2),250640.75
2025-04-23,PE,11:50,24250,74.85,15:16,40.65,65,4865.25,2223.0,Settlement 15:15,252863.75
2025-04-24,PE,10:20,24300,53.0,11:28,63.55,65,3445.0,-685.75,SL Hit (24254.6 <= 24257.2),252178.0
2025-04-24,PE,11:50,24250,15.1,12:35,15.0,65,981.5,6.5,SL Hit (24251.0 <= 24256.4),252184.5
2025-04-24,PE,14:10,24250,5.3,14:30,4.0,65,344.5,84.5,SL Hit (24244.6 <= 24244.7),252269.0
2025-04-24,CE,10:59,24300,19.95,15:16,0.2,65,1296.75,1283.75,Settlement 15:15,253552.75
2025-04-25,PE,11:44,23900,172.45,11:47,191.0,65,11209.25,-1205.75,SL Hit (23867.8 <= 23888.6),252347.0
2025-04-25,CE,10:07,24000,218.55,15:16,205.65,65,14205.75,838.5,Settlement 15:15,253185.5
2025-04-25,PE,12:25,23950,186.3,15:16,131.25,65,12109.5,3578.25,Settlement 15:15,256763.75
2025-04-28,CE,10:26,24250,132.3,11:51,147.75,65,8599.5,-1004.25,SL Hit (24284.8 >= 24284.0),255759.5
2025-04-28,CE,13:09,24350,116.3,15:16,100.85,65,7559.5,1004.25,Settlement 15:15,256763.75
2025-04-28,PE,10:12,24250,106.4,15:16,69.9,65,6916.0,2372.5,Settlement 15:15,259136.25
2025-04-29,CE,10:31,24350,66.15,11:05,71.65,65,4299.75,-357.5,SL Hit (24359.5 >= 24356.5),258778.75
2025-04-29,PE,10:52,24350,87.2,12:00,105.95,65,5668.0,-1218.75,SL Hit (24306.0 <= 24307.3),257560.0
2025-04-29,CE,11:33,24350,64.0,12:55,58.75,65,4160.0,341.25,SL Hit (24361.2 >= 24360.2),257901.25
2025-04-29,CE,13:46,24350,56.1,15:16,38.4,65,3646.5,1150.5,Settlement 15:15,259051.75
2025-04-29,PE,12:47,24350,81.75,15:16,78.0,65,5313.75,243.75,Settlement 15:15,259295.5
2025-04-30,PE,09:55,24400,51.05,10:29,74.65,65,3318.25,-1534.0,SL Hit (24332.0 <= 24332.7),257761.5
2025-04-30,CE,10:23,24350,24.45,14:53,16.35,65,1589.25,526.5,SL Hit (24371.5 >= 24366.4),258288.0
2025-04-30,PE,11:05,24350,30.65,15:16,1.25,65,1992.25,1911.0,Settlement 15:15,260199.0
2025-05-02,PE,10:03,24550,163.65,10:30,191.9,65,10637.25,-1836.25,SL Hit (24500.2 <= 24512.6),258362.75
2025-05-02,CE,10:38,24500,205.25,15:16,85.65,65,13341.25,7774.0,Settlement 15:15,266136.75
2025-05-02,PE,12:50,24300,200.5,15:16,167.15,65,13032.5,2167.75,Settlement 15:15,268304.5
2025-05-05,PE,10:01,24500,123.4,11:52,151.75,65,8021.0,-1842.75,SL Hit (24424.0 <= 24426.8),266461.75
2025-05-05,CE,11:10,24500,111.7,15:16,85.55,65,7260.5,1699.75,Settlement 15:15,268161.5
2025-05-05,PE,12:05,24450,110.4,15:16,96.1,65,7176.0,929.5,Settlement 15:15,269091.0
2025-05-06,PE,10:49,24400,70.8,11:26,81.5,65,4602.0,-695.5,SL Hit (24372.7 <= 24373.8),268395.5
2025-05-06,CE,10:03,24400,77.65,15:16,47.05,65,5047.25,1989.0,Settlement 15:15,270384.5
2025-05-06,PE,12:04,24400,76.5,15:16,110.9,65,4972.5,-2236.0,Settlement 15:15,268148.5
2025-05-07,CE,09:55,24350,80.4,15:16,75.5,65,5226.0,318.5,Settlement 15:15,268467.0
2025-05-07,PE,10:29,24350,85.75,15:16,54.6,65,5573.75,2024.75,Settlement 15:15,270491.75
2025-05-08,PE,10:09,24400,36.3,13:20,21.05,65,2359.5,991.25,SL Hit (24373.9 <= 24374.2),271483.0
2025-05-08,CE,11:52,24400,10.5,15:16,0.15,65,682.5,672.75,Settlement 15:15,272155.75
2025-05-09,CE,10:48,24000,255.05,11:28,275.6,65,16578.25,-1335.75,SL Hit (24066.4 >= 24064.8),270820.0
2025-05-09,CE,11:51,24050,224.1,15:16,206.35,65,14566.5,1153.75,Settlement 15:15,271973.75
2025-05-09,PE,10:19,24050,260.45,15:16,261.8,65,16929.25,-87.75,Settlement 15:15,271886.0
2025-05-12,CE,11:01,24700,168.3,11:06,173.55,65,10939.5,-341.25,SL Hit (24700.3 >= 24698.1),271544.75
2025-05-12,CE,12:29,24700,184.9,12:30,215.25,65,12018.5,-1972.75,SL Hit (24745.2 >= 24732.3),269572.0
2025-05-12,CE,14:48,24900,214.0,14:56,225.55,65,13910.0,-750.75,SL Hit (24901.8 >= 24900.5),268821.25
2025-05-12,PE,10:05,24700,166.6,15:16,100.25,65,10829.0,4312.75,Settlement 15:15,273134.0
2025-05-13,PE,10:19,24750,200.9,10:29,263.65,65,13058.5,-4078.75,SL Hit (24660.5 <= 24685.7),269055.25
2025-05-13,CE,10:39,24700,196.8,11:02,246.8,65,12792.0,-3250.0,SL Hit (24806.7 >= 24777.2),265805.25
2025-05-13,CE,12:04,24700,187.45,12:11,221.15,65,12184.25,-2190.5,SL Hit (24768.0 >= 24762.8),263614.75
2025-05-13,PE,10:56,24700,197.85,12:35,195.45,65,12860.25,156.0,SL Hit (24661.8 <= 24664.7),263770.75
2025-05-13,PE,14:49,24600,143.5,15:05,168.0,65,9327.5,-1592.5,SL Hit (24572.2 <= 24574.6),262178.25
2025-05-13,CE,12:46,24650,182.2,15:16,109.0,65,11843.0,4758.0,Settlement 15:15,266936.25
2025-05-14,PE,10:16,24750,114.95,10:37,138.35,65,7471.75,-1521.0,SL Hit (24712.6 <= 24716.4),265415.25
2025-05-14,PE,11:27,24700,105.55,11:43,114.85,65,6860.75,-604.5,SL Hit (24683.8 <= 24694.3),264810.75
2025-05-14,PE,13:29,24650,118.55,14:00,141.5,65,7705.75,-1491.75,SL Hit (24608.8 <= 24615.5),263319.0
2025-05-14,CE,10:39,24700,105.95,15:16,61.6,65,6886.75,2882.75,Settlement 15:15,266201.75
2025-05-15,CE,09:47,24550,65.25,10:37,140.55,65,4241.25,-4894.5,SL Hit (24647.3 >= 24632.9),261307.25
2025-05-15,CE,11:16,24650,77.25,13:08,220.0,65,5021.25,-9278.75,SL Hit (24838.5 >= 24796.9),252028.5
2025-05-15,CE,14:36,25100,17.55,15:16,0.2,65,1140.75,1127.75,Settlement 15:15,253156.25
2025-05-15,PE,10:45,24750,121.75,15:16,0.3,65,7913.75,7894.25,Settlement 15:15,261050.5
2025-05-16,CE,09:56,25000,192.6,10:20,213.9,65,12519.0,-1384.5,SL Hit (25038.5 >= 25031.0),259666.0
2025-05-16,PE,10:22,25000,173.2,10:24,182.1,65,11258.0,-578.5,SL Hit (24993.0 <= 24993.4),259087.5
2025-05-16,CE,11:12,24950,204.1,12:45,229.8,65,13266.5,-1670.5,SL Hit (25015.8 >= 25012.0),257417.0
2025-05-16,CE,13:02,25000,180.9,13:25,193.45,65,11758.5,-815.75,SL Hit (25015.9 >= 25015.2),256601.25
2025-05-16,PE,11:38,25000,183.65,15:16,161.7,65,11937.25,1426.75,Settlement 15:15,258028.0
2025-05-19,PE,10:19,25050,170.25,10:42,178.4,65,11066.25,-529.75,SL Hit (25010.1 <= 25010.9),257498.25
2025-05-19,PE,11:00,25050,172.55,12:00,188.6,65,11215.75,-1043.25,SL Hit (24992.2 <= 24995.4),256455.0
2025-05-19,PE,12:28,25000,156.95,14:00,183.85,65,10201.75,-1748.5,SL Hit (24953.8 <= 24969.5),254706.5
2025-05-19,CE,10:33,25050,163.35,15:16,106.3,65,10617.75,3708.25,Settlement 15:15,258414.75
2025-05-20,PE,10:52,24950,128.95,11:21,165.35,65,8381.75,-2366.0,SL Hit (24892.2 <= 24894.3),256048.75
2025-05-20,PE,12:40,24850,113.6,12:47,119.5,65,7384.0,-383.5,SL Hit (24852.5 <= 24854.8),255665.25
2025-05-20,CE,11:14,24900,161.2,15:16,58.9,65,10478.0,6649.5,Settlement 15:15,262314.75
2025-05-20,PE,15:15,24700,102.15,15:16,102.35,65,6639.75,-13.0,Settlement 15:15,262301.75
2025-05-21,PE,10:28,24900,124.95,11:35,143.25,65,8121.75,-1189.5,SL Hit (24840.2 <= 24849.4),261112.25
2025-05-21,CE,11:08,24900,122.45,15:16,63.45,65,7959.25,3835.0,Settlement 15:15,264947.25
2025-05-21,PE,12:42,24800,128.0,15:16,117.25,65,8320.0,698.75,Settlement 15:15,265646.0
2025-05-22,PE,10:05,24600,66.9,11:41,89.75,65,4348.5,-1485.25,SL Hit (24547.2 <= 24548.8),264160.75
2025-05-22,PE,13:19,24550,46.3,14:17,73.05,65,3009.5,-1738.75,SL Hit (24504.2 <= 24506.2),262422.0
2025-05-22,CE,10:31,24600,29.1,15:16,9.1,65,1891.5,1300.0,Settlement 15:15,263722.0
2025-05-22,PE,14:45,24550,40.95,15:16,0.3,65,2661.75,2642.25,Settlement 15:15,266364.25
2025-05-23,PE,10:13,24800,186.4,10:20,199.1,65,12116.0,-825.5,SL Hit (24776.5 <= 24780.0),265538.75
2025-05-23,CE,10:36,24750,229.45,10:44,259.8,65,14914.25,-1972.75,SL Hit (24813.7 >= 24808.4),263566.0
2025-05-23,CE,11:27,24850,253.1,11:30,274.75,65,16451.5,-1407.25,SL Hit (24900.8 >= 24900.6),262158.75
2025-05-23,CE,11:53,24850,229.15,15:16,217.15,65,14894.75,780.0,Settlement 15:15,262938.75
2025-05-23,PE,10:59,24900,194.2,15:16,213.0,65,12623.0,-1222.0,Settlement 15:15,261716.75
2025-05-26,PE,09:50,25050,176.1,10:19,206.05,65,11446.5,-1946.75,SL Hit (25015.5 <= 25022.8),259770.0
2025-05-26,CE,10:22,25050,209.75,15:16,197.8,65,13633.75,776.75,Settlement 15:15,260546.75
2025-05-26,PE,11:23,25000,195.9,15:16,186.1,65,12733.5,637.0,Settlement 15:15,261183.75
2025-05-27,CE,09:55,24800,228.1,11:04,252.75,65,14826.5,-1602.25,SL Hit (24872.8 >= 24843.7),259581.5
2025-05-27,PE,10:38,24800,209.5,14:17,218.2,65,13617.5,-565.5,SL Hit (24726.7 <= 24747.4),259016.0
2025-05-27,CE,12:33,24850,247.65,15:16,195.7,65,16097.25,3376.75,Settlement 15:15,262392.75
2025-05-27,PE,14:47,24750,164.4,15:16,129.7,65,10686.0,2255.5,Settlement 15:15,264648.25
2025-05-28,CE,10:18,24750,163.15,10:47,179.3,65,10604.75,-1049.75,SL Hit (24786.5 >= 24783.1),263598.5
2025-05-28,CE,11:15,24800,142.15,12:48,154.2,65,9239.75,-783.25,SL Hit (24810.2 >= 24799.7),262815.25
2025-05-28,CE,13:25,24800,132.05,15:16,92.8,65,8583.25,2551.25,Settlement 15:15,265366.5
2025-05-28,PE,10:55,24800,150.0,15:16,135.05,65,9750.0,971.75,Settlement 15:15,266338.25
2025-05-29,PE,10:09,24850,59.05,10:29,97.75,65,3838.25,-2515.5,SL Hit (24771.2 <= 24773.3),263822.75
2025-05-29,PE,11:41,24750,59.05,12:39,106.0,65,3838.25,-3051.75,SL Hit (24690.6 <= 24713.3),260771.0
2025-05-29,CE,10:35,24750,64.15,15:05,54.95,65,4169.75,598.0,SL Hit (24813.7 >= 24810.6),261369.0
2025-05-29,PE,13:10,24750,42.45,15:16,0.25,65,2759.25,2743.0,Settlement 15:15,264112.0
2025-05-30,PE,11:27,24750,180.6,11:44,191.75,65,11739.0,-724.75,SL Hit (24745.4 <= 24746.1),263387.25
2025-05-30,PE,13:07,24750,190.95,15:02,189.25,65,12411.75,110.5,SL Hit (24736.8 <= 24743.1),263497.75
2025-05-30,CE,10:26,24750,238.5,15:16,228.05,65,15502.5,679.25,Settlement 15:15,264177.0
2025-06-02,CE,10:23,24550,222.95,10:37,247.7,65,14491.75,-1608.75,SL Hit (24601.5 >= 24597.4),262568.25
2025-06-02,CE,13:02,24700,239.65,15:01,263.6,65,15577.25,-1556.75,SL Hit (24753.0 >= 24746.8),261011.5
2025-06-02,PE,10:45,24600,194.05,15:16,160.1,65,12613.25,2206.75,Settlement 15:15,263218.25
2025-06-03,PE,10:27,24750,205.5,11:13,262.05,65,13357.5,-3675.75,SL Hit (24615.0 <= 24619.0),259542.5
2025-06-03,PE,11:37,24650,196.65,12:51,267.25,65,12782.25,-4589.0,SL Hit (24527.3 <= 24577.2),254953.5
2025-06-03,CE,10:45,24650,226.5,15:16,109.2,65,14722.5,7624.5,Settlement 15:15,262578.0
2025-06-03,PE,13:23,24550,174.25,15:16,119.15,65,11326.25,3581.5,Settlement 15:15,266159.5
2025-06-04,CE,09:54,24550,97.55,09:58,103.85,65,6340.75,-409.5,SL Hit (24574.2 >= 24566.2),265750.0
2025-06-04,CE,11:19,24600,82.3,11:31,92.4,65,5349.5,-656.5,SL Hit (24599.3 >= 24596.8),265093.5
2025-06-04,CE,11:54,24600,80.7,12:09,84.75,65,5245.5,-263.25,SL Hit (24602.0 >= 24601.2),264830.25
2025-06-04,PE,10:09,24600,104.6,15:16,71.1,65,6799.0,2177.5,Settlement 15:15,267007.75
2025-06-05,CE,10:22,24750,22.65,12:01,52.0,65,1472.25,-1907.75,SL Hit (24754.0 >= 24752.5),265100.0
2025-06-05,CE,13:03,24800,47.65,15:16,0.25,65,3097.25,3081.0,Settlement 15:15,268181.0
2025-06-05,PE,11:29,24750,56.35,15:16,3.2,65,3662.75,3454.75,Settlement 15:15,271635.75
2025-06-06,PE,10:01,24700,177.4,10:04,185.05,65,11531.0,-497.25,SL Hit (24687.4 <= 24687.6),271138.5
2025-06-06,CE,12:29,25000,191.45,14:22,198.25,65,12444.25,-442.0,SL Hit (25014.7 >= 25012.2),270696.5
2025-06-06,CE,14:42,25000,185.9,15:16,185.7,65,12083.5,13.0,Settlement 15:15,270709.5
2025-06-06,PE,10:11,24750,170.95,15:16,68.75,65,11111.75,6643.0,Settlement 15:15,277352.5
2025-06-09,PE,10:08,25100,149.85,14:15,141.55,65,9740.25,539.5,SL Hit (25085.2 <= 25090.3),277892.0
2025-06-09,CE,11:21,25100,154.25,15:16,138.5,65,10026.25,1023.75,Settlement 15:15,278915.75
2025-06-09,PE,15:07,25100,132.1,15:16,130.3,65,8586.5,117.0,Settlement 15:15,279032.75
2025-06-10,PE,10:10,25150,109.6,10:52,121.05,65,7124.0,-744.25,SL Hit (25112.0 <= 25117.4),278288.5
2025-06-10,PE,11:34,25150,101.25,14:42,102.0,65,6581.25,-48.75,SL Hit (25114.3 <= 25117.6),278239.75
2025-06-10,CE,10:34,25150,98.85,15:16,63.95,65,6425.25,2268.5,Settlement 15:15,280508.25
2025-06-10,PE,15:12,25100,93.65,15:16,94.6,65,6087.25,-61.75,Settlement 15:15,280446.5
2025-06-11,CE,10:28,25150,55.35,10:43,75.75,65,3597.75,-1326.0,SL Hit (25162.2 >= 25161.4),279120.5
2025-06-11,CE,12:19,25200,86.4,12:23,94.55,65,5616.0,-529.75,SL Hit (25219.2 >= 25214.2),278590.75
2025-06-11,CE,12:42,25200,74.25,12:52,85.7,65,4826.25,-744.25,SL Hit (25218.9 >= 25218.4),277846.5
2025-06-11,PE,10:48,25150,70.3,13:52,90.8,65,4569.5,-1332.5,SL Hit (25116.4 <= 25124.5),276514.0
2025-06-11,PE,14:26,25150,80.4,15:16,81.05,65,5226.0,-42.25,Settlement 15:15,276471.75
2025-06-12,PE,11:30,25050,35.7,11:38,73.0,65,2320.5,-2424.5,SL Hit (25029.5 <= 25037.3),274047.25
2025-06-12,PE,12:36,25050,50.55,13:01,61.75,65,3285.75,-728.0,SL Hit (25027.5 <= 25030.9),273319.25
2025-06-12,CE,10:05,25100,43.2,15:16,0.1,65,2808.0,2801.5,Settlement 15:15,276120.75
2025-06-12,PE,14:36,24900,25.25,15:16,18.75,65,1641.25,422.5,Settlement 15:15,276543.25
2025-06-13,CE,11:19,24650,182.15,12:06,198.65,65,11839.75,-1072.5,SL Hit (24700.6 >= 24697.4),275470.75
2025-06-13,CE,12:59,24700,170.6,13:22,167.2,65,11089.0,221.0,SL Hit (24696.5 >= 24694.8),275691.75
2025-06-13,CE,14:03,24700,172.4,15:16,168.3,65,11206.0,266.5,Settlement 15:15,275958.25
2025-06-13,PE,10:38,24650,183.4,15:16,169.7,65,11921.0,890.5,Settlement 15:15,276848.75
2025-06-16,CE,09:51,24750,139.0,10:19,163.0,65,9035.0,-1560.0,SL Hit (24790.3 >= 24789.8),275288.75
2025-06-16,CE,11:31,24900,155.0,11:48,169.8,65,10075.0,-962.0,SL Hit (24921.0 >= 24917.8),274326.75
2025-06-16,CE,13:55,24950,140.0,14:13,153.8,65,9100.0,-897.0,SL Hit (24962.2 >= 24961.3),273429.75
2025-06-16,PE,10:49,24850,130.6,15:16,94.5,65,8489.0,2346.5,Settlement 15:15,275776.25
2025-06-17,PE,10:27,24850,102.65,12:44,107.25,65,6672.25,-299.0,SL Hit (24844.1 <= 24845.4),275477.25
2025-06-17,CE,12:05,24850,112.9,15:16,100.1,65,7338.5,832.0,Settlement 15:15,276309.25
2025-06-17,PE,13:20,24850,113.9,15:16,111.2,65,7403.5,175.5,Settlement 15:15,276484.75
2025-06-18,PE,10:18,24900,79.0,10:22,93.65,65,5135.0,-952.25,SL Hit (24891.5 <= 24898.5),275532.5
2025-06-18,PE,12:11,24800,79.05,12:49,106.55,65,5138.25,-1787.5,SL Hit (24765.8 <= 24769.4),273745.0
2025-06-18,PE,13:16,24800,81.55,13:50,98.75,65,5300.75,-1118.0,SL Hit (24773.8 <= 24775.0),272627.0
2025-06-18,CE,10:04,24900,108.3,15:16,41.3,65,7039.5,4355.0,Settlement 15:15,276982.0
2025-06-19,PE,09:48,24850,44.8,10:34,51.55,65,2912.0,-438.75,SL Hit (24800.0 <= 24809.0),276543.25
2025-06-19,PE,10:58,24800,19.3,11:07,20.1,65,1254.5,-52.0,SL Hit (24808.0 <= 24808.3),276491.25
2025-06-19,PE,12:12,24800,15.35,12:39,17.3,65,997.75,-126.75,SL Hit (24795.0 <= 24796.7),276364.5
2025-06-19,CE,10:38,24800,44.2,14:21,52.05,65,2873.0,-510.25,SL Hit (24849.8 >= 24848.8),275854.25
2025-06-19,CE,14:31,24850,4.35,15:16,0.15,65,282.75,273.0,Settlement 15:15,276127.25
2025-06-20,CE,12:37,25000,167.75,12:51,202.95,65,10903.75,-2288.0,SL Hit (25032.5 >= 25026.0),273839.25
2025-06-20,CE,13:43,25050,188.4,15:01,185.9,65,12246.0,162.5,SL Hit (25077.8 >= 25076.7),274001.75
2025-06-20,PE,09:51,24850,138.6,15:16,76.85,65,9009.0,4013.75,Settlement 15:15,278015.5
2025-06-23,CE,09:50,24850,160.15,10:42,184.5,65,10409.75,-1582.75,SL Hit (24920.6 >= 24905.9),276432.75
2025-06-23,CE,12:00,24950,133.6,13:16,146.85,65,8684.0,-861.25,SL Hit (24970.0 >= 24969.2),275571.5
2025-06-23,CE,14:45,25000,143.4,15:16,135.2,65,9321.0,533.0,Settlement 15:15,276104.5
2025-06-23,PE,10:36,24900,146.55,15:16,95.65,65,9525.75,3308.5,Settlement 15:15,279413.0
2025-06-24,CE,09:50,25150,136.05,10:03,178.75,65,8843.25,-2775.5,SL Hit (25215.2 >= 25214.3),276637.5
2025-06-24,CE,10:44,25200,143.8,11:05,164.95,65,9347.0,-1374.75,SL Hit (25245.8 >= 25245.6),275262.75
2025-06-24,PE,10:07,25200,112.0,13:24,142.95,65,7280.0,-2011.75,SL Hit (25119.5 <= 25124.7),273251.0
2025-06-24,CE,12:46,25200,145.2,15:16,58.85,65,9438.0,5612.75,Settlement 15:15,278863.75
2025-06-24,PE,14:43,25050,90.95,15:16,87.2,65,5911.75,243.75,Settlement 15:15,279107.5
2025-06-25,PE,10:03,25200,83.7,10:11,88.9,65,5440.5,-338.0,SL Hit (25179.5 <= 25181.2),278769.5
2025-06-25,CE,10:17,25200,90.8,10:36,101.1,65,5902.0,-669.5,SL Hit (25212.5 >= 25212.4),278100.0
2025-06-25,CE,10:50,25200,92.35,13:05,105.2,65,6002.75,-835.25,SL Hit (25225.4 >= 25220.5),277264.75
2025-06-25,CE,14:05,25250,73.45,14:28,89.5,65,4774.25,-1043.25,SL Hit (25260.9 >= 25259.6),276221.5
2025-06-25,PE,13:16,25250,70.45,15:16,69.9,65,4579.25,35.75,Settlement 15:15,276257.25
2025-06-26,PE,10:03,25400,51.3,10:41,102.45,65,3334.5,-3324.75,SL Hit (25324.0 <= 25349.4),272932.5
2025-06-26,PE,11:09,25350,69.05,11:43,89.05,65,4488.25,-1300.0,SL Hit (25307.7 <= 25315.2),271632.5
2025-06-26,CE,10:48,25350,64.15,12:05,99.0,65,4169.75,-2265.25,SL Hit (25391.8 >= 25391.5),269367.25
2025-06-26,CE,12:56,25350,83.5,13:16,127.45,65,5427.5,-2856.75,SL Hit (25430.2 >= 25421.0),266510.5
2025-06-26,CE,14:44,25500,23.7,14:55,43.0,65,1540.5,-1254.5,SL Hit (25529.5 >= 25517.4),265256.0
2025-06-26,PE,12:09,25400,63.1,15:16,0.25,65,4101.5,4085.25,Settlement 15:15,269341.25
2025-06-27,CE,13:17,25600,169.3,15:00,177.45,65,11004.5,-529.75,SL Hit (25645.0 >= 25643.1),268811.5
2025-06-27,PE,10:20,25550,137.7,15:16,94.5,65,8950.5,2808.0,Settlement 15:15,271619.5
2025-06-30,PE,10:21,25550,108.4,10:32,115.25,65,7046.0,-445.25,SL Hit (25552.2 <= 25552.3),271174.25
2025-06-30,PE,11:14,25550,116.65,11:15,117.45,65,7582.25,-52.0,SL Hit (25546.8 <= 25549.8),271122.25
2025-06-30,PE,11:57,25550,112.5,12:36,117.9,65,7312.5,-351.0,SL Hit (25553.5 <= 25553.6),270771.25
2025-06-30,CE,09:56,25550,168.25,15:16,106.55,65,10936.25,4010.5,Settlement 15:15,274781.75
2025-07-01,PE,11:23,25550,102.45,11:54,107.55,65,6659.25,-331.5,SL Hit (25514.8 <= 25515.4),274450.25
2025-07-01,CE,09:58,25550,130.45,15:16,97.3,65,8479.25,2154.75,Settlement 15:15,276605.0
2025-07-01,PE,12:28,25550,95.8,15:16,83.2,65,6227.0,819.0,Settlement 15:15,277424.0
2025-07-02,PE,11:30,25500,81.6,13:15,84.65,65,5304.0,-198.25,SL Hit (25458.8 <= 25462.2),277225.75
2025-07-02,PE,14:14,25400,57.15,14:39,68.05,65,3714.75,-708.5,SL Hit (25391.3 <= 25391.5),276517.25
2025-07-02,CE,10:10,25500,101.15,15:16,46.15,65,6574.75,3575.0,Settlement 15:15,280092.25
2025-07-02,PE,15:12,25450,67.4,15:16,68.15,65,4381.0,-48.75,Settlement 15:15,280043.5
2025-07-03,PE,10:29,25550,44.85,10:51,55.1,65,2915.25,-666.25,SL Hit (25532.8 <= 25533.6),279377.25
2025-07-03,CE,10:49,25550,33.5,11:24,41.95,65,2177.5,-549.25,SL Hit (25567.2 >= 25563.7),278828.0
2025-07-03,PE,11:12,25550,34.5,11:42,74.25,65,2242.5,-2583.75,SL Hit (25513.8 <= 25523.8),276244.25
2025-07-03,PE,12:32,25500,29.9,13:16,51.35,65,1943.5,-1394.25,SL Hit (25486.5 <= 25489.8),274850.0
2025-07-03,CE,11:35,25550,34.7,13:40,72.15,65,2255.5,-2434.25,SL Hit (25581.5 >= 25574.2),272415.75
2025-07-03,CE,14:41,25400,26.0,15:16,9.2,65,1690.0,1092.0,Settlement 15:15,273507.75
2025-07-04,CE,10:21,25400,161.65,10:25,163.9,65,10507.25,-146.25,SL Hit (25418.9 >= 25417.1),273361.5
2025-07-04,PE,10:04,25400,140.0,11:35,143.85,65,9100.0,-250.25,SL Hit (25386.2 <= 25388.5),273111.25
2025-07-04,CE,11:14,25400,161.0,14:36,167.0,65,10465.0,-390.0,SL Hit (25450.5 >= 25426.3),272721.25
2025-07-04,PE,12:22,25350,133.9,15:16,84.7,65,8703.5,3198.0,Settlement 15:15,275919.25
2025-07-07,PE,10:35,25450,116.7,12:10,118.5,65,7585.5,-117.0,SL Hit (25429.2 <= 25429.2),275802.25
2025-07-07,PE,12:33,25450,109.9,14:31,115.75,65,7143.5,-380.25,SL Hit (25420.0 <= 25421.9),275422.0
2025-07-07,CE,10:13,25450,122.4,15:16,121.55,65,7956.0,55.25,Settlement 15:15,275477.25
2025-07-07,PE,15:07,25450,106.15,15:16,107.8,65,6899.75,-107.25,Settlement 15:15,275370.0
2025-07-08,CE,10:18,25450,106.7,12:25,104.5,65,6935.5,143.0,SL Hit (25465.5 >= 25460.9),275513.0
2025-07-08,CE,12:45,25450,105.0,15:00,122.7,65,6825.0,-1150.5,SL Hit (25495.9 >= 25483.3),274362.5
2025-07-08,PE,11:35,25450,84.4,15:16,48.75,65,5486.0,2317.25,Settlement 15:15,276679.75
2025-07-09,CE,10:35,25550,67.35,11:15,74.2,65,4377.75,-445.25,SL Hit (25544.0 >= 25536.9),276234.5
2025-07-09,CE,12:04,25500,92.2,12:14,99.8,65,5993.0,-494.0,SL Hit (25538.0 >= 25535.8),275740.5
2025-07-09,PE,10:01,25500,56.5,14:34,85.7,65,3672.5,-1898.0,SL Hit (25457.4 <= 25471.9),273842.5
2025-07-09,CE,12:48,25550,65.9,15:16,41.25,65,4283.5,1602.25,Settlement 15:15,275444.75
2025-07-10,PE,11:17,25400,43.75,11:23,55.35,65,2843.75,-754.0,SL Hit (25368.3 <= 25376.3),274690.75
2025-07-10,PE,12:33,25400,35.9,13:58,41.6,65,2333.5,-370.5,SL Hit (25359.1 <= 25361.4),274320.25
2025-07-10,PE,14:12,25400,23.95,15:00,52.05,65,1556.75,-1826.5,SL Hit (25347.8 <= 25354.2),272493.75
2025-07-10,CE,09:58,25450,41.05,15:16,0.15,65,2668.25,2658.5,Settlement 15:15,275152.25
2025-07-11,PE,12:38,25200,123.15,13:09,140.55,65,8004.75,-1131.0,SL Hit (25140.5 <= 25147.3),274021.25
2025-07-11,CE,10:08,25250,147.0,15:16,95.4,65,9555.0,3354.0,Settlement 15:15,277375.25
2025-07-11,PE,13:57,25150,103.9,15:16,103.9,65,6753.5,0.0,Settlement 15:15,277375.25
2025-07-14,PE,10:58,25100,108.75,10:59,110.25,65,7068.75,-97.5,SL Hit (25073.2 <= 25075.3),277277.75
2025-07-14,PE,12:11,25050,99.3,13:07,107.6,65,6454.5,-539.5,SL Hit (25025.8 <= 25027.8),276738.25
2025-07-14,CE,10:42,25100,116.25,15:16,118.0,65,7556.25,-113.75,Settlement 15:15,276624.5
2025-07-14,PE,14:31,25050,90.1,15:16,70.1,65,5856.5,1300.0,Settlement 15:15,277924.5
2025-07-15,CE,10:25,25100,99.3,10:30,109.65,65,6454.5,-672.75,SL Hit (25134.8 >= 25133.8),277251.75
2025-07-15,CE,11:58,25200,98.85,15:16,80.9,65,6425.25,1166.75,Settlement 15:15,278418.5
2025-07-15,PE,10:17,25100,67.05,15:16,30.1,65,4358.25,2401.75,Settlement 15:15,280820.25
2025-07-16,PE,10:27,25150,61.15,10:33,65.7,65,3974.75,-295.75,SL Hit (25134.0 <= 25134.7),280524.5
2025-07-16,CE,10:17,25150,64.4,11:48,66.75,65,4186.0,-152.75,SL Hit (25158.8 >= 25156.8),280371.75
2025-07-16,CE,12:27,25200,56.05,12:32,61.45,65,3643.25,-351.0,SL Hit (25196.3 >= 25192.7),280020.75
2025-07-16,CE,13:37,25200,62.3,13:50,73.85,65,4049.5,-750.75,SL Hit (25224.2 >= 25221.6),279270.0
2025-07-16,PE,11:10,25150,60.1,15:16,24.35,65,3906.5,2323.75,Settlement 15:15,281593.75
2025-07-17,CE,10:20,25150,49.15,11:12,60.45,65,3194.75,-734.5,SL Hit (25200.0 >= 25193.6),280859.25
2025-07-17,CE,12:27,25200,20.0,12:43,27.25,65,1300.0,-471.25,SL Hit (25210.0 >= 25190.2),280388.0
2025-07-17,CE,13:17,25150,43.5,13:52,48.1,65,2827.5,-299.0,SL Hit (25182.7 >= 25182.6),280089.0
2025-07-17,PE,11:03,25150,25.6,14:17,15.95,65,1664.0,627.25,SL Hit (25147.6 <= 25148.9),280716.25
2025-07-18,PE,11:30,24950,109.9,11:40,121.1,65,7143.5,-728.0,SL Hit (24950.0 <= 24951.0),279988.25
2025-07-18,CE,09:51,25050,141.75,15:16,110.9,65,9213.75,2005.25,Settlement 15:15,281993.5
2025-07-18,PE,12:44,24950,116.7,15:16,94.7,65,7585.5,1430.0,Settlement 15:15,283423.5
2025-07-21,CE,10:54,25050,119.2,10:58,128.1,65,7748.0,-578.5,SL Hit (25064.3 >= 25062.5),282845.0
2025-07-21,CE,11:46,25050,104.3,15:06,126.4,65,6779.5,-1436.5,SL Hit (25082.7 >= 25081.8),281408.5
2025-07-21,PE,10:00,25050,102.2,15:16,70.95,65,6643.0,2031.25,Settlement 15:15,283439.75
2025-07-22,PE,10:25,25100,66.35,10:42,76.0,65,4312.75,-627.25,SL Hit (25090.5 <= 25092.7),282812.5
2025-07-22,PE,11:50,25050,70.75,11:51,69.8,65,4598.75,61.75,SL Hit (25038.8 <= 25049.1),282874.25
2025-07-22,CE,10:36,25100,85.55,15:16,63.5,65,5560.75,1433.25,Settlement 15:15,284307.5
2025-07-22,PE,12:04,25100,81.6,15:16,73.35,65,5304.0,536.25,Settlement 15:15,284843.75
2025-07-23,CE,09:50,25100,71.3,10:54,78.25,65,4634.5,-451.75,SL Hit (25124.2 >= 25123.1),284392.0
2025-07-23,CE,11:25,25150,49.65,12:01,59.1,65,3227.25,-614.25,SL Hit (25147.0 >= 25142.3),283777.75
2025-07-23,CE,13:26,25150,69.1,13:34,74.85,65,4491.5,-373.75,SL Hit (25176.0 >= 25175.0),283404.0
2025-07-23,PE,10:51,25100,48.0,15:16,13.75,65,3120.0,2226.25,Settlement 15:15,285630.25
2025-07-24,PE,12:35,25100,39.75,12:59,61.7,65,2583.75,-1426.75,SL Hit (25040.8 <= 25051.7),284203.5
2025-07-24,PE,13:56,25100,23.5,14:48,41.15,65,1527.5,-1147.25,SL Hit (25051.1 <= 25051.4),283056.25
2025-07-24,CE,09:58,25150,50.45,15:16,0.1,65,3279.25,3272.75,Settlement 15:15,286329.0
2025-07-25,PE,11:10,24900,132.85,11:16,146.45,65,8635.25,-884.0,SL Hit (24855.8 <= 24857.4),285445.0
2025-07-25,PE,11:33,24850,108.0,11:47,127.55,65,7020.0,-1270.75,SL Hit (24838.8 <= 24854.0),284174.25
2025-07-25,PE,12:51,24850,119.05,13:34,131.6,65,7738.25,-815.75,SL Hit (24811.7 <= 24832.4),283358.5
2025-07-25,CE,10:20,24900,126.65,15:16,100.1,65,8232.25,1725.75,Settlement 15:15,285084.25
2025-07-28,PE,10:29,24850,85.75,10:39,109.2,65,5573.75,-1524.25,SL Hit (24828.3 <= 24829.8),283560.0
2025-07-28,PE,11:30,24800,89.7,11:40,97.0,65,5830.5,-474.5,SL Hit (24802.0 <= 24803.2),283085.5
2025-07-28,PE,12:01,24800,91.05,12:11,104.75,65,5918.25,-890.5,SL Hit (24786.2 <= 24790.6),282195.0
2025-07-28,CE,10:51,24800,125.8,15:16,69.05,65,8177.0,3688.75,Settlement 15:15,285883.75
2025-07-29,PE,09:57,24700,84.6,10:13,101.05,65,5499.0,-1069.25,SL Hit (24671.0 <= 24675.9),284814.5
2025-07-29,CE,10:31,24650,107.25,11:17,130.7,65,6971.25,-1524.25,SL Hit (24691.7 >= 24678.0),283290.25
2025-07-29,CE,11:49,24700,91.6,12:41,106.0,65,5954.0,-936.0,SL Hit (24710.0 >= 24707.2),282354.25
2025-07-29,CE,14:43,24800,81.4,15:16,100.9,65,5291.0,-1267.5,Settlement 15:15,281086.75
2025-07-29,PE,11:21,24700,97.0,15:16,28.85,65,6305.0,4429.75,Settlement 15:15,285516.5
2025-07-30,PE,10:22,24850,70.85,10:25,78.7,65,4605.25,-510.25,SL Hit (24832.4 <= 24833.2),285006.25
2025-07-30,CE,10:31,24800,78.95,11:16,113.9,65,5131.75,-2271.75,SL Hit (24871.0 >= 24865.0),282734.5
2025-07-30,CE,11:52,24850,83.8,15:16,70.8,65,5447.0,845.0,Settlement 15:15,283579.5
2025-07-30,PE,11:25,24900,78.15,15:16,72.5,65,5079.75,367.25,Settlement 15:15,283946.75
2025-07-31,CE,10:07,24700,34.9,10:50,55.7,65,2268.5,-1352.0,SL Hit (24723.5 >= 24721.8),282594.75
2025-07-31,CE,12:10,24800,28.85,12:15,69.6,65,1875.25,-2648.75,SL Hit (24833.0 >= 24819.8),279946.0
2025-07-31,CE,14:33,24900,15.65,15:16,0.1,65,1017.25,1010.75,Settlement 15:15,280956.75
2025-07-31,PE,10:29,24700,64.1,15:16,0.4,65,4166.5,4140.5,Settlement 15:15,285097.25
2025-08-01,CE,10:01,24700,157.65,10:03,170.15,65,10247.25,-812.5,SL Hit (24725.7 >= 24724.9),284284.75
2025-08-01,PE,10:07,24700,138.85,11:18,149.95,65,9025.25,-721.5,SL Hit (24672.2 <= 24684.7),283563.25
2025-08-01,PE,12:34,24650,143.0,12:35,149.4,65,9295.0,-416.0,SL Hit (24645.3 <= 24645.8),283147.25
2025-08-01,PE,13:09,24650,143.85,13:38,153.85,65,9350.25,-650.0,SL Hit (24618.2 <= 24634.9),282497.25
2025-08-01,CE,10:57,24750,149.4,15:16,73.75,65,9711.0,4917.25,Settlement 15:15,287414.5
2025-08-04,PE,10:25,24650,133.2,10:27,150.15,65,8658.0,-1101.75,SL Hit (24610.3 <= 24616.4),286312.75
2025-08-04,CE,09:49,24600,151.6,12:29,187.65,65,9854.0,-2343.25,SL Hit (24694.6 >= 24693.3),283969.5
2025-08-04,CE,13:32,24700,120.9,13:46,148.7,65,7858.5,-1807.0,SL Hit (24726.5 >= 24712.3),282162.5
2025-08-04,CE,14:06,24700,132.6,15:16,135.25,65,8619.0,-172.25,Settlement 15:15,281990.25
2025-08-04,PE,11:07,24650,127.5,15:16,81.5,65,8287.5,2990.0,Settlement 15:15,284980.25
2025-08-05,CE,10:02,24600,120.65,10:22,131.65,65,7842.25,-715.0,SL Hit (24637.5 >= 24636.2),284265.25
2025-08-05,CE,10:35,24600,118.6,12:11,133.35,65,7709.0,-958.75,SL Hit (24655.7 >= 24646.8),283306.5
2025-08-05,PE,10:13,24600,101.6,14:08,92.95,65,6604.0,562.25,SL Hit (24597.2 <= 24597.9),283868.75
2025-08-05,PE,14:33,24600,82.05,14:48,81.4,65,5333.25,42.25,SL Hit (24596.4 <= 24600.3),283911.0
2025-08-05,CE,12:39,24650,94.1,15:16,92.55,65,6116.5,100.75,Settlement 15:15,284011.75
2025-08-05,PE,15:15,24650,88.4,15:16,89.05,65,5746.0,-42.25,Settlement 15:15,283969.5
2025-08-06,CE,10:09,24600,94.0,10:21,109.0,65,6110.0,-975.0,SL Hit (24646.7 >= 24644.2),282994.5
2025-08-06,PE,10:25,24600,61.85,10:35,84.7,65,4020.25,-1485.25,SL Hit (24570.4 <= 24577.3),281509.25
2025-08-06,PE,11:31,24550,64.8,14:36,63.4,65,4212.0,91.0,SL Hit (24542.8 <= 24549.2),281600.25
2025-08-06,CE,10:42,24550,98.35,15:16,86.35,65,6392.75,780.0,Settlement 15:15,282380.25
2025-08-06,PE,14:58,24550,53.9,15:16,56.55,65,3503.5,-172.25,Settlement 15:15,282208.0
2025-08-07,PE,11:42,24450,49.75,13:07,50.8,65,3233.75,-68.25,SL Hit (24413.8 <= 24414.1),282139.75
2025-08-07,CE,10:12,24500,32.0,14:43,37.2,65,2080.0,-338.0,SL Hit (24509.8 >= 24505.8),281801.75
2025-08-07,PE,13:51,24350,18.45,15:16,0.15,65,1199.25,1189.5,Settlement 15:15,282991.25
2025-08-08,PE,10:30,24450,119.4,10:32,127.4,65,7761.0,-520.0,SL Hit (24439.8 <= 24439.9),282471.25
2025-08-08,PE,11:22,24450,123.65,12:02,137.0,65,8037.25,-867.75,SL Hit (24408.5 <= 24419.5),281603.5
2025-08-08,PE,12:33,24450,127.0,14:12,139.7,65,8255.0,-825.5,SL Hit (24393.0 <= 24406.3),280778.0
2025-08-08,CE,09:55,24500,143.65,15:16,86.8,65,9337.25,3695.25,Settlement 15:15,284473.25
2025-08-11,CE,11:17,24450,127.35,11:22,135.15,65,8277.75,-507.0,SL Hit (24466.3 >= 24464.2),283966.25
2025-08-11,CE,11:47,24400,145.5,12:53,169.75,65,9457.5,-1576.25,SL Hit (24475.2 >= 24471.1),282390.0
2025-08-11,PE,10:05,24400,103.9,15:16,45.8,65,6753.5,3776.5,Settlement 15:15,286166.5
2025-08-12,PE,10:06,24700,89.0,10:27,117.05,65,5785.0,-1823.25,SL Hit (24630.2 <= 24641.0),284343.25
2025-08-12,PE,12:28,24600,75.7,14:12,109.6,65,4920.5,-2203.5,SL Hit (24536.7 <= 24540.8),282139.75
2025-08-12,CE,10:36,24600,106.8,15:16,46.2,65,6942.0,3939.0,Settlement 15:15,286078.75
2025-08-13,PE,10:01,24600,64.7,10:45,78.25,65,4205.5,-880.75,SL Hit (24559.1 <= 24570.7),285198.0
2025-08-13,PE,11:07,24600,62.85,11:57,77.2,65,4085.25,-932.75,SL Hit (24563.0 <= 24563.7),284265.25
2025-08-13,CE,10:23,24600,78.65,12:32,81.1,65,5112.25,-159.25,SL Hit (24608.1 >= 24602.9),284106.0
2025-08-13,CE,13:25,24600,86.8,13:48,100.65,65,5642.0,-900.25,SL Hit (24640.5 >= 24640.1),283205.75
2025-08-13,CE,14:25,24650,66.8,15:16,52.1,65,4342.0,955.5,Settlement 15:15,284161.25
2025-08-13,PE,12:26,24600,63.25,15:16,42.9,65,4111.25,1322.75,Settlement 15:15,285484.0
2025-08-14,PE,09:48,24650,37.25,11:49,61.55,65,2421.25,-1579.5,SL Hit (24607.2 <= 24609.2),283904.5
2025-08-14,CE,10:02,24650,40.55,15:16,0.1,65,2635.75,2629.25,Settlement 15:15,286533.75
2025-08-14,PE,12:03,24650,45.65,15:16,22.85,65,2967.25,1482.0,Settlement 15:15,288015.75
2025-08-18,PE,09:52,25000,116.6,10:25,124.15,65,7579.0,-490.75,SL Hit (24979.7 <= 24980.3),287525.0
2025-08-18,PE,10:43,25000,122.6,10:50,126.5,65,7969.0,-253.5,SL Hit (24966.8 <= 24969.6),287271.5
2025-08-18,PE,13:16,24950,107.45,13:31,113.4,65,6984.25,-386.75,SL Hit (24923.5 <= 24926.8),286884.75
2025-08-18,CE,10:18,25000,142.0,15:16,79.6,65,9230.0,4056.0,Settlement 15:15,290940.75
2025-08-19,CE,10:41,24900,99.55,10:45,108.6,65,6470.75,-588.25,SL Hit (24927.9 >= 24927.0),290352.5
2025-08-19,CE,11:28,24950,83.15,11:30,86.2,65,5404.75,-198.25,SL Hit (24943.2 >= 24940.0),290154.25
2025-08-19,CE,12:50,25000,87.15,15:16,74.2,65,5664.75,841.75,Settlement 15:15,290996.0
2025-08-19,PE,10:15,24900,68.15,15:16,39.8,65,4429.75,1842.75,Settlement 15:15,292838.75
2025-08-20,CE,11:02,25000,65.4,11:12,86.4,65,4251.0,-1365.0,SL Hit (25024.8 >= 25021.7),291473.75
2025-08-20,CE,13:13,25050,62.2,13:51,64.7,65,4043.0,-162.5,SL Hit (25064.5 >= 25064.1),291311.25
2025-08-20,CE,14:27,25050,64.45,14:52,65.0,65,4189.25,-35.75,SL Hit (25083.2 >= 25079.8),291275.5
2025-08-20,PE,09:51,24950,59.0,15:16,25.1,65,3835.0,2203.5,Settlement 15:15,293479.0
2025-08-21,PE,10:08,25100,26.75,13:41,34.75,65,1738.75,-520.0,SL Hit (25077.5 <= 25079.6),292959.0
2025-08-21,CE,10:56,25150,26.1,14:16,16.35,65,1696.5,633.75,SL Hit (25142.3 >= 25141.9),293592.75
2025-08-21,CE,14:40,25100,17.85,15:16,0.1,65,1160.25,1153.75,Settlement 15:15,294746.5
2025-08-21,PE,13:56,25100,13.4,15:16,15.95,65,871.0,-165.75,Settlement 15:15,294580.75
2025-08-22,PE,11:12,24900,96.95,11:16,103.75,65,6301.75,-442.0,SL Hit (24899.7 <= 24902.8),294138.75
2025-08-22,PE,11:50,24950,110.0,14:18,123.4,65,7150.0,-871.0,SL Hit (24906.0 <= 24913.9),293267.75
2025-08-22,PE,14:58,24900,106.7,15:00,114.45,65,6935.5,-503.75,SL Hit (24873.9 <= 24880.8),292764.0
2025-08-22,CE,10:27,24950,119.6,15:16,91.55,65,7774.0,1823.25,Settlement 15:15,294587.25
2025-08-25,CE,09:54,24950,101.6,12:18,117.75,65,6604.0,-1049.75,SL Hit (24975.4 >= 24975.0),293537.5
2025-08-25,CE,14:16,25000,93.6,15:16,72.15,65,6084.0,1394.25,Settlement 15:15,294931.75
2025-08-25,PE,10:26,24900,68.9,15:16,42.9,65,4478.5,1690.0,Settlement 15:15,296621.75
2025-08-26,CE,10:39,24800,67.4,11:20,77.2,65,4381.0,-637.0,SL Hit (24815.1 >= 24811.6),295984.75
2025-08-26,PE,10:00,24800,81.4,14:25,85.75,65,5291.0,-282.75,SL Hit (24742.8 <= 24756.7),295702.0
2025-08-26,PE,14:44,24800,76.5,15:00,89.35,65,4972.5,-835.25,SL Hit (24749.9 <= 24750.4),294866.75
2025-08-26,CE,11:47,24800,71.15,15:16,42.75,65,4624.75,1846.0,Settlement 15:15,296712.75
2025-08-28,CE,10:22,24550,47.45,10:36,99.7,65,3084.25,-3396.25,SL Hit (24621.5 >= 24619.2),293316.5
2025-08-28,PE,10:39,24600,34.85,13:06,67.3,65,2265.25,-2109.25,SL Hit (24550.1 <= 24552.0),291207.25
2025-08-28,PE,14:26,24550,13.05,14:27,17.45,65,848.25,-286.0,SL Hit (24546.9 <= 24549.4),290921.25
2025-08-28,CE,12:05,24650,27.8,15:16,0.15,65,1807.0,1797.25,Settlement 15:15,292718.5
2025-08-29,CE,10:12,24500,109.25,10:21,122.75,65,7101.25,-877.5,SL Hit (24505.5 >= 24504.1),291841.0
2025-08-29,CE,11:01,24550,106.0,11:12,118.25,65,6890.0,-796.25,SL Hit (24559.8 >= 24553.4),291044.75
2025-08-29,PE,10:26,24500,79.9,14:42,94.5,65,5193.5,-949.0,SL Hit (24451.7 <= 24457.8),290095.75
2025-08-29,PE,15:00,24450,67.45,15:07,73.0,65,4384.25,-360.75,SL Hit (24440.6 <= 24443.7),289735.0
2025-08-29,CE,12:04,24550,101.0,15:16,50.45,65,6565.0,3285.75,Settlement 15:15,293020.75
2025-09-01,PE,09:56,24550,54.65,10:13,62.6,65,3552.25,-516.75,SL Hit (24525.5 <= 24526.3),292504.0
2025-09-01,CE,10:25,24500,91.7,10:46,101.6,65,5960.5,-643.5,SL Hit (24541.2 >= 24539.4),291860.5
2025-09-01,CE,12:00,24550,57.85,12:10,63.45,65,3760.25,-364.0,SL Hit (24544.0 >= 24543.1),291496.5
2025-09-01,CE,12:53,24550,79.85,13:04,84.95,65,5190.25,-331.5,SL Hit (24577.9 >= 24573.0),291165.0
2025-09-01,PE,10:52,24550,55.05,15:16,26.55,65,3578.25,1852.5,Settlement 15:15,293017.5
2025-09-02,CE,10:38,24750,30.1,11:00,35.85,65,1956.5,-373.75,SL Hit (24741.2 >= 24740.5),292643.75
2025-09-02,CE,11:26,24750,27.0,12:35,29.1,65,1755.0,-136.5,SL Hit (24746.8 >= 24745.9),292507.25
2025-09-02,PE,09:55,24700,27.95,13:41,43.45,65,1816.75,-1007.5,SL Hit (24661.0 <= 24672.3),291499.75
2025-09-02,PE,14:24,24550,32.9,14:26,39.5,65,2138.5,-429.0,SL Hit (24536.5 <= 24539.0),291070.75
2025-09-02,CE,13:31,24700,27.95,15:16,0.1,65,1816.75,1810.25,Settlement 15:15,292881.0
2025-09-03,PE,10:12,24600,105.65,10:39,125.25,65,6867.25,-1274.0,SL Hit (24562.0 <= 24565.9),291607.0
2025-09-03,CE,10:43,24550,138.15,12:10,164.15,65,8979.75,-1690.0,SL Hit (24610.0 >= 24609.9),289917.0
2025-09-03,CE,13:02,24600,131.25,13:48,148.45,65,8531.25,-1118.0,SL Hit (24638.0 >= 24637.3),288799.0
2025-09-03,CE,14:45,24650,126.75,14:53,139.9,65,8238.75,-854.75,SL Hit (24682.0 >= 24680.9),287944.25
2025-09-03,PE,11:03,24550,97.65,15:16,49.55,65,6347.25,3126.5,Settlement 15:15,291070.75
2025-09-04,PE,11:33,24800,82.8,12:11,94.7,65,5382.0,-773.5,SL Hit (24800.2 <= 24801.2),290297.25
2025-09-04,PE,12:50,24800,85.75,13:48,104.6,65,5573.75,-1225.25,SL Hit (24772.8 <= 24777.0),289072.0
2025-09-04,PE,14:53,24750,90.75,15:11,105.15,65,5898.75,-936.0,SL Hit (24724.2 <= 24729.9),288136.0
2025-09-04,CE,10:16,24850,116.35,15:16,57.55,65,7562.75,3822.0,Settlement 15:15,291958.0
2025-09-05,PE,11:34,24700,83.9,11:45,93.4,65,5453.5,-617.5,SL Hit (24674.7 <= 24676.3),291340.5
2025-09-05,CE,10:23,24650,113.6,15:16,165.7,65,7384.0,-3386.5,Settlement 15:15,287954.0
2025-09-05,PE,13:03,24650,84.8,15:16,38.25,65,5512.0,3025.75,Settlement 15:15,290979.75
2025-09-08,CE,09:58,24800,82.3,12:36,104.75,65,5349.5,-1459.25,SL Hit (24845.2 >= 24844.0),289520.5
2025-09-08,CE,13:29,24850,74.55,14:32,75.85,65,4845.75,-84.5,SL Hit (24871.2 >= 24870.3),289436.0
2025-09-08,PE,11:21,24800,46.95,15:02,59.35,65,3051.75,-806.0,SL Hit (24772.1 <= 24777.0),288630.0
2025-09-08,CE,14:54,24800,74.1,15:16,59.4,65,4816.5,955.5,Settlement 15:15,289585.5
2025-09-09,CE,10:06,24850,42.3,12:46,42.65,65,2749.5,-22.75,SL Hit (24863.2 >= 24859.5),289562.75
2025-09-09,CE,14:02,24850,30.8,14:03,34.65,65,2002.0,-250.25,SL Hit (24868.3 >= 24866.0),289312.5
2025-09-09,CE,14:26,24900,15.05,14:27,14.25,65,978.25,52.0,SL Hit (24888.0 >= 24880.4),289364.5
2025-09-09,PE,11:05,24850,41.1,15:16,0.15,65,2671.5,2661.75,Settlement 15:15,292026.25
2025-09-10,PE,10:23,25000,105.1,10:42,101.2,65,6831.5,253.5,SL Hit (25000.2 <= 25001.7),292279.75
2025-09-10,PE,11:11,25000,96.85,11:18,102.45,65,6295.25,-364.0,SL Hit (24993.2 <= 25000.3),291915.75
2025-09-10,PE,12:20,25000,100.35,13:13,110.0,65,6522.75,-627.25,SL Hit (24964.2 <= 24968.2),291288.5
2025-09-10,CE,11:23,25000,135.2,15:16,119.8,65,8788.0,1001.0,Settlement 15:15,292289.5
2025-09-11,CE,10:14,24950,132.9,10:31,141.25,65,8638.5,-542.75,SL Hit (24985.8 >= 24984.6),291746.75
2025-09-11,CE,11:01,25000,109.05,11:03,111.3,65,7088.25,-146.25,SL Hit (24987.9 >= 24987.4),291600.5
2025-09-11,PE,10:42,25000,87.95,11:35,88.05,65,5716.75,-6.5,SL Hit (24969.4 <= 24969.8),291594.0
2025-09-11,CE,11:45,24950,131.2,12:11,139.1,65,8528.0,-513.5,SL Hit (24985.1 >= 24984.8),291080.5
2025-09-11,PE,12:22,25000,79.5,15:16,71.7,65,5167.5,507.0,Settlement 15:15,291587.5
2025-09-12,CE,11:03,25100,86.1,11:06,89.5,65,5596.5,-221.0,SL Hit (25094.2 >= 25091.5),291366.5
2025-09-12,CE,12:02,25150,76.25,15:16,67.35,65,4956.25,578.5,Settlement 15:15,291945.0
2025-09-12,PE,10:10,25050,59.8,15:16,41.8,65,3887.0,1170.0,Settlement 15:15,293115.0
2025-09-15,PE,09:55,25100,53.6,10:06,62.0,65,3484.0,-546.0,SL Hit (25076.7 <= 25080.2),292569.0
2025-09-15,CE,10:11,25100,57.25,12:00,67.05,65,3721.25,-637.0,SL Hit (25116.5 >= 25115.5),291932.0
2025-09-15,PE,11:09,25100,60.75,13:42,54.95,65,3948.75,377.0,SL Hit (25061.0 <= 25069.9),292309.0
2025-09-15,CE,12:49,25100,56.25,15:16,46.05,65,3656.25,663.0,Settlement 15:15,292972.0
2025-09-15,PE,14:36,25100,51.1,15:16,46.9,65,3321.5,273.0,Settlement 15:15,293245.0
2025-09-16,CE,10:26,25150,60.1,10:37,60.6,65,3906.5,-32.5,SL Hit (25173.3 >= 25173.1),293212.5
2025-09-16,CE,10:52,25150,49.05,12:21,56.95,65,3188.25,-513.5,SL Hit (25182.7 >= 25179.3),292699.0
2025-09-16,CE,13:09,25200,23.1,14:22,16.75,65,1501.5,412.75,SL Hit (25200.8 >= 25200.0),293111.75
2025-09-16,PE,10:05,25150,29.55,15:16,0.15,65,1920.75,1911.0,Settlement 15:15,295022.75
2025-09-17,CE,10:20,25300,140.95,10:58,155.1,65,9161.75,-919.75,SL Hit (25331.8 >= 25330.9),294103.0
2025-09-17,CE,11:30,25350,121.9,12:31,129.65,65,7923.5,-503.75,SL Hit (25338.5 >= 25335.8),293599.25
2025-09-17,CE,12:54,25350,122.7,13:19,126.65,65,7975.5,-256.75,SL Hit (25341.7 >= 25339.1),293342.5
2025-09-17,PE,11:05,25350,86.5,14:02,94.2,65,5622.5,-500.5,SL Hit (25307.0 <= 25307.5),292842.0
2025-09-18,PE,10:10,25400,65.35,10:11,67.0,65,4247.75,-107.25,SL Hit (25405.6 <= 25409.3),292734.75
2025-09-18,CE,10:15,25400,120.3,10:42,127.6,65,7819.5,-474.5,SL Hit (25425.5 >= 25424.4),292260.25
2025-09-18,PE,10:35,25400,60.65,12:34,65.0,65,3942.25,-282.75,SL Hit (25398.5 <= 25405.5),291977.5
2025-09-18,PE,13:00,25350,62.9,13:01,69.85,65,4088.5,-451.75,SL Hit (25357.0 <= 25368.5),291525.75
2025-09-18,CE,11:20,25400,128.4,15:16,121.8,65,8346.0,429.0,Settlement 15:15,291954.75
2025-09-19,PE,10:31,25350,77.7,11:07,91.8,65,5050.5,-916.5,SL Hit (25305.5 <= 25308.5),291038.25
2025-09-19,PE,11:42,25300,63.65,11:43,64.1,65,4137.25,-29.25,SL Hit (25303.5 <= 25304.6),291009.0
2025-09-19,CE,10:04,25300,99.75,13:35,117.35,65,6483.75,-1144.0,SL Hit (25356.4 >= 25355.3),289865.0
2025-09-19,CE,14:32,25350,77.1,14:55,86.75,65,5011.5,-627.25,SL Hit (25357.7 >= 25357.0),289237.75
2025-09-19,CE,15:12,25300,104.85,15:16,113.75,65,6815.25,-578.5,Settlement 15:15,288659.25
2025-09-19,PE,12:15,25300,63.75,15:16,38.8,65,4143.75,1621.75,Settlement 15:15,290281.0
2025-09-22,PE,11:47,25300,47.7,13:56,50.75,65,3100.5,-198.25,SL Hit (25262.3 <= 25263.2),290082.75
2025-09-22,CE,09:54,25300,77.0,15:16,25.75,65,5005.0,3331.25,Settlement 15:15,293414.0
2025-09-23,PE,11:06,25100,23.65,11:10,26.2,65,1537.25,-165.75,SL Hit (25116.2 <= 25117.3),293248.25
2025-09-23,CE,10:26,25150,36.15,12:33,61.5,65,2349.75,-1647.75,SL Hit (25180.2 >= 25173.0),291600.5
2025-09-23,CE,14:01,25200,47.8,14:06,75.55,65,3107.0,-1803.75,SL Hit (25249.5 >= 25237.8),289796.75
2025-09-23,CE,15:00,25200,3.25,15:16,0.1,65,211.25,204.75,Settlement 15:15,290001.5
2025-09-23,PE,11:57,25100,23.6,15:16,0.1,65,1534.0,1527.5,Settlement 15:15,291529.0
2025-09-24,PE,10:10,25100,85.25,10:47,100.5,65,5541.25,-991.25,SL Hit (25071.5 <= 25072.8),290537.75
2025-09-24,CE,10:56,25050,153.15,12:17,165.95,65,9954.75,-832.0,SL Hit (25095.0 >= 25094.8),289705.75
2025-09-24,PE,11:43,25050,83.0,14:42,73.9,65,5395.0,591.5,SL Hit (25053.5 <= 25054.5),290297.25
2025-09-24,CE,13:52,25150,123.85,15:16,87.6,65,8050.25,2356.25,Settlement 15:15,292653.5
2025-09-25,PE,10:34,25050,87.7,10:35,92.7,65,5700.5,-325.0,SL Hit (25028.0 <= 25035.9),292328.5
2025-09-25,PE,11:19,25050,88.7,11:42,107.0,65,5765.5,-1189.5,SL Hit (24989.0 <= 25000.2),291139.0
2025-09-25,PE,13:07,25000,75.5,14:11,93.75,65,4907.5,-1186.25,SL Hit (24952.4 <= 24964.6),289952.75
2025-09-25,CE,09:49,25050,114.9,15:16,63.35,65,7468.5,3350.75,Settlement 15:15,293303.5
2025-09-26,PE,09:52,24800,67.7,11:32,83.55,65,4400.5,-1030.25,SL Hit (24751.4 <= 24754.4),292273.25
2025-09-26,PE,11:58,24750,57.15,13:26,66.75,65,3714.75,-624.0,SL Hit (24734.7 <= 24735.5),291649.25
2025-09-26,PE,14:45,24650,75.75,14:54,83.2,65,4923.75,-484.25,SL Hit (24630.3 <= 24637.5),291165.0
2025-09-26,CE,10:15,24800,110.95,15:16,45.1,65,7211.75,4280.25,Settlement 15:15,295445.25
2025-09-29,PE,09:59,24750,41.85,10:55,54.1,65,2720.25,-796.25,SL Hit (24729.2 <= 24732.0),294649.0
2025-09-29,CE,10:43,24750,103.0,15:16,28.5,65,6695.0,4842.5,Settlement 15:15,299491.5
2025-09-29,PE,13:00,24650,56.6,15:16,47.6,65,3679.0,585.0,Settlement 15:15,300076.5
2025-09-30,PE,10:03,24650,45.8,10:10,52.25,65,2977.0,-419.25,SL Hit (24640.9 <= 24641.3),299657.25
2025-09-30,PE,11:15,24650,38.7,11:55,46.05,65,2515.5,-477.75,SL Hit (24633.5 <= 24635.5),299179.5
2025-09-30,CE,10:16,24650,49.85,12:32,63.6,65,3240.25,-893.75,SL Hit (24678.8 >= 24678.0),298285.75
2025-09-30,PE,12:30,24650,26.0,13:32,35.55,65,1690.0,-620.75,SL Hit (24639.3 <= 24640.7),297665.0
2025-09-30,CE,12:52,24650,45.8,15:16,0.1,65,2977.0,2970.5,Settlement 15:15,300635.5
2025-10-01,PE,09:50,24700,113.15,10:03,128.5,65,7354.75,-997.75,SL Hit (24648.3 <= 24651.1),299637.75
2025-10-01,CE,10:08,24650,128.5,11:12,158.0,65,8352.5,-1917.5,SL Hit (24702.3 >= 24700.2),297720.25
2025-10-01,CE,12:38,24750,149.0,13:36,154.75,65,9685.0,-373.75,SL Hit (24789.2 >= 24787.4),297346.5
2025-10-01,CE,13:52,24800,116.35,14:05,123.3,65,7562.75,-451.75,SL Hit (24795.8 >= 24792.5),296894.75
2025-10-01,PE,10:38,24700,103.25,15:16,38.8,65,6711.25,4189.25,Settlement 15:15,301084.0
2025-10-03,CE,10:19,24800,91.0,11:20,111.2,65,5915.0,-1313.0,SL Hit (24829.8 >= 24829.3),299771.0
2025-10-03,CE,13:04,24800,104.5,13:06,111.2,65,6792.5,-435.5,SL Hit (24838.2 >= 24835.0),299335.5
2025-10-03,CE,13:32,24850,73.8,14:36,83.3,65,4797.0,-617.5,SL Hit (24857.4 >= 24847.9),298718.0
2025-10-03,PE,10:00,24800,61.35,15:16,34.3,65,3987.75,1758.25,Settlement 15:15,300476.25
2025-10-06,CE,10:54,25000,50.0,10:56,53.65,65,3250.0,-237.25,SL Hit (24989.7 >= 24989.3),300239.0
2025-10-06,CE,11:56,25000,62.85,12:45,69.7,65,4085.25,-445.25,SL Hit (25018.7 >= 25014.9),299793.75
2025-10-06,CE,13:53,25050,79.15,15:16,80.65,65,5144.75,-97.5,Settlement 15:15,299696.25
2025-10-06,PE,10:26,24950,41.65,15:16,11.8,65,2707.25,1940.25,Settlement 15:15,301636.5
2025-10-07,PE,09:58,25200,48.95,11:23,83.6,65,3181.75,-2252.25,SL Hit (25116.2 <= 25122.3),299384.25
2025-10-07,CE,10:30,25200,41.35,13:15,29.85,65,2687.75,747.5,SL Hit (25197.7 >= 25192.8),300131.75
2025-10-07,CE,13:37,25200,20.35,13:40,33.7,65,1322.75,-867.75,SL Hit (25205.0 >= 25204.7),299264.0
2025-10-07,CE,14:14,25200,25.9,14:15,25.05,65,1683.5,55.25,SL Hit (25213.8 >= 25210.4),299319.25
2025-10-07,PE,12:12,25150,27.45,15:06,31.7,65,1784.25,-276.25,SL Hit (25112.7 <= 25116.6),299043.0
2025-10-08,PE,11:56,25050,98.4,12:05,106.9,65,6396.0,-552.5,SL Hit (25030.8 <= 25032.0),298490.5
2025-10-08,CE,09:54,25150,127.5,15:16,59.7,65,8287.5,4407.0,Settlement 15:15,302897.5
2025-10-08,PE,12:52,25050,92.2,15:16,97.8,65,5993.0,-364.0,Settlement 15:15,302533.5
2025-10-09,CE,09:54,25050,120.0,10:47,149.05,65,7800.0,-1888.25,SL Hit (25105.5 >= 25104.4),300645.25
2025-10-09,CE,10:57,25100,110.4,11:00,122.4,65,7176.0,-780.0,SL Hit (25114.1 >= 25109.5),299865.25
2025-10-09,CE,12:00,25150,120.95,14:05,126.9,65,7861.75,-386.75,SL Hit (25178.1 >= 25178.1),299478.5
2025-10-09,PE,10:41,25100,83.3,15:16,43.85,65,5414.5,2564.25,Settlement 15:15,302042.75
2025-10-10,CE,10:12,25250,119.0,10:17,134.75,65,7735.0,-1023.75,SL Hit (25289.8 >= 25278.0),301019.0
2025-10-10,CE,10:47,25250,130.25,10:54,146.05,65,8466.25,-1027.0,SL Hit (25291.6 >= 25289.3),299992.0
2025-10-10,CE,13:14,25300,114.9,13:39,131.0,65,7468.5,-1046.5,SL Hit (25328.2 >= 25325.1),298945.5
2025-10-10,PE,09:52,25250,61.0,15:16,38.45,65,3965.0,1465.75,Settlement 15:15,300411.25
2025-10-13,CE,10:27,25200,75.8,10:29,79.45,65,4927.0,-237.25,SL Hit (25206.3 >= 25204.8),300174.0
2025-10-13,PE,10:42,25200,65.8,11:18,80.7,65,4277.0,-968.5,SL Hit (25177.7 <= 25181.5),299205.5
2025-10-13,PE,11:52,25200,71.95,13:04,65.75,65,4676.75,403.0,SL Hit (25171.2 <= 25173.2),299608.5
2025-10-13,CE,11:02,25200,71.15,13:15,71.8,65,4624.75,-42.25,SL Hit (25213.1 >= 25212.8),299566.25
2025-10-13,PE,13:52,25200,59.6,13:58,62.3,65,3874.0,-175.5,SL Hit (25179.2 <= 25186.1),299390.75
2025-10-13,CE,14:00,25200,67.2,14:04,73.85,65,4368.0,-432.25,SL Hit (25217.0 >= 25214.0),298958.5
2025-10-14,PE,10:49,25200,39.0,11:00,43.15,65,2535.0,-269.75,SL Hit (25195.7 <= 25197.2),298688.75
2025-10-14,PE,11:45,25150,53.45,12:09,62.2,65,3474.25,-568.75,SL Hit (25116.2 <= 25122.9),298120.0
2025-10-14,CE,10:09,25200,61.55,15:16,0.05,65,4000.75,3997.5,Settlement 15:15,302117.5
2025-10-14,PE,13:37,25100,25.85,15:16,0.2,65,1680.25,1667.25,Settlement 15:15,303784.75
2025-10-15,CE,11:50,25300,153.25,11:55,160.85,65,9961.25,-494.0,SL Hit (25315.5 >= 25314.2),303290.75
2025-10-15,CE,12:15,25300,152.0,12:44,160.45,65,9880.0,-549.25,SL Hit (25319.8 >= 25315.5),302741.5
2025-10-15,CE,14:07,25350,126.75,15:16,128.4,65,8238.75,-107.25,Settlement 15:15,302634.25
2025-10-15,PE,10:20,25250,83.55,15:16,53.75,65,5430.75,1937.0,Settlement 15:15,304571.25
2025-10-16,CE,10:16,25450,107.2,10:26,114.2,65,6968.0,-455.0,SL Hit (25450.4 >= 25450.0),304116.25
2025-10-16,PE,10:51,25450,72.25,11:24,72.9,65,4696.25,-42.25,SL Hit (25451.0 <= 25451.2),304074.0
2025-10-16,CE,11:27,25450,121.4,12:12,124.1,65,7891.0,-175.5,SL Hit (25469.1 >= 25469.0),303898.5
2025-10-16,PE,11:55,25450,69.35,15:16,41.2,65,4507.75,1829.75,Settlement 15:15,305728.25
2025-10-17,CE,09:53,25600,91.0,10:07,131.7,65,5915.0,-2645.5,SL Hit (25645.2 >= 25635.8),303082.75
2025-10-17,CE,11:49,25750,108.35,15:16,72.6,65,7042.75,2323.75,Settlement 15:15,305406.5
2025-10-17,PE,10:20,25650,73.5,15:16,48.75,65,4777.5,1608.75,Settlement 15:15,307015.25
2025-10-20,CE,09:56,25800,80.65,10:46,112.8,65,5242.25,-2089.75,SL Hit (25880.0 >= 25872.1),304925.5
2025-10-20,CE,11:25,25850,53.7,13:01,70.45,65,3490.5,-1088.75,SL Hit (25891.5 >= 25887.0),303836.75
2025-10-20,CE,13:24,25900,30.8,15:16,0.35,65,2002.0,1979.25,Settlement 15:15,305816.0
2025-10-20,PE,10:08,25850,72.4,15:16,5.7,65,4706.0,4335.5,Settlement 15:15,310151.5
2025-10-21,PE,14:19,25900,121.5,14:22,126.45,65,7897.5,-321.75,SL Hit (25886.8 <= 25887.8),309829.75
2025-10-21,PE,15:03,25850,120.3,15:04,120.3,65,7819.5,0.0,SL Hit (25833.3 <= 25833.3),309829.75
2025-10-21,PE,15:04,25850,120.3,15:05,120.3,65,7819.5,0.0,SL Hit (25833.3 <= 25833.3),309829.75
2025-10-21,CE,14:33,25850,178.65,15:16,141.7,65,11612.25,2401.75,Settlement 15:15,312231.5
2025-10-23,CE,09:59,26050,173.0,10:13,192.0,65,11245.0,-1235.0,SL Hit (26093.9 >= 26093.1),310996.5
2025-10-23,CE,10:37,26100,147.4,12:46,153.35,65,9581.0,-386.75,SL Hit (26103.5 >= 26095.0),310609.75
2025-10-23,PE,12:03,26100,90.0,13:00,99.85,65,5850.0,-640.25,SL Hit (26053.7 <= 26055.6),309969.5
2025-10-23,PE,13:21,26050,77.35,13:32,89.8,65,5027.75,-809.25,SL Hit (26026.9 <= 26036.8),309160.25
2025-10-23,PE,14:50,26000,79.25,15:03,113.65,65,5151.25,-2236.0,SL Hit (25909.2 <= 25919.8),306924.25
2025-10-23,CE,13:13,26050,163.45,15:16,76.55,65,10624.25,5648.5,Settlement 15:15,312572.75
2025-10-24,PE,11:02,25800,80.2,11:06,88.5,65,5213.0,-539.5,SL Hit (25798.5 <= 25811.8),312033.25
2025-10-24,PE,11:48,25850,80.25,13:29,127.05,65,5216.25,-3042.0,SL Hit (25771.5 <= 25787.5),308991.25
2025-10-24,PE,14:30,25750,77.85,14:39,84.05,65,5060.25,-403.0,SL Hit (25750.5 <= 25753.7),308588.25
2025-10-24,CE,10:25,25850,123.55,15:16,78.0,65,8030.75,2960.75,Settlement 15:15,311549.0
2025-10-27,CE,10:06,25950,130.2,10:07,133.65,65,8463.0,-224.25,SL Hit (25959.5 >= 25949.6),311324.75
2025-10-27,CE,10:40,25950,132.85,11:12,142.15,65,8635.25,-604.5,SL Hit (25980.4 >= 25979.3),310720.25
2025-10-27,CE,11:48,25950,120.75,11:59,148.9,65,7848.75,-1829.75,SL Hit (25994.9 >= 25985.0),308890.5
2025-10-27,PE,10:12,25950,56.05,15:16,46.9,65,3643.25,594.75,Settlement 15:15,309485.25
2025-10-28,PE,11:34,25850,35.6,12:03,44.55,65,2314.0,-581.75,SL Hit (25846.3 <= 25847.3),308903.5
2025-10-28,PE,12:29,25850,32.3,14:26,48.75,65,2099.5,-1069.25,SL Hit (25816.7 <= 25824.7),307834.25
2025-10-28,PE,14:48,25850,27.3,14:49,33.85,65,1774.5,-425.75,SL Hit (25817.8 <= 25821.0),307408.5
2025-10-28,CE,10:14,25900,75.15,15:16,39.85,65,4884.75,2294.5,Settlement 15:15,309703.0
2025-10-29,CE,10:56,26050,185.25,12:08,195.45,65,12041.25,-663.0,SL Hit (26058.5 >= 26057.8),309040.0
2025-10-29,CE,12:26,26050,200.35,12:28,209.0,65,13022.75,-562.25,SL Hit (26067.0 >= 26062.3),308477.75
2025-10-29,CE,13:06,26050,202.1,13:16,207.3,65,13136.5,-338.0,SL Hit (26083.8 >= 26083.7),308139.75
2025-10-29,PE,10:13,26000,118.7,15:16,91.55,65,7715.5,1764.75,Settlement 15:15,309904.5
2025-10-30,CE,09:57,25900,156.55,10:13,179.95,65,10175.75,-1521.0,SL Hit (25949.7 >= 25947.2),308383.5
2025-10-30,PE,10:18,25950,129.05,13:29,134.15,65,8388.25,-331.5,SL Hit (25896.9 <= 25897.0),308052.0
2025-10-30,PE,14:27,25900,100.4,14:54,117.6,65,6526.0,-1118.0,SL Hit (25861.0 <= 25864.1),306934.0
2025-10-30,CE,12:02,25900,150.85,15:16,143.1,65,9805.25,503.75,Settlement 15:15,307437.75
2025-10-31,PE,11:27,25800,100.0,13:37,97.6,65,6500.0,156.0,SL Hit (25764.7 <= 25770.5),307593.75
2025-10-31,PE,14:01,25750,69.65,14:17,77.5,65,4527.25,-510.25,SL Hit (25751.0 <= 25755.8),307083.5
2025-10-31,CE,10:14,25900,124.0,15:16,67.25,65,8060.0,3688.75,Settlement 15:15,310772.25
2025-11-03,CE,10:11,25700,120.55,10:43,158.35,65,7835.75,-2457.0,SL Hit (25770.5 >= 25764.3),308315.25
2025-11-03,PE,10:47,25750,61.3,11:52,88.25,65,3984.5,-1751.75,SL Hit (25712.0 <= 25713.2),306563.5
2025-11-03,CE,11:29,25750,100.9,13:16,94.95,65,6558.5,386.75,SL Hit (25764.6 >= 25762.4),306950.25
2025-11-03,CE,13:29,25750,83.55,13:40,90.75,65,5430.75,-468.0,SL Hit (25768.2 >= 25766.3),306482.25
2025-11-03,PE,12:51,25750,75.05,15:16,55.05,65,4878.25,1300.0,Settlement 15:15,307782.25
2025-11-04,PE,11:04,25700,42.0,11:10,52.15,65,2730.0,-659.75,SL Hit (25682.3 <= 25684.0),307122.5
2025-11-04,PE,11:56,25650,33.35,13:20,29.95,65,2167.75,221.0,SL Hit (25651.3 <= 25652.9),307343.5
2025-11-04,PE,13:33,25650,23.85,14:02,23.0,65,1550.25,55.25,SL Hit (25648.2 <= 25648.8),307398.75
2025-11-04,CE,09:52,25700,53.6,15:16,0.1,65,3484.0,3477.5,Settlement 15:15,310876.25
2025-11-06,PE,10:03,25650,109.25,10:07,127.55,65,7101.25,-1189.5,SL Hit (25600.5 <= 25602.4),309686.75
2025-11-06,PE,11:08,25550,95.3,11:23,111.0,65,6194.5,-1020.5,SL Hit (25538.3 <= 25539.8),308666.25
2025-11-06,PE,11:55,25550,102.85,13:54,117.45,65,6685.25,-949.0,SL Hit (25519.0 <= 25523.5),307717.25
2025-11-06,CE,10:20,25550,140.25,15:16,109.85,65,9116.25,1976.0,Settlement 15:15,309693.25
2025-11-07,CE,11:00,25350,111.5,11:12,136.45,65,7247.5,-1621.75,SL Hit (25401.3 >= 25388.9),308071.5
2025-11-07,CE,14:11,25500,83.9,14:27,119.3,65,5453.5,-2301.0,SL Hit (25532.8 >= 25529.7),305770.5
2025-11-07,CE,14:55,25500,100.55,15:16,109.5,65,6535.75,-581.75,Settlement 15:15,305188.75
2025-11-07,PE,09:51,25350,76.3,15:16,27.6,65,4959.5,3165.5,Settlement 15:15,308354.25
2025-11-10,CE,10:48,25600,83.85,11:03,93.7,65,5450.25,-640.25,SL Hit (25627.8 >= 25623.7),307714.0
2025-11-10,CE,12:10,25650,61.05,12:23,63.15,65,3968.25,-136.5,SL Hit (25634.8 >= 25634.1),307577.5
2025-11-10,CE,13:23,25650,61.25,14:24,61.4,65,3981.25,-9.75,SL Hit (25642.8 >= 25642.3),307567.75
2025-11-10,PE,09:56,25600,72.6,15:16,52.9,65,4719.0,1280.5,Settlement 15:15,308848.25
2025-11-11,PE,10:12,25500,32.15,10:24,47.0,65,2089.75,-965.25,SL Hit (25490.5 <= 25491.8),307883.0
2025-11-11,CE,10:47,25450,53.1,11:44,68.7,65,3451.5,-1014.0,SL Hit (25496.6 >= 25496.5),306869.0
2025-11-11,CE,13:02,25550,45.9,13:13,53.4,65,2983.5,-487.5,SL Hit (25584.8 >= 25582.5),306381.5
2025-11-11,CE,14:50,25700,5.25,15:03,5.2,65,341.25,3.25,SL Hit (25702.2 >= 25701.4),306384.75
2025-11-11,PE,11:04,25500,51.9,15:16,0.05,65,3373.5,3370.25,Settlement 15:15,309755.0
2025-11-12,CE,10:16,25850,167.15,10:37,172.0,65,10864.75,-315.25,SL Hit (25864.4 >= 25863.3),309439.75
2025-11-12,CE,11:02,25850,174.3,11:08,178.1,65,11329.5,-247.0,SL Hit (25881.2 >= 25877.3),309192.75
2025-11-12,CE,12:04,25900,152.55,12:35,173.7,65,9915.75,-1374.75,SL Hit (25909.7 >= 25904.0),307818.0
2025-11-12,PE,10:45,25850,103.5,15:16,96.1,65,6727.5,481.0,Settlement 15:15,308299.0
2025-11-13,CE,12:42,25950,144.7,13:38,176.1,65,9405.5,-2041.0,SL Hit (25996.0 >= 25995.4),306258.0
2025-11-13,CE,14:14,25900,137.45,15:16,149.6,65,8934.25,-789.75,Settlement 15:15,305468.25
2025-11-13,PE,10:13,25900,106.85,15:16,116.8,65,6945.25,-646.75,Settlement 15:15,304821.5
2025-11-14,PE,11:03,25850,99.1,13:54,148.0,65,6441.5,-3178.5,SL Hit (25745.2 <= 25749.4),301643.0
2025-11-14,CE,09:56,25800,156.55,15:03,170.65,65,10175.75,-916.5,SL Hit (25884.8 >= 25883.4),300726.5
2025-11-14,PE,14:08,25750,86.05,15:16,41.2,65,5593.25,2915.25,Settlement 15:15,303641.75
2025-11-17,PE,10:25,25950,59.0,10:28,75.15,65,3835.0,-1049.75,SL Hit (25936.9 <= 25941.2),302592.0
2025-11-17,PE,11:05,25950,63.4,11:27,75.45,65,4121.0,-783.25,SL Hit (25930.1 <= 25930.1),301808.75
2025-11-17,CE,09:50,25950,104.55,12:35,108.0,65,6795.75,-224.25,SL Hit (25984.3 >= 25978.7),301584.5
2025-11-17,CE,13:13,26000,72.1,13:50,76.55,65,4686.5,-289.25,SL Hit (25999.2 >= 25999.0),301295.25
2025-11-17,CE,14:22,26000,73.8,15:16,72.55,65,4797.0,81.25,Settlement 15:15,301376.5
2025-11-17,PE,12:02,25950,54.2,15:16,41.7,65,3523.0,812.5,Settlement 15:15,302189.0
2025-11-18,PE,10:27,25900,47.05,10:32,58.35,65,3058.25,-734.5,SL Hit (25887.4 <= 25890.6),301454.5
2025-11-18,CE,10:03,25900,55.8,11:46,94.9,65,3627.0,-2541.5,SL Hit (25970.3 >= 25959.1),298913.0
2025-11-18,CE,12:30,25950,38.3,13:15,38.1,65,2489.5,13.0,SL Hit (25967.8 >= 25967.6),298926.0
2025-11-18,CE,14:38,25950,25.7,15:16,0.15,65,1670.5,1660.75,Settlement 15:15,300586.75
2025-11-18,PE,10:53,25900,40.05,15:16,0.6,65,2603.25,2564.25,Settlement 15:15,303151.0
2025-11-19,PE,10:28,25950,125.7,11:10,141.65,65,8170.5,-1036.75,SL Hit (25927.3 <= 25929.9),302114.25
2025-11-19,CE,10:52,25950,162.6,12:01,190.6,65,10569.0,-1820.0,SL Hit (25993.3 >= 25982.9),300294.25
2025-11-19,CE,13:44,26000,162.7,14:05,172.8,65,10575.5,-656.5,SL Hit (26019.0 >= 26016.8),299637.75
2025-11-19,CE,15:11,26050,152.1,15:16,152.45,65,9886.5,-22.75,Settlement 15:15,299615.0
2025-11-19,PE,11:54,25950,115.0,15:16,96.55,65,7475.0,1199.25,Settlement 15:15,300814.25
2025-11-20,CE,11:55,26150,124.2,12:00,132.45,65,8073.0,-536.25,SL Hit (26150.5 >= 26148.0),300278.0
2025-11-20,CE,12:23,26150,132.55,12:24,134.1,65,8615.75,-100.75,SL Hit (26154.2 >= 26150.1),300177.25
2025-11-20,CE,14:35,26200,142.7,15:16,137.0,65,9275.5,370.5,Settlement 15:15,300547.75
2025-11-20,PE,10:10,26100,124.15,15:16,70.95,65,8069.75,3458.0,Settlement 15:15,304005.75
2025-11-21,CE,09:59,26100,134.25,12:22,141.2,65,8726.25,-451.75,SL Hit (26151.7 >= 26149.2),303554.0
2025-11-21,CE,13:27,26100,116.2,15:16,100.95,65,7553.0,991.25,Settlement 15:15,304545.25
2025-11-21,PE,10:43,26050,94.2,15:16,85.35,65,6123.0,575.25,Settlement 15:15,305120.5
2025-11-24,PE,10:44,26150,72.25,10:54,80.65,65,4696.25,-546.0,SL Hit (26114.1 <= 26116.3),304574.5
2025-11-24,PE,11:39,26100,53.15,11:50,64.95,65,3454.75,-767.0,SL Hit (26089.5 <= 26090.6),303807.5
2025-11-24,PE,12:54,26050,52.7,13:05,53.35,65,3425.5,-42.25,SL Hit (26069.8 <= 26071.1),303765.25
2025-11-24,CE,11:04,26100,87.85,15:16,31.9,65,5710.25,3636.75,Settlement 15:15,307402.0
2025-11-25,CE,09:53,26000,43.85,09:54,47.0,65,2850.25,-204.75,SL Hit (25983.9 >= 25983.2),307197.25
2025-11-25,PE,09:57,26000,59.75,10:56,73.7,65,3883.75,-906.75,SL Hit (25953.2 <= 25954.6),306290.5
2025-11-25,CE,10:38,26000,58.7,14:06,40.95,65,3815.5,1153.75,SL Hit (26026.8 >= 26023.5),307444.25
2025-11-25,PE,11:21,25950,50.0,14:54,40.4,65,3250.0,624.0,SL Hit (25921.7 <= 25927.1),308068.25
2025-11-25,CE,14:42,25950,19.0,15:16,0.1,65,1235.0,1228.5,Settlement 15:15,309296.75
2025-11-26,PE,10:10,26100,100.5,15:16,84.3,65,6532.5,1053.0,Settlement 15:15,310349.75
2025-11-27,PE,10:10,26300,113.95,11:48,137.1,65,7406.75,-1504.75,SL Hit (26238.8 <= 26251.8),308845.0
2025-11-27,PE,12:53,26250,105.45,13:11,131.8,65,6854.25,-1712.75,SL Hit (26198.0 <= 26212.3),307132.25
2025-11-27,CE,11:24,26300,116.9,15:16,78.35,65,7598.5,2505.75,Settlement 15:15,309638.0
2025-11-27,PE,14:02,26150,91.6,15:16,69.55,65,5954.0,1433.25,Settlement 15:15,311071.25
2025-11-28,CE,10:26,26250,104.6,10:41,120.85,65,6799.0,-1056.25,SL Hit (26271.5 >= 26270.8),310015.0
2025-11-28,PE,10:50,26250,79.95,11:23,88.65,65,5196.75,-565.5,SL Hit (26243.7 <= 26247.8),309449.5
2025-11-28,PE,11:50,26250,85.35,12:09,91.05,65,5547.75,-370.5,SL Hit (26235.2 <= 26236.8),309079.0
2025-11-28,PE,13:34,26250,87.8,13:49,102.55,65,5707.0,-958.75,SL Hit (26206.2 <= 26207.0),308120.25
2025-11-28,CE,11:01,26250,119.0,15:16,80.8,65,7735.0,2483.0,Settlement 15:15,310603.25
2025-12-01,PE,11:19,26250,65.35,11:43,88.35,65,4247.75,-1495.0,SL Hit (26216.9 <= 26221.7),309108.25
2025-12-01,PE,12:56,26150,56.7,14:52,60.4,65,3685.5,-240.5,SL Hit (26146.2 <= 26152.7),308867.75
2025-12-01,CE,10:01,26300,72.8,15:16,23.95,65,4732.0,3175.25,Settlement 15:15,312043.0
2025-12-02,CE,10:19,26050,94.55,10:34,74.1,65,6145.75,1329.25,SL Hit (26087.0 >= 26084.5),313372.25
2025-12-02,CE,11:24,26100,64.4,15:16,28.75,65,4186.0,2317.25,Settlement 15:15,315689.5
2025-12-03,CE,10:12,25900,166.25,12:12,185.0,65,10806.25,-1218.75,SL Hit (25959.6 >= 25959.2),314470.75
2025-12-03,CE,12:38,25950,143.2,14:59,156.3,65,9308.0,-851.5,SL Hit (25976.1 >= 25973.0),313619.25
2025-12-03,PE,11:43,25950,119.45,15:16,88.6,65,7764.25,2005.25,Settlement 15:15,315624.5
2025-12-04,PE,10:09,26050,70.65,11:45,70.65,65,4592.25,0.0,SL Hit (26015.2 <= 26020.5),315624.5
2025-12-04,PE,12:09,26050,64.0,12:20,64.0,65,4160.0,0.0,SL Hit (26007.0 <= 26013.5),315624.5
2025-12-04,PE,13:29,26000,51.0,13:36,61.55,65,3315.0,-685.75,SL Hit (25979.5 <= 25987.1),314938.75
2025-12-04,CE,10:57,26100,122.1,15:16,112.8,65,7936.5,604.5,Settlement 15:15,315543.25
2025-12-05,PE,09:51,26050,87.95,09:57,100.55,65,5716.75,-819.0,SL Hit (26021.7 <= 26027.3),314724.25
2025-12-05,CE,10:03,26050,112.1,10:04,140.55,65,7286.5,-1849.25,SL Hit (26086.0 >= 26067.7),312875.0
2025-12-05,CE,10:32,26050,111.75,10:55,152.5,65,7263.75,-2648.75,SL Hit (26132.8 >= 26129.2),310226.25
2025-12-05,CE,11:56,26150,94.65,12:10,96.4,65,6152.25,-113.75,SL Hit (26147.1 >= 26145.0),310112.5
2025-12-05,PE,10:08,26050,63.85,15:16,25.75,65,4150.25,2476.5,Settlement 15:15,312589.0
2025-12-08,PE,10:17,26100,63.45,11:01,74.25,65,4124.25,-702.0,SL Hit (26063.8 <= 26068.9),311887.0
2025-12-08,PE,13:08,26000,38.25,13:19,44.7,65,2486.25,-419.25,SL Hit (26004.3 <= 26005.9),311467.75
2025-12-08,CE,10:01,26100,83.2,15:16,18.05,65,5408.0,4234.75,Settlement 15:15,315702.5
2025-12-08,PE,14:54,25950,62.25,15:16,63.15,65,4046.25,-58.5,Settlement 15:15,315644.0
2025-12-09,CE,09:57,25750,55.8,10:07,73.5,65,3627.0,-1150.5,SL Hit (25777.4 >= 25777.3),314493.5
2025-12-09,CE,10:39,25800,64.05,11:13,95.5,65,4163.25,-2044.25,SL Hit (25863.0 >= 25855.3),312449.25
2025-12-09,CE,11:50,25850,30.25,12:07,69.75,65,1966.25,-2567.5,SL Hit (25892.0 >= 25888.8),309881.75
2025-12-09,PE,10:29,25800,37.8,15:16,0.15,65,2457.0,2447.25,Settlement 15:15,312329.0
2025-12-10,CE,10:01,25900,142.9,10:15,161.0,65,9288.5,-1176.5,SL Hit (25930.2 >= 25920.7),311152.5
2025-12-10,PE,12:09,25850,120.45,12:29,129.75,65,7829.25,-604.5,SL Hit (25815.2 <= 25816.4),310548.0
2025-12-10,PE,12:58,25800,119.0,14:03,129.25,65,7735.0,-666.25,SL Hit (25764.8 <= 25767.4),309881.75
2025-12-10,CE,10:43,25900,152.9,15:16,83.05,65,9938.5,4540.25,Settlement 15:15,314422.0
2025-12-10,PE,14:36,25750,107.0,15:16,107.6,65,6955.0,-39.0,Settlement 15:15,314383.0
2025-12-11,CE,11:10,25800,128.6,11:52,156.5,65,8359.0,-1813.5,SL Hit (25843.2 >= 25841.8),312569.5
2025-12-11,CE,13:02,25900,122.15,14:28,124.6,65,7939.75,-159.25,SL Hit (25908.3 >= 25903.8),312410.25
2025-12-11,CE,14:52,25900,110.45,15:16,115.9,65,7179.25,-354.25,Settlement 15:15,312056.0
2025-12-11,PE,10:21,25800,97.05,15:16,52.3,65,6308.25,2908.75,Settlement 15:15,314964.75
2025-12-12,CE,09:56,26000,119.35,14:04,119.7,65,7757.75,-22.75,SL Hit (26043.8 >= 26035.7),314942.0
2025-12-12,CE,14:32,26050,85.1,15:07,85.4,65,5531.5,-19.5,SL Hit (26050.4 >= 26049.3),314922.5
2025-12-12,PE,11:27,26000,72.3,15:16,54.75,65,4699.5,1140.75,Settlement 15:15,316063.25
2025-12-15,CE,10:42,25950,75.15,10:48,90.95,65,4884.75,-1027.0,SL Hit (25985.8 >= 25984.3),315036.25
2025-12-15,CE,11:11,26000,58.45,11:50,67.75,65,3799.25,-604.5,SL Hit (25999.7 >= 25996.3),314431.75
2025-12-15,CE,12:48,26000,75.55,13:08,83.1,65,4910.75,-490.75,SL Hit (26033.2 >= 26032.0),313941.0
2025-12-15,PE,10:25,25950,66.0,15:16,28.8,65,4290.0,2418.0,Settlement 15:15,316359.0
2025-12-16,PE,09:55,25950,57.9,09:59,74.6,65,3763.5,-1085.5,SL Hit (25906.1 <= 25907.5),315273.5
2025-12-16,PE,10:23,25900,37.6,11:43,44.25,65,2444.0,-432.25,SL Hit (25879.0 <= 25879.3),314841.25
2025-12-16,PE,11:57,25900,42.15,12:02,44.75,65,2739.75,-169.0,SL Hit (25873.3 <= 25874.2),314672.25
2025-12-16,CE,10:06,25900,43.5,15:16,0.1,65,2827.5,2821.0,Settlement 15:15,317493.25
2025-12-17,PE,10:51,25850,118.15,10:56,124.8,65,7679.75,-432.25,SL Hit (25805.8 <= 25807.6),317061.0
2025-12-17,PE,11:18,25850,107.45,11:30,120.65,65,6984.25,-858.0,SL Hit (25810.3 <= 25812.7),316203.0
2025-12-17,PE,11:51,25850,111.1,12:01,122.85,65,7221.5,-763.75,SL Hit (25804.7 <= 25805.7),315439.25
2025-12-17,CE,09:54,25850,150.65,15:16,117.5,65,9792.25,2154.75,Settlement 15:15,317594.0
2025-12-18,CE,09:51,25750,119.7,10:17,162.85,65,7780.5,-2804.75,SL Hit (25811.3 >= 25798.7),314789.25
2025-12-18,CE,11:20,25850,117.6,11:22,126.1,65,7644.0,-552.5,SL Hit (25843.8 >= 25843.0),314236.75
2025-12-18,CE,11:48,25850,124.25,11:52,134.9,65,8076.25,-692.25,SL Hit (25866.2 >= 25862.0),313544.5
2025-12-18,PE,10:26,25800,81.3,15:16,80.3,65,5284.5,65.0,Settlement 15:15,313609.5
2025-12-19,CE,09:54,25950,104.1,10:42,107.55,65,6766.5,-224.25,SL Hit (25973.3 >= 25972.5),313385.25
2025-12-19,PE,10:33,25950,79.0,11:29,88.7,65,5135.0,-630.5,SL Hit (25931.5 <= 25932.9),312754.75
2025-12-19,CE,11:11,25950,95.35,13:47,95.9,65,6197.75,-35.75,SL Hit (25981.3 >= 25980.2),312719.0
2025-12-19,CE,14:12,25950,91.35,14:24,101.4,65,5937.75,-653.25,SL Hit (25989.0 >= 25982.8),312065.75
2025-12-19,PE,12:11,25950,82.35,15:16,64.1,65,5352.75,1186.25,Settlement 15:15,313252.0
2025-12-22,CE,10:43,26150,52.65,10:48,55.35,65,3422.25,-175.5,SL Hit (26132.8 >= 26132.5),313076.5
2025-12-22,CE,12:17,26150,53.7,12:19,54.0,65,3490.5,-19.5,SL Hit (26148.8 >= 26147.2),313057.0
2025-12-22,PE,10:58,26150,67.35,12:47,68.9,65,4377.75,-100.75,SL Hit (26114.5 <= 26116.0),312956.25
2025-12-22,CE,12:51,26150,47.25,12:54,49.2,65,3071.25,-126.75,SL Hit (26148.8 >= 26148.1),312829.5
2025-12-22,PE,13:20,26150,60.65,14:08,64.0,65,3942.25,-217.75,SL Hit (26138.0 <= 26138.1),312611.75
2025-12-22,PE,14:39,26150,51.6,15:16,52.65,65,3354.0,-68.25,Settlement 15:15,312543.5
2025-12-23,CE,10:25,26150,45.45,14:03,50.5,65,2954.25,-328.25,SL Hit (26201.0 >= 26198.5),312215.25
2025-12-23,CE,14:36,26200,14.9,15:16,0.05,65,968.5,965.25,Settlement 15:15,313180.5
2025-12-23,PE,10:06,26200,48.7,15:16,21.5,65,3165.5,1768.0,Settlement 15:15,314948.5
2025-12-24,PE,10:19,26200,71.65,11:02,85.15,65,4657.25,-877.5,SL Hit (26200.8 <= 26201.9),314071.0
2025-12-24,PE,11:25,26200,74.25,11:42,78.4,65,4826.25,-269.75,SL Hit (26199.4 <= 26199.6),313801.25
2025-12-24,PE,12:22,26200,77.65,13:02,82.85,65,5047.25,-338.0,SL Hit (26183.8 <= 26186.8),313463.25
2025-12-24,CE,10:56,26200,112.95,15:16,73.85,65,7341.75,2541.5,Settlement 15:15,316004.75
2025-12-26,PE,10:09,26100,73.0,11:12,80.8,65,4745.0,-507.0,SL Hit (26069.5 <= 26073.8),315497.75
2025-12-26,PE,12:00,26050,53.15,12:33,63.55,65,3454.75,-676.0,SL Hit (26042.7 <= 26048.6),314821.75
2025-12-26,PE,13:24,26050,60.4,14:18,66.95,65,3926.0,-425.75,SL Hit (26029.2 <= 26029.8),314396.0
2025-12-26,CE,10:27,26100,69.85,15:16,47.85,65,4540.25,1430.0,Settlement 15:15,315826.0
2025-12-29,PE,11:51,26000,50.9,12:23,59.6,65,3308.5,-565.5,SL Hit (25964.3 <= 25966.3),315260.5
2025-12-29,PE,13:13,25950,37.0,13:14,40.85,65,2405.0,-250.25,SL Hit (25954.3 <= 25956.9),315010.25
2025-12-29,PE,14:12,25950,47.2,14:14,48.7,65,3068.0,-97.5,SL Hit (25943.3 <= 25946.7),314912.75
2025-12-29,CE,10:09,26050,47.1,15:16,18.85,65,3061.5,1836.25,Settlement 15:15,316749.0
2025-12-30,PE,09:59,25950,44.25,11:33,55.55,65,2876.25,-734.5,SL Hit (25905.9 <= 25906.3),316014.5
2025-12-30,PE,12:44,25900,24.3,13:10,33.9,65,1579.5,-624.0,SL Hit (25881.2 <= 25882.8),315390.5
2025-12-30,CE,11:05,25950,21.8,13:45,28.8,65,1417.0,-455.0,SL Hit (25947.0 >= 25946.7),314935.5
2025-12-30,CE,14:30,25950,6.9,15:16,0.15,65,448.5,438.75,Settlement 15:15,315374.25
2025-12-30,PE,13:22,25900,23.5,15:16,0.05,65,1527.5,1524.25,Settlement 15:15,316898.5
2026-01-01,PE,09:55,26200,85.1,09:58,101.45,65,5531.5,-1062.75,SL Hit (26158.5 <= 26160.2),315835.75
2026-01-01,PE,10:54,26200,84.65,11:43,98.9,65,5502.25,-926.25,SL Hit (26148.2 <= 26150.2),314909.5
2026-01-01,PE,13:21,26150,71.15,13:22,74.9,65,4624.75,-243.75,SL Hit (26142.2 <= 26145.4),314665.75
2026-01-01,CE,10:02,26150,106.15,15:16,90.3,65,6899.75,1030.25,Settlement 15:15,315696.0
2026-01-02,CE,10:14,26250,90.5,11:21,95.65,65,5882.5,-334.75,SL Hit (26266.8 >= 26266.5),315361.25
2026-01-02,CE,12:03,26300,72.6,12:27,75.35,65,4719.0,-178.75,SL Hit (26298.5 >= 26295.9),315182.5
2026-01-02,CE,12:52,26300,74.3,15:06,76.8,65,4829.5,-162.5,SL Hit (26315.3 >= 26315.0),315020.0
2026-01-02,PE,10:52,26250,59.25,15:16,40.35,65,3851.25,1228.5,Settlement 15:15,316248.5
2026-01-05,PE,10:02,26300,55.8,13:49,69.9,65,3627.0,-916.5,SL Hit (26270.0 <= 26271.2),315332.0
2026-01-05,CE,10:44,26350,59.45,15:16,12.05,65,3864.25,3081.0,Settlement 15:15,318413.0
2026-01-05,PE,14:37,26250,66.05,15:16,64.9,65,4293.25,74.75,Settlement 15:15,318487.75
2026-01-06,PE,10:05,26250,39.65,10:37,60.9,65,2577.25,-1381.25,SL Hit (26206.5 <= 26210.0),317106.5
2026-01-06,PE,11:51,26200,35.2,12:07,47.6,65,2288.0,-806.0,SL Hit (26162.1 <= 26163.8),316300.5
2026-01-06,PE,13:03,26150,11.45,13:31,17.25,65,744.25,-377.0,SL Hit (26151.5 <= 26152.7),315923.5
2026-01-06,CE,10:28,26250,25.05,15:16,0.1,65,1628.25,1621.75,Settlement 15:15,317545.25
2026-01-07,PE,10:18,26150,85.8,10:36,97.25,65,5577.0,-744.25,SL Hit (26126.8 <= 26127.8),316801.0
2026-01-07,PE,10:58,26150,85.2,11:54,97.8,65,5538.0,-819.0,SL Hit (26121.5 <= 26124.1),315982.0
2026-01-07,PE,13:06,26100,81.0,13:26,89.8,65,5265.0,-572.0,SL Hit (26075.8 <= 26076.1),315410.0
2026-01-07,CE,10:32,26150,113.85,15:16,101.9,65,7400.25,776.75,Settlement 15:15,316186.75
2026-01-08,PE,11:43,26000,94.1,11:48,103.0,65,6116.5,-578.5,SL Hit (25961.7 <= 25963.5),315608.25
2026-01-08,PE,13:08,25900,82.3,13:26,89.3,65,5349.5,-455.0,SL Hit (25900.9 <= 25901.8),315153.25
2026-01-08,PE,13:50,25900,80.4,15:02,78.45,65,5226.0,126.75,SL Hit (25887.5 <= 25888.4),315280.0
2026-01-08,CE,10:24,26050,97.15,15:16,43.4,65,6314.75,3493.75,Settlement 15:15,318773.75
2026-01-09,PE,09:50,25850,73.55,11:14,96.55,65,4780.75,-1495.0,SL Hit (25799.0 <= 25802.8),317278.75
2026-01-09,PE,11:33,25800,69.9,11:35,87.65,65,4543.5,-1153.75,SL Hit (25775.9 <= 25789.2),316125.0
2026-01-09,PE,13:24,25700,77.2,13:46,86.4,65,5018.0,-598.0,SL Hit (25679.4 <= 25679.9),315527.0
2026-01-09,CE,10:15,25850,122.0,15:16,42.9,65,7930.0,5141.5,Settlement 15:15,320668.5
2026-01-12,PE,09:56,25600,83.7,10:46,100.25,65,5440.5,-1075.75,SL Hit (25538.8 <= 25543.7),319592.75
2026-01-12,CE,10:48,25550,96.9,12:17,129.0,65,6298.5,-2086.5,SL Hit (25606.9 >= 25587.9),317506.25
2026-01-12,CE,13:05,25700,95.35,13:33,110.2,65,6197.75,-965.25,SL Hit (25738.2 >= 25737.3),316541.0
2026-01-12,CE,14:05,25750,70.95,14:22,81.95,65,4611.75,-715.0,SL Hit (25751.2 >= 25748.8),315826.0
2026-01-12,PE,12:38,25700,86.25,15:16,30.15,65,5606.25,3646.5,Settlement 15:15,319472.5
2026-01-13,PE,10:24,25750,46.0,12:14,65.6,65,2990.0,-1274.0,SL Hit (25713.7 <= 25728.5),318198.5
2026-01-13,PE,13:25,25650,28.15,14:11,32.85,65,1829.75,-305.5,SL Hit (25634.0 <= 25637.2),317893.0
2026-01-13,CE,11:56,25800,33.05,15:16,0.15,65,2148.25,2138.5,Settlement 15:15,320031.5
2026-01-13,PE,14:49,25700,15.1,15:16,0.1,65,981.5,975.0,Settlement 15:15,321006.5
2026-01-14,CE,09:50,25700,146.25,09:55,181.55,65,9506.25,-2294.5,SL Hit (25759.5 >= 25757.2),318712.0
2026-01-14,CE,10:24,25700,127.65,10:59,158.9,65,8297.25,-2031.25,SL Hit (25728.8 >= 25723.9),316680.75
2026-01-14,PE,10:43,25700,120.3,13:44,137.45,65,7819.5,-1114.75,SL Hit (25659.3 <= 25661.6),315566.0
2026-01-14,PE,14:17,25650,111.35,14:21,118.65,65,7237.75,-474.5,SL Hit (25632.7 <= 25633.6),315091.5
2026-01-14,PE,14:57,25700,123.0,15:02,139.0,65,7995.0,-1040.0,SL Hit (25649.6 <= 25653.3),314051.5
2026-01-14,CE,12:17,25750,136.25,15:16,94.1,65,8856.25,2739.75,Settlement 15:15,316791.25
2026-01-16,PE,09:57,25750,90.7,13:25,136.35,65,5895.5,-2967.25,SL Hit (25673.1 <= 25692.6),313824.0
2026-01-16,CE,10:46,25850,133.4,15:16,51.3,65,8671.0,5336.5,Settlement 15:15,319160.5
2026-01-16,PE,14:28,25700,99.5,15:16,94.15,65,6467.5,347.75,Settlement 15:15,319508.25
2026-01-19,PE,10:22,25550,93.15,10:28,110.55,65,6054.75,-1131.0,SL Hit (25499.2 <= 25507.9),318377.25
2026-01-19,CE,10:08,25550,72.15,13:51,98.75,65,4689.75,-1729.0,SL Hit (25594.1 >= 25583.8),316648.25
2026-01-19,PE,11:08,25550,75.55,15:16,50.8,65,4910.75,1608.75,Settlement 15:15,318257.0
2026-01-20,CE,09:58,25450,68.3,10:08,73.1,65,4439.5,-312.0,SL Hit (25480.6 >= 25479.1),317945.0
2026-01-20,PE,10:24,25500,60.15,11:00,70.0,65,3909.75,-640.25,SL Hit (25459.2 <= 25459.2),317304.75
2026-01-20,PE,11:57,25500,49.8,12:02,64.75,65,3237.0,-971.75,SL Hit (25457.0 <= 25458.4),316333.0
2026-01-20,PE,13:28,25400,19.95,13:33,23.2,65,1296.75,-211.25,SL Hit (25404.2 <= 25411.3),316121.75
2026-01-20,CE,12:12,25450,31.8,15:16,0.25,65,2067.0,2050.75,Settlement 15:15,318172.5
2026-01-21,CE,10:05,25150,186.0,12:37,225.3,65,12090.0,-2554.5,SL Hit (25213.0 >= 25207.8),315618.0
2026-01-21,CE,13:18,25250,178.35,15:16,115.55,65,11592.75,4082.0,Settlement 15:15,319700.0
2026-01-21,PE,11:25,25050,145.3,15:16,111.0,65,9444.5,2229.5,Settlement 15:15,321929.5
2026-01-22,PE,09:52,25400,127.4,09:55,132.05,65,8281.0,-302.25,SL Hit (25385.7 <= 25390.1),321627.25
2026-01-22,PE,11:29,25250,130.25,11:47,167.8,65,8466.25,-2440.75,SL Hit (25183.7 <= 25194.8),319186.5
2026-01-22,PE,12:11,25200,121.15,13:17,137.2,65,7874.75,-1043.25,SL Hit (25172.5 <= 25178.4),318143.25
2026-01-22,CE,10:34,25300,155.6,15:16,152.1,65,10114.0,227.5,Settlement 15:15,318370.75
2026-01-23,CE,10:04,25300,126.3,10:31,138.75,65,8209.5,-809.25,SL Hit (25319.2 >= 25308.0),317561.5
2026-01-23,PE,10:39,25300,95.5,11:38,122.1,65,6207.5,-1729.0,SL Hit (25242.0 <= 25248.0),315832.5
2026-01-23,PE,12:47,25200,77.8,13:00,86.6,65,5057.0,-572.0,SL Hit (25191.8 <= 25196.4),315260.5
2026-01-23,PE,14:17,25050,89.25,14:22,101.55,65,5801.25,-799.5,SL Hit (25042.5 <= 25044.9),314461.0
2026-01-23,CE,10:57,25300,112.4,15:16,38.8,65,7306.0,4784.0,Settlement 15:15,319245.0
2026-01-27,CE,10:13,25100,101.4,10:17,131.15,65,6591.0,-1933.75,SL Hit (25165.9 >= 25152.0),317311.25
2026-01-27,PE,10:24,25150,60.25,10:41,126.75,65,3916.25,-4322.5,SL Hit (25055.8 <= 25072.4),312988.75
2026-01-27,CE,10:49,25050,71.7,15:11,118.4,65,4660.5,-3035.5,SL Hit (25168.5 >= 25163.1),309953.25
2026-01-27,PE,11:25,25050,73.85,15:16,0.1,65,4800.25,4793.75,Settlement 15:15,314747.0
2026-01-28,CE,10:15,25250,254.05,11:04,287.8,65,16513.25,-2193.75,SL Hit (25321.0 >= 25317.1),312553.25
2026-01-28,PE,10:42,25300,221.1,13:23,234.15,65,14371.5,-848.25,SL Hit (25231.7 <= 25232.8),311705.0
2026-01-28,CE,11:45,25300,247.75,15:16,248.5,65,16103.75,-48.75,Settlement 15:15,311656.25
2026-01-28,PE,14:33,25250,209.05,15:16,159.6,65,13588.25,3214.25,Settlement 15:15,314870.5
2026-01-29,CE,10:03,25200,213.45,11:07,241.5,65,13874.25,-1823.25,SL Hit (25250.6 >= 25246.7),313047.25
2026-01-29,CE,11:57,25250,209.55,12:09,220.0,65,13620.75,-679.25,SL Hit (25283.7 >= 25274.6),312368.0
2026-01-29,CE,14:11,25400,206.6,14:31,227.2,65,13429.0,-1339.0,SL Hit (25444.8 >= 25444.0),311029.0
2026-01-29,PE,10:19,25200,191.25,15:16,93.6,65,12431.25,6347.25,Settlement 15:15,317376.25
2026-01-30,PE,10:49,25300,193.85,11:08,203.8,65,12600.25,-646.75,SL Hit (25277.5 <= 25279.8),316729.5
2026-01-30,PE,12:17,25300,202.6,13:15,244.7,65,13169.0,-2736.5,SL Hit (25229.5 <= 25242.5),313993.0
2026-01-30,CE,11:20,25250,209.25,13:54,259.0,65,13601.25,-3233.75,SL Hit (25329.6 >= 25310.9),310759.25
2026-01-30,CE,14:37,25350,204.45,14:58,205.85,65,13289.25,-91.0,SL Hit (25357.2 >= 25356.8),310668.25
2026-01-30,CE,15:07,25300,221.8,15:16,230.55,65,14417.0,-568.75,Settlement 15:15,310099.5
2026-01-30,PE,13:47,25300,200.45,15:16,155.0,65,13029.25,2954.25,Settlement 15:15,313053.75
2026-02-01,CE,11:05,25350,216.3,11:08,231.5,65,14059.5,-988.0,SL Hit (25404.1 >= 25385.6),312065.75
2026-02-01,PE,09:50,25300,188.3,11:45,192.75,65,12239.5,-289.25,SL Hit (25287.4 <= 25293.2),311776.5
2026-02-01,PE,12:11,25250,162.8,12:12,189.0,65,10582.0,-1703.0,SL Hit (25215.0 <= 25220.7),310073.5
2026-02-01,PE,13:07,25100,192.95,14:49,259.7,65,12541.75,-4338.75,SL Hit (24967.1 <= 24973.0),305734.75
2026-02-01,CE,11:50,25300,218.0,15:16,25.85,65,14170.0,12489.75,Settlement 15:15,318224.5
2026-02-02,PE,09:58,24850,145.85,10:00,149.95,65,9480.25,-266.5,SL Hit (24852.5 <= 24853.4),317958.0
2026-02-02,PE,10:37,24850,127.6,10:55,168.85,65,8294.0,-2681.25,SL Hit (24793.8 <= 24796.0),315276.75
2026-02-02,CE,10:11,24850,123.9,13:07,186.05,65,8053.5,-4039.75,SL Hit (24959.9 >= 24957.4),311237.0
2026-02-02,CE,13:26,24900,92.95,14:48,156.15,65,6041.75,-4108.0,SL Hit (24993.9 >= 24984.3),307129.0
2026-02-02,PE,11:50,24850,121.45,15:16,25.55,65,7894.25,6233.5,Settlement 15:15,313362.5
2026-02-03,CE,09:48,25750,110.05,10:34,133.25,65,7153.25,-1508.0,SL Hit (25810.3 >= 25808.0),311854.5
2026-02-03,CE,10:54,25750,96.5,11:33,141.1,65,6272.5,-2899.0,SL Hit (25851.5 >= 25837.5),308955.5
2026-02-03,CE,12:08,25850,58.15,15:16,0.15,65,3779.75,3770.0,Settlement 15:15,312725.5
2026-02-03,PE,10:29,25750,104.45,15:16,20.15,65,6789.25,5479.5,Settlement 15:15,318205.0
2026-02-04,PE,11:09,25750,163.55,11:10,169.45,65,10630.75,-383.5,SL Hit (25727.1 <= 25736.3),317821.5
2026-02-04,CE,10:31,25750,176.25,14:14,194.65,65,11456.25,-1196.0,SL Hit (25790.9 >= 25790.7),316625.5
2026-02-04,CE,14:51,25800,165.2,15:16,162.85,65,10738.0,152.75,Settlement 15:15,316778.25
2026-02-04,PE,11:47,25700,152.1,15:16,114.0,65,9886.5,2476.5,Settlement 15:15,319254.75
2026-02-05,CE,11:02,25650,142.9,11:08,151.2,65,9288.5,-539.5,SL Hit (25659.1 >= 25656.4),318715.25
2026-02-05,PE,10:17,25650,134.3,12:21,149.75,65,8729.5,-1004.25,SL Hit (25611.8 <= 25613.9),317711.0
2026-02-05,PE,13:08,25650,133.85,13:29,149.55,65,8700.25,-1020.5,SL Hit (25612.3 <= 25616.8),316690.5
2026-02-05,CE,11:54,25650,144.3,15:16,134.2,65,9379.5,656.5,Settlement 15:15,317347.0
2026-02-05,PE,14:40,25600,116.0,15:16,109.8,65,7540.0,403.0,Settlement 15:15,317750.0
2026-02-06,CE,10:17,25550,108.25,10:22,117.2,65,7036.25,-581.75,SL Hit (25554.8 >= 25552.5),317168.25
2026-02-06,PE,11:28,25600,115.35,12:31,125.3,65,7497.75,-646.75,SL Hit (25553.2 <= 25554.6),316521.5
2026-02-06,CE,12:13,25600,117.4,14:44,137.2,65,7631.0,-1287.0,SL Hit (25651.8 >= 25651.7),315234.5
2026-02-06,PE,13:09,25550,96.5,15:16,54.6,65,6272.5,2723.5,Settlement 15:15,317958.0
2026-02-09,CE,10:16,25800,92.65,10:36,103.7,65,6022.25,-718.25,SL Hit (25832.5 >= 25830.7),317239.75
2026-02-09,CE,11:18,25850,87.95,15:01,78.45,65,5716.75,617.5,SL Hit (25866.2 >= 25865.9),317857.25
2026-02-09,PE,10:49,25850,73.75,15:16,65.5,65,4793.75,536.25,Settlement 15:15,318393.5
2026-02-10,CE,09:56,25950,43.25,10:06,47.45,65,2811.25,-273.0,SL Hit (25961.5 >= 25960.0),318120.5
2026-02-10,PE,10:21,25950,38.0,11:37,37.2,65,2470.0,52.0,SL Hit (25943.6 <= 25943.7),318172.5
2026-02-10,CE,11:27,25950,34.9,12:17,36.8,65,2268.5,-123.5,SL Hit (25969.3 >= 25966.4),318049.0
2026-02-10,PE,12:06,25950,25.65,13:22,32.75,65,1667.25,-461.5,SL Hit (25936.3 <= 25944.3),317587.5
2026-02-10,PE,13:55,25950,39.35,13:57,46.15,65,2557.75,-442.0,SL Hit (25915.5 <= 25915.6),317145.5
2026-02-10,CE,13:26,25950,19.65,15:16,0.15,65,1277.25,1267.5,Settlement 15:15,318413.0
2026-02-11,PE,10:34,25950,102.9,12:34,117.75,65,6688.5,-965.25,SL Hit (25926.8 <= 25933.2),317447.75
2026-02-11,CE,11:04,25950,149.85,15:16,132.7,65,9740.25,1114.75,Settlement 15:15,318562.5
2026-02-11,PE,13:23,25950,119.4,15:16,110.75,65,7761.0,562.25,Settlement 15:15,319124.75
2026-02-12,CE,10:12,25850,136.75,10:13,140.6,65,8888.75,-250.25,SL Hit (25878.9 >= 25874.2),318874.5
2026-02-12,PE,10:02,25850,94.2,11:22,104.05,65,6123.0,-640.25,SL Hit (25827.9 <= 25833.3),318234.25
2026-02-12,CE,10:55,25850,126.45,13:25,125.75,65,8219.25,45.5,SL Hit (25869.7 >= 25864.6),318279.75
2026-02-12,PE,12:37,25850,96.3,13:48,99.75,65,6259.5,-224.25,SL Hit (25827.0 <= 25830.4),318055.5
2026-02-12,PE,14:26,25850,103.35,14:43,109.55,65,6717.75,-403.0,SL Hit (25804.8 <= 25805.9),317652.5
2026-02-12,CE,13:54,25800,137.75,15:16,129.65,65,8953.75,526.5,Settlement 15:15,318179.0
2026-02-13,CE,10:20,25550,118.45,10:27,122.35,65,7699.25,-253.5,SL Hit (25551.8 >= 25551.6),317925.5
2026-02-13,PE,10:41,25550,83.15,11:36,98.65,65,5404.75,-1007.5,SL Hit (25528.2 <= 25528.8),316918.0
2026-02-13,CE,10:52,25550,121.75,12:26,126.95,65,7913.75,-338.0,SL Hit (25589.1 >= 25586.2),316580.0
2026-02-13,PE,12:10,25550,85.45,12:56,87.75,65,5554.25,-149.5,SL Hit (25547.7 <= 25548.3),316430.5
2026-02-13,CE,13:09,25550,111.7,13:11,115.55,65,7260.5,-250.25,SL Hit (25567.3 >= 25566.4),316180.25
2026-02-13,PE,13:20,25550,80.55,13:47,106.0,65,5235.75,-1654.25,SL Hit (25516.2 <= 25523.6),314526.0
2026-02-16,CE,10:57,25500,101.6,11:17,110.95,65,6604.0,-607.75,SL Hit (25537.6 >= 25537.4),313918.25
2026-02-16,CE,11:32,25500,103.9,12:10,112.95,65,6753.5,-588.25,SL Hit (25548.1 >= 25544.4),313330.0
2026-02-16,CE,12:52,25550,90.1,14:27,108.3,65,5856.5,-1183.0,SL Hit (25596.0 >= 25592.5),312147.0
2026-02-16,PE,10:07,25500,72.55,15:16,27.1,65,4715.75,2954.25,Settlement 15:15,315101.25
2026-02-17,PE,10:15,25650,41.25,10:47,48.65,65,2681.25,-481.0,SL Hit (25648.7 <= 25653.7),314620.25
2026-02-17,CE,10:55,25650,47.25,11:33,89.35,65,3071.25,-2736.5,SL Hit (25719.8 >= 25707.9),311883.75
2026-02-17,CE,12:07,25750,32.3,12:19,35.9,65,2099.5,-234.0,SL Hit (25742.1 >= 25742.1),311649.75
2026-02-17,CE,13:06,25750,23.15,13:09,35.9,65,1504.75,-828.75,SL Hit (25759.5 >= 25758.6),310821.0
2026-02-17,PE,11:21,25700,50.5,15:16,0.15,65,3282.5,3272.75,Settlement 15:15,314093.75
2026-02-18,PE,11:11,25700,126.05,11:17,132.35,65,8193.25,-409.5,SL Hit (25686.5 <= 25688.6),313684.25
2026-02-18,CE,10:04,25650,159.65,13:22,193.65,65,10377.25,-2210.0,SL Hit (25750.8 >= 25747.3),311474.25
2026-02-18,CE,13:57,25700,149.45,14:11,168.0,65,9714.25,-1205.75,SL Hit (25747.4 >= 25746.7),310268.5
2026-02-18,PE,11:37,25700,122.05,15:16,80.6,65,7933.25,2694.25,Settlement 15:15,312962.75
2026-02-19,PE,13:15,25600,137.35,13:33,146.6,65,8927.75,-601.25,SL Hit (25579.4 <= 25580.7),312361.5
2026-02-19,PE,14:21,25600,139.4,14:43,171.15,65,9061.0,-2063.75,SL Hit (25530.5 <= 25539.7),310297.75
2026-02-19,CE,10:18,25750,134.9,15:16,43.1,65,8768.5,5967.0,Settlement 15:15,316264.75
2026-02-20,CE,10:11,25500,138.35,10:18,160.8,65,8992.75,-1459.25,SL Hit (25537.1 >= 25528.1),314805.5
2026-02-20,CE,11:57,25600,147.95,12:16,152.15,65,9616.75,-273.0,SL Hit (25617.5 >= 25613.6),314532.5
2026-02-20,CE,12:48,25600,153.85,15:16,118.7,65,10000.25,2284.75,Settlement 15:15,316817.25
2026-02-20,PE,10:29,25550,125.95,15:16,111.65,65,8186.75,929.5,Settlement 15:15,317746.75
2026-02-23,PE,11:05,25700,110.25,11:48,125.5,65,7166.25,-991.25,SL Hit (25647.0 <= 25649.1),316755.5
2026-02-23,PE,12:22,25650,90.7,12:25,93.45,65,5895.5,-178.75,SL Hit (25651.3 <= 25654.3),316576.75
2026-02-23,PE,12:47,25650,83.65,13:02,104.85,65,5437.25,-1378.0,SL Hit (25634.2 <= 25634.3),315198.75
2026-02-23,CE,09:56,25750,99.5,15:16,67.9,65,6467.5,2054.0,Settlement 15:15,317252.75
2026-02-24,PE,11:16,25500,49.1,12:03,68.4,65,3191.5,-1254.5,SL Hit (25459.0 <= 25463.5),315998.25
2026-02-24,PE,13:15,25400,28.5,13:29,47.9,65,1852.5,-1261.0,SL Hit (25379.0 <= 25395.8),314737.25
2026-02-24,CE,10:19,25500,56.85,15:16,0.1,65,3695.25,3688.75,Settlement 15:15,318426.0
2026-02-24,PE,14:01,25400,43.85,15:16,0.1,65,2850.25,2843.75,Settlement 15:15,321269.75
2026-02-25,PE,10:11,25600,112.6,12:33,148.2,65,7319.0,-2314.0,SL Hit (25555.5 <= 25566.7),318955.75
2026-02-25,CE,10:50,25600,175.55,15:16,104.6,65,11410.75,4611.75,Settlement 15:15,323567.5
2026-02-25,PE,14:23,25500,145.25,15:16,145.3,65,9441.25,-3.25,Settlement 15:15,323564.25
2026-02-26,PE,10:51,25550,120.0,10:55,131.7,65,7800.0,-760.5,SL Hit (25519.7 <= 25521.6),322803.75
2026-02-26,PE,11:28,25550,111.5,11:39,134.8,65,7247.5,-1514.5,SL Hit (25502.8 <= 25505.4),321289.25
2026-02-26,PE,12:45,25450,124.0,12:55,132.0,65,8060.0,-520.0,SL Hit (25423.5 <= 25425.9),320769.25
2026-02-26,CE,10:00,25500,150.05,15:16,126.55,65,9753.25,1527.5,Settlement 15:15,322296.75
2026-02-27,PE,11:12,25350,116.25,11:31,133.05,65,7556.25,-1092.0,SL Hit (25297.3 <= 25299.9),321204.75
2026-02-27,PE,12:04,25300,100.05,12:08,108.1,65,6503.25,-523.25,SL Hit (25292.5 <= 25293.1),320681.5
2026-02-27,CE,10:10,25350,101.35,14:00,106.25,65,6587.75,-318.5,SL Hit (25351.3 >= 25349.9),320363.0
2026-02-27,PE,12:34,25300,108.75,15:00,127.45,65,7068.75,-1215.5,SL Hit (25239.2 <= 25268.5),319147.5
2026-02-27,CE,14:31,25300,108.6,15:16,69.45,65,7059.0,2544.75,Settlement 15:15,321692.25
2026-03-02,PE,11:49,24800,53.55,11:53,63.7,65,3480.75,-659.75,SL Hit (24795.1 <= 24797.8),321032.5
2026-03-02,CE,09:57,24950,74.45,15:16,0.25,65,4839.25,4823.0,Settlement 15:15,325855.5
2026-03-02,PE,14:15,24750,59.2,15:16,0.2,65,3848.0,3835.0,Settlement 15:15,329690.5
2026-03-04,CE,11:35,24350,334.25,13:11,374.65,65,21726.25,-2626.0,SL Hit (24450.9 >= 24439.5),327064.5
2026-03-04,CE,13:58,24450,309.25,14:07,331.35,65,20101.25,-1436.5,SL Hit (24472.0 >= 24462.5),325628.0
2026-03-04,PE,10:18,24400,305.0,15:16,279.5,65,19825.0,1657.5,Settlement 15:15,327285.5
2026-03-05,CE,10:29,24550,245.0,10:42,286.95,65,15925.0,-2726.75,SL Hit (24643.2 >= 24633.6),324558.75
2026-03-05,CE,11:33,24650,217.25,12:33,230.45,65,14121.25,-858.0,SL Hit (24663.5 >= 24661.9),323700.75
2026-03-05,CE,12:51,24650,218.35,13:31,230.1,65,14192.75,-763.75,SL Hit (24665.0 >= 24664.0),322937.0
2026-03-05,PE,10:49,24650,235.0,14:17,274.4,65,15275.0,-2561.0,SL Hit (24540.2 <= 24542.1),320376.0
2026-03-05,PE,14:30,24600,214.05,15:16,159.25,65,13913.25,3562.0,Settlement 15:15,323938.0
2026-03-06,PE,11:10,24650,217.5,13:52,248.3,65,14137.5,-2002.0,SL Hit (24573.7 <= 24576.2),321936.0
2026-03-06,PE,14:14,24600,219.5,14:42,243.35,65,14267.5,-1550.25,SL Hit (24545.2 <= 24546.5),320385.75
2026-03-06,CE,10:03,24650,208.4,15:16,133.0,65,13546.0,4901.0,Settlement 15:15,325286.75
2026-03-09,CE,11:13,23800,221.35,11:37,267.3,65,14387.75,-2986.75,SL Hit (23893.0 >= 23890.9),322300.0
2026-03-09,CE,12:11,23850,205.55,12:57,246.4,65,13360.75,-2655.25,SL Hit (23908.3 >= 23906.5),319644.75
2026-03-09,CE,13:20,23900,218.05,13:33,244.75,65,14173.25,-1735.5,SL Hit (23932.0 >= 23929.5),317909.25
2026-03-09,PE,10:13,23800,212.55,15:16,103.2,65,13815.75,7107.75,Settlement 15:15,325017.0
2026-03-10,CE,11:54,24200,69.9,14:09,108.05,65,4543.5,-2479.75,SL Hit (24276.8 >= 24274.4),322537.25
2026-03-10,CE,14:44,24200,47.75,14:49,81.85,65,3103.75,-2216.5,SL Hit (24265.8 >= 24249.3),320320.75
2026-03-10,PE,10:21,24200,82.85,15:16,0.1,65,5385.25,5378.75,Settlement 15:15,325699.5
2026-03-11,PE,10:33,24150,275.6,10:35,289.9,65,17914.0,-929.5,SL Hit (24097.4 <= 24107.2),324770.0
2026-03-11,PE,13:34,24000,308.05,14:18,340.55,65,20023.25,-2112.5,SL Hit (23909.7 <= 23910.2),322657.5
2026-03-11,PE,14:34,23900,281.5,14:59,310.05,65,18297.5,-1855.75,SL Hit (23872.4 <= 23886.5),320801.75
2026-03-11,CE,10:04,24150,280.85,15:16,171.15,65,18255.25,7130.5,Settlement 15:15,327932.25
2026-03-12,PE,10:05,23650,269.25,10:17,298.4,65,17501.25,-1894.75,SL Hit (23595.0 <= 23595.8),326037.5
2026-03-12,CE,11:24,23700,282.05,13:33,335.15,65,18333.25,-3451.5,SL Hit (23810.8 >= 23789.0),322586.0
2026-03-12,CE,14:00,23750,262.85,15:16,213.85,65,17085.25,3185.0,Settlement 15:15,325771.0
2026-03-12,PE,10:30,23650,268.8,15:16,248.15,65,17472.0,1342.25,Settlement 15:15,327113.25
2026-03-13,PE,10:33,23350,240.6,12:22,269.0,65,15639.0,-1846.0,SL Hit (23291.5 <= 23304.3),325267.25
2026-03-13,PE,14:26,23200,243.2,14:56,277.5,65,15808.0,-2229.5,SL Hit (23150.2 <= 23158.1),323037.75
2026-03-13,CE,10:02,23350,259.15,15:16,149.15,65,16844.75,7150.0,Settlement 15:15,330187.75
2026-03-16,CE,10:04,23200,180.9,14:22,208.75,65,11758.5,-1810.25,SL Hit (23291.2 >= 23280.8),328377.5
2026-03-16,CE,15:06,23450,149.6,15:16,119.45,65,9724.0,1959.75,Settlement 15:15,330337.25
2026-03-16,PE,11:25,23150,165.95,15:16,77.05,65,10786.75,5778.5,Settlement 15:15,336115.75
2026-03-17,PE,10:08,23500,71.45,10:36,106.6,65,4644.25,-2284.75,SL Hit (23448.8 <= 23456.1),333831.0
2026-03-17,PE,10:57,23500,61.95,11:15,99.7,65,4026.75,-2453.75,SL Hit (23455.8 <= 23459.4),331377.25
2026-03-17,CE,10:38,23500,57.25,14:12,101.95,65,3721.25,-2905.5,SL Hit (23598.7 >= 23596.6),328471.75
2026-03-17,PE,12:52,23450,47.35,15:16,0.05,65,3077.75,3074.5,Settlement 15:15,331546.25
2026-03-18,PE,09:54,23700,211.4,09:56,228.6,65,13741.0,-1118.0,SL Hit (23684.0 <= 23698.3),330428.25
2026-03-18,CE,10:14,23650,236.65,10:18,256.85,65,15382.25,-1313.0,SL Hit (23703.8 >= 23700.6),329115.25
2026-03-18,CE,12:18,23800,215.8,13:15,224.75,65,14027.0,-581.75,SL Hit (23806.3 >= 23803.7),328533.5
2026-03-18,CE,14:10,23850,204.75,14:25,215.35,65,13308.75,-689.0,SL Hit (23855.5 >= 23854.1),327844.5
2026-03-18,PE,10:29,23700,213.5,15:16,188.45,65,13877.5,1628.25,Settlement 15:15,329472.75
2026-03-19,CE,10:20,23250,220.45,10:26,236.75,65,14329.25,-1059.5,SL Hit (23276.3 >= 23272.9),328413.25
2026-03-19,PE,10:34,23250,237.75,13:14,272.35,65,15453.75,-2249.0,SL Hit (23200.2 <= 23204.2),326164.25
2026-03-19,PE,13:44,23200,245.5,13:57,271.25,65,15957.5,-1673.75,SL Hit (23160.6 <= 23168.5),324490.5
2026-03-19,CE,11:10,23250,228.25,15:16,146.8,65,14836.25,5294.25,Settlement 15:15,329784.75
2026-03-20,CE,10:23,23250,243.15,10:30,252.4,65,15804.75,-601.25,SL Hit (23265.2 >= 23262.0),329183.5
2026-03-20,CE,11:07,23300,238.05,11:21,266.2,65,15473.25,-1829.75,SL Hit (23341.8 >= 23320.3),327353.75
2026-03-20,PE,10:48,23300,246.85,11:53,258.9,65,16045.25,-783.25,SL Hit (23251.9 <= 23255.8),326570.5
2026-03-20,PE,13:07,23250,243.5,13:50,265.75,65,15827.5,-1446.25,SL Hit (23202.5 <= 23203.7),325124.25
2026-03-20,PE,14:08,23200,234.4,14:22,259.2,65,15236.0,-1612.0,SL Hit (23170.8 <= 23188.5),323512.25
2026-03-20,CE,11:59,23250,237.8,15:16,171.35,65,15457.0,4319.25,Settlement 15:15,327831.5
2026-03-23,PE,10:39,22550,223.85,10:51,247.25,65,14550.25,-1521.0,SL Hit (22515.5 <= 22525.8),326310.5
2026-03-23,PE,11:12,22550,222.7,12:24,270.05,65,14475.5,-3077.75,SL Hit (22489.5 <= 22496.6),323232.75
2026-03-23,PE,12:42,22500,221.7,13:11,245.7,65,14410.5,-1560.0,SL Hit (22476.3 <= 22478.1),321672.75
2026-03-23,CE,10:02,22600,229.65,15:16,150.35,65,14927.25,5154.5,Settlement 15:15,326827.25
2026-03-24,PE,10:26,22750,100.3,10:34,140.75,65,6519.5,-2629.25,SL Hit (22667.8 <= 22670.0),324198.0
2026-03-24,CE,10:41,22650,85.75,11:53,164.75,65,5573.75,-5135.0,SL Hit (22791.6 >= 22789.0),319063.0
2026-03-24,CE,13:08,22950,75.45,13:30,122.3,65,4904.25,-3045.25,SL Hit (23034.2 >= 23023.5),316017.75
2026-03-24,CE,13:53,23000,53.75,15:16,0.1,65,3493.75,3487.25,Settlement 15:15,319505.0
2026-03-24,PE,11:23,22700,78.65,15:16,0.1,65,5112.25,5105.75,Settlement 15:15,324610.75
2026-03-25,CE,10:09,23300,286.5,10:11,294.6,65,18622.5,-526.5,SL Hit (23302.0 >= 23299.3),324084.25
2026-03-25,CE,11:28,23400,291.85,12:15,314.3,65,18970.25,-1459.25,SL Hit (23441.5 >= 23440.7),322625.0
2026-03-25,CE,13:00,23400,271.5,15:16,225.6,65,17647.5,2983.5,Settlement 15:15,325608.5
2026-03-25,PE,09:49,23250,281.35,15:16,253.3,65,18287.75,1823.25,Settlement 15:15,327431.75
2026-03-27,PE,10:33,23000,233.25,10:54,262.85,65,15161.25,-1924.0,SL Hit (22952.1 <= 22962.0),325507.75
2026-03-27,PE,11:56,22950,232.6,12:00,238.8,65,15119.0,-403.0,SL Hit (22937.0 <= 22938.0),325104.75
2026-03-27,PE,12:31,22950,226.4,14:06,243.5,65,14716.0,-1111.5,SL Hit (22903.5 <= 22904.0),323993.25
2026-03-27,CE,10:00,23000,253.5,15:16,130.2,65,16477.5,8014.5,Settlement 15:15,332007.75
2026-03-30,PE,11:41,22500,79.25,13:49,87.8,65,5151.25,-555.75,SL Hit (22448.0 <= 22451.2),331452.0
2026-03-30,CE,10:14,22600,97.0,15:16,0.1,65,6305.0,6298.5,Settlement 15:15,337750.5
2026-04-01,PE,09:56,22900,297.45,10:25,340.1,65,19334.25,-2772.25,SL Hit (22800.2 <= 22813.6),334978.25
2026-04-01,PE,11:36,22800,293.5,11:48,311.25,65,19077.5,-1153.75,SL Hit (22755.2 <= 22757.8),333824.5
2026-04-01,PE,12:18,22850,282.4,13:30,308.9,65,18356.0,-1722.5,SL Hit (22788.3 <= 22790.9),332102.0
2026-04-01,CE,10:20,22900,308.95,15:16,219.4,65,20081.75,5820.75,Settlement 15:15,337922.75
2026-04-02,PE,10:44,22200,286.0,10:47,299.7,65,18590.0,-890.5,SL Hit (22195.1 <= 22205.0),337032.25
2026-04-02,CE,10:01,22250,300.3,11:57,313.75,65,19519.5,-874.25,SL Hit (22277.9 >= 22271.7),336158.0
2026-04-02,CE,12:24,22250,298.7,12:26,309.3,65,19415.5,-689.0,SL Hit (22281.2 >= 22275.6),335469.0
2026-04-02,CE,14:46,22650,277.0,15:07,304.35,65,18005.0,-1777.75,SL Hit (22721.8 >= 22718.2),333691.25
2026-04-02,PE,11:41,22250,304.65,15:16,114.9,65,19802.25,12333.75,Settlement 15:15,346025.0
2026-04-06,PE,10:10,22600,207.0,11:11,226.1,65,13455.0,-1241.5,SL Hit (22551.7 <= 22555.6),344783.5
2026-04-06,CE,10:56,22650,202.8,11:56,235.25,65,13182.0,-2109.25,SL Hit (22706.7 >= 22671.2),342674.25
2026-04-06,CE,13:45,22850,210.0,14:12,236.55,65,13650.0,-1725.75,SL Hit (22906.2 >= 22902.2),340948.5
2026-04-06,CE,15:00,22950,177.45,15:01,189.8,65,11534.25,-802.75,SL Hit (22951.2 >= 22930.9),340145.75
2026-04-06,PE,11:25,22600,198.0,15:16,63.55,65,12870.0,8739.25,Settlement 15:15,348885.0
2026-04-07,CE,10:39,22950,77.4,10:42,97.0,65,5031.0,-1274.0,SL Hit (22962.4 >= 22955.7),347611.0
2026-04-07,CE,11:03,22850,81.45,11:57,171.5,65,5294.25,-5853.25,SL Hit (22990.9 >= 22984.4),341757.75
2026-04-07,CE,12:25,22900,77.2,13:16,90.9,65,5018.0,-890.5,SL Hit (22955.4 >= 22953.7),340867.25
2026-04-07,PE,10:08,22900,95.2,15:16,0.1,65,6188.0,6181.5,Settlement 15:15,347048.75
2026-04-08,PE,09:53,23950,239.1,10:15,269.3,65,15541.5,-1963.0,SL Hit (23872.5 <= 23877.2),345085.75
2026-04-08,CE,10:17,23900,225.3,10:43,241.55,65,14644.5,-1056.25,SL Hit (23941.0 >= 23925.9),344029.5
2026-04-08,PE,11:07,24000,218.0,11:59,241.0,65,14170.0,-1495.0,SL Hit (23931.2 <= 23934.1),342534.5
2026-04-08,PE,12:27,23950,203.1,12:29,209.4,65,13201.5,-409.5,SL Hit (23950.1 <= 23960.3),342125.0
2026-04-08,CE,11:36,24000,206.0,13:38,223.15,65,13390.0,-1114.75,SL Hit (24017.2 >= 24015.5),341010.25
2026-04-08,CE,14:12,23950,229.15,14:42,249.4,65,14894.75,-1316.25,SL Hit (24000.3 >= 23988.6),339694.0
2026-04-09,CE,10:01,23800,219.85,11:49,257.1,65,14290.25,-2421.25,SL Hit (23887.2 >= 23877.7),337272.75
2026-04-09,PE,10:15,23800,192.05,13:29,213.45,65,12483.25,-1391.0,SL Hit (23769.3 <= 23773.2),335881.75
2026-04-09,PE,14:10,23750,188.0,14:14,192.6,65,12220.0,-299.0,SL Hit (23753.2 <= 23758.0),335582.75
2026-04-09,CE,12:28,23900,194.15,15:16,151.25,65,12619.75,2788.5,Settlement 15:15,338371.25
2026-04-09,PE,14:58,23750,194.2,15:16,169.3,65,12623.0,1618.5,Settlement 15:15,339989.75
2026-04-10,PE,10:02,24000,164.8,10:05,184.2,65,10712.0,-1261.0,SL Hit (23925.5 <= 23952.1),338728.75
2026-04-10,CE,10:09,23950,160.4,10:20,190.3,65,10426.0,-1943.5,SL Hit (24017.7 >= 24015.1),336785.25
2026-04-10,CE,10:59,24000,154.0,12:24,161.2,65,10010.0,-468.0,SL Hit (24019.2 >= 24017.2),336317.25
2026-04-10,PE,12:27,24000,137.7,14:15,156.75,65,8950.5,-1238.25,SL Hit (23976.0 <= 23990.2),335079.0
2026-04-10,CE,14:20,24000,142.35,15:10,179.0,65,9252.75,-2382.25,SL Hit (24066.2 >= 24065.4),332696.75
2026-04-10,PE,14:59,24000,144.55,15:16,118.5,65,9395.75,1693.25,Settlement 15:15,334390.0
2026-04-13,CE,10:18,23650,70.95,10:20,86.4,65,4611.75,-1004.25,SL Hit (23688.8 >= 23688.5),333385.75
2026-04-13,CE,11:35,23750,58.1,11:37,59.25,65,3776.5,-74.75,SL Hit (23760.2 >= 23759.1),333311.0
2026-04-13,CE,13:06,23800,52.85,13:37,74.6,65,3435.25,-1413.75,SL Hit (23855.5 >= 23855.1),331897.25
2026-04-13,PE,10:31,23700,64.8,15:16,0.15,65,4212.0,4202.25,Settlement 15:15,336099.5
2026-04-15,CE,10:46,24250,229.3,15:16,209.45,65,14904.5,1290.25,Settlement 15:15,337389.75
2026-04-15,PE,09:48,24200,221.85,15:16,210.6,65,14420.25,731.25,Settlement 15:15,338121.0
2026-04-16,PE,11:10,24300,183.45,11:15,190.95,65,11924.25,-487.5,SL Hit (24303.1 <= 24303.2),337633.5
2026-04-16,CE,10:01,24300,185.35,15:16,133.65,65,12047.75,3360.5,Settlement 15:15,340994.0
2026-04-16,PE,13:58,24150,184.8,15:16,173.55,65,12012.0,731.25,Settlement 15:15,341725.25
2026-04-17,CE,10:42,24250,175.75,11:53,196.25,65,11423.75,-1332.5,SL Hit (24309.2 >= 24305.6),340392.75
2026-04-17,CE,12:06,24250,179.5,14:20,203.15,65,11667.5,-1537.25,SL Hit (24324.8 >= 24324.1),338855.5
2026-04-17,CE,15:03,24350,153.0,15:16,159.55,65,9945.0,-425.75,Settlement 15:15,338429.75
2026-04-17,PE,10:10,24250,170.1,15:16,114.4,65,11056.5,3620.5,Settlement 15:15,342050.25
2026-04-20,CE,10:57,24450,121.1,11:24,138.05,65,7871.5,-1101.75,SL Hit (24455.5 >= 24447.7),340948.5
2026-04-20,CE,12:08,24450,131.8,12:47,141.35,65,8567.0,-620.75,SL Hit (24471.5 >= 24470.6),340327.75
2026-04-20,CE,13:05,24450,123.8,15:16,77.8,65,8047.0,2990.0,Settlement 15:15,343317.75
2026-04-20,PE,10:12,24350,133.95,15:16,141.8,65,8706.75,-510.25,Settlement 15:15,342807.5
2026-04-21,CE,10:30,24500,53.5,10:34,69.1,65,3477.5,-1014.0,SL Hit (24527.8 >= 24524.0),341793.5
2026-04-21,CE,11:29,24550,38.4,12:13,46.35,65,2496.0,-516.75,SL Hit (24567.0 >= 24559.0),341276.75
2026-04-21,CE,12:52,24550,28.15,13:33,39.0,65,1829.75,-705.25,SL Hit (24567.3 >= 24566.0),340571.5
2026-04-21,PE,09:52,24500,64.8,15:16,0.1,65,4212.0,4205.5,Settlement 15:15,344777.0
2026-04-22,PE,11:00,24450,251.3,11:46,262.0,65,16334.5,-695.5,SL Hit (24399.1 <= 24405.1),344081.5
2026-04-22,PE,13:03,24400,216.65,13:20,229.8,65,14082.25,-854.75,SL Hit (24406.5 <= 24407.0),343226.75
2026-04-22,PE,14:03,24450,233.15,14:10,244.7,65,15154.75,-750.75,SL Hit (24410.5 <= 24415.2),342476.0
2026-04-22,CE,09:51,24400,234.0,15:16,216.0,65,15210.0,1170.0,Settlement 15:15,343646.0
2026-04-23,PE,09:58,24300,222.55,10:46,270.15,65,14465.75,-3094.0,SL Hit (24202.2 <= 24209.0),340552.0
2026-04-23,PE,11:57,24200,196.0,12:31,218.65,65,12740.0,-1472.25,SL Hit (24167.2 <= 24171.4),339079.75
2026-04-23,CE,10:53,24200,190.0,13:20,212.0,65,12350.0,-1430.0,SL Hit (24254.8 >= 24244.2),337649.75
2026-04-23,PE,13:01,24200,196.0,14:33,200.4,65,12740.0,-286.0,SL Hit (24182.1 <= 24185.3),337363.75
2026-04-23,CE,13:46,24200,187.6,15:16,163.1,65,12194.0,1592.5,Settlement 15:15,338956.25
2026-04-24,PE,12:20,23900,149.65,12:25,168.35,65,9727.25,-1215.5,SL Hit (23885.0 <= 23897.4),337740.75
2026-04-24,CE,10:26,23950,187.35,15:16,165.75,65,12177.75,1404.0,Settlement 15:15,339144.75
2026-04-24,PE,14:24,23850,156.3,15:16,132.4,65,10159.5,1553.5,Settlement 15:15,340698.25
2026-04-27,PE,10:02,24100,100.5,10:27,126.35,65,6532.5,-1680.25,SL Hit (24046.9 <= 24048.2),339018.0
2026-04-27,PE,10:59,24050,84.6,11:33,114.05,65,5499.0,-1914.25,SL Hit (24018.2 <= 24023.2),337103.75
2026-04-27,CE,10:15,24100,114.15,13:16,111.05,65,7419.75,201.5,SL Hit (24111.5 >= 24109.7),337305.25
2026-04-27,CE,14:37,24100,96.35,15:16,108.15,65,6262.75,-767.0,Settlement 15:15,336538.25
2026-04-27,PE,12:39,24100,107.15,15:16,79.75,65,6964.75,1781.0,Settlement 15:15,338319.25
2026-04-28,PE,09:48,24150,61.9,11:26,99.25,65,4023.5,-2427.75,SL Hit (24077.3 <= 24088.8),335891.5
2026-04-28,PE,12:54,24000,27.65,13:00,33.25,65,1797.25,-364.0,SL Hit (24003.8 <= 24006.1),335527.5
2026-04-28,PE,13:26,24050,41.2,13:30,65.95,65,2678.0,-1608.75,SL Hit (24005.4 <= 24017.3),333918.75
2026-04-28,CE,10:45,24150,41.65,15:16,0.05,65,2707.25,2704.0,Settlement 15:15,336622.75
2026-04-29,CE,11:21,24300,211.8,12:10,218.65,65,13767.0,-445.25,SL Hit (24299.2 >= 24295.4),336177.5
2026-04-29,PE,10:30,24250,168.65,14:04,205.35,65,10962.25,-2385.5,SL Hit (24202.5 <= 24213.8),333792.0
2026-04-29,PE,14:46,24200,179.8,15:10,188.75,65,11687.0,-581.75,SL Hit (24182.9 <= 24183.3),333210.25
2026-04-29,CE,13:33,24300,215.7,15:16,139.9,65,14020.5,4927.0,Settlement 15:15,338137.25
2026-04-30,CE,10:19,23850,180.85,12:13,200.5,65,11755.25,-1277.25,SL Hit (23874.8 >= 23872.9),336860.0
2026-04-30,CE,13:08,23950,177.75,13:11,184.0,65,11553.75,-406.25,SL Hit (23948.2 >= 23943.7),336453.75
2026-04-30,CE,14:23,24000,195.4,14:39,225.45,65,12701.0,-1953.25,SL Hit (24062.2 >= 24050.3),334500.5
2026-04-30,PE,11:38,23850,204.0,15:16,105.55,65,13260.0,6399.25,Settlement 15:15,340899.75
2026-05-04,PE,10:33,24200,114.65,12:12,140.5,65,7452.25,-1680.25,SL Hit (24138.2 <= 24138.3),339219.5
2026-05-04,CE,09:57,24250,136.85,15:16,79.05,65,8895.25,3757.0,Settlement 15:15,342976.5
2026-05-04,PE,14:22,24150,105.75,15:16,92.15,65,6873.75,884.0,Settlement 15:15,343860.5
2026-05-05,PE,11:38,23950,42.9,11:43,59.35,65,2788.5,-1069.25,SL Hit (23917.1 <= 23920.3),342791.25
2026-05-05,CE,10:19,24000,47.15,13:06,72.25,65,3064.75,-1631.5,SL Hit (24043.3 >= 24027.8),341159.75
2026-05-05,CE,13:36,24050,33.5,15:16,0.15,65,2177.5,2167.75,Settlement 15:15,343327.5
2026-05-05,PE,12:26,23950,33.55,15:16,0.05,65,2180.75,2177.5,Settlement 15:15,345505.0
2026-05-06,PE,11:33,24100,165.1,11:37,189.75,65,10731.5,-1602.25,SL Hit (24075.9 <= 24082.0),343902.75
2026-05-06,CE,10:10,24100,229.0,14:20,285.0,65,14885.0,-3640.0,SL Hit (24181.7 >= 24171.0),340262.75
2026-05-06,PE,13:12,24050,197.5,15:16,67.55,65,12837.5,8446.75,Settlement 15:15,348709.5
2026-05-07,CE,10:00,24350,191.15,12:38,228.3,65,12424.75,-2414.75,SL Hit (24412.2 >= 24405.7),346294.75
2026-05-07,CE,13:29,24350,188.95,15:16,178.9,65,12281.75,653.25,Settlement 15:15,346948.0
2026-05-07,PE,11:35,24300,166.7,15:16,132.5,65,10835.5,2223.0,Settlement 15:15,349171.0
2026-05-08,CE,10:13,24200,169.95,10:14,183.25,65,11046.75,-864.5,SL Hit (24211.3 >= 24204.3),348306.5
2026-05-08,PE,10:17,24200,166.55,12:09,160.75,65,10825.75,377.0,SL Hit (24179.0 <= 24179.3),348683.5
2026-05-08,PE,12:30,24200,156.0,12:44,171.6,65,10140.0,-1014.0,SL Hit (24164.3 <= 24170.8),347669.5
2026-05-08,PE,13:13,24150,141.0,13:58,147.15,65,9165.0,-399.75,SL Hit (24148.8 <= 24157.5),347269.75
2026-05-08,CE,11:02,24200,176.7,15:16,167.2,65,11485.5,617.5,Settlement 15:15,347887.25
2026-05-11,CE,10:22,23900,115.55,11:11,137.75,65,7510.75,-1443.0,SL Hit (23918.2 >= 23914.1),346444.25
2026-05-11,CE,12:35,23950,110.0,12:43,118.2,65,7150.0,-533.0,SL Hit (23948.0 >= 23947.3),345911.25
2026-05-11,CE,13:08,23950,100.25,13:35,128.3,65,6516.25,-1823.25,SL Hit (23972.0 >= 23959.6),344088.0
2026-05-11,PE,11:02,23900,119.6,15:02,108.3,65,7774.0,734.5,SL Hit (23843.5 <= 23845.5),344822.5
2026-05-12,CE,10:03,23650,55.6,10:14,61.0,65,3614.0,-351.0,SL Hit (23652.0 >= 23650.5),344471.5
2026-05-12,PE,10:22,23650,52.4,10:28,72.15,65,3406.0,-1283.75,SL Hit (23609.5 <= 23619.4),343187.75
2026-05-12,PE,11:22,23600,46.4,11:32,56.75,65,3016.0,-672.75,SL Hit (23580.6 <= 23581.3),342515.0
2026-05-12,PE,13:20,23550,40.0,13:42,58.85,65,2600.0,-1225.25,SL Hit (23502.3 <= 23507.1),341289.75
2026-05-12,CE,10:40,23600,65.25,15:16,0.1,65,4241.25,4234.75,Settlement 15:15,345524.5
2026-05-13,CE,10:41,23450,263.9,11:42,283.35,65,17153.5,-1264.25,SL Hit (23493.0 >= 23477.8),344260.25
2026-05-13,CE,12:03,23500,239.35,12:13,251.2,65,15557.75,-770.25,SL Hit (23505.3 >= 23502.3),343490.0
2026-05-13,CE,12:45,23450,249.8,12:54,292.7,65,16237.0,-2788.5,SL Hit (23525.8 >= 23507.7),340701.5
2026-05-13,PE,09:57,23350,225.4,15:16,168.1,65,14651.0,3724.5,Settlement 15:15,344426.0
2026-05-14,CE,10:02,23500,198.05,10:35,215.5,65,12873.25,-1134.25,SL Hit (23531.8 >= 23526.3),343291.75
2026-05-14,PE,10:21,23500,196.1,10:47,208.5,65,12746.5,-806.0,SL Hit (23461.8 <= 23462.6),342485.75
2026-05-14,CE,10:52,23450,205.55,11:28,270.2,65,13360.75,-4202.25,SL Hit (23574.6 >= 23561.6),338283.5
2026-05-14,CE,14:24,23750,185.8,14:33,203.0,65,12077.0,-1118.0,SL Hit (23774.8 >= 23769.6),337165.5
2026-05-14,PE,11:26,23500,165.6,15:16,99.75,65,10764.0,4280.25,Settlement 15:15,341445.75
2026-05-15,PE,10:30,23800,160.7,11:05,185.2,65,10445.5,-1592.5,SL Hit (23769.0 <= 23780.7),339853.25
2026-05-15,PE,12:09,23750,164.0,13:50,195.15,65,10660.0,-2024.75,SL Hit (23703.1 <= 23704.1),337828.5
2026-05-15,CE,11:11,23750,161.5,15:16,93.75,65,10497.5,4403.75,Settlement 15:15,342232.25
2026-05-18,CE,09:59,23350,128.0,10:18,146.35,65,8320.0,-1192.75,SL Hit (23385.7 >= 23382.8),341039.5
2026-05-18,CE,12:05,23500,106.35,12:15,138.0,65,6912.75,-2057.25,SL Hit (23529.8 >= 23525.9),338982.25
2026-05-18,CE,14:12,23650,102.2,15:00,112.65,65,6643.0,-679.25,SL Hit (23665.4 >= 23659.7),338303.0
2026-05-18,PE,10:22,23400,140.0,15:16,44.25,65,9100.0,6223.75,Settlement 15:15,344526.75
2026-05-19,CE,11:23,23700,58.0,11:56,91.45,65,3770.0,-2174.25,SL Hit (23767.0 >= 23764.5),342352.5
2026-05-19,PE,10:17,23750,61.3,14:42,77.75,65,3984.5,-1069.25,SL Hit (23675.5 <= 23677.8),341283.25
2026-05-19,CE,12:12,23750,38.65,15:16,0.1,65,2512.25,2505.75,Settlement 15:15,343789.0
2026-05-20,CE,10:13,23500,221.45,10:31,250.35,65,14394.25,-1878.5,SL Hit (23550.5 >= 23546.6),341910.5
2026-05-20,CE,12:15,23600,209.8,13:59,224.7,65,13637.0,-968.5,SL Hit (23628.2 >= 23621.6),340942.0
2026-05-20,CE,15:06,23650,207.4,15:16,213.8,65,13481.0,-416.0,Settlement 15:15,340526.0
2026-05-20,PE,10:39,23550,218.7,15:16,149.15,65,14215.5,4520.75,Settlement 15:15,345046.75
2026-05-21,PE,10:33,23750,166.5,10:34,175.3,65,10822.5,-572.0,SL Hit (23762.2 <= 23766.6),344474.75
2026-05-21,PE,11:54,23750,193.75,11:55,196.75,65,12593.75,-195.0,SL Hit (23719.0 <= 23719.1),344279.75
2026-05-21,CE,10:12,23750,181.95,15:16,117.9,65,11826.75,4163.25,Settlement 15:15,348443.0
2026-05-21,PE,13:49,23650,176.2,15:16,184.95,65,11453.0,-568.75,Settlement 15:15,347874.25
2026-05-22,CE,11:10,23800,143.5,11:42,149.85,65,9327.5,-412.75,SL Hit (23792.9 >= 23787.2),347461.5
2026-05-22,CE,12:34,23800,137.3,12:47,153.45,65,8924.5,-1049.75,SL Hit (23806.2 >= 23804.5),346411.75
2026-05-22,PE,10:00,23750,141.9,14:37,155.25,65,9223.5,-867.75,SL Hit (23729.0 <= 23732.9),345544.0
2026-05-22,CE,13:26,23800,155.0,15:16,110.55,65,10075.0,2889.25,Settlement 15:15,348433.25
2026-05-25,PE,10:24,23950,85.7,12:48,97.15,65,5570.5,-744.25,SL Hit (23938.2 <= 23938.7),347689.0
2026-05-25,CE,11:04,24000,92.2,14:38,94.65,65,5993.0,-159.25,SL Hit (23995.5 >= 23993.3),347529.75
2026-05-25,PE,13:14,24000,100.9,15:16,62.0,65,6558.5,2528.5,Settlement 15:15,350058.25
2026-05-26,CE,10:03,24050,48.15,10:24,59.35,65,3129.75,-728.0,SL Hit (24071.8 >= 24068.7),349330.25
2026-05-26,PE,13:24,24000,44.15,13:44,64.35,65,2869.75,-1313.0,SL Hit (23958.5 <= 23965.3),348017.25
2026-05-26,CE,11:19,24050,47.6,15:16,0.05,65,3094.0,3090.75,Settlement 15:15,351108.0
2026-05-26,PE,15:01,23900,11.55,15:16,0.15,65,750.75,741.0,Settlement 15:15,351849.0
2026-05-27,CE,10:49,23950,168.0,10:55,189.8,65,10920.0,-1417.0,SL Hit (23972.2 >= 23971.6),350432.0
2026-05-27,PE,10:22,23950,146.25,13:00,166.1,65,9506.25,-1290.25,SL Hit (23902.5 <= 23903.2),349141.75
2026-05-27,PE,13:42,23900,146.0,13:45,148.2,65,9490.0,-143.0,SL Hit (23884.0 <= 23887.5),348998.75
2026-05-27,CE,11:40,23950,173.3,15:16,156.6,65,11264.5,1085.5,Settlement 15:15,350084.25
2026-05-27,PE,15:00,23900,143.25,15:16,125.0,65,9311.25,1186.25,Settlement 15:15,351270.5
2026-05-29,PE,10:13,23950,117.75,10:53,144.0,65,7653.75,-1706.25,SL Hit (23879.8 <= 23880.5),349564.25
2026-05-29,PE,11:55,23900,102.45,12:03,119.55,65,6659.25,-1111.5,SL Hit (23870.5 <= 23874.1),348452.75
2026-05-29,PE,14:37,23800,122.4,15:00,172.6,65,7956.0,-3263.0,SL Hit (23684.9 <= 23720.8),345189.75
2026-05-29,CE,10:32,23900,176.3,15:16,83.9,65,11459.5,6006.0,Settlement 15:15,351195.75
2026-06-01,CE,10:06,23550,125.6,11:09,155.8,65,8164.0,-1963.0,SL Hit (23610.0 >= 23596.7),349232.75
2026-06-01,PE,10:57,23600,95.45,11:58,137.35,65,6204.25,-2723.5,SL Hit (23507.0 <= 23524.5),346509.25
2026-06-01,PE,12:52,23550,98.85,13:01,112.65,65,6425.25,-897.0,SL Hit (23502.6 <= 23503.5),345612.25
2026-06-01,PE,13:38,23500,98.85,13:48,100.2,65,6425.25,-87.75,SL Hit (23462.0 <= 23462.5),345524.5
2026-06-01,CE,11:35,23550,123.65,15:16,49.5,65,8037.25,4819.75,Settlement 15:15,350344.25
2026-06-02,CE,10:17,23300,43.75,10:22,65.0,65,2843.75,-1381.25,SL Hit (23331.0 >= 23329.4),348963.0
2026-06-02,CE,10:59,23300,46.45,12:45,121.1,65,3019.25,-4852.25,SL Hit (23399.8 >= 23375.5),344110.75
2026-06-02,CE,14:49,23450,29.5,15:16,38.95,65,1917.5,-614.25,Settlement 15:15,343496.5
2026-06-02,PE,09:57,23300,45.5,15:16,0.1,65,2957.5,2951.0,Settlement 15:15,346447.5
2026-06-03,PE,09:54,23250,190.1,09:55,195.5,65,12356.5,-351.0,SL Hit (23230.8 <= 23251.3),346096.5
2026-06-03,PE,11:28,23200,180.1,12:01,192.05,65,11706.5,-776.75,SL Hit (23190.0 <= 23192.5),345319.75
2026-06-03,CE,09:59,23250,221.8,12:35,273.3,65,14417.0,-3347.5,SL Hit (23326.7 >= 23299.9),341972.25
2026-06-03,CE,12:59,23300,212.65,13:46,270.9,65,13822.25,-3786.25,SL Hit (23367.8 >= 23349.5),338186.0
2026-06-03,CE,15:03,23450,246.6,15:16,212.75,65,16029.0,2200.25,Settlement 15:15,340386.25
2026-06-03,PE,12:23,23200,190.35,15:16,84.85,65,12372.75,6857.5,Settlement 15:15,347243.75
2026-06-04,PE,10:51,23400,148.0,11:31,168.65,65,9620.0,-1342.25,SL Hit (23369.8 <= 23371.1),345901.5
2026-06-04,PE,11:44,23450,154.55,13:14,220.55,65,10045.75,-4290.0,SL Hit (23334.2 <= 23357.6),341611.5
2026-06-04,CE,10:36,23400,197.35,15:16,205.45,65,12827.75,-526.5,Settlement 15:15,341085.0
2026-06-04,PE,14:12,23400,135.75,15:16,116.75,65,8823.75,1235.0,Settlement 15:15,342320.0
2026-06-05,PE,10:12,23500,140.15,10:35,172.05,65,9109.75,-2073.5,SL Hit (23419.2 <= 23425.6),340246.5
2026-06-05,CE,10:48,23350,178.3,11:06,261.45,65,11589.5,-5404.75,SL Hit (23487.2 >= 23487.0),334841.75
2026-06-05,PE,11:10,23450,119.05,13:08,188.95,65,7738.25,-4543.5,SL Hit (23345.0 <= 23348.3),330298.25
2026-06-05,PE,14:09,23350,142.25,14:20,157.0,65,9246.25,-958.75,SL Hit (23302.2 <= 23304.7),329339.5
2026-06-05,CE,12:53,23400,157.25,14:46,190.95,65,10221.25,-2190.5,SL Hit (23416.8 >= 23414.0),327149.0
2026-06-05,CE,15:04,23350,175.65,15:16,180.5,65,11417.25,-315.25,Settlement 15:15,326833.75
2026-06-08,CE,10:30,23200,120.6,10:31,126.25,65,7839.0,-367.25,SL Hit (23196.3 >= 23192.7),326466.5
2026-06-08,CE,11:26,23200,117.8,11:43,127.45,65,7657.0,-627.25,SL Hit (23210.9 >= 23210.3),325839.25
2026-06-08,CE,12:02,23200,127.85,12:11,134.9,65,8310.25,-458.25,SL Hit (23222.0 >= 23215.3),325381.0
2026-06-08,PE,10:00,23200,122.0,15:03,130.9,65,7930.0,-578.5,SL Hit (23124.5 <= 23128.0),324802.5
2026-06-09,CE,09:52,23200,60.65,14:40,61.5,65,3942.25,-55.25,SL Hit (23252.2 >= 23243.7),324747.25
2026-06-09,PE,11:52,23150,34.7,15:16,0.05,65,2255.5,2252.25,Settlement 15:15,326999.5
2026-06-10,PE,09:54,23350,172.0,10:14,192.8,65,11180.0,-1352.0,SL Hit (23317.3 <= 23327.1),325647.5
2026-06-10,CE,10:07,23350,196.2,11:29,215.8,65,12753.0,-1274.0,SL Hit (23396.9 >= 23391.7),324373.5
2026-06-10,CE,12:07,23400,183.0,13:04,196.15,65,11895.0,-854.75,SL Hit (23417.3 >= 23409.2),323518.75
2026-06-10,PE,10:39,23350,182.1,14:31,210.1,65,11836.5,-1820.0,SL Hit (23300.7 <= 23305.2),321698.75
2026-06-10,CE,13:27,23400,181.3,15:16,96.75,65,11784.5,5495.75,Settlement 15:15,327194.5
2026-06-11,CE,11:03,23200,148.8,11:21,169.35,65,9672.0,-1335.75,SL Hit (23220.3 >= 23213.3),325858.75
2026-06-11,CE,12:56,23300,153.4,12:59,172.95,65,9971.0,-1270.75,SL Hit (23308.2 >= 23305.1),324588.0
2026-06-11,CE,13:29,23250,156.65,15:16,120.8,65,10182.25,2330.25,Settlement 15:15,326918.25
2026-06-11,PE,09:48,23150,166.9,15:16,130.0,65,10848.5,2398.5,Settlement 15:15,329316.75
2026-06-12,CE,10:05,23350,152.3,11:56,157.35,65,9899.5,-328.25,SL Hit (23387.5 >= 23387.1),328988.5
2026-06-12,PE,11:19,23350,130.0,12:40,137.9,65,8450.0,-513.5,SL Hit (23339.6 <= 23341.7),328475.0
2026-06-12,CE,12:17,23350,134.45,13:30,159.2,65,8739.25,-1608.75,SL Hit (23396.4 >= 23392.3),326866.25
2026-06-12,PE,13:07,23350,140.55,15:16,42.65,65,9135.75,6363.5,Settlement 15:15,333229.75
2026-06-15,CE,10:21,23950,90.7,10:29,99.65,65,5895.5,-581.75,SL Hit (23962.5 >= 23961.9),332648.0
2026-06-15,PE,09:50,23950,103.8,12:15,114.6,65,6747.0,-702.0,SL Hit (23923.4 <= 23925.2),331946.0
2026-06-15,PE,13:13,23900,80.35,13:51,100.85,65,5222.75,-1332.5,SL Hit (23878.3 <= 23886.3),330613.5
2026-06-15,PE,14:28,23900,78.8,15:00,98.5,65,5122.0,-1280.5,SL Hit (23859.2 <= 23883.4),329333.0
2026-06-15,CE,11:49,23950,105.35,15:16,59.5,65,6847.75,2980.25,Settlement 15:15,332313.25
2026-06-16,CE,10:12,23900,48.75,10:30,71.0,65,3168.75,-1446.25,SL Hit (23953.2 >= 23952.3),330867.0
2026-06-16,CE,11:15,23950,34.35,14:00,36.05,65,2232.75,-110.5,SL Hit (23975.8 >= 23975.2),330756.5
2026-06-16,CE,14:48,24000,6.75,15:16,0.1,65,438.75,432.25,Settlement 15:15,331188.75
2026-06-16,PE,10:24,23950,52.15,15:16,0.1,65,3389.75,3383.25,Settlement 15:15,334572.0
2026-06-17,CE,10:07,24050,164.9,10:23,174.1,65,10718.5,-598.0,SL Hit (24074.2 >= 24071.2),333974.0
2026-06-17,PE,10:28,24050,159.25,12:16,170.4,65,10351.25,-724.75,SL Hit (24044.7 <= 24047.3),333249.25
2026-06-17,PE,13:47,24050,157.55,14:26,172.05,65,10240.75,-942.5,SL Hit (24027.8 <= 24030.8),332306.75
2026-06-17,CE,11:42,24100,145.85,15:16,134.8,65,9480.25,718.25,Settlement 15:15,333025.0
2026-06-17,PE,15:06,24100,164.55,15:16,163.5,65,10695.75,68.25,Settlement 15:15,333093.25
2026-06-18,PE,09:52,24150,148.6,11:13,188.95,65,9659.0,-2622.75,SL Hit (24062.0 <= 24067.9),330470.5
2026-06-18,CE,10:45,24100,114.3,12:33,133.75,65,7429.5,-1264.25,SL Hit (24131.5 >= 24129.9),329206.25
2026-06-18,CE,13:20,24100,125.65,13:32,136.4,65,8167.25,-698.75,SL Hit (24135.0 >= 24132.2),328507.5
2026-06-18,CE,14:11,24100,117.35,15:00,128.15,65,7627.75,-702.0,SL Hit (24127.6 >= 24122.6),327805.5
2026-06-18,PE,11:50,24050,136.7,15:16,62.45,65,8885.5,4826.25,Settlement 15:15,332631.75
2026-06-19,PE,10:16,24000,118.5,10:32,136.0,65,7702.5,-1137.5,SL Hit (23960.0 <= 23961.3),331494.25
2026-06-19,PE,11:16,23950,110.75,12:58,120.55,65,7198.75,-637.0,SL Hit (23935.3 <= 23935.8),330857.25
2026-06-19,PE,13:37,23950,118.65,14:55,119.95,65,7712.25,-84.5,SL Hit (23907.4 <= 23914.7),330772.75
2026-06-19,CE,10:37,23950,138.4,15:04,151.2,65,8996.0,-832.0,SL Hit (24007.3 >= 24000.3),329940.75
2026-06-22,CE,10:37,24150,73.35,10:51,76.55,65,4767.75,-208.0,SL Hit (24158.8 >= 24158.6),329732.75
2026-06-22,CE,11:24,24150,72.15,15:16,50.45,65,4689.75,1410.5,Settlement 15:15,331143.25
2026-06-22,PE,10:03,24150,88.9,15:16,79.1,65,5778.5,637.0,Settlement 15:15,331780.25
2026-06-23,PE,14:18,23900,20.45,15:00,52.4,65,1329.25,-2076.75,SL Hit (23843.5 <= 23861.4),329703.5
2026-06-23,CE,10:35,24100,46.45,15:16,0.1,65,3019.25,3012.75,Settlement 15:15,332716.25
2026-06-24,CE,09:55,23850,148.0,10:09,184.8,65,9620.0,-2392.0,SL Hit (23909.2 >= 23902.8),330324.25
2026-06-24,CE,10:46,23950,162.45,11:01,167.55,65,10559.25,-331.5,SL Hit (23966.6 >= 23964.2),329992.75
2026-06-24,CE,11:33,23950,168.45,11:40,176.8,65,10949.25,-542.75,SL Hit (23991.7 >= 23988.1),329450.0
2026-06-24,PE,10:19,23900,142.0,15:16,75.8,65,9230.0,4303.0,Settlement 15:15,333753.0
2026-06-25,CE,11:08,24200,105.05,11:15,112.1,65,6828.25,-458.25,SL Hit (24198.9 >= 24197.3),333294.75
2026-06-25,CE,11:34,24200,107.3,11:47,114.4,65,6974.5,-461.5,SL Hit (24203.2 >= 24203.0),332833.25
2026-06-25,PE,10:00,24150,98.0,14:15,120.5,65,6370.0,-1462.5,SL Hit (24116.1 <= 24135.2),331370.75
2026-06-25,CE,12:35,24200,119.8,15:16,60.75,65,7787.0,3838.25,Settlement 15:15,335209.0
2026-06-29,CE,10:07,24100,79.1,10:24,90.9,65,5141.5,-767.0,SL Hit (24103.0 >= 24091.4),334442.0
2026-06-29,PE,10:30,24100,77.3,11:33,127.15,65,5024.5,-3240.25,SL Hit (24024.2 <= 24035.3),331201.75
2026-06-29,PE,13:13,23950,74.75,13:23,84.05,65,4858.75,-604.5,SL Hit (23948.1 <= 23949.1),330597.25
2026-06-29,PE,13:34,23950,80.35,13:43,86.4,65,5222.75,-393.25,SL Hit (23939.3 <= 23940.6),330204.0
2026-06-29,CE,10:56,24050,96.05,15:16,46.0,65,6243.25,3253.25,Settlement 15:15,333457.25
2026-06-30,CE,09:51,23850,79.8,10:02,93.0,65,5187.0,-858.0,SL Hit (23893.3 >= 23888.6),332599.25
2026-06-30,CE,12:35,23900,60.6,12:38,74.75,65,3939.0,-919.75,SL Hit (23942.8 >= 23938.4),331679.5
2026-06-30,CE,13:26,23950,29.65,13:41,40.2,65,1927.25,-685.75,SL Hit (23950.3 >= 23946.4),330993.75
2026-06-30,PE,10:07,23900,65.55,15:01,68.45,65,4260.75,-188.5,SL Hit (23834.2 <= 23846.6),330805.25
2026-07-01,CE,10:46,23950,181.5,11:14,211.7,65,11797.5,-1963.0,SL Hit (24019.5 >= 24011.8),328842.25
2026-07-01,CE,11:39,24000,167.15,11:58,181.55,65,10864.75,-936.0,SL Hit (24025.0 >= 24021.8),327906.25
2026-07-01,CE,12:31,24000,183.9,13:38,187.4,65,11953.5,-227.5,SL Hit (24044.0 >= 24041.7),327678.75
2026-07-01,PE,09:50,23950,151.55,15:16,109.7,65,9850.75,2720.25,Settlement 15:15,330399.0
2026-07-02,PE,10:43,24100,112.2,11:26,126.05,65,7293.0,-900.25,SL Hit (24090.4 <= 24091.0),329498.75
2026-07-02,CE,10:11,24100,136.25,13:19,150.35,65,8856.25,-916.5,SL Hit (24151.6 >= 24150.6),328582.25
2026-07-02,CE,13:50,24150,115.2,14:23,129.6,65,7488.0,-936.0,SL Hit (24152.2 >= 24149.7),327646.25
2026-07-02,PE,12:11,24100,110.1,15:16,73.65,65,7156.5,2369.25,Settlement 15:15,330015.5
2026-07-03,PE,11:05,24350,96.35,11:08,98.3,65,6262.75,-126.75,SL Hit (24337.2 <= 24339.8),329888.75
2026-07-03,CE,09:50,24350,103.35,12:13,110.65,65,6717.75,-474.5,SL Hit (24372.7 >= 24369.6),329414.25
2026-07-03,PE,11:44,24350,97.4,13:06,108.75,65,6331.0,-737.75,SL Hit (24318.5 <= 24320.2),328676.5
2026-07-03,CE,12:37,24350,101.3,15:16,55.95,65,6584.5,2947.75,Settlement 15:15,331624.25
2026-07-06,CE,10:15,24400,59.65,10:19,63.0,65,3877.25,-217.75,SL Hit (24390.5 >= 24388.9),331406.5
2026-07-06,CE,11:21,24400,73.55,11:57,76.95,65,4780.75,-221.0,SL Hit (24424.1 >= 24423.4),331185.5
2026-07-06,CE,12:55,24450,54.6,13:38,62.0,65,3549.0,-481.0,SL Hit (24455.8 >= 24451.6),330704.5
2026-07-06,PE,09:53,24400,81.45,15:16,52.0,65,5294.25,1914.25,Settlement 15:15,332618.75
2026-07-07,CE,10:42,24500,25.85,11:05,32.05,65,1680.25,-403.0,SL Hit (24505.1 >= 24502.0),332215.75
2026-07-07,CE,11:50,24500,34.8,11:54,37.75,65,2262.0,-191.75,SL Hit (24520.9 >= 24520.3),332024.0
2026-07-07,PE,10:05,24450,31.1,12:38,29.75,65,2021.5,87.75,SL Hit (24453.2 <= 24454.4),332111.75
2026-07-07,PE,14:12,24450,13.75,15:01,28.15,65,893.75,-936.0,SL Hit (24430.8 <= 24436.2),331175.75
2026-07-07,CE,12:22,24500,23.1,15:16,0.1,65,1501.5,1495.0,Settlement 15:15,332670.75
2026-07-08,CE,10:19,24250,132.9,10:30,137.3,65,8638.5,-286.0,SL Hit (24257.3 >= 24255.3),332384.75
2026-07-08,PE,09:57,24250,160.55,12:16,171.0,65,10435.75,-679.25,SL Hit (24209.4 <= 24211.4),331705.5
2026-07-08,PE,13:08,24200,127.65,13:43,140.7,65,8297.25,-848.25,SL Hit (24202.4 <= 24205.0),330857.25
2026-07-08,CE,11:24,24300,123.75,15:16,46.85,65,8043.75,4998.5,Settlement 15:15,335855.75
2026-07-09,CE,10:00,24050,147.35,10:01,151.65,65,9577.75,-279.5,SL Hit (24066.0 >= 24061.7),335576.25
2026-07-09,PE,10:11,24050,136.6,10:19,150.4,65,8879.0,-897.0,SL Hit (24034.0 <= 24036.6),334679.25
2026-07-09,CE,10:23,24050,140.85,10:41,183.4,65,9155.25,-2765.75,SL Hit (24106.5 >= 24069.0),331913.5
2026-07-09,PE,10:45,24050,129.65,11:01,173.8,65,8427.25,-2869.75,SL Hit (23994.8 <= 23997.2),329043.75
2026-07-09,CE,12:46,24050,129.9,13:38,155.5,65,8443.5,-1664.0,SL Hit (24079.4 >= 24076.9),327379.75
2026-07-09,PE,11:31,24050,125.6,15:02,168.55,65,8164.0,-2791.75,SL Hit (23976.1 <= 23987.0),324588.0
2026-07-10,PE,10:04,24200,112.35,10:30,117.9,65,7302.75,-360.75,SL Hit (24195.1 <= 24195.9),324227.25
2026-07-10,PE,11:50,24150,96.05,11:53,103.0,65,6243.25,-451.75,SL Hit (24155.3 <= 24157.0),323775.5
2026-07-10,CE,10:26,24200,120.45,14:48,119.35,65,7829.25,71.5,SL Hit (24227.0 >= 24219.1),323847.0
2026-07-10,CE,15:00,24200,103.2,15:16,93.7,65,6708.0,617.5,Settlement 15:15,324464.5
2026-07-10,PE,12:32,24200,114.0,15:16,102.1,65,7410.0,773.5,Settlement 15:15,325238.0
2026-07-13,CE,10:57,24150,71.0,11:11,93.2,65,4615.0,-1443.0,SL Hit (24158.0 >= 24152.1),323795.0
2026-07-13,CE,13:31,24200,79.8,14:21,102.6,65,5187.0,-1482.0,SL Hit (24235.5 >= 24231.5),322313.0
2026-07-13,PE,10:31,24150,112.7,15:16,60.55,65,7325.5,3389.75,Settlement 15:15,325702.75
2026-07-14,PE,10:07,24100,68.6,10:18,82.8,65,4459.0,-923.0,SL Hit (24053.7 <= 24063.4),324779.75
2026-07-14,CE,10:23,24050,53.8,10:33,83.4,65,3497.0,-1924.0,SL Hit (24108.1 >= 24106.3),322855.75
2026-07-14,PE,10:36,24100,59.3,13:38,76.25,65,3854.5,-1101.75,SL Hit (24042.3 <= 24044.9),321754.0
2026-07-14,CE,11:46,24100,39.3,15:16,0.1,65,2554.5,2548.0,Settlement 15:15,324302.0
2026-07-14,PE,15:12,24050,2.5,15:16,3.4,65,162.5,-58.5,Settlement 15:15,324243.5
2026-07-15,CE,10:03,24200,148.4,10:17,160.4,65,9646.0,-780.0,SL Hit (24214.8 >= 24209.2),323463.5
2026-07-15,PE,10:27,24200,154.2,10:59,166.25,65,10023.0,-783.25,SL Hit (24184.6 <= 24190.5),322680.25
2026-07-15,PE,11:36,24200,155.25,11:51,174.3,65,10091.25,-1238.25,SL Hit (24169.7 <= 24171.9),321442.0
2026-07-15,PE,12:21,24200,163.5,12:28,169.6,65,10627.5,-396.5,SL Hit (24174.8 <= 24176.0),321045.5
2026-07-15,CE,10:41,24200,151.7,15:16,89.4,65,9860.5,4049.5,Settlement 15:15,325095.0
2026-07-16,CE,10:41,24100,150.5,10:46,158.95,65,9782.5,-549.25,SL Hit (24134.0 >= 24130.9),324545.75
2026-07-16,PE,11:05,24150,118.95,12:23,130.95,65,7731.75,-780.0,SL Hit (24133.3 <= 24133.3),323765.75
2026-07-16,PE,12:32,24150,123.5,12:53,139.1,65,8027.5,-1014.0,SL Hit (24125.2 <= 24126.4),322751.75
2026-07-16,CE,11:26,24150,137.35,15:16,97.1,65,8927.75,2616.25,Settlement 15:15,325368.0
2026-07-16,PE,14:08,24100,139.75,15:16,136.75,65,9083.75,195.0,Settlement 15:15,325563.0
2026-07-17,CE,10:05,24200,121.85,10:16,135.55,65,7920.25,-890.5,SL Hit (24247.2 >= 24247.1),324672.5
2026-07-17,CE,10:53,24250,115.7,12:23,121.4,65,7520.5,-370.5,SL Hit (24281.0 >= 24281.0),324302.0
2026-07-17,CE,12:42,24300,96.4,12:47,100.2,65,6266.0,-247.0,SL Hit (24286.5 >= 24285.6),324055.0
2026-07-17,PE,09:51,24250,155.35,15:16,107.0,65,10097.75,3142.75,Settlement 15:15,327197.75
2026-07-20,CE,11:07,24250,65.85,11:08,69.15,65,4280.25,-214.5,SL Hit (24233.5 >= 24232.1),326983.25
2026-07-20,PE,10:01,24200,105.5,12:47,128.85,65,6857.5,-1517.75,SL Hit (24141.0 <= 24153.2),325465.5
2026-07-20,CE,11:17,24200,82.35,13:23,100.0,65,5352.75,-1147.25,SL Hit (24234.9 >= 24233.8),324318.25
2026-07-20,CE,13:46,24250,77.75,13:47,81.25,65,5053.75,-227.5,SL Hit (24251.3 >= 24247.2),324090.75
2026-07-20,PE,13:08,24200,98.5,15:16,54.1,65,6402.5,2886.0,Settlement 15:15,326976.75
2026-07-21,PE,12:08,24200,45.95,12:58,58.7,65,2986.75,-828.75,SL Hit (24155.6 <= 24159.3),326148.0
2026-07-21,PE,13:42,24200,34.9,14:36,48.8,65,2268.5,-903.5,SL Hit (24157.2 <= 24160.3),325244.5
2026-07-21,CE,10:29,24200,39.6,15:16,0.2,65,2574.0,2561.0,Settlement 15:15,327805.5
2026-07-21,PE,14:52,24150,8.25,15:16,0.05,65,536.25,533.0,Settlement 15:15,328338.5
2026-07-22,PE,10:11,24050,166.35,10:23,185.0,65,10812.75,-1212.25,SL Hit (24002.5 <= 24003.3),327126.25
2026-07-22,PE,11:36,24050,167.0,11:59,180.75,65,10855.0,-893.75,SL Hit (24022.0 <= 24025.7),326232.5
2026-07-22,CE,10:28,24000,153.7,15:16,150.65,65,9990.5,198.25,Settlement 15:15,326430.75
2026-07-22,PE,12:59,24000,162.9,15:16,157.55,65,10588.5,347.75,Settlement 15:15,326778.5
2026-07-23,CE,10:27,23950,145.25,10:28,147.25,65,9441.25,-130.0,SL Hit (23970.5 >= 23969.2),326648.5
2026-07-23,PE,10:07,23950,127.45,12:30,169.05,65,8284.25,-2704.0,SL Hit (23895.5 <= 23905.8),323944.5
2026-07-23,PE,13:42,23850,132.95,14:49,145.35,65,8641.75,-806.0,SL Hit (23818.0 <= 23819.8),323138.5
2026-07-23,CE,11:31,23950,128.5,15:16,92.0,65,8352.5,2372.5,Settlement 15:15,325511.0
2026-07-24,CE,10:16,23600,164.9,11:20,181.2,65,10718.5,-1059.5,SL Hit (23666.1 >= 23656.3),324451.5
2026-07-24,CE,13:13,23800,122.3,14:02,143.7,65,7949.5,-1391.0,SL Hit (23810.6 >= 23809.8),323060.5
2026-07-24,CE,14:25,23800,119.2,15:16,126.0,65,7748.0,-442.0,Settlement 15:15,322618.5
2026-07-24,PE,10:51,23650,117.35,15:16,51.05,65,7627.75,4309.5,Settlement 15:15,326928.0
2026-07-27,CE,09:59,23950,73.45,11:27,84.6,65,4774.25,-724.75,SL Hit (23964.2 >= 23962.8),326203.25
2026-07-27,CE,11:54,23950,83.85,13:14,84.2,65,5450.25,-22.75,SL Hit (23971.9 >= 23971.1),326180.5
2026-07-27,CE,13:37,23950,70.85,14:03,95.4,65,4605.25,-1595.75,SL Hit (23987.5 >= 23983.8),324584.75
2026-07-27,PE,11:04,23950,74.35,15:16,33.3,65,4832.75,2668.25,Settlement 15:15,327253.0
2026-07-28,CE,10:12,24000,26.9,10:48,49.8,65,1748.5,-1488.5,SL Hit (24030.0 >= 24027.8),325764.5
2026-07-28,PE,11:00,24050,49.1,11:12,54.5,65,3191.5,-351.0,SL Hit (24011.7 <= 24014.3),325413.5
2026-07-28,CE,11:38,24000,35.0,11:47,47.15,65,2275.0,-789.75,SL Hit (24028.8 >= 24025.1),324623.75
2026-07-28,PE,11:50,24000,19.35,13:10,30.15,65,1257.75,-702.0,SL Hit (23993.4 <= 23994.9),323921.75
2026-07-28,PE,13:57,24000,23.3,15:00,46.85,65,1514.5,-1530.75,SL Hit (23961.0 <= 23968.6),322391.0
2026-07-28,CE,13:09,24000,27.1,15:16,0.05,65,1761.5,1758.25,Settlement 15:15,324149.25
2026-07-29,CE,10:01,24200,141.95,10:08,151.8,65,9226.75,-640.25,SL Hit (24221.7 >= 24218.3),323509.0
2026-07-29,CE,10:55,24200,144.3,11:08,154.4,65,9379.5,-656.5,SL Hit (24241.2 >= 24241.2),322852.5
2026-07-29,CE,11:42,24250,118.2,12:09,129.45,65,7683.0,-731.25,SL Hit (24244.7 >= 24240.0),322121.25
2026-07-29,PE,10:19,24200,125.3,15:16,114.2,65,8144.5,721.5,Settlement 15:15,322842.75
2026-07-30,CE,10:16,24250,106.85,12:32,142.2,65,6945.25,-2297.75,SL Hit (24303.1 >= 24288.1),320545.0
2026-07-30,PE,10:53,24250,117.0,14:30,121.7,65,7605.0,-305.5,SL Hit (24230.0 <= 24231.3),320239.5
2026-07-30,CE,13:07,24300,102.1,15:05,110.95,65,6636.5,-575.25,SL Hit (24313.5 >= 24302.8),319664.25
2026-07-30,PE,14:41,24250,108.05,15:16,98.45,65,7023.25,624.0,Settlement 15:15,320288.25
2026-07-31,CE,10:11,24350,95.25,11:20,101.6,65,6191.25,-412.75,SL Hit (24366.2 >= 24363.0),319875.5
2026-07-31,CE,13:36,24400,93.7,15:16,73.55,65,6090.5,1309.75,Settlement 15:15,321185.25
2026-07-31,PE,11:28,24350,86.4,15:16,75.7,65,5616.0,695.5,Settlement 15:15,321880.75
2026-08-03,CE,10:37,24600,53.35,10:50,57.05,65,3467.75,-240.5,SL Hit (24591.0 >= 24591.0),321640.25
2026-08-03,CE,11:35,24600,56.8,11:50,61.45,65,3692.0,-302.25,SL Hit (24603.2 >= 24600.9),321338.0
2026-08-03,CE,12:40,24600,54.65,15:16,45.3,65,3552.25,607.75,Settlement 15:15,321945.75
2026-08-03,PE,10:02,24550,54.0,15:16,48.0,65,3510.0,390.0,Settlement 15:15,322335.75
2026-08-04,PE,09:57,24650,55.2,10:22,67.15,65,3588.0,-776.75,SL Hit (24601.3 <= 24603.1),321559.0
2026-08-04,CE,10:13,24600,46.35,15:16,17.15,65,3012.75,1898.0,Settlement 15:15,323457.0
2026-08-04,PE,14:23,24450,30.75,15:16,31.35,65,1998.75,-39.0,Settlement 15:15,323418.0
2026-08-05,CE,09:59,24600,161.0,11:00,190.0,65,10465.0,-1885.0,SL Hit (24651.8 >= 24647.2),321533.0
2026-08-05,PE,11:07,24650,124.9,11:34,158.3,65,8118.5,-2171.0,SL Hit (24590.2 <= 24596.6),319362.0
2026-08-05,PE,13:12,24500,135.2,13:43,144.35,65,8788.0,-594.75,SL Hit (24504.0 <= 24510.5),318767.25
2026-08-05,CE,11:38,24600,155.8,15:16,151.4,65,10127.0,286.0,Settlement 15:15,319053.25
2026-08-05,PE,14:40,24500,132.95,15:16,89.05,65,8641.75,2853.5,Settlement 15:15,321906.75
2026-08-06,PE,09:55,24650,119.25,10:02,134.5,65,7751.25,-991.25,SL Hit (24617.2 <= 24624.6),320915.5
2026-08-06,PE,11:31,24650,119.65,11:41,126.25,65,7777.25,-429.0,SL Hit (24644.3 <= 24645.8),320486.5
2026-08-06,PE,12:00,24650,119.2,13:14,134.95,65,7748.0,-1023.75,SL Hit (24622.2 <= 24623.2),319462.75
2026-08-06,CE,10:07,24600,168.65,15:16,178.85,65,10962.25,-663.0,Settlement 15:15,318799.75
2026-08-07,PE,10:01,24600,114.85,10:12,120.6,65,7465.25,-373.75,SL Hit (24600.4 <= 24602.4),318426.0
2026-08-07,PE,10:57,24600,129.0,11:03,139.45,65,8385.0,-679.25,SL Hit (24556.5 <= 24565.7),317746.75
2026-08-07,PE,11:31,24600,128.0,11:51,139.5,65,8320.0,-747.5,SL Hit (24554.5 <= 24554.7),316999.25
2026-08-07,CE,10:21,24600,131.85,15:16,116.0,65,8570.25,1030.25,Settlement 15:15,318029.5
2026-08-10,CE,11:36,24600,97.7,12:15,102.3,65,6350.5,-299.0,SL Hit (24612.4 >= 24611.4),317730.5
2026-08-10,CE,12:47,24600,97.0,15:16,77.6,65,6305.0,1261.0,Settlement 15:15,318991.5
2026-08-10,PE,10:09,24550,90.65,15:16,52.75,65,5892.25,2463.5,Settlement 15:15,321455.0
2026-08-11,PE,10:06,24500,65.4,11:01,64.95,65,4251.0,29.25,SL Hit (24464.0 <= 24464.1),321484.25
2026-08-11,CE,09:50,24500,56.4,15:16,7.55,65,3666.0,3175.25,Settlement 15:15,324659.5
2026-08-11,PE,12:17,24450,44.0,15:16,15.35,65,2860.0,1862.25,Settlement 15:15,326521.75
2026-08-12,PE,10:36,24400,117.2,10:47,129.35,65,7618.0,-789.75,SL Hit (24358.8 <= 24363.8),325732.0
2026-08-12,PE,11:25,24300,105.1,11:30,111.45,65,6831.5,-412.75,SL Hit (24289.5 <= 24297.0),325319.25
2026-08-12,CE,09:53,24400,162.7,15:16,143.55,65,10575.5,1244.75,Settlement 15:15,326564.0
2026-08-12,PE,12:37,24300,111.0,15:16,65.25,65,7215.0,2973.75,Settlement 15:15,329537.75
2026-08-13,PE,10:57,24350,88.35,11:05,96.6,65,5742.75,-536.25,SL Hit (24322.8 <= 24322.9),329001.5
2026-08-13,CE,10:13,24350,134.2,11:49,137.75,65,8723.0,-230.75,SL Hit (24359.0 >= 24358.8),328770.75
2026-08-13,CE,12:59,24350,151.0,15:16,154.15,65,9815.0,-204.75,Settlement 15:15,328566.0
2026-08-13,PE,11:41,24350,83.4,15:16,62.95,65,5421.0,1329.25,Settlement 15:15,329895.25
2026-08-14,CE,09:56,24350,102.4,10:02,108.75,65,6656.0,-412.75,SL Hit (24351.0 >= 24346.7),329482.5
2026-08-14,CE,10:35,24300,116.5,13:43,139.3,65,7572.5,-1482.0,SL Hit (24355.8 >= 24354.0),328000.5
2026-08-14,CE,14:32,24350,125.6,15:16,126.55,65,8164.0,-61.75,Settlement 15:15,327938.75
2026-08-14,PE,11:25,24350,83.25,15:16,51.1,65,5411.25,2089.75,Settlement 15:15,330028.5
2026-08-17,CE,10:01,24300,63.5,12:46,104.15,65,4127.5,-2642.25,SL Hit (24325.4 >= 24311.5),327386.25
2026-08-17,CE,14:16,24350,71.25,15:03,75.7,65,4631.25,-289.25,SL Hit (24352.3 >= 24346.9),327097.0
2026-08-17,PE,12:04,24250,42.75,15:16,19.1,65,2778.75,1537.25,Settlement 15:15,328634.25
