datetime,open,high,low,close,volume,oi,iv,spot,api_strike,strike,strike_label,option_type,atm,date
2023-11-07 09:15:00+05:30,485.3,488.8,483.25,485.15,500,115850,17.708976,19369.7,18900.0,18950,ATM-9,CALL,19400,2023-11-07
2023-11-07 09:16:00+05:30,484.9,484.9,477.3,477.8,3200,115850,21.840222,19354.55,18900.0,18950,ATM-9,CALL,19400,2023-11-07
2023-11-07 09:17:00+05:30,477.8,484.75,476.35,483.45,950,113450,22.968722,19357.9,18900.0,18950,ATM-9,CALL,19400,2023-11-07
2023-11-07 09:18:00+05:30,483.45,483.6,481.8,481.85,300,113450,19.961646,19362.85,18900.0,18950,ATM-9,CALL,19400,2023-11-07
2023-11-07 09:19:00+05:30,481.85,486.3,481.45,486.3,650,113450,21.420427,19364.7,18900.0,18950,ATM-9,CALL,19400,2023-11-07
2023-11-07 09:20:00+05:30,486.3,497.65,486.3,497.65,1100,112750,22.764623,19373.9,18900.0,18950,ATM-9,CALL,19400,2023-11-07
2023-11-07 09:21:00+05:30,497.45,497.8,489.4,489.4,650,112750,20.111263,19370.6,18900.0,18950,ATM-9,CALL,19400,2023-11-07
2023-11-07 09:22:00+05:30,489.4,489.4,489.4,489.4,0,112750,20.111263,19375.3,18950.0,18950,ATM-9,CALL,19400,2023-11-07
2023-11-07 09:23:00+05:30,439.95,448.0,439.95,448.0,500,34100,18.087358,19380.3,18950.0,18950,ATM-9,CALL,19400,2023-11-07
2023-11-07 09:24:00+05:30,448.0,450.0,448.0,448.7,100,34100,17.427136,19382.1,18950.0,18950,ATM-9,CALL,19400,2023-11-07
2023-11-07 09:25:00+05:30,448.7,451.25,448.7,451.25,550,34100,19.385436,19381.35,18950.0,18950,ATM-9,CALL,19400,2023-11-07
2023-11-07 09:26:00+05:30,498.4,498.4,493.9,493.9,50,112000,20.6671,19374.4,18900.0,18950,ATM-9,CALL,19400,2023-11-07
2023-11-07 09:27:00+05:30,493.9,493.9,493.9,493.9,0,112000,20.6671,19375.9,18950.0,18950,ATM-9,CALL,19400,2023-11-07
2023-11-07 09:28:00+05:30,493.9,498.95,493.9,495.45,150,111950,22.097984,19373.15,18900.0,18950,ATM-9,CALL,19400,2023-11-07
2023-11-07 09:29:00+05:30,495.45,496.0,492.6,492.6,450,111750,22.027392,19370.25,18900.0,18950,ATM-9,CALL,19400,2023-11-07
2023-11-07 09:30:00+05:30,492.6,492.6,492.6,492.6,0,111750,22.027392,19368.15,18900.0,18950,ATM-9,CALL,19400,2023-11-07
2023-11-07 09:31:00+05:30,492.6,492.7,488.8,492.3,150,111750,21.375996,19371.35,18900.0,18950,ATM-9,CALL,19400,2023-11-07
2023-11-07 09:32:00+05:30,492.3,492.3,492.3,492.3,0,111750,21.375996,19372.6,18900.0,18950,ATM-9,CALL,19400,2023-11-07
2023-11-07 09:33:00+05:30,492.3,492.3,492.3,492.3,0,111750,21.375996,19372.55,18900.0,18950,ATM-9,CALL,19400,2023-11-07
2023-11-07 09:34:00+05:30,492.3,492.3,489.4,490.25,250,111600,22.342736,19367.05,18900.0,18950,ATM-9,CALL,19400,2023-11-07
2023-11-07 09:35:00+05:30,490.25,490.25,490.25,490.25,0,111600,22.342736,19366.2,18900.0,18950,ATM-9,CALL,19400,2023-11-07
2023-11-07 09:36:00+05:30,490.25,490.25,490.25,490.25,0,111600,22.342736,19366.7,18900.0,18950,ATM-9,CALL,19400,2023-11-07
2023-11-07 09:37:00+05:30,490.25,490.25,490.25,490.25,0,111600,22.342736,19368.55,18900.0,18950,ATM-9,CALL,19400,2023-11-07
2023-11-07 09:38:00+05:30,490.25,490.25,489.9,489.9,550,111800,23.400742,19364.1,18900.0,18950,ATM-9,CALL,19400,2023-11-07
2023-11-07 09:39:00+05:30,489.9,489.9,489.9,489.9,0,111800,23.400742,19360.6,18900.0,18950,ATM-9,CALL,19400,2023-11-07
2023-11-07 09:40:00+05:30,489.9,489.9,486.65,487.05,600,111800,23.017331,19362.0,18900.0,18950,ATM-9,CALL,19400,2023-11-07
2023-11-07 09:41:00+05:30,487.05,495.65,487.05,495.3,150,112500,25.688877,19363.55,18900.0,18950,ATM-9,CALL,19400,2023-11-07
2023-11-07 09:42:00+05:30,495.3,495.3,493.25,493.25,100,112500,25.127211,19363.0,18900.0,18950,ATM-9,CALL,19400,2023-11-07
2023-11-07 09:43:00+05:30,493.25,493.25,493.25,493.25,0,112500,25.127211,19365.15,18900.0,18950,ATM-9,CALL,19400,2023-11-07
2023-11-07 09:44:00+05:30,493.25,493.25,493.25,493.25,0,112500,25.127211,19366.5,18900.0,18950,ATM-9,CALL,19400,2023-11-07
2023-11-07 09:45:00+05:30,493.25,493.9,493.25,493.9,200,112600,24.195866,19366.45,18900.0,18950,ATM-9,CALL,19400,2023-11-07
2023-11-07 09:46:00+05:30,493.9,493.9,493.9,493.9,0,112600,24.195866,19362.65,18900.0,18950,ATM-9,CALL,19400,2023-11-07
2023-11-07 09:47:00+05:30,493.9,493.9,491.45,491.45,100,112450,26.802179,19355.65,18900.0,18950,ATM-9,CALL,19400,2023-11-07
2023-11-07 09:48:00+05:30,491.45,491.45,491.45,491.45,0,112450,26.802179,19358.85,18900.0,18950,ATM-9,CALL,19400,2023-11-07
2023-11-07 09:49:00+05:30,491.45,491.45,491.45,491.45,0,112450,26.802179,19363.6,18900.0,18950,ATM-9,CALL,19400,2023-11-07
2023-11-07 09:50:00+05:30,491.45,491.45,491.45,491.45,0,112450,26.802179,19359.4,18900.0,18950,ATM-9,CALL,19400,2023-11-07
2023-11-07 09:51:00+05:30,491.45,491.45,491.45,491.45,0,112450,26.802179,19362.8,18900.0,18950,ATM-9,CALL,19400,2023-11-07
2023-11-07 09:52:00+05:30,491.45,491.45,491.45,491.45,0,112450,26.802179,19363.6,18900.0,18950,ATM-9,CALL,19400,2023-11-07
2023-11-07 09:53:00+05:30,491.45,494.2,491.45,494.2,300,112500,25.819744,19362.1,18900.0,18950,ATM-9,CALL,19400,2023-11-07
2023-11-07 09:54:00+05:30,494.2,494.2,494.2,494.2,0,112500,25.819744,19363.85,18900.0,18950,ATM-9,CALL,19400,2023-11-07
2023-11-07 09:55:00+05:30,494.2,501.15,494.2,499.4,450,112500,25.476012,19369.0,18900.0,18950,ATM-9,CALL,19400,2023-11-07
2023-11-07 09:56:00+05:30,497.45,497.45,493.75,493.75,150,112500,25.39909,19362.95,18900.0,18950,ATM-9,CALL,19400,2023-11-07
2023-11-07 09:57:00+05:30,493.75,493.75,491.75,491.75,300,111900,25.163447,19361.45,18900.0,18950,ATM-9,CALL,19400,2023-11-07
2023-11-07 09:58:00+05:30,491.75,491.75,486.2,486.2,100,111900,24.891795,19356.1,18900.0,18950,ATM-9,CALL,19400,2023-11-07
2023-11-07 09:59:00+05:30,485.75,485.75,485.7,485.75,300,111900,24.05546,19358.05,18900.0,18950,ATM-9,CALL,19400,2023-11-07
2023-11-07 10:00:00+05:30,485.75,487.85,485.75,487.85,100,111800,25.532116,19356.0,18900.0,18950,ATM-9,CALL,19400,2023-11-07
2023-11-07 10:01:00+05:30,487.85,490.95,487.85,490.95,50,111800,24.902334,19361.4,18900.0,18950,ATM-9,CALL,19400,2023-11-07
2023-11-07 10:02:00+05:30,490.95,492.25,488.55,488.55,200,111950,25.695546,19356.3,18900.0,18950,ATM-9,CALL,19400,2023-11-07
2023-11-07 10:03:00+05:30,488.55,488.55,483.75,483.75,50,111950,24.971989,19353.2,18900.0,18950,ATM-9,CALL,19400,2023-11-07
2023-11-07 10:04:00+05:30,483.75,483.75,480.0,482.0,300,111950,25.136347,19350.75,18900.0,18950,ATM-9,CALL,19400,2023-11-07
2023-11-07 10:05:00+05:30,482.0,482.0,480.2,480.2,50,111950,24.599851,19350.4,18900.0,18950,ATM-9,CALL,19400,2023-11-07
2023-11-07 10:06:00+05:30,480.2,480.2,480.2,480.2,0,111950,24.599851,19351.9,18900.0,18950,ATM-9,CALL,19400,2023-11-07
2023-11-07 10:07:00+05:30,480.2,480.2,480.2,480.2,0,111950,24.599851,19350.5,18900.0,18950,ATM-9,CALL,19400,2023-11-07
2023-11-07 10:08:00+05:30,480.2,480.2,480.2,480.2,0,111950,24.599851,19355.3,18900.0,18950,ATM-9,CALL,19400,2023-11-07
2023-11-07 10:09:00+05:30,480.2,480.2,480.2,480.2,0,111950,24.599851,19357.6,18900.0,18950,ATM-9,CALL,19400,2023-11-07
2023-11-07 10:10:00+05:30,480.2,480.2,480.2,480.2,0,111950,24.599851,19357.55,18900.0,18950,ATM-9,CALL,19400,2023-11-07
2023-11-07 10:11:00+05:30,480.2,480.2,480.2,480.2,0,111950,24.599851,19359.0,18900.0,18950,ATM-9,CALL,19400,2023-11-07
2023-11-07 10:12:00+05:30,480.2,480.2,480.2,480.2,0,111950,24.599851,19360.9,18900.0,18950,ATM-9,CALL,19400,2023-11-07
2023-11-07 10:13:00+05:30,490.85,497.05,488.95,497.05,3000,111950,26.238175,19364.3,18900.0,18950,ATM-9,CALL,19400,2023-11-07
2023-11-07 10:14:00+05:30,495.35,495.35,493.55,495.0,1850,110300,24.863557,19366.2,18900.0,18950,ATM-9,CALL,19400,2023-11-07
2023-11-07 10:15:00+05:30,495.0,495.0,493.55,493.55,50,110300,24.866365,19364.6,18900.0,18950,ATM-9,CALL,19400,2023-11-07
2023-11-07 10:16:00+05:30,493.85,496.1,493.85,496.1,750,110300,25.542238,19365.45,18900.0,18950,ATM-9,CALL,19400,2023-11-07
2023-11-07 10:17:00+05:30,496.1,496.1,494.55,494.55,400,110300,25.861793,19362.75,18900.0,18950,ATM-9,CALL,19400,2023-11-07
2023-11-07 10:18:00+05:30,494.55,494.55,494.55,494.55,0,110300,25.861793,19363.95,18900.0,18950,ATM-9,CALL,19400,2023-11-07
2023-11-07 10:19:00+05:30,494.55,501.0,494.55,501.0,50,110100,26.0071,19369.55,18900.0,18950,ATM-9,CALL,19400,2023-11-07
2023-11-07 10:20:00+05:30,503.05,508.0,500.75,508.0,150,110150,27.377924,19373.05,18900.0,18950,ATM-9,CALL,19400,2023-11-07
2023-11-07 10:21:00+05:30,508.0,509.65,504.1,504.1,350,110150,26.136299,19372.65,18900.0,18950,ATM-9,CALL,19400,2023-11-07
2023-11-07 10:22:00+05:30,504.1,504.1,504.1,504.1,200,110150,26.511082,19371.5,18900.0,18950,ATM-9,CALL,19400,2023-11-07
2023-11-07 10:23:00+05:30,504.1,504.1,504.1,504.1,0,110150,26.511082,19365.1,18900.0,18950,ATM-9,CALL,19400,2023-11-07
2023-11-07 10:24:00+05:30,504.1,504.1,498.15,500.45,150,110250,26.981915,19365.9,18900.0,18950,ATM-9,CALL,19400,2023-11-07
2023-11-07 10:25:00+05:30,500.45,500.45,499.0,499.0,500,110250,24.533247,19371.7,18900.0,18950,ATM-9,CALL,19400,2023-11-07
2023-11-07 10:26:00+05:30,499.0,499.0,499.0,499.0,0,110250,24.533247,19372.5,18900.0,18950,ATM-9,CALL,19400,2023-11-07
2023-11-07 10:27:00+05:30,499.0,499.0,499.0,499.0,0,110250,24.533247,19369.25,18900.0,18950,ATM-9,CALL,19400,2023-11-07
2023-11-07 10:28:00+05:30,499.0,504.85,499.0,504.85,50,110300,27.191348,19370.25,18900.0,18950,ATM-9,CALL,19400,2023-11-07
2023-11-07 10:29:00+05:30,504.85,504.95,504.5,504.5,150,110300,26.954057,19370.65,18900.0,18950,ATM-9,CALL,19400,2023-11-07
2023-11-07 10:30:00+05:30,504.5,506.35,504.5,506.35,250,110300,26.688096,19373.6,18900.0,18950,ATM-9,CALL,19400,2023-11-07
2023-11-07 10:31:00+05:30,506.35,506.35,506.35,506.35,0,110300,26.688096,19376.55,18950.0,18950,ATM-9,CALL,19400,2023-11-07
2023-11-07 10:32:00+05:30,506.35,506.35,506.35,506.35,0,110300,26.688096,19375.8,18950.0,18950,ATM-9,CALL,19400,2023-11-07
2023-11-07 10:33:00+05:30,507.95,508.4,507.95,508.4,250,110200,27.18953,19374.35,18900.0,18950,ATM-9,CALL,19400,2023-11-07
2023-11-07 10:34:00+05:30,448.8,460.8,448.8,460.8,500,33550,25.599599,19375.5,18950.0,18950,ATM-9,CALL,19400,2023-11-07
2023-11-07 10:35:00+05:30,460.8,460.8,460.8,460.8,0,33550,25.599599,19384.6,18950.0,18950,ATM-9,CALL,19400,2023-11-07
2023-11-07 10:36:00+05:30,460.8,460.8,460.8,460.8,0,33550,25.599599,19379.95,18950.0,18950,ATM-9,CALL,19400,2023-11-07
2023-11-07 10:37:00+05:30,460.8,460.8,460.8,460.8,0,33550,25.599599,19381.45,18950.0,18950,ATM-9,CALL,19400,2023-11-07
2023-11-07 10:38:00+05:30,460.8,460.8,460.8,460.8,0,33550,25.599599,19381.15,18950.0,18950,ATM-9,CALL,19400,2023-11-07
2023-11-07 10:39:00+05:30,460.8,460.8,460.8,460.8,0,33550,25.599599,19385.3,18950.0,18950,ATM-9,CALL,19400,2023-11-07
2023-11-07 10:40:00+05:30,460.8,460.8,460.8,460.8,0,33550,25.599599,19387.55,18950.0,18950,ATM-9,CALL,19400,2023-11-07
2023-11-07 10:41:00+05:30,460.8,476.25,460.8,476.25,50,33550,26.398683,19390.45,18950.0,18950,ATM-9,CALL,19400,2023-11-07
2023-11-07 10:42:00+05:30,476.25,476.25,471.0,471.0,50,33550,25.264367,19388.35,18950.0,18950,ATM-9,CALL,19400,2023-11-07
2023-11-07 10:43:00+05:30,471.0,471.0,471.0,471.0,0,33550,25.264367,19387.55,18950.0,18950,ATM-9,CALL,19400,2023-11-07
2023-11-07 10:44:00+05:30,471.0,472.35,471.0,472.35,500,33550,24.256929,19393.05,18950.0,18950,ATM-9,CALL,19400,2023-11-07
2023-11-07 10:45:00+05:30,472.35,475.25,472.35,475.25,200,33550,25.338453,19392.95,18950.0,18950,ATM-9,CALL,19400,2023-11-07
2023-11-07 10:46:00+05:30,475.25,475.25,475.25,475.25,0,33550,25.338453,19390.3,18950.0,18950,ATM-9,CALL,19400,2023-11-07
2023-11-07 10:47:00+05:30,475.25,475.25,465.45,465.45,150,33750,22.817149,19389.55,18950.0,18950,ATM-9,CALL,19400,2023-11-07
2023-11-07 10:48:00+05:30,465.45,465.45,465.45,465.45,0,33750,22.817149,19390.0,18950.0,18950,ATM-9,CALL,19400,2023-11-07
2023-11-07 10:49:00+05:30,465.45,465.45,465.45,465.45,0,33750,22.817149,19391.4,18950.0,18950,ATM-9,CALL,19400,2023-11-07
2023-11-07 10:50:00+05:30,465.45,465.45,465.45,465.45,0,33750,22.817149,19391.6,18950.0,18950,ATM-9,CALL,19400,2023-11-07
2023-11-07 10:51:00+05:30,465.45,465.45,465.45,465.45,0,33750,22.817149,19387.4,18950.0,18950,ATM-9,CALL,19400,2023-11-07
2023-11-07 10:52:00+05:30,465.45,465.45,465.45,465.45,0,33750,22.817149,19382.05,18950.0,18950,ATM-9,CALL,19400,2023-11-07
2023-11-07 10:53:00+05:30,465.45,465.45,465.45,465.45,0,33750,22.817149,19385.55,18950.0,18950,ATM-9,CALL,19400,2023-11-07
2023-11-07 10:54:00+05:30,465.45,465.45,465.45,465.45,0,33750,22.817149,19385.0,18950.0,18950,ATM-9,CALL,19400,2023-11-07
2023-11-07 10:55:00+05:30,465.45,465.45,465.45,465.45,0,33750,22.817149,19384.75,18950.0,18950,ATM-9,CALL,19400,2023-11-07
2023-11-07 10:56:00+05:30,465.45,465.45,465.45,465.45,0,33750,22.817149,19384.95,18950.0,18950,ATM-9,CALL,19400,2023-11-07
2023-11-07 10:57:00+05:30,465.45,465.45,465.45,465.45,0,33750,22.817149,19382.65,18950.0,18950,ATM-9,CALL,19400,2023-11-07
2023-11-07 10:58:00+05:30,465.45,465.45,454.8,454.8,50,33750,19.906877,19385.0,18950.0,18950,ATM-9,CALL,19400,2023-11-07
2023-11-07 10:59:00+05:30,454.8,454.8,454.8,454.8,0,33750,19.906877,19381.05,18950.0,18950,ATM-9,CALL,19400,2023-11-07
2023-11-07 11:00:00+05:30,454.8,454.8,454.8,454.8,0,33750,19.906877,19382.5,18950.0,18950,ATM-9,CALL,19400,2023-11-07
2023-11-07 11:01:00+05:30,454.8,454.8,454.8,454.8,0,33750,19.906877,19384.3,18950.0,18950,ATM-9,CALL,19400,2023-11-07
2023-11-07 11:02:00+05:30,454.8,454.8,454.8,454.8,0,33750,19.906877,19386.85,18950.0,18950,ATM-9,CALL,19400,2023-11-07
2023-11-07 11:03:00+05:30,454.8,454.8,454.8,454.8,0,33750,19.906877,19387.25,18950.0,18950,ATM-9,CALL,19400,2023-11-07
2023-11-07 11:04:00+05:30,454.8,454.8,454.8,454.8,0,33750,19.906877,19386.8,18950.0,18950,ATM-9,CALL,19400,2023-11-07
2023-11-07 11:05:00+05:30,454.8,454.8,454.8,454.8,0,33750,19.906877,19386.15,18950.0,18950,ATM-9,CALL,19400,2023-11-07
2023-11-07 11:06:00+05:30,454.8,460.45,454.8,460.45,50,33800,21.401474,19387.9,18950.0,18950,ATM-9,CALL,19400,2023-11-07
2023-11-07 11:07:00+05:30,460.45,460.45,460.45,460.45,0,33800,21.401474,19389.3,18950.0,18950,ATM-9,CALL,19400,2023-11-07
2023-11-07 11:08:00+05:30,460.45,460.45,460.45,460.45,0,33800,21.401474,19390.1,18950.0,18950,ATM-9,CALL,19400,2023-11-07
2023-11-07 11:09:00+05:30,460.45,460.45,460.45,460.45,0,33800,21.401474,19393.95,18950.0,18950,ATM-9,CALL,19400,2023-11-07
2023-11-07 11:10:00+05:30,460.45,467.95,460.45,467.95,100,33850,21.75199,19395.25,18950.0,18950,ATM-9,CALL,19400,2023-11-07
2023-11-07 11:11:00+05:30,467.95,467.95,467.95,467.95,0,33850,21.75199,19396.45,18950.0,18950,ATM-9,CALL,19400,2023-11-07
2023-11-07 11:12:00+05:30,467.95,467.95,466.05,466.05,50,33850,21.325164,19394.2,18950.0,18950,ATM-9,CALL,19400,2023-11-07
2023-11-07 11:13:00+05:30,466.05,466.05,464.1,464.1,100,33850,21.608613,19391.45,18950.0,18950,ATM-9,CALL,19400,2023-11-07
2023-11-07 11:14:00+05:30,464.1,467.05,464.1,467.05,500,33850,22.356877,19392.85,18950.0,18950,ATM-9,CALL,19400,2023-11-07
2023-11-07 11:15:00+05:30,467.05,467.05,461.15,461.15,250,33850,21.101035,19389.45,18950.0,18950,ATM-9,CALL,19400,2023-11-07
2023-11-07 11:16:00+05:30,461.15,461.15,461.15,461.15,0,33850,21.101035,19390.75,18950.0,18950,ATM-9,CALL,19400,2023-11-07
2023-11-07 11:17:00+05:30,461.15,461.15,461.15,461.15,0,33850,21.101035,19393.85,18950.0,18950,ATM-9,CALL,19400,2023-11-07
2023-11-07 11:18:00+05:30,461.15,467.9,461.15,467.9,50,34100,20.503314,19398.0,18950.0,18950,ATM-9,CALL,19400,2023-11-07
2023-11-07 11:19:00+05:30,467.9,467.9,465.2,465.2,50,34100,19.793942,19396.5,18950.0,18950,ATM-9,CALL,19400,2023-11-07
2023-11-07 11:20:00+05:30,465.2,465.2,465.2,465.2,0,34100,19.793942,19396.2,18950.0,18950,ATM-9,CALL,19400,2023-11-07
2023-11-07 11:21:00+05:30,465.2,465.2,465.2,465.2,0,34100,19.793942,19396.3,18950.0,18950,ATM-9,CALL,19400,2023-11-07
2023-11-07 11:22:00+05:30,465.2,465.2,465.2,465.2,0,34100,19.793942,19394.0,18950.0,18950,ATM-9,CALL,19400,2023-11-07
2023-11-07 11:23:00+05:30,465.2,465.2,465.2,465.2,0,34100,19.793942,19391.25,18950.0,18950,ATM-9,CALL,19400,2023-11-07
2023-11-07 11:24:00+05:30,465.2,465.2,465.2,465.2,0,34100,19.793942,19390.65,18950.0,18950,ATM-9,CALL,19400,2023-11-07
2023-11-07 11:25:00+05:30,465.2,465.2,465.2,465.2,0,34100,19.793942,19391.05,18950.0,18950,ATM-9,CALL,19400,2023-11-07
2023-11-07 11:26:00+05:30,465.2,465.2,462.45,462.45,50,34100,22.209638,19388.35,18950.0,18950,ATM-9,CALL,19400,2023-11-07
2023-11-07 11:27:00+05:30,462.45,462.45,462.45,462.45,0,34100,22.209638,19391.9,18950.0,18950,ATM-9,CALL,19400,2023-11-07
2023-11-07 11:28:00+05:30,462.45,462.45,462.45,462.45,0,34100,22.209638,19389.7,18950.0,18950,ATM-9,CALL,19400,2023-11-07
2023-11-07 11:29:00+05:30,462.45,462.45,462.45,462.45,0,34100,22.209638,19389.85,18950.0,18950,ATM-9,CALL,19400,2023-11-07
2023-11-07 11:30:00+05:30,462.45,462.45,459.0,459.0,700,34050,20.501866,19388.6,18950.0,18950,ATM-9,CALL,19400,2023-11-07
2023-11-07 11:31:00+05:30,459.0,459.0,459.0,459.0,0,34050,20.501866,19386.9,18950.0,18950,ATM-9,CALL,19400,2023-11-07
2023-11-07 11:32:00+05:30,459.0,459.0,452.9,452.9,500,34050,14.815561,19390.1,18950.0,18950,ATM-9,CALL,19400,2023-11-07
2023-11-07 11:33:00+05:30,452.9,452.9,452.9,452.9,0,34050,14.815561,19387.15,18950.0,18950,ATM-9,CALL,19400,2023-11-07
2023-11-07 11:34:00+05:30,452.9,452.9,452.9,452.9,0,34050,14.815561,19388.05,18950.0,18950,ATM-9,CALL,19400,2023-11-07
2023-11-07 11:35:00+05:30,452.9,459.3,452.9,459.3,200,33950,18.001782,19393.35,18950.0,18950,ATM-9,CALL,19400,2023-11-07
2023-11-07 11:36:00+05:30,459.3,459.3,459.3,459.3,0,33950,18.001782,19395.4,18950.0,18950,ATM-9,CALL,19400,2023-11-07
2023-11-07 11:37:00+05:30,459.3,459.3,459.3,459.3,0,33950,18.001782,19394.05,18950.0,18950,ATM-9,CALL,19400,2023-11-07
2023-11-07 11:38:00+05:30,459.3,459.3,459.3,459.3,0,33950,18.001782,19393.4,18950.0,18950,ATM-9,CALL,19400,2023-11-07
2023-11-07 11:39:00+05:30,459.3,459.3,459.3,459.3,0,33950,18.001782,19390.15,18950.0,18950,ATM-9,CALL,19400,2023-11-07
2023-11-07 11:40:00+05:30,459.3,459.3,443.25,443.25,150,33750,18.014574,19376.55,18950.0,18950,ATM-9,CALL,19400,2023-11-07
2023-11-07 11:41:00+05:30,487.3,487.65,479.1,480.4,750,102850,17.82651,19365.65,18900.0,18950,ATM-9,CALL,19400,2023-11-07
2023-11-07 11:42:00+05:30,480.4,480.4,471.75,474.75,350,102850,18.149047,19359.4,18900.0,18950,ATM-9,CALL,19400,2023-11-07
2023-11-07 11:43:00+05:30,474.75,474.85,474.4,474.85,150,102850,20.912906,19355.0,18900.0,18950,ATM-9,CALL,19400,2023-11-07
2023-11-07 11:44:00+05:30,474.85,475.9,474.55,474.55,750,102400,20.907787,19354.7,18900.0,18950,ATM-9,CALL,19400,2023-11-07
2023-11-07 11:45:00+05:30,470.0,470.0,452.85,454.9,1250,102400,17.033039,19340.2,18900.0,18950,ATM-9,CALL,19400,2023-11-07
2023-11-07 11:46:00+05:30,452.25,454.35,447.45,454.35,4800,102400,0.0,19345.7,18900.0,18950,ATM-9,CALL,19400,2023-11-07
2023-11-07 11:47:00+05:30,454.35,458.65,454.35,457.25,200,102400,13.037932,19345.55,18900.0,18950,ATM-9,CALL,19400,2023-11-07
2023-11-07 11:48:00+05:30,457.25,457.25,452.75,452.75,1050,99850,0.0,19341.9,18900.0,18950,ATM-9,CALL,19400,2023-11-07
2023-11-07 11:49:00+05:30,452.75,452.75,445.0,445.55,700,99850,0.0,19336.95,18900.0,18950,ATM-9,CALL,19400,2023-11-07
2023-11-07 11:50:00+05:30,445.55,447.7,445.55,447.7,250,99850,0.0,19341.5,18900.0,18950,ATM-9,CALL,19400,2023-11-07
2023-11-07 11:51:00+05:30,447.7,453.45,447.7,453.45,400,99850,0.0,19343.9,18900.0,18950,ATM-9,CALL,19400,2023-11-07
2023-11-07 11:52:00+05:30,453.45,453.65,452.35,452.35,300,99850,13.703166,19340.35,18900.0,18950,ATM-9,CALL,19400,2023-11-07
2023-11-07 11:53:00+05:30,449.85,449.85,448.65,448.65,150,99600,0.0,19338.05,18900.0,18950,ATM-9,CALL,19400,2023-11-07
2023-11-07 11:54:00+05:30,448.65,448.65,441.0,442.25,1150,99600,11.143255,19330.95,18900.0,18950,ATM-9,CALL,19400,2023-11-07
2023-11-07 11:55:00+05:30,442.25,442.25,442.25,442.25,0,99600,11.143255,19343.05,18900.0,18950,ATM-9,CALL,19400,2023-11-07
2023-11-07 11:56:00+05:30,451.25,451.25,449.05,449.65,850,99050,0.0,19341.25,18900.0,18950,ATM-9,CALL,19400,2023-11-07
2023-11-07 11:57:00+05:30,449.65,450.65,449.2,450.65,12600,99050,0.0,19342.5,18900.0,18950,ATM-9,CALL,19400,2023-11-07
2023-11-07 11:58:00+05:30,450.65,450.65,449.2,449.6,250,99050,0.0,19341.85,18900.0,18950,ATM-9,CALL,19400,2023-11-07
2023-11-07 11:59:00+05:30,449.6,449.6,449.6,449.6,0,99050,0.0,19344.9,18900.0,18950,ATM-9,CALL,19400,2023-11-07
2023-11-07 12:00:00+05:30,449.6,452.1,449.6,452.1,350,97600,11.794798,19340.75,18900.0,18950,ATM-9,CALL,19400,2023-11-07
2023-11-07 12:01:00+05:30,452.1,452.1,449.95,449.95,200,97600,0.0,19340.35,18900.0,18950,ATM-9,CALL,19400,2023-11-07
2023-11-07 12:02:00+05:30,449.95,449.95,447.8,447.8,150,97600,0.0,19336.95,18900.0,18950,ATM-9,CALL,19400,2023-11-07
2023-11-07 12:03:00+05:30,447.8,447.8,447.1,447.1,250,97100,0.0,19341.8,18900.0,18950,ATM-9,CALL,19400,2023-11-07
2023-11-07 12:04:00+05:30,447.1,447.1,447.1,447.1,0,97100,0.0,19339.9,18900.0,18950,ATM-9,CALL,19400,2023-11-07
2023-11-07 12:05:00+05:30,447.1,451.1,447.1,451.0,100,97100,0.0,19344.3,18900.0,18950,ATM-9,CALL,19400,2023-11-07
2023-11-07 12:06:00+05:30,458.0,458.0,454.45,454.45,250,97400,0.0,19345.1,18900.0,18950,ATM-9,CALL,19400,2023-11-07
2023-11-07 12:07:00+05:30,454.45,461.0,454.45,461.0,950,97400,0.0,19350.85,18900.0,18950,ATM-9,CALL,19400,2023-11-07
2023-11-07 12:08:00+05:30,461.0,461.0,461.0,461.0,0,97400,0.0,19349.65,18900.0,18950,ATM-9,CALL,19400,2023-11-07
2023-11-07 12:09:00+05:30,461.0,461.0,455.15,455.15,50,97350,0.0,19350.45,18900.0,18950,ATM-9,CALL,19400,2023-11-07
2023-11-07 12:10:00+05:30,455.15,455.15,455.15,455.15,0,97350,0.0,19348.7,18900.0,18950,ATM-9,CALL,19400,2023-11-07
2023-11-07 12:11:00+05:30,455.15,458.55,455.15,458.55,50,97300,0.0,19350.75,18900.0,18950,ATM-9,CALL,19400,2023-11-07
2023-11-07 12:12:00+05:30,458.55,458.55,457.7,457.7,50,97300,0.0,19352.05,18900.0,18950,ATM-9,CALL,19400,2023-11-07
2023-11-07 12:13:00+05:30,457.7,457.7,457.7,457.7,0,97300,0.0,19349.4,18900.0,18950,ATM-9,CALL,19400,2023-11-07
2023-11-07 12:14:00+05:30,457.7,457.7,457.7,457.7,0,97300,0.0,19352.45,18900.0,18950,ATM-9,CALL,19400,2023-11-07
2023-11-07 12:15:00+05:30,457.7,457.7,457.1,457.1,50,97300,0.0,19352.7,18900.0,18950,ATM-9,CALL,19400,2023-11-07
2023-11-07 12:16:00+05:30,457.1,457.1,457.1,457.1,0,97300,0.0,19352.95,18900.0,18950,ATM-9,CALL,19400,2023-11-07
2023-11-07 12:17:00+05:30,457.1,457.1,457.1,457.1,0,97300,0.0,19352.35,18900.0,18950,ATM-9,CALL,19400,2023-11-07
2023-11-07 12:18:00+05:30,457.1,458.6,457.1,458.6,50,97300,0.0,19354.7,18900.0,18950,ATM-9,CALL,19400,2023-11-07
2023-11-07 12:19:00+05:30,458.6,466.6,458.6,466.6,350,97300,0.0,19359.15,18900.0,18950,ATM-9,CALL,19400,2023-11-07
2023-11-07 12:20:00+05:30,466.6,469.5,465.25,468.0,1450,97300,0.0,19359.45,18900.0,18950,ATM-9,CALL,19400,2023-11-07
2023-11-07 12:21:00+05:30,468.0,468.0,468.0,468.0,0,97300,0.0,19357.3,18900.0,18950,ATM-9,CALL,19400,2023-11-07
2023-11-07 12:22:00+05:30,468.0,468.0,468.0,468.0,0,97300,0.0,19354.15,18900.0,18950,ATM-9,CALL,19400,2023-11-07
2023-11-07 12:23:00+05:30,468.0,468.0,459.15,459.15,50,96200,0.0,19353.75,18900.0,18950,ATM-9,CALL,19400,2023-11-07
2023-11-07 12:24:00+05:30,459.15,459.15,459.15,459.15,0,96200,0.0,19355.55,18900.0,18950,ATM-9,CALL,19400,2023-11-07
2023-11-07 12:25:00+05:30,459.15,462.2,459.15,462.2,50,96150,0.0,19356.25,18900.0,18950,ATM-9,CALL,19400,2023-11-07
2023-11-07 12:26:00+05:30,462.2,462.2,462.2,462.2,0,96150,0.0,19356.7,18900.0,18950,ATM-9,CALL,19400,2023-11-07
2023-11-07 12:27:00+05:30,462.2,462.2,461.0,461.0,50,96150,0.0,19354.9,18900.0,18950,ATM-9,CALL,19400,2023-11-07
2023-11-07 12:28:00+05:30,461.0,461.0,461.0,461.0,0,96150,0.0,19353.85,18900.0,18950,ATM-9,CALL,19400,2023-11-07
2023-11-07 12:29:00+05:30,461.0,461.0,461.0,461.0,0,96150,0.0,19353.4,18900.0,18950,ATM-9,CALL,19400,2023-11-07
2023-11-07 12:30:00+05:30,461.0,461.0,461.0,461.0,0,96150,0.0,19353.15,18900.0,18950,ATM-9,CALL,19400,2023-11-07
2023-11-07 12:31:00+05:30,461.0,461.0,455.45,455.45,100,96150,0.0,19351.2,18900.0,18950,ATM-9,CALL,19400,2023-11-07
2023-11-07 12:32:00+05:30,455.45,455.45,455.45,455.45,0,96150,0.0,19355.95,18900.0,18950,ATM-9,CALL,19400,2023-11-07
2023-11-07 12:33:00+05:30,455.45,465.3,455.45,465.3,50,96100,0.0,19357.55,18900.0,18950,ATM-9,CALL,19400,2023-11-07
2023-11-07 12:34:00+05:30,465.3,479.1,465.3,479.1,350,96100,17.381781,19365.15,18900.0,18950,ATM-9,CALL,19400,2023-11-07
2023-11-07 12:35:00+05:30,479.1,479.1,475.25,477.8,150,96100,0.0,19367.1,18900.0,18950,ATM-9,CALL,19400,2023-11-07
2023-11-07 12:36:00+05:30,477.8,477.8,475.05,475.05,300,96100,12.545903,19363.8,18900.0,18950,ATM-9,CALL,19400,2023-11-07
2023-11-07 12:37:00+05:30,475.05,477.25,475.05,476.55,600,96100,0.0,19367.95,18900.0,18950,ATM-9,CALL,19400,2023-11-07
2023-11-07 12:38:00+05:30,476.55,476.55,476.55,476.55,0,96100,0.0,19367.75,18900.0,18950,ATM-9,CALL,19400,2023-11-07
2023-11-07 12:39:00+05:30,476.55,476.55,471.9,471.9,50,96000,0.0,19365.7,18900.0,18950,ATM-9,CALL,19400,2023-11-07
2023-11-07 12:40:00+05:30,471.9,471.9,470.3,470.3,50,96000,0.0,19364.9,18900.0,18950,ATM-9,CALL,19400,2023-11-07
2023-11-07 12:41:00+05:30,470.3,470.3,470.3,470.3,0,96000,0.0,19365.95,18900.0,18950,ATM-9,CALL,19400,2023-11-07
2023-11-07 12:42:00+05:30,470.3,470.3,468.85,468.85,50,96050,0.0,19364.55,18900.0,18950,ATM-9,CALL,19400,2023-11-07
2023-11-07 12:43:00+05:30,468.85,468.85,467.65,467.65,150,96050,0.0,19364.25,18900.0,18950,ATM-9,CALL,19400,2023-11-07
2023-11-07 12:44:00+05:30,466.35,466.35,465.75,465.75,100,96050,0.0,19363.45,18900.0,18950,ATM-9,CALL,19400,2023-11-07
2023-11-07 12:45:00+05:30,465.75,465.75,465.75,465.75,0,96050,0.0,19365.45,18900.0,18950,ATM-9,CALL,19400,2023-11-07
2023-11-07 12:46:00+05:30,465.75,465.75,465.75,465.75,0,96050,0.0,19365.65,18900.0,18950,ATM-9,CALL,19400,2023-11-07
2023-11-07 12:47:00+05:30,465.75,465.75,465.75,465.75,0,96050,0.0,19368.85,18900.0,18950,ATM-9,CALL,19400,2023-11-07
2023-11-07 12:48:00+05:30,465.75,465.75,465.75,465.75,0,96050,0.0,19371.65,18900.0,18950,ATM-9,CALL,19400,2023-11-07
2023-11-07 12:49:00+05:30,465.75,473.2,465.75,473.2,50,96050,0.0,19371.85,18900.0,18950,ATM-9,CALL,19400,2023-11-07
2023-11-07 12:50:00+05:30,473.2,473.2,471.0,471.0,150,96050,0.0,19368.35,18900.0,18950,ATM-9,CALL,19400,2023-11-07
2023-11-07 12:51:00+05:30,471.0,471.0,471.0,471.0,0,96050,0.0,19369.8,18900.0,18950,ATM-9,CALL,19400,2023-11-07
2023-11-07 12:52:00+05:30,471.0,476.65,471.0,476.3,200,96050,0.0,19370.45,18900.0,18950,ATM-9,CALL,19400,2023-11-07
2023-11-07 12:53:00+05:30,476.3,476.3,476.3,476.3,0,96050,0.0,19368.1,18900.0,18950,ATM-9,CALL,19400,2023-11-07
2023-11-07 12:54:00+05:30,476.3,476.3,468.3,468.3,50,96050,0.0,19364.45,18900.0,18950,ATM-9,CALL,19400,2023-11-07
2023-11-07 12:55:00+05:30,466.15,466.15,464.0,464.0,600,96050,0.0,19362.1,18900.0,18950,ATM-9,CALL,19400,2023-11-07
2023-11-07 12:56:00+05:30,464.0,464.3,462.85,464.3,100,96050,0.0,19362.25,18900.0,18950,ATM-9,CALL,19400,2023-11-07
2023-11-07 12:57:00+05:30,464.3,464.3,464.3,464.3,0,96050,0.0,19364.0,18900.0,18950,ATM-9,CALL,19400,2023-11-07
2023-11-07 12:58:00+05:30,464.3,464.3,464.3,464.3,0,96050,0.0,19366.1,18900.0,18950,ATM-9,CALL,19400,2023-11-07
2023-11-07 12:59:00+05:30,464.3,470.95,464.3,470.95,50,96000,0.0,19366.85,18900.0,18950,ATM-9,CALL,19400,2023-11-07
2023-11-07 13:00:00+05:30,470.95,470.95,470.95,470.95,0,96000,0.0,19367.65,18900.0,18950,ATM-9,CALL,19400,2023-11-07
2023-11-07 13:01:00+05:30,470.95,470.95,470.95,470.95,0,96000,0.0,19369.55,18900.0,18950,ATM-9,CALL,19400,2023-11-07
2023-11-07 13:02:00+05:30,470.95,470.95,470.95,470.95,0,96000,0.0,19368.75,18900.0,18950,ATM-9,CALL,19400,2023-11-07
2023-11-07 13:03:00+05:30,470.95,470.95,470.95,470.95,0,96000,0.0,19370.45,18900.0,18950,ATM-9,CALL,19400,2023-11-07
2023-11-07 13:04:00+05:30,470.95,470.95,470.95,470.95,0,96000,0.0,19370.0,18900.0,18950,ATM-9,CALL,19400,2023-11-07
2023-11-07 13:05:00+05:30,470.95,472.05,470.95,472.05,1000,96000,0.0,19369.25,18900.0,18950,ATM-9,CALL,19400,2023-11-07
2023-11-07 13:06:00+05:30,472.05,472.05,472.05,472.05,0,96000,0.0,19371.6,18900.0,18950,ATM-9,CALL,19400,2023-11-07
2023-11-07 13:07:00+05:30,472.05,472.05,472.05,472.05,0,96000,0.0,19369.1,18900.0,18950,ATM-9,CALL,19400,2023-11-07
2023-11-07 13:08:00+05:30,472.05,472.05,469.05,469.05,50,96050,0.0,19368.05,18900.0,18950,ATM-9,CALL,19400,2023-11-07
2023-11-07 13:09:00+05:30,469.05,469.05,469.05,469.05,0,96050,0.0,19367.5,18900.0,18950,ATM-9,CALL,19400,2023-11-07
2023-11-07 13:10:00+05:30,469.05,469.05,467.8,467.8,50,96050,0.0,19365.7,18900.0,18950,ATM-9,CALL,19400,2023-11-07
2023-11-07 13:11:00+05:30,467.8,467.8,467.8,467.8,0,96050,0.0,19368.85,18900.0,18950,ATM-9,CALL,19400,2023-11-07
2023-11-07 13:12:00+05:30,467.8,467.8,465.25,465.25,100,96000,0.0,19363.5,18900.0,18950,ATM-9,CALL,19400,2023-11-07
2023-11-07 13:13:00+05:30,465.25,465.25,465.25,465.25,0,96000,0.0,19363.5,18900.0,18950,ATM-9,CALL,19400,2023-11-07
2023-11-07 13:14:00+05:30,465.25,467.45,465.25,467.45,200,96000,0.0,19366.8,18900.0,18950,ATM-9,CALL,19400,2023-11-07
2023-11-07 13:15:00+05:30,467.45,467.45,462.3,462.3,700,95800,0.0,19366.3,18900.0,18950,ATM-9,CALL,19400,2023-11-07
2023-11-07 13:16:00+05:30,462.3,466.0,462.3,466.0,300,95800,0.0,19367.25,18900.0,18950,ATM-9,CALL,19400,2023-11-07
2023-11-07 13:17:00+05:30,466.0,466.0,466.0,466.0,0,95800,0.0,19365.85,18900.0,18950,ATM-9,CALL,19400,2023-11-07
2023-11-07 13:18:00+05:30,466.0,466.0,466.0,466.0,0,95800,0.0,19362.05,18900.0,18950,ATM-9,CALL,19400,2023-11-07
2023-11-07 13:19:00+05:30,466.0,466.0,462.85,462.85,350,95300,0.0,19362.15,18900.0,18950,ATM-9,CALL,19400,2023-11-07
2023-11-07 13:20:00+05:30,462.85,462.85,462.85,462.85,0,95300,0.0,19359.95,18900.0,18950,ATM-9,CALL,19400,2023-11-07
2023-11-07 13:21:00+05:30,462.85,462.85,456.7,456.7,150,95300,0.0,19357.65,18900.0,18950,ATM-9,CALL,19400,2023-11-07
2023-11-07 13:22:00+05:30,456.7,460.75,456.7,460.75,150,95300,0.0,19359.95,18900.0,18950,ATM-9,CALL,19400,2023-11-07
2023-11-07 13:23:00+05:30,460.75,460.75,460.75,460.75,0,95300,0.0,19361.65,18900.0,18950,ATM-9,CALL,19400,2023-11-07
2023-11-07 13:24:00+05:30,460.75,466.45,460.75,466.45,100,95250,0.0,19361.15,18900.0,18950,ATM-9,CALL,19400,2023-11-07
2023-11-07 13:25:00+05:30,466.45,466.45,465.2,465.2,150,95250,0.0,19364.05,18900.0,18950,ATM-9,CALL,19400,2023-11-07
2023-11-07 13:26:00+05:30,465.2,465.2,465.2,465.2,0,95250,0.0,19363.55,18900.0,18950,ATM-9,CALL,19400,2023-11-07
2023-11-07 13:27:00+05:30,465.2,465.2,465.2,465.2,0,95250,0.0,19358.65,18900.0,18950,ATM-9,CALL,19400,2023-11-07
2023-11-07 13:28:00+05:30,465.2,465.2,464.3,464.3,50,95100,0.0,19357.65,18900.0,18950,ATM-9,CALL,19400,2023-11-07
2023-11-07 13:29:00+05:30,464.3,464.3,463.65,463.65,50,95100,0.0,19355.35,18900.0,18950,ATM-9,CALL,19400,2023-11-07
2023-11-07 13:30:00+05:30,463.65,463.65,463.65,463.65,0,95100,0.0,19356.3,18900.0,18950,ATM-9,CALL,19400,2023-11-07
2023-11-07 13:31:00+05:30,463.65,463.65,463.65,463.65,0,95100,0.0,19354.8,18900.0,18950,ATM-9,CALL,19400,2023-11-07
2023-11-07 13:32:00+05:30,463.65,463.65,463.65,463.65,0,95100,0.0,19361.65,18900.0,18950,ATM-9,CALL,19400,2023-11-07
2023-11-07 13:33:00+05:30,463.65,471.75,463.65,471.75,50,95100,0.0,19364.5,18900.0,18950,ATM-9,CALL,19400,2023-11-07
2023-11-07 13:34:00+05:30,471.75,481.05,471.75,481.05,2200,95100,0.0,19370.85,18900.0,18950,ATM-9,CALL,19400,2023-11-07
2023-11-07 13:35:00+05:30,481.05,481.05,477.15,477.15,350,95100,0.0,19372.5,18900.0,18950,ATM-9,CALL,19400,2023-11-07
2023-11-07 13:36:00+05:30,477.15,477.15,476.3,476.3,100,95150,0.0,19370.1,18900.0,18950,ATM-9,CALL,19400,2023-11-07
2023-11-07 13:37:00+05:30,476.3,476.3,473.25,473.25,50,95150,0.0,19368.3,18900.0,18950,ATM-9,CALL,19400,2023-11-07
2023-11-07 13:38:00+05:30,473.25,477.7,473.25,477.7,50,95150,0.0,19368.35,18900.0,18950,ATM-9,CALL,19400,2023-11-07
2023-11-07 13:39:00+05:30,477.7,478.5,477.7,478.5,100,95150,0.0,19368.9,18900.0,18950,ATM-9,CALL,19400,2023-11-07
2023-11-07 13:40:00+05:30,478.5,478.5,478.5,478.5,0,95150,0.0,19373.05,18900.0,18950,ATM-9,CALL,19400,2023-11-07
2023-11-07 13:41:00+05:30,485.2,485.2,485.2,485.2,50,95150,14.014767,19373.9,18900.0,18950,ATM-9,CALL,19400,2023-11-07
2023-11-07 13:42:00+05:30,485.2,485.2,485.2,485.2,0,95150,14.014767,19374.75,18900.0,18950,ATM-9,CALL,19400,2023-11-07
2023-11-07 13:43:00+05:30,485.2,485.2,481.75,482.55,100,95150,0.0,19374.35,18900.0,18950,ATM-9,CALL,19400,2023-11-07
2023-11-07 13:44:00+05:30,482.55,482.55,481.15,481.9,100,95150,0.0,19372.95,18900.0,18950,ATM-9,CALL,19400,2023-11-07
2023-11-07 13:45:00+05:30,481.9,482.55,481.9,482.55,50,95200,0.0,19372.45,18900.0,18950,ATM-9,CALL,19400,2023-11-07
2023-11-07 13:46:00+05:30,482.55,482.55,482.55,482.55,0,95200,0.0,19369.55,18900.0,18950,ATM-9,CALL,19400,2023-11-07
2023-11-07 13:47:00+05:30,482.55,482.55,482.55,482.55,0,95200,0.0,19372.45,18900.0,18950,ATM-9,CALL,19400,2023-11-07
2023-11-07 13:48:00+05:30,482.55,482.55,482.55,482.55,0,95200,0.0,19373.1,18900.0,18950,ATM-9,CALL,19400,2023-11-07
2023-11-07 13:49:00+05:30,482.55,485.2,482.55,485.2,250,95200,14.987546,19373.55,18900.0,18950,ATM-9,CALL,19400,2023-11-07
2023-11-07 13:50:00+05:30,485.2,485.2,485.2,485.2,0,95200,14.987546,19377.45,18950.0,18950,ATM-9,CALL,19400,2023-11-07
2023-11-07 13:51:00+05:30,485.2,485.2,485.2,485.2,0,95200,14.987546,19385.8,18950.0,18950,ATM-9,CALL,19400,2023-11-07
2023-11-07 13:52:00+05:30,436.1,451.9,436.1,451.9,150,34150,17.105157,19387.8,18950.0,18950,ATM-9,CALL,19400,2023-11-07
2023-11-07 13:53:00+05:30,451.9,451.9,451.1,451.1,50,34150,0.0,19392.3,18950.0,18950,ATM-9,CALL,19400,2023-11-07
2023-11-07 13:54:00+05:30,451.1,452.35,451.1,452.35,800,34050,0.0,19395.4,18950.0,18950,ATM-9,CALL,19400,2023-11-07
2023-11-07 13:55:00+05:30,452.35,454.25,452.35,454.25,50,34050,0.0,19395.15,18950.0,18950,ATM-9,CALL,19400,2023-11-07
2023-11-07 13:56:00+05:30,454.25,460.1,454.25,460.1,250,34050,0.0,19400.0,18950.0,18950,ATM-9,CALL,19400,2023-11-07
2023-11-07 13:57:00+05:30,460.1,460.1,460.1,460.1,0,34050,0.0,19396.85,18950.0,18950,ATM-9,CALL,19400,2023-11-07
2023-11-07 13:58:00+05:30,460.1,460.1,460.1,460.1,0,34050,0.0,19397.4,18950.0,18950,ATM-9,CALL,19400,2023-11-07
2023-11-07 13:59:00+05:30,460.1,460.1,460.1,460.1,0,34050,0.0,19393.8,18950.0,18950,ATM-9,CALL,19400,2023-11-07
2023-11-07 14:00:00+05:30,460.1,460.1,457.85,457.85,50,33450,15.146028,19395.7,18950.0,18950,ATM-9,CALL,19400,2023-11-07
2023-11-07 14:01:00+05:30,457.85,457.85,457.85,457.85,0,33450,15.146028,19398.9,18950.0,18950,ATM-9,CALL,19400,2023-11-07
2023-11-07 14:02:00+05:30,457.85,457.85,457.85,457.85,0,33450,15.146028,19396.4,18950.0,18950,ATM-9,CALL,19400,2023-11-07
2023-11-07 14:03:00+05:30,457.85,457.85,457.85,457.85,0,33450,15.146028,19400.5,18950.0,18950,ATM-9,CALL,19400,2023-11-07
2023-11-07 14:04:00+05:30,457.85,473.7,457.85,473.7,50,33450,20.818971,19405.25,18950.0,18950,ATM-9,CALL,19400,2023-11-07
2023-11-07 14:05:00+05:30,473.7,475.4,473.7,475.4,50,33450,21.438447,19405.9,18950.0,18950,ATM-9,CALL,19400,2023-11-07
2023-11-07 14:06:00+05:30,475.4,475.4,475.4,475.4,0,33450,21.438447,19404.75,18950.0,18950,ATM-9,CALL,19400,2023-11-07
2023-11-07 14:07:00+05:30,475.4,475.4,475.4,475.4,0,33450,21.438447,19405.6,18950.0,18950,ATM-9,CALL,19400,2023-11-07
2023-11-07 14:08:00+05:30,475.4,475.4,467.55,467.55,150,33400,19.046461,19401.7,18950.0,18950,ATM-9,CALL,19400,2023-11-07
2023-11-07 14:09:00+05:30,467.55,467.55,467.55,467.55,0,33400,19.046461,19397.75,18950.0,18950,ATM-9,CALL,19400,2023-11-07
2023-11-07 14:10:00+05:30,467.55,467.55,464.75,464.75,50,33450,20.43349,19396.5,18950.0,18950,ATM-9,CALL,19400,2023-11-07
2023-11-07 14:11:00+05:30,464.75,464.75,464.75,464.75,0,33450,20.43349,19396.45,18950.0,18950,ATM-9,CALL,19400,2023-11-07
2023-11-07 14:12:00+05:30,464.75,464.75,464.75,464.75,0,33450,20.43349,19400.8,18950.0,18950,ATM-9,CALL,19400,2023-11-07
2023-11-07 14:13:00+05:30,464.75,466.85,464.75,466.85,500,33450,20.125686,19399.3,18950.0,18950,ATM-9,CALL,19400,2023-11-07
2023-11-07 14:14:00+05:30,466.85,466.85,464.75,464.75,350,33450,17.173935,19401.15,18950.0,18950,ATM-9,CALL,19400,2023-11-07
2023-11-07 14:15:00+05:30,464.75,464.75,464.75,464.75,0,33450,17.173935,19400.45,18950.0,18950,ATM-9,CALL,19400,2023-11-07
2023-11-07 14:16:00+05:30,464.75,464.75,464.75,464.75,0,33450,17.173935,19402.9,18950.0,18950,ATM-9,CALL,19400,2023-11-07
2023-11-07 14:17:00+05:30,464.75,470.0,464.75,469.9,250,33350,20.338568,19402.2,18950.0,18950,ATM-9,CALL,19400,2023-11-07
2023-11-07 14:18:00+05:30,468.35,468.35,468.35,468.35,500,33350,21.386491,19398.6,18950.0,18950,ATM-9,CALL,19400,2023-11-07
2023-11-07 14:19:00+05:30,468.35,469.25,468.35,469.25,50,33150,20.88222,19400.55,18950.0,18950,ATM-9,CALL,19400,2023-11-07
2023-11-07 14:20:00+05:30,469.25,471.05,468.2,468.2,100,33150,21.087564,19399.05,18950.0,18950,ATM-9,CALL,19400,2023-11-07
2023-11-07 14:21:00+05:30,468.2,468.2,468.2,468.2,0,33150,21.087564,19400.05,18950.0,18950,ATM-9,CALL,19400,2023-11-07
2023-11-07 14:22:00+05:30,468.2,468.2,468.2,468.2,0,33150,21.087564,19397.75,18950.0,18950,ATM-9,CALL,19400,2023-11-07
2023-11-07 14:23:00+05:30,468.2,468.2,468.2,468.2,0,33150,21.087564,19393.75,18950.0,18950,ATM-9,CALL,19400,2023-11-07
2023-11-07 14:24:00+05:30,468.2,468.2,462.9,462.9,600,33100,22.655372,19390.0,18950.0,18950,ATM-9,CALL,19400,2023-11-07
2023-11-07 14:25:00+05:30,462.9,462.9,462.1,462.1,50,33100,22.588916,19389.3,18950.0,18950,ATM-9,CALL,19400,2023-11-07
2023-11-07 14:26:00+05:30,462.1,462.1,462.1,462.1,0,33100,22.588916,19392.0,18950.0,18950,ATM-9,CALL,19400,2023-11-07
2023-11-07 14:27:00+05:30,462.1,465.8,462.1,465.8,50,33100,23.251743,19391.75,18950.0,18950,ATM-9,CALL,19400,2023-11-07
2023-11-07 14:28:00+05:30,465.8,465.8,465.8,465.8,0,33100,23.251743,19386.1,18950.0,18950,ATM-9,CALL,19400,2023-11-07
2023-11-07 14:29:00+05:30,465.8,465.8,460.6,460.6,100,33100,22.277138,19388.45,18950.0,18950,ATM-9,CALL,19400,2023-11-07
2023-11-07 14:30:00+05:30,460.6,463.15,460.6,463.15,250,33100,21.437889,19393.05,18950.0,18950,ATM-9,CALL,19400,2023-11-07
2023-11-07 14:31:00+05:30,463.15,463.15,463.15,463.15,0,33100,21.437889,19395.0,18950.0,18950,ATM-9,CALL,19400,2023-11-07
2023-11-07 14:32:00+05:30,463.15,463.15,463.15,463.15,0,33100,21.437889,19389.95,18950.0,18950,ATM-9,CALL,19400,2023-11-07
2023-11-07 14:33:00+05:30,463.15,463.15,463.15,463.15,0,33100,21.437889,19391.4,18950.0,18950,ATM-9,CALL,19400,2023-11-07
2023-11-07 14:34:00+05:30,463.15,463.15,463.15,463.15,0,33100,21.437889,19388.65,18950.0,18950,ATM-9,CALL,19400,2023-11-07
2023-11-07 14:35:00+05:30,463.15,463.15,463.15,463.15,0,33100,21.437889,19391.25,18950.0,18950,ATM-9,CALL,19400,2023-11-07
2023-11-07 14:36:00+05:30,463.15,463.15,463.15,463.15,0,33100,21.437889,19389.35,18950.0,18950,ATM-9,CALL,19400,2023-11-07
2023-11-07 14:37:00+05:30,463.15,463.15,460.0,460.0,100,33100,22.574865,19387.2,18950.0,18950,ATM-9,CALL,19400,2023-11-07
2023-11-07 14:38:00+05:30,460.0,460.0,450.4,451.15,650,33100,21.120787,19380.9,18950.0,18950,ATM-9,CALL,19400,2023-11-07
2023-11-07 14:39:00+05:30,451.15,451.15,451.15,451.15,0,33100,21.120787,19381.3,18950.0,18950,ATM-9,CALL,19400,2023-11-07
2023-11-07 14:40:00+05:30,451.15,457.75,451.15,457.75,50,33100,22.775301,19384.3,18950.0,18950,ATM-9,CALL,19400,2023-11-07
2023-11-07 14:41:00+05:30,457.75,457.75,457.75,457.75,0,33100,22.775301,19381.5,18950.0,18950,ATM-9,CALL,19400,2023-11-07
2023-11-07 14:42:00+05:30,457.75,457.75,454.25,454.25,100,33100,22.218056,19381.85,18950.0,18950,ATM-9,CALL,19400,2023-11-07
2023-11-07 14:43:00+05:30,454.25,454.25,454.25,454.25,0,33100,22.218056,19385.4,18950.0,18950,ATM-9,CALL,19400,2023-11-07
2023-11-07 14:44:00+05:30,454.25,454.25,454.25,454.25,0,33100,22.218056,19382.95,18950.0,18950,ATM-9,CALL,19400,2023-11-07
2023-11-07 14:45:00+05:30,454.25,454.25,454.25,454.25,0,33100,22.218056,19383.65,18950.0,18950,ATM-9,CALL,19400,2023-11-07
2023-11-07 14:46:00+05:30,454.25,454.25,454.25,454.25,0,33100,22.218056,19387.45,18950.0,18950,ATM-9,CALL,19400,2023-11-07
2023-11-07 14:47:00+05:30,454.25,454.25,454.25,454.25,0,33100,22.218056,19384.1,18950.0,18950,ATM-9,CALL,19400,2023-11-07
2023-11-07 14:48:00+05:30,454.25,454.25,454.25,454.25,0,33100,22.218056,19388.35,18950.0,18950,ATM-9,CALL,19400,2023-11-07
2023-11-07 14:49:00+05:30,454.25,464.95,454.25,464.95,50,33000,23.418483,19390.7,18950.0,18950,ATM-9,CALL,19400,2023-11-07
2023-11-07 14:50:00+05:30,464.95,464.95,464.95,464.95,50,33000,23.202802,19391.25,18950.0,18950,ATM-9,CALL,19400,2023-11-07
2023-11-07 14:51:00+05:30,464.95,464.95,464.95,464.95,0,33000,23.202802,19396.5,18950.0,18950,ATM-9,CALL,19400,2023-11-07
2023-11-07 14:52:00+05:30,464.95,464.95,464.95,464.95,0,33000,23.202802,19400.05,18950.0,18950,ATM-9,CALL,19400,2023-11-07
2023-11-07 14:53:00+05:30,464.95,469.0,464.95,469.0,600,32950,21.550522,19399.35,18950.0,18950,ATM-9,CALL,19400,2023-11-07
2023-11-07 14:54:00+05:30,469.0,469.0,468.1,468.1,50,32950,22.841298,19395.6,18950.0,18950,ATM-9,CALL,19400,2023-11-07
2023-11-07 14:55:00+05:30,468.1,468.1,468.1,468.1,0,32950,22.841298,19397.6,18950.0,18950,ATM-9,CALL,19400,2023-11-07
2023-11-07 14:56:00+05:30,468.1,470.45,468.1,470.45,200,32950,22.543431,19398.85,18950.0,18950,ATM-9,CALL,19400,2023-11-07
2023-11-07 14:57:00+05:30,470.45,470.45,470.45,470.45,0,32950,22.543431,19400.15,18950.0,18950,ATM-9,CALL,19400,2023-11-07
2023-11-07 14:58:00+05:30,470.45,470.45,469.95,469.95,250,32750,21.17436,19401.15,18950.0,18950,ATM-9,CALL,19400,2023-11-07
2023-11-07 14:59:00+05:30,469.95,469.95,467.25,467.25,50,32750,20.761483,19399.05,18950.0,18950,ATM-9,CALL,19400,2023-11-07
2023-11-07 15:00:00+05:30,467.25,469.25,467.25,469.25,50,32500,17.312227,19405.95,18950.0,18950,ATM-9,CALL,19400,2023-11-07
2023-11-07 15:01:00+05:30,469.25,469.25,462.8,466.05,700,32500,18.539757,19401.25,18950.0,18950,ATM-9,CALL,19400,2023-11-07
2023-11-07 15:02:00+05:30,466.05,468.5,465.95,466.8,650,32500,18.569833,19402.0,18950.0,18950,ATM-9,CALL,19400,2023-11-07
2023-11-07 15:03:00+05:30,466.8,466.8,466.8,466.8,0,32500,18.569833,19403.8,18950.0,18950,ATM-9,CALL,19400,2023-11-07
2023-11-07 15:04:00+05:30,466.8,466.8,466.8,466.8,0,32500,18.569833,19405.0,18950.0,18950,ATM-9,CALL,19400,2023-11-07
2023-11-07 15:05:00+05:30,466.8,466.8,466.8,466.8,0,32500,18.569833,19409.35,18950.0,18950,ATM-9,CALL,19400,2023-11-07
2023-11-07 15:06:00+05:30,466.8,466.8,466.8,466.8,0,32500,18.569833,19409.85,18950.0,18950,ATM-9,CALL,19400,2023-11-07
2023-11-07 15:07:00+05:30,466.8,466.8,466.8,466.8,250,31300,17.762386,19403.0,18950.0,18950,ATM-9,CALL,19400,2023-11-07
2023-11-07 15:08:00+05:30,466.8,466.8,466.8,466.8,0,31300,17.762386,19399.55,18950.0,18950,ATM-9,CALL,19400,2023-11-07
2023-11-07 15:09:00+05:30,466.8,466.8,466.8,466.8,0,31300,17.762386,19397.85,18950.0,18950,ATM-9,CALL,19400,2023-11-07
2023-11-07 15:10:00+05:30,466.8,466.8,466.8,466.8,0,31300,17.762386,19398.35,18950.0,18950,ATM-9,CALL,19400,2023-11-07
2023-11-07 15:11:00+05:30,466.8,466.8,466.8,466.8,0,31300,17.762386,19398.05,18950.0,18950,ATM-9,CALL,19400,2023-11-07
2023-11-07 15:12:00+05:30,466.8,466.8,466.8,466.8,0,31300,17.762386,19398.1,18950.0,18950,ATM-9,CALL,19400,2023-11-07
2023-11-07 15:13:00+05:30,466.8,466.8,456.0,456.0,550,31100,15.065675,19394.25,18950.0,18950,ATM-9,CALL,19400,2023-11-07
2023-11-07 15:14:00+05:30,456.0,456.0,453.1,455.6,100,31100,0.0,19398.05,18950.0,18950,ATM-9,CALL,19400,2023-11-07
2023-11-07 15:15:00+05:30,455.6,458.7,455.6,458.7,100,30950,0.0,19400.4,18950.0,18950,ATM-9,CALL,19400,2023-11-07
2023-11-07 15:16:00+05:30,458.7,466.75,458.7,466.75,550,30950,18.125315,19402.6,18950.0,18950,ATM-9,CALL,19400,2023-11-07
2023-11-07 15:17:00+05:30,466.75,466.75,466.75,466.75,0,30950,18.125315,19407.1,18950.0,18950,ATM-9,CALL,19400,2023-11-07
2023-11-07 15:18:00+05:30,466.75,469.3,466.75,468.8,500,30950,0.0,19409.1,18950.0,18950,ATM-9,CALL,19400,2023-11-07
2023-11-07 15:19:00+05:30,468.8,468.8,468.8,468.8,0,30950,0.0,19411.5,18950.0,18950,ATM-9,CALL,19400,2023-11-07
2023-11-07 15:20:00+05:30,468.8,468.8,468.8,468.8,0,30950,0.0,19412.95,18950.0,18950,ATM-9,CALL,19400,2023-11-07
2023-11-07 15:21:00+05:30,468.8,468.8,468.8,468.8,0,30950,0.0,19415.95,18950.0,18950,ATM-9,CALL,19400,2023-11-07
2023-11-07 15:22:00+05:30,468.8,472.15,468.8,471.0,100,30900,0.0,19415.25,18950.0,18950,ATM-9,CALL,19400,2023-11-07
2023-11-07 15:23:00+05:30,471.0,471.15,471.0,471.15,50,30900,0.0,19416.85,18950.0,18950,ATM-9,CALL,19400,2023-11-07
2023-11-07 15:24:00+05:30,471.15,471.15,471.15,471.15,0,30900,0.0,19417.75,18950.0,18950,ATM-9,CALL,19400,2023-11-07
2023-11-07 15:25:00+05:30,471.15,471.15,467.8,469.4,150,30900,0.0,19416.9,18950.0,18950,ATM-9,CALL,19400,2023-11-07
2023-11-07 15:26:00+05:30,469.4,469.4,468.8,468.8,50,30900,0.0,19418.65,18950.0,18950,ATM-9,CALL,19400,2023-11-07
2023-11-07 15:27:00+05:30,468.8,469.8,468.8,469.8,850,30900,0.0,19416.75,18950.0,18950,ATM-9,CALL,19400,2023-11-07
2023-11-07 15:28:00+05:30,469.8,469.8,469.8,469.8,0,30900,0.0,19411.7,18950.0,18950,ATM-9,CALL,19400,2023-11-07
2023-11-07 15:29:00+05:30,469.8,469.8,468.0,468.65,250,29900,0.0,19417.2,18950.0,18950,ATM-9,CALL,19400,2023-11-07
2023-11-07 09:15:00+05:30,2.7,3.55,2.0,3.35,386250,2961250,17.358306,19369.7,18900.0,18950,ATM-9,PUT,19400,2023-11-07
2023-11-07 09:16:00+05:30,3.35,3.65,3.3,3.65,204600,2961250,17.177053,19354.55,18900.0,18950,ATM-9,PUT,19400,2023-11-07
2023-11-07 09:17:00+05:30,3.6,3.7,3.55,3.65,263250,3095300,17.279221,19357.9,18900.0,18950,ATM-9,PUT,19400,2023-11-07
2023-11-07 09:18:00+05:30,3.65,3.65,3.55,3.6,300200,3095300,17.385778,19362.85,18900.0,18950,ATM-9,PUT,19400,2023-11-07
2023-11-07 09:19:00+05:30,3.65,3.65,3.5,3.6,190150,3095300,17.44315,19364.7,18900.0,18950,ATM-9,PUT,19400,2023-11-07
2023-11-07 09:20:00+05:30,3.6,3.6,3.55,3.6,321300,3239750,17.717837,19373.9,18900.0,18950,ATM-9,PUT,19400,2023-11-07
2023-11-07 09:21:00+05:30,3.6,3.7,3.55,3.65,180100,3239750,17.666385,19370.6,18900.0,18950,ATM-9,PUT,19400,2023-11-07
2023-11-07 09:22:00+05:30,4.35,4.35,4.2,4.25,69100,1939250,16.743348,19375.3,18950.0,18950,ATM-9,PUT,19400,2023-11-07
2023-11-07 09:23:00+05:30,4.2,4.25,4.15,4.2,86200,2076750,16.860997,19380.3,18950.0,18950,ATM-9,PUT,19400,2023-11-07
2023-11-07 09:24:00+05:30,4.2,4.2,4.15,4.2,68650,2076750,16.918394,19382.1,18950.0,18950,ATM-9,PUT,19400,2023-11-07
2023-11-07 09:25:00+05:30,4.2,4.2,4.15,4.2,128300,2076750,16.898008,19381.35,18950.0,18950,ATM-9,PUT,19400,2023-11-07
2023-11-07 09:26:00+05:30,3.55,3.6,3.5,3.55,277300,3482100,17.704286,19374.4,18900.0,18950,ATM-9,PUT,19400,2023-11-07
2023-11-07 09:27:00+05:30,4.15,4.2,4.15,4.15,72500,2183050,16.69868,19375.9,18950.0,18950,ATM-9,PUT,19400,2023-11-07
2023-11-07 09:28:00+05:30,3.55,3.55,3.5,3.55,67900,3482100,17.672629,19373.15,18900.0,18950,ATM-9,PUT,19400,2023-11-07
2023-11-07 09:29:00+05:30,3.55,3.55,3.4,3.45,152150,3495100,17.500758,19370.25,18900.0,18950,ATM-9,PUT,19400,2023-11-07
2023-11-07 09:30:00+05:30,3.45,3.45,3.4,3.45,119250,3495100,17.441473,19368.15,18900.0,18950,ATM-9,PUT,19400,2023-11-07
2023-11-07 09:31:00+05:30,3.4,3.45,3.4,3.45,30550,3495100,17.538341,19371.35,18900.0,18950,ATM-9,PUT,19400,2023-11-07
2023-11-07 09:32:00+05:30,3.45,3.45,3.35,3.4,346700,3475950,17.532623,19372.6,18900.0,18950,ATM-9,PUT,19400,2023-11-07
2023-11-07 09:33:00+05:30,3.4,3.4,3.35,3.4,117900,3475950,17.533753,19372.55,18900.0,18950,ATM-9,PUT,19400,2023-11-07
2023-11-07 09:34:00+05:30,3.4,3.4,3.35,3.4,125250,3475950,17.374526,19367.05,18900.0,18950,ATM-9,PUT,19400,2023-11-07
2023-11-07 09:35:00+05:30,3.4,3.4,3.35,3.4,57450,3621000,17.352063,19366.2,18900.0,18950,ATM-9,PUT,19400,2023-11-07
2023-11-07 09:36:00+05:30,3.4,3.4,3.3,3.4,111900,3621000,17.369368,19366.7,18900.0,18950,ATM-9,PUT,19400,2023-11-07
2023-11-07 09:37:00+05:30,3.35,3.4,3.35,3.4,40650,3621000,17.426441,19368.55,18900.0,18950,ATM-9,PUT,19400,2023-11-07
2023-11-07 09:38:00+05:30,3.4,3.4,3.35,3.35,46050,3626750,17.25274,19364.1,18900.0,18950,ATM-9,PUT,19400,2023-11-07
2023-11-07 09:39:00+05:30,3.4,3.4,3.35,3.4,161900,3626750,17.197127,19360.6,18900.0,18950,ATM-9,PUT,19400,2023-11-07
2023-11-07 09:40:00+05:30,3.35,3.45,3.35,3.4,30900,3626750,17.241023,19362.0,18900.0,18950,ATM-9,PUT,19400,2023-11-07
2023-11-07 09:41:00+05:30,3.4,3.45,3.4,3.45,67100,3565600,17.334037,19363.55,18900.0,18950,ATM-9,PUT,19400,2023-11-07
2023-11-07 09:42:00+05:30,3.45,3.45,3.35,3.45,52700,3565600,17.320345,19363.0,18900.0,18950,ATM-9,PUT,19400,2023-11-07
2023-11-07 09:43:00+05:30,3.45,3.45,3.4,3.45,34900,3565600,17.386501,19365.15,18900.0,18950,ATM-9,PUT,19400,2023-11-07
2023-11-07 09:44:00+05:30,3.45,3.45,3.4,3.45,27900,3592900,17.428993,19366.5,18900.0,18950,ATM-9,PUT,19400,2023-11-07
2023-11-07 09:45:00+05:30,3.4,3.5,3.4,3.45,35200,3592900,17.430108,19366.45,18900.0,18950,ATM-9,PUT,19400,2023-11-07
2023-11-07 09:46:00+05:30,3.45,3.5,3.45,3.45,16600,3592900,17.320288,19362.65,18900.0,18950,ATM-9,PUT,19400,2023-11-07
2023-11-07 09:47:00+05:30,3.45,3.5,3.45,3.5,69000,3593300,17.159316,19355.65,18900.0,18950,ATM-9,PUT,19400,2023-11-07
2023-11-07 09:48:00+05:30,3.45,3.5,3.45,3.45,31650,3593300,17.212857,19358.85,18900.0,18950,ATM-9,PUT,19400,2023-11-07
2023-11-07 09:49:00+05:30,3.45,3.55,3.45,3.5,349100,3593300,17.400521,19363.6,18900.0,18950,ATM-9,PUT,19400,2023-11-07
2023-11-07 09:50:00+05:30,3.55,3.55,3.5,3.5,11300,3754950,17.278439,19359.4,18900.0,18950,ATM-9,PUT,19400,2023-11-07
2023-11-07 09:51:00+05:30,3.5,3.55,3.5,3.55,36850,3754950,17.425935,19362.8,18900.0,18950,ATM-9,PUT,19400,2023-11-07
2023-11-07 09:52:00+05:30,3.55,3.55,3.5,3.5,29100,3754950,17.408301,19363.6,18900.0,18950,ATM-9,PUT,19400,2023-11-07
2023-11-07 09:53:00+05:30,3.5,3.55,3.5,3.55,17250,3767250,17.41031,19362.1,18900.0,18950,ATM-9,PUT,19400,2023-11-07
2023-11-07 09:54:00+05:30,3.55,3.55,3.5,3.55,39050,3767250,17.464956,19363.85,18900.0,18950,ATM-9,PUT,19400,2023-11-07
2023-11-07 09:55:00+05:30,3.55,3.55,3.3,3.3,245600,3767250,17.395069,19369.0,18900.0,18950,ATM-9,PUT,19400,2023-11-07
2023-11-07 09:56:00+05:30,3.35,3.5,3.35,3.45,158750,3859800,17.355008,19362.95,18900.0,18950,ATM-9,PUT,19400,2023-11-07
2023-11-07 09:57:00+05:30,3.4,3.45,3.35,3.35,29750,3859800,17.223317,19361.45,18900.0,18950,ATM-9,PUT,19400,2023-11-07
2023-11-07 09:58:00+05:30,3.35,3.4,3.35,3.35,3800,3859800,17.067618,19356.1,18900.0,18950,ATM-9,PUT,19400,2023-11-07
2023-11-07 09:59:00+05:30,3.35,3.4,3.3,3.35,25800,3915050,17.127894,19358.05,18900.0,18950,ATM-9,PUT,19400,2023-11-07
2023-11-07 10:00:00+05:30,3.4,3.4,3.35,3.4,18100,3915050,17.114581,19356.0,18900.0,18950,ATM-9,PUT,19400,2023-11-07
2023-11-07 10:01:00+05:30,3.4,3.4,3.3,3.3,44750,3915050,17.186623,19361.4,18900.0,18950,ATM-9,PUT,19400,2023-11-07
2023-11-07 10:02:00+05:30,3.3,3.4,3.3,3.35,286100,3882300,17.083742,19356.3,18900.0,18950,ATM-9,PUT,19400,2023-11-07
2023-11-07 10:03:00+05:30,3.35,3.35,3.3,3.35,191250,3882300,16.994395,19353.2,18900.0,18950,ATM-9,PUT,19400,2023-11-07
2023-11-07 10:04:00+05:30,3.3,3.4,3.3,3.3,279700,3882300,16.879297,19350.75,18900.0,18950,ATM-9,PUT,19400,2023-11-07
2023-11-07 10:05:00+05:30,3.3,3.4,3.3,3.4,45700,3655750,16.960912,19350.4,18900.0,18950,ATM-9,PUT,19400,2023-11-07
2023-11-07 10:06:00+05:30,3.4,3.4,3.35,3.35,19800,3655750,16.963434,19351.9,18900.0,18950,ATM-9,PUT,19400,2023-11-07
2023-11-07 10:07:00+05:30,3.35,3.4,3.35,3.35,14150,3655750,16.924394,19350.5,18900.0,18950,ATM-9,PUT,19400,2023-11-07
2023-11-07 10:08:00+05:30,3.35,3.4,3.3,3.3,64950,3642650,17.02421,19355.3,18900.0,18950,ATM-9,PUT,19400,2023-11-07
2023-11-07 10:09:00+05:30,3.25,3.3,3.25,3.3,60250,3642650,17.094841,19357.6,18900.0,18950,ATM-9,PUT,19400,2023-11-07
2023-11-07 10:10:00+05:30,3.3,3.35,3.3,3.35,19950,3642650,17.141276,19357.55,18900.0,18950,ATM-9,PUT,19400,2023-11-07
2023-11-07 10:11:00+05:30,3.35,3.35,3.3,3.35,46350,3617450,17.186835,19359.0,18900.0,18950,ATM-9,PUT,19400,2023-11-07
2023-11-07 10:12:00+05:30,3.35,3.35,3.3,3.3,96000,3617450,17.200167,19360.9,18900.0,18950,ATM-9,PUT,19400,2023-11-07
2023-11-07 10:13:00+05:30,3.35,3.35,3.3,3.3,33800,3617450,17.303251,19364.3,18900.0,18950,ATM-9,PUT,19400,2023-11-07
2023-11-07 10:14:00+05:30,3.3,3.35,3.3,3.3,41350,3626550,17.361974,19366.2,18900.0,18950,ATM-9,PUT,19400,2023-11-07
2023-11-07 10:15:00+05:30,3.3,3.35,3.3,3.3,25150,3626550,17.317313,19364.6,18900.0,18950,ATM-9,PUT,19400,2023-11-07
2023-11-07 10:16:00+05:30,3.3,3.35,3.25,3.25,42800,3626550,17.298778,19365.45,18900.0,18950,ATM-9,PUT,19400,2023-11-07
2023-11-07 10:17:00+05:30,3.25,3.3,3.25,3.25,21150,3650700,17.221706,19362.75,18900.0,18950,ATM-9,PUT,19400,2023-11-07
2023-11-07 10:18:00+05:30,3.3,3.3,3.25,3.3,43700,3650700,17.305901,19363.95,18900.0,18950,ATM-9,PUT,19400,2023-11-07
2023-11-07 10:19:00+05:30,3.3,3.3,3.25,3.3,38650,3650700,17.473975,19369.55,18900.0,18950,ATM-9,PUT,19400,2023-11-07
2023-11-07 10:20:00+05:30,3.3,3.3,3.2,3.2,74200,3625100,17.486034,19373.05,18900.0,18950,ATM-9,PUT,19400,2023-11-07
2023-11-07 10:21:00+05:30,3.2,3.25,3.15,3.2,107150,3625100,17.476911,19372.65,18900.0,18950,ATM-9,PUT,19400,2023-11-07
2023-11-07 10:22:00+05:30,3.2,3.3,3.15,3.3,238900,3625100,17.539444,19371.5,18900.0,18950,ATM-9,PUT,19400,2023-11-07
2023-11-07 10:23:00+05:30,3.3,3.4,3.25,3.35,159700,3658700,17.398818,19365.1,18900.0,18950,ATM-9,PUT,19400,2023-11-07
2023-11-07 10:24:00+05:30,3.35,3.4,3.3,3.35,81050,3658700,17.425151,19365.9,18900.0,18950,ATM-9,PUT,19400,2023-11-07
2023-11-07 10:25:00+05:30,3.35,3.4,3.3,3.35,55300,3658700,17.599532,19371.7,18900.0,18950,ATM-9,PUT,19400,2023-11-07
2023-11-07 10:26:00+05:30,3.35,3.35,3.3,3.35,15250,3736250,17.625856,19372.5,18900.0,18950,ATM-9,PUT,19400,2023-11-07
2023-11-07 10:27:00+05:30,3.35,3.4,3.3,3.35,180800,3736250,17.532305,19369.25,18900.0,18950,ATM-9,PUT,19400,2023-11-07
2023-11-07 10:28:00+05:30,3.35,3.35,3.3,3.3,33350,3736250,17.518376,19370.25,18900.0,18950,ATM-9,PUT,19400,2023-11-07
2023-11-07 10:29:00+05:30,3.3,3.4,3.3,3.35,228000,3798900,17.579066,19370.65,18900.0,18950,ATM-9,PUT,19400,2023-11-07
2023-11-07 10:30:00+05:30,3.35,3.35,3.25,3.25,42000,3798900,17.575847,19373.6,18900.0,18950,ATM-9,PUT,19400,2023-11-07
2023-11-07 10:31:00+05:30,3.8,3.85,3.75,3.75,18150,2758950,16.562915,19376.55,18950.0,18950,ATM-9,PUT,19400,2023-11-07
2023-11-07 10:32:00+05:30,3.75,3.75,3.65,3.7,60650,2764850,16.501804,19375.8,18950.0,18950,ATM-9,PUT,19400,2023-11-07
2023-11-07 10:33:00+05:30,3.15,3.25,3.15,3.2,134200,3764350,17.55862,19374.35,18900.0,18950,ATM-9,PUT,19400,2023-11-07
2023-11-07 10:34:00+05:30,3.8,3.8,3.75,3.8,22850,2764850,16.578892,19375.5,18950.0,18950,ATM-9,PUT,19400,2023-11-07
2023-11-07 10:35:00+05:30,3.8,3.8,3.65,3.75,62100,2766700,16.817617,19384.6,18950.0,18950,ATM-9,PUT,19400,2023-11-07
2023-11-07 10:36:00+05:30,3.75,3.75,3.7,3.7,38550,2766700,16.63783,19379.95,18950.0,18950,ATM-9,PUT,19400,2023-11-07
2023-11-07 10:37:00+05:30,3.75,3.75,3.7,3.7,14950,2766700,16.685872,19381.45,18950.0,18950,ATM-9,PUT,19400,2023-11-07
2023-11-07 10:38:00+05:30,3.7,3.75,3.65,3.7,17700,2743050,16.679283,19381.15,18950.0,18950,ATM-9,PUT,19400,2023-11-07
2023-11-07 10:39:00+05:30,3.65,3.7,3.6,3.65,76200,2743050,16.766054,19385.3,18950.0,18950,ATM-9,PUT,19400,2023-11-07
2023-11-07 10:40:00+05:30,3.65,3.7,3.6,3.65,46600,2743050,16.836663,19387.55,18950.0,18950,ATM-9,PUT,19400,2023-11-07
2023-11-07 10:41:00+05:30,3.65,3.65,3.5,3.55,41500,2726950,16.84199,19390.45,18950.0,18950,ATM-9,PUT,19400,2023-11-07
2023-11-07 10:42:00+05:30,3.55,3.55,3.5,3.5,28750,2726950,16.738404,19388.35,18950.0,18950,ATM-9,PUT,19400,2023-11-07
2023-11-07 10:43:00+05:30,3.5,3.55,3.45,3.5,7650,2726950,16.716861,19387.55,18950.0,18950,ATM-9,PUT,19400,2023-11-07
2023-11-07 10:44:00+05:30,3.5,3.5,3.4,3.4,29150,2725500,16.797417,19393.05,18950.0,18950,ATM-9,PUT,19400,2023-11-07
2023-11-07 10:45:00+05:30,3.4,3.45,3.35,3.4,29350,2725500,16.796965,19392.95,18950.0,18950,ATM-9,PUT,19400,2023-11-07
2023-11-07 10:46:00+05:30,3.45,3.5,3.4,3.4,33500,2725500,16.720121,19390.3,18950.0,18950,ATM-9,PUT,19400,2023-11-07
2023-11-07 10:47:00+05:30,3.4,3.45,3.4,3.45,46600,2715350,16.743865,19389.55,18950.0,18950,ATM-9,PUT,19400,2023-11-07
2023-11-07 10:48:00+05:30,3.45,3.45,3.4,3.4,6000,2715350,16.716191,19390.0,18950.0,18950,ATM-9,PUT,19400,2023-11-07
2023-11-07 10:49:00+05:30,3.4,3.45,3.4,3.45,10400,2715350,16.804511,19391.4,18950.0,18950,ATM-9,PUT,19400,2023-11-07
2023-11-07 10:50:00+05:30,3.4,3.45,3.4,3.45,5050,2711100,16.813065,19391.6,18950.0,18950,ATM-9,PUT,19400,2023-11-07
2023-11-07 10:51:00+05:30,3.45,3.45,3.35,3.35,29650,2711100,16.601751,19387.4,18950.0,18950,ATM-9,PUT,19400,2023-11-07
2023-11-07 10:52:00+05:30,3.35,3.4,3.35,3.4,27350,2711100,16.487484,19382.05,18950.0,18950,ATM-9,PUT,19400,2023-11-07
2023-11-07 10:53:00+05:30,3.4,3.4,3.35,3.4,29850,2696650,16.595232,19385.55,18950.0,18950,ATM-9,PUT,19400,2023-11-07
2023-11-07 10:54:00+05:30,3.4,3.4,3.35,3.35,14750,2696650,16.53732,19385.0,18950.0,18950,ATM-9,PUT,19400,2023-11-07
2023-11-07 10:55:00+05:30,3.35,3.4,3.35,3.35,22700,2696650,16.532326,19384.75,18950.0,18950,ATM-9,PUT,19400,2023-11-07
2023-11-07 10:56:00+05:30,3.35,3.4,3.3,3.3,35850,2687150,16.496571,19384.95,18950.0,18950,ATM-9,PUT,19400,2023-11-07
2023-11-07 10:57:00+05:30,3.3,3.35,3.3,3.3,19650,2687150,16.430131,19382.65,18950.0,18950,ATM-9,PUT,19400,2023-11-07
2023-11-07 10:58:00+05:30,3.3,3.3,3.3,3.3,3700,2687150,16.50308,19385.0,18950.0,18950,ATM-9,PUT,19400,2023-11-07
2023-11-07 10:59:00+05:30,3.3,3.35,3.3,3.3,13900,2684100,16.387113,19381.05,18950.0,18950,ATM-9,PUT,19400,2023-11-07
2023-11-07 11:00:00+05:30,3.35,3.35,3.3,3.3,16850,2684100,16.433119,19382.5,18950.0,18950,ATM-9,PUT,19400,2023-11-07
2023-11-07 11:01:00+05:30,3.35,3.35,3.3,3.3,16700,2684100,16.489615,19384.3,18950.0,18950,ATM-9,PUT,19400,2023-11-07
2023-11-07 11:02:00+05:30,3.3,3.35,3.3,3.3,6550,2675200,16.568576,19386.85,18950.0,18950,ATM-9,PUT,19400,2023-11-07
2023-11-07 11:03:00+05:30,3.3,3.35,3.3,3.3,13000,2675200,16.583086,19387.25,18950.0,18950,ATM-9,PUT,19400,2023-11-07
2023-11-07 11:04:00+05:30,3.3,3.35,3.25,3.25,10650,2675200,16.527291,19386.8,18950.0,18950,ATM-9,PUT,19400,2023-11-07
2023-11-07 11:05:00+05:30,3.3,3.3,3.25,3.3,15050,2666950,16.555152,19386.15,18950.0,18950,ATM-9,PUT,19400,2023-11-07
2023-11-07 11:06:00+05:30,3.3,3.35,3.25,3.25,43450,2666950,16.565243,19387.9,18950.0,18950,ATM-9,PUT,19400,2023-11-07
2023-11-07 11:07:00+05:30,3.25,3.35,3.25,3.35,26250,2666950,16.699238,19389.3,18950.0,18950,ATM-9,PUT,19400,2023-11-07
2023-11-07 11:08:00+05:30,3.3,3.3,3.25,3.25,25750,2679650,16.636111,19390.1,18950.0,18950,ATM-9,PUT,19400,2023-11-07
2023-11-07 11:09:00+05:30,3.25,3.3,3.2,3.25,47100,2679650,16.753731,19393.95,18950.0,18950,ATM-9,PUT,19400,2023-11-07
2023-11-07 11:10:00+05:30,3.25,3.25,3.15,3.2,23000,2679650,16.749343,19395.25,18950.0,18950,ATM-9,PUT,19400,2023-11-07
2023-11-07 11:11:00+05:30,3.2,3.25,3.2,3.25,42500,2683500,16.83352,19396.45,18950.0,18950,ATM-9,PUT,19400,2023-11-07
2023-11-07 11:12:00+05:30,3.2,3.2,3.15,3.15,40400,2683500,16.676991,19394.2,18950.0,18950,ATM-9,PUT,19400,2023-11-07
2023-11-07 11:13:00+05:30,3.15,3.25,3.15,3.25,21450,2683500,16.689205,19391.45,18950.0,18950,ATM-9,PUT,19400,2023-11-07
2023-11-07 11:14:00+05:30,3.25,3.25,3.15,3.2,13100,2678600,16.687971,19392.85,18950.0,18950,ATM-9,PUT,19400,2023-11-07
2023-11-07 11:15:00+05:30,3.2,3.25,3.2,3.25,17100,2678600,16.634433,19389.45,18950.0,18950,ATM-9,PUT,19400,2023-11-07
2023-11-07 11:16:00+05:30,3.25,3.3,3.25,3.3,56000,2678600,16.721046,19390.75,18950.0,18950,ATM-9,PUT,19400,2023-11-07
2023-11-07 11:17:00+05:30,3.3,3.3,3.25,3.3,6000,2685800,16.816557,19393.85,18950.0,18950,ATM-9,PUT,19400,2023-11-07
2023-11-07 11:18:00+05:30,3.3,3.3,3.25,3.25,8600,2685800,16.897863,19398.0,18950.0,18950,ATM-9,PUT,19400,2023-11-07
2023-11-07 11:19:00+05:30,3.25,3.3,3.25,3.25,17400,2685800,16.855619,19396.5,18950.0,18950,ATM-9,PUT,19400,2023-11-07
2023-11-07 11:20:00+05:30,3.25,3.25,3.25,3.25,12700,2674400,16.84923,19396.2,18950.0,18950,ATM-9,PUT,19400,2023-11-07
2023-11-07 11:21:00+05:30,3.25,3.35,3.25,3.35,25500,2674400,16.945392,19396.3,18950.0,18950,ATM-9,PUT,19400,2023-11-07
2023-11-07 11:22:00+05:30,3.35,3.4,3.3,3.4,4650,2674400,16.923499,19394.0,18950.0,18950,ATM-9,PUT,19400,2023-11-07
2023-11-07 11:23:00+05:30,3.4,3.4,3.35,3.4,1750,2672900,16.843249,19391.25,18950.0,18950,ATM-9,PUT,19400,2023-11-07
2023-11-07 11:24:00+05:30,3.4,3.4,3.35,3.35,3700,2672900,16.783322,19390.65,18950.0,18950,ATM-9,PUT,19400,2023-11-07
2023-11-07 11:25:00+05:30,3.35,3.4,3.35,3.4,6300,2672900,16.842384,19391.05,18950.0,18950,ATM-9,PUT,19400,2023-11-07
2023-11-07 11:26:00+05:30,3.4,3.4,3.35,3.35,1900,2674600,16.719206,19388.35,18950.0,18950,ATM-9,PUT,19400,2023-11-07
2023-11-07 11:27:00+05:30,3.35,3.4,3.35,3.4,2500,2674600,16.873186,19391.9,18950.0,18950,ATM-9,PUT,19400,2023-11-07
2023-11-07 11:28:00+05:30,3.4,3.4,3.35,3.4,3400,2674600,16.809406,19389.7,18950.0,18950,ATM-9,PUT,19400,2023-11-07
2023-11-07 11:29:00+05:30,3.4,3.4,3.35,3.4,150,2672050,16.816514,19389.85,18950.0,18950,ATM-9,PUT,19400,2023-11-07
2023-11-07 11:30:00+05:30,3.4,3.4,3.35,3.35,3300,2672050,16.737009,19388.6,18950.0,18950,ATM-9,PUT,19400,2023-11-07
2023-11-07 11:31:00+05:30,3.35,3.4,3.35,3.35,7650,2672050,16.688313,19386.9,18950.0,18950,ATM-9,PUT,19400,2023-11-07
2023-11-07 11:32:00+05:30,3.35,3.4,3.35,3.35,39850,2671200,16.787371,19390.1,18950.0,18950,ATM-9,PUT,19400,2023-11-07
2023-11-07 11:33:00+05:30,3.35,3.4,3.35,3.35,3600,2671200,16.700986,19387.15,18950.0,18950,ATM-9,PUT,19400,2023-11-07
2023-11-07 11:34:00+05:30,3.35,3.4,3.35,3.35,300,2671200,16.73071,19388.05,18950.0,18950,ATM-9,PUT,19400,2023-11-07
2023-11-07 11:35:00+05:30,3.35,3.4,3.3,3.3,11350,2669250,16.848038,19393.35,18950.0,18950,ATM-9,PUT,19400,2023-11-07
2023-11-07 11:36:00+05:30,3.3,3.35,3.3,3.3,7150,2669250,16.912247,19395.4,18950.0,18950,ATM-9,PUT,19400,2023-11-07
2023-11-07 11:37:00+05:30,3.3,3.35,3.3,3.3,1850,2669250,16.874274,19394.05,18950.0,18950,ATM-9,PUT,19400,2023-11-07
2023-11-07 11:38:00+05:30,3.3,3.3,3.3,3.3,500,2669250,16.857326,19393.4,18950.0,18950,ATM-9,PUT,19400,2023-11-07
2023-11-07 11:39:00+05:30,3.3,3.35,3.3,3.35,7150,2663350,16.806972,19390.15,18950.0,18950,ATM-9,PUT,19400,2023-11-07
2023-11-07 11:40:00+05:30,3.35,3.35,3.25,3.25,40850,2663350,16.309645,19376.55,18950.0,18950,ATM-9,PUT,19400,2023-11-07
2023-11-07 11:41:00+05:30,2.75,2.75,2.6,2.6,219600,3505350,16.876644,19365.65,18900.0,18950,ATM-9,PUT,19400,2023-11-07
2023-11-07 11:42:00+05:30,2.6,2.75,2.6,2.75,94450,3505350,16.854996,19359.4,18900.0,18950,ATM-9,PUT,19400,2023-11-07
2023-11-07 11:43:00+05:30,2.7,2.75,2.7,2.75,263700,3505350,16.728387,19355.0,18900.0,18950,ATM-9,PUT,19400,2023-11-07
2023-11-07 11:44:00+05:30,2.7,2.75,2.6,2.65,382800,3354450,16.618217,19354.7,18900.0,18950,ATM-9,PUT,19400,2023-11-07
2023-11-07 11:45:00+05:30,2.7,3.0,2.65,3.0,298900,3354450,16.543049,19340.2,18900.0,18950,ATM-9,PUT,19400,2023-11-07
2023-11-07 11:46:00+05:30,2.95,3.05,2.75,2.85,132650,3354450,16.562827,19345.7,18900.0,18950,ATM-9,PUT,19400,2023-11-07
2023-11-07 11:47:00+05:30,2.85,2.85,2.75,2.85,35100,3193750,16.560942,19345.55,18900.0,18950,ATM-9,PUT,19400,2023-11-07
2023-11-07 11:48:00+05:30,2.85,2.9,2.8,2.85,46300,3193750,16.455283,19341.9,18900.0,18950,ATM-9,PUT,19400,2023-11-07
2023-11-07 11:49:00+05:30,2.85,3.1,2.85,3.05,106600,3193750,16.503571,19336.95,18900.0,18950,ATM-9,PUT,19400,2023-11-07
2023-11-07 11:50:00+05:30,3.1,3.1,2.95,2.95,179550,3182000,16.546446,19341.5,18900.0,18950,ATM-9,PUT,19400,2023-11-07
2023-11-07 11:51:00+05:30,3.05,3.05,3.0,3.0,67950,3182000,16.668913,19343.9,18900.0,18950,ATM-9,PUT,19400,2023-11-07
2023-11-07 11:52:00+05:30,3.0,3.05,2.95,3.05,52700,3182000,16.613129,19340.35,18900.0,18950,ATM-9,PUT,19400,2023-11-07
2023-11-07 11:53:00+05:30,3.05,3.05,2.95,3.0,25500,3174100,16.499213,19338.05,18900.0,18950,ATM-9,PUT,19400,2023-11-07
2023-11-07 11:54:00+05:30,3.0,3.25,3.0,3.2,180950,3174100,16.474832,19330.95,18900.0,18950,ATM-9,PUT,19400,2023-11-07
2023-11-07 11:55:00+05:30,3.25,3.25,2.95,3.0,111150,3174100,16.653844,19343.05,18900.0,18950,ATM-9,PUT,19400,2023-11-07
2023-11-07 11:56:00+05:30,3.0,3.05,2.95,3.0,44000,3162750,16.602617,19341.25,18900.0,18950,ATM-9,PUT,19400,2023-11-07
2023-11-07 11:57:00+05:30,3.0,3.0,2.95,2.95,23650,3162750,16.594224,19342.5,18900.0,18950,ATM-9,PUT,19400,2023-11-07
2023-11-07 11:58:00+05:30,2.95,3.05,2.95,3.0,81500,3162750,16.62571,19341.85,18900.0,18950,ATM-9,PUT,19400,2023-11-07
2023-11-07 11:59:00+05:30,3.0,3.05,2.95,3.0,44000,3150850,16.719471,19344.9,18900.0,18950,ATM-9,PUT,19400,2023-11-07
2023-11-07 12:00:00+05:30,2.95,3.05,2.95,3.05,21700,3150850,16.64573,19340.75,18900.0,18950,ATM-9,PUT,19400,2023-11-07
2023-11-07 12:01:00+05:30,3.05,3.05,3.0,3.05,52900,3150850,16.636315,19340.35,18900.0,18950,ATM-9,PUT,19400,2023-11-07
2023-11-07 12:02:00+05:30,3.05,3.15,3.05,3.1,32700,3131400,16.583922,19336.95,18900.0,18950,ATM-9,PUT,19400,2023-11-07
2023-11-07 12:03:00+05:30,3.1,3.15,3.1,3.15,12250,3131400,16.779321,19341.8,18900.0,18950,ATM-9,PUT,19400,2023-11-07
2023-11-07 12:04:00+05:30,3.15,3.15,3.1,3.1,27050,3131400,16.677847,19339.9,18900.0,18950,ATM-9,PUT,19400,2023-11-07
2023-11-07 12:05:00+05:30,3.1,3.15,3.1,3.1,29700,3122900,16.812708,19344.3,18900.0,18950,ATM-9,PUT,19400,2023-11-07
2023-11-07 12:06:00+05:30,3.05,3.1,3.05,3.05,36900,3122900,16.791734,19345.1,18900.0,18950,ATM-9,PUT,19400,2023-11-07
2023-11-07 12:07:00+05:30,3.05,3.1,2.9,2.9,105050,3122900,16.819729,19350.85,18900.0,18950,ATM-9,PUT,19400,2023-11-07
2023-11-07 12:08:00+05:30,2.9,2.95,2.85,2.85,25650,3148600,16.736762,19349.65,18900.0,18950,ATM-9,PUT,19400,2023-11-07
2023-11-07 12:09:00+05:30,2.85,2.9,2.85,2.9,25000,3148600,16.813068,19350.45,18900.0,18950,ATM-9,PUT,19400,2023-11-07
2023-11-07 12:10:00+05:30,2.9,2.95,2.9,2.9,20250,3148600,16.763603,19348.7,18900.0,18950,ATM-9,PUT,19400,2023-11-07
2023-11-07 12:11:00+05:30,2.9,2.95,2.9,2.9,1900,3148600,16.827235,19350.75,18900.0,18950,ATM-9,PUT,19400,2023-11-07
2023-11-07 12:12:00+05:30,2.95,2.95,2.9,2.9,31600,3122500,16.868539,19352.05,18900.0,18950,ATM-9,PUT,19400,2023-11-07
2023-11-07 12:13:00+05:30,2.9,3.0,2.9,3.0,8300,3122500,16.890584,19349.4,18900.0,18950,ATM-9,PUT,19400,2023-11-07
2023-11-07 12:14:00+05:30,3.0,3.0,2.95,2.95,57200,3086000,16.935303,19352.45,18900.0,18950,ATM-9,PUT,19400,2023-11-07
2023-11-07 12:15:00+05:30,2.95,3.0,2.95,2.95,19300,3086000,16.945401,19352.7,18900.0,18950,ATM-9,PUT,19400,2023-11-07
2023-11-07 12:16:00+05:30,2.95,3.0,2.95,3.0,8600,3086000,17.004644,19352.95,18900.0,18950,ATM-9,PUT,19400,2023-11-07
2023-11-07 12:17:00+05:30,3.0,3.0,2.95,2.95,33150,3084700,16.940253,19352.35,18900.0,18950,ATM-9,PUT,19400,2023-11-07
2023-11-07 12:18:00+05:30,2.95,3.0,2.9,2.9,58150,3084700,16.96322,19354.7,18900.0,18950,ATM-9,PUT,19400,2023-11-07
2023-11-07 12:19:00+05:30,2.9,2.95,2.7,2.7,107450,3084700,16.892549,19359.15,18900.0,18950,ATM-9,PUT,19400,2023-11-07
2023-11-07 12:20:00+05:30,2.7,2.75,2.6,2.7,74150,3061800,16.904029,19359.45,18900.0,18950,ATM-9,PUT,19400,2023-11-07
2023-11-07 12:21:00+05:30,2.7,2.75,2.65,2.75,21650,3061800,16.89546,19357.3,18900.0,18950,ATM-9,PUT,19400,2023-11-07
2023-11-07 12:22:00+05:30,2.75,2.75,2.7,2.75,50800,3061800,16.804966,19354.15,18900.0,18950,ATM-9,PUT,19400,2023-11-07
2023-11-07 12:23:00+05:30,2.75,2.8,2.75,2.8,51350,3015300,16.84712,19353.75,18900.0,18950,ATM-9,PUT,19400,2023-11-07
2023-11-07 12:24:00+05:30,2.8,2.85,2.8,2.8,6400,3015300,16.903133,19355.55,18900.0,18950,ATM-9,PUT,19400,2023-11-07
2023-11-07 12:25:00+05:30,2.8,2.85,2.8,2.85,1550,3015300,16.977518,19356.25,18900.0,18950,ATM-9,PUT,19400,2023-11-07
2023-11-07 12:26:00+05:30,2.85,2.85,2.8,2.8,105150,3005200,16.942525,19356.7,18900.0,18950,ATM-9,PUT,19400,2023-11-07
2023-11-07 12:27:00+05:30,2.85,2.85,2.8,2.85,13300,3005200,16.942713,19354.9,18900.0,18950,ATM-9,PUT,19400,2023-11-07
2023-11-07 12:28:00+05:30,2.85,2.85,2.75,2.8,106600,3005200,16.863288,19353.85,18900.0,18950,ATM-9,PUT,19400,2023-11-07
2023-11-07 12:29:00+05:30,2.8,2.95,2.8,2.9,183600,3002500,16.953703,19353.4,18900.0,18950,ATM-9,PUT,19400,2023-11-07
2023-11-07 12:30:00+05:30,2.9,3.0,2.9,3.0,225400,3002500,17.047938,19353.15,18900.0,18950,ATM-9,PUT,19400,2023-11-07
2023-11-07 12:31:00+05:30,3.0,3.05,2.95,3.05,182850,3002500,17.040839,19351.2,18900.0,18950,ATM-9,PUT,19400,2023-11-07
2023-11-07 12:32:00+05:30,3.05,3.1,3.0,3.05,72000,3102550,17.186104,19355.95,18900.0,18950,ATM-9,PUT,19400,2023-11-07
2023-11-07 12:33:00+05:30,3.05,3.1,3.0,3.0,45400,3102550,17.187726,19357.55,18900.0,18950,ATM-9,PUT,19400,2023-11-07
2023-11-07 12:34:00+05:30,3.0,3.0,2.75,2.75,100250,3102550,17.162089,19365.15,18900.0,18950,ATM-9,PUT,19400,2023-11-07
2023-11-07 12:35:00+05:30,2.75,2.8,2.75,2.8,14450,3102550,17.274711,19367.1,18900.0,18950,ATM-9,PUT,19400,2023-11-07
2023-11-07 12:36:00+05:30,2.8,2.8,2.75,2.75,4050,3105700,17.127592,19363.8,18900.0,18950,ATM-9,PUT,19400,2023-11-07
2023-11-07 12:37:00+05:30,2.75,2.85,2.75,2.8,39500,3105700,17.305305,19367.95,18900.0,18950,ATM-9,PUT,19400,2023-11-07
2023-11-07 12:38:00+05:30,2.8,2.85,2.8,2.85,13850,3105700,17.353945,19367.75,18900.0,18950,ATM-9,PUT,19400,2023-11-07
2023-11-07 12:39:00+05:30,2.85,2.85,2.8,2.8,1850,3105650,17.244131,19365.7,18900.0,18950,ATM-9,PUT,19400,2023-11-07
2023-11-07 12:40:00+05:30,2.8,2.9,2.8,2.85,14900,3105650,17.27481,19364.9,18900.0,18950,ATM-9,PUT,19400,2023-11-07
2023-11-07 12:41:00+05:30,2.85,2.9,2.85,2.85,27150,3094650,17.308716,19365.95,18900.0,18950,ATM-9,PUT,19400,2023-11-07
2023-11-07 12:42:00+05:30,2.85,2.85,2.85,2.85,2000,3094650,17.269858,19364.55,18900.0,18950,ATM-9,PUT,19400,2023-11-07
2023-11-07 12:43:00+05:30,2.85,2.9,2.85,2.9,400,3094650,17.314769,19364.25,18900.0,18950,ATM-9,PUT,19400,2023-11-07
2023-11-07 12:44:00+05:30,2.9,2.9,2.8,2.8,3100,3084900,17.191001,19363.45,18900.0,18950,ATM-9,PUT,19400,2023-11-07
2023-11-07 12:45:00+05:30,2.8,2.85,2.8,2.85,4300,3084900,17.304783,19365.45,18900.0,18950,ATM-9,PUT,19400,2023-11-07
2023-11-07 12:46:00+05:30,2.85,2.9,2.8,2.9,12100,3084900,17.364677,19365.65,18900.0,18950,ATM-9,PUT,19400,2023-11-07
2023-11-07 12:47:00+05:30,2.9,2.9,2.85,2.9,10650,3086650,17.462699,19368.85,18900.0,18950,ATM-9,PUT,19400,2023-11-07
2023-11-07 12:48:00+05:30,2.9,2.9,2.85,2.85,24450,3086650,17.497149,19371.65,18900.0,18950,ATM-9,PUT,19400,2023-11-07
2023-11-07 12:49:00+05:30,2.85,2.9,2.8,2.85,5450,3086650,17.505851,19371.85,18900.0,18950,ATM-9,PUT,19400,2023-11-07
2023-11-07 12:50:00+05:30,2.85,2.85,2.8,2.85,28400,3079350,17.404672,19368.35,18900.0,18950,ATM-9,PUT,19400,2023-11-07
2023-11-07 12:51:00+05:30,2.85,2.85,2.8,2.8,6600,3079350,17.398437,19369.8,18900.0,18950,ATM-9,PUT,19400,2023-11-07
2023-11-07 12:52:00+05:30,2.8,2.85,2.8,2.85,15400,3079350,17.472583,19370.45,18900.0,18950,ATM-9,PUT,19400,2023-11-07
2023-11-07 12:53:00+05:30,2.85,2.85,2.8,2.85,4450,3079350,17.405503,19368.1,18900.0,18950,ATM-9,PUT,19400,2023-11-07
2023-11-07 12:54:00+05:30,2.85,2.9,2.8,2.85,5300,3083700,17.299654,19364.45,18900.0,18950,ATM-9,PUT,19400,2023-11-07
2023-11-07 12:55:00+05:30,2.85,2.95,2.85,2.9,46000,3083700,17.283456,19362.1,18900.0,18950,ATM-9,PUT,19400,2023-11-07
2023-11-07 12:56:00+05:30,2.9,2.95,2.9,2.95,3950,3083700,17.341225,19362.25,18900.0,18950,ATM-9,PUT,19400,2023-11-07
2023-11-07 12:57:00+05:30,2.95,2.95,2.9,2.95,4850,3074800,17.396344,19364.0,18900.0,18950,ATM-9,PUT,19400,2023-11-07
2023-11-07 12:58:00+05:30,2.95,2.95,2.9,2.95,10700,3074800,17.461919,19366.1,18900.0,18950,ATM-9,PUT,19400,2023-11-07
2023-11-07 12:59:00+05:30,2.95,2.95,2.9,2.9,172750,3074800,17.436251,19366.85,18900.0,18950,ATM-9,PUT,19400,2023-11-07
2023-11-07 13:00:00+05:30,2.9,2.95,2.9,2.9,30450,3156800,17.462889,19367.65,18900.0,18950,ATM-9,PUT,19400,2023-11-07
2023-11-07 13:01:00+05:30,2.9,2.95,2.9,2.9,76300,3156800,17.52234,19369.55,18900.0,18950,ATM-9,PUT,19400,2023-11-07
2023-11-07 13:02:00+05:30,2.9,2.95,2.9,2.9,2700,3156800,17.501258,19368.75,18900.0,18950,ATM-9,PUT,19400,2023-11-07
2023-11-07 13:03:00+05:30,2.9,2.95,2.9,2.9,15500,3189350,17.554752,19370.45,18900.0,18950,ATM-9,PUT,19400,2023-11-07
2023-11-07 13:04:00+05:30,2.9,2.95,2.9,2.9,11700,3189350,17.544118,19370.0,18900.0,18950,ATM-9,PUT,19400,2023-11-07
2023-11-07 13:05:00+05:30,2.9,2.95,2.9,2.95,7950,3172400,17.575593,19369.25,18900.0,18950,ATM-9,PUT,19400,2023-11-07
2023-11-07 13:06:00+05:30,2.95,2.95,2.9,2.9,27050,3172400,17.597435,19371.6,18900.0,18950,ATM-9,PUT,19400,2023-11-07
2023-11-07 13:07:00+05:30,2.9,2.95,2.9,2.95,4200,3172400,17.576697,19369.1,18900.0,18950,ATM-9,PUT,19400,2023-11-07
2023-11-07 13:08:00+05:30,2.95,2.95,2.9,2.95,11150,3172400,17.548068,19368.05,18900.0,18950,ATM-9,PUT,19400,2023-11-07
2023-11-07 13:09:00+05:30,2.95,2.95,2.95,2.95,4100,3182200,17.534393,19367.5,18900.0,18950,ATM-9,PUT,19400,2023-11-07
2023-11-07 13:10:00+05:30,2.95,2.95,2.9,2.95,22550,3182200,17.48326,19365.7,18900.0,18950,ATM-9,PUT,19400,2023-11-07
2023-11-07 13:11:00+05:30,2.95,2.95,2.9,2.95,1100,3182200,17.580408,19368.85,18900.0,18950,ATM-9,PUT,19400,2023-11-07
2023-11-07 13:12:00+05:30,2.95,3.0,2.9,3.0,13450,3201300,17.473103,19363.5,18900.0,18950,ATM-9,PUT,19400,2023-11-07
2023-11-07 13:13:00+05:30,3.0,3.0,2.95,3.0,4650,3201300,17.475887,19363.5,18900.0,18950,ATM-9,PUT,19400,2023-11-07
2023-11-07 13:14:00+05:30,2.95,2.95,2.95,2.95,1100,3201300,17.527385,19366.8,18900.0,18950,ATM-9,PUT,19400,2023-11-07
2023-11-07 13:15:00+05:30,2.95,3.0,2.95,2.95,15150,3197550,17.515189,19366.3,18900.0,18950,ATM-9,PUT,19400,2023-11-07
2023-11-07 13:16:00+05:30,2.95,3.0,2.9,2.9,16700,3197550,17.495439,19367.25,18900.0,18950,ATM-9,PUT,19400,2023-11-07
2023-11-07 13:17:00+05:30,2.9,2.95,2.9,2.95,5500,3197550,17.50728,19365.85,18900.0,18950,ATM-9,PUT,19400,2023-11-07
2023-11-07 13:18:00+05:30,2.95,2.95,2.9,2.95,37750,3208600,17.395986,19362.05,18900.0,18950,ATM-9,PUT,19400,2023-11-07
2023-11-07 13:19:00+05:30,2.9,2.95,2.9,2.9,4550,3208600,17.351035,19362.15,18900.0,18950,ATM-9,PUT,19400,2023-11-07
2023-11-07 13:20:00+05:30,2.9,2.95,2.9,2.9,23200,3208600,17.287812,19359.95,18900.0,18950,ATM-9,PUT,19400,2023-11-07
2023-11-07 13:21:00+05:30,2.9,3.0,2.9,2.95,32000,3210450,17.271981,19357.65,18900.0,18950,ATM-9,PUT,19400,2023-11-07
2023-11-07 13:22:00+05:30,2.95,3.0,2.9,2.95,21600,3210450,17.343953,19359.95,18900.0,18950,ATM-9,PUT,19400,2023-11-07
2023-11-07 13:23:00+05:30,2.95,2.95,2.9,2.95,39550,3210450,17.397859,19361.65,18900.0,18950,ATM-9,PUT,19400,2023-11-07
2023-11-07 13:24:00+05:30,2.95,2.95,2.85,2.85,101100,3210550,17.283651,19361.15,18900.0,18950,ATM-9,PUT,19400,2023-11-07
2023-11-07 13:25:00+05:30,2.85,2.9,2.85,2.9,40800,3210550,17.424688,19364.05,18900.0,18950,ATM-9,PUT,19400,2023-11-07
2023-11-07 13:26:00+05:30,2.9,2.95,2.85,2.9,22500,3210550,17.412476,19363.55,18900.0,18950,ATM-9,PUT,19400,2023-11-07
2023-11-07 13:27:00+05:30,2.9,2.9,2.85,2.85,10700,3243400,17.217001,19358.65,18900.0,18950,ATM-9,PUT,19400,2023-11-07
2023-11-07 13:28:00+05:30,2.85,2.95,2.85,2.95,55450,3243400,17.291325,19357.65,18900.0,18950,ATM-9,PUT,19400,2023-11-07
2023-11-07 13:29:00+05:30,2.95,2.95,2.9,2.95,52650,3243400,17.224748,19355.35,18900.0,18950,ATM-9,PUT,19400,2023-11-07
2023-11-07 13:30:00+05:30,2.9,2.95,2.9,2.95,12300,3240150,17.256161,19356.3,18900.0,18950,ATM-9,PUT,19400,2023-11-07
2023-11-07 13:31:00+05:30,2.95,2.95,2.9,2.95,11750,3240150,17.213672,19354.8,18900.0,18950,ATM-9,PUT,19400,2023-11-07
2023-11-07 13:32:00+05:30,2.9,2.95,2.9,2.95,4250,3240150,17.42295,19361.65,18900.0,18950,ATM-9,PUT,19400,2023-11-07
2023-11-07 13:33:00+05:30,2.95,2.95,2.85,2.85,167050,3242150,17.409022,19364.5,18900.0,18950,ATM-9,PUT,19400,2023-11-07
2023-11-07 13:34:00+05:30,2.85,2.9,2.7,2.7,315400,3242150,17.442689,19370.85,18900.0,18950,ATM-9,PUT,19400,2023-11-07
2023-11-07 13:35:00+05:30,2.7,2.75,2.6,2.65,72150,3242150,17.440115,19372.5,18900.0,18950,ATM-9,PUT,19400,2023-11-07
2023-11-07 13:36:00+05:30,2.65,2.65,2.55,2.6,24050,3424050,17.316876,19370.1,18900.0,18950,ATM-9,PUT,19400,2023-11-07
2023-11-07 13:37:00+05:30,2.6,2.65,2.6,2.65,6600,3424050,17.321127,19368.3,18900.0,18950,ATM-9,PUT,19400,2023-11-07
2023-11-07 13:38:00+05:30,2.65,2.65,2.6,2.6,4050,3424050,17.270621,19368.35,18900.0,18950,ATM-9,PUT,19400,2023-11-07
2023-11-07 13:39:00+05:30,2.6,2.65,2.6,2.65,3000,3421750,17.344512,19368.9,18900.0,18950,ATM-9,PUT,19400,2023-11-07
2023-11-07 13:40:00+05:30,2.65,2.65,2.6,2.6,23100,3421750,17.41534,19373.05,18900.0,18950,ATM-9,PUT,19400,2023-11-07
2023-11-07 13:41:00+05:30,2.6,2.65,2.55,2.6,96750,3421750,17.443293,19373.9,18900.0,18950,ATM-9,PUT,19400,2023-11-07
2023-11-07 13:42:00+05:30,2.6,2.7,2.55,2.55,530800,3436150,17.415346,19374.75,18900.0,18950,ATM-9,PUT,19400,2023-11-07
2023-11-07 13:43:00+05:30,2.55,2.65,2.55,2.6,162900,3436150,17.46223,19374.35,18900.0,18950,ATM-9,PUT,19400,2023-11-07
2023-11-07 13:44:00+05:30,2.6,2.65,2.6,2.6,4550,3436150,17.423601,19372.95,18900.0,18950,ATM-9,PUT,19400,2023-11-07
2023-11-07 13:45:00+05:30,2.6,2.65,2.6,2.6,13150,3419350,17.411602,19372.45,18900.0,18950,ATM-9,PUT,19400,2023-11-07
2023-11-07 13:46:00+05:30,2.6,2.65,2.6,2.65,16400,3419350,17.383392,19369.55,18900.0,18950,ATM-9,PUT,19400,2023-11-07
2023-11-07 13:47:00+05:30,2.65,2.65,2.6,2.6,5800,3419350,17.417218,19372.45,18900.0,18950,ATM-9,PUT,19400,2023-11-07
2023-11-07 13:48:00+05:30,2.6,2.65,2.6,2.65,26950,3422400,17.494477,19373.1,18900.0,18950,ATM-9,PUT,19400,2023-11-07
2023-11-07 13:49:00+05:30,2.65,2.65,2.6,2.65,13200,3422400,17.510666,19373.55,18900.0,18950,ATM-9,PUT,19400,2023-11-07
2023-11-07 13:50:00+05:30,3.05,3.05,2.85,2.85,75300,2580250,16.294839,19377.45,18950.0,18950,ATM-9,PUT,19400,2023-11-07
2023-11-07 13:51:00+05:30,2.85,2.85,2.75,2.75,34550,2574300,16.449522,19385.8,18950.0,18950,ATM-9,PUT,19400,2023-11-07
2023-11-07 13:52:00+05:30,2.8,2.8,2.7,2.75,80400,2574300,16.512415,19387.8,18950.0,18950,ATM-9,PUT,19400,2023-11-07
2023-11-07 13:53:00+05:30,2.8,2.85,2.75,2.85,43350,2574300,16.752371,19392.3,18950.0,18950,ATM-9,PUT,19400,2023-11-07
2023-11-07 13:54:00+05:30,2.85,2.9,2.8,2.9,98550,2565700,16.899015,19395.4,18950.0,18950,ATM-9,PUT,19400,2023-11-07
2023-11-07 13:55:00+05:30,2.9,3.0,2.9,2.95,335450,2565700,16.94399,19395.15,18950.0,18950,ATM-9,PUT,19400,2023-11-07
2023-11-07 13:56:00+05:30,2.95,3.0,2.9,3.0,107300,2565700,17.143291,19400.0,18950.0,18950,ATM-9,PUT,19400,2023-11-07
2023-11-07 13:57:00+05:30,3.0,3.05,2.9,2.95,236150,2932450,17.001005,19396.85,18950.0,18950,ATM-9,PUT,19400,2023-11-07
2023-11-07 13:58:00+05:30,2.95,3.05,2.95,3.05,94750,2932450,17.118878,19397.4,18950.0,18950,ATM-9,PUT,19400,2023-11-07
2023-11-07 13:59:00+05:30,3.05,3.1,3.0,3.05,55400,2932450,17.011992,19393.8,18950.0,18950,ATM-9,PUT,19400,2023-11-07
2023-11-07 14:00:00+05:30,3.1,3.1,3.05,3.1,84200,2981100,17.121054,19395.7,18950.0,18950,ATM-9,PUT,19400,2023-11-07
2023-11-07 14:01:00+05:30,3.1,3.1,3.05,3.05,90250,2981100,17.172851,19398.9,18950.0,18950,ATM-9,PUT,19400,2023-11-07
2023-11-07 14:02:00+05:30,3.05,3.15,3.05,3.1,250050,2981100,17.147968,19396.4,18950.0,18950,ATM-9,PUT,19400,2023-11-07
2023-11-07 14:03:00+05:30,3.1,3.15,3.1,3.15,230450,3103750,17.324115,19400.5,18950.0,18950,ATM-9,PUT,19400,2023-11-07
2023-11-07 14:04:00+05:30,3.15,3.25,3.1,3.15,168050,3103750,17.471964,19405.25,18950.0,18950,ATM-9,PUT,19400,2023-11-07
2023-11-07 14:05:00+05:30,3.2,3.2,3.15,3.15,83800,3103750,17.494631,19405.9,18950.0,18950,ATM-9,PUT,19400,2023-11-07
2023-11-07 14:06:00+05:30,3.15,3.2,3.15,3.15,71000,3267700,17.462369,19404.75,18950.0,18950,ATM-9,PUT,19400,2023-11-07
2023-11-07 14:07:00+05:30,3.15,3.15,3.05,3.05,43600,3267700,17.393459,19405.6,18950.0,18950,ATM-9,PUT,19400,2023-11-07
2023-11-07 14:08:00+05:30,3.05,3.15,3.05,3.1,72700,3267700,17.326472,19401.7,18950.0,18950,ATM-9,PUT,19400,2023-11-07
2023-11-07 14:09:00+05:30,3.1,3.1,3.0,3.05,46700,3314250,17.160074,19397.75,18950.0,18950,ATM-9,PUT,19400,2023-11-07
2023-11-07 14:10:00+05:30,3.1,3.15,3.05,3.15,46450,3314250,17.221351,19396.5,18950.0,18950,ATM-9,PUT,19400,2023-11-07
2023-11-07 14:11:00+05:30,3.1,3.3,3.1,3.25,63650,3314250,17.317431,19396.45,18950.0,18950,ATM-9,PUT,19400,2023-11-07
2023-11-07 14:12:00+05:30,3.3,3.3,3.2,3.2,33750,3333950,17.406508,19400.8,18950.0,18950,ATM-9,PUT,19400,2023-11-07
2023-11-07 14:13:00+05:30,3.2,3.25,3.15,3.2,48600,3333950,17.363331,19399.3,18950.0,18950,ATM-9,PUT,19400,2023-11-07
2023-11-07 14:14:00+05:30,3.2,3.25,3.15,3.15,67000,3333950,17.374964,19401.15,18950.0,18950,ATM-9,PUT,19400,2023-11-07
2023-11-07 14:15:00+05:30,3.2,3.2,3.15,3.2,4150,3321150,17.404264,19400.45,18950.0,18950,ATM-9,PUT,19400,2023-11-07
2023-11-07 14:16:00+05:30,3.2,3.2,3.15,3.15,57900,3321150,17.434179,19402.9,18950.0,18950,ATM-9,PUT,19400,2023-11-07
2023-11-07 14:17:00+05:30,3.15,3.15,3.1,3.1,36900,3321150,17.367111,19402.2,18950.0,18950,ATM-9,PUT,19400,2023-11-07
2023-11-07 14:18:00+05:30,3.1,3.2,3.1,3.2,35900,3323300,17.355964,19398.6,18950.0,18950,ATM-9,PUT,19400,2023-11-07
2023-11-07 14:19:00+05:30,3.15,3.25,3.15,3.2,34350,3323300,17.41867,19400.55,18950.0,18950,ATM-9,PUT,19400,2023-11-07
2023-11-07 14:20:00+05:30,3.2,3.25,3.15,3.15,58850,3323300,17.327586,19399.05,18950.0,18950,ATM-9,PUT,19400,2023-11-07
2023-11-07 14:21:00+05:30,3.15,3.2,3.15,3.2,25850,3321650,17.408992,19400.05,18950.0,18950,ATM-9,PUT,19400,2023-11-07
2023-11-07 14:22:00+05:30,3.2,3.2,3.15,3.15,900,3321650,17.293358,19397.75,18950.0,18950,ATM-9,PUT,19400,2023-11-07
2023-11-07 14:23:00+05:30,3.15,3.2,3.15,3.2,37150,3321650,17.220911,19393.75,18950.0,18950,ATM-9,PUT,19400,2023-11-07
2023-11-07 14:24:00+05:30,3.2,3.25,3.15,3.2,39000,3323800,17.108172,19390.0,18950.0,18950,ATM-9,PUT,19400,2023-11-07
2023-11-07 14:25:00+05:30,3.2,3.3,3.2,3.3,35450,3323800,17.182702,19389.3,18950.0,18950,ATM-9,PUT,19400,2023-11-07
2023-11-07 14:26:00+05:30,3.3,3.3,3.2,3.2,17900,3323800,17.175418,19392.0,18950.0,18950,ATM-9,PUT,19400,2023-11-07
2023-11-07 14:27:00+05:30,3.2,3.25,3.2,3.25,2050,3321900,17.217542,19391.75,18950.0,18950,ATM-9,PUT,19400,2023-11-07
2023-11-07 14:28:00+05:30,3.25,3.3,3.2,3.3,12900,3321900,17.091923,19386.1,18950.0,18950,ATM-9,PUT,19400,2023-11-07
2023-11-07 14:29:00+05:30,3.3,3.3,3.25,3.3,13250,3321900,17.167581,19388.45,18950.0,18950,ATM-9,PUT,19400,2023-11-07
2023-11-07 14:30:00+05:30,3.3,3.3,3.2,3.25,69800,3324350,17.266178,19393.05,18950.0,18950,ATM-9,PUT,19400,2023-11-07
2023-11-07 14:31:00+05:30,3.25,3.25,3.15,3.15,5250,3324350,17.23425,19395.0,18950.0,18950,ATM-9,PUT,19400,2023-11-07
2023-11-07 14:32:00+05:30,3.15,3.25,3.15,3.25,25200,3324350,17.175975,19389.95,18950.0,18950,ATM-9,PUT,19400,2023-11-07
2023-11-07 14:33:00+05:30,3.25,3.25,3.2,3.25,8300,3321400,17.223637,19391.4,18950.0,18950,ATM-9,PUT,19400,2023-11-07
2023-11-07 14:34:00+05:30,3.25,3.3,3.2,3.25,21600,3321400,17.141356,19388.65,18950.0,18950,ATM-9,PUT,19400,2023-11-07
2023-11-07 14:35:00+05:30,3.2,3.25,3.2,3.2,3950,3321400,17.177546,19391.25,18950.0,18950,ATM-9,PUT,19400,2023-11-07
2023-11-07 14:36:00+05:30,3.2,3.25,3.2,3.2,11600,3319900,17.121664,19389.35,18950.0,18950,ATM-9,PUT,19400,2023-11-07
2023-11-07 14:37:00+05:30,3.2,3.25,3.2,3.2,31350,3319900,17.057992,19387.2,18950.0,18950,ATM-9,PUT,19400,2023-11-07
2023-11-07 14:38:00+05:30,3.2,3.25,3.2,3.2,32400,3319900,16.865685,19380.9,18950.0,18950,ATM-9,PUT,19400,2023-11-07
2023-11-07 14:39:00+05:30,3.2,3.25,3.15,3.2,48050,3326650,16.880849,19381.3,18950.0,18950,ATM-9,PUT,19400,2023-11-07
2023-11-07 14:40:00+05:30,3.2,3.2,3.15,3.2,9100,3326650,16.976592,19384.3,18950.0,18950,ATM-9,PUT,19400,2023-11-07
2023-11-07 14:41:00+05:30,3.15,3.2,3.15,3.2,7900,3326650,16.892584,19381.5,18950.0,18950,ATM-9,PUT,19400,2023-11-07
2023-11-07 14:42:00+05:30,3.2,3.2,3.2,3.2,4000,3329750,16.906209,19381.85,18950.0,18950,ATM-9,PUT,19400,2023-11-07
2023-11-07 14:43:00+05:30,3.2,3.2,3.15,3.15,15350,3329750,16.971828,19385.4,18950.0,18950,ATM-9,PUT,19400,2023-11-07
2023-11-07 14:44:00+05:30,3.15,3.2,3.15,3.2,4300,3329750,16.945875,19382.95,18950.0,18950,ATM-9,PUT,19400,2023-11-07
2023-11-07 14:45:00+05:30,3.2,3.2,3.15,3.2,1100,3333300,16.970366,19383.65,18950.0,18950,ATM-9,PUT,19400,2023-11-07
2023-11-07 14:46:00+05:30,3.2,3.2,3.15,3.15,300,3333300,17.043583,19387.45,18950.0,18950,ATM-9,PUT,19400,2023-11-07
2023-11-07 14:47:00+05:30,3.15,3.15,3.15,3.15,24450,3333300,16.942746,19384.1,18950.0,18950,ATM-9,PUT,19400,2023-11-07
2023-11-07 14:48:00+05:30,3.15,3.15,3.1,3.1,7750,3320050,17.02914,19388.35,18950.0,18950,ATM-9,PUT,19400,2023-11-07
2023-11-07 14:49:00+05:30,3.1,3.15,3.05,3.05,48300,3320050,17.055937,19390.7,18950.0,18950,ATM-9,PUT,19400,2023-11-07
2023-11-07 14:50:00+05:30,3.05,3.1,3.0,3.0,45400,3320050,17.026656,19391.25,18950.0,18950,ATM-9,PUT,19400,2023-11-07
2023-11-07 14:51:00+05:30,3.0,3.05,3.0,3.0,20300,3297400,17.190555,19396.5,18950.0,18950,ATM-9,PUT,19400,2023-11-07
2023-11-07 14:52:00+05:30,3.0,3.0,2.95,3.0,44250,3297400,17.302179,19400.05,18950.0,18950,ATM-9,PUT,19400,2023-11-07
2023-11-07 14:53:00+05:30,3.0,3.0,2.95,3.0,5200,3297400,17.283585,19399.35,18950.0,18950,ATM-9,PUT,19400,2023-11-07
2023-11-07 14:54:00+05:30,3.0,3.0,2.95,2.95,11600,3294600,17.121627,19395.6,18950.0,18950,ATM-9,PUT,19400,2023-11-07
2023-11-07 14:55:00+05:30,2.95,3.0,2.95,2.95,29500,3294600,17.185678,19397.6,18950.0,18950,ATM-9,PUT,19400,2023-11-07
2023-11-07 14:56:00+05:30,2.95,3.0,2.95,3.0,22400,3294600,17.276809,19398.85,18950.0,18950,ATM-9,PUT,19400,2023-11-07
2023-11-07 14:57:00+05:30,3.0,3.0,2.95,3.0,25650,3289950,17.319518,19400.15,18950.0,18950,ATM-9,PUT,19400,2023-11-07
2023-11-07 14:58:00+05:30,3.0,3.0,2.95,3.0,17150,3289950,17.353032,19401.15,18950.0,18950,ATM-9,PUT,19400,2023-11-07
2023-11-07 14:59:00+05:30,2.95,3.05,2.95,2.95,94000,3289950,17.241424,19399.05,18950.0,18950,ATM-9,PUT,19400,2023-11-07
2023-11-07 15:00:00+05:30,3.0,3.0,2.9,2.9,89850,3289700,17.404237,19405.95,18950.0,18950,ATM-9,PUT,19400,2023-11-07
2023-11-07 15:01:00+05:30,2.95,2.95,2.85,2.9,69150,3289700,17.263712,19401.25,18950.0,18950,ATM-9,PUT,19400,2023-11-07
2023-11-07 15:02:00+05:30,2.9,3.0,2.85,2.9,197200,3289700,17.289469,19402.0,18950.0,18950,ATM-9,PUT,19400,2023-11-07
2023-11-07 15:03:00+05:30,2.9,2.95,2.8,2.8,91100,3275000,17.243798,19403.8,18950.0,18950,ATM-9,PUT,19400,2023-11-07
2023-11-07 15:04:00+05:30,2.8,2.85,2.8,2.85,47850,3275000,17.33522,19405.0,18950.0,18950,ATM-9,PUT,19400,2023-11-07
2023-11-07 15:05:00+05:30,2.85,2.85,2.75,2.75,97050,3275000,17.365094,19409.35,18950.0,18950,ATM-9,PUT,19400,2023-11-07
2023-11-07 15:06:00+05:30,2.8,2.85,2.75,2.8,57450,3294000,17.436126,19409.85,18950.0,18950,ATM-9,PUT,19400,2023-11-07
2023-11-07 15:07:00+05:30,2.8,2.85,2.8,2.85,40050,3294000,17.28289,19403.0,18950.0,18950,ATM-9,PUT,19400,2023-11-07
2023-11-07 15:08:00+05:30,2.8,2.85,2.8,2.85,44050,3294000,17.18051,19399.55,18950.0,18950,ATM-9,PUT,19400,2023-11-07
2023-11-07 15:09:00+05:30,2.85,2.9,2.8,2.9,37600,3309050,17.182574,19397.85,18950.0,18950,ATM-9,PUT,19400,2023-11-07
2023-11-07 15:10:00+05:30,2.9,2.95,2.85,2.9,56800,3309050,17.200729,19398.35,18950.0,18950,ATM-9,PUT,19400,2023-11-07
2023-11-07 15:11:00+05:30,2.95,2.95,2.9,2.95,51950,3309050,17.245026,19398.05,18950.0,18950,ATM-9,PUT,19400,2023-11-07
2023-11-07 15:12:00+05:30,2.9,2.95,2.9,2.95,77100,3305400,17.249422,19398.1,18950.0,18950,ATM-9,PUT,19400,2023-11-07
2023-11-07 15:13:00+05:30,2.9,3.0,2.9,2.9,70000,3305400,17.083637,19394.25,18950.0,18950,ATM-9,PUT,19400,2023-11-07
2023-11-07 15:14:00+05:30,2.9,2.9,2.85,2.85,76550,3305400,17.151776,19398.05,18950.0,18950,ATM-9,PUT,19400,2023-11-07
2023-11-07 15:15:00+05:30,2.85,2.9,2.85,2.85,217500,3338750,17.226447,19400.4,18950.0,18950,ATM-9,PUT,19400,2023-11-07
2023-11-07 15:16:00+05:30,2.85,2.85,2.8,2.8,66150,3338750,17.244461,19402.6,18950.0,18950,ATM-9,PUT,19400,2023-11-07
2023-11-07 15:17:00+05:30,2.8,2.85,2.75,2.8,57400,3338750,17.384358,19407.1,18950.0,18950,ATM-9,PUT,19400,2023-11-07
2023-11-07 15:18:00+05:30,2.8,2.85,2.75,2.8,242400,3370250,17.4481,19409.1,18950.0,18950,ATM-9,PUT,19400,2023-11-07
2023-11-07 15:19:00+05:30,2.85,2.85,2.75,2.75,100400,3370250,17.470744,19411.5,18950.0,18950,ATM-9,PUT,19400,2023-11-07
2023-11-07 15:20:00+05:30,2.85,2.85,2.8,2.8,176900,3370250,17.570978,19412.95,18950.0,18950,ATM-9,PUT,19400,2023-11-07
2023-11-07 15:21:00+05:30,2.8,2.85,2.8,2.8,69100,3490800,17.665044,19415.95,18950.0,18950,ATM-9,PUT,19400,2023-11-07
2023-11-07 15:22:00+05:30,2.8,2.85,2.75,2.8,134950,3490800,17.646728,19415.25,18950.0,18950,ATM-9,PUT,19400,2023-11-07
2023-11-07 15:23:00+05:30,2.8,2.8,2.7,2.75,99450,3490800,17.644634,19416.85,18950.0,18950,ATM-9,PUT,19400,2023-11-07
2023-11-07 15:24:00+05:30,2.7,2.75,2.65,2.7,130400,3531450,17.620546,19417.75,18950.0,18950,ATM-9,PUT,19400,2023-11-07
2023-11-07 15:25:00+05:30,2.7,2.75,2.6,2.65,329300,3531450,17.542913,19416.9,18950.0,18950,ATM-9,PUT,19400,2023-11-07
2023-11-07 15:26:00+05:30,2.65,2.7,2.65,2.7,116750,3531450,17.653642,19418.65,18950.0,18950,ATM-9,PUT,19400,2023-11-07
2023-11-07 15:27:00+05:30,2.7,2.75,2.65,2.75,131750,3563500,17.653388,19416.75,18950.0,18950,ATM-9,PUT,19400,2023-11-07
2023-11-07 15:28:00+05:30,2.75,2.8,2.65,2.7,178450,3563500,17.449134,19411.7,18950.0,18950,ATM-9,PUT,19400,2023-11-07
2023-11-07 15:29:00+05:30,2.6,2.75,2.55,2.7,368300,3563500,17.618626,19417.2,18950.0,18950,ATM-9,PUT,19400,2023-11-07
2023-11-07 09:15:00+05:30,530.4,534.0,530.4,534.0,150,14950,18.1126,19369.7,18850.0,18900,ATM-10,CALL,19400,2023-11-07
2023-11-07 09:16:00+05:30,534.0,534.0,527.25,527.25,50,14950,23.381474,19354.55,18850.0,18900,ATM-10,CALL,19400,2023-11-07
2023-11-07 09:17:00+05:30,527.25,530.75,527.25,530.75,50,14850,23.574849,19357.9,18850.0,18900,ATM-10,CALL,19400,2023-11-07
2023-11-07 09:18:00+05:30,530.75,530.75,530.7,530.7,100,14850,20.915242,19362.85,18850.0,18900,ATM-10,CALL,19400,2023-11-07
2023-11-07 09:19:00+05:30,530.7,530.7,530.7,530.7,0,14850,20.915242,19364.7,18850.0,18900,ATM-10,CALL,19400,2023-11-07
2023-11-07 09:20:00+05:30,530.7,530.7,530.7,530.7,0,14850,20.915242,19373.9,18850.0,18900,ATM-10,CALL,19400,2023-11-07
2023-11-07 09:21:00+05:30,530.7,539.45,530.7,539.45,50,14900,21.824277,19370.6,18850.0,18900,ATM-10,CALL,19400,2023-11-07
2023-11-07 09:22:00+05:30,489.4,493.9,489.4,493.9,200,112750,20.148232,19375.3,18900.0,18900,ATM-10,CALL,19400,2023-11-07
2023-11-07 09:23:00+05:30,493.9,496.0,492.1,496.0,150,112000,18.279919,19380.3,18900.0,18900,ATM-10,CALL,19400,2023-11-07
2023-11-07 09:24:00+05:30,496.0,500.4,496.0,498.9,300,112000,19.187458,19382.1,18900.0,18900,ATM-10,CALL,19400,2023-11-07
2023-11-07 09:25:00+05:30,498.9,498.9,498.4,498.4,150,112000,19.347384,19381.35,18900.0,18900,ATM-10,CALL,19400,2023-11-07
2023-11-07 09:26:00+05:30,550.0,550.0,540.9,540.9,400,14750,20.341935,19374.4,18850.0,18900,ATM-10,CALL,19400,2023-11-07
2023-11-07 09:27:00+05:30,540.9,540.9,540.9,540.9,0,14750,20.341935,19375.9,18900.0,18900,ATM-10,CALL,19400,2023-11-07
2023-11-07 09:28:00+05:30,540.9,544.5,540.9,544.5,300,14750,23.383058,19373.15,18850.0,18900,ATM-10,CALL,19400,2023-11-07
2023-11-07 09:29:00+05:30,544.5,544.5,542.0,542.0,150,14550,23.502236,19370.25,18850.0,18900,ATM-10,CALL,19400,2023-11-07
2023-11-07 09:30:00+05:30,542.0,542.0,542.0,542.0,0,14550,23.502236,19368.15,18850.0,18900,ATM-10,CALL,19400,2023-11-07
2023-11-07 09:31:00+05:30,542.0,542.0,542.0,542.0,0,14550,23.502236,19371.35,18850.0,18900,ATM-10,CALL,19400,2023-11-07
2023-11-07 09:32:00+05:30,542.0,542.0,542.0,542.0,0,14550,23.502236,19372.6,18850.0,18900,ATM-10,CALL,19400,2023-11-07
2023-11-07 09:33:00+05:30,542.0,542.7,542.0,542.7,50,14550,22.728003,19372.55,18850.0,18900,ATM-10,CALL,19400,2023-11-07
2023-11-07 09:34:00+05:30,542.7,542.7,542.7,542.7,0,14550,22.728003,19367.05,18850.0,18900,ATM-10,CALL,19400,2023-11-07
2023-11-07 09:35:00+05:30,542.7,542.7,542.7,542.7,0,14550,22.728003,19366.2,18850.0,18900,ATM-10,CALL,19400,2023-11-07
2023-11-07 09:36:00+05:30,542.7,542.7,542.7,542.7,0,14550,22.728003,19366.7,18850.0,18900,ATM-10,CALL,19400,2023-11-07
2023-11-07 09:37:00+05:30,542.7,542.7,542.7,542.7,0,14550,22.728003,19368.55,18850.0,18900,ATM-10,CALL,19400,2023-11-07
2023-11-07 09:38:00+05:30,542.7,542.7,542.7,542.7,0,14550,22.728003,19364.1,18850.0,18900,ATM-10,CALL,19400,2023-11-07
2023-11-07 09:39:00+05:30,542.7,542.7,542.7,542.7,0,14550,22.728003,19360.6,18850.0,18900,ATM-10,CALL,19400,2023-11-07
2023-11-07 09:40:00+05:30,542.7,542.7,538.75,538.75,50,14600,25.613143,19362.0,18850.0,18900,ATM-10,CALL,19400,2023-11-07
2023-11-07 09:41:00+05:30,538.75,538.75,538.75,538.75,0,14600,25.613143,19363.55,18850.0,18900,ATM-10,CALL,19400,2023-11-07
2023-11-07 09:42:00+05:30,538.75,538.75,538.75,538.75,0,14600,25.613143,19363.0,18850.0,18900,ATM-10,CALL,19400,2023-11-07
2023-11-07 09:43:00+05:30,538.75,538.75,538.75,538.75,0,14600,25.613143,19365.15,18850.0,18900,ATM-10,CALL,19400,2023-11-07
2023-11-07 09:44:00+05:30,538.75,538.75,538.75,538.75,0,14600,25.613143,19366.5,18850.0,18900,ATM-10,CALL,19400,2023-11-07
2023-11-07 09:45:00+05:30,538.75,538.75,538.75,538.75,0,14600,25.613143,19366.45,18850.0,18900,ATM-10,CALL,19400,2023-11-07
2023-11-07 09:46:00+05:30,538.75,538.75,538.75,538.75,0,14600,25.613143,19362.65,18850.0,18900,ATM-10,CALL,19400,2023-11-07
2023-11-07 09:47:00+05:30,538.75,538.75,538.75,538.75,0,14600,25.613143,19355.65,18850.0,18900,ATM-10,CALL,19400,2023-11-07
2023-11-07 09:48:00+05:30,538.75,538.75,538.75,538.75,0,14600,25.613143,19358.85,18850.0,18900,ATM-10,CALL,19400,2023-11-07
2023-11-07 09:49:00+05:30,538.75,541.0,538.75,541.0,50,14600,25.993181,19363.6,18850.0,18900,ATM-10,CALL,19400,2023-11-07
2023-11-07 09:50:00+05:30,541.0,541.0,541.0,541.0,0,14600,25.993181,19359.4,18850.0,18900,ATM-10,CALL,19400,2023-11-07
2023-11-07 09:51:00+05:30,541.0,541.0,541.0,541.0,0,14600,25.993181,19362.8,18850.0,18900,ATM-10,CALL,19400,2023-11-07
2023-11-07 09:52:00+05:30,541.0,541.0,541.0,541.0,0,14600,25.993181,19363.6,18850.0,18900,ATM-10,CALL,19400,2023-11-07
2023-11-07 09:53:00+05:30,541.0,541.0,541.0,541.0,0,14600,25.993181,19362.1,18850.0,18900,ATM-10,CALL,19400,2023-11-07
2023-11-07 09:54:00+05:30,541.0,541.0,541.0,541.0,0,14600,25.993181,19363.85,18850.0,18900,ATM-10,CALL,19400,2023-11-07
2023-11-07 09:55:00+05:30,541.0,541.0,541.0,541.0,0,14600,25.993181,19369.0,18850.0,18900,ATM-10,CALL,19400,2023-11-07
2023-11-07 09:56:00+05:30,541.0,542.0,541.0,542.0,50,14550,26.680805,19362.95,18850.0,18900,ATM-10,CALL,19400,2023-11-07
2023-11-07 09:57:00+05:30,542.0,542.0,542.0,542.0,0,14550,26.680805,19361.45,18850.0,18900,ATM-10,CALL,19400,2023-11-07
2023-11-07 09:58:00+05:30,542.0,542.0,542.0,542.0,0,14550,26.680805,19356.1,18850.0,18900,ATM-10,CALL,19400,2023-11-07
2023-11-07 09:59:00+05:30,542.0,542.0,538.0,540.05,250,14500,27.64814,19358.05,18850.0,18900,ATM-10,CALL,19400,2023-11-07
2023-11-07 10:00:00+05:30,540.05,540.05,540.05,540.05,0,14500,27.64814,19356.0,18850.0,18900,ATM-10,CALL,19400,2023-11-07
2023-11-07 10:01:00+05:30,540.05,541.45,540.05,541.45,50,14500,27.044563,19361.4,18850.0,18900,ATM-10,CALL,19400,2023-11-07
2023-11-07 10:02:00+05:30,541.45,541.45,541.45,541.45,0,14500,27.044563,19356.3,18850.0,18900,ATM-10,CALL,19400,2023-11-07
2023-11-07 10:03:00+05:30,541.45,541.45,541.45,541.45,0,14500,27.044563,19353.2,18850.0,18900,ATM-10,CALL,19400,2023-11-07
2023-11-07 10:04:00+05:30,541.45,541.45,541.45,541.45,0,14500,27.044563,19350.75,18850.0,18900,ATM-10,CALL,19400,2023-11-07
2023-11-07 10:05:00+05:30,541.45,541.45,528.9,528.9,100,14450,26.046776,19350.4,18850.0,18900,ATM-10,CALL,19400,2023-11-07
2023-11-07 10:06:00+05:30,528.9,528.9,528.9,528.9,0,14450,26.046776,19351.9,18850.0,18900,ATM-10,CALL,19400,2023-11-07
2023-11-07 10:07:00+05:30,528.9,528.9,528.9,528.9,0,14450,26.046776,19350.5,18850.0,18900,ATM-10,CALL,19400,2023-11-07
2023-11-07 10:08:00+05:30,528.9,528.9,528.9,528.9,0,14450,26.046776,19355.3,18850.0,18900,ATM-10,CALL,19400,2023-11-07
2023-11-07 10:09:00+05:30,528.9,528.9,528.9,528.9,0,14450,26.046776,19357.6,18850.0,18900,ATM-10,CALL,19400,2023-11-07
2023-11-07 10:10:00+05:30,528.9,537.55,528.9,537.55,50,14450,26.930792,19357.55,18850.0,18900,ATM-10,CALL,19400,2023-11-07
2023-11-07 10:11:00+05:30,537.55,537.55,537.55,537.55,0,14450,26.930792,19359.0,18850.0,18900,ATM-10,CALL,19400,2023-11-07
2023-11-07 10:12:00+05:30,537.55,537.55,537.55,537.55,0,14450,26.930792,19360.9,18850.0,18900,ATM-10,CALL,19400,2023-11-07
2023-11-07 10:13:00+05:30,537.55,537.55,537.55,537.55,0,14450,26.930792,19364.3,18850.0,18900,ATM-10,CALL,19400,2023-11-07
2023-11-07 10:14:00+05:30,537.55,537.55,537.55,537.55,0,14450,26.930792,19366.2,18850.0,18900,ATM-10,CALL,19400,2023-11-07
2023-11-07 10:15:00+05:30,537.55,537.55,537.55,537.55,0,14450,26.930792,19364.6,18850.0,18900,ATM-10,CALL,19400,2023-11-07
2023-11-07 10:16:00+05:30,537.55,537.55,537.55,537.55,0,14450,26.930792,19365.45,18850.0,18900,ATM-10,CALL,19400,2023-11-07
2023-11-07 10:17:00+05:30,537.55,537.55,537.55,537.55,0,14450,26.930792,19362.75,18850.0,18900,ATM-10,CALL,19400,2023-11-07
2023-11-07 10:18:00+05:30,537.55,537.55,537.55,537.55,0,14450,26.930792,19363.95,18850.0,18900,ATM-10,CALL,19400,2023-11-07
2023-11-07 10:19:00+05:30,537.55,537.55,537.55,537.55,0,14450,26.930792,19369.55,18850.0,18900,ATM-10,CALL,19400,2023-11-07
2023-11-07 10:20:00+05:30,537.55,560.75,537.55,560.75,350,14500,30.363338,19373.05,18850.0,18900,ATM-10,CALL,19400,2023-11-07
2023-11-07 10:21:00+05:30,560.75,560.75,559.55,559.55,50,14500,30.080557,19372.65,18850.0,18900,ATM-10,CALL,19400,2023-11-07
2023-11-07 10:22:00+05:30,559.55,559.55,559.55,559.55,0,14500,30.080557,19371.5,18850.0,18900,ATM-10,CALL,19400,2023-11-07
2023-11-07 10:23:00+05:30,559.55,559.55,549.55,549.55,50,14500,28.941925,19365.1,18850.0,18900,ATM-10,CALL,19400,2023-11-07
2023-11-07 10:24:00+05:30,549.55,549.55,549.55,549.55,0,14500,28.941925,19365.9,18850.0,18900,ATM-10,CALL,19400,2023-11-07
2023-11-07 10:25:00+05:30,549.55,549.55,549.55,549.55,0,14500,28.941925,19371.7,18850.0,18900,ATM-10,CALL,19400,2023-11-07
2023-11-07 10:26:00+05:30,549.55,549.55,549.55,549.55,0,14500,28.941925,19372.5,18850.0,18900,ATM-10,CALL,19400,2023-11-07
2023-11-07 10:27:00+05:30,549.55,549.55,549.55,549.55,0,14500,28.941925,19369.25,18850.0,18900,ATM-10,CALL,19400,2023-11-07
2023-11-07 10:28:00+05:30,549.55,549.55,549.55,549.55,0,14500,28.941925,19370.25,18850.0,18900,ATM-10,CALL,19400,2023-11-07
2023-11-07 10:29:00+05:30,549.55,549.55,549.55,549.55,0,14500,28.941925,19370.65,18850.0,18900,ATM-10,CALL,19400,2023-11-07
2023-11-07 10:30:00+05:30,549.55,557.0,549.55,557.0,50,14450,28.929722,19373.6,18850.0,18900,ATM-10,CALL,19400,2023-11-07
2023-11-07 10:31:00+05:30,506.35,507.95,506.35,507.95,200,110300,26.32018,19376.55,18900.0,18900,ATM-10,CALL,19400,2023-11-07
2023-11-07 10:32:00+05:30,507.95,511.55,507.95,509.2,300,110200,27.013811,19375.8,18900.0,18900,ATM-10,CALL,19400,2023-11-07
2023-11-07 10:33:00+05:30,509.2,509.2,509.2,509.2,0,110200,27.013811,19374.35,18850.0,18900,ATM-10,CALL,19400,2023-11-07
2023-11-07 10:34:00+05:30,509.2,509.2,509.2,509.2,0,110200,27.013811,19375.5,18900.0,18900,ATM-10,CALL,19400,2023-11-07
2023-11-07 10:35:00+05:30,510.1,516.3,510.1,516.3,150,109800,26.759553,19384.6,18900.0,18900,ATM-10,CALL,19400,2023-11-07
2023-11-07 10:36:00+05:30,516.3,518.55,515.6,515.9,650,109800,28.075627,19379.95,18900.0,18900,ATM-10,CALL,19400,2023-11-07
2023-11-07 10:37:00+05:30,515.9,515.9,515.9,515.9,0,109800,28.075627,19381.45,18900.0,18900,ATM-10,CALL,19400,2023-11-07
2023-11-07 10:38:00+05:30,515.9,515.9,515.15,515.15,50,109800,27.464867,19381.15,18900.0,18900,ATM-10,CALL,19400,2023-11-07
2023-11-07 10:39:00+05:30,515.15,515.15,515.15,515.15,0,109800,27.464867,19385.3,18900.0,18900,ATM-10,CALL,19400,2023-11-07
2023-11-07 10:40:00+05:30,515.15,521.15,515.15,521.15,200,109600,27.584345,19387.55,18900.0,18900,ATM-10,CALL,19400,2023-11-07
2023-11-07 10:41:00+05:30,521.15,526.15,521.15,523.25,850,109450,27.416483,19390.45,18900.0,18900,ATM-10,CALL,19400,2023-11-07
2023-11-07 10:42:00+05:30,523.25,523.25,518.25,518.25,150,109450,26.265472,19388.35,18900.0,18900,ATM-10,CALL,19400,2023-11-07
2023-11-07 10:43:00+05:30,518.25,518.25,518.25,518.25,0,109450,26.265472,19387.55,18900.0,18900,ATM-10,CALL,19400,2023-11-07
2023-11-07 10:44:00+05:30,518.25,520.75,518.25,520.75,50,109450,25.583085,19393.05,18900.0,18900,ATM-10,CALL,19400,2023-11-07
2023-11-07 10:45:00+05:30,520.75,520.75,520.75,520.75,0,109450,25.583085,19392.95,18900.0,18900,ATM-10,CALL,19400,2023-11-07
2023-11-07 10:46:00+05:30,520.75,520.75,519.55,519.55,200,108700,26.10908,19390.3,18900.0,18900,ATM-10,CALL,19400,2023-11-07
2023-11-07 10:47:00+05:30,519.55,519.55,515.95,515.95,50,108700,24.932043,19389.55,18900.0,18900,ATM-10,CALL,19400,2023-11-07
2023-11-07 10:48:00+05:30,517.85,519.15,517.85,519.15,450,108550,26.069572,19390.0,18900.0,18900,ATM-10,CALL,19400,2023-11-07
2023-11-07 10:49:00+05:30,519.15,519.15,519.15,519.15,0,108550,26.069572,19391.4,18900.0,18900,ATM-10,CALL,19400,2023-11-07
2023-11-07 10:50:00+05:30,519.15,519.15,519.15,519.15,0,108550,26.069572,19391.6,18900.0,18900,ATM-10,CALL,19400,2023-11-07
2023-11-07 10:51:00+05:30,516.95,516.95,516.95,516.95,50,108250,26.14351,19387.4,18900.0,18900,ATM-10,CALL,19400,2023-11-07
2023-11-07 10:52:00+05:30,516.95,516.95,504.4,504.4,350,108250,22.861359,19382.05,18900.0,18900,ATM-10,CALL,19400,2023-11-07
2023-11-07 10:53:00+05:30,504.4,508.9,504.4,508.9,100,107850,23.467024,19385.55,18900.0,18900,ATM-10,CALL,19400,2023-11-07
2023-11-07 10:54:00+05:30,508.9,508.9,508.45,508.45,100,107850,23.499611,19385.0,18900.0,18900,ATM-10,CALL,19400,2023-11-07
2023-11-07 10:55:00+05:30,505.35,505.75,505.35,505.75,150,107850,22.290203,19384.75,18900.0,18900,ATM-10,CALL,19400,2023-11-07
2023-11-07 10:56:00+05:30,505.75,505.75,503.15,503.15,50,107600,20.711239,19384.95,18900.0,18900,ATM-10,CALL,19400,2023-11-07
2023-11-07 10:57:00+05:30,503.15,503.15,501.05,501.05,50,107600,20.765343,19382.65,18900.0,18900,ATM-10,CALL,19400,2023-11-07
2023-11-07 10:58:00+05:30,501.05,505.65,501.05,505.65,200,107600,22.130252,19385.0,18900.0,18900,ATM-10,CALL,19400,2023-11-07
2023-11-07 10:59:00+05:30,505.65,505.65,501.0,501.0,100,107400,21.622833,19381.05,18900.0,18900,ATM-10,CALL,19400,2023-11-07
2023-11-07 11:00:00+05:30,501.0,503.85,501.0,503.85,100,107400,22.420093,19382.5,18900.0,18900,ATM-10,CALL,19400,2023-11-07
2023-11-07 11:01:00+05:30,503.85,505.0,503.85,505.0,50,107400,22.148833,19384.3,18900.0,18900,ATM-10,CALL,19400,2023-11-07
2023-11-07 11:02:00+05:30,505.0,505.0,503.95,503.95,200,107400,20.084976,19386.85,18900.0,18900,ATM-10,CALL,19400,2023-11-07
2023-11-07 11:03:00+05:30,503.95,503.95,503.95,503.95,0,107400,20.084976,19387.25,18900.0,18900,ATM-10,CALL,19400,2023-11-07
2023-11-07 11:04:00+05:30,503.95,506.85,503.95,506.85,450,107100,21.898364,19386.8,18900.0,18900,ATM-10,CALL,19400,2023-11-07
2023-11-07 11:05:00+05:30,506.85,506.85,506.85,506.85,0,107100,21.898364,19386.15,18900.0,18900,ATM-10,CALL,19400,2023-11-07
2023-11-07 11:06:00+05:30,506.85,506.85,506.85,506.85,0,107100,21.898364,19387.9,18900.0,18900,ATM-10,CALL,19400,2023-11-07
2023-11-07 11:07:00+05:30,506.85,506.85,506.85,506.85,0,107100,21.898364,19389.3,18900.0,18900,ATM-10,CALL,19400,2023-11-07
2023-11-07 11:08:00+05:30,506.85,506.85,506.85,506.85,0,107100,21.898364,19390.1,18900.0,18900,ATM-10,CALL,19400,2023-11-07
2023-11-07 11:09:00+05:30,506.85,516.7,506.85,516.7,450,107000,23.561815,19393.95,18900.0,18900,ATM-10,CALL,19400,2023-11-07
2023-11-07 11:10:00+05:30,516.65,519.05,516.65,519.05,550,107000,24.110827,19395.25,18900.0,18900,ATM-10,CALL,19400,2023-11-07
2023-11-07 11:11:00+05:30,519.05,519.05,514.95,514.95,50,107000,21.354679,19396.45,18900.0,18900,ATM-10,CALL,19400,2023-11-07
2023-11-07 11:12:00+05:30,514.95,514.95,514.95,514.95,100,106600,22.571582,19394.2,18900.0,18900,ATM-10,CALL,19400,2023-11-07
2023-11-07 11:13:00+05:30,514.95,514.95,514.95,514.95,0,106600,22.571582,19391.45,18900.0,18900,ATM-10,CALL,19400,2023-11-07
2023-11-07 11:14:00+05:30,514.95,514.95,513.2,513.2,50,106500,22.320895,19392.85,18900.0,18900,ATM-10,CALL,19400,2023-11-07
2023-11-07 11:15:00+05:30,513.2,513.2,508.75,508.75,2050,106500,21.622854,19389.45,18900.0,18900,ATM-10,CALL,19400,2023-11-07
2023-11-07 11:16:00+05:30,508.75,508.75,508.55,508.55,300,106500,20.754462,19390.75,18900.0,18900,ATM-10,CALL,19400,2023-11-07
2023-11-07 11:17:00+05:30,508.55,510.75,508.55,510.75,50,106500,20.251936,19393.85,18900.0,18900,ATM-10,CALL,19400,2023-11-07
2023-11-07 11:18:00+05:30,510.75,510.75,510.75,510.75,0,106500,20.251936,19398.0,18900.0,18900,ATM-10,CALL,19400,2023-11-07
2023-11-07 11:19:00+05:30,510.75,510.75,510.75,510.75,0,106500,20.251936,19396.5,18900.0,18900,ATM-10,CALL,19400,2023-11-07
2023-11-07 11:20:00+05:30,510.75,510.75,510.75,510.75,0,106500,20.251936,19396.2,18900.0,18900,ATM-10,CALL,19400,2023-11-07
2023-11-07 11:21:00+05:30,510.75,510.75,510.75,510.75,0,106500,20.251936,19396.3,18900.0,18900,ATM-10,CALL,19400,2023-11-07
2023-11-07 11:22:00+05:30,510.75,514.2,510.75,514.2,100,104150,22.321006,19394.0,18900.0,18900,ATM-10,CALL,19400,2023-11-07
2023-11-07 11:23:00+05:30,514.2,514.2,514.2,514.2,0,104150,22.321006,19391.25,18900.0,18900,ATM-10,CALL,19400,2023-11-07
2023-11-07 11:24:00+05:30,514.2,514.2,509.4,509.4,150,104050,21.387245,19390.65,18900.0,18900,ATM-10,CALL,19400,2023-11-07
2023-11-07 11:25:00+05:30,510.85,512.9,510.85,512.9,100,104050,23.102458,19391.05,18900.0,18900,ATM-10,CALL,19400,2023-11-07
2023-11-07 11:26:00+05:30,512.9,512.9,512.9,512.9,0,104050,23.102458,19388.35,18900.0,18900,ATM-10,CALL,19400,2023-11-07
2023-11-07 11:27:00+05:30,512.9,512.9,510.0,510.0,200,104050,21.044377,19391.9,18900.0,18900,ATM-10,CALL,19400,2023-11-07
2023-11-07 11:28:00+05:30,510.0,510.0,510.0,510.0,0,104050,21.044377,19389.7,18900.0,18900,ATM-10,CALL,19400,2023-11-07
2023-11-07 11:29:00+05:30,509.5,509.5,509.5,509.5,50,104050,21.912214,19389.85,18900.0,18900,ATM-10,CALL,19400,2023-11-07
2023-11-07 11:30:00+05:30,509.5,509.5,509.5,509.5,0,104050,21.912214,19388.6,18900.0,18900,ATM-10,CALL,19400,2023-11-07
2023-11-07 11:31:00+05:30,509.5,509.5,505.0,505.0,150,103850,20.902903,19386.9,18900.0,18900,ATM-10,CALL,19400,2023-11-07
2023-11-07 11:32:00+05:30,505.0,505.0,505.0,505.0,150,103650,18.644117,19390.1,18900.0,18900,ATM-10,CALL,19400,2023-11-07
2023-11-07 11:33:00+05:30,505.0,505.0,505.0,505.0,0,103650,18.644117,19387.15,18900.0,18900,ATM-10,CALL,19400,2023-11-07
2023-11-07 11:34:00+05:30,505.0,505.0,505.0,505.0,0,103650,18.644117,19388.05,18900.0,18900,ATM-10,CALL,19400,2023-11-07
2023-11-07 11:35:00+05:30,505.0,509.0,505.0,509.0,1500,103650,19.398887,19393.35,18900.0,18900,ATM-10,CALL,19400,2023-11-07
2023-11-07 11:36:00+05:30,509.0,512.0,508.1,512.0,150,103250,20.19464,19395.4,18900.0,18900,ATM-10,CALL,19400,2023-11-07
2023-11-07 11:37:00+05:30,512.75,512.75,512.75,512.75,350,103250,21.540856,19394.05,18900.0,18900,ATM-10,CALL,19400,2023-11-07
2023-11-07 11:38:00+05:30,512.75,512.75,509.25,509.25,300,103250,19.577542,19393.4,18900.0,18900,ATM-10,CALL,19400,2023-11-07
2023-11-07 11:39:00+05:30,509.25,509.25,505.75,505.75,50,103450,19.283404,19390.15,18900.0,18900,ATM-10,CALL,19400,2023-11-07
2023-11-07 11:40:00+05:30,504.45,504.45,484.5,486.05,1100,103450,0.0,19376.55,18900.0,18900,ATM-10,CALL,19400,2023-11-07
2023-11-07 11:41:00+05:30,559.8,559.8,530.0,530.0,200,14250,19.015112,19365.65,18850.0,18900,ATM-10,CALL,19400,2023-11-07
2023-11-07 11:42:00+05:30,530.0,530.0,530.0,530.0,0,14250,19.015112,19359.4,18850.0,18900,ATM-10,CALL,19400,2023-11-07
2023-11-07 11:43:00+05:30,530.0,530.0,523.6,524.25,150,14250,22.340588,19355.0,18850.0,18900,ATM-10,CALL,19400,2023-11-07
2023-11-07 11:44:00+05:30,524.25,524.25,524.25,524.25,0,14250,22.340588,19354.7,18850.0,18900,ATM-10,CALL,19400,2023-11-07
2023-11-07 11:45:00+05:30,524.25,524.25,498.25,500.0,150,14300,0.0,19340.2,18850.0,18900,ATM-10,CALL,19400,2023-11-07
2023-11-07 11:46:00+05:30,500.0,503.95,500.0,503.95,100,14300,0.0,19345.7,18850.0,18900,ATM-10,CALL,19400,2023-11-07
2023-11-07 11:47:00+05:30,503.95,503.95,503.95,503.95,0,14300,0.0,19345.55,18850.0,18900,ATM-10,CALL,19400,2023-11-07
2023-11-07 11:48:00+05:30,503.95,503.95,503.95,503.95,0,14300,0.0,19341.9,18850.0,18900,ATM-10,CALL,19400,2023-11-07
2023-11-07 11:49:00+05:30,503.95,503.95,493.85,493.85,50,14300,0.0,19336.95,18850.0,18900,ATM-10,CALL,19400,2023-11-07
2023-11-07 11:50:00+05:30,493.85,493.85,493.85,493.85,0,14300,0.0,19341.5,18850.0,18900,ATM-10,CALL,19400,2023-11-07
2023-11-07 11:51:00+05:30,493.85,493.85,493.85,493.85,0,14300,0.0,19343.9,18850.0,18900,ATM-10,CALL,19400,2023-11-07
2023-11-07 11:52:00+05:30,493.85,501.65,493.85,501.65,50,14300,12.645408,19340.35,18850.0,18900,ATM-10,CALL,19400,2023-11-07
2023-11-07 11:53:00+05:30,501.65,501.65,501.65,501.65,0,14300,12.645408,19338.05,18850.0,18900,ATM-10,CALL,19400,2023-11-07
2023-11-07 11:54:00+05:30,501.65,501.65,493.85,493.85,50,14250,16.41456,19330.95,18850.0,18900,ATM-10,CALL,19400,2023-11-07
2023-11-07 11:55:00+05:30,489.95,489.95,489.95,489.95,100,14250,0.0,19343.05,18850.0,18900,ATM-10,CALL,19400,2023-11-07
2023-11-07 11:56:00+05:30,489.95,499.05,489.95,499.05,50,14150,0.0,19341.25,18850.0,18900,ATM-10,CALL,19400,2023-11-07
2023-11-07 11:57:00+05:30,499.05,499.05,499.05,499.05,0,14150,0.0,19342.5,18850.0,18900,ATM-10,CALL,19400,2023-11-07
2023-11-07 11:58:00+05:30,499.05,499.05,499.05,499.05,0,14150,0.0,19341.85,18850.0,18900,ATM-10,CALL,19400,2023-11-07
2023-11-07 11:59:00+05:30,499.05,501.2,499.05,501.2,50,14150,0.0,19344.9,18850.0,18900,ATM-10,CALL,19400,2023-11-07
2023-11-07 12:00:00+05:30,501.2,501.2,501.2,501.2,0,14150,0.0,19340.75,18850.0,18900,ATM-10,CALL,19400,2023-11-07
2023-11-07 12:01:00+05:30,501.2,501.2,501.2,501.2,0,14150,0.0,19340.35,18850.0,18900,ATM-10,CALL,19400,2023-11-07
2023-11-07 12:02:00+05:30,501.2,501.2,501.2,501.2,0,14150,0.0,19336.95,18850.0,18900,ATM-10,CALL,19400,2023-11-07
2023-11-07 12:03:00+05:30,501.2,501.2,501.2,501.2,0,14150,0.0,19341.8,18850.0,18900,ATM-10,CALL,19400,2023-11-07
2023-11-07 12:04:00+05:30,501.2,501.2,501.2,501.2,0,14150,0.0,19339.9,18850.0,18900,ATM-10,CALL,19400,2023-11-07
2023-11-07 12:05:00+05:30,501.2,501.2,499.55,499.55,100,14150,0.0,19344.3,18850.0,18900,ATM-10,CALL,19400,2023-11-07
2023-11-07 12:06:00+05:30,499.55,499.55,499.55,499.55,0,14150,0.0,19345.1,18850.0,18900,ATM-10,CALL,19400,2023-11-07
2023-11-07 12:07:00+05:30,499.55,499.55,499.55,499.55,0,14150,0.0,19350.85,18850.0,18900,ATM-10,CALL,19400,2023-11-07
2023-11-07 12:08:00+05:30,499.55,509.4,499.55,509.4,500,14100,14.578636,19349.65,18850.0,18900,ATM-10,CALL,19400,2023-11-07
2023-11-07 12:09:00+05:30,509.4,509.4,509.4,509.4,0,14100,14.578636,19350.45,18850.0,18900,ATM-10,CALL,19400,2023-11-07
2023-11-07 12:10:00+05:30,507.55,507.55,507.55,507.55,50,14050,0.0,19348.7,18850.0,18900,ATM-10,CALL,19400,2023-11-07
2023-11-07 12:11:00+05:30,507.55,507.55,507.55,507.55,0,14050,0.0,19350.75,18850.0,18900,ATM-10,CALL,19400,2023-11-07
2023-11-07 12:12:00+05:30,507.55,507.55,507.55,507.55,0,14050,0.0,19352.05,18850.0,18900,ATM-10,CALL,19400,2023-11-07
2023-11-07 12:13:00+05:30,507.55,507.55,507.55,507.55,0,14050,0.0,19349.4,18850.0,18900,ATM-10,CALL,19400,2023-11-07
2023-11-07 12:14:00+05:30,507.55,507.55,507.55,507.55,0,14050,0.0,19352.45,18850.0,18900,ATM-10,CALL,19400,2023-11-07
2023-11-07 12:15:00+05:30,507.55,507.55,507.55,507.55,0,14050,0.0,19352.7,18850.0,18900,ATM-10,CALL,19400,2023-11-07
2023-11-07 12:16:00+05:30,507.55,508.85,507.55,508.85,50,14050,0.0,19352.95,18850.0,18900,ATM-10,CALL,19400,2023-11-07
2023-11-07 12:17:00+05:30,508.85,508.85,508.85,508.85,0,14050,0.0,19352.35,18850.0,18900,ATM-10,CALL,19400,2023-11-07
2023-11-07 12:18:00+05:30,508.85,508.85,508.85,508.85,0,14050,0.0,19354.7,18850.0,18900,ATM-10,CALL,19400,2023-11-07
2023-11-07 12:19:00+05:30,508.85,513.0,508.85,513.0,100,14000,0.0,19359.15,18850.0,18900,ATM-10,CALL,19400,2023-11-07
2023-11-07 12:20:00+05:30,513.0,513.0,513.0,513.0,0,14000,0.0,19359.45,18850.0,18900,ATM-10,CALL,19400,2023-11-07
2023-11-07 12:21:00+05:30,513.0,513.0,513.0,513.0,0,14000,0.0,19357.3,18850.0,18900,ATM-10,CALL,19400,2023-11-07
2023-11-07 12:22:00+05:30,513.0,513.0,513.0,513.0,0,14000,0.0,19354.15,18850.0,18900,ATM-10,CALL,19400,2023-11-07
2023-11-07 12:23:00+05:30,513.0,513.0,513.0,513.0,0,14000,0.0,19353.75,18850.0,18900,ATM-10,CALL,19400,2023-11-07
2023-11-07 12:24:00+05:30,513.0,513.0,513.0,513.0,0,14000,0.0,19355.55,18850.0,18900,ATM-10,CALL,19400,2023-11-07
2023-11-07 12:25:00+05:30,513.0,513.0,513.0,513.0,0,14000,0.0,19356.25,18850.0,18900,ATM-10,CALL,19400,2023-11-07
2023-11-07 12:26:00+05:30,513.0,513.0,513.0,513.0,0,14000,0.0,19356.7,18850.0,18900,ATM-10,CALL,19400,2023-11-07
2023-11-07 12:27:00+05:30,513.0,513.0,513.0,513.0,0,14000,0.0,19354.9,18850.0,18900,ATM-10,CALL,19400,2023-11-07
2023-11-07 12:28:00+05:30,513.0,513.0,513.0,513.0,0,14000,0.0,19353.85,18850.0,18900,ATM-10,CALL,19400,2023-11-07
2023-11-07 12:29:00+05:30,513.0,513.0,513.0,513.0,0,14000,0.0,19353.4,18850.0,18900,ATM-10,CALL,19400,2023-11-07
2023-11-07 12:30:00+05:30,506.0,506.0,506.0,506.0,50,13900,0.0,19353.15,18850.0,18900,ATM-10,CALL,19400,2023-11-07
2023-11-07 12:31:00+05:30,506.0,506.0,506.0,506.0,0,13900,0.0,19351.2,18850.0,18900,ATM-10,CALL,19400,2023-11-07
2023-11-07 12:32:00+05:30,505.65,506.55,505.65,506.55,400,13900,0.0,19355.95,18850.0,18900,ATM-10,CALL,19400,2023-11-07
2023-11-07 12:33:00+05:30,506.55,514.5,506.55,514.5,50,13600,0.0,19357.55,18850.0,18900,ATM-10,CALL,19400,2023-11-07
2023-11-07 12:34:00+05:30,514.5,528.85,514.5,528.85,150,13600,18.668099,19365.15,18850.0,18900,ATM-10,CALL,19400,2023-11-07
2023-11-07 12:35:00+05:30,529.25,529.25,529.25,529.25,250,13600,16.527556,19367.1,18850.0,18900,ATM-10,CALL,19400,2023-11-07
2023-11-07 12:36:00+05:30,529.25,529.25,529.25,529.25,0,13600,16.527556,19363.8,18850.0,18900,ATM-10,CALL,19400,2023-11-07
2023-11-07 12:37:00+05:30,529.25,529.25,529.25,529.25,0,13600,16.527556,19367.95,18850.0,18900,ATM-10,CALL,19400,2023-11-07
2023-11-07 12:38:00+05:30,529.25,529.25,529.25,529.25,0,13600,16.527556,19367.75,18850.0,18900,ATM-10,CALL,19400,2023-11-07
2023-11-07 12:39:00+05:30,529.25,529.25,529.25,529.25,0,13600,16.527556,19365.7,18850.0,18900,ATM-10,CALL,19400,2023-11-07
2023-11-07 12:40:00+05:30,529.25,529.25,529.25,529.25,0,13600,16.527556,19364.9,18850.0,18900,ATM-10,CALL,19400,2023-11-07
2023-11-07 12:41:00+05:30,529.25,529.25,529.25,529.25,0,13600,16.527556,19365.95,18850.0,18900,ATM-10,CALL,19400,2023-11-07
2023-11-07 12:42:00+05:30,529.25,529.25,529.25,529.25,0,13600,16.527556,19364.55,18850.0,18900,ATM-10,CALL,19400,2023-11-07
2023-11-07 12:43:00+05:30,529.25,529.25,529.25,529.25,0,13600,16.527556,19364.25,18850.0,18900,ATM-10,CALL,19400,2023-11-07
2023-11-07 12:44:00+05:30,516.3,516.3,516.0,516.0,350,13600,0.0,19363.45,18850.0,18900,ATM-10,CALL,19400,2023-11-07
2023-11-07 12:45:00+05:30,516.2,516.2,516.2,516.2,50,13350,0.0,19365.45,18850.0,18900,ATM-10,CALL,19400,2023-11-07
2023-11-07 12:46:00+05:30,516.2,516.2,516.2,516.2,0,13350,0.0,19365.65,18850.0,18900,ATM-10,CALL,19400,2023-11-07
2023-11-07 12:47:00+05:30,516.2,516.2,516.2,516.2,0,13350,0.0,19368.85,18850.0,18900,ATM-10,CALL,19400,2023-11-07
2023-11-07 12:48:00+05:30,516.2,516.2,516.2,516.2,0,13350,0.0,19371.65,18850.0,18900,ATM-10,CALL,19400,2023-11-07
2023-11-07 12:49:00+05:30,516.2,523.2,516.2,523.2,50,13300,0.0,19371.85,18850.0,18900,ATM-10,CALL,19400,2023-11-07
2023-11-07 12:50:00+05:30,523.2,523.2,523.2,523.2,0,13300,0.0,19368.35,18850.0,18900,ATM-10,CALL,19400,2023-11-07
2023-11-07 12:51:00+05:30,523.2,523.2,523.2,523.2,0,13300,0.0,19369.8,18850.0,18900,ATM-10,CALL,19400,2023-11-07
2023-11-07 12:52:00+05:30,523.2,523.2,523.2,523.2,0,13300,0.0,19370.45,18850.0,18900,ATM-10,CALL,19400,2023-11-07
2023-11-07 12:53:00+05:30,523.2,523.2,523.2,523.2,0,13300,0.0,19368.1,18850.0,18900,ATM-10,CALL,19400,2023-11-07
2023-11-07 12:54:00+05:30,523.2,523.2,523.2,523.2,0,13300,0.0,19364.45,18850.0,18900,ATM-10,CALL,19400,2023-11-07
2023-11-07 12:55:00+05:30,515.75,515.75,515.75,515.75,50,13300,0.0,19362.1,18850.0,18900,ATM-10,CALL,19400,2023-11-07
2023-11-07 12:56:00+05:30,515.75,515.75,515.75,515.75,0,13300,0.0,19362.25,18850.0,18900,ATM-10,CALL,19400,2023-11-07
2023-11-07 12:57:00+05:30,515.75,515.75,515.75,515.75,0,13300,0.0,19364.0,18850.0,18900,ATM-10,CALL,19400,2023-11-07
2023-11-07 12:58:00+05:30,515.75,520.8,515.75,520.8,50,13300,0.0,19366.1,18850.0,18900,ATM-10,CALL,19400,2023-11-07
2023-11-07 12:59:00+05:30,520.8,520.8,520.8,520.8,0,13300,0.0,19366.85,18850.0,18900,ATM-10,CALL,19400,2023-11-07
2023-11-07 13:00:00+05:30,520.8,520.8,520.3,520.3,50,13300,0.0,19367.65,18850.0,18900,ATM-10,CALL,19400,2023-11-07
2023-11-07 13:01:00+05:30,520.3,520.3,520.3,520.3,0,13300,0.0,19369.55,18850.0,18900,ATM-10,CALL,19400,2023-11-07
2023-11-07 13:02:00+05:30,520.3,520.3,520.3,520.3,0,13300,0.0,19368.75,18850.0,18900,ATM-10,CALL,19400,2023-11-07
2023-11-07 13:03:00+05:30,520.3,523.45,520.3,523.45,150,13300,0.0,19370.45,18850.0,18900,ATM-10,CALL,19400,2023-11-07
2023-11-07 13:04:00+05:30,523.45,523.9,523.35,523.35,350,13300,0.0,19370.0,18850.0,18900,ATM-10,CALL,19400,2023-11-07
2023-11-07 13:05:00+05:30,523.35,523.35,522.15,522.15,50,13300,0.0,19369.25,18850.0,18900,ATM-10,CALL,19400,2023-11-07
2023-11-07 13:06:00+05:30,522.15,522.15,521.75,521.75,50,13300,0.0,19371.6,18850.0,18900,ATM-10,CALL,19400,2023-11-07
2023-11-07 13:07:00+05:30,521.75,521.75,521.75,521.75,0,13300,0.0,19369.1,18850.0,18900,ATM-10,CALL,19400,2023-11-07
2023-11-07 13:08:00+05:30,521.75,521.75,518.75,518.75,50,13300,0.0,19368.05,18850.0,18900,ATM-10,CALL,19400,2023-11-07
2023-11-07 13:09:00+05:30,518.75,518.75,518.75,518.75,0,13300,0.0,19367.5,18850.0,18900,ATM-10,CALL,19400,2023-11-07
2023-11-07 13:10:00+05:30,517.85,517.85,517.85,517.85,50,13300,0.0,19365.7,18850.0,18900,ATM-10,CALL,19400,2023-11-07
2023-11-07 13:11:00+05:30,517.85,517.85,517.85,517.85,0,13300,0.0,19368.85,18850.0,18900,ATM-10,CALL,19400,2023-11-07
2023-11-07 13:12:00+05:30,517.85,517.85,514.95,514.95,50,13300,0.0,19363.5,18850.0,18900,ATM-10,CALL,19400,2023-11-07
2023-11-07 13:13:00+05:30,511.8,511.8,508.5,508.5,300,13300,0.0,19363.5,18850.0,18900,ATM-10,CALL,19400,2023-11-07
2023-11-07 13:14:00+05:30,508.5,516.25,508.5,516.25,50,13300,0.0,19366.8,18850.0,18900,ATM-10,CALL,19400,2023-11-07
2023-11-07 13:15:00+05:30,516.25,516.25,516.25,516.25,0,13300,0.0,19366.3,18850.0,18900,ATM-10,CALL,19400,2023-11-07
2023-11-07 13:16:00+05:30,516.25,516.25,516.25,516.25,0,13300,0.0,19367.25,18850.0,18900,ATM-10,CALL,19400,2023-11-07
2023-11-07 13:17:00+05:30,516.25,516.25,516.25,516.25,0,13300,0.0,19365.85,18850.0,18900,ATM-10,CALL,19400,2023-11-07
2023-11-07 13:18:00+05:30,516.25,516.25,516.25,516.25,0,13300,0.0,19362.05,18850.0,18900,ATM-10,CALL,19400,2023-11-07
2023-11-07 13:19:00+05:30,516.25,516.25,516.25,516.25,0,13300,0.0,19362.15,18850.0,18900,ATM-10,CALL,19400,2023-11-07
2023-11-07 13:20:00+05:30,516.25,516.25,516.25,516.25,0,13300,0.0,19359.95,18850.0,18900,ATM-10,CALL,19400,2023-11-07
2023-11-07 13:21:00+05:30,516.25,516.25,508.65,508.65,100,13200,0.0,19357.65,18850.0,18900,ATM-10,CALL,19400,2023-11-07
2023-11-07 13:22:00+05:30,508.65,508.65,508.65,508.65,0,13200,0.0,19359.95,18850.0,18900,ATM-10,CALL,19400,2023-11-07
2023-11-07 13:23:00+05:30,508.65,508.65,508.65,508.65,0,13200,0.0,19361.65,18850.0,18900,ATM-10,CALL,19400,2023-11-07
2023-11-07 13:24:00+05:30,517.3,517.3,517.3,517.3,350,13100,0.0,19361.15,18850.0,18900,ATM-10,CALL,19400,2023-11-07
2023-11-07 13:25:00+05:30,517.3,517.3,517.3,517.3,0,13100,0.0,19364.05,18850.0,18900,ATM-10,CALL,19400,2023-11-07
2023-11-07 13:26:00+05:30,517.3,517.3,517.3,517.3,0,13100,0.0,19363.55,18850.0,18900,ATM-10,CALL,19400,2023-11-07
2023-11-07 13:27:00+05:30,517.3,517.3,517.3,517.3,0,13100,0.0,19358.65,18850.0,18900,ATM-10,CALL,19400,2023-11-07
2023-11-07 13:28:00+05:30,517.3,517.3,517.3,517.3,0,13100,0.0,19357.65,18850.0,18900,ATM-10,CALL,19400,2023-11-07
2023-11-07 13:29:00+05:30,517.3,517.3,517.3,517.3,0,13100,0.0,19355.35,18850.0,18900,ATM-10,CALL,19400,2023-11-07
2023-11-07 13:30:00+05:30,517.3,517.3,517.3,517.3,0,13100,0.0,19356.3,18850.0,18900,ATM-10,CALL,19400,2023-11-07
2023-11-07 13:31:00+05:30,517.3,517.3,517.3,517.3,0,13100,0.0,19354.8,18850.0,18900,ATM-10,CALL,19400,2023-11-07
2023-11-07 13:32:00+05:30,517.3,517.3,517.3,517.3,0,13100,0.0,19361.65,18850.0,18900,ATM-10,CALL,19400,2023-11-07
2023-11-07 13:33:00+05:30,517.3,517.3,517.3,517.3,0,13100,0.0,19364.5,18850.0,18900,ATM-10,CALL,19400,2023-11-07
2023-11-07 13:34:00+05:30,517.3,517.3,517.3,517.3,0,13100,0.0,19370.85,18850.0,18900,ATM-10,CALL,19400,2023-11-07
2023-11-07 13:35:00+05:30,517.3,532.25,517.3,532.25,50,13100,0.0,19372.5,18850.0,18900,ATM-10,CALL,19400,2023-11-07
2023-11-07 13:36:00+05:30,532.25,532.25,526.35,526.35,50,13150,0.0,19370.1,18850.0,18900,ATM-10,CALL,19400,2023-11-07
2023-11-07 13:37:00+05:30,526.35,526.35,526.35,526.35,0,13150,0.0,19368.3,18850.0,18900,ATM-10,CALL,19400,2023-11-07
2023-11-07 13:38:00+05:30,526.35,526.35,526.35,526.35,0,13150,0.0,19368.35,18850.0,18900,ATM-10,CALL,19400,2023-11-07
2023-11-07 13:39:00+05:30,526.35,530.0,526.35,530.0,50,13100,14.501231,19368.9,18850.0,18900,ATM-10,CALL,19400,2023-11-07
2023-11-07 13:40:00+05:30,530.0,530.0,530.0,530.0,0,13100,14.501231,19373.05,18850.0,18900,ATM-10,CALL,19400,2023-11-07
2023-11-07 13:41:00+05:30,530.0,530.0,530.0,530.0,0,13100,14.501231,19373.9,18850.0,18900,ATM-10,CALL,19400,2023-11-07
2023-11-07 13:42:00+05:30,530.0,530.0,530.0,530.0,0,13100,14.501231,19374.75,18850.0,18900,ATM-10,CALL,19400,2023-11-07
2023-11-07 13:43:00+05:30,530.0,530.0,530.0,530.0,0,13100,14.501231,19374.35,18850.0,18900,ATM-10,CALL,19400,2023-11-07
2023-11-07 13:44:00+05:30,530.0,530.0,530.0,530.0,0,13100,14.501231,19372.95,18850.0,18900,ATM-10,CALL,19400,2023-11-07
2023-11-07 13:45:00+05:30,530.0,530.0,530.0,530.0,0,13100,14.501231,19372.45,18850.0,18900,ATM-10,CALL,19400,2023-11-07
2023-11-07 13:46:00+05:30,530.0,530.0,530.0,530.0,0,13100,14.501231,19369.55,18850.0,18900,ATM-10,CALL,19400,2023-11-07
2023-11-07 13:47:00+05:30,530.0,530.0,530.0,530.0,0,13100,14.501231,19372.45,18850.0,18900,ATM-10,CALL,19400,2023-11-07
2023-11-07 13:48:00+05:30,530.0,530.0,530.0,530.0,0,13100,14.501231,19373.1,18850.0,18900,ATM-10,CALL,19400,2023-11-07
2023-11-07 13:49:00+05:30,530.0,530.0,530.0,530.0,0,13100,14.501231,19373.55,18850.0,18900,ATM-10,CALL,19400,2023-11-07
2023-11-07 13:50:00+05:30,485.2,491.6,485.2,491.05,600,95200,17.884299,19377.45,18900.0,18900,ATM-10,CALL,19400,2023-11-07
2023-11-07 13:51:00+05:30,491.05,494.1,491.05,494.1,100,95200,0.0,19385.8,18900.0,18900,ATM-10,CALL,19400,2023-11-07
2023-11-07 13:52:00+05:30,494.1,500.4,494.1,499.9,500,95200,16.249588,19387.8,18900.0,18900,ATM-10,CALL,19400,2023-11-07
2023-11-07 13:53:00+05:30,499.9,501.05,499.9,500.7,1200,95200,0.0,19392.3,18900.0,18900,ATM-10,CALL,19400,2023-11-07
2023-11-07 13:54:00+05:30,500.7,500.7,498.2,498.2,100,95000,0.0,19395.4,18900.0,18900,ATM-10,CALL,19400,2023-11-07
2023-11-07 13:55:00+05:30,498.2,504.35,498.2,504.35,100,95000,0.0,19395.15,18900.0,18900,ATM-10,CALL,19400,2023-11-07
2023-11-07 13:56:00+05:30,504.35,504.35,504.35,504.35,50,95000,0.0,19400.0,18900.0,18900,ATM-10,CALL,19400,2023-11-07
2023-11-07 13:57:00+05:30,504.35,512.55,504.35,509.6,1000,95050,17.506972,19396.85,18900.0,18900,ATM-10,CALL,19400,2023-11-07
2023-11-07 13:58:00+05:30,509.6,509.6,509.0,509.0,100,95050,15.598715,19397.4,18900.0,18900,ATM-10,CALL,19400,2023-11-07
2023-11-07 13:59:00+05:30,509.0,509.2,509.0,509.2,100,95050,20.078331,19393.8,18900.0,18900,ATM-10,CALL,19400,2023-11-07
2023-11-07 14:00:00+05:30,509.2,509.2,508.9,508.9,150,94550,18.053201,19395.7,18900.0,18900,ATM-10,CALL,19400,2023-11-07
2023-11-07 14:01:00+05:30,508.9,510.3,508.9,510.3,100,94550,15.18406,19398.9,18900.0,18900,ATM-10,CALL,19400,2023-11-07
2023-11-07 14:02:00+05:30,510.3,510.3,509.65,509.65,50,94550,18.145865,19396.4,18900.0,18900,ATM-10,CALL,19400,2023-11-07
2023-11-07 14:03:00+05:30,509.65,517.5,509.65,516.95,1800,94750,21.11321,19400.5,18900.0,18900,ATM-10,CALL,19400,2023-11-07
2023-11-07 14:04:00+05:30,516.95,523.7,516.95,523.7,400,94750,22.601291,19405.25,18900.0,18900,ATM-10,CALL,19400,2023-11-07
2023-11-07 14:05:00+05:30,523.7,523.7,517.55,523.0,500,94750,21.75715,19405.9,18900.0,18900,ATM-10,CALL,19400,2023-11-07
2023-11-07 14:06:00+05:30,523.0,523.0,519.0,519.95,1250,94550,20.30595,19404.75,18900.0,18900,ATM-10,CALL,19400,2023-11-07
2023-11-07 14:07:00+05:30,519.95,522.35,518.9,518.9,1300,94550,18.510012,19405.6,18900.0,18900,ATM-10,CALL,19400,2023-11-07
2023-11-07 14:08:00+05:30,518.9,518.9,513.7,513.7,50,94550,16.600374,19401.7,18900.0,18900,ATM-10,CALL,19400,2023-11-07
2023-11-07 14:09:00+05:30,513.7,513.7,506.55,506.55,400,94300,0.0,19397.75,18900.0,18900,ATM-10,CALL,19400,2023-11-07
2023-11-07 14:10:00+05:30,506.55,514.15,506.55,512.6,200,94300,20.770087,19396.5,18900.0,18900,ATM-10,CALL,19400,2023-11-07
2023-11-07 14:11:00+05:30,512.6,512.6,512.6,512.6,0,94300,20.770087,19396.45,18900.0,18900,ATM-10,CALL,19400,2023-11-07
2023-11-07 14:12:00+05:30,512.6,512.6,512.6,512.6,0,94300,20.770087,19400.8,18900.0,18900,ATM-10,CALL,19400,2023-11-07
2023-11-07 14:13:00+05:30,512.6,512.6,512.6,512.6,0,94300,20.770087,19399.3,18900.0,18900,ATM-10,CALL,19400,2023-11-07
2023-11-07 14:14:00+05:30,512.6,512.6,512.6,512.6,0,94300,20.770087,19401.15,18900.0,18900,ATM-10,CALL,19400,2023-11-07
2023-11-07 14:15:00+05:30,518.0,518.0,518.0,518.0,50,94250,21.935153,19400.45,18900.0,18900,ATM-10,CALL,19400,2023-11-07
2023-11-07 14:16:00+05:30,518.0,518.0,518.0,518.0,0,94250,21.935153,19402.9,18900.0,18900,ATM-10,CALL,19400,2023-11-07
2023-11-07 14:17:00+05:30,518.0,518.0,516.4,516.4,100,94250,19.411671,19402.2,18900.0,18900,ATM-10,CALL,19400,2023-11-07
2023-11-07 14:18:00+05:30,516.4,520.6,516.4,517.7,300,94250,22.844888,19398.6,18900.0,18900,ATM-10,CALL,19400,2023-11-07
2023-11-07 14:19:00+05:30,517.7,517.7,517.7,517.7,0,94250,22.844888,19400.55,18900.0,18900,ATM-10,CALL,19400,2023-11-07
2023-11-07 14:20:00+05:30,517.7,522.5,517.7,522.5,150,94250,25.147287,19399.05,18900.0,18900,ATM-10,CALL,19400,2023-11-07
2023-11-07 14:21:00+05:30,522.5,522.5,522.5,522.5,0,94250,25.147287,19400.05,18900.0,18900,ATM-10,CALL,19400,2023-11-07
2023-11-07 14:22:00+05:30,522.5,522.5,522.5,522.5,0,94250,25.147287,19397.75,18900.0,18900,ATM-10,CALL,19400,2023-11-07
2023-11-07 14:23:00+05:30,522.5,522.5,522.5,522.5,0,94250,25.147287,19393.75,18900.0,18900,ATM-10,CALL,19400,2023-11-07
2023-11-07 14:24:00+05:30,522.5,522.5,522.5,522.5,0,94250,25.147287,19390.0,18900.0,18900,ATM-10,CALL,19400,2023-11-07
2023-11-07 14:25:00+05:30,510.0,510.0,510.0,510.0,50,94350,23.448164,19389.3,18900.0,18900,ATM-10,CALL,19400,2023-11-07
2023-11-07 14:26:00+05:30,510.0,510.0,510.0,510.0,0,94350,23.448164,19392.0,18900.0,18900,ATM-10,CALL,19400,2023-11-07
2023-11-07 14:27:00+05:30,510.0,516.2,510.0,515.25,150,94400,24.942784,19391.75,18900.0,18900,ATM-10,CALL,19400,2023-11-07
2023-11-07 14:28:00+05:30,515.25,515.25,515.25,515.25,0,94400,24.942784,19386.1,18900.0,18900,ATM-10,CALL,19400,2023-11-07
2023-11-07 14:29:00+05:30,515.25,515.25,512.6,512.6,50,94400,25.133721,19388.45,18900.0,18900,ATM-10,CALL,19400,2023-11-07
2023-11-07 14:30:00+05:30,512.6,512.6,512.6,512.6,0,94400,25.133721,19393.05,18900.0,18900,ATM-10,CALL,19400,2023-11-07
2023-11-07 14:31:00+05:30,512.6,515.45,512.6,515.45,350,94250,23.551677,19395.0,18900.0,18900,ATM-10,CALL,19400,2023-11-07
2023-11-07 14:32:00+05:30,515.45,515.45,515.45,515.45,0,94250,23.551677,19389.95,18900.0,18900,ATM-10,CALL,19400,2023-11-07
2023-11-07 14:33:00+05:30,515.45,515.45,515.45,515.45,0,94250,23.551677,19391.4,18900.0,18900,ATM-10,CALL,19400,2023-11-07
2023-11-07 14:34:00+05:30,515.45,515.45,513.3,513.3,100,94050,25.397307,19388.65,18900.0,18900,ATM-10,CALL,19400,2023-11-07
2023-11-07 14:35:00+05:30,513.3,513.3,513.3,513.3,0,94050,25.397307,19391.25,18900.0,18900,ATM-10,CALL,19400,2023-11-07
2023-11-07 14:36:00+05:30,513.3,513.3,510.1,510.1,50,93950,23.539797,19389.35,18900.0,18900,ATM-10,CALL,19400,2023-11-07
2023-11-07 14:37:00+05:30,510.1,510.1,510.1,510.1,0,93950,23.539797,19387.2,18900.0,18900,ATM-10,CALL,19400,2023-11-07
2023-11-07 14:38:00+05:30,510.1,510.1,502.25,502.25,1550,93950,23.558841,19380.9,18900.0,18900,ATM-10,CALL,19400,2023-11-07
2023-11-07 14:39:00+05:30,502.25,505.55,502.25,505.55,100,94300,24.969834,19381.3,18900.0,18900,ATM-10,CALL,19400,2023-11-07
2023-11-07 14:40:00+05:30,505.55,505.55,505.55,505.55,0,94300,24.969834,19384.3,18900.0,18900,ATM-10,CALL,19400,2023-11-07
2023-11-07 14:41:00+05:30,505.55,505.55,505.55,505.55,0,94300,24.969834,19381.5,18900.0,18900,ATM-10,CALL,19400,2023-11-07
2023-11-07 14:42:00+05:30,505.55,505.55,505.55,505.55,0,94300,24.969834,19381.85,18900.0,18900,ATM-10,CALL,19400,2023-11-07
2023-11-07 14:43:00+05:30,505.55,505.55,505.55,505.55,0,94300,24.969834,19385.4,18900.0,18900,ATM-10,CALL,19400,2023-11-07
2023-11-07 14:44:00+05:30,505.55,505.55,504.05,504.05,100,94300,23.539052,19382.95,18900.0,18900,ATM-10,CALL,19400,2023-11-07
2023-11-07 14:45:00+05:30,504.05,504.75,504.05,504.75,50,94300,23.570018,19383.65,18900.0,18900,ATM-10,CALL,19400,2023-11-07
2023-11-07 14:46:00+05:30,504.75,509.5,504.75,509.5,100,94200,24.194478,19387.45,18900.0,18900,ATM-10,CALL,19400,2023-11-07
2023-11-07 14:47:00+05:30,509.5,509.5,506.85,506.85,1000,94200,24.419571,19384.1,18900.0,18900,ATM-10,CALL,19400,2023-11-07
2023-11-07 14:48:00+05:30,506.85,510.1,506.85,510.1,500,93800,24.088755,19388.35,18900.0,18900,ATM-10,CALL,19400,2023-11-07
2023-11-07 14:49:00+05:30,510.1,514.15,510.1,513.85,1500,93800,24.866141,19390.7,18900.0,18900,ATM-10,CALL,19400,2023-11-07
2023-11-07 14:50:00+05:30,513.65,513.8,513.65,513.8,450,93800,24.602833,19391.25,18900.0,18900,ATM-10,CALL,19400,2023-11-07
2023-11-07 14:51:00+05:30,513.8,515.55,513.8,514.4,300,94250,22.239693,19396.5,18900.0,18900,ATM-10,CALL,19400,2023-11-07
2023-11-07 14:52:00+05:30,514.4,514.4,514.4,514.4,0,94250,22.239693,19400.05,18900.0,18900,ATM-10,CALL,19400,2023-11-07
2023-11-07 14:53:00+05:30,514.4,519.05,514.4,517.85,2200,94250,22.719968,19399.35,18900.0,18900,ATM-10,CALL,19400,2023-11-07
2023-11-07 14:54:00+05:30,517.85,517.85,517.0,517.6,150,93900,24.512971,19395.6,18900.0,18900,ATM-10,CALL,19400,2023-11-07
2023-11-07 14:55:00+05:30,517.6,517.6,517.6,517.6,0,93900,24.512971,19397.6,18900.0,18900,ATM-10,CALL,19400,2023-11-07
2023-11-07 14:56:00+05:30,517.6,519.05,517.6,517.65,950,93900,22.900535,19398.85,18900.0,18900,ATM-10,CALL,19400,2023-11-07
2023-11-07 14:57:00+05:30,517.65,522.2,517.65,522.2,250,93650,24.721292,19400.15,18900.0,18900,ATM-10,CALL,19400,2023-11-07
2023-11-07 14:58:00+05:30,522.2,522.2,517.85,517.85,200,93650,21.644503,19401.15,18900.0,18900,ATM-10,CALL,19400,2023-11-07
2023-11-07 14:59:00+05:30,517.85,517.85,517.85,517.85,0,93650,21.644503,19399.05,18900.0,18900,ATM-10,CALL,19400,2023-11-07
2023-11-07 15:00:00+05:30,517.85,526.0,517.85,521.05,550,93600,20.603584,19405.95,18900.0,18900,ATM-10,CALL,19400,2023-11-07
2023-11-07 15:01:00+05:30,521.05,521.05,514.8,514.8,50,93600,19.031848,19401.25,18900.0,18900,ATM-10,CALL,19400,2023-11-07
2023-11-07 15:02:00+05:30,514.8,516.95,514.8,515.05,100,93600,18.510292,19402.0,18900.0,18900,ATM-10,CALL,19400,2023-11-07
2023-11-07 15:03:00+05:30,515.05,515.05,515.05,515.05,0,93600,18.510292,19403.8,18900.0,18900,ATM-10,CALL,19400,2023-11-07
2023-11-07 15:04:00+05:30,515.05,515.05,515.05,515.05,0,93600,18.510292,19405.0,18900.0,18900,ATM-10,CALL,19400,2023-11-07
2023-11-07 15:05:00+05:30,515.05,519.1,515.05,519.1,100,93350,0.0,19409.35,18900.0,18900,ATM-10,CALL,19400,2023-11-07
2023-11-07 15:06:00+05:30,519.1,520.6,519.1,520.6,500,93350,14.147962,19409.85,18900.0,18900,ATM-10,CALL,19400,2023-11-07
2023-11-07 15:07:00+05:30,520.6,520.6,516.0,516.0,500,93350,18.5179,19403.0,18900.0,18900,ATM-10,CALL,19400,2023-11-07
2023-11-07 15:08:00+05:30,512.15,512.15,508.2,508.2,550,93350,0.0,19399.55,18900.0,18900,ATM-10,CALL,19400,2023-11-07
2023-11-07 15:09:00+05:30,508.2,510.75,507.0,507.0,100,92250,0.0,19397.85,18900.0,18900,ATM-10,CALL,19400,2023-11-07
2023-11-07 15:10:00+05:30,507.75,507.9,507.75,507.9,100,92250,0.0,19398.35,18900.0,18900,ATM-10,CALL,19400,2023-11-07
2023-11-07 15:11:00+05:30,507.9,509.0,507.9,509.0,50,92250,14.747171,19398.05,18900.0,18900,ATM-10,CALL,19400,2023-11-07
2023-11-07 15:12:00+05:30,509.0,509.0,506.2,507.6,200,92100,0.0,19398.1,18900.0,18900,ATM-10,CALL,19400,2023-11-07
2023-11-07 15:13:00+05:30,507.6,507.6,501.0,501.0,100,92100,0.0,19394.25,18900.0,18900,ATM-10,CALL,19400,2023-11-07
2023-11-07 15:14:00+05:30,501.0,503.0,501.0,503.0,50,92100,0.0,19398.05,18900.0,18900,ATM-10,CALL,19400,2023-11-07
2023-11-07 15:15:00+05:30,503.0,511.45,503.0,511.45,350,92100,15.173471,19400.4,18900.0,18900,ATM-10,CALL,19400,2023-11-07
2023-11-07 15:16:00+05:30,514.95,515.7,513.7,515.7,400,92100,18.687206,19402.6,18900.0,18900,ATM-10,CALL,19400,2023-11-07
2023-11-07 15:17:00+05:30,515.7,518.65,515.7,518.65,100,92100,16.559973,19407.1,18900.0,18900,ATM-10,CALL,19400,2023-11-07
2023-11-07 15:18:00+05:30,518.65,519.25,518.65,519.25,50,92150,0.0,19409.1,18900.0,18900,ATM-10,CALL,19400,2023-11-07
2023-11-07 15:19:00+05:30,519.25,519.25,517.7,518.05,150,92150,0.0,19411.5,18900.0,18900,ATM-10,CALL,19400,2023-11-07
2023-11-07 15:20:00+05:30,518.05,522.0,518.05,522.0,50,92150,0.0,19412.95,18900.0,18900,ATM-10,CALL,19400,2023-11-07
2023-11-07 15:21:00+05:30,522.0,522.0,522.0,522.0,50,92150,0.0,19415.95,18900.0,18900,ATM-10,CALL,19400,2023-11-07
2023-11-07 15:22:00+05:30,522.0,522.7,519.85,519.85,300,92150,0.0,19415.25,18900.0,18900,ATM-10,CALL,19400,2023-11-07
2023-11-07 15:23:00+05:30,519.85,521.1,519.85,521.1,100,92150,0.0,19416.85,18900.0,18900,ATM-10,CALL,19400,2023-11-07
2023-11-07 15:24:00+05:30,521.1,523.6,521.1,523.3,350,91950,0.0,19417.75,18900.0,18900,ATM-10,CALL,19400,2023-11-07
2023-11-07 15:25:00+05:30,523.3,523.3,516.9,516.9,150,91950,0.0,19416.9,18900.0,18900,ATM-10,CALL,19400,2023-11-07
2023-11-07 15:26:00+05:30,516.9,518.65,516.9,518.65,400,91950,0.0,19418.65,18900.0,18900,ATM-10,CALL,19400,2023-11-07
2023-11-07 15:27:00+05:30,518.65,519.0,517.85,519.0,150,91650,0.0,19416.75,18900.0,18900,ATM-10,CALL,19400,2023-11-07
2023-11-07 15:28:00+05:30,519.0,519.0,516.4,516.4,200,91650,0.0,19411.7,18900.0,18900,ATM-10,CALL,19400,2023-11-07
2023-11-07 15:29:00+05:30,516.4,518.05,516.4,516.6,750,91650,0.0,19417.2,18900.0,18900,ATM-10,CALL,19400,2023-11-07
2023-11-07 09:15:00+05:30,4.8,5.45,3.3,5.15,398650,5503600,15.558756,19369.7,19000.0,19050,ATM-7,PUT,19400,2023-11-07
2023-11-07 09:16:00+05:30,5.05,5.55,5.05,5.5,442500,5503600,15.283788,19354.55,19000.0,19050,ATM-7,PUT,19400,2023-11-07
2023-11-07 09:17:00+05:30,5.4,5.5,5.3,5.3,380000,5604200,15.275675,19357.9,19000.0,19050,ATM-7,PUT,19400,2023-11-07
2023-11-07 09:18:00+05:30,5.3,5.3,5.15,5.2,329400,5604200,15.376694,19362.85,19000.0,19050,ATM-7,PUT,19400,2023-11-07
2023-11-07 09:19:00+05:30,5.25,5.25,5.05,5.1,239750,5604200,15.376652,19364.7,19000.0,19050,ATM-7,PUT,19400,2023-11-07
2023-11-07 09:20:00+05:30,5.1,5.1,4.9,4.95,425650,5823300,15.578031,19373.9,19000.0,19050,ATM-7,PUT,19400,2023-11-07
2023-11-07 09:21:00+05:30,4.9,5.2,4.9,5.15,424450,5823300,15.60122,19370.6,19000.0,19050,ATM-7,PUT,19400,2023-11-07
2023-11-07 09:22:00+05:30,6.3,6.3,6.1,6.15,91200,2281250,14.656871,19375.3,19050.0,19050,ATM-7,PUT,19400,2023-11-07
2023-11-07 09:23:00+05:30,6.1,6.15,6.0,6.0,121100,2281850,14.745463,19380.3,19050.0,19050,ATM-7,PUT,19400,2023-11-07
2023-11-07 09:24:00+05:30,6.05,6.1,5.95,6.0,155000,2281850,14.807434,19382.1,19050.0,19050,ATM-7,PUT,19400,2023-11-07
2023-11-07 09:25:00+05:30,5.95,6.0,5.9,5.95,102900,2281850,14.757531,19381.35,19050.0,19050,ATM-7,PUT,19400,2023-11-07
2023-11-07 09:26:00+05:30,4.9,5.2,4.9,5.0,376100,5928900,15.639553,19374.4,19000.0,19050,ATM-7,PUT,19400,2023-11-07
2023-11-07 09:27:00+05:30,6.1,6.15,6.0,6.05,56850,2288500,14.634347,19375.9,19050.0,19050,ATM-7,PUT,19400,2023-11-07
2023-11-07 09:28:00+05:30,5.0,5.05,4.95,5.0,112400,5928900,15.604299,19373.15,19000.0,19050,ATM-7,PUT,19400,2023-11-07
2023-11-07 09:29:00+05:30,5.05,5.05,4.95,4.95,147350,5998700,15.482309,19370.25,19000.0,19050,ATM-7,PUT,19400,2023-11-07
2023-11-07 09:30:00+05:30,4.9,5.05,4.85,5.0,174800,5998700,15.449254,19368.15,19000.0,19050,ATM-7,PUT,19400,2023-11-07
2023-11-07 09:31:00+05:30,5.0,5.0,4.9,5.0,150750,5998700,15.553734,19371.35,19000.0,19050,ATM-7,PUT,19400,2023-11-07
2023-11-07 09:32:00+05:30,5.0,5.0,4.9,4.95,64550,6057350,15.564042,19372.6,19000.0,19050,ATM-7,PUT,19400,2023-11-07
2023-11-07 09:33:00+05:30,4.95,5.0,4.9,4.95,112950,6057350,15.564735,19372.55,19000.0,19050,ATM-7,PUT,19400,2023-11-07
2023-11-07 09:34:00+05:30,4.9,5.0,4.9,4.9,87200,6057350,15.3597,19367.05,19000.0,19050,ATM-7,PUT,19400,2023-11-07
2023-11-07 09:35:00+05:30,4.95,4.95,4.9,4.9,91600,6142400,15.334828,19366.2,19000.0,19050,ATM-7,PUT,19400,2023-11-07
2023-11-07 09:36:00+05:30,4.95,4.95,4.85,4.9,130850,6142400,15.353042,19366.7,19000.0,19050,ATM-7,PUT,19400,2023-11-07
2023-11-07 09:37:00+05:30,4.9,4.9,4.85,4.9,82550,6142400,15.414333,19368.55,19000.0,19050,ATM-7,PUT,19400,2023-11-07
2023-11-07 09:38:00+05:30,4.9,4.9,4.85,4.9,51700,6100450,15.274495,19364.1,19000.0,19050,ATM-7,PUT,19400,2023-11-07
2023-11-07 09:39:00+05:30,4.85,4.95,4.85,4.95,69350,6100450,15.196306,19360.6,19000.0,19050,ATM-7,PUT,19400,2023-11-07
2023-11-07 09:40:00+05:30,4.95,5.0,4.9,4.95,132400,6100450,15.24342,19362.0,19000.0,19050,ATM-7,PUT,19400,2023-11-07
2023-11-07 09:41:00+05:30,4.95,5.0,4.9,4.95,87250,6083500,15.295327,19363.55,19000.0,19050,ATM-7,PUT,19400,2023-11-07
2023-11-07 09:42:00+05:30,4.95,5.0,4.85,4.95,110600,6083500,15.279955,19363.0,19000.0,19050,ATM-7,PUT,19400,2023-11-07
2023-11-07 09:43:00+05:30,4.95,5.0,4.95,4.95,52750,6083500,15.351077,19365.15,19000.0,19050,ATM-7,PUT,19400,2023-11-07
2023-11-07 09:44:00+05:30,4.95,5.0,4.9,4.95,46950,6089000,15.396559,19366.5,19000.0,19050,ATM-7,PUT,19400,2023-11-07
2023-11-07 09:45:00+05:30,4.95,5.0,4.95,5.0,75250,6089000,15.428885,19366.45,19000.0,19050,ATM-7,PUT,19400,2023-11-07
2023-11-07 09:46:00+05:30,5.0,5.0,4.95,5.0,36700,6089000,15.309225,19362.65,19000.0,19050,ATM-7,PUT,19400,2023-11-07
2023-11-07 09:47:00+05:30,4.95,5.05,4.95,5.05,79750,6107950,15.11732,19355.65,19000.0,19050,ATM-7,PUT,19400,2023-11-07
2023-11-07 09:48:00+05:30,5.05,5.05,5.0,5.0,63000,6107950,15.191567,19358.85,19000.0,19050,ATM-7,PUT,19400,2023-11-07
2023-11-07 09:49:00+05:30,5.0,5.05,4.95,5.0,59950,6107950,15.346512,19363.6,19000.0,19050,ATM-7,PUT,19400,2023-11-07
2023-11-07 09:50:00+05:30,5.0,5.05,4.95,5.0,53950,6091400,15.213746,19359.4,19000.0,19050,ATM-7,PUT,19400,2023-11-07
2023-11-07 09:51:00+05:30,5.05,5.05,4.95,4.95,45450,6091400,15.293813,19362.8,19000.0,19050,ATM-7,PUT,19400,2023-11-07
2023-11-07 09:52:00+05:30,4.95,5.0,4.95,4.95,26300,6091400,15.321744,19363.6,19000.0,19050,ATM-7,PUT,19400,2023-11-07
2023-11-07 09:53:00+05:30,5.0,5.0,4.95,5.0,30400,6084350,15.307355,19362.1,19000.0,19050,ATM-7,PUT,19400,2023-11-07
2023-11-07 09:54:00+05:30,4.95,5.0,4.9,4.95,30550,6084350,15.334293,19363.85,19000.0,19050,ATM-7,PUT,19400,2023-11-07
2023-11-07 09:55:00+05:30,5.0,5.0,4.6,4.65,193500,6084350,15.306952,19369.0,19000.0,19050,ATM-7,PUT,19400,2023-11-07
2023-11-07 09:56:00+05:30,4.65,4.9,4.65,4.75,124800,6089750,15.181943,19362.95,19000.0,19050,ATM-7,PUT,19400,2023-11-07
2023-11-07 09:57:00+05:30,4.75,4.85,4.7,4.75,106700,6089750,15.136266,19361.45,19000.0,19050,ATM-7,PUT,19400,2023-11-07
2023-11-07 09:58:00+05:30,4.75,4.85,4.75,4.8,130550,6089750,14.999268,19356.1,19000.0,19050,ATM-7,PUT,19400,2023-11-07
2023-11-07 09:59:00+05:30,4.8,4.85,4.75,4.75,51900,6101900,15.031974,19358.05,19000.0,19050,ATM-7,PUT,19400,2023-11-07
2023-11-07 10:00:00+05:30,4.8,4.85,4.75,4.8,43700,6101900,15.000493,19356.0,19000.0,19050,ATM-7,PUT,19400,2023-11-07
2023-11-07 10:01:00+05:30,4.8,4.8,4.7,4.8,60450,6101900,15.175845,19361.4,19000.0,19050,ATM-7,PUT,19400,2023-11-07
2023-11-07 10:02:00+05:30,4.8,4.9,4.75,4.9,339100,6135550,15.077996,19356.3,19000.0,19050,ATM-7,PUT,19400,2023-11-07
2023-11-07 10:03:00+05:30,4.9,4.9,4.8,4.9,168350,6135550,14.980347,19353.2,19000.0,19050,ATM-7,PUT,19400,2023-11-07
2023-11-07 10:04:00+05:30,4.9,4.95,4.85,4.85,292400,6135550,14.872134,19350.75,19000.0,19050,ATM-7,PUT,19400,2023-11-07
2023-11-07 10:05:00+05:30,4.9,4.95,4.85,4.95,133700,6351650,14.925618,19350.4,19000.0,19050,ATM-7,PUT,19400,2023-11-07
2023-11-07 10:06:00+05:30,4.95,4.95,4.9,4.9,29300,6351650,14.945054,19351.9,19000.0,19050,ATM-7,PUT,19400,2023-11-07
2023-11-07 10:07:00+05:30,4.9,4.95,4.9,4.9,80050,6351650,14.902061,19350.5,19000.0,19050,ATM-7,PUT,19400,2023-11-07
2023-11-07 10:08:00+05:30,4.9,4.95,4.8,4.85,87700,6296700,15.02756,19355.3,19000.0,19050,ATM-7,PUT,19400,2023-11-07
2023-11-07 10:09:00+05:30,4.8,4.9,4.75,4.85,90900,6296700,15.103802,19357.6,19000.0,19050,ATM-7,PUT,19400,2023-11-07
2023-11-07 10:10:00+05:30,4.9,4.9,4.85,4.9,43150,6296700,15.136158,19357.55,19000.0,19050,ATM-7,PUT,19400,2023-11-07
2023-11-07 10:11:00+05:30,4.9,4.9,4.85,4.85,16100,6293400,15.153314,19359.0,19000.0,19050,ATM-7,PUT,19400,2023-11-07
2023-11-07 10:12:00+05:30,4.9,4.9,4.8,4.9,57450,6293400,15.24853,19360.9,19000.0,19050,ATM-7,PUT,19400,2023-11-07
2023-11-07 10:13:00+05:30,4.9,4.95,4.8,4.8,140950,6293400,15.295863,19364.3,19000.0,19050,ATM-7,PUT,19400,2023-11-07
2023-11-07 10:14:00+05:30,4.85,4.9,4.75,4.75,56600,6303300,15.326502,19366.2,19000.0,19050,ATM-7,PUT,19400,2023-11-07
2023-11-07 10:15:00+05:30,4.8,4.9,4.75,4.85,35650,6303300,15.342282,19364.6,19000.0,19050,ATM-7,PUT,19400,2023-11-07
2023-11-07 10:16:00+05:30,4.8,4.85,4.75,4.75,19800,6303300,15.307068,19365.45,19000.0,19050,ATM-7,PUT,19400,2023-11-07
2023-11-07 10:17:00+05:30,4.8,4.85,4.75,4.85,49800,6299150,15.287426,19362.75,19000.0,19050,ATM-7,PUT,19400,2023-11-07
2023-11-07 10:18:00+05:30,4.85,4.85,4.75,4.75,21550,6299150,15.263597,19363.95,19000.0,19050,ATM-7,PUT,19400,2023-11-07
2023-11-07 10:19:00+05:30,4.8,4.8,4.6,4.65,90850,6299150,15.379102,19369.55,19000.0,19050,ATM-7,PUT,19400,2023-11-07
2023-11-07 10:20:00+05:30,4.65,4.7,4.45,4.45,212650,6290800,15.357885,19373.05,19000.0,19050,ATM-7,PUT,19400,2023-11-07
2023-11-07 10:21:00+05:30,4.45,4.6,4.35,4.6,146800,6290800,15.449012,19372.65,19000.0,19050,ATM-7,PUT,19400,2023-11-07
2023-11-07 10:22:00+05:30,4.6,4.7,4.55,4.65,62050,6290800,15.448121,19371.5,19000.0,19050,ATM-7,PUT,19400,2023-11-07
2023-11-07 10:23:00+05:30,4.65,4.75,4.65,4.75,50700,6287250,15.311826,19365.1,19000.0,19050,ATM-7,PUT,19400,2023-11-07
2023-11-07 10:24:00+05:30,4.75,4.8,4.65,4.75,69350,6287250,15.339741,19365.9,19000.0,19050,ATM-7,PUT,19400,2023-11-07
2023-11-07 10:25:00+05:30,4.75,4.8,4.7,4.7,38450,6287250,15.494615,19371.7,19000.0,19050,ATM-7,PUT,19400,2023-11-07
2023-11-07 10:26:00+05:30,4.65,4.7,4.6,4.65,51150,6290250,15.489217,19372.5,19000.0,19050,ATM-7,PUT,19400,2023-11-07
2023-11-07 10:27:00+05:30,4.65,4.75,4.6,4.7,32350,6290250,15.420994,19369.25,19000.0,19050,ATM-7,PUT,19400,2023-11-07
2023-11-07 10:28:00+05:30,4.7,4.7,4.6,4.65,35450,6290250,15.422105,19370.25,19000.0,19050,ATM-7,PUT,19400,2023-11-07
2023-11-07 10:29:00+05:30,4.65,4.65,4.55,4.55,65950,6289150,15.370234,19370.65,19000.0,19050,ATM-7,PUT,19400,2023-11-07
2023-11-07 10:30:00+05:30,4.55,4.6,4.5,4.5,198750,6289150,15.432394,19373.6,19000.0,19050,ATM-7,PUT,19400,2023-11-07
2023-11-07 10:31:00+05:30,5.3,5.35,5.15,5.2,34400,2283350,14.317055,19376.55,19050.0,19050,ATM-7,PUT,19400,2023-11-07
2023-11-07 10:32:00+05:30,5.2,5.2,5.0,5.1,96700,2333550,14.235663,19375.8,19050.0,19050,ATM-7,PUT,19400,2023-11-07
2023-11-07 10:33:00+05:30,4.3,4.45,4.3,4.45,46750,6258450,15.428943,19374.35,19000.0,19050,ATM-7,PUT,19400,2023-11-07
2023-11-07 10:34:00+05:30,5.15,5.2,5.15,5.2,17450,2333550,14.288799,19375.5,19050.0,19050,ATM-7,PUT,19400,2023-11-07
2023-11-07 10:35:00+05:30,5.2,5.2,4.95,5.05,59250,2333500,14.501044,19384.6,19050.0,19050,ATM-7,PUT,19400,2023-11-07
2023-11-07 10:36:00+05:30,5.05,5.15,5.0,5.05,63150,2333500,14.350803,19379.95,19050.0,19050,ATM-7,PUT,19400,2023-11-07
2023-11-07 10:37:00+05:30,5.1,5.1,5.0,5.05,25400,2333500,14.402149,19381.45,19050.0,19050,ATM-7,PUT,19400,2023-11-07
2023-11-07 10:38:00+05:30,5.1,5.1,5.0,5.05,27200,2335300,14.394458,19381.15,19050.0,19050,ATM-7,PUT,19400,2023-11-07
2023-11-07 10:39:00+05:30,5.0,5.05,4.9,4.9,44500,2335300,14.441387,19385.3,19050.0,19050,ATM-7,PUT,19400,2023-11-07
2023-11-07 10:40:00+05:30,4.95,5.0,4.9,4.95,50850,2335300,14.547566,19387.55,19050.0,19050,ATM-7,PUT,19400,2023-11-07
2023-11-07 10:41:00+05:30,4.95,4.95,4.7,4.7,95400,2343450,14.488428,19390.45,19050.0,19050,ATM-7,PUT,19400,2023-11-07
2023-11-07 10:42:00+05:30,4.75,4.8,4.7,4.75,91300,2343450,14.45405,19388.35,19050.0,19050,ATM-7,PUT,19400,2023-11-07
2023-11-07 10:43:00+05:30,4.75,4.8,4.7,4.75,35250,2343450,14.430257,19387.55,19050.0,19050,ATM-7,PUT,19400,2023-11-07
2023-11-07 10:44:00+05:30,4.75,4.75,4.6,4.6,44250,2319550,14.515142,19393.05,19050.0,19050,ATM-7,PUT,19400,2023-11-07
2023-11-07 10:45:00+05:30,4.6,4.6,4.5,4.6,46250,2319550,14.514092,19392.95,19050.0,19050,ATM-7,PUT,19400,2023-11-07
2023-11-07 10:46:00+05:30,4.6,4.75,4.6,4.7,65100,2319550,14.494415,19390.3,19050.0,19050,ATM-7,PUT,19400,2023-11-07
2023-11-07 10:47:00+05:30,4.7,4.75,4.65,4.7,35050,2314950,14.472296,19389.55,19050.0,19050,ATM-7,PUT,19400,2023-11-07
2023-11-07 10:48:00+05:30,4.7,4.75,4.7,4.7,13950,2314950,14.489042,19390.0,19050.0,19050,ATM-7,PUT,19400,2023-11-07
2023-11-07 10:49:00+05:30,4.7,4.75,4.65,4.65,26550,2314950,14.50476,19391.4,19050.0,19050,ATM-7,PUT,19400,2023-11-07
2023-11-07 10:50:00+05:30,4.65,4.75,4.65,4.7,26150,2301100,14.54521,19391.6,19050.0,19050,ATM-7,PUT,19400,2023-11-07
2023-11-07 10:51:00+05:30,4.7,4.75,4.65,4.65,73200,2301100,14.37964,19387.4,19050.0,19050,ATM-7,PUT,19400,2023-11-07
2023-11-07 10:52:00+05:30,4.65,4.75,4.65,4.75,49300,2301100,14.270761,19382.05,19050.0,19050,ATM-7,PUT,19400,2023-11-07
2023-11-07 10:53:00+05:30,4.75,4.75,4.6,4.65,35850,2289600,14.323975,19385.55,19050.0,19050,ATM-7,PUT,19400,2023-11-07
2023-11-07 10:54:00+05:30,4.65,4.7,4.6,4.65,25800,2289600,14.308279,19385.0,19050.0,19050,ATM-7,PUT,19400,2023-11-07
2023-11-07 10:55:00+05:30,4.7,4.75,4.65,4.7,27800,2289600,14.333814,19384.75,19050.0,19050,ATM-7,PUT,19400,2023-11-07
2023-11-07 10:56:00+05:30,4.7,4.75,4.65,4.65,48100,2288850,14.310951,19384.95,19050.0,19050,ATM-7,PUT,19400,2023-11-07
2023-11-07 10:57:00+05:30,4.65,4.75,4.65,4.7,39100,2288850,14.2698,19382.65,19050.0,19050,ATM-7,PUT,19400,2023-11-07
2023-11-07 10:58:00+05:30,4.65,4.75,4.65,4.65,21450,2288850,14.316874,19385.0,19050.0,19050,ATM-7,PUT,19400,2023-11-07
2023-11-07 10:59:00+05:30,4.65,4.7,4.65,4.7,21700,2281750,14.221974,19381.05,19050.0,19050,ATM-7,PUT,19400,2023-11-07
2023-11-07 11:00:00+05:30,4.65,4.7,4.6,4.6,20700,2281750,14.208331,19382.5,19050.0,19050,ATM-7,PUT,19400,2023-11-07
2023-11-07 11:01:00+05:30,4.65,4.7,4.6,4.65,28650,2281750,14.300588,19384.3,19050.0,19050,ATM-7,PUT,19400,2023-11-07
2023-11-07 11:02:00+05:30,4.65,4.7,4.6,4.6,15700,2265950,14.353744,19386.85,19050.0,19050,ATM-7,PUT,19400,2023-11-07
2023-11-07 11:03:00+05:30,4.6,4.65,4.6,4.6,30850,2265950,14.36887,19387.25,19050.0,19050,ATM-7,PUT,19400,2023-11-07
2023-11-07 11:04:00+05:30,4.6,4.65,4.55,4.55,42350,2265950,14.324425,19386.8,19050.0,19050,ATM-7,PUT,19400,2023-11-07
2023-11-07 11:05:00+05:30,4.55,4.6,4.55,4.6,20850,2284950,14.337523,19386.15,19050.0,19050,ATM-7,PUT,19400,2023-11-07
2023-11-07 11:06:00+05:30,4.6,4.6,4.45,4.5,71300,2284950,14.332079,19387.9,19050.0,19050,ATM-7,PUT,19400,2023-11-07
2023-11-07 11:07:00+05:30,4.5,4.6,4.5,4.55,65050,2284950,14.411831,19389.3,19050.0,19050,ATM-7,PUT,19400,2023-11-07
2023-11-07 11:08:00+05:30,4.6,4.6,4.5,4.55,27400,2289550,14.439887,19390.1,19050.0,19050,ATM-7,PUT,19400,2023-11-07
2023-11-07 11:09:00+05:30,4.55,4.55,4.35,4.4,54100,2289550,14.468142,19393.95,19050.0,19050,ATM-7,PUT,19400,2023-11-07
2023-11-07 11:10:00+05:30,4.4,4.45,4.3,4.35,31800,2289550,14.478841,19395.25,19050.0,19050,ATM-7,PUT,19400,2023-11-07
2023-11-07 11:11:00+05:30,4.35,4.4,4.3,4.35,56200,2309150,14.519524,19396.45,19050.0,19050,ATM-7,PUT,19400,2023-11-07
2023-11-07 11:12:00+05:30,4.35,4.4,4.3,4.3,17800,2309150,14.416072,19394.2,19050.0,19050,ATM-7,PUT,19400,2023-11-07
2023-11-07 11:13:00+05:30,4.3,4.4,4.3,4.35,22500,2309150,14.363328,19391.45,19050.0,19050,ATM-7,PUT,19400,2023-11-07
2023-11-07 11:14:00+05:30,4.35,4.4,4.3,4.35,35600,2299000,14.410506,19392.85,19050.0,19050,ATM-7,PUT,19400,2023-11-07
2023-11-07 11:15:00+05:30,4.35,4.4,4.3,4.4,32900,2299000,14.336316,19389.45,19050.0,19050,ATM-7,PUT,19400,2023-11-07
2023-11-07 11:16:00+05:30,4.4,4.55,4.4,4.5,84050,2299000,14.445927,19390.75,19050.0,19050,ATM-7,PUT,19400,2023-11-07
2023-11-07 11:17:00+05:30,4.55,4.55,4.45,4.45,40300,2307850,14.515457,19393.85,19050.0,19050,ATM-7,PUT,19400,2023-11-07
2023-11-07 11:18:00+05:30,4.45,4.45,4.4,4.4,18550,2307850,14.618108,19398.0,19050.0,19050,ATM-7,PUT,19400,2023-11-07
2023-11-07 11:19:00+05:30,4.4,4.45,4.4,4.4,43950,2307850,14.572095,19396.5,19050.0,19050,ATM-7,PUT,19400,2023-11-07
2023-11-07 11:20:00+05:30,4.4,4.45,4.4,4.45,51250,2324200,14.597814,19396.2,19050.0,19050,ATM-7,PUT,19400,2023-11-07
2023-11-07 11:21:00+05:30,4.45,4.45,4.4,4.45,4000,2324200,14.60325,19396.3,19050.0,19050,ATM-7,PUT,19400,2023-11-07
2023-11-07 11:22:00+05:30,4.45,4.6,4.45,4.55,21950,2324200,14.596811,19394.0,19050.0,19050,ATM-7,PUT,19400,2023-11-07
2023-11-07 11:23:00+05:30,4.55,4.6,4.55,4.55,14000,2296900,14.509956,19391.25,19050.0,19050,ATM-7,PUT,19400,2023-11-07
2023-11-07 11:24:00+05:30,4.55,4.65,4.55,4.65,18950,2296900,14.55713,19390.65,19050.0,19050,ATM-7,PUT,19400,2023-11-07
2023-11-07 11:25:00+05:30,4.65,4.65,4.55,4.6,37950,2296900,14.540206,19391.05,19050.0,19050,ATM-7,PUT,19400,2023-11-07
2023-11-07 11:26:00+05:30,4.6,4.65,4.6,4.65,4650,2302550,14.486686,19388.35,19050.0,19050,ATM-7,PUT,19400,2023-11-07
2023-11-07 11:27:00+05:30,4.65,4.65,4.6,4.65,2150,2302550,14.604418,19391.9,19050.0,19050,ATM-7,PUT,19400,2023-11-07
2023-11-07 11:28:00+05:30,4.6,4.65,4.6,4.6,19650,2302550,14.502958,19389.7,19050.0,19050,ATM-7,PUT,19400,2023-11-07
2023-11-07 11:29:00+05:30,4.6,4.65,4.6,4.6,2900,2300300,14.510038,19389.85,19050.0,19050,ATM-7,PUT,19400,2023-11-07
2023-11-07 11:30:00+05:30,4.6,4.65,4.6,4.65,33950,2300300,14.503632,19388.6,19050.0,19050,ATM-7,PUT,19400,2023-11-07
2023-11-07 11:31:00+05:30,4.6,4.7,4.6,4.7,39450,2300300,14.482196,19386.9,19050.0,19050,ATM-7,PUT,19400,2023-11-07
2023-11-07 11:32:00+05:30,4.7,4.75,4.65,4.65,32850,2295550,14.556915,19390.1,19050.0,19050,ATM-7,PUT,19400,2023-11-07
2023-11-07 11:33:00+05:30,4.65,4.75,4.65,4.75,6200,2295550,14.526387,19387.15,19050.0,19050,ATM-7,PUT,19400,2023-11-07
2023-11-07 11:34:00+05:30,4.75,4.75,4.65,4.65,6050,2295550,14.494521,19388.05,19050.0,19050,ATM-7,PUT,19400,2023-11-07
2023-11-07 11:35:00+05:30,4.65,4.65,4.55,4.55,38100,2294150,14.604592,19393.35,19050.0,19050,ATM-7,PUT,19400,2023-11-07
2023-11-07 11:36:00+05:30,4.5,4.6,4.45,4.45,28250,2294150,14.607503,19395.4,19050.0,19050,ATM-7,PUT,19400,2023-11-07
2023-11-07 11:37:00+05:30,4.5,4.55,4.5,4.55,44250,2294150,14.631754,19394.05,19050.0,19050,ATM-7,PUT,19400,2023-11-07
2023-11-07 11:38:00+05:30,4.55,4.6,4.5,4.55,11800,2292550,14.612891,19393.4,19050.0,19050,ATM-7,PUT,19400,2023-11-07
2023-11-07 11:39:00+05:30,4.55,4.6,4.55,4.6,34100,2292550,14.541901,19390.15,19050.0,19050,ATM-7,PUT,19400,2023-11-07
2023-11-07 11:40:00+05:30,4.6,4.65,4.55,4.55,217800,2292550,14.068175,19376.55,19050.0,19050,ATM-7,PUT,19400,2023-11-07
2023-11-07 11:41:00+05:30,3.95,4.05,3.85,3.9,456700,6896300,14.919235,19365.65,19000.0,19050,ATM-7,PUT,19400,2023-11-07
2023-11-07 11:42:00+05:30,3.9,4.05,3.9,4.05,264800,6896300,14.832254,19359.4,19000.0,19050,ATM-7,PUT,19400,2023-11-07
2023-11-07 11:43:00+05:30,4.0,4.15,4.0,4.15,104300,6896300,14.76489,19355.0,19000.0,19050,ATM-7,PUT,19400,2023-11-07
2023-11-07 11:44:00+05:30,4.1,4.15,4.05,4.1,105450,6899300,14.722406,19354.7,19000.0,19050,ATM-7,PUT,19400,2023-11-07
2023-11-07 11:45:00+05:30,4.15,4.8,4.15,4.75,589950,6899300,14.690126,19340.2,19000.0,19050,ATM-7,PUT,19400,2023-11-07
2023-11-07 11:46:00+05:30,4.7,4.9,4.3,4.4,673300,6899300,14.64338,19345.7,19000.0,19050,ATM-7,PUT,19400,2023-11-07
2023-11-07 11:47:00+05:30,4.45,4.45,4.3,4.4,199450,6791950,14.640759,19345.55,19000.0,19050,ATM-7,PUT,19400,2023-11-07
2023-11-07 11:48:00+05:30,4.4,4.6,4.4,4.5,249700,6791950,14.590744,19341.9,19000.0,19050,ATM-7,PUT,19400,2023-11-07
2023-11-07 11:49:00+05:30,4.5,5.0,4.5,4.8,293650,6791950,14.623886,19336.95,19000.0,19050,ATM-7,PUT,19400,2023-11-07
2023-11-07 11:50:00+05:30,4.85,4.85,4.6,4.65,278150,6823950,14.679872,19341.5,19000.0,19050,ATM-7,PUT,19400,2023-11-07
2023-11-07 11:51:00+05:30,4.7,4.85,4.65,4.65,150350,6823950,14.760642,19343.9,19000.0,19050,ATM-7,PUT,19400,2023-11-07
2023-11-07 11:52:00+05:30,4.6,4.8,4.55,4.8,150900,6823950,14.742559,19340.35,19000.0,19050,ATM-7,PUT,19400,2023-11-07
2023-11-07 11:53:00+05:30,4.8,4.85,4.75,4.8,122000,6831350,14.669087,19338.05,19000.0,19050,ATM-7,PUT,19400,2023-11-07
2023-11-07 11:54:00+05:30,4.8,5.25,4.8,5.25,343050,6831350,14.711369,19330.95,19000.0,19050,ATM-7,PUT,19400,2023-11-07
2023-11-07 11:55:00+05:30,5.3,5.3,4.55,4.6,235650,6831350,14.709402,19343.05,19000.0,19050,ATM-7,PUT,19400,2023-11-07
2023-11-07 11:56:00+05:30,4.65,4.75,4.55,4.7,160100,6776400,14.71738,19341.25,19000.0,19050,ATM-7,PUT,19400,2023-11-07
2023-11-07 11:57:00+05:30,4.7,4.7,4.6,4.6,76750,6776400,14.695931,19342.5,19000.0,19050,ATM-7,PUT,19400,2023-11-07
2023-11-07 11:58:00+05:30,4.6,4.7,4.6,4.7,107550,6776400,14.74159,19341.85,19000.0,19050,ATM-7,PUT,19400,2023-11-07
2023-11-07 11:59:00+05:30,4.7,4.7,4.5,4.5,87050,6792350,14.713161,19344.9,19000.0,19050,ATM-7,PUT,19400,2023-11-07
2023-11-07 12:00:00+05:30,4.5,4.7,4.5,4.65,87200,6792350,14.677802,19340.75,19000.0,19050,ATM-7,PUT,19400,2023-11-07
2023-11-07 12:01:00+05:30,4.65,4.8,4.65,4.75,88750,6792350,14.731111,19340.35,19000.0,19050,ATM-7,PUT,19400,2023-11-07
2023-11-07 12:02:00+05:30,4.8,4.85,4.7,4.8,86950,6774200,14.653049,19336.95,19000.0,19050,ATM-7,PUT,19400,2023-11-07
2023-11-07 12:03:00+05:30,4.85,4.9,4.75,4.75,120100,6774200,14.783349,19341.8,19000.0,19050,ATM-7,PUT,19400,2023-11-07
2023-11-07 12:04:00+05:30,4.8,4.85,4.75,4.75,106600,6774200,14.723089,19339.9,19000.0,19050,ATM-7,PUT,19400,2023-11-07
2023-11-07 12:05:00+05:30,4.75,4.85,4.65,4.65,127300,6782650,14.805509,19344.3,19000.0,19050,ATM-7,PUT,19400,2023-11-07
2023-11-07 12:06:00+05:30,4.6,4.7,4.6,4.6,167400,6782650,14.801374,19345.1,19000.0,19050,ATM-7,PUT,19400,2023-11-07
2023-11-07 12:07:00+05:30,4.6,4.65,4.35,4.35,134500,6782650,14.823939,19350.85,19000.0,19050,ATM-7,PUT,19400,2023-11-07
2023-11-07 12:08:00+05:30,4.35,4.45,4.35,4.45,57350,6757900,14.854897,19349.65,19000.0,19050,ATM-7,PUT,19400,2023-11-07
2023-11-07 12:09:00+05:30,4.45,4.5,4.4,4.45,80600,6757900,14.883194,19350.45,19000.0,19050,ATM-7,PUT,19400,2023-11-07
2023-11-07 12:10:00+05:30,4.45,4.65,4.45,4.55,63050,6757900,14.895226,19348.7,19000.0,19050,ATM-7,PUT,19400,2023-11-07
2023-11-07 12:11:00+05:30,4.5,4.6,4.5,4.5,40750,6733450,14.931074,19350.75,19000.0,19050,ATM-7,PUT,19400,2023-11-07
2023-11-07 12:12:00+05:30,4.5,4.55,4.45,4.5,86700,6733450,14.9757,19352.05,19000.0,19050,ATM-7,PUT,19400,2023-11-07
2023-11-07 12:13:00+05:30,4.5,4.65,4.5,4.6,133150,6733450,14.958047,19349.4,19000.0,19050,ATM-7,PUT,19400,2023-11-07
2023-11-07 12:14:00+05:30,4.6,4.65,4.6,4.6,37250,6743950,15.060006,19352.45,19000.0,19050,ATM-7,PUT,19400,2023-11-07
2023-11-07 12:15:00+05:30,4.55,4.65,4.55,4.6,30950,6743950,15.070497,19352.7,19000.0,19050,ATM-7,PUT,19400,2023-11-07
2023-11-07 12:16:00+05:30,4.6,4.65,4.55,4.6,34600,6743950,15.080991,19352.95,19000.0,19050,ATM-7,PUT,19400,2023-11-07
2023-11-07 12:17:00+05:30,4.6,4.65,4.5,4.55,59650,6743350,15.030487,19352.35,19000.0,19050,ATM-7,PUT,19400,2023-11-07
2023-11-07 12:18:00+05:30,4.55,4.65,4.45,4.5,130550,6743350,15.075876,19354.7,19000.0,19050,ATM-7,PUT,19400,2023-11-07
2023-11-07 12:19:00+05:30,4.5,4.5,4.1,4.1,289500,6743350,14.944762,19359.15,19000.0,19050,ATM-7,PUT,19400,2023-11-07
2023-11-07 12:20:00+05:30,4.15,4.2,3.9,4.1,134800,6628800,14.9567,19359.45,19000.0,19050,ATM-7,PUT,19400,2023-11-07
2023-11-07 12:21:00+05:30,4.1,4.2,4.1,4.2,41350,6628800,14.960744,19357.3,19000.0,19050,ATM-7,PUT,19400,2023-11-07
2023-11-07 12:22:00+05:30,4.2,4.25,4.15,4.25,44100,6628800,14.896357,19354.15,19000.0,19050,ATM-7,PUT,19400,2023-11-07
2023-11-07 12:23:00+05:30,4.3,4.4,4.25,4.3,110350,6647300,14.920348,19353.75,19000.0,19050,ATM-7,PUT,19400,2023-11-07
2023-11-07 12:24:00+05:30,4.3,4.35,4.3,4.35,32250,6647300,15.015415,19355.55,19000.0,19050,ATM-7,PUT,19400,2023-11-07
2023-11-07 12:25:00+05:30,4.35,4.4,4.3,4.3,26550,6647300,15.005903,19356.25,19000.0,19050,ATM-7,PUT,19400,2023-11-07
2023-11-07 12:26:00+05:30,4.35,4.45,4.3,4.3,132550,6608050,15.022791,19356.7,19000.0,19050,ATM-7,PUT,19400,2023-11-07
2023-11-07 12:27:00+05:30,4.3,4.45,4.3,4.4,69800,6608050,15.035578,19354.9,19000.0,19050,ATM-7,PUT,19400,2023-11-07
2023-11-07 12:28:00+05:30,4.4,4.45,4.35,4.4,149750,6608050,15.00379,19353.85,19000.0,19050,ATM-7,PUT,19400,2023-11-07
2023-11-07 12:29:00+05:30,4.4,4.55,4.4,4.55,73650,6532600,15.092778,19353.4,19000.0,19050,ATM-7,PUT,19400,2023-11-07
2023-11-07 12:30:00+05:30,4.55,4.6,4.5,4.55,50950,6532600,15.086954,19353.15,19000.0,19050,ATM-7,PUT,19400,2023-11-07
2023-11-07 12:31:00+05:30,4.55,4.65,4.5,4.6,41300,6532600,15.058798,19351.2,19000.0,19050,ATM-7,PUT,19400,2023-11-07
2023-11-07 12:32:00+05:30,4.6,4.65,4.5,4.5,93550,6520650,15.149415,19355.95,19000.0,19050,ATM-7,PUT,19400,2023-11-07
2023-11-07 12:33:00+05:30,4.55,4.6,4.35,4.4,97100,6520650,15.135725,19357.55,19000.0,19050,ATM-7,PUT,19400,2023-11-07
2023-11-07 12:34:00+05:30,4.35,4.4,3.95,3.95,158200,6520650,15.062865,19365.15,19000.0,19050,ATM-7,PUT,19400,2023-11-07
2023-11-07 12:35:00+05:30,3.95,4.05,3.9,3.95,109950,6533000,15.127422,19367.1,19000.0,19050,ATM-7,PUT,19400,2023-11-07
2023-11-07 12:36:00+05:30,3.9,4.05,3.9,4.05,46750,6533000,15.097529,19363.8,19000.0,19050,ATM-7,PUT,19400,2023-11-07
2023-11-07 12:37:00+05:30,4.05,4.1,4.0,4.0,102350,6533000,15.196146,19367.95,19000.0,19050,ATM-7,PUT,19400,2023-11-07
2023-11-07 12:38:00+05:30,4.0,4.15,4.0,4.1,39300,6577150,15.265137,19367.75,19000.0,19050,ATM-7,PUT,19400,2023-11-07
2023-11-07 12:39:00+05:30,4.1,4.15,4.05,4.15,18900,6577150,15.237791,19365.7,19000.0,19050,ATM-7,PUT,19400,2023-11-07
2023-11-07 12:40:00+05:30,4.15,4.2,4.1,4.15,19400,6577150,15.214447,19364.9,19000.0,19050,ATM-7,PUT,19400,2023-11-07
2023-11-07 12:41:00+05:30,4.15,4.3,4.1,4.1,58100,6595500,15.214535,19365.95,19000.0,19050,ATM-7,PUT,19400,2023-11-07
2023-11-07 12:42:00+05:30,4.15,4.25,4.15,4.2,20800,6595500,15.243682,19364.55,19000.0,19050,ATM-7,PUT,19400,2023-11-07
2023-11-07 12:43:00+05:30,4.2,4.25,4.15,4.2,5850,6595500,15.236394,19364.25,19000.0,19050,ATM-7,PUT,19400,2023-11-07
2023-11-07 12:44:00+05:30,4.2,4.2,4.1,4.15,23700,6589500,15.177282,19363.45,19000.0,19050,ATM-7,PUT,19400,2023-11-07
2023-11-07 12:45:00+05:30,4.15,4.2,4.1,4.1,16500,6589500,15.207988,19365.45,19000.0,19050,ATM-7,PUT,19400,2023-11-07
2023-11-07 12:46:00+05:30,4.1,4.2,4.1,4.2,12050,6589500,15.288681,19365.65,19000.0,19050,ATM-7,PUT,19400,2023-11-07
2023-11-07 12:47:00+05:30,4.15,4.2,4.1,4.1,32600,6595550,15.321933,19368.85,19000.0,19050,ATM-7,PUT,19400,2023-11-07
2023-11-07 12:48:00+05:30,4.1,4.15,4.1,4.15,18850,6595550,15.450541,19371.65,19000.0,19050,ATM-7,PUT,19400,2023-11-07
2023-11-07 12:49:00+05:30,4.15,4.15,4.05,4.1,35750,6595550,15.422977,19371.85,19000.0,19050,ATM-7,PUT,19400,2023-11-07
2023-11-07 12:50:00+05:30,4.15,4.2,4.1,4.15,36800,6608750,15.34931,19368.35,19000.0,19050,ATM-7,PUT,19400,2023-11-07
2023-11-07 12:51:00+05:30,4.15,4.15,4.05,4.05,22050,6608750,15.325475,19369.8,19000.0,19050,ATM-7,PUT,19400,2023-11-07
2023-11-07 12:52:00+05:30,4.05,4.15,4.0,4.05,70800,6608750,15.34871,19370.45,19000.0,19050,ATM-7,PUT,19400,2023-11-07
2023-11-07 12:53:00+05:30,4.05,4.15,4.05,4.1,20450,6620650,15.312251,19368.1,19000.0,19050,ATM-7,PUT,19400,2023-11-07
2023-11-07 12:54:00+05:30,4.1,4.25,4.1,4.15,52750,6620650,15.233309,19364.45,19000.0,19050,ATM-7,PUT,19400,2023-11-07
2023-11-07 12:55:00+05:30,4.2,4.25,4.15,4.2,46800,6620650,15.195574,19362.1,19000.0,19050,ATM-7,PUT,19400,2023-11-07
2023-11-07 12:56:00+05:30,4.25,4.35,4.2,4.3,41200,6618450,15.273506,19362.25,19000.0,19050,ATM-7,PUT,19400,2023-11-07
2023-11-07 12:57:00+05:30,4.3,4.3,4.25,4.3,10350,6618450,15.332656,19364.0,19000.0,19050,ATM-7,PUT,19400,2023-11-07
2023-11-07 12:58:00+05:30,4.25,4.3,4.2,4.25,32150,6618450,15.36768,19366.1,19000.0,19050,ATM-7,PUT,19400,2023-11-07
2023-11-07 12:59:00+05:30,4.25,4.25,4.15,4.2,15900,6618450,15.358632,19366.85,19000.0,19050,ATM-7,PUT,19400,2023-11-07
2023-11-07 13:00:00+05:30,4.2,4.2,4.15,4.15,5100,6623400,15.350868,19367.65,19000.0,19050,ATM-7,PUT,19400,2023-11-07
2023-11-07 13:01:00+05:30,4.15,4.2,4.05,4.15,40500,6623400,15.414503,19369.55,19000.0,19050,ATM-7,PUT,19400,2023-11-07
2023-11-07 13:02:00+05:30,4.15,4.15,4.1,4.15,10450,6623400,15.391153,19368.75,19000.0,19050,ATM-7,PUT,19400,2023-11-07
2023-11-07 13:03:00+05:30,4.15,4.15,4.1,4.15,25650,6627850,15.448348,19370.45,19000.0,19050,ATM-7,PUT,19400,2023-11-07
2023-11-07 13:04:00+05:30,4.15,4.2,4.1,4.15,21900,6627850,15.436284,19370.0,19000.0,19050,ATM-7,PUT,19400,2023-11-07
2023-11-07 13:05:00+05:30,4.2,4.25,4.15,4.15,34500,6653250,15.414544,19369.25,19000.0,19050,ATM-7,PUT,19400,2023-11-07
2023-11-07 13:06:00+05:30,4.15,4.2,4.15,4.2,9050,6653250,15.528948,19371.6,19000.0,19050,ATM-7,PUT,19400,2023-11-07
2023-11-07 13:07:00+05:30,4.2,4.2,4.15,4.2,11650,6653250,15.45069,19369.1,19000.0,19050,ATM-7,PUT,19400,2023-11-07
2023-11-07 13:08:00+05:30,4.2,4.25,4.15,4.25,11200,6653250,15.455034,19368.05,19000.0,19050,ATM-7,PUT,19400,2023-11-07
2023-11-07 13:09:00+05:30,4.25,4.25,4.2,4.25,15550,6651550,15.439663,19367.5,19000.0,19050,ATM-7,PUT,19400,2023-11-07
2023-11-07 13:10:00+05:30,4.25,4.25,4.2,4.2,9600,6651550,15.348053,19365.7,19000.0,19050,ATM-7,PUT,19400,2023-11-07
2023-11-07 13:11:00+05:30,4.25,4.25,4.2,4.25,11650,6651550,15.488257,19368.85,19000.0,19050,ATM-7,PUT,19400,2023-11-07
2023-11-07 13:12:00+05:30,4.25,4.35,4.25,4.25,24200,6645100,15.317268,19363.5,19000.0,19050,ATM-7,PUT,19400,2023-11-07
2023-11-07 13:13:00+05:30,4.25,4.35,4.25,4.3,34250,6645100,15.35508,19363.5,19000.0,19050,ATM-7,PUT,19400,2023-11-07
2023-11-07 13:14:00+05:30,4.3,4.3,4.25,4.25,45250,6645100,15.429165,19366.8,19000.0,19050,ATM-7,PUT,19400,2023-11-07
2023-11-07 13:15:00+05:30,4.3,4.35,4.25,4.25,79300,6640050,15.41539,19366.3,19000.0,19050,ATM-7,PUT,19400,2023-11-07
2023-11-07 13:16:00+05:30,4.25,4.3,4.15,4.15,119300,6640050,15.376718,19367.25,19000.0,19050,ATM-7,PUT,19400,2023-11-07
2023-11-07 13:17:00+05:30,4.15,4.2,4.15,4.15,39550,6640050,15.333881,19365.85,19000.0,19050,ATM-7,PUT,19400,2023-11-07
2023-11-07 13:18:00+05:30,4.15,4.25,4.15,4.15,63550,6647100,15.213279,19362.05,19000.0,19050,ATM-7,PUT,19400,2023-11-07
2023-11-07 13:19:00+05:30,4.2,4.25,4.15,4.2,63650,6647100,15.254753,19362.15,19000.0,19050,ATM-7,PUT,19400,2023-11-07
2023-11-07 13:20:00+05:30,4.2,4.25,4.15,4.25,49050,6647100,15.221194,19359.95,19000.0,19050,ATM-7,PUT,19400,2023-11-07
2023-11-07 13:21:00+05:30,4.25,4.45,4.25,4.25,185150,6652100,15.148697,19357.65,19000.0,19050,ATM-7,PUT,19400,2023-11-07
2023-11-07 13:22:00+05:30,4.25,4.3,4.2,4.3,60750,6652100,15.261274,19359.95,19000.0,19050,ATM-7,PUT,19400,2023-11-07
2023-11-07 13:23:00+05:30,4.35,4.35,4.2,4.2,67300,6652100,15.248173,19361.65,19000.0,19050,ATM-7,PUT,19400,2023-11-07
2023-11-07 13:24:00+05:30,4.15,4.2,4.15,4.2,55500,6660450,15.234341,19361.15,19000.0,19050,ATM-7,PUT,19400,2023-11-07
2023-11-07 13:25:00+05:30,4.2,4.25,4.1,4.1,92900,6660450,15.258793,19364.05,19000.0,19050,ATM-7,PUT,19400,2023-11-07
2023-11-07 13:26:00+05:30,4.15,4.15,4.05,4.1,50850,6660450,15.245029,19363.55,19000.0,19050,ATM-7,PUT,19400,2023-11-07
2023-11-07 13:27:00+05:30,4.1,4.2,4.05,4.15,39750,6689750,15.124567,19358.65,19000.0,19050,ATM-7,PUT,19400,2023-11-07
2023-11-07 13:28:00+05:30,4.15,4.2,4.1,4.2,26100,6689750,15.130098,19357.65,19000.0,19050,ATM-7,PUT,19400,2023-11-07
2023-11-07 13:29:00+05:30,4.2,4.25,4.15,4.25,17350,6689750,15.092829,19355.35,19000.0,19050,ATM-7,PUT,19400,2023-11-07
2023-11-07 13:30:00+05:30,4.2,4.25,4.2,4.2,9800,6710550,15.090903,19356.3,19000.0,19050,ATM-7,PUT,19400,2023-11-07
2023-11-07 13:31:00+05:30,4.25,4.25,4.2,4.25,3800,6710550,15.079648,19354.8,19000.0,19050,ATM-7,PUT,19400,2023-11-07
2023-11-07 13:32:00+05:30,4.2,4.25,4.1,4.1,58400,6710550,15.197965,19361.65,19000.0,19050,ATM-7,PUT,19400,2023-11-07
2023-11-07 13:33:00+05:30,4.1,4.15,3.9,3.9,121100,6707900,15.145117,19364.5,19000.0,19050,ATM-7,PUT,19400,2023-11-07
2023-11-07 13:34:00+05:30,3.95,3.95,3.6,3.6,157850,6707900,15.119691,19370.85,19000.0,19050,ATM-7,PUT,19400,2023-11-07
2023-11-07 13:35:00+05:30,3.65,3.7,3.6,3.65,105050,6707900,15.213996,19372.5,19000.0,19050,ATM-7,PUT,19400,2023-11-07
2023-11-07 13:36:00+05:30,3.65,3.65,3.5,3.65,136300,6705150,15.140043,19370.1,19000.0,19050,ATM-7,PUT,19400,2023-11-07
2023-11-07 13:37:00+05:30,3.65,3.75,3.65,3.65,94750,6705150,15.085114,19368.3,19000.0,19050,ATM-7,PUT,19400,2023-11-07
2023-11-07 13:38:00+05:30,3.7,3.7,3.6,3.7,24400,6705150,15.128086,19368.35,19000.0,19050,ATM-7,PUT,19400,2023-11-07
2023-11-07 13:39:00+05:30,3.7,3.7,3.65,3.7,22700,6755950,15.148059,19368.9,19000.0,19050,ATM-7,PUT,19400,2023-11-07
2023-11-07 13:40:00+05:30,3.7,3.7,3.6,3.65,55050,6755950,15.243627,19373.05,19000.0,19050,ATM-7,PUT,19400,2023-11-07
2023-11-07 13:41:00+05:30,3.6,3.65,3.55,3.55,51500,6755950,15.193545,19373.9,19000.0,19050,ATM-7,PUT,19400,2023-11-07
2023-11-07 13:42:00+05:30,3.55,3.75,3.55,3.65,334300,6759600,15.302589,19374.75,19000.0,19050,ATM-7,PUT,19400,2023-11-07
2023-11-07 13:43:00+05:30,3.65,3.7,3.6,3.65,47100,6759600,15.292305,19374.35,19000.0,19050,ATM-7,PUT,19400,2023-11-07
2023-11-07 13:44:00+05:30,3.65,3.7,3.65,3.65,9200,6759600,15.250177,19372.95,19000.0,19050,ATM-7,PUT,19400,2023-11-07
2023-11-07 13:45:00+05:30,3.65,3.7,3.6,3.65,33800,6910650,15.236687,19372.45,19000.0,19050,ATM-7,PUT,19400,2023-11-07
2023-11-07 13:46:00+05:30,3.65,3.7,3.6,3.65,25850,6910650,15.146667,19369.55,19000.0,19050,ATM-7,PUT,19400,2023-11-07
2023-11-07 13:47:00+05:30,3.65,3.7,3.6,3.65,43500,6910650,15.241558,19372.45,19000.0,19050,ATM-7,PUT,19400,2023-11-07
2023-11-07 13:48:00+05:30,3.65,3.65,3.6,3.65,38250,6876750,15.26471,19373.1,19000.0,19050,ATM-7,PUT,19400,2023-11-07
2023-11-07 13:49:00+05:30,3.65,3.65,3.55,3.55,23200,6876750,15.201868,19373.55,19000.0,19050,ATM-7,PUT,19400,2023-11-07
2023-11-07 13:50:00+05:30,4.25,4.25,3.85,3.85,169650,2376250,13.910061,19377.45,19050.0,19050,ATM-7,PUT,19400,2023-11-07
2023-11-07 13:51:00+05:30,3.85,3.85,3.7,3.7,60800,2370600,14.074972,19385.8,19050.0,19050,ATM-7,PUT,19400,2023-11-07
2023-11-07 13:52:00+05:30,3.75,3.75,3.5,3.7,163250,2370600,14.141925,19387.8,19050.0,19050,ATM-7,PUT,19400,2023-11-07
2023-11-07 13:53:00+05:30,3.65,3.8,3.65,3.75,82400,2370600,14.326761,19392.3,19050.0,19050,ATM-7,PUT,19400,2023-11-07
2023-11-07 13:54:00+05:30,3.75,3.85,3.7,3.8,84750,2352050,14.466327,19395.4,19050.0,19050,ATM-7,PUT,19400,2023-11-07
2023-11-07 13:55:00+05:30,3.8,3.95,3.8,3.9,109900,2352050,14.533867,19395.15,19050.0,19050,ATM-7,PUT,19400,2023-11-07
2023-11-07 13:56:00+05:30,3.85,3.95,3.8,3.9,137650,2352050,14.693589,19400.0,19050.0,19050,ATM-7,PUT,19400,2023-11-07
2023-11-07 13:57:00+05:30,3.9,3.95,3.75,3.9,241250,2366250,14.593732,19396.85,19050.0,19050,ATM-7,PUT,19400,2023-11-07
2023-11-07 13:58:00+05:30,3.85,3.95,3.85,3.95,72600,2366250,14.650334,19397.4,19050.0,19050,ATM-7,PUT,19400,2023-11-07
2023-11-07 13:59:00+05:30,3.9,4.1,3.9,4.1,82050,2366250,14.642612,19393.8,19050.0,19050,ATM-7,PUT,19400,2023-11-07
2023-11-07 14:00:00+05:30,4.1,4.1,4.0,4.05,58700,2300200,14.671583,19395.7,19050.0,19050,ATM-7,PUT,19400,2023-11-07
2023-11-07 14:01:00+05:30,4.05,4.05,4.0,4.0,39650,2300200,14.742418,19398.9,19050.0,19050,ATM-7,PUT,19400,2023-11-07
2023-11-07 14:02:00+05:30,4.0,4.05,4.0,4.05,56450,2300200,14.699156,19396.4,19050.0,19050,ATM-7,PUT,19400,2023-11-07
2023-11-07 14:03:00+05:30,4.05,4.1,4.0,4.05,274800,2262300,14.835361,19400.5,19050.0,19050,ATM-7,PUT,19400,2023-11-07
2023-11-07 14:04:00+05:30,4.0,4.15,3.9,4.05,112800,2262300,14.99254,19405.25,19050.0,19050,ATM-7,PUT,19400,2023-11-07
2023-11-07 14:05:00+05:30,4.05,4.1,3.95,4.05,78950,2262300,15.016109,19405.9,19050.0,19050,ATM-7,PUT,19400,2023-11-07
2023-11-07 14:06:00+05:30,4.05,4.1,4.0,4.05,49300,2236950,14.981071,19404.75,19050.0,19050,ATM-7,PUT,19400,2023-11-07
2023-11-07 14:07:00+05:30,4.0,4.05,3.9,3.95,61850,2236950,14.938103,19405.6,19050.0,19050,ATM-7,PUT,19400,2023-11-07
2023-11-07 14:08:00+05:30,4.0,4.1,3.95,4.0,74250,2236950,14.850241,19401.7,19050.0,19050,ATM-7,PUT,19400,2023-11-07
2023-11-07 14:09:00+05:30,4.0,4.1,3.95,4.1,69900,2208150,14.795553,19397.75,19050.0,19050,ATM-7,PUT,19400,2023-11-07
2023-11-07 14:10:00+05:30,4.1,4.1,4.0,4.1,37700,2208150,14.756982,19396.5,19050.0,19050,ATM-7,PUT,19400,2023-11-07
2023-11-07 14:11:00+05:30,4.05,4.3,4.05,4.3,66550,2208150,14.89806,19396.45,19050.0,19050,ATM-7,PUT,19400,2023-11-07
2023-11-07 14:12:00+05:30,4.3,4.3,4.2,4.25,34200,2186300,15.008865,19400.8,19050.0,19050,ATM-7,PUT,19400,2023-11-07
2023-11-07 14:13:00+05:30,4.2,4.25,4.15,4.2,31800,2186300,14.926808,19399.3,19050.0,19050,ATM-7,PUT,19400,2023-11-07
2023-11-07 14:14:00+05:30,4.2,4.25,4.15,4.15,28750,2186300,14.954503,19401.15,19050.0,19050,ATM-7,PUT,19400,2023-11-07
2023-11-07 14:15:00+05:30,4.2,4.2,4.1,4.2,35500,2205350,14.969398,19400.45,19050.0,19050,ATM-7,PUT,19400,2023-11-07
2023-11-07 14:16:00+05:30,4.2,4.25,4.1,4.2,54650,2205350,15.052255,19402.9,19050.0,19050,ATM-7,PUT,19400,2023-11-07
2023-11-07 14:17:00+05:30,4.2,4.2,4.1,4.1,25850,2205350,14.960377,19402.2,19050.0,19050,ATM-7,PUT,19400,2023-11-07
2023-11-07 14:18:00+05:30,4.1,4.2,4.1,4.2,104700,2189400,14.915814,19398.6,19050.0,19050,ATM-7,PUT,19400,2023-11-07
2023-11-07 14:19:00+05:30,4.2,4.3,4.2,4.25,95350,2189400,15.017571,19400.55,19050.0,19050,ATM-7,PUT,19400,2023-11-07
2023-11-07 14:20:00+05:30,4.3,4.35,4.15,4.25,53400,2189400,14.970588,19399.05,19050.0,19050,ATM-7,PUT,19400,2023-11-07
2023-11-07 14:21:00+05:30,4.25,4.3,4.2,4.25,30350,2211800,15.005951,19400.05,19050.0,19050,ATM-7,PUT,19400,2023-11-07
2023-11-07 14:22:00+05:30,4.25,4.25,4.2,4.25,32950,2211800,14.932561,19397.75,19050.0,19050,ATM-7,PUT,19400,2023-11-07
2023-11-07 14:23:00+05:30,4.25,4.3,4.2,4.3,23350,2211800,14.837585,19393.75,19050.0,19050,ATM-7,PUT,19400,2023-11-07
2023-11-07 14:24:00+05:30,4.3,4.35,4.25,4.3,37100,2200200,14.715746,19390.0,19050.0,19050,ATM-7,PUT,19400,2023-11-07
2023-11-07 14:25:00+05:30,4.3,4.4,4.3,4.35,49600,2200200,14.729125,19389.3,19050.0,19050,ATM-7,PUT,19400,2023-11-07
2023-11-07 14:26:00+05:30,4.35,4.4,4.3,4.3,7950,2200200,14.786805,19392.0,19050.0,19050,ATM-7,PUT,19400,2023-11-07
2023-11-07 14:27:00+05:30,4.3,4.3,4.25,4.3,8600,2217750,14.780908,19391.75,19050.0,19050,ATM-7,PUT,19400,2023-11-07
2023-11-07 14:28:00+05:30,4.3,4.4,4.3,4.4,15750,2217750,14.66366,19386.1,19050.0,19050,ATM-7,PUT,19400,2023-11-07
2023-11-07 14:29:00+05:30,4.4,4.4,4.35,4.4,21100,2217750,14.74436,19388.45,19050.0,19050,ATM-7,PUT,19400,2023-11-07
2023-11-07 14:30:00+05:30,4.4,4.4,4.25,4.35,16150,2214700,14.865627,19393.05,19050.0,19050,ATM-7,PUT,19400,2023-11-07
2023-11-07 14:31:00+05:30,4.35,4.35,4.15,4.2,23850,2214700,14.828415,19395.0,19050.0,19050,ATM-7,PUT,19400,2023-11-07
2023-11-07 14:32:00+05:30,4.2,4.3,4.15,4.3,21900,2214700,14.733123,19389.95,19050.0,19050,ATM-7,PUT,19400,2023-11-07
2023-11-07 14:33:00+05:30,4.35,4.35,4.25,4.3,19750,2204900,14.783646,19391.4,19050.0,19050,ATM-7,PUT,19400,2023-11-07
2023-11-07 14:34:00+05:30,4.3,4.35,4.25,4.3,10450,2204900,14.694703,19388.65,19050.0,19050,ATM-7,PUT,19400,2023-11-07
2023-11-07 14:35:00+05:30,4.3,4.3,4.3,4.3,3400,2204900,14.783456,19391.25,19050.0,19050,ATM-7,PUT,19400,2023-11-07
2023-11-07 14:36:00+05:30,4.3,4.35,4.3,4.3,3450,2203400,14.722732,19389.35,19050.0,19050,ATM-7,PUT,19400,2023-11-07
2023-11-07 14:37:00+05:30,4.35,4.35,4.25,4.25,18550,2203400,14.61922,19387.2,19050.0,19050,ATM-7,PUT,19400,2023-11-07
2023-11-07 14:38:00+05:30,4.25,4.35,4.25,4.35,35000,2203400,14.479878,19380.9,19050.0,19050,ATM-7,PUT,19400,2023-11-07
2023-11-07 14:39:00+05:30,4.35,4.35,4.15,4.2,41450,2201550,14.393322,19381.3,19050.0,19050,ATM-7,PUT,19400,2023-11-07
2023-11-07 14:40:00+05:30,4.25,4.25,4.15,4.2,9100,2201550,14.495403,19384.3,19050.0,19050,ATM-7,PUT,19400,2023-11-07
2023-11-07 14:41:00+05:30,4.2,4.3,4.2,4.25,27100,2201550,14.438977,19381.5,19050.0,19050,ATM-7,PUT,19400,2023-11-07
2023-11-07 14:42:00+05:30,4.3,4.3,4.2,4.25,17150,2209800,14.452985,19381.85,19050.0,19050,ATM-7,PUT,19400,2023-11-07
2023-11-07 14:43:00+05:30,4.25,4.25,4.15,4.2,30500,2209800,14.539019,19385.4,19050.0,19050,ATM-7,PUT,19400,2023-11-07
2023-11-07 14:44:00+05:30,4.2,4.25,4.15,4.2,18050,2209800,14.459914,19382.95,19050.0,19050,ATM-7,PUT,19400,2023-11-07
2023-11-07 14:45:00+05:30,4.2,4.25,4.2,4.2,4650,2214250,14.485551,19383.65,19050.0,19050,ATM-7,PUT,19400,2023-11-07
2023-11-07 14:46:00+05:30,4.2,4.25,4.15,4.15,21600,2214250,14.579311,19387.45,19050.0,19050,ATM-7,PUT,19400,2023-11-07
2023-11-07 14:47:00+05:30,4.15,4.2,4.15,4.15,9050,2214250,14.470496,19384.1,19050.0,19050,ATM-7,PUT,19400,2023-11-07
2023-11-07 14:48:00+05:30,4.15,4.2,4.1,4.1,13100,2221000,14.578693,19388.35,19050.0,19050,ATM-7,PUT,19400,2023-11-07
2023-11-07 14:49:00+05:30,4.1,4.15,4.0,4.0,77300,2221000,14.587415,19390.7,19050.0,19050,ATM-7,PUT,19400,2023-11-07
2023-11-07 14:50:00+05:30,4.05,4.05,3.9,3.9,55450,2221000,14.535432,19391.25,19050.0,19050,ATM-7,PUT,19400,2023-11-07
2023-11-07 14:51:00+05:30,3.9,3.9,3.85,3.85,44600,2205350,14.67313,19396.5,19050.0,19050,ATM-7,PUT,19400,2023-11-07
2023-11-07 14:52:00+05:30,3.9,3.9,3.8,3.8,22950,2205350,14.754183,19400.05,19050.0,19050,ATM-7,PUT,19400,2023-11-07
2023-11-07 14:53:00+05:30,3.85,3.85,3.75,3.8,35450,2205350,14.733752,19399.35,19050.0,19050,ATM-7,PUT,19400,2023-11-07
2023-11-07 14:54:00+05:30,3.8,3.9,3.8,3.9,28750,2194350,14.687752,19395.6,19050.0,19050,ATM-7,PUT,19400,2023-11-07
2023-11-07 14:55:00+05:30,3.9,3.9,3.85,3.85,16850,2194350,14.718715,19397.6,19050.0,19050,ATM-7,PUT,19400,2023-11-07
2023-11-07 14:56:00+05:30,3.85,3.9,3.8,3.85,23350,2194350,14.762022,19398.85,19050.0,19050,ATM-7,PUT,19400,2023-11-07
2023-11-07 14:57:00+05:30,3.85,3.85,3.75,3.85,32400,2187250,14.806957,19400.15,19050.0,19050,ATM-7,PUT,19400,2023-11-07
2023-11-07 14:58:00+05:30,3.85,3.9,3.85,3.9,22600,2187250,14.879326,19401.15,19050.0,19050,ATM-7,PUT,19400,2023-11-07
2023-11-07 14:59:00+05:30,3.9,4.0,3.8,3.9,73100,2187250,14.812943,19399.05,19050.0,19050,ATM-7,PUT,19400,2023-11-07
2023-11-07 15:00:00+05:30,3.85,3.9,3.75,3.85,202600,2196300,15.00375,19405.95,19050.0,19050,ATM-7,PUT,19400,2023-11-07
2023-11-07 15:01:00+05:30,3.85,3.95,3.8,3.85,101050,2196300,14.852635,19401.25,19050.0,19050,ATM-7,PUT,19400,2023-11-07
2023-11-07 15:02:00+05:30,3.8,4.05,3.8,4.05,168200,2196300,15.027301,19402.0,19050.0,19050,ATM-7,PUT,19400,2023-11-07
2023-11-07 15:03:00+05:30,3.95,4.0,3.8,3.8,87300,2148900,14.903184,19403.8,19050.0,19050,ATM-7,PUT,19400,2023-11-07
2023-11-07 15:04:00+05:30,3.8,3.8,3.7,3.8,109450,2148900,14.944775,19405.0,19050.0,19050,ATM-7,PUT,19400,2023-11-07
2023-11-07 15:05:00+05:30,3.8,3.8,3.7,3.7,63600,2148900,15.012065,19409.35,19050.0,19050,ATM-7,PUT,19400,2023-11-07
2023-11-07 15:06:00+05:30,3.7,3.8,3.7,3.8,44550,2150500,15.107754,19409.85,19050.0,19050,ATM-7,PUT,19400,2023-11-07
2023-11-07 15:07:00+05:30,3.75,3.85,3.75,3.85,47000,2150500,14.924524,19403.0,19050.0,19050,ATM-7,PUT,19400,2023-11-07
2023-11-07 15:08:00+05:30,3.85,3.9,3.8,3.85,30900,2150500,14.813996,19399.55,19050.0,19050,ATM-7,PUT,19400,2023-11-07
2023-11-07 15:09:00+05:30,3.85,3.95,3.85,3.9,22250,2155800,14.797814,19397.85,19050.0,19050,ATM-7,PUT,19400,2023-11-07
2023-11-07 15:10:00+05:30,3.9,4.05,3.9,4.05,29950,2155800,14.926588,19398.35,19050.0,19050,ATM-7,PUT,19400,2023-11-07
2023-11-07 15:11:00+05:30,4.0,4.1,3.95,4.1,86950,2155800,14.95525,19398.05,19050.0,19050,ATM-7,PUT,19400,2023-11-07
2023-11-07 15:12:00+05:30,4.1,4.1,4.05,4.1,28200,2176650,14.959362,19398.1,19050.0,19050,ATM-7,PUT,19400,2023-11-07
2023-11-07 15:13:00+05:30,4.05,4.15,4.0,4.05,60550,2176650,14.798349,19394.25,19050.0,19050,ATM-7,PUT,19400,2023-11-07
2023-11-07 15:14:00+05:30,4.05,4.1,3.95,4.0,60150,2176650,14.890099,19398.05,19050.0,19050,ATM-7,PUT,19400,2023-11-07
2023-11-07 15:15:00+05:30,4.0,4.1,3.9,3.9,103900,2163350,14.89624,19400.4,19050.0,19050,ATM-7,PUT,19400,2023-11-07
2023-11-07 15:16:00+05:30,3.95,3.95,3.85,3.9,44250,2163350,14.970954,19402.6,19050.0,19050,ATM-7,PUT,19400,2023-11-07
2023-11-07 15:17:00+05:30,3.85,3.9,3.75,3.75,53150,2163350,15.007089,19407.1,19050.0,19050,ATM-7,PUT,19400,2023-11-07
2023-11-07 15:18:00+05:30,3.75,3.9,3.75,3.9,46850,2182050,15.189067,19409.1,19050.0,19050,ATM-7,PUT,19400,2023-11-07
2023-11-07 15:19:00+05:30,3.9,3.9,3.8,3.8,29550,2182050,15.193936,19411.5,19050.0,19050,ATM-7,PUT,19400,2023-11-07
2023-11-07 15:20:00+05:30,3.9,3.9,3.8,3.8,152350,2182050,15.243723,19412.95,19050.0,19050,ATM-7,PUT,19400,2023-11-07
2023-11-07 15:21:00+05:30,3.8,3.85,3.7,3.75,88750,2197650,15.305183,19415.95,19050.0,19050,ATM-7,PUT,19400,2023-11-07
2023-11-07 15:22:00+05:30,3.7,3.75,3.55,3.6,150700,2197650,15.166849,19415.25,19050.0,19050,ATM-7,PUT,19400,2023-11-07
2023-11-07 15:23:00+05:30,3.6,3.65,3.5,3.55,142600,2197650,15.181005,19416.85,19050.0,19050,ATM-7,PUT,19400,2023-11-07
2023-11-07 15:24:00+05:30,3.55,3.6,3.5,3.6,93700,2202550,15.252709,19417.75,19050.0,19050,ATM-7,PUT,19400,2023-11-07
2023-11-07 15:25:00+05:30,3.6,3.75,3.5,3.7,384100,2202550,15.307022,19416.9,19050.0,19050,ATM-7,PUT,19400,2023-11-07
2023-11-07 15:26:00+05:30,3.7,3.7,3.6,3.65,104100,2202550,15.326753,19418.65,19050.0,19050,ATM-7,PUT,19400,2023-11-07
2023-11-07 15:27:00+05:30,3.65,3.8,3.65,3.7,93350,2215050,15.307219,19416.75,19050.0,19050,ATM-7,PUT,19400,2023-11-07
2023-11-07 15:28:00+05:30,3.7,3.85,3.65,3.65,139700,2215050,15.106387,19411.7,19050.0,19050,ATM-7,PUT,19400,2023-11-07
2023-11-07 15:29:00+05:30,3.6,3.8,3.5,3.5,209600,2215050,15.166912,19417.2,19050.0,19050,ATM-7,PUT,19400,2023-11-07
2023-11-07 09:15:00+05:30,437.0,437.0,433.45,436.2,4600,34550,16.926365,19369.7,18950.0,19000,ATM-8,CALL,19400,2023-11-07
2023-11-07 09:16:00+05:30,436.2,436.2,429.0,429.0,50,34550,20.515052,19354.55,18950.0,19000,ATM-8,CALL,19400,2023-11-07
2023-11-07 09:17:00+05:30,429.0,429.0,428.9,428.9,50,34550,19.106379,19357.9,18950.0,19000,ATM-8,CALL,19400,2023-11-07
2023-11-07 09:18:00+05:30,428.9,432.1,428.9,432.1,600,34600,18.3885,19362.85,18950.0,19000,ATM-8,CALL,19400,2023-11-07
2023-11-07 09:19:00+05:30,432.1,436.65,432.1,436.65,450,34600,19.799155,19364.7,18950.0,19000,ATM-8,CALL,19400,2023-11-07
2023-11-07 09:20:00+05:30,436.65,447.1,436.65,447.1,150,34150,20.69137,19373.9,18950.0,19000,ATM-8,CALL,19400,2023-11-07
2023-11-07 09:21:00+05:30,447.1,447.1,439.95,439.95,50,34150,18.714316,19370.6,18950.0,19000,ATM-8,CALL,19400,2023-11-07
2023-11-07 09:22:00+05:30,391.6,396.55,391.6,396.4,2450,494400,17.984977,19375.3,19000.0,19000,ATM-8,CALL,19400,2023-11-07
2023-11-07 09:23:00+05:30,396.4,400.1,393.75,399.95,6200,492750,17.463968,19380.3,19000.0,19000,ATM-8,CALL,19400,2023-11-07
2023-11-07 09:24:00+05:30,400.0,401.55,400.0,400.4,6400,492750,16.815458,19382.1,19000.0,19000,ATM-8,CALL,19400,2023-11-07
2023-11-07 09:25:00+05:30,400.75,405.1,398.5,402.0,3950,492750,17.9975,19381.35,19000.0,19000,ATM-8,CALL,19400,2023-11-07
2023-11-07 09:26:00+05:30,402.0,402.0,402.0,402.0,0,492750,17.9975,19374.4,18950.0,19000,ATM-8,CALL,19400,2023-11-07
2023-11-07 09:27:00+05:30,395.85,398.1,394.45,397.95,3550,492450,18.454764,19375.9,19000.0,19000,ATM-8,CALL,19400,2023-11-07
2023-11-07 09:28:00+05:30,397.95,397.95,397.95,397.95,0,492450,18.454764,19373.15,18950.0,19000,ATM-8,CALL,19400,2023-11-07
2023-11-07 09:29:00+05:30,397.95,397.95,397.95,397.95,0,492450,18.454764,19370.25,18950.0,19000,ATM-8,CALL,19400,2023-11-07
2023-11-07 09:30:00+05:30,397.95,397.95,397.95,397.95,0,492450,18.454764,19368.15,18950.0,19000,ATM-8,CALL,19400,2023-11-07
2023-11-07 09:31:00+05:30,451.25,451.25,438.55,438.55,100,34050,17.524937,19371.35,18950.0,19000,ATM-8,CALL,19400,2023-11-07
2023-11-07 09:32:00+05:30,438.55,438.55,438.55,438.55,0,34050,17.524937,19372.6,18950.0,19000,ATM-8,CALL,19400,2023-11-07
2023-11-07 09:33:00+05:30,438.55,438.55,438.55,438.55,0,34050,17.524937,19372.55,18950.0,19000,ATM-8,CALL,19400,2023-11-07
2023-11-07 09:34:00+05:30,438.55,439.8,438.55,439.8,50,34050,20.314338,19367.05,18950.0,19000,ATM-8,CALL,19400,2023-11-07
2023-11-07 09:35:00+05:30,439.8,439.8,439.8,439.8,0,34050,20.314338,19366.2,18950.0,19000,ATM-8,CALL,19400,2023-11-07
2023-11-07 09:36:00+05:30,439.8,439.8,439.8,439.8,0,34050,20.314338,19366.7,18950.0,19000,ATM-8,CALL,19400,2023-11-07
2023-11-07 09:37:00+05:30,439.8,442.3,439.8,442.3,50,34050,20.819818,19368.55,18950.0,19000,ATM-8,CALL,19400,2023-11-07
2023-11-07 09:38:00+05:30,442.3,442.3,442.3,442.3,0,34050,20.819818,19364.1,18950.0,19000,ATM-8,CALL,19400,2023-11-07
2023-11-07 09:39:00+05:30,442.3,442.3,438.4,438.4,800,34050,22.155296,19360.6,18950.0,19000,ATM-8,CALL,19400,2023-11-07
2023-11-07 09:40:00+05:30,438.4,438.4,438.4,438.4,0,34050,22.155296,19362.0,18950.0,19000,ATM-8,CALL,19400,2023-11-07
2023-11-07 09:41:00+05:30,438.4,447.15,438.4,446.05,700,34000,23.940261,19363.55,18950.0,19000,ATM-8,CALL,19400,2023-11-07
2023-11-07 09:42:00+05:30,446.05,446.05,446.05,446.05,0,34000,23.940261,19363.0,18950.0,19000,ATM-8,CALL,19400,2023-11-07
2023-11-07 09:43:00+05:30,446.05,446.05,446.05,446.05,0,34000,23.940261,19365.15,18950.0,19000,ATM-8,CALL,19400,2023-11-07
2023-11-07 09:44:00+05:30,446.05,446.85,446.05,446.85,50,33500,23.32858,19366.5,18950.0,19000,ATM-8,CALL,19400,2023-11-07
2023-11-07 09:45:00+05:30,446.85,448.0,444.85,448.0,800,33500,23.749457,19366.45,18950.0,19000,ATM-8,CALL,19400,2023-11-07
2023-11-07 09:46:00+05:30,448.0,448.0,448.0,448.0,0,33500,23.749457,19362.65,18950.0,19000,ATM-8,CALL,19400,2023-11-07
2023-11-07 09:47:00+05:30,448.0,448.0,448.0,448.0,0,33500,23.749457,19355.65,18950.0,19000,ATM-8,CALL,19400,2023-11-07
2023-11-07 09:48:00+05:30,448.0,448.0,448.0,448.0,0,33500,23.749457,19358.85,18950.0,19000,ATM-8,CALL,19400,2023-11-07
2023-11-07 09:49:00+05:30,448.0,448.0,441.75,441.75,50,33500,22.445336,19363.6,18950.0,19000,ATM-8,CALL,19400,2023-11-07
2023-11-07 09:50:00+05:30,441.75,441.75,441.0,441.0,50,33500,23.515802,19359.4,18950.0,19000,ATM-8,CALL,19400,2023-11-07
2023-11-07 09:51:00+05:30,441.0,441.0,441.0,441.0,0,33500,23.515802,19362.8,18950.0,19000,ATM-8,CALL,19400,2023-11-07
2023-11-07 09:52:00+05:30,441.0,441.0,441.0,441.0,0,33500,23.515802,19363.6,18950.0,19000,ATM-8,CALL,19400,2023-11-07
2023-11-07 09:53:00+05:30,441.0,441.0,441.0,441.0,0,33500,23.515802,19362.1,18950.0,19000,ATM-8,CALL,19400,2023-11-07
2023-11-07 09:54:00+05:30,441.0,441.0,441.0,441.0,0,33500,23.515802,19363.85,18950.0,19000,ATM-8,CALL,19400,2023-11-07
2023-11-07 09:55:00+05:30,441.0,447.6,441.0,447.6,400,33450,22.844497,19369.0,18950.0,19000,ATM-8,CALL,19400,2023-11-07
2023-11-07 09:56:00+05:30,447.6,447.6,447.6,447.6,0,33450,22.844497,19362.95,18950.0,19000,ATM-8,CALL,19400,2023-11-07
2023-11-07 09:57:00+05:30,447.6,447.6,447.6,447.6,0,33450,22.844497,19361.45,18950.0,19000,ATM-8,CALL,19400,2023-11-07
2023-11-07 09:58:00+05:30,447.6,447.6,440.0,440.0,700,33550,24.190378,19356.1,18950.0,19000,ATM-8,CALL,19400,2023-11-07
2023-11-07 09:59:00+05:30,440.0,440.8,436.0,440.7,250,33550,23.860174,19358.05,18950.0,19000,ATM-8,CALL,19400,2023-11-07
2023-11-07 10:00:00+05:30,440.7,440.7,440.1,440.1,50,33550,24.261022,19356.0,18950.0,19000,ATM-8,CALL,19400,2023-11-07
2023-11-07 10:01:00+05:30,440.1,441.4,440.1,441.4,150,33550,23.088991,19361.4,18950.0,19000,ATM-8,CALL,19400,2023-11-07
2023-11-07 10:02:00+05:30,441.4,441.4,441.4,441.4,0,33550,23.088991,19356.3,18950.0,19000,ATM-8,CALL,19400,2023-11-07
2023-11-07 10:03:00+05:30,441.4,441.4,432.2,433.2,550,33650,22.781703,19353.2,18950.0,19000,ATM-8,CALL,19400,2023-11-07
2023-11-07 10:04:00+05:30,433.2,433.85,431.65,431.65,150,33650,23.004103,19350.75,18950.0,19000,ATM-8,CALL,19400,2023-11-07
2023-11-07 10:05:00+05:30,431.65,432.4,430.65,432.4,850,33700,23.369008,19350.4,18950.0,19000,ATM-8,CALL,19400,2023-11-07
2023-11-07 10:06:00+05:30,432.4,432.4,432.4,432.4,0,33700,23.369008,19351.9,18950.0,19000,ATM-8,CALL,19400,2023-11-07
2023-11-07 10:07:00+05:30,432.4,432.65,432.4,432.65,50,33700,23.432729,19350.5,18950.0,19000,ATM-8,CALL,19400,2023-11-07
2023-11-07 10:08:00+05:30,432.65,432.65,432.65,432.65,0,33700,23.432729,19355.3,18950.0,19000,ATM-8,CALL,19400,2023-11-07
2023-11-07 10:09:00+05:30,432.65,432.65,432.65,432.65,0,33700,23.432729,19357.6,18950.0,19000,ATM-8,CALL,19400,2023-11-07
2023-11-07 10:10:00+05:30,432.65,439.55,432.65,439.55,200,33850,23.674373,19357.55,18950.0,19000,ATM-8,CALL,19400,2023-11-07
2023-11-07 10:11:00+05:30,439.55,439.55,439.55,439.55,0,33850,23.674373,19359.0,18950.0,19000,ATM-8,CALL,19400,2023-11-07
2023-11-07 10:12:00+05:30,439.55,439.55,439.55,439.55,0,33850,23.674373,19360.9,18950.0,19000,ATM-8,CALL,19400,2023-11-07
2023-11-07 10:13:00+05:30,439.55,446.0,439.55,446.0,700,33700,23.851466,19364.3,18950.0,19000,ATM-8,CALL,19400,2023-11-07
2023-11-07 10:14:00+05:30,446.0,446.0,446.0,446.0,0,33700,23.851466,19366.2,18950.0,19000,ATM-8,CALL,19400,2023-11-07
2023-11-07 10:15:00+05:30,446.0,446.0,446.0,446.0,0,33700,23.851466,19364.6,18950.0,19000,ATM-8,CALL,19400,2023-11-07
2023-11-07 10:16:00+05:30,446.0,446.0,446.0,446.0,0,33700,23.851466,19365.45,18950.0,19000,ATM-8,CALL,19400,2023-11-07
2023-11-07 10:17:00+05:30,446.0,446.0,442.8,442.8,50,33700,23.234875,19362.75,18950.0,19000,ATM-8,CALL,19400,2023-11-07
2023-11-07 10:18:00+05:30,442.8,442.8,442.8,442.8,0,33700,23.234875,19363.95,18950.0,19000,ATM-8,CALL,19400,2023-11-07
2023-11-07 10:19:00+05:30,442.8,449.0,442.8,449.0,150,33700,23.291056,19369.55,18950.0,19000,ATM-8,CALL,19400,2023-11-07
2023-11-07 10:20:00+05:30,449.0,452.35,449.0,451.7,400,33700,23.136201,19373.05,18950.0,19000,ATM-8,CALL,19400,2023-11-07
2023-11-07 10:21:00+05:30,451.7,463.05,451.7,456.2,250,33700,24.845006,19372.65,18950.0,19000,ATM-8,CALL,19400,2023-11-07
2023-11-07 10:22:00+05:30,456.2,456.2,456.2,456.2,0,33700,24.845006,19371.5,18950.0,19000,ATM-8,CALL,19400,2023-11-07
2023-11-07 10:23:00+05:30,456.2,456.2,456.2,456.2,0,33700,24.845006,19365.1,18950.0,19000,ATM-8,CALL,19400,2023-11-07
2023-11-07 10:24:00+05:30,456.2,456.2,456.2,456.2,0,33700,24.845006,19365.9,18950.0,19000,ATM-8,CALL,19400,2023-11-07
2023-11-07 10:25:00+05:30,456.2,456.2,448.8,448.8,50,33550,22.522755,19371.7,18950.0,19000,ATM-8,CALL,19400,2023-11-07
2023-11-07 10:26:00+05:30,448.8,448.8,448.8,448.8,0,33550,22.522755,19372.5,18950.0,19000,ATM-8,CALL,19400,2023-11-07
2023-11-07 10:27:00+05:30,448.8,448.8,448.8,448.8,0,33550,22.522755,19369.25,18950.0,19000,ATM-8,CALL,19400,2023-11-07
2023-11-07 10:28:00+05:30,448.8,448.8,448.8,448.8,0,33550,22.522755,19370.25,18950.0,19000,ATM-8,CALL,19400,2023-11-07
2023-11-07 10:29:00+05:30,448.8,448.8,448.8,448.8,0,33550,22.522755,19370.65,18950.0,19000,ATM-8,CALL,19400,2023-11-07
2023-11-07 10:30:00+05:30,448.8,448.8,448.8,448.8,0,33550,22.522755,19373.6,18950.0,19000,ATM-8,CALL,19400,2023-11-07
2023-11-07 10:31:00+05:30,407.9,411.8,407.9,410.15,1950,501550,22.991426,19376.55,19000.0,19000,ATM-8,CALL,19400,2023-11-07
2023-11-07 10:32:00+05:30,410.15,412.65,410.0,410.0,3650,503800,23.155739,19375.8,19000.0,19000,ATM-8,CALL,19400,2023-11-07
2023-11-07 10:33:00+05:30,410.0,410.0,410.0,410.0,0,503800,23.155739,19374.35,18950.0,19000,ATM-8,CALL,19400,2023-11-07
2023-11-07 10:34:00+05:30,409.05,412.3,409.05,410.3,2550,503800,23.340904,19375.5,19000.0,19000,ATM-8,CALL,19400,2023-11-07
2023-11-07 10:35:00+05:30,410.3,422.0,410.3,419.25,5850,504800,23.669798,19384.6,19000.0,19000,ATM-8,CALL,19400,2023-11-07
2023-11-07 10:36:00+05:30,419.25,421.15,414.15,416.05,6500,504800,23.935244,19379.95,19000.0,19000,ATM-8,CALL,19400,2023-11-07
2023-11-07 10:37:00+05:30,416.05,417.3,414.55,417.05,2150,504800,23.847497,19381.45,19000.0,19000,ATM-8,CALL,19400,2023-11-07
2023-11-07 10:38:00+05:30,417.05,417.05,416.2,417.0,2100,502300,23.917186,19381.15,19000.0,19000,ATM-8,CALL,19400,2023-11-07
2023-11-07 10:39:00+05:30,417.0,422.95,417.0,422.4,4450,502300,24.476,19385.3,19000.0,19000,ATM-8,CALL,19400,2023-11-07
2023-11-07 10:40:00+05:30,422.4,425.0,420.5,425.0,2250,502300,24.680292,19387.55,19000.0,19000,ATM-8,CALL,19400,2023-11-07
2023-11-07 10:41:00+05:30,425.0,427.65,424.0,424.45,6300,497800,23.728573,19390.45,19000.0,19000,ATM-8,CALL,19400,2023-11-07
2023-11-07 10:42:00+05:30,424.45,424.45,419.5,421.0,1700,497800,23.210564,19388.35,19000.0,19000,ATM-8,CALL,19400,2023-11-07
2023-11-07 10:43:00+05:30,421.0,421.0,418.0,419.65,4100,497800,23.001793,19387.55,19000.0,19000,ATM-8,CALL,19400,2023-11-07
2023-11-07 10:44:00+05:30,419.65,425.0,419.65,425.0,1350,498150,23.17552,19393.05,19000.0,19000,ATM-8,CALL,19400,2023-11-07
2023-11-07 10:45:00+05:30,425.0,428.15,422.75,422.75,5950,498150,22.440957,19392.95,19000.0,19000,ATM-8,CALL,19400,2023-11-07
2023-11-07 10:46:00+05:30,422.75,422.75,419.0,419.0,2450,498150,21.953081,19390.3,19000.0,19000,ATM-8,CALL,19400,2023-11-07
2023-11-07 10:47:00+05:30,419.0,419.65,417.2,418.25,2850,494050,21.928684,19389.55,19000.0,19000,ATM-8,CALL,19400,2023-11-07
2023-11-07 10:48:00+05:30,418.25,419.05,417.6,419.05,300,494050,22.075593,19390.0,19000.0,19000,ATM-8,CALL,19400,2023-11-07
2023-11-07 10:49:00+05:30,419.05,421.7,419.05,420.35,2800,494050,22.098948,19391.4,19000.0,19000,ATM-8,CALL,19400,2023-11-07
2023-11-07 10:50:00+05:30,420.35,420.35,417.4,419.2,2050,495600,21.62147,19391.6,19000.0,19000,ATM-8,CALL,19400,2023-11-07
2023-11-07 10:51:00+05:30,419.2,419.2,412.2,412.2,8250,495600,20.393013,19387.4,19000.0,19000,ATM-8,CALL,19400,2023-11-07
2023-11-07 10:52:00+05:30,412.9,413.55,404.55,406.15,3250,495600,19.916624,19382.05,19000.0,19000,ATM-8,CALL,19400,2023-11-07
2023-11-07 10:53:00+05:30,406.15,410.2,406.15,410.0,7700,496800,20.192701,19385.55,19000.0,19000,ATM-8,CALL,19400,2023-11-07
2023-11-07 10:54:00+05:30,410.0,411.1,406.9,406.9,400,496800,19.095598,19385.0,19000.0,19000,ATM-8,CALL,19400,2023-11-07
2023-11-07 10:55:00+05:30,406.9,408.85,405.85,405.85,750,496800,18.726889,19384.75,19000.0,19000,ATM-8,CALL,19400,2023-11-07
2023-11-07 10:56:00+05:30,405.85,407.55,404.75,406.0,1400,499900,18.715243,19384.95,19000.0,19000,ATM-8,CALL,19400,2023-11-07
2023-11-07 10:57:00+05:30,406.0,406.0,402.0,405.8,1450,499900,19.567024,19382.65,19000.0,19000,ATM-8,CALL,19400,2023-11-07
2023-11-07 10:58:00+05:30,405.8,407.3,404.8,407.05,400,499900,19.180449,19385.0,19000.0,19000,ATM-8,CALL,19400,2023-11-07
2023-11-07 10:59:00+05:30,407.05,407.4,404.4,404.4,350,501400,19.601541,19381.05,19000.0,19000,ATM-8,CALL,19400,2023-11-07
2023-11-07 11:00:00+05:30,404.4,406.6,403.0,406.6,1350,501400,19.96926,19382.5,19000.0,19000,ATM-8,CALL,19400,2023-11-07
2023-11-07 11:01:00+05:30,406.35,408.0,404.6,404.6,2000,501400,18.359118,19384.3,19000.0,19000,ATM-8,CALL,19400,2023-11-07
2023-11-07 11:02:00+05:30,404.6,407.05,404.6,407.05,1000,502500,18.404241,19386.85,19000.0,19000,ATM-8,CALL,19400,2023-11-07
2023-11-07 11:03:00+05:30,407.05,408.7,405.0,408.7,750,502500,19.013242,19387.25,19000.0,19000,ATM-8,CALL,19400,2023-11-07
2023-11-07 11:04:00+05:30,408.7,408.95,407.0,408.95,700,502500,19.316714,19386.8,19000.0,19000,ATM-8,CALL,19400,2023-11-07
2023-11-07 11:05:00+05:30,408.95,411.0,408.0,408.0,1500,504200,19.164182,19386.15,19000.0,19000,ATM-8,CALL,19400,2023-11-07
2023-11-07 11:06:00+05:30,408.0,410.95,408.0,410.95,700,504200,19.756911,19387.9,19000.0,19000,ATM-8,CALL,19400,2023-11-07
2023-11-07 11:07:00+05:30,410.95,414.75,410.95,413.3,1250,504200,20.211364,19389.3,19000.0,19000,ATM-8,CALL,19400,2023-11-07
2023-11-07 11:08:00+05:30,412.95,414.95,412.95,413.55,3800,504200,20.016112,19390.1,19000.0,19000,ATM-8,CALL,19400,2023-11-07
2023-11-07 11:09:00+05:30,413.55,418.0,413.55,418.0,1500,504200,20.412759,19393.95,19000.0,19000,ATM-8,CALL,19400,2023-11-07
2023-11-07 11:10:00+05:30,418.0,419.7,416.85,418.8,2500,504200,20.256151,19395.25,19000.0,19000,ATM-8,CALL,19400,2023-11-07
2023-11-07 11:11:00+05:30,418.8,418.8,416.0,416.95,950,500500,18.927412,19396.45,19000.0,19000,ATM-8,CALL,19400,2023-11-07
2023-11-07 11:12:00+05:30,416.95,419.45,415.05,415.05,2100,500500,19.02107,19394.2,19000.0,19000,ATM-8,CALL,19400,2023-11-07
2023-11-07 11:13:00+05:30,415.05,417.15,413.75,417.0,2900,500500,20.942142,19391.45,19000.0,19000,ATM-8,CALL,19400,2023-11-07
2023-11-07 11:14:00+05:30,417.0,417.3,415.7,415.7,700,500400,19.887784,19392.85,19000.0,19000,ATM-8,CALL,19400,2023-11-07
2023-11-07 11:15:00+05:30,415.7,415.7,411.6,411.6,600,500400,19.462344,19389.45,19000.0,19000,ATM-8,CALL,19400,2023-11-07
2023-11-07 11:16:00+05:30,411.6,413.9,411.5,411.5,1600,500400,18.870233,19390.75,19000.0,19000,ATM-8,CALL,19400,2023-11-07
2023-11-07 11:17:00+05:30,411.5,415.65,411.5,415.4,2950,500450,19.358559,19393.85,19000.0,19000,ATM-8,CALL,19400,2023-11-07
2023-11-07 11:18:00+05:30,415.4,418.9,415.4,417.4,3200,500450,18.462383,19398.0,19000.0,19000,ATM-8,CALL,19400,2023-11-07
2023-11-07 11:19:00+05:30,417.4,418.25,417.15,417.65,550,500450,19.276478,19396.5,19000.0,19000,ATM-8,CALL,19400,2023-11-07
2023-11-07 11:20:00+05:30,417.65,417.8,416.15,417.8,800,496700,19.479283,19396.2,19000.0,19000,ATM-8,CALL,19400,2023-11-07
2023-11-07 11:21:00+05:30,417.8,418.0,417.8,418.0,2100,496700,19.533293,19396.3,19000.0,19000,ATM-8,CALL,19400,2023-11-07
2023-11-07 11:22:00+05:30,418.0,418.0,414.1,414.65,1800,496700,18.964754,19394.0,19000.0,19000,ATM-8,CALL,19400,2023-11-07
2023-11-07 11:23:00+05:30,414.65,415.65,413.45,415.65,1000,496700,20.521074,19391.25,19000.0,19000,ATM-8,CALL,19400,2023-11-07
2023-11-07 11:24:00+05:30,415.65,415.65,410.55,413.05,1000,495050,19.657533,19390.65,19000.0,19000,ATM-8,CALL,19400,2023-11-07
2023-11-07 11:25:00+05:30,413.05,415.0,413.05,415.0,300,495050,20.338014,19391.05,19000.0,19000,ATM-8,CALL,19400,2023-11-07
2023-11-07 11:26:00+05:30,415.0,415.0,411.7,411.9,250,494150,20.076263,19388.35,19000.0,19000,ATM-8,CALL,19400,2023-11-07
2023-11-07 11:27:00+05:30,411.9,412.55,410.55,412.1,450,494150,18.695807,19391.9,19000.0,19000,ATM-8,CALL,19400,2023-11-07
2023-11-07 11:28:00+05:30,412.1,413.65,410.6,411.85,1200,494150,19.531,19389.7,19000.0,19000,ATM-8,CALL,19400,2023-11-07
2023-11-07 11:29:00+05:30,411.85,412.5,410.65,411.3,1800,495500,19.225006,19389.85,19000.0,19000,ATM-8,CALL,19400,2023-11-07
2023-11-07 11:30:00+05:30,411.3,411.5,407.1,408.5,1150,495500,18.446127,19388.6,19000.0,19000,ATM-8,CALL,19400,2023-11-07
2023-11-07 11:31:00+05:30,408.5,408.5,405.55,406.95,350,495500,18.465375,19386.9,19000.0,19000,ATM-8,CALL,19400,2023-11-07
2023-11-07 11:32:00+05:30,406.95,407.8,404.45,407.8,2350,497150,17.330851,19390.1,19000.0,19000,ATM-8,CALL,19400,2023-11-07
2023-11-07 11:33:00+05:30,407.8,407.85,407.15,407.15,300,497150,18.45874,19387.15,19000.0,19000,ATM-8,CALL,19400,2023-11-07
2023-11-07 11:34:00+05:30,407.15,407.15,407.15,407.15,0,497150,18.45874,19388.05,19000.0,19000,ATM-8,CALL,19400,2023-11-07
2023-11-07 11:35:00+05:30,407.15,411.2,407.0,410.95,2200,497150,17.395473,19393.35,19000.0,19000,ATM-8,CALL,19400,2023-11-07
2023-11-07 11:36:00+05:30,410.95,412.9,410.0,412.9,1250,499150,17.409642,19395.4,19000.0,19000,ATM-8,CALL,19400,2023-11-07
2023-11-07 11:37:00+05:30,412.9,412.9,410.45,410.45,750,499150,16.685281,19394.05,19000.0,19000,ATM-8,CALL,19400,2023-11-07
2023-11-07 11:38:00+05:30,410.45,412.25,409.95,409.95,2500,499150,16.766726,19393.4,19000.0,19000,ATM-8,CALL,19400,2023-11-07
2023-11-07 11:39:00+05:30,409.95,409.95,406.1,406.1,600,497600,16.26755,19390.15,19000.0,19000,ATM-8,CALL,19400,2023-11-07
2023-11-07 11:40:00+05:30,406.1,406.1,385.0,391.0,6700,497600,14.715668,19376.55,19000.0,19000,ATM-8,CALL,19400,2023-11-07
2023-11-07 11:41:00+05:30,443.25,443.25,424.45,428.9,550,33750,14.770785,19365.65,18950.0,19000,ATM-8,CALL,19400,2023-11-07
2023-11-07 11:42:00+05:30,428.9,428.9,425.4,425.4,500,34050,16.996779,19359.4,18950.0,19000,ATM-8,CALL,19400,2023-11-07
2023-11-07 11:43:00+05:30,425.4,426.0,425.4,426.0,200,34050,19.683704,19355.0,18950.0,19000,ATM-8,CALL,19400,2023-11-07
2023-11-07 11:44:00+05:30,426.0,426.0,426.0,426.0,0,34050,19.683704,19354.7,18950.0,19000,ATM-8,CALL,19400,2023-11-07
2023-11-07 11:45:00+05:30,426.0,426.0,408.8,408.8,250,33950,17.960243,19340.2,18950.0,19000,ATM-8,CALL,19400,2023-11-07
2023-11-07 11:46:00+05:30,408.8,408.8,406.1,406.1,50,33950,0.0,19345.7,18950.0,19000,ATM-8,CALL,19400,2023-11-07
2023-11-07 11:47:00+05:30,406.1,409.1,406.1,409.1,50,33950,14.554596,19345.55,18950.0,19000,ATM-8,CALL,19400,2023-11-07
2023-11-07 11:48:00+05:30,409.1,409.1,409.1,409.1,0,33950,14.554596,19341.9,18950.0,19000,ATM-8,CALL,19400,2023-11-07
2023-11-07 11:49:00+05:30,409.1,409.1,404.2,404.2,50,33800,17.103241,19336.95,18950.0,19000,ATM-8,CALL,19400,2023-11-07
2023-11-07 11:50:00+05:30,404.2,404.2,404.2,404.2,0,33800,17.103241,19341.5,18950.0,19000,ATM-8,CALL,19400,2023-11-07
2023-11-07 11:51:00+05:30,404.2,404.2,404.2,404.2,0,33800,17.103241,19343.9,18950.0,19000,ATM-8,CALL,19400,2023-11-07
2023-11-07 11:52:00+05:30,404.2,404.2,404.2,404.2,0,33800,17.103241,19340.35,18950.0,19000,ATM-8,CALL,19400,2023-11-07
2023-11-07 11:53:00+05:30,404.2,404.2,404.2,404.2,0,33800,17.103241,19338.05,18950.0,19000,ATM-8,CALL,19400,2023-11-07
2023-11-07 11:54:00+05:30,404.2,404.2,404.2,404.2,0,33800,17.103241,19330.95,18950.0,19000,ATM-8,CALL,19400,2023-11-07
2023-11-07 11:55:00+05:30,404.2,404.2,404.2,404.2,0,33800,17.103241,19343.05,18950.0,19000,ATM-8,CALL,19400,2023-11-07
2023-11-07 11:56:00+05:30,404.2,404.2,403.25,403.25,50,33800,12.366717,19341.25,18950.0,19000,ATM-8,CALL,19400,2023-11-07
2023-11-07 11:57:00+05:30,403.25,403.25,400.75,400.75,50,33750,0.0,19342.5,18950.0,19000,ATM-8,CALL,19400,2023-11-07
2023-11-07 11:58:00+05:30,400.75,400.75,400.75,400.75,0,33750,0.0,19341.85,18950.0,19000,ATM-8,CALL,19400,2023-11-07
2023-11-07 11:59:00+05:30,400.75,400.75,400.75,400.75,0,33750,0.0,19344.9,18950.0,19000,ATM-8,CALL,19400,2023-11-07
2023-11-07 12:00:00+05:30,400.75,400.75,400.75,400.75,0,33750,0.0,19340.75,18950.0,19000,ATM-8,CALL,19400,2023-11-07
2023-11-07 12:01:00+05:30,400.75,400.75,400.75,400.75,0,33750,0.0,19340.35,18950.0,19000,ATM-8,CALL,19400,2023-11-07
2023-11-07 12:02:00+05:30,400.75,400.75,400.75,400.75,0,33750,0.0,19336.95,18950.0,19000,ATM-8,CALL,19400,2023-11-07
2023-11-07 12:03:00+05:30,400.75,400.75,400.75,400.75,0,33750,0.0,19341.8,18950.0,19000,ATM-8,CALL,19400,2023-11-07
2023-11-07 12:04:00+05:30,400.75,400.75,400.75,400.75,0,33750,0.0,19339.9,18950.0,19000,ATM-8,CALL,19400,2023-11-07
2023-11-07 12:05:00+05:30,400.75,405.0,400.75,405.0,700,33700,0.0,19344.3,18950.0,19000,ATM-8,CALL,19400,2023-11-07
2023-11-07 12:06:00+05:30,405.0,405.5,405.0,405.05,100,33700,0.0,19345.1,18950.0,19000,ATM-8,CALL,19400,2023-11-07
2023-11-07 12:07:00+05:30,405.05,405.05,405.05,405.05,0,33700,0.0,19350.85,18950.0,19000,ATM-8,CALL,19400,2023-11-07
2023-11-07 12:08:00+05:30,405.05,409.4,405.05,409.4,200,33600,0.0,19349.65,18950.0,19000,ATM-8,CALL,19400,2023-11-07
2023-11-07 12:09:00+05:30,409.4,409.4,409.4,409.4,0,33600,0.0,19350.45,18950.0,19000,ATM-8,CALL,19400,2023-11-07
2023-11-07 12:10:00+05:30,409.4,409.4,402.55,402.55,50,33600,0.0,19348.7,18950.0,19000,ATM-8,CALL,19400,2023-11-07
2023-11-07 12:11:00+05:30,402.55,402.55,402.55,402.55,0,33600,0.0,19350.75,18950.0,19000,ATM-8,CALL,19400,2023-11-07
2023-11-07 12:12:00+05:30,402.55,402.55,402.55,402.55,0,33600,0.0,19352.05,18950.0,19000,ATM-8,CALL,19400,2023-11-07
2023-11-07 12:13:00+05:30,402.55,402.55,402.55,402.55,0,33600,0.0,19349.4,18950.0,19000,ATM-8,CALL,19400,2023-11-07
2023-11-07 12:14:00+05:30,402.55,408.6,402.55,408.6,50,33650,0.0,19352.45,18950.0,19000,ATM-8,CALL,19400,2023-11-07
2023-11-07 12:15:00+05:30,408.6,408.6,408.6,408.6,0,33650,0.0,19352.7,18950.0,19000,ATM-8,CALL,19400,2023-11-07
2023-11-07 12:16:00+05:30,408.6,408.6,408.6,408.6,0,33650,0.0,19352.95,18950.0,19000,ATM-8,CALL,19400,2023-11-07
2023-11-07 12:17:00+05:30,408.6,408.6,408.6,408.6,0,33650,0.0,19352.35,18950.0,19000,ATM-8,CALL,19400,2023-11-07
2023-11-07 12:18:00+05:30,408.6,408.6,408.6,408.6,0,33650,0.0,19354.7,18950.0,19000,ATM-8,CALL,19400,2023-11-07
2023-11-07 12:19:00+05:30,408.6,408.6,408.6,408.6,0,33650,0.0,19359.15,18950.0,19000,ATM-8,CALL,19400,2023-11-07
2023-11-07 12:20:00+05:30,408.6,408.6,408.6,408.6,0,33650,0.0,19359.45,18950.0,19000,ATM-8,CALL,19400,2023-11-07
2023-11-07 12:21:00+05:30,408.6,408.6,408.6,408.6,0,33650,0.0,19357.3,18950.0,19000,ATM-8,CALL,19400,2023-11-07
2023-11-07 12:22:00+05:30,408.6,408.6,408.6,408.6,0,33650,0.0,19354.15,18950.0,19000,ATM-8,CALL,19400,2023-11-07
2023-11-07 12:23:00+05:30,408.6,408.6,408.6,408.6,0,33650,0.0,19353.75,18950.0,19000,ATM-8,CALL,19400,2023-11-07
2023-11-07 12:24:00+05:30,408.6,408.6,408.6,408.6,0,33650,0.0,19355.55,18950.0,19000,ATM-8,CALL,19400,2023-11-07
2023-11-07 12:25:00+05:30,408.6,408.6,408.6,408.6,0,33650,0.0,19356.25,18950.0,19000,ATM-8,CALL,19400,2023-11-07
2023-11-07 12:26:00+05:30,408.6,408.6,408.6,408.6,0,33650,0.0,19356.7,18950.0,19000,ATM-8,CALL,19400,2023-11-07
2023-11-07 12:27:00+05:30,408.6,409.0,408.6,409.0,600,33650,0.0,19354.9,18950.0,19000,ATM-8,CALL,19400,2023-11-07
2023-11-07 12:28:00+05:30,409.0,409.0,409.0,409.0,0,33650,0.0,19353.85,18950.0,19000,ATM-8,CALL,19400,2023-11-07
2023-11-07 12:29:00+05:30,409.0,409.0,406.65,406.65,50,33650,0.0,19353.4,18950.0,19000,ATM-8,CALL,19400,2023-11-07
2023-11-07 12:30:00+05:30,406.65,406.65,406.65,406.65,0,33650,0.0,19353.15,18950.0,19000,ATM-8,CALL,19400,2023-11-07
2023-11-07 12:31:00+05:30,406.65,406.65,406.65,406.65,0,33650,0.0,19351.2,18950.0,19000,ATM-8,CALL,19400,2023-11-07
2023-11-07 12:32:00+05:30,406.65,406.65,406.65,406.65,0,33650,0.0,19355.95,18950.0,19000,ATM-8,CALL,19400,2023-11-07
2023-11-07 12:33:00+05:30,406.65,406.65,406.65,406.65,0,33650,0.0,19357.55,18950.0,19000,ATM-8,CALL,19400,2023-11-07
2023-11-07 12:34:00+05:30,406.65,406.65,406.65,406.65,0,33650,0.0,19365.15,18950.0,19000,ATM-8,CALL,19400,2023-11-07
2023-11-07 12:35:00+05:30,406.65,406.65,406.65,406.65,0,33650,0.0,19367.1,18950.0,19000,ATM-8,CALL,19400,2023-11-07
2023-11-07 12:36:00+05:30,406.65,406.65,406.65,406.65,0,33650,0.0,19363.8,18950.0,19000,ATM-8,CALL,19400,2023-11-07
2023-11-07 12:37:00+05:30,406.65,424.0,406.65,424.0,50,33650,0.0,19367.95,18950.0,19000,ATM-8,CALL,19400,2023-11-07
2023-11-07 12:38:00+05:30,424.0,424.0,424.0,424.0,0,33650,0.0,19367.75,18950.0,19000,ATM-8,CALL,19400,2023-11-07
2023-11-07 12:39:00+05:30,424.0,424.0,424.0,424.0,0,33650,0.0,19365.7,18950.0,19000,ATM-8,CALL,19400,2023-11-07
2023-11-07 12:40:00+05:30,424.0,424.0,424.0,424.0,0,33650,0.0,19364.9,18950.0,19000,ATM-8,CALL,19400,2023-11-07
2023-11-07 12:41:00+05:30,424.0,424.0,424.0,424.0,0,33650,0.0,19365.95,18950.0,19000,ATM-8,CALL,19400,2023-11-07
2023-11-07 12:42:00+05:30,424.0,424.0,424.0,424.0,0,33650,0.0,19364.55,18950.0,19000,ATM-8,CALL,19400,2023-11-07
2023-11-07 12:43:00+05:30,424.0,424.0,424.0,424.0,0,33650,0.0,19364.25,18950.0,19000,ATM-8,CALL,19400,2023-11-07
2023-11-07 12:44:00+05:30,424.0,424.0,424.0,424.0,0,33650,0.0,19363.45,18950.0,19000,ATM-8,CALL,19400,2023-11-07
2023-11-07 12:45:00+05:30,424.0,424.0,424.0,424.0,0,33650,0.0,19365.45,18950.0,19000,ATM-8,CALL,19400,2023-11-07
2023-11-07 12:46:00+05:30,424.0,424.0,424.0,424.0,0,33650,0.0,19365.65,18950.0,19000,ATM-8,CALL,19400,2023-11-07
2023-11-07 12:47:00+05:30,424.0,424.0,423.6,423.6,50,33650,0.0,19368.85,18950.0,19000,ATM-8,CALL,19400,2023-11-07
2023-11-07 12:48:00+05:30,423.6,423.6,423.6,423.6,0,33650,0.0,19371.65,18950.0,19000,ATM-8,CALL,19400,2023-11-07
2023-11-07 12:49:00+05:30,426.05,426.05,426.05,426.05,100,33650,0.0,19371.85,18950.0,19000,ATM-8,CALL,19400,2023-11-07
2023-11-07 12:50:00+05:30,426.05,426.05,426.05,426.05,0,33650,0.0,19368.35,18950.0,19000,ATM-8,CALL,19400,2023-11-07
2023-11-07 12:51:00+05:30,426.05,426.05,426.05,426.05,0,33650,0.0,19369.8,18950.0,19000,ATM-8,CALL,19400,2023-11-07
2023-11-07 12:52:00+05:30,426.05,427.4,426.05,427.4,100,33650,0.0,19370.45,18950.0,19000,ATM-8,CALL,19400,2023-11-07
2023-11-07 12:53:00+05:30,427.4,427.4,427.4,427.4,0,33650,0.0,19368.1,18950.0,19000,ATM-8,CALL,19400,2023-11-07
2023-11-07 12:54:00+05:30,427.4,427.4,427.4,427.4,0,33650,0.0,19364.45,18950.0,19000,ATM-8,CALL,19400,2023-11-07
2023-11-07 12:55:00+05:30,427.4,427.4,427.4,427.4,0,33650,0.0,19362.1,18950.0,19000,ATM-8,CALL,19400,2023-11-07
2023-11-07 12:56:00+05:30,427.4,427.4,427.4,427.4,0,33650,0.0,19362.25,18950.0,19000,ATM-8,CALL,19400,2023-11-07
2023-11-07 12:57:00+05:30,427.4,427.4,427.4,427.4,0,33650,0.0,19364.0,18950.0,19000,ATM-8,CALL,19400,2023-11-07
2023-11-07 12:58:00+05:30,427.4,427.4,427.4,427.4,0,33650,0.0,19366.1,18950.0,19000,ATM-8,CALL,19400,2023-11-07
2023-11-07 12:59:00+05:30,427.4,427.4,421.35,421.35,50,33650,0.0,19366.85,18950.0,19000,ATM-8,CALL,19400,2023-11-07
2023-11-07 13:00:00+05:30,421.35,421.35,421.35,421.35,0,33650,0.0,19367.65,18950.0,19000,ATM-8,CALL,19400,2023-11-07
2023-11-07 13:01:00+05:30,421.35,425.0,421.35,425.0,800,33600,0.0,19369.55,18950.0,19000,ATM-8,CALL,19400,2023-11-07
2023-11-07 13:02:00+05:30,425.0,425.0,425.0,425.0,0,33600,0.0,19368.75,18950.0,19000,ATM-8,CALL,19400,2023-11-07
2023-11-07 13:03:00+05:30,425.0,425.0,425.0,425.0,0,33600,0.0,19370.45,18950.0,19000,ATM-8,CALL,19400,2023-11-07
2023-11-07 13:04:00+05:30,425.0,425.0,425.0,425.0,0,33600,0.0,19370.0,18950.0,19000,ATM-8,CALL,19400,2023-11-07
2023-11-07 13:05:00+05:30,425.0,425.0,425.0,425.0,0,33600,0.0,19369.25,18950.0,19000,ATM-8,CALL,19400,2023-11-07
2023-11-07 13:06:00+05:30,425.0,425.0,425.0,425.0,0,33600,0.0,19371.6,18950.0,19000,ATM-8,CALL,19400,2023-11-07
2023-11-07 13:07:00+05:30,425.0,425.0,425.0,425.0,0,33600,0.0,19369.1,18950.0,19000,ATM-8,CALL,19400,2023-11-07
2023-11-07 13:08:00+05:30,425.0,425.0,425.0,425.0,0,33600,0.0,19368.05,18950.0,19000,ATM-8,CALL,19400,2023-11-07
2023-11-07 13:09:00+05:30,425.0,425.0,425.0,425.0,0,33600,0.0,19367.5,18950.0,19000,ATM-8,CALL,19400,2023-11-07
2023-11-07 13:10:00+05:30,425.0,425.0,419.0,419.0,700,33600,0.0,19365.7,18950.0,19000,ATM-8,CALL,19400,2023-11-07
2023-11-07 13:11:00+05:30,419.0,419.0,419.0,419.0,0,33600,0.0,19368.85,18950.0,19000,ATM-8,CALL,19400,2023-11-07
2023-11-07 13:12:00+05:30,419.0,419.0,412.45,412.45,100,34300,0.0,19363.5,18950.0,19000,ATM-8,CALL,19400,2023-11-07
2023-11-07 13:13:00+05:30,412.45,412.45,412.45,412.45,0,34300,0.0,19363.5,18950.0,19000,ATM-8,CALL,19400,2023-11-07
2023-11-07 13:14:00+05:30,412.45,412.45,412.45,412.45,0,34300,0.0,19366.8,18950.0,19000,ATM-8,CALL,19400,2023-11-07
2023-11-07 13:15:00+05:30,412.45,415.45,412.45,415.45,50,34300,0.0,19366.3,18950.0,19000,ATM-8,CALL,19400,2023-11-07
2023-11-07 13:16:00+05:30,415.45,415.45,415.45,415.45,0,34300,0.0,19367.25,18950.0,19000,ATM-8,CALL,19400,2023-11-07
2023-11-07 13:17:00+05:30,415.45,415.45,415.45,415.45,0,34300,0.0,19365.85,18950.0,19000,ATM-8,CALL,19400,2023-11-07
2023-11-07 13:18:00+05:30,415.45,415.45,413.0,413.0,50,34350,0.0,19362.05,18950.0,19000,ATM-8,CALL,19400,2023-11-07
2023-11-07 13:19:00+05:30,413.0,413.95,413.0,413.95,50,34350,0.0,19362.15,18950.0,19000,ATM-8,CALL,19400,2023-11-07
2023-11-07 13:20:00+05:30,413.95,413.95,413.95,413.95,0,34350,0.0,19359.95,18950.0,19000,ATM-8,CALL,19400,2023-11-07
2023-11-07 13:21:00+05:30,413.95,413.95,407.35,407.95,100,34350,0.0,19357.65,18950.0,19000,ATM-8,CALL,19400,2023-11-07
2023-11-07 13:22:00+05:30,407.95,407.95,407.95,407.95,0,34350,0.0,19359.95,18950.0,19000,ATM-8,CALL,19400,2023-11-07
2023-11-07 13:23:00+05:30,407.95,410.6,407.95,410.6,50,34350,0.0,19361.65,18950.0,19000,ATM-8,CALL,19400,2023-11-07
2023-11-07 13:24:00+05:30,410.6,410.6,410.6,410.6,0,34350,0.0,19361.15,18950.0,19000,ATM-8,CALL,19400,2023-11-07
2023-11-07 13:25:00+05:30,410.6,410.6,410.6,410.6,0,34350,0.0,19364.05,18950.0,19000,ATM-8,CALL,19400,2023-11-07
2023-11-07 13:26:00+05:30,410.6,410.6,410.6,410.6,0,34350,0.0,19363.55,18950.0,19000,ATM-8,CALL,19400,2023-11-07
2023-11-07 13:27:00+05:30,410.6,410.6,410.6,410.6,0,34350,0.0,19358.65,18950.0,19000,ATM-8,CALL,19400,2023-11-07
2023-11-07 13:28:00+05:30,410.6,410.6,410.6,410.6,0,34350,0.0,19357.65,18950.0,19000,ATM-8,CALL,19400,2023-11-07
2023-11-07 13:29:00+05:30,410.6,410.6,410.6,410.6,0,34350,0.0,19355.35,18950.0,19000,ATM-8,CALL,19400,2023-11-07
2023-11-07 13:30:00+05:30,410.6,410.6,410.6,410.6,0,34350,0.0,19356.3,18950.0,19000,ATM-8,CALL,19400,2023-11-07
2023-11-07 13:31:00+05:30,410.6,415.4,410.6,415.4,50,34300,0.0,19354.8,18950.0,19000,ATM-8,CALL,19400,2023-11-07
2023-11-07 13:32:00+05:30,415.4,415.4,415.4,415.4,0,34300,0.0,19361.65,18950.0,19000,ATM-8,CALL,19400,2023-11-07
2023-11-07 13:33:00+05:30,415.4,415.4,415.4,415.4,0,34300,0.0,19364.5,18950.0,19000,ATM-8,CALL,19400,2023-11-07
2023-11-07 13:34:00+05:30,415.4,431.55,415.4,431.55,50,34250,0.0,19370.85,18950.0,19000,ATM-8,CALL,19400,2023-11-07
2023-11-07 13:35:00+05:30,431.55,431.55,429.5,429.5,50,34250,0.0,19372.5,18950.0,19000,ATM-8,CALL,19400,2023-11-07
2023-11-07 13:36:00+05:30,429.5,429.7,427.15,427.15,100,34250,0.0,19370.1,18950.0,19000,ATM-8,CALL,19400,2023-11-07
2023-11-07 13:37:00+05:30,427.15,428.05,424.0,428.05,350,34250,0.0,19368.3,18950.0,19000,ATM-8,CALL,19400,2023-11-07
2023-11-07 13:38:00+05:30,428.05,429.45,428.05,429.45,50,34250,11.76337,19368.35,18950.0,19000,ATM-8,CALL,19400,2023-11-07
2023-11-07 13:39:00+05:30,429.45,431.0,429.45,431.0,50,34200,14.154803,19368.9,18950.0,19000,ATM-8,CALL,19400,2023-11-07
2023-11-07 13:40:00+05:30,431.0,435.0,431.0,435.0,700,34200,14.030865,19373.05,18950.0,19000,ATM-8,CALL,19400,2023-11-07
2023-11-07 13:41:00+05:30,435.0,435.0,431.85,431.85,50,34200,0.0,19373.9,18950.0,19000,ATM-8,CALL,19400,2023-11-07
2023-11-07 13:42:00+05:30,431.85,431.85,431.85,431.85,0,34200,0.0,19374.75,18950.0,19000,ATM-8,CALL,19400,2023-11-07
2023-11-07 13:43:00+05:30,431.85,433.0,431.85,433.0,50,34200,0.0,19374.35,18950.0,19000,ATM-8,CALL,19400,2023-11-07
2023-11-07 13:44:00+05:30,433.0,433.0,431.7,431.7,50,34200,0.0,19372.95,18950.0,19000,ATM-8,CALL,19400,2023-11-07
2023-11-07 13:45:00+05:30,431.7,434.5,431.7,434.5,50,34200,14.221561,19372.45,18950.0,19000,ATM-8,CALL,19400,2023-11-07
2023-11-07 13:46:00+05:30,434.5,434.5,434.5,434.5,0,34200,14.221561,19369.55,18950.0,19000,ATM-8,CALL,19400,2023-11-07
2023-11-07 13:47:00+05:30,434.5,434.5,434.5,434.5,0,34200,14.221561,19372.45,18950.0,19000,ATM-8,CALL,19400,2023-11-07
2023-11-07 13:48:00+05:30,434.5,434.5,434.5,434.5,0,34200,14.221561,19373.1,18950.0,19000,ATM-8,CALL,19400,2023-11-07
2023-11-07 13:49:00+05:30,434.5,436.1,434.5,436.1,500,34150,15.002863,19373.55,18950.0,19000,ATM-8,CALL,19400,2023-11-07
2023-11-07 13:50:00+05:30,385.85,393.2,384.5,391.25,10050,470700,14.889403,19377.45,19000.0,19000,ATM-8,CALL,19400,2023-11-07
2023-11-07 13:51:00+05:30,391.25,397.2,391.25,396.2,4450,473500,0.0,19385.8,19000.0,19000,ATM-8,CALL,19400,2023-11-07
2023-11-07 13:52:00+05:30,396.2,403.0,396.2,398.9,5050,473500,11.109099,19387.8,19000.0,19000,ATM-8,CALL,19400,2023-11-07
2023-11-07 13:53:00+05:30,398.9,403.0,397.4,401.0,7000,473500,0.0,19392.3,19000.0,19000,ATM-8,CALL,19400,2023-11-07
2023-11-07 13:54:00+05:30,401.0,403.3,400.0,402.1,3650,463500,0.0,19395.4,19000.0,19000,ATM-8,CALL,19400,2023-11-07
2023-11-07 13:55:00+05:30,402.1,408.0,402.1,406.7,900,463500,12.569077,19395.15,19000.0,19000,ATM-8,CALL,19400,2023-11-07
2023-11-07 13:56:00+05:30,406.7,415.0,406.15,413.0,6750,463500,14.825564,19400.0,19000.0,19000,ATM-8,CALL,19400,2023-11-07
2023-11-07 13:57:00+05:30,413.0,415.3,409.05,409.05,2150,461650,13.747356,19396.85,19000.0,19000,ATM-8,CALL,19400,2023-11-07
2023-11-07 13:58:00+05:30,409.05,413.4,408.0,413.4,2400,461650,17.243513,19397.4,19000.0,19000,ATM-8,CALL,19400,2023-11-07
2023-11-07 13:59:00+05:30,413.4,413.4,408.6,408.6,1700,461650,16.275943,19393.8,19000.0,19000,ATM-8,CALL,19400,2023-11-07
2023-11-07 14:00:00+05:30,409.05,409.05,406.2,408.4,5200,462300,14.383412,19395.7,19000.0,19000,ATM-8,CALL,19400,2023-11-07
2023-11-07 14:01:00+05:30,408.4,413.0,408.4,411.75,850,462300,14.657819,19398.9,19000.0,19000,ATM-8,CALL,19400,2023-11-07
2023-11-07 14:02:00+05:30,411.75,413.0,410.4,412.9,2200,462300,17.555395,19396.4,19000.0,19000,ATM-8,CALL,19400,2023-11-07
2023-11-07 14:03:00+05:30,412.9,419.05,412.05,418.95,3500,460450,18.844393,19400.5,19000.0,19000,ATM-8,CALL,19400,2023-11-07
2023-11-07 14:04:00+05:30,418.95,427.0,418.95,426.3,5850,460450,20.339837,19405.25,19000.0,19000,ATM-8,CALL,19400,2023-11-07
2023-11-07 14:05:00+05:30,427.0,427.15,418.5,423.0,2800,460450,18.264641,19405.9,19000.0,19000,ATM-8,CALL,19400,2023-11-07
2023-11-07 14:06:00+05:30,423.0,423.0,419.8,420.1,2850,454550,17.076805,19404.75,19000.0,19000,ATM-8,CALL,19400,2023-11-07
2023-11-07 14:07:00+05:30,420.1,423.8,418.9,418.9,2900,454550,15.37791,19405.6,19000.0,19000,ATM-8,CALL,19400,2023-11-07
2023-11-07 14:08:00+05:30,418.9,419.55,415.0,415.0,900,454550,15.266068,19401.7,19000.0,19000,ATM-8,CALL,19400,2023-11-07
2023-11-07 14:09:00+05:30,415.0,415.0,408.55,408.55,4250,454350,10.01867,19397.75,19000.0,19000,ATM-8,CALL,19400,2023-11-07
2023-11-07 14:10:00+05:30,409.65,415.2,409.05,414.4,450,454350,18.434499,19396.5,19000.0,19000,ATM-8,CALL,19400,2023-11-07
2023-11-07 14:11:00+05:30,414.4,415.0,411.7,415.0,550,454350,18.796286,19396.45,19000.0,19000,ATM-8,CALL,19400,2023-11-07
2023-11-07 14:12:00+05:30,415.0,418.7,414.95,418.4,350,452700,18.422181,19400.8,19000.0,19000,ATM-8,CALL,19400,2023-11-07
2023-11-07 14:13:00+05:30,418.4,418.4,414.95,414.95,750,452700,17.147281,19399.3,19000.0,19000,ATM-8,CALL,19400,2023-11-07
2023-11-07 14:14:00+05:30,414.95,418.4,414.95,418.4,850,452700,18.238702,19401.15,19000.0,19000,ATM-8,CALL,19400,2023-11-07
2023-11-07 14:15:00+05:30,419.15,419.15,414.95,414.95,2450,452750,16.340916,19400.45,19000.0,19000,ATM-8,CALL,19400,2023-11-07
2023-11-07 14:16:00+05:30,414.95,420.8,414.1,420.8,400,452750,18.687517,19402.9,19000.0,19000,ATM-8,CALL,19400,2023-11-07
2023-11-07 14:17:00+05:30,420.8,420.8,419.8,420.5,750,452750,18.892213,19402.2,19000.0,19000,ATM-8,CALL,19400,2023-11-07
2023-11-07 14:18:00+05:30,420.5,420.6,418.15,418.6,500,453600,19.657891,19398.6,19000.0,19000,ATM-8,CALL,19400,2023-11-07
2023-11-07 14:19:00+05:30,418.6,420.5,418.0,419.7,350,453600,19.300189,19400.55,19000.0,19000,ATM-8,CALL,19400,2023-11-07
2023-11-07 14:20:00+05:30,419.7,425.0,419.7,420.65,900,453600,20.448651,19399.05,19000.0,19000,ATM-8,CALL,19400,2023-11-07
2023-11-07 14:21:00+05:30,420.65,420.65,418.2,420.0,600,452800,19.700463,19400.05,19000.0,19000,ATM-8,CALL,19400,2023-11-07
2023-11-07 14:22:00+05:30,420.0,421.05,419.7,419.7,400,452800,20.570018,19397.75,19000.0,19000,ATM-8,CALL,19400,2023-11-07
2023-11-07 14:23:00+05:30,419.7,419.7,412.35,412.55,1100,452800,18.894072,19393.75,19000.0,19000,ATM-8,CALL,19400,2023-11-07
2023-11-07 14:24:00+05:30,412.55,414.9,412.55,413.0,850,451950,20.751559,19390.0,19000.0,19000,ATM-8,CALL,19400,2023-11-07
2023-11-07 14:25:00+05:30,413.0,414.2,409.2,414.2,2700,451950,21.520408,19389.3,19000.0,19000,ATM-8,CALL,19400,2023-11-07
2023-11-07 14:26:00+05:30,414.2,415.7,412.25,415.7,1000,451950,21.135598,19392.0,19000.0,19000,ATM-8,CALL,19400,2023-11-07
2023-11-07 14:27:00+05:30,415.7,417.65,415.55,415.55,1350,451550,21.172972,19391.75,19000.0,19000,ATM-8,CALL,19400,2023-11-07
2023-11-07 14:28:00+05:30,415.55,415.55,410.55,410.55,1050,451550,21.228645,19386.1,19000.0,19000,ATM-8,CALL,19400,2023-11-07
2023-11-07 14:29:00+05:30,410.55,413.8,410.55,412.3,1450,451550,21.077037,19388.45,19000.0,19000,ATM-8,CALL,19400,2023-11-07
2023-11-07 14:30:00+05:30,412.3,415.5,412.3,415.15,2050,451500,20.501446,19393.05,19000.0,19000,ATM-8,CALL,19400,2023-11-07
2023-11-07 14:31:00+05:30,415.15,419.1,415.15,417.35,900,451500,20.691162,19395.0,19000.0,19000,ATM-8,CALL,19400,2023-11-07
2023-11-07 14:32:00+05:30,417.35,420.45,413.85,413.85,1750,451500,21.170455,19389.95,19000.0,19000,ATM-8,CALL,19400,2023-11-07
2023-11-07 14:33:00+05:30,413.0,415.9,412.3,415.9,650,451500,21.479265,19391.4,19000.0,19000,ATM-8,CALL,19400,2023-11-07
2023-11-07 14:34:00+05:30,415.9,415.9,413.0,413.0,150,451500,21.316277,19388.65,19000.0,19000,ATM-8,CALL,19400,2023-11-07
2023-11-07 14:35:00+05:30,413.0,413.0,413.0,413.0,0,451500,21.316277,19391.25,19000.0,19000,ATM-8,CALL,19400,2023-11-07
2023-11-07 14:36:00+05:30,413.0,414.1,412.15,414.1,400,451400,21.516465,19389.35,19000.0,19000,ATM-8,CALL,19400,2023-11-07
2023-11-07 14:37:00+05:30,414.1,414.1,410.3,411.0,1200,451400,21.047667,19387.2,19000.0,19000,ATM-8,CALL,19400,2023-11-07
2023-11-07 14:38:00+05:30,411.0,411.0,401.85,401.85,1700,451400,19.562922,19380.9,19000.0,19000,ATM-8,CALL,19400,2023-11-07
2023-11-07 14:39:00+05:30,401.85,409.1,401.85,407.0,750,451350,21.593556,19381.3,19000.0,19000,ATM-8,CALL,19400,2023-11-07
2023-11-07 14:40:00+05:30,407.0,410.95,407.0,410.95,100,451350,22.084034,19384.3,19000.0,19000,ATM-8,CALL,19400,2023-11-07
2023-11-07 14:41:00+05:30,410.95,410.95,405.0,405.0,350,451350,20.722409,19381.5,19000.0,19000,ATM-8,CALL,19400,2023-11-07
2023-11-07 14:42:00+05:30,405.0,406.65,404.5,406.65,2050,451750,21.273807,19381.85,19000.0,19000,ATM-8,CALL,19400,2023-11-07
2023-11-07 14:43:00+05:30,406.65,410.8,406.2,408.0,1750,451750,20.497361,19385.4,19000.0,19000,ATM-8,CALL,19400,2023-11-07
2023-11-07 14:44:00+05:30,408.0,408.0,405.0,405.0,500,451750,20.167853,19382.95,19000.0,19000,ATM-8,CALL,19400,2023-11-07
2023-11-07 14:45:00+05:30,405.0,406.2,404.7,404.7,1900,453050,19.745912,19383.65,19000.0,19000,ATM-8,CALL,19400,2023-11-07
2023-11-07 14:46:00+05:30,404.7,411.0,404.7,409.9,900,453050,20.524529,19387.45,19000.0,19000,ATM-8,CALL,19400,2023-11-07
2023-11-07 14:47:00+05:30,410.7,410.7,408.75,408.75,950,453050,21.326067,19384.1,19000.0,19000,ATM-8,CALL,19400,2023-11-07
2023-11-07 14:48:00+05:30,408.75,412.2,407.75,412.2,400,451050,21.16754,19388.35,19000.0,19000,ATM-8,CALL,19400,2023-11-07
2023-11-07 14:49:00+05:30,412.2,417.6,412.2,415.0,1100,451050,21.450056,19390.7,19000.0,19000,ATM-8,CALL,19400,2023-11-07
2023-11-07 14:50:00+05:30,415.0,415.35,413.35,414.15,400,451050,20.88511,19391.25,19000.0,19000,ATM-8,CALL,19400,2023-11-07
2023-11-07 14:51:00+05:30,414.15,418.8,414.15,416.6,4050,449100,19.796359,19396.5,19000.0,19000,ATM-8,CALL,19400,2023-11-07
2023-11-07 14:52:00+05:30,416.6,419.8,416.6,418.5,1400,449100,19.076456,19400.05,19000.0,19000,ATM-8,CALL,19400,2023-11-07
2023-11-07 14:53:00+05:30,418.5,419.85,417.9,418.5,850,449100,19.428941,19399.35,19000.0,19000,ATM-8,CALL,19400,2023-11-07
2023-11-07 14:54:00+05:30,419.05,419.05,416.55,416.55,500,447900,20.188079,19395.6,19000.0,19000,ATM-8,CALL,19400,2023-11-07
2023-11-07 14:55:00+05:30,416.55,418.0,416.55,418.0,400,447900,20.003601,19397.6,19000.0,19000,ATM-8,CALL,19400,2023-11-07
2023-11-07 14:56:00+05:30,418.0,421.6,418.0,419.0,3050,447900,19.932204,19398.85,19000.0,19000,ATM-8,CALL,19400,2023-11-07
2023-11-07 14:57:00+05:30,419.0,422.6,417.7,418.85,4000,451050,19.240431,19400.15,19000.0,19000,ATM-8,CALL,19400,2023-11-07
2023-11-07 14:58:00+05:30,418.85,420.5,418.85,419.25,750,451050,18.953425,19401.15,19000.0,19000,ATM-8,CALL,19400,2023-11-07
2023-11-07 14:59:00+05:30,419.25,422.4,418.4,419.1,3450,451050,19.905329,19399.05,19000.0,19000,ATM-8,CALL,19400,2023-11-07
2023-11-07 15:00:00+05:30,419.1,427.85,419.1,420.0,1050,450350,16.398348,19405.95,19000.0,19000,ATM-8,CALL,19400,2023-11-07
2023-11-07 15:01:00+05:30,420.0,420.0,410.0,416.0,850,450350,16.816928,19401.25,19000.0,19000,ATM-8,CALL,19400,2023-11-07
2023-11-07 15:02:00+05:30,416.0,420.15,416.0,417.5,850,450350,17.393805,19402.0,19000.0,19000,ATM-8,CALL,19400,2023-11-07
2023-11-07 15:03:00+05:30,417.5,419.1,417.5,418.2,2800,450400,16.636466,19403.8,19000.0,19000,ATM-8,CALL,19400,2023-11-07
2023-11-07 15:04:00+05:30,418.2,422.95,418.2,419.05,1900,450400,16.391298,19405.0,19000.0,19000,ATM-8,CALL,19400,2023-11-07
2023-11-07 15:05:00+05:30,419.05,421.65,418.9,421.4,4450,450400,14.39507,19409.35,19000.0,19000,ATM-8,CALL,19400,2023-11-07
2023-11-07 15:06:00+05:30,421.4,422.9,420.0,421.15,700,445000,13.122041,19409.85,19000.0,19000,ATM-8,CALL,19400,2023-11-07
2023-11-07 15:07:00+05:30,421.15,421.15,412.9,414.8,2350,445000,13.857937,19403.0,19000.0,19000,ATM-8,CALL,19400,2023-11-07
2023-11-07 15:08:00+05:30,414.8,414.8,407.9,410.95,6450,445000,13.071438,19399.55,19000.0,19000,ATM-8,CALL,19400,2023-11-07
2023-11-07 15:09:00+05:30,410.95,412.7,407.9,407.9,700,444000,0.0,19397.85,19000.0,19000,ATM-8,CALL,19400,2023-11-07
2023-11-07 15:10:00+05:30,410.0,411.15,407.9,408.05,1450,444000,0.0,19398.35,19000.0,19000,ATM-8,CALL,19400,2023-11-07
2023-11-07 15:11:00+05:30,408.05,409.65,408.0,408.0,950,444000,0.0,19398.05,19000.0,19000,ATM-8,CALL,19400,2023-11-07
2023-11-07 15:12:00+05:30,408.0,408.95,407.5,407.5,950,443050,0.0,19398.1,19000.0,19000,ATM-8,CALL,19400,2023-11-07
2023-11-07 15:13:00+05:30,407.0,407.0,402.0,404.25,2350,443050,0.0,19394.25,19000.0,19000,ATM-8,CALL,19400,2023-11-07
2023-11-07 15:14:00+05:30,404.25,407.1,402.6,407.1,4550,443050,0.0,19398.05,19000.0,19000,ATM-8,CALL,19400,2023-11-07
2023-11-07 15:15:00+05:30,406.65,415.0,406.4,415.0,8100,441500,16.7516,19400.4,19000.0,19000,ATM-8,CALL,19400,2023-11-07
2023-11-07 15:16:00+05:30,415.0,416.6,414.0,415.45,4900,441500,15.250372,19402.6,19000.0,19000,ATM-8,CALL,19400,2023-11-07
2023-11-07 15:17:00+05:30,415.45,419.05,415.4,419.05,5450,441500,14.277831,19407.1,19000.0,19000,ATM-8,CALL,19400,2023-11-07
2023-11-07 15:18:00+05:30,419.05,419.9,417.0,418.5,2750,438850,0.0,19409.1,19000.0,19000,ATM-8,CALL,19400,2023-11-07
2023-11-07 15:19:00+05:30,418.5,418.65,418.05,418.05,300,438850,0.0,19411.5,19000.0,19000,ATM-8,CALL,19400,2023-11-07
2023-11-07 15:20:00+05:30,418.05,423.0,418.05,421.85,4600,438850,0.0,19412.95,19000.0,19000,ATM-8,CALL,19400,2023-11-07
2023-11-07 15:21:00+05:30,421.85,423.75,421.05,422.35,3450,437400,0.0,19415.95,19000.0,19000,ATM-8,CALL,19400,2023-11-07
2023-11-07 15:22:00+05:30,422.35,424.0,419.8,421.45,4750,437400,0.0,19415.25,19000.0,19000,ATM-8,CALL,19400,2023-11-07
2023-11-07 15:23:00+05:30,421.45,423.8,421.0,423.6,1750,437400,0.0,19416.85,19000.0,19000,ATM-8,CALL,19400,2023-11-07
2023-11-07 15:24:00+05:30,423.6,424.35,422.05,422.45,800,435200,0.0,19417.75,19000.0,19000,ATM-8,CALL,19400,2023-11-07
2023-11-07 15:25:00+05:30,422.45,422.45,417.55,418.65,750,435200,0.0,19416.9,19000.0,19000,ATM-8,CALL,19400,2023-11-07
2023-11-07 15:26:00+05:30,418.65,419.2,418.0,419.2,1200,435200,0.0,19418.65,19000.0,19000,ATM-8,CALL,19400,2023-11-07
2023-11-07 15:27:00+05:30,419.2,420.65,419.15,420.0,6900,434550,0.0,19416.75,19000.0,19000,ATM-8,CALL,19400,2023-11-07
2023-11-07 15:28:00+05:30,419.4,419.5,417.0,418.0,4900,434550,0.0,19411.7,19000.0,19000,ATM-8,CALL,19400,2023-11-07
2023-11-07 15:29:00+05:30,418.95,419.05,417.45,417.45,4600,434550,0.0,19417.2,19000.0,19000,ATM-8,CALL,19400,2023-11-07
2023-11-07 15:30:00+05:30,416.85,416.85,416.85,416.85,550,434550,0.0,19417.15,19000.0,19000,ATM-8,CALL,19400,2023-11-07
2023-11-07 09:15:00+05:30,3.55,4.3,3.05,4.0,138550,1529400,16.366151,19369.7,18950.0,19000,ATM-8,PUT,19400,2023-11-07
2023-11-07 09:16:00+05:30,4.0,4.4,4.0,4.35,161900,1529400,16.163813,19354.55,18950.0,19000,ATM-8,PUT,19400,2023-11-07
2023-11-07 09:17:00+05:30,4.3,4.4,4.25,4.3,161650,1528100,16.233537,19357.9,18950.0,19000,ATM-8,PUT,19400,2023-11-07
2023-11-07 09:18:00+05:30,4.3,4.3,4.2,4.25,120000,1528100,16.351777,19362.85,18950.0,19000,ATM-8,PUT,19400,2023-11-07
2023-11-07 09:19:00+05:30,4.25,4.25,4.1,4.2,291250,1528100,16.374041,19364.7,18950.0,19000,ATM-8,PUT,19400,2023-11-07
2023-11-07 09:20:00+05:30,4.2,4.25,4.1,4.15,594250,1939250,16.620461,19373.9,18950.0,19000,ATM-8,PUT,19400,2023-11-07
2023-11-07 09:21:00+05:30,4.15,4.3,4.15,4.3,164550,1939250,16.633943,19370.6,18950.0,19000,ATM-8,PUT,19400,2023-11-07
2023-11-07 09:22:00+05:30,5.2,5.2,5.0,5.05,203900,5823300,15.690807,19375.3,19000.0,19000,ATM-8,PUT,19400,2023-11-07
2023-11-07 09:23:00+05:30,4.95,5.0,4.95,5.0,200700,5768700,15.820305,19380.3,19000.0,19000,ATM-8,PUT,19400,2023-11-07
2023-11-07 09:24:00+05:30,5.0,5.0,4.9,4.95,164550,5768700,15.84753,19382.1,19000.0,19000,ATM-8,PUT,19400,2023-11-07
2023-11-07 09:25:00+05:30,4.95,4.95,4.9,4.9,183250,5768700,15.793667,19381.35,19000.0,19000,ATM-8,PUT,19400,2023-11-07
2023-11-07 09:26:00+05:30,4.2,4.3,4.15,4.2,97450,2183050,16.688158,19374.4,18950.0,19000,ATM-8,PUT,19400,2023-11-07
2023-11-07 09:27:00+05:30,5.0,5.05,4.95,5.0,174450,5928900,15.689621,19375.9,19000.0,19000,ATM-8,PUT,19400,2023-11-07
2023-11-07 09:28:00+05:30,4.15,4.2,4.15,4.2,50000,2183050,16.654819,19373.15,18950.0,19000,ATM-8,PUT,19400,2023-11-07
2023-11-07 09:29:00+05:30,4.15,4.2,4.1,4.15,162200,2294500,16.530877,19370.25,18950.0,19000,ATM-8,PUT,19400,2023-11-07
2023-11-07 09:30:00+05:30,4.15,4.2,4.1,4.15,104950,2294500,16.469014,19368.15,18950.0,19000,ATM-8,PUT,19400,2023-11-07
2023-11-07 09:31:00+05:30,4.2,4.2,4.1,4.15,34100,2294500,16.56942,19371.35,18950.0,19000,ATM-8,PUT,19400,2023-11-07
2023-11-07 09:32:00+05:30,4.15,4.15,4.1,4.15,93300,2359250,16.610112,19372.6,18950.0,19000,ATM-8,PUT,19400,2023-11-07
2023-11-07 09:33:00+05:30,4.15,4.15,4.1,4.15,134950,2359250,16.611034,19372.55,18950.0,19000,ATM-8,PUT,19400,2023-11-07
2023-11-07 09:34:00+05:30,4.15,4.15,4.1,4.1,55650,2359250,16.407328,19367.05,18950.0,19000,ATM-8,PUT,19400,2023-11-07
2023-11-07 09:35:00+05:30,4.15,4.15,4.1,4.1,62450,2533250,16.383721,19366.2,18950.0,19000,ATM-8,PUT,19400,2023-11-07
2023-11-07 09:36:00+05:30,4.15,4.15,4.05,4.1,218350,2533250,16.401455,19366.7,18950.0,19000,ATM-8,PUT,19400,2023-11-07
2023-11-07 09:37:00+05:30,4.1,4.1,4.05,4.1,56800,2533250,16.460527,19368.55,18950.0,19000,ATM-8,PUT,19400,2023-11-07
2023-11-07 09:38:00+05:30,4.1,4.1,4.05,4.05,11300,2692550,16.288785,19364.1,18950.0,19000,ATM-8,PUT,19400,2023-11-07
2023-11-07 09:39:00+05:30,4.05,4.1,4.05,4.1,25500,2692550,16.221608,19360.6,18950.0,19000,ATM-8,PUT,19400,2023-11-07
2023-11-07 09:40:00+05:30,4.05,4.1,4.05,4.1,44750,2692550,16.266994,19362.0,18950.0,19000,ATM-8,PUT,19400,2023-11-07
2023-11-07 09:41:00+05:30,4.1,4.15,4.1,4.1,25600,2692500,16.316976,19363.55,18950.0,19000,ATM-8,PUT,19400,2023-11-07
2023-11-07 09:42:00+05:30,4.1,4.15,4.05,4.1,263850,2692500,16.302508,19363.0,18950.0,19000,ATM-8,PUT,19400,2023-11-07
2023-11-07 09:43:00+05:30,4.1,4.15,4.1,4.1,4200,2692500,16.370903,19365.15,18950.0,19000,ATM-8,PUT,19400,2023-11-07
2023-11-07 09:44:00+05:30,4.1,4.15,4.1,4.15,14400,2877200,16.452452,19366.5,18950.0,19000,ATM-8,PUT,19400,2023-11-07
2023-11-07 09:45:00+05:30,4.15,4.2,4.1,4.2,12500,2877200,16.490814,19366.45,18950.0,19000,ATM-8,PUT,19400,2023-11-07
2023-11-07 09:46:00+05:30,4.2,4.2,4.1,4.15,33250,2877200,16.338948,19362.65,18950.0,19000,ATM-8,PUT,19400,2023-11-07
2023-11-07 09:47:00+05:30,4.15,4.2,4.15,4.2,23550,2865650,16.162608,19355.65,18950.0,19000,ATM-8,PUT,19400,2023-11-07
2023-11-07 09:48:00+05:30,4.2,4.2,4.15,4.15,32600,2865650,16.226747,19358.85,18950.0,19000,ATM-8,PUT,19400,2023-11-07
2023-11-07 09:49:00+05:30,4.15,4.2,4.15,4.15,35450,2865650,16.375453,19363.6,18950.0,19000,ATM-8,PUT,19400,2023-11-07
2023-11-07 09:50:00+05:30,4.2,4.25,4.15,4.25,52900,2865650,16.322548,19359.4,18950.0,19000,ATM-8,PUT,19400,2023-11-07
2023-11-07 09:51:00+05:30,4.25,4.25,4.15,4.15,34750,2865650,16.355682,19362.8,18950.0,19000,ATM-8,PUT,19400,2023-11-07
2023-11-07 09:52:00+05:30,4.15,4.2,4.15,4.15,3150,2865650,16.382742,19363.6,18950.0,19000,ATM-8,PUT,19400,2023-11-07
2023-11-07 09:53:00+05:30,4.15,4.2,4.15,4.15,4350,2864200,16.338973,19362.1,18950.0,19000,ATM-8,PUT,19400,2023-11-07
2023-11-07 09:54:00+05:30,4.15,4.2,4.1,4.15,14100,2864200,16.395307,19363.85,18950.0,19000,ATM-8,PUT,19400,2023-11-07
2023-11-07 09:55:00+05:30,4.15,4.2,3.95,3.95,62750,2864200,16.40299,19369.0,18950.0,19000,ATM-8,PUT,19400,2023-11-07
2023-11-07 09:56:00+05:30,3.9,4.1,3.9,4.05,74700,2875900,16.296972,19362.95,18950.0,19000,ATM-8,PUT,19400,2023-11-07
2023-11-07 09:57:00+05:30,4.05,4.05,3.9,4.0,24500,2875900,16.215233,19361.45,18950.0,19000,ATM-8,PUT,19400,2023-11-07
2023-11-07 09:58:00+05:30,4.0,4.05,3.95,4.0,54100,2875900,16.053283,19356.1,18950.0,19000,ATM-8,PUT,19400,2023-11-07
2023-11-07 09:59:00+05:30,4.0,4.05,3.95,4.0,29400,2868000,16.115623,19358.05,18950.0,19000,ATM-8,PUT,19400,2023-11-07
2023-11-07 10:00:00+05:30,4.0,4.05,4.0,4.05,43050,2868000,16.092789,19356.0,18950.0,19000,ATM-8,PUT,19400,2023-11-07
2023-11-07 10:01:00+05:30,4.05,4.05,3.95,3.95,28150,2868000,16.184984,19361.4,18950.0,19000,ATM-8,PUT,19400,2023-11-07
2023-11-07 10:02:00+05:30,3.95,4.05,3.95,4.05,49500,2854650,16.106823,19356.3,18950.0,19000,ATM-8,PUT,19400,2023-11-07
2023-11-07 10:03:00+05:30,4.05,4.05,3.95,4.05,25500,2854650,16.013607,19353.2,18950.0,19000,ATM-8,PUT,19400,2023-11-07
2023-11-07 10:04:00+05:30,4.05,4.05,4.0,4.0,64550,2854650,15.902768,19350.75,18950.0,19000,ATM-8,PUT,19400,2023-11-07
2023-11-07 10:05:00+05:30,4.05,4.1,4.0,4.05,85950,2848350,15.931891,19350.4,18950.0,19000,ATM-8,PUT,19400,2023-11-07
2023-11-07 10:06:00+05:30,4.05,4.1,4.05,4.1,34200,2848350,16.017984,19351.9,18950.0,19000,ATM-8,PUT,19400,2023-11-07
2023-11-07 10:07:00+05:30,4.1,4.1,4.05,4.1,26900,2848350,15.977034,19350.5,18950.0,19000,ATM-8,PUT,19400,2023-11-07
2023-11-07 10:08:00+05:30,4.1,4.1,4.0,4.0,27600,2859250,16.052546,19355.3,18950.0,19000,ATM-8,PUT,19400,2023-11-07
2023-11-07 10:09:00+05:30,4.0,4.0,3.95,4.0,60500,2859250,16.125783,19357.6,18950.0,19000,ATM-8,PUT,19400,2023-11-07
2023-11-07 10:10:00+05:30,4.0,4.05,4.0,4.05,19550,2859250,16.164595,19357.55,18950.0,19000,ATM-8,PUT,19400,2023-11-07
2023-11-07 10:11:00+05:30,4.05,4.05,4.0,4.05,4000,2864450,16.211726,19359.0,18950.0,19000,ATM-8,PUT,19400,2023-11-07
2023-11-07 10:12:00+05:30,4.05,4.05,4.0,4.05,47450,2864450,16.272717,19360.9,18950.0,19000,ATM-8,PUT,19400,2023-11-07
2023-11-07 10:13:00+05:30,4.05,4.05,3.95,4.0,60650,2864450,16.341566,19364.3,18950.0,19000,ATM-8,PUT,19400,2023-11-07
2023-11-07 10:14:00+05:30,4.0,4.05,4.0,4.0,12400,2829000,16.402387,19366.2,18950.0,19000,ATM-8,PUT,19400,2023-11-07
2023-11-07 10:15:00+05:30,4.0,4.05,3.95,4.0,2450,2829000,16.355674,19364.6,18950.0,19000,ATM-8,PUT,19400,2023-11-07
2023-11-07 10:16:00+05:30,4.0,4.0,3.95,3.95,11600,2829000,16.345591,19365.45,18950.0,19000,ATM-8,PUT,19400,2023-11-07
2023-11-07 10:17:00+05:30,3.95,4.0,3.95,3.95,3300,2825900,16.265142,19362.75,18950.0,19000,ATM-8,PUT,19400,2023-11-07
2023-11-07 10:18:00+05:30,4.0,4.0,3.95,4.0,15200,2825900,16.343025,19363.95,18950.0,19000,ATM-8,PUT,19400,2023-11-07
2023-11-07 10:19:00+05:30,4.0,4.0,3.85,3.9,36950,2825900,16.439527,19369.55,18950.0,19000,ATM-8,PUT,19400,2023-11-07
2023-11-07 10:20:00+05:30,3.9,3.95,3.8,3.8,46150,2837350,16.469452,19373.05,18950.0,19000,ATM-8,PUT,19400,2023-11-07
2023-11-07 10:21:00+05:30,3.75,3.85,3.7,3.85,40900,2837350,16.49966,19372.65,18950.0,19000,ATM-8,PUT,19400,2023-11-07
2023-11-07 10:22:00+05:30,3.85,3.95,3.8,3.95,32650,2837350,16.545879,19371.5,18950.0,19000,ATM-8,PUT,19400,2023-11-07
2023-11-07 10:23:00+05:30,3.95,4.0,3.9,3.95,27150,2839550,16.351985,19365.1,18950.0,19000,ATM-8,PUT,19400,2023-11-07
2023-11-07 10:24:00+05:30,3.95,4.0,3.9,4.0,14600,2839550,16.417739,19365.9,18950.0,19000,ATM-8,PUT,19400,2023-11-07
2023-11-07 10:25:00+05:30,4.0,4.0,3.9,3.95,26850,2839550,16.559461,19371.7,18950.0,19000,ATM-8,PUT,19400,2023-11-07
2023-11-07 10:26:00+05:30,3.9,3.95,3.9,3.9,13200,2847750,16.547113,19372.5,18950.0,19000,ATM-8,PUT,19400,2023-11-07
2023-11-07 10:27:00+05:30,3.9,4.0,3.9,3.95,12150,2847750,16.489271,19369.25,18950.0,19000,ATM-8,PUT,19400,2023-11-07
2023-11-07 10:28:00+05:30,3.95,3.95,3.85,3.85,120250,2847750,16.443638,19370.25,18950.0,19000,ATM-8,PUT,19400,2023-11-07
2023-11-07 10:29:00+05:30,3.85,3.9,3.85,3.9,12050,2758950,16.497917,19370.65,18950.0,19000,ATM-8,PUT,19400,2023-11-07
2023-11-07 10:30:00+05:30,3.9,3.9,3.8,3.8,22550,2758950,16.510975,19373.6,18950.0,19000,ATM-8,PUT,19400,2023-11-07
2023-11-07 10:31:00+05:30,4.5,4.55,4.4,4.45,119650,6289150,15.493967,19376.55,19000.0,19000,ATM-8,PUT,19400,2023-11-07
2023-11-07 10:32:00+05:30,4.45,4.45,4.3,4.35,181800,6258450,15.403404,19375.8,19000.0,19000,ATM-8,PUT,19400,2023-11-07
2023-11-07 10:33:00+05:30,3.65,3.8,3.65,3.8,52650,2764850,16.541315,19374.35,18950.0,19000,ATM-8,PUT,19400,2023-11-07
2023-11-07 10:34:00+05:30,4.45,4.45,4.4,4.45,17450,6258450,15.467684,19375.5,19000.0,19000,ATM-8,PUT,19400,2023-11-07
2023-11-07 10:35:00+05:30,4.45,4.45,4.3,4.35,88350,6268900,15.687681,19384.6,19000.0,19000,ATM-8,PUT,19400,2023-11-07
2023-11-07 10:36:00+05:30,4.35,4.45,4.35,4.35,53250,6268900,15.54358,19379.95,19000.0,19000,ATM-8,PUT,19400,2023-11-07
2023-11-07 10:37:00+05:30,4.35,4.4,4.35,4.35,27400,6268900,15.593193,19381.45,19000.0,19000,ATM-8,PUT,19400,2023-11-07
2023-11-07 10:38:00+05:30,4.35,4.4,4.3,4.3,73650,6285950,15.550878,19381.15,19000.0,19000,ATM-8,PUT,19400,2023-11-07
2023-11-07 10:39:00+05:30,4.3,4.35,4.25,4.25,85700,6285950,15.648086,19385.3,19000.0,19000,ATM-8,PUT,19400,2023-11-07
2023-11-07 10:40:00+05:30,4.25,4.35,4.25,4.3,176900,6285950,15.756769,19387.55,19000.0,19000,ATM-8,PUT,19400,2023-11-07
2023-11-07 10:41:00+05:30,4.3,4.3,4.1,4.1,145300,6378500,15.705077,19390.45,19000.0,19000,ATM-8,PUT,19400,2023-11-07
2023-11-07 10:42:00+05:30,4.1,4.15,4.1,4.15,32050,6378500,15.678485,19388.35,19000.0,19000,ATM-8,PUT,19400,2023-11-07
2023-11-07 10:43:00+05:30,4.15,4.15,4.05,4.05,51350,6378500,15.582576,19387.55,19000.0,19000,ATM-8,PUT,19400,2023-11-07
2023-11-07 10:44:00+05:30,4.05,4.1,3.95,4.0,50450,6379450,15.718862,19393.05,19000.0,19000,ATM-8,PUT,19400,2023-11-07
2023-11-07 10:45:00+05:30,3.95,4.0,3.9,4.0,159650,6379450,15.718124,19392.95,19000.0,19000,ATM-8,PUT,19400,2023-11-07
2023-11-07 10:46:00+05:30,4.0,4.1,3.95,4.05,125850,6379450,15.67531,19390.3,19000.0,19000,ATM-8,PUT,19400,2023-11-07
2023-11-07 10:47:00+05:30,4.05,4.05,4.0,4.05,45050,6389100,15.654306,19389.55,19000.0,19000,ATM-8,PUT,19400,2023-11-07
2023-11-07 10:48:00+05:30,4.05,4.05,4.0,4.0,10100,6389100,15.63352,19390.0,19000.0,19000,ATM-8,PUT,19400,2023-11-07
2023-11-07 10:49:00+05:30,4.0,4.05,4.0,4.0,24050,6389100,15.679422,19391.4,19000.0,19000,ATM-8,PUT,19400,2023-11-07
2023-11-07 10:50:00+05:30,4.05,4.05,4.0,4.0,16450,6392600,15.688007,19391.6,19000.0,19000,ATM-8,PUT,19400,2023-11-07
2023-11-07 10:51:00+05:30,4.0,4.05,3.95,3.95,77400,6392600,15.522322,19387.4,19000.0,19000,ATM-8,PUT,19400,2023-11-07
2023-11-07 10:52:00+05:30,4.0,4.05,3.95,4.05,125100,6392600,15.43189,19382.05,19000.0,19000,ATM-8,PUT,19400,2023-11-07
2023-11-07 10:53:00+05:30,4.05,4.05,3.95,4.0,77000,6416300,15.50666,19385.55,19000.0,19000,ATM-8,PUT,19400,2023-11-07
2023-11-07 10:54:00+05:30,4.0,4.0,3.95,3.95,30650,6416300,15.454637,19385.0,19000.0,19000,ATM-8,PUT,19400,2023-11-07
2023-11-07 10:55:00+05:30,3.95,4.05,3.95,4.0,62450,6416300,15.486382,19384.75,19000.0,19000,ATM-8,PUT,19400,2023-11-07
2023-11-07 10:56:00+05:30,4.05,4.05,3.95,4.0,80100,6396750,15.494963,19384.95,19000.0,19000,ATM-8,PUT,19400,2023-11-07
2023-11-07 10:57:00+05:30,3.95,4.05,3.95,3.95,53750,6396750,15.38838,19382.65,19000.0,19000,ATM-8,PUT,19400,2023-11-07
2023-11-07 10:58:00+05:30,3.95,4.0,3.95,3.95,65750,6396750,15.463978,19385.0,19000.0,19000,ATM-8,PUT,19400,2023-11-07
2023-11-07 10:59:00+05:30,4.0,4.0,3.95,3.95,9950,6355800,15.343096,19381.05,19000.0,19000,ATM-8,PUT,19400,2023-11-07
2023-11-07 11:00:00+05:30,3.95,4.0,3.95,3.95,26250,6355800,15.390678,19382.5,19000.0,19000,ATM-8,PUT,19400,2023-11-07
2023-11-07 11:01:00+05:30,4.0,4.0,3.9,3.95,39650,6355800,15.449166,19384.3,19000.0,19000,ATM-8,PUT,19400,2023-11-07
2023-11-07 11:02:00+05:30,3.95,4.0,3.95,3.95,30700,6355050,15.53101,19386.85,19000.0,19000,ATM-8,PUT,19400,2023-11-07
2023-11-07 11:03:00+05:30,3.95,4.0,3.95,3.95,40400,6355050,15.545828,19387.25,19000.0,19000,ATM-8,PUT,19400,2023-11-07
2023-11-07 11:04:00+05:30,3.95,4.0,3.9,3.9,95650,6355050,15.496528,19386.8,19000.0,19000,ATM-8,PUT,19400,2023-11-07
2023-11-07 11:05:00+05:30,3.95,3.95,3.9,3.9,22000,6390650,15.478641,19386.15,19000.0,19000,ATM-8,PUT,19400,2023-11-07
2023-11-07 11:06:00+05:30,3.9,3.95,3.85,3.85,162550,6390650,15.497487,19387.9,19000.0,19000,ATM-8,PUT,19400,2023-11-07
2023-11-07 11:07:00+05:30,3.9,3.95,3.85,3.95,281300,6390650,15.619154,19389.3,19000.0,19000,ATM-8,PUT,19400,2023-11-07
2023-11-07 11:08:00+05:30,3.95,3.95,3.9,3.9,16000,6610750,15.608625,19390.1,19000.0,19000,ATM-8,PUT,19400,2023-11-07
2023-11-07 11:09:00+05:30,3.95,3.95,3.75,3.75,90650,6610750,15.614859,19393.95,19000.0,19000,ATM-8,PUT,19400,2023-11-07
2023-11-07 11:10:00+05:30,3.8,3.85,3.75,3.8,45400,6610750,15.696362,19395.25,19000.0,19000,ATM-8,PUT,19400,2023-11-07
2023-11-07 11:11:00+05:30,3.75,3.85,3.75,3.8,45650,6606300,15.735876,19396.45,19000.0,19000,ATM-8,PUT,19400,2023-11-07
2023-11-07 11:12:00+05:30,3.8,3.85,3.75,3.75,29400,6606300,15.629705,19394.2,19000.0,19000,ATM-8,PUT,19400,2023-11-07
2023-11-07 11:13:00+05:30,3.75,3.85,3.75,3.8,51400,6606300,15.585798,19391.45,19000.0,19000,ATM-8,PUT,19400,2023-11-07
2023-11-07 11:14:00+05:30,3.85,3.85,3.75,3.75,42300,6609950,15.592705,19392.85,19000.0,19000,ATM-8,PUT,19400,2023-11-07
2023-11-07 11:15:00+05:30,3.8,3.85,3.75,3.8,71400,6609950,15.52849,19389.45,19000.0,19000,ATM-8,PUT,19400,2023-11-07
2023-11-07 11:16:00+05:30,3.85,3.95,3.8,3.95,432750,6609950,15.685755,19390.75,19000.0,19000,ATM-8,PUT,19400,2023-11-07
2023-11-07 11:17:00+05:30,3.95,3.95,3.85,3.9,53350,6855850,15.7467,19393.85,19000.0,19000,ATM-8,PUT,19400,2023-11-07
2023-11-07 11:18:00+05:30,3.9,3.9,3.85,3.85,17400,6855850,15.839502,19398.0,19000.0,19000,ATM-8,PUT,19400,2023-11-07
2023-11-07 11:19:00+05:30,3.85,3.95,3.85,3.9,227100,6855850,15.833898,19396.5,19000.0,19000,ATM-8,PUT,19400,2023-11-07
2023-11-07 11:20:00+05:30,3.9,3.9,3.85,3.9,46950,6970600,15.826986,19396.2,19000.0,19000,ATM-8,PUT,19400,2023-11-07
2023-11-07 11:21:00+05:30,3.9,3.95,3.85,3.95,73350,6970600,15.870737,19396.3,19000.0,19000,ATM-8,PUT,19400,2023-11-07
2023-11-07 11:22:00+05:30,3.95,4.05,3.9,4.0,130100,6970600,15.839323,19394.0,19000.0,19000,ATM-8,PUT,19400,2023-11-07
2023-11-07 11:23:00+05:30,4.05,4.05,4.0,4.0,37800,6959950,15.755802,19391.25,19000.0,19000,ATM-8,PUT,19400,2023-11-07
2023-11-07 11:24:00+05:30,4.05,4.05,4.0,4.05,42950,6959950,15.77685,19390.65,19000.0,19000,ATM-8,PUT,19400,2023-11-07
2023-11-07 11:25:00+05:30,4.05,4.05,3.95,4.0,65550,6959950,15.754355,19391.05,19000.0,19000,ATM-8,PUT,19400,2023-11-07
2023-11-07 11:26:00+05:30,4.0,4.05,4.0,4.05,119050,7005150,15.709549,19388.35,19000.0,19000,ATM-8,PUT,19400,2023-11-07
2023-11-07 11:27:00+05:30,4.0,4.05,4.0,4.05,39350,7005150,15.82325,19391.9,19000.0,19000,ATM-8,PUT,19400,2023-11-07
2023-11-07 11:28:00+05:30,4.05,4.05,4.0,4.05,32100,7005150,15.756699,19389.7,19000.0,19000,ATM-8,PUT,19400,2023-11-07
2023-11-07 11:29:00+05:30,4.0,4.05,4.0,4.05,29150,7038750,15.763812,19389.85,19000.0,19000,ATM-8,PUT,19400,2023-11-07
2023-11-07 11:30:00+05:30,4.05,4.1,4.0,4.0,13100,7038750,15.689661,19388.6,19000.0,19000,ATM-8,PUT,19400,2023-11-07
2023-11-07 11:31:00+05:30,4.0,4.1,4.0,4.05,20000,7038750,15.676019,19386.9,19000.0,19000,ATM-8,PUT,19400,2023-11-07
2023-11-07 11:32:00+05:30,4.05,4.1,4.0,4.0,81650,7056650,15.741463,19390.1,19000.0,19000,ATM-8,PUT,19400,2023-11-07
2023-11-07 11:33:00+05:30,4.0,4.1,4.0,4.1,64800,7056650,15.725689,19387.15,19000.0,19000,ATM-8,PUT,19400,2023-11-07
2023-11-07 11:34:00+05:30,4.1,4.1,4.0,4.05,59300,7056650,15.719348,19388.05,19000.0,19000,ATM-8,PUT,19400,2023-11-07
2023-11-07 11:35:00+05:30,4.05,4.05,3.95,3.95,29700,7033150,15.812607,19393.35,19000.0,19000,ATM-8,PUT,19400,2023-11-07
2023-11-07 11:36:00+05:30,3.95,4.0,3.95,3.95,21050,7033150,15.879076,19395.4,19000.0,19000,ATM-8,PUT,19400,2023-11-07
2023-11-07 11:37:00+05:30,3.95,4.0,3.95,3.95,33950,7033150,15.839333,19394.05,19000.0,19000,ATM-8,PUT,19400,2023-11-07
2023-11-07 11:38:00+05:30,3.95,4.0,3.9,3.95,60600,7016100,15.821442,19393.4,19000.0,19000,ATM-8,PUT,19400,2023-11-07
2023-11-07 11:39:00+05:30,3.95,4.0,3.95,3.95,28250,7016100,15.72218,19390.15,19000.0,19000,ATM-8,PUT,19400,2023-11-07
2023-11-07 11:40:00+05:30,4.0,4.05,3.9,3.9,265200,7016100,15.26029,19376.55,19000.0,19000,ATM-8,PUT,19400,2023-11-07
2023-11-07 11:41:00+05:30,3.25,3.3,3.2,3.2,93700,2689150,15.938042,19365.65,18950.0,19000,ATM-8,PUT,19400,2023-11-07
2023-11-07 11:42:00+05:30,3.2,3.35,3.2,3.3,94800,2689150,15.838465,19359.4,18950.0,19000,ATM-8,PUT,19400,2023-11-07
2023-11-07 11:43:00+05:30,3.3,3.4,3.3,3.4,43600,2689150,15.792104,19355.0,18950.0,19000,ATM-8,PUT,19400,2023-11-07
2023-11-07 11:44:00+05:30,3.35,3.4,3.3,3.35,69550,2657700,15.742862,19354.7,18950.0,19000,ATM-8,PUT,19400,2023-11-07
2023-11-07 11:45:00+05:30,3.4,3.8,3.35,3.8,269650,2657700,15.663115,19340.2,18950.0,19000,ATM-8,PUT,19400,2023-11-07
2023-11-07 11:46:00+05:30,3.8,3.9,3.5,3.6,193600,2657700,15.67821,19345.7,18950.0,19000,ATM-8,PUT,19400,2023-11-07
2023-11-07 11:47:00+05:30,3.6,3.6,3.45,3.5,34400,2639600,15.594523,19345.55,18950.0,19000,ATM-8,PUT,19400,2023-11-07
2023-11-07 11:48:00+05:30,3.5,3.65,3.5,3.6,106550,2639600,15.565198,19341.9,18950.0,19000,ATM-8,PUT,19400,2023-11-07
2023-11-07 11:49:00+05:30,3.6,3.95,3.6,3.85,67900,2639600,15.60959,19336.95,18950.0,19000,ATM-8,PUT,19400,2023-11-07
2023-11-07 11:50:00+05:30,3.85,3.85,3.7,3.7,87450,2624850,15.637311,19341.5,18950.0,19000,ATM-8,PUT,19400,2023-11-07
2023-11-07 11:51:00+05:30,3.8,3.85,3.75,3.8,69800,2624850,15.793264,19343.9,18950.0,19000,ATM-8,PUT,19400,2023-11-07
2023-11-07 11:52:00+05:30,3.75,3.85,3.7,3.8,73700,2624850,15.684685,19340.35,18950.0,19000,ATM-8,PUT,19400,2023-11-07
2023-11-07 11:53:00+05:30,3.8,3.85,3.75,3.85,41150,2647350,15.653728,19338.05,18950.0,19000,ATM-8,PUT,19400,2023-11-07
2023-11-07 11:54:00+05:30,3.85,4.2,3.8,4.15,124150,2647350,15.656863,19330.95,18950.0,19000,ATM-8,PUT,19400,2023-11-07
2023-11-07 11:55:00+05:30,4.15,4.15,3.7,3.75,94300,2647350,15.737203,19343.05,18950.0,19000,ATM-8,PUT,19400,2023-11-07
2023-11-07 11:56:00+05:30,3.75,3.85,3.7,3.8,31000,2655300,15.722534,19341.25,18950.0,19000,ATM-8,PUT,19400,2023-11-07
2023-11-07 11:57:00+05:30,3.8,3.8,3.75,3.75,23700,2655300,15.724881,19342.5,18950.0,19000,ATM-8,PUT,19400,2023-11-07
2023-11-07 11:58:00+05:30,3.75,3.8,3.75,3.8,21500,2655300,15.746171,19341.85,18950.0,19000,ATM-8,PUT,19400,2023-11-07
2023-11-07 11:59:00+05:30,3.75,3.8,3.65,3.65,26900,2664900,15.725089,19344.9,18950.0,19000,ATM-8,PUT,19400,2023-11-07
2023-11-07 12:00:00+05:30,3.65,3.8,3.65,3.8,26650,2664900,15.716581,19340.75,18950.0,19000,ATM-8,PUT,19400,2023-11-07
2023-11-07 12:01:00+05:30,3.75,3.85,3.75,3.8,37350,2664900,15.706474,19340.35,18950.0,19000,ATM-8,PUT,19400,2023-11-07
2023-11-07 12:02:00+05:30,3.8,3.9,3.8,3.9,21100,2664250,15.679254,19336.95,18950.0,19000,ATM-8,PUT,19400,2023-11-07
2023-11-07 12:03:00+05:30,3.9,3.95,3.85,3.9,59900,2664250,15.8343,19341.8,18950.0,19000,ATM-8,PUT,19400,2023-11-07
2023-11-07 12:04:00+05:30,3.85,3.95,3.85,3.9,91050,2664250,15.776983,19339.9,18950.0,19000,ATM-8,PUT,19400,2023-11-07
2023-11-07 12:05:00+05:30,3.95,3.95,3.85,3.85,82400,2663500,15.879018,19344.3,18950.0,19000,ATM-8,PUT,19400,2023-11-07
2023-11-07 12:06:00+05:30,3.8,3.85,3.8,3.8,48900,2663500,15.867464,19345.1,18950.0,19000,ATM-8,PUT,19400,2023-11-07
2023-11-07 12:07:00+05:30,3.8,3.8,3.6,3.6,47000,2663500,15.889023,19350.85,18950.0,19000,ATM-8,PUT,19400,2023-11-07
2023-11-07 12:08:00+05:30,3.6,3.65,3.6,3.6,58450,2658700,15.854244,19349.65,18950.0,19000,ATM-8,PUT,19400,2023-11-07
2023-11-07 12:09:00+05:30,3.6,3.65,3.6,3.6,9350,2658700,15.881536,19350.45,18950.0,19000,ATM-8,PUT,19400,2023-11-07
2023-11-07 12:10:00+05:30,3.6,3.75,3.6,3.7,15350,2658700,15.910453,19348.7,18950.0,19000,ATM-8,PUT,19400,2023-11-07
2023-11-07 12:11:00+05:30,3.7,3.7,3.65,3.7,6050,2657700,15.976815,19350.75,18950.0,19000,ATM-8,PUT,19400,2023-11-07
2023-11-07 12:12:00+05:30,3.65,3.7,3.6,3.6,14600,2657700,15.938598,19352.05,18950.0,19000,ATM-8,PUT,19400,2023-11-07
2023-11-07 12:13:00+05:30,3.6,3.75,3.6,3.75,15750,2657700,15.979675,19349.4,18950.0,19000,ATM-8,PUT,19400,2023-11-07
2023-11-07 12:14:00+05:30,3.7,3.75,3.7,3.7,8750,2657700,16.037232,19352.45,18950.0,19000,ATM-8,PUT,19400,2023-11-07
2023-11-07 12:15:00+05:30,3.7,3.75,3.7,3.7,27450,2667200,16.047512,19352.7,18950.0,19000,ATM-8,PUT,19400,2023-11-07
2023-11-07 12:16:00+05:30,3.7,3.75,3.7,3.75,18300,2667200,16.097994,19352.95,18950.0,19000,ATM-8,PUT,19400,2023-11-07
2023-11-07 12:17:00+05:30,3.75,3.75,3.65,3.7,18850,2660100,16.041595,19352.35,18950.0,19000,ATM-8,PUT,19400,2023-11-07
2023-11-07 12:18:00+05:30,3.7,3.75,3.65,3.7,31700,2660100,16.117314,19354.7,18950.0,19000,ATM-8,PUT,19400,2023-11-07
2023-11-07 12:19:00+05:30,3.7,3.7,3.4,3.4,42050,2660100,16.00804,19359.15,18950.0,19000,ATM-8,PUT,19400,2023-11-07
2023-11-07 12:20:00+05:30,3.4,3.45,3.25,3.4,45750,2657000,16.019762,19359.45,18950.0,19000,ATM-8,PUT,19400,2023-11-07
2023-11-07 12:21:00+05:30,3.35,3.45,3.35,3.45,6250,2657000,15.998573,19357.3,18950.0,19000,ATM-8,PUT,19400,2023-11-07
2023-11-07 12:22:00+05:30,3.45,3.5,3.4,3.5,4000,2657000,15.945776,19354.15,18950.0,19000,ATM-8,PUT,19400,2023-11-07
2023-11-07 12:23:00+05:30,3.5,3.55,3.5,3.5,24100,2668000,15.935879,19353.75,18950.0,19000,ATM-8,PUT,19400,2023-11-07
2023-11-07 12:24:00+05:30,3.5,3.55,3.5,3.5,3000,2668000,15.994076,19355.55,18950.0,19000,ATM-8,PUT,19400,2023-11-07
2023-11-07 12:25:00+05:30,3.55,3.6,3.5,3.55,17700,2668000,16.059979,19356.25,18950.0,19000,ATM-8,PUT,19400,2023-11-07
2023-11-07 12:26:00+05:30,3.55,3.6,3.5,3.55,34350,2668000,16.076433,19356.7,18950.0,19000,ATM-8,PUT,19400,2023-11-07
2023-11-07 12:27:00+05:30,3.55,3.6,3.55,3.6,8400,2668000,16.064469,19354.9,18950.0,19000,ATM-8,PUT,19400,2023-11-07
2023-11-07 12:28:00+05:30,3.6,3.6,3.5,3.55,45650,2668000,15.993041,19353.85,18950.0,19000,ATM-8,PUT,19400,2023-11-07
2023-11-07 12:29:00+05:30,3.55,3.7,3.55,3.7,68600,2664450,16.104405,19353.4,18950.0,19000,ATM-8,PUT,19400,2023-11-07
2023-11-07 12:30:00+05:30,3.7,3.7,3.65,3.7,31750,2664450,16.099115,19353.15,18950.0,19000,ATM-8,PUT,19400,2023-11-07
2023-11-07 12:31:00+05:30,3.7,3.8,3.7,3.75,56750,2664450,16.080907,19351.2,18950.0,19000,ATM-8,PUT,19400,2023-11-07
2023-11-07 12:32:00+05:30,3.75,3.8,3.75,3.75,39200,2654800,16.232025,19355.95,18950.0,19000,ATM-8,PUT,19400,2023-11-07
2023-11-07 12:33:00+05:30,3.75,3.8,3.6,3.6,40900,2654800,16.161932,19357.55,18950.0,19000,ATM-8,PUT,19400,2023-11-07
2023-11-07 12:34:00+05:30,3.6,3.6,3.3,3.3,78200,2654800,16.143162,19365.15,18950.0,19000,ATM-8,PUT,19400,2023-11-07
2023-11-07 12:35:00+05:30,3.3,3.4,3.3,3.35,94050,2609900,16.249384,19367.1,18950.0,19000,ATM-8,PUT,19400,2023-11-07
2023-11-07 12:36:00+05:30,3.35,3.35,3.3,3.35,15250,2609900,16.150565,19363.8,18950.0,19000,ATM-8,PUT,19400,2023-11-07
2023-11-07 12:37:00+05:30,3.35,3.45,3.35,3.45,18600,2609900,16.367374,19367.95,18950.0,19000,ATM-8,PUT,19400,2023-11-07
2023-11-07 12:38:00+05:30,3.45,3.5,3.4,3.4,20300,2609900,16.320568,19367.75,18950.0,19000,ATM-8,PUT,19400,2023-11-07
2023-11-07 12:39:00+05:30,3.4,3.45,3.4,3.45,19000,2611550,16.303134,19365.7,18950.0,19000,ATM-8,PUT,19400,2023-11-07
2023-11-07 12:40:00+05:30,3.45,3.5,3.45,3.5,10800,2611550,16.323703,19364.9,18950.0,19000,ATM-8,PUT,19400,2023-11-07
2023-11-07 12:41:00+05:30,3.5,3.55,3.45,3.5,10650,2611550,16.358728,19365.95,18950.0,19000,ATM-8,PUT,19400,2023-11-07
2023-11-07 12:42:00+05:30,3.5,3.5,3.45,3.5,24000,2618250,16.318004,19364.55,18950.0,19000,ATM-8,PUT,19400,2023-11-07
2023-11-07 12:43:00+05:30,3.5,3.5,3.45,3.45,4550,2618250,16.268607,19364.25,18950.0,19000,ATM-8,PUT,19400,2023-11-07
2023-11-07 12:44:00+05:30,3.45,3.45,3.4,3.4,18450,2610800,16.203448,19363.45,18950.0,19000,ATM-8,PUT,19400,2023-11-07
2023-11-07 12:45:00+05:30,3.4,3.5,3.4,3.4,51050,2610800,16.267659,19365.45,18950.0,19000,ATM-8,PUT,19400,2023-11-07
2023-11-07 12:46:00+05:30,3.4,3.5,3.4,3.45,9800,2610800,16.319524,19365.65,18950.0,19000,ATM-8,PUT,19400,2023-11-07
2023-11-07 12:47:00+05:30,3.45,3.5,3.45,3.45,18750,2610800,16.420873,19368.85,18950.0,19000,ATM-8,PUT,19400,2023-11-07
2023-11-07 12:48:00+05:30,3.45,3.5,3.45,3.45,11500,2599350,16.509814,19371.65,18950.0,19000,ATM-8,PUT,19400,2023-11-07
2023-11-07 12:49:00+05:30,3.45,3.5,3.45,3.45,11900,2599350,16.51858,19371.85,18950.0,19000,ATM-8,PUT,19400,2023-11-07
2023-11-07 12:50:00+05:30,3.45,3.5,3.45,3.5,13300,2604700,16.456157,19368.35,18950.0,19000,ATM-8,PUT,19400,2023-11-07
2023-11-07 12:51:00+05:30,3.45,3.5,3.4,3.4,6850,2604700,16.417125,19369.8,18950.0,19000,ATM-8,PUT,19400,2023-11-07
2023-11-07 12:52:00+05:30,3.4,3.45,3.4,3.4,14400,2604700,16.439736,19370.45,18950.0,19000,ATM-8,PUT,19400,2023-11-07
2023-11-07 12:53:00+05:30,3.4,3.45,3.4,3.45,4800,2604700,16.413235,19368.1,18950.0,19000,ATM-8,PUT,19400,2023-11-07
2023-11-07 12:54:00+05:30,3.4,3.5,3.4,3.5,22550,2604900,16.345744,19364.45,18950.0,19000,ATM-8,PUT,19400,2023-11-07
2023-11-07 12:55:00+05:30,3.5,3.55,3.45,3.55,26450,2604900,16.317726,19362.1,18950.0,19000,ATM-8,PUT,19400,2023-11-07
2023-11-07 12:56:00+05:30,3.55,3.6,3.5,3.55,13000,2604900,16.324963,19362.25,18950.0,19000,ATM-8,PUT,19400,2023-11-07
2023-11-07 12:57:00+05:30,3.55,3.6,3.55,3.6,8550,2604400,16.42399,19364.0,18950.0,19000,ATM-8,PUT,19400,2023-11-07
2023-11-07 12:58:00+05:30,3.6,3.6,3.5,3.55,18350,2604400,16.449753,19366.1,18950.0,19000,ATM-8,PUT,19400,2023-11-07
2023-11-07 12:59:00+05:30,3.55,3.55,3.5,3.5,14900,2604400,16.433061,19366.85,18950.0,19000,ATM-8,PUT,19400,2023-11-07
2023-11-07 13:00:00+05:30,3.5,3.55,3.5,3.5,2550,2607700,16.460453,19367.65,18950.0,19000,ATM-8,PUT,19400,2023-11-07
2023-11-07 13:01:00+05:30,3.5,3.5,3.45,3.5,22350,2607700,16.521924,19369.55,18950.0,19000,ATM-8,PUT,19400,2023-11-07
2023-11-07 13:02:00+05:30,3.5,3.5,3.45,3.45,350,2607700,16.456684,19368.75,18950.0,19000,ATM-8,PUT,19400,2023-11-07
2023-11-07 13:03:00+05:30,3.45,3.5,3.45,3.5,21150,2606950,16.555032,19370.45,18950.0,19000,ATM-8,PUT,19400,2023-11-07
2023-11-07 13:04:00+05:30,3.5,3.5,3.45,3.5,12050,2606950,16.543711,19370.0,18950.0,19000,ATM-8,PUT,19400,2023-11-07
2023-11-07 13:05:00+05:30,3.5,3.55,3.5,3.55,2650,2606950,16.565844,19369.25,18950.0,19000,ATM-8,PUT,19400,2023-11-07
2023-11-07 13:06:00+05:30,3.55,3.55,3.5,3.5,8800,2606300,16.598528,19371.6,18950.0,19000,ATM-8,PUT,19400,2023-11-07
2023-11-07 13:07:00+05:30,3.5,3.5,3.5,3.5,500,2606300,16.52367,19369.1,18950.0,19000,ATM-8,PUT,19400,2023-11-07
2023-11-07 13:08:00+05:30,3.5,3.55,3.5,3.55,13250,2606300,16.536428,19368.05,18950.0,19000,ATM-8,PUT,19400,2023-11-07
2023-11-07 13:09:00+05:30,3.55,3.55,3.5,3.5,3950,2604450,16.479264,19367.5,18950.0,19000,ATM-8,PUT,19400,2023-11-07
2023-11-07 13:10:00+05:30,3.5,3.55,3.5,3.5,16900,2604450,16.425983,19365.7,18950.0,19000,ATM-8,PUT,19400,2023-11-07
2023-11-07 13:11:00+05:30,3.55,3.55,3.5,3.5,4200,2604450,16.526395,19368.85,18950.0,19000,ATM-8,PUT,19400,2023-11-07
2023-11-07 13:12:00+05:30,3.5,3.6,3.5,3.55,27700,2601200,16.405285,19363.5,18950.0,19000,ATM-8,PUT,19400,2023-11-07
2023-11-07 13:13:00+05:30,3.55,3.6,3.55,3.6,24800,2601200,16.450027,19363.5,18950.0,19000,ATM-8,PUT,19400,2023-11-07
2023-11-07 13:14:00+05:30,3.6,3.6,3.55,3.55,6550,2601200,16.513276,19366.8,18950.0,19000,ATM-8,PUT,19400,2023-11-07
2023-11-07 13:15:00+05:30,3.55,3.6,3.55,3.55,18950,2595450,16.500331,19366.3,18950.0,19000,ATM-8,PUT,19400,2023-11-07
2023-11-07 13:16:00+05:30,3.55,3.6,3.5,3.5,26050,2595450,16.489815,19367.25,18950.0,19000,ATM-8,PUT,19400,2023-11-07
2023-11-07 13:17:00+05:30,3.5,3.5,3.45,3.5,14850,2595450,16.448911,19365.85,18950.0,19000,ATM-8,PUT,19400,2023-11-07
2023-11-07 13:18:00+05:30,3.45,3.5,3.45,3.5,13300,2595600,16.333256,19362.05,18950.0,19000,ATM-8,PUT,19400,2023-11-07
2023-11-07 13:19:00+05:30,3.5,3.55,3.45,3.5,29800,2595600,16.338968,19362.15,18950.0,19000,ATM-8,PUT,19400,2023-11-07
2023-11-07 13:20:00+05:30,3.5,3.55,3.45,3.55,23500,2595600,16.315329,19359.95,18950.0,19000,ATM-8,PUT,19400,2023-11-07
2023-11-07 13:21:00+05:30,3.55,3.65,3.55,3.6,93850,2598550,16.287897,19357.65,18950.0,19000,ATM-8,PUT,19400,2023-11-07
2023-11-07 13:22:00+05:30,3.6,3.6,3.5,3.55,24300,2598550,16.32052,19359.95,18950.0,19000,ATM-8,PUT,19400,2023-11-07
2023-11-07 13:23:00+05:30,3.6,3.6,3.5,3.55,17900,2598550,16.376231,19361.65,18950.0,19000,ATM-8,PUT,19400,2023-11-07
2023-11-07 13:24:00+05:30,3.5,3.55,3.45,3.5,19850,2595650,16.320793,19361.15,18950.0,19000,ATM-8,PUT,19400,2023-11-07
2023-11-07 13:25:00+05:30,3.5,3.5,3.45,3.45,53450,2595650,16.370846,19364.05,18950.0,19000,ATM-8,PUT,19400,2023-11-07
2023-11-07 13:26:00+05:30,3.45,3.5,3.4,3.45,41800,2595650,16.357901,19363.55,18950.0,19000,ATM-8,PUT,19400,2023-11-07
2023-11-07 13:27:00+05:30,3.45,3.5,3.4,3.5,24800,2597100,16.250555,19358.65,18950.0,19000,ATM-8,PUT,19400,2023-11-07
2023-11-07 13:28:00+05:30,3.5,3.5,3.45,3.5,15350,2597100,16.221904,19357.65,18950.0,19000,ATM-8,PUT,19400,2023-11-07
2023-11-07 13:29:00+05:30,3.5,3.55,3.5,3.55,33700,2597100,16.194705,19355.35,18950.0,19000,ATM-8,PUT,19400,2023-11-07
2023-11-07 13:30:00+05:30,3.55,3.55,3.5,3.55,5000,2607700,16.227058,19356.3,18950.0,19000,ATM-8,PUT,19400,2023-11-07
2023-11-07 13:31:00+05:30,3.55,3.55,3.5,3.5,5850,2607700,16.140522,19354.8,18950.0,19000,ATM-8,PUT,19400,2023-11-07
2023-11-07 13:32:00+05:30,3.5,3.55,3.45,3.5,12150,2607700,16.357242,19361.65,18950.0,19000,ATM-8,PUT,19400,2023-11-07
2023-11-07 13:33:00+05:30,3.5,3.5,3.35,3.35,49850,2610950,16.318593,19364.5,18950.0,19000,ATM-8,PUT,19400,2023-11-07
2023-11-07 13:34:00+05:30,3.35,3.35,3.1,3.15,74600,2610950,16.337324,19370.85,18950.0,19000,ATM-8,PUT,19400,2023-11-07
2023-11-07 13:35:00+05:30,3.15,3.15,3.05,3.1,33100,2610950,16.344285,19372.5,18950.0,19000,ATM-8,PUT,19400,2023-11-07
2023-11-07 13:36:00+05:30,3.1,3.1,3.0,3.05,36000,2603450,16.226702,19370.1,18950.0,19000,ATM-8,PUT,19400,2023-11-07
2023-11-07 13:37:00+05:30,3.05,3.15,3.05,3.15,20350,2603450,16.266776,19368.3,18950.0,19000,ATM-8,PUT,19400,2023-11-07
2023-11-07 13:38:00+05:30,3.15,3.15,3.05,3.1,18400,2603450,16.224832,19368.35,18950.0,19000,ATM-8,PUT,19400,2023-11-07
2023-11-07 13:39:00+05:30,3.1,3.15,3.1,3.15,5550,2602750,16.290444,19368.9,18950.0,19000,ATM-8,PUT,19400,2023-11-07
2023-11-07 13:40:00+05:30,3.15,3.15,3.1,3.1,59750,2602750,16.374241,19373.05,18950.0,19000,ATM-8,PUT,19400,2023-11-07
2023-11-07 13:41:00+05:30,3.1,3.15,3.05,3.1,29100,2602750,16.402926,19373.9,18950.0,19000,ATM-8,PUT,19400,2023-11-07
2023-11-07 13:42:00+05:30,3.1,3.15,3.05,3.1,15750,2591300,16.431614,19374.75,18950.0,19000,ATM-8,PUT,19400,2023-11-07
2023-11-07 13:43:00+05:30,3.05,3.15,3.05,3.1,26900,2591300,16.421987,19374.35,18950.0,19000,ATM-8,PUT,19400,2023-11-07
2023-11-07 13:44:00+05:30,3.1,3.15,3.1,3.15,5350,2591300,16.4281,19372.95,18950.0,19000,ATM-8,PUT,19400,2023-11-07
2023-11-07 13:45:00+05:30,3.15,3.15,3.1,3.1,16600,2576550,16.368969,19372.45,18950.0,19000,ATM-8,PUT,19400,2023-11-07
2023-11-07 13:46:00+05:30,3.1,3.15,3.05,3.05,17600,2576550,16.23587,19369.55,18950.0,19000,ATM-8,PUT,19400,2023-11-07
2023-11-07 13:47:00+05:30,3.05,3.1,3.05,3.05,10400,2576550,16.327372,19372.45,18950.0,19000,ATM-8,PUT,19400,2023-11-07
2023-11-07 13:48:00+05:30,3.05,3.1,3.05,3.1,5400,2580250,16.396816,19373.1,18950.0,19000,ATM-8,PUT,19400,2023-11-07
2023-11-07 13:49:00+05:30,3.1,3.1,3.05,3.05,20800,2580250,16.366327,19373.55,18950.0,19000,ATM-8,PUT,19400,2023-11-07
2023-11-07 13:50:00+05:30,3.55,3.55,3.25,3.3,134000,6876750,15.121923,19377.45,19000.0,19000,ATM-8,PUT,19400,2023-11-07
2023-11-07 13:51:00+05:30,3.3,3.3,3.2,3.2,90900,6868250,15.300145,19385.8,19000.0,19000,ATM-8,PUT,19400,2023-11-07
2023-11-07 13:52:00+05:30,3.2,3.2,3.05,3.2,136450,6868250,15.364948,19387.8,19000.0,19000,ATM-8,PUT,19400,2023-11-07
2023-11-07 13:53:00+05:30,3.15,3.25,3.15,3.25,300400,6868250,15.551175,19392.3,19000.0,19000,ATM-8,PUT,19400,2023-11-07
2023-11-07 13:54:00+05:30,3.25,3.3,3.2,3.3,68450,7041450,15.693715,19395.4,19000.0,19000,ATM-8,PUT,19400,2023-11-07
2023-11-07 13:55:00+05:30,3.3,3.45,3.3,3.4,174850,7041450,15.774164,19395.15,19000.0,19000,ATM-8,PUT,19400,2023-11-07
2023-11-07 13:56:00+05:30,3.4,3.45,3.35,3.4,238450,7041450,15.928571,19400.0,19000.0,19000,ATM-8,PUT,19400,2023-11-07
2023-11-07 13:57:00+05:30,3.4,3.45,3.35,3.4,196300,7053950,15.832511,19396.85,19000.0,19000,ATM-8,PUT,19400,2023-11-07
2023-11-07 13:58:00+05:30,3.4,3.45,3.4,3.4,90950,7053950,15.852289,19397.4,19000.0,19000,ATM-8,PUT,19400,2023-11-07
2023-11-07 13:59:00+05:30,3.4,3.55,3.4,3.55,56500,7053950,15.86767,19393.8,19000.0,19000,ATM-8,PUT,19400,2023-11-07
2023-11-07 14:00:00+05:30,3.55,3.55,3.5,3.55,32750,6998900,15.930159,19395.7,19000.0,19000,ATM-8,PUT,19400,2023-11-07
2023-11-07 14:01:00+05:30,3.55,3.55,3.5,3.5,46450,6998900,15.991726,19398.9,19000.0,19000,ATM-8,PUT,19400,2023-11-07
2023-11-07 14:02:00+05:30,3.55,3.55,3.5,3.5,66300,6998900,15.915646,19396.4,19000.0,19000,ATM-8,PUT,19400,2023-11-07
2023-11-07 14:03:00+05:30,3.5,3.55,3.5,3.55,130450,7003950,16.089161,19400.5,19000.0,19000,ATM-8,PUT,19400,2023-11-07
2023-11-07 14:04:00+05:30,3.55,3.65,3.5,3.55,139000,7003950,16.24124,19405.25,19000.0,19000,ATM-8,PUT,19400,2023-11-07
2023-11-07 14:05:00+05:30,3.6,3.6,3.55,3.55,38650,7003950,16.2643,19405.9,19000.0,19000,ATM-8,PUT,19400,2023-11-07
2023-11-07 14:06:00+05:30,3.55,3.6,3.5,3.55,189250,6963200,16.230757,19404.75,19000.0,19000,ATM-8,PUT,19400,2023-11-07
2023-11-07 14:07:00+05:30,3.55,3.6,3.45,3.55,97000,6963200,16.260119,19405.6,19000.0,19000,ATM-8,PUT,19400,2023-11-07
2023-11-07 14:08:00+05:30,3.55,3.6,3.5,3.55,211250,6963200,16.139965,19401.7,19000.0,19000,ATM-8,PUT,19400,2023-11-07
2023-11-07 14:09:00+05:30,3.55,3.55,3.45,3.55,94450,7016250,16.018014,19397.75,19000.0,19000,ATM-8,PUT,19400,2023-11-07
2023-11-07 14:10:00+05:30,3.55,3.6,3.5,3.6,55800,7016250,16.022585,19396.5,19000.0,19000,ATM-8,PUT,19400,2023-11-07
2023-11-07 14:11:00+05:30,3.6,3.75,3.55,3.75,59500,7016250,16.145985,19396.45,19000.0,19000,ATM-8,PUT,19400,2023-11-07
2023-11-07 14:12:00+05:30,3.75,3.75,3.65,3.65,62150,6972450,16.205108,19400.8,19000.0,19000,ATM-8,PUT,19400,2023-11-07
2023-11-07 14:13:00+05:30,3.7,3.7,3.65,3.7,29600,6972450,16.201201,19399.3,19000.0,19000,ATM-8,PUT,19400,2023-11-07
2023-11-07 14:14:00+05:30,3.7,3.7,3.65,3.65,59750,6972450,16.221435,19401.15,19000.0,19000,ATM-8,PUT,19400,2023-11-07
2023-11-07 14:15:00+05:30,3.7,3.7,3.6,3.7,85600,6599600,16.242943,19400.45,19000.0,19000,ATM-8,PUT,19400,2023-11-07
2023-11-07 14:16:00+05:30,3.7,3.7,3.65,3.65,41700,6599600,16.282094,19402.9,19000.0,19000,ATM-8,PUT,19400,2023-11-07
2023-11-07 14:17:00+05:30,3.65,3.65,3.6,3.65,28600,6599600,16.262573,19402.2,19000.0,19000,ATM-8,PUT,19400,2023-11-07
2023-11-07 14:18:00+05:30,3.65,3.7,3.6,3.65,76900,6632200,16.151129,19398.6,19000.0,19000,ATM-8,PUT,19400,2023-11-07
2023-11-07 14:19:00+05:30,3.65,3.75,3.65,3.75,164800,6632200,16.297414,19400.55,19000.0,19000,ATM-8,PUT,19400,2023-11-07
2023-11-07 14:20:00+05:30,3.75,3.8,3.6,3.65,83000,6632200,16.170641,19399.05,19000.0,19000,ATM-8,PUT,19400,2023-11-07
2023-11-07 14:21:00+05:30,3.65,3.75,3.65,3.65,65450,6700500,16.20498,19400.05,19000.0,19000,ATM-8,PUT,19400,2023-11-07
2023-11-07 14:22:00+05:30,3.65,3.75,3.65,3.75,34400,6700500,16.216202,19397.75,19000.0,19000,ATM-8,PUT,19400,2023-11-07
2023-11-07 14:23:00+05:30,3.75,3.75,3.7,3.7,61900,6700500,16.050888,19393.75,19000.0,19000,ATM-8,PUT,19400,2023-11-07
2023-11-07 14:24:00+05:30,3.75,3.8,3.7,3.75,69150,6733700,15.97414,19390.0,19000.0,19000,ATM-8,PUT,19400,2023-11-07
2023-11-07 14:25:00+05:30,3.75,3.8,3.75,3.8,24300,6733700,15.994217,19389.3,19000.0,19000,ATM-8,PUT,19400,2023-11-07
2023-11-07 14:26:00+05:30,3.8,3.8,3.7,3.7,31700,6733700,16.002919,19392.0,19000.0,19000,ATM-8,PUT,19400,2023-11-07
2023-11-07 14:27:00+05:30,3.75,3.75,3.7,3.7,27400,6748150,15.997545,19391.75,19000.0,19000,ATM-8,PUT,19400,2023-11-07
2023-11-07 14:28:00+05:30,3.7,3.8,3.7,3.8,30500,6748150,15.899397,19386.1,19000.0,19000,ATM-8,PUT,19400,2023-11-07
2023-11-07 14:29:00+05:30,3.8,3.8,3.75,3.8,15350,6748150,15.977365,19388.45,19000.0,19000,ATM-8,PUT,19400,2023-11-07
2023-11-07 14:30:00+05:30,3.8,3.85,3.75,3.8,65750,6733050,16.12735,19393.05,19000.0,19000,ATM-8,PUT,19400,2023-11-07
2023-11-07 14:31:00+05:30,3.8,3.8,3.65,3.7,22250,6733050,16.111634,19395.0,19000.0,19000,ATM-8,PUT,19400,2023-11-07
2023-11-07 14:32:00+05:30,3.7,3.75,3.65,3.75,36400,6733050,15.993324,19389.95,19000.0,19000,ATM-8,PUT,19400,2023-11-07
2023-11-07 14:33:00+05:30,3.75,3.8,3.7,3.75,49450,6716350,16.042331,19391.4,19000.0,19000,ATM-8,PUT,19400,2023-11-07
2023-11-07 14:34:00+05:30,3.75,3.8,3.75,3.75,66050,6716350,15.956901,19388.65,19000.0,19000,ATM-8,PUT,19400,2023-11-07
2023-11-07 14:35:00+05:30,3.75,3.8,3.75,3.8,18650,6716350,16.082796,19391.25,19000.0,19000,ATM-8,PUT,19400,2023-11-07
2023-11-07 14:36:00+05:30,3.75,3.8,3.75,3.75,36200,6702000,15.984529,19389.35,19000.0,19000,ATM-8,PUT,19400,2023-11-07
2023-11-07 14:37:00+05:30,3.75,3.8,3.7,3.7,139100,6702000,15.87809,19387.2,19000.0,19000,ATM-8,PUT,19400,2023-11-07
2023-11-07 14:38:00+05:30,3.7,3.8,3.7,3.75,72600,6702000,15.718508,19380.9,19000.0,19000,ATM-8,PUT,19400,2023-11-07
2023-11-07 14:39:00+05:30,3.7,3.75,3.6,3.65,59400,6619100,15.654009,19381.3,19000.0,19000,ATM-8,PUT,19400,2023-11-07
2023-11-07 14:40:00+05:30,3.7,3.7,3.65,3.7,12050,6619100,15.79293,19384.3,19000.0,19000,ATM-8,PUT,19400,2023-11-07
2023-11-07 14:41:00+05:30,3.7,3.75,3.65,3.7,17750,6619100,15.705665,19381.5,19000.0,19000,ATM-8,PUT,19400,2023-11-07
2023-11-07 14:42:00+05:30,3.7,3.75,3.65,3.7,31400,6597250,15.719466,19381.85,19000.0,19000,ATM-8,PUT,19400,2023-11-07
2023-11-07 14:43:00+05:30,3.7,3.7,3.6,3.7,39900,6597250,15.835945,19385.4,19000.0,19000,ATM-8,PUT,19400,2023-11-07
2023-11-07 14:44:00+05:30,3.7,3.7,3.65,3.65,23850,6597250,15.719675,19382.95,19000.0,19000,ATM-8,PUT,19400,2023-11-07
2023-11-07 14:45:00+05:30,3.65,3.7,3.65,3.7,6900,6583600,15.784966,19383.65,19000.0,19000,ATM-8,PUT,19400,2023-11-07
2023-11-07 14:46:00+05:30,3.7,3.7,3.65,3.65,26100,6583600,15.868936,19387.45,19000.0,19000,ATM-8,PUT,19400,2023-11-07
2023-11-07 14:47:00+05:30,3.6,3.65,3.6,3.6,31900,6583600,15.723597,19384.1,19000.0,19000,ATM-8,PUT,19400,2023-11-07
2023-11-07 14:48:00+05:30,3.6,3.65,3.6,3.65,87300,6562000,15.902933,19388.35,19000.0,19000,ATM-8,PUT,19400,2023-11-07
2023-11-07 14:49:00+05:30,3.6,3.65,3.5,3.5,109000,6562000,15.856582,19390.7,19000.0,19000,ATM-8,PUT,19400,2023-11-07
2023-11-07 14:50:00+05:30,3.55,3.55,3.4,3.4,41400,6562000,15.792119,19391.25,19000.0,19000,ATM-8,PUT,19400,2023-11-07
2023-11-07 14:51:00+05:30,3.4,3.45,3.4,3.4,29600,6518000,15.960887,19396.5,19000.0,19000,ATM-8,PUT,19400,2023-11-07
2023-11-07 14:52:00+05:30,3.4,3.4,3.35,3.35,36850,6518000,16.032342,19400.05,19000.0,19000,ATM-8,PUT,19400,2023-11-07
2023-11-07 14:53:00+05:30,3.4,3.4,3.35,3.4,61650,6518000,16.056229,19399.35,19000.0,19000,ATM-8,PUT,19400,2023-11-07
2023-11-07 14:54:00+05:30,3.4,3.4,3.35,3.35,24400,6530700,15.897154,19395.6,19000.0,19000,ATM-8,PUT,19400,2023-11-07
2023-11-07 14:55:00+05:30,3.4,3.45,3.4,3.4,68050,6530700,16.006166,19397.6,19000.0,19000,ATM-8,PUT,19400,2023-11-07
2023-11-07 14:56:00+05:30,3.4,3.45,3.35,3.4,46100,6530700,16.048331,19398.85,19000.0,19000,ATM-8,PUT,19400,2023-11-07
2023-11-07 14:57:00+05:30,3.4,3.45,3.3,3.4,59350,6533500,16.092073,19400.15,19000.0,19000,ATM-8,PUT,19400,2023-11-07
2023-11-07 14:58:00+05:30,3.4,3.45,3.4,3.4,36000,6533500,16.12633,19401.15,19000.0,19000,ATM-8,PUT,19400,2023-11-07
2023-11-07 14:59:00+05:30,3.4,3.55,3.35,3.4,365850,6533500,16.062573,19399.05,19000.0,19000,ATM-8,PUT,19400,2023-11-07
2023-11-07 15:00:00+05:30,3.45,3.45,3.3,3.35,153400,6708950,16.239479,19405.95,19000.0,19000,ATM-8,PUT,19400,2023-11-07
2023-11-07 15:01:00+05:30,3.4,3.45,3.35,3.35,90600,6708950,16.09395,19401.25,19000.0,19000,ATM-8,PUT,19400,2023-11-07
2023-11-07 15:02:00+05:30,3.35,3.55,3.35,3.5,498700,6708950,16.249832,19402.0,19000.0,19000,ATM-8,PUT,19400,2023-11-07
2023-11-07 15:03:00+05:30,3.45,3.55,3.3,3.3,176550,6908900,16.135665,19403.8,19000.0,19000,ATM-8,PUT,19400,2023-11-07
2023-11-07 15:04:00+05:30,3.3,3.35,3.25,3.3,254600,6908900,16.176098,19405.0,19000.0,19000,ATM-8,PUT,19400,2023-11-07
2023-11-07 15:05:00+05:30,3.3,3.3,3.2,3.25,110500,6908900,16.270752,19409.35,19000.0,19000,ATM-8,PUT,19400,2023-11-07
2023-11-07 15:06:00+05:30,3.2,3.3,3.2,3.3,50650,6798350,16.333989,19409.85,19000.0,19000,ATM-8,PUT,19400,2023-11-07
2023-11-07 15:07:00+05:30,3.25,3.3,3.25,3.3,41550,6798350,16.121105,19403.0,19000.0,19000,ATM-8,PUT,19400,2023-11-07
2023-11-07 15:08:00+05:30,3.25,3.35,3.25,3.35,105400,6798350,16.058794,19399.55,19000.0,19000,ATM-8,PUT,19400,2023-11-07
2023-11-07 15:09:00+05:30,3.35,3.4,3.3,3.4,53200,6794100,16.051022,19397.85,19000.0,19000,ATM-8,PUT,19400,2023-11-07
2023-11-07 15:10:00+05:30,3.35,3.5,3.35,3.5,92800,6794100,16.15521,19398.35,19000.0,19000,ATM-8,PUT,19400,2023-11-07
2023-11-07 15:11:00+05:30,3.45,3.5,3.4,3.45,382350,6794100,16.105677,19398.05,19000.0,19000,ATM-8,PUT,19400,2023-11-07
2023-11-07 15:12:00+05:30,3.45,3.5,3.45,3.45,162850,6772550,16.109927,19398.1,19000.0,19000,ATM-8,PUT,19400,2023-11-07
2023-11-07 15:13:00+05:30,3.45,3.5,3.4,3.45,214550,6772550,15.990133,19394.25,19000.0,19000,ATM-8,PUT,19400,2023-11-07
2023-11-07 15:14:00+05:30,3.45,3.5,3.35,3.35,90850,6772550,16.027226,19398.05,19000.0,19000,ATM-8,PUT,19400,2023-11-07
2023-11-07 15:15:00+05:30,3.35,3.45,3.35,3.35,153950,6720300,16.104279,19400.4,19000.0,19000,ATM-8,PUT,19400,2023-11-07
2023-11-07 15:16:00+05:30,3.35,3.4,3.3,3.35,72300,6720300,16.17655,19402.6,19000.0,19000,ATM-8,PUT,19400,2023-11-07
2023-11-07 15:17:00+05:30,3.3,3.35,3.25,3.25,255150,6720300,16.232313,19407.1,19000.0,19000,ATM-8,PUT,19400,2023-11-07
2023-11-07 15:18:00+05:30,3.3,3.3,3.2,3.3,222650,6757250,16.342817,19409.1,19000.0,19000,ATM-8,PUT,19400,2023-11-07
2023-11-07 15:19:00+05:30,3.25,3.35,3.25,3.3,168950,6757250,16.421109,19411.5,19000.0,19000,ATM-8,PUT,19400,2023-11-07
2023-11-07 15:20:00+05:30,3.3,3.35,3.25,3.25,254400,6757250,16.424309,19412.95,19000.0,19000,ATM-8,PUT,19400,2023-11-07
2023-11-07 15:21:00+05:30,3.3,3.3,3.2,3.2,119150,6776350,16.475476,19415.95,19000.0,19000,ATM-8,PUT,19400,2023-11-07
2023-11-07 15:22:00+05:30,3.25,3.3,3.15,3.2,440650,6776350,16.456284,19415.25,19000.0,19000,ATM-8,PUT,19400,2023-11-07
2023-11-07 15:23:00+05:30,3.2,3.25,3.1,3.15,447900,6776350,16.462898,19416.85,19000.0,19000,ATM-8,PUT,19400,2023-11-07
2023-11-07 15:24:00+05:30,3.1,3.15,3.05,3.15,190950,6726600,16.493764,19417.75,19000.0,19000,ATM-8,PUT,19400,2023-11-07
2023-11-07 15:25:00+05:30,3.15,3.25,3.05,3.1,454200,6726600,16.423239,19416.9,19000.0,19000,ATM-8,PUT,19400,2023-11-07
2023-11-07 15:26:00+05:30,3.1,3.15,3.05,3.1,234300,6726600,16.480566,19418.65,19000.0,19000,ATM-8,PUT,19400,2023-11-07
2023-11-07 15:27:00+05:30,3.1,3.25,3.1,3.2,309950,6666350,16.516988,19416.75,19000.0,19000,ATM-8,PUT,19400,2023-11-07
2023-11-07 15:28:00+05:30,3.25,3.25,3.0,3.05,697300,6666350,16.222122,19411.7,19000.0,19000,ATM-8,PUT,19400,2023-11-07
2023-11-07 15:29:00+05:30,2.95,3.2,2.95,3.0,654100,6666350,16.348688,19417.2,19000.0,19000,ATM-8,PUT,19400,2023-11-07
2023-11-07 09:15:00+05:30,350.75,350.75,334.2,340.2,3050,88400,15.678837,19369.7,19050.0,19100,ATM-6,CALL,19400,2023-11-07
2023-11-07 09:16:00+05:30,340.2,340.2,330.0,332.8,700,88400,18.01053,19354.55,19050.0,19100,ATM-6,CALL,19400,2023-11-07
2023-11-07 09:17:00+05:30,332.8,335.2,328.1,335.2,1600,87600,17.831425,19357.9,19050.0,19100,ATM-6,CALL,19400,2023-11-07
2023-11-07 09:18:00+05:30,335.4,335.4,332.9,332.9,350,87600,15.24892,19362.85,19050.0,19100,ATM-6,CALL,19400,2023-11-07
2023-11-07 09:19:00+05:30,332.9,338.85,332.9,338.85,3500,87600,16.986366,19364.7,19050.0,19100,ATM-6,CALL,19400,2023-11-07
2023-11-07 09:20:00+05:30,338.85,349.35,338.85,349.35,1700,84450,17.814109,19373.9,19050.0,19100,ATM-6,CALL,19400,2023-11-07
2023-11-07 09:21:00+05:30,350.3,351.15,341.4,343.5,1200,84450,16.733504,19370.6,19050.0,19100,ATM-6,CALL,19400,2023-11-07
2023-11-07 09:22:00+05:30,294.15,299.95,294.15,299.0,8450,958550,15.294199,19375.3,19100.0,19100,ATM-6,CALL,19400,2023-11-07
2023-11-07 09:23:00+05:30,298.3,303.15,297.0,302.2,15150,951450,14.814374,19380.3,19100.0,19100,ATM-6,CALL,19400,2023-11-07
2023-11-07 09:24:00+05:30,302.9,305.0,302.75,303.2,32850,951450,14.567155,19382.1,19100.0,19100,ATM-6,CALL,19400,2023-11-07
2023-11-07 09:25:00+05:30,303.2,308.45,302.2,305.25,24400,951450,15.606534,19381.35,19100.0,19100,ATM-6,CALL,19400,2023-11-07
2023-11-07 09:26:00+05:30,354.15,354.15,343.85,348.75,1100,81600,17.451317,19374.4,19050.0,19100,ATM-6,CALL,19400,2023-11-07
2023-11-07 09:27:00+05:30,300.75,304.0,296.9,303.95,32000,967350,16.793223,19375.9,19100.0,19100,ATM-6,CALL,19400,2023-11-07
2023-11-07 09:28:00+05:30,351.0,351.0,347.85,347.85,50,81600,17.54272,19373.15,19050.0,19100,ATM-6,CALL,19400,2023-11-07
2023-11-07 09:29:00+05:30,347.85,347.85,345.0,346.75,150,80750,18.082667,19370.25,19050.0,19100,ATM-6,CALL,19400,2023-11-07
2023-11-07 09:30:00+05:30,346.75,349.05,339.0,339.0,400,80750,15.834787,19368.15,19050.0,19100,ATM-6,CALL,19400,2023-11-07
2023-11-07 09:31:00+05:30,339.0,345.25,339.0,345.25,600,80750,17.18702,19371.35,19050.0,19100,ATM-6,CALL,19400,2023-11-07
2023-11-07 09:32:00+05:30,345.25,345.25,345.25,345.25,0,80750,17.18702,19372.6,19050.0,19100,ATM-6,CALL,19400,2023-11-07
2023-11-07 09:33:00+05:30,345.25,345.25,345.25,345.25,0,80750,17.18702,19372.55,19050.0,19100,ATM-6,CALL,19400,2023-11-07
2023-11-07 09:34:00+05:30,345.25,345.25,342.55,343.3,200,80250,17.891633,19367.05,19050.0,19100,ATM-6,CALL,19400,2023-11-07
2023-11-07 09:35:00+05:30,343.3,343.3,339.0,339.0,100,79850,16.586316,19366.2,19050.0,19100,ATM-6,CALL,19400,2023-11-07
2023-11-07 09:36:00+05:30,339.0,342.2,339.0,342.2,50,79850,17.620579,19366.7,19050.0,19100,ATM-6,CALL,19400,2023-11-07
2023-11-07 09:37:00+05:30,342.2,347.95,342.2,347.95,50,79850,19.020587,19368.55,19050.0,19100,ATM-6,CALL,19400,2023-11-07
2023-11-07 09:38:00+05:30,347.95,347.95,347.95,347.95,0,79850,19.020587,19364.1,19050.0,19100,ATM-6,CALL,19400,2023-11-07
2023-11-07 09:39:00+05:30,347.95,347.95,342.0,342.0,200,79700,19.338927,19360.6,19050.0,19100,ATM-6,CALL,19400,2023-11-07
2023-11-07 09:40:00+05:30,342.0,342.0,339.65,339.65,150,79700,18.197748,19362.0,19050.0,19100,ATM-6,CALL,19400,2023-11-07
2023-11-07 09:41:00+05:30,339.65,347.45,339.65,347.45,150,79700,20.220543,19363.55,19050.0,19100,ATM-6,CALL,19400,2023-11-07
2023-11-07 09:42:00+05:30,347.45,347.45,344.8,346.2,600,79550,19.994208,19363.0,19050.0,19100,ATM-6,CALL,19400,2023-11-07
2023-11-07 09:43:00+05:30,346.2,346.5,346.2,346.5,100,79550,19.524465,19365.15,19050.0,19100,ATM-6,CALL,19400,2023-11-07
2023-11-07 09:44:00+05:30,346.5,348.45,346.5,348.1,700,79300,19.66058,19366.5,19050.0,19100,ATM-6,CALL,19400,2023-11-07
2023-11-07 09:45:00+05:30,348.1,351.85,346.7,349.0,500,79300,19.952938,19366.45,19050.0,19100,ATM-6,CALL,19400,2023-11-07
2023-11-07 09:46:00+05:30,349.0,349.0,349.0,349.0,50,79300,20.911611,19362.65,19050.0,19100,ATM-6,CALL,19400,2023-11-07
2023-11-07 09:47:00+05:30,349.0,349.0,342.0,342.0,200,79200,20.618553,19355.65,19050.0,19100,ATM-6,CALL,19400,2023-11-07
2023-11-07 09:48:00+05:30,342.0,342.0,342.0,342.0,0,79200,20.618553,19358.85,19050.0,19100,ATM-6,CALL,19400,2023-11-07
2023-11-07 09:49:00+05:30,342.0,342.0,342.0,342.0,0,79200,20.618553,19363.6,19050.0,19100,ATM-6,CALL,19400,2023-11-07
2023-11-07 09:50:00+05:30,342.0,342.0,342.0,342.0,0,79200,20.618553,19359.4,19050.0,19100,ATM-6,CALL,19400,2023-11-07
2023-11-07 09:51:00+05:30,342.0,345.0,342.0,345.0,250,79000,19.721125,19362.8,19050.0,19100,ATM-6,CALL,19400,2023-11-07
2023-11-07 09:52:00+05:30,345.0,345.0,345.0,345.0,0,79000,19.721125,19363.6,19050.0,19100,ATM-6,CALL,19400,2023-11-07
2023-11-07 09:53:00+05:30,345.0,345.0,345.0,345.0,0,79000,19.721125,19362.1,19050.0,19100,ATM-6,CALL,19400,2023-11-07
2023-11-07 09:54:00+05:30,345.0,345.0,345.0,345.0,0,79000,19.721125,19363.85,19050.0,19100,ATM-6,CALL,19400,2023-11-07
2023-11-07 09:55:00+05:30,345.0,355.0,345.0,350.7,450,78800,19.837606,19369.0,19050.0,19100,ATM-6,CALL,19400,2023-11-07
2023-11-07 09:56:00+05:30,350.7,350.7,345.55,345.55,50,78800,19.86852,19362.95,19050.0,19100,ATM-6,CALL,19400,2023-11-07
2023-11-07 09:57:00+05:30,345.55,345.55,344.0,344.0,600,78550,19.795619,19361.45,19050.0,19100,ATM-6,CALL,19400,2023-11-07
2023-11-07 09:58:00+05:30,344.0,344.0,337.0,341.0,450,78550,20.26909,19356.1,19050.0,19100,ATM-6,CALL,19400,2023-11-07
2023-11-07 09:59:00+05:30,341.0,343.35,337.8,343.35,600,77800,20.470525,19358.05,19050.0,19100,ATM-6,CALL,19400,2023-11-07
2023-11-07 10:00:00+05:30,343.35,343.35,338.55,338.55,1000,77800,19.582418,19356.0,19050.0,19100,ATM-6,CALL,19400,2023-11-07
2023-11-07 10:01:00+05:30,338.55,343.95,338.55,343.95,100,77800,19.809648,19361.4,19050.0,19100,ATM-6,CALL,19400,2023-11-07
2023-11-07 10:02:00+05:30,343.95,345.0,341.0,341.0,300,77600,20.235939,19356.3,19050.0,19100,ATM-6,CALL,19400,2023-11-07
2023-11-07 10:03:00+05:30,341.0,341.0,335.0,339.4,1050,77600,20.536875,19353.2,19050.0,19100,ATM-6,CALL,19400,2023-11-07
2023-11-07 10:04:00+05:30,339.4,339.4,333.55,333.55,250,77600,19.454833,19350.75,19050.0,19100,ATM-6,CALL,19400,2023-11-07
2023-11-07 10:05:00+05:30,333.55,334.95,333.5,334.95,100,77600,19.955762,19350.4,19050.0,19100,ATM-6,CALL,19400,2023-11-07
2023-11-07 10:06:00+05:30,334.95,334.95,333.75,333.75,50,77600,19.225901,19351.9,19050.0,19100,ATM-6,CALL,19400,2023-11-07
2023-11-07 10:07:00+05:30,333.75,333.75,333.75,333.75,0,77600,19.225901,19350.5,19050.0,19100,ATM-6,CALL,19400,2023-11-07
2023-11-07 10:08:00+05:30,333.75,338.45,333.75,338.45,850,77500,19.764196,19355.3,19050.0,19100,ATM-6,CALL,19400,2023-11-07
2023-11-07 10:09:00+05:30,338.45,338.45,337.6,337.6,50,77500,18.899415,19357.6,19050.0,19100,ATM-6,CALL,19400,2023-11-07
2023-11-07 10:10:00+05:30,337.6,340.7,337.6,340.7,50,77500,19.865979,19357.55,19050.0,19100,ATM-6,CALL,19400,2023-11-07
2023-11-07 10:11:00+05:30,340.7,341.6,339.95,339.95,150,77550,19.2617,19359.0,19050.0,19100,ATM-6,CALL,19400,2023-11-07
2023-11-07 10:12:00+05:30,339.95,339.95,339.95,339.95,0,77550,19.2617,19360.9,19050.0,19100,ATM-6,CALL,19400,2023-11-07
2023-11-07 10:13:00+05:30,339.95,345.0,339.95,345.0,50,77550,19.407614,19364.3,19050.0,19100,ATM-6,CALL,19400,2023-11-07
2023-11-07 10:14:00+05:30,345.0,345.0,345.0,345.0,0,77550,19.407614,19366.2,19050.0,19100,ATM-6,CALL,19400,2023-11-07
2023-11-07 10:15:00+05:30,345.0,346.75,343.8,346.0,600,77550,19.646153,19364.6,19050.0,19100,ATM-6,CALL,19400,2023-11-07
2023-11-07 10:16:00+05:30,346.0,347.2,346.0,347.2,100,77550,19.793111,19365.45,19050.0,19100,ATM-6,CALL,19400,2023-11-07
2023-11-07 10:17:00+05:30,347.2,347.2,343.85,343.85,100,77400,19.485506,19362.75,19050.0,19100,ATM-6,CALL,19400,2023-11-07
2023-11-07 10:18:00+05:30,343.85,343.85,343.85,343.85,0,77400,19.485506,19363.95,19050.0,19100,ATM-6,CALL,19400,2023-11-07
2023-11-07 10:19:00+05:30,343.85,352.0,343.85,352.0,500,77400,20.188571,19369.55,19050.0,19100,ATM-6,CALL,19400,2023-11-07
2023-11-07 10:20:00+05:30,352.0,360.35,351.9,360.35,800,77450,21.765959,19373.05,19050.0,19100,ATM-6,CALL,19400,2023-11-07
2023-11-07 10:21:00+05:30,360.35,364.1,357.95,357.95,1500,77450,21.177111,19372.65,19050.0,19100,ATM-6,CALL,19400,2023-11-07
2023-11-07 10:22:00+05:30,357.95,357.95,354.3,354.3,150,77450,20.388071,19371.5,19050.0,19100,ATM-6,CALL,19400,2023-11-07
2023-11-07 10:23:00+05:30,354.3,354.3,353.2,353.2,100,77450,21.663067,19365.1,19050.0,19100,ATM-6,CALL,19400,2023-11-07
2023-11-07 10:24:00+05:30,349.9,350.65,349.9,350.65,100,76950,20.744883,19365.9,19050.0,19100,ATM-6,CALL,19400,2023-11-07
2023-11-07 10:25:00+05:30,350.65,354.7,350.65,354.7,100,76950,20.46956,19371.7,19050.0,19100,ATM-6,CALL,19400,2023-11-07
2023-11-07 10:26:00+05:30,354.7,354.7,354.7,354.7,0,76950,20.46956,19372.5,19050.0,19100,ATM-6,CALL,19400,2023-11-07
2023-11-07 10:27:00+05:30,354.7,357.7,354.7,357.7,100,76900,21.95665,19369.25,19050.0,19100,ATM-6,CALL,19400,2023-11-07
2023-11-07 10:28:00+05:30,357.7,357.7,356.6,356.6,200,76900,21.409553,19370.25,19050.0,19100,ATM-6,CALL,19400,2023-11-07
2023-11-07 10:29:00+05:30,356.6,356.6,356.6,356.6,0,76900,21.409553,19370.65,19050.0,19100,ATM-6,CALL,19400,2023-11-07
2023-11-07 10:30:00+05:30,356.6,357.55,356.6,357.55,50,77050,20.855578,19373.6,19050.0,19100,ATM-6,CALL,19400,2023-11-07
2023-11-07 10:31:00+05:30,310.75,315.0,310.75,313.6,47800,1280450,19.671606,19376.55,19100.0,19100,ATM-6,CALL,19400,2023-11-07
2023-11-07 10:32:00+05:30,313.6,315.3,311.65,311.65,10550,1320350,19.315437,19375.8,19100.0,19100,ATM-6,CALL,19400,2023-11-07
2023-11-07 10:33:00+05:30,361.3,361.3,360.75,360.75,50,76800,21.619381,19374.35,19050.0,19100,ATM-6,CALL,19400,2023-11-07
2023-11-07 10:34:00+05:30,311.95,315.5,311.95,313.95,2950,1320350,20.012542,19375.5,19100.0,19100,ATM-6,CALL,19400,2023-11-07
2023-11-07 10:35:00+05:30,313.95,325.0,313.0,323.15,24900,1328850,20.445215,19384.6,19100.0,19100,ATM-6,CALL,19400,2023-11-07
2023-11-07 10:36:00+05:30,324.05,324.05,316.25,319.3,156900,1328850,20.456378,19379.95,19100.0,19100,ATM-6,CALL,19400,2023-11-07
2023-11-07 10:37:00+05:30,319.0,321.3,318.0,319.65,21850,1328850,20.220574,19381.45,19100.0,19100,ATM-6,CALL,19400,2023-11-07
2023-11-07 10:38:00+05:30,319.65,320.4,318.9,318.9,14000,1262900,20.090271,19381.15,19100.0,19100,ATM-6,CALL,19400,2023-11-07
2023-11-07 10:39:00+05:30,319.65,326.4,319.65,324.55,41200,1262900,20.679282,19385.3,19100.0,19100,ATM-6,CALL,19400,2023-11-07
2023-11-07 10:40:00+05:30,324.55,327.0,321.45,326.55,71900,1262900,20.716099,19387.55,19100.0,19100,ATM-6,CALL,19400,2023-11-07
2023-11-07 10:41:00+05:30,326.6,330.05,324.9,324.9,231300,1348050,19.589242,19390.45,19100.0,19100,ATM-6,CALL,19400,2023-11-07
2023-11-07 10:42:00+05:30,326.15,326.7,320.1,321.65,314450,1348050,19.172688,19388.35,19100.0,19100,ATM-6,CALL,19400,2023-11-07
2023-11-07 10:43:00+05:30,321.65,322.7,320.1,321.05,19000,1348050,19.200657,19387.55,19100.0,19100,ATM-6,CALL,19400,2023-11-07
2023-11-07 10:44:00+05:30,321.3,327.0,321.15,327.0,88450,991200,19.568137,19393.05,19100.0,19100,ATM-6,CALL,19400,2023-11-07
2023-11-07 10:45:00+05:30,327.0,329.85,324.05,324.05,19700,991200,18.724025,19392.95,19100.0,19100,ATM-6,CALL,19400,2023-11-07
2023-11-07 10:46:00+05:30,324.05,324.05,320.0,321.6,6000,991200,18.678404,19390.3,19100.0,19100,ATM-6,CALL,19400,2023-11-07
2023-11-07 10:47:00+05:30,321.6,321.6,318.5,321.4,1950,974800,18.816016,19389.55,19100.0,19100,ATM-6,CALL,19400,2023-11-07
2023-11-07 10:48:00+05:30,321.4,322.05,319.7,322.05,3700,974800,18.898352,19390.0,19100.0,19100,ATM-6,CALL,19400,2023-11-07
2023-11-07 10:49:00+05:30,322.05,323.6,321.85,322.8,1250,974800,18.76606,19391.4,19100.0,19100,ATM-6,CALL,19400,2023-11-07
2023-11-07 10:50:00+05:30,322.8,322.8,320.35,321.35,3250,976150,18.272397,19391.6,19100.0,19100,ATM-6,CALL,19400,2023-11-07
2023-11-07 10:51:00+05:30,321.35,321.35,313.9,315.25,7500,976150,17.501904,19387.4,19100.0,19100,ATM-6,CALL,19400,2023-11-07
2023-11-07 10:52:00+05:30,315.55,315.65,306.6,307.8,5600,976150,16.595704,19382.05,19100.0,19100,ATM-6,CALL,19400,2023-11-07
2023-11-07 10:53:00+05:30,307.8,313.05,307.8,311.45,2300,966300,16.788941,19385.55,19100.0,19100,ATM-6,CALL,19400,2023-11-07
2023-11-07 10:54:00+05:30,311.45,311.9,308.85,308.85,600,966300,16.052331,19385.0,19100.0,19100,ATM-6,CALL,19400,2023-11-07
2023-11-07 10:55:00+05:30,308.85,311.95,308.0,308.5,2250,966300,16.010101,19384.75,19100.0,19100,ATM-6,CALL,19400,2023-11-07
2023-11-07 10:56:00+05:30,308.45,309.65,307.0,308.5,4850,967400,15.948558,19384.95,19100.0,19100,ATM-6,CALL,19400,2023-11-07
2023-11-07 10:57:00+05:30,308.5,308.5,303.35,307.7,2000,967400,16.397497,19382.65,19100.0,19100,ATM-6,CALL,19400,2023-11-07
2023-11-07 10:58:00+05:30,307.7,309.2,307.55,309.2,400,967400,16.193271,19385.0,19100.0,19100,ATM-6,CALL,19400,2023-11-07
2023-11-07 10:59:00+05:30,309.2,309.3,304.4,304.4,1300,968500,15.736364,19381.05,19100.0,19100,ATM-6,CALL,19400,2023-11-07
2023-11-07 11:00:00+05:30,304.4,308.6,304.4,308.6,750,968500,16.76176,19382.5,19100.0,19100,ATM-6,CALL,19400,2023-11-07
2023-11-07 11:01:00+05:30,308.6,311.25,307.0,307.0,2200,968500,15.626244,19384.3,19100.0,19100,ATM-6,CALL,19400,2023-11-07
2023-11-07 11:02:00+05:30,307.0,308.6,307.0,308.6,1450,968500,15.359823,19386.85,19100.0,19100,ATM-6,CALL,19400,2023-11-07
2023-11-07 11:03:00+05:30,308.6,310.2,307.65,309.1,600,968500,15.417903,19387.25,19100.0,19100,ATM-6,CALL,19400,2023-11-07
2023-11-07 11:04:00+05:30,309.1,311.7,309.1,310.05,1100,968500,15.938796,19386.8,19100.0,19100,ATM-6,CALL,19400,2023-11-07
2023-11-07 11:05:00+05:30,310.15,313.25,310.0,310.8,4250,968950,16.424298,19386.15,19100.0,19100,ATM-6,CALL,19400,2023-11-07
2023-11-07 11:06:00+05:30,310.8,314.4,310.8,313.0,5450,968950,16.654724,19387.9,19100.0,19100,ATM-6,CALL,19400,2023-11-07
2023-11-07 11:07:00+05:30,313.9,316.0,313.75,314.2,1500,968950,16.643187,19389.3,19100.0,19100,ATM-6,CALL,19400,2023-11-07
2023-11-07 11:08:00+05:30,314.2,316.6,314.2,315.55,2750,967800,16.870613,19390.1,19100.0,19100,ATM-6,CALL,19400,2023-11-07
2023-11-07 11:09:00+05:30,315.55,320.4,315.55,319.8,8500,967800,17.16449,19393.95,19100.0,19100,ATM-6,CALL,19400,2023-11-07
2023-11-07 11:10:00+05:30,318.6,322.1,318.6,322.1,14700,967800,17.560068,19395.25,19100.0,19100,ATM-6,CALL,19400,2023-11-07
2023-11-07 11:11:00+05:30,322.1,322.1,317.35,319.45,6850,978550,16.23973,19396.45,19100.0,19100,ATM-6,CALL,19400,2023-11-07
2023-11-07 11:12:00+05:30,319.45,321.45,317.35,317.55,7400,978550,16.289614,19394.2,19100.0,19100,ATM-6,CALL,19400,2023-11-07
2023-11-07 11:13:00+05:30,317.55,318.35,315.5,318.25,2850,978550,17.403075,19391.45,19100.0,19100,ATM-6,CALL,19400,2023-11-07
2023-11-07 11:14:00+05:30,318.25,319.1,317.0,317.05,950,985900,16.557966,19392.85,19100.0,19100,ATM-6,CALL,19400,2023-11-07
2023-11-07 11:15:00+05:30,317.05,317.05,312.2,312.2,24900,985900,15.893614,19389.45,19100.0,19100,ATM-6,CALL,19400,2023-11-07
2023-11-07 11:16:00+05:30,312.2,314.9,311.55,314.7,10250,985900,16.393461,19390.75,19100.0,19100,ATM-6,CALL,19400,2023-11-07
2023-11-07 11:17:00+05:30,314.7,317.0,313.95,316.8,750,965350,16.144703,19393.85,19100.0,19100,ATM-6,CALL,19400,2023-11-07
2023-11-07 11:18:00+05:30,316.8,320.55,316.8,319.55,2300,965350,15.757045,19398.0,19100.0,19100,ATM-6,CALL,19400,2023-11-07
2023-11-07 11:19:00+05:30,319.55,319.8,318.85,318.85,1600,965350,16.022152,19396.5,19100.0,19100,ATM-6,CALL,19400,2023-11-07
2023-11-07 11:20:00+05:30,318.85,319.45,317.7,319.45,1100,964350,16.359204,19396.2,19100.0,19100,ATM-6,CALL,19400,2023-11-07
2023-11-07 11:21:00+05:30,319.45,320.65,317.6,320.05,2500,964350,16.553364,19396.3,19100.0,19100,ATM-6,CALL,19400,2023-11-07
2023-11-07 11:22:00+05:30,320.05,320.05,315.1,317.4,1050,964350,16.338799,19394.0,19100.0,19100,ATM-6,CALL,19400,2023-11-07
2023-11-07 11:23:00+05:30,317.4,317.4,315.45,316.15,1350,962300,16.780378,19391.25,19100.0,19100,ATM-6,CALL,19400,2023-11-07
2023-11-07 11:24:00+05:30,314.85,314.85,311.9,314.0,600,962300,16.199116,19390.65,19100.0,19100,ATM-6,CALL,19400,2023-11-07
2023-11-07 11:25:00+05:30,314.0,317.2,313.9,314.15,600,962300,16.124804,19391.05,19100.0,19100,ATM-6,CALL,19400,2023-11-07
2023-11-07 11:26:00+05:30,314.15,314.65,313.3,314.15,1100,962300,16.990615,19388.35,19100.0,19100,ATM-6,CALL,19400,2023-11-07
2023-11-07 11:27:00+05:30,314.15,314.85,312.3,314.55,950,962350,15.994259,19391.9,19100.0,19100,ATM-6,CALL,19400,2023-11-07
2023-11-07 11:28:00+05:30,314.55,315.5,312.45,312.45,1100,962350,15.952326,19389.7,19100.0,19100,ATM-6,CALL,19400,2023-11-07
2023-11-07 11:29:00+05:30,312.45,314.3,312.45,313.2,950,963200,16.187335,19389.85,19100.0,19100,ATM-6,CALL,19400,2023-11-07
2023-11-07 11:30:00+05:30,313.2,313.8,309.05,309.85,1450,963200,15.330994,19388.6,19100.0,19100,ATM-6,CALL,19400,2023-11-07
2023-11-07 11:31:00+05:30,309.85,309.85,307.65,308.3,2550,963200,15.331477,19386.9,19100.0,19100,ATM-6,CALL,19400,2023-11-07
2023-11-07 11:32:00+05:30,308.3,310.0,306.6,310.0,3350,961800,14.829482,19390.1,19100.0,19100,ATM-6,CALL,19400,2023-11-07
2023-11-07 11:33:00+05:30,310.0,310.0,308.45,308.45,2200,961800,15.308264,19387.15,19100.0,19100,ATM-6,CALL,19400,2023-11-07
2023-11-07 11:34:00+05:30,308.45,309.0,307.7,309.0,100,961800,15.203608,19388.05,19100.0,19100,ATM-6,CALL,19400,2023-11-07
2023-11-07 11:35:00+05:30,309.0,313.55,309.0,313.1,5700,959500,14.893897,19393.35,19100.0,19100,ATM-6,CALL,19400,2023-11-07
2023-11-07 11:36:00+05:30,313.1,315.9,310.9,315.9,11950,959500,15.29597,19395.4,19100.0,19100,ATM-6,CALL,19400,2023-11-07
2023-11-07 11:37:00+05:30,316.35,316.35,313.1,314.05,8100,959500,15.036186,19394.05,19100.0,19100,ATM-6,CALL,19400,2023-11-07
2023-11-07 11:38:00+05:30,314.05,314.65,311.2,311.4,800,962600,14.095899,19393.4,19100.0,19100,ATM-6,CALL,19400,2023-11-07
2023-11-07 11:39:00+05:30,311.4,311.4,308.0,308.8,8700,962600,14.296191,19390.15,19100.0,19100,ATM-6,CALL,19400,2023-11-07
2023-11-07 11:40:00+05:30,308.95,308.95,288.35,293.4,44750,962600,12.933744,19376.55,19100.0,19100,ATM-6,CALL,19400,2023-11-07
2023-11-07 11:41:00+05:30,340.65,340.65,324.45,331.25,3550,77250,13.576604,19365.65,19050.0,19100,ATM-6,CALL,19400,2023-11-07
2023-11-07 11:42:00+05:30,331.25,331.25,325.35,325.35,200,77250,13.593842,19359.4,19050.0,19100,ATM-6,CALL,19400,2023-11-07
2023-11-07 11:43:00+05:30,325.35,328.15,325.35,326.7,1000,77250,16.229198,19355.0,19050.0,19100,ATM-6,CALL,19400,2023-11-07
2023-11-07 11:44:00+05:30,326.7,326.7,325.4,326.05,600,76650,16.07873,19354.7,19050.0,19100,ATM-6,CALL,19400,2023-11-07
2023-11-07 11:45:00+05:30,326.05,326.05,305.85,306.4,9200,76650,13.111792,19340.2,19050.0,19100,ATM-6,CALL,19400,2023-11-07
2023-11-07 11:46:00+05:30,306.4,310.45,301.95,307.3,2150,76650,8.687241,19345.7,19050.0,19100,ATM-6,CALL,19400,2023-11-07
2023-11-07 11:47:00+05:30,307.3,307.65,307.3,307.65,500,74850,9.766746,19345.55,19050.0,19100,ATM-6,CALL,19400,2023-11-07
2023-11-07 11:48:00+05:30,307.65,307.8,305.7,305.7,300,74850,11.555372,19341.9,19050.0,19100,ATM-6,CALL,19400,2023-11-07
2023-11-07 11:49:00+05:30,305.7,305.7,297.65,297.8,950,74850,0.0,19336.95,19050.0,19100,ATM-6,CALL,19400,2023-11-07
2023-11-07 11:50:00+05:30,297.8,302.8,297.8,302.8,1100,74900,7.200744,19341.5,19050.0,19100,ATM-6,CALL,19400,2023-11-07
2023-11-07 11:51:00+05:30,302.8,302.8,302.8,302.8,0,74900,7.200744,19343.9,19050.0,19100,ATM-6,CALL,19400,2023-11-07
2023-11-07 11:52:00+05:30,302.8,302.8,302.8,302.8,0,74900,7.200744,19340.35,19050.0,19100,ATM-6,CALL,19400,2023-11-07
2023-11-07 11:53:00+05:30,303.1,303.1,303.1,303.1,50,74900,12.370641,19338.05,19050.0,19100,ATM-6,CALL,19400,2023-11-07
2023-11-07 11:54:00+05:30,303.1,303.1,294.5,296.05,550,74800,12.17498,19330.95,19050.0,19100,ATM-6,CALL,19400,2023-11-07
2023-11-07 11:55:00+05:30,296.05,305.0,296.05,305.0,150,74800,9.502887,19343.05,19050.0,19100,ATM-6,CALL,19400,2023-11-07
2023-11-07 11:56:00+05:30,305.0,305.0,304.8,304.8,150,74800,11.361443,19341.25,19050.0,19100,ATM-6,CALL,19400,2023-11-07
2023-11-07 11:57:00+05:30,304.8,304.8,302.9,303.25,550,74200,0.0,19342.5,19050.0,19100,ATM-6,CALL,19400,2023-11-07
2023-11-07 11:58:00+05:30,303.25,303.25,303.25,303.25,0,74200,0.0,19341.85,19050.0,19100,ATM-6,CALL,19400,2023-11-07
2023-11-07 11:59:00+05:30,303.25,306.85,303.25,306.85,100,74300,9.584052,19344.9,19050.0,19100,ATM-6,CALL,19400,2023-11-07
2023-11-07 12:00:00+05:30,306.85,306.85,304.0,304.1,650,74300,11.187211,19340.75,19050.0,19100,ATM-6,CALL,19400,2023-11-07
2023-11-07 12:01:00+05:30,304.1,304.95,303.15,303.15,550,74300,10.632098,19340.35,19050.0,19100,ATM-6,CALL,19400,2023-11-07
2023-11-07 12:02:00+05:30,303.15,303.15,300.25,300.25,550,74300,11.036482,19336.95,19050.0,19100,ATM-6,CALL,19400,2023-11-07
2023-11-07 12:03:00+05:30,300.25,304.0,300.25,304.0,500,73800,9.932977,19341.8,19050.0,19100,ATM-6,CALL,19400,2023-11-07
2023-11-07 12:04:00+05:30,304.0,304.0,304.0,304.0,0,73800,9.932977,19339.9,19050.0,19100,ATM-6,CALL,19400,2023-11-07
2023-11-07 12:05:00+05:30,304.0,304.0,303.25,303.25,550,73800,0.0,19344.3,19050.0,19100,ATM-6,CALL,19400,2023-11-07
2023-11-07 12:06:00+05:30,303.25,307.65,303.25,307.65,50,73550,10.510186,19345.1,19050.0,19100,ATM-6,CALL,19400,2023-11-07
2023-11-07 12:07:00+05:30,307.65,311.25,307.65,311.25,1100,73550,0.0,19350.85,19050.0,19100,ATM-6,CALL,19400,2023-11-07
2023-11-07 12:08:00+05:30,311.25,311.45,310.0,311.05,550,73250,8.393782,19349.65,19050.0,19100,ATM-6,CALL,19400,2023-11-07
2023-11-07 12:09:00+05:30,311.05,311.05,308.2,308.2,650,73250,0.0,19350.45,19050.0,19100,ATM-6,CALL,19400,2023-11-07
2023-11-07 12:10:00+05:30,308.2,309.0,306.0,309.0,1050,73250,0.0,19348.7,19050.0,19100,ATM-6,CALL,19400,2023-11-07
2023-11-07 12:11:00+05:30,309.0,310.2,309.0,310.2,700,73250,0.0,19350.75,19050.0,19100,ATM-6,CALL,19400,2023-11-07
2023-11-07 12:12:00+05:30,310.2,310.2,310.2,310.2,0,73250,0.0,19352.05,19050.0,19100,ATM-6,CALL,19400,2023-11-07
2023-11-07 12:13:00+05:30,310.2,310.2,308.0,308.0,150,73150,0.0,19349.4,19050.0,19100,ATM-6,CALL,19400,2023-11-07
2023-11-07 12:14:00+05:30,308.0,311.3,308.0,311.3,200,73200,0.0,19352.45,19050.0,19100,ATM-6,CALL,19400,2023-11-07
2023-11-07 12:15:00+05:30,311.3,311.3,310.0,311.2,350,73200,0.0,19352.7,19050.0,19100,ATM-6,CALL,19400,2023-11-07
2023-11-07 12:16:00+05:30,311.2,311.2,311.2,311.2,0,73200,0.0,19352.95,19050.0,19100,ATM-6,CALL,19400,2023-11-07
2023-11-07 12:17:00+05:30,311.2,311.2,310.8,310.8,500,73200,0.0,19352.35,19050.0,19100,ATM-6,CALL,19400,2023-11-07
2023-11-07 12:18:00+05:30,310.8,312.5,310.8,312.25,750,73150,0.0,19354.7,19050.0,19100,ATM-6,CALL,19400,2023-11-07
2023-11-07 12:19:00+05:30,312.25,318.75,312.25,318.35,1300,73150,0.0,19359.15,19050.0,19100,ATM-6,CALL,19400,2023-11-07
2023-11-07 12:20:00+05:30,318.35,321.7,318.0,318.0,1100,74550,0.0,19359.45,19050.0,19100,ATM-6,CALL,19400,2023-11-07
2023-11-07 12:21:00+05:30,318.0,318.0,316.55,316.55,50,74550,0.0,19357.3,19050.0,19100,ATM-6,CALL,19400,2023-11-07
2023-11-07 12:22:00+05:30,316.55,316.55,312.45,312.45,100,74550,0.0,19354.15,19050.0,19100,ATM-6,CALL,19400,2023-11-07
2023-11-07 12:23:00+05:30,312.45,312.45,311.35,312.0,150,74550,0.0,19353.75,19050.0,19100,ATM-6,CALL,19400,2023-11-07
2023-11-07 12:24:00+05:30,312.0,312.0,312.0,312.0,0,74550,0.0,19355.55,19050.0,19100,ATM-6,CALL,19400,2023-11-07
2023-11-07 12:25:00+05:30,312.0,312.0,312.0,312.0,0,74550,0.0,19356.25,19050.0,19100,ATM-6,CALL,19400,2023-11-07
2023-11-07 12:26:00+05:30,312.0,312.0,312.0,312.0,0,74550,0.0,19356.7,19050.0,19100,ATM-6,CALL,19400,2023-11-07
2023-11-07 12:27:00+05:30,312.0,312.0,312.0,312.0,0,74550,0.0,19354.9,19050.0,19100,ATM-6,CALL,19400,2023-11-07
2023-11-07 12:28:00+05:30,312.0,312.0,312.0,312.0,0,74550,0.0,19353.85,19050.0,19100,ATM-6,CALL,19400,2023-11-07
2023-11-07 12:29:00+05:30,312.0,312.0,312.0,312.0,0,74550,0.0,19353.4,19050.0,19100,ATM-6,CALL,19400,2023-11-07
2023-11-07 12:30:00+05:30,312.0,312.0,309.45,310.05,200,74550,0.0,19353.15,19050.0,19100,ATM-6,CALL,19400,2023-11-07
2023-11-07 12:31:00+05:30,310.05,310.05,310.05,310.05,0,74550,0.0,19351.2,19050.0,19100,ATM-6,CALL,19400,2023-11-07
2023-11-07 12:32:00+05:30,310.05,310.05,310.05,310.05,0,74550,0.0,19355.95,19050.0,19100,ATM-6,CALL,19400,2023-11-07
2023-11-07 12:33:00+05:30,310.05,318.85,310.05,318.0,800,74550,0.0,19357.55,19050.0,19100,ATM-6,CALL,19400,2023-11-07
2023-11-07 12:34:00+05:30,318.0,329.0,318.0,328.2,3050,74550,11.807907,19365.15,19050.0,19100,ATM-6,CALL,19400,2023-11-07
2023-11-07 12:35:00+05:30,328.2,331.7,328.05,328.05,550,74550,0.0,19367.1,19050.0,19100,ATM-6,CALL,19400,2023-11-07
2023-11-07 12:36:00+05:30,329.75,329.75,325.55,325.55,150,74950,10.015739,19363.8,19050.0,19100,ATM-6,CALL,19400,2023-11-07
2023-11-07 12:37:00+05:30,325.55,329.0,323.45,329.0,600,74950,0.0,19367.95,19050.0,19100,ATM-6,CALL,19400,2023-11-07
2023-11-07 12:38:00+05:30,329.0,329.0,325.8,327.0,250,74950,0.0,19367.75,19050.0,19100,ATM-6,CALL,19400,2023-11-07
2023-11-07 12:39:00+05:30,327.0,327.0,324.45,324.45,2350,75450,0.0,19365.7,19050.0,19100,ATM-6,CALL,19400,2023-11-07
2023-11-07 12:40:00+05:30,324.45,324.45,323.1,324.35,100,75450,0.0,19364.9,19050.0,19100,ATM-6,CALL,19400,2023-11-07
2023-11-07 12:41:00+05:30,324.35,324.35,318.5,319.65,1250,75450,0.0,19365.95,19050.0,19100,ATM-6,CALL,19400,2023-11-07
2023-11-07 12:42:00+05:30,319.65,319.65,319.65,319.65,0,75450,0.0,19364.55,19050.0,19100,ATM-6,CALL,19400,2023-11-07
2023-11-07 12:43:00+05:30,319.65,319.65,319.65,319.65,0,75450,0.0,19364.25,19050.0,19100,ATM-6,CALL,19400,2023-11-07
2023-11-07 12:44:00+05:30,319.65,319.65,319.65,319.65,0,75450,0.0,19363.45,19050.0,19100,ATM-6,CALL,19400,2023-11-07
2023-11-07 12:45:00+05:30,319.65,321.6,319.65,321.6,100,74950,0.0,19365.45,19050.0,19100,ATM-6,CALL,19400,2023-11-07
2023-11-07 12:46:00+05:30,321.6,323.15,320.6,323.15,700,74950,0.0,19365.65,19050.0,19100,ATM-6,CALL,19400,2023-11-07
2023-11-07 12:47:00+05:30,323.15,326.55,323.15,326.55,200,74950,0.0,19368.85,19050.0,19100,ATM-6,CALL,19400,2023-11-07
2023-11-07 12:48:00+05:30,325.0,325.85,325.0,325.85,100,74950,0.0,19371.65,19050.0,19100,ATM-6,CALL,19400,2023-11-07
2023-11-07 12:49:00+05:30,325.85,325.85,325.85,325.85,0,74950,0.0,19371.85,19050.0,19100,ATM-6,CALL,19400,2023-11-07
2023-11-07 12:50:00+05:30,325.85,326.7,324.1,326.15,350,74950,0.0,19368.35,19050.0,19100,ATM-6,CALL,19400,2023-11-07
2023-11-07 12:51:00+05:30,326.15,326.15,325.6,325.6,150,74900,0.0,19369.8,19050.0,19100,ATM-6,CALL,19400,2023-11-07
2023-11-07 12:52:00+05:30,325.6,325.6,325.6,325.6,0,74900,0.0,19370.45,19050.0,19100,ATM-6,CALL,19400,2023-11-07
2023-11-07 12:53:00+05:30,325.6,325.6,325.6,325.6,0,74900,0.0,19368.1,19050.0,19100,ATM-6,CALL,19400,2023-11-07
2023-11-07 12:54:00+05:30,325.6,325.6,319.15,319.15,100,74900,0.0,19364.45,19050.0,19100,ATM-6,CALL,19400,2023-11-07
2023-11-07 12:55:00+05:30,319.15,319.15,316.95,316.95,1100,74900,0.0,19362.1,19050.0,19100,ATM-6,CALL,19400,2023-11-07
2023-11-07 12:56:00+05:30,316.95,316.95,316.8,316.8,50,74900,0.0,19362.25,19050.0,19100,ATM-6,CALL,19400,2023-11-07
2023-11-07 12:57:00+05:30,316.8,319.8,316.8,319.8,50,75350,0.0,19364.0,19050.0,19100,ATM-6,CALL,19400,2023-11-07
2023-11-07 12:58:00+05:30,319.8,322.55,319.8,322.55,50,75350,0.0,19366.1,19050.0,19100,ATM-6,CALL,19400,2023-11-07
2023-11-07 12:59:00+05:30,322.55,322.85,322.55,322.85,50,75350,0.0,19366.85,19050.0,19100,ATM-6,CALL,19400,2023-11-07
2023-11-07 13:00:00+05:30,322.85,322.85,322.85,322.85,0,75350,0.0,19367.65,19050.0,19100,ATM-6,CALL,19400,2023-11-07
2023-11-07 13:01:00+05:30,322.85,326.95,322.85,326.0,150,75400,0.0,19369.55,19050.0,19100,ATM-6,CALL,19400,2023-11-07
2023-11-07 13:02:00+05:30,326.0,326.0,323.7,323.7,50,75400,0.0,19368.75,19050.0,19100,ATM-6,CALL,19400,2023-11-07
2023-11-07 13:03:00+05:30,323.7,323.7,323.7,323.7,0,75400,0.0,19370.45,19050.0,19100,ATM-6,CALL,19400,2023-11-07
2023-11-07 13:04:00+05:30,323.7,323.7,323.7,323.7,0,75400,0.0,19370.0,19050.0,19100,ATM-6,CALL,19400,2023-11-07
2023-11-07 13:05:00+05:30,323.7,325.05,323.7,325.05,100,75350,0.0,19369.25,19050.0,19100,ATM-6,CALL,19400,2023-11-07
2023-11-07 13:06:00+05:30,325.05,325.05,323.7,323.7,300,75300,15.288111,19371.6,19050.0,19100,ATM-6,CALL,19400,2023-11-07
2023-11-07 13:07:00+05:30,323.7,323.85,323.7,323.85,50,75300,0.0,19369.1,19050.0,19100,ATM-6,CALL,19400,2023-11-07
2023-11-07 13:08:00+05:30,323.85,323.85,323.85,323.85,0,75300,0.0,19368.05,19050.0,19100,ATM-6,CALL,19400,2023-11-07
2023-11-07 13:09:00+05:30,323.85,323.85,321.0,321.6,100,75300,0.0,19367.5,19050.0,19100,ATM-6,CALL,19400,2023-11-07
2023-11-07 13:10:00+05:30,321.6,321.6,321.6,321.6,0,75300,0.0,19365.7,19050.0,19100,ATM-6,CALL,19400,2023-11-07
2023-11-07 13:11:00+05:30,321.6,321.6,321.6,321.6,0,75300,0.0,19368.85,19050.0,19100,ATM-6,CALL,19400,2023-11-07
2023-11-07 13:12:00+05:30,321.6,321.6,321.6,321.6,0,75300,0.0,19363.5,19050.0,19100,ATM-6,CALL,19400,2023-11-07
2023-11-07 13:13:00+05:30,321.6,321.6,312.4,314.75,150,75300,0.0,19363.5,19050.0,19100,ATM-6,CALL,19400,2023-11-07
2023-11-07 13:14:00+05:30,316.2,319.15,316.2,319.15,250,75300,0.0,19366.8,19050.0,19100,ATM-6,CALL,19400,2023-11-07
2023-11-07 13:15:00+05:30,319.15,319.15,319.15,319.15,0,75300,0.0,19366.3,19050.0,19100,ATM-6,CALL,19400,2023-11-07
2023-11-07 13:16:00+05:30,319.15,319.15,319.15,319.15,0,75300,0.0,19367.25,19050.0,19100,ATM-6,CALL,19400,2023-11-07
2023-11-07 13:17:00+05:30,319.15,320.2,317.75,317.75,100,75250,0.0,19365.85,19050.0,19100,ATM-6,CALL,19400,2023-11-07
2023-11-07 13:18:00+05:30,317.75,317.75,317.75,317.75,0,75250,0.0,19362.05,19050.0,19100,ATM-6,CALL,19400,2023-11-07
2023-11-07 13:19:00+05:30,317.75,317.75,314.2,314.2,350,75250,0.0,19362.15,19050.0,19100,ATM-6,CALL,19400,2023-11-07
2023-11-07 13:20:00+05:30,314.2,314.2,313.8,313.8,50,75250,0.0,19359.95,19050.0,19100,ATM-6,CALL,19400,2023-11-07
2023-11-07 13:21:00+05:30,313.8,313.8,308.15,308.4,550,74950,0.0,19357.65,19050.0,19100,ATM-6,CALL,19400,2023-11-07
2023-11-07 13:22:00+05:30,312.2,314.0,312.2,314.0,100,74950,0.0,19359.95,19050.0,19100,ATM-6,CALL,19400,2023-11-07
2023-11-07 13:23:00+05:30,314.0,318.1,314.0,318.1,400,74950,0.0,19361.65,19050.0,19100,ATM-6,CALL,19400,2023-11-07
2023-11-07 13:24:00+05:30,318.1,319.3,317.6,317.6,200,74850,0.0,19361.15,19050.0,19100,ATM-6,CALL,19400,2023-11-07
2023-11-07 13:25:00+05:30,317.6,319.0,316.95,317.65,150,74850,0.0,19364.05,19050.0,19100,ATM-6,CALL,19400,2023-11-07
2023-11-07 13:26:00+05:30,320.0,322.0,320.0,321.45,650,74850,0.0,19363.55,19050.0,19100,ATM-6,CALL,19400,2023-11-07
2023-11-07 13:27:00+05:30,321.45,321.45,316.75,316.75,50,74950,0.0,19358.65,19050.0,19100,ATM-6,CALL,19400,2023-11-07
2023-11-07 13:28:00+05:30,316.75,317.8,316.75,317.0,150,74950,0.0,19357.65,19050.0,19100,ATM-6,CALL,19400,2023-11-07
2023-11-07 13:29:00+05:30,317.0,317.3,316.35,317.3,100,74950,10.536088,19355.35,19050.0,19100,ATM-6,CALL,19400,2023-11-07
2023-11-07 13:30:00+05:30,317.3,317.3,317.3,317.3,0,74950,10.536088,19356.3,19050.0,19100,ATM-6,CALL,19400,2023-11-07
2023-11-07 13:31:00+05:30,317.3,317.3,315.7,315.7,400,74950,7.143365,19354.8,19050.0,19100,ATM-6,CALL,19400,2023-11-07
2023-11-07 13:32:00+05:30,315.7,323.6,315.7,323.6,300,74950,10.733713,19361.65,19050.0,19100,ATM-6,CALL,19400,2023-11-07
2023-11-07 13:33:00+05:30,323.6,325.0,323.6,325.0,200,74950,0.0,19364.5,19050.0,19100,ATM-6,CALL,19400,2023-11-07
2023-11-07 13:34:00+05:30,325.0,333.75,325.0,333.75,1150,74950,12.158932,19370.85,19050.0,19100,ATM-6,CALL,19400,2023-11-07
2023-11-07 13:35:00+05:30,333.85,334.45,328.75,331.35,1700,74950,0.0,19372.5,19050.0,19100,ATM-6,CALL,19400,2023-11-07
2023-11-07 13:36:00+05:30,331.35,332.0,328.0,328.0,450,74650,0.0,19370.1,19050.0,19100,ATM-6,CALL,19400,2023-11-07
2023-11-07 13:37:00+05:30,328.0,328.0,324.9,326.35,850,74650,0.0,19368.3,19050.0,19100,ATM-6,CALL,19400,2023-11-07
2023-11-07 13:38:00+05:30,326.35,326.35,326.35,326.35,0,74650,0.0,19368.35,19050.0,19100,ATM-6,CALL,19400,2023-11-07
2023-11-07 13:39:00+05:30,326.35,331.95,326.35,330.85,350,74200,10.986413,19368.9,19050.0,19100,ATM-6,CALL,19400,2023-11-07
2023-11-07 13:40:00+05:30,330.85,337.9,330.85,337.9,150,74200,13.860258,19373.05,19050.0,19100,ATM-6,CALL,19400,2023-11-07
2023-11-07 13:41:00+05:30,337.3,337.3,332.25,335.65,150,74200,10.824025,19373.9,19050.0,19100,ATM-6,CALL,19400,2023-11-07
2023-11-07 13:42:00+05:30,335.65,335.65,335.1,335.1,50,74050,0.0,19374.75,19050.0,19100,ATM-6,CALL,19400,2023-11-07
2023-11-07 13:43:00+05:30,335.1,335.5,333.75,334.95,400,74050,0.0,19374.35,19050.0,19100,ATM-6,CALL,19400,2023-11-07
2023-11-07 13:44:00+05:30,334.95,334.95,334.0,334.0,50,74050,9.068947,19372.95,19050.0,19100,ATM-6,CALL,19400,2023-11-07
2023-11-07 13:45:00+05:30,334.0,334.25,334.0,334.25,200,74050,10.897505,19372.45,19050.0,19100,ATM-6,CALL,19400,2023-11-07
2023-11-07 13:46:00+05:30,334.25,334.25,331.7,331.7,50,74050,11.331558,19369.55,19050.0,19100,ATM-6,CALL,19400,2023-11-07
2023-11-07 13:47:00+05:30,331.7,331.7,328.35,328.35,50,74050,0.0,19372.45,19050.0,19100,ATM-6,CALL,19400,2023-11-07
2023-11-07 13:48:00+05:30,328.35,334.25,328.35,334.25,300,74000,9.510705,19373.1,19050.0,19100,ATM-6,CALL,19400,2023-11-07
2023-11-07 13:49:00+05:30,334.25,334.25,333.9,333.9,50,74000,0.0,19373.55,19050.0,19100,ATM-6,CALL,19400,2023-11-07
2023-11-07 13:50:00+05:30,287.3,295.5,287.3,293.8,12500,850750,13.2126,19377.45,19100.0,19100,ATM-6,CALL,19400,2023-11-07
2023-11-07 13:51:00+05:30,293.8,299.75,293.35,298.85,9150,845800,11.267503,19385.8,19100.0,19100,ATM-6,CALL,19400,2023-11-07
2023-11-07 13:52:00+05:30,298.85,305.4,298.65,300.3,11850,845800,10.793708,19387.8,19100.0,19100,ATM-6,CALL,19400,2023-11-07
2023-11-07 13:53:00+05:30,300.0,305.05,300.0,302.75,10900,845800,0.0,19392.3,19100.0,19100,ATM-6,CALL,19400,2023-11-07
2023-11-07 13:54:00+05:30,303.35,305.9,301.95,305.0,4850,833850,0.0,19395.4,19100.0,19100,ATM-6,CALL,19400,2023-11-07
2023-11-07 13:55:00+05:30,303.55,310.35,303.55,307.0,7350,833850,10.215784,19395.15,19100.0,19100,ATM-6,CALL,19400,2023-11-07
2023-11-07 13:56:00+05:30,308.1,317.25,308.1,315.8,15100,833850,13.710632,19400.0,19100.0,19100,ATM-6,CALL,19400,2023-11-07
2023-11-07 13:57:00+05:30,314.95,317.0,310.55,313.15,4650,833950,13.893019,19396.85,19100.0,19100,ATM-6,CALL,19400,2023-11-07
2023-11-07 13:58:00+05:30,312.25,315.0,309.65,314.4,5350,833950,14.295571,19397.4,19100.0,19100,ATM-6,CALL,19400,2023-11-07
2023-11-07 13:59:00+05:30,315.55,315.55,310.25,310.9,2450,833950,14.224061,19393.8,19100.0,19100,ATM-6,CALL,19400,2023-11-07
2023-11-07 14:00:00+05:30,310.0,312.5,309.15,312.3,2500,832500,14.030485,19395.7,19100.0,19100,ATM-6,CALL,19400,2023-11-07
2023-11-07 14:01:00+05:30,312.3,315.0,312.3,313.95,1700,832500,13.234145,19398.9,19100.0,19100,ATM-6,CALL,19400,2023-11-07
2023-11-07 14:02:00+05:30,313.95,316.55,312.75,315.75,1950,832500,15.411704,19396.4,19100.0,19100,ATM-6,CALL,19400,2023-11-07
2023-11-07 14:03:00+05:30,315.0,321.0,315.0,320.7,7300,831700,15.943277,19400.5,19100.0,19100,ATM-6,CALL,19400,2023-11-07
2023-11-07 14:04:00+05:30,320.7,329.1,320.7,327.8,9350,831700,17.095192,19405.25,19100.0,19100,ATM-6,CALL,19400,2023-11-07
2023-11-07 14:05:00+05:30,327.8,328.3,321.95,325.25,5700,831700,15.777351,19405.9,19100.0,19100,ATM-6,CALL,19400,2023-11-07
2023-11-07 14:06:00+05:30,325.0,325.0,321.3,322.65,2250,827050,15.051453,19404.75,19100.0,19100,ATM-6,CALL,19400,2023-11-07
2023-11-07 14:07:00+05:30,322.65,325.3,321.75,321.75,3200,827050,14.154764,19405.6,19100.0,19100,ATM-6,CALL,19400,2023-11-07
2023-11-07 14:08:00+05:30,321.75,321.75,316.3,316.3,7000,827050,13.061041,19401.7,19100.0,19100,ATM-6,CALL,19400,2023-11-07
2023-11-07 14:09:00+05:30,316.3,316.5,310.25,310.25,7100,829300,11.186727,19397.75,19100.0,19100,ATM-6,CALL,19400,2023-11-07
2023-11-07 14:10:00+05:30,311.85,318.0,311.4,316.85,1800,829300,15.884784,19396.5,19100.0,19100,ATM-6,CALL,19400,2023-11-07
2023-11-07 14:11:00+05:30,316.85,317.7,313.8,317.55,2250,829300,16.200728,19396.45,19100.0,19100,ATM-6,CALL,19400,2023-11-07
2023-11-07 14:12:00+05:30,317.55,321.7,317.5,318.1,2550,825450,14.631438,19400.8,19100.0,19100,ATM-6,CALL,19400,2023-11-07
2023-11-07 14:13:00+05:30,318.1,320.9,315.8,315.8,2250,825450,14.157344,19399.3,19100.0,19100,ATM-6,CALL,19400,2023-11-07
2023-11-07 14:14:00+05:30,315.8,321.0,315.8,321.0,1350,825450,15.860772,19401.15,19100.0,19100,ATM-6,CALL,19400,2023-11-07
2023-11-07 14:15:00+05:30,321.0,321.4,318.0,318.0,2400,825750,14.759036,19400.45,19100.0,19100,ATM-6,CALL,19400,2023-11-07
2023-11-07 14:16:00+05:30,318.0,322.2,316.45,322.2,2450,825750,15.689022,19402.9,19100.0,19100,ATM-6,CALL,19400,2023-11-07
2023-11-07 14:17:00+05:30,322.2,324.6,321.15,322.5,5900,825750,16.108505,19402.2,19100.0,19100,ATM-6,CALL,19400,2023-11-07
2023-11-07 14:18:00+05:30,322.5,323.55,320.0,320.0,2950,826400,16.435137,19398.6,19100.0,19100,ATM-6,CALL,19400,2023-11-07
2023-11-07 14:19:00+05:30,320.0,323.35,319.8,320.8,3700,826400,16.032728,19400.55,19100.0,19100,ATM-6,CALL,19400,2023-11-07
2023-11-07 14:20:00+05:30,320.8,326.65,320.7,320.7,6100,826400,16.562142,19399.05,19100.0,19100,ATM-6,CALL,19400,2023-11-07
2023-11-07 14:21:00+05:30,320.7,323.2,320.7,322.4,700,826450,16.883913,19400.05,19100.0,19100,ATM-6,CALL,19400,2023-11-07
2023-11-07 14:22:00+05:30,322.4,322.75,320.7,320.7,350,826450,17.030292,19397.75,19100.0,19100,ATM-6,CALL,19400,2023-11-07
2023-11-07 14:23:00+05:30,320.7,320.7,313.85,315.65,5500,826450,16.468,19393.75,19100.0,19100,ATM-6,CALL,19400,2023-11-07
2023-11-07 14:24:00+05:30,315.45,318.3,313.65,315.25,2050,827600,17.570882,19390.0,19100.0,19100,ATM-6,CALL,19400,2023-11-07
2023-11-07 14:25:00+05:30,315.25,316.05,311.35,316.05,3250,827600,18.064029,19389.3,19100.0,19100,ATM-6,CALL,19400,2023-11-07
2023-11-07 14:26:00+05:30,315.95,319.65,314.9,319.65,2400,827600,18.482895,19392.0,19100.0,19100,ATM-6,CALL,19400,2023-11-07
2023-11-07 14:27:00+05:30,319.65,319.65,318.0,318.45,3050,827400,18.157306,19391.75,19100.0,19100,ATM-6,CALL,19400,2023-11-07
2023-11-07 14:28:00+05:30,318.45,318.45,311.85,312.6,1650,827400,17.858456,19386.1,19100.0,19100,ATM-6,CALL,19400,2023-11-07
2023-11-07 14:29:00+05:30,312.6,316.1,312.6,314.3,1400,827400,17.737303,19388.45,19100.0,19100,ATM-6,CALL,19400,2023-11-07
2023-11-07 14:30:00+05:30,315.85,318.45,314.0,317.25,3650,829500,17.34289,19393.05,19100.0,19100,ATM-6,CALL,19400,2023-11-07
2023-11-07 14:31:00+05:30,317.25,320.3,315.95,320.0,2150,829500,17.715244,19395.0,19100.0,19100,ATM-6,CALL,19400,2023-11-07
2023-11-07 14:32:00+05:30,320.0,322.0,317.3,317.3,1500,829500,18.322025,19389.95,19100.0,19100,ATM-6,CALL,19400,2023-11-07
2023-11-07 14:33:00+05:30,317.3,317.45,314.3,317.45,3800,828250,17.94492,19391.4,19100.0,19100,ATM-6,CALL,19400,2023-11-07
2023-11-07 14:34:00+05:30,317.45,317.45,314.35,315.15,900,828250,17.989391,19388.65,19100.0,19100,ATM-6,CALL,19400,2023-11-07
2023-11-07 14:35:00+05:30,315.15,316.1,314.45,316.1,1300,828250,17.525315,19391.25,19100.0,19100,ATM-6,CALL,19400,2023-11-07
2023-11-07 14:36:00+05:30,316.1,316.1,315.45,315.45,200,825800,17.889775,19389.35,19100.0,19100,ATM-6,CALL,19400,2023-11-07
2023-11-07 14:37:00+05:30,315.45,315.45,313.0,313.2,850,825800,17.77035,19387.2,19100.0,19100,ATM-6,CALL,19400,2023-11-07
2023-11-07 14:38:00+05:30,313.2,313.2,304.0,306.0,5800,825800,17.201605,19380.9,19100.0,19100,ATM-6,CALL,19400,2023-11-07
2023-11-07 14:39:00+05:30,305.35,312.0,305.35,310.5,5050,825050,18.585774,19381.3,19100.0,19100,ATM-6,CALL,19400,2023-11-07
2023-11-07 14:40:00+05:30,310.5,312.7,308.4,310.15,850,825050,17.610742,19384.3,19100.0,19100,ATM-6,CALL,19400,2023-11-07
2023-11-07 14:41:00+05:30,310.15,310.3,307.0,307.0,4450,825050,17.377849,19381.5,19100.0,19100,ATM-6,CALL,19400,2023-11-07
2023-11-07 14:42:00+05:30,307.0,308.45,305.0,308.45,1500,826250,17.7722,19381.85,19100.0,19100,ATM-6,CALL,19400,2023-11-07
2023-11-07 14:43:00+05:30,308.5,314.55,308.5,310.4,2100,826250,17.372006,19385.4,19100.0,19100,ATM-6,CALL,19400,2023-11-07
2023-11-07 14:44:00+05:30,310.4,310.8,308.0,309.1,550,826250,17.673847,19382.95,19100.0,19100,ATM-6,CALL,19400,2023-11-07
2023-11-07 14:45:00+05:30,309.1,309.45,307.05,309.45,2550,825400,17.587044,19383.65,19100.0,19100,ATM-6,CALL,19400,2023-11-07
2023-11-07 14:46:00+05:30,309.45,312.8,309.45,312.8,3750,825400,17.591932,19387.45,19100.0,19100,ATM-6,CALL,19400,2023-11-07
2023-11-07 14:47:00+05:30,311.75,311.85,310.45,311.15,3000,825400,18.03833,19384.1,19100.0,19100,ATM-6,CALL,19400,2023-11-07
2023-11-07 14:48:00+05:30,311.15,315.05,309.1,313.6,3150,826150,17.602132,19388.35,19100.0,19100,ATM-6,CALL,19400,2023-11-07
2023-11-07 14:49:00+05:30,313.35,318.2,313.25,315.6,4400,826150,17.578689,19390.7,19100.0,19100,ATM-6,CALL,19400,2023-11-07
2023-11-07 14:50:00+05:30,315.05,317.6,314.85,314.9,1500,826150,17.150319,19391.25,19100.0,19100,ATM-6,CALL,19400,2023-11-07
2023-11-07 14:51:00+05:30,314.9,319.85,314.9,317.45,4950,822300,16.305584,19396.5,19100.0,19100,ATM-6,CALL,19400,2023-11-07
2023-11-07 14:52:00+05:30,317.8,321.35,317.75,318.3,5800,822300,15.244601,19400.05,19100.0,19100,ATM-6,CALL,19400,2023-11-07
2023-11-07 14:53:00+05:30,320.9,321.85,320.0,321.0,1950,822300,16.710998,19399.35,19100.0,19100,ATM-6,CALL,19400,2023-11-07
2023-11-07 14:54:00+05:30,322.0,322.0,317.45,317.75,2900,821750,16.767255,19395.6,19100.0,19100,ATM-6,CALL,19400,2023-11-07
2023-11-07 14:55:00+05:30,317.75,320.4,317.75,319.6,2050,821750,16.7909,19397.6,19100.0,19100,ATM-6,CALL,19400,2023-11-07
2023-11-07 14:56:00+05:30,319.6,322.4,319.6,320.0,2100,821750,16.500163,19398.85,19100.0,19100,ATM-6,CALL,19400,2023-11-07
2023-11-07 14:57:00+05:30,320.0,324.7,319.45,320.75,2850,822700,16.325061,19400.15,19100.0,19100,ATM-6,CALL,19400,2023-11-07
2023-11-07 14:58:00+05:30,320.75,322.6,320.55,320.55,1350,822700,15.84454,19401.15,19100.0,19100,ATM-6,CALL,19400,2023-11-07
2023-11-07 14:59:00+05:30,320.55,323.85,320.0,320.0,3250,822700,16.437715,19399.05,19100.0,19100,ATM-6,CALL,19400,2023-11-07
2023-11-07 15:00:00+05:30,320.0,329.35,320.0,321.2,8550,821100,13.863625,19405.95,19100.0,19100,ATM-6,CALL,19400,2023-11-07
2023-11-07 15:01:00+05:30,320.35,321.3,311.05,317.3,5800,821100,14.181385,19401.25,19100.0,19100,ATM-6,CALL,19400,2023-11-07
2023-11-07 15:02:00+05:30,317.3,322.35,317.3,317.65,3450,821100,13.979601,19402.0,19100.0,19100,ATM-6,CALL,19400,2023-11-07
2023-11-07 15:03:00+05:30,317.65,320.5,316.85,320.5,3400,818850,14.640422,19403.8,19100.0,19100,ATM-6,CALL,19400,2023-11-07
2023-11-07 15:04:00+05:30,320.5,324.45,320.0,321.1,39850,818850,14.354694,19405.0,19100.0,19100,ATM-6,CALL,19400,2023-11-07
2023-11-07 15:05:00+05:30,321.1,324.0,321.0,323.9,7000,818850,13.54501,19409.35,19100.0,19100,ATM-6,CALL,19400,2023-11-07
2023-11-07 15:06:00+05:30,323.5,324.55,321.2,323.05,3800,847500,12.535726,19409.85,19100.0,19100,ATM-6,CALL,19400,2023-11-07
2023-11-07 15:07:00+05:30,323.05,323.05,314.25,315.5,3150,847500,11.67262,19403.0,19100.0,19100,ATM-6,CALL,19400,2023-11-07
2023-11-07 15:08:00+05:30,315.95,315.95,310.1,313.0,5150,847500,12.425193,19399.55,19100.0,19100,ATM-6,CALL,19400,2023-11-07
2023-11-07 15:09:00+05:30,313.0,314.0,309.15,310.45,12300,844800,11.625673,19397.85,19100.0,19100,ATM-6,CALL,19400,2023-11-07
2023-11-07 15:10:00+05:30,310.45,312.7,309.6,310.3,8600,844800,10.93521,19398.35,19100.0,19100,ATM-6,CALL,19400,2023-11-07
2023-11-07 15:11:00+05:30,310.3,312.0,309.75,310.0,1100,844800,10.932629,19398.05,19100.0,19100,ATM-6,CALL,19400,2023-11-07
2023-11-07 15:12:00+05:30,310.0,311.2,310.0,310.0,2550,843050,10.878088,19398.1,19100.0,19100,ATM-6,CALL,19400,2023-11-07
2023-11-07 15:13:00+05:30,309.0,309.05,304.05,305.0,8850,843050,8.456149,19394.25,19100.0,19100,ATM-6,CALL,19400,2023-11-07
2023-11-07 15:14:00+05:30,304.65,309.45,304.65,309.3,39850,843050,9.903506,19398.05,19100.0,19100,ATM-6,CALL,19400,2023-11-07
2023-11-07 15:15:00+05:30,309.0,315.7,308.4,315.5,17150,807600,13.64738,19400.4,19100.0,19100,ATM-6,CALL,19400,2023-11-07
2023-11-07 15:16:00+05:30,316.55,318.8,315.6,317.4,4000,807600,13.535365,19402.6,19100.0,19100,ATM-6,CALL,19400,2023-11-07
2023-11-07 15:17:00+05:30,317.4,321.3,317.4,320.1,4950,807600,12.330632,19407.1,19100.0,19100,ATM-6,CALL,19400,2023-11-07
2023-11-07 15:18:00+05:30,320.1,322.0,318.4,320.0,11750,801850,9.421643,19409.1,19100.0,19100,ATM-6,CALL,19400,2023-11-07
2023-11-07 15:19:00+05:30,321.0,321.4,320.0,321.05,2600,801850,0.0,19411.5,19100.0,19100,ATM-6,CALL,19400,2023-11-07
2023-11-07 15:20:00+05:30,321.0,326.15,320.95,323.2,3350,801850,0.0,19412.95,19100.0,19100,ATM-6,CALL,19400,2023-11-07
2023-11-07 15:21:00+05:30,323.2,325.45,323.2,324.65,10200,803450,0.0,19415.95,19100.0,19100,ATM-6,CALL,19400,2023-11-07
2023-11-07 15:22:00+05:30,324.65,325.7,322.0,324.0,18350,803450,0.0,19415.25,19100.0,19100,ATM-6,CALL,19400,2023-11-07
2023-11-07 15:23:00+05:30,324.25,326.0,322.3,325.8,4750,803450,0.0,19416.85,19100.0,19100,ATM-6,CALL,19400,2023-11-07
2023-11-07 15:24:00+05:30,325.4,326.45,323.2,324.75,4100,811500,0.0,19417.75,19100.0,19100,ATM-6,CALL,19400,2023-11-07
2023-11-07 15:25:00+05:30,323.9,323.9,320.35,321.45,7050,811500,0.0,19416.9,19100.0,19100,ATM-6,CALL,19400,2023-11-07
2023-11-07 15:26:00+05:30,321.45,321.9,320.3,320.3,7450,811500,0.0,19418.65,19100.0,19100,ATM-6,CALL,19400,2023-11-07
2023-11-07 15:27:00+05:30,320.3,323.15,320.3,322.35,11200,814900,0.0,19416.75,19100.0,19100,ATM-6,CALL,19400,2023-11-07
2023-11-07 15:28:00+05:30,322.35,322.35,319.65,320.1,9200,814900,0.0,19411.7,19100.0,19100,ATM-6,CALL,19400,2023-11-07
2023-11-07 15:29:00+05:30,320.1,321.7,319.7,321.7,4350,814900,0.0,19417.2,19100.0,19100,ATM-6,CALL,19400,2023-11-07
2023-11-07 09:15:00+05:30,11.8,11.8,6.1,7.25,1146350,6448800,10.797701,19369.7,19600.0,19650,ATM+5,CALL,19400,2023-11-07
2023-11-07 09:16:00+05:30,7.15,7.15,6.25,6.8,857400,6448800,11.170879,19354.55,19600.0,19650,ATM+5,CALL,19400,2023-11-07
2023-11-07 09:17:00+05:30,6.8,7.3,6.35,7.2,683650,6304800,11.21415,19357.9,19600.0,19650,ATM+5,CALL,19400,2023-11-07
2023-11-07 09:18:00+05:30,7.25,7.65,7.05,7.5,834200,6304800,11.152957,19362.85,19600.0,19650,ATM+5,CALL,19400,2023-11-07
2023-11-07 09:19:00+05:30,7.5,7.9,7.35,7.65,684750,6304800,11.14451,19364.7,19600.0,19650,ATM+5,CALL,19400,2023-11-07
2023-11-07 09:20:00+05:30,7.7,8.8,7.65,8.7,865950,6164200,11.189527,19373.9,19600.0,19650,ATM+5,CALL,19400,2023-11-07
2023-11-07 09:21:00+05:30,8.75,9.1,8.0,8.25,967750,6164200,11.153426,19370.6,19600.0,19650,ATM+5,CALL,19400,2023-11-07
2023-11-07 09:22:00+05:30,4.95,5.25,4.85,5.15,253800,3380600,11.425367,19375.3,19650.0,19650,ATM+5,CALL,19400,2023-11-07
2023-11-07 09:23:00+05:30,5.15,5.35,5.0,5.3,136950,3443000,11.331348,19380.3,19650.0,19650,ATM+5,CALL,19400,2023-11-07
2023-11-07 09:24:00+05:30,5.35,5.45,5.3,5.4,163500,3443000,11.320284,19382.1,19650.0,19650,ATM+5,CALL,19400,2023-11-07
2023-11-07 09:25:00+05:30,5.4,5.5,5.15,5.35,178200,3443000,11.32359,19381.35,19650.0,19650,ATM+5,CALL,19400,2023-11-07
2023-11-07 09:26:00+05:30,9.1,9.15,8.15,8.4,571600,6403700,11.073834,19374.4,19600.0,19650,ATM+5,CALL,19400,2023-11-07
2023-11-07 09:27:00+05:30,4.95,5.0,4.7,5.0,172600,3518150,11.338487,19375.9,19650.0,19650,ATM+5,CALL,19400,2023-11-07
2023-11-07 09:28:00+05:30,8.55,8.55,8.15,8.25,258500,6403700,11.070205,19373.15,19600.0,19650,ATM+5,CALL,19400,2023-11-07
2023-11-07 09:29:00+05:30,8.25,8.25,7.85,8.05,344650,6482500,11.107422,19370.25,19600.0,19650,ATM+5,CALL,19400,2023-11-07
2023-11-07 09:30:00+05:30,8.0,8.15,7.4,7.5,481400,6482500,10.97912,19368.15,19600.0,19650,ATM+5,CALL,19400,2023-11-07
2023-11-07 09:31:00+05:30,7.5,7.8,7.4,7.7,307000,6482500,10.938449,19371.35,19600.0,19650,ATM+5,CALL,19400,2023-11-07
2023-11-07 09:32:00+05:30,7.7,8.1,7.7,7.85,288900,6477000,10.950079,19372.6,19600.0,19650,ATM+5,CALL,19400,2023-11-07
2023-11-07 09:33:00+05:30,7.75,8.05,7.75,8.0,183050,6477000,11.009791,19372.55,19600.0,19650,ATM+5,CALL,19400,2023-11-07
2023-11-07 09:34:00+05:30,7.95,7.95,7.55,7.65,267200,6477000,11.085049,19367.05,19600.0,19650,ATM+5,CALL,19400,2023-11-07
2023-11-07 09:35:00+05:30,7.65,7.65,7.25,7.45,330800,6494450,11.041141,19366.2,19600.0,19650,ATM+5,CALL,19400,2023-11-07
2023-11-07 09:36:00+05:30,7.5,7.7,7.35,7.7,143250,6494450,11.120944,19366.7,19600.0,19650,ATM+5,CALL,19400,2023-11-07
2023-11-07 09:37:00+05:30,7.65,8.0,7.5,7.75,182350,6494450,11.072939,19368.55,19600.0,19650,ATM+5,CALL,19400,2023-11-07
2023-11-07 09:38:00+05:30,7.7,7.8,7.4,7.45,135100,6531950,11.124362,19364.1,19600.0,19650,ATM+5,CALL,19400,2023-11-07
2023-11-07 09:39:00+05:30,7.45,7.55,7.25,7.4,303300,6531950,11.23576,19360.6,19600.0,19650,ATM+5,CALL,19400,2023-11-07
2023-11-07 09:40:00+05:30,7.3,7.45,7.25,7.45,185250,6531950,11.205683,19362.0,19600.0,19650,ATM+5,CALL,19400,2023-11-07
2023-11-07 09:41:00+05:30,7.45,7.95,7.45,7.7,281600,6565100,11.247448,19363.55,19600.0,19650,ATM+5,CALL,19400,2023-11-07
2023-11-07 09:42:00+05:30,7.65,7.9,7.55,7.8,132100,6565100,11.308289,19363.0,19600.0,19650,ATM+5,CALL,19400,2023-11-07
2023-11-07 09:43:00+05:30,7.75,7.85,7.6,7.8,173500,6565100,11.230038,19365.15,19600.0,19650,ATM+5,CALL,19400,2023-11-07
2023-11-07 09:44:00+05:30,7.85,7.85,7.6,7.65,188000,6630050,11.124059,19366.5,19600.0,19650,ATM+5,CALL,19400,2023-11-07
2023-11-07 09:45:00+05:30,7.65,8.0,7.4,7.65,368650,6630050,11.127782,19366.45,19600.0,19650,ATM+5,CALL,19400,2023-11-07
2023-11-07 09:46:00+05:30,7.7,7.7,7.4,7.5,179000,6630050,11.212491,19362.65,19600.0,19650,ATM+5,CALL,19400,2023-11-07
2023-11-07 09:47:00+05:30,7.55,7.55,7.15,7.15,264150,6687700,11.332437,19355.65,19600.0,19650,ATM+5,CALL,19400,2023-11-07
2023-11-07 09:48:00+05:30,7.1,7.45,7.05,7.3,210850,6687700,11.277369,19358.85,19600.0,19650,ATM+5,CALL,19400,2023-11-07
2023-11-07 09:49:00+05:30,7.3,7.5,7.25,7.5,207600,6687700,11.182924,19363.6,19600.0,19650,ATM+5,CALL,19400,2023-11-07
2023-11-07 09:50:00+05:30,7.45,7.5,7.2,7.2,141300,6715150,11.220853,19359.4,19600.0,19650,ATM+5,CALL,19400,2023-11-07
2023-11-07 09:51:00+05:30,7.15,7.5,7.05,7.35,194650,6715150,11.157297,19362.8,19600.0,19650,ATM+5,CALL,19400,2023-11-07
2023-11-07 09:52:00+05:30,7.35,7.45,7.3,7.4,129700,6715150,11.149314,19363.6,19600.0,19650,ATM+5,CALL,19400,2023-11-07
2023-11-07 09:53:00+05:30,7.4,7.45,7.25,7.3,147850,6717200,11.167058,19362.1,19600.0,19650,ATM+5,CALL,19400,2023-11-07
2023-11-07 09:54:00+05:30,7.35,7.45,7.25,7.35,144700,6717200,11.124098,19363.85,19600.0,19650,ATM+5,CALL,19400,2023-11-07
2023-11-07 09:55:00+05:30,7.35,7.85,7.3,7.35,400500,6717200,10.935197,19369.0,19600.0,19650,ATM+5,CALL,19400,2023-11-07
2023-11-07 09:56:00+05:30,7.3,7.35,7.1,7.2,277300,6756400,11.101502,19362.95,19600.0,19650,ATM+5,CALL,19400,2023-11-07
2023-11-07 09:57:00+05:30,7.3,7.35,7.1,7.25,211250,6756400,11.178601,19361.45,19600.0,19650,ATM+5,CALL,19400,2023-11-07
2023-11-07 09:58:00+05:30,7.25,7.25,6.75,7.0,381100,6756400,11.275568,19356.1,19600.0,19650,ATM+5,CALL,19400,2023-11-07
2023-11-07 09:59:00+05:30,7.0,7.25,6.9,7.1,359050,6799350,11.246924,19358.05,19600.0,19650,ATM+5,CALL,19400,2023-11-07
2023-11-07 10:00:00+05:30,7.1,7.1,6.85,6.95,171250,6799350,11.26244,19356.0,19600.0,19650,ATM+5,CALL,19400,2023-11-07
2023-11-07 10:01:00+05:30,6.95,7.15,6.95,7.05,137000,6799350,11.10752,19361.4,19600.0,19650,ATM+5,CALL,19400,2023-11-07
2023-11-07 10:02:00+05:30,7.0,7.1,6.8,6.85,203250,6880350,11.213948,19356.3,19600.0,19650,ATM+5,CALL,19400,2023-11-07
2023-11-07 10:03:00+05:30,6.8,6.8,6.45,6.55,393150,6880350,11.202152,19353.2,19600.0,19650,ATM+5,CALL,19400,2023-11-07
2023-11-07 10:04:00+05:30,6.55,6.55,6.25,6.5,310000,6880350,11.270973,19350.75,19600.0,19650,ATM+5,CALL,19400,2023-11-07
2023-11-07 10:05:00+05:30,6.55,6.65,6.35,6.55,204400,6835000,11.306945,19350.4,19600.0,19650,ATM+5,CALL,19400,2023-11-07
2023-11-07 10:06:00+05:30,6.55,6.6,6.3,6.55,146000,6835000,11.254729,19351.9,19600.0,19650,ATM+5,CALL,19400,2023-11-07
2023-11-07 10:07:00+05:30,6.6,6.65,6.5,6.5,108000,6835000,11.285653,19350.5,19600.0,19650,ATM+5,CALL,19400,2023-11-07
2023-11-07 10:08:00+05:30,6.5,6.8,6.45,6.65,187250,6848200,11.177951,19355.3,19600.0,19650,ATM+5,CALL,19400,2023-11-07
2023-11-07 10:09:00+05:30,6.6,6.7,6.4,6.65,132850,6848200,11.09635,19357.6,19600.0,19650,ATM+5,CALL,19400,2023-11-07
2023-11-07 10:10:00+05:30,6.7,6.75,6.55,6.65,160150,6848200,11.100033,19357.55,19600.0,19650,ATM+5,CALL,19400,2023-11-07
2023-11-07 10:11:00+05:30,6.65,6.7,6.55,6.65,106350,6893750,11.049196,19359.0,19600.0,19650,ATM+5,CALL,19400,2023-11-07
2023-11-07 10:12:00+05:30,6.6,6.7,6.6,6.7,156950,6893750,11.002728,19360.9,19600.0,19650,ATM+5,CALL,19400,2023-11-07
2023-11-07 10:13:00+05:30,6.65,6.9,6.6,6.9,187950,6893750,10.962454,19364.3,19600.0,19650,ATM+5,CALL,19400,2023-11-07
2023-11-07 10:14:00+05:30,6.75,6.95,6.7,6.9,153850,6919950,10.894488,19366.2,19600.0,19650,ATM+5,CALL,19400,2023-11-07
2023-11-07 10:15:00+05:30,6.85,7.0,6.75,6.9,174800,6919950,10.955135,19364.6,19600.0,19650,ATM+5,CALL,19400,2023-11-07
2023-11-07 10:16:00+05:30,6.95,7.2,6.9,7.05,164550,6919950,10.986398,19365.45,19600.0,19650,ATM+5,CALL,19400,2023-11-07
2023-11-07 10:17:00+05:30,7.05,7.05,6.8,6.85,258050,6931800,11.006303,19362.75,19600.0,19650,ATM+5,CALL,19400,2023-11-07
2023-11-07 10:18:00+05:30,6.85,7.1,6.85,7.0,201150,6931800,11.025212,19363.95,19600.0,19650,ATM+5,CALL,19400,2023-11-07
2023-11-07 10:19:00+05:30,6.95,7.3,6.95,7.3,170700,6931800,10.939427,19369.55,19600.0,19650,ATM+5,CALL,19400,2023-11-07
2023-11-07 10:20:00+05:30,7.25,7.65,7.1,7.65,318200,6990000,10.945891,19373.05,19600.0,19650,ATM+5,CALL,19400,2023-11-07
2023-11-07 10:21:00+05:30,7.6,7.8,7.25,7.35,419600,6990000,10.847091,19372.65,19600.0,19650,ATM+5,CALL,19400,2023-11-07
2023-11-07 10:22:00+05:30,7.45,7.6,7.25,7.3,374050,6990000,10.87233,19371.5,19600.0,19650,ATM+5,CALL,19400,2023-11-07
2023-11-07 10:23:00+05:30,7.3,7.3,6.95,6.95,215700,7067450,10.971885,19365.1,19600.0,19650,ATM+5,CALL,19400,2023-11-07
2023-11-07 10:24:00+05:30,6.95,7.15,6.8,6.9,144300,7067450,10.92397,19365.9,19600.0,19650,ATM+5,CALL,19400,2023-11-07
2023-11-07 10:25:00+05:30,6.95,7.4,6.95,7.35,149550,7067450,10.889939,19371.7,19600.0,19650,ATM+5,CALL,19400,2023-11-07
2023-11-07 10:26:00+05:30,7.45,7.55,7.35,7.45,176900,7063650,10.900738,19372.5,19600.0,19650,ATM+5,CALL,19400,2023-11-07
2023-11-07 10:27:00+05:30,7.5,7.55,7.25,7.3,144550,7063650,10.965437,19369.25,19600.0,19650,ATM+5,CALL,19400,2023-11-07
2023-11-07 10:28:00+05:30,7.25,7.5,7.15,7.4,79700,7063650,10.969183,19370.25,19600.0,19650,ATM+5,CALL,19400,2023-11-07
2023-11-07 10:29:00+05:30,7.4,7.45,7.3,7.4,74950,7096950,10.956093,19370.65,19600.0,19650,ATM+5,CALL,19400,2023-11-07
2023-11-07 10:30:00+05:30,7.3,7.4,7.2,7.35,104950,7096950,10.828123,19373.6,19600.0,19650,ATM+5,CALL,19400,2023-11-07
2023-11-07 10:31:00+05:30,4.1,4.2,4.05,4.1,67100,3863650,10.950901,19376.55,19650.0,19650,ATM+5,CALL,19400,2023-11-07
2023-11-07 10:32:00+05:30,4.1,4.2,4.1,4.15,77650,3881950,11.006137,19375.8,19650.0,19650,ATM+5,CALL,19400,2023-11-07
2023-11-07 10:33:00+05:30,7.45,7.65,7.4,7.5,124800,7121050,10.863571,19374.35,19600.0,19650,ATM+5,CALL,19400,2023-11-07
2023-11-07 10:34:00+05:30,4.2,4.2,4.15,4.15,80600,3881950,11.019825,19375.5,19650.0,19650,ATM+5,CALL,19400,2023-11-07
2023-11-07 10:35:00+05:30,4.15,4.55,4.1,4.5,186850,3858200,10.909438,19384.6,19650.0,19650,ATM+5,CALL,19400,2023-11-07
2023-11-07 10:36:00+05:30,4.6,4.65,4.3,4.6,198650,3858200,11.122067,19379.95,19650.0,19650,ATM+5,CALL,19400,2023-11-07
2023-11-07 10:37:00+05:30,4.5,4.5,4.4,4.45,87650,3858200,10.992587,19381.45,19650.0,19650,ATM+5,CALL,19400,2023-11-07
2023-11-07 10:38:00+05:30,4.45,4.45,4.4,4.45,61100,3894400,11.00456,19381.15,19650.0,19650,ATM+5,CALL,19400,2023-11-07
2023-11-07 10:39:00+05:30,4.45,4.65,4.4,4.6,220050,3894400,10.946267,19385.3,19650.0,19650,ATM+5,CALL,19400,2023-11-07
2023-11-07 10:40:00+05:30,4.6,4.75,4.55,4.75,132900,3894400,10.94991,19387.55,19650.0,19650,ATM+5,CALL,19400,2023-11-07
2023-11-07 10:41:00+05:30,4.7,4.9,4.65,4.85,161650,3921350,10.903753,19390.45,19650.0,19650,ATM+5,CALL,19400,2023-11-07
2023-11-07 10:42:00+05:30,4.85,4.85,4.65,4.8,127400,3921350,10.952038,19388.35,19650.0,19650,ATM+5,CALL,19400,2023-11-07
2023-11-07 10:43:00+05:30,4.8,4.8,4.65,4.7,130200,3921350,10.929515,19387.55,19650.0,19650,ATM+5,CALL,19400,2023-11-07
2023-11-07 10:44:00+05:30,4.7,5.0,4.65,5.0,92450,3945900,10.895312,19393.05,19650.0,19650,ATM+5,CALL,19400,2023-11-07
2023-11-07 10:45:00+05:30,4.95,5.2,4.95,5.0,315350,3945900,10.900616,19392.95,19650.0,19650,ATM+5,CALL,19400,2023-11-07
2023-11-07 10:46:00+05:30,5.0,5.0,4.75,4.85,136150,3945900,10.91815,19390.3,19650.0,19650,ATM+5,CALL,19400,2023-11-07
2023-11-07 10:47:00+05:30,4.85,4.85,4.6,4.8,148800,3987800,10.920179,19389.55,19650.0,19650,ATM+5,CALL,19400,2023-11-07
2023-11-07 10:48:00+05:30,4.8,4.9,4.75,4.9,63300,3987800,10.957602,19390.0,19650.0,19650,ATM+5,CALL,19400,2023-11-07
2023-11-07 10:49:00+05:30,4.9,5.0,4.9,4.9,48200,3987800,10.911254,19391.4,19650.0,19650,ATM+5,CALL,19400,2023-11-07
2023-11-07 10:50:00+05:30,4.95,5.0,4.85,4.95,69750,4012850,10.931446,19391.6,19650.0,19650,ATM+5,CALL,19400,2023-11-07
2023-11-07 10:51:00+05:30,4.95,4.95,4.65,4.65,135750,4012850,10.923335,19387.4,19650.0,19650,ATM+5,CALL,19400,2023-11-07
2023-11-07 10:52:00+05:30,4.7,4.7,4.25,4.3,270600,4012850,10.918162,19382.05,19650.0,19650,ATM+5,CALL,19400,2023-11-07
2023-11-07 10:53:00+05:30,4.3,4.6,4.25,4.55,110250,4070300,10.937209,19385.55,19650.0,19650,ATM+5,CALL,19400,2023-11-07
2023-11-07 10:54:00+05:30,4.5,4.6,4.45,4.45,59950,4070300,10.904143,19385.0,19650.0,19650,ATM+5,CALL,19400,2023-11-07
2023-11-07 10:55:00+05:30,4.5,4.65,4.4,4.45,114300,4070300,10.914464,19384.75,19650.0,19650,ATM+5,CALL,19400,2023-11-07
2023-11-07 10:56:00+05:30,4.5,4.6,4.45,4.5,136950,4078150,10.936439,19384.95,19650.0,19650,ATM+5,CALL,19400,2023-11-07
2023-11-07 10:57:00+05:30,4.55,4.55,4.3,4.45,84200,4078150,10.989282,19382.65,19650.0,19650,ATM+5,CALL,19400,2023-11-07
2023-11-07 10:58:00+05:30,4.45,4.55,4.4,4.55,57200,4078150,10.965208,19385.0,19650.0,19650,ATM+5,CALL,19400,2023-11-07
2023-11-07 10:59:00+05:30,4.55,4.55,4.35,4.4,49750,4076350,11.019876,19381.05,19650.0,19650,ATM+5,CALL,19400,2023-11-07
2023-11-07 11:00:00+05:30,4.35,4.5,4.35,4.45,37750,4076350,10.999966,19382.5,19650.0,19650,ATM+5,CALL,19400,2023-11-07
2023-11-07 11:01:00+05:30,4.4,4.55,4.4,4.45,68550,4076350,10.940858,19384.3,19650.0,19650,ATM+5,CALL,19400,2023-11-07
2023-11-07 11:02:00+05:30,4.5,4.55,4.4,4.55,37750,4072900,10.909702,19386.85,19650.0,19650,ATM+5,CALL,19400,2023-11-07
2023-11-07 11:03:00+05:30,4.55,4.6,4.5,4.5,90400,4072900,10.871289,19387.25,19650.0,19650,ATM+5,CALL,19400,2023-11-07
2023-11-07 11:04:00+05:30,4.5,4.55,4.45,4.5,31550,4072900,10.888448,19386.8,19650.0,19650,ATM+5,CALL,19400,2023-11-07
2023-11-07 11:05:00+05:30,4.55,4.6,4.5,4.5,50650,4080400,10.912409,19386.15,19650.0,19650,ATM+5,CALL,19400,2023-11-07
2023-11-07 11:06:00+05:30,4.5,4.65,4.5,4.65,52200,4080400,10.934146,19387.9,19650.0,19650,ATM+5,CALL,19400,2023-11-07
2023-11-07 11:07:00+05:30,4.65,4.85,4.6,4.85,101850,4080400,10.991686,19389.3,19650.0,19650,ATM+5,CALL,19400,2023-11-07
2023-11-07 11:08:00+05:30,4.85,4.9,4.7,4.85,174950,4059500,10.96599,19390.1,19650.0,19650,ATM+5,CALL,19400,2023-11-07
2023-11-07 11:09:00+05:30,4.85,5.05,4.8,5.05,97000,4059500,10.935475,19393.95,19650.0,19650,ATM+5,CALL,19400,2023-11-07
2023-11-07 11:10:00+05:30,4.95,5.1,4.95,5.05,179350,4059500,10.892131,19395.25,19650.0,19650,ATM+5,CALL,19400,2023-11-07
2023-11-07 11:11:00+05:30,5.05,5.05,4.9,5.0,76750,4080450,10.827413,19396.45,19650.0,19650,ATM+5,CALL,19400,2023-11-07
2023-11-07 11:12:00+05:30,5.0,5.05,4.95,4.95,46600,4080450,10.882402,19394.2,19650.0,19650,ATM+5,CALL,19400,2023-11-07
2023-11-07 11:13:00+05:30,4.95,5.0,4.8,4.95,88550,4080450,10.979569,19391.45,19650.0,19650,ATM+5,CALL,19400,2023-11-07
2023-11-07 11:14:00+05:30,4.95,4.95,4.85,4.9,46450,4088550,10.907673,19392.85,19650.0,19650,ATM+5,CALL,19400,2023-11-07
2023-11-07 11:15:00+05:30,4.9,4.9,4.6,4.6,113800,4088550,10.871569,19389.45,19650.0,19650,ATM+5,CALL,19400,2023-11-07
2023-11-07 11:16:00+05:30,4.6,4.85,4.6,4.85,80750,4088550,10.958553,19390.75,19650.0,19650,ATM+5,CALL,19400,2023-11-07
2023-11-07 11:17:00+05:30,4.85,4.95,4.75,4.9,32750,4056850,10.87864,19393.85,19650.0,19650,ATM+5,CALL,19400,2023-11-07
2023-11-07 11:18:00+05:30,4.95,5.05,4.9,5.05,65600,4056850,10.811185,19398.0,19650.0,19650,ATM+5,CALL,19400,2023-11-07
2023-11-07 11:19:00+05:30,5.05,5.05,4.95,5.0,148400,4056850,10.84052,19396.5,19650.0,19650,ATM+5,CALL,19400,2023-11-07
2023-11-07 11:20:00+05:30,5.0,5.1,4.95,5.1,110850,4053750,10.902421,19396.2,19650.0,19650,ATM+5,CALL,19400,2023-11-07
2023-11-07 11:21:00+05:30,5.1,5.1,5.0,5.1,78950,4053750,10.900799,19396.3,19650.0,19650,ATM+5,CALL,19400,2023-11-07
2023-11-07 11:22:00+05:30,5.1,5.15,4.95,5.0,174850,4053750,10.933115,19394.0,19650.0,19650,ATM+5,CALL,19400,2023-11-07
2023-11-07 11:23:00+05:30,5.0,5.05,4.9,4.9,76100,4054550,10.979935,19391.25,19650.0,19650,ATM+5,CALL,19400,2023-11-07
2023-11-07 11:24:00+05:30,4.9,4.9,4.8,4.9,63550,4054550,11.002596,19390.65,19650.0,19650,ATM+5,CALL,19400,2023-11-07
2023-11-07 11:25:00+05:30,4.9,5.0,4.85,4.9,75000,4054550,10.990631,19391.05,19650.0,19650,ATM+5,CALL,19400,2023-11-07
2023-11-07 11:26:00+05:30,4.9,4.95,4.7,4.75,62600,4048550,11.008512,19388.35,19650.0,19650,ATM+5,CALL,19400,2023-11-07
2023-11-07 11:27:00+05:30,4.7,4.85,4.7,4.85,86800,4048550,10.939446,19391.9,19650.0,19650,ATM+5,CALL,19400,2023-11-07
2023-11-07 11:28:00+05:30,4.85,4.85,4.75,4.8,37800,4048550,10.991674,19389.7,19650.0,19650,ATM+5,CALL,19400,2023-11-07
2023-11-07 11:29:00+05:30,4.8,4.8,4.75,4.8,19000,4040250,10.988382,19389.85,19650.0,19650,ATM+5,CALL,19400,2023-11-07
2023-11-07 11:30:00+05:30,4.8,4.8,4.6,4.6,101450,4040250,10.928718,19388.6,19650.0,19650,ATM+5,CALL,19400,2023-11-07
2023-11-07 11:31:00+05:30,4.55,4.65,4.5,4.6,155500,4040250,10.988876,19386.9,19650.0,19650,ATM+5,CALL,19400,2023-11-07
2023-11-07 11:32:00+05:30,4.6,4.65,4.5,4.6,63400,4047700,10.880999,19390.1,19650.0,19650,ATM+5,CALL,19400,2023-11-07
2023-11-07 11:33:00+05:30,4.6,4.65,4.55,4.55,39300,4047700,10.95745,19387.15,19650.0,19650,ATM+5,CALL,19400,2023-11-07
2023-11-07 11:34:00+05:30,4.55,4.6,4.55,4.55,22800,4047700,10.928517,19388.05,19650.0,19650,ATM+5,CALL,19400,2023-11-07
2023-11-07 11:35:00+05:30,4.55,4.75,4.55,4.75,81700,4029950,10.852915,19393.35,19650.0,19650,ATM+5,CALL,19400,2023-11-07
2023-11-07 11:36:00+05:30,4.8,4.95,4.7,4.95,36900,4029950,10.885543,19395.4,19650.0,19650,ATM+5,CALL,19400,2023-11-07
2023-11-07 11:37:00+05:30,4.95,4.95,4.85,4.9,53250,4029950,10.909134,19394.05,19650.0,19650,ATM+5,CALL,19400,2023-11-07
2023-11-07 11:38:00+05:30,4.95,4.95,4.8,4.85,56950,4029900,10.908138,19393.4,19650.0,19650,ATM+5,CALL,19400,2023-11-07
2023-11-07 11:39:00+05:30,4.85,4.85,4.75,4.75,54200,4029900,10.971005,19390.15,19650.0,19650,ATM+5,CALL,19400,2023-11-07
2023-11-07 11:40:00+05:30,4.8,4.8,3.55,3.95,673900,4029900,10.992781,19376.55,19650.0,19650,ATM+5,CALL,19400,2023-11-07
2023-11-07 11:41:00+05:30,6.45,6.45,5.0,5.75,1155100,7082000,10.5843,19365.65,19600.0,19650,ATM+5,CALL,19400,2023-11-07
2023-11-07 11:42:00+05:30,5.6,5.7,5.3,5.6,658550,7082000,10.743244,19359.4,19600.0,19650,ATM+5,CALL,19400,2023-11-07
2023-11-07 11:43:00+05:30,5.55,5.85,5.55,5.85,503800,7082000,11.018074,19355.0,19600.0,19650,ATM+5,CALL,19400,2023-11-07
2023-11-07 11:44:00+05:30,5.85,6.15,5.8,6.15,359900,7151050,11.165971,19354.7,19600.0,19650,ATM+5,CALL,19400,2023-11-07
2023-11-07 11:45:00+05:30,6.25,6.4,5.35,5.4,995750,7151050,11.337878,19340.2,19600.0,19650,ATM+5,CALL,19400,2023-11-07
2023-11-07 11:46:00+05:30,5.45,5.7,5.3,5.55,710850,7151050,11.217205,19345.7,19600.0,19650,ATM+5,CALL,19400,2023-11-07
2023-11-07 11:47:00+05:30,5.55,5.65,5.45,5.6,355450,7338650,11.24829,19345.55,19600.0,19650,ATM+5,CALL,19400,2023-11-07
2023-11-07 11:48:00+05:30,5.6,5.7,5.25,5.3,578150,7338650,11.234653,19341.9,19600.0,19650,ATM+5,CALL,19400,2023-11-07
2023-11-07 11:49:00+05:30,5.3,5.35,4.9,4.95,607500,7338650,11.234056,19336.95,19600.0,19650,ATM+5,CALL,19400,2023-11-07
2023-11-07 11:50:00+05:30,4.85,5.15,4.8,5.15,597000,7514200,11.178231,19341.5,19600.0,19650,ATM+5,CALL,19400,2023-11-07
2023-11-07 11:51:00+05:30,5.05,5.4,5.0,5.4,308750,7514200,11.218635,19343.9,19600.0,19650,ATM+5,CALL,19400,2023-11-07
2023-11-07 11:52:00+05:30,5.4,5.4,5.25,5.25,344450,7514200,11.272366,19340.35,19600.0,19650,ATM+5,CALL,19400,2023-11-07
2023-11-07 11:53:00+05:30,5.25,5.25,5.1,5.15,274800,7475500,11.305183,19338.05,19600.0,19650,ATM+5,CALL,19400,2023-11-07
2023-11-07 11:54:00+05:30,5.15,5.2,5.1,5.15,402900,7475500,11.555797,19330.95,19600.0,19650,ATM+5,CALL,19400,2023-11-07
2023-11-07 11:55:00+05:30,5.1,5.6,5.1,5.55,514900,7475500,11.329073,19343.05,19600.0,19650,ATM+5,CALL,19400,2023-11-07
2023-11-07 11:56:00+05:30,5.45,5.6,5.4,5.5,239300,7386200,11.37092,19341.25,19600.0,19650,ATM+5,CALL,19400,2023-11-07
2023-11-07 11:57:00+05:30,5.4,5.5,5.4,5.45,134700,7386200,11.304259,19342.5,19600.0,19650,ATM+5,CALL,19400,2023-11-07
2023-11-07 11:58:00+05:30,5.45,5.5,5.4,5.45,315750,7386200,11.329288,19341.85,19600.0,19650,ATM+5,CALL,19400,2023-11-07
2023-11-07 11:59:00+05:30,5.45,5.6,5.4,5.55,207500,7323400,11.270998,19344.9,19600.0,19650,ATM+5,CALL,19400,2023-11-07
2023-11-07 12:00:00+05:30,5.55,5.55,5.45,5.5,227100,7323400,11.396564,19340.75,19600.0,19650,ATM+5,CALL,19400,2023-11-07
2023-11-07 12:01:00+05:30,5.5,5.55,5.4,5.4,158000,7323400,11.363967,19340.35,19600.0,19650,ATM+5,CALL,19400,2023-11-07
2023-11-07 12:02:00+05:30,5.45,5.45,5.2,5.3,270050,7324900,11.436707,19336.95,19600.0,19650,ATM+5,CALL,19400,2023-11-07
2023-11-07 12:03:00+05:30,5.25,5.4,5.2,5.35,229350,7324900,11.292007,19341.8,19600.0,19650,ATM+5,CALL,19400,2023-11-07
2023-11-07 12:04:00+05:30,5.35,5.4,5.3,5.35,138650,7324900,11.361231,19339.9,19600.0,19650,ATM+5,CALL,19400,2023-11-07
2023-11-07 12:05:00+05:30,5.3,5.45,5.3,5.45,169750,7293550,11.255943,19344.3,19600.0,19650,ATM+5,CALL,19400,2023-11-07
2023-11-07 12:06:00+05:30,5.5,5.5,5.35,5.4,127200,7293550,11.205194,19345.1,19600.0,19650,ATM+5,CALL,19400,2023-11-07
2023-11-07 12:07:00+05:30,5.35,5.55,5.35,5.45,118550,7293550,11.026314,19350.85,19600.0,19650,ATM+5,CALL,19400,2023-11-07
2023-11-07 12:08:00+05:30,5.45,5.55,5.4,5.55,134350,7316950,11.11879,19349.65,19600.0,19650,ATM+5,CALL,19400,2023-11-07
2023-11-07 12:09:00+05:30,5.5,5.55,5.45,5.55,186800,7316950,11.092072,19350.45,19600.0,19650,ATM+5,CALL,19400,2023-11-07
2023-11-07 12:10:00+05:30,5.5,5.55,5.4,5.45,191550,7316950,11.108868,19348.7,19600.0,19650,ATM+5,CALL,19400,2023-11-07
2023-11-07 12:11:00+05:30,5.5,5.6,5.45,5.6,112150,7322600,11.108833,19350.75,19600.0,19650,ATM+5,CALL,19400,2023-11-07
2023-11-07 12:12:00+05:30,5.6,5.8,5.55,5.7,295800,7322600,11.110951,19352.05,19600.0,19650,ATM+5,CALL,19400,2023-11-07
2023-11-07 12:13:00+05:30,5.7,5.75,5.6,5.65,166500,7322600,11.184776,19349.4,19600.0,19650,ATM+5,CALL,19400,2023-11-07
2023-11-07 12:14:00+05:30,5.65,5.75,5.6,5.65,129050,7421600,11.077039,19352.45,19600.0,19650,ATM+5,CALL,19400,2023-11-07
2023-11-07 12:15:00+05:30,5.7,5.7,5.55,5.7,101050,7421600,11.093334,19352.7,19600.0,19650,ATM+5,CALL,19400,2023-11-07
2023-11-07 12:16:00+05:30,5.7,5.7,5.6,5.6,122150,7421600,11.039444,19352.95,19600.0,19650,ATM+5,CALL,19400,2023-11-07
2023-11-07 12:17:00+05:30,5.65,5.7,5.6,5.7,90000,7435350,11.10983,19352.35,19600.0,19650,ATM+5,CALL,19400,2023-11-07
2023-11-07 12:18:00+05:30,5.65,5.75,5.55,5.7,158900,7435350,11.026958,19354.7,19600.0,19650,ATM+5,CALL,19400,2023-11-07
2023-11-07 12:19:00+05:30,5.75,6.0,5.7,5.95,151950,7435350,10.981793,19359.15,19600.0,19650,ATM+5,CALL,19400,2023-11-07
2023-11-07 12:20:00+05:30,5.95,6.05,5.85,5.9,260000,7409600,10.950198,19359.45,19600.0,19650,ATM+5,CALL,19400,2023-11-07
2023-11-07 12:21:00+05:30,5.85,5.9,5.7,5.85,119700,7409600,11.00762,19357.3,19600.0,19650,ATM+5,CALL,19400,2023-11-07
2023-11-07 12:22:00+05:30,5.8,5.9,5.6,5.65,150600,7409600,11.031228,19354.15,19600.0,19650,ATM+5,CALL,19400,2023-11-07
2023-11-07 12:23:00+05:30,5.6,5.7,5.55,5.7,141350,7425850,11.070934,19353.75,19600.0,19650,ATM+5,CALL,19400,2023-11-07
2023-11-07 12:24:00+05:30,5.65,5.75,5.65,5.65,56500,7425850,10.984543,19355.55,19600.0,19650,ATM+5,CALL,19400,2023-11-07
2023-11-07 12:25:00+05:30,5.65,5.7,5.6,5.65,30900,7425850,10.961174,19356.25,19600.0,19650,ATM+5,CALL,19400,2023-11-07
2023-11-07 12:26:00+05:30,5.6,5.65,5.5,5.6,109600,7464650,10.923516,19356.7,19600.0,19650,ATM+5,CALL,19400,2023-11-07
2023-11-07 12:27:00+05:30,5.55,5.6,5.4,5.55,167200,7464650,10.966894,19354.9,19600.0,19650,ATM+5,CALL,19400,2023-11-07
2023-11-07 12:28:00+05:30,5.5,5.55,5.45,5.5,89200,7464650,10.982969,19353.85,19600.0,19650,ATM+5,CALL,19400,2023-11-07
2023-11-07 12:29:00+05:30,5.45,5.5,5.2,5.3,142800,7473850,10.905225,19353.4,19600.0,19650,ATM+5,CALL,19400,2023-11-07
2023-11-07 12:30:00+05:30,5.3,5.4,5.15,5.4,109150,7473850,10.964254,19353.15,19600.0,19650,ATM+5,CALL,19400,2023-11-07
2023-11-07 12:31:00+05:30,5.4,5.4,5.2,5.25,90050,7473850,10.963312,19351.2,19600.0,19650,ATM+5,CALL,19400,2023-11-07
2023-11-07 12:32:00+05:30,5.3,5.6,5.25,5.6,80600,7466600,10.962124,19355.95,19600.0,19650,ATM+5,CALL,19400,2023-11-07
2023-11-07 12:33:00+05:30,5.6,5.7,5.55,5.65,188400,7466600,10.929507,19357.55,19600.0,19650,ATM+5,CALL,19400,2023-11-07
2023-11-07 12:34:00+05:30,5.65,6.1,5.6,6.1,394200,7466600,10.857535,19365.15,19600.0,19650,ATM+5,CALL,19400,2023-11-07
2023-11-07 12:35:00+05:30,6.15,6.35,5.95,6.15,377100,7530150,10.80948,19367.1,19600.0,19650,ATM+5,CALL,19400,2023-11-07
2023-11-07 12:36:00+05:30,6.15,6.15,5.7,5.7,271400,7530150,10.731271,19363.8,19600.0,19650,ATM+5,CALL,19400,2023-11-07
2023-11-07 12:37:00+05:30,5.7,6.05,5.65,6.0,231500,7530150,10.715979,19367.95,19600.0,19650,ATM+5,CALL,19400,2023-11-07
2023-11-07 12:38:00+05:30,6.05,6.05,5.85,5.9,139450,7546200,10.680838,19367.75,19600.0,19650,ATM+5,CALL,19400,2023-11-07
2023-11-07 12:39:00+05:30,5.95,5.95,5.8,5.8,55000,7546200,10.713007,19365.7,19600.0,19650,ATM+5,CALL,19400,2023-11-07
2023-11-07 12:40:00+05:30,5.8,6.1,5.7,5.75,162900,7546200,10.721496,19364.9,19600.0,19650,ATM+5,CALL,19400,2023-11-07
2023-11-07 12:41:00+05:30,5.75,5.85,5.6,5.8,262200,7552350,10.707638,19365.95,19600.0,19650,ATM+5,CALL,19400,2023-11-07
2023-11-07 12:42:00+05:30,5.85,5.85,5.6,5.6,119950,7552350,10.669415,19364.55,19600.0,19650,ATM+5,CALL,19400,2023-11-07
2023-11-07 12:43:00+05:30,5.6,5.65,5.55,5.6,156750,7552350,10.682213,19364.25,19600.0,19650,ATM+5,CALL,19400,2023-11-07
2023-11-07 12:44:00+05:30,5.6,5.7,5.5,5.55,181300,7585400,10.690053,19363.45,19600.0,19650,ATM+5,CALL,19400,2023-11-07
2023-11-07 12:45:00+05:30,5.55,5.8,5.55,5.7,100600,7585400,10.688105,19365.45,19600.0,19650,ATM+5,CALL,19400,2023-11-07
2023-11-07 12:46:00+05:30,5.7,5.85,5.65,5.85,61950,7585400,10.750649,19365.65,19600.0,19650,ATM+5,CALL,19400,2023-11-07
2023-11-07 12:47:00+05:30,5.85,6.0,5.7,5.95,109400,7600050,10.679589,19368.85,19600.0,19650,ATM+5,CALL,19400,2023-11-07
2023-11-07 12:48:00+05:30,5.85,6.05,5.85,6.0,77650,7600050,10.600178,19371.65,19600.0,19650,ATM+5,CALL,19400,2023-11-07
2023-11-07 12:49:00+05:30,6.05,6.1,5.9,5.95,127100,7600050,10.572662,19371.85,19600.0,19650,ATM+5,CALL,19400,2023-11-07
2023-11-07 12:50:00+05:30,5.9,6.0,5.85,5.85,86800,7609150,10.659087,19368.35,19600.0,19650,ATM+5,CALL,19400,2023-11-07
2023-11-07 12:51:00+05:30,5.8,6.0,5.8,6.0,90300,7609150,10.674215,19369.8,19600.0,19650,ATM+5,CALL,19400,2023-11-07
2023-11-07 12:52:00+05:30,6.0,6.0,5.85,5.85,153100,7609150,10.585586,19370.45,19600.0,19650,ATM+5,CALL,19400,2023-11-07
2023-11-07 12:53:00+05:30,5.9,5.9,5.8,5.8,81950,7623650,10.651484,19368.1,19600.0,19650,ATM+5,CALL,19400,2023-11-07
2023-11-07 12:54:00+05:30,5.8,5.8,5.5,5.55,209450,7623650,10.672596,19364.45,19600.0,19650,ATM+5,CALL,19400,2023-11-07
2023-11-07 12:55:00+05:30,5.6,5.7,5.5,5.6,229100,7623650,10.783222,19362.1,19600.0,19650,ATM+5,CALL,19400,2023-11-07
2023-11-07 12:56:00+05:30,5.55,5.65,5.45,5.55,190700,7649450,10.756419,19362.25,19600.0,19650,ATM+5,CALL,19400,2023-11-07
2023-11-07 12:57:00+05:30,5.55,5.7,5.55,5.6,81750,7649450,10.717826,19364.0,19600.0,19650,ATM+5,CALL,19400,2023-11-07
2023-11-07 12:58:00+05:30,5.6,5.85,5.6,5.85,125300,7649450,10.756983,19366.1,19600.0,19650,ATM+5,CALL,19400,2023-11-07
2023-11-07 12:59:00+05:30,5.8,5.95,5.8,5.85,95200,7667450,10.731314,19366.85,19600.0,19650,ATM+5,CALL,19400,2023-11-07
2023-11-07 13:00:00+05:30,5.85,6.0,5.85,5.9,92800,7667450,10.726206,19367.65,19600.0,19650,ATM+5,CALL,19400,2023-11-07
2023-11-07 13:01:00+05:30,5.9,6.05,5.9,5.9,103200,7667450,10.658034,19369.55,19600.0,19650,ATM+5,CALL,19400,2023-11-07
2023-11-07 13:02:00+05:30,5.9,5.95,5.85,5.9,53350,7684850,10.689451,19368.75,19600.0,19650,ATM+5,CALL,19400,2023-11-07
2023-11-07 13:03:00+05:30,5.9,5.95,5.8,5.9,31450,7684850,10.628589,19370.45,19600.0,19650,ATM+5,CALL,19400,2023-11-07
2023-11-07 13:04:00+05:30,5.85,6.0,5.85,5.9,110450,7684850,10.647104,19370.0,19600.0,19650,ATM+5,CALL,19400,2023-11-07
2023-11-07 13:05:00+05:30,5.9,5.95,5.85,5.9,31250,7681500,10.676698,19369.25,19600.0,19650,ATM+5,CALL,19400,2023-11-07
2023-11-07 13:06:00+05:30,5.95,5.95,5.75,5.85,69400,7681500,10.569497,19371.6,19600.0,19650,ATM+5,CALL,19400,2023-11-07
2023-11-07 13:07:00+05:30,5.85,5.85,5.75,5.75,86100,7681500,10.618628,19369.1,19600.0,19650,ATM+5,CALL,19400,2023-11-07
2023-11-07 13:08:00+05:30,5.75,5.75,5.65,5.7,136000,7663850,10.63642,19368.05,19600.0,19650,ATM+5,CALL,19400,2023-11-07
2023-11-07 13:09:00+05:30,5.7,5.7,5.5,5.55,80200,7663850,10.589686,19367.5,19600.0,19650,ATM+5,CALL,19400,2023-11-07
2023-11-07 13:10:00+05:30,5.6,5.6,5.3,5.3,172300,7663850,10.540116,19365.7,19600.0,19650,ATM+5,CALL,19400,2023-11-07
2023-11-07 13:11:00+05:30,5.35,5.4,5.25,5.4,120900,7646450,10.474532,19368.85,19600.0,19650,ATM+5,CALL,19400,2023-11-07
2023-11-07 13:12:00+05:30,5.4,5.4,5.05,5.05,142950,7646450,10.503015,19363.5,19600.0,19650,ATM+5,CALL,19400,2023-11-07
2023-11-07 13:13:00+05:30,5.1,5.25,4.85,5.25,251350,7646450,10.601613,19363.5,19600.0,19650,ATM+5,CALL,19400,2023-11-07
2023-11-07 13:14:00+05:30,5.25,5.45,5.2,5.3,163900,7643550,10.507712,19366.8,19600.0,19650,ATM+5,CALL,19400,2023-11-07
2023-11-07 13:15:00+05:30,5.2,5.3,5.1,5.25,92900,7643550,10.503985,19366.3,19600.0,19650,ATM+5,CALL,19400,2023-11-07
2023-11-07 13:16:00+05:30,5.25,5.3,5.2,5.3,59150,7643550,10.495118,19367.25,19600.0,19650,ATM+5,CALL,19400,2023-11-07
2023-11-07 13:17:00+05:30,5.3,5.35,5.2,5.3,50700,7643550,10.547841,19365.85,19600.0,19650,ATM+5,CALL,19400,2023-11-07
2023-11-07 13:18:00+05:30,5.25,5.3,5.05,5.15,70250,7650150,10.615218,19362.05,19600.0,19650,ATM+5,CALL,19400,2023-11-07
2023-11-07 13:19:00+05:30,5.2,5.3,5.1,5.1,73150,7650150,10.589169,19362.15,19600.0,19650,ATM+5,CALL,19400,2023-11-07
2023-11-07 13:20:00+05:30,5.1,5.1,5.0,5.05,103950,7650150,10.645684,19359.95,19600.0,19650,ATM+5,CALL,19400,2023-11-07
2023-11-07 13:21:00+05:30,5.05,5.05,4.7,4.95,282600,7630650,10.680381,19357.65,19600.0,19650,ATM+5,CALL,19400,2023-11-07
2023-11-07 13:22:00+05:30,4.9,5.15,4.9,5.1,195850,7630650,10.674072,19359.95,19600.0,19650,ATM+5,CALL,19400,2023-11-07
2023-11-07 13:23:00+05:30,5.1,5.3,5.1,5.3,195000,7630650,10.711584,19361.65,19600.0,19650,ATM+5,CALL,19400,2023-11-07
2023-11-07 13:24:00+05:30,5.3,5.3,5.15,5.2,64600,7647350,10.683377,19361.15,19600.0,19650,ATM+5,CALL,19400,2023-11-07
2023-11-07 13:25:00+05:30,5.25,5.35,5.15,5.35,118500,7647350,10.652141,19364.05,19600.0,19650,ATM+5,CALL,19400,2023-11-07
2023-11-07 13:26:00+05:30,5.35,5.45,5.25,5.3,150000,7647350,10.648392,19363.55,19600.0,19650,ATM+5,CALL,19400,2023-11-07
2023-11-07 13:27:00+05:30,5.25,5.25,5.1,5.15,118400,7647250,10.754979,19358.65,19600.0,19650,ATM+5,CALL,19400,2023-11-07
2023-11-07 13:28:00+05:30,5.15,5.3,5.1,5.25,73200,7647250,10.841819,19357.65,19600.0,19650,ATM+5,CALL,19400,2023-11-07
2023-11-07 13:29:00+05:30,5.25,5.3,5.15,5.25,83300,7647250,10.926821,19355.35,19600.0,19650,ATM+5,CALL,19400,2023-11-07
2023-11-07 13:30:00+05:30,5.25,5.3,5.2,5.25,186800,7643950,10.894474,19356.3,19600.0,19650,ATM+5,CALL,19400,2023-11-07
2023-11-07 13:31:00+05:30,5.3,5.3,5.2,5.3,125250,7643950,10.97501,19354.8,19600.0,19650,ATM+5,CALL,19400,2023-11-07
2023-11-07 13:32:00+05:30,5.25,5.6,5.2,5.6,159000,7643950,10.871008,19361.65,19600.0,19650,ATM+5,CALL,19400,2023-11-07
2023-11-07 13:33:00+05:30,5.5,5.6,5.35,5.5,227250,7653500,10.721834,19364.5,19600.0,19650,ATM+5,CALL,19400,2023-11-07
2023-11-07 13:34:00+05:30,5.55,5.6,5.35,5.5,430150,7653500,10.490985,19370.85,19600.0,19650,ATM+5,CALL,19400,2023-11-07
2023-11-07 13:35:00+05:30,5.45,5.65,5.4,5.65,252250,7653500,10.500883,19372.5,19600.0,19650,ATM+5,CALL,19400,2023-11-07
2023-11-07 13:36:00+05:30,5.6,5.7,5.55,5.6,245500,7673400,10.56844,19370.1,19600.0,19650,ATM+5,CALL,19400,2023-11-07
2023-11-07 13:37:00+05:30,5.6,5.6,5.35,5.5,146950,7673400,10.590282,19368.3,19600.0,19650,ATM+5,CALL,19400,2023-11-07
2023-11-07 13:38:00+05:30,5.5,5.6,5.4,5.4,178450,7673400,10.543616,19368.35,19600.0,19650,ATM+5,CALL,19400,2023-11-07
2023-11-07 13:39:00+05:30,5.4,5.6,5.4,5.6,131500,7666350,10.618344,19368.9,19600.0,19650,ATM+5,CALL,19400,2023-11-07
2023-11-07 13:40:00+05:30,5.55,5.75,5.45,5.7,322950,7666350,10.512689,19373.05,19600.0,19650,ATM+5,CALL,19400,2023-11-07
2023-11-07 13:41:00+05:30,5.75,5.75,5.4,5.6,223400,7666350,10.43771,19373.9,19600.0,19650,ATM+5,CALL,19400,2023-11-07
2023-11-07 13:42:00+05:30,5.65,5.8,5.45,5.8,208500,7607950,10.498404,19374.75,19600.0,19650,ATM+5,CALL,19400,2023-11-07
2023-11-07 13:43:00+05:30,5.8,5.8,5.6,5.7,248300,7607950,10.470195,19374.35,19600.0,19650,ATM+5,CALL,19400,2023-11-07
2023-11-07 13:44:00+05:30,5.7,5.8,5.6,5.75,163300,7607950,10.546587,19372.95,19600.0,19650,ATM+5,CALL,19400,2023-11-07
2023-11-07 13:45:00+05:30,5.75,5.75,5.6,5.65,98250,7523100,10.521666,19372.45,19600.0,19650,ATM+5,CALL,19400,2023-11-07
2023-11-07 13:46:00+05:30,5.65,5.65,5.4,5.45,123200,7523100,10.53822,19369.55,19600.0,19650,ATM+5,CALL,19400,2023-11-07
2023-11-07 13:47:00+05:30,5.5,5.55,5.25,5.5,156200,7523100,10.45665,19372.45,19600.0,19650,ATM+5,CALL,19400,2023-11-07
2023-11-07 13:48:00+05:30,5.5,5.7,5.5,5.65,70250,7516700,10.503303,19373.1,19600.0,19650,ATM+5,CALL,19400,2023-11-07
2023-11-07 13:49:00+05:30,5.65,5.75,5.45,5.65,73700,7516700,10.488534,19373.55,19600.0,19650,ATM+5,CALL,19400,2023-11-07
2023-11-07 13:50:00+05:30,3.5,3.7,3.5,3.6,183200,3645550,11.00002,19377.45,19650.0,19650,ATM+5,CALL,19400,2023-11-07
2023-11-07 13:51:00+05:30,3.6,3.8,3.55,3.8,207450,3645150,10.842608,19385.8,19650.0,19650,ATM+5,CALL,19400,2023-11-07
2023-11-07 13:52:00+05:30,3.8,3.95,3.75,3.75,349450,3645150,10.746236,19387.8,19650.0,19650,ATM+5,CALL,19400,2023-11-07
2023-11-07 13:53:00+05:30,3.8,4.0,3.75,3.8,275500,3645150,10.624597,19392.3,19650.0,19650,ATM+5,CALL,19400,2023-11-07
2023-11-07 13:54:00+05:30,3.8,4.0,3.75,3.95,230400,3630900,10.608112,19395.4,19650.0,19650,ATM+5,CALL,19400,2023-11-07
2023-11-07 13:55:00+05:30,3.95,4.4,3.95,4.3,312600,3630900,10.816883,19395.15,19650.0,19650,ATM+5,CALL,19400,2023-11-07
2023-11-07 13:56:00+05:30,4.3,4.9,4.3,4.7,510700,3630900,10.86376,19400.0,19650.0,19650,ATM+5,CALL,19400,2023-11-07
2023-11-07 13:57:00+05:30,4.65,4.75,4.3,4.3,262700,3680600,10.76143,19396.85,19650.0,19650,ATM+5,CALL,19400,2023-11-07
2023-11-07 13:58:00+05:30,4.25,4.35,4.05,4.3,220300,3680600,10.744153,19397.4,19650.0,19650,ATM+5,CALL,19400,2023-11-07
2023-11-07 13:59:00+05:30,4.3,4.3,4.0,4.0,234200,3680600,10.701787,19393.8,19650.0,19650,ATM+5,CALL,19400,2023-11-07
2023-11-07 14:00:00+05:30,4.0,4.25,4.0,4.25,253650,3735450,10.779638,19395.7,19650.0,19650,ATM+5,CALL,19400,2023-11-07
2023-11-07 14:01:00+05:30,4.25,4.35,4.2,4.3,133850,3735450,10.697503,19398.9,19650.0,19650,ATM+5,CALL,19400,2023-11-07
2023-11-07 14:02:00+05:30,4.3,4.7,4.25,4.55,153950,3735450,10.923178,19396.4,19650.0,19650,ATM+5,CALL,19400,2023-11-07
2023-11-07 14:03:00+05:30,4.6,4.8,4.5,4.65,312900,3696300,10.83346,19400.5,19650.0,19650,ATM+5,CALL,19400,2023-11-07
2023-11-07 14:04:00+05:30,4.65,5.35,4.65,5.3,492550,3696300,10.994698,19405.25,19650.0,19650,ATM+5,CALL,19400,2023-11-07
2023-11-07 14:05:00+05:30,5.3,5.35,4.7,5.15,366000,3696300,10.899403,19405.9,19650.0,19650,ATM+5,CALL,19400,2023-11-07
2023-11-07 14:06:00+05:30,5.15,5.15,4.8,4.85,190400,3701750,10.791804,19404.75,19650.0,19650,ATM+5,CALL,19400,2023-11-07
2023-11-07 14:07:00+05:30,4.85,5.15,4.85,5.05,216250,3701750,10.864403,19405.6,19650.0,19650,ATM+5,CALL,19400,2023-11-07
2023-11-07 14:08:00+05:30,5.05,5.05,4.6,4.6,152400,3701750,10.774298,19401.7,19650.0,19650,ATM+5,CALL,19400,2023-11-07
2023-11-07 14:09:00+05:30,4.65,4.65,4.2,4.25,330300,3700100,10.72555,19397.75,19650.0,19650,ATM+5,CALL,19400,2023-11-07
2023-11-07 14:10:00+05:30,4.35,4.65,4.25,4.55,236900,3700100,10.935438,19396.5,19650.0,19650,ATM+5,CALL,19400,2023-11-07
2023-11-07 14:11:00+05:30,4.55,4.6,4.4,4.55,125100,3700100,10.939181,19396.45,19650.0,19650,ATM+5,CALL,19400,2023-11-07
2023-11-07 14:12:00+05:30,4.55,4.8,4.5,4.8,160650,3684300,10.91893,19400.8,19650.0,19650,ATM+5,CALL,19400,2023-11-07
2023-11-07 14:13:00+05:30,4.8,5.0,4.75,4.8,177000,3684300,10.974399,19399.3,19650.0,19650,ATM+5,CALL,19400,2023-11-07
2023-11-07 14:14:00+05:30,4.85,4.95,4.85,4.9,157850,3684300,10.962005,19401.15,19650.0,19650,ATM+5,CALL,19400,2023-11-07
2023-11-07 14:15:00+05:30,4.95,4.95,4.65,4.65,189200,3656250,10.858777,19400.45,19650.0,19650,ATM+5,CALL,19400,2023-11-07
2023-11-07 14:16:00+05:30,4.65,5.0,4.55,5.0,180300,3656250,10.954183,19402.9,19650.0,19650,ATM+5,CALL,19400,2023-11-07
2023-11-07 14:17:00+05:30,5.0,5.0,4.8,4.9,177450,3656250,10.930347,19402.2,19650.0,19650,ATM+5,CALL,19400,2023-11-07
2023-11-07 14:18:00+05:30,4.9,4.95,4.65,4.7,146350,3707350,10.956834,19398.6,19650.0,19650,ATM+5,CALL,19400,2023-11-07
2023-11-07 14:19:00+05:30,4.7,4.8,4.65,4.7,186700,3707350,10.88945,19400.55,19650.0,19650,ATM+5,CALL,19400,2023-11-07
2023-11-07 14:20:00+05:30,4.75,4.95,4.75,4.75,114700,3707350,10.971098,19399.05,19650.0,19650,ATM+5,CALL,19400,2023-11-07
2023-11-07 14:21:00+05:30,4.8,4.9,4.8,4.85,46700,3709700,10.989514,19400.05,19650.0,19650,ATM+5,CALL,19400,2023-11-07
2023-11-07 14:22:00+05:30,4.85,4.95,4.8,4.8,76850,3709700,11.04763,19397.75,19650.0,19650,ATM+5,CALL,19400,2023-11-07
2023-11-07 14:23:00+05:30,4.8,4.8,4.6,4.65,244400,3709700,11.112352,19393.75,19650.0,19650,ATM+5,CALL,19400,2023-11-07
2023-11-07 14:24:00+05:30,4.7,4.7,4.5,4.55,162900,3727400,11.19272,19390.0,19650.0,19650,ATM+5,CALL,19400,2023-11-07
2023-11-07 14:25:00+05:30,4.5,4.55,4.3,4.5,130600,3727400,11.191953,19389.3,19650.0,19650,ATM+5,CALL,19400,2023-11-07
2023-11-07 14:26:00+05:30,4.5,4.6,4.35,4.6,194450,3727400,11.153389,19392.0,19650.0,19650,ATM+5,CALL,19400,2023-11-07
2023-11-07 14:27:00+05:30,4.7,4.75,4.6,4.6,116850,3741950,11.164253,19391.75,19650.0,19650,ATM+5,CALL,19400,2023-11-07
2023-11-07 14:28:00+05:30,4.6,4.65,4.4,4.4,81750,3741950,11.254774,19386.1,19650.0,19650,ATM+5,CALL,19400,2023-11-07
2023-11-07 14:29:00+05:30,4.45,4.6,4.4,4.5,78600,3741950,11.229997,19388.45,19650.0,19650,ATM+5,CALL,19400,2023-11-07
2023-11-07 14:30:00+05:30,4.5,4.65,4.45,4.65,75500,3739750,11.151309,19393.05,19650.0,19650,ATM+5,CALL,19400,2023-11-07
2023-11-07 14:31:00+05:30,4.65,4.8,4.6,4.75,91950,3739750,11.137443,19395.0,19650.0,19650,ATM+5,CALL,19400,2023-11-07
2023-11-07 14:32:00+05:30,4.75,4.85,4.55,4.55,81000,3739750,11.21075,19389.95,19650.0,19650,ATM+5,CALL,19400,2023-11-07
2023-11-07 14:33:00+05:30,4.55,4.65,4.45,4.55,94650,3747000,11.161585,19391.4,19650.0,19650,ATM+5,CALL,19400,2023-11-07
2023-11-07 14:34:00+05:30,4.55,4.55,4.4,4.45,46850,3747000,11.20545,19388.65,19650.0,19650,ATM+5,CALL,19400,2023-11-07
2023-11-07 14:35:00+05:30,4.45,4.55,4.4,4.55,51200,3747000,11.170948,19391.25,19650.0,19650,ATM+5,CALL,19400,2023-11-07
2023-11-07 14:36:00+05:30,4.55,4.6,4.4,4.5,106700,3740150,11.212576,19389.35,19650.0,19650,ATM+5,CALL,19400,2023-11-07
2023-11-07 14:37:00+05:30,4.45,4.45,4.35,4.35,69000,3740150,11.206457,19387.2,19650.0,19650,ATM+5,CALL,19400,2023-11-07
2023-11-07 14:38:00+05:30,4.35,4.35,3.8,3.9,294100,3740150,11.164157,19380.9,19650.0,19650,ATM+5,CALL,19400,2023-11-07
2023-11-07 14:39:00+05:30,3.85,4.2,3.85,4.05,102650,3774450,11.242338,19381.3,19650.0,19650,ATM+5,CALL,19400,2023-11-07
2023-11-07 14:40:00+05:30,4.1,4.2,4.0,4.05,73800,3774450,11.140539,19384.3,19650.0,19650,ATM+5,CALL,19400,2023-11-07
2023-11-07 14:41:00+05:30,4.05,4.05,3.9,4.0,86550,3774450,11.209743,19381.5,19650.0,19650,ATM+5,CALL,19400,2023-11-07
2023-11-07 14:42:00+05:30,4.0,4.05,3.9,3.95,138850,3770000,11.169744,19381.85,19650.0,19650,ATM+5,CALL,19400,2023-11-07
2023-11-07 14:43:00+05:30,4.0,4.25,4.0,4.15,110800,3770000,11.166994,19385.4,19650.0,19650,ATM+5,CALL,19400,2023-11-07
2023-11-07 14:44:00+05:30,4.15,4.2,4.05,4.05,80350,3770000,11.195442,19382.95,19650.0,19650,ATM+5,CALL,19400,2023-11-07
2023-11-07 14:45:00+05:30,4.05,4.1,4.0,4.1,67100,3751450,11.202689,19383.65,19650.0,19650,ATM+5,CALL,19400,2023-11-07
2023-11-07 14:46:00+05:30,4.1,4.3,4.1,4.3,58050,3751450,11.187742,19387.45,19650.0,19650,ATM+5,CALL,19400,2023-11-07
2023-11-07 14:47:00+05:30,4.25,4.35,4.2,4.25,40500,3751450,11.278363,19384.1,19650.0,19650,ATM+5,CALL,19400,2023-11-07
2023-11-07 14:48:00+05:30,4.3,4.5,4.15,4.35,60050,3757550,11.188568,19388.35,19650.0,19650,ATM+5,CALL,19400,2023-11-07
2023-11-07 14:49:00+05:30,4.4,4.7,4.4,4.5,143800,3757550,11.191481,19390.7,19650.0,19650,ATM+5,CALL,19400,2023-11-07
2023-11-07 14:50:00+05:30,4.45,4.6,4.45,4.6,54050,3757550,11.22888,19391.25,19650.0,19650,ATM+5,CALL,19400,2023-11-07
2023-11-07 14:51:00+05:30,4.55,4.7,4.55,4.7,148300,3788800,11.097957,19396.5,19650.0,19650,ATM+5,CALL,19400,2023-11-07
2023-11-07 14:52:00+05:30,4.7,4.75,4.6,4.75,130300,3788800,10.999478,19400.05,19650.0,19650,ATM+5,CALL,19400,2023-11-07
2023-11-07 14:53:00+05:30,4.8,4.8,4.65,4.7,193200,3788800,11.000149,19399.35,19650.0,19650,ATM+5,CALL,19400,2023-11-07
2023-11-07 14:54:00+05:30,4.7,4.8,4.4,4.5,161750,3808700,11.028127,19395.6,19650.0,19650,ATM+5,CALL,19400,2023-11-07
2023-11-07 14:55:00+05:30,4.5,4.65,4.5,4.6,70500,3808700,11.013263,19397.6,19650.0,19650,ATM+5,CALL,19400,2023-11-07
2023-11-07 14:56:00+05:30,4.6,4.7,4.55,4.65,123550,3808700,10.99748,19398.85,19650.0,19650,ATM+5,CALL,19400,2023-11-07
2023-11-07 14:57:00+05:30,4.65,4.75,4.55,4.6,89250,3835700,10.926337,19400.15,19650.0,19650,ATM+5,CALL,19400,2023-11-07
2023-11-07 14:58:00+05:30,4.6,4.75,4.6,4.7,87450,3835700,10.945767,19401.15,19650.0,19650,ATM+5,CALL,19400,2023-11-07
2023-11-07 14:59:00+05:30,4.65,4.85,4.6,4.7,131000,3835700,11.023012,19399.05,19650.0,19650,ATM+5,CALL,19400,2023-11-07
2023-11-07 15:00:00+05:30,4.7,4.95,4.65,4.75,300400,3857600,10.803548,19405.95,19650.0,19650,ATM+5,CALL,19400,2023-11-07
2023-11-07 15:01:00+05:30,4.7,4.8,4.25,4.6,269700,3857600,10.895064,19401.25,19650.0,19650,ATM+5,CALL,19400,2023-11-07
2023-11-07 15:02:00+05:30,4.7,4.8,4.5,4.55,156700,3857600,10.843489,19402.0,19650.0,19650,ATM+5,CALL,19400,2023-11-07
2023-11-07 15:03:00+05:30,4.6,4.7,4.5,4.65,106200,3880500,10.834337,19403.8,19650.0,19650,ATM+5,CALL,19400,2023-11-07
2023-11-07 15:04:00+05:30,4.6,4.7,4.55,4.7,257600,3880500,10.819572,19405.0,19650.0,19650,ATM+5,CALL,19400,2023-11-07
2023-11-07 15:05:00+05:30,4.65,4.75,4.65,4.7,117350,3880500,10.664927,19409.35,19650.0,19650,ATM+5,CALL,19400,2023-11-07
2023-11-07 15:06:00+05:30,4.7,4.7,4.55,4.7,191850,3914800,10.648862,19409.85,19650.0,19650,ATM+5,CALL,19400,2023-11-07
2023-11-07 15:07:00+05:30,4.7,4.7,4.25,4.35,184800,3914800,10.709297,19403.0,19650.0,19650,ATM+5,CALL,19400,2023-11-07
2023-11-07 15:08:00+05:30,4.35,4.35,4.1,4.25,317950,3914800,10.778116,19399.55,19650.0,19650,ATM+5,CALL,19400,2023-11-07
2023-11-07 15:09:00+05:30,4.25,4.4,4.15,4.25,210950,3985900,10.840159,19397.85,19650.0,19650,ATM+5,CALL,19400,2023-11-07
2023-11-07 15:10:00+05:30,4.25,4.5,4.25,4.45,274150,3985900,10.935386,19398.35,19650.0,19650,ATM+5,CALL,19400,2023-11-07
2023-11-07 15:11:00+05:30,4.4,4.5,4.3,4.4,366350,3985900,10.920574,19398.05,19650.0,19650,ATM+5,CALL,19400,2023-11-07
2023-11-07 15:12:00+05:30,4.45,4.6,4.45,4.5,242150,4121600,10.975658,19398.1,19650.0,19650,ATM+5,CALL,19400,2023-11-07
2023-11-07 15:13:00+05:30,4.4,4.5,4.2,4.3,295700,4121600,11.003473,19394.25,19650.0,19650,ATM+5,CALL,19400,2023-11-07
2023-11-07 15:14:00+05:30,4.3,4.45,4.3,4.4,187450,4121600,10.926621,19398.05,19650.0,19650,ATM+5,CALL,19400,2023-11-07
2023-11-07 15:15:00+05:30,4.4,4.85,4.4,4.8,1019250,4235000,11.059871,19400.4,19650.0,19650,ATM+5,CALL,19400,2023-11-07
2023-11-07 15:16:00+05:30,4.85,4.85,4.55,4.65,488200,4235000,10.903485,19402.6,19650.0,19650,ATM+5,CALL,19400,2023-11-07
2023-11-07 15:17:00+05:30,4.7,4.7,4.6,4.6,294350,4235000,10.717223,19407.1,19650.0,19650,ATM+5,CALL,19400,2023-11-07
2023-11-07 15:18:00+05:30,4.65,4.8,4.6,4.75,239550,4359600,10.725625,19409.1,19650.0,19650,ATM+5,CALL,19400,2023-11-07
2023-11-07 15:19:00+05:30,4.85,4.95,4.75,4.95,200300,4359600,10.742779,19411.5,19650.0,19650,ATM+5,CALL,19400,2023-11-07
2023-11-07 15:20:00+05:30,4.95,5.0,4.8,4.8,383500,4359600,10.615715,19412.95,19650.0,19650,ATM+5,CALL,19400,2023-11-07
2023-11-07 15:21:00+05:30,4.85,4.85,4.7,4.8,216500,4399000,10.508543,19415.95,19650.0,19650,ATM+5,CALL,19400,2023-11-07
2023-11-07 15:22:00+05:30,4.8,4.85,4.35,4.55,374450,4399000,10.407009,19415.25,19650.0,19650,ATM+5,CALL,19400,2023-11-07
2023-11-07 15:23:00+05:30,4.55,4.85,4.55,4.8,314100,4399000,10.479657,19416.85,19650.0,19650,ATM+5,CALL,19400,2023-11-07
2023-11-07 15:24:00+05:30,4.85,4.9,4.7,4.85,486800,4486400,10.474042,19417.75,19650.0,19650,ATM+5,CALL,19400,2023-11-07
2023-11-07 15:25:00+05:30,4.85,4.9,4.55,4.8,395450,4486400,10.481734,19416.9,19650.0,19650,ATM+5,CALL,19400,2023-11-07
2023-11-07 15:26:00+05:30,4.8,4.8,4.7,4.8,223100,4486400,10.419833,19418.65,19650.0,19650,ATM+5,CALL,19400,2023-11-07
2023-11-07 15:27:00+05:30,4.8,5.0,4.75,4.85,265200,4471700,10.516433,19416.75,19650.0,19650,ATM+5,CALL,19400,2023-11-07
2023-11-07 15:28:00+05:30,4.8,4.9,4.65,4.7,258600,4471700,10.625339,19411.7,19650.0,19650,ATM+5,CALL,19400,2023-11-07
2023-11-07 15:29:00+05:30,4.75,4.8,4.65,4.8,324650,4471700,10.478598,19417.2,19650.0,19650,ATM+5,CALL,19400,2023-11-07
2023-11-07 15:30:00+05:30,4.8,4.8,4.8,4.8,1100,4471700,10.482377,19417.15,19650.0,19650,ATM+5,CALL,19400,2023-11-07
2023-11-07 09:15:00+05:30,159.0,184.9,159.0,181.05,71750,224400,10.66892,19369.7,19550.0,19600,ATM+4,PUT,19400,2023-11-07
2023-11-07 09:16:00+05:30,181.1,189.65,181.05,186.1,53050,224400,7.539862,19354.55,19550.0,19600,ATM+4,PUT,19400,2023-11-07
2023-11-07 09:17:00+05:30,186.05,190.25,182.0,183.55,73000,244500,7.858107,19357.9,19550.0,19600,ATM+4,PUT,19400,2023-11-07
2023-11-07 09:18:00+05:30,183.3,186.05,181.5,182.35,37100,244500,9.227646,19362.85,19550.0,19600,ATM+4,PUT,19400,2023-11-07
2023-11-07 09:19:00+05:30,182.2,184.1,180.0,180.2,38800,244500,9.050573,19364.7,19550.0,19600,ATM+4,PUT,19400,2023-11-07
2023-11-07 09:20:00+05:30,179.5,179.65,170.7,171.25,90700,275300,8.786299,19373.9,19550.0,19600,ATM+4,PUT,19400,2023-11-07
2023-11-07 09:21:00+05:30,171.15,179.55,169.45,178.65,96450,275300,10.208744,19370.6,19550.0,19600,ATM+4,PUT,19400,2023-11-07
2023-11-07 09:22:00+05:30,222.05,222.4,217.35,217.9,27500,303050,9.800982,19375.3,19600.0,19600,ATM+4,PUT,19400,2023-11-07
2023-11-07 09:23:00+05:30,217.9,219.8,213.95,214.55,27750,332900,10.306121,19380.3,19600.0,19600,ATM+4,PUT,19400,2023-11-07
2023-11-07 09:24:00+05:30,214.55,214.55,212.25,213.65,32300,332900,10.57905,19382.1,19600.0,19600,ATM+4,PUT,19400,2023-11-07
2023-11-07 09:25:00+05:30,214.0,214.7,209.3,211.05,46100,332900,9.220798,19381.35,19600.0,19600,ATM+4,PUT,19400,2023-11-07
2023-11-07 09:26:00+05:30,167.95,177.25,167.95,172.35,69700,333050,9.297601,19374.4,19550.0,19600,ATM+4,PUT,19400,2023-11-07
2023-11-07 09:27:00+05:30,215.95,218.4,212.1,212.85,26150,338150,6.852437,19375.9,19600.0,19600,ATM+4,PUT,19400,2023-11-07
2023-11-07 09:28:00+05:30,170.35,174.1,169.0,171.9,28550,333050,8.782162,19373.15,19550.0,19600,ATM+4,PUT,19400,2023-11-07
2023-11-07 09:29:00+05:30,171.9,176.9,171.9,172.85,35150,353850,8.160502,19370.25,19550.0,19600,ATM+4,PUT,19400,2023-11-07
2023-11-07 09:30:00+05:30,173.2,179.6,170.75,177.65,33250,353850,9.234008,19368.15,19550.0,19600,ATM+4,PUT,19400,2023-11-07
2023-11-07 09:31:00+05:30,177.0,178.3,174.45,175.25,26400,353850,9.373031,19371.35,19550.0,19600,ATM+4,PUT,19400,2023-11-07
2023-11-07 09:32:00+05:30,175.25,175.4,171.6,174.2,12250,361400,9.387868,19372.6,19550.0,19600,ATM+4,PUT,19400,2023-11-07
2023-11-07 09:33:00+05:30,174.65,175.35,171.75,171.95,14950,361400,8.610457,19372.55,19550.0,19600,ATM+4,PUT,19400,2023-11-07
2023-11-07 09:34:00+05:30,171.9,177.65,171.9,176.0,20750,361400,8.255752,19367.05,19550.0,19600,ATM+4,PUT,19400,2023-11-07
2023-11-07 09:35:00+05:30,176.45,180.1,175.85,177.05,48400,364650,8.368341,19366.2,19550.0,19600,ATM+4,PUT,19400,2023-11-07
2023-11-07 09:36:00+05:30,176.55,178.0,173.5,174.05,15250,364650,7.18042,19366.7,19550.0,19600,ATM+4,PUT,19400,2023-11-07
2023-11-07 09:37:00+05:30,174.05,175.95,170.8,173.5,26650,364650,7.768678,19368.55,19550.0,19600,ATM+4,PUT,19400,2023-11-07
2023-11-07 09:38:00+05:30,173.5,176.45,172.7,175.6,16900,379400,6.596968,19364.1,19550.0,19600,ATM+4,PUT,19400,2023-11-07
2023-11-07 09:39:00+05:30,175.75,179.85,175.45,177.55,34150,379400,4.731176,19360.6,19550.0,19600,ATM+4,PUT,19400,2023-11-07
2023-11-07 09:40:00+05:30,177.65,179.05,175.15,175.15,23650,379400,0.0,19362.0,19550.0,19600,ATM+4,PUT,19400,2023-11-07
2023-11-07 09:41:00+05:30,175.4,175.4,171.1,174.45,22500,380600,3.46884,19363.55,19550.0,19600,ATM+4,PUT,19400,2023-11-07
2023-11-07 09:42:00+05:30,174.5,174.5,172.0,172.2,11700,380600,0.0,19363.0,19550.0,19600,ATM+4,PUT,19400,2023-11-07
2023-11-07 09:43:00+05:30,172.2,174.25,171.3,172.35,7550,380600,0.0,19365.15,19550.0,19600,ATM+4,PUT,19400,2023-11-07
2023-11-07 09:44:00+05:30,170.8,172.15,170.8,171.1,11700,386650,0.0,19366.5,19550.0,19600,ATM+4,PUT,19400,2023-11-07
2023-11-07 09:45:00+05:30,171.1,174.3,167.65,170.4,57450,386650,0.0,19366.45,19550.0,19600,ATM+4,PUT,19400,2023-11-07
2023-11-07 09:46:00+05:30,169.95,173.9,169.95,173.25,16750,386650,0.0,19362.65,19550.0,19600,ATM+4,PUT,19400,2023-11-07
2023-11-07 09:47:00+05:30,173.25,177.95,173.25,177.95,26650,401250,0.0,19355.65,19550.0,19600,ATM+4,PUT,19400,2023-11-07
2023-11-07 09:48:00+05:30,178.3,178.75,174.0,176.4,46950,401250,0.0,19358.85,19550.0,19600,ATM+4,PUT,19400,2023-11-07
2023-11-07 09:49:00+05:30,175.9,176.5,171.45,172.4,29100,401250,0.0,19363.6,19550.0,19600,ATM+4,PUT,19400,2023-11-07
2023-11-07 09:50:00+05:30,171.95,176.15,171.85,176.15,17850,421150,0.0,19359.4,19550.0,19600,ATM+4,PUT,19400,2023-11-07
2023-11-07 09:51:00+05:30,175.3,177.35,171.5,173.6,39150,421150,0.0,19362.8,19550.0,19600,ATM+4,PUT,19400,2023-11-07
2023-11-07 09:52:00+05:30,173.6,174.1,171.8,173.1,13600,421150,0.0,19363.6,19550.0,19600,ATM+4,PUT,19400,2023-11-07
2023-11-07 09:53:00+05:30,173.3,175.1,172.6,174.45,10450,427900,0.0,19362.1,19550.0,19600,ATM+4,PUT,19400,2023-11-07
2023-11-07 09:54:00+05:30,174.35,175.2,171.3,171.85,16800,427900,0.0,19363.85,19550.0,19600,ATM+4,PUT,19400,2023-11-07
2023-11-07 09:55:00+05:30,171.7,173.0,161.4,168.45,150800,427900,0.0,19369.0,19550.0,19600,ATM+4,PUT,19400,2023-11-07
2023-11-07 09:56:00+05:30,169.6,175.25,169.6,172.85,53000,449350,0.0,19362.95,19550.0,19600,ATM+4,PUT,19400,2023-11-07
2023-11-07 09:57:00+05:30,173.1,175.1,171.85,174.65,21550,449350,0.0,19361.45,19550.0,19600,ATM+4,PUT,19400,2023-11-07
2023-11-07 09:58:00+05:30,174.65,180.25,174.65,178.9,79000,449350,0.0,19356.1,19550.0,19600,ATM+4,PUT,19400,2023-11-07
2023-11-07 09:59:00+05:30,179.25,180.75,174.6,176.0,49000,425100,0.0,19358.05,19550.0,19600,ATM+4,PUT,19400,2023-11-07
2023-11-07 10:00:00+05:30,175.0,179.2,174.7,177.45,28100,425100,0.0,19356.0,19550.0,19600,ATM+4,PUT,19400,2023-11-07
2023-11-07 10:01:00+05:30,177.45,177.45,173.7,175.15,12900,425100,0.0,19361.4,19550.0,19600,ATM+4,PUT,19400,2023-11-07
2023-11-07 10:02:00+05:30,175.15,178.25,172.9,178.15,22550,426700,0.0,19356.3,19550.0,19600,ATM+4,PUT,19400,2023-11-07
2023-11-07 10:03:00+05:30,178.6,182.2,178.0,180.4,63300,426700,0.0,19353.2,19550.0,19600,ATM+4,PUT,19400,2023-11-07
2023-11-07 10:04:00+05:30,180.7,185.15,180.7,183.5,110250,426700,0.0,19350.75,19550.0,19600,ATM+4,PUT,19400,2023-11-07
2023-11-07 10:05:00+05:30,183.2,185.75,181.35,182.05,44650,408550,0.0,19350.4,19550.0,19600,ATM+4,PUT,19400,2023-11-07
2023-11-07 10:06:00+05:30,182.0,185.55,182.0,182.35,22300,408550,0.0,19351.9,19550.0,19600,ATM+4,PUT,19400,2023-11-07
2023-11-07 10:07:00+05:30,182.35,183.7,181.35,183.35,15050,408550,0.0,19350.5,19550.0,19600,ATM+4,PUT,19400,2023-11-07
2023-11-07 10:08:00+05:30,183.35,183.35,177.95,179.5,24200,414150,0.0,19355.3,19550.0,19600,ATM+4,PUT,19400,2023-11-07
2023-11-07 10:09:00+05:30,179.35,181.15,177.05,178.0,13900,414150,0.0,19357.6,19550.0,19600,ATM+4,PUT,19400,2023-11-07
2023-11-07 10:10:00+05:30,178.0,178.5,175.75,178.4,28900,414150,0.0,19357.55,19550.0,19600,ATM+4,PUT,19400,2023-11-07
2023-11-07 10:11:00+05:30,177.55,178.05,176.1,176.3,6250,415700,0.0,19359.0,19550.0,19600,ATM+4,PUT,19400,2023-11-07
2023-11-07 10:12:00+05:30,176.3,176.3,173.55,174.6,24800,415700,0.0,19360.9,19550.0,19600,ATM+4,PUT,19400,2023-11-07
2023-11-07 10:13:00+05:30,174.75,176.0,169.0,169.9,35950,415700,0.0,19364.3,19550.0,19600,ATM+4,PUT,19400,2023-11-07
2023-11-07 10:14:00+05:30,170.7,173.0,169.9,169.9,17200,415550,0.0,19366.2,19550.0,19600,ATM+4,PUT,19400,2023-11-07
2023-11-07 10:15:00+05:30,169.9,173.2,169.9,171.8,19450,415550,0.0,19364.6,19550.0,19600,ATM+4,PUT,19400,2023-11-07
2023-11-07 10:16:00+05:30,171.8,172.45,169.55,170.15,28950,415550,0.0,19365.45,19550.0,19600,ATM+4,PUT,19400,2023-11-07
2023-11-07 10:17:00+05:30,171.6,174.6,171.35,173.8,16550,416500,0.0,19362.75,19550.0,19600,ATM+4,PUT,19400,2023-11-07
2023-11-07 10:18:00+05:30,173.75,173.75,170.8,172.6,10500,416500,0.0,19363.95,19550.0,19600,ATM+4,PUT,19400,2023-11-07
2023-11-07 10:19:00+05:30,172.6,172.95,162.9,163.65,55000,416500,0.0,19369.55,19550.0,19600,ATM+4,PUT,19400,2023-11-07
2023-11-07 10:20:00+05:30,164.1,166.25,154.45,154.45,100500,442850,0.0,19373.05,19550.0,19600,ATM+4,PUT,19400,2023-11-07
2023-11-07 10:21:00+05:30,155.95,162.6,155.85,162.6,60200,442850,0.0,19372.65,19550.0,19600,ATM+4,PUT,19400,2023-11-07
2023-11-07 10:22:00+05:30,162.8,164.95,160.85,164.0,24100,442850,0.0,19371.5,19550.0,19600,ATM+4,PUT,19400,2023-11-07
2023-11-07 10:23:00+05:30,164.0,168.0,164.0,168.0,35450,452800,0.0,19365.1,19550.0,19600,ATM+4,PUT,19400,2023-11-07
2023-11-07 10:24:00+05:30,167.65,168.5,164.55,167.0,36900,452800,0.0,19365.9,19550.0,19600,ATM+4,PUT,19400,2023-11-07
2023-11-07 10:25:00+05:30,166.25,167.3,162.0,162.0,18150,452800,0.0,19371.7,19550.0,19600,ATM+4,PUT,19400,2023-11-07
2023-11-07 10:26:00+05:30,161.1,162.7,159.55,162.05,23950,449800,0.0,19372.5,19550.0,19600,ATM+4,PUT,19400,2023-11-07
2023-11-07 10:27:00+05:30,161.6,163.3,160.9,163.05,10700,449800,0.0,19369.25,19550.0,19600,ATM+4,PUT,19400,2023-11-07
2023-11-07 10:28:00+05:30,163.05,164.2,161.2,161.5,12850,449800,0.0,19370.25,19550.0,19600,ATM+4,PUT,19400,2023-11-07
2023-11-07 10:29:00+05:30,161.5,162.25,160.0,161.2,9100,456450,0.0,19370.65,19550.0,19600,ATM+4,PUT,19400,2023-11-07
2023-11-07 10:30:00+05:30,161.25,162.5,159.0,160.0,13600,456450,0.0,19373.6,19550.0,19600,ATM+4,PUT,19400,2023-11-07
2023-11-07 10:31:00+05:30,203.0,203.7,200.15,201.7,24100,432200,0.0,19376.55,19600.0,19600,ATM+4,PUT,19400,2023-11-07
2023-11-07 10:32:00+05:30,201.45,202.05,199.0,202.05,16600,450550,0.0,19375.8,19600.0,19600,ATM+4,PUT,19400,2023-11-07
2023-11-07 10:33:00+05:30,159.0,159.55,156.95,159.0,9400,465200,0.0,19374.35,19550.0,19600,ATM+4,PUT,19400,2023-11-07
2023-11-07 10:34:00+05:30,202.55,202.65,199.4,201.0,7150,450550,0.0,19375.5,19600.0,19600,ATM+4,PUT,19400,2023-11-07
2023-11-07 10:35:00+05:30,201.2,202.0,190.0,192.35,70050,464950,0.0,19384.6,19600.0,19600,ATM+4,PUT,19400,2023-11-07
2023-11-07 10:36:00+05:30,191.8,198.6,191.65,195.5,29200,464950,0.0,19379.95,19600.0,19600,ATM+4,PUT,19400,2023-11-07
2023-11-07 10:37:00+05:30,195.5,197.45,193.9,195.15,12600,464950,0.0,19381.45,19600.0,19600,ATM+4,PUT,19400,2023-11-07
2023-11-07 10:38:00+05:30,194.85,196.55,194.85,195.3,8850,458400,0.0,19381.15,19600.0,19600,ATM+4,PUT,19400,2023-11-07
2023-11-07 10:39:00+05:30,195.3,195.4,189.4,191.0,35450,458400,0.0,19385.3,19600.0,19600,ATM+4,PUT,19400,2023-11-07
2023-11-07 10:40:00+05:30,190.3,193.15,187.8,189.3,31500,458400,0.0,19387.55,19600.0,19600,ATM+4,PUT,19400,2023-11-07
2023-11-07 10:41:00+05:30,189.25,189.55,185.8,189.5,52400,484800,0.0,19390.45,19600.0,19600,ATM+4,PUT,19400,2023-11-07
2023-11-07 10:42:00+05:30,189.05,194.3,189.05,192.95,53500,484800,0.0,19388.35,19600.0,19600,ATM+4,PUT,19400,2023-11-07
2023-11-07 10:43:00+05:30,192.95,194.55,192.55,193.75,13700,484800,0.0,19387.55,19600.0,19600,ATM+4,PUT,19400,2023-11-07
2023-11-07 10:44:00+05:30,193.75,194.1,187.5,187.9,33600,484800,0.0,19393.05,19600.0,19600,ATM+4,PUT,19400,2023-11-07
2023-11-07 10:45:00+05:30,188.0,191.0,185.45,191.0,36750,484800,0.0,19392.95,19600.0,19600,ATM+4,PUT,19400,2023-11-07
2023-11-07 10:46:00+05:30,191.25,194.85,191.05,193.7,25700,484800,0.0,19390.3,19600.0,19600,ATM+4,PUT,19400,2023-11-07
2023-11-07 10:47:00+05:30,193.7,196.2,193.0,193.95,15400,497000,0.0,19389.55,19600.0,19600,ATM+4,PUT,19400,2023-11-07
2023-11-07 10:48:00+05:30,194.1,195.25,192.45,192.5,16150,497000,0.0,19390.0,19600.0,19600,ATM+4,PUT,19400,2023-11-07
2023-11-07 10:49:00+05:30,192.55,193.65,191.1,193.1,10500,497000,0.0,19391.4,19600.0,19600,ATM+4,PUT,19400,2023-11-07
2023-11-07 10:50:00+05:30,193.3,195.0,193.2,193.85,10650,502300,0.0,19391.6,19600.0,19600,ATM+4,PUT,19400,2023-11-07
2023-11-07 10:51:00+05:30,193.85,200.25,193.55,198.6,30600,502300,0.0,19387.4,19600.0,19600,ATM+4,PUT,19400,2023-11-07
2023-11-07 10:52:00+05:30,198.6,207.0,198.6,206.15,40900,502300,0.0,19382.05,19600.0,19600,ATM+4,PUT,19400,2023-11-07
2023-11-07 10:53:00+05:30,206.15,206.6,201.2,202.4,18500,485400,0.0,19385.55,19600.0,19600,ATM+4,PUT,19400,2023-11-07
2023-11-07 10:54:00+05:30,202.4,205.05,201.35,204.35,33850,485400,7.015035,19385.0,19600.0,19600,ATM+4,PUT,19400,2023-11-07
2023-11-07 10:55:00+05:30,203.9,206.4,202.6,206.0,20150,485400,8.147021,19384.75,19600.0,19600,ATM+4,PUT,19400,2023-11-07
2023-11-07 10:56:00+05:30,205.8,207.1,204.45,205.85,19950,480000,8.172018,19384.95,19600.0,19600,ATM+4,PUT,19400,2023-11-07
2023-11-07 10:57:00+05:30,205.8,210.2,205.55,206.65,29100,480000,7.021134,19382.65,19600.0,19600,ATM+4,PUT,19400,2023-11-07
2023-11-07 10:58:00+05:30,207.1,207.1,204.0,204.0,11200,480000,6.590441,19385.0,19600.0,19600,ATM+4,PUT,19400,2023-11-07
2023-11-07 10:59:00+05:30,204.0,209.6,204.0,209.05,16300,488900,7.795309,19381.05,19600.0,19600,ATM+4,PUT,19400,2023-11-07
2023-11-07 11:00:00+05:30,209.2,209.2,205.45,205.55,29200,488900,0.0,19382.5,19600.0,19600,ATM+4,PUT,19400,2023-11-07
2023-11-07 11:01:00+05:30,205.55,207.0,202.4,206.85,21550,488900,8.407498,19384.3,19600.0,19600,ATM+4,PUT,19400,2023-11-07
2023-11-07 11:02:00+05:30,206.85,206.95,204.55,204.6,17500,466250,8.498746,19386.85,19600.0,19600,ATM+4,PUT,19400,2023-11-07
2023-11-07 11:03:00+05:30,204.25,207.0,203.05,205.3,11650,466250,9.064724,19387.25,19600.0,19600,ATM+4,PUT,19400,2023-11-07
2023-11-07 11:04:00+05:30,204.5,205.2,202.05,203.75,9450,466250,7.937761,19386.8,19600.0,19600,ATM+4,PUT,19400,2023-11-07
2023-11-07 11:05:00+05:30,203.75,204.45,201.0,203.0,10500,466200,6.7244,19386.15,19600.0,19600,ATM+4,PUT,19400,2023-11-07
2023-11-07 11:06:00+05:30,202.7,202.7,199.3,200.75,15250,466200,5.895185,19387.9,19600.0,19600,ATM+4,PUT,19400,2023-11-07
2023-11-07 11:07:00+05:30,200.0,200.35,198.0,199.2,16150,466200,5.475717,19389.3,19600.0,19600,ATM+4,PUT,19400,2023-11-07
2023-11-07 11:08:00+05:30,199.2,200.4,197.7,197.7,10950,464100,0.0,19390.1,19600.0,19600,ATM+4,PUT,19400,2023-11-07
2023-11-07 11:09:00+05:30,197.7,198.0,194.2,194.95,25800,464100,6.158307,19393.95,19600.0,19600,ATM+4,PUT,19400,2023-11-07
2023-11-07 11:10:00+05:30,196.45,196.45,192.8,193.1,17850,464100,4.603457,19395.25,19600.0,19600,ATM+4,PUT,19400,2023-11-07
2023-11-07 11:11:00+05:30,192.55,196.95,192.55,195.0,17700,474500,8.171353,19396.45,19600.0,19600,ATM+4,PUT,19400,2023-11-07
2023-11-07 11:12:00+05:30,195.0,197.0,193.5,197.0,9050,474500,8.101987,19394.2,19600.0,19600,ATM+4,PUT,19400,2023-11-07
2023-11-07 11:13:00+05:30,196.7,198.6,195.3,195.3,16700,474500,0.0,19391.45,19600.0,19600,ATM+4,PUT,19400,2023-11-07
2023-11-07 11:14:00+05:30,195.3,197.35,195.0,197.2,6950,473050,7.367827,19392.85,19600.0,19600,ATM+4,PUT,19400,2023-11-07
2023-11-07 11:15:00+05:30,197.2,201.0,196.95,201.0,33450,473050,7.770474,19389.45,19600.0,19600,ATM+4,PUT,19400,2023-11-07
2023-11-07 11:16:00+05:30,201.0,201.65,197.6,198.8,7150,473050,6.992628,19390.75,19600.0,19600,ATM+4,PUT,19400,2023-11-07
2023-11-07 11:17:00+05:30,199.65,200.0,196.6,197.55,6350,478500,8.22611,19393.85,19600.0,19600,ATM+4,PUT,19400,2023-11-07
2023-11-07 11:18:00+05:30,197.55,197.7,194.0,195.0,13000,478500,8.895284,19398.0,19600.0,19600,ATM+4,PUT,19400,2023-11-07
2023-11-07 11:19:00+05:30,195.0,195.85,194.45,195.3,7300,478500,8.356275,19396.5,19600.0,19600,ATM+4,PUT,19400,2023-11-07
2023-11-07 11:20:00+05:30,195.6,196.45,195.0,195.2,17550,491200,8.145346,19396.2,19600.0,19600,ATM+4,PUT,19400,2023-11-07
2023-11-07 11:21:00+05:30,195.1,196.6,194.2,194.55,6200,491200,7.81112,19396.3,19600.0,19600,ATM+4,PUT,19400,2023-11-07
2023-11-07 11:22:00+05:30,195.0,199.8,195.0,197.6,6200,491200,8.33053,19394.0,19600.0,19600,ATM+4,PUT,19400,2023-11-07
2023-11-07 11:23:00+05:30,197.6,199.55,197.0,199.25,7500,490050,7.738392,19391.25,19600.0,19600,ATM+4,PUT,19400,2023-11-07
2023-11-07 11:24:00+05:30,198.8,201.6,198.8,199.9,11300,490050,7.791103,19390.65,19600.0,19600,ATM+4,PUT,19400,2023-11-07
2023-11-07 11:25:00+05:30,199.9,200.95,197.6,200.6,10200,490050,8.456117,19391.05,19600.0,19600,ATM+4,PUT,19400,2023-11-07
2023-11-07 11:26:00+05:30,200.6,201.8,199.2,200.7,10000,492150,6.455472,19388.35,19600.0,19600,ATM+4,PUT,19400,2023-11-07
2023-11-07 11:27:00+05:30,201.05,202.0,199.2,199.2,11250,492150,8.105443,19391.9,19600.0,19600,ATM+4,PUT,19400,2023-11-07
2023-11-07 11:28:00+05:30,198.85,201.75,198.6,200.3,5200,492150,7.400587,19389.7,19600.0,19600,ATM+4,PUT,19400,2023-11-07
2023-11-07 11:29:00+05:30,200.0,201.6,200.0,201.15,7600,487400,8.108718,19389.85,19600.0,19600,ATM+4,PUT,19400,2023-11-07
2023-11-07 11:30:00+05:30,201.15,204.85,199.85,204.8,18500,487400,9.413098,19388.6,19600.0,19600,ATM+4,PUT,19400,2023-11-07
2023-11-07 11:31:00+05:30,204.8,206.5,204.35,205.25,19550,487400,8.864717,19386.9,19600.0,19600,ATM+4,PUT,19400,2023-11-07
2023-11-07 11:32:00+05:30,205.25,207.2,203.1,203.1,12550,475350,9.267736,19390.1,19600.0,19600,ATM+4,PUT,19400,2023-11-07
2023-11-07 11:33:00+05:30,203.4,206.0,203.4,206.0,13450,475350,9.349731,19387.15,19600.0,19600,ATM+4,PUT,19400,2023-11-07
2023-11-07 11:34:00+05:30,206.0,206.45,204.85,205.35,5900,475350,9.43267,19388.05,19600.0,19600,ATM+4,PUT,19400,2023-11-07
2023-11-07 11:35:00+05:30,205.45,205.45,200.3,200.95,20450,477250,9.630133,19393.35,19600.0,19600,ATM+4,PUT,19400,2023-11-07
2023-11-07 11:36:00+05:30,200.95,202.85,199.0,199.0,9500,477250,9.595484,19395.4,19600.0,19600,ATM+4,PUT,19400,2023-11-07
2023-11-07 11:37:00+05:30,199.0,202.3,198.85,200.6,6000,477250,9.747816,19394.05,19600.0,19600,ATM+4,PUT,19400,2023-11-07
2023-11-07 11:38:00+05:30,201.0,203.4,199.55,202.75,7450,478650,10.350321,19393.4,19600.0,19600,ATM+4,PUT,19400,2023-11-07
2023-11-07 11:39:00+05:30,202.75,206.05,202.15,205.65,8500,478650,10.345375,19390.15,19600.0,19600,ATM+4,PUT,19400,2023-11-07
2023-11-07 11:40:00+05:30,205.65,224.45,205.55,219.8,126800,478650,11.075527,19376.55,19600.0,19600,ATM+4,PUT,19400,2023-11-07
2023-11-07 11:41:00+05:30,175.95,188.25,175.05,184.05,155600,443200,10.646403,19365.65,19550.0,19600,ATM+4,PUT,19400,2023-11-07
2023-11-07 11:42:00+05:30,185.1,189.45,185.1,187.95,74250,443200,10.158662,19359.4,19550.0,19600,ATM+4,PUT,19400,2023-11-07
2023-11-07 11:43:00+05:30,188.6,188.6,185.45,188.0,31000,443200,8.650086,19355.0,19550.0,19600,ATM+4,PUT,19400,2023-11-07
2023-11-07 11:44:00+05:30,188.0,190.65,186.55,190.3,26850,434750,9.4997,19354.7,19550.0,19600,ATM+4,PUT,19400,2023-11-07
2023-11-07 11:45:00+05:30,192.85,210.8,191.15,210.05,245750,434750,11.885688,19340.2,19550.0,19600,ATM+4,PUT,19400,2023-11-07
2023-11-07 11:46:00+05:30,209.05,214.0,202.95,206.15,58100,434750,12.140283,19345.7,19550.0,19600,ATM+4,PUT,19400,2023-11-07
2023-11-07 11:47:00+05:30,206.7,207.0,202.3,204.2,26750,381200,11.508009,19345.55,19550.0,19600,ATM+4,PUT,19400,2023-11-07
2023-11-07 11:48:00+05:30,204.2,211.55,204.2,207.95,37050,381200,11.691868,19341.9,19550.0,19600,ATM+4,PUT,19400,2023-11-07
2023-11-07 11:49:00+05:30,208.25,218.55,207.55,214.95,68300,381200,12.53152,19336.95,19550.0,19600,ATM+4,PUT,19400,2023-11-07
2023-11-07 11:50:00+05:30,215.8,215.8,209.7,209.7,34700,360300,12.128476,19341.5,19550.0,19600,ATM+4,PUT,19400,2023-11-07
2023-11-07 11:51:00+05:30,211.35,213.45,206.7,207.05,14850,360300,11.952066,19343.9,19550.0,19600,ATM+4,PUT,19400,2023-11-07
2023-11-07 11:52:00+05:30,205.7,211.0,205.0,210.35,21900,360300,12.025782,19340.35,19550.0,19600,ATM+4,PUT,19400,2023-11-07
2023-11-07 11:53:00+05:30,210.35,214.2,210.35,212.8,17750,353250,12.169593,19338.05,19550.0,19600,ATM+4,PUT,19400,2023-11-07
2023-11-07 11:54:00+05:30,212.8,220.55,212.8,220.0,42150,353250,12.499011,19330.95,19550.0,19600,ATM+4,PUT,19400,2023-11-07
2023-11-07 11:55:00+05:30,221.0,221.45,209.25,211.35,36000,353250,12.996837,19343.05,19550.0,19600,ATM+4,PUT,19400,2023-11-07
2023-11-07 11:56:00+05:30,211.8,214.35,209.75,211.7,11000,360050,12.664222,19341.25,19550.0,19600,ATM+4,PUT,19400,2023-11-07
2023-11-07 11:57:00+05:30,211.7,213.0,210.0,211.1,6750,360050,12.797775,19342.5,19550.0,19600,ATM+4,PUT,19400,2023-11-07
2023-11-07 11:58:00+05:30,211.1,214.0,211.0,211.3,4900,360050,12.698298,19341.85,19550.0,19600,ATM+4,PUT,19400,2023-11-07
2023-11-07 11:59:00+05:30,211.3,211.3,207.0,207.6,11250,361700,12.378897,19344.9,19550.0,19600,ATM+4,PUT,19400,2023-11-07
2023-11-07 12:00:00+05:30,207.35,211.4,207.35,210.4,11900,361700,12.154824,19340.75,19550.0,19600,ATM+4,PUT,19400,2023-11-07
2023-11-07 12:01:00+05:30,210.25,212.0,209.25,210.7,5450,361700,12.142128,19340.35,19550.0,19600,ATM+4,PUT,19400,2023-11-07
2023-11-07 12:02:00+05:30,211.0,213.9,209.85,213.0,9700,354700,11.941103,19336.95,19550.0,19600,ATM+4,PUT,19400,2023-11-07
2023-11-07 12:03:00+05:30,213.0,213.35,209.05,210.3,6650,354700,12.398959,19341.8,19550.0,19600,ATM+4,PUT,19400,2023-11-07
2023-11-07 12:04:00+05:30,211.0,211.5,209.75,210.8,4750,354700,12.05607,19339.9,19550.0,19600,ATM+4,PUT,19400,2023-11-07
2023-11-07 12:05:00+05:30,210.8,211.1,206.15,206.15,7500,348050,11.794685,19344.3,19550.0,19600,ATM+4,PUT,19400,2023-11-07
2023-11-07 12:06:00+05:30,202.7,208.35,202.7,207.85,12350,348050,12.508408,19345.1,19550.0,19600,ATM+4,PUT,19400,2023-11-07
2023-11-07 12:07:00+05:30,207.85,207.9,199.85,202.0,10850,348050,12.230275,19350.85,19550.0,19600,ATM+4,PUT,19400,2023-11-07
2023-11-07 12:08:00+05:30,202.5,203.3,202.5,203.1,2100,345750,12.254978,19349.65,19550.0,19600,ATM+4,PUT,19400,2023-11-07
2023-11-07 12:09:00+05:30,203.8,206.35,203.8,204.5,5100,345750,12.837243,19350.45,19550.0,19600,ATM+4,PUT,19400,2023-11-07
2023-11-07 12:10:00+05:30,204.5,209.25,204.45,204.95,4600,345750,12.555189,19348.7,19550.0,19600,ATM+4,PUT,19400,2023-11-07
2023-11-07 12:11:00+05:30,205.7,206.25,203.2,203.4,6900,344800,12.605799,19350.75,19550.0,19600,ATM+4,PUT,19400,2023-11-07
2023-11-07 12:12:00+05:30,203.4,205.35,202.85,204.95,5450,344800,13.317296,19352.05,19550.0,19600,ATM+4,PUT,19400,2023-11-07
2023-11-07 12:13:00+05:30,204.95,206.9,204.5,206.9,2200,344800,13.254234,19349.4,19550.0,19600,ATM+4,PUT,19400,2023-11-07
2023-11-07 12:14:00+05:30,206.55,206.55,204.0,204.0,6300,345600,13.156737,19352.45,19550.0,19600,ATM+4,PUT,19400,2023-11-07
2023-11-07 12:15:00+05:30,204.0,207.0,203.3,204.8,8250,345600,13.422109,19352.7,19550.0,19600,ATM+4,PUT,19400,2023-11-07
2023-11-07 12:16:00+05:30,204.8,205.0,203.5,204.4,6400,345600,13.372936,19352.95,19550.0,19600,ATM+4,PUT,19400,2023-11-07
2023-11-07 12:17:00+05:30,204.4,205.4,203.6,204.75,5400,341600,13.336557,19352.35,19550.0,19600,ATM+4,PUT,19400,2023-11-07
2023-11-07 12:18:00+05:30,204.75,206.15,201.95,202.85,10850,341600,13.346946,19354.7,19550.0,19600,ATM+4,PUT,19400,2023-11-07
2023-11-07 12:19:00+05:30,202.8,203.1,194.5,195.55,24700,341600,12.39073,19359.15,19550.0,19600,ATM+4,PUT,19400,2023-11-07
2023-11-07 12:20:00+05:30,195.55,197.5,191.7,197.0,17600,348700,12.844345,19359.45,19550.0,19600,ATM+4,PUT,19400,2023-11-07
2023-11-07 12:21:00+05:30,197.35,200.05,197.35,199.0,12800,348700,12.904757,19357.3,19550.0,19600,ATM+4,PUT,19400,2023-11-07
2023-11-07 12:22:00+05:30,199.0,202.35,198.6,202.1,13400,348700,13.036705,19354.15,19550.0,19600,ATM+4,PUT,19400,2023-11-07
2023-11-07 12:23:00+05:30,202.1,203.8,201.0,201.25,7750,348700,12.720048,19353.75,19550.0,19600,ATM+4,PUT,19400,2023-11-07
2023-11-07 12:24:00+05:30,201.25,201.7,199.7,200.3,4450,342750,12.869038,19355.55,19550.0,19600,ATM+4,PUT,19400,2023-11-07
2023-11-07 12:25:00+05:30,201.5,201.5,199.0,200.0,4800,342750,12.944734,19356.25,19550.0,19600,ATM+4,PUT,19400,2023-11-07
2023-11-07 12:26:00+05:30,200.0,202.1,200.0,200.5,3700,344700,13.174638,19356.7,19550.0,19600,ATM+4,PUT,19400,2023-11-07
2023-11-07 12:27:00+05:30,201.9,204.0,200.85,201.9,11850,344700,13.154281,19354.9,19550.0,19600,ATM+4,PUT,19400,2023-11-07
2023-11-07 12:28:00+05:30,201.9,203.0,200.55,202.2,2850,344700,13.004929,19353.85,19550.0,19600,ATM+4,PUT,19400,2023-11-07
2023-11-07 12:29:00+05:30,202.9,206.0,202.5,204.0,16200,341400,13.383176,19353.4,19550.0,19600,ATM+4,PUT,19400,2023-11-07
2023-11-07 12:30:00+05:30,204.1,205.4,202.0,202.95,8000,341400,13.052758,19353.15,19550.0,19600,ATM+4,PUT,19400,2023-11-07
2023-11-07 12:31:00+05:30,202.95,206.35,201.5,204.85,15250,341400,13.12936,19351.2,19550.0,19600,ATM+4,PUT,19400,2023-11-07
2023-11-07 12:32:00+05:30,204.85,205.15,197.2,197.2,16950,340700,12.11895,19355.95,19550.0,19600,ATM+4,PUT,19400,2023-11-07
2023-11-07 12:33:00+05:30,198.0,198.5,195.8,197.45,16000,340700,12.560925,19357.55,19550.0,19600,ATM+4,PUT,19400,2023-11-07
2023-11-07 12:34:00+05:30,197.45,197.45,184.1,184.4,29200,340700,10.661473,19365.15,19550.0,19600,ATM+4,PUT,19400,2023-11-07
2023-11-07 12:35:00+05:30,184.0,188.05,183.05,185.7,23200,336700,11.529825,19367.1,19550.0,19600,ATM+4,PUT,19400,2023-11-07
2023-11-07 12:36:00+05:30,186.05,191.7,186.05,191.7,12950,336700,12.414546,19363.8,19550.0,19600,ATM+4,PUT,19400,2023-11-07
2023-11-07 12:37:00+05:30,191.1,191.2,186.5,186.9,9000,336700,12.053237,19367.95,19550.0,19600,ATM+4,PUT,19400,2023-11-07
2023-11-07 12:38:00+05:30,186.7,190.0,186.7,188.05,3950,336850,12.314779,19367.75,19550.0,19600,ATM+4,PUT,19400,2023-11-07
2023-11-07 12:39:00+05:30,188.05,190.05,188.05,190.05,5550,336850,12.397195,19365.7,19550.0,19600,ATM+4,PUT,19400,2023-11-07
2023-11-07 12:40:00+05:30,190.05,192.8,188.9,190.0,9650,336850,12.209019,19364.9,19550.0,19600,ATM+4,PUT,19400,2023-11-07
2023-11-07 12:41:00+05:30,193.2,196.35,190.75,191.0,16550,332600,12.700826,19365.95,19550.0,19600,ATM+4,PUT,19400,2023-11-07
2023-11-07 12:42:00+05:30,191.0,195.3,191.0,195.2,7750,332600,13.475195,19364.55,19550.0,19600,ATM+4,PUT,19400,2023-11-07
2023-11-07 12:43:00+05:30,195.2,196.0,193.85,195.0,11250,332600,13.366673,19364.25,19550.0,19600,ATM+4,PUT,19400,2023-11-07
2023-11-07 12:44:00+05:30,195.0,195.8,192.8,195.4,8200,337100,13.30587,19363.45,19550.0,19600,ATM+4,PUT,19400,2023-11-07
2023-11-07 12:45:00+05:30,194.85,195.5,191.7,192.65,4750,337100,13.023516,19365.45,19550.0,19600,ATM+4,PUT,19400,2023-11-07
2023-11-07 12:46:00+05:30,192.7,194.3,191.9,192.0,6550,337100,12.901009,19365.65,19550.0,19600,ATM+4,PUT,19400,2023-11-07
2023-11-07 12:47:00+05:30,192.0,194.15,188.0,189.0,6850,339150,12.80267,19368.85,19550.0,19600,ATM+4,PUT,19400,2023-11-07
2023-11-07 12:48:00+05:30,189.05,190.0,187.6,188.75,6150,339150,13.301855,19371.65,19550.0,19600,ATM+4,PUT,19400,2023-11-07
2023-11-07 12:49:00+05:30,188.15,189.75,187.2,189.75,11950,339150,13.582647,19371.85,19550.0,19600,ATM+4,PUT,19400,2023-11-07
2023-11-07 12:50:00+05:30,189.9,191.7,188.3,191.7,22750,332550,13.378674,19368.35,19550.0,19600,ATM+4,PUT,19400,2023-11-07
2023-11-07 12:51:00+05:30,191.7,192.35,188.0,188.25,15600,332550,12.813659,19369.8,19550.0,19600,ATM+4,PUT,19400,2023-11-07
2023-11-07 12:52:00+05:30,188.0,188.8,185.5,187.9,20450,332550,12.859594,19370.45,19550.0,19600,ATM+4,PUT,19400,2023-11-07
2023-11-07 12:53:00+05:30,187.9,190.6,187.9,190.4,2750,332550,13.010166,19368.1,19550.0,19600,ATM+4,PUT,19400,2023-11-07
2023-11-07 12:54:00+05:30,190.4,196.55,190.4,195.3,17700,334450,13.497617,19364.45,19550.0,19600,ATM+4,PUT,19400,2023-11-07
2023-11-07 12:55:00+05:30,195.0,197.2,194.7,196.55,9200,334450,13.334912,19362.1,19550.0,19600,ATM+4,PUT,19400,2023-11-07
2023-11-07 12:56:00+05:30,197.4,199.15,194.95,195.9,10900,333100,13.202071,19362.25,19550.0,19600,ATM+4,PUT,19400,2023-11-07
2023-11-07 12:57:00+05:30,195.55,195.55,192.65,194.8,5850,333100,13.285751,19364.0,19550.0,19600,ATM+4,PUT,19400,2023-11-07
2023-11-07 12:58:00+05:30,194.45,194.45,191.5,191.55,6000,333100,12.896021,19366.1,19550.0,19600,ATM+4,PUT,19400,2023-11-07
2023-11-07 12:59:00+05:30,191.55,192.75,190.0,192.35,3700,333100,13.253329,19366.85,19550.0,19600,ATM+4,PUT,19400,2023-11-07
2023-11-07 13:00:00+05:30,192.35,192.35,190.4,191.7,5900,334900,13.253887,19367.65,19550.0,19600,ATM+4,PUT,19400,2023-11-07
2023-11-07 13:01:00+05:30,191.7,192.0,186.75,187.95,11750,334900,12.699377,19369.55,19550.0,19600,ATM+4,PUT,19400,2023-11-07
2023-11-07 13:02:00+05:30,187.95,190.6,187.95,189.85,4250,334900,13.016866,19368.75,19550.0,19600,ATM+4,PUT,19400,2023-11-07
2023-11-07 13:03:00+05:30,190.2,191.35,188.75,189.25,5850,338800,13.21042,19370.45,19550.0,19600,ATM+4,PUT,19400,2023-11-07
2023-11-07 13:04:00+05:30,189.25,190.05,187.8,189.7,8200,338800,13.233533,19370.0,19550.0,19600,ATM+4,PUT,19400,2023-11-07
2023-11-07 13:05:00+05:30,189.7,190.9,189.05,189.75,3850,339150,13.09732,19369.25,19550.0,19600,ATM+4,PUT,19400,2023-11-07
2023-11-07 13:06:00+05:30,189.75,190.9,188.4,188.75,4800,339150,13.318527,19371.6,19550.0,19600,ATM+4,PUT,19400,2023-11-07
2023-11-07 13:07:00+05:30,188.75,191.0,188.75,190.65,5600,339150,13.293554,19369.1,19550.0,19600,ATM+4,PUT,19400,2023-11-07
2023-11-07 13:08:00+05:30,190.55,193.55,190.55,192.3,12050,339150,13.493428,19368.05,19550.0,19600,ATM+4,PUT,19400,2023-11-07
2023-11-07 13:09:00+05:30,192.3,193.2,191.35,191.9,3950,338900,13.286503,19367.5,19550.0,19600,ATM+4,PUT,19400,2023-11-07
2023-11-07 13:10:00+05:30,191.9,194.55,191.9,194.3,5050,338900,13.523423,19365.7,19550.0,19600,ATM+4,PUT,19400,2023-11-07
2023-11-07 13:11:00+05:30,195.0,195.0,193.15,193.15,5550,338900,13.859704,19368.85,19550.0,19600,ATM+4,PUT,19400,2023-11-07
2023-11-07 13:12:00+05:30,193.15,199.05,193.15,197.65,20200,336750,13.916049,19363.5,19550.0,19600,ATM+4,PUT,19400,2023-11-07
2023-11-07 13:13:00+05:30,197.7,203.0,197.55,197.7,20550,336750,13.929872,19363.5,19550.0,19600,ATM+4,PUT,19400,2023-11-07
2023-11-07 13:14:00+05:30,196.65,197.6,194.2,195.25,6850,336750,13.977068,19366.8,19550.0,19600,ATM+4,PUT,19400,2023-11-07
2023-11-07 13:15:00+05:30,195.25,198.45,195.25,196.95,5800,329700,14.290731,19366.3,19550.0,19600,ATM+4,PUT,19400,2023-11-07
2023-11-07 13:16:00+05:30,196.95,196.95,194.0,194.0,2100,329700,13.764458,19367.25,19550.0,19600,ATM+4,PUT,19400,2023-11-07
2023-11-07 13:17:00+05:30,193.8,196.5,192.4,195.5,4850,329700,13.858586,19365.85,19550.0,19600,ATM+4,PUT,19400,2023-11-07
2023-11-07 13:18:00+05:30,195.5,199.8,195.35,198.35,6950,328950,13.810437,19362.05,19550.0,19600,ATM+4,PUT,19400,2023-11-07
2023-11-07 13:19:00+05:30,198.6,199.2,197.05,199.05,7350,328950,14.004833,19362.15,19550.0,19600,ATM+4,PUT,19400,2023-11-07
2023-11-07 13:20:00+05:30,199.2,201.25,199.2,200.95,13000,328950,14.038808,19359.95,19550.0,19600,ATM+4,PUT,19400,2023-11-07
2023-11-07 13:21:00+05:30,200.95,207.95,200.95,201.65,26800,333700,13.748923,19357.65,19550.0,19600,ATM+4,PUT,19400,2023-11-07
2023-11-07 13:22:00+05:30,201.45,201.7,198.2,200.95,12200,333700,14.041985,19359.95,19550.0,19600,ATM+4,PUT,19400,2023-11-07
2023-11-07 13:23:00+05:30,200.95,201.15,194.55,194.65,11300,333700,12.785102,19361.65,19550.0,19600,ATM+4,PUT,19400,2023-11-07
2023-11-07 13:24:00+05:30,194.5,196.9,194.0,196.85,5950,329900,13.254752,19361.15,19550.0,19600,ATM+4,PUT,19400,2023-11-07
2023-11-07 13:25:00+05:30,196.05,198.4,194.0,194.0,8200,329900,13.132258,19364.05,19550.0,19600,ATM+4,PUT,19400,2023-11-07
2023-11-07 13:26:00+05:30,194.0,194.0,190.35,192.55,12300,329900,12.647903,19363.55,19550.0,19600,ATM+4,PUT,19400,2023-11-07
2023-11-07 13:27:00+05:30,192.55,198.85,192.55,198.85,5550,331100,13.246347,19358.65,19550.0,19600,ATM+4,PUT,19400,2023-11-07
2023-11-07 13:28:00+05:30,199.2,199.2,195.4,196.65,3150,331100,12.430303,19357.65,19550.0,19600,ATM+4,PUT,19400,2023-11-07
2023-11-07 13:29:00+05:30,196.65,197.9,196.0,197.0,1450,331100,11.976115,19355.35,19550.0,19600,ATM+4,PUT,19400,2023-11-07
2023-11-07 13:30:00+05:30,196.65,197.95,196.35,197.95,4400,332300,12.479603,19356.3,19550.0,19600,ATM+4,PUT,19400,2023-11-07
2023-11-07 13:31:00+05:30,197.95,198.65,196.95,198.0,6600,332300,12.134048,19354.8,19550.0,19600,ATM+4,PUT,19400,2023-11-07
2023-11-07 13:32:00+05:30,198.2,198.2,190.95,191.05,8350,332300,11.802671,19361.65,19550.0,19600,ATM+4,PUT,19400,2023-11-07
2023-11-07 13:33:00+05:30,191.05,192.15,186.0,186.0,28750,333650,11.028169,19364.5,19550.0,19600,ATM+4,PUT,19400,2023-11-07
2023-11-07 13:34:00+05:30,186.3,186.3,179.65,179.65,50200,333650,10.753878,19370.85,19550.0,19600,ATM+4,PUT,19400,2023-11-07
2023-11-07 13:35:00+05:30,181.2,185.0,179.6,182.65,20000,333650,11.99179,19372.5,19550.0,19600,ATM+4,PUT,19400,2023-11-07
2023-11-07 13:36:00+05:30,182.65,186.0,180.8,185.4,11900,322550,12.197401,19370.1,19550.0,19600,ATM+4,PUT,19400,2023-11-07
2023-11-07 13:37:00+05:30,185.4,188.45,184.35,184.35,8800,322550,11.497197,19368.3,19550.0,19600,ATM+4,PUT,19400,2023-11-07
2023-11-07 13:38:00+05:30,184.35,184.35,181.15,183.3,5500,322550,11.207636,19368.35,19550.0,19600,ATM+4,PUT,19400,2023-11-07
2023-11-07 13:39:00+05:30,183.4,183.4,181.45,182.4,7000,319900,11.081598,19368.9,19550.0,19600,ATM+4,PUT,19400,2023-11-07
2023-11-07 13:40:00+05:30,182.4,183.65,176.3,176.7,18950,319900,10.435713,19373.05,19550.0,19600,ATM+4,PUT,19400,2023-11-07
2023-11-07 13:41:00+05:30,176.6,182.0,176.6,178.3,11950,319900,11.122666,19373.9,19550.0,19600,ATM+4,PUT,19400,2023-11-07
2023-11-07 13:42:00+05:30,178.3,181.35,177.7,178.1,12400,316650,11.268907,19374.75,19550.0,19600,ATM+4,PUT,19400,2023-11-07
2023-11-07 13:43:00+05:30,178.1,180.35,178.1,180.0,4400,316650,11.700756,19374.35,19550.0,19600,ATM+4,PUT,19400,2023-11-07
2023-11-07 13:44:00+05:30,180.0,182.5,179.3,180.3,9450,316650,11.46398,19372.95,19550.0,19600,ATM+4,PUT,19400,2023-11-07
2023-11-07 13:45:00+05:30,180.0,181.15,178.55,180.15,8350,319000,11.305164,19372.45,19550.0,19600,ATM+4,PUT,19400,2023-11-07
2023-11-07 13:46:00+05:30,180.3,182.65,180.3,182.45,3200,319000,11.263988,19369.55,19550.0,19600,ATM+4,PUT,19400,2023-11-07
2023-11-07 13:47:00+05:30,182.1,184.75,180.0,180.0,5650,319000,11.264615,19372.45,19550.0,19600,ATM+4,PUT,19400,2023-11-07
2023-11-07 13:48:00+05:30,180.0,181.45,179.3,179.65,2200,322800,11.321327,19373.1,19550.0,19600,ATM+4,PUT,19400,2023-11-07
2023-11-07 13:49:00+05:30,179.65,181.1,176.6,178.3,6550,322800,11.045635,19373.55,19550.0,19600,ATM+4,PUT,19400,2023-11-07
2023-11-07 13:50:00+05:30,223.4,223.4,215.65,217.55,24050,339850,10.549085,19377.45,19600.0,19600,ATM+4,PUT,19400,2023-11-07
2023-11-07 13:51:00+05:30,217.0,217.65,211.65,213.45,38700,336250,11.832858,19385.8,19600.0,19600,ATM+4,PUT,19400,2023-11-07
2023-11-07 13:52:00+05:30,212.65,212.65,205.65,210.6,27900,336250,11.459228,19387.8,19600.0,19600,ATM+4,PUT,19400,2023-11-07
2023-11-07 13:53:00+05:30,210.8,210.8,205.9,209.25,14650,336250,12.304115,19392.3,19600.0,19600,ATM+4,PUT,19400,2023-11-07
2023-11-07 13:54:00+05:30,208.4,210.0,206.05,207.0,15350,336600,12.429905,19395.4,19600.0,19600,ATM+4,PUT,19400,2023-11-07
2023-11-07 13:55:00+05:30,207.0,207.7,201.35,204.65,19750,336600,11.629734,19395.15,19600.0,19600,ATM+4,PUT,19400,2023-11-07
2023-11-07 13:56:00+05:30,204.65,204.65,196.0,197.35,45850,336600,10.595694,19400.0,19600.0,19600,ATM+4,PUT,19400,2023-11-07
2023-11-07 13:57:00+05:30,197.7,201.2,195.45,200.4,19550,350450,10.687155,19396.85,19600.0,19600,ATM+4,PUT,19400,2023-11-07
2023-11-07 13:58:00+05:30,200.3,202.25,197.75,197.75,29900,350450,9.85739,19397.4,19600.0,19600,ATM+4,PUT,19400,2023-11-07
2023-11-07 13:59:00+05:30,197.75,202.15,197.75,202.15,16650,350450,10.318648,19393.8,19600.0,19600,ATM+4,PUT,19400,2023-11-07
2023-11-07 14:00:00+05:30,202.15,203.55,200.0,200.05,18400,369750,10.166077,19395.7,19600.0,19600,ATM+4,PUT,19400,2023-11-07
2023-11-07 14:01:00+05:30,200.3,200.6,197.5,199.15,15350,369750,10.890524,19398.9,19600.0,19600,ATM+4,PUT,19400,2023-11-07
2023-11-07 14:02:00+05:30,198.9,200.85,197.5,198.2,12550,369750,9.664561,19396.4,19600.0,19600,ATM+4,PUT,19400,2023-11-07
2023-11-07 14:03:00+05:30,198.35,198.65,192.5,193.7,43200,378700,9.335819,19400.5,19600.0,19600,ATM+4,PUT,19400,2023-11-07
2023-11-07 14:04:00+05:30,192.8,192.9,185.0,185.9,38450,378700,7.540352,19405.25,19600.0,19600,ATM+4,PUT,19400,2023-11-07
2023-11-07 14:05:00+05:30,185.0,192.1,185.0,189.65,21700,378700,9.691643,19405.9,19600.0,19600,ATM+4,PUT,19400,2023-11-07
2023-11-07 14:06:00+05:30,189.65,192.6,189.45,191.45,13150,392750,9.987889,19404.75,19600.0,19600,ATM+4,PUT,19400,2023-11-07
2023-11-07 14:07:00+05:30,191.0,192.8,188.65,192.15,20800,392750,10.515972,19405.6,19600.0,19600,ATM+4,PUT,19400,2023-11-07
2023-11-07 14:08:00+05:30,192.15,196.55,192.0,196.45,21950,392750,10.81517,19401.7,19600.0,19600,ATM+4,PUT,19400,2023-11-07
2023-11-07 14:09:00+05:30,196.25,201.95,195.65,201.65,24800,398350,11.401613,19397.75,19600.0,19600,ATM+4,PUT,19400,2023-11-07
2023-11-07 14:10:00+05:30,201.65,201.65,195.3,196.8,15850,398350,9.063912,19396.5,19600.0,19600,ATM+4,PUT,19400,2023-11-07
2023-11-07 14:11:00+05:30,196.8,198.9,195.75,196.8,12250,398350,9.040896,19396.45,19600.0,19600,ATM+4,PUT,19400,2023-11-07
2023-11-07 14:12:00+05:30,195.8,196.65,192.6,194.55,14050,399200,9.812037,19400.8,19600.0,19600,ATM+4,PUT,19400,2023-11-07
2023-11-07 14:13:00+05:30,193.9,198.0,193.5,196.65,14550,399200,10.109323,19399.3,19600.0,19600,ATM+4,PUT,19400,2023-11-07
2023-11-07 14:14:00+05:30,196.4,196.4,192.6,192.9,11700,399200,9.245061,19401.15,19600.0,19600,ATM+4,PUT,19400,2023-11-07
2023-11-07 14:15:00+05:30,192.9,196.65,192.55,196.65,14700,399100,10.498249,19400.45,19600.0,19600,ATM+4,PUT,19400,2023-11-07
2023-11-07 14:16:00+05:30,196.65,198.3,191.85,191.85,7400,399100,9.484293,19402.9,19600.0,19600,ATM+4,PUT,19400,2023-11-07
2023-11-07 14:17:00+05:30,192.0,193.75,190.2,192.0,13550,399100,9.272937,19402.2,19600.0,19600,ATM+4,PUT,19400,2023-11-07
2023-11-07 14:18:00+05:30,192.0,193.95,190.7,193.15,5150,402350,8.138864,19398.6,19600.0,19600,ATM+4,PUT,19400,2023-11-07
2023-11-07 14:19:00+05:30,193.15,194.25,191.25,192.7,18200,402350,8.890754,19400.55,19600.0,19600,ATM+4,PUT,19400,2023-11-07
2023-11-07 14:20:00+05:30,192.7,193.3,187.2,193.3,23500,402350,8.473771,19399.05,19600.0,19600,ATM+4,PUT,19400,2023-11-07
2023-11-07 14:21:00+05:30,193.3,193.35,190.5,191.0,8900,405850,7.620084,19400.05,19600.0,19600,ATM+4,PUT,19400,2023-11-07
2023-11-07 14:22:00+05:30,191.0,192.95,189.55,192.95,10900,405850,7.424016,19397.75,19600.0,19600,ATM+4,PUT,19400,2023-11-07
2023-11-07 14:23:00+05:30,193.65,199.25,193.0,197.75,34200,405850,8.137944,19393.75,19600.0,19600,ATM+4,PUT,19400,2023-11-07
2023-11-07 14:24:00+05:30,197.3,200.15,195.75,199.0,20700,403600,0.0,19390.0,19600.0,19600,ATM+4,PUT,19400,2023-11-07
2023-11-07 14:25:00+05:30,199.1,201.95,196.85,196.85,21500,403600,0.0,19389.3,19600.0,19600,ATM+4,PUT,19400,2023-11-07
2023-11-07 14:26:00+05:30,196.85,198.35,194.05,194.05,17500,403600,0.0,19392.0,19600.0,19600,ATM+4,PUT,19400,2023-11-07
2023-11-07 14:27:00+05:30,194.05,198.35,194.0,198.35,6000,398200,7.038087,19391.75,19600.0,19600,ATM+4,PUT,19400,2023-11-07
2023-11-07 14:28:00+05:30,198.35,201.5,197.45,199.95,7850,398200,0.0,19386.1,19600.0,19600,ATM+4,PUT,19400,2023-11-07
2023-11-07 14:29:00+05:30,199.95,201.1,197.15,197.7,18700,398200,0.0,19388.45,19600.0,19600,ATM+4,PUT,19400,2023-11-07
2023-11-07 14:30:00+05:30,198.45,200.0,195.55,196.95,9450,398850,6.878243,19393.05,19600.0,19600,ATM+4,PUT,19400,2023-11-07
2023-11-07 14:31:00+05:30,196.95,197.85,193.2,194.0,14950,398850,0.0,19395.0,19600.0,19600,ATM+4,PUT,19400,2023-11-07
2023-11-07 14:32:00+05:30,193.65,197.35,191.5,197.35,13350,398850,0.0,19389.95,19600.0,19600,ATM+4,PUT,19400,2023-11-07
2023-11-07 14:33:00+05:30,198.3,199.25,195.45,198.0,7050,396500,5.979187,19391.4,19600.0,19600,ATM+4,PUT,19400,2023-11-07
2023-11-07 14:34:00+05:30,198.0,199.3,197.4,199.3,5700,396500,0.0,19388.65,19600.0,19600,ATM+4,PUT,19400,2023-11-07
2023-11-07 14:35:00+05:30,198.8,198.85,196.8,196.85,2850,396500,0.0,19391.25,19600.0,19600,ATM+4,PUT,19400,2023-11-07
2023-11-07 14:36:00+05:30,196.85,198.75,196.85,198.2,1300,396750,0.0,19389.35,19600.0,19600,ATM+4,PUT,19400,2023-11-07
2023-11-07 14:37:00+05:30,198.2,200.6,198.0,199.35,8400,396750,0.0,19387.2,19600.0,19600,ATM+4,PUT,19400,2023-11-07
2023-11-07 14:38:00+05:30,199.35,208.15,199.35,205.4,52050,396750,0.0,19380.9,19600.0,19600,ATM+4,PUT,19400,2023-11-07
2023-11-07 14:39:00+05:30,206.05,207.1,200.75,202.6,9400,394600,0.0,19381.3,19600.0,19600,ATM+4,PUT,19400,2023-11-07
2023-11-07 14:40:00+05:30,203.3,203.75,199.1,201.75,9050,394600,0.0,19384.3,19600.0,19600,ATM+4,PUT,19400,2023-11-07
2023-11-07 14:41:00+05:30,201.75,205.45,201.6,203.9,4900,394600,0.0,19381.5,19600.0,19600,ATM+4,PUT,19400,2023-11-07
2023-11-07 14:42:00+05:30,204.3,206.55,203.8,203.95,16400,396250,0.0,19381.85,19600.0,19600,ATM+4,PUT,19400,2023-11-07
2023-11-07 14:43:00+05:30,203.6,203.6,198.65,202.45,16100,396250,0.0,19385.4,19600.0,19600,ATM+4,PUT,19400,2023-11-07
2023-11-07 14:44:00+05:30,203.15,205.85,201.0,205.55,6950,396250,0.0,19382.95,19600.0,19600,ATM+4,PUT,19400,2023-11-07
2023-11-07 14:45:00+05:30,205.55,205.55,203.3,203.3,10900,387200,0.0,19383.65,19600.0,19600,ATM+4,PUT,19400,2023-11-07
2023-11-07 14:46:00+05:30,203.3,203.3,199.7,199.7,11750,387200,0.0,19387.45,19600.0,19600,ATM+4,PUT,19400,2023-11-07
2023-11-07 14:47:00+05:30,199.7,202.5,199.7,200.95,5750,387200,0.0,19384.1,19600.0,19600,ATM+4,PUT,19400,2023-11-07
2023-11-07 14:48:00+05:30,202.05,203.65,198.0,199.15,12650,384450,0.0,19388.35,19600.0,19600,ATM+4,PUT,19400,2023-11-07
2023-11-07 14:49:00+05:30,199.15,199.15,193.55,196.7,40700,384450,0.0,19390.7,19600.0,19600,ATM+4,PUT,19400,2023-11-07
2023-11-07 14:50:00+05:30,196.7,197.85,195.0,195.3,13800,384450,0.0,19391.25,19600.0,19600,ATM+4,PUT,19400,2023-11-07
2023-11-07 14:51:00+05:30,195.4,196.75,193.0,194.45,25450,383900,7.618121,19396.5,19600.0,19600,ATM+4,PUT,19400,2023-11-07
2023-11-07 14:52:00+05:30,194.5,195.4,192.05,192.9,13250,383900,8.748581,19400.05,19600.0,19600,ATM+4,PUT,19400,2023-11-07
2023-11-07 14:53:00+05:30,192.95,193.5,191.1,192.0,17950,383900,7.817735,19399.35,19600.0,19600,ATM+4,PUT,19400,2023-11-07
2023-11-07 14:54:00+05:30,191.5,195.2,191.5,194.15,12050,384350,6.385877,19395.6,19600.0,19600,ATM+4,PUT,19400,2023-11-07
2023-11-07 14:55:00+05:30,194.15,194.55,192.55,193.15,10650,384350,7.41399,19397.6,19600.0,19600,ATM+4,PUT,19400,2023-11-07
2023-11-07 14:56:00+05:30,192.55,192.9,190.25,192.9,22850,384350,8.09862,19398.85,19600.0,19600,ATM+4,PUT,19400,2023-11-07
2023-11-07 14:57:00+05:30,192.9,193.35,188.95,191.8,15050,388650,8.178696,19400.15,19600.0,19600,ATM+4,PUT,19400,2023-11-07
2023-11-07 14:58:00+05:30,191.8,193.0,190.45,193.0,11150,388650,9.291599,19401.15,19600.0,19600,ATM+4,PUT,19400,2023-11-07
2023-11-07 14:59:00+05:30,193.0,194.3,189.3,192.85,10800,388650,8.18399,19399.05,19600.0,19600,ATM+4,PUT,19400,2023-11-07
2023-11-07 15:00:00+05:30,192.0,192.0,184.05,192.0,39750,386900,10.605767,19405.95,19600.0,19600,ATM+4,PUT,19400,2023-11-07
2023-11-07 15:01:00+05:30,191.6,200.95,191.1,194.4,38000,386900,9.931512,19401.25,19600.0,19600,ATM+4,PUT,19400,2023-11-07
2023-11-07 15:02:00+05:30,193.2,196.0,190.45,196.0,11850,386900,10.787711,19402.0,19600.0,19600,ATM+4,PUT,19400,2023-11-07
2023-11-07 15:03:00+05:30,196.0,196.0,191.1,192.8,15100,383200,10.203146,19403.8,19600.0,19600,ATM+4,PUT,19400,2023-11-07
2023-11-07 15:04:00+05:30,192.8,193.6,188.65,192.25,17200,383200,10.396808,19405.0,19600.0,19600,ATM+4,PUT,19400,2023-11-07
2023-11-07 15:05:00+05:30,192.15,192.15,188.4,188.4,11800,383200,10.398269,19409.35,19600.0,19600,ATM+4,PUT,19400,2023-11-07
2023-11-07 15:06:00+05:30,188.4,192.0,188.4,190.8,7800,381450,11.338804,19409.85,19600.0,19600,ATM+4,PUT,19400,2023-11-07
2023-11-07 15:07:00+05:30,190.8,197.35,190.0,196.15,19350,381450,11.146124,19403.0,19600.0,19600,ATM+4,PUT,19400,2023-11-07
2023-11-07 15:08:00+05:30,196.6,201.95,196.6,199.15,35250,381450,11.138237,19399.55,19600.0,19600,ATM+4,PUT,19400,2023-11-07
2023-11-07 15:09:00+05:30,197.85,202.9,197.05,201.5,18550,384250,11.432159,19397.85,19600.0,19600,ATM+4,PUT,19400,2023-11-07
2023-11-07 15:10:00+05:30,201.5,203.05,199.45,202.65,26750,384250,11.951839,19398.35,19600.0,19600,ATM+4,PUT,19400,2023-11-07
2023-11-07 15:11:00+05:30,202.1,203.4,200.05,202.9,15650,384250,11.949925,19398.05,19600.0,19600,ATM+4,PUT,19400,2023-11-07
2023-11-07 15:12:00+05:30,203.0,203.0,201.4,203.0,7800,368300,11.996505,19398.1,19600.0,19600,ATM+4,PUT,19400,2023-11-07
2023-11-07 15:13:00+05:30,203.95,208.2,202.9,207.4,21100,368300,12.338484,19394.25,19600.0,19600,ATM+4,PUT,19400,2023-11-07
2023-11-07 15:14:00+05:30,207.65,207.65,203.25,203.25,19100,368300,12.064068,19398.05,19600.0,19600,ATM+4,PUT,19400,2023-11-07
2023-11-07 15:15:00+05:30,204.45,205.0,196.0,196.0,56400,370400,10.268082,19400.4,19600.0,19600,ATM+4,PUT,19400,2023-11-07
2023-11-07 15:16:00+05:30,195.9,198.15,193.95,195.8,20650,370400,10.91326,19402.6,19600.0,19600,ATM+4,PUT,19400,2023-11-07
2023-11-07 15:17:00+05:30,195.8,195.9,191.6,192.35,22250,370400,11.080788,19407.1,19600.0,19600,ATM+4,PUT,19400,2023-11-07
2023-11-07 15:18:00+05:30,192.35,194.0,190.7,192.1,19450,362200,11.554647,19409.1,19600.0,19600,ATM+4,PUT,19400,2023-11-07
2023-11-07 15:19:00+05:30,192.25,193.0,191.7,192.25,7100,362200,12.208681,19411.5,19600.0,19600,ATM+4,PUT,19400,2023-11-07
2023-11-07 15:20:00+05:30,192.4,192.95,188.0,188.85,23450,362200,11.570324,19412.95,19600.0,19600,ATM+4,PUT,19400,2023-11-07
2023-11-07 15:21:00+05:30,189.05,190.0,187.0,188.2,15050,348850,12.121726,19415.95,19600.0,19600,ATM+4,PUT,19400,2023-11-07
2023-11-07 15:22:00+05:30,188.0,190.1,186.3,188.1,19950,348850,11.926475,19415.25,19600.0,19600,ATM+4,PUT,19400,2023-11-07
2023-11-07 15:23:00+05:30,188.1,189.95,186.4,186.4,19300,348850,11.826049,19416.85,19600.0,19600,ATM+4,PUT,19400,2023-11-07
2023-11-07 15:24:00+05:30,186.4,189.15,186.05,188.5,13700,346100,12.62137,19417.75,19600.0,19600,ATM+4,PUT,19400,2023-11-07
2023-11-07 15:25:00+05:30,188.2,192.5,188.2,191.15,32050,346100,13.141592,19416.9,19600.0,19600,ATM+4,PUT,19400,2023-11-07
2023-11-07 15:26:00+05:30,191.5,192.3,190.7,192.1,12150,346100,13.749627,19418.65,19600.0,19600,ATM+4,PUT,19400,2023-11-07
2023-11-07 15:27:00+05:30,191.95,191.95,189.9,191.1,14050,326100,13.099247,19416.75,19600.0,19600,ATM+4,PUT,19400,2023-11-07
2023-11-07 15:28:00+05:30,191.1,193.2,191.1,191.9,11700,326100,12.167145,19411.7,19600.0,19600,ATM+4,PUT,19400,2023-11-07
2023-11-07 15:29:00+05:30,191.9,192.75,190.7,192.7,10500,326100,13.610842,19417.2,19600.0,19600,ATM+4,PUT,19400,2023-11-07
2023-11-07 09:15:00+05:30,6.8,6.8,3.65,4.2,603200,3344550,11.09436,19369.7,19650.0,19700,ATM+6,CALL,19400,2023-11-07
2023-11-07 09:16:00+05:30,4.15,4.15,3.65,4.0,566300,3344550,11.473992,19354.55,19650.0,19700,ATM+6,CALL,19400,2023-11-07
2023-11-07 09:17:00+05:30,4.0,4.4,3.75,4.35,516600,3278650,11.570216,19357.9,19650.0,19700,ATM+6,CALL,19400,2023-11-07
2023-11-07 09:18:00+05:30,4.3,4.55,4.25,4.45,473100,3278650,11.465285,19362.85,19650.0,19700,ATM+6,CALL,19400,2023-11-07
2023-11-07 09:19:00+05:30,4.4,4.75,4.35,4.55,247850,3278650,11.461056,19364.7,19650.0,19700,ATM+6,CALL,19400,2023-11-07
2023-11-07 09:20:00+05:30,4.55,5.2,4.55,5.1,522600,3380600,11.443855,19373.9,19650.0,19700,ATM+6,CALL,19400,2023-11-07
2023-11-07 09:21:00+05:30,5.15,5.4,4.8,4.9,408350,3380600,11.454467,19370.6,19650.0,19700,ATM+6,CALL,19400,2023-11-07
2023-11-07 09:22:00+05:30,3.1,3.35,3.1,3.3,329500,4800400,11.93072,19375.3,19700.0,19700,ATM+6,CALL,19400,2023-11-07
2023-11-07 09:23:00+05:30,3.3,3.4,3.2,3.35,237750,4800100,11.811584,19380.3,19700.0,19700,ATM+6,CALL,19400,2023-11-07
2023-11-07 09:24:00+05:30,3.4,3.5,3.35,3.45,257650,4800100,11.825277,19382.1,19700.0,19700,ATM+6,CALL,19400,2023-11-07
2023-11-07 09:25:00+05:30,3.45,3.5,3.3,3.4,262550,4800100,11.816839,19381.35,19700.0,19700,ATM+6,CALL,19400,2023-11-07
2023-11-07 09:26:00+05:30,5.4,5.4,4.85,4.95,271900,3518150,11.361712,19374.4,19650.0,19700,ATM+6,CALL,19400,2023-11-07
2023-11-07 09:27:00+05:30,3.15,3.2,3.05,3.2,225700,4972850,11.851243,19375.9,19700.0,19700,ATM+6,CALL,19400,2023-11-07
2023-11-07 09:28:00+05:30,5.0,5.0,4.8,4.85,159500,3518150,11.355844,19373.15,19650.0,19700,ATM+6,CALL,19400,2023-11-07
2023-11-07 09:29:00+05:30,4.8,4.8,4.6,4.7,270500,3610650,11.376001,19370.25,19650.0,19700,ATM+6,CALL,19400,2023-11-07
2023-11-07 09:30:00+05:30,4.7,4.75,4.4,4.45,224050,3610650,11.312475,19368.15,19650.0,19700,ATM+6,CALL,19400,2023-11-07
2023-11-07 09:31:00+05:30,4.45,4.55,4.35,4.55,273450,3610650,11.262538,19371.35,19650.0,19700,ATM+6,CALL,19400,2023-11-07
2023-11-07 09:32:00+05:30,4.5,4.75,4.5,4.6,323500,3687350,11.249627,19372.6,19650.0,19700,ATM+6,CALL,19400,2023-11-07
2023-11-07 09:33:00+05:30,4.6,4.7,4.55,4.65,125650,3687350,11.279904,19372.55,19650.0,19700,ATM+6,CALL,19400,2023-11-07
2023-11-07 09:34:00+05:30,4.65,4.65,4.4,4.5,152350,3687350,11.383944,19367.05,19650.0,19700,ATM+6,CALL,19400,2023-11-07
2023-11-07 09:35:00+05:30,4.5,4.55,4.3,4.45,242100,3786500,11.386487,19366.2,19650.0,19700,ATM+6,CALL,19400,2023-11-07
2023-11-07 09:36:00+05:30,4.45,4.55,4.35,4.55,127650,3786500,11.426713,19366.7,19650.0,19700,ATM+6,CALL,19400,2023-11-07
2023-11-07 09:37:00+05:30,4.55,4.7,4.4,4.55,143750,3786500,11.367023,19368.55,19650.0,19700,ATM+6,CALL,19400,2023-11-07
2023-11-07 09:38:00+05:30,4.5,4.6,4.4,4.4,83150,3799250,11.433883,19364.1,19650.0,19700,ATM+6,CALL,19400,2023-11-07
2023-11-07 09:39:00+05:30,4.4,4.45,4.3,4.35,111950,3799250,11.523235,19360.6,19650.0,19700,ATM+6,CALL,19400,2023-11-07
2023-11-07 09:40:00+05:30,4.35,4.4,4.3,4.35,84000,3799250,11.47896,19362.0,19650.0,19700,ATM+6,CALL,19400,2023-11-07
2023-11-07 09:41:00+05:30,4.4,4.65,4.4,4.55,135950,3826200,11.540956,19363.55,19650.0,19700,ATM+6,CALL,19400,2023-11-07
2023-11-07 09:42:00+05:30,4.5,4.65,4.45,4.6,159200,3826200,11.588596,19363.0,19650.0,19700,ATM+6,CALL,19400,2023-11-07
2023-11-07 09:43:00+05:30,4.55,4.6,4.5,4.6,106000,3826200,11.518891,19365.15,19650.0,19700,ATM+6,CALL,19400,2023-11-07
2023-11-07 09:44:00+05:30,4.6,4.6,4.4,4.45,137600,3802650,11.393497,19366.5,19650.0,19700,ATM+6,CALL,19400,2023-11-07
2023-11-07 09:45:00+05:30,4.4,4.55,4.35,4.45,276150,3802650,11.397045,19366.45,19650.0,19700,ATM+6,CALL,19400,2023-11-07
2023-11-07 09:46:00+05:30,4.45,4.45,4.3,4.3,119300,3802650,11.440585,19362.65,19650.0,19700,ATM+6,CALL,19400,2023-11-07
2023-11-07 09:47:00+05:30,4.3,4.3,4.15,4.15,229400,3788800,11.585834,19355.65,19650.0,19700,ATM+6,CALL,19400,2023-11-07
2023-11-07 09:48:00+05:30,4.15,4.3,4.1,4.25,102200,3788800,11.54093,19358.85,19650.0,19700,ATM+6,CALL,19400,2023-11-07
2023-11-07 09:49:00+05:30,4.25,4.3,4.2,4.3,72800,3788800,11.414921,19363.6,19650.0,19700,ATM+6,CALL,19400,2023-11-07
2023-11-07 09:50:00+05:30,4.25,4.3,4.15,4.15,35000,3780850,11.468754,19359.4,19650.0,19700,ATM+6,CALL,19400,2023-11-07
2023-11-07 09:51:00+05:30,4.15,4.3,4.1,4.25,62050,3780850,11.416622,19362.8,19650.0,19700,ATM+6,CALL,19400,2023-11-07
2023-11-07 09:52:00+05:30,4.25,4.25,4.2,4.2,65050,3780850,11.363508,19363.6,19650.0,19700,ATM+6,CALL,19400,2023-11-07
2023-11-07 09:53:00+05:30,4.2,4.3,4.2,4.2,64950,3784450,11.414757,19362.1,19650.0,19700,ATM+6,CALL,19400,2023-11-07
2023-11-07 09:54:00+05:30,4.2,4.3,4.2,4.2,55050,3784450,11.359051,19363.85,19650.0,19700,ATM+6,CALL,19400,2023-11-07
2023-11-07 09:55:00+05:30,4.2,4.4,4.15,4.15,215050,3784450,11.1626,19369.0,19650.0,19700,ATM+6,CALL,19400,2023-11-07
2023-11-07 09:56:00+05:30,4.15,4.25,4.1,4.15,144450,3791350,11.363591,19362.95,19650.0,19700,ATM+6,CALL,19400,2023-11-07
2023-11-07 09:57:00+05:30,4.2,4.25,4.1,4.2,42200,3791350,11.443736,19361.45,19650.0,19700,ATM+6,CALL,19400,2023-11-07
2023-11-07 09:58:00+05:30,4.2,4.25,4.05,4.05,150900,3791350,11.533117,19356.1,19650.0,19700,ATM+6,CALL,19400,2023-11-07
2023-11-07 09:59:00+05:30,4.05,4.2,4.05,4.15,61600,3762500,11.530206,19358.05,19650.0,19700,ATM+6,CALL,19400,2023-11-07
2023-11-07 10:00:00+05:30,4.15,4.15,4.05,4.05,52850,3762500,11.540216,19356.0,19650.0,19700,ATM+6,CALL,19400,2023-11-07
2023-11-07 10:01:00+05:30,4.1,4.15,4.05,4.05,59400,3762500,11.365474,19361.4,19650.0,19700,ATM+6,CALL,19400,2023-11-07
2023-11-07 10:02:00+05:30,4.05,4.1,4.0,4.05,111100,3795800,11.534248,19356.3,19650.0,19700,ATM+6,CALL,19400,2023-11-07
2023-11-07 10:03:00+05:30,4.05,4.05,3.85,3.9,217600,3795800,11.546693,19353.2,19650.0,19700,ATM+6,CALL,19400,2023-11-07
2023-11-07 10:04:00+05:30,3.9,3.9,3.75,3.9,146200,3795800,11.628134,19350.75,19650.0,19700,ATM+6,CALL,19400,2023-11-07
2023-11-07 10:05:00+05:30,3.9,3.95,3.75,3.95,137600,3831500,11.672049,19350.4,19650.0,19700,ATM+6,CALL,19400,2023-11-07
2023-11-07 10:06:00+05:30,3.85,3.9,3.8,3.9,67750,3831500,11.594674,19351.9,19650.0,19700,ATM+6,CALL,19400,2023-11-07
2023-11-07 10:07:00+05:30,3.9,3.95,3.85,3.85,71150,3831500,11.611204,19350.5,19650.0,19700,ATM+6,CALL,19400,2023-11-07
2023-11-07 10:08:00+05:30,3.85,4.0,3.85,3.85,67900,3819150,11.457463,19355.3,19650.0,19700,ATM+6,CALL,19400,2023-11-07
2023-11-07 10:09:00+05:30,3.85,3.9,3.75,3.9,163100,3819150,11.415085,19357.6,19650.0,19700,ATM+6,CALL,19400,2023-11-07
2023-11-07 10:10:00+05:30,3.9,3.95,3.85,3.85,42050,3819150,11.388174,19357.55,19650.0,19700,ATM+6,CALL,19400,2023-11-07
2023-11-07 10:11:00+05:30,3.85,3.95,3.85,3.85,36850,3817150,11.342913,19359.0,19650.0,19700,ATM+6,CALL,19400,2023-11-07
2023-11-07 10:12:00+05:30,3.9,3.95,3.8,3.95,87050,3817150,11.343251,19360.9,19650.0,19700,ATM+6,CALL,19400,2023-11-07
2023-11-07 10:13:00+05:30,3.95,4.05,3.9,3.95,153550,3817150,11.233908,19364.3,19650.0,19700,ATM+6,CALL,19400,2023-11-07
2023-11-07 10:14:00+05:30,3.95,4.05,3.85,4.0,82950,3813000,11.203076,19366.2,19650.0,19700,ATM+6,CALL,19400,2023-11-07
2023-11-07 10:15:00+05:30,4.0,4.1,3.95,4.05,133850,3813000,11.286914,19364.6,19650.0,19700,ATM+6,CALL,19400,2023-11-07
2023-11-07 10:16:00+05:30,4.05,4.2,4.0,4.15,119100,3813000,11.319062,19365.45,19650.0,19700,ATM+6,CALL,19400,2023-11-07
2023-11-07 10:17:00+05:30,4.15,4.15,4.0,4.05,45850,3826250,11.3515,19362.75,19650.0,19700,ATM+6,CALL,19400,2023-11-07
2023-11-07 10:18:00+05:30,4.05,4.15,4.0,4.05,33300,3826250,11.313954,19363.95,19650.0,19700,ATM+6,CALL,19400,2023-11-07
2023-11-07 10:19:00+05:30,4.05,4.15,4.05,4.15,76350,3826250,11.189219,19369.55,19650.0,19700,ATM+6,CALL,19400,2023-11-07
2023-11-07 10:20:00+05:30,4.15,4.25,4.0,4.25,175000,3821500,11.131815,19373.05,19650.0,19700,ATM+6,CALL,19400,2023-11-07
2023-11-07 10:21:00+05:30,4.2,4.3,4.1,4.15,251550,3821500,11.090291,19372.65,19650.0,19700,ATM+6,CALL,19400,2023-11-07
2023-11-07 10:22:00+05:30,4.15,4.25,4.05,4.05,85250,3821500,11.072696,19371.5,19650.0,19700,ATM+6,CALL,19400,2023-11-07
2023-11-07 10:23:00+05:30,4.05,4.1,3.9,3.9,74600,3852000,11.196634,19365.1,19650.0,19700,ATM+6,CALL,19400,2023-11-07
2023-11-07 10:24:00+05:30,3.95,4.0,3.8,3.9,147800,3852000,11.172306,19365.9,19650.0,19700,ATM+6,CALL,19400,2023-11-07
2023-11-07 10:25:00+05:30,3.9,4.1,3.9,4.1,56100,3852000,11.100548,19371.7,19650.0,19700,ATM+6,CALL,19400,2023-11-07
2023-11-07 10:26:00+05:30,4.1,4.25,4.05,4.1,72450,3859300,11.075927,19372.5,19650.0,19700,ATM+6,CALL,19400,2023-11-07
2023-11-07 10:27:00+05:30,4.15,4.2,4.1,4.1,95100,3859300,11.185336,19369.25,19650.0,19700,ATM+6,CALL,19400,2023-11-07
2023-11-07 10:28:00+05:30,4.1,4.15,4.05,4.15,57650,3859300,11.182929,19370.25,19650.0,19700,ATM+6,CALL,19400,2023-11-07
2023-11-07 10:29:00+05:30,4.15,4.15,4.1,4.15,33550,3863650,11.171547,19370.65,19650.0,19700,ATM+6,CALL,19400,2023-11-07
2023-11-07 10:30:00+05:30,4.05,4.15,4.0,4.1,101250,3863650,11.046922,19373.6,19650.0,19700,ATM+6,CALL,19400,2023-11-07
2023-11-07 10:31:00+05:30,2.7,2.75,2.7,2.7,45700,5544900,11.58026,19376.55,19700.0,19700,ATM+6,CALL,19400,2023-11-07
2023-11-07 10:32:00+05:30,2.7,2.75,2.7,2.75,38550,5555750,11.644595,19375.8,19700.0,19700,ATM+6,CALL,19400,2023-11-07
2023-11-07 10:33:00+05:30,4.1,4.25,4.1,4.2,43900,3881950,11.084597,19374.35,19650.0,19700,ATM+6,CALL,19400,2023-11-07
2023-11-07 10:34:00+05:30,2.75,2.8,2.75,2.75,18550,5555750,11.657692,19375.5,19700.0,19700,ATM+6,CALL,19400,2023-11-07
2023-11-07 10:35:00+05:30,2.75,2.9,2.75,2.9,115350,5575600,11.493959,19384.6,19700.0,19700,ATM+6,CALL,19400,2023-11-07
2023-11-07 10:36:00+05:30,2.85,2.95,2.8,2.95,317450,5575600,11.677579,19379.95,19700.0,19700,ATM+6,CALL,19400,2023-11-07
2023-11-07 10:37:00+05:30,2.9,2.9,2.85,2.85,150850,5575600,11.557593,19381.45,19700.0,19700,ATM+6,CALL,19400,2023-11-07
2023-11-07 10:38:00+05:30,2.9,2.9,2.8,2.9,123550,5545200,11.606702,19381.15,19700.0,19700,ATM+6,CALL,19400,2023-11-07
2023-11-07 10:39:00+05:30,2.9,2.95,2.85,2.9,128200,5545200,11.479938,19385.3,19700.0,19700,ATM+6,CALL,19400,2023-11-07
2023-11-07 10:40:00+05:30,2.9,3.0,2.9,2.95,73950,5545200,11.44907,19387.55,19700.0,19700,ATM+6,CALL,19400,2023-11-07
2023-11-07 10:41:00+05:30,3.0,3.05,2.9,3.05,231350,5545800,11.433332,19390.45,19700.0,19700,ATM+6,CALL,19400,2023-11-07
2023-11-07 10:42:00+05:30,3.05,3.05,2.95,3.05,110300,5545800,11.501011,19388.35,19700.0,19700,ATM+6,CALL,19400,2023-11-07
2023-11-07 10:43:00+05:30,3.05,3.05,3.0,3.0,35600,5545800,11.491582,19387.55,19700.0,19700,ATM+6,CALL,19400,2023-11-07
2023-11-07 10:44:00+05:30,3.0,3.15,2.95,3.15,89300,5517700,11.428632,19393.05,19700.0,19700,ATM+6,CALL,19400,2023-11-07
2023-11-07 10:45:00+05:30,3.15,3.3,3.1,3.2,322300,5517700,11.46877,19392.95,19700.0,19700,ATM+6,CALL,19400,2023-11-07
2023-11-07 10:46:00+05:30,3.25,3.25,3.1,3.1,159500,5517700,11.483532,19390.3,19700.0,19700,ATM+6,CALL,19400,2023-11-07
2023-11-07 10:47:00+05:30,3.1,3.15,3.0,3.05,117250,5517350,11.473074,19389.55,19700.0,19700,ATM+6,CALL,19400,2023-11-07
2023-11-07 10:48:00+05:30,3.05,3.1,3.05,3.1,98450,5517350,11.496821,19390.0,19700.0,19700,ATM+6,CALL,19400,2023-11-07
2023-11-07 10:49:00+05:30,3.1,3.2,3.1,3.2,111050,5517350,11.52545,19391.4,19700.0,19700,ATM+6,CALL,19400,2023-11-07
2023-11-07 10:50:00+05:30,3.2,3.2,3.1,3.2,47750,5522200,11.521073,19391.6,19700.0,19700,ATM+6,CALL,19400,2023-11-07
2023-11-07 10:51:00+05:30,3.15,3.15,3.05,3.1,122350,5522200,11.584314,19387.4,19700.0,19700,ATM+6,CALL,19400,2023-11-07
2023-11-07 10:52:00+05:30,3.1,3.1,2.9,2.9,294750,5522200,11.606046,19382.05,19700.0,19700,ATM+6,CALL,19400,2023-11-07
2023-11-07 10:53:00+05:30,2.9,3.05,2.9,3.0,208450,5466250,11.573444,19385.55,19700.0,19700,ATM+6,CALL,19400,2023-11-07
2023-11-07 10:54:00+05:30,3.0,3.05,2.95,3.0,149600,5466250,11.592581,19385.0,19700.0,19700,ATM+6,CALL,19400,2023-11-07
2023-11-07 10:55:00+05:30,3.0,3.1,2.95,3.0,185550,5466250,11.602346,19384.75,19700.0,19700,ATM+6,CALL,19400,2023-11-07
2023-11-07 10:56:00+05:30,3.05,3.1,3.05,3.05,128600,5476750,11.634709,19384.95,19700.0,19700,ATM+6,CALL,19400,2023-11-07
2023-11-07 10:57:00+05:30,3.1,3.1,2.95,3.05,196100,5476750,11.708703,19382.65,19700.0,19700,ATM+6,CALL,19400,2023-11-07
2023-11-07 10:58:00+05:30,3.0,3.05,3.0,3.05,113350,5476750,11.637063,19385.0,19700.0,19700,ATM+6,CALL,19400,2023-11-07
2023-11-07 10:59:00+05:30,3.05,3.05,2.95,3.0,42950,5538950,11.725788,19381.05,19700.0,19700,ATM+6,CALL,19400,2023-11-07
2023-11-07 11:00:00+05:30,3.0,3.0,2.95,2.95,39950,5538950,11.64526,19382.5,19700.0,19700,ATM+6,CALL,19400,2023-11-07
2023-11-07 11:01:00+05:30,2.95,3.05,2.95,3.0,97600,5538950,11.628159,19384.3,19700.0,19700,ATM+6,CALL,19400,2023-11-07
2023-11-07 11:02:00+05:30,3.05,3.05,3.0,3.05,29500,5557850,11.586881,19386.85,19700.0,19700,ATM+6,CALL,19400,2023-11-07
2023-11-07 11:03:00+05:30,3.05,3.05,3.0,3.05,27200,5557850,11.576282,19387.25,19700.0,19700,ATM+6,CALL,19400,2023-11-07
2023-11-07 11:04:00+05:30,3.05,3.05,3.0,3.05,49550,5557850,11.592364,19386.8,19700.0,19700,ATM+6,CALL,19400,2023-11-07
2023-11-07 11:05:00+05:30,3.05,3.05,3.0,3.05,4800,5550350,11.614726,19386.15,19700.0,19700,ATM+6,CALL,19400,2023-11-07
2023-11-07 11:06:00+05:30,3.0,3.05,3.0,3.05,11700,5550350,11.561733,19387.9,19700.0,19700,ATM+6,CALL,19400,2023-11-07
2023-11-07 11:07:00+05:30,3.05,3.15,3.0,3.15,117800,5550350,11.591536,19389.3,19700.0,19700,ATM+6,CALL,19400,2023-11-07
2023-11-07 11:08:00+05:30,3.15,3.15,3.0,3.0,630300,5617950,11.460109,19390.1,19700.0,19700,ATM+6,CALL,19400,2023-11-07
2023-11-07 11:09:00+05:30,3.0,3.15,3.0,3.15,348150,5617950,11.448458,19393.95,19700.0,19700,ATM+6,CALL,19400,2023-11-07
2023-11-07 11:10:00+05:30,3.15,3.2,3.1,3.15,263050,5617950,11.409245,19395.25,19700.0,19700,ATM+6,CALL,19400,2023-11-07
2023-11-07 11:11:00+05:30,3.15,3.2,3.1,3.15,71350,5830600,11.373167,19396.45,19700.0,19700,ATM+6,CALL,19400,2023-11-07
2023-11-07 11:12:00+05:30,3.15,3.2,3.1,3.1,42700,5830600,11.410911,19394.2,19700.0,19700,ATM+6,CALL,19400,2023-11-07
2023-11-07 11:13:00+05:30,3.15,3.15,3.1,3.1,35150,5830600,11.499689,19391.45,19700.0,19700,ATM+6,CALL,19400,2023-11-07
2023-11-07 11:14:00+05:30,3.15,3.15,3.1,3.15,22000,5818350,11.49299,19392.85,19700.0,19700,ATM+6,CALL,19400,2023-11-07
2023-11-07 11:15:00+05:30,3.15,3.15,3.05,3.05,129750,5818350,11.530583,19389.45,19700.0,19700,ATM+6,CALL,19400,2023-11-07
2023-11-07 11:16:00+05:30,3.05,3.1,3.0,3.05,31750,5818350,11.491601,19390.75,19700.0,19700,ATM+6,CALL,19400,2023-11-07
2023-11-07 11:17:00+05:30,3.05,3.15,3.05,3.15,50750,5772200,11.467166,19393.85,19700.0,19700,ATM+6,CALL,19400,2023-11-07
2023-11-07 11:18:00+05:30,3.1,3.2,3.1,3.15,84700,5772200,11.337505,19398.0,19700.0,19700,ATM+6,CALL,19400,2023-11-07
2023-11-07 11:19:00+05:30,3.15,3.2,3.1,3.15,83000,5772200,11.387034,19396.5,19700.0,19700,ATM+6,CALL,19400,2023-11-07
2023-11-07 11:20:00+05:30,3.1,3.2,3.1,3.15,68950,5810750,11.398488,19396.2,19700.0,19700,ATM+6,CALL,19400,2023-11-07
2023-11-07 11:21:00+05:30,3.15,3.2,3.15,3.15,22450,5810750,11.397253,19396.3,19700.0,19700,ATM+6,CALL,19400,2023-11-07
2023-11-07 11:22:00+05:30,3.15,3.2,3.15,3.15,40450,5810750,11.472154,19394.0,19700.0,19700,ATM+6,CALL,19400,2023-11-07
2023-11-07 11:23:00+05:30,3.2,3.2,3.1,3.15,35400,5813100,11.561267,19391.25,19700.0,19700,ATM+6,CALL,19400,2023-11-07
2023-11-07 11:24:00+05:30,3.15,3.15,3.05,3.1,51450,5813100,11.546472,19390.65,19700.0,19700,ATM+6,CALL,19400,2023-11-07
2023-11-07 11:25:00+05:30,3.1,3.15,3.1,3.15,42300,5813100,11.571536,19391.05,19700.0,19700,ATM+6,CALL,19400,2023-11-07
2023-11-07 11:26:00+05:30,3.15,3.15,3.05,3.05,29650,5801750,11.586818,19388.35,19700.0,19700,ATM+6,CALL,19400,2023-11-07
2023-11-07 11:27:00+05:30,3.05,3.15,3.05,3.15,34250,5801750,11.548528,19391.9,19700.0,19700,ATM+6,CALL,19400,2023-11-07
2023-11-07 11:28:00+05:30,3.15,3.15,3.05,3.1,23700,5801750,11.584371,19389.7,19700.0,19700,ATM+6,CALL,19400,2023-11-07
2023-11-07 11:29:00+05:30,3.1,3.15,3.05,3.1,34400,5796600,11.5816,19389.85,19700.0,19700,ATM+6,CALL,19400,2023-11-07
2023-11-07 11:30:00+05:30,3.1,3.1,3.05,3.05,66050,5796600,11.586822,19388.6,19700.0,19700,ATM+6,CALL,19400,2023-11-07
2023-11-07 11:31:00+05:30,3.05,3.05,3.0,3.05,56850,5796600,11.642406,19386.9,19700.0,19700,ATM+6,CALL,19400,2023-11-07
2023-11-07 11:32:00+05:30,3.05,3.05,2.95,3.0,38200,5824050,11.506909,19390.1,19700.0,19700,ATM+6,CALL,19400,2023-11-07
2023-11-07 11:33:00+05:30,3.05,3.05,2.95,3.0,51300,5824050,11.601756,19387.15,19700.0,19700,ATM+6,CALL,19400,2023-11-07
2023-11-07 11:34:00+05:30,3.0,3.0,2.95,2.95,109350,5824050,11.538378,19388.05,19700.0,19700,ATM+6,CALL,19400,2023-11-07
2023-11-07 11:35:00+05:30,2.95,3.05,2.95,3.05,67300,5832500,11.446615,19393.35,19700.0,19700,ATM+6,CALL,19400,2023-11-07
2023-11-07 11:36:00+05:30,3.05,3.15,3.0,3.1,39500,5832500,11.419535,19395.4,19700.0,19700,ATM+6,CALL,19400,2023-11-07
2023-11-07 11:37:00+05:30,3.15,3.15,3.1,3.1,53750,5832500,11.464312,19394.05,19700.0,19700,ATM+6,CALL,19400,2023-11-07
2023-11-07 11:38:00+05:30,3.15,3.15,3.05,3.15,55450,5843850,11.522548,19393.4,19700.0,19700,ATM+6,CALL,19400,2023-11-07
2023-11-07 11:39:00+05:30,3.15,3.15,3.1,3.1,17750,5843850,11.591861,19390.15,19700.0,19700,ATM+6,CALL,19400,2023-11-07
2023-11-07 11:40:00+05:30,3.1,3.15,2.55,2.75,964350,5843850,11.755697,19376.55,19700.0,19700,ATM+6,CALL,19400,2023-11-07
2023-11-07 11:41:00+05:30,3.95,3.95,3.15,3.5,693050,4022700,11.077902,19365.65,19650.0,19700,ATM+6,CALL,19400,2023-11-07
2023-11-07 11:42:00+05:30,3.5,3.6,3.4,3.5,402250,4022700,11.283641,19359.4,19650.0,19700,ATM+6,CALL,19400,2023-11-07
2023-11-07 11:43:00+05:30,3.55,3.8,3.55,3.75,399300,4022700,11.589877,19355.0,19650.0,19700,ATM+6,CALL,19400,2023-11-07
2023-11-07 11:44:00+05:30,3.7,4.05,3.7,4.0,276950,3921800,11.757194,19354.7,19650.0,19700,ATM+6,CALL,19400,2023-11-07
2023-11-07 11:45:00+05:30,4.1,4.2,3.7,3.7,742850,3921800,12.045635,19340.2,19650.0,19700,ATM+6,CALL,19400,2023-11-07
2023-11-07 11:46:00+05:30,3.8,3.85,3.7,3.8,556050,3921800,11.932752,19345.7,19650.0,19700,ATM+6,CALL,19400,2023-11-07
2023-11-07 11:47:00+05:30,3.8,3.8,3.7,3.75,245250,3727000,11.907601,19345.55,19650.0,19700,ATM+6,CALL,19400,2023-11-07
2023-11-07 11:48:00+05:30,3.8,3.8,3.55,3.6,308200,3727000,11.930517,19341.9,19650.0,19700,ATM+6,CALL,19400,2023-11-07
2023-11-07 11:49:00+05:30,3.55,3.6,3.35,3.35,212450,3727000,11.922336,19336.95,19650.0,19700,ATM+6,CALL,19400,2023-11-07
2023-11-07 11:50:00+05:30,3.3,3.55,3.3,3.5,297100,3660650,11.880626,19341.5,19650.0,19700,ATM+6,CALL,19400,2023-11-07
2023-11-07 11:51:00+05:30,3.45,3.7,3.45,3.7,201650,3660650,11.937289,19343.9,19650.0,19700,ATM+6,CALL,19400,2023-11-07
2023-11-07 11:52:00+05:30,3.7,3.7,3.6,3.65,191550,3660650,12.022246,19340.35,19650.0,19700,ATM+6,CALL,19400,2023-11-07
2023-11-07 11:53:00+05:30,3.65,3.65,3.55,3.55,183050,3614400,12.032217,19338.05,19650.0,19700,ATM+6,CALL,19400,2023-11-07
2023-11-07 11:54:00+05:30,3.55,3.65,3.55,3.65,312750,3614400,12.33183,19330.95,19650.0,19700,ATM+6,CALL,19400,2023-11-07
2023-11-07 11:55:00+05:30,3.65,3.85,3.65,3.8,259050,3614400,12.038095,19343.05,19650.0,19700,ATM+6,CALL,19400,2023-11-07
2023-11-07 11:56:00+05:30,3.75,3.9,3.7,3.8,139050,3509300,12.099157,19341.25,19650.0,19700,ATM+6,CALL,19400,2023-11-07
2023-11-07 11:57:00+05:30,3.75,3.8,3.75,3.8,110750,3509300,12.060261,19342.5,19650.0,19700,ATM+6,CALL,19400,2023-11-07
2023-11-07 11:58:00+05:30,3.8,3.8,3.7,3.75,90300,3509300,12.051248,19341.85,19650.0,19700,ATM+6,CALL,19400,2023-11-07
2023-11-07 11:59:00+05:30,3.75,3.8,3.7,3.8,90950,3521200,11.985652,19344.9,19650.0,19700,ATM+6,CALL,19400,2023-11-07
2023-11-07 12:00:00+05:30,3.8,3.85,3.75,3.75,43400,3521200,12.091384,19340.75,19650.0,19700,ATM+6,CALL,19400,2023-11-07
2023-11-07 12:01:00+05:30,3.75,3.8,3.7,3.7,59150,3521200,12.073808,19340.35,19650.0,19700,ATM+6,CALL,19400,2023-11-07
2023-11-07 12:02:00+05:30,3.7,3.75,3.65,3.7,97400,3496550,12.186853,19336.95,19650.0,19700,ATM+6,CALL,19400,2023-11-07
2023-11-07 12:03:00+05:30,3.65,3.75,3.65,3.75,75900,3496550,12.063241,19341.8,19650.0,19700,ATM+6,CALL,19400,2023-11-07
2023-11-07 12:04:00+05:30,3.7,3.75,3.7,3.7,31500,3496550,12.094735,19339.9,19650.0,19700,ATM+6,CALL,19400,2023-11-07
2023-11-07 12:05:00+05:30,3.7,3.7,3.65,3.7,56000,3508050,11.952933,19344.3,19650.0,19700,ATM+6,CALL,19400,2023-11-07
2023-11-07 12:06:00+05:30,3.75,3.75,3.65,3.7,32900,3508050,11.928799,19345.1,19650.0,19700,ATM+6,CALL,19400,2023-11-07
2023-11-07 12:07:00+05:30,3.7,3.75,3.65,3.7,36100,3508050,11.742304,19350.85,19650.0,19700,ATM+6,CALL,19400,2023-11-07
2023-11-07 12:08:00+05:30,3.7,3.75,3.65,3.75,28250,3524400,11.81593,19349.65,19650.0,19700,ATM+6,CALL,19400,2023-11-07
2023-11-07 12:09:00+05:30,3.75,3.75,3.7,3.75,6250,3524400,11.791654,19350.45,19650.0,19700,ATM+6,CALL,19400,2023-11-07
2023-11-07 12:10:00+05:30,3.7,3.75,3.7,3.7,70900,3524400,11.818971,19348.7,19650.0,19700,ATM+6,CALL,19400,2023-11-07
2023-11-07 12:11:00+05:30,3.7,3.75,3.7,3.75,19050,3519650,11.785852,19350.75,19650.0,19700,ATM+6,CALL,19400,2023-11-07
2023-11-07 12:12:00+05:30,3.75,3.9,3.7,3.85,152700,3519650,11.808551,19352.05,19650.0,19700,ATM+6,CALL,19400,2023-11-07
2023-11-07 12:13:00+05:30,3.85,3.9,3.8,3.8,91900,3519650,11.866373,19349.4,19650.0,19700,ATM+6,CALL,19400,2023-11-07
2023-11-07 12:14:00+05:30,3.8,3.85,3.8,3.85,45850,3502800,11.799403,19352.45,19650.0,19700,ATM+6,CALL,19400,2023-11-07
2023-11-07 12:15:00+05:30,3.85,3.85,3.8,3.85,161650,3502800,11.793172,19352.7,19650.0,19700,ATM+6,CALL,19400,2023-11-07
2023-11-07 12:16:00+05:30,3.85,3.85,3.8,3.8,16900,3502800,11.755351,19352.95,19650.0,19700,ATM+6,CALL,19400,2023-11-07
2023-11-07 12:17:00+05:30,3.8,3.85,3.8,3.8,16950,3517350,11.777204,19352.35,19650.0,19700,ATM+6,CALL,19400,2023-11-07
2023-11-07 12:18:00+05:30,3.85,3.9,3.75,3.8,119400,3517350,11.701572,19354.7,19650.0,19700,ATM+6,CALL,19400,2023-11-07
2023-11-07 12:19:00+05:30,3.85,3.95,3.8,3.9,121500,3517350,11.618509,19359.15,19650.0,19700,ATM+6,CALL,19400,2023-11-07
2023-11-07 12:20:00+05:30,3.9,3.95,3.85,3.85,138650,3498200,11.579549,19359.45,19650.0,19700,ATM+6,CALL,19400,2023-11-07
2023-11-07 12:21:00+05:30,3.85,3.9,3.8,3.85,58300,3498200,11.652935,19357.3,19650.0,19700,ATM+6,CALL,19400,2023-11-07
2023-11-07 12:22:00+05:30,3.8,3.85,3.75,3.8,38600,3498200,11.72788,19354.15,19650.0,19700,ATM+6,CALL,19400,2023-11-07
2023-11-07 12:23:00+05:30,3.75,3.8,3.75,3.8,48050,3485350,11.743147,19353.75,19650.0,19700,ATM+6,CALL,19400,2023-11-07
2023-11-07 12:24:00+05:30,3.8,3.8,3.75,3.75,12800,3485350,11.653907,19355.55,19650.0,19700,ATM+6,CALL,19400,2023-11-07
2023-11-07 12:25:00+05:30,3.75,3.75,3.7,3.7,6950,3485350,11.600896,19356.25,19650.0,19700,ATM+6,CALL,19400,2023-11-07
2023-11-07 12:26:00+05:30,3.7,3.75,3.65,3.65,28100,3484450,11.555951,19356.7,19650.0,19700,ATM+6,CALL,19400,2023-11-07
2023-11-07 12:27:00+05:30,3.65,3.7,3.6,3.65,72450,3484450,11.617259,19354.9,19650.0,19700,ATM+6,CALL,19400,2023-11-07
2023-11-07 12:28:00+05:30,3.65,3.65,3.6,3.65,60600,3484450,11.653853,19353.85,19650.0,19700,ATM+6,CALL,19400,2023-11-07
2023-11-07 12:29:00+05:30,3.65,3.65,3.5,3.55,63750,3500100,11.605303,19353.4,19650.0,19700,ATM+6,CALL,19400,2023-11-07
2023-11-07 12:30:00+05:30,3.55,3.55,3.5,3.55,15200,3500100,11.615518,19353.15,19650.0,19700,ATM+6,CALL,19400,2023-11-07
2023-11-07 12:31:00+05:30,3.6,3.6,3.5,3.5,104850,3500100,11.648243,19351.2,19650.0,19700,ATM+6,CALL,19400,2023-11-07
2023-11-07 12:32:00+05:30,3.5,3.7,3.5,3.65,45300,3530150,11.592743,19355.95,19650.0,19700,ATM+6,CALL,19400,2023-11-07
2023-11-07 12:33:00+05:30,3.65,3.75,3.65,3.7,71650,3530150,11.574063,19357.55,19650.0,19700,ATM+6,CALL,19400,2023-11-07
2023-11-07 12:34:00+05:30,3.65,3.9,3.65,3.9,140450,3530150,11.448503,19365.15,19650.0,19700,ATM+6,CALL,19400,2023-11-07
2023-11-07 12:35:00+05:30,3.95,4.05,3.8,3.9,250400,3533700,11.385265,19367.1,19650.0,19700,ATM+6,CALL,19400,2023-11-07
2023-11-07 12:36:00+05:30,3.95,3.95,3.65,3.65,155300,3533700,11.341354,19363.8,19650.0,19700,ATM+6,CALL,19400,2023-11-07
2023-11-07 12:37:00+05:30,3.65,3.8,3.65,3.8,174850,3533700,11.299437,19367.95,19650.0,19700,ATM+6,CALL,19400,2023-11-07
2023-11-07 12:38:00+05:30,3.85,3.85,3.75,3.8,30750,3570050,11.308085,19367.75,19650.0,19700,ATM+6,CALL,19400,2023-11-07
2023-11-07 12:39:00+05:30,3.8,3.8,3.7,3.7,18950,3570050,11.315929,19365.7,19650.0,19700,ATM+6,CALL,19400,2023-11-07
2023-11-07 12:40:00+05:30,3.7,3.85,3.7,3.75,128250,3570050,11.37591,19364.9,19650.0,19700,ATM+6,CALL,19400,2023-11-07
2023-11-07 12:41:00+05:30,3.7,3.8,3.65,3.8,73700,3556900,11.374087,19365.95,19650.0,19700,ATM+6,CALL,19400,2023-11-07
2023-11-07 12:42:00+05:30,3.8,3.8,3.65,3.7,33550,3556900,11.360073,19364.55,19650.0,19700,ATM+6,CALL,19400,2023-11-07
2023-11-07 12:43:00+05:30,3.7,3.7,3.65,3.65,30350,3556900,11.340307,19364.25,19650.0,19700,ATM+6,CALL,19400,2023-11-07
2023-11-07 12:44:00+05:30,3.65,3.75,3.6,3.65,56400,3550800,11.368814,19363.45,19650.0,19700,ATM+6,CALL,19400,2023-11-07
2023-11-07 12:45:00+05:30,3.65,3.75,3.65,3.7,76950,3550800,11.336117,19365.45,19650.0,19700,ATM+6,CALL,19400,2023-11-07
2023-11-07 12:46:00+05:30,3.7,3.8,3.7,3.8,34750,3550800,11.394053,19365.65,19650.0,19700,ATM+6,CALL,19400,2023-11-07
2023-11-07 12:47:00+05:30,3.8,3.9,3.7,3.8,72600,3515000,11.289128,19368.85,19650.0,19700,ATM+6,CALL,19400,2023-11-07
2023-11-07 12:48:00+05:30,3.8,3.85,3.75,3.85,60300,3515000,11.22801,19371.65,19650.0,19700,ATM+6,CALL,19400,2023-11-07
2023-11-07 12:49:00+05:30,3.9,3.9,3.8,3.8,56200,3515000,11.192671,19371.85,19650.0,19700,ATM+6,CALL,19400,2023-11-07
2023-11-07 12:50:00+05:30,3.8,3.85,3.75,3.75,52050,3516100,11.28075,19368.35,19650.0,19700,ATM+6,CALL,19400,2023-11-07
2023-11-07 12:51:00+05:30,3.8,3.85,3.75,3.85,60700,3516100,11.29599,19369.8,19650.0,19700,ATM+6,CALL,19400,2023-11-07
2023-11-07 12:52:00+05:30,3.85,3.9,3.8,3.8,221950,3516100,11.245466,19370.45,19650.0,19700,ATM+6,CALL,19400,2023-11-07
2023-11-07 12:53:00+05:30,3.8,3.8,3.75,3.8,30850,3516100,11.32611,19368.1,19650.0,19700,ATM+6,CALL,19400,2023-11-07
2023-11-07 12:54:00+05:30,3.75,3.75,3.65,3.65,86600,3590600,11.355531,19364.45,19650.0,19700,ATM+6,CALL,19400,2023-11-07
2023-11-07 12:55:00+05:30,3.65,3.8,3.65,3.7,60200,3590600,11.467476,19362.1,19650.0,19700,ATM+6,CALL,19400,2023-11-07
2023-11-07 12:56:00+05:30,3.7,3.75,3.65,3.65,83550,3597400,11.432583,19362.25,19650.0,19700,ATM+6,CALL,19400,2023-11-07
2023-11-07 12:57:00+05:30,3.65,3.75,3.65,3.7,25150,3597400,11.408275,19364.0,19650.0,19700,ATM+6,CALL,19400,2023-11-07
2023-11-07 12:58:00+05:30,3.7,3.9,3.7,3.9,413200,3597400,11.464789,19366.1,19650.0,19700,ATM+6,CALL,19400,2023-11-07
2023-11-07 12:59:00+05:30,3.85,3.95,3.85,3.95,365450,3857000,11.472147,19366.85,19650.0,19700,ATM+6,CALL,19400,2023-11-07
2023-11-07 13:00:00+05:30,3.95,4.0,3.9,3.95,173350,3857000,11.447229,19367.65,19650.0,19700,ATM+6,CALL,19400,2023-11-07
2023-11-07 13:01:00+05:30,4.0,4.05,3.95,3.95,44400,3857000,11.385222,19369.55,19650.0,19700,ATM+6,CALL,19400,2023-11-07
2023-11-07 13:02:00+05:30,3.95,3.95,3.9,3.9,14000,3857000,11.383758,19368.75,19650.0,19700,ATM+6,CALL,19400,2023-11-07
2023-11-07 13:03:00+05:30,3.9,3.95,3.85,3.9,33150,3866750,11.328539,19370.45,19650.0,19700,ATM+6,CALL,19400,2023-11-07
2023-11-07 13:04:00+05:30,3.9,3.95,3.85,3.95,45300,3866750,11.376057,19370.0,19650.0,19700,ATM+6,CALL,19400,2023-11-07
2023-11-07 13:05:00+05:30,3.95,3.95,3.85,3.9,30600,3868250,11.372941,19369.25,19650.0,19700,ATM+6,CALL,19400,2023-11-07
2023-11-07 13:06:00+05:30,3.9,3.95,3.9,3.9,27750,3868250,11.295774,19371.6,19650.0,19700,ATM+6,CALL,19400,2023-11-07
2023-11-07 13:07:00+05:30,3.9,3.95,3.9,3.9,31100,3868250,11.382001,19369.1,19650.0,19700,ATM+6,CALL,19400,2023-11-07
2023-11-07 13:08:00+05:30,3.9,3.9,3.75,3.75,53150,3865250,11.326552,19368.05,19650.0,19700,ATM+6,CALL,19400,2023-11-07
2023-11-07 13:09:00+05:30,3.75,3.75,3.7,3.75,35000,3865250,11.346962,19367.5,19650.0,19700,ATM+6,CALL,19400,2023-11-07
2023-11-07 13:10:00+05:30,3.75,3.75,3.5,3.5,84750,3865250,11.249119,19365.7,19650.0,19700,ATM+6,CALL,19400,2023-11-07
2023-11-07 13:11:00+05:30,3.5,3.6,3.5,3.55,38650,3870500,11.17896,19368.85,19650.0,19700,ATM+6,CALL,19400,2023-11-07
2023-11-07 13:12:00+05:30,3.55,3.6,3.4,3.45,67750,3870500,11.293042,19363.5,19650.0,19700,ATM+6,CALL,19400,2023-11-07
2023-11-07 13:13:00+05:30,3.45,3.55,3.3,3.55,141900,3870500,11.36062,19363.5,19650.0,19700,ATM+6,CALL,19400,2023-11-07
2023-11-07 13:14:00+05:30,3.55,3.65,3.5,3.5,64000,3890050,11.22059,19366.8,19650.0,19700,ATM+6,CALL,19400,2023-11-07
2023-11-07 13:15:00+05:30,3.55,3.55,3.45,3.5,34900,3890050,11.239156,19366.3,19650.0,19700,ATM+6,CALL,19400,2023-11-07
2023-11-07 13:16:00+05:30,3.5,3.55,3.45,3.55,23600,3890050,11.242058,19367.25,19650.0,19700,ATM+6,CALL,19400,2023-11-07
2023-11-07 13:17:00+05:30,3.55,3.55,3.45,3.45,20750,3890050,11.225269,19365.85,19650.0,19700,ATM+6,CALL,19400,2023-11-07
2023-11-07 13:18:00+05:30,3.5,3.5,3.4,3.4,28000,3894200,11.31964,19362.05,19650.0,19700,ATM+6,CALL,19400,2023-11-07
2023-11-07 13:19:00+05:30,3.45,3.5,3.4,3.4,35450,3894200,11.318342,19362.15,19650.0,19700,ATM+6,CALL,19400,2023-11-07
2023-11-07 13:20:00+05:30,3.4,3.4,3.35,3.4,29600,3894200,11.392897,19359.95,19650.0,19700,ATM+6,CALL,19400,2023-11-07
2023-11-07 13:21:00+05:30,3.35,3.4,3.25,3.3,185000,3898050,11.402627,19357.65,19650.0,19700,ATM+6,CALL,19400,2023-11-07
2023-11-07 13:22:00+05:30,3.35,3.45,3.3,3.4,42850,3898050,11.396926,19359.95,19650.0,19700,ATM+6,CALL,19400,2023-11-07
2023-11-07 13:23:00+05:30,3.4,3.5,3.4,3.45,55200,3898050,11.376222,19361.65,19650.0,19700,ATM+6,CALL,19400,2023-11-07
2023-11-07 13:24:00+05:30,3.45,3.45,3.4,3.45,44450,3933050,11.394772,19361.15,19650.0,19700,ATM+6,CALL,19400,2023-11-07
2023-11-07 13:25:00+05:30,3.45,3.5,3.4,3.5,38600,3933050,11.333763,19364.05,19650.0,19700,ATM+6,CALL,19400,2023-11-07
2023-11-07 13:26:00+05:30,3.5,3.5,3.4,3.45,109400,3933050,11.319372,19363.55,19650.0,19700,ATM+6,CALL,19400,2023-11-07
2023-11-07 13:27:00+05:30,3.4,3.4,3.35,3.35,33650,3884950,11.416041,19358.65,19650.0,19700,ATM+6,CALL,19400,2023-11-07
2023-11-07 13:28:00+05:30,3.35,3.45,3.35,3.4,36550,3884950,11.484913,19357.65,19650.0,19700,ATM+6,CALL,19400,2023-11-07
2023-11-07 13:29:00+05:30,3.45,3.45,3.4,3.45,63050,3884950,11.596584,19355.35,19650.0,19700,ATM+6,CALL,19400,2023-11-07
2023-11-07 13:30:00+05:30,3.45,3.45,3.4,3.45,60950,3885650,11.567264,19356.3,19650.0,19700,ATM+6,CALL,19400,2023-11-07
2023-11-07 13:31:00+05:30,3.45,3.45,3.35,3.4,28050,3885650,11.584982,19354.8,19650.0,19700,ATM+6,CALL,19400,2023-11-07
2023-11-07 13:32:00+05:30,3.4,3.6,3.4,3.6,40200,3885650,11.493068,19361.65,19650.0,19700,ATM+6,CALL,19400,2023-11-07
2023-11-07 13:33:00+05:30,3.55,3.6,3.4,3.5,147950,3870550,11.334902,19364.5,19650.0,19700,ATM+6,CALL,19400,2023-11-07
2023-11-07 13:34:00+05:30,3.5,3.55,3.4,3.45,166750,3870550,11.092984,19370.85,19650.0,19700,ATM+6,CALL,19400,2023-11-07
2023-11-07 13:35:00+05:30,3.45,3.55,3.4,3.55,152100,3870550,11.104668,19372.5,19650.0,19700,ATM+6,CALL,19400,2023-11-07
2023-11-07 13:36:00+05:30,3.5,3.6,3.5,3.5,165050,3883650,11.1545,19370.1,19650.0,19700,ATM+6,CALL,19400,2023-11-07
2023-11-07 13:37:00+05:30,3.55,3.55,3.4,3.4,250000,3883650,11.150741,19368.3,19650.0,19700,ATM+6,CALL,19400,2023-11-07
2023-11-07 13:38:00+05:30,3.4,3.5,3.35,3.35,403300,3883650,11.117798,19368.35,19650.0,19700,ATM+6,CALL,19400,2023-11-07
2023-11-07 13:39:00+05:30,3.35,3.45,3.35,3.4,62650,3656000,11.134795,19368.9,19650.0,19700,ATM+6,CALL,19400,2023-11-07
2023-11-07 13:40:00+05:30,3.4,3.55,3.4,3.5,120400,3656000,11.063973,19373.05,19650.0,19700,ATM+6,CALL,19400,2023-11-07
2023-11-07 13:41:00+05:30,3.5,3.5,3.35,3.5,77850,3656000,11.037542,19373.9,19650.0,19700,ATM+6,CALL,19400,2023-11-07
2023-11-07 13:42:00+05:30,3.5,3.6,3.4,3.6,100400,3662050,11.07501,19374.75,19650.0,19700,ATM+6,CALL,19400,2023-11-07
2023-11-07 13:43:00+05:30,3.6,3.6,3.5,3.55,90200,3662050,11.058549,19374.35,19650.0,19700,ATM+6,CALL,19400,2023-11-07
2023-11-07 13:44:00+05:30,3.6,3.65,3.55,3.6,52700,3662050,11.139395,19372.95,19650.0,19700,ATM+6,CALL,19400,2023-11-07
2023-11-07 13:45:00+05:30,3.6,3.6,3.5,3.55,37750,3637650,11.126158,19372.45,19650.0,19700,ATM+6,CALL,19400,2023-11-07
2023-11-07 13:46:00+05:30,3.5,3.55,3.4,3.45,59200,3637650,11.160059,19369.55,19650.0,19700,ATM+6,CALL,19400,2023-11-07
2023-11-07 13:47:00+05:30,3.45,3.45,3.3,3.4,68950,3637650,11.03258,19372.45,19650.0,19700,ATM+6,CALL,19400,2023-11-07
2023-11-07 13:48:00+05:30,3.4,3.55,3.4,3.55,52300,3645550,11.11034,19373.1,19650.0,19700,ATM+6,CALL,19400,2023-11-07
2023-11-07 13:49:00+05:30,3.55,3.6,3.4,3.5,49350,3645550,11.065039,19373.55,19650.0,19700,ATM+6,CALL,19400,2023-11-07
2023-11-07 13:50:00+05:30,2.35,2.5,2.35,2.4,119500,6302450,11.701615,19377.45,19700.0,19700,ATM+6,CALL,19400,2023-11-07
2023-11-07 13:51:00+05:30,2.4,2.5,2.4,2.45,97500,6305450,11.486148,19385.8,19700.0,19700,ATM+6,CALL,19400,2023-11-07
2023-11-07 13:52:00+05:30,2.5,2.55,2.45,2.45,563900,6305450,11.425528,19387.8,19700.0,19700,ATM+6,CALL,19400,2023-11-07
2023-11-07 13:53:00+05:30,2.5,2.6,2.4,2.45,386650,6305450,11.286374,19392.3,19700.0,19700,ATM+6,CALL,19400,2023-11-07
2023-11-07 13:54:00+05:30,2.45,2.55,2.4,2.55,436250,6088150,11.273588,19395.4,19700.0,19700,ATM+6,CALL,19400,2023-11-07
2023-11-07 13:55:00+05:30,2.55,2.8,2.5,2.75,414900,6088150,11.443408,19395.15,19700.0,19700,ATM+6,CALL,19400,2023-11-07
2023-11-07 13:56:00+05:30,2.7,3.05,2.7,2.95,653150,6088150,11.442341,19400.0,19700.0,19700,ATM+6,CALL,19400,2023-11-07
2023-11-07 13:57:00+05:30,2.95,3.05,2.75,2.75,467800,6061400,11.393173,19396.85,19700.0,19700,ATM+6,CALL,19400,2023-11-07
2023-11-07 13:58:00+05:30,2.7,2.75,2.6,2.75,229350,6061400,11.377623,19397.4,19700.0,19700,ATM+6,CALL,19400,2023-11-07
2023-11-07 13:59:00+05:30,2.75,2.75,2.6,2.6,273050,6061400,11.375028,19393.8,19700.0,19700,ATM+6,CALL,19400,2023-11-07
2023-11-07 14:00:00+05:30,2.6,2.7,2.55,2.65,174600,6019150,11.356979,19395.7,19700.0,19700,ATM+6,CALL,19400,2023-11-07
2023-11-07 14:01:00+05:30,2.65,2.75,2.65,2.75,108000,6019150,11.335722,19398.9,19700.0,19700,ATM+6,CALL,19400,2023-11-07
2023-11-07 14:02:00+05:30,2.75,2.95,2.7,2.9,312200,6019150,11.533202,19396.4,19700.0,19700,ATM+6,CALL,19400,2023-11-07
2023-11-07 14:03:00+05:30,2.85,2.95,2.8,2.9,351200,5910100,11.403064,19400.5,19700.0,19700,ATM+6,CALL,19400,2023-11-07
2023-11-07 14:04:00+05:30,2.9,3.2,2.85,3.15,485100,5910100,11.433623,19405.25,19700.0,19700,ATM+6,CALL,19400,2023-11-07
2023-11-07 14:05:00+05:30,3.2,3.2,2.85,3.1,467150,5910100,11.378706,19405.9,19700.0,19700,ATM+6,CALL,19400,2023-11-07
2023-11-07 14:06:00+05:30,3.1,3.1,2.9,3.0,224350,5851250,11.345757,19404.75,19700.0,19700,ATM+6,CALL,19400,2023-11-07
2023-11-07 14:07:00+05:30,2.95,3.1,2.95,3.05,272650,5851250,11.35654,19405.6,19700.0,19700,ATM+6,CALL,19400,2023-11-07
2023-11-07 14:08:00+05:30,3.05,3.05,2.8,2.85,177700,5851250,11.336774,19401.7,19700.0,19700,ATM+6,CALL,19400,2023-11-07
2023-11-07 14:09:00+05:30,2.85,2.85,2.6,2.6,325150,5827350,11.269874,19397.75,19700.0,19700,ATM+6,CALL,19400,2023-11-07
2023-11-07 14:10:00+05:30,2.65,2.8,2.6,2.8,234300,5827350,11.469829,19396.5,19700.0,19700,ATM+6,CALL,19400,2023-11-07
2023-11-07 14:11:00+05:30,2.8,2.8,2.65,2.75,129300,5827350,11.434557,19396.45,19700.0,19700,ATM+6,CALL,19400,2023-11-07
2023-11-07 14:12:00+05:30,2.75,2.9,2.7,2.85,200450,5810900,11.373939,19400.8,19700.0,19700,ATM+6,CALL,19400,2023-11-07
2023-11-07 14:13:00+05:30,2.9,3.0,2.85,2.9,102850,5810900,11.462299,19399.3,19700.0,19700,ATM+6,CALL,19400,2023-11-07
2023-11-07 14:14:00+05:30,2.95,3.0,2.95,3.0,51700,5810900,11.479098,19401.15,19700.0,19700,ATM+6,CALL,19400,2023-11-07
2023-11-07 14:15:00+05:30,3.0,3.0,2.85,2.85,114650,5813150,11.391359,19400.45,19700.0,19700,ATM+6,CALL,19400,2023-11-07
2023-11-07 14:16:00+05:30,2.85,3.0,2.8,3.0,178200,5813150,11.426331,19402.9,19700.0,19700,ATM+6,CALL,19400,2023-11-07
2023-11-07 14:17:00+05:30,3.0,3.05,2.9,2.95,173600,5813150,11.414114,19402.2,19700.0,19700,ATM+6,CALL,19400,2023-11-07
2023-11-07 14:18:00+05:30,3.0,3.0,2.85,2.85,119750,5753450,11.457189,19398.6,19700.0,19700,ATM+6,CALL,19400,2023-11-07
2023-11-07 14:19:00+05:30,2.85,2.95,2.85,2.9,92450,5753450,11.434222,19400.55,19700.0,19700,ATM+6,CALL,19400,2023-11-07
2023-11-07 14:20:00+05:30,2.9,3.0,2.9,2.95,102900,5753450,11.522457,19399.05,19700.0,19700,ATM+6,CALL,19400,2023-11-07
2023-11-07 14:21:00+05:30,2.95,3.0,2.9,2.95,52050,5754800,11.4921,19400.05,19700.0,19700,ATM+6,CALL,19400,2023-11-07
2023-11-07 14:22:00+05:30,2.95,3.0,2.9,2.95,80600,5754800,11.56875,19397.75,19700.0,19700,ATM+6,CALL,19400,2023-11-07
2023-11-07 14:23:00+05:30,2.95,3.0,2.9,2.95,227650,5754800,11.700397,19393.75,19700.0,19700,ATM+6,CALL,19400,2023-11-07
2023-11-07 14:24:00+05:30,2.95,3.0,2.85,2.9,89600,5700350,11.785453,19390.0,19700.0,19700,ATM+6,CALL,19400,2023-11-07
2023-11-07 14:25:00+05:30,2.85,2.9,2.7,2.85,189050,5700350,11.77136,19389.3,19700.0,19700,ATM+6,CALL,19400,2023-11-07
2023-11-07 14:26:00+05:30,2.85,2.9,2.75,2.9,95000,5700350,11.725148,19392.0,19700.0,19700,ATM+6,CALL,19400,2023-11-07
2023-11-07 14:27:00+05:30,2.9,3.0,2.85,2.9,133700,5661250,11.735331,19391.75,19700.0,19700,ATM+6,CALL,19400,2023-11-07
2023-11-07 14:28:00+05:30,2.9,2.9,2.8,2.85,110250,5661250,11.880649,19386.1,19700.0,19700,ATM+6,CALL,19400,2023-11-07
2023-11-07 14:29:00+05:30,2.8,2.9,2.8,2.9,99050,5661250,11.846072,19388.45,19700.0,19700,ATM+6,CALL,19400,2023-11-07
2023-11-07 14:30:00+05:30,2.8,2.95,2.8,2.95,76000,5629200,11.73783,19393.05,19700.0,19700,ATM+6,CALL,19400,2023-11-07
2023-11-07 14:31:00+05:30,2.95,3.0,2.9,2.95,87700,5629200,11.676742,19395.0,19700.0,19700,ATM+6,CALL,19400,2023-11-07
2023-11-07 14:32:00+05:30,2.95,3.0,2.8,2.8,111250,5629200,11.726089,19389.95,19700.0,19700,ATM+6,CALL,19400,2023-11-07
2023-11-07 14:33:00+05:30,2.85,2.9,2.75,2.85,100400,5628050,11.720652,19391.4,19700.0,19700,ATM+6,CALL,19400,2023-11-07
2023-11-07 14:34:00+05:30,2.85,2.85,2.75,2.8,17450,5628050,11.772105,19388.65,19700.0,19700,ATM+6,CALL,19400,2023-11-07
2023-11-07 14:35:00+05:30,2.75,2.8,2.75,2.8,25650,5628050,11.690621,19391.25,19700.0,19700,ATM+6,CALL,19400,2023-11-07
2023-11-07 14:36:00+05:30,2.8,2.8,2.75,2.75,21000,5621600,11.714194,19389.35,19700.0,19700,ATM+6,CALL,19400,2023-11-07
2023-11-07 14:37:00+05:30,2.75,2.75,2.7,2.75,97950,5621600,11.785259,19387.2,19700.0,19700,ATM+6,CALL,19400,2023-11-07
2023-11-07 14:38:00+05:30,2.7,2.75,2.45,2.5,248750,5621600,11.780896,19380.9,19700.0,19700,ATM+6,CALL,19400,2023-11-07
2023-11-07 14:39:00+05:30,2.5,2.6,2.45,2.55,139650,5627700,11.812943,19381.3,19700.0,19700,ATM+6,CALL,19400,2023-11-07
2023-11-07 14:40:00+05:30,2.55,2.65,2.55,2.55,50200,5627700,11.719967,19384.3,19700.0,19700,ATM+6,CALL,19400,2023-11-07
2023-11-07 14:41:00+05:30,2.55,2.6,2.5,2.55,47550,5627700,11.81087,19381.5,19700.0,19700,ATM+6,CALL,19400,2023-11-07
2023-11-07 14:42:00+05:30,2.55,2.6,2.5,2.55,108650,5635400,11.801908,19381.85,19700.0,19700,ATM+6,CALL,19400,2023-11-07
2023-11-07 14:43:00+05:30,2.55,2.65,2.55,2.6,120300,5635400,11.733178,19385.4,19700.0,19700,ATM+6,CALL,19400,2023-11-07
2023-11-07 14:44:00+05:30,2.6,2.65,2.6,2.6,108550,5635400,11.813262,19382.95,19700.0,19700,ATM+6,CALL,19400,2023-11-07
2023-11-07 14:45:00+05:30,2.6,2.65,2.55,2.65,48750,5622650,11.834593,19383.65,19700.0,19700,ATM+6,CALL,19400,2023-11-07
2023-11-07 14:46:00+05:30,2.65,2.7,2.6,2.7,57750,5622650,11.756127,19387.45,19700.0,19700,ATM+6,CALL,19400,2023-11-07
2023-11-07 14:47:00+05:30,2.7,2.75,2.65,2.7,96500,5622650,11.865508,19384.1,19700.0,19700,ATM+6,CALL,19400,2023-11-07
2023-11-07 14:48:00+05:30,2.7,2.8,2.6,2.75,103150,5620450,11.771777,19388.35,19700.0,19700,ATM+6,CALL,19400,2023-11-07
2023-11-07 14:49:00+05:30,2.7,2.9,2.7,2.8,177050,5620450,11.737998,19390.7,19700.0,19700,ATM+6,CALL,19400,2023-11-07
2023-11-07 14:50:00+05:30,2.75,2.85,2.75,2.85,112150,5620450,11.761592,19391.25,19700.0,19700,ATM+6,CALL,19400,2023-11-07
2023-11-07 14:51:00+05:30,2.85,2.9,2.8,2.9,122000,5652750,11.632205,19396.5,19700.0,19700,ATM+6,CALL,19400,2023-11-07
2023-11-07 14:52:00+05:30,2.9,2.95,2.8,2.95,120650,5652750,11.556701,19400.05,19700.0,19700,ATM+6,CALL,19400,2023-11-07
2023-11-07 14:53:00+05:30,2.95,2.95,2.85,2.9,74900,5652750,11.54378,19399.35,19700.0,19700,ATM+6,CALL,19400,2023-11-07
2023-11-07 14:54:00+05:30,2.9,2.9,2.75,2.75,61850,5649400,11.55108,19395.6,19700.0,19700,ATM+6,CALL,19400,2023-11-07
2023-11-07 14:55:00+05:30,2.75,2.8,2.75,2.8,103600,5649400,11.527784,19397.6,19700.0,19700,ATM+6,CALL,19400,2023-11-07
2023-11-07 14:56:00+05:30,2.75,2.85,2.75,2.8,74700,5649400,11.48941,19398.85,19700.0,19700,ATM+6,CALL,19400,2023-11-07
2023-11-07 14:57:00+05:30,2.8,2.85,2.75,2.75,60700,5628200,11.410418,19400.15,19700.0,19700,ATM+6,CALL,19400,2023-11-07
2023-11-07 14:58:00+05:30,2.8,2.85,2.75,2.85,46750,5628200,11.457546,19401.15,19700.0,19700,ATM+6,CALL,19400,2023-11-07
2023-11-07 14:59:00+05:30,2.8,2.95,2.8,2.85,116450,5628200,11.527873,19399.05,19700.0,19700,ATM+6,CALL,19400,2023-11-07
2023-11-07 15:00:00+05:30,2.9,3.0,2.85,2.9,178400,5628100,11.343262,19405.95,19700.0,19700,ATM+6,CALL,19400,2023-11-07
2023-11-07 15:01:00+05:30,2.85,2.95,2.65,2.85,230000,5628100,11.46056,19401.25,19700.0,19700,ATM+6,CALL,19400,2023-11-07
2023-11-07 15:02:00+05:30,2.9,2.95,2.8,2.8,155800,5628100,11.39979,19402.0,19700.0,19700,ATM+6,CALL,19400,2023-11-07
2023-11-07 15:03:00+05:30,2.8,2.85,2.75,2.8,167500,5606950,11.343411,19403.8,19700.0,19700,ATM+6,CALL,19400,2023-11-07
2023-11-07 15:04:00+05:30,2.75,2.85,2.7,2.8,356300,5606950,11.306478,19405.0,19700.0,19700,ATM+6,CALL,19400,2023-11-07
2023-11-07 15:05:00+05:30,2.75,2.8,2.75,2.8,69950,5606950,11.166969,19409.35,19700.0,19700,ATM+6,CALL,19400,2023-11-07
2023-11-07 15:06:00+05:30,2.75,2.8,2.7,2.8,103550,5590700,11.152719,19409.85,19700.0,19700,ATM+6,CALL,19400,2023-11-07
2023-11-07 15:07:00+05:30,2.8,2.8,2.6,2.6,119900,5590700,11.219979,19403.0,19700.0,19700,ATM+6,CALL,19400,2023-11-07
2023-11-07 15:08:00+05:30,2.6,2.65,2.55,2.55,228000,5590700,11.292193,19399.55,19700.0,19700,ATM+6,CALL,19400,2023-11-07
2023-11-07 15:09:00+05:30,2.6,2.7,2.6,2.6,202000,5658150,11.3897,19397.85,19700.0,19700,ATM+6,CALL,19400,2023-11-07
2023-11-07 15:10:00+05:30,2.65,2.75,2.6,2.75,124700,5658150,11.495815,19398.35,19700.0,19700,ATM+6,CALL,19400,2023-11-07
2023-11-07 15:11:00+05:30,2.7,2.8,2.7,2.75,89800,5658150,11.507631,19398.05,19700.0,19700,ATM+6,CALL,19400,2023-11-07
2023-11-07 15:12:00+05:30,2.75,2.85,2.75,2.8,77050,5640250,11.547345,19398.1,19700.0,19700,ATM+6,CALL,19400,2023-11-07
2023-11-07 15:13:00+05:30,2.8,2.8,2.65,2.7,151050,5640250,11.59488,19394.25,19700.0,19700,ATM+6,CALL,19400,2023-11-07
2023-11-07 15:14:00+05:30,2.75,2.75,2.7,2.75,74900,5640250,11.513947,19398.05,19700.0,19700,ATM+6,CALL,19400,2023-11-07
2023-11-07 15:15:00+05:30,2.75,2.9,2.7,2.9,308500,5616300,11.555911,19400.4,19700.0,19700,ATM+6,CALL,19400,2023-11-07
2023-11-07 15:16:00+05:30,2.95,2.95,2.75,2.8,286550,5616300,11.409481,19402.6,19700.0,19700,ATM+6,CALL,19400,2023-11-07
2023-11-07 15:17:00+05:30,2.85,2.85,2.75,2.75,130600,5616300,11.226399,19407.1,19700.0,19700,ATM+6,CALL,19400,2023-11-07
2023-11-07 15:18:00+05:30,2.75,2.9,2.75,2.85,187800,5626150,11.239783,19409.1,19700.0,19700,ATM+6,CALL,19400,2023-11-07
2023-11-07 15:19:00+05:30,2.85,2.95,2.85,2.9,106550,5626150,11.200725,19411.5,19700.0,19700,ATM+6,CALL,19400,2023-11-07
2023-11-07 15:20:00+05:30,2.9,2.95,2.8,2.8,336750,5626150,11.080051,19412.95,19700.0,19700,ATM+6,CALL,19400,2023-11-07
2023-11-07 15:21:00+05:30,2.8,2.85,2.75,2.8,424200,5692350,10.983879,19415.95,19700.0,19700,ATM+6,CALL,19400,2023-11-07
2023-11-07 15:22:00+05:30,2.8,2.9,2.55,2.65,508050,5692350,10.893795,19415.25,19700.0,19700,ATM+6,CALL,19400,2023-11-07
2023-11-07 15:23:00+05:30,2.7,2.9,2.65,2.85,251800,5692350,10.995874,19416.85,19700.0,19700,ATM+6,CALL,19400,2023-11-07
2023-11-07 15:24:00+05:30,2.85,2.9,2.8,2.85,345850,5726950,10.968314,19417.75,19700.0,19700,ATM+6,CALL,19400,2023-11-07
2023-11-07 15:25:00+05:30,2.85,2.9,2.7,2.9,324800,5726950,11.035371,19416.9,19700.0,19700,ATM+6,CALL,19400,2023-11-07
2023-11-07 15:26:00+05:30,2.9,2.95,2.85,2.95,150850,5726950,11.016312,19418.65,19700.0,19700,ATM+6,CALL,19400,2023-11-07
2023-11-07 15:27:00+05:30,2.9,3.1,2.9,3.05,385250,5733050,11.153614,19416.75,19700.0,19700,ATM+6,CALL,19400,2023-11-07
2023-11-07 15:28:00+05:30,3.05,3.1,2.85,2.9,340800,5733050,11.212712,19411.7,19700.0,19700,ATM+6,CALL,19400,2023-11-07
2023-11-07 15:29:00+05:30,2.85,2.9,2.7,2.8,454850,5733050,10.95907,19417.2,19700.0,19700,ATM+6,CALL,19400,2023-11-07
2023-11-07 15:30:00+05:30,2.85,2.85,2.85,2.85,1500,5733050,11.000206,19417.15,19700.0,19700,ATM+6,CALL,19400,2023-11-07
2023-11-07 09:15:00+05:30,204.9,229.0,204.9,224.85,81800,288750,10.573115,19369.7,19600.0,19650,ATM+5,PUT,19400,2023-11-07
2023-11-07 09:16:00+05:30,225.15,234.35,225.15,230.5,54200,288750,0.0,19354.55,19600.0,19650,ATM+5,PUT,19400,2023-11-07
2023-11-07 09:17:00+05:30,230.0,234.9,226.0,227.2,32550,287850,0.0,19357.9,19600.0,19650,ATM+5,PUT,19400,2023-11-07
2023-11-07 09:18:00+05:30,227.7,230.4,226.05,226.3,15600,287850,7.695155,19362.85,19600.0,19650,ATM+5,PUT,19400,2023-11-07
2023-11-07 09:19:00+05:30,225.8,228.25,223.9,224.7,29650,287850,7.878176,19364.7,19600.0,19650,ATM+5,PUT,19400,2023-11-07
2023-11-07 09:20:00+05:30,223.2,223.7,214.3,214.75,59400,303050,6.802545,19373.9,19600.0,19650,ATM+5,PUT,19400,2023-11-07
2023-11-07 09:21:00+05:30,214.75,223.65,212.35,222.5,44950,303050,9.920939,19370.6,19600.0,19650,ATM+5,PUT,19400,2023-11-07
2023-11-07 09:22:00+05:30,267.3,268.9,263.7,264.25,850,37700,9.167736,19375.3,19650.0,19650,ATM+5,PUT,19400,2023-11-07
2023-11-07 09:23:00+05:30,264.25,265.9,260.75,261.15,850,37450,10.405634,19380.3,19650.0,19650,ATM+5,PUT,19400,2023-11-07
2023-11-07 09:24:00+05:30,261.15,261.15,258.8,259.75,1450,37450,10.580038,19382.1,19650.0,19650,ATM+5,PUT,19400,2023-11-07
2023-11-07 09:25:00+05:30,259.75,259.75,255.0,257.75,1100,37450,8.528662,19381.35,19650.0,19650,ATM+5,PUT,19400,2023-11-07
2023-11-07 09:26:00+05:30,211.15,221.05,211.15,216.9,63100,338150,8.886896,19374.4,19600.0,19650,ATM+5,PUT,19400,2023-11-07
2023-11-07 09:27:00+05:30,262.0,265.0,259.15,259.2,1300,39750,0.0,19375.9,19650.0,19650,ATM+5,PUT,19400,2023-11-07
2023-11-07 09:28:00+05:30,214.0,217.15,212.4,215.5,11750,338150,6.791277,19373.15,19600.0,19650,ATM+5,PUT,19400,2023-11-07
2023-11-07 09:29:00+05:30,215.55,220.5,215.15,216.5,26300,358400,0.0,19370.25,19600.0,19650,ATM+5,PUT,19400,2023-11-07
2023-11-07 09:30:00+05:30,216.7,223.65,214.7,221.85,68300,358400,8.247612,19368.15,19600.0,19650,ATM+5,PUT,19400,2023-11-07
2023-11-07 09:31:00+05:30,221.6,222.5,218.3,219.45,34500,358400,8.688061,19371.35,19600.0,19650,ATM+5,PUT,19400,2023-11-07
2023-11-07 09:32:00+05:30,219.45,219.9,215.35,217.75,17100,379050,8.356096,19372.6,19600.0,19650,ATM+5,PUT,19400,2023-11-07
2023-11-07 09:33:00+05:30,217.75,219.3,215.6,215.95,18550,379050,6.558711,19372.55,19600.0,19650,ATM+5,PUT,19400,2023-11-07
2023-11-07 09:34:00+05:30,215.95,221.6,215.95,219.9,24350,379050,0.0,19367.05,19600.0,19650,ATM+5,PUT,19400,2023-11-07
2023-11-07 09:35:00+05:30,219.9,224.65,219.85,220.95,44200,381700,0.0,19366.2,19600.0,19650,ATM+5,PUT,19400,2023-11-07
2023-11-07 09:36:00+05:30,220.9,222.0,217.25,217.8,26250,381700,0.0,19366.7,19600.0,19650,ATM+5,PUT,19400,2023-11-07
2023-11-07 09:37:00+05:30,217.8,220.0,214.5,217.2,26900,381700,0.0,19368.55,19600.0,19650,ATM+5,PUT,19400,2023-11-07
2023-11-07 09:38:00+05:30,217.2,220.45,216.55,219.95,10600,379650,0.0,19364.1,19600.0,19650,ATM+5,PUT,19400,2023-11-07
2023-11-07 09:39:00+05:30,219.85,224.0,219.45,222.55,29850,379650,0.0,19360.6,19600.0,19650,ATM+5,PUT,19400,2023-11-07
2023-11-07 09:40:00+05:30,222.55,223.3,220.0,220.0,23350,379650,0.0,19362.0,19600.0,19650,ATM+5,PUT,19400,2023-11-07
2023-11-07 09:41:00+05:30,219.55,219.8,215.0,218.0,36050,391150,0.0,19363.55,19600.0,19650,ATM+5,PUT,19400,2023-11-07
2023-11-07 09:42:00+05:30,218.35,219.15,215.95,216.3,13050,391150,0.0,19363.0,19600.0,19650,ATM+5,PUT,19400,2023-11-07
2023-11-07 09:43:00+05:30,216.3,218.0,215.0,215.3,20950,391150,0.0,19365.15,19600.0,19650,ATM+5,PUT,19400,2023-11-07
2023-11-07 09:44:00+05:30,214.3,216.2,214.3,215.0,19100,416950,0.0,19366.5,19600.0,19650,ATM+5,PUT,19400,2023-11-07
2023-11-07 09:45:00+05:30,215.15,218.15,211.55,214.25,38250,416950,0.0,19366.45,19600.0,19650,ATM+5,PUT,19400,2023-11-07
2023-11-07 09:46:00+05:30,214.25,217.35,214.0,217.05,19100,416950,0.0,19362.65,19600.0,19650,ATM+5,PUT,19400,2023-11-07
2023-11-07 09:47:00+05:30,217.5,221.85,217.4,221.85,32500,418300,0.0,19355.65,19600.0,19650,ATM+5,PUT,19400,2023-11-07
2023-11-07 09:48:00+05:30,223.0,223.35,218.0,220.55,27200,418300,0.0,19358.85,19600.0,19650,ATM+5,PUT,19400,2023-11-07
2023-11-07 09:49:00+05:30,220.0,220.6,215.55,215.55,12650,418300,0.0,19363.6,19600.0,19650,ATM+5,PUT,19400,2023-11-07
2023-11-07 09:50:00+05:30,216.4,220.35,216.05,220.35,8900,414500,0.0,19359.4,19600.0,19650,ATM+5,PUT,19400,2023-11-07
2023-11-07 09:51:00+05:30,220.35,221.6,215.5,217.75,18500,414500,0.0,19362.8,19600.0,19650,ATM+5,PUT,19400,2023-11-07
2023-11-07 09:52:00+05:30,217.75,218.0,215.5,217.6,3700,414500,0.0,19363.6,19600.0,19650,ATM+5,PUT,19400,2023-11-07
2023-11-07 09:53:00+05:30,217.6,219.25,216.0,218.55,8850,415850,0.0,19362.1,19600.0,19650,ATM+5,PUT,19400,2023-11-07
2023-11-07 09:54:00+05:30,218.55,219.55,215.45,215.9,8050,415850,0.0,19363.85,19600.0,19650,ATM+5,PUT,19400,2023-11-07
2023-11-07 09:55:00+05:30,216.2,217.2,204.15,212.7,65750,415850,0.0,19369.0,19600.0,19650,ATM+5,PUT,19400,2023-11-07
2023-11-07 09:56:00+05:30,213.25,219.9,213.25,216.8,43600,419200,0.0,19362.95,19600.0,19650,ATM+5,PUT,19400,2023-11-07
2023-11-07 09:57:00+05:30,216.8,219.2,216.0,219.15,17600,419200,0.0,19361.45,19600.0,19650,ATM+5,PUT,19400,2023-11-07
2023-11-07 09:58:00+05:30,219.25,224.8,219.15,223.3,59550,419200,0.0,19356.1,19600.0,19650,ATM+5,PUT,19400,2023-11-07
2023-11-07 09:59:00+05:30,223.65,225.55,218.95,220.35,37500,419400,0.0,19358.05,19600.0,19650,ATM+5,PUT,19400,2023-11-07
2023-11-07 10:00:00+05:30,219.55,223.5,219.0,221.6,42050,419400,0.0,19356.0,19600.0,19650,ATM+5,PUT,19400,2023-11-07
2023-11-07 10:01:00+05:30,221.6,221.6,218.15,219.2,11600,419400,0.0,19361.4,19600.0,19650,ATM+5,PUT,19400,2023-11-07
2023-11-07 10:02:00+05:30,219.2,223.0,217.4,222.5,14150,417900,0.0,19356.3,19600.0,19650,ATM+5,PUT,19400,2023-11-07
2023-11-07 10:03:00+05:30,223.2,227.5,222.6,225.65,52300,417900,0.0,19353.2,19600.0,19650,ATM+5,PUT,19400,2023-11-07
2023-11-07 10:04:00+05:30,225.55,229.65,225.5,227.75,41000,417900,0.0,19350.75,19600.0,19650,ATM+5,PUT,19400,2023-11-07
2023-11-07 10:05:00+05:30,227.75,230.1,226.0,226.7,33100,403050,0.0,19350.4,19600.0,19650,ATM+5,PUT,19400,2023-11-07
2023-11-07 10:06:00+05:30,226.7,230.6,226.5,226.5,19550,403050,0.0,19351.9,19600.0,19650,ATM+5,PUT,19400,2023-11-07
2023-11-07 10:07:00+05:30,226.5,228.2,225.6,226.75,13000,403050,0.0,19350.5,19600.0,19650,ATM+5,PUT,19400,2023-11-07
2023-11-07 10:08:00+05:30,227.7,227.7,222.45,224.0,12200,399100,0.0,19355.3,19600.0,19650,ATM+5,PUT,19400,2023-11-07
2023-11-07 10:09:00+05:30,224.0,225.7,221.55,223.0,19750,399100,0.0,19357.6,19600.0,19650,ATM+5,PUT,19400,2023-11-07
2023-11-07 10:10:00+05:30,223.25,223.5,219.95,223.35,18550,399100,0.0,19357.55,19600.0,19650,ATM+5,PUT,19400,2023-11-07
2023-11-07 10:11:00+05:30,223.35,223.35,220.85,220.85,6250,401600,0.0,19359.0,19600.0,19650,ATM+5,PUT,19400,2023-11-07
2023-11-07 10:12:00+05:30,220.85,221.0,218.0,219.0,23050,401600,0.0,19360.9,19600.0,19650,ATM+5,PUT,19400,2023-11-07
2023-11-07 10:13:00+05:30,219.0,220.3,213.7,214.5,18800,401600,0.0,19364.3,19600.0,19650,ATM+5,PUT,19400,2023-11-07
2023-11-07 10:14:00+05:30,214.4,217.65,214.4,214.65,24100,409900,0.0,19366.2,19600.0,19650,ATM+5,PUT,19400,2023-11-07
2023-11-07 10:15:00+05:30,215.35,217.55,215.0,216.2,12150,409900,0.0,19364.6,19600.0,19650,ATM+5,PUT,19400,2023-11-07
2023-11-07 10:16:00+05:30,216.95,216.95,213.8,215.65,21200,409900,0.0,19365.45,19600.0,19650,ATM+5,PUT,19400,2023-11-07
2023-11-07 10:17:00+05:30,215.95,219.0,215.55,218.0,19250,413250,0.0,19362.75,19600.0,19650,ATM+5,PUT,19400,2023-11-07
2023-11-07 10:18:00+05:30,218.0,218.0,215.0,217.2,9150,413250,0.0,19363.95,19600.0,19650,ATM+5,PUT,19400,2023-11-07
2023-11-07 10:19:00+05:30,217.2,217.2,206.7,208.05,34100,413250,0.0,19369.55,19600.0,19650,ATM+5,PUT,19400,2023-11-07
2023-11-07 10:20:00+05:30,207.7,210.4,197.9,197.9,58500,414600,0.0,19373.05,19600.0,19650,ATM+5,PUT,19400,2023-11-07
2023-11-07 10:21:00+05:30,199.35,206.05,197.75,206.05,36350,414600,0.0,19372.65,19600.0,19650,ATM+5,PUT,19400,2023-11-07
2023-11-07 10:22:00+05:30,206.05,208.95,204.5,208.0,25350,414600,0.0,19371.5,19600.0,19650,ATM+5,PUT,19400,2023-11-07
2023-11-07 10:23:00+05:30,208.0,212.2,208.0,212.2,27300,424100,0.0,19365.1,19600.0,19650,ATM+5,PUT,19400,2023-11-07
2023-11-07 10:24:00+05:30,212.05,212.9,208.95,210.95,26650,424100,0.0,19365.9,19600.0,19650,ATM+5,PUT,19400,2023-11-07
2023-11-07 10:25:00+05:30,210.95,211.85,205.9,206.05,22650,424100,0.0,19371.7,19600.0,19650,ATM+5,PUT,19400,2023-11-07
2023-11-07 10:26:00+05:30,205.15,207.0,203.55,206.0,18400,425950,0.0,19372.5,19600.0,19650,ATM+5,PUT,19400,2023-11-07
2023-11-07 10:27:00+05:30,206.0,207.35,204.4,206.8,11750,425950,0.0,19369.25,19600.0,19650,ATM+5,PUT,19400,2023-11-07
2023-11-07 10:28:00+05:30,206.8,208.45,205.0,205.4,9650,425950,0.0,19370.25,19600.0,19650,ATM+5,PUT,19400,2023-11-07
2023-11-07 10:29:00+05:30,205.4,206.1,204.0,205.3,6850,432200,0.0,19370.65,19600.0,19650,ATM+5,PUT,19400,2023-11-07
2023-11-07 10:30:00+05:30,205.3,206.1,202.8,204.3,21500,432200,0.0,19373.6,19600.0,19650,ATM+5,PUT,19400,2023-11-07
2023-11-07 10:31:00+05:30,250.8,250.8,247.9,247.9,350,43600,0.0,19376.55,19650.0,19650,ATM+5,PUT,19400,2023-11-07
2023-11-07 10:32:00+05:30,247.9,247.95,245.4,247.95,4250,42650,0.0,19375.8,19650.0,19650,ATM+5,PUT,19400,2023-11-07
2023-11-07 10:33:00+05:30,202.05,203.55,201.0,202.55,15900,450550,0.0,19374.35,19600.0,19650,ATM+5,PUT,19400,2023-11-07
2023-11-07 10:34:00+05:30,249.7,249.7,247.4,248.0,2650,42650,0.0,19375.5,19650.0,19650,ATM+5,PUT,19400,2023-11-07
2023-11-07 10:35:00+05:30,248.0,248.5,236.15,237.7,6700,42950,0.0,19384.6,19650.0,19650,ATM+5,PUT,19400,2023-11-07
2023-11-07 10:36:00+05:30,237.7,244.9,237.7,241.5,5650,42950,0.0,19379.95,19650.0,19650,ATM+5,PUT,19400,2023-11-07
2023-11-07 10:37:00+05:30,242.0,242.0,239.9,240.25,700,42950,0.0,19381.45,19650.0,19650,ATM+5,PUT,19400,2023-11-07
2023-11-07 10:38:00+05:30,240.25,242.6,240.25,241.95,3800,42200,0.0,19381.15,19650.0,19650,ATM+5,PUT,19400,2023-11-07
2023-11-07 10:39:00+05:30,241.95,241.95,235.2,237.35,4200,42200,0.0,19385.3,19650.0,19650,ATM+5,PUT,19400,2023-11-07
2023-11-07 10:40:00+05:30,236.6,239.6,234.3,234.55,1900,42200,0.0,19387.55,19650.0,19650,ATM+5,PUT,19400,2023-11-07
2023-11-07 10:41:00+05:30,234.55,235.3,231.5,234.4,2950,42450,0.0,19390.45,19650.0,19650,ATM+5,PUT,19400,2023-11-07
2023-11-07 10:42:00+05:30,234.6,239.8,234.6,239.55,2050,42450,0.0,19388.35,19650.0,19650,ATM+5,PUT,19400,2023-11-07
2023-11-07 10:43:00+05:30,239.55,240.6,238.0,238.0,1250,42450,0.0,19387.55,19650.0,19650,ATM+5,PUT,19400,2023-11-07
2023-11-07 10:44:00+05:30,238.0,239.45,235.95,235.95,300,41550,0.0,19393.05,19650.0,19650,ATM+5,PUT,19400,2023-11-07
2023-11-07 10:45:00+05:30,235.95,235.95,230.95,235.6,3600,41550,0.0,19392.95,19650.0,19650,ATM+5,PUT,19400,2023-11-07
2023-11-07 10:46:00+05:30,235.6,239.7,235.6,239.45,1250,41550,0.0,19390.3,19650.0,19650,ATM+5,PUT,19400,2023-11-07
2023-11-07 10:47:00+05:30,239.45,241.5,239.25,239.25,800,44050,0.0,19389.55,19650.0,19650,ATM+5,PUT,19400,2023-11-07
2023-11-07 10:48:00+05:30,239.25,241.45,238.4,238.4,1750,44050,0.0,19390.0,19650.0,19650,ATM+5,PUT,19400,2023-11-07
2023-11-07 10:49:00+05:30,238.4,238.4,237.6,238.2,250,44050,0.0,19391.4,19650.0,19650,ATM+5,PUT,19400,2023-11-07
2023-11-07 10:50:00+05:30,238.2,240.45,238.2,239.55,1550,44750,0.0,19391.6,19650.0,19650,ATM+5,PUT,19400,2023-11-07
2023-11-07 10:51:00+05:30,239.55,246.5,239.55,244.9,7550,44750,0.0,19387.4,19650.0,19650,ATM+5,PUT,19400,2023-11-07
2023-11-07 10:52:00+05:30,244.9,253.5,244.9,253.2,4150,44750,0.0,19382.05,19650.0,19650,ATM+5,PUT,19400,2023-11-07
2023-11-07 10:53:00+05:30,253.2,253.2,247.6,248.65,3300,44900,0.0,19385.55,19650.0,19650,ATM+5,PUT,19400,2023-11-07
2023-11-07 10:54:00+05:30,248.65,249.45,248.0,249.45,1100,44900,0.0,19385.0,19650.0,19650,ATM+5,PUT,19400,2023-11-07
2023-11-07 10:55:00+05:30,249.45,252.75,249.15,252.75,1850,44900,0.0,19384.75,19650.0,19650,ATM+5,PUT,19400,2023-11-07
2023-11-07 10:56:00+05:30,252.75,253.0,250.6,253.0,1950,44900,0.0,19384.95,19650.0,19650,ATM+5,PUT,19400,2023-11-07
2023-11-07 10:57:00+05:30,253.0,256.6,253.0,254.2,3500,42950,0.0,19382.65,19650.0,19650,ATM+5,PUT,19400,2023-11-07
2023-11-07 10:58:00+05:30,254.2,254.2,250.5,250.5,300,42950,0.0,19385.0,19650.0,19650,ATM+5,PUT,19400,2023-11-07
2023-11-07 10:59:00+05:30,250.5,256.25,250.5,256.25,1700,42400,0.0,19381.05,19650.0,19650,ATM+5,PUT,19400,2023-11-07
2023-11-07 11:00:00+05:30,256.25,256.25,252.0,253.15,300,42400,0.0,19382.5,19650.0,19650,ATM+5,PUT,19400,2023-11-07
2023-11-07 11:01:00+05:30,253.15,253.35,249.25,253.35,3350,42400,0.0,19384.3,19650.0,19650,ATM+5,PUT,19400,2023-11-07
2023-11-07 11:02:00+05:30,253.35,253.5,253.35,253.5,400,42400,9.348888,19386.85,19650.0,19650,ATM+5,PUT,19400,2023-11-07
2023-11-07 11:03:00+05:30,253.5,253.55,250.0,251.1,450,42600,6.237195,19387.25,19650.0,19650,ATM+5,PUT,19400,2023-11-07
2023-11-07 11:04:00+05:30,251.1,251.1,249.8,250.05,200,42600,0.0,19386.8,19650.0,19650,ATM+5,PUT,19400,2023-11-07
2023-11-07 11:05:00+05:30,250.05,250.05,249.3,249.3,450,42600,0.0,19386.15,19650.0,19650,ATM+5,PUT,19400,2023-11-07
2023-11-07 11:06:00+05:30,249.3,249.3,245.85,247.1,2200,42150,0.0,19387.9,19650.0,19650,ATM+5,PUT,19400,2023-11-07
2023-11-07 11:07:00+05:30,247.1,247.1,244.3,245.2,3550,42150,0.0,19389.3,19650.0,19650,ATM+5,PUT,19400,2023-11-07
2023-11-07 11:08:00+05:30,245.2,245.2,244.55,244.7,1100,42100,0.0,19390.1,19650.0,19650,ATM+5,PUT,19400,2023-11-07
2023-11-07 11:09:00+05:30,244.7,244.7,240.6,241.5,1350,42100,0.0,19393.95,19650.0,19650,ATM+5,PUT,19400,2023-11-07
2023-11-07 11:10:00+05:30,241.5,241.5,239.0,239.0,1650,42100,0.0,19395.25,19650.0,19650,ATM+5,PUT,19400,2023-11-07
2023-11-07 11:11:00+05:30,239.0,243.0,239.0,242.0,1800,43600,6.366865,19396.45,19650.0,19650,ATM+5,PUT,19400,2023-11-07
2023-11-07 11:12:00+05:30,242.0,243.0,239.55,243.0,600,43600,0.0,19394.2,19650.0,19650,ATM+5,PUT,19400,2023-11-07
2023-11-07 11:13:00+05:30,243.0,244.75,241.9,241.9,1300,43600,0.0,19391.45,19650.0,19650,ATM+5,PUT,19400,2023-11-07
2023-11-07 11:14:00+05:30,241.9,243.6,241.35,242.95,3900,43050,0.0,19392.85,19650.0,19650,ATM+5,PUT,19400,2023-11-07
2023-11-07 11:15:00+05:30,242.95,247.3,242.95,246.45,3100,43050,0.0,19389.45,19650.0,19650,ATM+5,PUT,19400,2023-11-07
2023-11-07 11:16:00+05:30,246.45,247.75,244.8,245.5,750,43050,0.0,19390.75,19650.0,19650,ATM+5,PUT,19400,2023-11-07
2023-11-07 11:17:00+05:30,245.5,245.6,245.15,245.15,150,46550,7.658516,19393.85,19650.0,19650,ATM+5,PUT,19400,2023-11-07
2023-11-07 11:18:00+05:30,245.15,245.15,240.0,240.0,100,46550,0.0,19398.0,19650.0,19650,ATM+5,PUT,19400,2023-11-07
2023-11-07 11:19:00+05:30,240.0,240.15,240.0,240.15,100,46550,0.0,19396.5,19650.0,19650,ATM+5,PUT,19400,2023-11-07
2023-11-07 11:20:00+05:30,240.15,242.75,240.15,242.75,50,46550,7.500768,19396.2,19650.0,19650,ATM+5,PUT,19400,2023-11-07
2023-11-07 11:21:00+05:30,241.4,241.4,240.15,240.15,300,46550,0.0,19396.3,19650.0,19650,ATM+5,PUT,19400,2023-11-07
2023-11-07 11:22:00+05:30,240.15,245.65,240.15,245.65,900,46550,8.457644,19394.0,19650.0,19650,ATM+5,PUT,19400,2023-11-07
2023-11-07 11:23:00+05:30,245.65,245.95,244.35,245.95,900,47050,0.0,19391.25,19650.0,19650,ATM+5,PUT,19400,2023-11-07
2023-11-07 11:24:00+05:30,245.95,248.0,245.95,246.7,650,47050,0.0,19390.65,19650.0,19650,ATM+5,PUT,19400,2023-11-07
2023-11-07 11:25:00+05:30,246.7,246.7,243.9,245.8,450,47050,0.0,19391.05,19650.0,19650,ATM+5,PUT,19400,2023-11-07
2023-11-07 11:26:00+05:30,245.8,248.0,245.7,248.0,800,47300,0.0,19388.35,19650.0,19650,ATM+5,PUT,19400,2023-11-07
2023-11-07 11:27:00+05:30,248.0,248.0,246.85,246.85,250,47300,7.190845,19391.9,19650.0,19650,ATM+5,PUT,19400,2023-11-07
2023-11-07 11:28:00+05:30,245.05,245.05,245.0,245.0,400,47300,0.0,19389.7,19650.0,19650,ATM+5,PUT,19400,2023-11-07
2023-11-07 11:29:00+05:30,245.0,247.95,245.0,247.95,50,47200,0.0,19389.85,19650.0,19650,ATM+5,PUT,19400,2023-11-07
2023-11-07 11:30:00+05:30,247.95,251.5,246.1,251.2,2400,47200,8.750916,19388.6,19650.0,19650,ATM+5,PUT,19400,2023-11-07
2023-11-07 11:31:00+05:30,251.1,252.8,251.1,251.55,2600,47200,6.248028,19386.9,19650.0,19650,ATM+5,PUT,19400,2023-11-07
2023-11-07 11:32:00+05:30,251.55,253.35,250.5,250.5,950,47650,9.406532,19390.1,19650.0,19650,ATM+5,PUT,19400,2023-11-07
2023-11-07 11:33:00+05:30,250.5,251.85,250.5,251.65,300,47650,7.380773,19387.15,19650.0,19650,ATM+5,PUT,19400,2023-11-07
2023-11-07 11:34:00+05:30,251.65,251.65,251.2,251.2,100,47650,8.113401,19388.05,19650.0,19650,ATM+5,PUT,19400,2023-11-07
2023-11-07 11:35:00+05:30,251.2,251.2,247.05,248.25,1800,47350,9.997552,19393.35,19650.0,19650,ATM+5,PUT,19400,2023-11-07
2023-11-07 11:36:00+05:30,248.25,248.85,245.45,245.45,1150,47350,9.423965,19395.4,19650.0,19650,ATM+5,PUT,19400,2023-11-07
2023-11-07 11:37:00+05:30,245.45,246.7,245.45,246.7,150,47350,9.391563,19394.05,19650.0,19650,ATM+5,PUT,19400,2023-11-07
2023-11-07 11:38:00+05:30,246.7,248.8,246.7,248.25,950,46900,10.025505,19393.4,19650.0,19650,ATM+5,PUT,19400,2023-11-07
2023-11-07 11:39:00+05:30,248.25,252.4,248.25,251.85,1200,46900,10.346584,19390.15,19650.0,19650,ATM+5,PUT,19400,2023-11-07
2023-11-07 11:40:00+05:30,252.0,271.75,252.0,267.05,30100,46900,11.687894,19376.55,19650.0,19650,ATM+5,PUT,19400,2023-11-07
2023-11-07 11:41:00+05:30,220.65,235.75,220.65,229.8,116800,420750,11.135778,19365.65,19600.0,19650,ATM+5,PUT,19400,2023-11-07
2023-11-07 11:42:00+05:30,231.3,236.3,230.0,234.25,62500,420750,10.572908,19359.4,19600.0,19650,ATM+5,PUT,19400,2023-11-07
2023-11-07 11:43:00+05:30,234.15,234.15,231.2,233.7,34800,420750,6.549601,19355.0,19600.0,19650,ATM+5,PUT,19400,2023-11-07
2023-11-07 11:44:00+05:30,233.75,236.45,232.25,236.45,33150,395700,9.334141,19354.7,19600.0,19650,ATM+5,PUT,19400,2023-11-07
2023-11-07 11:45:00+05:30,238.6,257.2,236.85,257.2,162200,395700,12.872686,19340.2,19600.0,19650,ATM+5,PUT,19400,2023-11-07
2023-11-07 11:46:00+05:30,254.6,261.65,249.15,252.55,69000,395700,12.979749,19345.7,19600.0,19650,ATM+5,PUT,19400,2023-11-07
2023-11-07 11:47:00+05:30,252.6,253.0,248.8,250.65,24200,352550,12.197102,19345.55,19600.0,19650,ATM+5,PUT,19400,2023-11-07
2023-11-07 11:48:00+05:30,251.05,257.6,250.75,254.7,21100,352550,12.496469,19341.9,19600.0,19650,ATM+5,PUT,19400,2023-11-07
2023-11-07 11:49:00+05:30,253.8,265.2,253.75,260.75,57150,352550,13.115519,19336.95,19600.0,19650,ATM+5,PUT,19400,2023-11-07
2023-11-07 11:50:00+05:30,262.1,262.2,256.25,257.25,27350,329700,13.329524,19341.5,19600.0,19650,ATM+5,PUT,19400,2023-11-07
2023-11-07 11:51:00+05:30,255.7,260.0,252.8,253.05,16200,329700,12.561258,19343.9,19600.0,19650,ATM+5,PUT,19400,2023-11-07
2023-11-07 11:52:00+05:30,252.45,257.45,251.3,255.65,16750,329700,12.312204,19340.35,19600.0,19650,ATM+5,PUT,19400,2023-11-07
2023-11-07 11:53:00+05:30,257.3,261.05,257.0,259.3,31300,335200,12.94188,19338.05,19600.0,19650,ATM+5,PUT,19400,2023-11-07
2023-11-07 11:54:00+05:30,259.3,267.35,259.3,266.5,24400,335200,13.252787,19330.95,19600.0,19650,ATM+5,PUT,19400,2023-11-07
2023-11-07 11:55:00+05:30,266.7,268.15,255.55,257.4,23050,335200,13.86721,19343.05,19600.0,19650,ATM+5,PUT,19400,2023-11-07
2023-11-07 11:56:00+05:30,258.0,261.0,255.8,258.0,5050,335750,13.524326,19341.25,19600.0,19650,ATM+5,PUT,19400,2023-11-07
2023-11-07 11:57:00+05:30,258.5,258.6,256.5,257.45,10900,335750,13.720604,19342.5,19600.0,19650,ATM+5,PUT,19400,2023-11-07
2023-11-07 11:58:00+05:30,257.45,260.65,257.0,257.0,8500,335750,13.359503,19341.85,19600.0,19650,ATM+5,PUT,19400,2023-11-07
2023-11-07 11:59:00+05:30,257.1,257.25,253.55,253.65,4550,334550,13.132031,19344.9,19600.0,19650,ATM+5,PUT,19400,2023-11-07
2023-11-07 12:00:00+05:30,253.15,258.0,253.15,256.4,7300,334550,12.766169,19340.75,19600.0,19650,ATM+5,PUT,19400,2023-11-07
2023-11-07 12:01:00+05:30,256.5,257.75,255.65,257.3,2850,334550,12.975511,19340.35,19600.0,19650,ATM+5,PUT,19400,2023-11-07
2023-11-07 12:02:00+05:30,257.3,260.25,256.45,259.15,13150,338850,12.486582,19336.95,19600.0,19650,ATM+5,PUT,19400,2023-11-07
2023-11-07 12:03:00+05:30,259.15,260.2,255.7,256.7,6600,338850,13.238909,19341.8,19600.0,19650,ATM+5,PUT,19400,2023-11-07
2023-11-07 12:04:00+05:30,256.7,258.05,256.7,257.4,1450,338850,12.860234,19339.9,19600.0,19650,ATM+5,PUT,19400,2023-11-07
2023-11-07 12:05:00+05:30,257.4,257.8,251.75,251.75,5750,342750,12.192832,19344.3,19600.0,19650,ATM+5,PUT,19400,2023-11-07
2023-11-07 12:06:00+05:30,249.0,255.0,249.0,254.05,10450,342750,13.346301,19345.1,19600.0,19650,ATM+5,PUT,19400,2023-11-07
2023-11-07 12:07:00+05:30,254.05,254.05,246.6,248.25,9950,342750,13.101305,19350.85,19600.0,19650,ATM+5,PUT,19400,2023-11-07
2023-11-07 12:08:00+05:30,248.85,251.2,248.85,249.75,7550,341400,13.255299,19349.65,19600.0,19650,ATM+5,PUT,19400,2023-11-07
2023-11-07 12:09:00+05:30,250.05,253.0,250.0,251.35,11050,341400,14.026792,19350.45,19600.0,19650,ATM+5,PUT,19400,2023-11-07
2023-11-07 12:10:00+05:30,250.7,255.65,250.7,251.45,8050,341400,13.553985,19348.7,19600.0,19650,ATM+5,PUT,19400,2023-11-07
2023-11-07 12:11:00+05:30,251.45,252.25,248.95,250.15,3600,338850,13.723416,19350.75,19600.0,19650,ATM+5,PUT,19400,2023-11-07
2023-11-07 12:12:00+05:30,250.4,251.5,249.35,251.2,1750,338850,14.420215,19352.05,19600.0,19650,ATM+5,PUT,19400,2023-11-07
2023-11-07 12:13:00+05:30,251.2,253.45,251.2,253.45,2200,338850,14.408646,19349.4,19600.0,19650,ATM+5,PUT,19400,2023-11-07
2023-11-07 12:14:00+05:30,252.15,252.15,249.3,251.15,3100,340100,14.513453,19352.45,19600.0,19650,ATM+5,PUT,19400,2023-11-07
2023-11-07 12:15:00+05:30,251.15,252.85,249.35,250.8,4100,340100,14.473652,19352.7,19600.0,19650,ATM+5,PUT,19400,2023-11-07
2023-11-07 12:16:00+05:30,250.8,251.75,249.45,251.15,2900,340100,14.646797,19352.95,19600.0,19650,ATM+5,PUT,19400,2023-11-07
2023-11-07 12:17:00+05:30,251.15,251.55,249.75,249.75,3950,343750,14.053929,19352.35,19600.0,19650,ATM+5,PUT,19400,2023-11-07
2023-11-07 12:18:00+05:30,249.75,252.2,247.45,248.5,4800,343750,14.301043,19354.7,19600.0,19650,ATM+5,PUT,19400,2023-11-07
2023-11-07 12:19:00+05:30,248.5,249.25,240.35,241.0,15550,343750,13.140093,19359.15,19600.0,19650,ATM+5,PUT,19400,2023-11-07
2023-11-07 12:20:00+05:30,241.0,243.3,237.45,243.3,37600,351500,13.96439,19359.45,19600.0,19650,ATM+5,PUT,19400,2023-11-07
2023-11-07 12:21:00+05:30,243.05,246.8,243.05,245.25,11200,351500,13.993981,19357.3,19600.0,19650,ATM+5,PUT,19400,2023-11-07
2023-11-07 12:22:00+05:30,245.25,248.55,244.8,248.55,11900,351500,14.174374,19354.15,19600.0,19650,ATM+5,PUT,19400,2023-11-07
2023-11-07 12:23:00+05:30,249.0,250.0,246.55,246.55,19500,345750,13.41429,19353.75,19600.0,19650,ATM+5,PUT,19400,2023-11-07
2023-11-07 12:24:00+05:30,246.55,247.9,246.0,246.25,4800,345750,13.833765,19355.55,19600.0,19650,ATM+5,PUT,19400,2023-11-07
2023-11-07 12:25:00+05:30,246.25,247.6,244.85,245.55,4950,345750,13.805885,19356.25,19600.0,19650,ATM+5,PUT,19400,2023-11-07
2023-11-07 12:26:00+05:30,245.55,248.25,245.55,247.1,2000,351600,14.410219,19356.7,19600.0,19650,ATM+5,PUT,19400,2023-11-07
2023-11-07 12:27:00+05:30,247.1,250.5,247.1,248.85,5450,351600,14.473104,19354.9,19600.0,19650,ATM+5,PUT,19400,2023-11-07
2023-11-07 12:28:00+05:30,248.85,249.0,246.4,248.55,2000,351600,14.100415,19353.85,19600.0,19650,ATM+5,PUT,19400,2023-11-07
2023-11-07 12:29:00+05:30,248.55,252.0,248.55,250.15,4750,349200,14.478526,19353.4,19600.0,19650,ATM+5,PUT,19400,2023-11-07
2023-11-07 12:30:00+05:30,250.15,251.75,248.65,248.65,4950,349200,13.940771,19353.15,19600.0,19650,ATM+5,PUT,19400,2023-11-07
2023-11-07 12:31:00+05:30,248.65,252.5,248.0,251.5,5400,349200,14.309938,19351.2,19600.0,19650,ATM+5,PUT,19400,2023-11-07
2023-11-07 12:32:00+05:30,251.2,251.2,243.6,243.6,7200,351150,13.0787,19355.95,19600.0,19650,ATM+5,PUT,19400,2023-11-07
2023-11-07 12:33:00+05:30,243.6,244.3,242.0,243.4,12550,351150,13.486079,19357.55,19600.0,19650,ATM+5,PUT,19400,2023-11-07
2023-11-07 12:34:00+05:30,243.4,243.4,229.6,230.0,35650,351150,11.049501,19365.15,19600.0,19650,ATM+5,PUT,19400,2023-11-07
2023-11-07 12:35:00+05:30,229.15,233.75,228.45,231.2,26350,356950,12.196302,19367.1,19600.0,19650,ATM+5,PUT,19400,2023-11-07
2023-11-07 12:36:00+05:30,231.75,236.4,231.75,236.15,11550,356950,12.90102,19363.8,19600.0,19650,ATM+5,PUT,19400,2023-11-07
2023-11-07 12:37:00+05:30,237.05,237.9,231.95,231.95,7300,356950,12.715889,19367.95,19600.0,19650,ATM+5,PUT,19400,2023-11-07
2023-11-07 12:38:00+05:30,232.5,236.15,232.5,233.75,4550,357700,13.246163,19367.75,19600.0,19650,ATM+5,PUT,19400,2023-11-07
2023-11-07 12:39:00+05:30,234.15,236.0,234.15,235.3,3000,357700,13.172377,19365.7,19600.0,19650,ATM+5,PUT,19400,2023-11-07
2023-11-07 12:40:00+05:30,235.3,238.75,234.7,237.95,9450,357700,13.790101,19364.9,19600.0,19650,ATM+5,PUT,19400,2023-11-07
2023-11-07 12:41:00+05:30,238.8,242.4,236.0,236.4,11000,354100,13.592356,19365.95,19600.0,19650,ATM+5,PUT,19400,2023-11-07
2023-11-07 12:42:00+05:30,236.4,240.7,236.4,240.7,9600,354100,14.524048,19364.55,19600.0,19650,ATM+5,PUT,19400,2023-11-07
2023-11-07 12:43:00+05:30,240.7,242.0,240.25,240.75,2300,354100,14.465773,19364.25,19600.0,19650,ATM+5,PUT,19400,2023-11-07
2023-11-07 12:44:00+05:30,240.75,241.8,239.1,241.3,3300,350600,14.428693,19363.45,19600.0,19650,ATM+5,PUT,19400,2023-11-07
2023-11-07 12:45:00+05:30,241.3,241.3,237.5,237.55,1950,350600,13.819098,19365.45,19600.0,19650,ATM+5,PUT,19400,2023-11-07
2023-11-07 12:46:00+05:30,237.55,240.65,237.0,237.75,5450,350600,13.933662,19365.65,19600.0,19650,ATM+5,PUT,19400,2023-11-07
2023-11-07 12:47:00+05:30,237.75,240.0,234.0,234.15,10200,349950,13.676654,19368.85,19600.0,19650,ATM+5,PUT,19400,2023-11-07
2023-11-07 12:48:00+05:30,235.25,236.15,233.25,233.25,4450,349950,14.120783,19371.65,19600.0,19650,ATM+5,PUT,19400,2023-11-07
2023-11-07 12:49:00+05:30,233.65,235.45,233.0,235.3,6250,349950,14.749949,19371.85,19600.0,19650,ATM+5,PUT,19400,2023-11-07
2023-11-07 12:50:00+05:30,236.0,237.25,234.1,237.15,1650,347400,14.441517,19368.35,19600.0,19650,ATM+5,PUT,19400,2023-11-07
2023-11-07 12:51:00+05:30,237.15,238.4,234.0,234.0,3000,347400,13.882103,19369.8,19600.0,19650,ATM+5,PUT,19400,2023-11-07
2023-11-07 12:52:00+05:30,234.0,234.75,230.8,233.8,2850,347400,13.988726,19370.45,19600.0,19650,ATM+5,PUT,19400,2023-11-07
2023-11-07 12:53:00+05:30,234.0,236.6,234.0,235.75,2000,347400,13.973078,19368.1,19600.0,19650,ATM+5,PUT,19400,2023-11-07
2023-11-07 12:54:00+05:30,236.8,242.2,236.8,241.45,6950,349100,14.73401,19364.45,19600.0,19650,ATM+5,PUT,19400,2023-11-07
2023-11-07 12:55:00+05:30,241.45,243.75,240.05,243.75,7550,349100,14.824492,19362.1,19600.0,19650,ATM+5,PUT,19400,2023-11-07
2023-11-07 12:56:00+05:30,243.35,245.7,241.05,242.3,9500,354500,14.438773,19362.25,19600.0,19650,ATM+5,PUT,19400,2023-11-07
2023-11-07 12:57:00+05:30,242.3,242.3,239.0,239.7,6000,354500,14.109923,19364.0,19600.0,19650,ATM+5,PUT,19400,2023-11-07
2023-11-07 12:58:00+05:30,241.0,241.0,237.0,238.75,4750,354500,14.362846,19366.1,19600.0,19650,ATM+5,PUT,19400,2023-11-07
2023-11-07 12:59:00+05:30,238.75,239.05,235.5,238.6,2700,360700,14.506235,19366.85,19600.0,19650,ATM+5,PUT,19400,2023-11-07
2023-11-07 13:00:00+05:30,238.6,238.6,235.95,237.15,2150,360700,14.283425,19367.65,19600.0,19650,ATM+5,PUT,19400,2023-11-07
2023-11-07 13:01:00+05:30,237.0,237.35,232.65,234.6,4000,360700,14.010503,19369.55,19600.0,19650,ATM+5,PUT,19400,2023-11-07
2023-11-07 13:02:00+05:30,234.6,236.25,234.45,235.75,2350,360700,14.150134,19368.75,19600.0,19650,ATM+5,PUT,19400,2023-11-07
2023-11-07 13:03:00+05:30,235.75,237.3,235.0,236.35,3350,361250,14.736951,19370.45,19600.0,19650,ATM+5,PUT,19400,2023-11-07
2023-11-07 13:04:00+05:30,236.35,236.35,233.0,235.45,5050,361250,14.375012,19370.0,19600.0,19650,ATM+5,PUT,19400,2023-11-07
2023-11-07 13:05:00+05:30,234.8,237.0,234.8,235.5,2150,361250,14.206002,19369.25,19600.0,19650,ATM+5,PUT,19400,2023-11-07
2023-11-07 13:06:00+05:30,235.5,237.0,234.55,234.75,3350,361650,14.563729,19371.6,19600.0,19650,ATM+5,PUT,19400,2023-11-07
2023-11-07 13:07:00+05:30,234.75,236.8,234.75,236.65,1900,361650,14.505406,19369.1,19600.0,19650,ATM+5,PUT,19400,2023-11-07
2023-11-07 13:08:00+05:30,236.65,238.8,236.65,237.9,5350,361650,14.610658,19368.05,19600.0,19650,ATM+5,PUT,19400,2023-11-07
2023-11-07 13:09:00+05:30,237.9,239.0,237.15,238.35,1250,357700,14.607813,19367.5,19600.0,19650,ATM+5,PUT,19400,2023-11-07
2023-11-07 13:10:00+05:30,238.35,241.0,238.35,240.4,7250,357700,14.760666,19365.7,19600.0,19650,ATM+5,PUT,19400,2023-11-07
2023-11-07 13:11:00+05:30,241.25,241.25,239.1,239.1,2200,357700,15.141073,19368.85,19600.0,19650,ATM+5,PUT,19400,2023-11-07
2023-11-07 13:12:00+05:30,239.1,245.65,239.1,244.55,17800,356800,15.41177,19363.5,19600.0,19650,ATM+5,PUT,19400,2023-11-07
2023-11-07 13:13:00+05:30,244.55,249.3,244.0,244.0,12350,356800,15.26012,19363.5,19600.0,19650,ATM+5,PUT,19400,2023-11-07
2023-11-07 13:14:00+05:30,243.4,243.95,239.75,241.5,8150,356800,15.335113,19366.8,19600.0,19650,ATM+5,PUT,19400,2023-11-07
2023-11-07 13:15:00+05:30,241.5,245.35,241.5,242.35,3750,350800,15.455454,19366.3,19600.0,19650,ATM+5,PUT,19400,2023-11-07
2023-11-07 13:16:00+05:30,242.35,243.55,240.05,240.05,5200,350800,15.040838,19367.25,19600.0,19650,ATM+5,PUT,19400,2023-11-07
2023-11-07 13:17:00+05:30,240.05,242.7,239.85,242.15,1500,350800,15.300329,19365.85,19600.0,19650,ATM+5,PUT,19400,2023-11-07
2023-11-07 13:18:00+05:30,242.15,246.0,241.9,245.0,4400,353700,15.206322,19362.05,19600.0,19650,ATM+5,PUT,19400,2023-11-07
2023-11-07 13:19:00+05:30,245.0,245.5,243.0,245.25,6000,353700,15.30241,19362.15,19600.0,19650,ATM+5,PUT,19400,2023-11-07
2023-11-07 13:20:00+05:30,245.6,247.9,245.6,247.4,5200,353700,15.388343,19359.95,19600.0,19650,ATM+5,PUT,19400,2023-11-07
2023-11-07 13:21:00+05:30,247.4,254.45,247.4,248.6,27250,352050,15.176881,19357.65,19600.0,19650,ATM+5,PUT,19400,2023-11-07
2023-11-07 13:22:00+05:30,247.95,247.95,244.65,247.1,7050,352050,15.306496,19359.95,19600.0,19650,ATM+5,PUT,19400,2023-11-07
2023-11-07 13:23:00+05:30,247.8,247.8,241.55,242.0,5950,352050,14.231334,19361.65,19600.0,19650,ATM+5,PUT,19400,2023-11-07
2023-11-07 13:24:00+05:30,240.6,243.25,240.6,242.8,5650,349600,14.345791,19361.15,19600.0,19650,ATM+5,PUT,19400,2023-11-07
2023-11-07 13:25:00+05:30,242.8,244.4,240.05,240.05,2350,349600,14.267273,19364.05,19600.0,19650,ATM+5,PUT,19400,2023-11-07
2023-11-07 13:26:00+05:30,239.75,239.8,236.2,239.25,30700,349600,13.891301,19363.55,19600.0,19650,ATM+5,PUT,19400,2023-11-07
2023-11-07 13:27:00+05:30,239.25,245.35,239.25,245.35,4150,341550,14.473094,19358.65,19600.0,19650,ATM+5,PUT,19400,2023-11-07
2023-11-07 13:28:00+05:30,245.35,245.65,242.55,242.7,2300,341550,13.34288,19357.65,19600.0,19650,ATM+5,PUT,19400,2023-11-07
2023-11-07 13:29:00+05:30,242.7,244.45,242.4,242.9,2500,341550,12.69007,19355.35,19600.0,19650,ATM+5,PUT,19400,2023-11-07
2023-11-07 13:30:00+05:30,242.9,244.35,242.0,243.7,4450,343600,13.280184,19356.3,19600.0,19650,ATM+5,PUT,19400,2023-11-07
2023-11-07 13:31:00+05:30,244.2,244.2,243.0,244.15,3050,343600,12.970636,19354.8,19600.0,19650,ATM+5,PUT,19400,2023-11-07
2023-11-07 13:32:00+05:30,244.15,244.55,236.95,237.8,6800,343600,12.873005,19361.65,19600.0,19650,ATM+5,PUT,19400,2023-11-07
2023-11-07 13:33:00+05:30,237.8,239.1,231.05,232.45,11750,343000,11.838123,19364.5,19600.0,19650,ATM+5,PUT,19400,2023-11-07
2023-11-07 13:34:00+05:30,231.65,232.2,225.4,225.85,34850,343000,11.493893,19370.85,19600.0,19650,ATM+5,PUT,19400,2023-11-07
2023-11-07 13:35:00+05:30,226.1,230.8,225.15,228.4,14500,343000,12.91818,19372.5,19600.0,19650,ATM+5,PUT,19400,2023-11-07
2023-11-07 13:36:00+05:30,228.4,232.05,226.5,232.05,39650,335700,13.421182,19370.1,19600.0,19650,ATM+5,PUT,19400,2023-11-07
2023-11-07 13:37:00+05:30,232.05,234.25,228.75,229.05,13700,335700,11.846363,19368.3,19600.0,19650,ATM+5,PUT,19400,2023-11-07
2023-11-07 13:38:00+05:30,229.05,229.5,226.9,229.35,2550,335700,11.97708,19368.35,19600.0,19650,ATM+5,PUT,19400,2023-11-07
2023-11-07 13:39:00+05:30,229.35,229.35,227.0,228.15,8750,332850,11.709213,19368.9,19600.0,19650,ATM+5,PUT,19400,2023-11-07
2023-11-07 13:40:00+05:30,228.15,229.0,221.3,221.8,17750,332850,10.645409,19373.05,19600.0,19650,ATM+5,PUT,19400,2023-11-07
2023-11-07 13:41:00+05:30,222.7,227.45,222.3,224.0,6450,332850,11.83263,19373.9,19600.0,19650,ATM+5,PUT,19400,2023-11-07
2023-11-07 13:42:00+05:30,223.85,226.8,223.35,224.05,9350,335250,12.122197,19374.75,19600.0,19650,ATM+5,PUT,19400,2023-11-07
2023-11-07 13:43:00+05:30,224.05,226.0,223.8,225.55,4250,335250,12.518118,19374.35,19600.0,19650,ATM+5,PUT,19400,2023-11-07
2023-11-07 13:44:00+05:30,226.25,227.7,225.0,226.2,10300,335250,12.319686,19372.95,19600.0,19650,ATM+5,PUT,19400,2023-11-07
2023-11-07 13:45:00+05:30,226.2,226.35,224.0,225.15,4150,337150,11.782334,19372.45,19600.0,19650,ATM+5,PUT,19400,2023-11-07
2023-11-07 13:46:00+05:30,225.15,228.8,225.15,228.8,6900,337150,12.174882,19369.55,19600.0,19650,ATM+5,PUT,19400,2023-11-07
2023-11-07 13:47:00+05:30,228.8,230.8,225.6,225.6,9300,337150,11.95016,19372.45,19600.0,19650,ATM+5,PUT,19400,2023-11-07
2023-11-07 13:48:00+05:30,225.6,226.9,225.0,225.4,5350,339850,12.087683,19373.1,19600.0,19650,ATM+5,PUT,19400,2023-11-07
2023-11-07 13:49:00+05:30,224.95,226.3,221.95,223.4,3500,339850,11.494886,19373.55,19600.0,19650,ATM+5,PUT,19400,2023-11-07
2023-11-07 13:50:00+05:30,270.7,270.7,263.05,264.35,5600,47350,10.55844,19377.45,19650.0,19650,ATM+5,PUT,19400,2023-11-07
2023-11-07 13:51:00+05:30,264.35,264.65,259.0,259.0,1850,45950,11.981403,19385.8,19650.0,19650,ATM+5,PUT,19400,2023-11-07
2023-11-07 13:52:00+05:30,259.0,259.0,252.25,256.75,3000,45950,11.788111,19387.8,19650.0,19650,ATM+5,PUT,19400,2023-11-07
2023-11-07 13:53:00+05:30,256.75,258.8,255.05,255.35,1750,45950,12.970098,19392.3,19650.0,19650,ATM+5,PUT,19400,2023-11-07
2023-11-07 13:54:00+05:30,255.35,257.0,253.65,253.65,850,48850,13.381557,19395.4,19650.0,19650,ATM+5,PUT,19400,2023-11-07
2023-11-07 13:55:00+05:30,253.65,253.65,250.9,251.9,250,48850,12.621491,19395.15,19650.0,19650,ATM+5,PUT,19400,2023-11-07
2023-11-07 13:56:00+05:30,251.9,251.9,243.0,245.45,5500,48850,11.760136,19400.0,19650.0,19650,ATM+5,PUT,19400,2023-11-07
2023-11-07 13:57:00+05:30,245.45,247.75,242.6,247.75,3800,50550,11.484925,19396.85,19650.0,19650,ATM+5,PUT,19400,2023-11-07
2023-11-07 13:58:00+05:30,247.75,248.6,244.1,244.1,2800,50550,9.686173,19397.4,19650.0,19650,ATM+5,PUT,19400,2023-11-07
2023-11-07 13:59:00+05:30,244.1,249.5,244.1,249.5,1400,50550,10.92937,19393.8,19650.0,19650,ATM+5,PUT,19400,2023-11-07
2023-11-07 14:00:00+05:30,249.5,250.2,247.95,248.0,1200,50350,11.076812,19395.7,19650.0,19650,ATM+5,PUT,19400,2023-11-07
2023-11-07 14:01:00+05:30,248.0,248.0,244.6,246.65,600,50350,11.847942,19398.9,19650.0,19650,ATM+5,PUT,19400,2023-11-07
2023-11-07 14:02:00+05:30,246.1,247.35,244.0,245.15,1250,50350,9.751065,19396.4,19650.0,19650,ATM+5,PUT,19400,2023-11-07
2023-11-07 14:03:00+05:30,245.15,245.15,238.75,239.4,6350,51100,8.099149,19400.5,19650.0,19650,ATM+5,PUT,19400,2023-11-07
2023-11-07 14:04:00+05:30,239.15,239.15,231.4,231.4,2250,51100,0.0,19405.25,19650.0,19650,ATM+5,PUT,19400,2023-11-07
2023-11-07 14:05:00+05:30,231.4,238.1,231.4,235.55,5450,51100,9.366355,19405.9,19650.0,19650,ATM+5,PUT,19400,2023-11-07
2023-11-07 14:06:00+05:30,235.55,238.0,235.55,237.2,850,50150,9.746674,19404.75,19650.0,19650,ATM+5,PUT,19400,2023-11-07
2023-11-07 14:07:00+05:30,237.2,238.5,234.4,238.4,4050,50150,10.876547,19405.6,19650.0,19650,ATM+5,PUT,19400,2023-11-07
2023-11-07 14:08:00+05:30,238.4,243.0,238.3,242.65,2750,50150,11.190368,19401.7,19650.0,19650,ATM+5,PUT,19400,2023-11-07
2023-11-07 14:09:00+05:30,242.65,248.0,242.65,248.0,2050,51100,11.983321,19397.75,19650.0,19650,ATM+5,PUT,19400,2023-11-07
2023-11-07 14:10:00+05:30,248.0,248.0,241.85,243.05,500,51100,7.661112,19396.5,19650.0,19650,ATM+5,PUT,19400,2023-11-07
2023-11-07 14:11:00+05:30,243.05,245.3,242.5,242.75,1600,51100,6.851235,19396.45,19650.0,19650,ATM+5,PUT,19400,2023-11-07
2023-11-07 14:12:00+05:30,242.75,243.5,238.5,240.15,3400,52150,9.134316,19400.8,19650.0,19650,ATM+5,PUT,19400,2023-11-07
2023-11-07 14:13:00+05:30,240.15,244.0,239.8,244.0,6100,52150,10.735206,19399.3,19650.0,19650,ATM+5,PUT,19400,2023-11-07
2023-11-07 14:14:00+05:30,242.75,242.75,238.55,238.55,3250,52150,7.759835,19401.15,19650.0,19650,ATM+5,PUT,19400,2023-11-07
2023-11-07 14:15:00+05:30,238.55,243.0,238.55,243.0,700,50150,10.775896,19400.45,19650.0,19650,ATM+5,PUT,19400,2023-11-07
2023-11-07 14:16:00+05:30,243.0,244.0,240.8,240.9,1600,50150,10.872828,19402.9,19650.0,19650,ATM+5,PUT,19400,2023-11-07
2023-11-07 14:17:00+05:30,240.9,240.9,237.0,238.3,250,50150,8.677247,19402.2,19650.0,19650,ATM+5,PUT,19400,2023-11-07
2023-11-07 14:18:00+05:30,238.3,240.0,236.85,238.9,1200,50750,0.0,19398.6,19650.0,19650,ATM+5,PUT,19400,2023-11-07
2023-11-07 14:19:00+05:30,238.9,238.9,236.55,236.55,100,50750,0.0,19400.55,19650.0,19650,ATM+5,PUT,19400,2023-11-07
2023-11-07 14:20:00+05:30,236.55,239.15,233.45,239.15,3050,50750,0.0,19399.05,19650.0,19650,ATM+5,PUT,19400,2023-11-07
2023-11-07 14:21:00+05:30,239.15,239.15,236.75,236.75,1350,52000,0.0,19400.05,19650.0,19650,ATM+5,PUT,19400,2023-11-07
2023-11-07 14:22:00+05:30,236.75,239.15,235.95,239.15,2950,52000,0.0,19397.75,19650.0,19650,ATM+5,PUT,19400,2023-11-07
2023-11-07 14:23:00+05:30,239.15,245.35,239.15,244.4,6950,52000,0.0,19393.75,19650.0,19650,ATM+5,PUT,19400,2023-11-07
2023-11-07 14:24:00+05:30,244.4,245.4,243.2,245.4,2800,53700,0.0,19390.0,19650.0,19650,ATM+5,PUT,19400,2023-11-07
2023-11-07 14:25:00+05:30,245.4,248.65,243.55,243.55,5900,53700,0.0,19389.3,19650.0,19650,ATM+5,PUT,19400,2023-11-07
2023-11-07 14:26:00+05:30,243.55,245.15,243.4,243.4,1850,53700,0.0,19392.0,19650.0,19650,ATM+5,PUT,19400,2023-11-07
2023-11-07 14:27:00+05:30,243.4,244.75,240.5,244.4,1350,58850,0.0,19391.75,19650.0,19650,ATM+5,PUT,19400,2023-11-07
2023-11-07 14:28:00+05:30,244.4,248.0,244.4,247.05,2500,58850,0.0,19386.1,19650.0,19650,ATM+5,PUT,19400,2023-11-07
2023-11-07 14:29:00+05:30,247.05,247.05,244.65,245.2,2750,58850,0.0,19388.45,19650.0,19650,ATM+5,PUT,19400,2023-11-07
2023-11-07 14:30:00+05:30,245.2,246.65,242.5,243.7,6800,58700,0.0,19393.05,19650.0,19650,ATM+5,PUT,19400,2023-11-07
2023-11-07 14:31:00+05:30,243.7,244.15,241.25,241.25,3300,58700,0.0,19395.0,19650.0,19650,ATM+5,PUT,19400,2023-11-07
2023-11-07 14:32:00+05:30,241.25,243.3,238.6,243.3,600,58700,0.0,19389.95,19650.0,19650,ATM+5,PUT,19400,2023-11-07
2023-11-07 14:33:00+05:30,243.3,245.95,243.3,243.75,1500,55000,0.0,19391.4,19650.0,19650,ATM+5,PUT,19400,2023-11-07
2023-11-07 14:34:00+05:30,243.75,245.0,243.75,244.35,350,55000,0.0,19388.65,19650.0,19650,ATM+5,PUT,19400,2023-11-07
2023-11-07 14:35:00+05:30,244.35,244.75,244.0,244.0,1600,55000,0.0,19391.25,19650.0,19650,ATM+5,PUT,19400,2023-11-07
2023-11-07 14:36:00+05:30,244.0,245.0,244.0,244.8,150,55500,0.0,19389.35,19650.0,19650,ATM+5,PUT,19400,2023-11-07
2023-11-07 14:37:00+05:30,244.8,247.0,244.8,246.2,1900,55500,0.0,19387.2,19650.0,19650,ATM+5,PUT,19400,2023-11-07
2023-11-07 14:38:00+05:30,246.2,255.0,246.2,254.7,6950,55500,0.0,19380.9,19650.0,19650,ATM+5,PUT,19400,2023-11-07
2023-11-07 14:39:00+05:30,254.7,254.7,249.55,249.55,550,56900,0.0,19381.3,19650.0,19650,ATM+5,PUT,19400,2023-11-07
2023-11-07 14:40:00+05:30,249.55,251.0,246.8,247.0,3650,56900,0.0,19384.3,19650.0,19650,ATM+5,PUT,19400,2023-11-07
2023-11-07 14:41:00+05:30,247.0,249.95,247.0,249.95,1200,56900,0.0,19381.5,19650.0,19650,ATM+5,PUT,19400,2023-11-07
2023-11-07 14:42:00+05:30,249.95,253.2,249.95,252.05,1300,57150,0.0,19381.85,19650.0,19650,ATM+5,PUT,19400,2023-11-07
2023-11-07 14:43:00+05:30,250.75,250.75,245.65,246.85,2600,57150,0.0,19385.4,19650.0,19650,ATM+5,PUT,19400,2023-11-07
2023-11-07 14:44:00+05:30,246.85,252.9,246.85,252.9,1000,57150,0.0,19382.95,19650.0,19650,ATM+5,PUT,19400,2023-11-07
2023-11-07 14:45:00+05:30,252.9,252.9,250.9,251.75,450,57250,0.0,19383.65,19650.0,19650,ATM+5,PUT,19400,2023-11-07
2023-11-07 14:46:00+05:30,251.75,251.75,248.65,248.65,10300,57250,0.0,19387.45,19650.0,19650,ATM+5,PUT,19400,2023-11-07
2023-11-07 14:47:00+05:30,248.65,248.65,247.4,248.0,600,57250,0.0,19384.1,19650.0,19650,ATM+5,PUT,19400,2023-11-07
2023-11-07 14:48:00+05:30,248.0,248.6,245.0,245.05,550,62800,0.0,19388.35,19650.0,19650,ATM+5,PUT,19400,2023-11-07
2023-11-07 14:49:00+05:30,245.05,245.25,241.05,243.8,2600,62800,0.0,19390.7,19650.0,19650,ATM+5,PUT,19400,2023-11-07
2023-11-07 14:50:00+05:30,243.8,245.05,242.05,244.65,2550,62800,0.0,19391.25,19650.0,19650,ATM+5,PUT,19400,2023-11-07
2023-11-07 14:51:00+05:30,244.65,244.65,240.0,242.9,1350,60800,7.052175,19396.5,19650.0,19650,ATM+5,PUT,19400,2023-11-07
2023-11-07 14:52:00+05:30,242.9,242.9,239.0,239.0,300,60800,0.0,19400.05,19650.0,19650,ATM+5,PUT,19400,2023-11-07
2023-11-07 14:53:00+05:30,239.0,239.7,237.9,237.9,1000,60800,0.0,19399.35,19650.0,19650,ATM+5,PUT,19400,2023-11-07
2023-11-07 14:54:00+05:30,237.9,240.35,237.9,240.35,2500,60700,0.0,19395.6,19650.0,19650,ATM+5,PUT,19400,2023-11-07
2023-11-07 14:55:00+05:30,240.35,240.35,239.0,239.0,400,60700,0.0,19397.6,19650.0,19650,ATM+5,PUT,19400,2023-11-07
2023-11-07 14:56:00+05:30,239.0,239.0,236.55,237.75,1050,60700,0.0,19398.85,19650.0,19650,ATM+5,PUT,19400,2023-11-07
2023-11-07 14:57:00+05:30,237.75,239.0,234.65,238.35,1700,60500,0.0,19400.15,19650.0,19650,ATM+5,PUT,19400,2023-11-07
2023-11-07 14:58:00+05:30,238.35,238.7,237.65,238.7,350,60500,7.800429,19401.15,19650.0,19650,ATM+5,PUT,19400,2023-11-07
2023-11-07 14:59:00+05:30,238.7,239.8,235.8,238.15,8900,60500,0.0,19399.05,19650.0,19650,ATM+5,PUT,19400,2023-11-07
2023-11-07 15:00:00+05:30,238.2,238.5,230.0,235.1,3450,65250,8.984144,19405.95,19650.0,19650,ATM+5,PUT,19400,2023-11-07
2023-11-07 15:01:00+05:30,235.1,246.85,235.1,240.8,2500,65250,9.89205,19401.25,19650.0,19650,ATM+5,PUT,19400,2023-11-07
2023-11-07 15:02:00+05:30,240.8,241.65,238.5,241.65,8200,65250,10.826713,19402.0,19650.0,19650,ATM+5,PUT,19400,2023-11-07
2023-11-07 15:03:00+05:30,241.65,242.5,238.15,238.15,300,59800,9.73679,19403.8,19650.0,19650,ATM+5,PUT,19400,2023-11-07
2023-11-07 15:04:00+05:30,238.15,240.0,236.4,239.1,1400,59800,10.954803,19405.0,19650.0,19650,ATM+5,PUT,19400,2023-11-07
2023-11-07 15:05:00+05:30,239.1,239.1,235.65,235.85,1100,59800,11.326125,19409.35,19650.0,19650,ATM+5,PUT,19400,2023-11-07
2023-11-07 15:06:00+05:30,235.85,238.55,234.9,236.15,2300,59950,11.663694,19409.85,19650.0,19650,ATM+5,PUT,19400,2023-11-07
2023-11-07 15:07:00+05:30,236.15,243.45,236.15,241.7,1650,59950,11.326982,19403.0,19650.0,19650,ATM+5,PUT,19400,2023-11-07
2023-11-07 15:08:00+05:30,241.7,248.25,241.7,245.7,5800,59950,11.717004,19399.55,19650.0,19650,ATM+5,PUT,19400,2023-11-07
2023-11-07 15:09:00+05:30,245.8,249.35,245.1,249.35,1300,59700,12.634789,19397.85,19650.0,19650,ATM+5,PUT,19400,2023-11-07
2023-11-07 15:10:00+05:30,249.35,250.0,246.7,248.6,1400,59700,12.512519,19398.35,19650.0,19650,ATM+5,PUT,19400,2023-11-07
2023-11-07 15:11:00+05:30,248.6,250.0,247.55,250.0,900,59700,12.970558,19398.05,19650.0,19650,ATM+5,PUT,19400,2023-11-07
2023-11-07 15:12:00+05:30,250.0,250.0,248.7,250.0,900,58200,12.989146,19398.1,19650.0,19650,ATM+5,PUT,19400,2023-11-07
2023-11-07 15:13:00+05:30,250.75,254.55,250.75,254.55,5900,58200,13.414925,19394.25,19650.0,19650,ATM+5,PUT,19400,2023-11-07
2023-11-07 15:14:00+05:30,254.55,254.55,249.7,249.7,2150,58200,12.854206,19398.05,19650.0,19650,ATM+5,PUT,19400,2023-11-07
2023-11-07 15:15:00+05:30,250.4,251.5,242.0,242.0,13400,54850,10.144136,19400.4,19650.0,19650,ATM+5,PUT,19400,2023-11-07
2023-11-07 15:16:00+05:30,242.0,244.2,240.7,241.4,2500,54850,10.99117,19402.6,19650.0,19650,ATM+5,PUT,19400,2023-11-07
2023-11-07 15:17:00+05:30,241.4,241.4,238.8,238.8,150,54850,11.730909,19407.1,19650.0,19650,ATM+5,PUT,19400,2023-11-07
2023-11-07 15:18:00+05:30,238.8,240.15,238.65,238.65,1800,55300,12.420453,19409.1,19650.0,19650,ATM+5,PUT,19400,2023-11-07
2023-11-07 15:19:00+05:30,238.65,239.45,238.0,239.2,2350,55300,13.404336,19411.5,19650.0,19650,ATM+5,PUT,19400,2023-11-07
2023-11-07 15:20:00+05:30,239.2,239.2,234.9,235.35,2400,55300,12.48035,19412.95,19650.0,19650,ATM+5,PUT,19400,2023-11-07
2023-11-07 15:21:00+05:30,234.75,234.95,234.0,234.0,4700,58100,12.960398,19415.95,19650.0,19650,ATM+5,PUT,19400,2023-11-07
2023-11-07 15:22:00+05:30,234.0,234.95,233.8,234.95,4950,58100,13.078094,19415.25,19650.0,19650,ATM+5,PUT,19400,2023-11-07
2023-11-07 15:23:00+05:30,234.5,236.4,233.2,233.2,700,58100,12.960261,19416.85,19650.0,19650,ATM+5,PUT,19400,2023-11-07
2023-11-07 15:24:00+05:30,233.2,234.85,232.25,234.75,1200,54650,13.744266,19417.75,19650.0,19650,ATM+5,PUT,19400,2023-11-07
2023-11-07 15:25:00+05:30,234.75,239.0,234.75,238.8,2300,54650,14.772101,19416.9,19650.0,19650,ATM+5,PUT,19400,2023-11-07
2023-11-07 15:26:00+05:30,237.6,238.3,237.35,238.25,2000,54650,15.047076,19418.65,19650.0,19650,ATM+5,PUT,19400,2023-11-07
2023-11-07 15:27:00+05:30,238.3,238.35,236.4,237.3,4450,54150,14.281193,19416.75,19650.0,19650,ATM+5,PUT,19400,2023-11-07
2023-11-07 15:28:00+05:30,237.3,239.75,237.3,238.7,1850,54150,13.302511,19411.7,19650.0,19650,ATM+5,PUT,19400,2023-11-07
2023-11-07 15:29:00+05:30,238.7,239.15,237.95,238.05,3150,54150,14.630448,19417.2,19650.0,19650,ATM+5,PUT,19400,2023-11-07
2023-11-07 09:15:00+05:30,299.65,322.95,299.65,320.5,10250,139550,11.393768,19369.7,19700.0,19750,ATM+7,PUT,19400,2023-11-07
2023-11-07 09:16:00+05:30,321.1,329.85,321.1,326.3,7600,139550,0.0,19354.55,19700.0,19750,ATM+7,PUT,19400,2023-11-07
2023-11-07 09:17:00+05:30,325.85,330.05,322.0,322.65,4850,141650,0.0,19357.9,19700.0,19750,ATM+7,PUT,19400,2023-11-07
2023-11-07 09:18:00+05:30,322.65,324.95,320.75,320.75,2550,141650,0.0,19362.85,19700.0,19750,ATM+7,PUT,19400,2023-11-07
2023-11-07 09:19:00+05:30,320.75,322.55,318.85,318.9,5000,141650,0.0,19364.7,19700.0,19750,ATM+7,PUT,19400,2023-11-07
2023-11-07 09:20:00+05:30,318.9,318.9,308.8,308.8,5950,144000,0.0,19373.9,19700.0,19750,ATM+7,PUT,19400,2023-11-07
2023-11-07 09:21:00+05:30,309.25,318.4,306.35,315.8,2150,144000,0.0,19370.6,19700.0,19750,ATM+7,PUT,19400,2023-11-07
2023-11-07 09:22:00+05:30,364.3,364.3,362.2,362.2,150,35050,0.0,19375.3,19750.0,19750,ATM+7,PUT,19400,2023-11-07
2023-11-07 09:23:00+05:30,362.2,362.2,356.55,356.55,100,35050,0.0,19380.3,19750.0,19750,ATM+7,PUT,19400,2023-11-07
2023-11-07 09:24:00+05:30,356.55,356.55,356.0,356.0,950,35050,9.287032,19382.1,19750.0,19750,ATM+7,PUT,19400,2023-11-07
2023-11-07 09:25:00+05:30,356.0,357.05,354.2,354.7,750,35050,0.0,19381.35,19750.0,19750,ATM+7,PUT,19400,2023-11-07
2023-11-07 09:26:00+05:30,305.5,315.5,305.5,310.0,3450,143800,0.0,19374.4,19700.0,19750,ATM+7,PUT,19400,2023-11-07
2023-11-07 09:27:00+05:30,310.0,310.0,310.0,310.0,0,143800,0.0,19375.9,19750.0,19750,ATM+7,PUT,19400,2023-11-07
2023-11-07 09:28:00+05:30,308.0,311.15,306.2,311.15,500,143800,0.0,19373.15,19700.0,19750,ATM+7,PUT,19400,2023-11-07
2023-11-07 09:29:00+05:30,311.15,315.0,310.25,310.9,3500,143950,0.0,19370.25,19700.0,19750,ATM+7,PUT,19400,2023-11-07
2023-11-07 09:30:00+05:30,310.9,318.5,309.95,316.5,2550,143950,0.0,19368.15,19700.0,19750,ATM+7,PUT,19400,2023-11-07
2023-11-07 09:31:00+05:30,316.5,316.65,313.2,313.7,3100,143950,0.0,19371.35,19700.0,19750,ATM+7,PUT,19400,2023-11-07
2023-11-07 09:32:00+05:30,313.7,313.7,309.75,310.0,950,145200,0.0,19372.6,19700.0,19750,ATM+7,PUT,19400,2023-11-07
2023-11-07 09:33:00+05:30,310.0,312.65,310.0,310.35,2150,145200,0.0,19372.55,19700.0,19750,ATM+7,PUT,19400,2023-11-07
2023-11-07 09:34:00+05:30,310.35,315.75,310.35,315.4,1900,145200,0.0,19367.05,19700.0,19750,ATM+7,PUT,19400,2023-11-07
2023-11-07 09:35:00+05:30,314.55,320.0,314.55,315.45,5650,144800,0.0,19366.2,19700.0,19750,ATM+7,PUT,19400,2023-11-07
2023-11-07 09:36:00+05:30,315.45,316.7,312.2,313.05,900,144800,0.0,19366.7,19700.0,19750,ATM+7,PUT,19400,2023-11-07
2023-11-07 09:37:00+05:30,313.05,313.05,309.35,311.55,3650,144800,0.0,19368.55,19700.0,19750,ATM+7,PUT,19400,2023-11-07
2023-11-07 09:38:00+05:30,311.55,314.0,311.55,314.0,1400,144950,0.0,19364.1,19700.0,19750,ATM+7,PUT,19400,2023-11-07
2023-11-07 09:39:00+05:30,314.6,318.6,314.5,317.0,2850,144950,0.0,19360.6,19700.0,19750,ATM+7,PUT,19400,2023-11-07
2023-11-07 09:40:00+05:30,317.0,318.95,316.3,317.0,600,144950,0.0,19362.0,19700.0,19750,ATM+7,PUT,19400,2023-11-07
2023-11-07 09:41:00+05:30,317.0,317.0,309.8,311.35,2250,144350,0.0,19363.55,19700.0,19750,ATM+7,PUT,19400,2023-11-07
2023-11-07 09:42:00+05:30,311.35,313.6,310.7,311.75,750,144350,0.0,19363.0,19700.0,19750,ATM+7,PUT,19400,2023-11-07
2023-11-07 09:43:00+05:30,311.75,312.8,311.75,312.8,400,144350,0.0,19365.15,19700.0,19750,ATM+7,PUT,19400,2023-11-07
2023-11-07 09:44:00+05:30,309.8,311.0,309.3,311.0,1300,144200,0.0,19366.5,19700.0,19750,ATM+7,PUT,19400,2023-11-07
2023-11-07 09:45:00+05:30,311.0,312.55,306.15,309.65,2700,144200,0.0,19366.45,19700.0,19750,ATM+7,PUT,19400,2023-11-07
2023-11-07 09:46:00+05:30,309.65,312.0,309.65,312.0,850,144200,0.0,19362.65,19700.0,19750,ATM+7,PUT,19400,2023-11-07
2023-11-07 09:47:00+05:30,312.0,317.0,312.0,316.8,750,144250,0.0,19355.65,19700.0,19750,ATM+7,PUT,19400,2023-11-07
2023-11-07 09:48:00+05:30,316.8,317.7,314.15,316.25,2600,144250,0.0,19358.85,19700.0,19750,ATM+7,PUT,19400,2023-11-07
2023-11-07 09:49:00+05:30,316.25,316.25,311.65,311.65,1050,144250,0.0,19363.6,19700.0,19750,ATM+7,PUT,19400,2023-11-07
2023-11-07 09:50:00+05:30,311.65,314.5,311.1,314.5,1450,144250,0.0,19359.4,19700.0,19750,ATM+7,PUT,19400,2023-11-07
2023-11-07 09:51:00+05:30,314.5,316.0,310.5,311.9,2100,144250,0.0,19362.8,19700.0,19750,ATM+7,PUT,19400,2023-11-07
2023-11-07 09:52:00+05:30,311.9,313.2,311.8,311.8,1400,144250,0.0,19363.6,19700.0,19750,ATM+7,PUT,19400,2023-11-07
2023-11-07 09:53:00+05:30,311.8,312.9,311.6,311.6,200,144250,0.0,19362.1,19700.0,19750,ATM+7,PUT,19400,2023-11-07
2023-11-07 09:54:00+05:30,311.6,312.1,310.85,310.95,550,145550,0.0,19363.85,19700.0,19750,ATM+7,PUT,19400,2023-11-07
2023-11-07 09:55:00+05:30,310.95,311.55,298.85,308.0,7350,145550,0.0,19369.0,19700.0,19750,ATM+7,PUT,19400,2023-11-07
2023-11-07 09:56:00+05:30,308.3,314.6,308.3,311.7,8600,148300,0.0,19362.95,19700.0,19750,ATM+7,PUT,19400,2023-11-07
2023-11-07 09:57:00+05:30,312.0,312.45,311.85,312.45,400,148300,0.0,19361.45,19700.0,19750,ATM+7,PUT,19400,2023-11-07
2023-11-07 09:58:00+05:30,312.45,320.1,312.45,318.4,5150,148300,0.0,19356.1,19700.0,19750,ATM+7,PUT,19400,2023-11-07
2023-11-07 09:59:00+05:30,318.4,320.05,315.7,315.7,1650,145050,0.0,19358.05,19700.0,19750,ATM+7,PUT,19400,2023-11-07
2023-11-07 10:00:00+05:30,315.7,318.95,315.5,318.95,750,145050,0.0,19356.0,19700.0,19750,ATM+7,PUT,19400,2023-11-07
2023-11-07 10:01:00+05:30,318.95,318.95,313.75,313.9,400,145050,0.0,19361.4,19700.0,19750,ATM+7,PUT,19400,2023-11-07
2023-11-07 10:02:00+05:30,313.9,317.8,313.9,317.8,150,145150,0.0,19356.3,19700.0,19750,ATM+7,PUT,19400,2023-11-07
2023-11-07 10:03:00+05:30,317.8,323.5,317.8,322.0,5700,145150,0.0,19353.2,19700.0,19750,ATM+7,PUT,19400,2023-11-07
2023-11-07 10:04:00+05:30,322.0,326.15,321.2,323.35,4700,145150,0.0,19350.75,19700.0,19750,ATM+7,PUT,19400,2023-11-07
2023-11-07 10:05:00+05:30,323.0,326.0,321.45,321.45,2050,145600,0.0,19350.4,19700.0,19750,ATM+7,PUT,19400,2023-11-07
2023-11-07 10:06:00+05:30,321.45,325.8,321.45,323.35,1950,145600,0.0,19351.9,19700.0,19750,ATM+7,PUT,19400,2023-11-07
2023-11-07 10:07:00+05:30,323.35,323.35,322.0,322.0,750,145600,0.0,19350.5,19700.0,19750,ATM+7,PUT,19400,2023-11-07
2023-11-07 10:08:00+05:30,322.0,323.55,318.4,319.5,2650,145600,0.0,19355.3,19700.0,19750,ATM+7,PUT,19400,2023-11-07
2023-11-07 10:09:00+05:30,320.3,321.0,318.55,318.7,1600,145600,0.0,19357.6,19700.0,19750,ATM+7,PUT,19400,2023-11-07
2023-11-07 10:10:00+05:30,318.7,318.7,316.2,318.25,1200,145600,0.0,19357.55,19700.0,19750,ATM+7,PUT,19400,2023-11-07
2023-11-07 10:11:00+05:30,318.25,318.25,317.2,317.7,1050,146850,0.0,19359.0,19700.0,19750,ATM+7,PUT,19400,2023-11-07
2023-11-07 10:12:00+05:30,317.7,317.7,313.15,314.95,1000,146850,0.0,19360.9,19700.0,19750,ATM+7,PUT,19400,2023-11-07
2023-11-07 10:13:00+05:30,314.95,315.0,310.0,310.0,1000,146850,0.0,19364.3,19700.0,19750,ATM+7,PUT,19400,2023-11-07
2023-11-07 10:14:00+05:30,310.0,312.9,310.0,310.0,1200,148350,0.0,19366.2,19700.0,19750,ATM+7,PUT,19400,2023-11-07
2023-11-07 10:15:00+05:30,309.75,312.5,309.75,310.2,2650,148350,0.0,19364.6,19700.0,19750,ATM+7,PUT,19400,2023-11-07
2023-11-07 10:16:00+05:30,312.55,312.55,309.3,309.3,1300,148350,0.0,19365.45,19700.0,19750,ATM+7,PUT,19400,2023-11-07
2023-11-07 10:17:00+05:30,309.3,314.05,309.3,314.05,1000,148400,0.0,19362.75,19700.0,19750,ATM+7,PUT,19400,2023-11-07
2023-11-07 10:18:00+05:30,314.05,314.05,311.6,311.6,2150,148400,0.0,19363.95,19700.0,19750,ATM+7,PUT,19400,2023-11-07
2023-11-07 10:19:00+05:30,311.6,312.85,302.0,302.0,1000,148400,0.0,19369.55,19700.0,19750,ATM+7,PUT,19400,2023-11-07
2023-11-07 10:20:00+05:30,302.0,304.7,293.15,293.15,4000,147900,0.0,19373.05,19700.0,19750,ATM+7,PUT,19400,2023-11-07
2023-11-07 10:21:00+05:30,293.1,301.4,293.1,299.65,3600,147900,0.0,19372.65,19700.0,19750,ATM+7,PUT,19400,2023-11-07
2023-11-07 10:22:00+05:30,299.65,302.0,299.65,301.8,450,147900,0.0,19371.5,19700.0,19750,ATM+7,PUT,19400,2023-11-07
2023-11-07 10:23:00+05:30,301.8,307.0,301.8,307.0,3200,149200,0.0,19365.1,19700.0,19750,ATM+7,PUT,19400,2023-11-07
2023-11-07 10:24:00+05:30,307.0,308.0,304.35,305.8,2550,149200,0.0,19365.9,19700.0,19750,ATM+7,PUT,19400,2023-11-07
2023-11-07 10:25:00+05:30,305.8,306.6,301.0,301.0,2300,149200,0.0,19371.7,19700.0,19750,ATM+7,PUT,19400,2023-11-07
2023-11-07 10:26:00+05:30,300.0,301.5,298.5,301.5,7500,148050,0.0,19372.5,19700.0,19750,ATM+7,PUT,19400,2023-11-07
2023-11-07 10:27:00+05:30,301.5,301.9,299.8,301.6,950,148050,0.0,19369.25,19700.0,19750,ATM+7,PUT,19400,2023-11-07
2023-11-07 10:28:00+05:30,301.6,302.25,300.7,300.75,11800,148050,0.0,19370.25,19700.0,19750,ATM+7,PUT,19400,2023-11-07
2023-11-07 10:29:00+05:30,300.75,301.0,299.7,299.7,10250,164600,0.0,19370.65,19700.0,19750,ATM+7,PUT,19400,2023-11-07
2023-11-07 10:30:00+05:30,300.65,300.65,298.5,299.3,2450,164600,0.0,19373.6,19700.0,19750,ATM+7,PUT,19400,2023-11-07
2023-11-07 10:31:00+05:30,299.3,299.3,299.3,299.3,0,164600,0.0,19376.55,19750.0,19750,ATM+7,PUT,19400,2023-11-07
2023-11-07 10:32:00+05:30,299.3,299.3,299.3,299.3,0,164600,0.0,19375.8,19750.0,19750,ATM+7,PUT,19400,2023-11-07
2023-11-07 10:33:00+05:30,296.25,298.0,296.25,297.45,12600,165900,0.0,19374.35,19700.0,19750,ATM+7,PUT,19400,2023-11-07
2023-11-07 10:34:00+05:30,348.8,348.8,345.0,345.0,50,44400,0.0,19375.5,19750.0,19750,ATM+7,PUT,19400,2023-11-07
2023-11-07 10:35:00+05:30,345.0,345.0,337.0,337.0,100,44400,0.0,19384.6,19750.0,19750,ATM+7,PUT,19400,2023-11-07
2023-11-07 10:36:00+05:30,335.05,337.45,335.05,337.45,1000,44400,0.0,19379.95,19750.0,19750,ATM+7,PUT,19400,2023-11-07
2023-11-07 10:37:00+05:30,337.45,337.45,337.45,337.45,0,44400,0.0,19381.45,19750.0,19750,ATM+7,PUT,19400,2023-11-07
2023-11-07 10:38:00+05:30,337.45,337.45,337.45,337.45,0,44400,0.0,19381.15,19750.0,19750,ATM+7,PUT,19400,2023-11-07
2023-11-07 10:39:00+05:30,337.45,337.45,332.3,332.3,100,44350,0.0,19385.3,19750.0,19750,ATM+7,PUT,19400,2023-11-07
2023-11-07 10:40:00+05:30,332.3,335.85,332.3,335.85,50,44350,0.0,19387.55,19750.0,19750,ATM+7,PUT,19400,2023-11-07
2023-11-07 10:41:00+05:30,335.85,335.85,331.75,331.8,150,44350,0.0,19390.45,19750.0,19750,ATM+7,PUT,19400,2023-11-07
2023-11-07 10:42:00+05:30,331.8,331.8,331.8,331.8,0,44350,0.0,19388.35,19750.0,19750,ATM+7,PUT,19400,2023-11-07
2023-11-07 10:43:00+05:30,331.8,336.7,331.8,336.7,200,44350,0.0,19387.55,19750.0,19750,ATM+7,PUT,19400,2023-11-07
2023-11-07 10:44:00+05:30,336.7,336.7,330.0,330.0,100,44450,0.0,19393.05,19750.0,19750,ATM+7,PUT,19400,2023-11-07
2023-11-07 10:45:00+05:30,330.0,331.05,330.0,331.05,100,44450,0.0,19392.95,19750.0,19750,ATM+7,PUT,19400,2023-11-07
2023-11-07 10:46:00+05:30,331.05,335.55,331.05,335.55,100,44450,0.0,19390.3,19750.0,19750,ATM+7,PUT,19400,2023-11-07
2023-11-07 10:47:00+05:30,335.55,335.55,335.55,335.55,0,44450,0.0,19389.55,19750.0,19750,ATM+7,PUT,19400,2023-11-07
2023-11-07 10:48:00+05:30,335.55,335.55,335.55,335.55,0,44450,0.0,19390.0,19750.0,19750,ATM+7,PUT,19400,2023-11-07
2023-11-07 10:49:00+05:30,335.55,335.55,334.5,334.55,100,44400,0.0,19391.4,19750.0,19750,ATM+7,PUT,19400,2023-11-07
2023-11-07 10:50:00+05:30,334.55,334.55,334.55,334.55,0,44400,0.0,19391.6,19750.0,19750,ATM+7,PUT,19400,2023-11-07
2023-11-07 10:51:00+05:30,334.55,341.75,334.55,341.75,350,44350,0.0,19387.4,19750.0,19750,ATM+7,PUT,19400,2023-11-07
2023-11-07 10:52:00+05:30,341.75,350.85,341.75,350.0,350,44350,0.0,19382.05,19750.0,19750,ATM+7,PUT,19400,2023-11-07
2023-11-07 10:53:00+05:30,350.0,350.0,344.5,344.5,50,44350,0.0,19385.55,19750.0,19750,ATM+7,PUT,19400,2023-11-07
2023-11-07 10:54:00+05:30,344.5,344.5,344.5,344.5,0,44350,0.0,19385.0,19750.0,19750,ATM+7,PUT,19400,2023-11-07
2023-11-07 10:55:00+05:30,344.5,348.3,344.5,348.3,100,44550,0.0,19384.75,19750.0,19750,ATM+7,PUT,19400,2023-11-07
2023-11-07 10:56:00+05:30,348.3,348.3,348.3,348.3,0,44550,0.0,19384.95,19750.0,19750,ATM+7,PUT,19400,2023-11-07
2023-11-07 10:57:00+05:30,349.85,354.25,349.85,353.8,1150,44550,0.0,19382.65,19750.0,19750,ATM+7,PUT,19400,2023-11-07
2023-11-07 10:58:00+05:30,353.8,353.8,347.8,347.8,50,44550,0.0,19385.0,19750.0,19750,ATM+7,PUT,19400,2023-11-07
2023-11-07 10:59:00+05:30,347.8,347.8,347.8,347.8,0,44550,0.0,19381.05,19750.0,19750,ATM+7,PUT,19400,2023-11-07
2023-11-07 11:00:00+05:30,347.8,351.9,347.8,349.6,250,44650,0.0,19382.5,19750.0,19750,ATM+7,PUT,19400,2023-11-07
2023-11-07 11:01:00+05:30,349.6,350.15,348.0,348.0,100,44650,0.0,19384.3,19750.0,19750,ATM+7,PUT,19400,2023-11-07
2023-11-07 11:02:00+05:30,348.0,348.0,348.0,348.0,0,44650,0.0,19386.85,19750.0,19750,ATM+7,PUT,19400,2023-11-07
2023-11-07 11:03:00+05:30,348.0,348.0,348.0,348.0,0,44650,0.0,19387.25,19750.0,19750,ATM+7,PUT,19400,2023-11-07
2023-11-07 11:04:00+05:30,348.0,348.0,348.0,348.0,0,44650,0.0,19386.8,19750.0,19750,ATM+7,PUT,19400,2023-11-07
2023-11-07 11:05:00+05:30,348.0,348.0,348.0,348.0,0,44650,0.0,19386.15,19750.0,19750,ATM+7,PUT,19400,2023-11-07
2023-11-07 11:06:00+05:30,348.0,348.0,348.0,348.0,0,44650,0.0,19387.9,19750.0,19750,ATM+7,PUT,19400,2023-11-07
2023-11-07 11:07:00+05:30,348.0,348.0,348.0,348.0,0,44650,0.0,19389.3,19750.0,19750,ATM+7,PUT,19400,2023-11-07
2023-11-07 11:08:00+05:30,348.0,348.0,342.1,342.1,250,44600,0.0,19390.1,19750.0,19750,ATM+7,PUT,19400,2023-11-07
2023-11-07 11:09:00+05:30,342.1,342.1,337.3,337.3,50,44500,0.0,19393.95,19750.0,19750,ATM+7,PUT,19400,2023-11-07
2023-11-07 11:10:00+05:30,337.3,337.3,336.3,336.3,150,44500,0.0,19395.25,19750.0,19750,ATM+7,PUT,19400,2023-11-07
2023-11-07 11:11:00+05:30,336.3,339.0,336.3,339.0,50,44500,0.0,19396.45,19750.0,19750,ATM+7,PUT,19400,2023-11-07
2023-11-07 11:12:00+05:30,339.0,340.0,339.0,340.0,50,44500,0.0,19394.2,19750.0,19750,ATM+7,PUT,19400,2023-11-07
2023-11-07 11:13:00+05:30,340.0,340.0,339.7,339.7,250,44500,0.0,19391.45,19750.0,19750,ATM+7,PUT,19400,2023-11-07
2023-11-07 11:14:00+05:30,339.7,339.7,339.7,339.7,0,44500,0.0,19392.85,19750.0,19750,ATM+7,PUT,19400,2023-11-07
2023-11-07 11:15:00+05:30,339.7,339.7,339.7,339.7,0,44500,0.0,19389.45,19750.0,19750,ATM+7,PUT,19400,2023-11-07
2023-11-07 11:16:00+05:30,339.7,339.7,339.7,339.7,0,44500,0.0,19390.75,19750.0,19750,ATM+7,PUT,19400,2023-11-07
2023-11-07 11:17:00+05:30,339.7,343.35,339.7,343.35,550,44600,0.0,19393.85,19750.0,19750,ATM+7,PUT,19400,2023-11-07
2023-11-07 11:18:00+05:30,343.35,343.35,343.35,343.35,0,44600,0.0,19398.0,19750.0,19750,ATM+7,PUT,19400,2023-11-07
2023-11-07 11:19:00+05:30,343.35,343.35,337.0,337.0,50,44550,0.0,19396.5,19750.0,19750,ATM+7,PUT,19400,2023-11-07
2023-11-07 11:20:00+05:30,337.0,337.0,337.0,337.0,0,44550,0.0,19396.2,19750.0,19750,ATM+7,PUT,19400,2023-11-07
2023-11-07 11:21:00+05:30,337.0,337.0,337.0,337.0,0,44550,0.0,19396.3,19750.0,19750,ATM+7,PUT,19400,2023-11-07
2023-11-07 11:22:00+05:30,337.0,337.0,337.0,337.0,0,44550,0.0,19394.0,19750.0,19750,ATM+7,PUT,19400,2023-11-07
2023-11-07 11:23:00+05:30,340.75,342.25,340.75,342.25,450,44150,0.0,19391.25,19750.0,19750,ATM+7,PUT,19400,2023-11-07
2023-11-07 11:24:00+05:30,342.25,345.1,342.25,345.1,50,44150,0.0,19390.65,19750.0,19750,ATM+7,PUT,19400,2023-11-07
2023-11-07 11:25:00+05:30,345.1,345.1,345.1,345.1,0,44150,0.0,19391.05,19750.0,19750,ATM+7,PUT,19400,2023-11-07
2023-11-07 11:26:00+05:30,345.1,345.1,345.1,345.1,0,44150,0.0,19388.35,19750.0,19750,ATM+7,PUT,19400,2023-11-07
2023-11-07 11:27:00+05:30,345.1,345.25,345.1,345.25,50,44200,0.0,19391.9,19750.0,19750,ATM+7,PUT,19400,2023-11-07
2023-11-07 11:28:00+05:30,345.25,345.25,343.7,343.7,50,44200,0.0,19389.7,19750.0,19750,ATM+7,PUT,19400,2023-11-07
2023-11-07 11:29:00+05:30,343.7,343.7,343.7,343.7,0,44200,0.0,19389.85,19750.0,19750,ATM+7,PUT,19400,2023-11-07
2023-11-07 11:30:00+05:30,343.7,343.7,343.7,343.7,0,44200,0.0,19388.6,19750.0,19750,ATM+7,PUT,19400,2023-11-07
2023-11-07 11:31:00+05:30,343.7,343.7,343.7,343.7,0,44200,0.0,19386.9,19750.0,19750,ATM+7,PUT,19400,2023-11-07
2023-11-07 11:32:00+05:30,343.7,343.7,343.7,343.7,0,44200,0.0,19390.1,19750.0,19750,ATM+7,PUT,19400,2023-11-07
2023-11-07 11:33:00+05:30,343.7,349.65,343.7,348.45,100,44200,0.0,19387.15,19750.0,19750,ATM+7,PUT,19400,2023-11-07
2023-11-07 11:34:00+05:30,348.45,348.45,348.45,348.45,0,44200,0.0,19388.05,19750.0,19750,ATM+7,PUT,19400,2023-11-07
2023-11-07 11:35:00+05:30,348.45,348.45,348.45,348.45,0,44200,0.0,19393.35,19750.0,19750,ATM+7,PUT,19400,2023-11-07
2023-11-07 11:36:00+05:30,348.45,348.45,342.2,342.35,100,44150,0.0,19395.4,19750.0,19750,ATM+7,PUT,19400,2023-11-07
2023-11-07 11:37:00+05:30,342.35,342.35,342.35,342.35,0,44150,0.0,19394.05,19750.0,19750,ATM+7,PUT,19400,2023-11-07
2023-11-07 11:38:00+05:30,342.35,345.85,342.35,345.85,100,44150,10.717726,19393.4,19750.0,19750,ATM+7,PUT,19400,2023-11-07
2023-11-07 11:39:00+05:30,345.85,349.45,345.85,349.45,150,44150,11.319751,19390.15,19750.0,19750,ATM+7,PUT,19400,2023-11-07
2023-11-07 11:40:00+05:30,349.45,368.4,349.45,364.9,800,44150,13.576258,19376.55,19750.0,19750,ATM+7,PUT,19400,2023-11-07
2023-11-07 11:41:00+05:30,314.8,332.0,314.8,326.0,13800,181450,12.516343,19365.65,19700.0,19750,ATM+7,PUT,19400,2023-11-07
2023-11-07 11:42:00+05:30,328.0,333.4,327.45,330.4,6000,181450,11.015593,19359.4,19700.0,19750,ATM+7,PUT,19400,2023-11-07
2023-11-07 11:43:00+05:30,330.4,330.4,328.05,329.75,1500,181450,0.0,19355.0,19700.0,19750,ATM+7,PUT,19400,2023-11-07
2023-11-07 11:44:00+05:30,329.75,332.7,328.95,332.7,6750,185950,0.0,19354.7,19700.0,19750,ATM+7,PUT,19400,2023-11-07
2023-11-07 11:45:00+05:30,334.95,352.35,334.15,351.7,7650,185950,13.503081,19340.2,19700.0,19750,ATM+7,PUT,19400,2023-11-07
2023-11-07 11:46:00+05:30,352.0,356.2,346.1,348.85,3400,185950,14.961564,19345.7,19700.0,19750,ATM+7,PUT,19400,2023-11-07
2023-11-07 11:47:00+05:30,348.85,349.85,346.25,347.8,1400,185200,14.286734,19345.55,19700.0,19750,ATM+7,PUT,19400,2023-11-07
2023-11-07 11:48:00+05:30,347.8,354.15,347.8,354.15,150,185200,15.858224,19341.9,19700.0,19750,ATM+7,PUT,19400,2023-11-07
2023-11-07 11:49:00+05:30,351.5,360.4,351.35,358.9,3650,185200,15.936436,19336.95,19700.0,19750,ATM+7,PUT,19400,2023-11-07
2023-11-07 11:50:00+05:30,360.15,360.15,353.3,353.3,11150,184400,15.24179,19341.5,19700.0,19750,ATM+7,PUT,19400,2023-11-07
2023-11-07 11:51:00+05:30,353.3,357.7,351.7,351.7,4450,184400,15.569356,19343.9,19700.0,19750,ATM+7,PUT,19400,2023-11-07
2023-11-07 11:52:00+05:30,350.05,354.4,349.55,354.4,1900,184400,15.256083,19340.35,19700.0,19750,ATM+7,PUT,19400,2023-11-07
2023-11-07 11:53:00+05:30,354.4,358.2,354.4,357.75,7350,186050,15.876292,19338.05,19700.0,19750,ATM+7,PUT,19400,2023-11-07
2023-11-07 11:54:00+05:30,357.75,364.65,357.75,364.0,2850,186050,15.688323,19330.95,19700.0,19750,ATM+7,PUT,19400,2023-11-07
2023-11-07 11:55:00+05:30,364.0,365.0,352.95,354.05,1800,186050,16.315755,19343.05,19700.0,19750,ATM+7,PUT,19400,2023-11-07
2023-11-07 11:56:00+05:30,354.05,356.75,352.9,354.8,2350,186300,15.888297,19341.25,19700.0,19750,ATM+7,PUT,19400,2023-11-07
2023-11-07 11:57:00+05:30,354.8,355.15,354.8,354.95,850,186300,16.495616,19342.5,19700.0,19750,ATM+7,PUT,19400,2023-11-07
2023-11-07 11:58:00+05:30,354.95,356.75,354.9,354.9,250,186300,16.201291,19341.85,19700.0,19750,ATM+7,PUT,19400,2023-11-07
2023-11-07 11:59:00+05:30,354.9,354.9,350.85,352.05,1100,186950,16.18458,19344.9,19700.0,19750,ATM+7,PUT,19400,2023-11-07
2023-11-07 12:00:00+05:30,351.6,354.8,351.6,353.3,1300,186950,14.861012,19340.75,19700.0,19750,ATM+7,PUT,19400,2023-11-07
2023-11-07 12:01:00+05:30,353.3,353.7,352.95,353.35,400,186950,14.672273,19340.35,19700.0,19750,ATM+7,PUT,19400,2023-11-07
2023-11-07 12:02:00+05:30,353.35,357.55,353.15,356.9,1400,187550,14.874983,19336.95,19700.0,19750,ATM+7,PUT,19400,2023-11-07
2023-11-07 12:03:00+05:30,356.9,356.9,353.85,353.85,1050,187550,15.677654,19341.8,19700.0,19750,ATM+7,PUT,19400,2023-11-07
2023-11-07 12:04:00+05:30,353.85,354.6,353.85,354.6,100,187550,15.143086,19339.9,19700.0,19750,ATM+7,PUT,19400,2023-11-07
2023-11-07 12:05:00+05:30,354.6,355.05,349.5,349.5,1250,187550,14.598969,19344.3,19700.0,19750,ATM+7,PUT,19400,2023-11-07
2023-11-07 12:06:00+05:30,346.0,352.15,346.0,352.15,1400,187550,16.321125,19345.1,19700.0,19750,ATM+7,PUT,19400,2023-11-07
2023-11-07 12:07:00+05:30,352.15,352.15,344.55,344.55,1050,187550,15.23679,19350.85,19700.0,19750,ATM+7,PUT,19400,2023-11-07
2023-11-07 12:08:00+05:30,345.6,348.25,345.6,347.5,1650,187450,16.11259,19349.65,19700.0,19750,ATM+7,PUT,19400,2023-11-07
2023-11-07 12:09:00+05:30,347.5,350.1,347.5,349.45,1850,187450,17.243765,19350.45,19700.0,19750,ATM+7,PUT,19400,2023-11-07
2023-11-07 12:10:00+05:30,349.45,352.65,348.2,348.2,1000,187450,16.035445,19348.7,19700.0,19750,ATM+7,PUT,19400,2023-11-07
2023-11-07 12:11:00+05:30,348.9,348.9,346.5,347.0,2000,187450,16.341956,19350.75,19700.0,19750,ATM+7,PUT,19400,2023-11-07
2023-11-07 12:12:00+05:30,347.0,347.4,346.4,346.65,650,186200,16.70005,19352.05,19700.0,19750,ATM+7,PUT,19400,2023-11-07
2023-11-07 12:13:00+05:30,346.65,348.1,346.65,348.1,100,186200,16.283741,19349.4,19700.0,19750,ATM+7,PUT,19400,2023-11-07
2023-11-07 12:14:00+05:30,348.1,348.1,347.0,347.4,1050,186200,17.155068,19352.45,19700.0,19750,ATM+7,PUT,19400,2023-11-07
2023-11-07 12:15:00+05:30,347.4,349.0,347.2,347.2,800,185750,17.166812,19352.7,19700.0,19750,ATM+7,PUT,19400,2023-11-07
2023-11-07 12:16:00+05:30,347.2,347.6,346.4,347.35,350,185750,17.315901,19352.95,19700.0,19750,ATM+7,PUT,19400,2023-11-07
2023-11-07 12:17:00+05:30,347.35,347.35,347.1,347.15,200,185750,17.023185,19352.35,19700.0,19750,ATM+7,PUT,19400,2023-11-07
2023-11-07 12:18:00+05:30,347.15,349.2,345.6,345.6,350,186000,17.251793,19354.7,19700.0,19750,ATM+7,PUT,19400,2023-11-07
2023-11-07 12:19:00+05:30,345.6,345.75,337.65,337.95,2600,186000,15.755143,19359.15,19700.0,19750,ATM+7,PUT,19400,2023-11-07
2023-11-07 12:20:00+05:30,337.95,339.0,334.4,337.7,2650,186000,15.76757,19359.45,19700.0,19750,ATM+7,PUT,19400,2023-11-07
2023-11-07 12:21:00+05:30,337.7,342.9,337.7,341.0,1300,186950,16.347474,19357.3,19700.0,19750,ATM+7,PUT,19400,2023-11-07
2023-11-07 12:22:00+05:30,341.0,343.9,341.0,343.9,1100,186950,16.35924,19354.15,19700.0,19750,ATM+7,PUT,19400,2023-11-07
2023-11-07 12:23:00+05:30,345.65,346.9,345.15,345.15,500,186950,16.733652,19353.75,19700.0,19750,ATM+7,PUT,19400,2023-11-07
2023-11-07 12:24:00+05:30,345.15,345.15,343.9,344.4,100,186550,17.090876,19355.55,19700.0,19750,ATM+7,PUT,19400,2023-11-07
2023-11-07 12:25:00+05:30,344.4,344.4,341.6,342.8,1200,186550,16.703892,19356.25,19700.0,19750,ATM+7,PUT,19400,2023-11-07
2023-11-07 12:26:00+05:30,342.8,344.0,342.8,344.0,200,186600,17.341407,19356.7,19700.0,19750,ATM+7,PUT,19400,2023-11-07
2023-11-07 12:27:00+05:30,344.0,346.3,344.0,344.75,150,186600,17.000693,19354.9,19700.0,19750,ATM+7,PUT,19400,2023-11-07
2023-11-07 12:28:00+05:30,344.75,344.75,343.75,343.75,600,186600,16.18139,19353.85,19700.0,19750,ATM+7,PUT,19400,2023-11-07
2023-11-07 12:29:00+05:30,343.75,348.2,343.75,347.15,500,186700,17.415491,19353.4,19700.0,19750,ATM+7,PUT,19400,2023-11-07
2023-11-07 12:30:00+05:30,347.15,347.9,347.15,347.85,2650,186700,17.599746,19353.15,19700.0,19750,ATM+7,PUT,19400,2023-11-07
2023-11-07 12:31:00+05:30,347.85,349.35,347.85,348.4,1500,186700,17.126909,19351.2,19700.0,19750,ATM+7,PUT,19400,2023-11-07
2023-11-07 12:32:00+05:30,348.4,348.4,340.1,340.1,3200,185000,15.395339,19355.95,19700.0,19750,ATM+7,PUT,19400,2023-11-07
2023-11-07 12:33:00+05:30,340.1,340.65,338.55,339.75,850,185000,15.917778,19357.55,19700.0,19750,ATM+7,PUT,19400,2023-11-07
2023-11-07 12:34:00+05:30,339.75,339.75,326.55,326.55,1250,185000,12.535865,19365.15,19700.0,19750,ATM+7,PUT,19400,2023-11-07
2023-11-07 12:35:00+05:30,326.55,330.0,325.0,327.25,2550,184350,14.138982,19367.1,19700.0,19750,ATM+7,PUT,19400,2023-11-07
2023-11-07 12:36:00+05:30,327.25,333.6,327.25,333.6,650,184350,15.735453,19363.8,19700.0,19750,ATM+7,PUT,19400,2023-11-07
2023-11-07 12:37:00+05:30,333.6,333.6,330.0,330.0,2350,184350,15.820784,19367.95,19700.0,19750,ATM+7,PUT,19400,2023-11-07
2023-11-07 12:38:00+05:30,330.0,332.7,330.0,331.05,500,184350,16.184075,19367.75,19700.0,19750,ATM+7,PUT,19400,2023-11-07
2023-11-07 12:39:00+05:30,331.05,331.45,330.8,331.35,3800,185200,15.513167,19365.7,19700.0,19750,ATM+7,PUT,19400,2023-11-07
2023-11-07 12:40:00+05:30,331.35,334.25,330.45,333.6,300,185200,16.170137,19364.9,19700.0,19750,ATM+7,PUT,19400,2023-11-07
2023-11-07 12:41:00+05:30,333.6,338.9,333.35,333.35,500,183700,16.458954,19365.95,19700.0,19750,ATM+7,PUT,19400,2023-11-07
2023-11-07 12:42:00+05:30,333.35,336.65,333.35,335.8,400,183700,16.92746,19364.55,19700.0,19750,ATM+7,PUT,19400,2023-11-07
2023-11-07 12:43:00+05:30,335.8,338.0,335.8,337.6,400,183700,17.504735,19364.25,19700.0,19750,ATM+7,PUT,19400,2023-11-07
2023-11-07 12:44:00+05:30,337.6,337.6,337.6,337.6,0,183700,17.504735,19363.45,19700.0,19750,ATM+7,PUT,19400,2023-11-07
2023-11-07 12:45:00+05:30,337.6,337.6,336.8,336.8,200,183650,17.606223,19365.45,19700.0,19750,ATM+7,PUT,19400,2023-11-07
2023-11-07 12:46:00+05:30,336.8,336.8,334.0,334.0,1000,183650,16.616928,19365.65,19700.0,19750,ATM+7,PUT,19400,2023-11-07
2023-11-07 12:47:00+05:30,334.0,336.75,331.3,331.3,550,183650,16.69121,19368.85,19700.0,19750,ATM+7,PUT,19400,2023-11-07
2023-11-07 12:48:00+05:30,331.3,331.65,330.0,330.6,550,183500,17.364967,19371.65,19700.0,19750,ATM+7,PUT,19400,2023-11-07
2023-11-07 12:49:00+05:30,329.15,329.15,329.0,329.0,150,183500,16.844657,19371.85,19700.0,19750,ATM+7,PUT,19400,2023-11-07
2023-11-07 12:50:00+05:30,329.0,332.05,329.0,332.0,1900,183500,16.792127,19368.35,19700.0,19750,ATM+7,PUT,19400,2023-11-07
2023-11-07 12:51:00+05:30,332.0,333.55,330.0,330.95,1000,183500,16.889959,19369.8,19700.0,19750,ATM+7,PUT,19400,2023-11-07
2023-11-07 12:52:00+05:30,330.95,330.95,328.0,329.7,1100,183500,16.636507,19370.45,19700.0,19750,ATM+7,PUT,19400,2023-11-07
2023-11-07 12:53:00+05:30,329.7,331.9,329.7,331.9,650,183500,16.67038,19368.1,19700.0,19750,ATM+7,PUT,19400,2023-11-07
2023-11-07 12:54:00+05:30,331.9,338.7,331.9,337.6,3050,183500,17.58826,19364.45,19700.0,19750,ATM+7,PUT,19400,2023-11-07
2023-11-07 12:55:00+05:30,337.6,338.7,336.9,338.7,450,183500,17.215012,19362.1,19700.0,19750,ATM+7,PUT,19400,2023-11-07
2023-11-07 12:56:00+05:30,338.7,342.25,338.7,339.6,1500,183050,17.605112,19362.25,19700.0,19750,ATM+7,PUT,19400,2023-11-07
2023-11-07 12:57:00+05:30,339.6,339.6,335.5,335.5,400,183050,16.635388,19364.0,19700.0,19750,ATM+7,PUT,19400,2023-11-07
2023-11-07 12:58:00+05:30,335.5,335.5,334.2,334.8,100,183050,17.101844,19366.1,19700.0,19750,ATM+7,PUT,19400,2023-11-07
2023-11-07 12:59:00+05:30,334.8,335.55,333.6,335.55,300,183050,17.628445,19366.85,19700.0,19750,ATM+7,PUT,19400,2023-11-07
2023-11-07 13:00:00+05:30,335.55,335.55,333.1,333.1,150,183100,16.987406,19367.65,19700.0,19750,ATM+7,PUT,19400,2023-11-07
2023-11-07 13:01:00+05:30,333.1,333.1,330.0,330.0,50,183100,16.448286,19369.55,19700.0,19750,ATM+7,PUT,19400,2023-11-07
2023-11-07 13:02:00+05:30,330.0,330.0,330.0,330.0,0,183100,16.448286,19368.75,19700.0,19750,ATM+7,PUT,19400,2023-11-07
2023-11-07 13:03:00+05:30,330.0,331.25,330.0,331.25,50,183150,17.237433,19370.45,19700.0,19750,ATM+7,PUT,19400,2023-11-07
2023-11-07 13:04:00+05:30,331.25,331.35,330.0,331.35,300,183150,17.127385,19370.0,19700.0,19750,ATM+7,PUT,19400,2023-11-07
2023-11-07 13:05:00+05:30,331.35,331.35,331.35,331.35,0,183150,17.127385,19369.25,19700.0,19750,ATM+7,PUT,19400,2023-11-07
2023-11-07 13:06:00+05:30,331.35,332.8,331.35,332.8,200,183150,18.148358,19371.6,19700.0,19750,ATM+7,PUT,19400,2023-11-07
2023-11-07 13:07:00+05:30,332.8,332.8,332.2,332.8,150,183150,17.370774,19369.1,19700.0,19750,ATM+7,PUT,19400,2023-11-07
2023-11-07 13:08:00+05:30,332.8,335.2,332.8,334.2,150,183150,17.541689,19368.05,19700.0,19750,ATM+7,PUT,19400,2023-11-07
2023-11-07 13:09:00+05:30,334.2,334.8,334.2,334.8,150,183300,17.583412,19367.5,19700.0,19750,ATM+7,PUT,19400,2023-11-07
2023-11-07 13:10:00+05:30,334.8,337.95,334.8,336.75,400,183300,17.711172,19365.7,19700.0,19750,ATM+7,PUT,19400,2023-11-07
2023-11-07 13:11:00+05:30,336.75,337.4,336.75,337.4,100,183300,18.886565,19368.85,19700.0,19750,ATM+7,PUT,19400,2023-11-07
2023-11-07 13:12:00+05:30,337.4,340.0,337.4,340.0,150,183200,18.177541,19363.5,19700.0,19750,ATM+7,PUT,19400,2023-11-07
2023-11-07 13:13:00+05:30,341.8,346.45,341.8,342.95,1650,183200,19.178747,19363.5,19700.0,19750,ATM+7,PUT,19400,2023-11-07
2023-11-07 13:14:00+05:30,342.95,342.95,336.4,338.2,500,183200,18.563278,19366.8,19700.0,19750,ATM+7,PUT,19400,2023-11-07
2023-11-07 13:15:00+05:30,338.2,340.85,338.2,340.85,600,183450,19.292651,19366.3,19700.0,19750,ATM+7,PUT,19400,2023-11-07
2023-11-07 13:16:00+05:30,340.85,340.85,338.85,339.3,150,183450,19.06129,19367.25,19700.0,19750,ATM+7,PUT,19400,2023-11-07
2023-11-07 13:17:00+05:30,339.3,339.3,336.0,337.75,250,183450,18.126926,19365.85,19700.0,19750,ATM+7,PUT,19400,2023-11-07
2023-11-07 13:18:00+05:30,337.75,342.95,337.75,341.45,150,183650,18.247122,19362.05,19700.0,19750,ATM+7,PUT,19400,2023-11-07
2023-11-07 13:19:00+05:30,341.45,342.0,340.25,342.0,200,183650,18.472462,19362.15,19700.0,19750,ATM+7,PUT,19400,2023-11-07
2023-11-07 13:20:00+05:30,342.0,344.95,342.0,344.95,700,183650,18.822211,19359.95,19700.0,19750,ATM+7,PUT,19400,2023-11-07
2023-11-07 13:21:00+05:30,344.95,350.65,344.65,345.4,2100,183850,18.269075,19357.65,19700.0,19750,ATM+7,PUT,19400,2023-11-07
2023-11-07 13:22:00+05:30,345.4,345.4,341.75,344.75,550,183850,18.757747,19359.95,19700.0,19750,ATM+7,PUT,19400,2023-11-07
2023-11-07 13:23:00+05:30,344.75,344.75,338.4,338.4,1950,183850,16.982468,19361.65,19700.0,19750,ATM+7,PUT,19400,2023-11-07
2023-11-07 13:24:00+05:30,338.4,339.7,337.85,339.3,850,183800,17.16109,19361.15,19700.0,19750,ATM+7,PUT,19400,2023-11-07
2023-11-07 13:25:00+05:30,339.3,341.3,337.9,341.3,100,183800,18.816195,19364.05,19700.0,19750,ATM+7,PUT,19400,2023-11-07
2023-11-07 13:26:00+05:30,336.85,336.85,335.0,335.65,1300,183800,16.570404,19363.55,19700.0,19750,ATM+7,PUT,19400,2023-11-07
2023-11-07 13:27:00+05:30,335.65,342.0,335.65,342.0,1450,183150,17.341092,19358.65,19700.0,19750,ATM+7,PUT,19400,2023-11-07
2023-11-07 13:28:00+05:30,342.0,342.0,339.3,341.6,750,183150,16.818796,19357.65,19700.0,19750,ATM+7,PUT,19400,2023-11-07
2023-11-07 13:29:00+05:30,341.6,341.6,340.55,340.55,50,183150,15.390724,19355.35,19700.0,19750,ATM+7,PUT,19400,2023-11-07
2023-11-07 13:30:00+05:30,340.55,340.55,339.75,340.35,100,183550,15.722496,19356.3,19700.0,19750,ATM+7,PUT,19400,2023-11-07
2023-11-07 13:31:00+05:30,340.35,341.45,340.35,341.45,150,183550,15.585152,19354.8,19700.0,19750,ATM+7,PUT,19400,2023-11-07
2023-11-07 13:32:00+05:30,341.45,341.45,336.0,336.0,2000,183550,15.987247,19361.65,19700.0,19750,ATM+7,PUT,19400,2023-11-07
2023-11-07 13:33:00+05:30,336.0,336.0,327.95,327.95,3300,183250,13.072835,19364.5,19700.0,19750,ATM+7,PUT,19400,2023-11-07
2023-11-07 13:34:00+05:30,327.95,327.95,322.9,322.9,2100,183250,13.690843,19370.85,19700.0,19750,ATM+7,PUT,19400,2023-11-07
2023-11-07 13:35:00+05:30,323.4,327.4,322.7,325.1,1400,183250,15.564066,19372.5,19700.0,19750,ATM+7,PUT,19400,2023-11-07
2023-11-07 13:36:00+05:30,325.1,328.5,322.95,328.5,1650,183100,16.084988,19370.1,19700.0,19750,ATM+7,PUT,19400,2023-11-07
2023-11-07 13:37:00+05:30,328.5,330.5,325.8,325.8,1400,183100,13.981877,19368.3,19700.0,19750,ATM+7,PUT,19400,2023-11-07
2023-11-07 13:38:00+05:30,325.8,326.2,323.95,326.2,1350,183100,14.231774,19368.35,19700.0,19750,ATM+7,PUT,19400,2023-11-07
2023-11-07 13:39:00+05:30,326.15,326.15,324.2,324.2,350,183450,13.359846,19368.9,19700.0,19750,ATM+7,PUT,19400,2023-11-07
2023-11-07 13:40:00+05:30,324.2,326.4,318.7,318.7,1350,183450,12.276228,19373.05,19700.0,19750,ATM+7,PUT,19400,2023-11-07
2023-11-07 13:41:00+05:30,318.1,321.0,318.1,320.8,1450,183450,14.119796,19373.9,19700.0,19750,ATM+7,PUT,19400,2023-11-07
2023-11-07 13:42:00+05:30,320.8,323.9,320.8,321.05,300,184100,14.653465,19374.75,19700.0,19750,ATM+7,PUT,19400,2023-11-07
2023-11-07 13:43:00+05:30,321.05,322.1,321.05,322.1,100,184100,14.981035,19374.35,19700.0,19750,ATM+7,PUT,19400,2023-11-07
2023-11-07 13:44:00+05:30,322.1,324.45,321.1,323.15,900,184100,14.866194,19372.95,19700.0,19750,ATM+7,PUT,19400,2023-11-07
2023-11-07 13:45:00+05:30,323.15,323.7,321.9,321.9,1050,184550,13.981471,19372.45,19700.0,19750,ATM+7,PUT,19400,2023-11-07
2023-11-07 13:46:00+05:30,321.9,325.75,321.9,325.75,1000,184550,14.591529,19369.55,19700.0,19750,ATM+7,PUT,19400,2023-11-07
2023-11-07 13:47:00+05:30,325.75,328.05,325.1,326.85,1300,184550,16.298697,19372.45,19700.0,19750,ATM+7,PUT,19400,2023-11-07
2023-11-07 13:48:00+05:30,326.85,326.85,322.0,322.0,150,184950,14.362972,19373.1,19700.0,19750,ATM+7,PUT,19400,2023-11-07
2023-11-07 13:49:00+05:30,322.0,323.1,321.05,321.05,250,184950,14.081944,19373.55,19700.0,19750,ATM+7,PUT,19400,2023-11-07
2023-11-07 13:50:00+05:30,366.95,366.95,361.0,361.0,200,38850,0.0,19377.45,19750.0,19750,ATM+7,PUT,19400,2023-11-07
2023-11-07 13:51:00+05:30,361.0,361.0,357.2,357.2,550,38800,14.376258,19385.8,19750.0,19750,ATM+7,PUT,19400,2023-11-07
2023-11-07 13:52:00+05:30,357.2,357.2,350.3,354.25,150,38800,13.615788,19387.8,19750.0,19750,ATM+7,PUT,19400,2023-11-07
2023-11-07 13:53:00+05:30,354.25,354.25,354.25,354.25,0,38800,13.615788,19392.3,19750.0,19750,ATM+7,PUT,19400,2023-11-07
2023-11-07 13:54:00+05:30,354.25,354.25,353.0,354.25,250,38750,17.456531,19395.4,19750.0,19750,ATM+7,PUT,19400,2023-11-07
2023-11-07 13:55:00+05:30,354.25,354.25,347.0,347.0,750,38750,13.456941,19395.15,19750.0,19750,ATM+7,PUT,19400,2023-11-07
2023-11-07 13:56:00+05:30,347.0,347.0,341.7,341.7,1300,38750,12.943792,19400.0,19750.0,19750,ATM+7,PUT,19400,2023-11-07
2023-11-07 13:57:00+05:30,341.7,341.7,341.7,341.7,0,38750,12.943792,19396.85,19750.0,19750,ATM+7,PUT,19400,2023-11-07
2023-11-07 13:58:00+05:30,341.7,344.6,341.7,344.6,2000,38950,13.266794,19397.4,19750.0,19750,ATM+7,PUT,19400,2023-11-07
2023-11-07 13:59:00+05:30,344.6,344.6,344.6,344.6,0,38950,13.266794,19393.8,19750.0,19750,ATM+7,PUT,19400,2023-11-07
2023-11-07 14:00:00+05:30,344.6,344.6,344.6,344.6,0,38950,13.266794,19395.7,19750.0,19750,ATM+7,PUT,19400,2023-11-07
2023-11-07 14:01:00+05:30,344.6,344.6,344.6,344.6,0,38950,13.266794,19398.9,19750.0,19750,ATM+7,PUT,19400,2023-11-07
2023-11-07 14:02:00+05:30,344.6,344.6,340.9,340.9,100,38750,0.0,19396.4,19750.0,19750,ATM+7,PUT,19400,2023-11-07
2023-11-07 14:03:00+05:30,340.9,340.9,337.35,337.35,200,38850,0.0,19400.5,19750.0,19750,ATM+7,PUT,19400,2023-11-07
2023-11-07 14:04:00+05:30,337.35,337.35,329.6,330.45,400,38850,0.0,19405.25,19750.0,19750,ATM+7,PUT,19400,2023-11-07
2023-11-07 14:05:00+05:30,330.45,335.95,330.45,335.95,100,38850,12.872298,19405.9,19750.0,19750,ATM+7,PUT,19400,2023-11-07
2023-11-07 14:06:00+05:30,335.95,335.95,334.1,334.65,750,39050,9.890135,19404.75,19750.0,19750,ATM+7,PUT,19400,2023-11-07
2023-11-07 14:07:00+05:30,334.65,334.65,333.4,334.05,600,39050,10.384779,19405.6,19750.0,19750,ATM+7,PUT,19400,2023-11-07
2023-11-07 14:08:00+05:30,334.05,338.5,334.05,338.5,100,39050,11.340613,19401.7,19750.0,19750,ATM+7,PUT,19400,2023-11-07
2023-11-07 14:09:00+05:30,338.5,339.75,338.5,339.75,1150,39050,0.0,19397.75,19750.0,19750,ATM+7,PUT,19400,2023-11-07
2023-11-07 14:10:00+05:30,339.75,339.75,339.75,339.75,0,39050,0.0,19396.5,19750.0,19750,ATM+7,PUT,19400,2023-11-07
2023-11-07 14:11:00+05:30,339.75,341.05,339.7,340.65,1000,38900,0.0,19396.45,19750.0,19750,ATM+7,PUT,19400,2023-11-07
2023-11-07 14:12:00+05:30,340.65,340.65,336.3,336.3,1500,38900,0.0,19400.8,19750.0,19750,ATM+7,PUT,19400,2023-11-07
2023-11-07 14:13:00+05:30,336.3,339.7,336.3,339.7,1550,38900,8.391282,19399.3,19750.0,19750,ATM+7,PUT,19400,2023-11-07
2023-11-07 14:14:00+05:30,339.7,339.7,339.7,339.7,0,38900,8.391282,19401.15,19750.0,19750,ATM+7,PUT,19400,2023-11-07
2023-11-07 14:15:00+05:30,339.7,339.7,339.7,339.7,0,38900,8.391282,19400.45,19750.0,19750,ATM+7,PUT,19400,2023-11-07
2023-11-07 14:16:00+05:30,339.7,339.7,337.9,337.9,100,38900,11.992675,19402.9,19750.0,19750,ATM+7,PUT,19400,2023-11-07
2023-11-07 14:17:00+05:30,337.9,337.9,334.4,334.4,50,38900,0.0,19402.2,19750.0,19750,ATM+7,PUT,19400,2023-11-07
2023-11-07 14:18:00+05:30,334.4,334.45,334.4,334.45,50,38900,0.0,19398.6,19750.0,19750,ATM+7,PUT,19400,2023-11-07
2023-11-07 14:19:00+05:30,336.4,337.25,335.0,335.0,150,38900,0.0,19400.55,19750.0,19750,ATM+7,PUT,19400,2023-11-07
2023-11-07 14:20:00+05:30,335.0,335.0,330.0,330.95,950,38900,15.377441,19399.05,19750.0,19750,ATM+7,PUT,19400,2023-11-07
2023-11-07 14:21:00+05:30,330.95,333.6,330.95,333.6,50,38950,0.0,19400.05,19750.0,19750,ATM+7,PUT,19400,2023-11-07
2023-11-07 14:22:00+05:30,333.6,333.6,333.6,333.6,0,38950,0.0,19397.75,19750.0,19750,ATM+7,PUT,19400,2023-11-07
2023-11-07 14:23:00+05:30,333.6,337.95,333.6,337.95,50,38950,0.0,19393.75,19750.0,19750,ATM+7,PUT,19400,2023-11-07
2023-11-07 14:24:00+05:30,337.95,343.0,337.95,340.9,250,38950,0.0,19390.0,19750.0,19750,ATM+7,PUT,19400,2023-11-07
2023-11-07 14:25:00+05:30,340.9,345.0,340.9,345.0,50,38950,0.0,19389.3,19750.0,19750,ATM+7,PUT,19400,2023-11-07
2023-11-07 14:26:00+05:30,345.0,345.0,341.8,342.4,100,38950,0.0,19392.0,19750.0,19750,ATM+7,PUT,19400,2023-11-07
2023-11-07 14:27:00+05:30,342.4,342.4,337.7,337.7,50,38950,0.0,19391.75,19750.0,19750,ATM+7,PUT,19400,2023-11-07
2023-11-07 14:28:00+05:30,337.7,337.7,337.7,337.7,0,38950,0.0,19386.1,19750.0,19750,ATM+7,PUT,19400,2023-11-07
2023-11-07 14:29:00+05:30,337.7,337.7,337.7,337.7,0,38950,0.0,19388.45,19750.0,19750,ATM+7,PUT,19400,2023-11-07
2023-11-07 14:30:00+05:30,337.7,337.7,337.7,337.7,0,38950,0.0,19393.05,19750.0,19750,ATM+7,PUT,19400,2023-11-07
2023-11-07 14:31:00+05:30,337.7,337.7,337.7,337.7,0,38950,0.0,19395.0,19750.0,19750,ATM+7,PUT,19400,2023-11-07
2023-11-07 14:32:00+05:30,337.7,337.7,337.7,337.7,0,38950,0.0,19389.95,19750.0,19750,ATM+7,PUT,19400,2023-11-07
2023-11-07 14:33:00+05:30,337.7,337.7,337.7,337.7,0,38950,0.0,19391.4,19750.0,19750,ATM+7,PUT,19400,2023-11-07
2023-11-07 14:34:00+05:30,337.7,342.0,337.7,342.0,50,38850,0.0,19388.65,19750.0,19750,ATM+7,PUT,19400,2023-11-07
2023-11-07 14:35:00+05:30,342.0,342.0,342.0,342.0,0,38850,0.0,19391.25,19750.0,19750,ATM+7,PUT,19400,2023-11-07
2023-11-07 14:36:00+05:30,342.0,342.0,342.0,342.0,0,38850,0.0,19389.35,19750.0,19750,ATM+7,PUT,19400,2023-11-07
2023-11-07 14:37:00+05:30,342.0,342.0,342.0,342.0,0,38850,0.0,19387.2,19750.0,19750,ATM+7,PUT,19400,2023-11-07
2023-11-07 14:38:00+05:30,342.0,351.3,342.0,351.3,150,38850,0.0,19380.9,19750.0,19750,ATM+7,PUT,19400,2023-11-07
2023-11-07 14:39:00+05:30,351.3,351.3,345.6,345.6,250,38900,0.0,19381.3,19750.0,19750,ATM+7,PUT,19400,2023-11-07
2023-11-07 14:40:00+05:30,345.6,345.6,345.6,345.6,0,38900,0.0,19384.3,19750.0,19750,ATM+7,PUT,19400,2023-11-07
2023-11-07 14:41:00+05:30,345.6,350.0,345.6,350.0,200,38900,0.0,19381.5,19750.0,19750,ATM+7,PUT,19400,2023-11-07
2023-11-07 14:42:00+05:30,350.0,350.0,348.65,348.65,350,39000,0.0,19381.85,19750.0,19750,ATM+7,PUT,19400,2023-11-07
2023-11-07 14:43:00+05:30,348.65,348.65,348.65,348.65,0,39000,0.0,19385.4,19750.0,19750,ATM+7,PUT,19400,2023-11-07
2023-11-07 14:44:00+05:30,348.65,348.65,348.65,348.65,0,39000,0.0,19382.95,19750.0,19750,ATM+7,PUT,19400,2023-11-07
2023-11-07 14:45:00+05:30,348.65,348.65,348.65,348.65,0,39000,0.0,19383.65,19750.0,19750,ATM+7,PUT,19400,2023-11-07
2023-11-07 14:46:00+05:30,348.65,348.65,345.5,345.5,500,39000,0.0,19387.45,19750.0,19750,ATM+7,PUT,19400,2023-11-07
2023-11-07 14:47:00+05:30,345.5,345.5,345.5,345.5,0,39000,0.0,19384.1,19750.0,19750,ATM+7,PUT,19400,2023-11-07
2023-11-07 14:48:00+05:30,345.5,346.05,343.65,343.65,600,39150,0.0,19388.35,19750.0,19750,ATM+7,PUT,19400,2023-11-07
2023-11-07 14:49:00+05:30,343.65,343.65,336.25,336.25,500,39150,0.0,19390.7,19750.0,19750,ATM+7,PUT,19400,2023-11-07
2023-11-07 14:50:00+05:30,336.25,336.25,336.25,336.25,0,39150,0.0,19391.25,19750.0,19750,ATM+7,PUT,19400,2023-11-07
2023-11-07 14:51:00+05:30,336.25,339.2,336.25,338.2,500,38900,0.0,19396.5,19750.0,19750,ATM+7,PUT,19400,2023-11-07
2023-11-07 14:52:00+05:30,337.95,337.95,337.0,337.0,200,38900,0.0,19400.05,19750.0,19750,ATM+7,PUT,19400,2023-11-07
2023-11-07 14:53:00+05:30,337.0,337.0,337.0,337.0,0,38900,0.0,19399.35,19750.0,19750,ATM+7,PUT,19400,2023-11-07
2023-11-07 14:54:00+05:30,337.0,338.0,337.0,338.0,100,38800,0.0,19395.6,19750.0,19750,ATM+7,PUT,19400,2023-11-07
2023-11-07 14:55:00+05:30,337.6,337.7,337.0,337.25,300,38800,0.0,19397.6,19750.0,19750,ATM+7,PUT,19400,2023-11-07
2023-11-07 14:56:00+05:30,337.25,337.25,333.95,333.95,50,38800,0.0,19398.85,19750.0,19750,ATM+7,PUT,19400,2023-11-07
2023-11-07 14:57:00+05:30,333.95,333.95,331.5,331.5,450,39050,0.0,19400.15,19750.0,19750,ATM+7,PUT,19400,2023-11-07
2023-11-07 14:58:00+05:30,331.5,331.5,331.5,331.5,0,39050,0.0,19401.15,19750.0,19750,ATM+7,PUT,19400,2023-11-07
2023-11-07 14:59:00+05:30,331.5,331.5,331.5,331.5,0,39050,0.0,19399.05,19750.0,19750,ATM+7,PUT,19400,2023-11-07
2023-11-07 15:00:00+05:30,331.5,332.25,329.35,331.25,1200,39150,0.0,19405.95,19750.0,19750,ATM+7,PUT,19400,2023-11-07
2023-11-07 15:01:00+05:30,331.25,341.25,331.25,341.25,1150,39150,13.496278,19401.25,19750.0,19750,ATM+7,PUT,19400,2023-11-07
2023-11-07 15:02:00+05:30,341.25,341.25,341.25,341.25,0,39150,13.496278,19402.0,19750.0,19750,ATM+7,PUT,19400,2023-11-07
2023-11-07 15:03:00+05:30,341.25,341.25,335.5,336.15,100,39000,10.701511,19403.8,19750.0,19750,ATM+7,PUT,19400,2023-11-07
2023-11-07 15:04:00+05:30,336.15,336.15,336.15,336.15,0,39000,10.701511,19405.0,19750.0,19750,ATM+7,PUT,19400,2023-11-07
2023-11-07 15:05:00+05:30,336.15,336.15,332.0,332.0,500,39000,12.268855,19409.35,19750.0,19750,ATM+7,PUT,19400,2023-11-07
2023-11-07 15:06:00+05:30,332.0,332.0,332.0,332.0,0,39000,12.268855,19409.85,19750.0,19750,ATM+7,PUT,19400,2023-11-07
2023-11-07 15:07:00+05:30,332.0,339.95,332.0,339.95,2000,39100,13.765154,19403.0,19750.0,19750,ATM+7,PUT,19400,2023-11-07
2023-11-07 15:08:00+05:30,339.95,342.25,339.95,342.25,1500,39100,12.98067,19399.55,19750.0,19750,ATM+7,PUT,19400,2023-11-07
2023-11-07 15:09:00+05:30,342.25,342.25,342.25,342.25,0,39100,12.98067,19397.85,19750.0,19750,ATM+7,PUT,19400,2023-11-07
2023-11-07 15:10:00+05:30,342.25,342.25,342.25,342.25,0,39100,12.98067,19398.35,19750.0,19750,ATM+7,PUT,19400,2023-11-07
2023-11-07 15:11:00+05:30,342.25,342.25,342.25,342.25,0,39100,12.98067,19398.05,19750.0,19750,ATM+7,PUT,19400,2023-11-07
2023-11-07 15:12:00+05:30,342.25,342.25,342.25,342.25,0,39100,12.98067,19398.1,19750.0,19750,ATM+7,PUT,19400,2023-11-07
2023-11-07 15:13:00+05:30,342.25,342.25,342.25,342.25,0,39100,12.98067,19394.25,19750.0,19750,ATM+7,PUT,19400,2023-11-07
2023-11-07 15:14:00+05:30,342.25,342.25,342.25,342.25,0,39100,12.98067,19398.05,19750.0,19750,ATM+7,PUT,19400,2023-11-07
2023-11-07 15:15:00+05:30,348.1,348.1,347.05,347.05,1350,39100,16.403915,19400.4,19750.0,19750,ATM+7,PUT,19400,2023-11-07
2023-11-07 15:16:00+05:30,347.05,347.05,347.05,347.05,0,39100,16.403915,19402.6,19750.0,19750,ATM+7,PUT,19400,2023-11-07
2023-11-07 15:17:00+05:30,347.05,347.05,336.25,336.25,1700,38700,13.901609,19407.1,19750.0,19750,ATM+7,PUT,19400,2023-11-07
2023-11-07 15:18:00+05:30,336.25,336.25,336.25,336.25,0,38700,13.901609,19409.1,19750.0,19750,ATM+7,PUT,19400,2023-11-07
2023-11-07 15:19:00+05:30,336.25,336.25,335.05,335.05,50,38950,15.562479,19411.5,19750.0,19750,ATM+7,PUT,19400,2023-11-07
2023-11-07 15:20:00+05:30,335.05,335.05,335.05,335.05,0,38950,15.562479,19412.95,19750.0,19750,ATM+7,PUT,19400,2023-11-07
2023-11-07 15:21:00+05:30,335.05,335.05,331.3,331.3,550,39000,15.737048,19415.95,19750.0,19750,ATM+7,PUT,19400,2023-11-07
2023-11-07 15:22:00+05:30,331.3,331.3,331.3,331.3,0,39000,15.737048,19415.25,19750.0,19750,ATM+7,PUT,19400,2023-11-07
2023-11-07 15:23:00+05:30,331.3,331.3,331.05,331.05,1500,39000,16.005273,19416.85,19750.0,19750,ATM+7,PUT,19400,2023-11-07
2023-11-07 15:24:00+05:30,331.05,331.05,330.35,330.35,250,38750,16.062409,19417.75,19750.0,19750,ATM+7,PUT,19400,2023-11-07
2023-11-07 15:25:00+05:30,330.35,335.0,330.35,335.0,50,38750,17.65918,19416.9,19750.0,19750,ATM+7,PUT,19400,2023-11-07
2023-11-07 15:26:00+05:30,335.0,335.0,334.25,334.25,50,38750,17.964936,19418.65,19750.0,19750,ATM+7,PUT,19400,2023-11-07
2023-11-07 15:27:00+05:30,334.25,334.95,333.25,333.25,300,38650,16.917789,19416.75,19750.0,19750,ATM+7,PUT,19400,2023-11-07
2023-11-07 15:28:00+05:30,333.25,337.3,333.25,334.9,200,38650,15.588631,19411.7,19750.0,19750,ATM+7,PUT,19400,2023-11-07
2023-11-07 15:29:00+05:30,334.9,334.9,334.6,334.6,50,38650,17.615998,19417.2,19750.0,19750,ATM+7,PUT,19400,2023-11-07
2023-11-07 09:17:00+05:30,373.75,373.75,371.2,371.8,2100,35250,0.0,19357.9,19750.0,19800,ATM+8,PUT,19400,2023-11-07
2023-11-07 09:18:00+05:30,371.8,371.8,371.05,371.05,50,35250,0.0,19362.85,19750.0,19800,ATM+8,PUT,19400,2023-11-07
2023-11-07 09:19:00+05:30,371.05,371.05,368.05,368.05,100,35250,0.0,19364.7,19750.0,19800,ATM+8,PUT,19400,2023-11-07
2023-11-07 09:20:00+05:30,368.05,368.05,361.75,361.75,300,35050,0.0,19373.9,19750.0,19800,ATM+8,PUT,19400,2023-11-07
2023-11-07 09:21:00+05:30,361.75,366.35,358.7,364.3,200,35050,0.0,19370.6,19750.0,19800,ATM+8,PUT,19400,2023-11-07
2023-11-07 09:22:00+05:30,415.45,415.45,410.0,410.0,200,66600,0.0,19375.3,19800.0,19800,ATM+8,PUT,19400,2023-11-07
2023-11-07 09:23:00+05:30,410.0,411.5,407.15,407.15,100,66850,0.0,19380.3,19800.0,19800,ATM+8,PUT,19400,2023-11-07
2023-11-07 09:24:00+05:30,407.15,407.15,405.4,405.7,600,66850,8.259256,19382.1,19800.0,19800,ATM+8,PUT,19400,2023-11-07
2023-11-07 09:25:00+05:30,405.7,405.7,404.3,404.3,1000,66850,0.0,19381.35,19800.0,19800,ATM+8,PUT,19400,2023-11-07
2023-11-07 09:26:00+05:30,404.3,404.3,404.3,404.3,0,66850,0.0,19374.4,19750.0,19800,ATM+8,PUT,19400,2023-11-07
2023-11-07 09:27:00+05:30,409.0,409.1,409.0,409.1,50,67150,0.0,19375.9,19800.0,19800,ATM+8,PUT,19400,2023-11-07
2023-11-07 09:28:00+05:30,354.7,358.55,354.7,358.55,50,35150,0.0,19373.15,19750.0,19800,ATM+8,PUT,19400,2023-11-07
2023-11-07 09:29:00+05:30,358.55,363.3,358.55,363.3,100,35150,0.0,19370.25,19750.0,19800,ATM+8,PUT,19400,2023-11-07
2023-11-07 09:30:00+05:30,363.3,366.5,357.45,365.45,2900,35150,0.0,19368.15,19750.0,19800,ATM+8,PUT,19400,2023-11-07
2023-11-07 09:31:00+05:30,365.45,365.45,364.35,364.35,400,35150,0.0,19371.35,19750.0,19800,ATM+8,PUT,19400,2023-11-07
2023-11-07 09:32:00+05:30,364.35,364.35,358.4,358.95,650,35150,0.0,19372.6,19750.0,19800,ATM+8,PUT,19400,2023-11-07
2023-11-07 09:33:00+05:30,358.95,358.95,358.95,358.95,0,35150,0.0,19372.55,19750.0,19800,ATM+8,PUT,19400,2023-11-07
2023-11-07 09:34:00+05:30,358.95,358.95,358.95,358.95,0,35150,0.0,19367.05,19750.0,19800,ATM+8,PUT,19400,2023-11-07
2023-11-07 09:35:00+05:30,358.95,364.3,358.95,364.3,950,38600,0.0,19366.2,19750.0,19800,ATM+8,PUT,19400,2023-11-07
2023-11-07 09:36:00+05:30,364.3,364.3,364.3,364.3,0,38600,0.0,19366.7,19750.0,19800,ATM+8,PUT,19400,2023-11-07
2023-11-07 09:37:00+05:30,364.3,364.3,359.0,359.0,200,38600,0.0,19368.55,19750.0,19800,ATM+8,PUT,19400,2023-11-07
2023-11-07 09:38:00+05:30,359.0,359.0,359.0,359.0,0,38600,0.0,19364.1,19750.0,19800,ATM+8,PUT,19400,2023-11-07
2023-11-07 09:39:00+05:30,359.0,359.0,359.0,359.0,0,38600,0.0,19360.6,19750.0,19800,ATM+8,PUT,19400,2023-11-07
2023-11-07 09:40:00+05:30,359.0,359.0,359.0,359.0,0,38600,0.0,19362.0,19750.0,19800,ATM+8,PUT,19400,2023-11-07
2023-11-07 09:41:00+05:30,359.0,360.1,359.0,359.55,350,38600,0.0,19363.55,19750.0,19800,ATM+8,PUT,19400,2023-11-07
2023-11-07 09:42:00+05:30,359.55,360.1,359.55,360.1,50,38600,0.0,19363.0,19750.0,19800,ATM+8,PUT,19400,2023-11-07
2023-11-07 09:43:00+05:30,360.1,360.1,360.1,360.1,0,38600,0.0,19365.15,19750.0,19800,ATM+8,PUT,19400,2023-11-07
2023-11-07 09:44:00+05:30,360.1,360.1,360.1,360.1,0,38600,0.0,19366.5,19750.0,19800,ATM+8,PUT,19400,2023-11-07
2023-11-07 09:45:00+05:30,360.1,360.1,354.7,354.7,50,38550,0.0,19366.45,19750.0,19800,ATM+8,PUT,19400,2023-11-07
2023-11-07 09:46:00+05:30,354.7,354.7,354.7,354.7,0,38550,0.0,19362.65,19750.0,19800,ATM+8,PUT,19400,2023-11-07
2023-11-07 09:47:00+05:30,354.7,362.15,354.7,362.15,100,38550,0.0,19355.65,19750.0,19800,ATM+8,PUT,19400,2023-11-07
2023-11-07 09:48:00+05:30,362.15,362.15,362.15,362.15,0,38550,0.0,19358.85,19750.0,19800,ATM+8,PUT,19400,2023-11-07
2023-11-07 09:49:00+05:30,362.15,363.7,362.15,363.7,50,38550,0.0,19363.6,19750.0,19800,ATM+8,PUT,19400,2023-11-07
2023-11-07 09:50:00+05:30,363.7,363.7,360.0,360.0,100,38550,0.0,19359.4,19750.0,19800,ATM+8,PUT,19400,2023-11-07
2023-11-07 09:51:00+05:30,360.0,365.0,360.0,365.0,50,38550,0.0,19362.8,19750.0,19800,ATM+8,PUT,19400,2023-11-07
2023-11-07 09:52:00+05:30,365.0,365.0,365.0,365.0,0,38550,0.0,19363.6,19750.0,19800,ATM+8,PUT,19400,2023-11-07
2023-11-07 09:53:00+05:30,365.0,365.0,365.0,365.0,0,38550,0.0,19362.1,19750.0,19800,ATM+8,PUT,19400,2023-11-07
2023-11-07 09:54:00+05:30,365.0,365.0,360.75,361.0,150,38550,0.0,19363.85,19750.0,19800,ATM+8,PUT,19400,2023-11-07
2023-11-07 09:55:00+05:30,361.0,361.0,348.45,356.0,300,38550,0.0,19369.0,19750.0,19800,ATM+8,PUT,19400,2023-11-07
2023-11-07 09:56:00+05:30,357.1,363.5,357.1,360.3,5400,43250,0.0,19362.95,19750.0,19800,ATM+8,PUT,19400,2023-11-07
2023-11-07 09:57:00+05:30,360.3,362.85,360.3,362.8,200,43250,0.0,19361.45,19750.0,19800,ATM+8,PUT,19400,2023-11-07
2023-11-07 09:58:00+05:30,362.8,369.05,362.8,368.15,600,43250,0.0,19356.1,19750.0,19800,ATM+8,PUT,19400,2023-11-07
2023-11-07 09:59:00+05:30,368.15,368.15,368.15,368.15,0,43250,0.0,19358.05,19750.0,19800,ATM+8,PUT,19400,2023-11-07
2023-11-07 10:00:00+05:30,368.15,368.15,363.65,367.65,250,43850,0.0,19356.0,19750.0,19800,ATM+8,PUT,19400,2023-11-07
2023-11-07 10:01:00+05:30,367.65,367.65,362.85,362.85,100,43850,0.0,19361.4,19750.0,19800,ATM+8,PUT,19400,2023-11-07
2023-11-07 10:02:00+05:30,362.85,362.85,362.85,362.85,0,43850,0.0,19356.3,19750.0,19800,ATM+8,PUT,19400,2023-11-07
2023-11-07 10:03:00+05:30,362.85,371.0,362.85,371.0,250,43950,0.0,19353.2,19750.0,19800,ATM+8,PUT,19400,2023-11-07
2023-11-07 10:04:00+05:30,371.0,374.95,371.0,374.9,150,43950,0.0,19350.75,19750.0,19800,ATM+8,PUT,19400,2023-11-07
2023-11-07 10:05:00+05:30,374.9,374.9,374.9,374.9,0,43950,0.0,19350.4,19750.0,19800,ATM+8,PUT,19400,2023-11-07
2023-11-07 10:06:00+05:30,374.9,374.9,373.0,373.9,350,44050,0.0,19351.9,19750.0,19800,ATM+8,PUT,19400,2023-11-07
2023-11-07 10:07:00+05:30,373.9,373.9,373.0,373.05,350,44050,0.0,19350.5,19750.0,19800,ATM+8,PUT,19400,2023-11-07
2023-11-07 10:08:00+05:30,373.05,373.05,368.4,368.4,200,44350,0.0,19355.3,19750.0,19800,ATM+8,PUT,19400,2023-11-07
2023-11-07 10:09:00+05:30,368.4,368.4,368.4,368.4,0,44350,0.0,19357.6,19750.0,19800,ATM+8,PUT,19400,2023-11-07
2023-11-07 10:10:00+05:30,368.4,368.4,368.4,368.4,0,44350,0.0,19357.55,19750.0,19800,ATM+8,PUT,19400,2023-11-07
2023-11-07 10:11:00+05:30,368.4,368.4,368.4,368.4,0,44350,0.0,19359.0,19750.0,19800,ATM+8,PUT,19400,2023-11-07
2023-11-07 10:12:00+05:30,368.4,368.4,368.4,368.4,0,44350,0.0,19360.9,19750.0,19800,ATM+8,PUT,19400,2023-11-07
2023-11-07 10:13:00+05:30,368.4,368.4,363.05,363.05,50,44350,0.0,19364.3,19750.0,19800,ATM+8,PUT,19400,2023-11-07
2023-11-07 10:14:00+05:30,363.05,363.05,363.05,363.05,0,44350,0.0,19366.2,19750.0,19800,ATM+8,PUT,19400,2023-11-07
2023-11-07 10:15:00+05:30,363.05,363.05,363.05,363.05,0,44350,0.0,19364.6,19750.0,19800,ATM+8,PUT,19400,2023-11-07
2023-11-07 10:16:00+05:30,363.05,363.05,363.05,363.05,0,44350,0.0,19365.45,19750.0,19800,ATM+8,PUT,19400,2023-11-07
2023-11-07 10:17:00+05:30,363.05,363.05,363.05,363.05,0,44350,0.0,19362.75,19750.0,19800,ATM+8,PUT,19400,2023-11-07
2023-11-07 10:18:00+05:30,363.05,363.05,363.05,363.05,0,44350,0.0,19363.95,19750.0,19800,ATM+8,PUT,19400,2023-11-07
2023-11-07 10:19:00+05:30,363.05,363.05,354.0,354.0,600,44350,0.0,19369.55,19750.0,19800,ATM+8,PUT,19400,2023-11-07
2023-11-07 10:20:00+05:30,354.0,354.0,354.0,354.0,0,44350,0.0,19373.05,19750.0,19800,ATM+8,PUT,19400,2023-11-07
2023-11-07 10:21:00+05:30,354.0,354.0,354.0,354.0,0,44350,0.0,19372.65,19750.0,19800,ATM+8,PUT,19400,2023-11-07
2023-11-07 10:22:00+05:30,354.0,354.0,348.8,350.5,150,44250,0.0,19371.5,19750.0,19800,ATM+8,PUT,19400,2023-11-07
2023-11-07 10:23:00+05:30,350.5,350.5,350.5,350.5,0,44250,0.0,19365.1,19750.0,19800,ATM+8,PUT,19400,2023-11-07
2023-11-07 10:24:00+05:30,350.5,350.5,350.5,350.5,0,44250,0.0,19365.9,19750.0,19800,ATM+8,PUT,19400,2023-11-07
2023-11-07 10:25:00+05:30,350.5,350.5,350.5,350.5,0,44250,0.0,19371.7,19750.0,19800,ATM+8,PUT,19400,2023-11-07
2023-11-07 10:26:00+05:30,350.5,350.5,350.5,350.5,0,44250,0.0,19372.5,19750.0,19800,ATM+8,PUT,19400,2023-11-07
2023-11-07 10:27:00+05:30,350.5,350.5,350.5,350.5,0,44250,0.0,19369.25,19750.0,19800,ATM+8,PUT,19400,2023-11-07
2023-11-07 10:28:00+05:30,350.5,350.5,350.5,350.5,0,44250,0.0,19370.25,19750.0,19800,ATM+8,PUT,19400,2023-11-07
2023-11-07 10:29:00+05:30,350.5,350.5,350.5,350.5,0,44250,0.0,19370.65,19750.0,19800,ATM+8,PUT,19400,2023-11-07
2023-11-07 10:30:00+05:30,350.5,350.5,347.0,348.8,1650,44300,0.0,19373.6,19750.0,19800,ATM+8,PUT,19400,2023-11-07
2023-11-07 10:31:00+05:30,398.45,398.45,395.0,395.0,300,67900,0.0,19376.55,19800.0,19800,ATM+8,PUT,19400,2023-11-07
2023-11-07 10:32:00+05:30,395.0,395.0,393.6,394.6,250,67900,0.0,19375.8,19800.0,19800,ATM+8,PUT,19400,2023-11-07
2023-11-07 10:33:00+05:30,394.6,394.6,394.6,394.6,0,67900,0.0,19374.35,19750.0,19800,ATM+8,PUT,19400,2023-11-07
2023-11-07 10:34:00+05:30,396.0,397.0,393.7,393.7,600,67900,0.0,19375.5,19800.0,19800,ATM+8,PUT,19400,2023-11-07
2023-11-07 10:35:00+05:30,393.7,394.45,383.4,385.9,800,67550,0.0,19384.6,19800.0,19800,ATM+8,PUT,19400,2023-11-07
2023-11-07 10:36:00+05:30,385.9,388.7,385.2,388.7,150,67550,0.0,19379.95,19800.0,19800,ATM+8,PUT,19400,2023-11-07
2023-11-07 10:37:00+05:30,388.7,391.0,388.7,391.0,100,67550,0.0,19381.45,19800.0,19800,ATM+8,PUT,19400,2023-11-07
2023-11-07 10:38:00+05:30,391.0,391.0,388.8,388.8,200,67550,0.0,19381.15,19800.0,19800,ATM+8,PUT,19400,2023-11-07
2023-11-07 10:39:00+05:30,388.8,388.8,382.9,383.9,100,68100,0.0,19385.3,19800.0,19800,ATM+8,PUT,19400,2023-11-07
2023-11-07 10:40:00+05:30,383.9,385.0,382.9,383.0,850,68100,0.0,19387.55,19800.0,19800,ATM+8,PUT,19400,2023-11-07
2023-11-07 10:41:00+05:30,383.0,383.0,378.85,381.9,950,67350,0.0,19390.45,19800.0,19800,ATM+8,PUT,19400,2023-11-07
2023-11-07 10:42:00+05:30,381.9,383.0,381.9,383.0,400,67350,0.0,19388.35,19800.0,19800,ATM+8,PUT,19400,2023-11-07
2023-11-07 10:43:00+05:30,383.0,386.0,383.0,386.0,50,67350,0.0,19387.55,19800.0,19800,ATM+8,PUT,19400,2023-11-07
2023-11-07 10:44:00+05:30,386.0,386.0,386.0,386.0,0,67350,0.0,19393.05,19800.0,19800,ATM+8,PUT,19400,2023-11-07
2023-11-07 10:45:00+05:30,386.0,386.0,378.9,378.9,800,66800,0.0,19392.95,19800.0,19800,ATM+8,PUT,19400,2023-11-07
2023-11-07 10:46:00+05:30,378.9,386.0,378.9,386.0,600,66800,0.0,19390.3,19800.0,19800,ATM+8,PUT,19400,2023-11-07
2023-11-07 10:47:00+05:30,386.0,388.0,386.0,388.0,50,66800,0.0,19389.55,19800.0,19800,ATM+8,PUT,19400,2023-11-07
2023-11-07 10:48:00+05:30,388.0,388.0,385.3,385.3,300,66750,0.0,19390.0,19800.0,19800,ATM+8,PUT,19400,2023-11-07
2023-11-07 10:49:00+05:30,385.0,385.0,384.0,384.7,850,66750,0.0,19391.4,19800.0,19800,ATM+8,PUT,19400,2023-11-07
2023-11-07 10:50:00+05:30,384.7,388.05,384.7,386.75,500,67350,0.0,19391.6,19800.0,19800,ATM+8,PUT,19400,2023-11-07
2023-11-07 10:51:00+05:30,386.75,393.85,386.75,393.85,250,67350,0.0,19387.4,19800.0,19800,ATM+8,PUT,19400,2023-11-07
2023-11-07 10:52:00+05:30,393.85,400.0,392.25,400.0,10250,67350,0.0,19382.05,19800.0,19800,ATM+8,PUT,19400,2023-11-07
2023-11-07 10:53:00+05:30,400.0,400.0,395.0,395.0,100,75750,0.0,19385.55,19800.0,19800,ATM+8,PUT,19400,2023-11-07
2023-11-07 10:54:00+05:30,395.0,395.0,395.0,395.0,0,75750,0.0,19385.0,19800.0,19800,ATM+8,PUT,19400,2023-11-07
2023-11-07 10:55:00+05:30,395.0,398.95,395.0,398.95,50,75750,0.0,19384.75,19800.0,19800,ATM+8,PUT,19400,2023-11-07
2023-11-07 10:56:00+05:30,398.95,400.3,398.95,400.3,200,75750,0.0,19384.95,19800.0,19800,ATM+8,PUT,19400,2023-11-07
2023-11-07 10:57:00+05:30,400.3,404.6,399.7,399.7,700,75800,0.0,19382.65,19800.0,19800,ATM+8,PUT,19400,2023-11-07
2023-11-07 10:58:00+05:30,399.7,399.7,398.0,398.0,1150,75800,0.0,19385.0,19800.0,19800,ATM+8,PUT,19400,2023-11-07
2023-11-07 10:59:00+05:30,398.0,398.0,398.0,398.0,0,75800,0.0,19381.05,19800.0,19800,ATM+8,PUT,19400,2023-11-07
2023-11-07 11:00:00+05:30,398.0,402.1,398.0,402.0,100,76350,0.0,19382.5,19800.0,19800,ATM+8,PUT,19400,2023-11-07
2023-11-07 11:01:00+05:30,402.0,402.0,396.65,400.0,700,76350,0.0,19384.3,19800.0,19800,ATM+8,PUT,19400,2023-11-07
2023-11-07 11:02:00+05:30,400.0,400.0,398.05,398.05,4750,76600,0.0,19386.85,19800.0,19800,ATM+8,PUT,19400,2023-11-07
2023-11-07 11:03:00+05:30,398.05,400.0,397.55,400.0,150,76600,0.0,19387.25,19800.0,19800,ATM+8,PUT,19400,2023-11-07
2023-11-07 11:04:00+05:30,400.0,400.0,396.1,396.1,50,76600,0.0,19386.8,19800.0,19800,ATM+8,PUT,19400,2023-11-07
2023-11-07 11:05:00+05:30,396.1,396.1,395.85,395.85,100,76600,0.0,19386.15,19800.0,19800,ATM+8,PUT,19400,2023-11-07
2023-11-07 11:06:00+05:30,395.85,395.85,394.0,394.0,50,78450,0.0,19387.9,19800.0,19800,ATM+8,PUT,19400,2023-11-07
2023-11-07 11:07:00+05:30,394.0,394.0,394.0,394.0,0,78450,0.0,19389.3,19800.0,19800,ATM+8,PUT,19400,2023-11-07
2023-11-07 11:08:00+05:30,394.0,394.0,394.0,394.0,0,78450,0.0,19390.1,19800.0,19800,ATM+8,PUT,19400,2023-11-07
2023-11-07 11:09:00+05:30,394.0,394.0,387.7,388.2,900,78400,0.0,19393.95,19800.0,19800,ATM+8,PUT,19400,2023-11-07
2023-11-07 11:10:00+05:30,388.2,388.2,386.0,386.0,50,78400,0.0,19395.25,19800.0,19800,ATM+8,PUT,19400,2023-11-07
2023-11-07 11:11:00+05:30,386.0,386.0,386.0,386.0,0,78400,0.0,19396.45,19800.0,19800,ATM+8,PUT,19400,2023-11-07
2023-11-07 11:12:00+05:30,386.0,387.7,386.0,387.7,500,78800,0.0,19394.2,19800.0,19800,ATM+8,PUT,19400,2023-11-07
2023-11-07 11:13:00+05:30,387.7,391.8,387.7,390.0,300,78800,0.0,19391.45,19800.0,19800,ATM+8,PUT,19400,2023-11-07
2023-11-07 11:14:00+05:30,390.0,390.0,388.45,388.45,100,78800,0.0,19392.85,19800.0,19800,ATM+8,PUT,19400,2023-11-07
2023-11-07 11:15:00+05:30,388.45,392.15,388.45,392.15,1500,79050,0.0,19389.45,19800.0,19800,ATM+8,PUT,19400,2023-11-07
2023-11-07 11:16:00+05:30,392.15,392.3,392.15,392.3,50,79050,0.0,19390.75,19800.0,19800,ATM+8,PUT,19400,2023-11-07
2023-11-07 11:17:00+05:30,392.3,392.3,392.3,392.3,0,79050,0.0,19393.85,19800.0,19800,ATM+8,PUT,19400,2023-11-07
2023-11-07 11:18:00+05:30,392.3,392.3,392.3,392.3,0,79050,0.0,19398.0,19800.0,19800,ATM+8,PUT,19400,2023-11-07
2023-11-07 11:19:00+05:30,392.3,392.3,392.3,392.3,0,79050,0.0,19396.5,19800.0,19800,ATM+8,PUT,19400,2023-11-07
2023-11-07 11:20:00+05:30,392.3,392.3,388.6,388.6,50,78850,0.0,19396.2,19800.0,19800,ATM+8,PUT,19400,2023-11-07
2023-11-07 11:21:00+05:30,388.6,388.6,387.0,387.0,250,78800,0.0,19396.3,19800.0,19800,ATM+8,PUT,19400,2023-11-07
2023-11-07 11:22:00+05:30,387.0,387.0,387.0,387.0,0,78800,0.0,19394.0,19800.0,19800,ATM+8,PUT,19400,2023-11-07
2023-11-07 11:23:00+05:30,387.0,387.0,387.0,387.0,0,78800,0.0,19391.25,19800.0,19800,ATM+8,PUT,19400,2023-11-07
2023-11-07 11:24:00+05:30,387.0,394.2,387.0,394.2,550,78600,0.0,19390.65,19800.0,19800,ATM+8,PUT,19400,2023-11-07
2023-11-07 11:25:00+05:30,394.2,394.2,392.65,392.65,50,78600,0.0,19391.05,19800.0,19800,ATM+8,PUT,19400,2023-11-07
2023-11-07 11:26:00+05:30,393.25,393.25,392.6,392.6,650,78600,0.0,19388.35,19800.0,19800,ATM+8,PUT,19400,2023-11-07
2023-11-07 11:27:00+05:30,392.6,392.6,392.6,392.6,0,78600,0.0,19391.9,19800.0,19800,ATM+8,PUT,19400,2023-11-07
2023-11-07 11:28:00+05:30,392.6,392.6,391.55,391.55,100,78500,0.0,19389.7,19800.0,19800,ATM+8,PUT,19400,2023-11-07
2023-11-07 11:29:00+05:30,391.55,391.55,391.55,391.55,0,78500,0.0,19389.85,19800.0,19800,ATM+8,PUT,19400,2023-11-07
2023-11-07 11:30:00+05:30,391.55,396.6,391.55,396.6,450,78400,0.0,19388.6,19800.0,19800,ATM+8,PUT,19400,2023-11-07
2023-11-07 11:31:00+05:30,396.6,400.0,396.6,400.0,600,78400,0.0,19386.9,19800.0,19800,ATM+8,PUT,19400,2023-11-07
2023-11-07 11:32:00+05:30,400.0,400.0,399.9,399.9,50,78400,13.258514,19390.1,19800.0,19800,ATM+8,PUT,19400,2023-11-07
2023-11-07 11:33:00+05:30,399.9,399.9,399.9,399.9,0,78400,13.258514,19387.15,19800.0,19800,ATM+8,PUT,19400,2023-11-07
2023-11-07 11:34:00+05:30,399.9,399.9,399.9,399.9,0,78400,13.258514,19388.05,19800.0,19800,ATM+8,PUT,19400,2023-11-07
2023-11-07 11:35:00+05:30,399.9,399.9,394.55,394.55,50,77400,0.0,19393.35,19800.0,19800,ATM+8,PUT,19400,2023-11-07
2023-11-07 11:36:00+05:30,394.55,394.55,394.55,394.55,0,77400,0.0,19395.4,19800.0,19800,ATM+8,PUT,19400,2023-11-07
2023-11-07 11:37:00+05:30,394.55,394.55,393.25,393.25,100,77400,0.0,19394.05,19800.0,19800,ATM+8,PUT,19400,2023-11-07
2023-11-07 11:38:00+05:30,393.25,393.25,393.25,393.25,0,77400,0.0,19393.4,19800.0,19800,ATM+8,PUT,19400,2023-11-07
2023-11-07 11:39:00+05:30,393.25,400.5,393.25,400.5,50,77300,13.954346,19390.15,19800.0,19800,ATM+8,PUT,19400,2023-11-07
2023-11-07 11:40:00+05:30,400.5,420.0,400.0,416.2,12950,77300,16.102723,19376.55,19800.0,19800,ATM+8,PUT,19400,2023-11-07
2023-11-07 11:41:00+05:30,364.9,380.0,364.9,372.95,1400,43950,9.83652,19365.65,19750.0,19800,ATM+8,PUT,19400,2023-11-07
2023-11-07 11:42:00+05:30,372.95,380.5,372.95,379.3,350,43950,10.334143,19359.4,19750.0,19800,ATM+8,PUT,19400,2023-11-07
2023-11-07 11:43:00+05:30,380.0,380.0,379.05,379.2,550,43950,0.0,19355.0,19750.0,19800,ATM+8,PUT,19400,2023-11-07
2023-11-07 11:44:00+05:30,379.2,380.0,378.2,380.0,5400,39050,0.0,19354.7,19750.0,19800,ATM+8,PUT,19400,2023-11-07
2023-11-07 11:45:00+05:30,380.0,400.3,380.0,400.3,700,39050,13.795579,19340.2,19750.0,19800,ATM+8,PUT,19400,2023-11-07
2023-11-07 11:46:00+05:30,400.3,402.1,399.05,399.05,350,39050,16.752428,19345.7,19750.0,19800,ATM+8,PUT,19400,2023-11-07
2023-11-07 11:47:00+05:30,399.05,399.05,396.3,396.3,50,39050,14.852471,19345.55,19750.0,19800,ATM+8,PUT,19400,2023-11-07
2023-11-07 11:48:00+05:30,396.3,396.3,396.3,396.3,0,39050,14.852471,19341.9,19750.0,19800,ATM+8,PUT,19400,2023-11-07
2023-11-07 11:49:00+05:30,396.3,405.0,396.3,405.0,200,39200,15.198514,19336.95,19750.0,19800,ATM+8,PUT,19400,2023-11-07
2023-11-07 11:50:00+05:30,405.0,405.35,405.0,405.35,50,39200,18.003926,19341.5,19750.0,19800,ATM+8,PUT,19400,2023-11-07
2023-11-07 11:51:00+05:30,405.35,405.35,405.35,405.35,0,39200,18.003926,19343.9,19750.0,19800,ATM+8,PUT,19400,2023-11-07
2023-11-07 11:52:00+05:30,405.35,405.35,405.35,405.35,0,39200,18.003926,19340.35,19750.0,19800,ATM+8,PUT,19400,2023-11-07
2023-11-07 11:53:00+05:30,405.35,405.4,405.35,405.4,550,39200,16.227443,19338.05,19750.0,19800,ATM+8,PUT,19400,2023-11-07
2023-11-07 11:54:00+05:30,405.4,412.85,405.4,412.85,200,38950,16.684515,19330.95,19750.0,19800,ATM+8,PUT,19400,2023-11-07
2023-11-07 11:55:00+05:30,412.85,412.85,412.85,412.85,100,38950,21.639017,19343.05,19750.0,19800,ATM+8,PUT,19400,2023-11-07
2023-11-07 11:56:00+05:30,412.85,412.85,412.85,412.85,0,38950,21.639017,19341.25,19750.0,19800,ATM+8,PUT,19400,2023-11-07
2023-11-07 11:57:00+05:30,412.85,412.85,412.85,412.85,0,38950,21.639017,19342.5,19750.0,19800,ATM+8,PUT,19400,2023-11-07
2023-11-07 11:58:00+05:30,412.85,412.85,412.85,412.85,0,38950,21.639017,19341.85,19750.0,19800,ATM+8,PUT,19400,2023-11-07
2023-11-07 11:59:00+05:30,412.85,412.85,403.4,403.4,200,39050,18.5784,19344.9,19750.0,19800,ATM+8,PUT,19400,2023-11-07
2023-11-07 12:00:00+05:30,403.4,403.4,403.4,403.4,0,39050,18.5784,19340.75,19750.0,19800,ATM+8,PUT,19400,2023-11-07
2023-11-07 12:01:00+05:30,403.4,403.4,402.95,402.95,450,39000,16.056624,19340.35,19750.0,19800,ATM+8,PUT,19400,2023-11-07
2023-11-07 12:02:00+05:30,402.95,402.95,402.95,402.95,0,39000,16.056624,19336.95,19750.0,19800,ATM+8,PUT,19400,2023-11-07
2023-11-07 12:03:00+05:30,402.95,402.95,402.95,402.95,0,39000,16.056624,19341.8,19750.0,19800,ATM+8,PUT,19400,2023-11-07
2023-11-07 12:04:00+05:30,402.95,402.95,402.95,402.95,0,39000,16.056624,19339.9,19750.0,19800,ATM+8,PUT,19400,2023-11-07
2023-11-07 12:05:00+05:30,402.95,403.45,402.95,403.45,50,39050,18.354778,19344.3,19750.0,19800,ATM+8,PUT,19400,2023-11-07
2023-11-07 12:06:00+05:30,403.45,403.45,403.45,403.45,0,39050,18.354778,19345.1,19750.0,19800,ATM+8,PUT,19400,2023-11-07
2023-11-07 12:07:00+05:30,403.45,403.45,403.45,403.45,0,39050,18.354778,19350.85,19750.0,19800,ATM+8,PUT,19400,2023-11-07
2023-11-07 12:08:00+05:30,403.45,403.45,403.45,403.45,0,39050,18.354778,19349.65,19750.0,19800,ATM+8,PUT,19400,2023-11-07
2023-11-07 12:09:00+05:30,403.45,403.45,403.45,403.45,0,39050,18.354778,19350.45,19750.0,19800,ATM+8,PUT,19400,2023-11-07
2023-11-07 12:10:00+05:30,403.45,403.45,400.7,400.7,50,39050,18.942642,19348.7,19750.0,19800,ATM+8,PUT,19400,2023-11-07
2023-11-07 12:11:00+05:30,400.7,400.7,397.05,397.05,500,39050,18.153864,19350.75,19750.0,19800,ATM+8,PUT,19400,2023-11-07
2023-11-07 12:12:00+05:30,397.05,397.05,397.05,397.05,0,39050,18.153864,19352.05,19750.0,19800,ATM+8,PUT,19400,2023-11-07
2023-11-07 12:13:00+05:30,397.05,397.05,397.05,397.05,0,39050,18.153864,19349.4,19750.0,19800,ATM+8,PUT,19400,2023-11-07
2023-11-07 12:14:00+05:30,397.05,398.15,396.95,396.95,150,39050,18.810294,19352.45,19750.0,19800,ATM+8,PUT,19400,2023-11-07
2023-11-07 12:15:00+05:30,396.95,396.95,396.95,396.95,500,39000,18.909536,19352.7,19750.0,19800,ATM+8,PUT,19400,2023-11-07
2023-11-07 12:16:00+05:30,396.95,396.95,396.95,396.95,0,39000,18.909536,19352.95,19750.0,19800,ATM+8,PUT,19400,2023-11-07
2023-11-07 12:17:00+05:30,396.95,396.95,396.95,396.95,0,39000,18.909536,19352.35,19750.0,19800,ATM+8,PUT,19400,2023-11-07
2023-11-07 12:18:00+05:30,396.95,398.0,396.95,398.0,50,39000,20.063608,19354.7,19750.0,19800,ATM+8,PUT,19400,2023-11-07
2023-11-07 12:19:00+05:30,398.0,398.0,398.0,398.0,0,39000,20.063608,19359.15,19750.0,19800,ATM+8,PUT,19400,2023-11-07
2023-11-07 12:20:00+05:30,398.0,398.0,387.35,388.0,450,38900,17.688582,19359.45,19750.0,19800,ATM+8,PUT,19400,2023-11-07
2023-11-07 12:21:00+05:30,388.0,388.5,388.0,388.5,150,38900,16.951253,19357.3,19750.0,19800,ATM+8,PUT,19400,2023-11-07
2023-11-07 12:22:00+05:30,388.5,388.5,388.5,388.5,0,38900,16.951253,19354.15,19750.0,19800,ATM+8,PUT,19400,2023-11-07
2023-11-07 12:23:00+05:30,388.5,388.5,388.5,388.5,0,38900,16.951253,19353.75,19750.0,19800,ATM+8,PUT,19400,2023-11-07
2023-11-07 12:24:00+05:30,388.5,388.5,388.5,388.5,0,38900,16.951253,19355.55,19750.0,19800,ATM+8,PUT,19400,2023-11-07
2023-11-07 12:25:00+05:30,388.5,388.5,388.5,388.5,0,38900,16.951253,19356.25,19750.0,19800,ATM+8,PUT,19400,2023-11-07
2023-11-07 12:26:00+05:30,388.5,388.5,388.5,388.5,0,38900,16.951253,19356.7,19750.0,19800,ATM+8,PUT,19400,2023-11-07
2023-11-07 12:27:00+05:30,388.5,394.9,388.5,394.9,50,38900,18.910755,19354.9,19750.0,19800,ATM+8,PUT,19400,2023-11-07
2023-11-07 12:28:00+05:30,394.9,394.9,394.9,394.9,200,38900,18.496202,19353.85,19750.0,19800,ATM+8,PUT,19400,2023-11-07
2023-11-07 12:29:00+05:30,394.9,394.9,394.9,394.9,0,38900,18.496202,19353.4,19750.0,19800,ATM+8,PUT,19400,2023-11-07
2023-11-07 12:30:00+05:30,394.9,394.9,394.9,394.9,0,38900,18.496202,19353.15,19750.0,19800,ATM+8,PUT,19400,2023-11-07
2023-11-07 12:31:00+05:30,394.9,394.9,394.9,394.9,0,38900,18.496202,19351.2,19750.0,19800,ATM+8,PUT,19400,2023-11-07
2023-11-07 12:32:00+05:30,394.9,394.9,394.9,394.9,0,38900,18.496202,19355.95,19750.0,19800,ATM+8,PUT,19400,2023-11-07
2023-11-07 12:33:00+05:30,394.9,394.9,394.9,394.9,0,38900,18.496202,19357.55,19750.0,19800,ATM+8,PUT,19400,2023-11-07
2023-11-07 12:34:00+05:30,394.9,394.9,375.0,375.0,900,39100,12.57762,19365.15,19750.0,19800,ATM+8,PUT,19400,2023-11-07
2023-11-07 12:35:00+05:30,375.0,379.15,375.0,379.15,500,39100,16.850682,19367.1,19750.0,19800,ATM+8,PUT,19400,2023-11-07
2023-11-07 12:36:00+05:30,379.15,379.15,378.45,378.45,1050,39050,14.565959,19363.8,19750.0,19800,ATM+8,PUT,19400,2023-11-07
2023-11-07 12:37:00+05:30,378.45,379.65,377.4,377.4,250,39050,16.35697,19367.95,19750.0,19800,ATM+8,PUT,19400,2023-11-07
2023-11-07 12:38:00+05:30,377.4,377.4,377.4,377.4,0,39050,16.35697,19367.75,19750.0,19800,ATM+8,PUT,19400,2023-11-07
2023-11-07 12:39:00+05:30,377.4,377.4,377.4,377.4,0,39050,16.35697,19365.7,19750.0,19800,ATM+8,PUT,19400,2023-11-07
2023-11-07 12:40:00+05:30,377.4,380.8,377.4,380.8,50,38900,16.650906,19364.9,19750.0,19800,ATM+8,PUT,19400,2023-11-07
2023-11-07 12:41:00+05:30,380.8,385.55,380.8,384.75,100,38900,18.890617,19365.95,19750.0,19800,ATM+8,PUT,19400,2023-11-07
2023-11-07 12:42:00+05:30,384.75,385.3,384.75,385.3,50,38950,18.595069,19364.55,19750.0,19800,ATM+8,PUT,19400,2023-11-07
2023-11-07 12:43:00+05:30,385.3,385.3,385.3,385.3,0,38950,18.595069,19364.25,19750.0,19800,ATM+8,PUT,19400,2023-11-07
2023-11-07 12:44:00+05:30,385.3,385.3,384.75,384.75,150,38950,17.920558,19363.45,19750.0,19800,ATM+8,PUT,19400,2023-11-07
2023-11-07 12:45:00+05:30,384.75,384.75,383.65,383.65,50,38950,18.246637,19365.45,19750.0,19800,ATM+8,PUT,19400,2023-11-07
2023-11-07 12:46:00+05:30,383.8,383.8,383.8,383.8,50,38950,18.391098,19365.65,19750.0,19800,ATM+8,PUT,19400,2023-11-07
2023-11-07 12:47:00+05:30,383.8,383.9,380.85,380.85,250,38900,18.378699,19368.85,19750.0,19800,ATM+8,PUT,19400,2023-11-07
2023-11-07 12:48:00+05:30,380.85,381.85,380.6,380.8,400,38900,19.368984,19371.65,19750.0,19800,ATM+8,PUT,19400,2023-11-07
2023-11-07 12:49:00+05:30,380.8,380.8,380.25,380.25,50,38900,19.229667,19371.85,19750.0,19800,ATM+8,PUT,19400,2023-11-07
2023-11-07 12:50:00+05:30,380.25,380.65,380.0,380.2,350,38900,17.905682,19368.35,19750.0,19800,ATM+8,PUT,19400,2023-11-07
2023-11-07 12:51:00+05:30,380.2,382.6,380.2,381.0,200,38850,18.801635,19369.8,19750.0,19800,ATM+8,PUT,19400,2023-11-07
2023-11-07 12:52:00+05:30,381.0,381.0,378.0,378.0,500,38850,17.786664,19370.45,19750.0,19800,ATM+8,PUT,19400,2023-11-07
2023-11-07 12:53:00+05:30,380.0,380.0,380.0,380.0,500,38850,17.717223,19368.1,19750.0,19800,ATM+8,PUT,19400,2023-11-07
2023-11-07 12:54:00+05:30,380.0,380.0,380.0,380.0,0,38850,17.717223,19364.45,19750.0,19800,ATM+8,PUT,19400,2023-11-07
2023-11-07 12:55:00+05:30,380.0,380.0,380.0,380.0,0,38850,17.717223,19362.1,19750.0,19800,ATM+8,PUT,19400,2023-11-07
2023-11-07 12:56:00+05:30,380.0,380.0,380.0,380.0,0,38850,17.717223,19362.25,19750.0,19800,ATM+8,PUT,19400,2023-11-07
2023-11-07 12:57:00+05:30,380.0,380.0,380.0,380.0,0,38850,17.717223,19364.0,19750.0,19800,ATM+8,PUT,19400,2023-11-07
2023-11-07 12:58:00+05:30,380.0,383.3,380.0,383.3,550,38800,18.371582,19366.1,19750.0,19800,ATM+8,PUT,19400,2023-11-07
2023-11-07 12:59:00+05:30,383.3,383.3,383.3,383.3,0,38800,18.371582,19366.85,19750.0,19800,ATM+8,PUT,19400,2023-11-07
2023-11-07 13:00:00+05:30,383.3,383.3,383.3,383.3,0,38800,18.371582,19367.65,19750.0,19800,ATM+8,PUT,19400,2023-11-07
2023-11-07 13:01:00+05:30,383.3,383.3,383.3,383.3,0,38800,18.371582,19369.55,19750.0,19800,ATM+8,PUT,19400,2023-11-07
2023-11-07 13:02:00+05:30,383.3,383.3,383.3,383.3,0,38800,18.371582,19368.75,19750.0,19800,ATM+8,PUT,19400,2023-11-07
2023-11-07 13:03:00+05:30,383.3,383.3,383.3,383.3,0,38800,18.371582,19370.45,19750.0,19800,ATM+8,PUT,19400,2023-11-07
2023-11-07 13:04:00+05:30,383.3,383.3,379.75,379.8,300,38800,18.404514,19370.0,19750.0,19800,ATM+8,PUT,19400,2023-11-07
2023-11-07 13:05:00+05:30,379.8,382.3,379.8,382.3,100,38800,19.146101,19369.25,19750.0,19800,ATM+8,PUT,19400,2023-11-07
2023-11-07 13:06:00+05:30,382.3,382.7,382.3,382.7,50,38750,20.09095,19371.6,19750.0,19800,ATM+8,PUT,19400,2023-11-07
2023-11-07 13:07:00+05:30,382.7,382.7,382.7,382.7,0,38750,20.09095,19369.1,19750.0,19800,ATM+8,PUT,19400,2023-11-07
2023-11-07 13:08:00+05:30,382.7,385.0,382.7,384.6,700,38750,19.62403,19368.05,19750.0,19800,ATM+8,PUT,19400,2023-11-07
2023-11-07 13:09:00+05:30,384.6,384.6,384.6,384.6,0,38750,19.62403,19367.5,19750.0,19800,ATM+8,PUT,19400,2023-11-07
2023-11-07 13:10:00+05:30,384.6,384.6,384.45,384.45,50,38850,18.723217,19365.7,19750.0,19800,ATM+8,PUT,19400,2023-11-07
2023-11-07 13:11:00+05:30,384.45,384.45,384.45,384.45,0,38850,18.723217,19368.85,19750.0,19800,ATM+8,PUT,19400,2023-11-07
2023-11-07 13:12:00+05:30,384.45,384.45,384.45,384.45,0,38850,18.723217,19363.5,19750.0,19800,ATM+8,PUT,19400,2023-11-07
2023-11-07 13:13:00+05:30,384.45,384.45,384.45,384.45,0,38850,18.723217,19363.5,19750.0,19800,ATM+8,PUT,19400,2023-11-07
2023-11-07 13:14:00+05:30,384.45,384.45,384.45,384.45,0,38850,18.723217,19366.8,19750.0,19800,ATM+8,PUT,19400,2023-11-07
2023-11-07 13:15:00+05:30,384.45,384.45,384.45,384.45,0,38850,18.723217,19366.3,19750.0,19800,ATM+8,PUT,19400,2023-11-07
2023-11-07 13:16:00+05:30,384.45,384.45,384.45,384.45,0,38850,18.723217,19367.25,19750.0,19800,ATM+8,PUT,19400,2023-11-07
2023-11-07 13:17:00+05:30,384.45,384.45,384.45,384.45,0,38850,18.723217,19365.85,19750.0,19800,ATM+8,PUT,19400,2023-11-07
2023-11-07 13:18:00+05:30,384.45,384.45,384.45,384.45,0,38850,18.723217,19362.05,19750.0,19800,ATM+8,PUT,19400,2023-11-07
2023-11-07 13:19:00+05:30,384.45,391.65,384.45,391.65,50,38850,20.310717,19362.15,19750.0,19800,ATM+8,PUT,19400,2023-11-07
2023-11-07 13:20:00+05:30,391.65,391.65,391.65,391.65,0,38850,20.310717,19359.95,19750.0,19800,ATM+8,PUT,19400,2023-11-07
2023-11-07 13:21:00+05:30,391.65,399.4,391.65,395.1,200,38850,20.094489,19357.65,19750.0,19800,ATM+8,PUT,19400,2023-11-07
2023-11-07 13:22:00+05:30,395.1,395.1,395.1,395.1,0,38850,20.094489,19359.95,19750.0,19800,ATM+8,PUT,19400,2023-11-07
2023-11-07 13:23:00+05:30,395.1,395.1,389.65,389.65,50,38850,19.372054,19361.65,19750.0,19800,ATM+8,PUT,19400,2023-11-07
2023-11-07 13:24:00+05:30,389.65,389.65,389.3,389.3,50,38850,19.044645,19361.15,19750.0,19800,ATM+8,PUT,19400,2023-11-07
2023-11-07 13:25:00+05:30,389.3,389.3,389.3,389.3,0,38850,19.044645,19364.05,19750.0,19800,ATM+8,PUT,19400,2023-11-07
2023-11-07 13:26:00+05:30,389.3,389.3,382.85,382.85,100,38850,17.105148,19363.55,19750.0,19800,ATM+8,PUT,19400,2023-11-07
2023-11-07 13:27:00+05:30,382.85,382.85,382.85,382.85,0,38850,17.105148,19358.65,19750.0,19800,ATM+8,PUT,19400,2023-11-07
2023-11-07 13:28:00+05:30,382.85,382.85,382.85,382.85,0,38850,17.105148,19357.65,19750.0,19800,ATM+8,PUT,19400,2023-11-07
2023-11-07 13:29:00+05:30,382.85,382.85,382.85,382.85,0,38850,17.105148,19355.35,19750.0,19800,ATM+8,PUT,19400,2023-11-07
2023-11-07 13:30:00+05:30,382.85,382.85,382.85,382.85,0,38850,17.105148,19356.3,19750.0,19800,ATM+8,PUT,19400,2023-11-07
2023-11-07 13:31:00+05:30,382.85,390.9,382.85,390.9,100,38800,17.05064,19354.8,19750.0,19800,ATM+8,PUT,19400,2023-11-07
2023-11-07 13:32:00+05:30,390.9,390.9,388.0,388.0,350,38800,18.700156,19361.65,19750.0,19800,ATM+8,PUT,19400,2023-11-07
2023-11-07 13:33:00+05:30,388.0,388.0,377.4,377.4,50,38850,14.243339,19364.5,19750.0,19800,ATM+8,PUT,19400,2023-11-07
2023-11-07 13:34:00+05:30,377.4,377.4,373.35,373.35,100,38850,15.641909,19370.85,19750.0,19800,ATM+8,PUT,19400,2023-11-07
2023-11-07 13:35:00+05:30,373.35,376.65,372.25,376.0,550,38850,17.793686,19372.5,19750.0,19800,ATM+8,PUT,19400,2023-11-07
2023-11-07 13:36:00+05:30,376.0,376.0,374.25,374.25,450,38750,15.758459,19370.1,19750.0,19800,ATM+8,PUT,19400,2023-11-07
2023-11-07 13:37:00+05:30,374.25,374.25,374.25,374.25,0,38750,15.758459,19368.3,19750.0,19800,ATM+8,PUT,19400,2023-11-07
2023-11-07 13:38:00+05:30,374.25,374.25,374.25,374.25,0,38750,15.758459,19368.35,19750.0,19800,ATM+8,PUT,19400,2023-11-07
2023-11-07 13:39:00+05:30,374.25,374.25,374.25,374.25,0,38750,15.758459,19368.9,19750.0,19800,ATM+8,PUT,19400,2023-11-07
2023-11-07 13:40:00+05:30,374.25,374.25,372.5,372.5,100,38950,16.337735,19373.05,19750.0,19800,ATM+8,PUT,19400,2023-11-07
2023-11-07 13:41:00+05:30,372.5,372.5,372.5,372.5,50,38950,16.751619,19373.9,19750.0,19800,ATM+8,PUT,19400,2023-11-07
2023-11-07 13:42:00+05:30,372.5,372.5,371.8,371.8,100,38950,16.797705,19374.75,19750.0,19800,ATM+8,PUT,19400,2023-11-07
2023-11-07 13:43:00+05:30,371.8,371.8,371.8,371.8,0,38950,16.797705,19374.35,19750.0,19800,ATM+8,PUT,19400,2023-11-07
2023-11-07 13:44:00+05:30,371.8,371.8,371.8,371.8,0,38950,16.797705,19372.95,19750.0,19800,ATM+8,PUT,19400,2023-11-07
2023-11-07 13:45:00+05:30,371.8,371.8,371.8,371.8,0,38950,16.797705,19372.45,19750.0,19800,ATM+8,PUT,19400,2023-11-07
2023-11-07 13:46:00+05:30,371.8,371.8,371.8,371.8,0,38950,16.797705,19369.55,19750.0,19800,ATM+8,PUT,19400,2023-11-07
2023-11-07 13:47:00+05:30,371.8,371.8,371.8,371.8,0,38950,16.797705,19372.45,19750.0,19800,ATM+8,PUT,19400,2023-11-07
2023-11-07 13:48:00+05:30,371.8,371.8,371.8,371.8,0,38950,16.797705,19373.1,19750.0,19800,ATM+8,PUT,19400,2023-11-07
2023-11-07 13:49:00+05:30,371.8,371.8,366.95,366.95,400,38850,12.580906,19373.55,19750.0,19800,ATM+8,PUT,19400,2023-11-07
2023-11-07 13:50:00+05:30,420.95,420.95,413.5,414.1,350,285750,15.057244,19377.45,19800.0,19800,ATM+8,PUT,19400,2023-11-07
2023-11-07 13:51:00+05:30,414.1,414.1,411.7,412.25,300,285250,18.92002,19385.8,19800.0,19800,ATM+8,PUT,19400,2023-11-07
2023-11-07 13:52:00+05:30,412.25,412.25,402.85,404.5,300,285250,15.388759,19387.8,19800.0,19800,ATM+8,PUT,19400,2023-11-07
2023-11-07 13:53:00+05:30,404.5,406.9,404.5,406.9,100,285250,19.221543,19392.3,19800.0,19800,ATM+8,PUT,19400,2023-11-07
2023-11-07 13:54:00+05:30,406.9,406.9,404.85,404.85,50,285300,19.570737,19395.4,19800.0,19800,ATM+8,PUT,19400,2023-11-07
2023-11-07 13:55:00+05:30,404.85,404.85,397.2,397.2,700,285300,15.194694,19395.15,19800.0,19800,ATM+8,PUT,19400,2023-11-07
2023-11-07 13:56:00+05:30,397.2,397.2,390.0,392.4,2700,285300,15.079482,19400.0,19800.0,19800,ATM+8,PUT,19400,2023-11-07
2023-11-07 13:57:00+05:30,392.4,394.55,388.9,394.55,650,288050,14.314219,19396.85,19800.0,19800,ATM+8,PUT,19400,2023-11-07
2023-11-07 13:58:00+05:30,394.55,397.0,394.55,397.0,100,288050,16.547387,19397.4,19800.0,19800,ATM+8,PUT,19400,2023-11-07
2023-11-07 13:59:00+05:30,397.0,397.0,393.15,395.45,1050,288050,11.147633,19393.8,19800.0,19800,ATM+8,PUT,19400,2023-11-07
2023-11-07 14:00:00+05:30,395.45,398.0,395.45,398.0,100,288550,16.156716,19395.7,19800.0,19800,ATM+8,PUT,19400,2023-11-07
2023-11-07 14:01:00+05:30,398.0,398.0,391.75,392.15,100,288550,13.897397,19398.9,19800.0,19800,ATM+8,PUT,19400,2023-11-07
2023-11-07 14:02:00+05:30,392.15,392.15,391.95,391.95,50,288550,0.0,19396.4,19800.0,19800,ATM+8,PUT,19400,2023-11-07
2023-11-07 14:03:00+05:30,391.95,391.95,391.95,391.95,0,288550,0.0,19400.5,19800.0,19800,ATM+8,PUT,19400,2023-11-07
2023-11-07 14:04:00+05:30,391.95,391.95,377.45,377.45,650,288450,0.0,19405.25,19800.0,19800,ATM+8,PUT,19400,2023-11-07
2023-11-07 14:05:00+05:30,377.45,385.4,377.45,380.75,2900,288450,0.0,19405.9,19800.0,19800,ATM+8,PUT,19400,2023-11-07
2023-11-07 14:06:00+05:30,380.75,384.4,380.75,384.4,100,291050,10.458334,19404.75,19800.0,19800,ATM+8,PUT,19400,2023-11-07
2023-11-07 14:07:00+05:30,384.4,384.4,383.0,383.0,400,291050,0.0,19405.6,19800.0,19800,ATM+8,PUT,19400,2023-11-07
2023-11-07 14:08:00+05:30,383.0,390.1,383.0,390.1,150,291050,14.521391,19401.7,19800.0,19800,ATM+8,PUT,19400,2023-11-07
2023-11-07 14:09:00+05:30,390.1,395.0,390.1,395.0,2300,291150,15.418348,19397.75,19800.0,19800,ATM+8,PUT,19400,2023-11-07
2023-11-07 14:10:00+05:30,395.0,395.05,392.75,392.75,200,291150,10.970074,19396.5,19800.0,19800,ATM+8,PUT,19400,2023-11-07
2023-11-07 14:11:00+05:30,392.75,392.75,389.9,389.9,100,291150,0.0,19396.45,19800.0,19800,ATM+8,PUT,19400,2023-11-07
2023-11-07 14:12:00+05:30,389.9,389.9,387.0,387.0,100,289300,0.0,19400.8,19800.0,19800,ATM+8,PUT,19400,2023-11-07
2023-11-07 14:13:00+05:30,387.0,387.75,387.0,387.0,200,289300,0.0,19399.3,19800.0,19800,ATM+8,PUT,19400,2023-11-07
2023-11-07 14:14:00+05:30,387.0,388.0,387.0,388.0,50,289300,10.440341,19401.15,19800.0,19800,ATM+8,PUT,19400,2023-11-07
2023-11-07 14:15:00+05:30,388.0,388.3,388.0,388.3,50,289450,0.0,19400.45,19800.0,19800,ATM+8,PUT,19400,2023-11-07
2023-11-07 14:16:00+05:30,388.3,391.0,388.3,388.6,150,289450,14.203702,19402.9,19800.0,19800,ATM+8,PUT,19400,2023-11-07
2023-11-07 14:17:00+05:30,388.6,388.6,384.15,384.15,100,289450,0.0,19402.2,19800.0,19800,ATM+8,PUT,19400,2023-11-07
2023-11-07 14:18:00+05:30,384.15,386.55,384.15,386.55,250,289400,0.0,19398.6,19800.0,19800,ATM+8,PUT,19400,2023-11-07
2023-11-07 14:19:00+05:30,386.55,388.55,386.55,388.1,100,289400,0.0,19400.55,19800.0,19800,ATM+8,PUT,19400,2023-11-07
2023-11-07 14:20:00+05:30,388.1,388.1,379.5,386.4,3250,289400,0.0,19399.05,19800.0,19800,ATM+8,PUT,19400,2023-11-07
2023-11-07 14:21:00+05:30,386.4,386.4,385.1,385.1,100,291650,0.0,19400.05,19800.0,19800,ATM+8,PUT,19400,2023-11-07
2023-11-07 14:22:00+05:30,385.1,385.1,385.1,385.1,0,291650,0.0,19397.75,19800.0,19800,ATM+8,PUT,19400,2023-11-07
2023-11-07 14:23:00+05:30,385.1,392.6,385.1,392.6,750,291650,0.0,19393.75,19800.0,19800,ATM+8,PUT,19400,2023-11-07
2023-11-07 14:24:00+05:30,392.6,392.6,391.05,392.0,3900,291800,0.0,19390.0,19800.0,19800,ATM+8,PUT,19400,2023-11-07
2023-11-07 14:25:00+05:30,392.0,395.6,392.0,393.05,950,291800,0.0,19389.3,19800.0,19800,ATM+8,PUT,19400,2023-11-07
2023-11-07 14:26:00+05:30,393.05,393.05,390.0,390.0,200,291800,0.0,19392.0,19800.0,19800,ATM+8,PUT,19400,2023-11-07
2023-11-07 14:27:00+05:30,390.0,390.0,387.5,387.5,50,291450,0.0,19391.75,19800.0,19800,ATM+8,PUT,19400,2023-11-07
2023-11-07 14:28:00+05:30,387.5,394.7,387.5,394.7,2000,291450,0.0,19386.1,19800.0,19800,ATM+8,PUT,19400,2023-11-07
2023-11-07 14:29:00+05:30,394.7,394.7,392.95,394.05,200,291450,0.0,19388.45,19800.0,19800,ATM+8,PUT,19400,2023-11-07
2023-11-07 14:30:00+05:30,394.05,394.05,394.05,394.05,0,291450,0.0,19393.05,19800.0,19800,ATM+8,PUT,19400,2023-11-07
2023-11-07 14:31:00+05:30,394.05,394.05,389.0,389.5,200,289500,0.0,19395.0,19800.0,19800,ATM+8,PUT,19400,2023-11-07
2023-11-07 14:32:00+05:30,389.5,391.0,385.2,391.0,250,289500,0.0,19389.95,19800.0,19800,ATM+8,PUT,19400,2023-11-07
2023-11-07 14:33:00+05:30,391.0,392.4,389.9,389.9,100,289650,0.0,19391.4,19800.0,19800,ATM+8,PUT,19400,2023-11-07
2023-11-07 14:34:00+05:30,389.9,393.2,389.9,393.2,250,289650,0.0,19388.65,19800.0,19800,ATM+8,PUT,19400,2023-11-07
2023-11-07 14:35:00+05:30,393.2,393.2,390.9,390.9,50,289650,0.0,19391.25,19800.0,19800,ATM+8,PUT,19400,2023-11-07
2023-11-07 14:36:00+05:30,390.9,390.9,390.9,390.9,0,289650,0.0,19389.35,19800.0,19800,ATM+8,PUT,19400,2023-11-07
2023-11-07 14:37:00+05:30,390.9,393.1,390.9,393.0,100,289750,0.0,19387.2,19800.0,19800,ATM+8,PUT,19400,2023-11-07
2023-11-07 14:38:00+05:30,393.0,403.0,393.0,403.0,3050,289750,0.0,19380.9,19800.0,19800,ATM+8,PUT,19400,2023-11-07
2023-11-07 14:39:00+05:30,403.0,403.0,399.8,399.8,50,289750,0.0,19381.3,19800.0,19800,ATM+8,PUT,19400,2023-11-07
2023-11-07 14:40:00+05:30,399.8,399.8,398.5,398.5,50,286850,0.0,19384.3,19800.0,19800,ATM+8,PUT,19400,2023-11-07
2023-11-07 14:41:00+05:30,398.5,398.5,398.5,398.5,0,286850,0.0,19381.5,19800.0,19800,ATM+8,PUT,19400,2023-11-07
2023-11-07 14:42:00+05:30,398.5,401.8,398.5,401.8,100,286950,0.0,19381.85,19800.0,19800,ATM+8,PUT,19400,2023-11-07
2023-11-07 14:43:00+05:30,401.8,401.8,394.45,394.45,50,286950,0.0,19385.4,19800.0,19800,ATM+8,PUT,19400,2023-11-07
2023-11-07 14:44:00+05:30,394.45,394.45,394.45,394.45,0,286950,0.0,19382.95,19800.0,19800,ATM+8,PUT,19400,2023-11-07
2023-11-07 14:45:00+05:30,394.45,394.45,394.45,394.45,0,286950,0.0,19383.65,19800.0,19800,ATM+8,PUT,19400,2023-11-07
2023-11-07 14:46:00+05:30,394.45,394.45,394.45,394.45,0,286950,0.0,19387.45,19800.0,19800,ATM+8,PUT,19400,2023-11-07
2023-11-07 14:47:00+05:30,394.45,395.15,394.45,395.15,50,287000,0.0,19384.1,19800.0,19800,ATM+8,PUT,19400,2023-11-07
2023-11-07 14:48:00+05:30,395.15,397.0,393.55,393.55,250,286950,0.0,19388.35,19800.0,19800,ATM+8,PUT,19400,2023-11-07
2023-11-07 14:49:00+05:30,393.55,393.55,391.4,391.4,100,286950,0.0,19390.7,19800.0,19800,ATM+8,PUT,19400,2023-11-07
2023-11-07 14:50:00+05:30,391.4,391.4,390.1,390.1,50,286950,0.0,19391.25,19800.0,19800,ATM+8,PUT,19400,2023-11-07
2023-11-07 14:51:00+05:30,390.1,390.1,388.5,389.3,100,287150,0.0,19396.5,19800.0,19800,ATM+8,PUT,19400,2023-11-07
2023-11-07 14:52:00+05:30,389.3,389.3,385.45,386.85,550,287150,0.0,19400.05,19800.0,19800,ATM+8,PUT,19400,2023-11-07
2023-11-07 14:53:00+05:30,386.85,386.85,384.3,384.45,72650,287150,0.0,19399.35,19800.0,19800,ATM+8,PUT,19400,2023-11-07
2023-11-07 14:54:00+05:30,384.45,388.0,384.45,387.45,163350,219350,0.0,19395.6,19800.0,19800,ATM+8,PUT,19400,2023-11-07
2023-11-07 14:55:00+05:30,387.45,387.45,385.5,386.0,39350,219350,0.0,19397.6,19800.0,19800,ATM+8,PUT,19400,2023-11-07
2023-11-07 14:56:00+05:30,386.0,386.0,382.3,383.1,400,219350,0.0,19398.85,19800.0,19800,ATM+8,PUT,19400,2023-11-07
2023-11-07 14:57:00+05:30,383.1,384.85,380.7,380.7,2600,97850,0.0,19400.15,19800.0,19800,ATM+8,PUT,19400,2023-11-07
2023-11-07 14:58:00+05:30,380.7,380.7,380.7,380.7,0,97850,0.0,19401.15,19800.0,19800,ATM+8,PUT,19400,2023-11-07
2023-11-07 14:59:00+05:30,380.7,386.0,380.7,386.0,8150,97850,0.0,19399.05,19800.0,19800,ATM+8,PUT,19400,2023-11-07
2023-11-07 15:00:00+05:30,386.0,386.0,376.65,380.65,3000,94350,0.0,19405.95,19800.0,19800,ATM+8,PUT,19400,2023-11-07
2023-11-07 15:01:00+05:30,380.65,394.4,380.65,387.2,3950,94350,0.0,19401.25,19800.0,19800,ATM+8,PUT,19400,2023-11-07
2023-11-07 15:02:00+05:30,387.2,388.0,383.1,388.0,2650,94350,12.242638,19402.0,19800.0,19800,ATM+8,PUT,19400,2023-11-07
2023-11-07 15:03:00+05:30,388.0,388.0,384.6,384.6,400,91350,0.0,19403.8,19800.0,19800,ATM+8,PUT,19400,2023-11-07
2023-11-07 15:04:00+05:30,384.6,386.1,383.1,384.8,600,91350,11.760183,19405.0,19800.0,19800,ATM+8,PUT,19400,2023-11-07
2023-11-07 15:05:00+05:30,384.8,384.8,384.8,384.8,0,91350,11.760183,19409.35,19800.0,19800,ATM+8,PUT,19400,2023-11-07
2023-11-07 15:06:00+05:30,384.8,384.8,384.8,384.8,0,91350,11.760183,19409.85,19800.0,19800,ATM+8,PUT,19400,2023-11-07
2023-11-07 15:07:00+05:30,384.8,389.4,384.8,389.4,100,90950,14.957939,19403.0,19800.0,19800,ATM+8,PUT,19400,2023-11-07
2023-11-07 15:08:00+05:30,389.4,394.8,389.4,392.9,550,90950,15.109264,19399.55,19800.0,19800,ATM+8,PUT,19400,2023-11-07
2023-11-07 15:09:00+05:30,392.9,393.65,391.8,393.65,400,90800,14.29918,19397.85,19800.0,19800,ATM+8,PUT,19400,2023-11-07
2023-11-07 15:10:00+05:30,393.65,396.4,392.75,395.0,1450,90800,15.842374,19398.35,19800.0,19800,ATM+8,PUT,19400,2023-11-07
2023-11-07 15:11:00+05:30,395.0,395.4,395.0,395.4,300,90800,15.924423,19398.05,19800.0,19800,ATM+8,PUT,19400,2023-11-07
2023-11-07 15:12:00+05:30,395.4,396.0,395.4,396.0,50,90800,16.370395,19398.1,19800.0,19800,ATM+8,PUT,19400,2023-11-07
2023-11-07 15:13:00+05:30,396.0,402.1,396.0,400.85,450,90650,17.135032,19394.25,19800.0,19800,ATM+8,PUT,19400,2023-11-07
2023-11-07 15:14:00+05:30,400.85,400.85,396.0,396.0,100,90650,16.339707,19398.05,19800.0,19800,ATM+8,PUT,19400,2023-11-07
2023-11-07 15:15:00+05:30,396.0,397.1,388.3,388.3,2350,90500,0.0,19400.4,19800.0,19800,ATM+8,PUT,19400,2023-11-07
2023-11-07 15:16:00+05:30,388.3,390.05,388.25,388.25,1400,90500,13.425888,19402.6,19800.0,19800,ATM+8,PUT,19400,2023-11-07
2023-11-07 15:17:00+05:30,388.25,388.25,385.0,385.0,150,90500,14.566574,19407.1,19800.0,19800,ATM+8,PUT,19400,2023-11-07
2023-11-07 15:18:00+05:30,385.0,386.25,384.0,384.0,250,88300,15.305333,19409.1,19800.0,19800,ATM+8,PUT,19400,2023-11-07
2023-11-07 15:19:00+05:30,384.0,385.0,384.0,385.0,250,88300,17.323891,19411.5,19800.0,19800,ATM+8,PUT,19400,2023-11-07
2023-11-07 15:20:00+05:30,385.0,385.0,380.0,380.0,200,88300,15.066695,19412.95,19800.0,19800,ATM+8,PUT,19400,2023-11-07
2023-11-07 15:21:00+05:30,380.0,380.1,380.0,380.1,50,88150,16.924657,19415.95,19800.0,19800,ATM+8,PUT,19400,2023-11-07
2023-11-07 15:22:00+05:30,380.1,381.85,380.0,381.85,550,88150,17.503374,19415.25,19800.0,19800,ATM+8,PUT,19400,2023-11-07
2023-11-07 15:23:00+05:30,381.85,382.0,381.2,382.0,350,88150,18.290821,19416.85,19800.0,19800,ATM+8,PUT,19400,2023-11-07
2023-11-07 15:24:00+05:30,382.0,382.0,379.55,379.55,100,88150,17.515535,19417.75,19800.0,19800,ATM+8,PUT,19400,2023-11-07
2023-11-07 15:25:00+05:30,379.55,383.95,379.55,383.95,350,87500,19.172526,19416.9,19800.0,19800,ATM+8,PUT,19400,2023-11-07
2023-11-07 15:26:00+05:30,383.95,384.5,383.95,384.5,250,87500,20.035513,19418.65,19800.0,19800,ATM+8,PUT,19400,2023-11-07
2023-11-07 15:27:00+05:30,384.5,384.5,382.3,382.9,8200,86750,18.66277,19416.75,19800.0,19800,ATM+8,PUT,19400,2023-11-07
2023-11-07 15:28:00+05:30,382.95,385.3,382.95,385.2,5300,86750,17.537116,19411.7,19800.0,19800,ATM+8,PUT,19400,2023-11-07
2023-11-07 15:29:00+05:30,385.2,385.2,383.6,384.3,700,86750,19.439451,19417.2,19800.0,19800,ATM+8,PUT,19400,2023-11-07
2023-11-07 09:15:00+05:30,264.35,274.85,264.3,272.2,6000,31400,11.017712,19369.7,19650.0,19700,ATM+6,PUT,19400,2023-11-07
2023-11-07 09:16:00+05:30,272.2,280.65,272.2,278.6,3800,31400,0.0,19354.55,19650.0,19700,ATM+6,PUT,19400,2023-11-07
2023-11-07 09:17:00+05:30,278.6,281.8,273.95,273.95,2450,31950,0.0,19357.9,19650.0,19700,ATM+6,PUT,19400,2023-11-07
2023-11-07 09:18:00+05:30,273.95,276.2,272.85,272.85,1850,31950,0.0,19362.85,19650.0,19700,ATM+6,PUT,19400,2023-11-07
2023-11-07 09:19:00+05:30,273.75,273.75,271.0,271.0,3800,31950,0.0,19364.7,19650.0,19700,ATM+6,PUT,19400,2023-11-07
2023-11-07 09:20:00+05:30,271.0,271.0,260.95,261.2,7050,37700,0.0,19373.9,19650.0,19700,ATM+6,PUT,19400,2023-11-07
2023-11-07 09:21:00+05:30,261.2,269.8,258.6,267.3,2250,37700,5.9285,19370.6,19650.0,19700,ATM+6,PUT,19400,2023-11-07
2023-11-07 09:22:00+05:30,315.8,315.8,312.0,312.4,1100,144000,0.0,19375.3,19700.0,19700,ATM+6,PUT,19400,2023-11-07
2023-11-07 09:23:00+05:30,312.4,314.6,308.45,308.45,2050,143750,9.492132,19380.3,19700.0,19700,ATM+6,PUT,19400,2023-11-07
2023-11-07 09:24:00+05:30,308.45,308.45,306.6,307.0,2250,143750,9.914861,19382.1,19700.0,19700,ATM+6,PUT,19400,2023-11-07
2023-11-07 09:25:00+05:30,307.0,308.8,305.7,306.0,3600,143750,0.0,19381.35,19700.0,19700,ATM+6,PUT,19400,2023-11-07
2023-11-07 09:26:00+05:30,257.75,267.05,257.25,262.0,2700,39750,0.0,19374.4,19650.0,19700,ATM+6,PUT,19400,2023-11-07
2023-11-07 09:27:00+05:30,310.0,313.5,308.0,308.0,1800,143800,0.0,19375.9,19700.0,19700,ATM+6,PUT,19400,2023-11-07
2023-11-07 09:28:00+05:30,259.2,264.3,259.2,262.7,2550,39750,0.0,19373.15,19650.0,19700,ATM+6,PUT,19400,2023-11-07
2023-11-07 09:29:00+05:30,262.7,265.4,262.65,264.75,350,39100,0.0,19370.25,19650.0,19700,ATM+6,PUT,19400,2023-11-07
2023-11-07 09:30:00+05:30,264.75,270.65,260.65,268.7,2750,39100,0.0,19368.15,19650.0,19700,ATM+6,PUT,19400,2023-11-07
2023-11-07 09:31:00+05:30,268.7,268.7,264.45,264.45,5700,39100,0.0,19371.35,19650.0,19700,ATM+6,PUT,19400,2023-11-07
2023-11-07 09:32:00+05:30,264.45,264.45,262.45,263.0,1700,41250,0.0,19372.6,19650.0,19700,ATM+6,PUT,19400,2023-11-07
2023-11-07 09:33:00+05:30,263.0,265.45,262.0,262.0,3350,41250,0.0,19372.55,19650.0,19700,ATM+6,PUT,19400,2023-11-07
2023-11-07 09:34:00+05:30,262.0,268.0,262.0,267.6,1600,41250,0.0,19367.05,19650.0,19700,ATM+6,PUT,19400,2023-11-07
2023-11-07 09:35:00+05:30,267.1,270.85,267.1,268.0,3100,41200,0.0,19366.2,19650.0,19700,ATM+6,PUT,19400,2023-11-07
2023-11-07 09:36:00+05:30,268.0,268.7,265.0,265.0,1350,41200,0.0,19366.7,19650.0,19700,ATM+6,PUT,19400,2023-11-07
2023-11-07 09:37:00+05:30,265.0,265.3,261.45,264.35,4200,41200,0.0,19368.55,19650.0,19700,ATM+6,PUT,19400,2023-11-07
2023-11-07 09:38:00+05:30,264.35,267.0,263.65,266.6,3900,40750,0.0,19364.1,19650.0,19700,ATM+6,PUT,19400,2023-11-07
2023-11-07 09:39:00+05:30,266.6,271.15,266.4,268.45,8950,40750,0.0,19360.6,19650.0,19700,ATM+6,PUT,19400,2023-11-07
2023-11-07 09:40:00+05:30,268.45,270.1,267.3,267.3,1000,40750,0.0,19362.0,19650.0,19700,ATM+6,PUT,19400,2023-11-07
2023-11-07 09:41:00+05:30,267.3,267.3,261.95,263.85,8400,40950,0.0,19363.55,19650.0,19700,ATM+6,PUT,19400,2023-11-07
2023-11-07 09:42:00+05:30,263.85,265.0,263.85,265.0,100,40950,0.0,19363.0,19650.0,19700,ATM+6,PUT,19400,2023-11-07
2023-11-07 09:43:00+05:30,265.0,265.2,262.55,263.0,350,40950,0.0,19365.15,19650.0,19700,ATM+6,PUT,19400,2023-11-07
2023-11-07 09:44:00+05:30,263.0,263.0,261.9,261.9,700,41150,0.0,19366.5,19650.0,19700,ATM+6,PUT,19400,2023-11-07
2023-11-07 09:45:00+05:30,261.9,265.0,257.2,261.1,4300,41150,0.0,19366.45,19650.0,19700,ATM+6,PUT,19400,2023-11-07
2023-11-07 09:46:00+05:30,261.1,263.15,261.1,263.15,50,41150,0.0,19362.65,19650.0,19700,ATM+6,PUT,19400,2023-11-07
2023-11-07 09:47:00+05:30,263.15,269.0,263.15,269.0,3600,42800,0.0,19355.65,19650.0,19700,ATM+6,PUT,19400,2023-11-07
2023-11-07 09:48:00+05:30,269.0,270.0,265.0,265.9,3150,42800,0.0,19358.85,19650.0,19700,ATM+6,PUT,19400,2023-11-07
2023-11-07 09:49:00+05:30,265.9,266.95,264.8,264.8,600,42800,0.0,19363.6,19650.0,19700,ATM+6,PUT,19400,2023-11-07
2023-11-07 09:50:00+05:30,264.8,267.0,262.95,267.0,500,43900,0.0,19359.4,19650.0,19700,ATM+6,PUT,19400,2023-11-07
2023-11-07 09:51:00+05:30,267.0,268.0,261.7,261.7,3100,43900,0.0,19362.8,19650.0,19700,ATM+6,PUT,19400,2023-11-07
2023-11-07 09:52:00+05:30,261.7,264.4,261.7,264.4,400,43900,0.0,19363.6,19650.0,19700,ATM+6,PUT,19400,2023-11-07
2023-11-07 09:53:00+05:30,264.05,266.0,263.85,266.0,400,43400,0.0,19362.1,19650.0,19700,ATM+6,PUT,19400,2023-11-07
2023-11-07 09:54:00+05:30,266.0,266.95,262.1,262.4,1200,43400,0.0,19363.85,19650.0,19700,ATM+6,PUT,19400,2023-11-07
2023-11-07 09:55:00+05:30,262.4,263.3,251.4,257.3,10700,43400,0.0,19369.0,19650.0,19700,ATM+6,PUT,19400,2023-11-07
2023-11-07 09:56:00+05:30,257.3,266.65,257.3,263.4,10600,47650,0.0,19362.95,19650.0,19700,ATM+6,PUT,19400,2023-11-07
2023-11-07 09:57:00+05:30,263.4,265.25,263.4,265.0,850,47650,0.0,19361.45,19650.0,19700,ATM+6,PUT,19400,2023-11-07
2023-11-07 09:58:00+05:30,265.0,272.3,265.0,270.1,8400,47650,0.0,19356.1,19650.0,19700,ATM+6,PUT,19400,2023-11-07
2023-11-07 09:59:00+05:30,270.9,272.65,265.85,266.5,1850,47650,0.0,19358.05,19650.0,19700,ATM+6,PUT,19400,2023-11-07
2023-11-07 10:00:00+05:30,266.5,270.0,266.15,270.0,900,47650,0.0,19356.0,19650.0,19700,ATM+6,PUT,19400,2023-11-07
2023-11-07 10:01:00+05:30,270.0,270.0,265.7,266.0,1050,47650,0.0,19361.4,19650.0,19700,ATM+6,PUT,19400,2023-11-07
2023-11-07 10:02:00+05:30,266.0,269.75,264.55,269.75,1550,47650,0.0,19356.3,19650.0,19700,ATM+6,PUT,19400,2023-11-07
2023-11-07 10:03:00+05:30,270.25,275.1,269.6,272.8,4150,47650,0.0,19353.2,19650.0,19700,ATM+6,PUT,19400,2023-11-07
2023-11-07 10:04:00+05:30,272.8,277.25,272.8,275.0,5800,47650,0.0,19350.75,19650.0,19700,ATM+6,PUT,19400,2023-11-07
2023-11-07 10:05:00+05:30,275.0,277.5,274.05,274.05,4250,44750,0.0,19350.4,19650.0,19700,ATM+6,PUT,19400,2023-11-07
2023-11-07 10:06:00+05:30,274.05,277.05,274.05,274.05,1900,44750,0.0,19351.9,19650.0,19700,ATM+6,PUT,19400,2023-11-07
2023-11-07 10:07:00+05:30,274.05,274.05,274.05,274.05,1350,44750,0.0,19350.5,19650.0,19700,ATM+6,PUT,19400,2023-11-07
2023-11-07 10:08:00+05:30,274.05,274.9,269.4,269.4,4250,44250,0.0,19355.3,19650.0,19700,ATM+6,PUT,19400,2023-11-07
2023-11-07 10:09:00+05:30,269.4,272.2,269.0,269.75,1950,44250,0.0,19357.6,19650.0,19700,ATM+6,PUT,19400,2023-11-07
2023-11-07 10:10:00+05:30,269.75,269.75,268.0,268.8,1700,44250,0.0,19357.55,19650.0,19700,ATM+6,PUT,19400,2023-11-07
2023-11-07 10:11:00+05:30,268.8,270.2,267.9,267.9,1050,42350,0.0,19359.0,19650.0,19700,ATM+6,PUT,19400,2023-11-07
2023-11-07 10:12:00+05:30,267.9,267.9,265.65,267.1,3050,42350,0.0,19360.9,19650.0,19700,ATM+6,PUT,19400,2023-11-07
2023-11-07 10:13:00+05:30,267.1,267.1,261.0,263.1,1900,42350,0.0,19364.3,19650.0,19700,ATM+6,PUT,19400,2023-11-07
2023-11-07 10:14:00+05:30,260.6,263.5,260.6,261.4,650,41150,0.0,19366.2,19650.0,19700,ATM+6,PUT,19400,2023-11-07
2023-11-07 10:15:00+05:30,261.4,262.9,261.4,262.0,350,41150,0.0,19364.6,19650.0,19700,ATM+6,PUT,19400,2023-11-07
2023-11-07 10:16:00+05:30,262.0,262.0,261.3,261.45,300,41150,0.0,19365.45,19650.0,19700,ATM+6,PUT,19400,2023-11-07
2023-11-07 10:17:00+05:30,261.45,265.2,261.45,265.15,300,40650,0.0,19362.75,19650.0,19700,ATM+6,PUT,19400,2023-11-07
2023-11-07 10:18:00+05:30,265.15,265.15,263.5,263.5,350,40650,0.0,19363.95,19650.0,19700,ATM+6,PUT,19400,2023-11-07
2023-11-07 10:19:00+05:30,263.5,263.5,255.0,255.0,2550,40650,0.0,19369.55,19650.0,19700,ATM+6,PUT,19400,2023-11-07
2023-11-07 10:20:00+05:30,255.0,256.05,245.05,245.05,4850,41750,0.0,19373.05,19650.0,19700,ATM+6,PUT,19400,2023-11-07
2023-11-07 10:21:00+05:30,245.6,253.25,244.65,253.25,4950,41750,0.0,19372.65,19650.0,19700,ATM+6,PUT,19400,2023-11-07
2023-11-07 10:22:00+05:30,253.25,254.3,253.05,254.3,500,41750,0.0,19371.5,19650.0,19700,ATM+6,PUT,19400,2023-11-07
2023-11-07 10:23:00+05:30,254.3,258.45,254.3,258.45,5350,44150,0.0,19365.1,19650.0,19700,ATM+6,PUT,19400,2023-11-07
2023-11-07 10:24:00+05:30,258.45,259.9,256.6,256.6,2350,44150,0.0,19365.9,19650.0,19700,ATM+6,PUT,19400,2023-11-07
2023-11-07 10:25:00+05:30,256.6,256.6,256.6,256.6,200,44150,0.0,19371.7,19650.0,19700,ATM+6,PUT,19400,2023-11-07
2023-11-07 10:26:00+05:30,252.0,252.9,251.0,252.55,2700,43150,0.0,19372.5,19650.0,19700,ATM+6,PUT,19400,2023-11-07
2023-11-07 10:27:00+05:30,252.55,253.5,251.0,253.5,1250,43150,0.0,19369.25,19650.0,19700,ATM+6,PUT,19400,2023-11-07
2023-11-07 10:28:00+05:30,253.5,253.5,252.1,252.1,100,43150,0.0,19370.25,19650.0,19700,ATM+6,PUT,19400,2023-11-07
2023-11-07 10:29:00+05:30,252.1,252.1,251.0,251.0,200,43600,0.0,19370.65,19650.0,19700,ATM+6,PUT,19400,2023-11-07
2023-11-07 10:30:00+05:30,251.0,251.7,248.55,250.8,1050,43600,0.0,19373.6,19650.0,19700,ATM+6,PUT,19400,2023-11-07
2023-11-07 10:31:00+05:30,299.3,299.3,294.6,294.6,1250,164600,0.0,19376.55,19700.0,19700,ATM+6,PUT,19400,2023-11-07
2023-11-07 10:32:00+05:30,294.6,296.25,294.6,296.25,650,165900,0.0,19375.8,19700.0,19700,ATM+6,PUT,19400,2023-11-07
2023-11-07 10:33:00+05:30,247.95,249.7,247.95,249.7,400,42650,0.0,19374.35,19650.0,19700,ATM+6,PUT,19400,2023-11-07
2023-11-07 10:34:00+05:30,297.45,297.45,294.9,294.9,150,165900,0.0,19375.5,19700.0,19700,ATM+6,PUT,19400,2023-11-07
2023-11-07 10:35:00+05:30,294.9,296.8,284.5,285.75,5500,174200,0.0,19384.6,19700.0,19700,ATM+6,PUT,19400,2023-11-07
2023-11-07 10:36:00+05:30,285.75,293.7,285.75,289.35,7900,174200,0.0,19379.95,19700.0,19700,ATM+6,PUT,19400,2023-11-07
2023-11-07 10:37:00+05:30,289.35,290.6,288.9,289.4,2500,174200,0.0,19381.45,19700.0,19700,ATM+6,PUT,19400,2023-11-07
2023-11-07 10:38:00+05:30,289.4,290.1,289.4,290.0,650,175650,0.0,19381.15,19700.0,19700,ATM+6,PUT,19400,2023-11-07
2023-11-07 10:39:00+05:30,290.0,290.0,283.2,284.9,7350,175650,0.0,19385.3,19700.0,19700,ATM+6,PUT,19400,2023-11-07
2023-11-07 10:40:00+05:30,284.9,286.05,281.3,281.3,2600,175650,0.0,19387.55,19700.0,19700,ATM+6,PUT,19400,2023-11-07
2023-11-07 10:41:00+05:30,281.3,283.4,279.5,283.4,5200,175750,0.0,19390.45,19700.0,19700,ATM+6,PUT,19400,2023-11-07
2023-11-07 10:42:00+05:30,283.4,287.7,283.0,287.2,4150,175750,0.0,19388.35,19700.0,19700,ATM+6,PUT,19400,2023-11-07
2023-11-07 10:43:00+05:30,287.2,287.6,286.55,286.55,250,175750,0.0,19387.55,19700.0,19700,ATM+6,PUT,19400,2023-11-07
2023-11-07 10:44:00+05:30,286.55,286.55,283.35,283.35,2050,177950,0.0,19393.05,19700.0,19700,ATM+6,PUT,19400,2023-11-07
2023-11-07 10:45:00+05:30,283.35,284.0,279.0,284.0,14750,177950,0.0,19392.95,19700.0,19700,ATM+6,PUT,19400,2023-11-07
2023-11-07 10:46:00+05:30,284.0,289.0,284.0,287.2,1600,177950,0.0,19390.3,19700.0,19700,ATM+6,PUT,19400,2023-11-07
2023-11-07 10:47:00+05:30,287.2,290.4,287.2,288.0,1750,183050,0.0,19389.55,19700.0,19700,ATM+6,PUT,19400,2023-11-07
2023-11-07 10:48:00+05:30,288.9,289.15,286.7,286.7,1700,183050,0.0,19390.0,19700.0,19700,ATM+6,PUT,19400,2023-11-07
2023-11-07 10:49:00+05:30,286.7,287.3,284.5,287.3,1400,183050,0.0,19391.4,19700.0,19700,ATM+6,PUT,19400,2023-11-07
2023-11-07 10:50:00+05:30,286.95,289.0,286.7,287.6,750,184400,0.0,19391.6,19700.0,19700,ATM+6,PUT,19400,2023-11-07
2023-11-07 10:51:00+05:30,287.6,294.6,287.6,293.75,6100,184400,0.0,19387.4,19700.0,19700,ATM+6,PUT,19400,2023-11-07
2023-11-07 10:52:00+05:30,293.75,301.95,293.35,301.95,11100,184400,0.0,19382.05,19700.0,19700,ATM+6,PUT,19400,2023-11-07
2023-11-07 10:53:00+05:30,301.95,301.95,296.55,297.2,1150,177050,0.0,19385.55,19700.0,19700,ATM+6,PUT,19400,2023-11-07
2023-11-07 10:54:00+05:30,297.2,300.25,296.0,300.25,950,177050,0.0,19385.0,19700.0,19700,ATM+6,PUT,19400,2023-11-07
2023-11-07 10:55:00+05:30,300.25,301.2,297.2,300.8,4450,177050,0.0,19384.75,19700.0,19700,ATM+6,PUT,19400,2023-11-07
2023-11-07 10:56:00+05:30,300.8,300.8,299.0,300.35,150,178100,0.0,19384.95,19700.0,19700,ATM+6,PUT,19400,2023-11-07
2023-11-07 10:57:00+05:30,300.35,305.1,300.35,301.9,4650,178100,0.0,19382.65,19700.0,19700,ATM+6,PUT,19400,2023-11-07
2023-11-07 10:58:00+05:30,301.9,301.9,299.0,299.25,1200,178100,0.0,19385.0,19700.0,19700,ATM+6,PUT,19400,2023-11-07
2023-11-07 10:59:00+05:30,299.25,304.05,299.25,304.05,3150,177900,0.0,19381.05,19700.0,19700,ATM+6,PUT,19400,2023-11-07
2023-11-07 11:00:00+05:30,304.05,304.05,300.3,300.3,300,177900,0.0,19382.5,19700.0,19700,ATM+6,PUT,19400,2023-11-07
2023-11-07 11:01:00+05:30,300.3,301.9,297.5,301.9,1150,177900,0.0,19384.3,19700.0,19700,ATM+6,PUT,19400,2023-11-07
2023-11-07 11:02:00+05:30,301.9,302.05,300.0,300.15,2300,178200,0.0,19386.85,19700.0,19700,ATM+6,PUT,19400,2023-11-07
2023-11-07 11:03:00+05:30,300.15,300.55,299.35,300.35,200,178200,0.0,19387.25,19700.0,19700,ATM+6,PUT,19400,2023-11-07
2023-11-07 11:04:00+05:30,300.35,300.35,297.35,298.7,750,178200,0.0,19386.8,19700.0,19700,ATM+6,PUT,19400,2023-11-07
2023-11-07 11:05:00+05:30,298.7,298.7,298.4,298.6,800,178450,0.0,19386.15,19700.0,19700,ATM+6,PUT,19400,2023-11-07
2023-11-07 11:06:00+05:30,298.6,298.6,294.75,295.0,2250,178450,0.0,19387.9,19700.0,19700,ATM+6,PUT,19400,2023-11-07
2023-11-07 11:07:00+05:30,295.0,295.0,293.0,294.1,600,178450,0.0,19389.3,19700.0,19700,ATM+6,PUT,19400,2023-11-07
2023-11-07 11:08:00+05:30,293.5,293.75,292.65,292.95,2750,177800,0.0,19390.1,19700.0,19700,ATM+6,PUT,19400,2023-11-07
2023-11-07 11:09:00+05:30,292.95,292.95,288.8,289.5,6500,177800,0.0,19393.95,19700.0,19700,ATM+6,PUT,19400,2023-11-07
2023-11-07 11:10:00+05:30,290.0,290.0,286.7,287.05,3100,177800,0.0,19395.25,19700.0,19700,ATM+6,PUT,19400,2023-11-07
2023-11-07 11:11:00+05:30,287.05,291.35,286.9,289.7,4450,183300,0.0,19396.45,19700.0,19700,ATM+6,PUT,19400,2023-11-07
2023-11-07 11:12:00+05:30,289.7,291.0,288.25,291.0,850,183300,0.0,19394.2,19700.0,19700,ATM+6,PUT,19400,2023-11-07
2023-11-07 11:13:00+05:30,291.0,292.8,289.85,289.85,700,183300,0.0,19391.45,19700.0,19700,ATM+6,PUT,19400,2023-11-07
2023-11-07 11:14:00+05:30,289.85,291.7,289.5,291.7,1400,186100,0.0,19392.85,19700.0,19700,ATM+6,PUT,19400,2023-11-07
2023-11-07 11:15:00+05:30,291.7,295.0,291.7,295.0,6950,186100,0.0,19389.45,19700.0,19700,ATM+6,PUT,19400,2023-11-07
2023-11-07 11:16:00+05:30,295.6,296.05,294.55,294.55,3050,186100,0.0,19390.75,19700.0,19700,ATM+6,PUT,19400,2023-11-07
2023-11-07 11:17:00+05:30,293.5,295.0,292.7,292.7,500,180300,0.0,19393.85,19700.0,19700,ATM+6,PUT,19400,2023-11-07
2023-11-07 11:18:00+05:30,292.7,292.7,287.8,289.65,500,180300,0.0,19398.0,19700.0,19700,ATM+6,PUT,19400,2023-11-07
2023-11-07 11:19:00+05:30,289.65,289.65,289.2,289.2,2750,180300,0.0,19396.5,19700.0,19700,ATM+6,PUT,19400,2023-11-07
2023-11-07 11:20:00+05:30,289.2,290.55,289.1,289.1,500,179800,0.0,19396.2,19700.0,19700,ATM+6,PUT,19400,2023-11-07
2023-11-07 11:21:00+05:30,289.1,289.9,288.0,288.0,450,179800,0.0,19396.3,19700.0,19700,ATM+6,PUT,19400,2023-11-07
2023-11-07 11:22:00+05:30,288.0,288.0,288.0,288.0,0,179800,0.0,19394.0,19700.0,19700,ATM+6,PUT,19400,2023-11-07
2023-11-07 11:23:00+05:30,288.0,288.0,288.0,288.0,0,179800,0.0,19391.25,19700.0,19700,ATM+6,PUT,19400,2023-11-07
2023-11-07 11:24:00+05:30,288.0,294.2,288.0,294.2,200,179550,0.0,19390.65,19700.0,19700,ATM+6,PUT,19400,2023-11-07
2023-11-07 11:25:00+05:30,294.2,295.2,291.15,295.2,500,179550,0.0,19391.05,19700.0,19700,ATM+6,PUT,19400,2023-11-07
2023-11-07 11:26:00+05:30,295.2,295.3,293.3,295.2,1650,179500,0.0,19388.35,19700.0,19700,ATM+6,PUT,19400,2023-11-07
2023-11-07 11:27:00+05:30,295.5,296.05,293.8,293.8,750,179500,0.0,19391.9,19700.0,19700,ATM+6,PUT,19400,2023-11-07
2023-11-07 11:28:00+05:30,293.8,294.65,292.5,294.65,450,179500,0.0,19389.7,19700.0,19700,ATM+6,PUT,19400,2023-11-07
2023-11-07 11:29:00+05:30,294.65,295.0,294.65,295.0,100,179500,0.0,19389.85,19700.0,19700,ATM+6,PUT,19400,2023-11-07
2023-11-07 11:30:00+05:30,295.0,299.45,295.0,299.15,400,179000,0.0,19388.6,19700.0,19700,ATM+6,PUT,19400,2023-11-07
2023-11-07 11:31:00+05:30,299.15,301.85,299.15,300.0,2850,179000,0.0,19386.9,19700.0,19700,ATM+6,PUT,19400,2023-11-07
2023-11-07 11:32:00+05:30,300.0,302.0,299.6,299.6,1050,178400,10.048293,19390.1,19700.0,19700,ATM+6,PUT,19400,2023-11-07
2023-11-07 11:33:00+05:30,299.6,300.15,299.0,300.0,2150,178400,0.0,19387.15,19700.0,19700,ATM+6,PUT,19400,2023-11-07
2023-11-07 11:34:00+05:30,300.0,300.75,299.9,299.9,950,178400,0.0,19388.05,19700.0,19700,ATM+6,PUT,19400,2023-11-07
2023-11-07 11:35:00+05:30,299.9,300.7,296.5,297.0,600,178400,10.614933,19393.35,19700.0,19700,ATM+6,PUT,19400,2023-11-07
2023-11-07 11:36:00+05:30,297.0,297.0,293.35,293.35,3050,178500,8.349949,19395.4,19700.0,19700,ATM+6,PUT,19400,2023-11-07
2023-11-07 11:37:00+05:30,293.35,295.55,293.35,294.3,450,178500,6.035855,19394.05,19700.0,19700,ATM+6,PUT,19400,2023-11-07
2023-11-07 11:38:00+05:30,294.3,297.0,294.0,297.0,1150,178500,10.654271,19393.4,19700.0,19700,ATM+6,PUT,19400,2023-11-07
2023-11-07 11:39:00+05:30,297.0,300.2,297.0,300.2,1050,179350,10.704213,19390.15,19700.0,19700,ATM+6,PUT,19400,2023-11-07
2023-11-07 11:40:00+05:30,300.2,320.55,300.05,314.8,17900,179350,11.951239,19376.55,19700.0,19700,ATM+6,PUT,19400,2023-11-07
2023-11-07 11:41:00+05:30,267.05,282.75,267.05,277.0,14500,53300,11.546224,19365.65,19650.0,19700,ATM+6,PUT,19400,2023-11-07
2023-11-07 11:42:00+05:30,277.0,283.4,277.0,281.6,4350,53300,10.661292,19359.4,19650.0,19700,ATM+6,PUT,19400,2023-11-07
2023-11-07 11:43:00+05:30,281.6,281.6,280.0,280.1,2100,53300,0.0,19355.0,19650.0,19700,ATM+6,PUT,19400,2023-11-07
2023-11-07 11:44:00+05:30,280.1,283.0,279.55,283.0,4300,52750,0.0,19354.7,19650.0,19700,ATM+6,PUT,19400,2023-11-07
2023-11-07 11:45:00+05:30,285.0,305.0,285.0,302.1,10550,52750,12.177982,19340.2,19650.0,19700,ATM+6,PUT,19400,2023-11-07
2023-11-07 11:46:00+05:30,302.1,309.75,297.15,300.6,3850,52750,14.061643,19345.7,19650.0,19700,ATM+6,PUT,19400,2023-11-07
2023-11-07 11:47:00+05:30,300.6,301.0,297.45,297.45,500,52750,12.423783,19345.55,19650.0,19700,ATM+6,PUT,19400,2023-11-07
2023-11-07 11:48:00+05:30,297.45,305.25,297.45,302.55,3550,51100,13.329967,19341.9,19650.0,19700,ATM+6,PUT,19400,2023-11-07
2023-11-07 11:49:00+05:30,302.55,311.25,302.55,309.05,3350,51100,14.247912,19336.95,19650.0,19700,ATM+6,PUT,19400,2023-11-07
2023-11-07 11:50:00+05:30,309.05,309.7,305.5,305.5,2200,50250,14.522031,19341.5,19650.0,19700,ATM+6,PUT,19400,2023-11-07
2023-11-07 11:51:00+05:30,305.5,307.0,302.1,302.1,900,50250,13.997471,19343.9,19650.0,19700,ATM+6,PUT,19400,2023-11-07
2023-11-07 11:52:00+05:30,301.25,304.5,299.8,304.5,3150,50250,13.585334,19340.35,19650.0,19700,ATM+6,PUT,19400,2023-11-07
2023-11-07 11:53:00+05:30,304.5,307.5,304.5,307.5,750,48350,14.003356,19338.05,19650.0,19700,ATM+6,PUT,19400,2023-11-07
2023-11-07 11:54:00+05:30,307.5,315.85,307.5,314.1,4000,48350,14.016933,19330.95,19650.0,19700,ATM+6,PUT,19400,2023-11-07
2023-11-07 11:55:00+05:30,314.1,314.1,304.1,305.3,1250,48350,15.023943,19343.05,19650.0,19700,ATM+6,PUT,19400,2023-11-07
2023-11-07 11:56:00+05:30,307.0,307.55,305.9,307.55,2300,47350,15.270927,19341.25,19650.0,19700,ATM+6,PUT,19400,2023-11-07
2023-11-07 11:57:00+05:30,307.55,307.55,305.1,306.75,1100,47350,15.39837,19342.5,19650.0,19700,ATM+6,PUT,19400,2023-11-07
2023-11-07 11:58:00+05:30,306.75,307.6,306.2,306.2,600,47350,14.952182,19341.85,19650.0,19700,ATM+6,PUT,19400,2023-11-07
2023-11-07 11:59:00+05:30,306.2,306.2,302.0,302.0,350,46400,14.361513,19344.9,19650.0,19700,ATM+6,PUT,19400,2023-11-07
2023-11-07 12:00:00+05:30,302.0,304.85,302.0,304.85,150,46400,13.934239,19340.75,19650.0,19700,ATM+6,PUT,19400,2023-11-07
2023-11-07 12:01:00+05:30,304.85,305.9,304.4,305.9,400,46400,14.24618,19340.35,19650.0,19700,ATM+6,PUT,19400,2023-11-07
2023-11-07 12:02:00+05:30,305.9,307.5,304.6,307.5,500,46400,13.508713,19336.95,19650.0,19700,ATM+6,PUT,19400,2023-11-07
2023-11-07 12:03:00+05:30,307.5,308.3,304.0,304.0,300,46200,13.990942,19341.8,19650.0,19700,ATM+6,PUT,19400,2023-11-07
2023-11-07 12:04:00+05:30,304.0,304.0,304.0,304.0,0,46200,13.990942,19339.9,19650.0,19700,ATM+6,PUT,19400,2023-11-07
2023-11-07 12:05:00+05:30,304.0,305.05,300.3,300.3,250,46200,13.327961,19344.3,19650.0,19700,ATM+6,PUT,19400,2023-11-07
2023-11-07 12:06:00+05:30,296.4,301.8,296.4,301.8,500,46200,14.360155,19345.1,19650.0,19700,ATM+6,PUT,19400,2023-11-07
2023-11-07 12:07:00+05:30,301.8,301.8,294.4,295.0,300,46200,13.688323,19350.85,19650.0,19700,ATM+6,PUT,19400,2023-11-07
2023-11-07 12:08:00+05:30,295.0,298.4,295.0,298.4,150,46200,14.667747,19349.65,19650.0,19700,ATM+6,PUT,19400,2023-11-07
2023-11-07 12:09:00+05:30,298.4,301.3,298.4,301.1,100,45950,15.942947,19350.45,19650.0,19700,ATM+6,PUT,19400,2023-11-07
2023-11-07 12:10:00+05:30,301.1,302.5,301.1,302.5,800,45950,15.890847,19348.7,19650.0,19700,ATM+6,PUT,19400,2023-11-07
2023-11-07 12:11:00+05:30,302.5,302.5,299.6,299.6,250,45950,15.505922,19350.75,19650.0,19700,ATM+6,PUT,19400,2023-11-07
2023-11-07 12:12:00+05:30,299.6,299.6,299.6,299.6,0,45950,15.505922,19352.05,19650.0,19700,ATM+6,PUT,19400,2023-11-07
2023-11-07 12:13:00+05:30,299.6,300.45,299.6,300.45,500,45450,15.377322,19349.4,19650.0,19700,ATM+6,PUT,19400,2023-11-07
2023-11-07 12:14:00+05:30,300.45,300.45,298.05,298.2,250,45450,15.551452,19352.45,19650.0,19700,ATM+6,PUT,19400,2023-11-07
2023-11-07 12:15:00+05:30,298.2,300.3,297.2,297.2,200,45250,15.269538,19352.7,19650.0,19700,ATM+6,PUT,19400,2023-11-07
2023-11-07 12:16:00+05:30,297.2,298.0,297.2,298.0,50,45250,15.641667,19352.95,19650.0,19700,ATM+6,PUT,19400,2023-11-07
2023-11-07 12:17:00+05:30,298.0,298.0,298.0,298.0,0,45250,15.641667,19352.35,19650.0,19700,ATM+6,PUT,19400,2023-11-07
2023-11-07 12:18:00+05:30,298.0,299.9,295.8,295.8,550,45300,15.413849,19354.7,19650.0,19700,ATM+6,PUT,19400,2023-11-07
2023-11-07 12:19:00+05:30,295.8,295.8,288.9,289.3,2550,45300,14.474898,19359.15,19650.0,19700,ATM+6,PUT,19400,2023-11-07
2023-11-07 12:20:00+05:30,289.3,290.2,286.4,290.0,3750,45300,14.845051,19359.45,19650.0,19700,ATM+6,PUT,19400,2023-11-07
2023-11-07 12:21:00+05:30,290.0,293.8,290.0,293.8,1800,44100,15.528541,19357.3,19650.0,19700,ATM+6,PUT,19400,2023-11-07
2023-11-07 12:22:00+05:30,293.8,296.1,293.8,296.1,300,44100,15.350024,19354.15,19650.0,19700,ATM+6,PUT,19400,2023-11-07
2023-11-07 12:23:00+05:30,296.1,296.1,295.6,295.6,350,44100,15.032783,19353.75,19650.0,19700,ATM+6,PUT,19400,2023-11-07
2023-11-07 12:24:00+05:30,295.35,295.35,295.35,295.35,100,43050,15.531462,19355.55,19650.0,19700,ATM+6,PUT,19400,2023-11-07
2023-11-07 12:25:00+05:30,295.35,295.35,293.55,293.55,300,43050,15.10604,19356.25,19650.0,19700,ATM+6,PUT,19400,2023-11-07
2023-11-07 12:26:00+05:30,293.55,295.65,293.55,295.65,200,43050,15.99182,19356.7,19650.0,19700,ATM+6,PUT,19400,2023-11-07
2023-11-07 12:27:00+05:30,295.65,298.0,295.65,296.95,650,43200,15.894759,19354.9,19650.0,19700,ATM+6,PUT,19400,2023-11-07
2023-11-07 12:28:00+05:30,296.95,296.95,296.95,296.95,0,43200,15.894759,19353.85,19650.0,19700,ATM+6,PUT,19400,2023-11-07
2023-11-07 12:29:00+05:30,296.95,299.0,296.95,297.1,1950,43200,15.479615,19353.4,19650.0,19700,ATM+6,PUT,19400,2023-11-07
2023-11-07 12:30:00+05:30,297.1,299.7,297.1,297.4,1300,43650,15.508937,19353.15,19650.0,19700,ATM+6,PUT,19400,2023-11-07
2023-11-07 12:31:00+05:30,297.4,299.3,297.4,299.3,50,43650,15.569119,19351.2,19650.0,19700,ATM+6,PUT,19400,2023-11-07
2023-11-07 12:32:00+05:30,299.3,299.3,291.15,291.25,1000,43300,14.105383,19355.95,19650.0,19700,ATM+6,PUT,19400,2023-11-07
2023-11-07 12:33:00+05:30,291.25,291.5,289.65,291.0,300,43300,14.590094,19357.55,19650.0,19700,ATM+6,PUT,19400,2023-11-07
2023-11-07 12:34:00+05:30,291.0,291.0,278.55,278.55,4550,43300,12.142779,19365.15,19650.0,19700,ATM+6,PUT,19400,2023-11-07
2023-11-07 12:35:00+05:30,276.35,280.55,276.05,279.0,2100,43300,13.222672,19367.1,19650.0,19700,ATM+6,PUT,19400,2023-11-07
2023-11-07 12:36:00+05:30,279.0,284.8,279.0,284.8,2000,40350,14.371844,19363.8,19650.0,19700,ATM+6,PUT,19400,2023-11-07
2023-11-07 12:37:00+05:30,284.75,284.75,280.0,280.3,550,40350,14.077278,19367.95,19650.0,19700,ATM+6,PUT,19400,2023-11-07
2023-11-07 12:38:00+05:30,280.3,281.5,280.3,281.2,300,40350,14.354384,19367.75,19650.0,19700,ATM+6,PUT,19400,2023-11-07
2023-11-07 12:39:00+05:30,281.2,283.45,281.2,282.65,100,41000,14.204824,19365.7,19650.0,19700,ATM+6,PUT,19400,2023-11-07
2023-11-07 12:40:00+05:30,282.65,286.75,282.65,284.05,3100,41000,14.467436,19364.9,19650.0,19700,ATM+6,PUT,19400,2023-11-07
2023-11-07 12:41:00+05:30,284.05,290.05,284.05,284.5,1650,42100,14.979584,19365.95,19650.0,19700,ATM+6,PUT,19400,2023-11-07
2023-11-07 12:42:00+05:30,284.5,288.5,284.5,288.5,450,42100,15.929756,19364.55,19650.0,19700,ATM+6,PUT,19400,2023-11-07
2023-11-07 12:43:00+05:30,288.5,289.35,288.5,289.35,100,42100,16.124012,19364.25,19650.0,19700,ATM+6,PUT,19400,2023-11-07
2023-11-07 12:44:00+05:30,289.35,289.35,289.35,289.35,0,42100,16.124012,19363.45,19650.0,19700,ATM+6,PUT,19400,2023-11-07
2023-11-07 12:45:00+05:30,289.35,289.35,285.7,285.7,350,42200,15.252307,19365.45,19650.0,19700,ATM+6,PUT,19400,2023-11-07
2023-11-07 12:46:00+05:30,285.7,288.1,285.7,288.1,250,42200,16.119428,19365.65,19650.0,19700,ATM+6,PUT,19400,2023-11-07
2023-11-07 12:47:00+05:30,288.1,288.1,283.95,283.95,700,42200,15.67779,19368.85,19650.0,19700,ATM+6,PUT,19400,2023-11-07
2023-11-07 12:48:00+05:30,283.95,283.95,282.0,283.0,350,41700,16.158755,19371.65,19650.0,19700,ATM+6,PUT,19400,2023-11-07
2023-11-07 12:49:00+05:30,283.0,283.0,280.5,281.65,750,41700,15.785668,19371.85,19650.0,19700,ATM+6,PUT,19400,2023-11-07
2023-11-07 12:50:00+05:30,281.65,281.95,281.65,281.95,50,41700,14.841626,19368.35,19650.0,19700,ATM+6,PUT,19400,2023-11-07
2023-11-07 12:51:00+05:30,281.95,284.6,281.0,282.1,200,41450,15.343045,19369.8,19650.0,19700,ATM+6,PUT,19400,2023-11-07
2023-11-07 12:52:00+05:30,282.1,282.1,278.95,281.05,200,41450,15.181355,19370.45,19650.0,19700,ATM+6,PUT,19400,2023-11-07
2023-11-07 12:53:00+05:30,281.05,283.9,281.05,283.9,100,41450,15.449076,19368.1,19650.0,19700,ATM+6,PUT,19400,2023-11-07
2023-11-07 12:54:00+05:30,284.05,289.6,284.05,289.25,1500,41650,16.16576,19364.45,19650.0,19700,ATM+6,PUT,19400,2023-11-07
2023-11-07 12:55:00+05:30,289.25,289.25,287.55,287.7,450,41650,14.912964,19362.1,19650.0,19700,ATM+6,PUT,19400,2023-11-07
2023-11-07 12:56:00+05:30,287.7,291.9,287.7,290.4,550,42050,15.912156,19362.25,19650.0,19700,ATM+6,PUT,19400,2023-11-07
2023-11-07 12:57:00+05:30,290.4,290.4,286.15,286.15,650,42050,14.968893,19364.0,19650.0,19700,ATM+6,PUT,19400,2023-11-07
2023-11-07 12:58:00+05:30,286.15,286.8,284.55,284.55,200,42050,15.066842,19366.1,19650.0,19700,ATM+6,PUT,19400,2023-11-07
2023-11-07 12:59:00+05:30,284.55,285.0,283.65,285.0,200,42050,15.457309,19366.85,19650.0,19700,ATM+6,PUT,19400,2023-11-07
2023-11-07 13:00:00+05:30,285.0,285.0,284.75,284.75,50,42850,15.612826,19367.65,19650.0,19700,ATM+6,PUT,19400,2023-11-07
2023-11-07 13:01:00+05:30,284.75,286.0,280.25,282.0,700,42850,15.247387,19369.55,19650.0,19700,ATM+6,PUT,19400,2023-11-07
2023-11-07 13:02:00+05:30,282.0,282.4,282.0,282.4,150,42850,15.14228,19368.75,19650.0,19700,ATM+6,PUT,19400,2023-11-07
2023-11-07 13:03:00+05:30,282.4,282.4,282.4,282.4,0,42850,15.14228,19370.45,19650.0,19700,ATM+6,PUT,19400,2023-11-07
2023-11-07 13:04:00+05:30,282.4,282.4,280.75,280.75,250,42500,14.953896,19370.0,19650.0,19700,ATM+6,PUT,19400,2023-11-07
2023-11-07 13:05:00+05:30,280.75,284.6,280.75,284.6,650,42500,16.032148,19369.25,19650.0,19700,ATM+6,PUT,19400,2023-11-07
2023-11-07 13:06:00+05:30,284.6,284.6,284.3,284.3,50,42900,16.579121,19371.6,19650.0,19700,ATM+6,PUT,19400,2023-11-07
2023-11-07 13:07:00+05:30,284.3,284.45,284.3,284.45,100,42900,15.94427,19369.1,19650.0,19700,ATM+6,PUT,19400,2023-11-07
2023-11-07 13:08:00+05:30,284.45,284.45,284.45,284.45,0,42900,15.94427,19368.05,19650.0,19700,ATM+6,PUT,19400,2023-11-07
2023-11-07 13:09:00+05:30,284.45,285.6,284.45,285.6,50,42800,15.866066,19367.5,19650.0,19700,ATM+6,PUT,19400,2023-11-07
2023-11-07 13:10:00+05:30,285.6,286.5,285.6,286.5,100,42800,15.639589,19365.7,19650.0,19700,ATM+6,PUT,19400,2023-11-07
2023-11-07 13:11:00+05:30,288.9,288.9,287.25,287.25,300,42800,16.766946,19368.85,19650.0,19700,ATM+6,PUT,19400,2023-11-07
2023-11-07 13:12:00+05:30,287.25,293.0,287.25,293.0,150,42450,17.120534,19363.5,19650.0,19700,ATM+6,PUT,19400,2023-11-07
2023-11-07 13:13:00+05:30,293.0,296.65,293.0,294.5,2300,42450,17.575348,19363.5,19650.0,19700,ATM+6,PUT,19400,2023-11-07
2023-11-07 13:14:00+05:30,294.5,294.5,294.5,294.5,0,42450,17.575348,19366.8,19650.0,19700,ATM+6,PUT,19400,2023-11-07
2023-11-07 13:15:00+05:30,294.5,294.5,292.2,292.2,400,43400,17.604993,19366.3,19650.0,19700,ATM+6,PUT,19400,2023-11-07
2023-11-07 13:16:00+05:30,292.2,292.2,288.4,288.4,100,43400,16.705151,19367.25,19650.0,19700,ATM+6,PUT,19400,2023-11-07
2023-11-07 13:17:00+05:30,288.4,289.65,288.3,289.65,2200,43400,16.719695,19365.85,19650.0,19700,ATM+6,PUT,19400,2023-11-07
2023-11-07 13:18:00+05:30,289.65,289.65,289.45,289.45,50,42800,15.557603,19362.05,19650.0,19700,ATM+6,PUT,19400,2023-11-07
2023-11-07 13:19:00+05:30,289.45,292.05,289.45,292.05,250,42800,16.465018,19362.15,19650.0,19700,ATM+6,PUT,19400,2023-11-07
2023-11-07 13:20:00+05:30,292.05,294.95,292.05,294.95,150,42800,16.784658,19359.95,19650.0,19700,ATM+6,PUT,19400,2023-11-07
2023-11-07 13:21:00+05:30,294.95,300.65,294.95,296.25,1450,42700,16.5579,19357.65,19650.0,19700,ATM+6,PUT,19400,2023-11-07
2023-11-07 13:22:00+05:30,296.25,296.25,293.6,294.35,1100,42700,16.594566,19359.95,19650.0,19700,ATM+6,PUT,19400,2023-11-07
2023-11-07 13:23:00+05:30,294.35,294.35,290.65,290.8,850,42700,15.909938,19361.65,19650.0,19700,ATM+6,PUT,19400,2023-11-07
2023-11-07 13:24:00+05:30,290.8,290.9,289.1,290.9,750,43800,15.794443,19361.15,19650.0,19700,ATM+6,PUT,19400,2023-11-07
2023-11-07 13:25:00+05:30,290.9,291.25,288.8,291.25,400,43800,16.747359,19364.05,19650.0,19700,ATM+6,PUT,19400,2023-11-07
2023-11-07 13:26:00+05:30,291.25,291.25,284.95,286.35,200,43800,14.9309,19363.55,19650.0,19700,ATM+6,PUT,19400,2023-11-07
2023-11-07 13:27:00+05:30,286.35,291.05,286.35,291.05,50,43800,15.05081,19358.65,19650.0,19700,ATM+6,PUT,19400,2023-11-07
2023-11-07 13:28:00+05:30,291.05,292.0,290.6,292.0,150,43800,15.072508,19357.65,19650.0,19700,ATM+6,PUT,19400,2023-11-07
2023-11-07 13:29:00+05:30,292.0,292.0,290.7,290.7,100,43800,13.670602,19355.35,19650.0,19700,ATM+6,PUT,19400,2023-11-07
2023-11-07 13:30:00+05:30,290.7,292.25,290.7,292.0,750,43650,14.599961,19356.3,19650.0,19700,ATM+6,PUT,19400,2023-11-07
2023-11-07 13:31:00+05:30,292.35,292.4,291.1,291.1,900,43650,13.623091,19354.8,19650.0,19700,ATM+6,PUT,19400,2023-11-07
2023-11-07 13:32:00+05:30,291.1,292.6,287.45,287.45,700,43650,14.710078,19361.65,19650.0,19700,ATM+6,PUT,19400,2023-11-07
2023-11-07 13:33:00+05:30,287.45,287.45,279.1,279.1,1600,44250,12.11733,19364.5,19650.0,19700,ATM+6,PUT,19400,2023-11-07
2023-11-07 13:34:00+05:30,279.1,279.1,275.0,275.0,4400,44250,13.010669,19370.85,19650.0,19700,ATM+6,PUT,19400,2023-11-07
2023-11-07 13:35:00+05:30,274.2,278.05,272.8,278.05,1100,44250,14.822128,19372.5,19650.0,19700,ATM+6,PUT,19400,2023-11-07
2023-11-07 13:36:00+05:30,278.05,279.0,273.75,278.95,2200,43650,14.364246,19370.1,19650.0,19700,ATM+6,PUT,19400,2023-11-07
2023-11-07 13:37:00+05:30,278.95,282.0,276.55,276.55,750,43650,12.634541,19368.3,19650.0,19700,ATM+6,PUT,19400,2023-11-07
2023-11-07 13:38:00+05:30,276.55,277.0,275.1,277.0,200,43650,12.873777,19368.35,19650.0,19700,ATM+6,PUT,19400,2023-11-07
2023-11-07 13:39:00+05:30,277.0,277.0,274.55,274.55,1150,43100,11.881062,19368.9,19650.0,19700,ATM+6,PUT,19400,2023-11-07
2023-11-07 13:40:00+05:30,274.55,275.5,269.3,269.8,1900,43100,11.390536,19373.05,19650.0,19700,ATM+6,PUT,19400,2023-11-07
2023-11-07 13:41:00+05:30,269.8,273.8,269.8,273.8,500,43100,13.691245,19373.9,19650.0,19700,ATM+6,PUT,19400,2023-11-07
2023-11-07 13:42:00+05:30,273.8,274.0,271.05,271.05,650,44200,12.848523,19374.75,19650.0,19700,ATM+6,PUT,19400,2023-11-07
2023-11-07 13:43:00+05:30,271.05,273.5,271.05,273.3,100,44200,13.655497,19374.35,19650.0,19700,ATM+6,PUT,19400,2023-11-07
2023-11-07 13:44:00+05:30,273.3,275.45,272.7,275.45,2450,44200,14.009823,19372.95,19650.0,19700,ATM+6,PUT,19400,2023-11-07
2023-11-07 13:45:00+05:30,275.45,275.45,272.55,273.5,1100,45850,13.003385,19372.45,19650.0,19700,ATM+6,PUT,19400,2023-11-07
2023-11-07 13:46:00+05:30,273.5,276.5,273.4,276.5,1300,45850,13.156773,19369.55,19650.0,19700,ATM+6,PUT,19400,2023-11-07
2023-11-07 13:47:00+05:30,276.5,278.0,275.35,278.0,150,45850,14.803538,19372.45,19650.0,19700,ATM+6,PUT,19400,2023-11-07
2023-11-07 13:48:00+05:30,274.2,274.2,274.2,274.2,2500,45850,13.564198,19373.1,19650.0,19700,ATM+6,PUT,19400,2023-11-07
2023-11-07 13:49:00+05:30,274.2,274.2,269.6,270.7,200,47350,12.148661,19373.55,19650.0,19700,ATM+6,PUT,19400,2023-11-07
2023-11-07 13:50:00+05:30,321.05,321.05,312.25,314.8,900,184950,12.501684,19377.45,19700.0,19700,ATM+6,PUT,19400,2023-11-07
2023-11-07 13:51:00+05:30,314.8,314.8,309.05,310.65,3350,185300,14.5677,19385.8,19700.0,19700,ATM+6,PUT,19400,2023-11-07
2023-11-07 13:52:00+05:30,310.65,310.65,301.1,305.7,3400,185300,12.96582,19387.8,19700.0,19700,ATM+6,PUT,19400,2023-11-07
2023-11-07 13:53:00+05:30,306.35,306.35,302.0,304.3,5250,185300,14.39823,19392.3,19700.0,19700,ATM+6,PUT,19400,2023-11-07
2023-11-07 13:54:00+05:30,304.3,305.5,302.0,302.1,3950,188100,14.680663,19395.4,19700.0,19700,ATM+6,PUT,19400,2023-11-07
2023-11-07 13:55:00+05:30,302.1,302.1,296.9,299.9,4050,188100,13.554494,19395.15,19700.0,19700,ATM+6,PUT,19400,2023-11-07
2023-11-07 13:56:00+05:30,299.9,299.9,291.2,293.1,4700,188100,12.309365,19400.0,19700.0,19700,ATM+6,PUT,19400,2023-11-07
2023-11-07 13:57:00+05:30,293.1,295.9,289.65,295.25,2450,190600,11.757687,19396.85,19700.0,19700,ATM+6,PUT,19400,2023-11-07
2023-11-07 13:58:00+05:30,295.25,297.4,294.8,294.8,10550,190600,11.809622,19397.4,19700.0,19700,ATM+6,PUT,19400,2023-11-07
2023-11-07 13:59:00+05:30,294.8,297.5,292.9,297.5,1950,190600,11.236534,19393.8,19700.0,19700,ATM+6,PUT,19400,2023-11-07
2023-11-07 14:00:00+05:30,296.8,299.0,294.9,294.9,9700,199900,10.527691,19395.7,19700.0,19700,ATM+6,PUT,19400,2023-11-07
2023-11-07 14:01:00+05:30,294.9,294.9,292.45,294.55,2850,199900,12.556206,19398.9,19700.0,19700,ATM+6,PUT,19400,2023-11-07
2023-11-07 14:02:00+05:30,294.55,295.8,292.7,292.7,1050,199900,7.91408,19396.4,19700.0,19700,ATM+6,PUT,19400,2023-11-07
2023-11-07 14:03:00+05:30,292.9,292.95,286.75,286.75,3500,195700,0.0,19400.5,19700.0,19700,ATM+6,PUT,19400,2023-11-07
2023-11-07 14:04:00+05:30,287.25,287.25,279.2,280.35,7050,195700,0.0,19405.25,19700.0,19700,ATM+6,PUT,19400,2023-11-07
2023-11-07 14:05:00+05:30,280.35,285.9,279.7,281.9,3500,195700,0.0,19405.9,19700.0,19700,ATM+6,PUT,19400,2023-11-07
2023-11-07 14:06:00+05:30,281.9,286.0,281.9,285.45,1150,195450,9.80194,19404.75,19700.0,19700,ATM+6,PUT,19400,2023-11-07
2023-11-07 14:07:00+05:30,285.45,286.1,282.7,286.1,2850,195450,11.173009,19405.6,19700.0,19700,ATM+6,PUT,19400,2023-11-07
2023-11-07 14:08:00+05:30,286.1,291.6,286.1,291.6,12800,195450,12.371381,19401.7,19700.0,19700,ATM+6,PUT,19400,2023-11-07
2023-11-07 14:09:00+05:30,291.6,296.0,291.25,294.8,5150,201950,12.032134,19397.75,19700.0,19700,ATM+6,PUT,19400,2023-11-07
2023-11-07 14:10:00+05:30,294.8,296.0,290.0,291.15,5200,201950,0.0,19396.5,19700.0,19700,ATM+6,PUT,19400,2023-11-07
2023-11-07 14:11:00+05:30,291.15,293.45,291.15,291.45,700,201950,0.0,19396.45,19700.0,19700,ATM+6,PUT,19400,2023-11-07
2023-11-07 14:12:00+05:30,291.45,291.45,286.55,289.0,1750,201350,9.351652,19400.8,19700.0,19700,ATM+6,PUT,19400,2023-11-07
2023-11-07 14:13:00+05:30,289.0,291.4,287.55,291.3,1150,201350,10.393257,19399.3,19700.0,19700,ATM+6,PUT,19400,2023-11-07
2023-11-07 14:14:00+05:30,291.3,291.3,287.85,287.85,2500,201350,6.994914,19401.15,19700.0,19700,ATM+6,PUT,19400,2023-11-07
2023-11-07 14:15:00+05:30,287.85,291.0,287.25,291.0,1200,203900,11.1333,19400.45,19700.0,19700,ATM+6,PUT,19400,2023-11-07
2023-11-07 14:16:00+05:30,291.0,292.0,286.4,286.4,2200,203900,8.263205,19402.9,19700.0,19700,ATM+6,PUT,19400,2023-11-07
2023-11-07 14:17:00+05:30,286.4,286.9,284.7,285.75,1550,203900,0.0,19402.2,19700.0,19700,ATM+6,PUT,19400,2023-11-07
2023-11-07 14:18:00+05:30,285.75,288.0,284.55,288.0,2000,204350,0.0,19398.6,19700.0,19700,ATM+6,PUT,19400,2023-11-07
2023-11-07 14:19:00+05:30,288.0,288.0,284.5,286.35,950,204350,0.0,19400.55,19700.0,19700,ATM+6,PUT,19400,2023-11-07
2023-11-07 14:20:00+05:30,286.35,287.35,281.7,287.35,3650,204350,0.0,19399.05,19700.0,19700,ATM+6,PUT,19400,2023-11-07
2023-11-07 14:21:00+05:30,287.35,287.4,284.1,285.85,750,204150,0.0,19400.05,19700.0,19700,ATM+6,PUT,19400,2023-11-07
2023-11-07 14:22:00+05:30,285.85,287.4,284.0,287.4,3750,204150,0.0,19397.75,19700.0,19700,ATM+6,PUT,19400,2023-11-07
2023-11-07 14:23:00+05:30,287.4,293.4,287.4,292.0,2150,204150,0.0,19393.75,19700.0,19700,ATM+6,PUT,19400,2023-11-07
2023-11-07 14:24:00+05:30,292.0,294.6,290.8,292.25,2500,201800,0.0,19390.0,19700.0,19700,ATM+6,PUT,19400,2023-11-07
2023-11-07 14:25:00+05:30,292.25,296.0,292.25,295.0,2350,201800,0.0,19389.3,19700.0,19700,ATM+6,PUT,19400,2023-11-07
2023-11-07 14:26:00+05:30,295.0,295.0,290.5,290.6,550,201800,0.0,19392.0,19700.0,19700,ATM+6,PUT,19400,2023-11-07
2023-11-07 14:27:00+05:30,288.3,290.65,288.3,290.55,600,200550,0.0,19391.75,19700.0,19700,ATM+6,PUT,19400,2023-11-07
2023-11-07 14:28:00+05:30,290.55,295.0,290.55,295.0,850,200550,0.0,19386.1,19700.0,19700,ATM+6,PUT,19400,2023-11-07
2023-11-07 14:29:00+05:30,295.0,295.0,292.4,292.85,450,200550,0.0,19388.45,19700.0,19700,ATM+6,PUT,19400,2023-11-07
2023-11-07 14:30:00+05:30,292.85,294.15,290.55,291.25,1000,200600,0.0,19393.05,19700.0,19700,ATM+6,PUT,19400,2023-11-07
2023-11-07 14:31:00+05:30,291.25,292.7,287.75,288.95,1850,200600,0.0,19395.0,19700.0,19700,ATM+6,PUT,19400,2023-11-07
2023-11-07 14:32:00+05:30,288.2,289.6,286.3,289.6,1200,200600,0.0,19389.95,19700.0,19700,ATM+6,PUT,19400,2023-11-07
2023-11-07 14:33:00+05:30,289.6,293.05,289.6,290.0,2000,202700,0.0,19391.4,19700.0,19700,ATM+6,PUT,19400,2023-11-07
2023-11-07 14:34:00+05:30,290.0,294.0,290.0,294.0,150,202700,0.0,19388.65,19700.0,19700,ATM+6,PUT,19400,2023-11-07
2023-11-07 14:35:00+05:30,294.0,294.0,294.0,294.0,0,202700,0.0,19391.25,19700.0,19700,ATM+6,PUT,19400,2023-11-07
2023-11-07 14:36:00+05:30,294.0,294.0,294.0,294.0,0,202700,0.0,19389.35,19700.0,19700,ATM+6,PUT,19400,2023-11-07
2023-11-07 14:37:00+05:30,294.0,295.75,294.0,294.55,100,202650,0.0,19387.2,19700.0,19700,ATM+6,PUT,19400,2023-11-07
2023-11-07 14:38:00+05:30,294.55,304.0,294.55,302.5,3750,202650,0.0,19380.9,19700.0,19700,ATM+6,PUT,19400,2023-11-07
2023-11-07 14:39:00+05:30,302.5,302.5,296.7,296.7,950,201350,0.0,19381.3,19700.0,19700,ATM+6,PUT,19400,2023-11-07
2023-11-07 14:40:00+05:30,296.7,299.3,294.8,295.45,950,201350,0.0,19384.3,19700.0,19700,ATM+6,PUT,19400,2023-11-07
2023-11-07 14:41:00+05:30,295.45,301.05,295.45,299.6,1200,201350,0.0,19381.5,19700.0,19700,ATM+6,PUT,19400,2023-11-07
2023-11-07 14:42:00+05:30,299.6,302.6,299.2,299.2,800,201600,0.0,19381.85,19700.0,19700,ATM+6,PUT,19400,2023-11-07
2023-11-07 14:43:00+05:30,299.2,299.2,295.25,297.5,900,201600,0.0,19385.4,19700.0,19700,ATM+6,PUT,19400,2023-11-07
2023-11-07 14:44:00+05:30,297.5,300.45,297.5,300.45,500,201600,0.0,19382.95,19700.0,19700,ATM+6,PUT,19400,2023-11-07
2023-11-07 14:45:00+05:30,300.45,300.45,299.3,299.4,400,201300,0.0,19383.65,19700.0,19700,ATM+6,PUT,19400,2023-11-07
2023-11-07 14:46:00+05:30,299.4,299.4,295.25,295.25,450,201300,0.0,19387.45,19700.0,19700,ATM+6,PUT,19400,2023-11-07
2023-11-07 14:47:00+05:30,295.25,297.2,295.25,296.95,3050,201300,0.0,19384.1,19700.0,19700,ATM+6,PUT,19400,2023-11-07
2023-11-07 14:48:00+05:30,296.95,298.7,293.75,294.35,2650,202400,0.0,19388.35,19700.0,19700,ATM+6,PUT,19400,2023-11-07
2023-11-07 14:49:00+05:30,294.35,294.35,289.55,291.3,2750,202400,0.0,19390.7,19700.0,19700,ATM+6,PUT,19400,2023-11-07
2023-11-07 14:50:00+05:30,291.3,291.3,289.6,290.65,1500,202400,0.0,19391.25,19700.0,19700,ATM+6,PUT,19400,2023-11-07
2023-11-07 14:51:00+05:30,290.65,290.95,289.15,290.95,2000,202850,0.0,19396.5,19700.0,19700,ATM+6,PUT,19400,2023-11-07
2023-11-07 14:52:00+05:30,290.95,290.95,287.0,287.2,1650,202850,0.0,19400.05,19700.0,19700,ATM+6,PUT,19400,2023-11-07
2023-11-07 14:53:00+05:30,287.2,287.4,286.5,286.6,2050,202850,0.0,19399.35,19700.0,19700,ATM+6,PUT,19400,2023-11-07
2023-11-07 14:54:00+05:30,286.6,288.8,286.6,288.8,2750,202850,0.0,19395.6,19700.0,19700,ATM+6,PUT,19400,2023-11-07
2023-11-07 14:55:00+05:30,289.75,289.75,287.75,287.95,600,202850,0.0,19397.6,19700.0,19700,ATM+6,PUT,19400,2023-11-07
2023-11-07 14:56:00+05:30,287.95,287.95,284.7,286.3,2950,202850,0.0,19398.85,19700.0,19700,ATM+6,PUT,19400,2023-11-07
2023-11-07 14:57:00+05:30,286.3,287.35,282.7,284.15,1250,203650,0.0,19400.15,19700.0,19700,ATM+6,PUT,19400,2023-11-07
2023-11-07 14:58:00+05:30,286.7,286.7,285.0,285.0,600,203650,0.0,19401.15,19700.0,19700,ATM+6,PUT,19400,2023-11-07
2023-11-07 14:59:00+05:30,285.0,288.2,284.9,288.2,2450,203650,0.0,19399.05,19700.0,19700,ATM+6,PUT,19400,2023-11-07
2023-11-07 15:00:00+05:30,288.2,288.2,278.05,286.2,4850,203250,11.457276,19405.95,19700.0,19700,ATM+6,PUT,19400,2023-11-07
2023-11-07 15:01:00+05:30,286.2,296.0,285.25,289.6,8700,203250,10.497317,19401.25,19700.0,19700,ATM+6,PUT,19400,2023-11-07
2023-11-07 15:02:00+05:30,289.6,289.6,285.6,288.5,12500,203250,10.090838,19402.0,19700.0,19700,ATM+6,PUT,19400,2023-11-07
2023-11-07 15:03:00+05:30,288.5,290.45,286.55,286.55,2850,196650,9.853394,19403.8,19700.0,19700,ATM+6,PUT,19400,2023-11-07
2023-11-07 15:04:00+05:30,286.55,286.8,283.7,286.8,3850,196650,11.220135,19405.0,19700.0,19700,ATM+6,PUT,19400,2023-11-07
2023-11-07 15:05:00+05:30,286.8,286.8,283.45,283.45,1700,196650,11.790015,19409.35,19700.0,19700,ATM+6,PUT,19400,2023-11-07
2023-11-07 15:06:00+05:30,283.45,285.3,283.45,284.6,750,195600,12.745773,19409.85,19700.0,19700,ATM+6,PUT,19400,2023-11-07
2023-11-07 15:07:00+05:30,284.6,292.15,284.6,291.2,2500,195600,12.852398,19403.0,19700.0,19700,ATM+6,PUT,19400,2023-11-07
2023-11-07 15:08:00+05:30,290.25,296.45,290.25,293.8,6550,195600,12.473513,19399.55,19700.0,19700,ATM+6,PUT,19400,2023-11-07
2023-11-07 15:09:00+05:30,293.8,298.0,291.8,296.4,2700,193600,13.062855,19397.85,19700.0,19700,ATM+6,PUT,19400,2023-11-07
2023-11-07 15:10:00+05:30,295.0,298.0,294.6,298.0,700,193600,14.121572,19398.35,19700.0,19700,ATM+6,PUT,19400,2023-11-07
2023-11-07 15:11:00+05:30,298.0,298.0,295.0,298.0,1200,193600,13.990275,19398.05,19700.0,19700,ATM+6,PUT,19400,2023-11-07
2023-11-07 15:12:00+05:30,298.0,298.0,296.05,296.05,850,193500,12.998351,19398.1,19700.0,19700,ATM+6,PUT,19400,2023-11-07
2023-11-07 15:13:00+05:30,298.4,302.0,298.4,302.0,5550,193500,14.228657,19394.25,19700.0,19700,ATM+6,PUT,19400,2023-11-07
2023-11-07 15:14:00+05:30,302.0,302.0,300.1,300.6,3350,193500,15.152583,19398.05,19700.0,19700,ATM+6,PUT,19400,2023-11-07
2023-11-07 15:15:00+05:30,300.6,300.6,290.5,290.5,11300,195800,10.547751,19400.4,19700.0,19700,ATM+6,PUT,19400,2023-11-07
2023-11-07 15:16:00+05:30,290.5,291.25,288.15,289.45,3650,195800,11.481572,19402.6,19700.0,19700,ATM+6,PUT,19400,2023-11-07
2023-11-07 15:17:00+05:30,289.45,289.45,285.8,287.45,3950,195800,12.901479,19407.1,19700.0,19700,ATM+6,PUT,19400,2023-11-07
2023-11-07 15:18:00+05:30,287.45,288.05,285.0,286.55,3900,193450,13.392982,19409.1,19700.0,19700,ATM+6,PUT,19400,2023-11-07
2023-11-07 15:19:00+05:30,286.55,286.9,286.3,286.9,550,193450,14.531123,19411.5,19700.0,19700,ATM+6,PUT,19400,2023-11-07
2023-11-07 15:20:00+05:30,286.9,286.9,282.1,282.65,4200,193450,13.227876,19412.95,19700.0,19700,ATM+6,PUT,19400,2023-11-07
2023-11-07 15:21:00+05:30,282.5,284.0,281.45,281.45,2950,191200,13.939564,19415.95,19700.0,19700,ATM+6,PUT,19400,2023-11-07
2023-11-07 15:22:00+05:30,281.65,283.25,280.0,282.8,1500,191200,14.243278,19415.25,19700.0,19700,ATM+6,PUT,19400,2023-11-07
2023-11-07 15:23:00+05:30,282.8,283.55,281.3,281.3,650,191200,14.223641,19416.85,19700.0,19700,ATM+6,PUT,19400,2023-11-07
2023-11-07 15:24:00+05:30,281.3,283.3,280.2,283.3,2700,190450,15.313984,19417.75,19700.0,19700,ATM+6,PUT,19400,2023-11-07
2023-11-07 15:25:00+05:30,283.3,286.65,283.0,286.05,7500,190450,16.024235,19416.9,19700.0,19700,ATM+6,PUT,19400,2023-11-07
2023-11-07 15:26:00+05:30,286.05,286.25,285.1,286.0,3450,190450,16.52278,19418.65,19700.0,19700,ATM+6,PUT,19400,2023-11-07
2023-11-07 15:27:00+05:30,286.0,286.0,283.95,284.6,14000,184850,15.468502,19416.75,19700.0,19700,ATM+6,PUT,19400,2023-11-07
2023-11-07 15:28:00+05:30,284.6,287.9,284.6,286.9,1950,184850,14.615594,19411.7,19700.0,19700,ATM+6,PUT,19400,2023-11-07
2023-11-07 15:29:00+05:30,286.9,287.25,285.1,285.85,3550,184850,16.052643,19417.2,19700.0,19700,ATM+6,PUT,19400,2023-11-07
2023-11-07 09:15:00+05:30,4.4,4.5,2.4,2.65,588300,4778700,11.602961,19369.7,19700.0,19750,ATM+7,CALL,19400,2023-11-07
2023-11-07 09:16:00+05:30,2.6,2.75,2.35,2.65,634200,4778700,12.059782,19354.55,19700.0,19750,ATM+7,CALL,19400,2023-11-07
2023-11-07 09:17:00+05:30,2.6,2.9,2.45,2.85,822400,4849550,12.121591,19357.9,19700.0,19750,ATM+7,CALL,19400,2023-11-07
2023-11-07 09:18:00+05:30,2.9,3.0,2.8,2.95,688750,4849550,12.050559,19362.85,19700.0,19750,ATM+7,CALL,19400,2023-11-07
2023-11-07 09:19:00+05:30,2.95,3.15,2.9,3.05,743450,4849550,12.071409,19364.7,19700.0,19750,ATM+7,CALL,19400,2023-11-07
2023-11-07 09:20:00+05:30,3.05,3.35,3.05,3.3,829500,4800400,11.970325,19373.9,19700.0,19750,ATM+7,CALL,19400,2023-11-07
2023-11-07 09:21:00+05:30,3.3,3.5,3.1,3.1,804400,4800400,11.931107,19370.6,19700.0,19750,ATM+7,CALL,19400,2023-11-07
2023-11-07 09:22:00+05:30,2.15,2.25,2.15,2.25,101900,2097100,12.54766,19375.3,19750.0,19750,ATM+7,CALL,19400,2023-11-07
2023-11-07 09:23:00+05:30,2.2,2.3,2.2,2.25,85700,2142350,12.404468,19380.3,19750.0,19750,ATM+7,CALL,19400,2023-11-07
2023-11-07 09:24:00+05:30,2.25,2.35,2.25,2.35,147000,2142350,12.44717,19382.1,19750.0,19750,ATM+7,CALL,19400,2023-11-07
2023-11-07 09:25:00+05:30,2.35,2.35,2.2,2.3,154400,2142350,12.424854,19381.35,19750.0,19750,ATM+7,CALL,19400,2023-11-07
2023-11-07 09:26:00+05:30,3.4,3.4,3.15,3.15,366350,4972850,11.859927,19374.4,19700.0,19750,ATM+7,CALL,19400,2023-11-07
2023-11-07 09:27:00+05:30,2.1,2.15,2.1,2.15,147400,2221300,12.443817,19375.9,19750.0,19750,ATM+7,CALL,19400,2023-11-07
2023-11-07 09:28:00+05:30,3.15,3.2,3.1,3.1,75950,4972850,11.866181,19373.15,19700.0,19750,ATM+7,CALL,19400,2023-11-07
2023-11-07 09:29:00+05:30,3.1,3.1,3.0,3.0,202550,4993900,11.883564,19370.25,19700.0,19750,ATM+7,CALL,19400,2023-11-07
2023-11-07 09:30:00+05:30,3.05,3.05,2.9,2.9,169800,4993900,11.874233,19368.15,19700.0,19750,ATM+7,CALL,19400,2023-11-07
2023-11-07 09:31:00+05:30,2.9,2.95,2.85,2.9,176300,4993900,11.778459,19371.35,19700.0,19750,ATM+7,CALL,19400,2023-11-07
2023-11-07 09:32:00+05:30,2.9,3.05,2.9,3.0,315400,5021400,11.817264,19372.6,19700.0,19750,ATM+7,CALL,19400,2023-11-07
2023-11-07 09:33:00+05:30,3.0,3.05,2.95,3.0,207950,5021400,11.820738,19372.55,19700.0,19750,ATM+7,CALL,19400,2023-11-07
2023-11-07 09:34:00+05:30,3.05,3.05,2.9,2.95,152650,5021400,11.95372,19367.05,19700.0,19750,ATM+7,CALL,19400,2023-11-07
2023-11-07 09:35:00+05:30,2.95,2.95,2.85,2.95,162500,5194500,11.981682,19366.2,19700.0,19750,ATM+7,CALL,19400,2023-11-07
2023-11-07 09:36:00+05:30,2.9,2.95,2.9,2.95,28450,5194500,11.96835,19366.7,19700.0,19750,ATM+7,CALL,19400,2023-11-07
2023-11-07 09:37:00+05:30,2.95,3.05,2.9,3.0,206200,5194500,11.951349,19368.55,19700.0,19750,ATM+7,CALL,19400,2023-11-07
2023-11-07 09:38:00+05:30,2.95,3.0,2.9,2.95,61200,5277950,12.051816,19364.1,19700.0,19750,ATM+7,CALL,19400,2023-11-07
2023-11-07 09:39:00+05:30,2.9,3.0,2.85,2.9,233500,5277950,12.122168,19360.6,19700.0,19750,ATM+7,CALL,19400,2023-11-07
2023-11-07 09:40:00+05:30,2.9,2.95,2.9,2.95,106500,5277950,12.119981,19362.0,19700.0,19750,ATM+7,CALL,19400,2023-11-07
2023-11-07 09:41:00+05:30,2.9,3.05,2.9,3.05,95950,5287500,12.150281,19363.55,19700.0,19750,ATM+7,CALL,19400,2023-11-07
2023-11-07 09:42:00+05:30,3.0,3.05,3.0,3.0,59100,5287500,12.131458,19363.0,19700.0,19750,ATM+7,CALL,19400,2023-11-07
2023-11-07 09:43:00+05:30,3.0,3.05,3.0,3.0,190800,5287500,12.067511,19365.15,19700.0,19750,ATM+7,CALL,19400,2023-11-07
2023-11-07 09:44:00+05:30,3.05,3.05,2.95,2.95,55450,5356750,11.990207,19366.5,19700.0,19750,ATM+7,CALL,19400,2023-11-07
2023-11-07 09:45:00+05:30,2.95,3.0,2.9,2.95,206300,5356750,11.99371,19366.45,19700.0,19750,ATM+7,CALL,19400,2023-11-07
2023-11-07 09:46:00+05:30,2.95,2.95,2.85,2.9,56400,5356750,12.073539,19362.65,19700.0,19750,ATM+7,CALL,19400,2023-11-07
2023-11-07 09:47:00+05:30,2.95,2.95,2.8,2.8,138150,5417900,12.209848,19355.65,19700.0,19750,ATM+7,CALL,19400,2023-11-07
2023-11-07 09:48:00+05:30,2.85,2.9,2.8,2.85,82250,5417900,12.154321,19358.85,19700.0,19750,ATM+7,CALL,19400,2023-11-07
2023-11-07 09:49:00+05:30,2.85,2.9,2.85,2.9,28450,5417900,12.050474,19363.6,19700.0,19750,ATM+7,CALL,19400,2023-11-07
2023-11-07 09:50:00+05:30,2.9,2.9,2.8,2.85,130150,5487600,12.141575,19359.4,19700.0,19750,ATM+7,CALL,19400,2023-11-07
2023-11-07 09:51:00+05:30,2.8,2.9,2.8,2.85,104850,5487600,12.039983,19362.8,19700.0,19750,ATM+7,CALL,19400,2023-11-07
2023-11-07 09:52:00+05:30,2.85,2.9,2.8,2.9,68850,5487600,12.056426,19363.6,19700.0,19750,ATM+7,CALL,19400,2023-11-07
2023-11-07 09:53:00+05:30,2.9,2.9,2.85,2.9,13850,5504800,12.104261,19362.1,19700.0,19750,ATM+7,CALL,19400,2023-11-07
2023-11-07 09:54:00+05:30,2.9,2.9,2.85,2.9,50250,5504800,12.052754,19363.85,19700.0,19750,ATM+7,CALL,19400,2023-11-07
2023-11-07 09:55:00+05:30,2.9,2.9,2.8,2.8,71350,5504800,11.819699,19369.0,19700.0,19750,ATM+7,CALL,19400,2023-11-07
2023-11-07 09:56:00+05:30,2.8,2.85,2.8,2.85,55100,5486250,12.045328,19362.95,19700.0,19750,ATM+7,CALL,19400,2023-11-07
2023-11-07 09:57:00+05:30,2.85,2.85,2.75,2.85,97800,5486250,12.093075,19361.45,19700.0,19750,ATM+7,CALL,19400,2023-11-07
2023-11-07 09:58:00+05:30,2.8,2.85,2.75,2.8,260050,5486250,12.218294,19356.1,19700.0,19750,ATM+7,CALL,19400,2023-11-07
2023-11-07 09:59:00+05:30,2.8,2.8,2.75,2.8,134900,5494750,12.161043,19358.05,19700.0,19750,ATM+7,CALL,19400,2023-11-07
2023-11-07 10:00:00+05:30,2.8,2.8,2.75,2.8,143550,5494750,12.225362,19356.0,19700.0,19750,ATM+7,CALL,19400,2023-11-07
2023-11-07 10:01:00+05:30,2.8,2.8,2.75,2.8,45750,5494750,12.063118,19361.4,19700.0,19750,ATM+7,CALL,19400,2023-11-07
2023-11-07 10:02:00+05:30,2.8,2.8,2.75,2.75,50700,5463550,12.180026,19356.3,19700.0,19750,ATM+7,CALL,19400,2023-11-07
2023-11-07 10:03:00+05:30,2.75,2.8,2.65,2.7,145100,5463550,12.235105,19353.2,19700.0,19750,ATM+7,CALL,19400,2023-11-07
2023-11-07 10:04:00+05:30,2.7,2.75,2.65,2.75,180000,5463550,12.352257,19350.75,19700.0,19750,ATM+7,CALL,19400,2023-11-07
2023-11-07 10:05:00+05:30,2.7,2.75,2.65,2.7,196850,5502000,12.323768,19350.4,19700.0,19750,ATM+7,CALL,19400,2023-11-07
2023-11-07 10:06:00+05:30,2.7,2.75,2.65,2.75,70800,5502000,12.321494,19351.9,19700.0,19750,ATM+7,CALL,19400,2023-11-07
2023-11-07 10:07:00+05:30,2.75,2.75,2.65,2.65,51750,5502000,12.283235,19350.5,19700.0,19750,ATM+7,CALL,19400,2023-11-07
2023-11-07 10:08:00+05:30,2.7,2.75,2.65,2.7,66200,5551250,12.18166,19355.3,19700.0,19750,ATM+7,CALL,19400,2023-11-07
2023-11-07 10:09:00+05:30,2.7,2.7,2.65,2.65,62250,5551250,12.072938,19357.6,19700.0,19750,ATM+7,CALL,19400,2023-11-07
2023-11-07 10:10:00+05:30,2.65,2.7,2.65,2.7,17550,5551250,12.117529,19357.55,19700.0,19750,ATM+7,CALL,19400,2023-11-07
2023-11-07 10:11:00+05:30,2.7,2.7,2.65,2.7,12150,5545500,12.075575,19359.0,19700.0,19750,ATM+7,CALL,19400,2023-11-07
2023-11-07 10:12:00+05:30,2.7,2.75,2.65,2.75,132300,5545500,12.060341,19360.9,19700.0,19750,ATM+7,CALL,19400,2023-11-07
2023-11-07 10:13:00+05:30,2.75,2.75,2.7,2.75,122200,5545500,11.95883,19364.3,19700.0,19750,ATM+7,CALL,19400,2023-11-07
2023-11-07 10:14:00+05:30,2.7,2.8,2.65,2.8,226850,5601000,11.942522,19366.2,19700.0,19750,ATM+7,CALL,19400,2023-11-07
2023-11-07 10:15:00+05:30,2.8,2.85,2.75,2.8,51450,5601000,11.993391,19364.6,19700.0,19750,ATM+7,CALL,19400,2023-11-07
2023-11-07 10:16:00+05:30,2.75,2.85,2.75,2.8,24300,5601000,11.969408,19365.45,19700.0,19750,ATM+7,CALL,19400,2023-11-07
2023-11-07 10:17:00+05:30,2.8,2.85,2.7,2.75,203850,5627100,12.013998,19362.75,19700.0,19750,ATM+7,CALL,19400,2023-11-07
2023-11-07 10:18:00+05:30,2.7,2.75,2.7,2.75,60750,5627100,11.979421,19363.95,19700.0,19750,ATM+7,CALL,19400,2023-11-07
2023-11-07 10:19:00+05:30,2.7,2.75,2.7,2.75,23650,5627100,11.810519,19369.55,19700.0,19750,ATM+7,CALL,19400,2023-11-07
2023-11-07 10:20:00+05:30,2.75,2.75,2.65,2.7,108600,5563350,11.665915,19373.05,19700.0,19750,ATM+7,CALL,19400,2023-11-07
2023-11-07 10:21:00+05:30,2.75,2.8,2.7,2.7,266050,5563350,11.680064,19372.65,19700.0,19750,ATM+7,CALL,19400,2023-11-07
2023-11-07 10:22:00+05:30,2.7,2.8,2.65,2.7,149150,5563350,11.717099,19371.5,19700.0,19750,ATM+7,CALL,19400,2023-11-07
2023-11-07 10:23:00+05:30,2.65,2.7,2.65,2.65,43200,5525400,11.873501,19365.1,19700.0,19750,ATM+7,CALL,19400,2023-11-07
2023-11-07 10:24:00+05:30,2.7,2.7,2.6,2.6,97850,5525400,11.810167,19365.9,19700.0,19750,ATM+7,CALL,19400,2023-11-07
2023-11-07 10:25:00+05:30,2.65,2.7,2.6,2.65,72650,5525400,11.676716,19371.7,19700.0,19750,ATM+7,CALL,19400,2023-11-07
2023-11-07 10:26:00+05:30,2.65,2.75,2.65,2.7,45200,5540800,11.694373,19372.5,19700.0,19750,ATM+7,CALL,19400,2023-11-07
2023-11-07 10:27:00+05:30,2.7,2.75,2.7,2.75,49250,5540800,11.835424,19369.25,19700.0,19750,ATM+7,CALL,19400,2023-11-07
2023-11-07 10:28:00+05:30,2.75,2.75,2.65,2.75,75550,5540800,11.806805,19370.25,19700.0,19750,ATM+7,CALL,19400,2023-11-07
2023-11-07 10:29:00+05:30,2.75,2.75,2.7,2.75,14700,5544900,11.796532,19370.65,19700.0,19750,ATM+7,CALL,19400,2023-11-07
2023-11-07 10:30:00+05:30,2.75,2.75,2.65,2.7,73500,5544900,11.668555,19373.6,19700.0,19750,ATM+7,CALL,19400,2023-11-07
2023-11-07 10:31:00+05:30,1.85,1.85,1.8,1.8,3950,2278450,12.191397,19376.55,19750.0,19750,ATM+7,CALL,19400,2023-11-07
2023-11-07 10:32:00+05:30,1.8,1.85,1.8,1.8,8900,2270350,12.214832,19375.8,19750.0,19750,ATM+7,CALL,19400,2023-11-07
2023-11-07 10:33:00+05:30,2.7,2.8,2.7,2.75,28600,5555750,11.691017,19374.35,19700.0,19750,ATM+7,CALL,19400,2023-11-07
2023-11-07 10:34:00+05:30,1.85,1.9,1.85,1.85,16900,2270350,12.282238,19375.5,19750.0,19750,ATM+7,CALL,19400,2023-11-07
2023-11-07 10:35:00+05:30,1.9,1.9,1.85,1.9,26150,2259800,12.076243,19384.6,19750.0,19750,ATM+7,CALL,19400,2023-11-07
2023-11-07 10:36:00+05:30,1.85,1.95,1.85,1.95,89300,2259800,12.264818,19379.95,19750.0,19750,ATM+7,CALL,19400,2023-11-07
2023-11-07 10:37:00+05:30,1.9,1.95,1.9,1.95,22450,2259800,12.223524,19381.45,19750.0,19750,ATM+7,CALL,19400,2023-11-07
2023-11-07 10:38:00+05:30,1.95,1.95,1.9,1.95,14650,2264950,12.234227,19381.15,19750.0,19750,ATM+7,CALL,19400,2023-11-07
2023-11-07 10:39:00+05:30,1.95,1.95,1.9,1.9,15000,2264950,12.064093,19385.3,19750.0,19750,ATM+7,CALL,19400,2023-11-07
2023-11-07 10:40:00+05:30,1.95,1.95,1.9,1.95,14250,2264950,12.053131,19387.55,19750.0,19750,ATM+7,CALL,19400,2023-11-07
2023-11-07 10:41:00+05:30,1.95,2.0,1.9,2.0,78000,2222900,12.022006,19390.45,19750.0,19750,ATM+7,CALL,19400,2023-11-07
2023-11-07 10:42:00+05:30,2.0,2.0,1.95,2.0,19100,2222900,12.085067,19388.35,19750.0,19750,ATM+7,CALL,19400,2023-11-07
2023-11-07 10:43:00+05:30,2.0,2.0,1.95,2.0,18800,2222900,12.110335,19387.55,19750.0,19750,ATM+7,CALL,19400,2023-11-07
2023-11-07 10:44:00+05:30,2.0,2.05,1.95,2.0,20750,2210150,11.95235,19393.05,19750.0,19750,ATM+7,CALL,19400,2023-11-07
2023-11-07 10:45:00+05:30,2.05,2.15,2.0,2.15,191550,2210150,12.104902,19392.95,19750.0,19750,ATM+7,CALL,19400,2023-11-07
2023-11-07 10:46:00+05:30,2.1,2.15,2.05,2.05,91650,2210150,12.086584,19390.3,19750.0,19750,ATM+7,CALL,19400,2023-11-07
2023-11-07 10:47:00+05:30,2.05,2.05,1.95,2.0,80150,2207650,12.060237,19389.55,19750.0,19750,ATM+7,CALL,19400,2023-11-07
2023-11-07 10:48:00+05:30,2.0,2.0,1.95,1.95,110800,2207650,11.998157,19390.0,19750.0,19750,ATM+7,CALL,19400,2023-11-07
2023-11-07 10:49:00+05:30,2.0,2.05,2.0,2.0,28900,2207650,12.010402,19391.4,19750.0,19750,ATM+7,CALL,19400,2023-11-07
2023-11-07 10:50:00+05:30,2.05,2.05,2.0,2.05,18100,2231400,12.056683,19391.6,19750.0,19750,ATM+7,CALL,19400,2023-11-07
2023-11-07 10:51:00+05:30,2.05,2.05,2.0,2.0,13550,2231400,12.13088,19387.4,19750.0,19750,ATM+7,CALL,19400,2023-11-07
2023-11-07 10:52:00+05:30,2.0,2.05,1.95,2.0,167700,2231400,12.288487,19382.05,19750.0,19750,ATM+7,CALL,19400,2023-11-07
2023-11-07 10:53:00+05:30,2.0,2.05,2.0,2.0,73450,2184250,12.18877,19385.55,19750.0,19750,ATM+7,CALL,19400,2023-11-07
2023-11-07 10:54:00+05:30,2.05,2.05,2.0,2.05,20800,2184250,12.25753,19385.0,19750.0,19750,ATM+7,CALL,19400,2023-11-07
2023-11-07 10:55:00+05:30,2.05,2.1,2.05,2.1,86150,2184250,12.316879,19384.75,19750.0,19750,ATM+7,CALL,19400,2023-11-07
2023-11-07 10:56:00+05:30,2.1,2.15,2.05,2.15,49100,2211450,12.362362,19384.95,19750.0,19750,ATM+7,CALL,19400,2023-11-07
2023-11-07 10:57:00+05:30,2.15,2.15,2.0,2.05,122700,2211450,12.332265,19382.65,19750.0,19750,ATM+7,CALL,19400,2023-11-07
2023-11-07 10:58:00+05:30,2.05,2.05,2.0,2.05,14800,2211450,12.265735,19385.0,19750.0,19750,ATM+7,CALL,19400,2023-11-07
2023-11-07 10:59:00+05:30,2.05,2.05,2.0,2.05,13300,2272800,12.383075,19381.05,19750.0,19750,ATM+7,CALL,19400,2023-11-07
2023-11-07 11:00:00+05:30,2.05,2.05,2.0,2.0,16700,2272800,12.291843,19382.5,19750.0,19750,ATM+7,CALL,19400,2023-11-07
2023-11-07 11:01:00+05:30,2.0,2.05,2.0,2.05,19500,2272800,12.292345,19384.3,19750.0,19750,ATM+7,CALL,19400,2023-11-07
2023-11-07 11:02:00+05:30,2.05,2.1,2.05,2.1,24300,2272550,12.269766,19386.85,19750.0,19750,ATM+7,CALL,19400,2023-11-07
2023-11-07 11:03:00+05:30,2.1,2.1,2.05,2.1,24850,2272550,12.260092,19387.25,19750.0,19750,ATM+7,CALL,19400,2023-11-07
2023-11-07 11:04:00+05:30,2.1,2.1,2.05,2.1,28700,2272550,12.275347,19386.8,19750.0,19750,ATM+7,CALL,19400,2023-11-07
2023-11-07 11:05:00+05:30,2.1,2.1,2.05,2.05,3100,2288650,12.246508,19386.15,19750.0,19750,ATM+7,CALL,19400,2023-11-07
2023-11-07 11:06:00+05:30,2.05,2.1,2.05,2.05,2800,2288650,12.19737,19387.9,19750.0,19750,ATM+7,CALL,19400,2023-11-07
2023-11-07 11:07:00+05:30,2.05,2.15,2.05,2.1,81500,2288650,12.208142,19389.3,19750.0,19750,ATM+7,CALL,19400,2023-11-07
2023-11-07 11:08:00+05:30,2.1,2.15,2.05,2.05,77100,2295750,12.137052,19390.1,19750.0,19750,ATM+7,CALL,19400,2023-11-07
2023-11-07 11:09:00+05:30,2.1,2.15,2.05,2.15,89900,2295750,12.124164,19393.95,19750.0,19750,ATM+7,CALL,19400,2023-11-07
2023-11-07 11:10:00+05:30,2.15,2.2,2.1,2.15,198700,2295750,12.087836,19395.25,19750.0,19750,ATM+7,CALL,19400,2023-11-07
2023-11-07 11:11:00+05:30,2.2,2.2,2.15,2.2,11800,2256250,12.102168,19396.45,19750.0,19750,ATM+7,CALL,19400,2023-11-07
2023-11-07 11:12:00+05:30,2.2,2.2,2.1,2.15,47650,2256250,12.122904,19394.2,19750.0,19750,ATM+7,CALL,19400,2023-11-07
2023-11-07 11:13:00+05:30,2.15,2.15,2.1,2.1,3350,2256250,12.157244,19391.45,19750.0,19750,ATM+7,CALL,19400,2023-11-07
2023-11-07 11:14:00+05:30,2.1,2.15,2.1,2.15,6550,2251350,12.166841,19392.85,19750.0,19750,ATM+7,CALL,19400,2023-11-07
2023-11-07 11:15:00+05:30,2.15,2.15,2.1,2.1,12250,2251350,12.220163,19389.45,19750.0,19750,ATM+7,CALL,19400,2023-11-07
2023-11-07 11:16:00+05:30,2.1,2.15,2.1,2.15,11100,2251350,12.232922,19390.75,19750.0,19750,ATM+7,CALL,19400,2023-11-07
2023-11-07 11:17:00+05:30,2.15,2.15,2.1,2.15,2650,2238500,12.143456,19393.85,19750.0,19750,ATM+7,CALL,19400,2023-11-07
2023-11-07 11:18:00+05:30,2.15,2.15,2.1,2.15,5200,2238500,12.02282,19398.0,19750.0,19750,ATM+7,CALL,19400,2023-11-07
2023-11-07 11:19:00+05:30,2.15,2.15,2.1,2.15,4350,2238500,12.069217,19396.5,19750.0,19750,ATM+7,CALL,19400,2023-11-07
2023-11-07 11:20:00+05:30,2.15,2.15,2.1,2.15,21750,2240400,12.080126,19396.2,19750.0,19750,ATM+7,CALL,19400,2023-11-07
2023-11-07 11:21:00+05:30,2.15,2.15,2.15,2.15,20900,2240400,12.079207,19396.3,19750.0,19750,ATM+7,CALL,19400,2023-11-07
2023-11-07 11:22:00+05:30,2.15,2.15,2.1,2.15,13150,2240400,12.149267,19394.0,19750.0,19750,ATM+7,CALL,19400,2023-11-07
2023-11-07 11:23:00+05:30,2.15,2.15,2.1,2.1,10000,2239450,12.183642,19391.25,19750.0,19750,ATM+7,CALL,19400,2023-11-07
2023-11-07 11:24:00+05:30,2.1,2.15,2.1,2.15,19900,2239450,12.252389,19390.65,19750.0,19750,ATM+7,CALL,19400,2023-11-07
2023-11-07 11:25:00+05:30,2.1,2.15,2.1,2.15,4200,2239450,12.242638,19391.05,19750.0,19750,ATM+7,CALL,19400,2023-11-07
2023-11-07 11:26:00+05:30,2.15,2.15,2.1,2.1,9050,2226700,12.275244,19388.35,19750.0,19750,ATM+7,CALL,19400,2023-11-07
2023-11-07 11:27:00+05:30,2.1,2.15,2.1,2.15,13200,2226700,12.221645,19391.9,19750.0,19750,ATM+7,CALL,19400,2023-11-07
2023-11-07 11:28:00+05:30,2.15,2.15,2.1,2.1,2100,2226700,12.23962,19389.7,19750.0,19750,ATM+7,CALL,19400,2023-11-07
2023-11-07 11:29:00+05:30,2.1,2.15,2.1,2.15,1750,2222900,12.286393,19389.85,19750.0,19750,ATM+7,CALL,19400,2023-11-07
2023-11-07 11:30:00+05:30,2.15,2.15,2.1,2.15,25000,2222900,12.325418,19388.6,19750.0,19750,ATM+7,CALL,19400,2023-11-07
2023-11-07 11:31:00+05:30,2.15,2.15,2.1,2.15,16650,2222900,12.377737,19386.9,19750.0,19750,ATM+7,CALL,19400,2023-11-07
2023-11-07 11:32:00+05:30,2.15,2.15,2.1,2.15,8650,2241200,12.285234,19390.1,19750.0,19750,ATM+7,CALL,19400,2023-11-07
2023-11-07 11:33:00+05:30,2.15,2.15,2.1,2.15,29500,2241200,12.374536,19387.15,19750.0,19750,ATM+7,CALL,19400,2023-11-07
2023-11-07 11:34:00+05:30,2.15,2.15,2.1,2.1,3550,2241200,12.300703,19388.05,19750.0,19750,ATM+7,CALL,19400,2023-11-07
2023-11-07 11:35:00+05:30,2.1,2.15,2.1,2.1,7250,2241200,12.146392,19393.35,19750.0,19750,ATM+7,CALL,19400,2023-11-07
2023-11-07 11:36:00+05:30,2.15,2.15,2.1,2.15,17350,2221200,12.136582,19395.4,19750.0,19750,ATM+7,CALL,19400,2023-11-07
2023-11-07 11:37:00+05:30,2.15,2.2,2.15,2.2,6050,2221200,12.2268,19394.05,19750.0,19750,ATM+7,CALL,19400,2023-11-07
2023-11-07 11:38:00+05:30,2.2,2.2,2.15,2.2,10800,2232350,12.248192,19393.4,19750.0,19750,ATM+7,CALL,19400,2023-11-07
2023-11-07 11:39:00+05:30,2.2,2.2,2.15,2.2,8100,2232350,12.346824,19390.15,19750.0,19750,ATM+7,CALL,19400,2023-11-07
2023-11-07 11:40:00+05:30,2.2,2.2,1.95,2.05,247950,2232350,12.60089,19376.55,19750.0,19750,ATM+7,CALL,19400,2023-11-07
2023-11-07 11:41:00+05:30,2.7,2.75,2.3,2.45,994750,5752700,11.844327,19365.65,19700.0,19750,ATM+7,CALL,19400,2023-11-07
2023-11-07 11:42:00+05:30,2.5,2.5,2.4,2.5,413550,5752700,12.079931,19359.4,19700.0,19750,ATM+7,CALL,19400,2023-11-07
2023-11-07 11:43:00+05:30,2.5,2.6,2.45,2.55,363800,5752700,12.259282,19355.0,19700.0,19750,ATM+7,CALL,19400,2023-11-07
2023-11-07 11:44:00+05:30,2.6,2.9,2.6,2.85,299550,5789100,12.520903,19354.7,19700.0,19750,ATM+7,CALL,19400,2023-11-07
2023-11-07 11:45:00+05:30,2.95,3.05,2.75,2.8,1055600,5789100,12.929056,19340.2,19700.0,19750,ATM+7,CALL,19400,2023-11-07
2023-11-07 11:46:00+05:30,2.8,2.9,2.8,2.85,541000,5789100,12.803333,19345.7,19700.0,19750,ATM+7,CALL,19400,2023-11-07
2023-11-07 11:47:00+05:30,2.85,2.85,2.75,2.75,236150,6035300,12.727107,19345.55,19700.0,19750,ATM+7,CALL,19400,2023-11-07
2023-11-07 11:48:00+05:30,2.75,2.8,2.65,2.65,387100,6035300,12.75599,19341.9,19700.0,19750,ATM+7,CALL,19400,2023-11-07
2023-11-07 11:49:00+05:30,2.7,2.7,2.6,2.6,199400,6035300,12.865486,19336.95,19700.0,19750,ATM+7,CALL,19400,2023-11-07
2023-11-07 11:50:00+05:30,2.6,2.7,2.55,2.65,250550,5913300,12.772549,19341.5,19700.0,19750,ATM+7,CALL,19400,2023-11-07
2023-11-07 11:51:00+05:30,2.65,2.75,2.65,2.75,307600,5913300,12.786479,19343.9,19700.0,19750,ATM+7,CALL,19400,2023-11-07
2023-11-07 11:52:00+05:30,2.85,2.85,2.8,2.8,214000,5913300,12.939829,19340.35,19700.0,19750,ATM+7,CALL,19400,2023-11-07
2023-11-07 11:53:00+05:30,2.8,2.85,2.8,2.8,109600,6229200,13.012782,19338.05,19700.0,19750,ATM+7,CALL,19400,2023-11-07
2023-11-07 11:54:00+05:30,2.8,2.9,2.8,2.85,286100,6229200,13.275501,19330.95,19700.0,19750,ATM+7,CALL,19400,2023-11-07
2023-11-07 11:55:00+05:30,2.8,2.95,2.8,2.9,174250,6229200,12.945933,19343.05,19700.0,19750,ATM+7,CALL,19400,2023-11-07
2023-11-07 11:56:00+05:30,2.85,2.9,2.85,2.85,136250,6257700,12.962598,19341.25,19700.0,19750,ATM+7,CALL,19400,2023-11-07
2023-11-07 11:57:00+05:30,2.9,2.9,2.85,2.85,59500,6257700,12.926208,19342.5,19700.0,19750,ATM+7,CALL,19400,2023-11-07
2023-11-07 11:58:00+05:30,2.85,2.9,2.85,2.85,74400,6257700,12.948488,19341.85,19700.0,19750,ATM+7,CALL,19400,2023-11-07
2023-11-07 11:59:00+05:30,2.85,2.9,2.85,2.9,62800,6311650,12.897449,19344.9,19700.0,19750,ATM+7,CALL,19400,2023-11-07
2023-11-07 12:00:00+05:30,2.85,2.9,2.85,2.9,28300,6311650,13.028187,19340.75,19700.0,19750,ATM+7,CALL,19400,2023-11-07
2023-11-07 12:01:00+05:30,2.85,2.9,2.85,2.9,34900,6311650,13.042792,19340.35,19700.0,19750,ATM+7,CALL,19400,2023-11-07
2023-11-07 12:02:00+05:30,2.85,2.95,2.85,2.9,230600,6495150,13.150219,19336.95,19700.0,19750,ATM+7,CALL,19400,2023-11-07
2023-11-07 12:03:00+05:30,2.9,2.95,2.85,2.95,158550,6495150,13.043178,19341.8,19700.0,19750,ATM+7,CALL,19400,2023-11-07
2023-11-07 12:04:00+05:30,2.9,2.95,2.9,2.9,54150,6495150,13.063405,19339.9,19700.0,19750,ATM+7,CALL,19400,2023-11-07
2023-11-07 12:05:00+05:30,2.9,2.9,2.85,2.9,34500,6564650,12.929276,19344.3,19700.0,19750,ATM+7,CALL,19400,2023-11-07
2023-11-07 12:06:00+05:30,2.85,2.9,2.8,2.8,62350,6564650,12.824163,19345.1,19700.0,19750,ATM+7,CALL,19400,2023-11-07
2023-11-07 12:07:00+05:30,2.8,2.85,2.8,2.8,43350,6564650,12.64858,19350.85,19700.0,19750,ATM+7,CALL,19400,2023-11-07
2023-11-07 12:08:00+05:30,2.8,2.85,2.8,2.8,55000,6577050,12.68788,19349.65,19700.0,19750,ATM+7,CALL,19400,2023-11-07
2023-11-07 12:09:00+05:30,2.85,2.85,2.8,2.85,41000,6577050,12.706395,19350.45,19700.0,19750,ATM+7,CALL,19400,2023-11-07
2023-11-07 12:10:00+05:30,2.8,2.85,2.8,2.8,24400,6577050,12.721623,19348.7,19700.0,19750,ATM+7,CALL,19400,2023-11-07
2023-11-07 12:11:00+05:30,2.85,2.85,2.8,2.85,61700,6584600,12.701438,19350.75,19700.0,19750,ATM+7,CALL,19400,2023-11-07
2023-11-07 12:12:00+05:30,2.85,2.9,2.8,2.9,75700,6584600,12.703842,19352.05,19700.0,19750,ATM+7,CALL,19400,2023-11-07
2023-11-07 12:13:00+05:30,2.9,2.9,2.85,2.85,34350,6584600,12.747697,19349.4,19700.0,19750,ATM+7,CALL,19400,2023-11-07
2023-11-07 12:14:00+05:30,2.85,2.9,2.85,2.85,20500,6594700,12.655168,19352.45,19700.0,19750,ATM+7,CALL,19400,2023-11-07
2023-11-07 12:15:00+05:30,2.85,2.9,2.85,2.9,31300,6594700,12.690136,19352.7,19700.0,19750,ATM+7,CALL,19400,2023-11-07
2023-11-07 12:16:00+05:30,2.9,2.9,2.85,2.85,39700,6594700,12.643971,19352.95,19700.0,19750,ATM+7,CALL,19400,2023-11-07
2023-11-07 12:17:00+05:30,2.85,2.9,2.85,2.85,73450,6602600,12.664794,19352.35,19700.0,19750,ATM+7,CALL,19400,2023-11-07
2023-11-07 12:18:00+05:30,2.9,2.9,2.85,2.9,36450,6602600,12.634326,19354.7,19700.0,19750,ATM+7,CALL,19400,2023-11-07
2023-11-07 12:19:00+05:30,2.9,2.9,2.85,2.9,37850,6602600,12.497598,19359.15,19700.0,19750,ATM+7,CALL,19400,2023-11-07
2023-11-07 12:20:00+05:30,2.9,2.9,2.8,2.85,67450,6601250,12.450257,19359.45,19700.0,19750,ATM+7,CALL,19400,2023-11-07
2023-11-07 12:21:00+05:30,2.8,2.85,2.8,2.8,35500,6601250,12.478718,19357.3,19700.0,19750,ATM+7,CALL,19400,2023-11-07
2023-11-07 12:22:00+05:30,2.8,2.85,2.75,2.8,32300,6601250,12.578743,19354.15,19700.0,19750,ATM+7,CALL,19400,2023-11-07
2023-11-07 12:23:00+05:30,2.8,2.8,2.75,2.75,15500,6611500,12.551942,19353.75,19700.0,19750,ATM+7,CALL,19400,2023-11-07
2023-11-07 12:24:00+05:30,2.8,2.8,2.75,2.75,39050,6611500,12.498306,19355.55,19700.0,19750,ATM+7,CALL,19400,2023-11-07
2023-11-07 12:25:00+05:30,2.75,2.8,2.75,2.8,20800,6611500,12.519968,19356.25,19700.0,19750,ATM+7,CALL,19400,2023-11-07
2023-11-07 12:26:00+05:30,2.8,2.8,2.7,2.75,97100,6652250,12.466936,19356.7,19700.0,19750,ATM+7,CALL,19400,2023-11-07
2023-11-07 12:27:00+05:30,2.75,2.75,2.65,2.7,93700,6652250,12.483156,19354.9,19700.0,19750,ATM+7,CALL,19400,2023-11-07
2023-11-07 12:28:00+05:30,2.7,2.75,2.65,2.7,39900,6652250,12.517795,19353.85,19700.0,19750,ATM+7,CALL,19400,2023-11-07
2023-11-07 12:29:00+05:30,2.7,2.75,2.65,2.65,19900,6644000,12.491521,19353.4,19700.0,19750,ATM+7,CALL,19400,2023-11-07
2023-11-07 12:30:00+05:30,2.65,2.7,2.65,2.7,8950,6644000,12.543772,19353.15,19700.0,19750,ATM+7,CALL,19400,2023-11-07
2023-11-07 12:31:00+05:30,2.65,2.7,2.65,2.65,47250,6644000,12.563721,19351.2,19700.0,19750,ATM+7,CALL,19400,2023-11-07
2023-11-07 12:32:00+05:30,2.65,2.8,2.65,2.75,124650,6650700,12.503136,19355.95,19700.0,19750,ATM+7,CALL,19400,2023-11-07
2023-11-07 12:33:00+05:30,2.75,2.8,2.75,2.8,55850,6650700,12.496771,19357.55,19700.0,19750,ATM+7,CALL,19400,2023-11-07
2023-11-07 12:34:00+05:30,2.8,2.9,2.75,2.85,96400,6650700,12.30208,19365.15,19700.0,19750,ATM+7,CALL,19400,2023-11-07
2023-11-07 12:35:00+05:30,2.85,2.85,2.8,2.8,154800,6631750,12.203057,19367.1,19700.0,19750,ATM+7,CALL,19400,2023-11-07
2023-11-07 12:36:00+05:30,2.8,2.8,2.65,2.65,124750,6631750,12.184748,19363.8,19700.0,19750,ATM+7,CALL,19400,2023-11-07
2023-11-07 12:37:00+05:30,2.65,2.75,2.65,2.75,55300,6631750,12.140259,19367.95,19700.0,19750,ATM+7,CALL,19400,2023-11-07
2023-11-07 12:38:00+05:30,2.75,2.75,2.7,2.7,177900,6667500,12.107712,19367.75,19700.0,19750,ATM+7,CALL,19400,2023-11-07
2023-11-07 12:39:00+05:30,2.7,2.75,2.65,2.65,29600,6667500,12.132123,19365.7,19700.0,19750,ATM+7,CALL,19400,2023-11-07
2023-11-07 12:40:00+05:30,2.65,2.8,2.65,2.7,152050,6667500,12.200623,19364.9,19700.0,19750,ATM+7,CALL,19400,2023-11-07
2023-11-07 12:41:00+05:30,2.7,2.75,2.65,2.75,32200,6657050,12.211106,19365.95,19700.0,19750,ATM+7,CALL,19400,2023-11-07
2023-11-07 12:42:00+05:30,2.75,2.75,2.65,2.65,29950,6657050,12.174139,19364.55,19700.0,19750,ATM+7,CALL,19400,2023-11-07
2023-11-07 12:43:00+05:30,2.65,2.7,2.65,2.65,2350,6657050,12.185565,19364.25,19700.0,19750,ATM+7,CALL,19400,2023-11-07
2023-11-07 12:44:00+05:30,2.7,2.7,2.6,2.7,98900,6637000,12.254218,19363.45,19700.0,19750,ATM+7,CALL,19400,2023-11-07
2023-11-07 12:45:00+05:30,2.7,2.7,2.65,2.7,22250,6637000,12.19408,19365.45,19700.0,19750,ATM+7,CALL,19400,2023-11-07
2023-11-07 12:46:00+05:30,2.7,2.75,2.65,2.75,31050,6637000,12.231072,19365.65,19700.0,19750,ATM+7,CALL,19400,2023-11-07
2023-11-07 12:47:00+05:30,2.7,2.75,2.7,2.7,30250,6647400,12.092331,19368.85,19700.0,19750,ATM+7,CALL,19400,2023-11-07
2023-11-07 12:48:00+05:30,2.7,2.75,2.65,2.75,129200,6647400,12.04771,19371.65,19700.0,19750,ATM+7,CALL,19400,2023-11-07
2023-11-07 12:49:00+05:30,2.75,2.75,2.7,2.75,20350,6647400,12.043544,19371.85,19700.0,19750,ATM+7,CALL,19400,2023-11-07
2023-11-07 12:50:00+05:30,2.75,2.75,2.7,2.7,19750,6654300,12.114241,19368.35,19700.0,19750,ATM+7,CALL,19400,2023-11-07
2023-11-07 12:51:00+05:30,2.7,2.75,2.7,2.7,15000,6654300,12.07109,19369.8,19700.0,19750,ATM+7,CALL,19400,2023-11-07
2023-11-07 12:52:00+05:30,2.75,2.75,2.7,2.75,35850,6654300,12.093678,19370.45,19700.0,19750,ATM+7,CALL,19400,2023-11-07
2023-11-07 12:53:00+05:30,2.75,2.75,2.7,2.75,40150,6664750,12.169341,19368.1,19700.0,19750,ATM+7,CALL,19400,2023-11-07
2023-11-07 12:54:00+05:30,2.7,2.8,2.7,2.75,460850,6664750,12.285606,19364.45,19700.0,19750,ATM+7,CALL,19400,2023-11-07
2023-11-07 12:55:00+05:30,2.75,2.85,2.7,2.8,166600,6664750,12.402171,19362.1,19700.0,19750,ATM+7,CALL,19400,2023-11-07
2023-11-07 12:56:00+05:30,2.8,2.85,2.75,2.8,166000,6984500,12.399633,19362.25,19700.0,19750,ATM+7,CALL,19400,2023-11-07
2023-11-07 12:57:00+05:30,2.8,2.8,2.75,2.8,71350,6984500,12.346967,19364.0,19700.0,19750,ATM+7,CALL,19400,2023-11-07
2023-11-07 12:58:00+05:30,2.8,2.8,2.7,2.75,488000,6984500,12.242551,19366.1,19700.0,19750,ATM+7,CALL,19400,2023-11-07
2023-11-07 12:59:00+05:30,2.8,2.8,2.7,2.75,530150,6668600,12.221209,19366.85,19700.0,19750,ATM+7,CALL,19400,2023-11-07
2023-11-07 13:00:00+05:30,2.75,2.8,2.75,2.8,185050,6668600,12.238912,19367.65,19700.0,19750,ATM+7,CALL,19400,2023-11-07
2023-11-07 13:01:00+05:30,2.8,2.85,2.75,2.75,71850,6668600,12.140882,19369.55,19700.0,19750,ATM+7,CALL,19400,2023-11-07
2023-11-07 13:02:00+05:30,2.75,2.8,2.75,2.75,3000,6668600,12.168079,19368.75,19700.0,19750,ATM+7,CALL,19400,2023-11-07
2023-11-07 13:03:00+05:30,2.75,2.8,2.7,2.75,22450,6630850,12.116899,19370.45,19700.0,19750,ATM+7,CALL,19400,2023-11-07
2023-11-07 13:04:00+05:30,2.75,2.8,2.7,2.75,40800,6630850,12.133131,19370.0,19700.0,19750,ATM+7,CALL,19400,2023-11-07
2023-11-07 13:05:00+05:30,2.75,2.85,2.75,2.8,76050,6660750,12.199315,19369.25,19700.0,19750,ATM+7,CALL,19400,2023-11-07
2023-11-07 13:06:00+05:30,2.85,2.85,2.75,2.75,53700,6660750,12.087158,19371.6,19700.0,19750,ATM+7,CALL,19400,2023-11-07
2023-11-07 13:07:00+05:30,2.75,2.8,2.75,2.75,4800,6660750,12.167734,19369.1,19700.0,19750,ATM+7,CALL,19400,2023-11-07
2023-11-07 13:08:00+05:30,2.8,2.8,2.65,2.65,310400,6564500,12.120197,19368.05,19700.0,19750,ATM+7,CALL,19400,2023-11-07
2023-11-07 13:09:00+05:30,2.65,2.7,2.6,2.65,40000,6564500,12.139485,19367.5,19700.0,19750,ATM+7,CALL,19400,2023-11-07
2023-11-07 13:10:00+05:30,2.65,2.65,2.45,2.5,467000,6564500,12.069794,19365.7,19700.0,19750,ATM+7,CALL,19400,2023-11-07
2023-11-07 13:11:00+05:30,2.45,2.55,2.4,2.5,362850,6498000,11.974308,19368.85,19700.0,19750,ATM+7,CALL,19400,2023-11-07
2023-11-07 13:12:00+05:30,2.5,2.55,2.45,2.45,252600,6498000,12.09828,19363.5,19700.0,19750,ATM+7,CALL,19400,2023-11-07
2023-11-07 13:13:00+05:30,2.45,2.55,2.4,2.55,218050,6498000,12.187606,19363.5,19700.0,19750,ATM+7,CALL,19400,2023-11-07
2023-11-07 13:14:00+05:30,2.55,2.6,2.5,2.5,115400,6498000,12.044164,19366.8,19700.0,19750,ATM+7,CALL,19400,2023-11-07
2023-11-07 13:15:00+05:30,2.45,2.5,2.45,2.5,21450,6450750,12.061773,19366.3,19700.0,19750,ATM+7,CALL,19400,2023-11-07
2023-11-07 13:16:00+05:30,2.5,2.5,2.45,2.5,12850,6450750,12.034434,19367.25,19700.0,19750,ATM+7,CALL,19400,2023-11-07
2023-11-07 13:17:00+05:30,2.55,2.55,2.45,2.45,67200,6450750,12.036253,19365.85,19700.0,19750,ATM+7,CALL,19400,2023-11-07
2023-11-07 13:18:00+05:30,2.45,2.5,2.45,2.5,16700,6451750,12.199811,19362.05,19700.0,19750,ATM+7,CALL,19400,2023-11-07
2023-11-07 13:19:00+05:30,2.5,2.5,2.45,2.45,32300,6451750,12.154839,19362.15,19700.0,19750,ATM+7,CALL,19400,2023-11-07
2023-11-07 13:20:00+05:30,2.4,2.45,2.4,2.45,28100,6451750,12.224915,19359.95,19700.0,19750,ATM+7,CALL,19400,2023-11-07
2023-11-07 13:21:00+05:30,2.45,2.45,2.35,2.35,94400,6441700,12.20763,19357.65,19700.0,19750,ATM+7,CALL,19400,2023-11-07
2023-11-07 13:22:00+05:30,2.4,2.45,2.35,2.4,66900,6441700,12.184454,19359.95,19700.0,19750,ATM+7,CALL,19400,2023-11-07
2023-11-07 13:23:00+05:30,2.4,2.5,2.4,2.5,140650,6441700,12.222914,19361.65,19700.0,19750,ATM+7,CALL,19400,2023-11-07
2023-11-07 13:24:00+05:30,2.5,2.5,2.4,2.4,67500,6445600,12.151753,19361.15,19700.0,19750,ATM+7,CALL,19400,2023-11-07
2023-11-07 13:25:00+05:30,2.45,2.5,2.4,2.45,52500,6445600,12.108882,19364.05,19700.0,19750,ATM+7,CALL,19400,2023-11-07
2023-11-07 13:26:00+05:30,2.45,2.5,2.4,2.45,89300,6445600,12.126482,19363.55,19700.0,19750,ATM+7,CALL,19400,2023-11-07
2023-11-07 13:27:00+05:30,2.45,2.45,2.35,2.4,110850,6445850,12.235224,19358.65,19700.0,19750,ATM+7,CALL,19400,2023-11-07
2023-11-07 13:28:00+05:30,2.4,2.45,2.4,2.45,55700,6445850,12.313172,19357.65,19700.0,19750,ATM+7,CALL,19400,2023-11-07
2023-11-07 13:29:00+05:30,2.45,2.45,2.4,2.45,111600,6445850,12.386366,19355.35,19700.0,19750,ATM+7,CALL,19400,2023-11-07
2023-11-07 13:30:00+05:30,2.45,2.45,2.4,2.4,18400,6412700,12.314096,19356.3,19700.0,19750,ATM+7,CALL,19400,2023-11-07
2023-11-07 13:31:00+05:30,2.4,2.45,2.4,2.4,51400,6412700,12.362465,19354.8,19700.0,19750,ATM+7,CALL,19400,2023-11-07
2023-11-07 13:32:00+05:30,2.4,2.5,2.4,2.45,96050,6412700,12.198117,19361.65,19700.0,19750,ATM+7,CALL,19400,2023-11-07
2023-11-07 13:33:00+05:30,2.45,2.5,2.25,2.35,465900,6407550,12.022522,19364.5,19700.0,19750,ATM+7,CALL,19400,2023-11-07
2023-11-07 13:34:00+05:30,2.4,2.4,2.3,2.3,245750,6407550,11.783635,19370.85,19700.0,19750,ATM+7,CALL,19400,2023-11-07
2023-11-07 13:35:00+05:30,2.35,2.35,2.25,2.3,427950,6407550,11.73486,19372.5,19700.0,19750,ATM+7,CALL,19400,2023-11-07
2023-11-07 13:36:00+05:30,2.35,2.45,2.35,2.45,244900,6326550,11.944636,19370.1,19700.0,19750,ATM+7,CALL,19400,2023-11-07
2023-11-07 13:37:00+05:30,2.45,2.45,2.35,2.35,62100,6326550,11.913736,19368.3,19700.0,19750,ATM+7,CALL,19400,2023-11-07
2023-11-07 13:38:00+05:30,2.35,2.4,2.35,2.35,213950,6326550,11.914296,19368.35,19700.0,19750,ATM+7,CALL,19400,2023-11-07
2023-11-07 13:39:00+05:30,2.35,2.4,2.3,2.4,131800,6263400,11.944103,19368.9,19700.0,19750,ATM+7,CALL,19400,2023-11-07
2023-11-07 13:40:00+05:30,2.4,2.4,2.3,2.35,347900,6263400,11.773177,19373.05,19700.0,19750,ATM+7,CALL,19400,2023-11-07
2023-11-07 13:41:00+05:30,2.35,2.35,2.25,2.35,194100,6263400,11.748946,19373.9,19700.0,19750,ATM+7,CALL,19400,2023-11-07
2023-11-07 13:42:00+05:30,2.35,2.45,2.3,2.45,185350,6273200,11.812613,19374.75,19700.0,19750,ATM+7,CALL,19400,2023-11-07
2023-11-07 13:43:00+05:30,2.45,2.5,2.4,2.45,201750,6273200,11.827163,19374.35,19700.0,19750,ATM+7,CALL,19400,2023-11-07
2023-11-07 13:44:00+05:30,2.45,2.5,2.45,2.5,79450,6273200,11.916183,19372.95,19700.0,19750,ATM+7,CALL,19400,2023-11-07
2023-11-07 13:45:00+05:30,2.5,2.5,2.4,2.45,57900,6345900,11.890526,19372.45,19700.0,19750,ATM+7,CALL,19400,2023-11-07
2023-11-07 13:46:00+05:30,2.45,2.45,2.4,2.4,32350,6345900,11.938738,19369.55,19700.0,19750,ATM+7,CALL,19400,2023-11-07
2023-11-07 13:47:00+05:30,2.4,2.4,2.35,2.35,145650,6345900,11.806366,19372.45,19700.0,19750,ATM+7,CALL,19400,2023-11-07
2023-11-07 13:48:00+05:30,2.4,2.45,2.35,2.4,69800,6302450,11.83273,19373.1,19700.0,19750,ATM+7,CALL,19400,2023-11-07
2023-11-07 13:49:00+05:30,2.4,2.45,2.35,2.35,91100,6302450,11.776462,19373.55,19700.0,19750,ATM+7,CALL,19400,2023-11-07
2023-11-07 13:50:00+05:30,1.75,1.8,1.7,1.75,39200,2124400,12.529484,19377.45,19750.0,19750,ATM+7,CALL,19400,2023-11-07
2023-11-07 13:51:00+05:30,1.75,1.75,1.7,1.75,31800,2110500,12.285993,19385.8,19750.0,19750,ATM+7,CALL,19400,2023-11-07
2023-11-07 13:52:00+05:30,1.75,1.8,1.75,1.75,45800,2110500,12.229217,19387.8,19750.0,19750,ATM+7,CALL,19400,2023-11-07
2023-11-07 13:53:00+05:30,1.75,1.8,1.7,1.7,105300,2110500,12.041654,19392.3,19750.0,19750,ATM+7,CALL,19400,2023-11-07
2023-11-07 13:54:00+05:30,1.7,1.75,1.65,1.75,68950,2108900,12.009159,19395.4,19750.0,19750,ATM+7,CALL,19400,2023-11-07
2023-11-07 13:55:00+05:30,1.75,1.9,1.75,1.85,194400,2108900,12.129098,19395.15,19750.0,19750,ATM+7,CALL,19400,2023-11-07
2023-11-07 13:56:00+05:30,1.85,2.05,1.85,2.0,291300,2108900,12.144389,19400.0,19750.0,19750,ATM+7,CALL,19400,2023-11-07
2023-11-07 13:57:00+05:30,1.95,2.05,1.9,1.9,188200,2145150,12.136466,19396.85,19750.0,19750,ATM+7,CALL,19400,2023-11-07
2023-11-07 13:58:00+05:30,1.9,1.95,1.8,1.9,79000,2145150,12.122177,19397.4,19750.0,19750,ATM+7,CALL,19400,2023-11-07
2023-11-07 13:59:00+05:30,1.9,1.9,1.8,1.8,126600,2145150,12.122982,19393.8,19750.0,19750,ATM+7,CALL,19400,2023-11-07
2023-11-07 14:00:00+05:30,1.8,1.85,1.75,1.85,52700,2103150,12.123468,19395.7,19750.0,19750,ATM+7,CALL,19400,2023-11-07
2023-11-07 14:01:00+05:30,1.8,1.9,1.8,1.9,22200,2103150,12.083758,19398.9,19750.0,19750,ATM+7,CALL,19400,2023-11-07
2023-11-07 14:02:00+05:30,1.9,2.05,1.9,2.0,194700,2103150,12.265719,19396.4,19750.0,19750,ATM+7,CALL,19400,2023-11-07
2023-11-07 14:03:00+05:30,2.0,2.05,1.95,2.0,106850,2088850,12.144415,19400.5,19750.0,19750,ATM+7,CALL,19400,2023-11-07
2023-11-07 14:04:00+05:30,2.0,2.1,1.95,2.1,203850,2088850,12.103586,19405.25,19750.0,19750,ATM+7,CALL,19400,2023-11-07
2023-11-07 14:05:00+05:30,2.05,2.1,1.9,2.05,199500,2088850,12.036267,19405.9,19750.0,19750,ATM+7,CALL,19400,2023-11-07
2023-11-07 14:06:00+05:30,2.05,2.1,1.95,2.0,185350,2101050,12.022662,19404.75,19750.0,19750,ATM+7,CALL,19400,2023-11-07
2023-11-07 14:07:00+05:30,2.0,2.05,1.95,2.05,202400,2101050,12.049641,19405.6,19750.0,19750,ATM+7,CALL,19400,2023-11-07
2023-11-07 14:08:00+05:30,2.05,2.05,1.9,1.9,58350,2101050,12.014885,19401.7,19750.0,19750,ATM+7,CALL,19400,2023-11-07
2023-11-07 14:09:00+05:30,1.9,1.9,1.8,1.8,118000,2126250,12.027071,19397.75,19750.0,19750,ATM+7,CALL,19400,2023-11-07
2023-11-07 14:10:00+05:30,1.8,1.9,1.75,1.85,106850,2126250,12.121152,19396.5,19750.0,19750,ATM+7,CALL,19400,2023-11-07
2023-11-07 14:11:00+05:30,1.85,1.85,1.8,1.8,57200,2126250,12.070039,19396.45,19750.0,19750,ATM+7,CALL,19400,2023-11-07
2023-11-07 14:12:00+05:30,1.8,1.9,1.8,1.9,61150,2099050,12.050446,19400.8,19750.0,19750,ATM+7,CALL,19400,2023-11-07
2023-11-07 14:13:00+05:30,1.9,1.95,1.9,1.95,47550,2099050,12.15033,19399.3,19750.0,19750,ATM+7,CALL,19400,2023-11-07
2023-11-07 14:14:00+05:30,1.95,2.0,1.95,2.0,86650,2099050,12.148585,19401.15,19750.0,19750,ATM+7,CALL,19400,2023-11-07
2023-11-07 14:15:00+05:30,2.0,2.0,1.9,1.9,20750,2082500,12.067395,19400.45,19750.0,19750,ATM+7,CALL,19400,2023-11-07
2023-11-07 14:16:00+05:30,1.9,2.0,1.85,1.95,67700,2082500,12.048422,19402.9,19750.0,19750,ATM+7,CALL,19400,2023-11-07
2023-11-07 14:17:00+05:30,1.95,2.0,1.95,1.95,38800,2082500,12.071665,19402.2,19750.0,19750,ATM+7,CALL,19400,2023-11-07
2023-11-07 14:18:00+05:30,1.95,2.0,1.95,1.95,31250,2093250,12.182242,19398.6,19750.0,19750,ATM+7,CALL,19400,2023-11-07
2023-11-07 14:19:00+05:30,1.95,1.95,1.9,1.95,7800,2093250,12.125693,19400.55,19750.0,19750,ATM+7,CALL,19400,2023-11-07
2023-11-07 14:20:00+05:30,1.9,1.95,1.9,1.95,16300,2093250,12.173041,19399.05,19750.0,19750,ATM+7,CALL,19400,2023-11-07
2023-11-07 14:21:00+05:30,1.95,1.95,1.9,1.9,27150,2083300,12.092341,19400.05,19750.0,19750,ATM+7,CALL,19400,2023-11-07
2023-11-07 14:22:00+05:30,1.9,1.95,1.9,1.95,15000,2083300,12.216546,19397.75,19750.0,19750,ATM+7,CALL,19400,2023-11-07
2023-11-07 14:23:00+05:30,1.95,2.0,1.9,2.0,75500,2083300,12.391673,19393.75,19750.0,19750,ATM+7,CALL,19400,2023-11-07
2023-11-07 14:24:00+05:30,2.0,2.0,1.95,1.95,12350,2087000,12.454094,19390.0,19750.0,19750,ATM+7,CALL,19400,2023-11-07
2023-11-07 14:25:00+05:30,1.95,2.0,1.85,1.9,97700,2087000,12.423538,19389.3,19750.0,19750,ATM+7,CALL,19400,2023-11-07
2023-11-07 14:26:00+05:30,1.9,2.0,1.9,2.0,19900,2087000,12.451138,19392.0,19750.0,19750,ATM+7,CALL,19400,2023-11-07
2023-11-07 14:27:00+05:30,2.0,2.0,1.95,2.0,4200,2075950,12.460909,19391.75,19750.0,19750,ATM+7,CALL,19400,2023-11-07
2023-11-07 14:28:00+05:30,2.0,2.0,1.95,1.95,10250,2075950,12.580218,19386.1,19750.0,19750,ATM+7,CALL,19400,2023-11-07
2023-11-07 14:29:00+05:30,1.95,2.0,1.95,1.95,18650,2075950,12.511839,19388.45,19750.0,19750,ATM+7,CALL,19400,2023-11-07
2023-11-07 14:30:00+05:30,1.95,2.0,1.9,1.95,41500,2067950,12.375663,19393.05,19750.0,19750,ATM+7,CALL,19400,2023-11-07
2023-11-07 14:31:00+05:30,2.0,2.0,1.95,1.95,6800,2067950,12.319136,19395.0,19750.0,19750,ATM+7,CALL,19400,2023-11-07
2023-11-07 14:32:00+05:30,2.0,2.0,1.9,1.95,18650,2067950,12.473428,19389.95,19750.0,19750,ATM+7,CALL,19400,2023-11-07
2023-11-07 14:33:00+05:30,1.9,1.95,1.9,1.9,3350,2070400,12.378316,19391.4,19750.0,19750,ATM+7,CALL,19400,2023-11-07
2023-11-07 14:34:00+05:30,1.9,1.95,1.9,1.9,28950,2070400,12.463057,19388.65,19750.0,19750,ATM+7,CALL,19400,2023-11-07
2023-11-07 14:35:00+05:30,1.9,1.9,1.85,1.9,14300,2070400,12.387257,19391.25,19750.0,19750,ATM+7,CALL,19400,2023-11-07
2023-11-07 14:36:00+05:30,1.9,1.9,1.85,1.9,10700,2074950,12.446518,19389.35,19750.0,19750,ATM+7,CALL,19400,2023-11-07
2023-11-07 14:37:00+05:30,1.9,1.9,1.85,1.85,2750,2074950,12.458252,19387.2,19750.0,19750,ATM+7,CALL,19400,2023-11-07
2023-11-07 14:38:00+05:30,1.85,1.9,1.75,1.75,77950,2074950,12.5346,19380.9,19750.0,19750,ATM+7,CALL,19400,2023-11-07
2023-11-07 14:39:00+05:30,1.75,1.8,1.75,1.75,35150,2061950,12.524984,19381.3,19750.0,19750,ATM+7,CALL,19400,2023-11-07
2023-11-07 14:40:00+05:30,1.75,1.85,1.75,1.75,18000,2061950,12.438195,19384.3,19750.0,19750,ATM+7,CALL,19400,2023-11-07
2023-11-07 14:41:00+05:30,1.75,1.8,1.75,1.8,81800,2061950,12.581065,19381.5,19750.0,19750,ATM+7,CALL,19400,2023-11-07
2023-11-07 14:42:00+05:30,1.8,1.8,1.75,1.8,87950,2051750,12.5729,19381.85,19750.0,19750,ATM+7,CALL,19400,2023-11-07
2023-11-07 14:43:00+05:30,1.8,1.85,1.8,1.85,19650,2051750,12.525537,19385.4,19750.0,19750,ATM+7,CALL,19400,2023-11-07
2023-11-07 14:44:00+05:30,1.85,1.85,1.8,1.85,3950,2051750,12.601068,19382.95,19750.0,19750,ATM+7,CALL,19400,2023-11-07
2023-11-07 14:45:00+05:30,1.85,1.85,1.8,1.8,6850,2033100,12.526026,19383.65,19750.0,19750,ATM+7,CALL,19400,2023-11-07
2023-11-07 14:46:00+05:30,1.8,1.9,1.8,1.85,18300,2033100,12.470914,19387.45,19750.0,19750,ATM+7,CALL,19400,2023-11-07
2023-11-07 14:47:00+05:30,1.85,1.9,1.8,1.85,31000,2033100,12.573455,19384.1,19750.0,19750,ATM+7,CALL,19400,2023-11-07
2023-11-07 14:48:00+05:30,1.85,1.9,1.8,1.85,33100,2033000,12.448435,19388.35,19750.0,19750,ATM+7,CALL,19400,2023-11-07
2023-11-07 14:49:00+05:30,1.85,1.9,1.8,1.85,27800,2033000,12.380217,19390.7,19750.0,19750,ATM+7,CALL,19400,2023-11-07
2023-11-07 14:50:00+05:30,1.85,1.95,1.8,1.95,98650,2033000,12.474563,19391.25,19750.0,19750,ATM+7,CALL,19400,2023-11-07
2023-11-07 14:51:00+05:30,1.9,1.95,1.85,1.95,72650,2042900,12.318127,19396.5,19750.0,19750,ATM+7,CALL,19400,2023-11-07
2023-11-07 14:52:00+05:30,1.95,2.0,1.9,1.95,149450,2042900,12.212888,19400.05,19750.0,19750,ATM+7,CALL,19400,2023-11-07
2023-11-07 14:53:00+05:30,2.0,2.0,1.9,1.95,71800,2042900,12.236295,19399.35,19750.0,19750,ATM+7,CALL,19400,2023-11-07
2023-11-07 14:54:00+05:30,1.95,1.95,1.8,1.8,51000,2025900,12.188917,19395.6,19750.0,19750,ATM+7,CALL,19400,2023-11-07
2023-11-07 14:55:00+05:30,1.8,1.9,1.8,1.9,19450,2025900,12.240413,19397.6,19750.0,19750,ATM+7,CALL,19400,2023-11-07
2023-11-07 14:56:00+05:30,1.85,1.9,1.85,1.85,8700,2025900,12.150824,19398.85,19750.0,19750,ATM+7,CALL,19400,2023-11-07
2023-11-07 14:57:00+05:30,1.85,1.9,1.85,1.85,21850,2020350,12.113874,19400.15,19750.0,19750,ATM+7,CALL,19400,2023-11-07
2023-11-07 14:58:00+05:30,1.9,1.9,1.85,1.9,35450,2020350,12.139786,19401.15,19750.0,19750,ATM+7,CALL,19400,2023-11-07
2023-11-07 14:59:00+05:30,1.9,1.95,1.85,1.9,67100,2020350,12.205459,19399.05,19750.0,19750,ATM+7,CALL,19400,2023-11-07
2023-11-07 15:00:00+05:30,1.9,1.95,1.9,1.9,87100,2003950,11.998911,19405.95,19750.0,19750,ATM+7,CALL,19400,2023-11-07
2023-11-07 15:01:00+05:30,1.9,1.95,1.85,1.9,98650,2003950,12.143353,19401.25,19750.0,19750,ATM+7,CALL,19400,2023-11-07
2023-11-07 15:02:00+05:30,1.9,1.95,1.9,1.9,22450,2003950,12.12286,19402.0,19750.0,19750,ATM+7,CALL,19400,2023-11-07
2023-11-07 15:03:00+05:30,1.9,1.95,1.9,1.9,38400,2003550,12.070563,19403.8,19750.0,19750,ATM+7,CALL,19400,2023-11-07
2023-11-07 15:04:00+05:30,1.85,1.95,1.85,1.9,40700,2003550,12.0364,19405.0,19750.0,19750,ATM+7,CALL,19400,2023-11-07
2023-11-07 15:05:00+05:30,1.85,1.9,1.85,1.9,8550,2003550,11.906671,19409.35,19750.0,19750,ATM+7,CALL,19400,2023-11-07
2023-11-07 15:06:00+05:30,1.85,1.9,1.8,1.85,68500,2003350,11.840594,19409.85,19750.0,19750,ATM+7,CALL,19400,2023-11-07
2023-11-07 15:07:00+05:30,1.9,1.9,1.8,1.8,34100,2003350,11.99516,19403.0,19750.0,19750,ATM+7,CALL,19400,2023-11-07
2023-11-07 15:08:00+05:30,1.8,1.85,1.75,1.75,126900,2003350,12.045174,19399.55,19750.0,19750,ATM+7,CALL,19400,2023-11-07
2023-11-07 15:09:00+05:30,1.8,1.85,1.75,1.8,92400,2024250,12.154437,19397.85,19750.0,19750,ATM+7,CALL,19400,2023-11-07
2023-11-07 15:10:00+05:30,1.8,1.85,1.8,1.85,15450,2024250,12.196758,19398.35,19750.0,19750,ATM+7,CALL,19400,2023-11-07
2023-11-07 15:11:00+05:30,1.8,1.85,1.8,1.85,69050,2024250,12.208024,19398.05,19750.0,19750,ATM+7,CALL,19400,2023-11-07
2023-11-07 15:12:00+05:30,1.8,1.85,1.8,1.8,66100,2039900,12.153539,19398.1,19750.0,19750,ATM+7,CALL,19400,2023-11-07
2023-11-07 15:13:00+05:30,1.8,1.85,1.8,1.8,22800,2039900,12.271493,19394.25,19750.0,19750,ATM+7,CALL,19400,2023-11-07
2023-11-07 15:14:00+05:30,1.8,1.85,1.8,1.8,23700,2039900,12.159461,19398.05,19750.0,19750,ATM+7,CALL,19400,2023-11-07
2023-11-07 15:15:00+05:30,1.85,1.9,1.8,1.85,189600,2033150,12.145923,19400.4,19750.0,19750,ATM+7,CALL,19400,2023-11-07
2023-11-07 15:16:00+05:30,1.85,1.9,1.8,1.85,84750,2033150,12.081629,19402.6,19750.0,19750,ATM+7,CALL,19400,2023-11-07
2023-11-07 15:17:00+05:30,1.85,1.9,1.8,1.8,85000,2033150,11.893303,19407.1,19750.0,19750,ATM+7,CALL,19400,2023-11-07
2023-11-07 15:18:00+05:30,1.8,1.85,1.8,1.85,50250,2050400,11.889209,19409.1,19750.0,19750,ATM+7,CALL,19400,2023-11-07
2023-11-07 15:19:00+05:30,1.8,1.9,1.8,1.9,86200,2050400,11.871612,19411.5,19750.0,19750,ATM+7,CALL,19400,2023-11-07
2023-11-07 15:20:00+05:30,1.9,1.9,1.85,1.85,77450,2050400,11.776737,19412.95,19750.0,19750,ATM+7,CALL,19400,2023-11-07
2023-11-07 15:21:00+05:30,1.85,1.85,1.8,1.85,60800,2069950,11.687753,19415.95,19750.0,19750,ATM+7,CALL,19400,2023-11-07
2023-11-07 15:22:00+05:30,1.85,1.9,1.7,1.8,220400,2069950,11.657615,19415.25,19750.0,19750,ATM+7,CALL,19400,2023-11-07
2023-11-07 15:23:00+05:30,1.75,1.85,1.75,1.85,115850,2069950,11.664657,19416.85,19750.0,19750,ATM+7,CALL,19400,2023-11-07
2023-11-07 15:24:00+05:30,1.85,1.9,1.8,1.9,152400,2056950,11.691852,19417.75,19750.0,19750,ATM+7,CALL,19400,2023-11-07
2023-11-07 15:25:00+05:30,1.9,1.95,1.75,1.85,168600,2056950,11.667402,19416.9,19750.0,19750,ATM+7,CALL,19400,2023-11-07
2023-11-07 15:26:00+05:30,1.85,1.95,1.85,1.95,63850,2056950,11.720183,19418.65,19750.0,19750,ATM+7,CALL,19400,2023-11-07
2023-11-07 15:27:00+05:30,1.95,2.05,1.9,2.05,214450,2036300,11.881664,19416.75,19750.0,19750,ATM+7,CALL,19400,2023-11-07
2023-11-07 15:28:00+05:30,2.05,2.05,1.9,1.9,78100,2036300,11.885046,19411.7,19750.0,19750,ATM+7,CALL,19400,2023-11-07
2023-11-07 15:29:00+05:30,1.9,2.0,1.7,2.0,287350,2036300,11.821986,19417.2,19750.0,19750,ATM+7,CALL,19400,2023-11-07
2023-11-07 15:30:00+05:30,2.0,2.0,2.0,2.0,2100,2036300,11.825689,19417.15,19750.0,19750,ATM+7,CALL,19400,2023-11-07
2023-11-07 09:15:00+05:30,1.85,2.05,1.45,1.55,428700,2972950,13.284969,19369.7,19800.0,19850,ATM+9,CALL,19400,2023-11-07
2023-11-07 09:16:00+05:30,1.5,1.55,1.4,1.5,349600,2972950,13.631818,19354.55,19800.0,19850,ATM+9,CALL,19400,2023-11-07
2023-11-07 09:17:00+05:30,1.5,1.65,1.45,1.65,353800,2974800,13.74142,19357.9,19800.0,19850,ATM+9,CALL,19400,2023-11-07
2023-11-07 09:18:00+05:30,1.65,1.7,1.6,1.65,209350,2974800,13.607906,19362.85,19800.0,19850,ATM+9,CALL,19400,2023-11-07
2023-11-07 09:19:00+05:30,1.65,1.7,1.6,1.65,106100,2974800,13.559328,19364.7,19800.0,19850,ATM+9,CALL,19400,2023-11-07
2023-11-07 09:20:00+05:30,1.7,1.8,1.65,1.8,139600,3055500,13.491291,19373.9,19800.0,19850,ATM+9,CALL,19400,2023-11-07
2023-11-07 09:21:00+05:30,1.8,1.85,1.75,1.75,159050,3055500,13.525084,19370.6,19800.0,19850,ATM+9,CALL,19400,2023-11-07
2023-11-07 09:22:00+05:30,1.45,1.5,1.45,1.5,64300,3450000,14.397821,19375.3,19850.0,19850,ATM+9,CALL,19400,2023-11-07
2023-11-07 09:23:00+05:30,1.45,1.55,1.45,1.55,38050,3486250,14.335754,19380.3,19850.0,19850,ATM+9,CALL,19400,2023-11-07
2023-11-07 09:24:00+05:30,1.55,1.55,1.5,1.55,22450,3486250,14.289432,19382.1,19850.0,19850,ATM+9,CALL,19400,2023-11-07
2023-11-07 09:25:00+05:30,1.55,1.55,1.5,1.5,106400,3486250,14.241995,19381.35,19850.0,19850,ATM+9,CALL,19400,2023-11-07
2023-11-07 09:26:00+05:30,1.8,1.8,1.7,1.7,87400,3084750,13.369825,19374.4,19800.0,19850,ATM+9,CALL,19400,2023-11-07
2023-11-07 09:27:00+05:30,1.45,1.45,1.4,1.45,53050,3488600,14.32116,19375.9,19850.0,19850,ATM+9,CALL,19400,2023-11-07
2023-11-07 09:28:00+05:30,1.65,1.7,1.6,1.6,63950,3084750,13.283212,19373.15,19800.0,19850,ATM+9,CALL,19400,2023-11-07
2023-11-07 09:29:00+05:30,1.65,1.65,1.6,1.6,52550,3109150,13.364925,19370.25,19800.0,19850,ATM+9,CALL,19400,2023-11-07
2023-11-07 09:30:00+05:30,1.6,1.65,1.6,1.65,44050,3109150,13.488539,19368.15,19800.0,19850,ATM+9,CALL,19400,2023-11-07
2023-11-07 09:31:00+05:30,1.65,1.65,1.6,1.6,66200,3109150,13.33907,19371.35,19800.0,19850,ATM+9,CALL,19400,2023-11-07
2023-11-07 09:32:00+05:30,1.6,1.65,1.6,1.6,46300,3137800,13.306918,19372.6,19800.0,19850,ATM+9,CALL,19400,2023-11-07
2023-11-07 09:33:00+05:30,1.6,1.65,1.6,1.6,35950,3137800,13.310447,19372.55,19800.0,19850,ATM+9,CALL,19400,2023-11-07
2023-11-07 09:34:00+05:30,1.65,1.65,1.6,1.65,36950,3137800,13.527561,19367.05,19800.0,19850,ATM+9,CALL,19400,2023-11-07
2023-11-07 09:35:00+05:30,1.6,1.65,1.6,1.65,70300,3160450,13.553152,19366.2,19800.0,19850,ATM+9,CALL,19400,2023-11-07
2023-11-07 09:36:00+05:30,1.65,1.65,1.6,1.65,14200,3160450,13.541582,19366.7,19800.0,19850,ATM+9,CALL,19400,2023-11-07
2023-11-07 09:37:00+05:30,1.65,1.65,1.6,1.65,17650,3160450,13.492823,19368.55,19800.0,19850,ATM+9,CALL,19400,2023-11-07
2023-11-07 09:38:00+05:30,1.6,1.65,1.6,1.6,13900,3178400,13.553223,19364.1,19800.0,19850,ATM+9,CALL,19400,2023-11-07
2023-11-07 09:39:00+05:30,1.6,1.65,1.6,1.65,28250,3178400,13.716089,19360.6,19800.0,19850,ATM+9,CALL,19400,2023-11-07
2023-11-07 09:40:00+05:30,1.65,1.65,1.6,1.6,34900,3178400,13.615223,19362.0,19800.0,19850,ATM+9,CALL,19400,2023-11-07
2023-11-07 09:41:00+05:30,1.65,1.7,1.6,1.65,41650,3183600,13.639334,19363.55,19800.0,19850,ATM+9,CALL,19400,2023-11-07
2023-11-07 09:42:00+05:30,1.65,1.7,1.65,1.65,47150,3183600,13.656694,19363.0,19800.0,19850,ATM+9,CALL,19400,2023-11-07
2023-11-07 09:43:00+05:30,1.65,1.7,1.65,1.7,50850,3183600,13.662747,19365.15,19800.0,19850,ATM+9,CALL,19400,2023-11-07
2023-11-07 09:44:00+05:30,1.7,1.7,1.6,1.6,38800,3185750,13.50052,19366.5,19800.0,19850,ATM+9,CALL,19400,2023-11-07
2023-11-07 09:45:00+05:30,1.6,1.65,1.6,1.65,27250,3185750,13.568268,19366.45,19800.0,19850,ATM+9,CALL,19400,2023-11-07
2023-11-07 09:46:00+05:30,1.65,1.65,1.6,1.6,56000,3185750,13.610647,19362.65,19800.0,19850,ATM+9,CALL,19400,2023-11-07
2023-11-07 09:47:00+05:30,1.6,1.65,1.6,1.65,32100,3218350,13.870176,19355.65,19800.0,19850,ATM+9,CALL,19400,2023-11-07
2023-11-07 09:48:00+05:30,1.65,1.7,1.6,1.65,105000,3218350,13.784341,19358.85,19800.0,19850,ATM+9,CALL,19400,2023-11-07
2023-11-07 09:49:00+05:30,1.65,1.7,1.6,1.6,77400,3218350,13.591191,19363.6,19800.0,19850,ATM+9,CALL,19400,2023-11-07
2023-11-07 09:50:00+05:30,1.6,1.7,1.6,1.65,100950,3288050,13.773672,19359.4,19800.0,19850,ATM+9,CALL,19400,2023-11-07
2023-11-07 09:51:00+05:30,1.65,1.7,1.6,1.65,40050,3288050,13.682197,19362.8,19800.0,19850,ATM+9,CALL,19400,2023-11-07
2023-11-07 09:52:00+05:30,1.65,1.65,1.6,1.6,5900,3288050,13.597828,19363.6,19800.0,19850,ATM+9,CALL,19400,2023-11-07
2023-11-07 09:53:00+05:30,1.65,1.65,1.6,1.65,39400,3299550,13.705958,19362.1,19800.0,19850,ATM+9,CALL,19400,2023-11-07
2023-11-07 09:54:00+05:30,1.65,1.65,1.6,1.65,58450,3299550,13.659912,19363.85,19800.0,19850,ATM+9,CALL,19400,2023-11-07
2023-11-07 09:55:00+05:30,1.65,1.65,1.6,1.6,26750,3299550,13.455903,19369.0,19800.0,19850,ATM+9,CALL,19400,2023-11-07
2023-11-07 09:56:00+05:30,1.65,1.65,1.6,1.65,56550,3323550,13.689203,19362.95,19800.0,19850,ATM+9,CALL,19400,2023-11-07
2023-11-07 09:57:00+05:30,1.65,1.65,1.6,1.6,45300,3323550,13.668031,19361.45,19800.0,19850,ATM+9,CALL,19400,2023-11-07
2023-11-07 09:58:00+05:30,1.6,1.65,1.6,1.65,21200,3323550,13.882615,19356.1,19800.0,19850,ATM+9,CALL,19400,2023-11-07
2023-11-07 09:59:00+05:30,1.65,1.65,1.6,1.6,15800,3359600,13.765959,19358.05,19800.0,19850,ATM+9,CALL,19400,2023-11-07
2023-11-07 10:00:00+05:30,1.6,1.65,1.6,1.65,7900,3359600,13.889899,19356.0,19800.0,19850,ATM+9,CALL,19400,2023-11-07
2023-11-07 10:01:00+05:30,1.65,1.65,1.6,1.6,11500,3359600,13.678326,19361.4,19800.0,19850,ATM+9,CALL,19400,2023-11-07
2023-11-07 10:02:00+05:30,1.6,1.65,1.6,1.6,9800,3362550,13.820802,19356.3,19800.0,19850,ATM+9,CALL,19400,2023-11-07
2023-11-07 10:03:00+05:30,1.6,1.65,1.55,1.55,77450,3362550,13.841251,19353.2,19800.0,19850,ATM+9,CALL,19400,2023-11-07
2023-11-07 10:04:00+05:30,1.55,1.6,1.55,1.6,30450,3362550,13.977807,19350.75,19800.0,19850,ATM+9,CALL,19400,2023-11-07
2023-11-07 10:05:00+05:30,1.6,1.6,1.55,1.55,36500,3351650,13.922407,19350.4,19800.0,19850,ATM+9,CALL,19400,2023-11-07
2023-11-07 10:06:00+05:30,1.6,1.6,1.55,1.6,18350,3351650,13.950777,19351.9,19800.0,19850,ATM+9,CALL,19400,2023-11-07
2023-11-07 10:07:00+05:30,1.6,1.6,1.55,1.6,3900,3351650,13.991521,19350.5,19800.0,19850,ATM+9,CALL,19400,2023-11-07
2023-11-07 10:08:00+05:30,1.6,1.6,1.55,1.6,9500,3334800,13.861856,19355.3,19800.0,19850,ATM+9,CALL,19400,2023-11-07
2023-11-07 10:09:00+05:30,1.6,1.6,1.5,1.55,32750,3334800,13.734225,19357.6,19800.0,19850,ATM+9,CALL,19400,2023-11-07
2023-11-07 10:10:00+05:30,1.55,1.55,1.5,1.55,14950,3334800,13.737843,19357.55,19800.0,19850,ATM+9,CALL,19400,2023-11-07
2023-11-07 10:11:00+05:30,1.55,1.55,1.5,1.55,17900,3354900,13.700313,19359.0,19800.0,19850,ATM+9,CALL,19400,2023-11-07
2023-11-07 10:12:00+05:30,1.55,1.6,1.5,1.6,63300,3354900,13.71672,19360.9,19800.0,19850,ATM+9,CALL,19400,2023-11-07
2023-11-07 10:13:00+05:30,1.6,1.6,1.55,1.55,28200,3354900,13.559254,19364.3,19800.0,19850,ATM+9,CALL,19400,2023-11-07
2023-11-07 10:14:00+05:30,1.6,1.65,1.55,1.65,61100,3368800,13.639558,19366.2,19800.0,19850,ATM+9,CALL,19400,2023-11-07
2023-11-07 10:15:00+05:30,1.6,1.65,1.6,1.65,22700,3368800,13.6861,19364.6,19800.0,19850,ATM+9,CALL,19400,2023-11-07
2023-11-07 10:16:00+05:30,1.65,1.65,1.6,1.6,16350,3368800,13.600204,19365.45,19800.0,19850,ATM+9,CALL,19400,2023-11-07
2023-11-07 10:17:00+05:30,1.6,1.65,1.55,1.55,55400,3394950,13.610757,19362.75,19800.0,19850,ATM+9,CALL,19400,2023-11-07
2023-11-07 10:18:00+05:30,1.55,1.6,1.5,1.55,197500,3394950,13.579999,19363.95,19800.0,19850,ATM+9,CALL,19400,2023-11-07
2023-11-07 10:19:00+05:30,1.55,1.6,1.55,1.55,19450,3394950,13.428131,19369.55,19800.0,19850,ATM+9,CALL,19400,2023-11-07
2023-11-07 10:20:00+05:30,1.55,1.6,1.5,1.55,70350,3298750,13.333916,19373.05,19800.0,19850,ATM+9,CALL,19400,2023-11-07
2023-11-07 10:21:00+05:30,1.5,1.55,1.5,1.5,74600,3298750,13.280557,19372.65,19800.0,19850,ATM+9,CALL,19400,2023-11-07
2023-11-07 10:22:00+05:30,1.5,1.55,1.45,1.55,255900,3298750,13.381023,19371.5,19800.0,19850,ATM+9,CALL,19400,2023-11-07
2023-11-07 10:23:00+05:30,1.55,1.55,1.5,1.55,20700,3198650,13.559503,19365.1,19800.0,19850,ATM+9,CALL,19400,2023-11-07
2023-11-07 10:24:00+05:30,1.55,1.55,1.5,1.5,27550,3198650,13.472397,19365.9,19800.0,19850,ATM+9,CALL,19400,2023-11-07
2023-11-07 10:25:00+05:30,1.5,1.5,1.45,1.45,12150,3198650,13.24724,19371.7,19800.0,19850,ATM+9,CALL,19400,2023-11-07
2023-11-07 10:26:00+05:30,1.5,1.5,1.45,1.45,32950,3186000,13.227525,19372.5,19800.0,19850,ATM+9,CALL,19400,2023-11-07
2023-11-07 10:27:00+05:30,1.45,1.5,1.45,1.45,5200,3186000,13.318642,19369.25,19800.0,19850,ATM+9,CALL,19400,2023-11-07
2023-11-07 10:28:00+05:30,1.45,1.55,1.45,1.55,47550,3186000,13.428717,19370.25,19800.0,19850,ATM+9,CALL,19400,2023-11-07
2023-11-07 10:29:00+05:30,1.55,1.55,1.5,1.5,9300,3196550,13.353025,19370.65,19800.0,19850,ATM+9,CALL,19400,2023-11-07
2023-11-07 10:30:00+05:30,1.5,1.6,1.5,1.55,156350,3196550,13.340696,19373.6,19800.0,19850,ATM+9,CALL,19400,2023-11-07
2023-11-07 10:31:00+05:30,1.4,1.4,1.35,1.35,12200,3694950,14.302752,19376.55,19850.0,19850,ATM+9,CALL,19400,2023-11-07
2023-11-07 10:32:00+05:30,1.35,1.4,1.35,1.35,7650,3701400,14.325242,19375.8,19850.0,19850,ATM+9,CALL,19400,2023-11-07
2023-11-07 10:33:00+05:30,1.55,1.55,1.5,1.55,13550,3234200,13.326581,19374.35,19800.0,19850,ATM+9,CALL,19400,2023-11-07
2023-11-07 10:34:00+05:30,1.35,1.4,1.35,1.35,13100,3701400,14.338007,19375.5,19850.0,19850,ATM+9,CALL,19400,2023-11-07
2023-11-07 10:35:00+05:30,1.4,1.4,1.35,1.35,14750,3701600,14.095692,19384.6,19850.0,19850,ATM+9,CALL,19400,2023-11-07
2023-11-07 10:36:00+05:30,1.35,1.4,1.35,1.4,22750,3701600,14.298977,19379.95,19850.0,19850,ATM+9,CALL,19400,2023-11-07
2023-11-07 10:37:00+05:30,1.4,1.4,1.35,1.4,5250,3701600,14.260816,19381.45,19850.0,19850,ATM+9,CALL,19400,2023-11-07
2023-11-07 10:38:00+05:30,1.4,1.4,1.35,1.4,4300,3708850,14.271268,19381.15,19850.0,19850,ATM+9,CALL,19400,2023-11-07
2023-11-07 10:39:00+05:30,1.4,1.4,1.35,1.35,34000,3708850,14.086125,19385.3,19850.0,19850,ATM+9,CALL,19400,2023-11-07
2023-11-07 10:40:00+05:30,1.35,1.4,1.35,1.4,28500,3708850,14.102913,19387.55,19850.0,19850,ATM+9,CALL,19400,2023-11-07
2023-11-07 10:41:00+05:30,1.4,1.45,1.35,1.45,31850,3744900,14.099805,19390.45,19850.0,19850,ATM+9,CALL,19400,2023-11-07
2023-11-07 10:42:00+05:30,1.45,1.45,1.4,1.4,7900,3744900,14.085909,19388.35,19850.0,19850,ATM+9,CALL,19400,2023-11-07
2023-11-07 10:43:00+05:30,1.4,1.45,1.4,1.4,3500,3744900,14.109889,19387.55,19850.0,19850,ATM+9,CALL,19400,2023-11-07
2023-11-07 10:44:00+05:30,1.4,1.45,1.4,1.45,53750,3767650,14.036055,19393.05,19850.0,19850,ATM+9,CALL,19400,2023-11-07
2023-11-07 10:45:00+05:30,1.45,1.5,1.4,1.5,134950,3767650,14.112336,19392.95,19850.0,19850,ATM+9,CALL,19400,2023-11-07
2023-11-07 10:46:00+05:30,1.5,1.5,1.5,1.5,11850,3767650,14.187054,19390.3,19850.0,19850,ATM+9,CALL,19400,2023-11-07
2023-11-07 10:47:00+05:30,1.5,1.5,1.4,1.4,45950,3772350,14.065023,19389.55,19850.0,19850,ATM+9,CALL,19400,2023-11-07
2023-11-07 10:48:00+05:30,1.4,1.45,1.4,1.4,10050,3772350,14.055151,19390.0,19850.0,19850,ATM+9,CALL,19400,2023-11-07
2023-11-07 10:49:00+05:30,1.4,1.45,1.4,1.45,3200,3772350,14.092577,19391.4,19850.0,19850,ATM+9,CALL,19400,2023-11-07
2023-11-07 10:50:00+05:30,1.45,1.45,1.4,1.45,56250,3780250,14.089461,19391.6,19850.0,19850,ATM+9,CALL,19400,2023-11-07
2023-11-07 10:51:00+05:30,1.45,1.5,1.4,1.4,35450,3780250,14.132606,19387.4,19850.0,19850,ATM+9,CALL,19400,2023-11-07
2023-11-07 10:52:00+05:30,1.4,1.45,1.4,1.45,73550,3780250,14.35399,19382.05,19850.0,19850,ATM+9,CALL,19400,2023-11-07
2023-11-07 10:53:00+05:30,1.45,1.5,1.45,1.45,25200,3805300,14.261164,19385.55,19850.0,19850,ATM+9,CALL,19400,2023-11-07
2023-11-07 10:54:00+05:30,1.45,1.5,1.45,1.45,24850,3805300,14.27849,19385.0,19850.0,19850,ATM+9,CALL,19400,2023-11-07
2023-11-07 10:55:00+05:30,1.5,1.5,1.45,1.5,76450,3805300,14.359874,19384.75,19850.0,19850,ATM+9,CALL,19400,2023-11-07
2023-11-07 10:56:00+05:30,1.5,1.55,1.5,1.5,54050,3846350,14.356787,19384.95,19850.0,19850,ATM+9,CALL,19400,2023-11-07
2023-11-07 10:57:00+05:30,1.55,1.55,1.5,1.55,20700,3846350,14.492924,19382.65,19850.0,19850,ATM+9,CALL,19400,2023-11-07
2023-11-07 10:58:00+05:30,1.55,1.55,1.5,1.55,25200,3846350,14.430868,19385.0,19850.0,19850,ATM+9,CALL,19400,2023-11-07
2023-11-07 10:59:00+05:30,1.55,1.55,1.5,1.5,17100,3862600,14.470491,19381.05,19850.0,19850,ATM+9,CALL,19400,2023-11-07
2023-11-07 11:00:00+05:30,1.5,1.55,1.5,1.5,27000,3862600,14.433269,19382.5,19850.0,19850,ATM+9,CALL,19400,2023-11-07
2023-11-07 11:01:00+05:30,1.55,1.55,1.5,1.55,26050,3862600,14.457254,19384.3,19850.0,19850,ATM+9,CALL,19400,2023-11-07
2023-11-07 11:02:00+05:30,1.55,1.6,1.55,1.6,50900,3899550,14.458746,19386.85,19850.0,19850,ATM+9,CALL,19400,2023-11-07
2023-11-07 11:03:00+05:30,1.6,1.6,1.5,1.55,39900,3899550,14.381042,19387.25,19850.0,19850,ATM+9,CALL,19400,2023-11-07
2023-11-07 11:04:00+05:30,1.55,1.55,1.5,1.55,14250,3899550,14.395791,19386.8,19850.0,19850,ATM+9,CALL,19400,2023-11-07
2023-11-07 11:05:00+05:30,1.55,1.55,1.5,1.55,18050,3928600,14.416037,19386.15,19850.0,19850,ATM+9,CALL,19400,2023-11-07
2023-11-07 11:06:00+05:30,1.5,1.55,1.5,1.5,20250,3928600,14.299852,19387.9,19850.0,19850,ATM+9,CALL,19400,2023-11-07
2023-11-07 11:07:00+05:30,1.5,1.6,1.5,1.55,165550,3928600,14.334238,19389.3,19850.0,19850,ATM+9,CALL,19400,2023-11-07
2023-11-07 11:08:00+05:30,1.55,1.55,1.5,1.5,27900,3986400,14.244331,19390.1,19850.0,19850,ATM+9,CALL,19400,2023-11-07
2023-11-07 11:09:00+05:30,1.5,1.55,1.5,1.55,28750,3986400,14.211044,19393.95,19850.0,19850,ATM+9,CALL,19400,2023-11-07
2023-11-07 11:10:00+05:30,1.55,1.55,1.5,1.5,72900,3986400,14.107828,19395.25,19850.0,19850,ATM+9,CALL,19400,2023-11-07
2023-11-07 11:11:00+05:30,1.5,1.55,1.5,1.5,8150,4025300,14.077239,19396.45,19850.0,19850,ATM+9,CALL,19400,2023-11-07
2023-11-07 11:12:00+05:30,1.55,1.55,1.5,1.55,11600,4025300,14.211253,19394.2,19850.0,19850,ATM+9,CALL,19400,2023-11-07
2023-11-07 11:13:00+05:30,1.55,1.55,1.5,1.5,7750,4025300,14.219154,19391.45,19850.0,19850,ATM+9,CALL,19400,2023-11-07
2023-11-07 11:14:00+05:30,1.5,1.55,1.5,1.5,1850,4037700,14.183106,19392.85,19850.0,19850,ATM+9,CALL,19400,2023-11-07
2023-11-07 11:15:00+05:30,1.5,1.55,1.5,1.5,90700,4037700,14.278761,19389.45,19850.0,19850,ATM+9,CALL,19400,2023-11-07
2023-11-07 11:16:00+05:30,1.5,1.55,1.5,1.5,24850,4037700,14.245471,19390.75,19850.0,19850,ATM+9,CALL,19400,2023-11-07
2023-11-07 11:17:00+05:30,1.5,1.55,1.5,1.5,97450,4088500,14.162739,19393.85,19850.0,19850,ATM+9,CALL,19400,2023-11-07
2023-11-07 11:18:00+05:30,1.5,1.55,1.5,1.5,16550,4088500,14.051067,19398.0,19850.0,19850,ATM+9,CALL,19400,2023-11-07
2023-11-07 11:19:00+05:30,1.5,1.55,1.5,1.5,7350,4088500,14.094646,19396.5,19850.0,19850,ATM+9,CALL,19400,2023-11-07
2023-11-07 11:20:00+05:30,1.5,1.55,1.5,1.5,19750,4119300,14.105245,19396.2,19850.0,19850,ATM+9,CALL,19400,2023-11-07
2023-11-07 11:21:00+05:30,1.5,1.55,1.5,1.5,15450,4119300,14.104851,19396.3,19850.0,19850,ATM+9,CALL,19400,2023-11-07
2023-11-07 11:22:00+05:30,1.5,1.6,1.5,1.6,44050,4119300,14.309096,19394.0,19850.0,19850,ATM+9,CALL,19400,2023-11-07
2023-11-07 11:23:00+05:30,1.6,1.6,1.55,1.6,60350,4175800,14.38762,19391.25,19850.0,19850,ATM+9,CALL,19400,2023-11-07
2023-11-07 11:24:00+05:30,1.6,1.6,1.55,1.6,24700,4175800,14.406631,19390.65,19850.0,19850,ATM+9,CALL,19400,2023-11-07
2023-11-07 11:25:00+05:30,1.6,1.6,1.55,1.55,14650,4175800,14.32902,19391.05,19850.0,19850,ATM+9,CALL,19400,2023-11-07
2023-11-07 11:26:00+05:30,1.55,1.6,1.55,1.55,27350,4189750,14.405885,19388.35,19850.0,19850,ATM+9,CALL,19400,2023-11-07
2023-11-07 11:27:00+05:30,1.6,1.6,1.55,1.55,80350,4189750,14.310354,19391.9,19850.0,19850,ATM+9,CALL,19400,2023-11-07
2023-11-07 11:28:00+05:30,1.6,1.6,1.55,1.55,25300,4189750,14.373459,19389.7,19850.0,19850,ATM+9,CALL,19400,2023-11-07
2023-11-07 11:29:00+05:30,1.55,1.6,1.55,1.6,34400,4257200,14.440834,19389.85,19850.0,19850,ATM+9,CALL,19400,2023-11-07
2023-11-07 11:30:00+05:30,1.55,1.65,1.55,1.6,101600,4257200,14.477871,19388.6,19850.0,19850,ATM+9,CALL,19400,2023-11-07
2023-11-07 11:31:00+05:30,1.6,1.6,1.55,1.6,58950,4257200,14.527373,19386.9,19850.0,19850,ATM+9,CALL,19400,2023-11-07
2023-11-07 11:32:00+05:30,1.6,1.65,1.55,1.65,53550,4333200,14.508908,19390.1,19850.0,19850,ATM+9,CALL,19400,2023-11-07
2023-11-07 11:33:00+05:30,1.6,1.65,1.6,1.6,33950,4333200,14.525312,19387.15,19850.0,19850,ATM+9,CALL,19400,2023-11-07
2023-11-07 11:34:00+05:30,1.6,1.65,1.6,1.6,42000,4333200,14.502809,19388.05,19850.0,19850,ATM+9,CALL,19400,2023-11-07
2023-11-07 11:35:00+05:30,1.6,1.65,1.6,1.6,19300,4378700,14.358283,19393.35,19850.0,19850,ATM+9,CALL,19400,2023-11-07
2023-11-07 11:36:00+05:30,1.6,1.65,1.6,1.6,33450,4378700,14.303797,19395.4,19850.0,19850,ATM+9,CALL,19400,2023-11-07
2023-11-07 11:37:00+05:30,1.65,1.65,1.6,1.6,20200,4378700,14.343671,19394.05,19850.0,19850,ATM+9,CALL,19400,2023-11-07
2023-11-07 11:38:00+05:30,1.65,1.65,1.6,1.65,63900,4446850,14.431613,19393.4,19850.0,19850,ATM+9,CALL,19400,2023-11-07
2023-11-07 11:39:00+05:30,1.6,1.65,1.6,1.65,103650,4446850,14.524546,19390.15,19850.0,19850,ATM+9,CALL,19400,2023-11-07
2023-11-07 11:40:00+05:30,1.65,1.7,1.55,1.65,313050,4446850,14.905165,19376.55,19850.0,19850,ATM+9,CALL,19400,2023-11-07
2023-11-07 11:41:00+05:30,1.7,1.75,1.55,1.6,291050,3416150,13.787997,19365.65,19800.0,19850,ATM+9,CALL,19400,2023-11-07
2023-11-07 11:42:00+05:30,1.6,1.6,1.55,1.6,144200,3416150,13.965046,19359.4,19800.0,19850,ATM+9,CALL,19400,2023-11-07
2023-11-07 11:43:00+05:30,1.6,1.65,1.6,1.6,274400,3416150,14.090285,19355.0,19800.0,19850,ATM+9,CALL,19400,2023-11-07
2023-11-07 11:44:00+05:30,1.65,1.8,1.6,1.8,686150,3515650,14.360112,19354.7,19800.0,19850,ATM+9,CALL,19400,2023-11-07
2023-11-07 11:45:00+05:30,1.85,1.95,1.85,1.9,525500,3515650,14.897765,19340.2,19800.0,19850,ATM+9,CALL,19400,2023-11-07
2023-11-07 11:46:00+05:30,1.9,1.9,1.85,1.9,149950,3515650,14.743938,19345.7,19800.0,19850,ATM+9,CALL,19400,2023-11-07
2023-11-07 11:47:00+05:30,1.9,1.9,1.8,1.85,117150,3533400,14.688984,19345.55,19800.0,19850,ATM+9,CALL,19400,2023-11-07
2023-11-07 11:48:00+05:30,1.8,1.85,1.75,1.75,105200,3533400,14.667604,19341.9,19800.0,19850,ATM+9,CALL,19400,2023-11-07
2023-11-07 11:49:00+05:30,1.8,1.85,1.75,1.8,143250,3533400,14.874077,19336.95,19800.0,19850,ATM+9,CALL,19400,2023-11-07
2023-11-07 11:50:00+05:30,1.8,1.8,1.75,1.8,131400,3505650,14.748085,19341.5,19800.0,19850,ATM+9,CALL,19400,2023-11-07
2023-11-07 11:51:00+05:30,1.85,1.85,1.8,1.85,71550,3505650,14.745684,19343.9,19800.0,19850,ATM+9,CALL,19400,2023-11-07
2023-11-07 11:52:00+05:30,1.9,1.95,1.85,1.85,197150,3505650,14.848836,19340.35,19800.0,19850,ATM+9,CALL,19400,2023-11-07
2023-11-07 11:53:00+05:30,1.9,1.9,1.85,1.9,40000,3534200,14.97896,19338.05,19800.0,19850,ATM+9,CALL,19400,2023-11-07
2023-11-07 11:54:00+05:30,1.9,1.95,1.9,1.95,74050,3534200,15.245234,19330.95,19800.0,19850,ATM+9,CALL,19400,2023-11-07
2023-11-07 11:55:00+05:30,1.95,1.95,1.9,1.9,45000,3534200,14.841753,19343.05,19800.0,19850,ATM+9,CALL,19400,2023-11-07
2023-11-07 11:56:00+05:30,1.9,1.95,1.9,1.9,31800,3553400,14.895492,19341.25,19800.0,19850,ATM+9,CALL,19400,2023-11-07
2023-11-07 11:57:00+05:30,1.9,1.95,1.9,1.9,8750,3553400,14.86242,19342.5,19800.0,19850,ATM+9,CALL,19400,2023-11-07
2023-11-07 11:58:00+05:30,1.9,1.95,1.9,1.95,13500,3553400,14.944559,19341.85,19800.0,19850,ATM+9,CALL,19400,2023-11-07
2023-11-07 11:59:00+05:30,1.95,1.95,1.9,1.95,19500,3561350,14.859932,19344.9,19800.0,19850,ATM+9,CALL,19400,2023-11-07
2023-11-07 12:00:00+05:30,1.95,1.95,1.9,1.95,19550,3561350,14.981026,19340.75,19800.0,19850,ATM+9,CALL,19400,2023-11-07
2023-11-07 12:01:00+05:30,1.95,1.95,1.9,1.9,34250,3561350,14.933696,19340.35,19800.0,19850,ATM+9,CALL,19400,2023-11-07
2023-11-07 12:02:00+05:30,1.9,1.95,1.9,1.95,43550,3588250,15.094615,19336.95,19800.0,19850,ATM+9,CALL,19400,2023-11-07
2023-11-07 12:03:00+05:30,1.95,1.95,1.9,1.9,38700,3588250,14.897431,19341.8,19800.0,19850,ATM+9,CALL,19400,2023-11-07
2023-11-07 12:04:00+05:30,1.95,2.0,1.9,1.95,119450,3588250,15.015442,19339.9,19800.0,19850,ATM+9,CALL,19400,2023-11-07
2023-11-07 12:05:00+05:30,1.9,2.0,1.9,1.95,50150,3584100,14.89217,19344.3,19800.0,19850,ATM+9,CALL,19400,2023-11-07
2023-11-07 12:06:00+05:30,1.95,1.95,1.85,1.85,75900,3584100,14.748942,19345.1,19800.0,19850,ATM+9,CALL,19400,2023-11-07
2023-11-07 12:07:00+05:30,1.85,1.9,1.85,1.9,31750,3584100,14.649221,19350.85,19800.0,19850,ATM+9,CALL,19400,2023-11-07
2023-11-07 12:08:00+05:30,1.9,1.9,1.85,1.9,35050,3561300,14.685984,19349.65,19800.0,19850,ATM+9,CALL,19400,2023-11-07
2023-11-07 12:09:00+05:30,1.9,1.9,1.85,1.85,28700,3561300,14.604127,19350.45,19800.0,19850,ATM+9,CALL,19400,2023-11-07
2023-11-07 12:10:00+05:30,1.85,1.9,1.85,1.9,49050,3561300,14.718104,19348.7,19800.0,19850,ATM+9,CALL,19400,2023-11-07
2023-11-07 12:11:00+05:30,1.9,1.9,1.85,1.9,27650,3580550,14.662011,19350.75,19800.0,19850,ATM+9,CALL,19400,2023-11-07
2023-11-07 12:12:00+05:30,1.9,1.9,1.85,1.85,27500,3580550,14.565951,19352.05,19800.0,19850,ATM+9,CALL,19400,2023-11-07
2023-11-07 12:13:00+05:30,1.85,1.9,1.85,1.85,15000,3580550,14.643959,19349.4,19800.0,19850,ATM+9,CALL,19400,2023-11-07
2023-11-07 12:14:00+05:30,1.85,1.9,1.85,1.85,13200,3573750,14.559488,19352.45,19800.0,19850,ATM+9,CALL,19400,2023-11-07
2023-11-07 12:15:00+05:30,1.85,1.9,1.85,1.85,30550,3573750,14.554828,19352.7,19800.0,19850,ATM+9,CALL,19400,2023-11-07
2023-11-07 12:16:00+05:30,1.85,1.9,1.85,1.9,9700,3573750,14.611502,19352.95,19800.0,19850,ATM+9,CALL,19400,2023-11-07
2023-11-07 12:17:00+05:30,1.9,1.9,1.85,1.9,4850,3570200,14.631159,19352.35,19800.0,19850,ATM+9,CALL,19400,2023-11-07
2023-11-07 12:18:00+05:30,1.9,1.9,1.85,1.85,10200,3570200,14.505156,19354.7,19800.0,19850,ATM+9,CALL,19400,2023-11-07
2023-11-07 12:19:00+05:30,1.85,1.9,1.85,1.9,8700,3570200,14.44129,19359.15,19800.0,19850,ATM+9,CALL,19400,2023-11-07
2023-11-07 12:20:00+05:30,1.9,1.9,1.85,1.85,59950,3570950,14.374354,19359.45,19800.0,19850,ATM+9,CALL,19400,2023-11-07
2023-11-07 12:21:00+05:30,1.85,1.9,1.8,1.8,57750,3570950,14.376227,19357.3,19800.0,19850,ATM+9,CALL,19400,2023-11-07
2023-11-07 12:22:00+05:30,1.8,1.85,1.8,1.85,9200,3570950,14.53074,19354.15,19800.0,19850,ATM+9,CALL,19400,2023-11-07
2023-11-07 12:23:00+05:30,1.85,1.85,1.8,1.85,5500,3571250,14.544642,19353.75,19800.0,19850,ATM+9,CALL,19400,2023-11-07
2023-11-07 12:24:00+05:30,1.85,1.85,1.8,1.8,12500,3571250,14.433444,19355.55,19800.0,19850,ATM+9,CALL,19400,2023-11-07
2023-11-07 12:25:00+05:30,1.8,1.85,1.8,1.85,35000,3571250,14.478131,19356.25,19800.0,19850,ATM+9,CALL,19400,2023-11-07
2023-11-07 12:26:00+05:30,1.8,1.85,1.8,1.8,13100,3570800,14.405582,19356.7,19800.0,19850,ATM+9,CALL,19400,2023-11-07
2023-11-07 12:27:00+05:30,1.8,1.85,1.8,1.85,17350,3570800,14.521675,19354.9,19800.0,19850,ATM+9,CALL,19400,2023-11-07
2023-11-07 12:28:00+05:30,1.8,1.85,1.8,1.85,33450,3570800,14.554177,19353.85,19800.0,19850,ATM+9,CALL,19400,2023-11-07
2023-11-07 12:29:00+05:30,1.85,1.85,1.8,1.85,80150,3539950,14.569527,19353.4,19800.0,19850,ATM+9,CALL,19400,2023-11-07
2023-11-07 12:30:00+05:30,1.85,1.85,1.8,1.8,4950,3539950,14.516647,19353.15,19800.0,19850,ATM+9,CALL,19400,2023-11-07
2023-11-07 12:31:00+05:30,1.8,1.85,1.8,1.8,29450,3539950,14.574708,19351.2,19800.0,19850,ATM+9,CALL,19400,2023-11-07
2023-11-07 12:32:00+05:30,1.85,1.9,1.8,1.9,114250,3523350,14.565244,19355.95,19800.0,19850,ATM+9,CALL,19400,2023-11-07
2023-11-07 12:33:00+05:30,1.9,1.9,1.85,1.85,65600,3523350,14.460677,19357.55,19800.0,19850,ATM+9,CALL,19400,2023-11-07
2023-11-07 12:34:00+05:30,1.9,1.9,1.85,1.9,98900,3523350,14.30569,19365.15,19800.0,19850,ATM+9,CALL,19400,2023-11-07
2023-11-07 12:35:00+05:30,1.85,1.9,1.85,1.85,52350,3498400,14.191741,19367.1,19800.0,19850,ATM+9,CALL,19400,2023-11-07
2023-11-07 12:36:00+05:30,1.85,1.9,1.8,1.85,33800,3498400,14.288889,19363.8,19800.0,19850,ATM+9,CALL,19400,2023-11-07
2023-11-07 12:37:00+05:30,1.85,1.85,1.8,1.8,17200,3498400,14.110967,19367.95,19800.0,19850,ATM+9,CALL,19400,2023-11-07
2023-11-07 12:38:00+05:30,1.8,1.85,1.75,1.8,26200,3492400,14.11911,19367.75,19800.0,19850,ATM+9,CALL,19400,2023-11-07
2023-11-07 12:39:00+05:30,1.75,1.8,1.7,1.75,72050,3492400,14.117693,19365.7,19800.0,19850,ATM+9,CALL,19400,2023-11-07
2023-11-07 12:40:00+05:30,1.75,1.8,1.7,1.8,65750,3492400,14.205557,19364.9,19800.0,19850,ATM+9,CALL,19400,2023-11-07
2023-11-07 12:41:00+05:30,1.8,1.8,1.75,1.8,3600,3492400,14.177927,19365.95,19800.0,19850,ATM+9,CALL,19400,2023-11-07
2023-11-07 12:42:00+05:30,1.8,1.8,1.75,1.8,6000,3481000,14.220449,19364.55,19800.0,19850,ATM+9,CALL,19400,2023-11-07
2023-11-07 12:43:00+05:30,1.75,1.8,1.75,1.8,6950,3481000,14.231478,19364.25,19800.0,19850,ATM+9,CALL,19400,2023-11-07
2023-11-07 12:44:00+05:30,1.8,1.8,1.75,1.8,5250,3481000,14.256829,19363.45,19800.0,19850,ATM+9,CALL,19400,2023-11-07
2023-11-07 12:45:00+05:30,1.8,1.8,1.75,1.8,6700,3481000,14.201983,19365.45,19800.0,19850,ATM+9,CALL,19400,2023-11-07
2023-11-07 12:46:00+05:30,1.8,1.8,1.75,1.75,9300,3481000,14.136078,19365.65,19800.0,19850,ATM+9,CALL,19400,2023-11-07
2023-11-07 12:47:00+05:30,1.75,1.8,1.75,1.8,5700,3471850,14.109374,19368.85,19800.0,19850,ATM+9,CALL,19400,2023-11-07
2023-11-07 12:48:00+05:30,1.8,1.8,1.75,1.75,16400,3471850,13.969384,19371.65,19800.0,19850,ATM+9,CALL,19400,2023-11-07
2023-11-07 12:49:00+05:30,1.75,1.8,1.7,1.75,60550,3471850,13.966063,19371.85,19800.0,19850,ATM+9,CALL,19400,2023-11-07
2023-11-07 12:50:00+05:30,1.75,1.75,1.7,1.7,15500,3488050,14.005069,19368.35,19800.0,19850,ATM+9,CALL,19400,2023-11-07
2023-11-07 12:51:00+05:30,1.75,1.75,1.7,1.75,14250,3488050,14.029538,19369.8,19800.0,19850,ATM+9,CALL,19400,2023-11-07
2023-11-07 12:52:00+05:30,1.75,1.8,1.7,1.75,99600,3488050,14.013349,19370.45,19800.0,19850,ATM+9,CALL,19400,2023-11-07
2023-11-07 12:53:00+05:30,1.75,1.8,1.75,1.75,20400,3488050,14.083016,19368.1,19800.0,19850,ATM+9,CALL,19400,2023-11-07
2023-11-07 12:54:00+05:30,1.75,1.8,1.75,1.75,23900,3491800,14.189847,19364.45,19800.0,19850,ATM+9,CALL,19400,2023-11-07
2023-11-07 12:55:00+05:30,1.75,1.8,1.75,1.75,72550,3491800,14.259476,19362.1,19800.0,19850,ATM+9,CALL,19400,2023-11-07
2023-11-07 12:56:00+05:30,1.75,1.8,1.75,1.8,39850,3478950,14.320683,19362.25,19800.0,19850,ATM+9,CALL,19400,2023-11-07
2023-11-07 12:57:00+05:30,1.8,1.8,1.75,1.8,9900,3478950,14.272935,19364.0,19800.0,19850,ATM+9,CALL,19400,2023-11-07
2023-11-07 12:58:00+05:30,1.75,1.8,1.75,1.75,9350,3478950,14.152405,19366.1,19800.0,19850,ATM+9,CALL,19400,2023-11-07
2023-11-07 12:59:00+05:30,1.75,1.8,1.75,1.75,14350,3488050,14.133373,19366.85,19800.0,19850,ATM+9,CALL,19400,2023-11-07
2023-11-07 13:00:00+05:30,1.75,1.8,1.75,1.8,4200,3488050,14.175469,19367.65,19800.0,19850,ATM+9,CALL,19400,2023-11-07
2023-11-07 13:01:00+05:30,1.75,1.8,1.75,1.8,43400,3488050,14.123294,19369.55,19800.0,19850,ATM+9,CALL,19400,2023-11-07
2023-11-07 13:02:00+05:30,1.8,1.8,1.75,1.8,4250,3488050,14.148736,19368.75,19800.0,19850,ATM+9,CALL,19400,2023-11-07
2023-11-07 13:03:00+05:30,1.8,1.8,1.75,1.75,5100,3492900,14.039945,19370.45,19800.0,19850,ATM+9,CALL,19400,2023-11-07
2023-11-07 13:04:00+05:30,1.75,1.8,1.75,1.75,14250,3492900,14.055275,19370.0,19800.0,19850,ATM+9,CALL,19400,2023-11-07
2023-11-07 13:05:00+05:30,1.75,1.8,1.75,1.8,2000,3492900,14.141683,19369.25,19800.0,19850,ATM+9,CALL,19400,2023-11-07
2023-11-07 13:06:00+05:30,1.8,1.8,1.75,1.75,1850,3500850,14.014229,19371.6,19800.0,19850,ATM+9,CALL,19400,2023-11-07
2023-11-07 13:07:00+05:30,1.75,1.8,1.75,1.8,2800,3500850,14.150888,19369.1,19800.0,19850,ATM+9,CALL,19400,2023-11-07
2023-11-07 13:08:00+05:30,1.8,1.8,1.7,1.7,54050,3510500,14.057181,19368.05,19800.0,19850,ATM+9,CALL,19400,2023-11-07
2023-11-07 13:09:00+05:30,1.7,1.7,1.65,1.65,35650,3510500,14.010317,19367.5,19800.0,19850,ATM+9,CALL,19400,2023-11-07
2023-11-07 13:10:00+05:30,1.65,1.7,1.6,1.65,38650,3510500,14.064014,19365.7,19800.0,19850,ATM+9,CALL,19400,2023-11-07
2023-11-07 13:11:00+05:30,1.6,1.65,1.6,1.65,14050,3533300,13.976691,19368.85,19800.0,19850,ATM+9,CALL,19400,2023-11-07
2023-11-07 13:12:00+05:30,1.65,1.65,1.6,1.6,125300,3533300,14.064823,19363.5,19800.0,19850,ATM+9,CALL,19400,2023-11-07
2023-11-07 13:13:00+05:30,1.65,1.65,1.55,1.55,112650,3533300,13.999184,19363.5,19800.0,19850,ATM+9,CALL,19400,2023-11-07
2023-11-07 13:14:00+05:30,1.55,1.65,1.55,1.6,118750,3540600,13.975996,19366.8,19800.0,19850,ATM+9,CALL,19400,2023-11-07
2023-11-07 13:15:00+05:30,1.55,1.6,1.55,1.6,18000,3540600,13.992621,19366.3,19800.0,19850,ATM+9,CALL,19400,2023-11-07
2023-11-07 13:16:00+05:30,1.6,1.6,1.6,1.6,6450,3540600,13.968054,19367.25,19800.0,19850,ATM+9,CALL,19400,2023-11-07
2023-11-07 13:17:00+05:30,1.6,1.6,1.55,1.55,9500,3540600,13.942383,19365.85,19800.0,19850,ATM+9,CALL,19400,2023-11-07
2023-11-07 13:18:00+05:30,1.6,1.6,1.55,1.6,61800,3550850,14.120626,19362.05,19800.0,19850,ATM+9,CALL,19400,2023-11-07
2023-11-07 13:19:00+05:30,1.6,1.6,1.55,1.55,59550,3550850,14.051952,19362.15,19800.0,19850,ATM+9,CALL,19400,2023-11-07
2023-11-07 13:20:00+05:30,1.55,1.6,1.55,1.6,55100,3550850,14.185156,19359.95,19800.0,19850,ATM+9,CALL,19400,2023-11-07
2023-11-07 13:21:00+05:30,1.6,1.6,1.55,1.55,23750,3571550,14.184135,19357.65,19800.0,19850,ATM+9,CALL,19400,2023-11-07
2023-11-07 13:22:00+05:30,1.55,1.6,1.55,1.55,15000,3571550,14.121533,19359.95,19800.0,19850,ATM+9,CALL,19400,2023-11-07
2023-11-07 13:23:00+05:30,1.55,1.6,1.55,1.55,11750,3571550,14.075866,19361.65,19800.0,19850,ATM+9,CALL,19400,2023-11-07
2023-11-07 13:24:00+05:30,1.55,1.6,1.55,1.55,21100,3570000,14.092468,19361.15,19800.0,19850,ATM+9,CALL,19400,2023-11-07
2023-11-07 13:25:00+05:30,1.6,1.6,1.55,1.6,26050,3570000,14.080929,19364.05,19800.0,19850,ATM+9,CALL,19400,2023-11-07
2023-11-07 13:26:00+05:30,1.55,1.6,1.5,1.5,101300,3570000,13.959738,19363.55,19800.0,19850,ATM+9,CALL,19400,2023-11-07
2023-11-07 13:27:00+05:30,1.5,1.55,1.5,1.55,30800,3549250,14.170613,19358.65,19800.0,19850,ATM+9,CALL,19400,2023-11-07
2023-11-07 13:28:00+05:30,1.5,1.55,1.5,1.55,15100,3549250,14.201389,19357.65,19800.0,19850,ATM+9,CALL,19400,2023-11-07
2023-11-07 13:29:00+05:30,1.55,1.55,1.5,1.55,62850,3549250,14.268966,19355.35,19800.0,19850,ATM+9,CALL,19400,2023-11-07
2023-11-07 13:30:00+05:30,1.55,1.6,1.55,1.55,26500,3550600,14.244555,19356.3,19800.0,19850,ATM+9,CALL,19400,2023-11-07
2023-11-07 13:31:00+05:30,1.55,1.6,1.55,1.55,88800,3550600,14.289501,19354.8,19800.0,19850,ATM+9,CALL,19400,2023-11-07
2023-11-07 13:32:00+05:30,1.55,1.6,1.55,1.55,24050,3550600,14.097915,19361.65,19800.0,19850,ATM+9,CALL,19400,2023-11-07
2023-11-07 13:33:00+05:30,1.55,1.6,1.5,1.5,53750,3542700,13.949906,19364.5,19800.0,19850,ATM+9,CALL,19400,2023-11-07
2023-11-07 13:34:00+05:30,1.55,1.55,1.5,1.5,77000,3542700,13.772685,19370.85,19800.0,19850,ATM+9,CALL,19400,2023-11-07
2023-11-07 13:35:00+05:30,1.5,1.55,1.45,1.5,74550,3542700,13.728359,19372.5,19800.0,19850,ATM+9,CALL,19400,2023-11-07
2023-11-07 13:36:00+05:30,1.5,1.55,1.5,1.5,65200,3589150,13.798731,19370.1,19800.0,19850,ATM+9,CALL,19400,2023-11-07
2023-11-07 13:37:00+05:30,1.5,1.55,1.45,1.45,98050,3589150,13.78135,19368.3,19800.0,19850,ATM+9,CALL,19400,2023-11-07
2023-11-07 13:38:00+05:30,1.45,1.5,1.45,1.45,11450,3589150,13.782346,19368.35,19800.0,19850,ATM+9,CALL,19400,2023-11-07
2023-11-07 13:39:00+05:30,1.45,1.5,1.45,1.45,19250,3582800,13.769237,19368.9,19800.0,19850,ATM+9,CALL,19400,2023-11-07
2023-11-07 13:40:00+05:30,1.45,1.5,1.4,1.4,202650,3582800,13.582644,19373.05,19800.0,19850,ATM+9,CALL,19400,2023-11-07
2023-11-07 13:41:00+05:30,1.45,1.45,1.35,1.45,234000,3582800,13.632862,19373.9,19800.0,19850,ATM+9,CALL,19400,2023-11-07
2023-11-07 13:42:00+05:30,1.45,1.5,1.4,1.5,62400,3546600,13.681335,19374.75,19800.0,19850,ATM+9,CALL,19400,2023-11-07
2023-11-07 13:43:00+05:30,1.5,1.5,1.45,1.5,22800,3546600,13.69508,19374.35,19800.0,19850,ATM+9,CALL,19400,2023-11-07
2023-11-07 13:44:00+05:30,1.5,1.5,1.45,1.5,32850,3546600,13.737203,19372.95,19800.0,19850,ATM+9,CALL,19400,2023-11-07
2023-11-07 13:45:00+05:30,1.5,1.55,1.45,1.5,56650,3538150,13.753796,19372.45,19800.0,19850,ATM+9,CALL,19400,2023-11-07
2023-11-07 13:46:00+05:30,1.5,1.5,1.45,1.5,11500,3538150,13.838473,19369.55,19800.0,19850,ATM+9,CALL,19400,2023-11-07
2023-11-07 13:47:00+05:30,1.5,1.5,1.45,1.5,154450,3538150,13.758614,19372.45,19800.0,19850,ATM+9,CALL,19400,2023-11-07
2023-11-07 13:48:00+05:30,1.5,1.5,1.45,1.5,6150,3525550,13.742572,19373.1,19800.0,19850,ATM+9,CALL,19400,2023-11-07
2023-11-07 13:49:00+05:30,1.5,1.5,1.45,1.5,16250,3525550,13.732202,19373.55,19800.0,19850,ATM+9,CALL,19400,2023-11-07
2023-11-07 13:50:00+05:30,1.35,1.4,1.3,1.3,88500,4906350,14.687313,19377.45,19850.0,19850,ATM+9,CALL,19400,2023-11-07
2023-11-07 13:51:00+05:30,1.3,1.35,1.3,1.35,11750,4907750,14.538676,19385.8,19850.0,19850,ATM+9,CALL,19400,2023-11-07
2023-11-07 13:52:00+05:30,1.35,1.4,1.3,1.35,111950,4907750,14.485633,19387.8,19850.0,19850,ATM+9,CALL,19400,2023-11-07
2023-11-07 13:53:00+05:30,1.3,1.35,1.3,1.3,40350,4907750,14.284107,19392.3,19850.0,19850,ATM+9,CALL,19400,2023-11-07
2023-11-07 13:54:00+05:30,1.3,1.35,1.25,1.35,214400,4911100,14.279214,19395.4,19850.0,19850,ATM+9,CALL,19400,2023-11-07
2023-11-07 13:55:00+05:30,1.3,1.4,1.3,1.3,92350,4911100,14.210091,19395.15,19850.0,19850,ATM+9,CALL,19400,2023-11-07
2023-11-07 13:56:00+05:30,1.3,1.45,1.3,1.4,133750,4911100,14.232197,19400.0,19850.0,19850,ATM+9,CALL,19400,2023-11-07
2023-11-07 13:57:00+05:30,1.4,1.4,1.35,1.4,148800,4885900,14.322872,19396.85,19850.0,19850,ATM+9,CALL,19400,2023-11-07
2023-11-07 13:58:00+05:30,1.35,1.4,1.3,1.35,57350,4885900,14.233485,19397.4,19850.0,19850,ATM+9,CALL,19400,2023-11-07
2023-11-07 13:59:00+05:30,1.35,1.35,1.3,1.3,83000,4885900,14.257523,19393.8,19850.0,19850,ATM+9,CALL,19400,2023-11-07
2023-11-07 14:00:00+05:30,1.3,1.3,1.25,1.25,22900,4867850,14.126703,19395.7,19850.0,19850,ATM+9,CALL,19400,2023-11-07
2023-11-07 14:01:00+05:30,1.25,1.35,1.25,1.3,80400,4867850,14.120908,19398.9,19850.0,19850,ATM+9,CALL,19400,2023-11-07
2023-11-07 14:02:00+05:30,1.35,1.4,1.3,1.4,88850,4867850,14.348049,19396.4,19850.0,19850,ATM+9,CALL,19400,2023-11-07
2023-11-07 14:03:00+05:30,1.4,1.4,1.3,1.3,60300,4886950,14.081396,19400.5,19850.0,19850,ATM+9,CALL,19400,2023-11-07
2023-11-07 14:04:00+05:30,1.35,1.4,1.3,1.3,195800,4886950,13.951734,19405.25,19850.0,19850,ATM+9,CALL,19400,2023-11-07
2023-11-07 14:05:00+05:30,1.3,1.35,1.25,1.3,331100,4886950,13.936094,19405.9,19850.0,19850,ATM+9,CALL,19400,2023-11-07
2023-11-07 14:06:00+05:30,1.3,1.35,1.3,1.3,20400,4881650,13.970565,19404.75,19850.0,19850,ATM+9,CALL,19400,2023-11-07
2023-11-07 14:07:00+05:30,1.35,1.35,1.3,1.3,27300,4881650,13.949356,19405.6,19850.0,19850,ATM+9,CALL,19400,2023-11-07
2023-11-07 14:08:00+05:30,1.3,1.35,1.3,1.3,57700,4881650,14.060395,19401.7,19850.0,19850,ATM+9,CALL,19400,2023-11-07
2023-11-07 14:09:00+05:30,1.3,1.3,1.25,1.25,31650,4875350,14.092313,19397.75,19850.0,19850,ATM+9,CALL,19400,2023-11-07
2023-11-07 14:10:00+05:30,1.25,1.3,1.2,1.2,85950,4875350,14.046646,19396.5,19850.0,19850,ATM+9,CALL,19400,2023-11-07
2023-11-07 14:11:00+05:30,1.2,1.25,1.2,1.2,59450,4875350,14.0505,19396.45,19850.0,19850,ATM+9,CALL,19400,2023-11-07
2023-11-07 14:12:00+05:30,1.2,1.3,1.2,1.3,60900,4836050,14.09537,19400.8,19850.0,19850,ATM+9,CALL,19400,2023-11-07
2023-11-07 14:13:00+05:30,1.3,1.35,1.25,1.35,83800,4836050,14.21797,19399.3,19850.0,19850,ATM+9,CALL,19400,2023-11-07
2023-11-07 14:14:00+05:30,1.35,1.35,1.3,1.35,235250,4836050,14.168736,19401.15,19850.0,19850,ATM+9,CALL,19400,2023-11-07
2023-11-07 14:15:00+05:30,1.35,1.35,1.3,1.3,24200,4858650,14.112581,19400.45,19850.0,19850,ATM+9,CALL,19400,2023-11-07
2023-11-07 14:16:00+05:30,1.3,1.35,1.3,1.3,9600,4858650,14.046795,19402.9,19850.0,19850,ATM+9,CALL,19400,2023-11-07
2023-11-07 14:17:00+05:30,1.3,1.35,1.3,1.35,10850,4858650,14.14685,19402.2,19850.0,19850,ATM+9,CALL,19400,2023-11-07
2023-11-07 14:18:00+05:30,1.35,1.35,1.3,1.3,9650,4854250,14.171609,19398.6,19850.0,19850,ATM+9,CALL,19400,2023-11-07
2023-11-07 14:19:00+05:30,1.3,1.35,1.3,1.35,2850,4854250,14.198046,19400.55,19850.0,19850,ATM+9,CALL,19400,2023-11-07
2023-11-07 14:20:00+05:30,1.35,1.35,1.3,1.35,16650,4854250,14.242547,19399.05,19850.0,19850,ATM+9,CALL,19400,2023-11-07
2023-11-07 14:21:00+05:30,1.35,1.35,1.25,1.3,110850,4854100,14.138699,19400.05,19850.0,19850,ATM+9,CALL,19400,2023-11-07
2023-11-07 14:22:00+05:30,1.3,1.35,1.3,1.3,2050,4854100,14.205325,19397.75,19850.0,19850,ATM+9,CALL,19400,2023-11-07
2023-11-07 14:23:00+05:30,1.3,1.35,1.3,1.35,13450,4854100,14.398449,19393.75,19850.0,19850,ATM+9,CALL,19400,2023-11-07
2023-11-07 14:24:00+05:30,1.35,1.35,1.3,1.35,4400,4836300,14.505882,19390.0,19850.0,19850,ATM+9,CALL,19400,2023-11-07
2023-11-07 14:25:00+05:30,1.3,1.35,1.3,1.35,18500,4836300,14.528021,19389.3,19850.0,19850,ATM+9,CALL,19400,2023-11-07
2023-11-07 14:26:00+05:30,1.3,1.35,1.3,1.3,5400,4836300,14.375679,19392.0,19850.0,19850,ATM+9,CALL,19400,2023-11-07
2023-11-07 14:27:00+05:30,1.3,1.35,1.3,1.35,7200,4838750,14.464619,19391.75,19850.0,19850,ATM+9,CALL,19400,2023-11-07
2023-11-07 14:28:00+05:30,1.35,1.35,1.3,1.35,13750,4838750,14.625226,19386.1,19850.0,19850,ATM+9,CALL,19400,2023-11-07
2023-11-07 14:29:00+05:30,1.35,1.35,1.3,1.3,9600,4838750,14.482244,19388.45,19850.0,19850,ATM+9,CALL,19400,2023-11-07
2023-11-07 14:30:00+05:30,1.3,1.35,1.3,1.35,10300,4826700,14.435905,19393.05,19850.0,19850,ATM+9,CALL,19400,2023-11-07
2023-11-07 14:31:00+05:30,1.35,1.35,1.3,1.35,3500,4826700,14.383835,19395.0,19850.0,19850,ATM+9,CALL,19400,2023-11-07
2023-11-07 14:32:00+05:30,1.35,1.35,1.3,1.3,6550,4826700,14.44813,19389.95,19850.0,19850,ATM+9,CALL,19400,2023-11-07
2023-11-07 14:33:00+05:30,1.3,1.35,1.3,1.35,7450,4833700,14.489808,19391.4,19850.0,19850,ATM+9,CALL,19400,2023-11-07
2023-11-07 14:34:00+05:30,1.35,1.35,1.3,1.3,4250,4833700,14.489506,19388.65,19850.0,19850,ATM+9,CALL,19400,2023-11-07
2023-11-07 14:35:00+05:30,1.3,1.35,1.3,1.35,35150,4833700,14.499153,19391.25,19850.0,19850,ATM+9,CALL,19400,2023-11-07
2023-11-07 14:36:00+05:30,1.35,1.35,1.3,1.3,4700,4833450,14.475123,19389.35,19850.0,19850,ATM+9,CALL,19400,2023-11-07
2023-11-07 14:37:00+05:30,1.3,1.35,1.3,1.3,6200,4833450,14.537666,19387.2,19850.0,19850,ATM+9,CALL,19400,2023-11-07
2023-11-07 14:38:00+05:30,1.3,1.35,1.25,1.25,85050,4833450,14.632954,19380.9,19850.0,19850,ATM+9,CALL,19400,2023-11-07
2023-11-07 14:39:00+05:30,1.3,1.3,1.25,1.25,39000,4831300,14.624453,19381.3,19850.0,19850,ATM+9,CALL,19400,2023-11-07
2023-11-07 14:40:00+05:30,1.25,1.3,1.25,1.25,9900,4831300,14.543775,19384.3,19850.0,19850,ATM+9,CALL,19400,2023-11-07
2023-11-07 14:41:00+05:30,1.25,1.3,1.25,1.3,1900,4831300,14.706985,19381.5,19850.0,19850,ATM+9,CALL,19400,2023-11-07
2023-11-07 14:42:00+05:30,1.25,1.3,1.25,1.25,3950,4823950,14.61698,19381.85,19850.0,19850,ATM+9,CALL,19400,2023-11-07
2023-11-07 14:43:00+05:30,1.25,1.35,1.25,1.3,29850,4823950,14.603415,19385.4,19850.0,19850,ATM+9,CALL,19400,2023-11-07
2023-11-07 14:44:00+05:30,1.3,1.35,1.3,1.3,13800,4823950,14.674382,19382.95,19850.0,19850,ATM+9,CALL,19400,2023-11-07
2023-11-07 14:45:00+05:30,1.3,1.35,1.3,1.3,41550,4822700,14.657458,19383.65,19850.0,19850,ATM+9,CALL,19400,2023-11-07
2023-11-07 14:46:00+05:30,1.3,1.3,1.25,1.3,45800,4822700,14.553962,19387.45,19850.0,19850,ATM+9,CALL,19400,2023-11-07
2023-11-07 14:47:00+05:30,1.3,1.3,1.25,1.3,56150,4822700,14.650114,19384.1,19850.0,19850,ATM+9,CALL,19400,2023-11-07
2023-11-07 14:48:00+05:30,1.3,1.3,1.25,1.3,10000,4822250,14.533998,19388.35,19850.0,19850,ATM+9,CALL,19400,2023-11-07
2023-11-07 14:49:00+05:30,1.3,1.3,1.25,1.3,22900,4822250,14.470888,19390.7,19850.0,19850,ATM+9,CALL,19400,2023-11-07
2023-11-07 14:50:00+05:30,1.3,1.35,1.3,1.35,34150,4822250,14.537895,19391.25,19850.0,19850,ATM+9,CALL,19400,2023-11-07
2023-11-07 14:51:00+05:30,1.35,1.35,1.3,1.35,52350,4834200,14.392916,19396.5,19850.0,19850,ATM+9,CALL,19400,2023-11-07
2023-11-07 14:52:00+05:30,1.35,1.35,1.3,1.3,15050,4834200,14.216798,19400.05,19850.0,19850,ATM+9,CALL,19400,2023-11-07
2023-11-07 14:53:00+05:30,1.35,1.35,1.3,1.3,93550,4834200,14.23896,19399.35,19850.0,19850,ATM+9,CALL,19400,2023-11-07
2023-11-07 14:54:00+05:30,1.3,1.35,1.25,1.25,61000,4859200,14.265232,19395.6,19850.0,19850,ATM+9,CALL,19400,2023-11-07
2023-11-07 14:55:00+05:30,1.25,1.3,1.25,1.3,20100,4859200,14.293112,19397.6,19850.0,19850,ATM+9,CALL,19400,2023-11-07
2023-11-07 14:56:00+05:30,1.3,1.3,1.25,1.25,19950,4859200,14.179621,19398.85,19850.0,19850,ATM+9,CALL,19400,2023-11-07
2023-11-07 14:57:00+05:30,1.25,1.3,1.25,1.25,22300,4847300,14.145851,19400.15,19850.0,19850,ATM+9,CALL,19400,2023-11-07
2023-11-07 14:58:00+05:30,1.3,1.3,1.25,1.25,42650,4847300,14.120443,19401.15,19850.0,19850,ATM+9,CALL,19400,2023-11-07
2023-11-07 14:59:00+05:30,1.25,1.3,1.25,1.3,28100,4847300,14.262664,19399.05,19850.0,19850,ATM+9,CALL,19400,2023-11-07
2023-11-07 15:00:00+05:30,1.3,1.35,1.25,1.3,34300,4862850,14.071455,19405.95,19850.0,19850,ATM+9,CALL,19400,2023-11-07
2023-11-07 15:01:00+05:30,1.3,1.35,1.3,1.3,29050,4862850,14.206011,19401.25,19850.0,19850,ATM+9,CALL,19400,2023-11-07
2023-11-07 15:02:00+05:30,1.3,1.4,1.3,1.35,137050,4862850,14.266197,19402.0,19850.0,19850,ATM+9,CALL,19400,2023-11-07
2023-11-07 15:03:00+05:30,1.35,1.4,1.3,1.3,56500,4883650,14.139459,19403.8,19850.0,19850,ATM+9,CALL,19400,2023-11-07
2023-11-07 15:04:00+05:30,1.3,1.35,1.3,1.3,26000,4883650,14.108262,19405.0,19850.0,19850,ATM+9,CALL,19400,2023-11-07
2023-11-07 15:05:00+05:30,1.3,1.35,1.3,1.3,29050,4883650,13.988419,19409.35,19850.0,19850,ATM+9,CALL,19400,2023-11-07
2023-11-07 15:06:00+05:30,1.3,1.35,1.3,1.3,42900,4901150,13.976856,19409.85,19850.0,19850,ATM+9,CALL,19400,2023-11-07
2023-11-07 15:07:00+05:30,1.3,1.35,1.3,1.35,40050,4901150,14.250762,19403.0,19850.0,19850,ATM+9,CALL,19400,2023-11-07
2023-11-07 15:08:00+05:30,1.35,1.35,1.25,1.3,75400,4901150,14.271642,19399.55,19850.0,19850,ATM+9,CALL,19400,2023-11-07
2023-11-07 15:09:00+05:30,1.3,1.35,1.25,1.35,83150,4934450,14.401277,19397.85,19850.0,19850,ATM+9,CALL,19400,2023-11-07
2023-11-07 15:10:00+05:30,1.35,1.35,1.3,1.35,15850,4934450,14.389751,19398.35,19850.0,19850,ATM+9,CALL,19400,2023-11-07
2023-11-07 15:11:00+05:30,1.3,1.35,1.3,1.3,96750,4934450,14.321505,19398.05,19850.0,19850,ATM+9,CALL,19400,2023-11-07
2023-11-07 15:12:00+05:30,1.3,1.3,1.25,1.3,78200,4964300,14.322673,19398.1,19850.0,19850,ATM+9,CALL,19400,2023-11-07
2023-11-07 15:13:00+05:30,1.25,1.3,1.25,1.3,44000,4964300,14.433467,19394.25,19850.0,19850,ATM+9,CALL,19400,2023-11-07
2023-11-07 15:14:00+05:30,1.3,1.35,1.25,1.3,85800,4964300,14.329231,19398.05,19850.0,19850,ATM+9,CALL,19400,2023-11-07
2023-11-07 15:15:00+05:30,1.3,1.35,1.25,1.3,123850,4989000,14.265691,19400.4,19850.0,19850,ATM+9,CALL,19400,2023-11-07
2023-11-07 15:16:00+05:30,1.3,1.35,1.25,1.35,62550,4989000,14.285152,19402.6,19850.0,19850,ATM+9,CALL,19400,2023-11-07
2023-11-07 15:17:00+05:30,1.3,1.35,1.25,1.3,111950,4989000,14.082086,19407.1,19850.0,19850,ATM+9,CALL,19400,2023-11-07
2023-11-07 15:18:00+05:30,1.3,1.3,1.25,1.3,33850,4987450,14.028225,19409.1,19850.0,19850,ATM+9,CALL,19400,2023-11-07
2023-11-07 15:19:00+05:30,1.25,1.3,1.25,1.3,103200,4987450,13.963032,19411.5,19850.0,19850,ATM+9,CALL,19400,2023-11-07
2023-11-07 15:20:00+05:30,1.25,1.35,1.25,1.3,105050,4987450,13.924613,19412.95,19850.0,19850,ATM+9,CALL,19400,2023-11-07
2023-11-07 15:21:00+05:30,1.3,1.3,1.25,1.3,60100,4999550,13.842372,19415.95,19850.0,19850,ATM+9,CALL,19400,2023-11-07
2023-11-07 15:22:00+05:30,1.3,1.3,1.25,1.25,101950,4999550,13.785303,19415.25,19850.0,19850,ATM+9,CALL,19400,2023-11-07
2023-11-07 15:23:00+05:30,1.25,1.3,1.25,1.3,101350,4999550,13.821928,19416.85,19850.0,19850,ATM+9,CALL,19400,2023-11-07
2023-11-07 15:24:00+05:30,1.25,1.35,1.25,1.35,128450,5020200,13.876096,19417.75,19850.0,19850,ATM+9,CALL,19400,2023-11-07
2023-11-07 15:25:00+05:30,1.3,1.35,1.3,1.3,123850,5020200,13.825512,19416.9,19850.0,19850,ATM+9,CALL,19400,2023-11-07
2023-11-07 15:26:00+05:30,1.3,1.35,1.3,1.3,62500,5020200,13.778496,19418.65,19850.0,19850,ATM+9,CALL,19400,2023-11-07
2023-11-07 15:27:00+05:30,1.3,1.35,1.3,1.35,263850,5088000,13.912046,19416.75,19850.0,19850,ATM+9,CALL,19400,2023-11-07
2023-11-07 15:28:00+05:30,1.4,1.4,1.3,1.3,86900,5088000,13.980099,19411.7,19850.0,19850,ATM+9,CALL,19400,2023-11-07
2023-11-07 15:29:00+05:30,1.3,1.35,1.2,1.3,486200,5088000,13.827032,19417.2,19850.0,19850,ATM+9,CALL,19400,2023-11-07
2023-11-07 09:15:00+05:30,2.2,3.2,1.8,1.85,318900,2129000,12.288078,19369.7,19750.0,19800,ATM+8,CALL,19400,2023-11-07
2023-11-07 09:16:00+05:30,1.85,1.9,1.7,1.8,276750,2129000,12.661304,19354.55,19750.0,19800,ATM+8,CALL,19400,2023-11-07
2023-11-07 09:17:00+05:30,1.8,2.0,1.7,2.0,336700,2070250,12.786895,19357.9,19750.0,19800,ATM+8,CALL,19400,2023-11-07
2023-11-07 09:18:00+05:30,1.95,2.1,1.95,2.05,189850,2070250,12.699915,19362.85,19750.0,19800,ATM+8,CALL,19400,2023-11-07
2023-11-07 09:19:00+05:30,2.0,2.15,2.0,2.1,134000,2070250,12.700036,19364.7,19750.0,19800,ATM+8,CALL,19400,2023-11-07
2023-11-07 09:20:00+05:30,2.1,2.25,2.05,2.2,249100,2097100,12.536108,19373.9,19750.0,19800,ATM+8,CALL,19400,2023-11-07
2023-11-07 09:21:00+05:30,2.2,2.35,2.15,2.15,193200,2097100,12.584514,19370.6,19750.0,19800,ATM+8,CALL,19400,2023-11-07
2023-11-07 09:22:00+05:30,1.75,1.8,1.7,1.8,92550,3055500,13.45672,19375.3,19800.0,19800,ATM+8,CALL,19400,2023-11-07
2023-11-07 09:23:00+05:30,1.8,1.8,1.75,1.8,69750,3063200,13.319741,19380.3,19800.0,19800,ATM+8,CALL,19400,2023-11-07
2023-11-07 09:24:00+05:30,1.75,1.8,1.75,1.8,73750,3063200,13.271753,19382.1,19800.0,19800,ATM+8,CALL,19400,2023-11-07
2023-11-07 09:25:00+05:30,1.8,1.8,1.75,1.75,91900,3063200,13.235674,19381.35,19800.0,19800,ATM+8,CALL,19400,2023-11-07
2023-11-07 09:26:00+05:30,2.3,2.3,2.1,2.1,83900,2221300,12.435652,19374.4,19750.0,19800,ATM+8,CALL,19400,2023-11-07
2023-11-07 09:27:00+05:30,1.65,1.7,1.65,1.65,54400,3084750,13.268655,19375.9,19800.0,19800,ATM+8,CALL,19400,2023-11-07
2023-11-07 09:28:00+05:30,2.15,2.2,2.1,2.1,211900,2221300,12.475682,19373.15,19750.0,19800,ATM+8,CALL,19400,2023-11-07
2023-11-07 09:29:00+05:30,2.1,2.1,2.0,2.05,91500,2262900,12.510607,19370.25,19750.0,19800,ATM+8,CALL,19400,2023-11-07
2023-11-07 09:30:00+05:30,2.05,2.05,1.95,1.95,104600,2262900,12.469061,19368.15,19750.0,19800,ATM+8,CALL,19400,2023-11-07
2023-11-07 09:31:00+05:30,1.95,2.0,1.95,2.0,71950,2262900,12.431889,19371.35,19750.0,19800,ATM+8,CALL,19400,2023-11-07
2023-11-07 09:32:00+05:30,2.0,2.05,1.95,2.05,98900,2291700,12.449273,19372.6,19750.0,19800,ATM+8,CALL,19400,2023-11-07
2023-11-07 09:33:00+05:30,2.0,2.05,2.0,2.05,31900,2291700,12.452736,19372.55,19750.0,19800,ATM+8,CALL,19400,2023-11-07
2023-11-07 09:34:00+05:30,2.05,2.05,2.0,2.0,43150,2291700,12.560964,19367.05,19750.0,19800,ATM+8,CALL,19400,2023-11-07
2023-11-07 09:35:00+05:30,2.05,2.05,1.95,2.0,74000,2278800,12.587311,19366.2,19750.0,19800,ATM+8,CALL,19400,2023-11-07
2023-11-07 09:36:00+05:30,2.0,2.0,1.95,2.0,13950,2278800,12.575066,19366.7,19750.0,19800,ATM+8,CALL,19400,2023-11-07
2023-11-07 09:37:00+05:30,2.0,2.05,1.95,2.0,15450,2278800,12.524196,19368.55,19750.0,19800,ATM+8,CALL,19400,2023-11-07
2023-11-07 09:38:00+05:30,2.05,2.05,1.95,2.0,27750,2273800,12.653506,19364.1,19750.0,19800,ATM+8,CALL,19400,2023-11-07
2023-11-07 09:39:00+05:30,2.0,2.0,1.95,2.0,77650,2273800,12.755574,19360.6,19750.0,19800,ATM+8,CALL,19400,2023-11-07
2023-11-07 09:40:00+05:30,2.0,2.0,1.95,2.0,19150,2273800,12.717656,19362.0,19750.0,19800,ATM+8,CALL,19400,2023-11-07
2023-11-07 09:41:00+05:30,2.0,2.05,1.95,2.05,25650,2310450,12.727413,19363.55,19750.0,19800,ATM+8,CALL,19400,2023-11-07
2023-11-07 09:42:00+05:30,2.05,2.05,2.0,2.05,4450,2310450,12.745264,19363.0,19750.0,19800,ATM+8,CALL,19400,2023-11-07
2023-11-07 09:43:00+05:30,2.05,2.05,2.0,2.05,45150,2310450,12.685659,19365.15,19750.0,19800,ATM+8,CALL,19400,2023-11-07
2023-11-07 09:44:00+05:30,2.05,2.05,1.95,2.0,42250,2303500,12.597215,19366.5,19750.0,19800,ATM+8,CALL,19400,2023-11-07
2023-11-07 09:45:00+05:30,1.95,2.0,1.95,1.95,37550,2303500,12.548132,19366.45,19750.0,19800,ATM+8,CALL,19400,2023-11-07
2023-11-07 09:46:00+05:30,1.95,2.0,1.95,2.0,12650,2303500,12.711522,19362.65,19750.0,19800,ATM+8,CALL,19400,2023-11-07
2023-11-07 09:47:00+05:30,1.95,2.0,1.9,1.9,81250,2321300,12.805752,19355.65,19750.0,19800,ATM+8,CALL,19400,2023-11-07
2023-11-07 09:48:00+05:30,1.9,2.0,1.9,2.0,29900,2321300,12.824358,19358.85,19750.0,19800,ATM+8,CALL,19400,2023-11-07
2023-11-07 09:49:00+05:30,2.0,2.0,1.95,1.95,57200,2321300,12.637706,19363.6,19750.0,19800,ATM+8,CALL,19400,2023-11-07
2023-11-07 09:50:00+05:30,1.95,2.0,1.9,1.95,53600,2324300,12.759586,19359.4,19750.0,19800,ATM+8,CALL,19400,2023-11-07
2023-11-07 09:51:00+05:30,1.95,1.95,1.9,1.95,54500,2324300,12.664676,19362.8,19750.0,19800,ATM+8,CALL,19400,2023-11-07
2023-11-07 09:52:00+05:30,1.95,1.95,1.9,1.9,27250,2324300,12.590185,19363.6,19750.0,19800,ATM+8,CALL,19400,2023-11-07
2023-11-07 09:53:00+05:30,1.95,1.95,1.9,1.9,32000,2319550,12.634937,19362.1,19750.0,19800,ATM+8,CALL,19400,2023-11-07
2023-11-07 09:54:00+05:30,1.9,1.95,1.9,1.95,8450,2319550,12.64091,19363.85,19750.0,19800,ATM+8,CALL,19400,2023-11-07
2023-11-07 09:55:00+05:30,1.95,1.95,1.9,1.9,19600,2319550,12.442495,19369.0,19750.0,19800,ATM+8,CALL,19400,2023-11-07
2023-11-07 09:56:00+05:30,1.95,1.95,1.9,1.9,20450,2303550,12.616945,19362.95,19750.0,19800,ATM+8,CALL,19400,2023-11-07
2023-11-07 09:57:00+05:30,1.9,1.95,1.9,1.95,23750,2303550,12.715684,19361.45,19750.0,19800,ATM+8,CALL,19400,2023-11-07
2023-11-07 09:58:00+05:30,1.95,1.95,1.9,1.9,21750,2303550,12.816015,19356.1,19750.0,19800,ATM+8,CALL,19400,2023-11-07
2023-11-07 09:59:00+05:30,1.9,1.95,1.9,1.9,13250,2316150,12.76265,19358.05,19750.0,19800,ATM+8,CALL,19400,2023-11-07
2023-11-07 10:00:00+05:30,1.95,1.95,1.9,1.95,9850,2316150,12.877536,19356.0,19750.0,19800,ATM+8,CALL,19400,2023-11-07
2023-11-07 10:01:00+05:30,1.95,1.95,1.9,1.9,7650,2316150,12.671454,19361.4,19750.0,19800,ATM+8,CALL,19400,2023-11-07
2023-11-07 10:02:00+05:30,1.9,1.95,1.9,1.9,26300,2309200,12.81873,19356.3,19750.0,19800,ATM+8,CALL,19400,2023-11-07
2023-11-07 10:03:00+05:30,1.9,1.95,1.85,1.85,38700,2309200,12.853355,19353.2,19750.0,19800,ATM+8,CALL,19400,2023-11-07
2023-11-07 10:04:00+05:30,1.85,1.9,1.8,1.85,103450,2309200,12.924889,19350.75,19750.0,19800,ATM+8,CALL,19400,2023-11-07
2023-11-07 10:05:00+05:30,1.85,1.9,1.85,1.85,79500,2315550,12.936925,19350.4,19750.0,19800,ATM+8,CALL,19400,2023-11-07
2023-11-07 10:06:00+05:30,1.85,1.9,1.85,1.9,14100,2315550,12.952337,19351.9,19750.0,19800,ATM+8,CALL,19400,2023-11-07
2023-11-07 10:07:00+05:30,1.9,1.9,1.85,1.9,17650,2315550,12.994273,19350.5,19750.0,19800,ATM+8,CALL,19400,2023-11-07
2023-11-07 10:08:00+05:30,1.85,1.9,1.85,1.85,19950,2309400,12.804328,19355.3,19750.0,19800,ATM+8,CALL,19400,2023-11-07
2023-11-07 10:09:00+05:30,1.85,1.85,1.8,1.8,15750,2309400,12.68489,19357.6,19750.0,19800,ATM+8,CALL,19400,2023-11-07
2023-11-07 10:10:00+05:30,1.8,1.85,1.8,1.8,30450,2309400,12.688392,19357.55,19750.0,19800,ATM+8,CALL,19400,2023-11-07
2023-11-07 10:11:00+05:30,1.8,1.85,1.8,1.8,10150,2316400,12.649414,19359.0,19750.0,19800,ATM+8,CALL,19400,2023-11-07
2023-11-07 10:12:00+05:30,1.8,1.85,1.8,1.85,21450,2316400,12.653615,19360.9,19750.0,19800,ATM+8,CALL,19400,2023-11-07
2023-11-07 10:13:00+05:30,1.8,1.9,1.8,1.85,74150,2316400,12.558951,19364.3,19750.0,19800,ATM+8,CALL,19400,2023-11-07
2023-11-07 10:14:00+05:30,1.85,1.9,1.8,1.9,90600,2306150,12.561471,19366.2,19750.0,19800,ATM+8,CALL,19400,2023-11-07
2023-11-07 10:15:00+05:30,1.9,1.95,1.9,1.9,29600,2306150,12.609264,19364.6,19750.0,19800,ATM+8,CALL,19400,2023-11-07
2023-11-07 10:16:00+05:30,1.9,1.95,1.9,1.9,14400,2306150,12.587051,19365.45,19750.0,19800,ATM+8,CALL,19400,2023-11-07
2023-11-07 10:17:00+05:30,1.9,1.9,1.85,1.85,34550,2299250,12.611377,19362.75,19750.0,19800,ATM+8,CALL,19400,2023-11-07
2023-11-07 10:18:00+05:30,1.85,1.9,1.8,1.9,55150,2299250,12.634081,19363.95,19750.0,19800,ATM+8,CALL,19400,2023-11-07
2023-11-07 10:19:00+05:30,1.85,1.9,1.85,1.85,12250,2299250,12.42168,19369.55,19750.0,19800,ATM+8,CALL,19400,2023-11-07
2023-11-07 10:20:00+05:30,1.85,1.9,1.8,1.8,113600,2305950,12.268907,19373.05,19750.0,19800,ATM+8,CALL,19400,2023-11-07
2023-11-07 10:21:00+05:30,1.8,1.85,1.8,1.8,20900,2305950,12.282325,19372.65,19750.0,19800,ATM+8,CALL,19400,2023-11-07
2023-11-07 10:22:00+05:30,1.8,1.85,1.8,1.8,19800,2305950,12.3171,19371.5,19750.0,19800,ATM+8,CALL,19400,2023-11-07
2023-11-07 10:23:00+05:30,1.85,1.85,1.8,1.8,10900,2297600,12.501208,19365.1,19750.0,19800,ATM+8,CALL,19400,2023-11-07
2023-11-07 10:24:00+05:30,1.8,1.85,1.75,1.8,41500,2297600,12.480528,19365.9,19750.0,19800,ATM+8,CALL,19400,2023-11-07
2023-11-07 10:25:00+05:30,1.75,1.8,1.75,1.75,39500,2297600,12.261498,19371.7,19750.0,19800,ATM+8,CALL,19400,2023-11-07
2023-11-07 10:26:00+05:30,1.8,1.8,1.75,1.75,8850,2294850,12.240812,19372.5,19750.0,19800,ATM+8,CALL,19400,2023-11-07
2023-11-07 10:27:00+05:30,1.75,1.8,1.75,1.75,9950,2294850,12.335106,19369.25,19750.0,19800,ATM+8,CALL,19400,2023-11-07
2023-11-07 10:28:00+05:30,1.75,1.8,1.75,1.8,12550,2294850,12.364948,19370.25,19750.0,19800,ATM+8,CALL,19400,2023-11-07
2023-11-07 10:29:00+05:30,1.8,1.85,1.75,1.85,21150,2278450,12.410797,19370.65,19750.0,19800,ATM+8,CALL,19400,2023-11-07
2023-11-07 10:30:00+05:30,1.85,1.85,1.8,1.85,11850,2278450,12.328473,19373.6,19750.0,19800,ATM+8,CALL,19400,2023-11-07
2023-11-07 10:31:00+05:30,1.55,1.55,1.5,1.5,7450,3196550,13.195141,19376.55,19800.0,19800,ATM+8,CALL,19400,2023-11-07
2023-11-07 10:32:00+05:30,1.5,1.55,1.5,1.55,10800,3234200,13.284329,19375.8,19800.0,19800,ATM+8,CALL,19400,2023-11-07
2023-11-07 10:33:00+05:30,1.8,1.85,1.8,1.85,15500,2270350,12.313134,19374.35,19750.0,19800,ATM+8,CALL,19400,2023-11-07
2023-11-07 10:34:00+05:30,1.55,1.55,1.5,1.55,10450,3234200,13.297005,19375.5,19800.0,19800,ATM+8,CALL,19400,2023-11-07
2023-11-07 10:35:00+05:30,1.55,1.55,1.5,1.55,17500,3241900,13.047424,19384.6,19800.0,19800,ATM+8,CALL,19400,2023-11-07
2023-11-07 10:36:00+05:30,1.5,1.6,1.5,1.6,53250,3241900,13.242957,19379.95,19800.0,19800,ATM+8,CALL,19400,2023-11-07
2023-11-07 10:37:00+05:30,1.6,1.6,1.6,1.6,22200,3241900,13.203472,19381.45,19800.0,19800,ATM+8,CALL,19400,2023-11-07
2023-11-07 10:38:00+05:30,1.6,1.6,1.55,1.6,14150,3240750,13.213992,19381.15,19800.0,19800,ATM+8,CALL,19400,2023-11-07
2023-11-07 10:39:00+05:30,1.6,1.6,1.55,1.6,17650,3240750,13.100776,19385.3,19800.0,19800,ATM+8,CALL,19400,2023-11-07
2023-11-07 10:40:00+05:30,1.6,1.6,1.55,1.55,27150,3240750,12.976422,19387.55,19800.0,19800,ATM+8,CALL,19400,2023-11-07
2023-11-07 10:41:00+05:30,1.55,1.65,1.55,1.6,30000,3252050,12.961704,19390.45,19800.0,19800,ATM+8,CALL,19400,2023-11-07
2023-11-07 10:42:00+05:30,1.6,1.65,1.6,1.6,8100,3252050,13.02236,19388.35,19800.0,19800,ATM+8,CALL,19400,2023-11-07
2023-11-07 10:43:00+05:30,1.6,1.65,1.6,1.65,7250,3252050,13.109481,19387.55,19800.0,19800,ATM+8,CALL,19400,2023-11-07
2023-11-07 10:44:00+05:30,1.65,1.7,1.6,1.65,57200,3252200,12.957784,19393.05,19800.0,19800,ATM+8,CALL,19400,2023-11-07
2023-11-07 10:45:00+05:30,1.7,1.8,1.65,1.8,385550,3252200,13.142377,19392.95,19800.0,19800,ATM+8,CALL,19400,2023-11-07
2023-11-07 10:46:00+05:30,1.75,1.8,1.65,1.65,78500,3252200,13.039069,19390.3,19800.0,19800,ATM+8,CALL,19400,2023-11-07
2023-11-07 10:47:00+05:30,1.65,1.7,1.65,1.7,9400,3285650,13.123558,19389.55,19800.0,19800,ATM+8,CALL,19400,2023-11-07
2023-11-07 10:48:00+05:30,1.65,1.7,1.65,1.65,8500,3285650,13.051796,19390.0,19800.0,19800,ATM+8,CALL,19400,2023-11-07
2023-11-07 10:49:00+05:30,1.7,1.7,1.65,1.65,6200,3285650,13.014762,19391.4,19800.0,19800,ATM+8,CALL,19400,2023-11-07
2023-11-07 10:50:00+05:30,1.7,1.7,1.65,1.7,16600,3287350,13.072484,19391.6,19800.0,19800,ATM+8,CALL,19400,2023-11-07
2023-11-07 10:51:00+05:30,1.65,1.7,1.65,1.65,27450,3287350,13.131091,19387.4,19800.0,19800,ATM+8,CALL,19400,2023-11-07
2023-11-07 10:52:00+05:30,1.65,1.7,1.65,1.7,74300,3287350,13.34506,19382.05,19800.0,19800,ATM+8,CALL,19400,2023-11-07
2023-11-07 10:53:00+05:30,1.7,1.7,1.65,1.65,19050,3279250,13.187238,19385.55,19800.0,19800,ATM+8,CALL,19400,2023-11-07
2023-11-07 10:54:00+05:30,1.65,1.7,1.65,1.65,13100,3279250,13.204823,19385.0,19800.0,19800,ATM+8,CALL,19400,2023-11-07
2023-11-07 10:55:00+05:30,1.7,1.75,1.65,1.7,115200,3279250,13.275903,19384.75,19800.0,19800,ATM+8,CALL,19400,2023-11-07
2023-11-07 10:56:00+05:30,1.7,1.75,1.7,1.7,22050,3280050,13.272493,19384.95,19800.0,19800,ATM+8,CALL,19400,2023-11-07
2023-11-07 10:57:00+05:30,1.75,1.75,1.7,1.7,108500,3280050,13.339305,19382.65,19800.0,19800,ATM+8,CALL,19400,2023-11-07
2023-11-07 10:58:00+05:30,1.7,1.75,1.7,1.75,53500,3280050,13.336262,19385.0,19800.0,19800,ATM+8,CALL,19400,2023-11-07
2023-11-07 10:59:00+05:30,1.7,1.75,1.7,1.75,12000,3296200,13.449828,19381.05,19800.0,19800,ATM+8,CALL,19400,2023-11-07
2023-11-07 11:00:00+05:30,1.75,1.75,1.7,1.7,19150,3296200,13.350179,19382.5,19800.0,19800,ATM+8,CALL,19400,2023-11-07
2023-11-07 11:01:00+05:30,1.7,1.75,1.7,1.75,57300,3296200,13.36267,19384.3,19800.0,19800,ATM+8,CALL,19400,2023-11-07
2023-11-07 11:02:00+05:30,1.75,1.75,1.7,1.75,37750,3304050,13.292937,19386.85,19800.0,19800,ATM+8,CALL,19400,2023-11-07
2023-11-07 11:03:00+05:30,1.75,1.75,1.65,1.7,210750,3304050,13.223268,19387.25,19800.0,19800,ATM+8,CALL,19400,2023-11-07
2023-11-07 11:04:00+05:30,1.7,1.7,1.65,1.7,17600,3304050,13.238137,19386.8,19800.0,19800,ATM+8,CALL,19400,2023-11-07
2023-11-07 11:05:00+05:30,1.7,1.7,1.65,1.7,13550,3314350,13.258637,19386.15,19800.0,19800,ATM+8,CALL,19400,2023-11-07
2023-11-07 11:06:00+05:30,1.7,1.7,1.65,1.7,6150,3314350,13.211586,19387.9,19800.0,19800,ATM+8,CALL,19400,2023-11-07
2023-11-07 11:07:00+05:30,1.7,1.75,1.7,1.7,42400,3314350,13.17436,19389.3,19800.0,19800,ATM+8,CALL,19400,2023-11-07
2023-11-07 11:08:00+05:30,1.7,1.75,1.7,1.75,30600,3321150,13.214384,19390.1,19800.0,19800,ATM+8,CALL,19400,2023-11-07
2023-11-07 11:09:00+05:30,1.7,1.75,1.7,1.7,31950,3321150,13.047656,19393.95,19800.0,19800,ATM+8,CALL,19400,2023-11-07
2023-11-07 11:10:00+05:30,1.7,1.75,1.65,1.7,68500,3321150,13.013152,19395.25,19800.0,19800,ATM+8,CALL,19400,2023-11-07
2023-11-07 11:11:00+05:30,1.7,1.75,1.7,1.7,11000,3346100,12.981449,19396.45,19800.0,19800,ATM+8,CALL,19400,2023-11-07
2023-11-07 11:12:00+05:30,1.7,1.75,1.65,1.75,81950,3346100,13.107155,19394.2,19800.0,19800,ATM+8,CALL,19400,2023-11-07
2023-11-07 11:13:00+05:30,1.7,1.7,1.65,1.7,21100,3346100,13.126936,19391.45,19800.0,19800,ATM+8,CALL,19400,2023-11-07
2023-11-07 11:14:00+05:30,1.7,1.7,1.65,1.65,5350,3366150,13.028343,19392.85,19800.0,19800,ATM+8,CALL,19400,2023-11-07
2023-11-07 11:15:00+05:30,1.65,1.7,1.65,1.65,105000,3366150,13.126129,19389.45,19800.0,19800,ATM+8,CALL,19400,2023-11-07
2023-11-07 11:16:00+05:30,1.7,1.7,1.65,1.65,40600,3366150,13.091775,19390.75,19800.0,19800,ATM+8,CALL,19400,2023-11-07
2023-11-07 11:17:00+05:30,1.65,1.7,1.65,1.7,83250,3377800,13.067959,19393.85,19800.0,19800,ATM+8,CALL,19400,2023-11-07
2023-11-07 11:18:00+05:30,1.7,1.75,1.65,1.7,68000,3377800,12.952852,19398.0,19800.0,19800,ATM+8,CALL,19400,2023-11-07
2023-11-07 11:19:00+05:30,1.7,1.75,1.7,1.7,13050,3377800,12.997441,19396.5,19800.0,19800,ATM+8,CALL,19400,2023-11-07
2023-11-07 11:20:00+05:30,1.75,1.75,1.7,1.75,13500,3351300,13.067997,19396.2,19800.0,19800,ATM+8,CALL,19400,2023-11-07
2023-11-07 11:21:00+05:30,1.75,1.75,1.7,1.75,79750,3351300,13.067352,19396.3,19800.0,19800,ATM+8,CALL,19400,2023-11-07
2023-11-07 11:22:00+05:30,1.75,1.75,1.7,1.75,5900,3351300,13.134805,19394.0,19800.0,19800,ATM+8,CALL,19400,2023-11-07
2023-11-07 11:23:00+05:30,1.75,1.75,1.7,1.7,25100,3374800,13.154599,19391.25,19800.0,19800,ATM+8,CALL,19400,2023-11-07
2023-11-07 11:24:00+05:30,1.7,1.75,1.7,1.7,8750,3374800,13.173761,19390.65,19800.0,19800,ATM+8,CALL,19400,2023-11-07
2023-11-07 11:25:00+05:30,1.75,1.75,1.7,1.75,3500,3374800,13.225111,19391.05,19800.0,19800,ATM+8,CALL,19400,2023-11-07
2023-11-07 11:26:00+05:30,1.75,1.75,1.7,1.75,21700,3375350,13.303889,19388.35,19800.0,19800,ATM+8,CALL,19400,2023-11-07
2023-11-07 11:27:00+05:30,1.7,1.75,1.7,1.7,9400,3375350,13.145057,19391.9,19800.0,19800,ATM+8,CALL,19400,2023-11-07
2023-11-07 11:28:00+05:30,1.7,1.75,1.7,1.7,101700,3375350,13.209469,19389.7,19800.0,19800,ATM+8,CALL,19400,2023-11-07
2023-11-07 11:29:00+05:30,1.7,1.75,1.7,1.75,44150,3382200,13.268049,19389.85,19800.0,19800,ATM+8,CALL,19400,2023-11-07
2023-11-07 11:30:00+05:30,1.75,1.75,1.7,1.75,14850,3382200,13.305741,19388.6,19800.0,19800,ATM+8,CALL,19400,2023-11-07
2023-11-07 11:31:00+05:30,1.75,1.75,1.7,1.75,21400,3382200,13.356196,19386.9,19800.0,19800,ATM+8,CALL,19400,2023-11-07
2023-11-07 11:32:00+05:30,1.75,1.75,1.7,1.75,9200,3397700,13.267647,19390.1,19800.0,19800,ATM+8,CALL,19400,2023-11-07
2023-11-07 11:33:00+05:30,1.75,1.8,1.7,1.8,201700,3397700,13.413417,19387.15,19800.0,19800,ATM+8,CALL,19400,2023-11-07
2023-11-07 11:34:00+05:30,1.75,1.8,1.7,1.75,14800,3397700,13.330305,19388.05,19800.0,19800,ATM+8,CALL,19400,2023-11-07
2023-11-07 11:35:00+05:30,1.75,1.75,1.7,1.75,109750,3395900,13.182018,19393.35,19800.0,19800,ATM+8,CALL,19400,2023-11-07
2023-11-07 11:36:00+05:30,1.7,1.75,1.7,1.7,52000,3395900,13.065823,19395.4,19800.0,19800,ATM+8,CALL,19400,2023-11-07
2023-11-07 11:37:00+05:30,1.75,1.75,1.7,1.75,11500,3395900,13.166558,19394.05,19800.0,19800,ATM+8,CALL,19400,2023-11-07
2023-11-07 11:38:00+05:30,1.75,1.75,1.7,1.75,7500,3388650,13.187262,19393.4,19800.0,19800,ATM+8,CALL,19400,2023-11-07
2023-11-07 11:39:00+05:30,1.75,1.8,1.7,1.75,79600,3388650,13.281875,19390.15,19800.0,19800,ATM+8,CALL,19400,2023-11-07
2023-11-07 11:40:00+05:30,1.8,1.8,1.65,1.7,444450,3388650,13.608018,19376.55,19800.0,19800,ATM+8,CALL,19400,2023-11-07
2023-11-07 11:41:00+05:30,2.05,2.1,1.85,1.85,188550,2221450,12.705801,19365.65,19750.0,19800,ATM+8,CALL,19400,2023-11-07
2023-11-07 11:42:00+05:30,1.85,1.9,1.85,1.9,42600,2221450,12.944291,19359.4,19750.0,19800,ATM+8,CALL,19400,2023-11-07
2023-11-07 11:43:00+05:30,1.85,1.95,1.85,1.9,77900,2221450,13.073698,19355.0,19750.0,19800,ATM+8,CALL,19400,2023-11-07
2023-11-07 11:44:00+05:30,1.95,2.2,1.9,2.15,110500,2217600,13.353887,19354.7,19750.0,19800,ATM+8,CALL,19400,2023-11-07
2023-11-07 11:45:00+05:30,2.2,2.35,2.2,2.25,265650,2217600,13.885545,19340.2,19750.0,19800,ATM+8,CALL,19400,2023-11-07
2023-11-07 11:46:00+05:30,2.2,2.25,2.15,2.25,87600,2217600,13.726068,19345.7,19750.0,19800,ATM+8,CALL,19400,2023-11-07
2023-11-07 11:47:00+05:30,2.25,2.25,2.1,2.15,66450,2197550,13.628911,19345.55,19750.0,19800,ATM+8,CALL,19400,2023-11-07
2023-11-07 11:48:00+05:30,2.1,2.15,2.05,2.05,51100,2197550,13.630527,19341.9,19750.0,19800,ATM+8,CALL,19400,2023-11-07
2023-11-07 11:49:00+05:30,2.1,2.15,2.05,2.05,72650,2197550,13.776762,19336.95,19750.0,19800,ATM+8,CALL,19400,2023-11-07
2023-11-07 11:50:00+05:30,2.05,2.1,2.0,2.1,117500,2213750,13.700989,19341.5,19750.0,19800,ATM+8,CALL,19400,2023-11-07
2023-11-07 11:51:00+05:30,2.05,2.15,2.05,2.15,55800,2213750,13.686469,19343.9,19750.0,19800,ATM+8,CALL,19400,2023-11-07
2023-11-07 11:52:00+05:30,2.15,2.2,2.15,2.15,55950,2213750,13.79273,19340.35,19750.0,19800,ATM+8,CALL,19400,2023-11-07
2023-11-07 11:53:00+05:30,2.15,2.2,2.15,2.15,16550,2201250,13.862369,19338.05,19750.0,19800,ATM+8,CALL,19400,2023-11-07
2023-11-07 11:54:00+05:30,2.15,2.25,2.15,2.2,78350,2201250,14.125849,19330.95,19750.0,19800,ATM+8,CALL,19400,2023-11-07
2023-11-07 11:55:00+05:30,2.2,2.3,2.2,2.25,51550,2201250,13.825092,19343.05,19750.0,19800,ATM+8,CALL,19400,2023-11-07
2023-11-07 11:56:00+05:30,2.2,2.25,2.2,2.25,25850,2220550,13.880468,19341.25,19750.0,19800,ATM+8,CALL,19400,2023-11-07
2023-11-07 11:57:00+05:30,2.25,2.25,2.2,2.2,19350,2220550,13.794066,19342.5,19750.0,19800,ATM+8,CALL,19400,2023-11-07
2023-11-07 11:58:00+05:30,2.2,2.25,2.2,2.25,7800,2220550,13.867492,19341.85,19750.0,19800,ATM+8,CALL,19400,2023-11-07
2023-11-07 11:59:00+05:30,2.25,2.25,2.2,2.2,9150,2220300,13.728166,19344.9,19750.0,19800,ATM+8,CALL,19400,2023-11-07
2023-11-07 12:00:00+05:30,2.2,2.25,2.2,2.25,6200,2220300,13.904618,19340.75,19750.0,19800,ATM+8,CALL,19400,2023-11-07
2023-11-07 12:01:00+05:30,2.25,2.25,2.2,2.25,4000,2220300,13.918767,19340.35,19750.0,19800,ATM+8,CALL,19400,2023-11-07
2023-11-07 12:02:00+05:30,2.25,2.25,2.2,2.2,41150,2235250,13.968895,19336.95,19750.0,19800,ATM+8,CALL,19400,2023-11-07
2023-11-07 12:03:00+05:30,2.2,2.3,2.2,2.25,42100,2235250,13.880733,19341.8,19750.0,19800,ATM+8,CALL,19400,2023-11-07
2023-11-07 12:04:00+05:30,2.25,2.3,2.25,2.25,16800,2235250,13.939123,19339.9,19750.0,19800,ATM+8,CALL,19400,2023-11-07
2023-11-07 12:05:00+05:30,2.25,2.3,2.25,2.25,14150,2236400,13.811666,19344.3,19750.0,19800,ATM+8,CALL,19400,2023-11-07
2023-11-07 12:06:00+05:30,2.25,2.25,2.15,2.2,74600,2236400,13.738603,19345.1,19750.0,19800,ATM+8,CALL,19400,2023-11-07
2023-11-07 12:07:00+05:30,2.15,2.2,2.15,2.15,1650,2236400,13.5194,19350.85,19750.0,19800,ATM+8,CALL,19400,2023-11-07
2023-11-07 12:08:00+05:30,2.15,2.2,2.15,2.2,12950,2254400,13.609151,19349.65,19750.0,19800,ATM+8,CALL,19400,2023-11-07
2023-11-07 12:09:00+05:30,2.2,2.2,2.15,2.2,19700,2254400,13.587866,19350.45,19750.0,19800,ATM+8,CALL,19400,2023-11-07
2023-11-07 12:10:00+05:30,2.2,2.2,2.15,2.2,33150,2254400,13.641812,19348.7,19750.0,19800,ATM+8,CALL,19400,2023-11-07
2023-11-07 12:11:00+05:30,2.2,2.2,2.15,2.2,28350,2235400,13.583639,19350.75,19750.0,19800,ATM+8,CALL,19400,2023-11-07
2023-11-07 12:12:00+05:30,2.2,2.2,2.15,2.2,40800,2235400,13.547568,19352.05,19750.0,19800,ATM+8,CALL,19400,2023-11-07
2023-11-07 12:13:00+05:30,2.2,2.2,2.15,2.2,23150,2235400,13.628125,19349.4,19750.0,19800,ATM+8,CALL,19400,2023-11-07
2023-11-07 12:14:00+05:30,2.2,2.2,2.15,2.2,34350,2224350,13.540371,19352.45,19750.0,19800,ATM+8,CALL,19400,2023-11-07
2023-11-07 12:15:00+05:30,2.2,2.25,2.2,2.25,5100,2224350,13.586536,19352.7,19750.0,19800,ATM+8,CALL,19400,2023-11-07
2023-11-07 12:16:00+05:30,2.25,2.25,2.2,2.25,9050,2224350,13.581444,19352.95,19750.0,19800,ATM+8,CALL,19400,2023-11-07
2023-11-07 12:17:00+05:30,2.25,2.25,2.2,2.2,30100,2207200,13.55026,19352.35,19750.0,19800,ATM+8,CALL,19400,2023-11-07
2023-11-07 12:18:00+05:30,2.2,2.25,2.2,2.2,18100,2207200,13.483077,19354.7,19750.0,19800,ATM+8,CALL,19400,2023-11-07
2023-11-07 12:19:00+05:30,2.2,2.25,2.2,2.2,16250,2207200,13.353642,19359.15,19750.0,19800,ATM+8,CALL,19400,2023-11-07
2023-11-07 12:20:00+05:30,2.2,2.2,2.15,2.2,59150,2212200,13.347037,19359.45,19750.0,19800,ATM+8,CALL,19400,2023-11-07
2023-11-07 12:21:00+05:30,2.2,2.2,2.15,2.15,13000,2212200,13.361389,19357.3,19750.0,19800,ATM+8,CALL,19400,2023-11-07
2023-11-07 12:22:00+05:30,2.15,2.15,2.1,2.1,17700,2212200,13.40404,19354.15,19750.0,19800,ATM+8,CALL,19400,2023-11-07
2023-11-07 12:23:00+05:30,2.1,2.15,2.1,2.1,6050,2212200,13.418105,19353.75,19750.0,19800,ATM+8,CALL,19400,2023-11-07
2023-11-07 12:24:00+05:30,2.1,2.15,2.1,2.1,14700,2211100,13.367407,19355.55,19750.0,19800,ATM+8,CALL,19400,2023-11-07
2023-11-07 12:25:00+05:30,2.1,2.15,2.05,2.1,42050,2211100,13.349076,19356.25,19750.0,19800,ATM+8,CALL,19400,2023-11-07
2023-11-07 12:26:00+05:30,2.1,2.1,2.05,2.05,8150,2214200,13.284875,19356.7,19750.0,19800,ATM+8,CALL,19400,2023-11-07
2023-11-07 12:27:00+05:30,2.1,2.1,2.05,2.1,18300,2214200,13.393425,19354.9,19750.0,19800,ATM+8,CALL,19400,2023-11-07
2023-11-07 12:28:00+05:30,2.1,2.1,2.05,2.05,6000,2214200,13.373157,19353.85,19750.0,19800,ATM+8,CALL,19400,2023-11-07
2023-11-07 12:29:00+05:30,2.05,2.1,2.05,2.05,4800,2215800,13.388666,19353.4,19750.0,19800,ATM+8,CALL,19400,2023-11-07
2023-11-07 12:30:00+05:30,2.05,2.1,2.05,2.05,2600,2215800,13.398304,19353.15,19750.0,19800,ATM+8,CALL,19400,2023-11-07
2023-11-07 12:31:00+05:30,2.05,2.1,2.05,2.05,600,2215800,13.457871,19351.2,19750.0,19800,ATM+8,CALL,19400,2023-11-07
2023-11-07 12:32:00+05:30,2.05,2.1,2.05,2.1,26200,2215800,13.37395,19355.95,19750.0,19800,ATM+8,CALL,19400,2023-11-07
2023-11-07 12:33:00+05:30,2.1,2.15,2.1,2.1,6750,2211850,13.329045,19357.55,19750.0,19800,ATM+8,CALL,19400,2023-11-07
2023-11-07 12:34:00+05:30,2.1,2.15,2.1,2.15,13700,2211850,13.158622,19365.15,19750.0,19800,ATM+8,CALL,19400,2023-11-07
2023-11-07 12:35:00+05:30,2.15,2.15,2.1,2.1,22500,2195300,13.05138,19367.1,19750.0,19800,ATM+8,CALL,19400,2023-11-07
2023-11-07 12:36:00+05:30,2.1,2.15,2.05,2.05,22050,2195300,13.098553,19363.8,19750.0,19800,ATM+8,CALL,19400,2023-11-07
2023-11-07 12:37:00+05:30,2.05,2.05,2.0,2.0,31600,2195300,12.925228,19367.95,19750.0,19800,ATM+8,CALL,19400,2023-11-07
2023-11-07 12:38:00+05:30,2.0,2.05,2.0,2.0,30150,2190900,12.933341,19367.75,19750.0,19800,ATM+8,CALL,19400,2023-11-07
2023-11-07 12:39:00+05:30,2.0,2.05,2.0,2.0,7450,2190900,12.995904,19365.7,19750.0,19800,ATM+8,CALL,19400,2023-11-07
2023-11-07 12:40:00+05:30,2.0,2.1,2.0,2.05,70700,2190900,13.075114,19364.9,19750.0,19800,ATM+8,CALL,19400,2023-11-07
2023-11-07 12:41:00+05:30,2.05,2.1,2.05,2.05,14500,2190900,13.04637,19365.95,19750.0,19800,ATM+8,CALL,19400,2023-11-07
2023-11-07 12:42:00+05:30,2.05,2.1,2.05,2.05,4500,2177100,13.089952,19364.55,19750.0,19800,ATM+8,CALL,19400,2023-11-07
2023-11-07 12:43:00+05:30,2.05,2.05,2.0,2.0,25300,2177100,13.047548,19364.25,19750.0,19800,ATM+8,CALL,19400,2023-11-07
2023-11-07 12:44:00+05:30,2.0,2.05,2.0,2.05,11500,2187550,13.126941,19363.45,19750.0,19800,ATM+8,CALL,19400,2023-11-07
2023-11-07 12:45:00+05:30,2.05,2.05,2.0,2.05,10550,2187550,13.070141,19365.45,19750.0,19800,ATM+8,CALL,19400,2023-11-07
2023-11-07 12:46:00+05:30,2.05,2.1,2.0,2.05,26500,2187550,13.066487,19365.65,19750.0,19800,ATM+8,CALL,19400,2023-11-07
2023-11-07 12:47:00+05:30,2.05,2.1,2.05,2.05,6000,2180400,12.974138,19368.85,19750.0,19800,ATM+8,CALL,19400,2023-11-07
2023-11-07 12:48:00+05:30,2.05,2.1,2.05,2.1,51650,2180400,12.945636,19371.65,19750.0,19800,ATM+8,CALL,19400,2023-11-07
2023-11-07 12:49:00+05:30,2.1,2.1,2.05,2.05,22700,2180400,12.889824,19371.85,19750.0,19800,ATM+8,CALL,19400,2023-11-07
2023-11-07 12:50:00+05:30,2.05,2.1,2.0,2.0,31850,2166000,12.942444,19368.35,19750.0,19800,ATM+8,CALL,19400,2023-11-07
2023-11-07 12:51:00+05:30,2.0,2.05,2.0,2.05,12300,2166000,12.954988,19369.8,19750.0,19800,ATM+8,CALL,19400,2023-11-07
2023-11-07 12:52:00+05:30,2.05,2.05,2.0,2.05,24800,2166000,12.937981,19370.45,19750.0,19800,ATM+8,CALL,19400,2023-11-07
2023-11-07 12:53:00+05:30,2.05,2.05,2.0,2.05,4800,2166000,13.009802,19368.1,19750.0,19800,ATM+8,CALL,19400,2023-11-07
2023-11-07 12:54:00+05:30,2.0,2.05,2.0,2.05,17900,2167050,13.120056,19364.45,19750.0,19800,ATM+8,CALL,19400,2023-11-07
2023-11-07 12:55:00+05:30,2.05,2.1,2.05,2.1,73250,2167050,13.244837,19362.1,19750.0,19800,ATM+8,CALL,19400,2023-11-07
2023-11-07 12:56:00+05:30,2.1,2.15,2.1,2.1,120150,2187000,13.24268,19362.25,19750.0,19800,ATM+8,CALL,19400,2023-11-07
2023-11-07 12:57:00+05:30,2.1,2.1,2.05,2.1,19700,2187000,13.193055,19364.0,19750.0,19800,ATM+8,CALL,19400,2023-11-07
2023-11-07 12:58:00+05:30,2.1,2.1,2.05,2.05,14050,2187000,13.0803,19366.1,19750.0,19800,ATM+8,CALL,19400,2023-11-07
2023-11-07 12:59:00+05:30,2.05,2.1,2.05,2.05,69250,2163800,13.060355,19366.85,19750.0,19800,ATM+8,CALL,19400,2023-11-07
2023-11-07 13:00:00+05:30,2.1,2.15,2.05,2.1,20000,2163800,13.091495,19367.65,19750.0,19800,ATM+8,CALL,19400,2023-11-07
2023-11-07 13:01:00+05:30,2.1,2.15,2.05,2.05,20700,2163800,12.984856,19369.55,19750.0,19800,ATM+8,CALL,19400,2023-11-07
2023-11-07 13:02:00+05:30,2.05,2.1,2.05,2.05,450,2163800,13.010831,19368.75,19750.0,19800,ATM+8,CALL,19400,2023-11-07
2023-11-07 13:03:00+05:30,2.05,2.1,2.05,2.1,3600,2166350,13.015024,19370.45,19750.0,19800,ATM+8,CALL,19400,2023-11-07
2023-11-07 13:04:00+05:30,2.1,2.1,2.05,2.05,11000,2166350,12.978268,19370.0,19750.0,19800,ATM+8,CALL,19400,2023-11-07
2023-11-07 13:05:00+05:30,2.05,2.1,2.05,2.05,7350,2166350,13.002775,19369.25,19750.0,19800,ATM+8,CALL,19400,2023-11-07
2023-11-07 13:06:00+05:30,2.05,2.1,2.05,2.1,5000,2168500,12.987565,19371.6,19750.0,19800,ATM+8,CALL,19400,2023-11-07
2023-11-07 13:07:00+05:30,2.1,2.1,2.05,2.05,50500,2168500,13.011745,19369.1,19750.0,19800,ATM+8,CALL,19400,2023-11-07
2023-11-07 13:08:00+05:30,2.05,2.05,1.95,2.0,21550,2197350,12.991761,19368.05,19750.0,19800,ATM+8,CALL,19400,2023-11-07
2023-11-07 13:09:00+05:30,2.0,2.0,1.95,2.0,2400,2197350,13.010292,19367.5,19750.0,19800,ATM+8,CALL,19400,2023-11-07
2023-11-07 13:10:00+05:30,2.0,2.0,1.85,1.9,42550,2197350,12.956006,19365.7,19750.0,19800,ATM+8,CALL,19400,2023-11-07
2023-11-07 13:11:00+05:30,1.9,1.9,1.8,1.9,87350,2174850,12.865628,19368.85,19750.0,19800,ATM+8,CALL,19400,2023-11-07
2023-11-07 13:12:00+05:30,1.85,1.9,1.85,1.85,5700,2174850,12.968709,19363.5,19750.0,19800,ATM+8,CALL,19400,2023-11-07
2023-11-07 13:13:00+05:30,1.85,1.9,1.8,1.9,56550,2174850,13.027439,19363.5,19750.0,19800,ATM+8,CALL,19400,2023-11-07
2023-11-07 13:14:00+05:30,1.9,1.95,1.85,1.9,49150,2166900,12.932672,19366.8,19750.0,19800,ATM+8,CALL,19400,2023-11-07
2023-11-07 13:15:00+05:30,1.85,1.9,1.85,1.9,14000,2166900,12.949634,19366.3,19750.0,19800,ATM+8,CALL,19400,2023-11-07
2023-11-07 13:16:00+05:30,1.9,1.9,1.85,1.9,8800,2166900,12.923935,19367.25,19750.0,19800,ATM+8,CALL,19400,2023-11-07
2023-11-07 13:17:00+05:30,1.9,1.9,1.85,1.85,4500,2166900,12.911099,19365.85,19750.0,19800,ATM+8,CALL,19400,2023-11-07
2023-11-07 13:18:00+05:30,1.85,1.9,1.85,1.9,2750,2165400,13.081425,19362.05,19750.0,19800,ATM+8,CALL,19400,2023-11-07
2023-11-07 13:19:00+05:30,1.9,1.9,1.85,1.85,8850,2165400,13.024105,19362.15,19750.0,19800,ATM+8,CALL,19400,2023-11-07
2023-11-07 13:20:00+05:30,1.85,1.9,1.85,1.9,7300,2165400,13.147728,19359.95,19750.0,19800,ATM+8,CALL,19400,2023-11-07
2023-11-07 13:21:00+05:30,1.9,1.9,1.8,1.8,93350,2165300,13.102441,19357.65,19750.0,19800,ATM+8,CALL,19400,2023-11-07
2023-11-07 13:22:00+05:30,1.8,1.85,1.8,1.85,35750,2165300,13.095417,19359.95,19750.0,19800,ATM+8,CALL,19400,2023-11-07
2023-11-07 13:23:00+05:30,1.85,1.9,1.85,1.85,10200,2165300,13.047859,19361.65,19750.0,19800,ATM+8,CALL,19400,2023-11-07
2023-11-07 13:24:00+05:30,1.85,1.85,1.8,1.8,44150,2162100,13.007038,19361.15,19750.0,19800,ATM+8,CALL,19400,2023-11-07
2023-11-07 13:25:00+05:30,1.8,1.9,1.8,1.85,45850,2162100,12.981987,19364.05,19750.0,19800,ATM+8,CALL,19400,2023-11-07
2023-11-07 13:26:00+05:30,1.85,1.9,1.8,1.8,42050,2162100,12.941383,19363.55,19750.0,19800,ATM+8,CALL,19400,2023-11-07
2023-11-07 13:27:00+05:30,1.8,1.85,1.75,1.8,55850,2157400,13.086945,19358.65,19750.0,19800,ATM+8,CALL,19400,2023-11-07
2023-11-07 13:28:00+05:30,1.8,1.85,1.8,1.85,2450,2157400,13.176599,19357.65,19750.0,19800,ATM+8,CALL,19400,2023-11-07
2023-11-07 13:29:00+05:30,1.85,1.85,1.8,1.85,14650,2157400,13.246328,19355.35,19750.0,19800,ATM+8,CALL,19400,2023-11-07
2023-11-07 13:30:00+05:30,1.85,1.85,1.8,1.8,4100,2147150,13.162503,19356.3,19750.0,19800,ATM+8,CALL,19400,2023-11-07
2023-11-07 13:31:00+05:30,1.8,1.85,1.8,1.8,7350,2147150,13.208638,19354.8,19750.0,19800,ATM+8,CALL,19400,2023-11-07
2023-11-07 13:32:00+05:30,1.8,1.85,1.8,1.8,8350,2147150,13.010605,19361.65,19750.0,19800,ATM+8,CALL,19400,2023-11-07
2023-11-07 13:33:00+05:30,1.8,1.85,1.75,1.8,91750,2143750,12.929409,19364.5,19750.0,19800,ATM+8,CALL,19400,2023-11-07
2023-11-07 13:34:00+05:30,1.75,1.8,1.7,1.7,85000,2143750,12.62857,19370.85,19750.0,19800,ATM+8,CALL,19400,2023-11-07
2023-11-07 13:35:00+05:30,1.75,1.75,1.7,1.75,19050,2143750,12.641454,19372.5,19750.0,19800,ATM+8,CALL,19400,2023-11-07
2023-11-07 13:36:00+05:30,1.7,1.8,1.7,1.75,29000,2147950,12.713918,19370.1,19750.0,19800,ATM+8,CALL,19400,2023-11-07
2023-11-07 13:37:00+05:30,1.75,1.8,1.7,1.7,32750,2147950,12.709574,19368.3,19750.0,19800,ATM+8,CALL,19400,2023-11-07
2023-11-07 13:38:00+05:30,1.7,1.75,1.7,1.7,16950,2147950,12.710347,19368.35,19750.0,19800,ATM+8,CALL,19400,2023-11-07
2023-11-07 13:39:00+05:30,1.7,1.75,1.7,1.7,6650,2149150,12.69654,19368.9,19750.0,19800,ATM+8,CALL,19400,2023-11-07
2023-11-07 13:40:00+05:30,1.7,1.75,1.7,1.75,7250,2149150,12.636443,19373.05,19750.0,19800,ATM+8,CALL,19400,2023-11-07
2023-11-07 13:41:00+05:30,1.75,1.75,1.65,1.7,33950,2149150,12.555039,19373.9,19750.0,19800,ATM+8,CALL,19400,2023-11-07
2023-11-07 13:42:00+05:30,1.7,1.75,1.65,1.7,40250,2144800,12.53241,19374.75,19750.0,19800,ATM+8,CALL,19400,2023-11-07
2023-11-07 13:43:00+05:30,1.75,1.8,1.7,1.8,34650,2144800,12.662645,19374.35,19750.0,19800,ATM+8,CALL,19400,2023-11-07
2023-11-07 13:44:00+05:30,1.8,1.8,1.75,1.8,7450,2144800,12.70607,19372.95,19750.0,19800,ATM+8,CALL,19400,2023-11-07
2023-11-07 13:45:00+05:30,1.8,1.8,1.75,1.8,8600,2125200,12.723017,19372.45,19750.0,19800,ATM+8,CALL,19400,2023-11-07
2023-11-07 13:46:00+05:30,1.8,1.8,1.75,1.75,16500,2125200,12.752398,19369.55,19750.0,19800,ATM+8,CALL,19400,2023-11-07
2023-11-07 13:47:00+05:30,1.8,1.8,1.7,1.7,38150,2125200,12.610695,19372.45,19750.0,19800,ATM+8,CALL,19400,2023-11-07
2023-11-07 13:48:00+05:30,1.7,1.75,1.7,1.7,22700,2124400,12.593913,19373.1,19750.0,19800,ATM+8,CALL,19400,2023-11-07
2023-11-07 13:49:00+05:30,1.7,1.75,1.7,1.75,4500,2124400,12.6418,19373.55,19750.0,19800,ATM+8,CALL,19400,2023-11-07
2023-11-07 13:50:00+05:30,1.5,1.5,1.45,1.45,8500,3525550,13.55388,19377.45,19800.0,19800,ATM+8,CALL,19400,2023-11-07
2023-11-07 13:51:00+05:30,1.45,1.5,1.45,1.45,14500,3531150,13.319546,19385.8,19800.0,19800,ATM+8,CALL,19400,2023-11-07
2023-11-07 13:52:00+05:30,1.5,1.5,1.45,1.5,45950,3531150,13.333898,19387.8,19800.0,19800,ATM+8,CALL,19400,2023-11-07
2023-11-07 13:53:00+05:30,1.5,1.5,1.4,1.45,72950,3531150,13.139586,19392.3,19800.0,19800,ATM+8,CALL,19400,2023-11-07
2023-11-07 13:54:00+05:30,1.4,1.5,1.35,1.5,141200,3539900,13.121686,19395.4,19800.0,19800,ATM+8,CALL,19400,2023-11-07
2023-11-07 13:55:00+05:30,1.5,1.55,1.45,1.5,99500,3539900,13.131138,19395.15,19800.0,19800,ATM+8,CALL,19400,2023-11-07
2023-11-07 13:56:00+05:30,1.45,1.65,1.45,1.55,271650,3539900,13.060848,19400.0,19800.0,19800,ATM+8,CALL,19400,2023-11-07
2023-11-07 13:57:00+05:30,1.55,1.6,1.5,1.5,70850,3549650,13.087172,19396.85,19800.0,19800,ATM+8,CALL,19400,2023-11-07
2023-11-07 13:58:00+05:30,1.5,1.55,1.45,1.5,56100,3549650,13.073751,19397.4,19800.0,19800,ATM+8,CALL,19400,2023-11-07
2023-11-07 13:59:00+05:30,1.5,1.5,1.4,1.45,70200,3549650,13.110782,19393.8,19800.0,19800,ATM+8,CALL,19400,2023-11-07
2023-11-07 14:00:00+05:30,1.45,1.45,1.4,1.4,41750,3561900,12.989475,19395.7,19800.0,19800,ATM+8,CALL,19400,2023-11-07
2023-11-07 14:01:00+05:30,1.45,1.5,1.45,1.5,164150,3561900,13.037744,19398.9,19800.0,19800,ATM+8,CALL,19400,2023-11-07
2023-11-07 14:02:00+05:30,1.5,1.6,1.5,1.6,89550,3561900,13.243287,19396.4,19800.0,19800,ATM+8,CALL,19400,2023-11-07
2023-11-07 14:03:00+05:30,1.6,1.6,1.5,1.55,94200,3505250,13.062611,19400.5,19800.0,19800,ATM+8,CALL,19400,2023-11-07
2023-11-07 14:04:00+05:30,1.55,1.6,1.5,1.6,210600,3505250,12.992488,19405.25,19800.0,19800,ATM+8,CALL,19400,2023-11-07
2023-11-07 14:05:00+05:30,1.6,1.6,1.5,1.5,99150,3505250,12.846293,19405.9,19800.0,19800,ATM+8,CALL,19400,2023-11-07
2023-11-07 14:06:00+05:30,1.55,1.55,1.5,1.55,78250,3433300,12.947212,19404.75,19800.0,19800,ATM+8,CALL,19400,2023-11-07
2023-11-07 14:07:00+05:30,1.55,1.55,1.5,1.55,34050,3433300,12.925018,19405.6,19800.0,19800,ATM+8,CALL,19400,2023-11-07
2023-11-07 14:08:00+05:30,1.55,1.55,1.5,1.5,52350,3433300,12.973614,19401.7,19800.0,19800,ATM+8,CALL,19400,2023-11-07
2023-11-07 14:09:00+05:30,1.55,1.55,1.45,1.45,143500,3421850,13.021267,19397.75,19800.0,19800,ATM+8,CALL,19400,2023-11-07
2023-11-07 14:10:00+05:30,1.45,1.45,1.4,1.4,99850,3421850,12.989707,19396.5,19800.0,19800,ATM+8,CALL,19400,2023-11-07
2023-11-07 14:11:00+05:30,1.4,1.45,1.4,1.45,89800,3421850,13.062987,19396.45,19800.0,19800,ATM+8,CALL,19400,2023-11-07
2023-11-07 14:12:00+05:30,1.4,1.5,1.4,1.5,31600,3385500,13.008627,19400.8,19800.0,19800,ATM+8,CALL,19400,2023-11-07
2023-11-07 14:13:00+05:30,1.5,1.5,1.45,1.5,17550,3385500,13.053965,19399.3,19800.0,19800,ATM+8,CALL,19400,2023-11-07
2023-11-07 14:14:00+05:30,1.5,1.6,1.5,1.6,217200,3385500,13.134135,19401.15,19800.0,19800,ATM+8,CALL,19400,2023-11-07
2023-11-07 14:15:00+05:30,1.55,1.55,1.5,1.55,43200,3377750,13.091819,19400.45,19800.0,19800,ATM+8,CALL,19400,2023-11-07
2023-11-07 14:16:00+05:30,1.55,1.55,1.5,1.55,19650,3377750,13.023522,19402.9,19800.0,19800,ATM+8,CALL,19400,2023-11-07
2023-11-07 14:17:00+05:30,1.55,1.55,1.5,1.5,35150,3377750,12.979959,19402.2,19800.0,19800,ATM+8,CALL,19400,2023-11-07
2023-11-07 14:18:00+05:30,1.5,1.55,1.5,1.5,123000,3379200,13.085637,19398.6,19800.0,19800,ATM+8,CALL,19400,2023-11-07
2023-11-07 14:19:00+05:30,1.5,1.5,1.45,1.45,43350,3379200,12.964286,19400.55,19800.0,19800,ATM+8,CALL,19400,2023-11-07
2023-11-07 14:20:00+05:30,1.45,1.5,1.45,1.5,46500,3379200,13.077362,19399.05,19800.0,19800,ATM+8,CALL,19400,2023-11-07
2023-11-07 14:21:00+05:30,1.5,1.5,1.45,1.45,16400,3420150,12.9832,19400.05,19800.0,19800,ATM+8,CALL,19400,2023-11-07
2023-11-07 14:22:00+05:30,1.45,1.55,1.45,1.55,81200,3420150,13.18595,19397.75,19800.0,19800,ATM+8,CALL,19400,2023-11-07
2023-11-07 14:23:00+05:30,1.5,1.6,1.5,1.55,73700,3420150,13.303559,19393.75,19800.0,19800,ATM+8,CALL,19400,2023-11-07
2023-11-07 14:24:00+05:30,1.55,1.55,1.5,1.55,50000,3388000,13.413904,19390.0,19800.0,19800,ATM+8,CALL,19400,2023-11-07
2023-11-07 14:25:00+05:30,1.5,1.55,1.5,1.5,32250,3388000,13.36887,19389.3,19800.0,19800,ATM+8,CALL,19400,2023-11-07
2023-11-07 14:26:00+05:30,1.55,1.55,1.5,1.55,3200,3388000,13.361074,19392.0,19800.0,19800,ATM+8,CALL,19400,2023-11-07
2023-11-07 14:27:00+05:30,1.55,1.55,1.5,1.5,15800,3393650,13.30333,19391.75,19800.0,19800,ATM+8,CALL,19400,2023-11-07
2023-11-07 14:28:00+05:30,1.5,1.55,1.5,1.5,24600,3393650,13.467767,19386.1,19800.0,19800,ATM+8,CALL,19400,2023-11-07
2023-11-07 14:29:00+05:30,1.5,1.55,1.5,1.5,14600,3393650,13.402766,19388.45,19800.0,19800,ATM+8,CALL,19400,2023-11-07
2023-11-07 14:30:00+05:30,1.5,1.6,1.5,1.55,65100,3418950,13.340314,19393.05,19800.0,19800,ATM+8,CALL,19400,2023-11-07
2023-11-07 14:31:00+05:30,1.55,1.6,1.55,1.55,13100,3418950,13.286444,19395.0,19800.0,19800,ATM+8,CALL,19400,2023-11-07
2023-11-07 14:32:00+05:30,1.55,1.6,1.5,1.55,61950,3418950,13.434442,19389.95,19800.0,19800,ATM+8,CALL,19400,2023-11-07
2023-11-07 14:33:00+05:30,1.5,1.55,1.5,1.5,6550,3419350,13.3276,19391.4,19800.0,19800,ATM+8,CALL,19400,2023-11-07
2023-11-07 14:34:00+05:30,1.55,1.55,1.45,1.45,68800,3419350,13.339761,19388.65,19800.0,19800,ATM+8,CALL,19400,2023-11-07
2023-11-07 14:35:00+05:30,1.45,1.5,1.45,1.5,8250,3419350,13.336662,19391.25,19800.0,19800,ATM+8,CALL,19400,2023-11-07
2023-11-07 14:36:00+05:30,1.5,1.5,1.45,1.5,4050,3457050,13.393633,19389.35,19800.0,19800,ATM+8,CALL,19400,2023-11-07
2023-11-07 14:37:00+05:30,1.5,1.5,1.45,1.5,12450,3457050,13.457779,19387.2,19800.0,19800,ATM+8,CALL,19400,2023-11-07
2023-11-07 14:38:00+05:30,1.5,1.5,1.4,1.4,53100,3457050,13.499205,19380.9,19800.0,19800,ATM+8,CALL,19400,2023-11-07
2023-11-07 14:39:00+05:30,1.4,1.45,1.4,1.4,18150,3454850,13.490228,19381.3,19800.0,19800,ATM+8,CALL,19400,2023-11-07
2023-11-07 14:40:00+05:30,1.45,1.45,1.4,1.45,13450,3454850,13.478519,19384.3,19800.0,19800,ATM+8,CALL,19400,2023-11-07
2023-11-07 14:41:00+05:30,1.4,1.45,1.4,1.4,18000,3454850,13.489348,19381.5,19800.0,19800,ATM+8,CALL,19400,2023-11-07
2023-11-07 14:42:00+05:30,1.4,1.45,1.4,1.45,15600,3460800,13.553408,19381.85,19800.0,19800,ATM+8,CALL,19400,2023-11-07
2023-11-07 14:43:00+05:30,1.45,1.5,1.4,1.45,51500,3460800,13.45426,19385.4,19800.0,19800,ATM+8,CALL,19400,2023-11-07
2023-11-07 14:44:00+05:30,1.45,1.5,1.45,1.5,7500,3460800,13.59674,19382.95,19800.0,19800,ATM+8,CALL,19400,2023-11-07
2023-11-07 14:45:00+05:30,1.5,1.5,1.45,1.5,21400,3460000,13.579058,19383.65,19800.0,19800,ATM+8,CALL,19400,2023-11-07
2023-11-07 14:46:00+05:30,1.45,1.5,1.45,1.45,35450,3460000,13.402756,19387.45,19800.0,19800,ATM+8,CALL,19400,2023-11-07
2023-11-07 14:47:00+05:30,1.45,1.5,1.45,1.45,15750,3460000,13.501112,19384.1,19800.0,19800,ATM+8,CALL,19400,2023-11-07
2023-11-07 14:48:00+05:30,1.45,1.5,1.45,1.5,21800,3443600,13.451158,19388.35,19800.0,19800,ATM+8,CALL,19400,2023-11-07
2023-11-07 14:49:00+05:30,1.5,1.5,1.45,1.5,17000,3443600,13.385907,19390.7,19800.0,19800,ATM+8,CALL,19400,2023-11-07
2023-11-07 14:50:00+05:30,1.5,1.5,1.45,1.5,21450,3443600,13.372461,19391.25,19800.0,19800,ATM+8,CALL,19400,2023-11-07
2023-11-07 14:51:00+05:30,1.45,1.55,1.45,1.55,35650,3456100,13.290582,19396.5,19800.0,19800,ATM+8,CALL,19400,2023-11-07
2023-11-07 14:52:00+05:30,1.55,1.55,1.5,1.5,26450,3456100,13.123395,19400.05,19800.0,19800,ATM+8,CALL,19400,2023-11-07
2023-11-07 14:53:00+05:30,1.55,1.55,1.45,1.45,86100,3456100,13.077743,19399.35,19800.0,19800,ATM+8,CALL,19400,2023-11-07
2023-11-07 14:54:00+05:30,1.45,1.5,1.4,1.45,334500,3458450,13.18793,19395.6,19800.0,19800,ATM+8,CALL,19400,2023-11-07
2023-11-07 14:55:00+05:30,1.45,1.45,1.4,1.45,57900,3458450,13.132786,19397.6,19800.0,19800,ATM+8,CALL,19400,2023-11-07
2023-11-07 14:56:00+05:30,1.45,1.45,1.4,1.45,33550,3458450,13.09918,19398.85,19800.0,19800,ATM+8,CALL,19400,2023-11-07
2023-11-07 14:57:00+05:30,1.4,1.45,1.4,1.4,48000,3426100,12.994416,19400.15,19800.0,19800,ATM+8,CALL,19400,2023-11-07
2023-11-07 14:58:00+05:30,1.45,1.45,1.4,1.45,20650,3426100,13.037663,19401.15,19800.0,19800,ATM+8,CALL,19400,2023-11-07
2023-11-07 14:59:00+05:30,1.45,1.5,1.45,1.5,48200,3426100,13.168818,19399.05,19800.0,19800,ATM+8,CALL,19400,2023-11-07
2023-11-07 15:00:00+05:30,1.5,1.5,1.45,1.5,52300,3412700,12.971536,19405.95,19800.0,19800,ATM+8,CALL,19400,2023-11-07
2023-11-07 15:01:00+05:30,1.45,1.5,1.45,1.45,30900,3412700,13.04182,19401.25,19800.0,19800,ATM+8,CALL,19400,2023-11-07
2023-11-07 15:02:00+05:30,1.45,1.5,1.45,1.45,54700,3412700,13.022549,19402.0,19800.0,19800,ATM+8,CALL,19400,2023-11-07
2023-11-07 15:03:00+05:30,1.45,1.5,1.45,1.45,84100,3425350,12.972985,19403.8,19800.0,19800,ATM+8,CALL,19400,2023-11-07
2023-11-07 15:04:00+05:30,1.45,1.5,1.45,1.45,14250,3425350,12.940698,19405.0,19800.0,19800,ATM+8,CALL,19400,2023-11-07
2023-11-07 15:05:00+05:30,1.45,1.5,1.45,1.45,21550,3425350,12.817407,19409.35,19800.0,19800,ATM+8,CALL,19400,2023-11-07
2023-11-07 15:06:00+05:30,1.45,1.5,1.45,1.45,26150,3473150,12.80527,19409.85,19800.0,19800,ATM+8,CALL,19400,2023-11-07
2023-11-07 15:07:00+05:30,1.45,1.5,1.4,1.4,83150,3473150,12.935945,19403.0,19800.0,19800,ATM+8,CALL,19400,2023-11-07
2023-11-07 15:08:00+05:30,1.4,1.45,1.4,1.45,41400,3473150,13.107321,19399.55,19800.0,19800,ATM+8,CALL,19400,2023-11-07
2023-11-07 15:09:00+05:30,1.45,1.45,1.4,1.4,28000,3513300,13.0886,19397.85,19800.0,19800,ATM+8,CALL,19400,2023-11-07
2023-11-07 15:10:00+05:30,1.4,1.45,1.4,1.45,24550,3513300,13.146667,19398.35,19800.0,19800,ATM+8,CALL,19400,2023-11-07
2023-11-07 15:11:00+05:30,1.4,1.5,1.4,1.45,229300,3513300,13.157694,19398.05,19800.0,19800,ATM+8,CALL,19400,2023-11-07
2023-11-07 15:12:00+05:30,1.4,1.45,1.4,1.45,57150,3516950,13.158628,19398.1,19800.0,19800,ATM+8,CALL,19400,2023-11-07
2023-11-07 15:13:00+05:30,1.45,1.45,1.4,1.4,43050,3516950,13.201464,19394.25,19800.0,19800,ATM+8,CALL,19400,2023-11-07
2023-11-07 15:14:00+05:30,1.4,1.45,1.4,1.4,47050,3516950,13.094674,19398.05,19800.0,19800,ATM+8,CALL,19400,2023-11-07
2023-11-07 15:15:00+05:30,1.4,1.45,1.4,1.4,131800,3522200,13.029464,19400.4,19800.0,19800,ATM+8,CALL,19400,2023-11-07
2023-11-07 15:16:00+05:30,1.4,1.5,1.4,1.45,156100,3522200,13.038159,19402.6,19800.0,19800,ATM+8,CALL,19400,2023-11-07
2023-11-07 15:17:00+05:30,1.45,1.5,1.4,1.4,118650,3522200,12.841236,19407.1,19800.0,19800,ATM+8,CALL,19400,2023-11-07
2023-11-07 15:18:00+05:30,1.4,1.45,1.4,1.4,37300,3576150,12.785897,19409.1,19800.0,19800,ATM+8,CALL,19400,2023-11-07
2023-11-07 15:19:00+05:30,1.4,1.45,1.4,1.4,217800,3576150,12.718965,19411.5,19800.0,19800,ATM+8,CALL,19400,2023-11-07
2023-11-07 15:20:00+05:30,1.4,1.45,1.4,1.45,183300,3576150,12.747891,19412.95,19800.0,19800,ATM+8,CALL,19400,2023-11-07
2023-11-07 15:21:00+05:30,1.45,1.45,1.4,1.45,37250,3629150,12.66317,19415.95,19800.0,19800,ATM+8,CALL,19400,2023-11-07
2023-11-07 15:22:00+05:30,1.4,1.45,1.35,1.4,340550,3629150,12.617549,19415.25,19800.0,19800,ATM+8,CALL,19400,2023-11-07
2023-11-07 15:23:00+05:30,1.35,1.45,1.3,1.4,417000,3629150,12.573576,19416.85,19800.0,19800,ATM+8,CALL,19400,2023-11-07
2023-11-07 15:24:00+05:30,1.4,1.5,1.4,1.45,252150,3693400,12.617792,19417.75,19800.0,19800,ATM+8,CALL,19400,2023-11-07
2023-11-07 15:25:00+05:30,1.45,1.5,1.4,1.45,267150,3693400,12.64478,19416.9,19800.0,19800,ATM+8,CALL,19400,2023-11-07
2023-11-07 15:26:00+05:30,1.45,1.5,1.4,1.45,168950,3693400,12.596223,19418.65,19800.0,19800,ATM+8,CALL,19400,2023-11-07
2023-11-07 15:27:00+05:30,1.45,1.55,1.45,1.55,259150,3718700,12.785644,19416.75,19800.0,19800,ATM+8,CALL,19400,2023-11-07
2023-11-07 15:28:00+05:30,1.6,1.6,1.5,1.5,133400,3718700,12.869955,19411.7,19800.0,19800,ATM+8,CALL,19400,2023-11-07
2023-11-07 15:29:00+05:30,1.5,1.5,1.3,1.4,554900,3718700,12.577168,19417.2,19800.0,19800,ATM+8,CALL,19400,2023-11-07
2023-11-07 15:30:00+05:30,1.4,1.4,1.4,1.4,2300,3718700,12.580906,19417.15,19800.0,19800,ATM+8,CALL,19400,2023-11-07
2023-11-07 09:15:00+05:30,1.75,1.9,1.3,1.4,169450,3475550,14.385058,19369.7,19850.0,19900,ATM+10,CALL,19400,2023-11-07
2023-11-07 09:16:00+05:30,1.35,1.4,1.25,1.35,171800,3475550,14.712439,19354.55,19850.0,19900,ATM+10,CALL,19400,2023-11-07
2023-11-07 09:17:00+05:30,1.35,1.45,1.3,1.45,121700,3426300,14.778982,19357.9,19850.0,19900,ATM+10,CALL,19400,2023-11-07
2023-11-07 09:18:00+05:30,1.45,1.5,1.4,1.4,93750,3426300,14.574257,19362.85,19850.0,19900,ATM+10,CALL,19400,2023-11-07
2023-11-07 09:19:00+05:30,1.4,1.5,1.4,1.45,79100,3426300,14.602204,19364.7,19850.0,19900,ATM+10,CALL,19400,2023-11-07
2023-11-07 09:20:00+05:30,1.45,1.55,1.45,1.5,119850,3450000,14.430805,19373.9,19850.0,19900,ATM+10,CALL,19400,2023-11-07
2023-11-07 09:21:00+05:30,1.5,1.55,1.45,1.5,125800,3450000,14.521756,19370.6,19850.0,19900,ATM+10,CALL,19400,2023-11-07
2023-11-07 09:22:00+05:30,1.3,1.3,1.25,1.3,22750,3189850,15.375886,19375.3,19900.0,19900,ATM+10,CALL,19400,2023-11-07
2023-11-07 09:23:00+05:30,1.25,1.3,1.25,1.25,31750,3221850,15.16331,19380.3,19900.0,19900,ATM+10,CALL,19400,2023-11-07
2023-11-07 09:24:00+05:30,1.3,1.3,1.25,1.3,22350,3221850,15.202783,19382.1,19900.0,19900,ATM+10,CALL,19400,2023-11-07
2023-11-07 09:25:00+05:30,1.3,1.3,1.25,1.3,62750,3221850,15.22487,19381.35,19900.0,19900,ATM+10,CALL,19400,2023-11-07
2023-11-07 09:26:00+05:30,1.5,1.5,1.45,1.45,29100,3488600,14.359039,19374.4,19850.0,19900,ATM+10,CALL,19400,2023-11-07
2023-11-07 09:27:00+05:30,1.25,1.25,1.2,1.25,74400,3254350,15.287789,19375.9,19900.0,19900,ATM+10,CALL,19400,2023-11-07
2023-11-07 09:28:00+05:30,1.45,1.45,1.35,1.4,28200,3488600,14.323114,19373.15,19850.0,19900,ATM+10,CALL,19400,2023-11-07
2023-11-07 09:29:00+05:30,1.4,1.4,1.35,1.4,19100,3504950,14.402794,19370.25,19850.0,19900,ATM+10,CALL,19400,2023-11-07
2023-11-07 09:30:00+05:30,1.4,1.4,1.35,1.4,39350,3504950,14.461126,19368.15,19850.0,19900,ATM+10,CALL,19400,2023-11-07
2023-11-07 09:31:00+05:30,1.4,1.4,1.35,1.4,14500,3504950,14.378084,19371.35,19850.0,19900,ATM+10,CALL,19400,2023-11-07
2023-11-07 09:32:00+05:30,1.4,1.4,1.35,1.35,19050,3504900,14.271147,19372.6,19850.0,19900,ATM+10,CALL,19400,2023-11-07
2023-11-07 09:33:00+05:30,1.4,1.4,1.35,1.4,25250,3504900,14.350683,19372.55,19850.0,19900,ATM+10,CALL,19400,2023-11-07
2023-11-07 09:34:00+05:30,1.4,1.4,1.35,1.4,10250,3504900,14.499802,19367.05,19850.0,19900,ATM+10,CALL,19400,2023-11-07
2023-11-07 09:35:00+05:30,1.4,1.4,1.35,1.35,17700,3514100,14.448204,19366.2,19850.0,19900,ATM+10,CALL,19400,2023-11-07
2023-11-07 09:36:00+05:30,1.35,1.4,1.35,1.35,4700,3514100,14.437247,19366.7,19850.0,19900,ATM+10,CALL,19400,2023-11-07
2023-11-07 09:37:00+05:30,1.4,1.45,1.35,1.45,34650,3514100,14.541412,19368.55,19850.0,19900,ATM+10,CALL,19400,2023-11-07
2023-11-07 09:38:00+05:30,1.45,1.45,1.35,1.35,25200,3527550,14.511013,19364.1,19850.0,19900,ATM+10,CALL,19400,2023-11-07
2023-11-07 09:39:00+05:30,1.4,1.4,1.35,1.4,7100,3527550,14.683613,19360.6,19850.0,19900,ATM+10,CALL,19400,2023-11-07
2023-11-07 09:40:00+05:30,1.4,1.4,1.35,1.4,31500,3527550,14.648638,19362.0,19850.0,19900,ATM+10,CALL,19400,2023-11-07
2023-11-07 09:41:00+05:30,1.4,1.45,1.4,1.45,8550,3529100,14.684845,19363.55,19850.0,19900,ATM+10,CALL,19400,2023-11-07
2023-11-07 09:42:00+05:30,1.45,1.45,1.4,1.4,52150,3529100,14.626682,19363.0,19850.0,19900,ATM+10,CALL,19400,2023-11-07
2023-11-07 09:43:00+05:30,1.45,1.45,1.4,1.4,60050,3529100,14.571639,19365.15,19850.0,19900,ATM+10,CALL,19400,2023-11-07
2023-11-07 09:44:00+05:30,1.4,1.4,1.35,1.35,28400,3538750,14.46124,19366.5,19850.0,19900,ATM+10,CALL,19400,2023-11-07
2023-11-07 09:45:00+05:30,1.35,1.4,1.35,1.4,4700,3538750,14.541621,19366.45,19850.0,19900,ATM+10,CALL,19400,2023-11-07
2023-11-07 09:46:00+05:30,1.4,1.4,1.35,1.4,3700,3538750,14.645492,19362.65,19850.0,19900,ATM+10,CALL,19400,2023-11-07
2023-11-07 09:47:00+05:30,1.4,1.4,1.35,1.4,72350,3551050,14.834719,19355.65,19850.0,19900,ATM+10,CALL,19400,2023-11-07
2023-11-07 09:48:00+05:30,1.4,1.45,1.35,1.4,22100,3551050,14.751714,19358.85,19850.0,19900,ATM+10,CALL,19400,2023-11-07
2023-11-07 09:49:00+05:30,1.45,1.45,1.4,1.4,44050,3551050,14.62722,19363.6,19850.0,19900,ATM+10,CALL,19400,2023-11-07
2023-11-07 09:50:00+05:30,1.4,1.45,1.35,1.4,47300,3552500,14.741802,19359.4,19850.0,19900,ATM+10,CALL,19400,2023-11-07
2023-11-07 09:51:00+05:30,1.45,1.45,1.4,1.4,25200,3552500,14.653343,19362.8,19850.0,19900,ATM+10,CALL,19400,2023-11-07
2023-11-07 09:52:00+05:30,1.4,1.4,1.35,1.4,4500,3552500,14.634331,19363.6,19850.0,19900,ATM+10,CALL,19400,2023-11-07
2023-11-07 09:53:00+05:30,1.4,1.4,1.4,1.4,3400,3551350,14.676808,19362.1,19850.0,19900,ATM+10,CALL,19400,2023-11-07
2023-11-07 09:54:00+05:30,1.4,1.4,1.35,1.4,8300,3551350,14.632391,19363.85,19850.0,19900,ATM+10,CALL,19400,2023-11-07
2023-11-07 09:55:00+05:30,1.4,1.4,1.35,1.35,20800,3551350,14.420385,19369.0,19850.0,19900,ATM+10,CALL,19400,2023-11-07
2023-11-07 09:56:00+05:30,1.35,1.4,1.35,1.4,11450,3565550,14.661215,19362.95,19850.0,19900,ATM+10,CALL,19400,2023-11-07
2023-11-07 09:57:00+05:30,1.4,1.4,1.35,1.4,20800,3565550,14.703719,19361.45,19850.0,19900,ATM+10,CALL,19400,2023-11-07
2023-11-07 09:58:00+05:30,1.4,1.4,1.35,1.35,43300,3565550,14.771163,19356.1,19850.0,19900,ATM+10,CALL,19400,2023-11-07
2023-11-07 09:59:00+05:30,1.35,1.4,1.35,1.4,11650,3578900,14.799431,19358.05,19850.0,19900,ATM+10,CALL,19400,2023-11-07
2023-11-07 10:00:00+05:30,1.4,1.45,1.35,1.45,46350,3578900,14.932874,19356.0,19850.0,19900,ATM+10,CALL,19400,2023-11-07
2023-11-07 10:01:00+05:30,1.45,1.45,1.35,1.35,40750,3578900,14.637157,19361.4,19850.0,19900,ATM+10,CALL,19400,2023-11-07
2023-11-07 10:02:00+05:30,1.35,1.4,1.35,1.4,47250,3585600,14.85345,19356.3,19850.0,19900,ATM+10,CALL,19400,2023-11-07
2023-11-07 10:03:00+05:30,1.45,1.45,1.35,1.4,65950,3585600,14.938755,19353.2,19850.0,19900,ATM+10,CALL,19400,2023-11-07
2023-11-07 10:04:00+05:30,1.4,1.45,1.35,1.4,43900,3585600,15.006673,19350.75,19850.0,19900,ATM+10,CALL,19400,2023-11-07
2023-11-07 10:05:00+05:30,1.4,1.4,1.35,1.4,24500,3614650,15.018467,19350.4,19850.0,19900,ATM+10,CALL,19400,2023-11-07
2023-11-07 10:06:00+05:30,1.4,1.4,1.35,1.4,14650,3614650,14.980806,19351.9,19850.0,19900,ATM+10,CALL,19400,2023-11-07
2023-11-07 10:07:00+05:30,1.4,1.4,1.35,1.4,13850,3614650,15.020677,19350.5,19850.0,19900,ATM+10,CALL,19400,2023-11-07
2023-11-07 10:08:00+05:30,1.4,1.4,1.35,1.4,15700,3634500,14.894714,19355.3,19850.0,19900,ATM+10,CALL,19400,2023-11-07
2023-11-07 10:09:00+05:30,1.4,1.4,1.35,1.35,22250,3634500,14.757598,19357.6,19850.0,19900,ATM+10,CALL,19400,2023-11-07
2023-11-07 10:10:00+05:30,1.4,1.4,1.35,1.4,5850,3634500,14.839317,19357.55,19850.0,19900,ATM+10,CALL,19400,2023-11-07
2023-11-07 10:11:00+05:30,1.4,1.4,1.35,1.4,4000,3640700,14.802891,19359.0,19850.0,19900,ATM+10,CALL,19400,2023-11-07
2023-11-07 10:12:00+05:30,1.4,1.4,1.35,1.4,800,3640700,14.754381,19360.9,19850.0,19900,ATM+10,CALL,19400,2023-11-07
2023-11-07 10:13:00+05:30,1.4,1.4,1.35,1.4,74950,3640700,14.665606,19364.3,19850.0,19900,ATM+10,CALL,19400,2023-11-07
2023-11-07 10:14:00+05:30,1.4,1.45,1.35,1.45,51150,3662700,14.692337,19366.2,19850.0,19900,ATM+10,CALL,19400,2023-11-07
2023-11-07 10:15:00+05:30,1.45,1.45,1.35,1.4,49100,3662700,14.662342,19364.6,19850.0,19900,ATM+10,CALL,19400,2023-11-07
2023-11-07 10:16:00+05:30,1.4,1.4,1.35,1.35,16750,3662700,14.564717,19365.45,19850.0,19900,ATM+10,CALL,19400,2023-11-07
2023-11-07 10:17:00+05:30,1.4,1.4,1.35,1.35,13250,3675550,14.639276,19362.75,19850.0,19900,ATM+10,CALL,19400,2023-11-07
2023-11-07 10:18:00+05:30,1.35,1.4,1.35,1.35,17350,3675550,14.609586,19363.95,19850.0,19900,ATM+10,CALL,19400,2023-11-07
2023-11-07 10:19:00+05:30,1.35,1.4,1.35,1.35,13600,3675550,14.462148,19369.55,19850.0,19900,ATM+10,CALL,19400,2023-11-07
2023-11-07 10:20:00+05:30,1.35,1.4,1.35,1.35,9150,3683550,14.370781,19373.05,19850.0,19900,ATM+10,CALL,19400,2023-11-07
2023-11-07 10:21:00+05:30,1.35,1.4,1.35,1.35,15450,3683550,14.383849,19372.65,19850.0,19900,ATM+10,CALL,19400,2023-11-07
2023-11-07 10:22:00+05:30,1.35,1.4,1.35,1.35,20150,3683550,14.417015,19371.5,19850.0,19900,ATM+10,CALL,19400,2023-11-07
2023-11-07 10:23:00+05:30,1.4,1.4,1.35,1.35,13850,3677250,14.590758,19365.1,19850.0,19900,ATM+10,CALL,19400,2023-11-07
2023-11-07 10:24:00+05:30,1.35,1.4,1.35,1.35,18050,3677250,14.57173,19365.9,19850.0,19900,ATM+10,CALL,19400,2023-11-07
2023-11-07 10:25:00+05:30,1.4,1.4,1.3,1.35,32800,3677250,14.418738,19371.7,19850.0,19900,ATM+10,CALL,19400,2023-11-07
2023-11-07 10:26:00+05:30,1.35,1.35,1.3,1.35,11150,3685250,14.399652,19372.5,19850.0,19900,ATM+10,CALL,19400,2023-11-07
2023-11-07 10:27:00+05:30,1.35,1.35,1.3,1.3,400,3685250,14.410329,19369.25,19850.0,19900,ATM+10,CALL,19400,2023-11-07
2023-11-07 10:28:00+05:30,1.3,1.35,1.3,1.35,5150,3685250,14.464706,19370.25,19850.0,19900,ATM+10,CALL,19400,2023-11-07
2023-11-07 10:29:00+05:30,1.35,1.4,1.35,1.4,31750,3694950,14.533152,19370.65,19850.0,19900,ATM+10,CALL,19400,2023-11-07
2023-11-07 10:30:00+05:30,1.4,1.4,1.35,1.4,5000,3694950,14.456075,19373.6,19850.0,19900,ATM+10,CALL,19400,2023-11-07
2023-11-07 10:31:00+05:30,1.2,1.2,1.15,1.2,6200,3386050,15.342168,19376.55,19900.0,19900,ATM+10,CALL,19400,2023-11-07
2023-11-07 10:32:00+05:30,1.2,1.2,1.15,1.2,1800,3374200,15.364342,19375.8,19900.0,19900,ATM+10,CALL,19400,2023-11-07
2023-11-07 10:33:00+05:30,1.4,1.4,1.35,1.35,2900,3701400,14.366533,19374.35,19850.0,19900,ATM+10,CALL,19400,2023-11-07
2023-11-07 10:34:00+05:30,1.15,1.2,1.15,1.2,2650,3374200,15.377239,19375.5,19900.0,19900,ATM+10,CALL,19400,2023-11-07
2023-11-07 10:35:00+05:30,1.2,1.2,1.15,1.15,6450,3381250,15.051539,19384.6,19900.0,19900,ATM+10,CALL,19400,2023-11-07
2023-11-07 10:36:00+05:30,1.15,1.2,1.15,1.2,10750,3381250,15.2655,19379.95,19900.0,19900,ATM+10,CALL,19400,2023-11-07
2023-11-07 10:37:00+05:30,1.2,1.2,1.15,1.2,1850,3381250,15.228614,19381.45,19900.0,19900,ATM+10,CALL,19400,2023-11-07
2023-11-07 10:38:00+05:30,1.2,1.2,1.15,1.15,5700,3386250,15.149164,19381.15,19900.0,19900,ATM+10,CALL,19400,2023-11-07
2023-11-07 10:39:00+05:30,1.15,1.2,1.15,1.15,15500,3386250,15.043099,19385.3,19900.0,19900,ATM+10,CALL,19400,2023-11-07
2023-11-07 10:40:00+05:30,1.15,1.2,1.15,1.2,12900,3386250,15.075762,19387.55,19900.0,19900,ATM+10,CALL,19400,2023-11-07
2023-11-07 10:41:00+05:30,1.2,1.2,1.15,1.15,21900,3392000,14.91319,19390.45,19900.0,19900,ATM+10,CALL,19400,2023-11-07
2023-11-07 10:42:00+05:30,1.2,1.2,1.15,1.2,77050,3392000,15.059666,19388.35,19900.0,19900,ATM+10,CALL,19400,2023-11-07
2023-11-07 10:43:00+05:30,1.25,1.25,1.2,1.2,19900,3392000,15.083191,19387.55,19900.0,19900,ATM+10,CALL,19400,2023-11-07
2023-11-07 10:44:00+05:30,1.25,1.25,1.2,1.25,12300,3377200,15.026942,19393.05,19900.0,19900,ATM+10,CALL,19400,2023-11-07
2023-11-07 10:45:00+05:30,1.25,1.25,1.2,1.25,383800,3377200,15.032059,19392.95,19900.0,19900,ATM+10,CALL,19400,2023-11-07
2023-11-07 10:46:00+05:30,1.25,1.25,1.2,1.25,11150,3377200,15.104646,19390.3,19900.0,19900,ATM+10,CALL,19400,2023-11-07
2023-11-07 10:47:00+05:30,1.25,1.25,1.15,1.15,51200,3267600,14.951501,19389.55,19900.0,19900,ATM+10,CALL,19400,2023-11-07
2023-11-07 10:48:00+05:30,1.15,1.2,1.15,1.2,19100,3267600,15.031069,19390.0,19900.0,19900,ATM+10,CALL,19400,2023-11-07
2023-11-07 10:49:00+05:30,1.2,1.2,1.15,1.2,25850,3267600,14.996653,19391.4,19900.0,19900,ATM+10,CALL,19400,2023-11-07
2023-11-07 10:50:00+05:30,1.2,1.2,1.15,1.2,12250,3286800,14.993851,19391.6,19900.0,19900,ATM+10,CALL,19400,2023-11-07
2023-11-07 10:51:00+05:30,1.2,1.2,1.15,1.2,27900,3286800,15.107003,19387.4,19900.0,19900,ATM+10,CALL,19400,2023-11-07
2023-11-07 10:52:00+05:30,1.2,1.25,1.15,1.25,68300,3286800,15.337865,19382.05,19900.0,19900,ATM+10,CALL,19400,2023-11-07
2023-11-07 10:53:00+05:30,1.25,1.25,1.2,1.25,9900,3262500,15.247803,19385.55,19900.0,19900,ATM+10,CALL,19400,2023-11-07
2023-11-07 10:54:00+05:30,1.25,1.25,1.2,1.2,10600,3262500,15.177715,19385.0,19900.0,19900,ATM+10,CALL,19400,2023-11-07
2023-11-07 10:55:00+05:30,1.2,1.3,1.2,1.25,69650,3262500,15.274004,19384.75,19900.0,19900,ATM+10,CALL,19400,2023-11-07
2023-11-07 10:56:00+05:30,1.3,1.3,1.25,1.25,91400,3310400,15.271228,19384.95,19900.0,19900,ATM+10,CALL,19400,2023-11-07
2023-11-07 10:57:00+05:30,1.3,1.3,1.25,1.3,26500,3310400,15.419819,19382.65,19900.0,19900,ATM+10,CALL,19400,2023-11-07
2023-11-07 10:58:00+05:30,1.3,1.3,1.25,1.3,10100,3310400,15.35988,19385.0,19900.0,19900,ATM+10,CALL,19400,2023-11-07
2023-11-07 10:59:00+05:30,1.3,1.3,1.25,1.25,7500,3308750,15.382042,19381.05,19900.0,19900,ATM+10,CALL,19400,2023-11-07
2023-11-07 11:00:00+05:30,1.25,1.3,1.25,1.25,7200,3308750,15.346193,19382.5,19900.0,19900,ATM+10,CALL,19400,2023-11-07
2023-11-07 11:01:00+05:30,1.3,1.3,1.25,1.3,12250,3308750,15.386111,19384.3,19900.0,19900,ATM+10,CALL,19400,2023-11-07
2023-11-07 11:02:00+05:30,1.3,1.35,1.3,1.3,41050,3316750,15.32079,19386.85,19900.0,19900,ATM+10,CALL,19400,2023-11-07
2023-11-07 11:03:00+05:30,1.3,1.35,1.25,1.3,62150,3316750,15.312673,19387.25,19900.0,19900,ATM+10,CALL,19400,2023-11-07
2023-11-07 11:04:00+05:30,1.3,1.3,1.25,1.3,950,3316750,15.327186,19386.8,19900.0,19900,ATM+10,CALL,19400,2023-11-07
2023-11-07 11:05:00+05:30,1.25,1.3,1.25,1.3,6350,3299300,15.34703,19386.15,19900.0,19900,ATM+10,CALL,19400,2023-11-07
2023-11-07 11:06:00+05:30,1.3,1.3,1.25,1.25,9250,3299300,15.218236,19387.9,19900.0,19900,ATM+10,CALL,19400,2023-11-07
2023-11-07 11:07:00+05:30,1.3,1.3,1.25,1.3,70000,3299300,15.268182,19389.3,19900.0,19900,ATM+10,CALL,19400,2023-11-07
2023-11-07 11:08:00+05:30,1.3,1.3,1.25,1.3,12000,3319850,15.249385,19390.1,19900.0,19900,ATM+10,CALL,19400,2023-11-07
2023-11-07 11:09:00+05:30,1.3,1.3,1.25,1.25,3950,3319850,15.065158,19393.95,19900.0,19900,ATM+10,CALL,19400,2023-11-07
2023-11-07 11:10:00+05:30,1.25,1.3,1.25,1.3,9650,3319850,15.117048,19395.25,19900.0,19900,ATM+10,CALL,19400,2023-11-07
2023-11-07 11:11:00+05:30,1.3,1.3,1.25,1.3,5600,3319850,15.087519,19396.45,19900.0,19900,ATM+10,CALL,19400,2023-11-07
2023-11-07 11:12:00+05:30,1.3,1.3,1.25,1.3,3900,3329300,15.15009,19394.2,19900.0,19900,ATM+10,CALL,19400,2023-11-07
2023-11-07 11:13:00+05:30,1.3,1.3,1.25,1.3,2750,3329300,15.226002,19391.45,19900.0,19900,ATM+10,CALL,19400,2023-11-07
2023-11-07 11:14:00+05:30,1.3,1.3,1.25,1.3,2000,3333750,15.191159,19392.85,19900.0,19900,ATM+10,CALL,19400,2023-11-07
2023-11-07 11:15:00+05:30,1.3,1.3,1.25,1.3,93600,3333750,15.284432,19389.45,19900.0,19900,ATM+10,CALL,19400,2023-11-07
2023-11-07 11:16:00+05:30,1.3,1.3,1.25,1.25,49550,3333750,15.167736,19390.75,19900.0,19900,ATM+10,CALL,19400,2023-11-07
2023-11-07 11:17:00+05:30,1.3,1.3,1.25,1.25,19900,3354800,15.087822,19393.85,19900.0,19900,ATM+10,CALL,19400,2023-11-07
2023-11-07 11:18:00+05:30,1.25,1.3,1.25,1.3,10600,3354800,15.063623,19398.0,19900.0,19900,ATM+10,CALL,19400,2023-11-07
2023-11-07 11:19:00+05:30,1.3,1.3,1.25,1.25,2400,3354800,15.022313,19396.5,19900.0,19900,ATM+10,CALL,19400,2023-11-07
2023-11-07 11:20:00+05:30,1.3,1.3,1.25,1.3,8350,3365800,15.116763,19396.2,19900.0,19900,ATM+10,CALL,19400,2023-11-07
2023-11-07 11:21:00+05:30,1.3,1.3,1.25,1.25,15700,3365800,15.032635,19396.3,19900.0,19900,ATM+10,CALL,19400,2023-11-07
2023-11-07 11:22:00+05:30,1.3,1.3,1.3,1.3,3900,3365800,15.180617,19394.0,19900.0,19900,ATM+10,CALL,19400,2023-11-07
2023-11-07 11:23:00+05:30,1.3,1.3,1.25,1.3,67500,3394850,15.256656,19391.25,19900.0,19900,ATM+10,CALL,19400,2023-11-07
2023-11-07 11:24:00+05:30,1.3,1.3,1.25,1.3,12800,3394850,15.275232,19390.65,19900.0,19900,ATM+10,CALL,19400,2023-11-07
2023-11-07 11:25:00+05:30,1.3,1.3,1.25,1.3,13000,3394850,15.267081,19391.05,19900.0,19900,ATM+10,CALL,19400,2023-11-07
2023-11-07 11:26:00+05:30,1.3,1.35,1.25,1.3,36150,3426250,15.341799,19388.35,19900.0,19900,ATM+10,CALL,19400,2023-11-07
2023-11-07 11:27:00+05:30,1.3,1.35,1.3,1.3,23650,3426250,15.249433,19391.9,19900.0,19900,ATM+10,CALL,19400,2023-11-07
2023-11-07 11:28:00+05:30,1.3,1.35,1.3,1.3,43350,3426250,15.310813,19389.7,19900.0,19900,ATM+10,CALL,19400,2023-11-07
2023-11-07 11:29:00+05:30,1.35,1.35,1.3,1.35,9450,3426250,15.39205,19389.85,19900.0,19900,ATM+10,CALL,19400,2023-11-07
2023-11-07 11:30:00+05:30,1.35,1.4,1.3,1.35,64400,3472900,15.428188,19388.6,19900.0,19900,ATM+10,CALL,19400,2023-11-07
2023-11-07 11:31:00+05:30,1.35,1.4,1.3,1.35,48800,3472900,15.476415,19386.9,19900.0,19900,ATM+10,CALL,19400,2023-11-07
2023-11-07 11:32:00+05:30,1.35,1.35,1.3,1.35,16100,3513800,15.393031,19390.1,19900.0,19900,ATM+10,CALL,19400,2023-11-07
2023-11-07 11:33:00+05:30,1.35,1.4,1.35,1.35,35650,3513800,15.474861,19387.15,19900.0,19900,ATM+10,CALL,19400,2023-11-07
2023-11-07 11:34:00+05:30,1.35,1.4,1.35,1.4,1900,3513800,15.534235,19388.05,19900.0,19900,ATM+10,CALL,19400,2023-11-07
2023-11-07 11:35:00+05:30,1.35,1.4,1.35,1.35,17850,3523050,15.313343,19393.35,19900.0,19900,ATM+10,CALL,19400,2023-11-07
2023-11-07 11:36:00+05:30,1.35,1.4,1.35,1.35,14750,3523050,15.260741,19395.4,19900.0,19900,ATM+10,CALL,19400,2023-11-07
2023-11-07 11:37:00+05:30,1.35,1.4,1.35,1.4,6550,3523050,15.379987,19394.05,19900.0,19900,ATM+10,CALL,19400,2023-11-07
2023-11-07 11:38:00+05:30,1.35,1.4,1.35,1.4,19050,3542050,15.400121,19393.4,19900.0,19900,ATM+10,CALL,19400,2023-11-07
2023-11-07 11:39:00+05:30,1.4,1.45,1.35,1.45,65950,3542050,15.569448,19390.15,19900.0,19900,ATM+10,CALL,19400,2023-11-07
2023-11-07 11:40:00+05:30,1.45,1.45,1.35,1.4,755650,3542050,15.860064,19376.55,19900.0,19900,ATM+10,CALL,19400,2023-11-07
2023-11-07 11:41:00+05:30,1.65,1.65,1.5,1.55,102450,4514200,15.068183,19365.65,19850.0,19900,ATM+10,CALL,19400,2023-11-07
2023-11-07 11:42:00+05:30,1.55,1.55,1.5,1.55,104350,4514200,15.242644,19359.4,19850.0,19900,ATM+10,CALL,19400,2023-11-07
2023-11-07 11:43:00+05:30,1.55,1.6,1.5,1.6,157450,4514200,15.438895,19355.0,19850.0,19900,ATM+10,CALL,19400,2023-11-07
2023-11-07 11:44:00+05:30,1.6,1.7,1.6,1.7,236650,4551800,15.591063,19354.7,19850.0,19900,ATM+10,CALL,19400,2023-11-07
2023-11-07 11:45:00+05:30,1.7,1.8,1.7,1.75,349800,4551800,16.065899,19340.2,19850.0,19900,ATM+10,CALL,19400,2023-11-07
2023-11-07 11:46:00+05:30,1.75,1.75,1.7,1.75,116900,4551800,15.915614,19345.7,19850.0,19900,ATM+10,CALL,19400,2023-11-07
2023-11-07 11:47:00+05:30,1.75,1.75,1.65,1.65,176950,4669900,15.78205,19345.55,19850.0,19900,ATM+10,CALL,19400,2023-11-07
2023-11-07 11:48:00+05:30,1.7,1.7,1.65,1.7,84800,4669900,15.956801,19341.9,19850.0,19900,ATM+10,CALL,19400,2023-11-07
2023-11-07 11:49:00+05:30,1.7,1.75,1.65,1.7,167250,4669900,16.096678,19336.95,19850.0,19900,ATM+10,CALL,19400,2023-11-07
2023-11-07 11:50:00+05:30,1.7,1.75,1.65,1.7,169800,4788400,15.973244,19341.5,19850.0,19900,ATM+10,CALL,19400,2023-11-07
2023-11-07 11:51:00+05:30,1.7,1.75,1.7,1.75,70700,4788400,15.979079,19343.9,19850.0,19900,ATM+10,CALL,19400,2023-11-07
2023-11-07 11:52:00+05:30,1.8,1.8,1.75,1.8,69600,4788400,16.149384,19340.35,19850.0,19900,ATM+10,CALL,19400,2023-11-07
2023-11-07 11:53:00+05:30,1.8,1.8,1.75,1.8,27250,4856500,16.216302,19338.05,19850.0,19900,ATM+10,CALL,19400,2023-11-07
2023-11-07 11:54:00+05:30,1.8,1.85,1.75,1.8,213550,4856500,16.417102,19330.95,19850.0,19900,ATM+10,CALL,19400,2023-11-07
2023-11-07 11:55:00+05:30,1.8,1.85,1.8,1.8,94300,4856500,16.082084,19343.05,19850.0,19900,ATM+10,CALL,19400,2023-11-07
2023-11-07 11:56:00+05:30,1.8,1.8,1.75,1.8,47100,4879750,16.135085,19341.25,19850.0,19900,ATM+10,CALL,19400,2023-11-07
2023-11-07 11:57:00+05:30,1.8,1.8,1.75,1.8,26300,4879750,16.102861,19342.5,19850.0,19900,ATM+10,CALL,19400,2023-11-07
2023-11-07 11:58:00+05:30,1.75,1.8,1.75,1.75,19700,4879750,16.054998,19341.85,19850.0,19900,ATM+10,CALL,19400,2023-11-07
2023-11-07 11:59:00+05:30,1.75,1.8,1.75,1.8,51900,4911550,16.041157,19344.9,19850.0,19900,ATM+10,CALL,19400,2023-11-07
2023-11-07 12:00:00+05:30,1.8,1.8,1.75,1.8,6950,4911550,16.159913,19340.75,19850.0,19900,ATM+10,CALL,19400,2023-11-07
2023-11-07 12:01:00+05:30,1.8,1.8,1.75,1.8,6350,4911550,16.173815,19340.35,19850.0,19900,ATM+10,CALL,19400,2023-11-07
2023-11-07 12:02:00+05:30,1.8,1.8,1.75,1.75,13000,4914000,16.202354,19336.95,19850.0,19900,ATM+10,CALL,19400,2023-11-07
2023-11-07 12:03:00+05:30,1.75,1.8,1.75,1.8,16800,4914000,16.138701,19341.8,19850.0,19900,ATM+10,CALL,19400,2023-11-07
2023-11-07 12:04:00+05:30,1.8,1.8,1.75,1.8,34600,4914000,16.194569,19339.9,19850.0,19900,ATM+10,CALL,19400,2023-11-07
2023-11-07 12:05:00+05:30,1.8,1.85,1.8,1.8,48900,4916900,16.074163,19344.3,19850.0,19900,ATM+10,CALL,19400,2023-11-07
2023-11-07 12:06:00+05:30,1.8,1.8,1.75,1.75,125250,4916900,15.985933,19345.1,19850.0,19900,ATM+10,CALL,19400,2023-11-07
2023-11-07 12:07:00+05:30,1.75,1.8,1.75,1.75,32450,4916900,15.828017,19350.85,19850.0,19900,ATM+10,CALL,19400,2023-11-07
2023-11-07 12:08:00+05:30,1.75,1.8,1.75,1.75,15850,4905200,15.864225,19349.65,19850.0,19900,ATM+10,CALL,19400,2023-11-07
2023-11-07 12:09:00+05:30,1.8,1.8,1.75,1.75,7800,4905200,15.84454,19350.45,19850.0,19900,ATM+10,CALL,19400,2023-11-07
2023-11-07 12:10:00+05:30,1.75,1.8,1.7,1.7,52450,4905200,15.826619,19348.7,19850.0,19900,ATM+10,CALL,19400,2023-11-07
2023-11-07 12:11:00+05:30,1.7,1.75,1.7,1.7,20700,4917050,15.772165,19350.75,19850.0,19900,ATM+10,CALL,19400,2023-11-07
2023-11-07 12:12:00+05:30,1.7,1.8,1.7,1.75,77900,4917050,15.807813,19352.05,19850.0,19900,ATM+10,CALL,19400,2023-11-07
2023-11-07 12:13:00+05:30,1.75,1.75,1.7,1.7,51300,4917050,15.815128,19349.4,19850.0,19900,ATM+10,CALL,19400,2023-11-07
2023-11-07 12:14:00+05:30,1.7,1.75,1.7,1.7,40400,4934000,15.732749,19352.45,19850.0,19900,ATM+10,CALL,19400,2023-11-07
2023-11-07 12:15:00+05:30,1.75,1.75,1.75,1.75,17100,4934000,15.797637,19352.7,19850.0,19900,ATM+10,CALL,19400,2023-11-07
2023-11-07 12:16:00+05:30,1.75,1.75,1.7,1.75,13000,4934000,15.793309,19352.95,19850.0,19900,ATM+10,CALL,19400,2023-11-07
2023-11-07 12:17:00+05:30,1.75,1.75,1.7,1.7,4050,4929700,15.743525,19352.35,19850.0,19900,ATM+10,CALL,19400,2023-11-07
2023-11-07 12:18:00+05:30,1.75,1.75,1.7,1.7,13850,4929700,15.680585,19354.7,19850.0,19900,ATM+10,CALL,19400,2023-11-07
2023-11-07 12:19:00+05:30,1.7,1.75,1.7,1.75,11400,4929700,15.627561,19359.15,19850.0,19900,ATM+10,CALL,19400,2023-11-07
2023-11-07 12:20:00+05:30,1.7,1.75,1.7,1.7,111200,4918450,15.553164,19359.45,19850.0,19900,ATM+10,CALL,19400,2023-11-07
2023-11-07 12:21:00+05:30,1.7,1.75,1.65,1.65,29950,4918450,15.545751,19357.3,19850.0,19900,ATM+10,CALL,19400,2023-11-07
2023-11-07 12:22:00+05:30,1.65,1.7,1.65,1.7,5600,4918450,15.70658,19354.15,19850.0,19900,ATM+10,CALL,19400,2023-11-07
2023-11-07 12:23:00+05:30,1.7,1.7,1.65,1.7,9850,4914100,15.720419,19353.75,19850.0,19900,ATM+10,CALL,19400,2023-11-07
2023-11-07 12:24:00+05:30,1.7,1.7,1.65,1.7,1400,4914100,15.672776,19355.55,19850.0,19900,ATM+10,CALL,19400,2023-11-07
2023-11-07 12:25:00+05:30,1.7,1.7,1.65,1.65,32950,4914100,15.585564,19356.25,19850.0,19900,ATM+10,CALL,19400,2023-11-07
2023-11-07 12:26:00+05:30,1.65,1.7,1.65,1.65,57300,4913100,15.575666,19356.7,19850.0,19900,ATM+10,CALL,19400,2023-11-07
2023-11-07 12:27:00+05:30,1.65,1.65,1.65,1.65,18300,4913100,15.628484,19354.9,19850.0,19900,ATM+10,CALL,19400,2023-11-07
2023-11-07 12:28:00+05:30,1.65,1.65,1.6,1.65,33450,4913100,15.660402,19353.85,19850.0,19900,ATM+10,CALL,19400,2023-11-07
2023-11-07 12:29:00+05:30,1.65,1.65,1.6,1.6,18650,4896900,15.603597,19353.4,19850.0,19900,ATM+10,CALL,19400,2023-11-07
2023-11-07 12:30:00+05:30,1.65,1.65,1.6,1.65,5200,4896900,15.685237,19353.15,19850.0,19900,ATM+10,CALL,19400,2023-11-07
2023-11-07 12:31:00+05:30,1.65,1.65,1.6,1.65,26400,4896900,15.742256,19351.2,19850.0,19900,ATM+10,CALL,19400,2023-11-07
2023-11-07 12:32:00+05:30,1.65,1.7,1.65,1.7,49850,4896900,15.682888,19355.95,19850.0,19900,ATM+10,CALL,19400,2023-11-07
2023-11-07 12:33:00+05:30,1.7,1.7,1.65,1.7,15000,4896050,15.640753,19357.55,19850.0,19900,ATM+10,CALL,19400,2023-11-07
2023-11-07 12:34:00+05:30,1.7,1.7,1.65,1.65,13750,4896050,15.360838,19365.15,19850.0,19900,ATM+10,CALL,19400,2023-11-07
2023-11-07 12:35:00+05:30,1.65,1.7,1.65,1.65,35100,4898050,15.308927,19367.1,19850.0,19900,ATM+10,CALL,19400,2023-11-07
2023-11-07 12:36:00+05:30,1.65,1.7,1.6,1.6,38050,4898050,15.332741,19363.8,19850.0,19900,ATM+10,CALL,19400,2023-11-07
2023-11-07 12:37:00+05:30,1.65,1.65,1.6,1.65,11250,4898050,15.290364,19367.95,19850.0,19900,ATM+10,CALL,19400,2023-11-07
2023-11-07 12:38:00+05:30,1.65,1.65,1.6,1.6,9400,4907000,15.227856,19367.75,19850.0,19900,ATM+10,CALL,19400,2023-11-07
2023-11-07 12:39:00+05:30,1.6,1.65,1.55,1.6,20200,4907000,15.28762,19365.7,19850.0,19900,ATM+10,CALL,19400,2023-11-07
2023-11-07 12:40:00+05:30,1.6,1.65,1.6,1.65,53650,4907000,15.38355,19364.9,19850.0,19900,ATM+10,CALL,19400,2023-11-07
2023-11-07 12:41:00+05:30,1.65,1.65,1.6,1.65,9300,4920050,15.35679,19365.95,19850.0,19900,ATM+10,CALL,19400,2023-11-07
2023-11-07 12:42:00+05:30,1.65,1.65,1.6,1.6,5300,4920050,15.327524,19364.55,19850.0,19900,ATM+10,CALL,19400,2023-11-07
2023-11-07 12:43:00+05:30,1.65,1.65,1.6,1.65,4750,4920050,15.409624,19364.25,19850.0,19900,ATM+10,CALL,19400,2023-11-07
2023-11-07 12:44:00+05:30,1.65,1.65,1.6,1.65,4400,4920100,15.43465,19363.45,19850.0,19900,ATM+10,CALL,19400,2023-11-07
2023-11-07 12:45:00+05:30,1.65,1.65,1.6,1.65,11250,4920100,15.381287,19365.45,19850.0,19900,ATM+10,CALL,19400,2023-11-07
2023-11-07 12:46:00+05:30,1.65,1.65,1.6,1.6,22000,4920100,15.3073,19365.65,19850.0,19900,ATM+10,CALL,19400,2023-11-07
2023-11-07 12:47:00+05:30,1.6,1.65,1.6,1.6,2650,4924500,15.220557,19368.85,19850.0,19900,ATM+10,CALL,19400,2023-11-07
2023-11-07 12:48:00+05:30,1.6,1.6,1.6,1.6,89900,4924500,15.144915,19371.65,19850.0,19900,ATM+10,CALL,19400,2023-11-07
2023-11-07 12:49:00+05:30,1.6,1.6,1.55,1.55,12000,4924500,15.070048,19371.85,19850.0,19900,ATM+10,CALL,19400,2023-11-07
2023-11-07 12:50:00+05:30,1.55,1.6,1.55,1.55,16200,4908850,15.170114,19368.35,19850.0,19900,ATM+10,CALL,19400,2023-11-07
2023-11-07 12:51:00+05:30,1.55,1.6,1.55,1.6,190850,4908850,15.204425,19369.8,19850.0,19900,ATM+10,CALL,19400,2023-11-07
2023-11-07 12:52:00+05:30,1.6,1.6,1.55,1.55,23350,4908850,15.116808,19370.45,19850.0,19900,ATM+10,CALL,19400,2023-11-07
2023-11-07 12:53:00+05:30,1.55,1.6,1.55,1.6,7100,4903200,15.25717,19368.1,19850.0,19900,ATM+10,CALL,19400,2023-11-07
2023-11-07 12:54:00+05:30,1.6,1.6,1.55,1.6,19450,4903200,15.36181,19364.45,19850.0,19900,ATM+10,CALL,19400,2023-11-07
2023-11-07 12:55:00+05:30,1.6,1.6,1.55,1.6,79200,4903200,15.430105,19362.1,19850.0,19900,ATM+10,CALL,19400,2023-11-07
2023-11-07 12:56:00+05:30,1.6,1.65,1.55,1.6,69100,4892650,15.428559,19362.25,19850.0,19900,ATM+10,CALL,19400,2023-11-07
2023-11-07 12:57:00+05:30,1.6,1.6,1.6,1.6,50000,4892650,15.382293,19364.0,19850.0,19900,ATM+10,CALL,19400,2023-11-07
2023-11-07 12:58:00+05:30,1.6,1.6,1.55,1.6,103400,4892650,15.326208,19366.1,19850.0,19900,ATM+10,CALL,19400,2023-11-07
2023-11-07 12:59:00+05:30,1.6,1.6,1.55,1.6,29250,4907600,15.307856,19366.85,19850.0,19900,ATM+10,CALL,19400,2023-11-07
2023-11-07 13:00:00+05:30,1.6,1.6,1.55,1.6,6000,4907600,15.288097,19367.65,19850.0,19900,ATM+10,CALL,19400,2023-11-07
2023-11-07 13:01:00+05:30,1.6,1.6,1.55,1.6,4850,4907600,15.23753,19369.55,19850.0,19900,ATM+10,CALL,19400,2023-11-07
2023-11-07 13:02:00+05:30,1.6,1.6,1.55,1.6,950,4906100,15.262552,19368.75,19850.0,19900,ATM+10,CALL,19400,2023-11-07
2023-11-07 13:03:00+05:30,1.6,1.6,1.55,1.6,4800,4906100,15.217557,19370.45,19850.0,19900,ATM+10,CALL,19400,2023-11-07
2023-11-07 13:04:00+05:30,1.6,1.6,1.55,1.55,3450,4906100,15.160545,19370.0,19850.0,19900,ATM+10,CALL,19400,2023-11-07
2023-11-07 13:05:00+05:30,1.6,1.6,1.55,1.6,9650,4911050,15.256418,19369.25,19850.0,19900,ATM+10,CALL,19400,2023-11-07
2023-11-07 13:06:00+05:30,1.6,1.6,1.55,1.6,4900,4911050,15.193176,19371.6,19850.0,19900,ATM+10,CALL,19400,2023-11-07
2023-11-07 13:07:00+05:30,1.6,1.6,1.55,1.55,4300,4911050,15.193508,19369.1,19850.0,19900,ATM+10,CALL,19400,2023-11-07
2023-11-07 13:08:00+05:30,1.55,1.6,1.5,1.55,114350,4902550,15.225448,19368.05,19850.0,19900,ATM+10,CALL,19400,2023-11-07
2023-11-07 13:09:00+05:30,1.55,1.55,1.5,1.5,6850,4902550,15.169353,19367.5,19850.0,19900,ATM+10,CALL,19400,2023-11-07
2023-11-07 13:10:00+05:30,1.55,1.55,1.5,1.5,31650,4902550,15.222047,19365.7,19850.0,19900,ATM+10,CALL,19400,2023-11-07
2023-11-07 13:11:00+05:30,1.5,1.5,1.45,1.5,3450,4906250,15.137003,19368.85,19850.0,19900,ATM+10,CALL,19400,2023-11-07
2023-11-07 13:12:00+05:30,1.5,1.5,1.45,1.5,9000,4906250,15.288503,19363.5,19850.0,19900,ATM+10,CALL,19400,2023-11-07
2023-11-07 13:13:00+05:30,1.5,1.5,1.45,1.5,59900,4906250,15.291138,19363.5,19850.0,19900,ATM+10,CALL,19400,2023-11-07
2023-11-07 13:14:00+05:30,1.5,1.5,1.5,1.5,6550,4914150,15.201923,19366.8,19850.0,19900,ATM+10,CALL,19400,2023-11-07
2023-11-07 13:15:00+05:30,1.5,1.5,1.45,1.5,3100,4914150,15.218469,19366.3,19850.0,19900,ATM+10,CALL,19400,2023-11-07
2023-11-07 13:16:00+05:30,1.5,1.5,1.45,1.5,3600,4914150,15.194637,19367.25,19850.0,19900,ATM+10,CALL,19400,2023-11-07
2023-11-07 13:17:00+05:30,1.5,1.5,1.45,1.45,11250,4914150,15.160287,19365.85,19850.0,19900,ATM+10,CALL,19400,2023-11-07
2023-11-07 13:18:00+05:30,1.5,1.5,1.45,1.5,6800,4914600,15.344704,19362.05,19850.0,19900,ATM+10,CALL,19400,2023-11-07
2023-11-07 13:19:00+05:30,1.5,1.5,1.45,1.5,10850,4914600,15.34457,19362.15,19850.0,19900,ATM+10,CALL,19400,2023-11-07
2023-11-07 13:20:00+05:30,1.5,1.5,1.45,1.5,6900,4914600,15.40847,19359.95,19850.0,19900,ATM+10,CALL,19400,2023-11-07
2023-11-07 13:21:00+05:30,1.5,1.5,1.45,1.5,7150,4918350,15.475151,19357.65,19850.0,19900,ATM+10,CALL,19400,2023-11-07
2023-11-07 13:22:00+05:30,1.5,1.5,1.5,1.5,2800,4918350,15.413796,19359.95,19850.0,19900,ATM+10,CALL,19400,2023-11-07
2023-11-07 13:23:00+05:30,1.5,1.5,1.45,1.45,7850,4918350,15.292617,19361.65,19850.0,19900,ATM+10,CALL,19400,2023-11-07
2023-11-07 13:24:00+05:30,1.45,1.5,1.45,1.45,6450,4916450,15.30914,19361.15,19850.0,19900,ATM+10,CALL,19400,2023-11-07
2023-11-07 13:25:00+05:30,1.45,1.5,1.45,1.5,197750,4916450,15.307534,19364.05,19850.0,19900,ATM+10,CALL,19400,2023-11-07
2023-11-07 13:26:00+05:30,1.5,1.5,1.45,1.45,8050,4916450,15.247793,19363.55,19850.0,19900,ATM+10,CALL,19400,2023-11-07
2023-11-07 13:27:00+05:30,1.45,1.45,1.4,1.4,30550,4909400,15.307888,19358.65,19850.0,19900,ATM+10,CALL,19400,2023-11-07
2023-11-07 13:28:00+05:30,1.4,1.45,1.4,1.45,3750,4909400,15.416915,19357.65,19850.0,19900,ATM+10,CALL,19400,2023-11-07
2023-11-07 13:29:00+05:30,1.45,1.45,1.4,1.45,3150,4909400,15.483419,19355.35,19850.0,19900,ATM+10,CALL,19400,2023-11-07
2023-11-07 13:30:00+05:30,1.45,1.45,1.4,1.45,4300,4905700,15.459734,19356.3,19850.0,19900,ATM+10,CALL,19400,2023-11-07
2023-11-07 13:31:00+05:30,1.45,1.45,1.4,1.4,22450,4905700,15.424973,19354.8,19850.0,19900,ATM+10,CALL,19400,2023-11-07
2023-11-07 13:32:00+05:30,1.45,1.45,1.4,1.45,29200,4905700,15.316471,19361.65,19850.0,19900,ATM+10,CALL,19400,2023-11-07
2023-11-07 13:33:00+05:30,1.4,1.4,1.4,1.4,11000,4908650,15.161835,19364.5,19850.0,19900,ATM+10,CALL,19400,2023-11-07
2023-11-07 13:34:00+05:30,1.45,1.45,1.35,1.35,62850,4908650,14.909235,19370.85,19850.0,19900,ATM+10,CALL,19400,2023-11-07
2023-11-07 13:35:00+05:30,1.35,1.4,1.35,1.35,16450,4908650,14.866226,19372.5,19850.0,19900,ATM+10,CALL,19400,2023-11-07
2023-11-07 13:36:00+05:30,1.35,1.45,1.35,1.45,31000,4906650,15.091921,19370.1,19850.0,19900,ATM+10,CALL,19400,2023-11-07
2023-11-07 13:37:00+05:30,1.45,1.45,1.35,1.35,27900,4906650,14.987477,19368.3,19850.0,19900,ATM+10,CALL,19400,2023-11-07
2023-11-07 13:38:00+05:30,1.35,1.4,1.35,1.35,18100,4906650,14.988702,19368.35,19850.0,19900,ATM+10,CALL,19400,2023-11-07
2023-11-07 13:39:00+05:30,1.35,1.4,1.35,1.35,7500,4901300,14.976107,19368.9,19850.0,19900,ATM+10,CALL,19400,2023-11-07
2023-11-07 13:40:00+05:30,1.35,1.4,1.35,1.35,13700,4901300,14.863943,19373.05,19850.0,19900,ATM+10,CALL,19400,2023-11-07
2023-11-07 13:41:00+05:30,1.35,1.35,1.3,1.35,70650,4901300,14.843009,19373.9,19850.0,19900,ATM+10,CALL,19400,2023-11-07
2023-11-07 13:42:00+05:30,1.35,1.35,1.3,1.35,38700,4918800,14.822065,19374.75,19850.0,19900,ATM+10,CALL,19400,2023-11-07
2023-11-07 13:43:00+05:30,1.35,1.4,1.35,1.4,58650,4918800,14.91464,19374.35,19850.0,19900,ATM+10,CALL,19400,2023-11-07
2023-11-07 13:44:00+05:30,1.4,1.4,1.35,1.4,4250,4918800,14.956159,19372.95,19850.0,19900,ATM+10,CALL,19400,2023-11-07
2023-11-07 13:45:00+05:30,1.4,1.4,1.35,1.35,3500,4914650,14.893507,19372.45,19850.0,19900,ATM+10,CALL,19400,2023-11-07
2023-11-07 13:46:00+05:30,1.35,1.4,1.35,1.35,10350,4914650,14.976385,19369.55,19850.0,19900,ATM+10,CALL,19400,2023-11-07
2023-11-07 13:47:00+05:30,1.4,1.4,1.35,1.35,82050,4914650,14.898703,19372.45,19850.0,19900,ATM+10,CALL,19400,2023-11-07
2023-11-07 13:48:00+05:30,1.35,1.4,1.35,1.4,2300,4906350,14.962423,19373.1,19850.0,19900,ATM+10,CALL,19400,2023-11-07
2023-11-07 13:49:00+05:30,1.35,1.4,1.35,1.35,15950,4906350,14.873425,19373.55,19850.0,19900,ATM+10,CALL,19400,2023-11-07
2023-11-07 13:50:00+05:30,1.2,1.2,1.1,1.15,85150,3775550,15.748343,19377.45,19900.0,19900,ATM+10,CALL,19400,2023-11-07
2023-11-07 13:51:00+05:30,1.15,1.15,1.1,1.15,38800,3733750,15.52584,19385.8,19900.0,19900,ATM+10,CALL,19400,2023-11-07
2023-11-07 13:52:00+05:30,1.15,1.15,1.1,1.1,77050,3733750,15.379874,19387.8,19900.0,19900,ATM+10,CALL,19400,2023-11-07
2023-11-07 13:53:00+05:30,1.1,1.15,1.05,1.05,148300,3733750,15.16454,19392.3,19900.0,19900,ATM+10,CALL,19400,2023-11-07
2023-11-07 13:54:00+05:30,1.1,1.1,1.05,1.1,69350,3667350,15.180776,19395.4,19900.0,19900,ATM+10,CALL,19400,2023-11-07
2023-11-07 13:55:00+05:30,1.1,1.15,1.1,1.15,25200,3667350,15.283928,19395.15,19900.0,19900,ATM+10,CALL,19400,2023-11-07
2023-11-07 13:56:00+05:30,1.15,1.2,1.1,1.15,119050,3667350,15.155322,19400.0,19900.0,19900,ATM+10,CALL,19400,2023-11-07
2023-11-07 13:57:00+05:30,1.15,1.15,1.1,1.15,110450,3681250,15.243257,19396.85,19900.0,19900,ATM+10,CALL,19400,2023-11-07
2023-11-07 13:58:00+05:30,1.15,1.15,1.05,1.05,101650,3681250,15.041094,19397.4,19900.0,19900,ATM+10,CALL,19400,2023-11-07
2023-11-07 13:59:00+05:30,1.1,1.1,1.05,1.05,22000,3681250,15.140238,19393.8,19900.0,19900,ATM+10,CALL,19400,2023-11-07
2023-11-07 14:00:00+05:30,1.05,1.1,1.05,1.05,63700,3641200,15.091946,19395.7,19900.0,19900,ATM+10,CALL,19400,2023-11-07
2023-11-07 14:01:00+05:30,1.1,1.1,1.05,1.1,63600,3641200,15.104999,19398.9,19900.0,19900,ATM+10,CALL,19400,2023-11-07
2023-11-07 14:02:00+05:30,1.1,1.1,1.05,1.05,86150,3641200,15.078449,19396.4,19900.0,19900,ATM+10,CALL,19400,2023-11-07
2023-11-07 14:03:00+05:30,1.05,1.1,1.0,1.05,144600,3540950,14.971046,19400.5,19900.0,19900,ATM+10,CALL,19400,2023-11-07
2023-11-07 14:04:00+05:30,1.05,1.1,1.0,1.05,164150,3540950,14.846066,19405.25,19900.0,19900,ATM+10,CALL,19400,2023-11-07
2023-11-07 14:05:00+05:30,1.1,1.1,1.0,1.05,163600,3540950,14.831197,19405.9,19900.0,19900,ATM+10,CALL,19400,2023-11-07
2023-11-07 14:06:00+05:30,1.05,1.05,1.0,1.0,69400,3463450,14.766069,19404.75,19900.0,19900,ATM+10,CALL,19400,2023-11-07
2023-11-07 14:07:00+05:30,1.05,1.05,1.0,1.05,50750,3463450,14.844466,19405.6,19900.0,19900,ATM+10,CALL,19400,2023-11-07
2023-11-07 14:08:00+05:30,1.05,1.05,1.0,1.0,37300,3463450,14.85282,19401.7,19900.0,19900,ATM+10,CALL,19400,2023-11-07
2023-11-07 14:09:00+05:30,1.0,1.05,1.0,1.0,207800,3429850,14.961024,19397.75,19900.0,19900,ATM+10,CALL,19400,2023-11-07
2023-11-07 14:10:00+05:30,1.0,1.05,1.0,1.0,56400,3429850,14.997058,19396.5,19900.0,19900,ATM+10,CALL,19400,2023-11-07
2023-11-07 14:11:00+05:30,1.0,1.05,0.95,0.95,59900,3429850,14.897735,19396.45,19900.0,19900,ATM+10,CALL,19400,2023-11-07
2023-11-07 14:12:00+05:30,1.0,1.05,0.95,1.0,65700,3418150,14.887331,19400.8,19900.0,19900,ATM+10,CALL,19400,2023-11-07
2023-11-07 14:13:00+05:30,1.05,1.05,1.0,1.0,38000,3418150,14.930076,19399.3,19900.0,19900,ATM+10,CALL,19400,2023-11-07
2023-11-07 14:14:00+05:30,1.05,1.05,1.0,1.05,23700,3418150,14.982478,19401.15,19900.0,19900,ATM+10,CALL,19400,2023-11-07
2023-11-07 14:15:00+05:30,1.05,1.05,1.0,1.05,106950,3404950,15.003945,19400.45,19900.0,19900,ATM+10,CALL,19400,2023-11-07
2023-11-07 14:16:00+05:30,1.05,1.1,1.05,1.05,15600,3404950,14.940648,19402.9,19900.0,19900,ATM+10,CALL,19400,2023-11-07
2023-11-07 14:17:00+05:30,1.1,1.1,1.05,1.05,50350,3404950,14.962121,19402.2,19900.0,19900,ATM+10,CALL,19400,2023-11-07
2023-11-07 14:18:00+05:30,1.1,1.1,1.05,1.05,19800,3321000,15.061651,19398.6,19900.0,19900,ATM+10,CALL,19400,2023-11-07
2023-11-07 14:19:00+05:30,1.05,1.1,1.05,1.05,13250,3321000,15.011814,19400.55,19900.0,19900,ATM+10,CALL,19400,2023-11-07
2023-11-07 14:20:00+05:30,1.1,1.1,1.05,1.05,21300,3321000,15.054841,19399.05,19900.0,19900,ATM+10,CALL,19400,2023-11-07
2023-11-07 14:21:00+05:30,1.05,1.05,1.0,1.05,63150,3306450,15.030566,19400.05,19900.0,19900,ATM+10,CALL,19400,2023-11-07
2023-11-07 14:22:00+05:30,1.05,1.1,1.0,1.1,77500,3306450,15.19191,19397.75,19900.0,19900,ATM+10,CALL,19400,2023-11-07
2023-11-07 14:23:00+05:30,1.1,1.1,1.05,1.1,2650,3306450,15.302797,19393.75,19900.0,19900,ATM+10,CALL,19400,2023-11-07
2023-11-07 14:24:00+05:30,1.05,1.1,1.05,1.1,7050,3290900,15.406894,19390.0,19900.0,19900,ATM+10,CALL,19400,2023-11-07
2023-11-07 14:25:00+05:30,1.1,1.1,1.05,1.05,12850,3290900,15.330589,19389.3,19900.0,19900,ATM+10,CALL,19400,2023-11-07
2023-11-07 14:26:00+05:30,1.05,1.1,1.05,1.1,1650,3290900,15.358234,19392.0,19900.0,19900,ATM+10,CALL,19400,2023-11-07
2023-11-07 14:27:00+05:30,1.1,1.1,1.05,1.05,8750,3296000,15.270055,19391.75,19900.0,19900,ATM+10,CALL,19400,2023-11-07
2023-11-07 14:28:00+05:30,1.05,1.1,1.05,1.1,2750,3296000,15.523226,19386.1,19900.0,19900,ATM+10,CALL,19400,2023-11-07
2023-11-07 14:29:00+05:30,1.1,1.1,1.05,1.05,22700,3296000,15.364286,19388.45,19900.0,19900,ATM+10,CALL,19400,2023-11-07
2023-11-07 14:30:00+05:30,1.1,1.1,1.05,1.05,3250,3295750,15.243124,19393.05,19900.0,19900,ATM+10,CALL,19400,2023-11-07
2023-11-07 14:31:00+05:30,1.05,1.1,1.05,1.1,1750,3295750,15.290552,19395.0,19900.0,19900,ATM+10,CALL,19400,2023-11-07
2023-11-07 14:32:00+05:30,1.1,1.1,1.05,1.05,900,3295750,15.332027,19389.95,19900.0,19900,ATM+10,CALL,19400,2023-11-07
2023-11-07 14:33:00+05:30,1.05,1.1,1.05,1.05,2900,3294450,15.29567,19391.4,19900.0,19900,ATM+10,CALL,19400,2023-11-07
2023-11-07 14:34:00+05:30,1.05,1.1,1.05,1.05,2850,3294450,15.37247,19388.65,19900.0,19900,ATM+10,CALL,19400,2023-11-07
2023-11-07 14:35:00+05:30,1.05,1.1,1.05,1.05,8700,3294450,15.305122,19391.25,19900.0,19900,ATM+10,CALL,19400,2023-11-07
2023-11-07 14:36:00+05:30,1.05,1.1,1.05,1.1,1650,3291900,15.457169,19389.35,19900.0,19900,ATM+10,CALL,19400,2023-11-07
2023-11-07 14:37:00+05:30,1.1,1.1,1.05,1.05,5650,3291900,15.419703,19387.2,19900.0,19900,ATM+10,CALL,19400,2023-11-07
2023-11-07 14:38:00+05:30,1.05,1.1,1.05,1.05,12750,3291900,15.592137,19380.9,19900.0,19900,ATM+10,CALL,19400,2023-11-07
2023-11-07 14:39:00+05:30,1.05,1.1,1.05,1.05,39100,3290450,15.584124,19381.3,19900.0,19900,ATM+10,CALL,19400,2023-11-07
2023-11-07 14:40:00+05:30,1.05,1.1,1.05,1.05,42750,3290450,15.506057,19384.3,19900.0,19900,ATM+10,CALL,19400,2023-11-07
2023-11-07 14:41:00+05:30,1.05,1.1,1.05,1.1,27550,3290450,15.683515,19381.5,19900.0,19900,ATM+10,CALL,19400,2023-11-07
2023-11-07 14:42:00+05:30,1.1,1.1,1.05,1.05,6750,3287250,15.577582,19381.85,19900.0,19900,ATM+10,CALL,19400,2023-11-07
2023-11-07 14:43:00+05:30,1.05,1.1,1.05,1.1,2200,3287250,15.583415,19385.4,19900.0,19900,ATM+10,CALL,19400,2023-11-07
2023-11-07 14:44:00+05:30,1.1,1.1,1.05,1.1,10750,3287250,15.65257,19382.95,19900.0,19900,ATM+10,CALL,19400,2023-11-07
2023-11-07 14:45:00+05:30,1.1,1.1,1.05,1.1,2450,3288550,15.636375,19383.65,19900.0,19900,ATM+10,CALL,19400,2023-11-07
2023-11-07 14:46:00+05:30,1.1,1.1,1.05,1.1,26650,3288550,15.536114,19387.45,19900.0,19900,ATM+10,CALL,19400,2023-11-07
2023-11-07 14:47:00+05:30,1.1,1.1,1.05,1.05,9550,3288550,15.530703,19384.1,19900.0,19900,ATM+10,CALL,19400,2023-11-07
2023-11-07 14:48:00+05:30,1.05,1.1,1.0,1.0,137050,3266650,15.317083,19388.35,19900.0,19900,ATM+10,CALL,19400,2023-11-07
2023-11-07 14:49:00+05:30,1.05,1.05,1.0,1.0,92350,3266650,15.256654,19390.7,19900.0,19900,ATM+10,CALL,19400,2023-11-07
2023-11-07 14:50:00+05:30,1.0,1.05,1.0,1.05,52200,3266650,15.345871,19391.25,19900.0,19900,ATM+10,CALL,19400,2023-11-07
2023-11-07 14:51:00+05:30,1.05,1.05,1.0,1.05,52300,3192650,15.206646,19396.5,19900.0,19900,ATM+10,CALL,19400,2023-11-07
2023-11-07 14:52:00+05:30,1.05,1.05,1.0,1.05,24200,3192650,15.11328,19400.05,19900.0,19900,ATM+10,CALL,19400,2023-11-07
2023-11-07 14:53:00+05:30,1.05,1.05,1.0,1.0,9600,3192650,15.034706,19399.35,19900.0,19900,ATM+10,CALL,19400,2023-11-07
2023-11-07 14:54:00+05:30,1.0,1.05,1.0,1.0,4100,3186450,15.138364,19395.6,19900.0,19900,ATM+10,CALL,19400,2023-11-07
2023-11-07 14:55:00+05:30,1.0,1.05,1.0,1.0,4450,3186450,15.087201,19397.6,19900.0,19900,ATM+10,CALL,19400,2023-11-07
2023-11-07 14:56:00+05:30,1.0,1.05,1.0,1.0,4250,3186450,15.056212,19398.85,19900.0,19900,ATM+10,CALL,19400,2023-11-07
2023-11-07 14:57:00+05:30,1.0,1.05,1.0,1.05,12350,3190300,15.124033,19400.15,19900.0,19900,ATM+10,CALL,19400,2023-11-07
2023-11-07 14:58:00+05:30,1.05,1.05,1.0,1.0,13100,3190300,14.999577,19401.15,19900.0,19900,ATM+10,CALL,19400,2023-11-07
2023-11-07 14:59:00+05:30,1.05,1.05,1.0,1.05,10400,3190300,15.159238,19399.05,19900.0,19900,ATM+10,CALL,19400,2023-11-07
2023-11-07 15:00:00+05:30,1.05,1.1,1.0,1.1,73400,3188550,15.071131,19405.95,19900.0,19900,ATM+10,CALL,19400,2023-11-07
2023-11-07 15:01:00+05:30,1.1,1.1,1.05,1.05,19850,3188550,15.105001,19401.25,19900.0,19900,ATM+10,CALL,19400,2023-11-07
2023-11-07 15:02:00+05:30,1.05,1.1,1.05,1.05,25850,3188550,15.087355,19402.0,19900.0,19900,ATM+10,CALL,19400,2023-11-07
2023-11-07 15:03:00+05:30,1.1,1.1,1.05,1.05,10750,3204150,15.041209,19403.8,19900.0,19900,ATM+10,CALL,19400,2023-11-07
2023-11-07 15:04:00+05:30,1.05,1.1,1.05,1.05,8750,3204150,15.011323,19405.0,19900.0,19900,ATM+10,CALL,19400,2023-11-07
2023-11-07 15:05:00+05:30,1.05,1.1,1.05,1.05,9300,3204150,14.895851,19409.35,19900.0,19900,ATM+10,CALL,19400,2023-11-07
2023-11-07 15:06:00+05:30,1.05,1.1,1.0,1.0,136650,3196150,14.785954,19409.85,19900.0,19900,ATM+10,CALL,19400,2023-11-07
2023-11-07 15:07:00+05:30,1.05,1.05,1.0,1.0,124050,3196150,14.973738,19403.0,19900.0,19900,ATM+10,CALL,19400,2023-11-07
2023-11-07 15:08:00+05:30,1.05,1.05,1.0,1.0,22100,3196150,15.0696,19399.55,19900.0,19900,ATM+10,CALL,19400,2023-11-07
2023-11-07 15:09:00+05:30,1.0,1.05,1.0,1.05,40700,3166650,15.218911,19397.85,19900.0,19900,ATM+10,CALL,19400,2023-11-07
2023-11-07 15:10:00+05:30,1.05,1.1,1.0,1.05,30800,3166650,15.208062,19398.35,19900.0,19900,ATM+10,CALL,19400,2023-11-07
2023-11-07 15:11:00+05:30,1.05,1.1,1.05,1.05,126100,3166650,15.218929,19398.05,19900.0,19900,ATM+10,CALL,19400,2023-11-07
2023-11-07 15:12:00+05:30,1.05,1.05,1.0,1.05,19700,3165000,15.220297,19398.1,19900.0,19900,ATM+10,CALL,19400,2023-11-07
2023-11-07 15:13:00+05:30,1.05,1.05,1.0,1.05,19450,3165000,15.327553,19394.25,19900.0,19900,ATM+10,CALL,19400,2023-11-07
2023-11-07 15:14:00+05:30,1.0,1.1,1.0,1.05,74000,3165000,15.22711,19398.05,19900.0,19900,ATM+10,CALL,19400,2023-11-07
2023-11-07 15:15:00+05:30,1.05,1.1,1.0,1.05,169500,3150050,15.165982,19400.4,19900.0,19900,ATM+10,CALL,19400,2023-11-07
2023-11-07 15:16:00+05:30,1.0,1.1,1.0,1.05,46200,3150050,15.108888,19402.6,19900.0,19900,ATM+10,CALL,19400,2023-11-07
2023-11-07 15:17:00+05:30,1.05,1.1,1.05,1.05,194700,3150050,14.989166,19407.1,19900.0,19900,ATM+10,CALL,19400,2023-11-07
2023-11-07 15:18:00+05:30,1.05,1.1,1.05,1.05,36500,3181650,14.937403,19409.1,19900.0,19900,ATM+10,CALL,19400,2023-11-07
2023-11-07 15:19:00+05:30,1.1,1.1,1.05,1.05,13850,3181650,14.874707,19411.5,19900.0,19900,ATM+10,CALL,19400,2023-11-07
2023-11-07 15:20:00+05:30,1.05,1.1,1.05,1.1,42900,3181650,14.933554,19412.95,19900.0,19900,ATM+10,CALL,19400,2023-11-07
2023-11-07 15:21:00+05:30,1.1,1.1,1.05,1.1,31500,3187800,14.85402,19415.95,19900.0,19900,ATM+10,CALL,19400,2023-11-07
2023-11-07 15:22:00+05:30,1.1,1.1,1.0,1.05,150800,3187800,14.78047,19415.25,19900.0,19900,ATM+10,CALL,19400,2023-11-07
2023-11-07 15:23:00+05:30,1.05,1.1,1.05,1.05,156050,3187800,14.739471,19416.85,19900.0,19900,ATM+10,CALL,19400,2023-11-07
2023-11-07 15:24:00+05:30,1.05,1.1,1.05,1.05,160200,3191750,14.717557,19417.75,19900.0,19900,ATM+10,CALL,19400,2023-11-07
2023-11-07 15:25:00+05:30,1.05,1.1,1.05,1.1,66900,3191750,14.838654,19416.9,19900.0,19900,ATM+10,CALL,19400,2023-11-07
2023-11-07 15:26:00+05:30,1.1,1.1,1.05,1.1,67000,3191750,14.793298,19418.65,19900.0,19900,ATM+10,CALL,19400,2023-11-07
2023-11-07 15:27:00+05:30,1.1,1.1,1.05,1.1,74700,3230500,14.848119,19416.75,19900.0,19900,ATM+10,CALL,19400,2023-11-07
2023-11-07 15:28:00+05:30,1.15,1.15,1.1,1.15,86950,3230500,15.082503,19411.7,19900.0,19900,ATM+10,CALL,19400,2023-11-07
2023-11-07 15:29:00+05:30,1.1,1.15,1.05,1.1,264650,3230500,14.841119,19417.2,19900.0,19900,ATM+10,CALL,19400,2023-11-07
2023-11-07 09:15:00+05:30,460.35,468.95,460.35,468.95,200,15800,13.600299,19369.7,19850.0,19900,ATM+10,PUT,19400,2023-11-07
2023-11-07 09:16:00+05:30,468.95,476.3,468.95,474.75,300,15800,0.0,19354.55,19850.0,19900,ATM+10,PUT,19400,2023-11-07
2023-11-07 09:17:00+05:30,474.75,477.0,470.95,472.3,900,15750,0.0,19357.9,19850.0,19900,ATM+10,PUT,19400,2023-11-07
2023-11-07 09:18:00+05:30,472.3,473.85,472.3,473.85,50,15750,0.0,19362.85,19850.0,19900,ATM+10,PUT,19400,2023-11-07
2023-11-07 09:19:00+05:30,473.85,473.85,468.85,468.85,100,15750,0.0,19364.7,19850.0,19900,ATM+10,PUT,19400,2023-11-07
2023-11-07 09:20:00+05:30,468.85,468.85,456.8,456.8,550,15400,0.0,19373.9,19850.0,19900,ATM+10,PUT,19400,2023-11-07
2023-11-07 09:21:00+05:30,456.45,456.45,456.45,456.45,100,15400,0.0,19370.6,19850.0,19900,ATM+10,PUT,19400,2023-11-07
2023-11-07 09:22:00+05:30,512.75,514.35,510.4,510.4,150,61950,0.0,19375.3,19900.0,19900,ATM+10,PUT,19400,2023-11-07
2023-11-07 09:23:00+05:30,510.4,510.4,506.4,506.4,50,61000,0.0,19380.3,19900.0,19900,ATM+10,PUT,19400,2023-11-07
2023-11-07 09:24:00+05:30,506.4,506.4,505.5,505.5,100,61000,0.0,19382.1,19900.0,19900,ATM+10,PUT,19400,2023-11-07
2023-11-07 09:25:00+05:30,506.55,506.55,501.75,501.75,600,61000,0.0,19381.35,19900.0,19900,ATM+10,PUT,19400,2023-11-07
2023-11-07 09:26:00+05:30,455.35,463.6,455.35,463.6,150,14750,11.50605,19374.4,19850.0,19900,ATM+10,PUT,19400,2023-11-07
2023-11-07 09:27:00+05:30,508.95,510.0,508.95,510.0,50,61350,0.0,19375.9,19900.0,19900,ATM+10,PUT,19400,2023-11-07
2023-11-07 09:28:00+05:30,463.6,463.6,455.75,458.45,100,14750,0.0,19373.15,19850.0,19900,ATM+10,PUT,19400,2023-11-07
2023-11-07 09:29:00+05:30,458.45,458.45,458.45,458.45,0,14750,0.0,19370.25,19850.0,19900,ATM+10,PUT,19400,2023-11-07
2023-11-07 09:30:00+05:30,458.45,458.45,458.45,458.45,0,14750,0.0,19368.15,19850.0,19900,ATM+10,PUT,19400,2023-11-07
2023-11-07 09:31:00+05:30,458.45,464.85,458.45,464.85,50,14650,0.0,19371.35,19850.0,19900,ATM+10,PUT,19400,2023-11-07
2023-11-07 09:32:00+05:30,464.85,464.85,464.85,464.85,0,14650,0.0,19372.6,19850.0,19900,ATM+10,PUT,19400,2023-11-07
2023-11-07 09:33:00+05:30,464.85,464.85,464.85,464.85,0,14650,0.0,19372.55,19850.0,19900,ATM+10,PUT,19400,2023-11-07
2023-11-07 09:34:00+05:30,464.85,464.85,464.85,464.85,0,14650,0.0,19367.05,19850.0,19900,ATM+10,PUT,19400,2023-11-07
2023-11-07 09:35:00+05:30,464.85,466.0,464.85,466.0,150,14650,0.0,19366.2,19850.0,19900,ATM+10,PUT,19400,2023-11-07
2023-11-07 09:36:00+05:30,466.0,466.0,464.0,465.85,100,14750,0.0,19366.7,19850.0,19900,ATM+10,PUT,19400,2023-11-07
2023-11-07 09:37:00+05:30,465.85,465.85,460.75,460.75,50,14750,0.0,19368.55,19850.0,19900,ATM+10,PUT,19400,2023-11-07
2023-11-07 09:38:00+05:30,460.75,460.75,460.75,460.75,0,14750,0.0,19364.1,19850.0,19900,ATM+10,PUT,19400,2023-11-07
2023-11-07 09:39:00+05:30,460.75,465.85,460.75,465.85,50,14750,0.0,19360.6,19850.0,19900,ATM+10,PUT,19400,2023-11-07
2023-11-07 09:40:00+05:30,465.85,465.85,464.4,464.4,50,14750,0.0,19362.0,19850.0,19900,ATM+10,PUT,19400,2023-11-07
2023-11-07 09:41:00+05:30,464.4,464.4,459.65,459.65,100,14700,0.0,19363.55,19850.0,19900,ATM+10,PUT,19400,2023-11-07
2023-11-07 09:42:00+05:30,459.65,459.65,459.65,459.65,0,14700,0.0,19363.0,19850.0,19900,ATM+10,PUT,19400,2023-11-07
2023-11-07 09:43:00+05:30,459.65,460.0,459.65,460.0,400,14700,0.0,19365.15,19850.0,19900,ATM+10,PUT,19400,2023-11-07
2023-11-07 09:44:00+05:30,460.0,460.0,460.0,460.0,0,14700,0.0,19366.5,19850.0,19900,ATM+10,PUT,19400,2023-11-07
2023-11-07 09:45:00+05:30,460.0,460.0,460.0,460.0,0,14700,0.0,19366.45,19850.0,19900,ATM+10,PUT,19400,2023-11-07
2023-11-07 09:46:00+05:30,460.0,460.0,460.0,460.0,0,14700,0.0,19362.65,19850.0,19900,ATM+10,PUT,19400,2023-11-07
2023-11-07 09:47:00+05:30,460.0,460.0,460.0,460.0,0,14700,0.0,19355.65,19850.0,19900,ATM+10,PUT,19400,2023-11-07
2023-11-07 09:48:00+05:30,460.0,460.0,460.0,460.0,0,14700,0.0,19358.85,19850.0,19900,ATM+10,PUT,19400,2023-11-07
2023-11-07 09:49:00+05:30,460.0,461.45,460.0,461.45,50,15100,0.0,19363.6,19850.0,19900,ATM+10,PUT,19400,2023-11-07
2023-11-07 09:50:00+05:30,461.45,461.45,461.45,461.45,0,15100,0.0,19359.4,19850.0,19900,ATM+10,PUT,19400,2023-11-07
2023-11-07 09:51:00+05:30,461.45,461.45,459.65,459.65,50,15100,0.0,19362.8,19850.0,19900,ATM+10,PUT,19400,2023-11-07
2023-11-07 09:52:00+05:30,459.65,459.65,459.65,459.65,0,15100,0.0,19363.6,19850.0,19900,ATM+10,PUT,19400,2023-11-07
2023-11-07 09:53:00+05:30,459.65,462.25,459.65,462.25,50,15100,0.0,19362.1,19850.0,19900,ATM+10,PUT,19400,2023-11-07
2023-11-07 09:54:00+05:30,462.25,462.25,462.25,462.25,0,15100,0.0,19363.85,19850.0,19900,ATM+10,PUT,19400,2023-11-07
2023-11-07 09:55:00+05:30,462.25,462.25,448.35,448.35,100,15100,0.0,19369.0,19850.0,19900,ATM+10,PUT,19400,2023-11-07
2023-11-07 09:56:00+05:30,448.35,462.0,448.35,462.0,100,15100,0.0,19362.95,19850.0,19900,ATM+10,PUT,19400,2023-11-07
2023-11-07 09:57:00+05:30,462.0,462.0,462.0,462.0,0,15100,0.0,19361.45,19850.0,19900,ATM+10,PUT,19400,2023-11-07
2023-11-07 09:58:00+05:30,462.0,462.0,462.0,462.0,0,15100,0.0,19356.1,19850.0,19900,ATM+10,PUT,19400,2023-11-07
2023-11-07 09:59:00+05:30,468.35,468.4,468.35,468.4,150,15100,0.0,19358.05,19850.0,19900,ATM+10,PUT,19400,2023-11-07
2023-11-07 10:00:00+05:30,464.8,464.8,464.8,464.8,50,15200,0.0,19356.0,19850.0,19900,ATM+10,PUT,19400,2023-11-07
2023-11-07 10:01:00+05:30,467.0,467.0,467.0,467.0,50,15200,0.0,19361.4,19850.0,19900,ATM+10,PUT,19400,2023-11-07
2023-11-07 10:02:00+05:30,467.0,467.0,463.25,464.45,100,15200,0.0,19356.3,19850.0,19900,ATM+10,PUT,19400,2023-11-07
2023-11-07 10:03:00+05:30,464.45,470.0,464.45,470.0,50,15200,0.0,19353.2,19850.0,19900,ATM+10,PUT,19400,2023-11-07
2023-11-07 10:04:00+05:30,470.0,470.0,470.0,470.0,0,15200,0.0,19350.75,19850.0,19900,ATM+10,PUT,19400,2023-11-07
2023-11-07 10:05:00+05:30,470.0,470.0,470.0,470.0,0,15200,0.0,19350.4,19850.0,19900,ATM+10,PUT,19400,2023-11-07
2023-11-07 10:06:00+05:30,470.0,470.0,470.0,470.0,0,15200,0.0,19351.9,19850.0,19900,ATM+10,PUT,19400,2023-11-07
2023-11-07 10:07:00+05:30,470.0,470.0,470.0,470.0,0,15200,0.0,19350.5,19850.0,19900,ATM+10,PUT,19400,2023-11-07
2023-11-07 10:08:00+05:30,470.0,470.0,470.0,470.0,0,15200,0.0,19355.3,19850.0,19900,ATM+10,PUT,19400,2023-11-07
2023-11-07 10:09:00+05:30,470.0,470.0,470.0,470.0,0,15200,0.0,19357.6,19850.0,19900,ATM+10,PUT,19400,2023-11-07
2023-11-07 10:10:00+05:30,470.0,470.0,470.0,470.0,0,15200,0.0,19357.55,19850.0,19900,ATM+10,PUT,19400,2023-11-07
2023-11-07 10:11:00+05:30,470.0,470.0,466.65,466.65,50,15250,0.0,19359.0,19850.0,19900,ATM+10,PUT,19400,2023-11-07
2023-11-07 10:12:00+05:30,466.65,466.65,466.65,466.65,0,15250,0.0,19360.9,19850.0,19900,ATM+10,PUT,19400,2023-11-07
2023-11-07 10:13:00+05:30,466.65,466.65,466.65,466.65,0,15250,0.0,19364.3,19850.0,19900,ATM+10,PUT,19400,2023-11-07
2023-11-07 10:14:00+05:30,466.65,466.65,458.95,458.95,100,15200,0.0,19366.2,19850.0,19900,ATM+10,PUT,19400,2023-11-07
2023-11-07 10:15:00+05:30,458.95,458.95,458.25,458.25,50,15150,0.0,19364.6,19850.0,19900,ATM+10,PUT,19400,2023-11-07
2023-11-07 10:16:00+05:30,458.25,458.25,458.25,458.25,0,15150,0.0,19365.45,19850.0,19900,ATM+10,PUT,19400,2023-11-07
2023-11-07 10:17:00+05:30,458.25,459.55,458.25,459.55,50,15150,0.0,19362.75,19850.0,19900,ATM+10,PUT,19400,2023-11-07
2023-11-07 10:18:00+05:30,459.55,459.55,459.55,459.55,0,15150,0.0,19363.95,19850.0,19900,ATM+10,PUT,19400,2023-11-07
2023-11-07 10:19:00+05:30,459.55,460.25,459.55,460.25,50,15150,0.0,19369.55,19850.0,19900,ATM+10,PUT,19400,2023-11-07
2023-11-07 10:20:00+05:30,460.25,460.25,453.35,453.45,100,15150,0.0,19373.05,19850.0,19900,ATM+10,PUT,19400,2023-11-07
2023-11-07 10:21:00+05:30,453.45,453.45,453.45,453.45,0,15150,0.0,19372.65,19850.0,19900,ATM+10,PUT,19400,2023-11-07
2023-11-07 10:22:00+05:30,453.45,453.45,453.45,453.45,0,15150,0.0,19371.5,19850.0,19900,ATM+10,PUT,19400,2023-11-07
2023-11-07 10:23:00+05:30,453.45,453.45,453.45,453.45,0,15150,0.0,19365.1,19850.0,19900,ATM+10,PUT,19400,2023-11-07
2023-11-07 10:24:00+05:30,453.45,453.45,453.45,453.45,0,15150,0.0,19365.9,19850.0,19900,ATM+10,PUT,19400,2023-11-07
2023-11-07 10:25:00+05:30,453.45,453.45,450.8,450.8,200,15150,0.0,19371.7,19850.0,19900,ATM+10,PUT,19400,2023-11-07
2023-11-07 10:26:00+05:30,450.8,450.8,448.0,448.0,50,15150,0.0,19372.5,19850.0,19900,ATM+10,PUT,19400,2023-11-07
2023-11-07 10:27:00+05:30,448.0,448.0,448.0,448.0,0,15150,0.0,19369.25,19850.0,19900,ATM+10,PUT,19400,2023-11-07
2023-11-07 10:28:00+05:30,448.0,448.05,448.0,448.05,50,15050,0.0,19370.25,19850.0,19900,ATM+10,PUT,19400,2023-11-07
2023-11-07 10:29:00+05:30,448.05,448.05,448.05,448.05,0,15050,0.0,19370.65,19850.0,19900,ATM+10,PUT,19400,2023-11-07
2023-11-07 10:30:00+05:30,448.05,448.05,448.05,448.05,0,15050,0.0,19373.6,19850.0,19900,ATM+10,PUT,19400,2023-11-07
2023-11-07 10:31:00+05:30,448.05,448.05,448.05,448.05,0,15050,0.0,19376.55,19900.0,19900,ATM+10,PUT,19400,2023-11-07
2023-11-07 10:32:00+05:30,448.05,448.05,448.05,448.05,0,15050,0.0,19375.8,19900.0,19900,ATM+10,PUT,19400,2023-11-07
2023-11-07 10:33:00+05:30,448.05,448.05,445.75,445.75,50,15000,0.0,19374.35,19850.0,19900,ATM+10,PUT,19400,2023-11-07
2023-11-07 10:34:00+05:30,494.65,494.65,492.6,492.6,50,62050,0.0,19375.5,19900.0,19900,ATM+10,PUT,19400,2023-11-07
2023-11-07 10:35:00+05:30,492.6,492.6,485.0,485.0,200,62100,0.0,19384.6,19900.0,19900,ATM+10,PUT,19400,2023-11-07
2023-11-07 10:36:00+05:30,485.0,485.0,485.0,485.0,0,62100,0.0,19379.95,19900.0,19900,ATM+10,PUT,19400,2023-11-07
2023-11-07 10:37:00+05:30,485.0,485.0,485.0,485.0,0,62100,0.0,19381.45,19900.0,19900,ATM+10,PUT,19400,2023-11-07
2023-11-07 10:38:00+05:30,485.0,485.0,485.0,485.0,0,62100,0.0,19381.15,19900.0,19900,ATM+10,PUT,19400,2023-11-07
2023-11-07 10:39:00+05:30,485.0,485.0,484.9,484.9,50,62000,0.0,19385.3,19900.0,19900,ATM+10,PUT,19400,2023-11-07
2023-11-07 10:40:00+05:30,484.9,484.9,479.3,480.15,250,62000,0.0,19387.55,19900.0,19900,ATM+10,PUT,19400,2023-11-07
2023-11-07 10:41:00+05:30,480.15,480.15,477.4,479.9,450,61900,0.0,19390.45,19900.0,19900,ATM+10,PUT,19400,2023-11-07
2023-11-07 10:42:00+05:30,479.9,484.0,479.9,484.0,350,61900,0.0,19388.35,19900.0,19900,ATM+10,PUT,19400,2023-11-07
2023-11-07 10:43:00+05:30,484.0,486.35,484.0,486.35,50,61900,0.0,19387.55,19900.0,19900,ATM+10,PUT,19400,2023-11-07
2023-11-07 10:44:00+05:30,486.35,486.35,486.35,486.35,0,61900,0.0,19393.05,19900.0,19900,ATM+10,PUT,19400,2023-11-07
2023-11-07 10:45:00+05:30,486.35,486.35,477.0,481.7,850,62450,0.0,19392.95,19900.0,19900,ATM+10,PUT,19400,2023-11-07
2023-11-07 10:46:00+05:30,481.7,486.2,481.7,486.2,50,62450,0.0,19390.3,19900.0,19900,ATM+10,PUT,19400,2023-11-07
2023-11-07 10:47:00+05:30,486.2,486.2,485.65,485.65,50,61750,0.0,19389.55,19900.0,19900,ATM+10,PUT,19400,2023-11-07
2023-11-07 10:48:00+05:30,485.65,485.65,485.65,485.65,0,61750,0.0,19390.0,19900.0,19900,ATM+10,PUT,19400,2023-11-07
2023-11-07 10:49:00+05:30,485.65,485.65,485.65,485.65,0,61750,0.0,19391.4,19900.0,19900,ATM+10,PUT,19400,2023-11-07
2023-11-07 10:50:00+05:30,485.65,485.65,485.4,485.4,50,61750,0.0,19391.6,19900.0,19900,ATM+10,PUT,19400,2023-11-07
2023-11-07 10:51:00+05:30,485.4,485.4,485.4,485.4,50,61750,0.0,19387.4,19900.0,19900,ATM+10,PUT,19400,2023-11-07
2023-11-07 10:52:00+05:30,492.1,498.95,490.65,498.95,300,61750,0.0,19382.05,19900.0,19900,ATM+10,PUT,19400,2023-11-07
2023-11-07 10:53:00+05:30,500.5,500.5,495.85,495.85,350,61750,0.0,19385.55,19900.0,19900,ATM+10,PUT,19400,2023-11-07
2023-11-07 10:54:00+05:30,495.85,497.0,495.05,496.7,350,61950,0.0,19385.0,19900.0,19900,ATM+10,PUT,19400,2023-11-07
2023-11-07 10:55:00+05:30,498.1,498.1,495.2,495.2,400,61950,0.0,19384.75,19900.0,19900,ATM+10,PUT,19400,2023-11-07
2023-11-07 10:56:00+05:30,495.2,495.2,495.2,495.2,0,61950,0.0,19384.95,19900.0,19900,ATM+10,PUT,19400,2023-11-07
2023-11-07 10:57:00+05:30,495.2,501.7,495.2,501.7,50,62400,0.0,19382.65,19900.0,19900,ATM+10,PUT,19400,2023-11-07
2023-11-07 10:58:00+05:30,501.7,501.7,496.35,496.35,100,62400,0.0,19385.0,19900.0,19900,ATM+10,PUT,19400,2023-11-07
2023-11-07 10:59:00+05:30,496.35,502.2,496.35,502.2,250,62600,0.0,19381.05,19900.0,19900,ATM+10,PUT,19400,2023-11-07
2023-11-07 11:00:00+05:30,502.2,502.2,502.2,502.2,0,62600,0.0,19382.5,19900.0,19900,ATM+10,PUT,19400,2023-11-07
2023-11-07 11:01:00+05:30,502.2,502.2,497.95,497.95,50,62600,0.0,19384.3,19900.0,19900,ATM+10,PUT,19400,2023-11-07
2023-11-07 11:02:00+05:30,497.95,497.95,497.95,497.95,0,62600,0.0,19386.85,19900.0,19900,ATM+10,PUT,19400,2023-11-07
2023-11-07 11:03:00+05:30,497.95,497.95,497.95,497.95,0,62600,0.0,19387.25,19900.0,19900,ATM+10,PUT,19400,2023-11-07
2023-11-07 11:04:00+05:30,497.95,497.95,497.95,497.95,0,62600,0.0,19386.8,19900.0,19900,ATM+10,PUT,19400,2023-11-07
2023-11-07 11:05:00+05:30,497.95,497.95,497.95,497.95,0,62600,0.0,19386.15,19900.0,19900,ATM+10,PUT,19400,2023-11-07
2023-11-07 11:06:00+05:30,497.95,497.95,493.0,493.0,50,62650,0.0,19387.9,19900.0,19900,ATM+10,PUT,19400,2023-11-07
2023-11-07 11:07:00+05:30,493.0,493.0,490.0,490.0,50,62650,0.0,19389.3,19900.0,19900,ATM+10,PUT,19400,2023-11-07
2023-11-07 11:08:00+05:30,490.4,490.4,489.9,490.15,300,62750,0.0,19390.1,19900.0,19900,ATM+10,PUT,19400,2023-11-07
2023-11-07 11:09:00+05:30,490.15,490.15,490.15,490.15,0,62750,0.0,19393.95,19900.0,19900,ATM+10,PUT,19400,2023-11-07
2023-11-07 11:10:00+05:30,486.2,486.65,485.1,485.1,550,62750,0.0,19395.25,19900.0,19900,ATM+10,PUT,19400,2023-11-07
2023-11-07 11:11:00+05:30,485.1,487.85,485.1,487.8,850,62750,0.0,19396.45,19900.0,19900,ATM+10,PUT,19400,2023-11-07
2023-11-07 11:12:00+05:30,487.8,487.8,484.35,486.9,250,63800,0.0,19394.2,19900.0,19900,ATM+10,PUT,19400,2023-11-07
2023-11-07 11:13:00+05:30,486.9,488.2,486.9,488.2,50,63800,0.0,19391.45,19900.0,19900,ATM+10,PUT,19400,2023-11-07
2023-11-07 11:14:00+05:30,488.2,488.2,487.95,487.95,50,63900,0.0,19392.85,19900.0,19900,ATM+10,PUT,19400,2023-11-07
2023-11-07 11:15:00+05:30,487.95,487.95,487.95,487.95,0,63900,0.0,19389.45,19900.0,19900,ATM+10,PUT,19400,2023-11-07
2023-11-07 11:16:00+05:30,494.3,494.3,491.95,491.95,200,63900,0.0,19390.75,19900.0,19900,ATM+10,PUT,19400,2023-11-07
2023-11-07 11:17:00+05:30,491.95,491.95,491.95,491.95,0,63900,0.0,19393.85,19900.0,19900,ATM+10,PUT,19400,2023-11-07
2023-11-07 11:18:00+05:30,491.95,491.95,487.95,487.95,50,63950,0.0,19398.0,19900.0,19900,ATM+10,PUT,19400,2023-11-07
2023-11-07 11:19:00+05:30,487.95,487.95,487.95,487.95,0,63950,0.0,19396.5,19900.0,19900,ATM+10,PUT,19400,2023-11-07
2023-11-07 11:20:00+05:30,487.95,487.95,487.95,487.95,0,63950,0.0,19396.2,19900.0,19900,ATM+10,PUT,19400,2023-11-07
2023-11-07 11:21:00+05:30,487.95,487.95,485.55,485.55,50,63950,0.0,19396.3,19900.0,19900,ATM+10,PUT,19400,2023-11-07
2023-11-07 11:22:00+05:30,485.55,485.55,485.55,485.55,0,63950,0.0,19394.0,19900.0,19900,ATM+10,PUT,19400,2023-11-07
2023-11-07 11:23:00+05:30,485.55,485.55,485.55,485.55,0,63950,0.0,19391.25,19900.0,19900,ATM+10,PUT,19400,2023-11-07
2023-11-07 11:24:00+05:30,485.55,492.3,485.55,492.3,100,63950,0.0,19390.65,19900.0,19900,ATM+10,PUT,19400,2023-11-07
2023-11-07 11:25:00+05:30,492.5,492.5,492.5,492.5,50,63950,0.0,19391.05,19900.0,19900,ATM+10,PUT,19400,2023-11-07
2023-11-07 11:26:00+05:30,492.5,492.5,492.5,492.5,0,63950,0.0,19388.35,19900.0,19900,ATM+10,PUT,19400,2023-11-07
2023-11-07 11:27:00+05:30,492.5,494.5,492.5,494.5,50,64050,0.0,19391.9,19900.0,19900,ATM+10,PUT,19400,2023-11-07
2023-11-07 11:28:00+05:30,494.5,494.5,493.5,493.5,50,64050,0.0,19389.7,19900.0,19900,ATM+10,PUT,19400,2023-11-07
2023-11-07 11:29:00+05:30,493.5,493.5,493.5,493.5,0,64050,0.0,19389.85,19900.0,19900,ATM+10,PUT,19400,2023-11-07
2023-11-07 11:30:00+05:30,493.5,496.8,493.25,496.6,1300,64050,0.0,19388.6,19900.0,19900,ATM+10,PUT,19400,2023-11-07
2023-11-07 11:31:00+05:30,496.6,497.05,496.6,497.05,150,64050,0.0,19386.9,19900.0,19900,ATM+10,PUT,19400,2023-11-07
2023-11-07 11:32:00+05:30,497.05,499.4,497.05,499.15,1350,64050,14.864987,19390.1,19900.0,19900,ATM+10,PUT,19400,2023-11-07
2023-11-07 11:33:00+05:30,499.15,499.15,497.5,497.9,200,66750,0.0,19387.15,19900.0,19900,ATM+10,PUT,19400,2023-11-07
2023-11-07 11:34:00+05:30,497.9,497.9,497.8,497.8,50,66750,0.0,19388.05,19900.0,19900,ATM+10,PUT,19400,2023-11-07
2023-11-07 11:35:00+05:30,497.8,497.8,493.5,493.5,1550,66750,0.0,19393.35,19900.0,19900,ATM+10,PUT,19400,2023-11-07
2023-11-07 11:36:00+05:30,493.05,493.05,493.05,493.05,50,66950,12.326901,19395.4,19900.0,19900,ATM+10,PUT,19400,2023-11-07
2023-11-07 11:37:00+05:30,489.85,489.85,489.8,489.8,150,66950,0.0,19394.05,19900.0,19900,ATM+10,PUT,19400,2023-11-07
2023-11-07 11:38:00+05:30,489.8,493.05,489.8,493.05,50,66950,0.0,19393.4,19900.0,19900,ATM+10,PUT,19400,2023-11-07
2023-11-07 11:39:00+05:30,493.05,496.5,493.05,496.5,50,67000,0.0,19390.15,19900.0,19900,ATM+10,PUT,19400,2023-11-07
2023-11-07 11:40:00+05:30,496.5,519.0,496.5,513.85,3600,67000,16.941178,19376.55,19900.0,19900,ATM+10,PUT,19400,2023-11-07
2023-11-07 11:41:00+05:30,468.8,480.75,468.8,472.85,350,14950,11.915539,19365.65,19850.0,19900,ATM+10,PUT,19400,2023-11-07
2023-11-07 11:42:00+05:30,472.85,479.45,472.85,479.45,100,14950,13.3597,19359.4,19850.0,19900,ATM+10,PUT,19400,2023-11-07
2023-11-07 11:43:00+05:30,479.45,479.45,479.0,479.0,50,14950,0.0,19355.0,19850.0,19900,ATM+10,PUT,19400,2023-11-07
2023-11-07 11:44:00+05:30,479.0,479.6,478.4,479.6,5000,14950,0.0,19354.7,19850.0,19900,ATM+10,PUT,19400,2023-11-07
2023-11-07 11:45:00+05:30,484.75,502.15,483.45,499.7,350,17700,15.885426,19340.2,19850.0,19900,ATM+10,PUT,19400,2023-11-07
2023-11-07 11:46:00+05:30,499.7,501.95,499.7,501.55,100,17700,21.470501,19345.7,19850.0,19900,ATM+10,PUT,19400,2023-11-07
2023-11-07 11:47:00+05:30,501.55,501.55,495.5,495.5,50,17700,17.124701,19345.55,19850.0,19900,ATM+10,PUT,19400,2023-11-07
2023-11-07 11:48:00+05:30,495.5,503.8,495.5,503.8,100,17600,20.735315,19341.9,19850.0,19900,ATM+10,PUT,19400,2023-11-07
2023-11-07 11:49:00+05:30,503.8,503.8,503.8,503.8,0,17600,20.735315,19336.95,19850.0,19900,ATM+10,PUT,19400,2023-11-07
2023-11-07 11:50:00+05:30,509.25,509.25,503.75,503.75,100,17600,20.480711,19341.5,19850.0,19900,ATM+10,PUT,19400,2023-11-07
2023-11-07 11:51:00+05:30,505.25,505.25,505.25,505.25,100,17550,22.504856,19343.9,19850.0,19900,ATM+10,PUT,19400,2023-11-07
2023-11-07 11:52:00+05:30,505.25,505.25,505.25,505.25,0,17550,22.504856,19340.35,19850.0,19900,ATM+10,PUT,19400,2023-11-07
2023-11-07 11:53:00+05:30,505.25,505.25,504.05,504.05,50,17550,18.335549,19338.05,19850.0,19900,ATM+10,PUT,19400,2023-11-07
2023-11-07 11:54:00+05:30,504.05,504.05,504.05,504.05,0,17550,18.335549,19330.95,19850.0,19900,ATM+10,PUT,19400,2023-11-07
2023-11-07 11:55:00+05:30,504.05,504.05,504.05,504.05,50,17600,21.495481,19343.05,19850.0,19900,ATM+10,PUT,19400,2023-11-07
2023-11-07 11:56:00+05:30,504.05,504.05,504.05,504.05,0,17600,21.495481,19341.25,19850.0,19900,ATM+10,PUT,19400,2023-11-07
2023-11-07 11:57:00+05:30,504.05,504.05,504.05,504.05,0,17600,21.495481,19342.5,19850.0,19900,ATM+10,PUT,19400,2023-11-07
2023-11-07 11:58:00+05:30,504.05,504.05,504.05,504.05,0,17600,21.495481,19341.85,19850.0,19900,ATM+10,PUT,19400,2023-11-07
2023-11-07 11:59:00+05:30,504.05,504.05,504.05,504.05,0,17600,21.495481,19344.9,19850.0,19900,ATM+10,PUT,19400,2023-11-07
2023-11-07 12:00:00+05:30,504.05,504.05,504.05,504.05,0,17600,21.495481,19340.75,19850.0,19900,ATM+10,PUT,19400,2023-11-07
2023-11-07 12:01:00+05:30,504.05,504.05,504.05,504.05,0,17600,21.495481,19340.35,19850.0,19900,ATM+10,PUT,19400,2023-11-07
2023-11-07 12:02:00+05:30,504.05,504.05,504.05,504.05,0,17600,21.495481,19336.95,19850.0,19900,ATM+10,PUT,19400,2023-11-07
2023-11-07 12:03:00+05:30,504.05,506.0,504.05,506.0,50,17600,21.922985,19341.8,19850.0,19900,ATM+10,PUT,19400,2023-11-07
2023-11-07 12:04:00+05:30,506.0,506.0,506.0,506.0,0,17600,21.922985,19339.9,19850.0,19900,ATM+10,PUT,19400,2023-11-07
2023-11-07 12:05:00+05:30,506.0,506.0,506.0,506.0,0,17600,21.922985,19344.3,19850.0,19900,ATM+10,PUT,19400,2023-11-07
2023-11-07 12:06:00+05:30,506.0,506.0,506.0,506.0,0,17600,21.922985,19345.1,19850.0,19900,ATM+10,PUT,19400,2023-11-07
2023-11-07 12:07:00+05:30,499.35,499.35,499.35,499.35,50,17600,22.784479,19350.85,19850.0,19900,ATM+10,PUT,19400,2023-11-07
2023-11-07 12:08:00+05:30,499.35,499.35,494.85,494.85,100,17600,19.757173,19349.65,19850.0,19900,ATM+10,PUT,19400,2023-11-07
2023-11-07 12:09:00+05:30,494.85,494.85,494.85,494.85,0,17600,19.757173,19350.45,19850.0,19900,ATM+10,PUT,19400,2023-11-07
2023-11-07 12:10:00+05:30,496.5,496.5,496.5,496.5,50,17550,20.232825,19348.7,19850.0,19900,ATM+10,PUT,19400,2023-11-07
2023-11-07 12:11:00+05:30,496.5,496.5,496.5,496.5,0,17550,20.232825,19350.75,19850.0,19900,ATM+10,PUT,19400,2023-11-07
2023-11-07 12:12:00+05:30,496.5,496.5,496.5,496.5,0,17550,20.232825,19352.05,19850.0,19900,ATM+10,PUT,19400,2023-11-07
2023-11-07 12:13:00+05:30,496.5,496.5,496.5,496.5,0,17550,20.232825,19349.4,19850.0,19900,ATM+10,PUT,19400,2023-11-07
2023-11-07 12:14:00+05:30,496.5,496.5,496.5,496.5,0,17550,20.232825,19352.45,19850.0,19900,ATM+10,PUT,19400,2023-11-07
2023-11-07 12:15:00+05:30,496.5,496.5,496.5,496.5,400,17500,22.262327,19352.7,19850.0,19900,ATM+10,PUT,19400,2023-11-07
2023-11-07 12:16:00+05:30,496.5,496.5,496.5,496.5,400,17500,22.375291,19352.95,19850.0,19900,ATM+10,PUT,19400,2023-11-07
2023-11-07 12:17:00+05:30,496.5,496.5,496.5,496.5,0,17500,22.375291,19352.35,19850.0,19900,ATM+10,PUT,19400,2023-11-07
2023-11-07 12:18:00+05:30,496.5,496.5,496.5,496.5,0,17500,22.375291,19354.7,19850.0,19900,ATM+10,PUT,19400,2023-11-07
2023-11-07 12:19:00+05:30,496.5,496.5,496.5,496.5,0,17500,22.375291,19359.15,19850.0,19900,ATM+10,PUT,19400,2023-11-07
2023-11-07 12:20:00+05:30,496.5,496.5,484.7,484.7,100,17100,19.215696,19359.45,19850.0,19900,ATM+10,PUT,19400,2023-11-07
2023-11-07 12:21:00+05:30,484.7,484.7,484.7,484.7,0,17100,19.215696,19357.3,19850.0,19900,ATM+10,PUT,19400,2023-11-07
2023-11-07 12:22:00+05:30,484.7,484.7,484.7,484.7,0,17100,19.215696,19354.15,19850.0,19900,ATM+10,PUT,19400,2023-11-07
2023-11-07 12:23:00+05:30,484.7,484.7,484.7,484.7,0,17100,19.215696,19353.75,19850.0,19900,ATM+10,PUT,19400,2023-11-07
2023-11-07 12:24:00+05:30,484.7,484.7,484.7,484.7,0,17100,19.215696,19355.55,19850.0,19900,ATM+10,PUT,19400,2023-11-07
2023-11-07 12:25:00+05:30,484.7,484.7,484.7,484.7,0,17100,19.215696,19356.25,19850.0,19900,ATM+10,PUT,19400,2023-11-07
2023-11-07 12:26:00+05:30,484.7,484.7,484.7,484.7,0,17100,19.215696,19356.7,19850.0,19900,ATM+10,PUT,19400,2023-11-07
2023-11-07 12:27:00+05:30,484.7,484.7,484.7,484.7,0,17100,19.215696,19354.9,19850.0,19900,ATM+10,PUT,19400,2023-11-07
2023-11-07 12:28:00+05:30,484.7,484.7,484.7,484.7,0,17100,19.215696,19353.85,19850.0,19900,ATM+10,PUT,19400,2023-11-07
2023-11-07 12:29:00+05:30,484.7,497.5,484.7,497.5,50,17100,23.058299,19353.4,19850.0,19900,ATM+10,PUT,19400,2023-11-07
2023-11-07 12:30:00+05:30,497.5,497.5,496.95,496.95,50,17050,22.702898,19353.15,19850.0,19900,ATM+10,PUT,19400,2023-11-07
2023-11-07 12:31:00+05:30,496.95,498.35,496.95,498.35,200,17050,22.515613,19351.2,19850.0,19900,ATM+10,PUT,19400,2023-11-07
2023-11-07 12:32:00+05:30,498.3,498.3,498.3,498.3,50,17050,24.394451,19355.95,19850.0,19900,ATM+10,PUT,19400,2023-11-07
2023-11-07 12:33:00+05:30,498.3,498.3,498.3,498.3,0,17050,24.394451,19357.55,19850.0,19900,ATM+10,PUT,19400,2023-11-07
2023-11-07 12:34:00+05:30,498.3,498.3,474.4,474.4,550,17250,14.463058,19365.15,19850.0,19900,ATM+10,PUT,19400,2023-11-07
2023-11-07 12:35:00+05:30,473.55,473.55,473.55,473.55,50,17250,15.991675,19367.1,19850.0,19900,ATM+10,PUT,19400,2023-11-07
2023-11-07 12:36:00+05:30,473.55,473.55,473.55,473.55,0,17250,15.991675,19363.8,19850.0,19900,ATM+10,PUT,19400,2023-11-07
2023-11-07 12:37:00+05:30,473.55,473.55,473.55,473.55,0,17250,15.991675,19367.95,19850.0,19900,ATM+10,PUT,19400,2023-11-07
2023-11-07 12:38:00+05:30,473.55,473.55,473.55,473.55,0,17250,15.991675,19367.75,19850.0,19900,ATM+10,PUT,19400,2023-11-07
2023-11-07 12:39:00+05:30,473.55,481.15,473.55,481.15,50,16850,20.645544,19365.7,19850.0,19900,ATM+10,PUT,19400,2023-11-07
2023-11-07 12:40:00+05:30,481.15,483.1,481.15,483.1,50,16850,21.280234,19364.9,19850.0,19900,ATM+10,PUT,19400,2023-11-07
2023-11-07 12:41:00+05:30,483.1,487.6,483.1,486.55,100,16850,23.318816,19365.95,19850.0,19900,ATM+10,PUT,19400,2023-11-07
2023-11-07 12:42:00+05:30,486.55,486.55,485.55,485.55,50,16850,22.314356,19364.55,19850.0,19900,ATM+10,PUT,19400,2023-11-07
2023-11-07 12:43:00+05:30,485.55,485.55,485.55,485.55,0,16850,22.314356,19364.25,19850.0,19900,ATM+10,PUT,19400,2023-11-07
2023-11-07 12:44:00+05:30,487.55,487.7,485.55,487.7,250,16850,22.834457,19363.45,19850.0,19900,ATM+10,PUT,19400,2023-11-07
2023-11-07 12:45:00+05:30,487.7,487.7,484.25,484.25,50,17000,22.101311,19365.45,19850.0,19900,ATM+10,PUT,19400,2023-11-07
2023-11-07 12:46:00+05:30,484.25,484.25,484.25,484.25,0,17000,22.101311,19365.65,19850.0,19900,ATM+10,PUT,19400,2023-11-07
2023-11-07 12:47:00+05:30,484.25,484.25,484.25,484.25,0,17000,22.101311,19368.85,19850.0,19900,ATM+10,PUT,19400,2023-11-07
2023-11-07 12:48:00+05:30,480.7,480.9,480.7,480.9,100,17000,23.142663,19371.65,19850.0,19900,ATM+10,PUT,19400,2023-11-07
2023-11-07 12:49:00+05:30,480.9,480.9,480.9,480.9,0,17000,23.142663,19371.85,19850.0,19900,ATM+10,PUT,19400,2023-11-07
2023-11-07 12:50:00+05:30,480.3,480.3,480.3,480.3,50,17000,21.501263,19368.35,19850.0,19900,ATM+10,PUT,19400,2023-11-07
2023-11-07 12:51:00+05:30,480.3,480.3,480.3,480.3,0,17000,21.501263,19369.8,19850.0,19900,ATM+10,PUT,19400,2023-11-07
2023-11-07 12:52:00+05:30,480.3,480.3,478.7,478.7,50,16850,21.673127,19370.45,19850.0,19900,ATM+10,PUT,19400,2023-11-07
2023-11-07 12:53:00+05:30,478.7,478.7,478.7,478.7,0,16850,21.673127,19368.1,19850.0,19900,ATM+10,PUT,19400,2023-11-07
2023-11-07 12:54:00+05:30,478.7,486.85,478.7,486.85,50,16800,22.886262,19364.45,19850.0,19900,ATM+10,PUT,19400,2023-11-07
2023-11-07 12:55:00+05:30,487.55,487.55,487.55,487.55,50,16800,22.21874,19362.1,19850.0,19900,ATM+10,PUT,19400,2023-11-07
2023-11-07 12:56:00+05:30,487.55,487.55,487.55,487.55,0,16800,22.21874,19362.25,19850.0,19900,ATM+10,PUT,19400,2023-11-07
2023-11-07 12:57:00+05:30,487.55,487.55,487.55,487.55,0,16800,22.21874,19364.0,19850.0,19900,ATM+10,PUT,19400,2023-11-07
2023-11-07 12:58:00+05:30,487.55,487.55,487.55,487.55,0,16800,22.21874,19366.1,19850.0,19900,ATM+10,PUT,19400,2023-11-07
2023-11-07 12:59:00+05:30,487.55,487.55,483.35,483.35,50,16850,22.311836,19366.85,19850.0,19900,ATM+10,PUT,19400,2023-11-07
2023-11-07 13:00:00+05:30,483.35,483.35,483.35,483.35,0,16850,22.311836,19367.65,19850.0,19900,ATM+10,PUT,19400,2023-11-07
2023-11-07 13:01:00+05:30,483.35,483.35,483.35,483.35,0,16850,22.311836,19369.55,19850.0,19900,ATM+10,PUT,19400,2023-11-07
2023-11-07 13:02:00+05:30,483.35,483.35,483.35,483.35,0,16850,22.311836,19368.75,19850.0,19900,ATM+10,PUT,19400,2023-11-07
2023-11-07 13:03:00+05:30,483.35,483.35,481.15,481.15,50,16800,22.815848,19370.45,19850.0,19900,ATM+10,PUT,19400,2023-11-07
2023-11-07 13:04:00+05:30,479.95,480.4,479.95,480.4,150,16800,22.298993,19370.0,19850.0,19900,ATM+10,PUT,19400,2023-11-07
2023-11-07 13:05:00+05:30,480.1,480.1,480.1,480.1,50,16800,21.837133,19369.25,19850.0,19900,ATM+10,PUT,19400,2023-11-07
2023-11-07 13:06:00+05:30,480.1,480.1,480.1,480.1,0,16800,21.837133,19371.6,19850.0,19900,ATM+10,PUT,19400,2023-11-07
2023-11-07 13:07:00+05:30,480.1,480.1,480.1,480.1,0,16800,21.837133,19369.1,19850.0,19900,ATM+10,PUT,19400,2023-11-07
2023-11-07 13:08:00+05:30,480.1,480.1,480.1,480.1,0,16800,21.837133,19368.05,19850.0,19900,ATM+10,PUT,19400,2023-11-07
2023-11-07 13:09:00+05:30,480.1,480.1,480.1,480.1,0,16800,21.837133,19367.5,19850.0,19900,ATM+10,PUT,19400,2023-11-07
2023-11-07 13:10:00+05:30,485.6,485.6,485.6,485.6,50,16700,22.875865,19365.7,19850.0,19900,ATM+10,PUT,19400,2023-11-07
2023-11-07 13:11:00+05:30,485.6,485.6,485.6,485.6,0,16700,22.875865,19368.85,19850.0,19900,ATM+10,PUT,19400,2023-11-07
2023-11-07 13:12:00+05:30,485.6,485.6,485.6,485.6,0,16700,22.875865,19363.5,19850.0,19900,ATM+10,PUT,19400,2023-11-07
2023-11-07 13:13:00+05:30,485.6,491.25,485.6,491.25,150,16700,24.414388,19363.5,19850.0,19900,ATM+10,PUT,19400,2023-11-07
2023-11-07 13:14:00+05:30,491.25,491.25,491.25,491.25,0,16700,24.414388,19366.8,19850.0,19900,ATM+10,PUT,19400,2023-11-07
2023-11-07 13:15:00+05:30,491.25,491.25,491.25,491.25,0,16700,24.414388,19366.3,19850.0,19900,ATM+10,PUT,19400,2023-11-07
2023-11-07 13:16:00+05:30,491.25,491.25,491.25,491.25,0,16700,24.414388,19367.25,19850.0,19900,ATM+10,PUT,19400,2023-11-07
2023-11-07 13:17:00+05:30,491.25,491.25,486.2,486.2,50,16750,23.215263,19365.85,19850.0,19900,ATM+10,PUT,19400,2023-11-07
2023-11-07 13:18:00+05:30,486.2,492.25,486.2,492.25,150,16700,24.302708,19362.05,19850.0,19900,ATM+10,PUT,19400,2023-11-07
2023-11-07 13:19:00+05:30,492.25,492.25,492.25,492.25,0,16700,24.302708,19362.15,19850.0,19900,ATM+10,PUT,19400,2023-11-07
2023-11-07 13:20:00+05:30,492.25,492.25,492.25,492.25,0,16700,24.302708,19359.95,19850.0,19900,ATM+10,PUT,19400,2023-11-07
2023-11-07 13:21:00+05:30,492.25,492.25,492.25,492.25,0,16700,24.302708,19357.65,19850.0,19900,ATM+10,PUT,19400,2023-11-07
2023-11-07 13:22:00+05:30,495.55,495.55,495.55,495.55,50,16850,24.872775,19359.95,19850.0,19900,ATM+10,PUT,19400,2023-11-07
2023-11-07 13:23:00+05:30,495.55,495.55,495.55,495.55,0,16850,24.872775,19361.65,19850.0,19900,ATM+10,PUT,19400,2023-11-07
2023-11-07 13:24:00+05:30,486.2,486.75,486.2,486.75,200,16850,21.43595,19361.15,19850.0,19900,ATM+10,PUT,19400,2023-11-07
2023-11-07 13:25:00+05:30,486.75,490.25,486.75,490.25,150,16700,24.244554,19364.05,19850.0,19900,ATM+10,PUT,19400,2023-11-07
2023-11-07 13:26:00+05:30,490.25,490.25,490.25,490.25,0,16700,24.244554,19363.55,19850.0,19900,ATM+10,PUT,19400,2023-11-07
2023-11-07 13:27:00+05:30,490.25,490.25,490.25,490.25,0,16700,24.244554,19358.65,19850.0,19900,ATM+10,PUT,19400,2023-11-07
2023-11-07 13:28:00+05:30,490.25,490.25,489.25,489.25,50,16650,21.024875,19357.65,19850.0,19900,ATM+10,PUT,19400,2023-11-07
2023-11-07 13:29:00+05:30,489.25,490.0,489.25,490.0,50,16650,20.190716,19355.35,19850.0,19900,ATM+10,PUT,19400,2023-11-07
2023-11-07 13:30:00+05:30,490.0,490.0,490.0,490.0,0,16650,20.190716,19356.3,19850.0,19900,ATM+10,PUT,19400,2023-11-07
2023-11-07 13:31:00+05:30,490.0,490.0,490.0,490.0,0,16650,20.190716,19354.8,19850.0,19900,ATM+10,PUT,19400,2023-11-07
2023-11-07 13:32:00+05:30,490.0,490.0,490.0,490.0,0,16650,20.190716,19361.65,19850.0,19900,ATM+10,PUT,19400,2023-11-07
2023-11-07 13:33:00+05:30,490.0,490.0,490.0,490.0,0,16650,20.190716,19364.5,19850.0,19900,ATM+10,PUT,19400,2023-11-07
2023-11-07 13:34:00+05:30,490.0,490.0,473.7,474.6,200,16550,19.734891,19370.85,19850.0,19900,ATM+10,PUT,19400,2023-11-07
2023-11-07 13:35:00+05:30,471.3,475.9,471.3,475.9,100,16550,21.309068,19372.5,19850.0,19900,ATM+10,PUT,19400,2023-11-07
2023-11-07 13:36:00+05:30,475.9,478.5,472.75,478.5,1050,16300,21.497424,19370.1,19850.0,19900,ATM+10,PUT,19400,2023-11-07
2023-11-07 13:37:00+05:30,478.5,479.7,478.5,479.7,50,16300,21.25736,19368.3,19850.0,19900,ATM+10,PUT,19400,2023-11-07
2023-11-07 13:38:00+05:30,479.7,479.7,479.7,479.7,0,16300,21.25736,19368.35,19850.0,19900,ATM+10,PUT,19400,2023-11-07
2023-11-07 13:39:00+05:30,479.7,479.7,479.7,479.7,0,16300,21.25736,19368.9,19850.0,19900,ATM+10,PUT,19400,2023-11-07
2023-11-07 13:40:00+05:30,479.7,479.7,479.7,479.7,0,16300,21.25736,19373.05,19850.0,19900,ATM+10,PUT,19400,2023-11-07
2023-11-07 13:41:00+05:30,479.7,479.7,479.7,479.7,0,16300,21.25736,19373.9,19850.0,19900,ATM+10,PUT,19400,2023-11-07
2023-11-07 13:42:00+05:30,479.7,479.7,479.7,479.7,0,16300,21.25736,19374.75,19850.0,19900,ATM+10,PUT,19400,2023-11-07
2023-11-07 13:43:00+05:30,479.7,479.7,479.7,479.7,0,16300,21.25736,19374.35,19850.0,19900,ATM+10,PUT,19400,2023-11-07
2023-11-07 13:44:00+05:30,479.7,479.7,479.7,479.7,0,16300,21.25736,19372.95,19850.0,19900,ATM+10,PUT,19400,2023-11-07
2023-11-07 13:45:00+05:30,479.7,479.7,469.7,469.7,100,16200,17.289937,19372.45,19850.0,19900,ATM+10,PUT,19400,2023-11-07
2023-11-07 13:46:00+05:30,469.7,473.25,469.7,473.25,50,16200,17.935583,19369.55,19850.0,19900,ATM+10,PUT,19400,2023-11-07
2023-11-07 13:47:00+05:30,473.25,473.25,473.25,473.25,0,16200,17.935583,19372.45,19850.0,19900,ATM+10,PUT,19400,2023-11-07
2023-11-07 13:48:00+05:30,473.25,473.25,473.25,473.25,0,16200,17.935583,19373.1,19850.0,19900,ATM+10,PUT,19400,2023-11-07
2023-11-07 13:49:00+05:30,473.25,473.25,473.25,473.25,0,16200,17.935583,19373.55,19850.0,19900,ATM+10,PUT,19400,2023-11-07
2023-11-07 13:50:00+05:30,525.45,525.45,515.0,515.0,150,76550,18.929281,19377.45,19900.0,19900,ATM+10,PUT,19400,2023-11-07
2023-11-07 13:51:00+05:30,515.0,515.0,508.3,508.3,50,76450,19.987273,19385.8,19900.0,19900,ATM+10,PUT,19400,2023-11-07
2023-11-07 13:52:00+05:30,508.3,508.3,500.3,500.3,50,76450,0.0,19387.8,19900.0,19900,ATM+10,PUT,19400,2023-11-07
2023-11-07 13:53:00+05:30,500.3,503.25,500.3,503.25,50,76450,20.74854,19392.3,19900.0,19900,ATM+10,PUT,19400,2023-11-07
2023-11-07 13:54:00+05:30,503.25,503.75,500.1,500.1,350,76450,20.613869,19395.4,19900.0,19900,ATM+10,PUT,19400,2023-11-07
2023-11-07 13:55:00+05:30,500.1,500.1,494.65,494.65,100,76450,15.114257,19395.15,19900.0,19900,ATM+10,PUT,19400,2023-11-07
2023-11-07 13:56:00+05:30,494.65,494.65,490.0,490.0,50,76450,15.345719,19400.0,19900.0,19900,ATM+10,PUT,19400,2023-11-07
2023-11-07 13:57:00+05:30,490.0,491.35,490.0,491.35,50,76400,0.0,19396.85,19900.0,19900,ATM+10,PUT,19400,2023-11-07
2023-11-07 13:58:00+05:30,491.35,491.35,491.35,491.35,0,76400,0.0,19397.4,19900.0,19900,ATM+10,PUT,19400,2023-11-07
2023-11-07 13:59:00+05:30,491.35,491.35,491.35,491.35,0,76400,0.0,19393.8,19900.0,19900,ATM+10,PUT,19400,2023-11-07
2023-11-07 14:00:00+05:30,491.35,491.35,491.35,491.35,0,76400,0.0,19395.7,19900.0,19900,ATM+10,PUT,19400,2023-11-07
2023-11-07 14:01:00+05:30,491.35,491.35,491.35,491.35,0,76400,0.0,19398.9,19900.0,19900,ATM+10,PUT,19400,2023-11-07
2023-11-07 14:02:00+05:30,491.35,493.0,491.35,493.0,100,76400,14.119294,19396.4,19900.0,19900,ATM+10,PUT,19400,2023-11-07
2023-11-07 14:03:00+05:30,493.0,493.0,484.95,484.95,200,76400,0.0,19400.5,19900.0,19900,ATM+10,PUT,19400,2023-11-07
2023-11-07 14:04:00+05:30,484.95,484.95,480.0,480.0,100,76400,0.0,19405.25,19900.0,19900,ATM+10,PUT,19400,2023-11-07
2023-11-07 14:05:00+05:30,480.0,480.0,480.0,480.0,0,76400,0.0,19405.9,19900.0,19900,ATM+10,PUT,19400,2023-11-07
2023-11-07 14:06:00+05:30,480.0,480.0,480.0,480.0,0,76400,0.0,19404.75,19900.0,19900,ATM+10,PUT,19400,2023-11-07
2023-11-07 14:07:00+05:30,480.0,480.0,480.0,480.0,0,76400,0.0,19405.6,19900.0,19900,ATM+10,PUT,19400,2023-11-07
2023-11-07 14:08:00+05:30,480.0,480.0,480.0,480.0,0,76400,0.0,19401.7,19900.0,19900,ATM+10,PUT,19400,2023-11-07
2023-11-07 14:09:00+05:30,480.0,495.45,480.0,495.45,200,76350,18.929176,19397.75,19900.0,19900,ATM+10,PUT,19400,2023-11-07
2023-11-07 14:10:00+05:30,495.45,495.45,491.4,491.4,50,76350,0.0,19396.5,19900.0,19900,ATM+10,PUT,19400,2023-11-07
2023-11-07 14:11:00+05:30,491.4,491.4,491.4,491.4,0,76350,0.0,19396.45,19900.0,19900,ATM+10,PUT,19400,2023-11-07
2023-11-07 14:12:00+05:30,491.4,491.4,485.35,485.35,50,76350,0.0,19400.8,19900.0,19900,ATM+10,PUT,19400,2023-11-07
2023-11-07 14:13:00+05:30,485.35,485.45,485.35,485.45,50,76350,0.0,19399.3,19900.0,19900,ATM+10,PUT,19400,2023-11-07
2023-11-07 14:14:00+05:30,485.45,485.45,485.45,485.45,0,76350,0.0,19401.15,19900.0,19900,ATM+10,PUT,19400,2023-11-07
2023-11-07 14:15:00+05:30,485.45,485.45,485.45,485.45,250,76350,0.0,19400.45,19900.0,19900,ATM+10,PUT,19400,2023-11-07
2023-11-07 14:16:00+05:30,485.45,489.35,485.45,487.95,100,76350,16.457063,19402.9,19900.0,19900,ATM+10,PUT,19400,2023-11-07
2023-11-07 14:17:00+05:30,487.95,487.95,487.95,487.95,0,76350,16.457063,19402.2,19900.0,19900,ATM+10,PUT,19400,2023-11-07
2023-11-07 14:18:00+05:30,487.95,487.95,487.95,487.95,0,76350,16.457063,19398.6,19900.0,19900,ATM+10,PUT,19400,2023-11-07
2023-11-07 14:19:00+05:30,487.95,487.95,487.95,487.95,0,76350,16.457063,19400.55,19900.0,19900,ATM+10,PUT,19400,2023-11-07
2023-11-07 14:20:00+05:30,487.95,487.95,480.75,480.75,50,76350,0.0,19399.05,19900.0,19900,ATM+10,PUT,19400,2023-11-07
2023-11-07 14:21:00+05:30,480.75,480.75,480.75,480.75,0,76350,0.0,19400.05,19900.0,19900,ATM+10,PUT,19400,2023-11-07
2023-11-07 14:22:00+05:30,480.75,480.75,480.75,480.75,0,76350,0.0,19397.75,19900.0,19900,ATM+10,PUT,19400,2023-11-07
2023-11-07 14:23:00+05:30,480.75,490.0,480.75,490.0,100,76350,0.0,19393.75,19900.0,19900,ATM+10,PUT,19400,2023-11-07
2023-11-07 14:24:00+05:30,490.0,493.75,490.0,493.75,50,76350,0.0,19390.0,19900.0,19900,ATM+10,PUT,19400,2023-11-07
2023-11-07 14:25:00+05:30,492.45,492.45,492.45,492.45,50,76350,0.0,19389.3,19900.0,19900,ATM+10,PUT,19400,2023-11-07
2023-11-07 14:26:00+05:30,492.45,492.45,489.1,489.1,1500,76350,0.0,19392.0,19900.0,19900,ATM+10,PUT,19400,2023-11-07
2023-11-07 14:27:00+05:30,489.1,489.1,485.45,489.1,300,76400,0.0,19391.75,19900.0,19900,ATM+10,PUT,19400,2023-11-07
2023-11-07 14:28:00+05:30,489.1,489.1,489.1,489.1,0,76400,0.0,19386.1,19900.0,19900,ATM+10,PUT,19400,2023-11-07
2023-11-07 14:29:00+05:30,489.1,489.1,489.1,489.1,0,76400,0.0,19388.45,19900.0,19900,ATM+10,PUT,19400,2023-11-07
2023-11-07 14:30:00+05:30,489.1,489.1,489.1,489.1,0,76400,0.0,19393.05,19900.0,19900,ATM+10,PUT,19400,2023-11-07
2023-11-07 14:31:00+05:30,489.1,489.1,489.1,489.1,0,76400,0.0,19395.0,19900.0,19900,ATM+10,PUT,19400,2023-11-07
2023-11-07 14:32:00+05:30,489.1,489.1,489.1,489.1,0,76400,0.0,19389.95,19900.0,19900,ATM+10,PUT,19400,2023-11-07
2023-11-07 14:33:00+05:30,489.1,489.1,488.25,488.25,50,76350,0.0,19391.4,19900.0,19900,ATM+10,PUT,19400,2023-11-07
2023-11-07 14:34:00+05:30,488.25,488.25,488.25,488.25,0,76350,0.0,19388.65,19900.0,19900,ATM+10,PUT,19400,2023-11-07
2023-11-07 14:35:00+05:30,488.25,488.25,488.25,488.25,0,76350,0.0,19391.25,19900.0,19900,ATM+10,PUT,19400,2023-11-07
2023-11-07 14:36:00+05:30,488.25,488.25,488.25,488.25,0,76350,0.0,19389.35,19900.0,19900,ATM+10,PUT,19400,2023-11-07
2023-11-07 14:37:00+05:30,488.25,488.25,488.25,488.25,0,76350,0.0,19387.2,19900.0,19900,ATM+10,PUT,19400,2023-11-07
2023-11-07 14:38:00+05:30,488.25,488.25,488.25,488.25,0,76350,0.0,19380.9,19900.0,19900,ATM+10,PUT,19400,2023-11-07
2023-11-07 14:39:00+05:30,488.25,497.05,488.25,497.05,50,76400,0.0,19381.3,19900.0,19900,ATM+10,PUT,19400,2023-11-07
2023-11-07 14:40:00+05:30,497.05,497.05,493.0,493.0,50,76400,0.0,19384.3,19900.0,19900,ATM+10,PUT,19400,2023-11-07
2023-11-07 14:41:00+05:30,493.0,493.0,493.0,493.0,0,76400,0.0,19381.5,19900.0,19900,ATM+10,PUT,19400,2023-11-07
2023-11-07 14:42:00+05:30,493.0,493.0,493.0,493.0,0,76400,0.0,19381.85,19900.0,19900,ATM+10,PUT,19400,2023-11-07
2023-11-07 14:43:00+05:30,493.0,493.0,493.0,493.0,0,76400,0.0,19385.4,19900.0,19900,ATM+10,PUT,19400,2023-11-07
2023-11-07 14:44:00+05:30,493.0,494.75,493.0,494.75,50,76400,0.0,19382.95,19900.0,19900,ATM+10,PUT,19400,2023-11-07
2023-11-07 14:45:00+05:30,494.75,494.75,494.75,494.75,0,76400,0.0,19383.65,19900.0,19900,ATM+10,PUT,19400,2023-11-07
2023-11-07 14:46:00+05:30,494.75,494.75,494.75,494.75,0,76400,0.0,19387.45,19900.0,19900,ATM+10,PUT,19400,2023-11-07
2023-11-07 14:47:00+05:30,494.75,494.75,494.75,494.75,0,76400,0.0,19384.1,19900.0,19900,ATM+10,PUT,19400,2023-11-07
2023-11-07 14:48:00+05:30,494.75,494.75,494.75,494.75,0,76400,0.0,19388.35,19900.0,19900,ATM+10,PUT,19400,2023-11-07
2023-11-07 14:49:00+05:30,494.75,494.75,485.95,485.95,100,76350,0.0,19390.7,19900.0,19900,ATM+10,PUT,19400,2023-11-07
2023-11-07 14:50:00+05:30,485.95,488.75,485.95,488.75,650,76350,0.0,19391.25,19900.0,19900,ATM+10,PUT,19400,2023-11-07
2023-11-07 14:51:00+05:30,488.75,488.75,488.75,488.75,0,76350,0.0,19396.5,19900.0,19900,ATM+10,PUT,19400,2023-11-07
2023-11-07 14:52:00+05:30,488.75,488.75,488.75,488.75,0,76350,0.0,19400.05,19900.0,19900,ATM+10,PUT,19400,2023-11-07
2023-11-07 14:53:00+05:30,488.75,488.75,483.75,485.6,1600,75900,0.0,19399.35,19900.0,19900,ATM+10,PUT,19400,2023-11-07
2023-11-07 14:54:00+05:30,485.6,485.6,484.7,484.7,500,75850,0.0,19395.6,19900.0,19900,ATM+10,PUT,19400,2023-11-07
2023-11-07 14:55:00+05:30,484.7,484.7,484.7,484.7,0,75850,0.0,19397.6,19900.0,19900,ATM+10,PUT,19400,2023-11-07
2023-11-07 14:56:00+05:30,484.7,484.7,483.5,483.5,200,75850,0.0,19398.85,19900.0,19900,ATM+10,PUT,19400,2023-11-07
2023-11-07 14:57:00+05:30,483.5,483.5,483.5,483.5,0,75850,0.0,19400.15,19900.0,19900,ATM+10,PUT,19400,2023-11-07
2023-11-07 14:58:00+05:30,483.5,483.5,483.5,483.5,0,75850,0.0,19401.15,19900.0,19900,ATM+10,PUT,19400,2023-11-07
2023-11-07 14:59:00+05:30,483.5,483.5,483.5,483.5,0,75850,0.0,19399.05,19900.0,19900,ATM+10,PUT,19400,2023-11-07
2023-11-07 15:00:00+05:30,483.5,483.5,482.6,482.6,50,76050,0.0,19405.95,19900.0,19900,ATM+10,PUT,19400,2023-11-07
2023-11-07 15:01:00+05:30,482.6,482.6,482.6,482.6,0,76050,0.0,19401.25,19900.0,19900,ATM+10,PUT,19400,2023-11-07
2023-11-07 15:02:00+05:30,482.6,482.6,482.6,482.6,50,76050,0.0,19402.0,19900.0,19900,ATM+10,PUT,19400,2023-11-07
2023-11-07 15:03:00+05:30,482.6,483.0,482.6,483.0,100,76050,0.0,19403.8,19900.0,19900,ATM+10,PUT,19400,2023-11-07
2023-11-07 15:04:00+05:30,483.0,483.0,483.0,483.0,50,76050,0.0,19405.0,19900.0,19900,ATM+10,PUT,19400,2023-11-07
2023-11-07 15:05:00+05:30,483.0,483.0,483.0,483.0,0,76050,0.0,19409.35,19900.0,19900,ATM+10,PUT,19400,2023-11-07
2023-11-07 15:06:00+05:30,483.0,483.0,483.0,483.0,0,76050,0.0,19409.85,19900.0,19900,ATM+10,PUT,19400,2023-11-07
2023-11-07 15:07:00+05:30,483.0,490.05,483.0,490.05,350,76150,18.651132,19403.0,19900.0,19900,ATM+10,PUT,19400,2023-11-07
2023-11-07 15:08:00+05:30,488.35,488.35,488.35,488.35,50,76150,0.0,19399.55,19900.0,19900,ATM+10,PUT,19400,2023-11-07
2023-11-07 15:09:00+05:30,488.35,488.35,488.35,488.35,0,76150,0.0,19397.85,19900.0,19900,ATM+10,PUT,19400,2023-11-07
2023-11-07 15:10:00+05:30,488.35,488.35,488.35,488.35,0,76150,0.0,19398.35,19900.0,19900,ATM+10,PUT,19400,2023-11-07
2023-11-07 15:11:00+05:30,488.35,488.35,488.35,488.35,0,76150,0.0,19398.05,19900.0,19900,ATM+10,PUT,19400,2023-11-07
2023-11-07 15:12:00+05:30,488.35,495.55,488.35,495.55,50,76200,19.298679,19398.1,19900.0,19900,ATM+10,PUT,19400,2023-11-07
2023-11-07 15:13:00+05:30,495.55,500.0,495.55,500.0,250,76200,19.881803,19394.25,19900.0,19900,ATM+10,PUT,19400,2023-11-07
2023-11-07 15:14:00+05:30,500.0,500.0,494.9,494.9,50,76200,18.723619,19398.05,19900.0,19900,ATM+10,PUT,19400,2023-11-07
2023-11-07 15:15:00+05:30,494.85,495.85,493.05,493.05,250,76100,19.066339,19400.4,19900.0,19900,ATM+10,PUT,19400,2023-11-07
2023-11-07 15:16:00+05:30,493.05,493.05,493.05,493.05,0,76100,19.066339,19402.6,19900.0,19900,ATM+10,PUT,19400,2023-11-07
2023-11-07 15:17:00+05:30,493.05,493.05,485.55,485.55,3800,76100,18.172829,19407.1,19900.0,19900,ATM+10,PUT,19400,2023-11-07
2023-11-07 15:18:00+05:30,485.55,485.55,485.55,485.55,0,76100,18.172829,19409.1,19900.0,19900,ATM+10,PUT,19400,2023-11-07
2023-11-07 15:19:00+05:30,485.55,485.55,483.6,483.6,50,79900,19.907722,19411.5,19900.0,19900,ATM+10,PUT,19400,2023-11-07
2023-11-07 15:20:00+05:30,483.6,483.6,480.0,480.0,250,79900,18.250624,19412.95,19900.0,19900,ATM+10,PUT,19400,2023-11-07
2023-11-07 15:21:00+05:30,480.0,481.0,480.0,480.05,250,79900,20.334512,19415.95,19900.0,19900,ATM+10,PUT,19400,2023-11-07
2023-11-07 15:22:00+05:30,480.05,482.0,480.05,482.0,4500,79950,21.096868,19415.25,19900.0,19900,ATM+10,PUT,19400,2023-11-07
2023-11-07 15:23:00+05:30,482.0,482.0,481.25,481.25,50,79950,21.509224,19416.85,19900.0,19900,ATM+10,PUT,19400,2023-11-07
2023-11-07 15:24:00+05:30,481.25,481.25,481.25,481.25,0,79950,21.509224,19417.75,19900.0,19900,ATM+10,PUT,19400,2023-11-07
2023-11-07 15:25:00+05:30,481.25,481.25,481.25,481.25,0,79950,21.509224,19416.9,19900.0,19900,ATM+10,PUT,19400,2023-11-07
2023-11-07 15:26:00+05:30,481.25,483.75,481.25,483.75,50,77100,23.530261,19418.65,19900.0,19900,ATM+10,PUT,19400,2023-11-07
2023-11-07 15:27:00+05:30,483.75,483.75,481.75,481.75,550,77150,21.732532,19416.75,19900.0,19900,ATM+10,PUT,19400,2023-11-07
2023-11-07 15:28:00+05:30,482.5,484.0,482.5,484.0,600,77150,20.301783,19411.7,19900.0,19900,ATM+10,PUT,19400,2023-11-07
2023-11-07 15:29:00+05:30,484.0,485.2,483.55,485.2,200,77150,23.59317,19417.2,19900.0,19900,ATM+10,PUT,19400,2023-11-07
2023-11-07 09:15:00+05:30,402.0,422.45,402.0,415.2,1850,66550,0.0,19369.7,19800.0,19850,ATM+9,PUT,19400,2023-11-07
2023-11-07 09:16:00+05:30,415.2,425.0,415.2,424.55,1250,66550,0.0,19354.55,19800.0,19850,ATM+9,PUT,19400,2023-11-07
2023-11-07 09:17:00+05:30,424.55,428.7,421.8,422.75,1300,65650,0.0,19357.9,19800.0,19850,ATM+9,PUT,19400,2023-11-07
2023-11-07 09:18:00+05:30,422.75,422.75,420.0,420.0,850,65650,0.0,19362.85,19800.0,19850,ATM+9,PUT,19400,2023-11-07
2023-11-07 09:19:00+05:30,420.0,422.05,418.5,418.5,250,65650,0.0,19364.7,19800.0,19850,ATM+9,PUT,19400,2023-11-07
2023-11-07 09:20:00+05:30,418.5,418.5,407.8,407.8,400,66600,0.0,19373.9,19800.0,19850,ATM+9,PUT,19400,2023-11-07
2023-11-07 09:21:00+05:30,407.1,415.45,405.35,415.45,700,66600,0.0,19370.6,19800.0,19850,ATM+9,PUT,19400,2023-11-07
2023-11-07 09:22:00+05:30,415.45,415.45,415.45,415.45,0,66600,0.0,19375.3,19850.0,19850,ATM+9,PUT,19400,2023-11-07
2023-11-07 09:23:00+05:30,456.45,462.2,456.45,462.2,400,15400,17.34702,19380.3,19850.0,19850,ATM+9,PUT,19400,2023-11-07
2023-11-07 09:24:00+05:30,462.2,462.2,455.35,455.35,100,14750,0.0,19382.1,19850.0,19850,ATM+9,PUT,19400,2023-11-07
2023-11-07 09:25:00+05:30,455.35,455.35,455.35,455.35,0,14750,0.0,19381.35,19850.0,19850,ATM+9,PUT,19400,2023-11-07
2023-11-07 09:26:00+05:30,404.3,411.5,404.3,409.0,700,67150,0.0,19374.4,19800.0,19850,ATM+9,PUT,19400,2023-11-07
2023-11-07 09:27:00+05:30,409.0,409.0,409.0,409.0,0,67150,0.0,19375.9,19850.0,19850,ATM+9,PUT,19400,2023-11-07
2023-11-07 09:28:00+05:30,409.1,410.05,407.4,410.05,450,67150,0.0,19373.15,19800.0,19850,ATM+9,PUT,19400,2023-11-07
2023-11-07 09:29:00+05:30,410.05,410.05,410.05,410.05,0,67150,0.0,19370.25,19800.0,19850,ATM+9,PUT,19400,2023-11-07
2023-11-07 09:30:00+05:30,410.05,413.45,410.05,413.45,200,66700,0.0,19368.15,19800.0,19850,ATM+9,PUT,19400,2023-11-07
2023-11-07 09:31:00+05:30,413.45,417.0,413.45,415.0,2950,66700,0.0,19371.35,19800.0,19850,ATM+9,PUT,19400,2023-11-07
2023-11-07 09:32:00+05:30,415.0,415.0,410.5,410.5,550,66700,0.0,19372.6,19800.0,19850,ATM+9,PUT,19400,2023-11-07
2023-11-07 09:33:00+05:30,410.5,410.5,410.5,410.5,0,66700,0.0,19372.55,19800.0,19850,ATM+9,PUT,19400,2023-11-07
2023-11-07 09:34:00+05:30,410.5,410.5,410.5,410.5,0,66700,0.0,19367.05,19800.0,19850,ATM+9,PUT,19400,2023-11-07
2023-11-07 09:35:00+05:30,410.5,418.0,410.5,418.0,950,68900,0.0,19366.2,19800.0,19850,ATM+9,PUT,19400,2023-11-07
2023-11-07 09:36:00+05:30,418.0,418.0,411.9,411.9,200,68900,0.0,19366.7,19800.0,19850,ATM+9,PUT,19400,2023-11-07
2023-11-07 09:37:00+05:30,411.9,411.9,410.35,410.35,100,68900,0.0,19368.55,19800.0,19850,ATM+9,PUT,19400,2023-11-07
2023-11-07 09:38:00+05:30,410.35,414.75,410.35,414.75,100,68650,0.0,19364.1,19800.0,19850,ATM+9,PUT,19400,2023-11-07
2023-11-07 09:39:00+05:30,414.75,415.0,414.75,415.0,250,68650,0.0,19360.6,19800.0,19850,ATM+9,PUT,19400,2023-11-07
2023-11-07 09:40:00+05:30,415.0,416.45,415.0,416.45,100,68650,0.0,19362.0,19800.0,19850,ATM+9,PUT,19400,2023-11-07
2023-11-07 09:41:00+05:30,416.45,416.45,409.0,409.0,300,68650,0.0,19363.55,19800.0,19850,ATM+9,PUT,19400,2023-11-07
2023-11-07 09:42:00+05:30,409.0,412.6,409.0,412.1,200,68650,0.0,19363.0,19800.0,19850,ATM+9,PUT,19400,2023-11-07
2023-11-07 09:43:00+05:30,412.1,412.1,412.1,412.1,0,68650,0.0,19365.15,19800.0,19850,ATM+9,PUT,19400,2023-11-07
2023-11-07 09:44:00+05:30,412.1,412.1,409.25,409.65,1000,68650,0.0,19366.5,19800.0,19850,ATM+9,PUT,19400,2023-11-07
2023-11-07 09:45:00+05:30,409.65,410.75,405.0,405.0,2350,68650,0.0,19366.45,19800.0,19850,ATM+9,PUT,19400,2023-11-07
2023-11-07 09:46:00+05:30,405.0,405.0,405.0,405.0,0,68650,0.0,19362.65,19800.0,19850,ATM+9,PUT,19400,2023-11-07
2023-11-07 09:47:00+05:30,405.0,416.0,405.0,416.0,100,69600,0.0,19355.65,19800.0,19850,ATM+9,PUT,19400,2023-11-07
2023-11-07 09:48:00+05:30,416.0,416.0,412.3,412.3,500,69600,0.0,19358.85,19800.0,19850,ATM+9,PUT,19400,2023-11-07
2023-11-07 09:49:00+05:30,412.3,412.7,412.3,412.7,50,69600,0.0,19363.6,19800.0,19850,ATM+9,PUT,19400,2023-11-07
2023-11-07 09:50:00+05:30,412.7,414.0,410.0,414.0,2100,68950,0.0,19359.4,19800.0,19850,ATM+9,PUT,19400,2023-11-07
2023-11-07 09:51:00+05:30,414.0,414.0,414.0,414.0,0,68950,0.0,19362.8,19800.0,19850,ATM+9,PUT,19400,2023-11-07
2023-11-07 09:52:00+05:30,414.0,414.0,412.3,412.3,50,68950,0.0,19363.6,19800.0,19850,ATM+9,PUT,19400,2023-11-07
2023-11-07 09:53:00+05:30,412.3,412.3,412.3,412.3,0,68950,0.0,19362.1,19800.0,19850,ATM+9,PUT,19400,2023-11-07
2023-11-07 09:54:00+05:30,412.3,412.3,410.0,410.0,1500,69000,0.0,19363.85,19800.0,19850,ATM+9,PUT,19400,2023-11-07
2023-11-07 09:55:00+05:30,410.0,410.0,398.05,403.15,300,69000,0.0,19369.0,19800.0,19850,ATM+9,PUT,19400,2023-11-07
2023-11-07 09:56:00+05:30,403.15,413.0,403.15,413.0,150,69000,0.0,19362.95,19800.0,19850,ATM+9,PUT,19400,2023-11-07
2023-11-07 09:57:00+05:30,413.0,413.0,413.0,413.0,150,69000,0.0,19361.45,19800.0,19850,ATM+9,PUT,19400,2023-11-07
2023-11-07 09:58:00+05:30,413.0,417.1,413.0,417.1,100,69000,0.0,19356.1,19800.0,19850,ATM+9,PUT,19400,2023-11-07
2023-11-07 09:59:00+05:30,417.1,417.1,416.4,416.4,2650,69000,0.0,19358.05,19800.0,19850,ATM+9,PUT,19400,2023-11-07
2023-11-07 10:00:00+05:30,416.4,417.55,416.4,417.15,750,70350,0.0,19356.0,19800.0,19850,ATM+9,PUT,19400,2023-11-07
2023-11-07 10:01:00+05:30,417.15,417.15,412.8,412.85,1300,70350,0.0,19361.4,19800.0,19850,ATM+9,PUT,19400,2023-11-07
2023-11-07 10:02:00+05:30,412.85,412.85,412.85,412.85,0,70350,0.0,19356.3,19800.0,19850,ATM+9,PUT,19400,2023-11-07
2023-11-07 10:03:00+05:30,412.85,422.75,412.85,420.1,1250,71550,0.0,19353.2,19800.0,19850,ATM+9,PUT,19400,2023-11-07
2023-11-07 10:04:00+05:30,420.1,425.4,420.1,425.4,250,71550,0.0,19350.75,19800.0,19850,ATM+9,PUT,19400,2023-11-07
2023-11-07 10:05:00+05:30,425.4,425.4,420.6,425.4,650,71550,0.0,19350.4,19800.0,19850,ATM+9,PUT,19400,2023-11-07
2023-11-07 10:06:00+05:30,420.5,423.2,420.5,420.95,1300,69800,0.0,19351.9,19800.0,19850,ATM+9,PUT,19400,2023-11-07
2023-11-07 10:07:00+05:30,420.95,422.1,420.95,422.1,750,69800,0.0,19350.5,19800.0,19850,ATM+9,PUT,19400,2023-11-07
2023-11-07 10:08:00+05:30,422.1,422.1,420.95,421.0,150,69800,0.0,19355.3,19800.0,19850,ATM+9,PUT,19400,2023-11-07
2023-11-07 10:09:00+05:30,421.0,421.0,421.0,421.0,0,69800,0.0,19357.6,19800.0,19850,ATM+9,PUT,19400,2023-11-07
2023-11-07 10:10:00+05:30,421.0,421.0,416.0,416.3,1050,67800,0.0,19357.55,19800.0,19850,ATM+9,PUT,19400,2023-11-07
2023-11-07 10:11:00+05:30,416.3,416.3,416.3,416.3,0,67800,0.0,19359.0,19800.0,19850,ATM+9,PUT,19400,2023-11-07
2023-11-07 10:12:00+05:30,416.3,416.3,413.0,413.0,100,67650,0.0,19360.9,19800.0,19850,ATM+9,PUT,19400,2023-11-07
2023-11-07 10:13:00+05:30,413.0,414.25,410.0,410.0,250,67650,0.0,19364.3,19800.0,19850,ATM+9,PUT,19400,2023-11-07
2023-11-07 10:14:00+05:30,410.0,411.25,410.0,411.25,100,67650,0.0,19366.2,19800.0,19850,ATM+9,PUT,19400,2023-11-07
2023-11-07 10:15:00+05:30,411.25,411.7,411.25,411.7,50,67650,0.0,19364.6,19800.0,19850,ATM+9,PUT,19400,2023-11-07
2023-11-07 10:16:00+05:30,411.7,411.7,408.3,408.3,150,67400,0.0,19365.45,19800.0,19850,ATM+9,PUT,19400,2023-11-07
2023-11-07 10:17:00+05:30,408.3,411.95,408.3,411.95,100,67400,0.0,19362.75,19800.0,19850,ATM+9,PUT,19400,2023-11-07
2023-11-07 10:18:00+05:30,411.95,411.95,411.95,411.95,0,67400,0.0,19363.95,19800.0,19850,ATM+9,PUT,19400,2023-11-07
2023-11-07 10:19:00+05:30,411.95,411.95,401.05,401.05,150,67650,0.0,19369.55,19800.0,19850,ATM+9,PUT,19400,2023-11-07
2023-11-07 10:20:00+05:30,401.05,403.0,395.0,395.0,2250,67650,0.0,19373.05,19800.0,19850,ATM+9,PUT,19400,2023-11-07
2023-11-07 10:21:00+05:30,391.75,398.0,391.75,398.0,150,67650,0.0,19372.65,19800.0,19850,ATM+9,PUT,19400,2023-11-07
2023-11-07 10:22:00+05:30,398.0,401.75,398.0,401.75,600,67650,0.0,19371.5,19800.0,19850,ATM+9,PUT,19400,2023-11-07
2023-11-07 10:23:00+05:30,401.75,405.8,401.75,405.8,250,69200,0.0,19365.1,19800.0,19850,ATM+9,PUT,19400,2023-11-07
2023-11-07 10:24:00+05:30,405.8,407.5,405.8,406.0,300,69200,0.0,19365.9,19800.0,19850,ATM+9,PUT,19400,2023-11-07
2023-11-07 10:25:00+05:30,406.0,406.0,402.0,402.0,50,69200,0.0,19371.7,19800.0,19850,ATM+9,PUT,19400,2023-11-07
2023-11-07 10:26:00+05:30,402.0,402.0,397.9,397.9,2550,69100,0.0,19372.5,19800.0,19850,ATM+9,PUT,19400,2023-11-07
2023-11-07 10:27:00+05:30,397.9,399.5,397.9,399.5,50,69100,0.0,19369.25,19800.0,19850,ATM+9,PUT,19400,2023-11-07
2023-11-07 10:28:00+05:30,399.5,400.0,399.5,400.0,100,69100,0.0,19370.25,19800.0,19850,ATM+9,PUT,19400,2023-11-07
2023-11-07 10:29:00+05:30,400.0,400.0,398.45,398.45,100,67900,0.0,19370.65,19800.0,19850,ATM+9,PUT,19400,2023-11-07
2023-11-07 10:30:00+05:30,398.45,398.45,398.45,398.45,150,67900,0.0,19373.6,19800.0,19850,ATM+9,PUT,19400,2023-11-07
2023-11-07 10:31:00+05:30,398.45,398.45,398.45,398.45,0,67900,0.0,19376.55,19850.0,19850,ATM+9,PUT,19400,2023-11-07
2023-11-07 10:32:00+05:30,398.45,398.45,398.45,398.45,0,67900,0.0,19375.8,19850.0,19850,ATM+9,PUT,19400,2023-11-07
2023-11-07 10:33:00+05:30,394.6,396.5,394.6,396.0,150,67900,0.0,19374.35,19800.0,19850,ATM+9,PUT,19400,2023-11-07
2023-11-07 10:34:00+05:30,445.75,445.75,443.55,443.55,50,15000,0.0,19375.5,19850.0,19850,ATM+9,PUT,19400,2023-11-07
2023-11-07 10:35:00+05:30,443.55,443.55,443.55,443.55,0,15000,0.0,19384.6,19850.0,19850,ATM+9,PUT,19400,2023-11-07
2023-11-07 10:36:00+05:30,443.55,443.55,443.55,443.55,0,15000,0.0,19379.95,19850.0,19850,ATM+9,PUT,19400,2023-11-07
2023-11-07 10:37:00+05:30,443.55,443.55,443.55,443.55,0,15000,0.0,19381.45,19850.0,19850,ATM+9,PUT,19400,2023-11-07
2023-11-07 10:38:00+05:30,443.55,443.55,443.55,443.55,0,15000,0.0,19381.15,19850.0,19850,ATM+9,PUT,19400,2023-11-07
2023-11-07 10:39:00+05:30,443.55,443.55,443.55,443.55,0,15000,0.0,19385.3,19850.0,19850,ATM+9,PUT,19400,2023-11-07
2023-11-07 10:40:00+05:30,443.55,443.55,443.55,443.55,0,15000,0.0,19387.55,19850.0,19850,ATM+9,PUT,19400,2023-11-07
2023-11-07 10:41:00+05:30,443.55,443.55,428.85,428.85,200,15000,0.0,19390.45,19850.0,19850,ATM+9,PUT,19400,2023-11-07
2023-11-07 10:42:00+05:30,428.85,435.2,428.85,435.2,50,15000,0.0,19388.35,19850.0,19850,ATM+9,PUT,19400,2023-11-07
2023-11-07 10:43:00+05:30,435.2,435.2,435.2,435.2,0,15000,0.0,19387.55,19850.0,19850,ATM+9,PUT,19400,2023-11-07
2023-11-07 10:44:00+05:30,435.2,435.2,435.2,435.2,0,15000,0.0,19393.05,19850.0,19850,ATM+9,PUT,19400,2023-11-07
2023-11-07 10:45:00+05:30,435.2,435.2,435.2,435.2,0,15000,0.0,19392.95,19850.0,19850,ATM+9,PUT,19400,2023-11-07
2023-11-07 10:46:00+05:30,435.2,435.2,435.2,435.2,0,15000,0.0,19390.3,19850.0,19850,ATM+9,PUT,19400,2023-11-07
2023-11-07 10:47:00+05:30,435.2,437.5,435.2,437.5,50,14950,0.0,19389.55,19850.0,19850,ATM+9,PUT,19400,2023-11-07
2023-11-07 10:48:00+05:30,437.5,437.5,437.05,437.05,50,14950,0.0,19390.0,19850.0,19850,ATM+9,PUT,19400,2023-11-07
2023-11-07 10:49:00+05:30,437.05,437.05,437.05,437.05,0,14950,0.0,19391.4,19850.0,19850,ATM+9,PUT,19400,2023-11-07
2023-11-07 10:50:00+05:30,437.05,437.05,437.05,437.05,0,14950,0.0,19391.6,19850.0,19850,ATM+9,PUT,19400,2023-11-07
2023-11-07 10:51:00+05:30,437.05,442.0,435.9,442.0,100,14950,0.0,19387.4,19850.0,19850,ATM+9,PUT,19400,2023-11-07
2023-11-07 10:52:00+05:30,442.0,450.0,442.0,449.2,100,14950,0.0,19382.05,19850.0,19850,ATM+9,PUT,19400,2023-11-07
2023-11-07 10:53:00+05:30,449.2,449.2,449.2,449.2,0,14950,0.0,19385.55,19850.0,19850,ATM+9,PUT,19400,2023-11-07
2023-11-07 10:54:00+05:30,449.2,449.2,449.2,449.2,0,14950,0.0,19385.0,19850.0,19850,ATM+9,PUT,19400,2023-11-07
2023-11-07 10:55:00+05:30,449.2,449.2,449.2,449.2,0,14950,0.0,19384.75,19850.0,19850,ATM+9,PUT,19400,2023-11-07
2023-11-07 10:56:00+05:30,449.2,449.2,449.2,449.2,0,14950,0.0,19384.95,19850.0,19850,ATM+9,PUT,19400,2023-11-07
2023-11-07 10:57:00+05:30,449.2,449.2,449.2,449.2,0,14950,0.0,19382.65,19850.0,19850,ATM+9,PUT,19400,2023-11-07
2023-11-07 10:58:00+05:30,449.2,449.2,449.2,449.2,0,14950,0.0,19385.0,19850.0,19850,ATM+9,PUT,19400,2023-11-07
2023-11-07 10:59:00+05:30,447.25,447.25,447.25,447.25,50,14950,0.0,19381.05,19850.0,19850,ATM+9,PUT,19400,2023-11-07
2023-11-07 11:00:00+05:30,447.25,447.25,447.25,447.25,0,14950,0.0,19382.5,19850.0,19850,ATM+9,PUT,19400,2023-11-07
2023-11-07 11:01:00+05:30,447.25,447.25,447.25,447.25,0,14950,0.0,19384.3,19850.0,19850,ATM+9,PUT,19400,2023-11-07
2023-11-07 11:02:00+05:30,447.25,447.25,447.25,447.25,0,14950,0.0,19386.85,19850.0,19850,ATM+9,PUT,19400,2023-11-07
2023-11-07 11:03:00+05:30,447.25,448.0,447.25,448.0,50,14950,0.0,19387.25,19850.0,19850,ATM+9,PUT,19400,2023-11-07
2023-11-07 11:04:00+05:30,448.0,448.0,448.0,448.0,0,14950,0.0,19386.8,19850.0,19850,ATM+9,PUT,19400,2023-11-07
2023-11-07 11:05:00+05:30,448.0,448.0,448.0,448.0,0,14950,0.0,19386.15,19850.0,19850,ATM+9,PUT,19400,2023-11-07
2023-11-07 11:06:00+05:30,448.0,448.0,443.25,443.25,50,14950,0.0,19387.9,19850.0,19850,ATM+9,PUT,19400,2023-11-07
2023-11-07 11:07:00+05:30,443.25,443.25,443.25,443.25,0,14950,0.0,19389.3,19850.0,19850,ATM+9,PUT,19400,2023-11-07
2023-11-07 11:08:00+05:30,443.25,443.25,443.25,443.25,0,14950,0.0,19390.1,19850.0,19850,ATM+9,PUT,19400,2023-11-07
2023-11-07 11:09:00+05:30,443.25,443.25,443.25,443.25,0,14950,0.0,19393.95,19850.0,19850,ATM+9,PUT,19400,2023-11-07
2023-11-07 11:10:00+05:30,443.25,443.25,443.25,443.25,0,14950,0.0,19395.25,19850.0,19850,ATM+9,PUT,19400,2023-11-07
2023-11-07 11:11:00+05:30,443.25,443.25,443.25,443.25,0,14950,0.0,19396.45,19850.0,19850,ATM+9,PUT,19400,2023-11-07
2023-11-07 11:12:00+05:30,443.25,443.25,443.25,443.25,0,14950,0.0,19394.2,19850.0,19850,ATM+9,PUT,19400,2023-11-07
2023-11-07 11:13:00+05:30,443.25,443.25,443.25,443.25,0,14950,0.0,19391.45,19850.0,19850,ATM+9,PUT,19400,2023-11-07
2023-11-07 11:14:00+05:30,443.25,443.25,443.25,443.25,0,14950,0.0,19392.85,19850.0,19850,ATM+9,PUT,19400,2023-11-07
2023-11-07 11:15:00+05:30,443.25,443.25,443.25,443.25,0,14950,0.0,19389.45,19850.0,19850,ATM+9,PUT,19400,2023-11-07
2023-11-07 11:16:00+05:30,443.25,443.25,443.25,443.25,0,14950,0.0,19390.75,19850.0,19850,ATM+9,PUT,19400,2023-11-07
2023-11-07 11:17:00+05:30,443.25,443.25,443.25,443.25,0,14950,0.0,19393.85,19850.0,19850,ATM+9,PUT,19400,2023-11-07
2023-11-07 11:18:00+05:30,443.25,443.25,443.25,443.25,0,14950,0.0,19398.0,19850.0,19850,ATM+9,PUT,19400,2023-11-07
2023-11-07 11:19:00+05:30,443.25,443.25,443.25,443.25,0,14950,0.0,19396.5,19850.0,19850,ATM+9,PUT,19400,2023-11-07
2023-11-07 11:20:00+05:30,443.25,443.25,443.25,443.25,0,14950,0.0,19396.2,19850.0,19850,ATM+9,PUT,19400,2023-11-07
2023-11-07 11:21:00+05:30,443.25,443.25,443.25,443.25,0,14950,0.0,19396.3,19850.0,19850,ATM+9,PUT,19400,2023-11-07
2023-11-07 11:22:00+05:30,443.25,443.25,443.25,443.25,0,14950,0.0,19394.0,19850.0,19850,ATM+9,PUT,19400,2023-11-07
2023-11-07 11:23:00+05:30,443.25,443.25,443.25,443.25,0,14950,0.0,19391.25,19850.0,19850,ATM+9,PUT,19400,2023-11-07
2023-11-07 11:24:00+05:30,443.25,443.25,443.25,443.25,0,14950,0.0,19390.65,19850.0,19850,ATM+9,PUT,19400,2023-11-07
2023-11-07 11:25:00+05:30,443.25,443.25,440.65,440.65,50,14950,0.0,19391.05,19850.0,19850,ATM+9,PUT,19400,2023-11-07
2023-11-07 11:26:00+05:30,440.65,440.65,440.65,440.65,0,14950,0.0,19388.35,19850.0,19850,ATM+9,PUT,19400,2023-11-07
2023-11-07 11:27:00+05:30,440.65,440.65,440.65,440.65,0,14950,0.0,19391.9,19850.0,19850,ATM+9,PUT,19400,2023-11-07
2023-11-07 11:28:00+05:30,440.65,440.65,440.65,440.65,0,14950,0.0,19389.7,19850.0,19850,ATM+9,PUT,19400,2023-11-07
2023-11-07 11:29:00+05:30,440.65,440.65,440.65,440.65,0,14950,0.0,19389.85,19850.0,19850,ATM+9,PUT,19400,2023-11-07
2023-11-07 11:30:00+05:30,440.65,446.05,440.65,446.05,50,14950,0.0,19388.6,19850.0,19850,ATM+9,PUT,19400,2023-11-07
2023-11-07 11:31:00+05:30,446.05,446.05,446.05,446.05,0,14950,0.0,19386.9,19850.0,19850,ATM+9,PUT,19400,2023-11-07
2023-11-07 11:32:00+05:30,446.05,446.05,446.05,446.05,0,14950,0.0,19390.1,19850.0,19850,ATM+9,PUT,19400,2023-11-07
2023-11-07 11:33:00+05:30,446.05,446.05,446.05,446.05,0,14950,0.0,19387.15,19850.0,19850,ATM+9,PUT,19400,2023-11-07
2023-11-07 11:34:00+05:30,446.05,446.05,446.05,446.05,0,14950,0.0,19388.05,19850.0,19850,ATM+9,PUT,19400,2023-11-07
2023-11-07 11:35:00+05:30,446.05,446.05,446.05,446.05,0,14950,0.0,19393.35,19850.0,19850,ATM+9,PUT,19400,2023-11-07
2023-11-07 11:36:00+05:30,446.05,446.05,446.05,446.05,0,14950,0.0,19395.4,19850.0,19850,ATM+9,PUT,19400,2023-11-07
2023-11-07 11:37:00+05:30,446.05,446.05,446.05,446.05,0,14950,0.0,19394.05,19850.0,19850,ATM+9,PUT,19400,2023-11-07
2023-11-07 11:38:00+05:30,446.05,446.05,445.45,445.45,100,14950,12.545532,19393.4,19850.0,19850,ATM+9,PUT,19400,2023-11-07
2023-11-07 11:39:00+05:30,445.45,445.45,445.45,445.45,0,14950,12.545532,19390.15,19850.0,19850,ATM+9,PUT,19400,2023-11-07
2023-11-07 11:40:00+05:30,445.45,469.45,445.45,468.8,1000,14950,19.360406,19376.55,19850.0,19850,ATM+9,PUT,19400,2023-11-07
2023-11-07 11:41:00+05:30,416.2,428.95,416.2,423.35,5150,66050,12.2871,19365.65,19800.0,19850,ATM+9,PUT,19400,2023-11-07
2023-11-07 11:42:00+05:30,423.35,429.65,423.35,429.2,4300,66050,11.243812,19359.4,19800.0,19850,ATM+9,PUT,19400,2023-11-07
2023-11-07 11:43:00+05:30,429.2,429.4,428.0,429.4,26650,66050,0.0,19355.0,19800.0,19850,ATM+9,PUT,19400,2023-11-07
2023-11-07 11:44:00+05:30,429.4,429.9,429.0,429.9,248900,288900,0.0,19354.7,19800.0,19850,ATM+9,PUT,19400,2023-11-07
2023-11-07 11:45:00+05:30,435.65,453.1,435.65,453.1,4100,288900,17.651346,19340.2,19800.0,19850,ATM+9,PUT,19400,2023-11-07
2023-11-07 11:46:00+05:30,453.1,457.35,448.0,449.5,1650,288900,18.668675,19345.7,19800.0,19850,ATM+9,PUT,19400,2023-11-07
2023-11-07 11:47:00+05:30,449.5,449.5,447.3,449.25,550,288900,18.439691,19345.55,19800.0,19850,ATM+9,PUT,19400,2023-11-07
2023-11-07 11:48:00+05:30,449.25,454.5,449.25,452.1,250,291750,18.065229,19341.9,19800.0,19850,ATM+9,PUT,19400,2023-11-07
2023-11-07 11:49:00+05:30,451.5,462.45,451.35,462.45,850,291750,21.121771,19336.95,19800.0,19850,ATM+9,PUT,19400,2023-11-07
2023-11-07 11:50:00+05:30,462.45,462.45,453.2,453.2,1850,290650,18.517029,19341.5,19800.0,19850,ATM+9,PUT,19400,2023-11-07
2023-11-07 11:51:00+05:30,453.2,456.9,453.2,453.5,600,290650,19.918828,19343.9,19800.0,19850,ATM+9,PUT,19400,2023-11-07
2023-11-07 11:52:00+05:30,450.0,453.1,450.0,452.9,800,290650,17.61406,19340.35,19800.0,19850,ATM+9,PUT,19400,2023-11-07
2023-11-07 11:53:00+05:30,452.9,454.9,452.9,454.9,700,290650,17.473697,19338.05,19800.0,19850,ATM+9,PUT,19400,2023-11-07
2023-11-07 11:54:00+05:30,454.9,463.8,454.9,462.9,1150,289350,18.327888,19330.95,19800.0,19850,ATM+9,PUT,19400,2023-11-07
2023-11-07 11:55:00+05:30,462.9,465.0,453.0,453.0,3300,289350,19.246107,19343.05,19800.0,19850,ATM+9,PUT,19400,2023-11-07
2023-11-07 11:56:00+05:30,453.0,454.4,452.9,454.4,100,289350,19.086308,19341.25,19800.0,19850,ATM+9,PUT,19400,2023-11-07
2023-11-07 11:57:00+05:30,454.4,456.0,454.4,456.0,50,287400,20.515788,19342.5,19800.0,19850,ATM+9,PUT,19400,2023-11-07
2023-11-07 11:58:00+05:30,456.0,456.0,455.9,455.9,50,287400,20.176046,19341.85,19800.0,19850,ATM+9,PUT,19400,2023-11-07
2023-11-07 11:59:00+05:30,455.9,455.9,452.0,452.0,300,287400,19.639899,19344.9,19800.0,19850,ATM+9,PUT,19400,2023-11-07
2023-11-07 12:00:00+05:30,452.0,452.4,451.3,452.4,550,287200,17.533091,19340.75,19800.0,19850,ATM+9,PUT,19400,2023-11-07
2023-11-07 12:01:00+05:30,452.4,453.95,452.4,453.95,200,287200,18.316116,19340.35,19800.0,19850,ATM+9,PUT,19400,2023-11-07
2023-11-07 12:02:00+05:30,453.95,457.15,453.95,457.15,300,287200,18.300758,19336.95,19800.0,19850,ATM+9,PUT,19400,2023-11-07
2023-11-07 12:03:00+05:30,457.15,457.85,456.05,457.85,100,286300,21.085783,19341.8,19800.0,19850,ATM+9,PUT,19400,2023-11-07
2023-11-07 12:04:00+05:30,457.85,457.85,455.0,455.0,50,286300,18.703116,19339.9,19800.0,19850,ATM+9,PUT,19400,2023-11-07
2023-11-07 12:05:00+05:30,455.0,455.0,454.05,454.05,200,286300,20.392914,19344.3,19800.0,19850,ATM+9,PUT,19400,2023-11-07
2023-11-07 12:06:00+05:30,448.0,450.9,448.0,450.9,650,286100,19.161267,19345.1,19800.0,19850,ATM+9,PUT,19400,2023-11-07
2023-11-07 12:07:00+05:30,450.9,451.3,443.35,443.35,150,286100,17.910527,19350.85,19800.0,19850,ATM+9,PUT,19400,2023-11-07
2023-11-07 12:08:00+05:30,443.35,447.0,443.35,447.0,50,286100,19.356182,19349.65,19800.0,19850,ATM+9,PUT,19400,2023-11-07
2023-11-07 12:09:00+05:30,447.0,449.0,447.0,449.0,600,286750,20.691763,19350.45,19800.0,19850,ATM+9,PUT,19400,2023-11-07
2023-11-07 12:10:00+05:30,449.0,449.0,449.0,449.0,0,286750,20.691763,19348.7,19800.0,19850,ATM+9,PUT,19400,2023-11-07
2023-11-07 12:11:00+05:30,449.0,449.0,446.45,446.45,100,286750,19.605921,19350.75,19800.0,19850,ATM+9,PUT,19400,2023-11-07
2023-11-07 12:12:00+05:30,446.45,446.45,446.45,446.45,0,286750,19.605921,19352.05,19800.0,19850,ATM+9,PUT,19400,2023-11-07
2023-11-07 12:13:00+05:30,446.45,446.45,446.45,446.45,0,286750,19.605921,19349.4,19800.0,19850,ATM+9,PUT,19400,2023-11-07
2023-11-07 12:14:00+05:30,446.45,446.45,446.45,446.45,0,286750,19.605921,19352.45,19800.0,19850,ATM+9,PUT,19400,2023-11-07
2023-11-07 12:15:00+05:30,446.45,446.45,446.45,446.45,0,286750,19.605921,19352.7,19800.0,19850,ATM+9,PUT,19400,2023-11-07
2023-11-07 12:16:00+05:30,446.45,446.45,446.45,446.45,0,286750,19.605921,19352.95,19800.0,19850,ATM+9,PUT,19400,2023-11-07
2023-11-07 12:17:00+05:30,446.45,446.45,446.45,446.45,0,286750,19.605921,19352.35,19800.0,19850,ATM+9,PUT,19400,2023-11-07
2023-11-07 12:18:00+05:30,446.45,446.45,446.0,446.0,700,286100,21.104849,19354.7,19800.0,19850,ATM+9,PUT,19400,2023-11-07
2023-11-07 12:19:00+05:30,446.0,446.0,438.95,438.95,750,286100,19.764852,19359.15,19800.0,19850,ATM+9,PUT,19400,2023-11-07
2023-11-07 12:20:00+05:30,438.95,438.95,435.3,438.0,500,286100,19.437874,19359.45,19800.0,19850,ATM+9,PUT,19400,2023-11-07
2023-11-07 12:21:00+05:30,438.0,438.0,438.0,438.0,0,286100,19.437874,19357.3,19800.0,19850,ATM+9,PUT,19400,2023-11-07
2023-11-07 12:22:00+05:30,438.0,438.0,438.0,438.0,0,286100,19.437874,19354.15,19800.0,19850,ATM+9,PUT,19400,2023-11-07
2023-11-07 12:23:00+05:30,438.0,438.0,438.0,438.0,0,286100,19.437874,19353.75,19800.0,19850,ATM+9,PUT,19400,2023-11-07
2023-11-07 12:24:00+05:30,438.0,444.0,438.0,443.0,2350,286450,20.116303,19355.55,19800.0,19850,ATM+9,PUT,19400,2023-11-07
2023-11-07 12:25:00+05:30,443.0,443.35,443.0,443.0,100,286450,20.418088,19356.25,19800.0,19850,ATM+9,PUT,19400,2023-11-07
2023-11-07 12:26:00+05:30,443.0,443.0,443.0,443.0,0,286450,20.418088,19356.7,19800.0,19850,ATM+9,PUT,19400,2023-11-07
2023-11-07 12:27:00+05:30,443.0,443.0,443.0,443.0,0,286450,20.418088,19354.9,19800.0,19850,ATM+9,PUT,19400,2023-11-07
2023-11-07 12:28:00+05:30,443.0,443.0,443.0,443.0,0,286450,20.418088,19353.85,19800.0,19850,ATM+9,PUT,19400,2023-11-07
2023-11-07 12:29:00+05:30,443.0,448.4,443.0,448.4,300,287700,21.640617,19353.4,19800.0,19850,ATM+9,PUT,19400,2023-11-07
2023-11-07 12:30:00+05:30,448.4,448.4,448.4,448.4,50,287500,21.547769,19353.15,19800.0,19850,ATM+9,PUT,19400,2023-11-07
2023-11-07 12:31:00+05:30,448.4,448.4,448.4,448.4,0,287500,21.547769,19351.2,19800.0,19850,ATM+9,PUT,19400,2023-11-07
2023-11-07 12:32:00+05:30,448.4,448.4,440.65,440.65,100,287500,19.141412,19355.95,19800.0,19850,ATM+9,PUT,19400,2023-11-07
2023-11-07 12:33:00+05:30,440.65,440.65,440.65,440.65,0,287500,19.141412,19357.55,19800.0,19850,ATM+9,PUT,19400,2023-11-07
2023-11-07 12:34:00+05:30,440.65,440.65,438.0,438.0,1000,287500,21.750663,19365.15,19800.0,19850,ATM+9,PUT,19400,2023-11-07
2023-11-07 12:35:00+05:30,425.0,429.9,424.1,429.9,5900,287500,18.962052,19367.1,19800.0,19850,ATM+9,PUT,19400,2023-11-07
2023-11-07 12:36:00+05:30,429.9,429.9,429.9,429.9,0,287500,18.962052,19363.8,19800.0,19850,ATM+9,PUT,19400,2023-11-07
2023-11-07 12:37:00+05:30,429.9,429.9,429.9,429.9,0,287500,18.962052,19367.95,19800.0,19850,ATM+9,PUT,19400,2023-11-07
2023-11-07 12:38:00+05:30,429.9,429.9,429.9,429.9,150,290400,19.267842,19367.75,19800.0,19850,ATM+9,PUT,19400,2023-11-07
2023-11-07 12:39:00+05:30,429.9,429.9,429.9,429.9,0,290400,19.267842,19365.7,19800.0,19850,ATM+9,PUT,19400,2023-11-07
2023-11-07 12:40:00+05:30,429.9,435.0,429.9,435.0,450,290550,20.420558,19364.9,19800.0,19850,ATM+9,PUT,19400,2023-11-07
2023-11-07 12:41:00+05:30,435.0,439.0,435.0,439.0,200,290550,22.425251,19365.95,19800.0,19850,ATM+9,PUT,19400,2023-11-07
2023-11-07 12:42:00+05:30,439.0,439.0,436.55,436.55,50,290200,20.955853,19364.55,19800.0,19850,ATM+9,PUT,19400,2023-11-07
2023-11-07 12:43:00+05:30,436.55,436.55,436.55,436.55,0,290200,20.955853,19364.25,19800.0,19850,ATM+9,PUT,19400,2023-11-07
2023-11-07 12:44:00+05:30,436.55,436.55,436.55,436.55,0,290200,20.955853,19363.45,19800.0,19850,ATM+9,PUT,19400,2023-11-07
2023-11-07 12:45:00+05:30,436.55,436.55,436.55,436.55,0,290200,20.955853,19365.45,19800.0,19850,ATM+9,PUT,19400,2023-11-07
2023-11-07 12:46:00+05:30,436.55,436.55,436.55,436.55,0,290200,20.955853,19365.65,19800.0,19850,ATM+9,PUT,19400,2023-11-07
2023-11-07 12:47:00+05:30,436.55,436.55,431.3,431.3,150,290350,20.397338,19368.85,19800.0,19850,ATM+9,PUT,19400,2023-11-07
2023-11-07 12:48:00+05:30,431.3,431.3,430.2,430.2,700,290350,21.012075,19371.65,19800.0,19850,ATM+9,PUT,19400,2023-11-07
2023-11-07 12:49:00+05:30,430.2,430.2,429.9,429.9,350,290350,20.965611,19371.85,19800.0,19850,ATM+9,PUT,19400,2023-11-07
2023-11-07 12:50:00+05:30,429.9,432.1,429.9,432.1,50,290350,20.551847,19368.35,19800.0,19850,ATM+9,PUT,19400,2023-11-07
2023-11-07 12:51:00+05:30,432.1,432.1,431.8,431.8,100,289700,20.985452,19369.8,19800.0,19850,ATM+9,PUT,19400,2023-11-07
2023-11-07 12:52:00+05:30,431.8,431.8,431.8,431.8,0,289700,20.985452,19370.45,19800.0,19850,ATM+9,PUT,19400,2023-11-07
2023-11-07 12:53:00+05:30,431.8,432.35,431.8,432.0,100,289700,20.414282,19368.1,19800.0,19850,ATM+9,PUT,19400,2023-11-07
2023-11-07 12:54:00+05:30,432.0,436.0,432.0,436.0,150,289800,20.704466,19364.45,19800.0,19850,ATM+9,PUT,19400,2023-11-07
2023-11-07 12:55:00+05:30,436.0,436.0,436.0,436.0,0,289800,20.704466,19362.1,19800.0,19850,ATM+9,PUT,19400,2023-11-07
2023-11-07 12:56:00+05:30,436.0,438.0,436.0,438.0,200,289800,20.702484,19362.25,19800.0,19850,ATM+9,PUT,19400,2023-11-07
2023-11-07 12:57:00+05:30,438.0,438.0,435.65,435.65,2350,289850,20.37287,19364.0,19800.0,19850,ATM+9,PUT,19400,2023-11-07
2023-11-07 12:58:00+05:30,435.65,435.65,434.3,434.3,100,289850,20.62899,19366.1,19800.0,19850,ATM+9,PUT,19400,2023-11-07
2023-11-07 12:59:00+05:30,434.3,434.85,431.95,434.85,1000,289850,21.154754,19366.85,19800.0,19850,ATM+9,PUT,19400,2023-11-07
2023-11-07 13:00:00+05:30,434.85,434.85,433.55,433.75,100,291800,21.001662,19367.65,19800.0,19850,ATM+9,PUT,19400,2023-11-07
2023-11-07 13:01:00+05:30,433.75,433.8,429.5,429.55,500,291800,19.926423,19369.55,19800.0,19850,ATM+9,PUT,19400,2023-11-07
2023-11-07 13:02:00+05:30,429.55,432.75,429.55,431.7,150,291800,20.55968,19368.75,19800.0,19850,ATM+9,PUT,19400,2023-11-07
2023-11-07 13:03:00+05:30,431.45,432.9,431.45,431.95,550,291300,21.312502,19370.45,19800.0,19850,ATM+9,PUT,19400,2023-11-07
2023-11-07 13:04:00+05:30,431.95,431.95,430.45,430.45,2500,291300,20.516891,19370.0,19800.0,19850,ATM+9,PUT,19400,2023-11-07
2023-11-07 13:05:00+05:30,430.45,430.45,430.45,430.45,0,291300,20.516891,19369.25,19800.0,19850,ATM+9,PUT,19400,2023-11-07
2023-11-07 13:06:00+05:30,430.45,430.45,430.45,430.45,0,291300,20.516891,19371.6,19800.0,19850,ATM+9,PUT,19400,2023-11-07
2023-11-07 13:07:00+05:30,430.45,430.45,430.45,430.45,0,291300,20.516891,19369.1,19800.0,19850,ATM+9,PUT,19400,2023-11-07
2023-11-07 13:08:00+05:30,430.45,436.1,430.45,436.1,650,288550,22.1047,19368.05,19800.0,19850,ATM+9,PUT,19400,2023-11-07
2023-11-07 13:09:00+05:30,436.1,436.1,435.05,435.05,300,288150,21.498767,19367.5,19800.0,19850,ATM+9,PUT,19400,2023-11-07
2023-11-07 13:10:00+05:30,435.05,437.2,435.05,436.3,300,288150,21.345334,19365.7,19800.0,19850,ATM+9,PUT,19400,2023-11-07
2023-11-07 13:11:00+05:30,436.3,436.3,436.3,436.3,0,288150,21.345334,19368.85,19800.0,19850,ATM+9,PUT,19400,2023-11-07
2023-11-07 13:12:00+05:30,436.3,436.3,435.6,435.6,100,287900,20.166353,19363.5,19800.0,19850,ATM+9,PUT,19400,2023-11-07
2023-11-07 13:13:00+05:30,435.6,446.65,435.6,443.45,2400,287900,23.335984,19363.5,19800.0,19850,ATM+9,PUT,19400,2023-11-07
2023-11-07 13:14:00+05:30,443.45,443.45,443.45,443.45,0,287900,23.335984,19366.8,19800.0,19850,ATM+9,PUT,19400,2023-11-07
2023-11-07 13:15:00+05:30,443.45,443.45,438.2,442.1,150,289000,23.740753,19366.3,19800.0,19850,ATM+9,PUT,19400,2023-11-07
2023-11-07 13:16:00+05:30,442.1,442.1,437.0,437.0,350,289000,22.193216,19367.25,19800.0,19850,ATM+9,PUT,19400,2023-11-07
2023-11-07 13:17:00+05:30,437.0,437.45,436.9,436.9,1850,289000,21.66018,19365.85,19800.0,19850,ATM+9,PUT,19400,2023-11-07
2023-11-07 13:18:00+05:30,436.9,436.9,436.9,436.9,0,289000,21.66018,19362.05,19800.0,19850,ATM+9,PUT,19400,2023-11-07
2023-11-07 13:19:00+05:30,436.9,441.3,436.9,441.1,100,287050,22.007133,19362.15,19800.0,19850,ATM+9,PUT,19400,2023-11-07
2023-11-07 13:20:00+05:30,441.1,444.7,441.1,444.7,100,287050,22.641501,19359.95,19800.0,19850,ATM+9,PUT,19400,2023-11-07
2023-11-07 13:21:00+05:30,444.7,450.4,444.7,447.7,2450,287050,23.000257,19357.65,19800.0,19850,ATM+9,PUT,19400,2023-11-07
2023-11-07 13:22:00+05:30,447.7,447.7,442.6,442.6,150,287050,21.816161,19359.95,19800.0,19850,ATM+9,PUT,19400,2023-11-07
2023-11-07 13:23:00+05:30,442.6,442.6,442.6,442.6,0,287050,21.816161,19361.65,19800.0,19850,ATM+9,PUT,19400,2023-11-07
2023-11-07 13:24:00+05:30,438.0,439.55,438.0,439.55,150,284600,20.994774,19361.15,19800.0,19850,ATM+9,PUT,19400,2023-11-07
2023-11-07 13:25:00+05:30,439.55,440.0,439.55,440.0,50,284600,22.262137,19364.05,19800.0,19850,ATM+9,PUT,19400,2023-11-07
2023-11-07 13:26:00+05:30,440.0,440.0,434.65,434.65,50,284600,19.75995,19363.55,19800.0,19850,ATM+9,PUT,19400,2023-11-07
2023-11-07 13:27:00+05:30,434.65,434.65,434.65,434.65,0,284600,19.75995,19358.65,19800.0,19850,ATM+9,PUT,19400,2023-11-07
2023-11-07 13:28:00+05:30,434.65,441.55,434.65,441.55,50,284550,20.454868,19357.65,19800.0,19850,ATM+9,PUT,19400,2023-11-07
2023-11-07 13:29:00+05:30,441.55,441.55,440.6,440.6,50,284550,18.87608,19355.35,19800.0,19850,ATM+9,PUT,19400,2023-11-07
2023-11-07 13:30:00+05:30,440.6,440.6,440.6,440.6,0,284550,18.87608,19356.3,19800.0,19850,ATM+9,PUT,19400,2023-11-07
2023-11-07 13:31:00+05:30,440.6,440.6,440.6,440.6,0,284550,18.87608,19354.8,19800.0,19850,ATM+9,PUT,19400,2023-11-07
2023-11-07 13:32:00+05:30,440.6,440.6,440.6,440.6,0,284550,18.87608,19361.65,19800.0,19850,ATM+9,PUT,19400,2023-11-07
2023-11-07 13:33:00+05:30,440.6,440.6,440.6,440.6,0,284550,18.87608,19364.5,19800.0,19850,ATM+9,PUT,19400,2023-11-07
2023-11-07 13:34:00+05:30,440.6,440.6,422.3,422.3,2500,284450,16.5838,19370.85,19800.0,19850,ATM+9,PUT,19400,2023-11-07
2023-11-07 13:35:00+05:30,422.3,427.45,422.3,427.45,550,284450,20.262066,19372.5,19800.0,19850,ATM+9,PUT,19400,2023-11-07
2023-11-07 13:36:00+05:30,427.45,428.0,424.55,428.0,300,285950,19.490362,19370.1,19800.0,19850,ATM+9,PUT,19400,2023-11-07
2023-11-07 13:37:00+05:30,428.0,430.6,428.0,429.3,150,285950,19.309046,19368.3,19800.0,19850,ATM+9,PUT,19400,2023-11-07
2023-11-07 13:38:00+05:30,429.3,429.3,429.3,429.3,0,285950,19.309046,19368.35,19800.0,19850,ATM+9,PUT,19400,2023-11-07
2023-11-07 13:39:00+05:30,429.3,429.3,425.0,425.0,50,285800,17.170834,19368.9,19800.0,19850,ATM+9,PUT,19400,2023-11-07
2023-11-07 13:40:00+05:30,425.0,425.0,420.0,420.0,50,285800,16.440326,19373.05,19800.0,19850,ATM+9,PUT,19400,2023-11-07
2023-11-07 13:41:00+05:30,420.0,423.6,418.2,423.6,150,285800,19.063937,19373.9,19800.0,19850,ATM+9,PUT,19400,2023-11-07
2023-11-07 13:42:00+05:30,423.6,423.6,422.15,422.15,300,285850,18.72799,19374.75,19800.0,19850,ATM+9,PUT,19400,2023-11-07
2023-11-07 13:43:00+05:30,422.15,422.15,421.5,421.5,100,285850,18.176697,19374.35,19800.0,19850,ATM+9,PUT,19400,2023-11-07
2023-11-07 13:44:00+05:30,421.5,421.5,421.5,421.5,0,285850,18.176697,19372.95,19800.0,19850,ATM+9,PUT,19400,2023-11-07
2023-11-07 13:45:00+05:30,421.5,421.5,421.5,421.5,0,285850,18.176697,19372.45,19800.0,19850,ATM+9,PUT,19400,2023-11-07
2023-11-07 13:46:00+05:30,421.5,421.5,421.5,421.5,0,285850,18.176697,19369.55,19800.0,19850,ATM+9,PUT,19400,2023-11-07
2023-11-07 13:47:00+05:30,421.5,424.15,421.5,424.15,50,285750,18.657545,19372.45,19800.0,19850,ATM+9,PUT,19400,2023-11-07
2023-11-07 13:48:00+05:30,424.15,424.15,424.15,424.15,0,285750,18.657545,19373.1,19800.0,19850,ATM+9,PUT,19400,2023-11-07
2023-11-07 13:49:00+05:30,424.15,424.15,420.95,420.95,700,285750,17.40997,19373.55,19800.0,19850,ATM+9,PUT,19400,2023-11-07
2023-11-07 13:50:00+05:30,473.25,473.25,463.4,463.4,200,16250,15.798021,19377.45,19850.0,19850,ATM+9,PUT,19400,2023-11-07
2023-11-07 13:51:00+05:30,463.4,463.4,456.45,457.55,100,16050,17.844945,19385.8,19850.0,19850,ATM+9,PUT,19400,2023-11-07
2023-11-07 13:52:00+05:30,457.55,457.55,451.5,454.1,300,16050,16.585139,19387.8,19850.0,19850,ATM+9,PUT,19400,2023-11-07
2023-11-07 13:53:00+05:30,454.1,454.1,454.1,454.1,0,16050,16.585139,19392.3,19850.0,19850,ATM+9,PUT,19400,2023-11-07
2023-11-07 13:54:00+05:30,454.1,454.1,452.4,452.4,50,16000,20.2182,19395.4,19850.0,19850,ATM+9,PUT,19400,2023-11-07
2023-11-07 13:55:00+05:30,452.4,452.4,452.4,452.4,0,16000,20.2182,19395.15,19850.0,19850,ATM+9,PUT,19400,2023-11-07
2023-11-07 13:56:00+05:30,452.4,452.4,443.45,443.45,50,16000,17.459691,19400.0,19850.0,19850,ATM+9,PUT,19400,2023-11-07
2023-11-07 13:57:00+05:30,443.45,443.45,443.45,443.45,0,16000,17.459691,19396.85,19850.0,19850,ATM+9,PUT,19400,2023-11-07
2023-11-07 13:58:00+05:30,443.45,443.45,443.45,443.45,0,16000,17.459691,19397.4,19850.0,19850,ATM+9,PUT,19400,2023-11-07
2023-11-07 13:59:00+05:30,443.45,443.45,443.45,443.45,0,16000,17.459691,19393.8,19850.0,19850,ATM+9,PUT,19400,2023-11-07
2023-11-07 14:00:00+05:30,443.45,443.45,443.45,443.45,0,16000,17.459691,19395.7,19850.0,19850,ATM+9,PUT,19400,2023-11-07
2023-11-07 14:01:00+05:30,443.45,443.45,443.45,443.45,0,16000,17.459691,19398.9,19850.0,19850,ATM+9,PUT,19400,2023-11-07
2023-11-07 14:02:00+05:30,443.45,443.45,443.45,443.45,0,16000,17.459691,19396.4,19850.0,19850,ATM+9,PUT,19400,2023-11-07
2023-11-07 14:03:00+05:30,443.45,443.45,437.85,437.85,200,16000,0.0,19400.5,19850.0,19850,ATM+9,PUT,19400,2023-11-07
2023-11-07 14:04:00+05:30,437.85,437.85,430.0,430.0,50,16000,0.0,19405.25,19850.0,19850,ATM+9,PUT,19400,2023-11-07
2023-11-07 14:05:00+05:30,430.0,430.0,430.0,430.0,0,16000,0.0,19405.9,19850.0,19850,ATM+9,PUT,19400,2023-11-07
2023-11-07 14:06:00+05:30,430.0,432.8,430.0,432.8,50,15800,0.0,19404.75,19850.0,19850,ATM+9,PUT,19400,2023-11-07
2023-11-07 14:07:00+05:30,432.8,432.8,432.8,432.8,0,15800,0.0,19405.6,19850.0,19850,ATM+9,PUT,19400,2023-11-07
2023-11-07 14:08:00+05:30,432.8,432.8,432.8,432.8,0,15800,0.0,19401.7,19850.0,19850,ATM+9,PUT,19400,2023-11-07
2023-11-07 14:09:00+05:30,432.8,440.6,432.8,440.6,50,15800,0.0,19397.75,19850.0,19850,ATM+9,PUT,19400,2023-11-07
2023-11-07 14:10:00+05:30,440.6,440.6,438.85,438.85,50,15800,0.0,19396.5,19850.0,19850,ATM+9,PUT,19400,2023-11-07
2023-11-07 14:11:00+05:30,438.85,438.85,438.85,438.85,0,15800,0.0,19396.45,19850.0,19850,ATM+9,PUT,19400,2023-11-07
2023-11-07 14:12:00+05:30,438.85,438.85,438.85,438.85,0,15800,0.0,19400.8,19850.0,19850,ATM+9,PUT,19400,2023-11-07
2023-11-07 14:13:00+05:30,438.85,438.85,438.85,438.85,0,15800,0.0,19399.3,19850.0,19850,ATM+9,PUT,19400,2023-11-07
2023-11-07 14:14:00+05:30,438.85,438.85,438.85,438.85,0,15800,0.0,19401.15,19850.0,19850,ATM+9,PUT,19400,2023-11-07
2023-11-07 14:15:00+05:30,438.85,438.85,438.85,438.85,0,15800,0.0,19400.45,19850.0,19850,ATM+9,PUT,19400,2023-11-07
2023-11-07 14:16:00+05:30,438.85,438.85,438.85,438.85,0,15800,0.0,19402.9,19850.0,19850,ATM+9,PUT,19400,2023-11-07
2023-11-07 14:17:00+05:30,438.85,438.85,438.85,438.85,0,15800,0.0,19402.2,19850.0,19850,ATM+9,PUT,19400,2023-11-07
2023-11-07 14:18:00+05:30,438.85,438.85,435.35,435.35,50,15800,0.0,19398.6,19850.0,19850,ATM+9,PUT,19400,2023-11-07
2023-11-07 14:19:00+05:30,435.35,435.35,435.35,435.35,0,15800,0.0,19400.55,19850.0,19850,ATM+9,PUT,19400,2023-11-07
2023-11-07 14:20:00+05:30,435.35,435.35,435.35,435.35,0,15800,0.0,19399.05,19850.0,19850,ATM+9,PUT,19400,2023-11-07
2023-11-07 14:21:00+05:30,435.35,435.35,435.35,435.35,0,15800,0.0,19400.05,19850.0,19850,ATM+9,PUT,19400,2023-11-07
2023-11-07 14:22:00+05:30,435.35,435.35,435.35,435.35,0,15800,0.0,19397.75,19850.0,19850,ATM+9,PUT,19400,2023-11-07
2023-11-07 14:23:00+05:30,435.35,438.45,435.35,438.45,50,15800,0.0,19393.75,19850.0,19850,ATM+9,PUT,19400,2023-11-07
2023-11-07 14:24:00+05:30,438.45,438.45,438.45,438.45,0,15800,0.0,19390.0,19850.0,19850,ATM+9,PUT,19400,2023-11-07
2023-11-07 14:25:00+05:30,438.45,438.45,438.45,438.45,0,15800,0.0,19389.3,19850.0,19850,ATM+9,PUT,19400,2023-11-07
2023-11-07 14:26:00+05:30,438.45,438.45,438.45,438.45,0,15800,0.0,19392.0,19850.0,19850,ATM+9,PUT,19400,2023-11-07
2023-11-07 14:27:00+05:30,438.45,438.45,437.15,437.15,100,15800,0.0,19391.75,19850.0,19850,ATM+9,PUT,19400,2023-11-07
2023-11-07 14:28:00+05:30,437.15,437.15,437.15,437.15,0,15800,0.0,19386.1,19850.0,19850,ATM+9,PUT,19400,2023-11-07
2023-11-07 14:29:00+05:30,437.15,441.35,437.15,441.35,50,15800,0.0,19388.45,19850.0,19850,ATM+9,PUT,19400,2023-11-07
2023-11-07 14:30:00+05:30,441.35,441.35,441.35,441.35,0,15800,0.0,19393.05,19850.0,19850,ATM+9,PUT,19400,2023-11-07
2023-11-07 14:31:00+05:30,441.35,441.35,438.2,438.2,50,15800,0.0,19395.0,19850.0,19850,ATM+9,PUT,19400,2023-11-07
2023-11-07 14:32:00+05:30,438.2,441.0,438.2,441.0,50,15800,0.0,19389.95,19850.0,19850,ATM+9,PUT,19400,2023-11-07
2023-11-07 14:33:00+05:30,441.0,441.0,441.0,441.0,0,15800,0.0,19391.4,19850.0,19850,ATM+9,PUT,19400,2023-11-07
2023-11-07 14:34:00+05:30,441.0,441.0,441.0,441.0,0,15800,0.0,19388.65,19850.0,19850,ATM+9,PUT,19400,2023-11-07
2023-11-07 14:35:00+05:30,441.0,441.0,441.0,441.0,0,15800,0.0,19391.25,19850.0,19850,ATM+9,PUT,19400,2023-11-07
2023-11-07 14:36:00+05:30,441.0,441.0,441.0,441.0,0,15800,0.0,19389.35,19850.0,19850,ATM+9,PUT,19400,2023-11-07
2023-11-07 14:37:00+05:30,441.0,441.0,441.0,441.0,0,15800,0.0,19387.2,19850.0,19850,ATM+9,PUT,19400,2023-11-07
2023-11-07 14:38:00+05:30,441.0,441.0,441.0,441.0,0,15800,0.0,19380.9,19850.0,19850,ATM+9,PUT,19400,2023-11-07
2023-11-07 14:39:00+05:30,441.0,447.75,441.0,445.55,100,15850,0.0,19381.3,19850.0,19850,ATM+9,PUT,19400,2023-11-07
2023-11-07 14:40:00+05:30,445.55,445.55,445.55,445.55,0,15850,0.0,19384.3,19850.0,19850,ATM+9,PUT,19400,2023-11-07
2023-11-07 14:41:00+05:30,445.55,445.55,445.55,445.55,0,15850,0.0,19381.5,19850.0,19850,ATM+9,PUT,19400,2023-11-07
2023-11-07 14:42:00+05:30,445.55,445.55,445.55,445.55,0,15850,0.0,19381.85,19850.0,19850,ATM+9,PUT,19400,2023-11-07
2023-11-07 14:43:00+05:30,445.55,445.55,444.5,444.5,50,15850,0.0,19385.4,19850.0,19850,ATM+9,PUT,19400,2023-11-07
2023-11-07 14:44:00+05:30,444.5,444.5,444.5,444.5,0,15850,0.0,19382.95,19850.0,19850,ATM+9,PUT,19400,2023-11-07
2023-11-07 14:45:00+05:30,444.5,444.5,444.5,444.5,0,15850,0.0,19383.65,19850.0,19850,ATM+9,PUT,19400,2023-11-07
2023-11-07 14:46:00+05:30,444.5,444.5,444.5,444.5,0,15850,0.0,19387.45,19850.0,19850,ATM+9,PUT,19400,2023-11-07
2023-11-07 14:47:00+05:30,444.5,444.5,444.5,444.5,0,15850,0.0,19384.1,19850.0,19850,ATM+9,PUT,19400,2023-11-07
2023-11-07 14:48:00+05:30,444.5,444.5,444.5,444.5,0,15850,0.0,19388.35,19850.0,19850,ATM+9,PUT,19400,2023-11-07
2023-11-07 14:49:00+05:30,444.5,444.5,437.15,437.15,100,15850,0.0,19390.7,19850.0,19850,ATM+9,PUT,19400,2023-11-07
2023-11-07 14:50:00+05:30,437.15,437.15,437.15,437.15,0,15850,0.0,19391.25,19850.0,19850,ATM+9,PUT,19400,2023-11-07
2023-11-07 14:51:00+05:30,437.15,437.45,437.15,437.45,50,15850,0.0,19396.5,19850.0,19850,ATM+9,PUT,19400,2023-11-07
2023-11-07 14:52:00+05:30,437.45,437.45,437.45,437.45,0,15850,0.0,19400.05,19850.0,19850,ATM+9,PUT,19400,2023-11-07
2023-11-07 14:53:00+05:30,437.45,437.45,437.45,437.45,0,15850,0.0,19399.35,19850.0,19850,ATM+9,PUT,19400,2023-11-07
2023-11-07 14:54:00+05:30,437.45,437.45,437.45,437.45,0,15850,0.0,19395.6,19850.0,19850,ATM+9,PUT,19400,2023-11-07
2023-11-07 14:55:00+05:30,437.45,437.45,437.45,437.45,0,15850,0.0,19397.6,19850.0,19850,ATM+9,PUT,19400,2023-11-07
2023-11-07 14:56:00+05:30,437.45,437.45,437.45,437.45,0,15850,0.0,19398.85,19850.0,19850,ATM+9,PUT,19400,2023-11-07
2023-11-07 14:57:00+05:30,437.45,437.45,431.35,433.65,200,15750,0.0,19400.15,19850.0,19850,ATM+9,PUT,19400,2023-11-07
2023-11-07 14:58:00+05:30,433.65,433.65,433.65,433.65,0,15750,0.0,19401.15,19850.0,19850,ATM+9,PUT,19400,2023-11-07
2023-11-07 14:59:00+05:30,433.65,435.7,433.65,435.7,100,15750,0.0,19399.05,19850.0,19850,ATM+9,PUT,19400,2023-11-07
2023-11-07 15:00:00+05:30,435.7,435.7,435.7,435.7,0,15750,0.0,19405.95,19850.0,19850,ATM+9,PUT,19400,2023-11-07
2023-11-07 15:01:00+05:30,435.7,435.7,435.7,435.7,0,15750,0.0,19401.25,19850.0,19850,ATM+9,PUT,19400,2023-11-07
2023-11-07 15:02:00+05:30,435.7,435.7,435.7,435.7,0,15750,0.0,19402.0,19850.0,19850,ATM+9,PUT,19400,2023-11-07
2023-11-07 15:03:00+05:30,435.7,438.65,435.7,436.9,100,15800,14.688319,19403.8,19850.0,19850,ATM+9,PUT,19400,2023-11-07
2023-11-07 15:04:00+05:30,436.9,436.9,433.75,433.75,50,15800,0.0,19405.0,19850.0,19850,ATM+9,PUT,19400,2023-11-07
2023-11-07 15:05:00+05:30,433.75,433.75,433.45,433.45,50,15800,16.666519,19409.35,19850.0,19850,ATM+9,PUT,19400,2023-11-07
2023-11-07 15:06:00+05:30,433.45,433.45,433.45,433.45,0,15800,16.666519,19409.85,19850.0,19850,ATM+9,PUT,19400,2023-11-07
2023-11-07 15:07:00+05:30,433.45,433.45,433.45,433.45,0,15800,16.666519,19403.0,19850.0,19850,ATM+9,PUT,19400,2023-11-07
2023-11-07 15:08:00+05:30,433.45,444.65,433.45,444.65,100,15750,18.039814,19399.55,19850.0,19850,ATM+9,PUT,19400,2023-11-07
2023-11-07 15:09:00+05:30,444.65,444.65,444.65,444.65,0,15750,18.039814,19397.85,19850.0,19850,ATM+9,PUT,19400,2023-11-07
2023-11-07 15:10:00+05:30,444.65,444.65,444.65,444.65,0,15750,18.039814,19398.35,19850.0,19850,ATM+9,PUT,19400,2023-11-07
2023-11-07 15:11:00+05:30,444.65,444.65,444.65,444.65,0,15750,18.039814,19398.05,19850.0,19850,ATM+9,PUT,19400,2023-11-07
2023-11-07 15:12:00+05:30,444.65,444.65,444.65,444.65,0,15750,18.039814,19398.1,19850.0,19850,ATM+9,PUT,19400,2023-11-07
2023-11-07 15:13:00+05:30,444.65,450.0,444.65,450.0,50,15700,18.254573,19394.25,19850.0,19850,ATM+9,PUT,19400,2023-11-07
2023-11-07 15:14:00+05:30,450.0,450.0,450.0,450.0,0,15700,18.254573,19398.05,19850.0,19850,ATM+9,PUT,19400,2023-11-07
2023-11-07 15:15:00+05:30,450.0,450.0,450.0,450.0,0,15700,18.254573,19400.4,19850.0,19850,ATM+9,PUT,19400,2023-11-07
2023-11-07 15:16:00+05:30,450.0,450.0,450.0,450.0,0,15700,18.254573,19402.6,19850.0,19850,ATM+9,PUT,19400,2023-11-07
2023-11-07 15:17:00+05:30,450.0,450.0,450.0,450.0,0,15700,18.254573,19407.1,19850.0,19850,ATM+9,PUT,19400,2023-11-07
2023-11-07 15:18:00+05:30,450.0,450.0,450.0,450.0,0,15700,18.254573,19409.1,19850.0,19850,ATM+9,PUT,19400,2023-11-07
2023-11-07 15:19:00+05:30,450.0,450.0,450.0,450.0,0,15700,18.254573,19411.5,19850.0,19850,ATM+9,PUT,19400,2023-11-07
2023-11-07 15:20:00+05:30,450.0,450.0,432.4,432.4,100,15650,18.345998,19412.95,19850.0,19850,ATM+9,PUT,19400,2023-11-07
2023-11-07 15:21:00+05:30,432.4,432.4,430.6,430.6,50,15650,18.945779,19415.95,19850.0,19850,ATM+9,PUT,19400,2023-11-07
2023-11-07 15:22:00+05:30,430.6,430.6,430.6,430.6,0,15650,18.945779,19415.25,19850.0,19850,ATM+9,PUT,19400,2023-11-07
2023-11-07 15:23:00+05:30,430.6,430.6,430.6,430.6,0,15650,18.945779,19416.85,19850.0,19850,ATM+9,PUT,19400,2023-11-07
2023-11-07 15:24:00+05:30,430.6,431.4,430.6,431.4,50,15600,20.228773,19417.75,19850.0,19850,ATM+9,PUT,19400,2023-11-07
2023-11-07 15:25:00+05:30,431.4,431.4,431.4,431.4,0,15600,20.228773,19416.9,19850.0,19850,ATM+9,PUT,19400,2023-11-07
2023-11-07 15:26:00+05:30,431.4,431.4,431.4,431.4,0,15600,20.228773,19418.65,19850.0,19850,ATM+9,PUT,19400,2023-11-07
2023-11-07 15:27:00+05:30,431.4,434.1,431.4,434.1,600,15600,21.059183,19416.75,19850.0,19850,ATM+9,PUT,19400,2023-11-07
2023-11-07 15:28:00+05:30,434.1,436.45,434.1,435.0,500,15000,19.189522,19411.7,19850.0,19850,ATM+9,PUT,19400,2023-11-07
2023-11-07 15:29:00+05:30,435.0,435.0,435.0,435.0,0,15000,19.189522,19417.2,19850.0,19850,ATM+9,PUT,19400,2023-11-07
