datetime,open,high,low,close,volume,oi,iv,spot,api_strike,strike,strike_label,option_type,atm,date
2023-11-12 18:15:00+05:30,500.05,500.05,457.0,480.3,8550,213300,0.0,19519.4,19000.0,19050,ATM-10,CALL,19550,2023-11-12
2023-11-12 18:16:00+05:30,480.3,486.6,480.3,486.6,6500,213300,0.0,19522.9,19000.0,19050,ATM-10,CALL,19550,2023-11-12
2023-11-12 18:17:00+05:30,486.6,491.65,486.6,491.25,1250,215750,0.0,19518.4,19000.0,19050,ATM-10,CALL,19550,2023-11-12
2023-11-12 18:18:00+05:30,492.0,494.4,487.1,489.35,5950,215750,0.0,19522.1,19000.0,19050,ATM-10,CALL,19550,2023-11-12
2023-11-12 18:19:00+05:30,489.35,495.0,489.35,495.0,3950,215750,0.0,19522.9,19000.0,19050,ATM-10,CALL,19550,2023-11-12
2023-11-12 18:20:00+05:30,442.15,452.8,442.15,450.45,200,22450,0.0,19529.35,19050.0,19050,ATM-10,CALL,19550,2023-11-12
2023-11-12 18:21:00+05:30,450.45,458.1,450.45,455.95,100,22450,0.0,19534.0,19050.0,19050,ATM-10,CALL,19550,2023-11-12
2023-11-12 18:22:00+05:30,455.95,460.25,455.95,460.25,50,22450,0.0,19535.7,19050.0,19050,ATM-10,CALL,19550,2023-11-12
2023-11-12 18:24:00+05:30,460.25,465.0,460.25,465.0,50,22400,0.0,19534.6,19050.0,19050,ATM-10,CALL,19550,2023-11-12
2023-11-12 18:27:00+05:30,465.0,465.0,462.15,462.15,100,22400,0.0,19541.55,19050.0,19050,ATM-10,CALL,19550,2023-11-12
2023-11-12 18:32:00+05:30,462.15,462.15,455.7,461.9,350,22400,0.0,19533.9,19050.0,19050,ATM-10,CALL,19550,2023-11-12
2023-11-12 18:33:00+05:30,459.55,459.55,459.55,459.55,50,22400,0.0,19534.2,19050.0,19050,ATM-10,CALL,19550,2023-11-12
2023-11-12 18:39:00+05:30,459.55,459.55,459.55,459.55,50,22500,0.0,19533.05,19050.0,19050,ATM-10,CALL,19550,2023-11-12
2023-11-12 18:45:00+05:30,459.55,461.6,459.55,460.2,150,22500,0.0,19535.4,19050.0,19050,ATM-10,CALL,19550,2023-11-12
2023-11-12 18:50:00+05:30,460.2,460.2,457.25,457.25,100,22500,0.0,19531.0,19050.0,19050,ATM-10,CALL,19550,2023-11-12
2023-11-12 18:54:00+05:30,457.25,460.2,457.25,460.2,500,22500,0.0,19529.95,19050.0,19050,ATM-10,CALL,19550,2023-11-12
2023-11-12 18:58:00+05:30,460.2,465.55,460.2,465.0,550,22500,0.0,19528.65,19050.0,19050,ATM-10,CALL,19550,2023-11-12
2023-11-12 18:59:00+05:30,465.0,465.0,461.8,461.8,150,22450,0.0,19528.45,19050.0,19050,ATM-10,CALL,19550,2023-11-12
2023-11-12 19:01:00+05:30,461.8,461.8,459.65,461.6,100,22450,0.0,19528.85,19050.0,19050,ATM-10,CALL,19550,2023-11-12
2023-11-12 19:05:00+05:30,512.3,512.3,506.1,506.1,3850,226750,0.0,19510.95,19000.0,19050,ATM-10,CALL,19550,2023-11-12
2023-11-12 19:06:00+05:30,506.1,508.2,505.9,508.2,2100,226750,0.0,19521.75,19000.0,19050,ATM-10,CALL,19550,2023-11-12
2023-11-12 19:07:00+05:30,508.2,509.3,508.2,508.35,150,226750,0.0,19522.65,19000.0,19050,ATM-10,CALL,19550,2023-11-12
2023-11-12 19:08:00+05:30,508.35,508.35,508.0,508.0,1150,227850,0.0,19522.8,19000.0,19050,ATM-10,CALL,19550,2023-11-12
2023-11-12 19:09:00+05:30,508.0,508.0,506.0,506.0,850,227850,0.0,19521.75,19000.0,19050,ATM-10,CALL,19550,2023-11-12
2023-11-12 19:10:00+05:30,506.0,508.3,506.0,507.0,1250,227850,0.0,19523.75,19000.0,19050,ATM-10,CALL,19550,2023-11-12
2023-11-12 19:11:00+05:30,507.0,508.0,506.35,507.45,900,225450,0.0,19523.45,19000.0,19050,ATM-10,CALL,19550,2023-11-12
2023-11-12 19:12:00+05:30,507.45,510.0,505.75,510.0,5250,225450,0.0,19523.45,19000.0,19050,ATM-10,CALL,19550,2023-11-12
2023-11-12 19:13:00+05:30,510.0,510.0,507.95,508.6,1600,225450,0.0,19522.4,19000.0,19050,ATM-10,CALL,19550,2023-11-12
2023-11-12 19:14:00+05:30,508.6,509.0,506.45,509.0,1200,224350,0.0,19522.3,19000.0,19050,ATM-10,CALL,19550,2023-11-12
2023-11-12 18:15:00+05:30,418.95,430.0,418.95,430.0,300,22400,0.0,19519.4,19050.0,19100,ATM-9,CALL,19550,2023-11-12
2023-11-12 18:16:00+05:30,430.0,436.05,430.0,436.05,250,22400,0.0,19522.9,19050.0,19100,ATM-9,CALL,19550,2023-11-12
2023-11-12 18:17:00+05:30,436.05,440.8,436.05,440.8,100,22450,0.0,19518.4,19050.0,19100,ATM-9,CALL,19550,2023-11-12
2023-11-12 18:18:00+05:30,440.8,443.4,440.8,443.0,100,22450,0.0,19522.1,19050.0,19100,ATM-9,CALL,19550,2023-11-12
2023-11-12 18:19:00+05:30,443.0,443.0,442.15,442.15,200,22450,0.0,19522.9,19050.0,19100,ATM-9,CALL,19550,2023-11-12
2023-11-12 18:20:00+05:30,399.35,408.35,398.95,408.35,1200,142450,0.0,19529.35,19100.0,19100,ATM-9,CALL,19550,2023-11-12
2023-11-12 18:21:00+05:30,408.35,414.0,406.05,412.45,3050,142450,0.0,19534.0,19100.0,19100,ATM-9,CALL,19550,2023-11-12
2023-11-12 18:22:00+05:30,412.45,415.0,409.4,413.1,4350,142450,0.0,19535.7,19100.0,19100,ATM-9,CALL,19550,2023-11-12
2023-11-12 18:23:00+05:30,413.1,415.0,412.25,415.0,850,141900,0.0,19537.5,19100.0,19100,ATM-9,CALL,19550,2023-11-12
2023-11-12 18:24:00+05:30,415.0,416.15,412.3,413.5,850,141900,0.0,19534.6,19100.0,19100,ATM-9,CALL,19550,2023-11-12
2023-11-12 18:25:00+05:30,413.5,413.5,406.0,410.5,2100,141900,0.0,19533.15,19100.0,19100,ATM-9,CALL,19550,2023-11-12
2023-11-12 18:26:00+05:30,410.5,414.85,410.35,414.3,1450,141900,0.0,19537.4,19100.0,19100,ATM-9,CALL,19550,2023-11-12
2023-11-12 18:27:00+05:30,414.3,415.0,412.2,412.2,600,141900,0.0,19541.55,19100.0,19100,ATM-9,CALL,19550,2023-11-12
2023-11-12 18:28:00+05:30,412.2,414.85,412.2,414.0,700,141900,0.0,19543.15,19100.0,19100,ATM-9,CALL,19550,2023-11-12
2023-11-12 18:29:00+05:30,414.0,414.0,412.9,413.0,550,141700,0.0,19540.55,19100.0,19100,ATM-9,CALL,19550,2023-11-12
2023-11-12 18:30:00+05:30,413.0,413.0,411.05,411.05,350,141700,0.0,19538.25,19100.0,19100,ATM-9,CALL,19550,2023-11-12
2023-11-12 18:31:00+05:30,411.5,412.15,407.8,409.2,2650,141700,0.0,19529.55,19100.0,19100,ATM-9,CALL,19550,2023-11-12
2023-11-12 18:32:00+05:30,409.2,413.05,405.5,413.05,1950,142250,0.0,19533.9,19100.0,19100,ATM-9,CALL,19550,2023-11-12
2023-11-12 18:33:00+05:30,413.05,413.05,409.25,409.55,650,142250,8.820944,19534.2,19100.0,19100,ATM-9,CALL,19550,2023-11-12
2023-11-12 18:34:00+05:30,409.55,410.4,409.55,409.8,150,142250,0.0,19533.5,19100.0,19100,ATM-9,CALL,19550,2023-11-12
2023-11-12 18:35:00+05:30,409.8,410.3,409.8,410.3,50,142250,0.0,19532.3,19100.0,19100,ATM-9,CALL,19550,2023-11-12
2023-11-12 18:36:00+05:30,410.3,410.3,409.3,409.3,300,142850,0.0,19530.65,19100.0,19100,ATM-9,CALL,19550,2023-11-12
2023-11-12 18:37:00+05:30,409.3,409.3,405.1,406.05,1450,142850,0.0,19525.45,19100.0,19100,ATM-9,CALL,19550,2023-11-12
2023-11-12 18:38:00+05:30,406.05,408.75,405.75,408.75,650,142600,0.0,19526.8,19100.0,19100,ATM-9,CALL,19550,2023-11-12
2023-11-12 18:39:00+05:30,408.75,414.15,408.75,414.05,1500,142600,0.0,19533.05,19100.0,19100,ATM-9,CALL,19550,2023-11-12
2023-11-12 18:40:00+05:30,414.05,414.05,412.5,412.75,800,142600,0.0,19534.35,19100.0,19100,ATM-9,CALL,19550,2023-11-12
2023-11-12 18:41:00+05:30,412.75,413.6,412.5,412.6,1100,144500,0.0,19534.6,19100.0,19100,ATM-9,CALL,19550,2023-11-12
2023-11-12 18:42:00+05:30,412.6,412.95,411.1,412.75,400,144500,0.0,19535.9,19100.0,19100,ATM-9,CALL,19550,2023-11-12
2023-11-12 18:43:00+05:30,413.0,414.1,413.0,413.55,1400,144500,0.0,19536.3,19100.0,19100,ATM-9,CALL,19550,2023-11-12
2023-11-12 18:44:00+05:30,413.55,413.65,411.5,413.65,850,145150,0.0,19536.1,19100.0,19100,ATM-9,CALL,19550,2023-11-12
2023-11-12 18:45:00+05:30,413.65,413.65,413.05,413.3,1600,145150,0.0,19535.4,19100.0,19100,ATM-9,CALL,19550,2023-11-12
2023-11-12 18:46:00+05:30,413.3,413.45,411.5,411.5,5150,145150,0.0,19534.9,19100.0,19100,ATM-9,CALL,19550,2023-11-12
2023-11-12 18:47:00+05:30,411.5,412.5,411.3,412.5,200,148550,0.0,19535.5,19100.0,19100,ATM-9,CALL,19550,2023-11-12
2023-11-12 18:48:00+05:30,412.5,412.8,411.05,412.8,400,148550,0.0,19534.45,19100.0,19100,ATM-9,CALL,19550,2023-11-12
2023-11-12 18:49:00+05:30,412.8,412.8,410.0,410.0,1000,148550,0.0,19531.15,19100.0,19100,ATM-9,CALL,19550,2023-11-12
2023-11-12 18:50:00+05:30,410.0,410.8,410.0,410.8,300,149250,0.0,19531.0,19100.0,19100,ATM-9,CALL,19550,2023-11-12
2023-11-12 18:51:00+05:30,410.8,412.65,410.0,412.65,1100,149250,0.0,19529.2,19100.0,19100,ATM-9,CALL,19550,2023-11-12
2023-11-12 18:52:00+05:30,412.65,412.65,410.3,410.3,100,149250,0.0,19529.35,19100.0,19100,ATM-9,CALL,19550,2023-11-12
2023-11-12 18:53:00+05:30,410.3,410.3,409.5,409.5,50,150050,0.0,19527.85,19100.0,19100,ATM-9,CALL,19550,2023-11-12
2023-11-12 18:54:00+05:30,409.5,411.2,409.5,411.2,1000,150050,0.0,19529.95,19100.0,19100,ATM-9,CALL,19550,2023-11-12
2023-11-12 18:55:00+05:30,411.2,411.35,409.85,411.35,300,150050,0.0,19530.15,19100.0,19100,ATM-9,CALL,19550,2023-11-12
2023-11-12 18:56:00+05:30,411.35,411.35,409.05,409.05,100,150050,0.0,19526.4,19100.0,19100,ATM-9,CALL,19550,2023-11-12
2023-11-12 18:57:00+05:30,409.05,410.5,409.05,410.5,700,150600,0.0,19526.7,19100.0,19100,ATM-9,CALL,19550,2023-11-12
2023-11-12 18:58:00+05:30,410.5,416.0,410.5,416.0,3300,150600,0.0,19528.65,19100.0,19100,ATM-9,CALL,19550,2023-11-12
2023-11-12 18:59:00+05:30,416.0,416.0,414.3,414.3,550,148650,0.0,19528.45,19100.0,19100,ATM-9,CALL,19550,2023-11-12
2023-11-12 19:00:00+05:30,414.0,414.5,414.0,414.5,350,148650,0.0,19530.05,19100.0,19100,ATM-9,CALL,19550,2023-11-12
2023-11-12 19:01:00+05:30,414.5,414.5,411.3,411.3,400,148650,0.0,19528.85,19100.0,19100,ATM-9,CALL,19550,2023-11-12
2023-11-12 19:03:00+05:30,414.0,414.0,413.15,413.15,350,148100,0.0,19527.55,19100.0,19100,ATM-9,CALL,19550,2023-11-12
2023-11-12 19:04:00+05:30,413.15,413.15,411.85,411.85,550,148100,0.0,19527.75,19100.0,19100,ATM-9,CALL,19550,2023-11-12
2023-11-12 19:08:00+05:30,461.6,461.6,458.4,458.65,100,22400,0.0,19522.8,19050.0,19100,ATM-9,CALL,19550,2023-11-12
2023-11-12 19:09:00+05:30,458.65,458.65,457.75,457.75,50,22400,0.0,19521.75,19050.0,19100,ATM-9,CALL,19550,2023-11-12
2023-11-12 19:10:00+05:30,457.75,458.25,456.15,456.15,100,22400,0.0,19523.75,19050.0,19100,ATM-9,CALL,19550,2023-11-12
2023-11-12 19:11:00+05:30,456.15,457.0,456.15,457.0,100,22400,0.0,19523.45,19050.0,19100,ATM-9,CALL,19550,2023-11-12
2023-11-12 19:12:00+05:30,457.0,459.0,457.0,459.0,200,22400,0.0,19523.45,19050.0,19100,ATM-9,CALL,19550,2023-11-12
2023-11-12 18:15:00+05:30,2.25,4.55,2.1,2.95,557550,1728100,13.037023,19519.4,19050.0,19100,ATM-9,PUT,19550,2023-11-12
2023-11-12 18:16:00+05:30,2.95,3.4,2.95,3.35,294300,1728100,13.404202,19522.9,19050.0,19100,ATM-9,PUT,19550,2023-11-12
2023-11-12 18:17:00+05:30,3.35,3.6,3.3,3.6,200650,1691450,13.475718,19518.4,19050.0,19100,ATM-9,PUT,19550,2023-11-12
2023-11-12 18:18:00+05:30,3.55,3.7,3.45,3.7,278400,1691450,13.625709,19522.1,19050.0,19100,ATM-9,PUT,19550,2023-11-12
2023-11-12 18:19:00+05:30,3.65,3.8,3.65,3.75,114750,1691450,13.677533,19522.9,19050.0,19100,ATM-9,PUT,19550,2023-11-12
2023-11-12 18:20:00+05:30,4.6,4.7,4.55,4.6,328500,3316600,13.158164,19529.35,19100.0,19100,ATM-9,PUT,19550,2023-11-12
2023-11-12 18:21:00+05:30,4.55,4.6,4.55,4.6,273150,3316600,13.267538,19534.0,19100.0,19100,ATM-9,PUT,19550,2023-11-12
2023-11-12 18:22:00+05:30,4.6,4.8,4.5,4.8,384100,3316600,13.417622,19535.7,19100.0,19100,ATM-9,PUT,19550,2023-11-12
2023-11-12 18:23:00+05:30,4.75,4.95,4.75,4.8,172050,3373850,13.460826,19537.5,19100.0,19100,ATM-9,PUT,19550,2023-11-12
2023-11-12 18:24:00+05:30,4.8,5.0,4.75,5.0,229650,3373850,13.500883,19534.6,19100.0,19100,ATM-9,PUT,19550,2023-11-12
2023-11-12 18:25:00+05:30,5.0,5.3,4.95,5.2,297800,3373850,13.572103,19533.15,19100.0,19100,ATM-9,PUT,19550,2023-11-12
2023-11-12 18:26:00+05:30,5.2,5.3,5.15,5.15,227900,3458200,13.647787,19537.4,19100.0,19100,ATM-9,PUT,19550,2023-11-12
2023-11-12 18:27:00+05:30,5.15,5.3,5.15,5.3,120700,3458200,13.82474,19541.55,19100.0,19100,ATM-9,PUT,19550,2023-11-12
2023-11-12 18:28:00+05:30,5.3,5.3,5.2,5.25,124350,3458200,13.837865,19543.15,19100.0,19100,ATM-9,PUT,19550,2023-11-12
2023-11-12 18:29:00+05:30,5.25,5.3,5.2,5.25,125700,3511250,13.777558,19540.55,19100.0,19100,ATM-9,PUT,19550,2023-11-12
2023-11-12 18:30:00+05:30,5.3,5.3,5.2,5.2,305700,3511250,13.698409,19538.25,19100.0,19100,ATM-9,PUT,19550,2023-11-12
2023-11-12 18:31:00+05:30,5.2,5.45,5.15,5.45,421500,3511250,13.620267,19529.55,19100.0,19100,ATM-9,PUT,19550,2023-11-12
2023-11-12 18:32:00+05:30,5.45,5.55,5.25,5.25,495950,3701350,13.623505,19533.9,19100.0,19100,ATM-9,PUT,19550,2023-11-12
2023-11-12 18:33:00+05:30,5.25,5.3,5.2,5.2,154250,3701350,13.605994,19534.2,19100.0,19100,ATM-9,PUT,19550,2023-11-12
2023-11-12 18:34:00+05:30,5.2,5.3,5.15,5.15,132600,3701350,13.56467,19533.5,19100.0,19100,ATM-9,PUT,19550,2023-11-12
2023-11-12 18:35:00+05:30,5.15,5.25,5.1,5.15,131500,3708800,13.537402,19532.3,19100.0,19100,ATM-9,PUT,19550,2023-11-12
2023-11-12 18:36:00+05:30,5.15,5.45,5.15,5.35,603400,3708800,13.601809,19530.65,19100.0,19100,ATM-9,PUT,19550,2023-11-12
2023-11-12 18:37:00+05:30,5.35,5.35,5.15,5.2,208600,3708800,13.402923,19525.45,19100.0,19100,ATM-9,PUT,19550,2023-11-12
2023-11-12 18:38:00+05:30,5.2,5.5,5.15,5.35,460550,3602200,13.512328,19526.8,19100.0,19100,ATM-9,PUT,19550,2023-11-12
2023-11-12 18:39:00+05:30,5.3,5.35,5.2,5.2,145200,3602200,13.585536,19533.05,19100.0,19100,ATM-9,PUT,19550,2023-11-12
2023-11-12 18:40:00+05:30,5.2,5.25,5.1,5.25,402400,3602200,13.643253,19534.35,19100.0,19100,ATM-9,PUT,19550,2023-11-12
2023-11-12 18:41:00+05:30,5.2,5.25,5.15,5.15,110250,3495100,13.598607,19534.6,19100.0,19100,ATM-9,PUT,19550,2023-11-12
2023-11-12 18:42:00+05:30,5.15,5.2,5.15,5.2,74750,3495100,13.656465,19535.9,19100.0,19100,ATM-9,PUT,19550,2023-11-12
2023-11-12 18:43:00+05:30,5.15,5.2,5.1,5.15,95250,3495100,13.641094,19536.3,19100.0,19100,ATM-9,PUT,19550,2023-11-12
2023-11-12 18:44:00+05:30,5.1,5.15,5.1,5.15,26200,3456300,13.6375,19536.1,19100.0,19100,ATM-9,PUT,19550,2023-11-12
2023-11-12 18:45:00+05:30,5.1,5.15,5.1,5.15,31600,3456300,13.622074,19535.4,19100.0,19100,ATM-9,PUT,19550,2023-11-12
2023-11-12 18:46:00+05:30,5.15,5.2,5.1,5.15,32700,3456300,13.611375,19534.9,19100.0,19100,ATM-9,PUT,19550,2023-11-12
2023-11-12 18:47:00+05:30,5.15,5.2,5.1,5.15,76350,3482200,13.626712,19535.5,19100.0,19100,ATM-9,PUT,19550,2023-11-12
2023-11-12 18:48:00+05:30,5.15,5.2,5.1,5.15,70400,3482200,13.60299,19534.45,19100.0,19100,ATM-9,PUT,19550,2023-11-12
2023-11-12 18:49:00+05:30,5.2,5.25,5.15,5.2,45450,3482200,13.551768,19531.15,19100.0,19100,ATM-9,PUT,19550,2023-11-12
2023-11-12 18:50:00+05:30,5.2,5.3,5.2,5.25,43800,3476900,13.575032,19531.0,19100.0,19100,ATM-9,PUT,19550,2023-11-12
2023-11-12 18:51:00+05:30,5.25,5.35,5.25,5.35,69950,3476900,13.584233,19529.2,19100.0,19100,ATM-9,PUT,19550,2023-11-12
2023-11-12 18:52:00+05:30,5.4,5.4,5.25,5.25,46350,3476900,13.538049,19529.35,19100.0,19100,ATM-9,PUT,19550,2023-11-12
2023-11-12 18:53:00+05:30,5.25,5.3,5.25,5.25,18350,3465200,13.503476,19527.85,19100.0,19100,ATM-9,PUT,19550,2023-11-12
2023-11-12 18:54:00+05:30,5.25,5.35,5.25,5.3,90300,3465200,13.580121,19529.95,19100.0,19100,ATM-9,PUT,19550,2023-11-12
2023-11-12 18:55:00+05:30,5.25,5.35,5.25,5.3,33050,3465200,13.586019,19530.15,19100.0,19100,ATM-9,PUT,19550,2023-11-12
2023-11-12 18:56:00+05:30,5.3,5.35,5.3,5.35,76350,3462650,13.523045,19526.4,19100.0,19100,ATM-9,PUT,19550,2023-11-12
2023-11-12 18:57:00+05:30,5.35,5.35,5.25,5.25,40600,3462650,13.480588,19526.7,19100.0,19100,ATM-9,PUT,19550,2023-11-12
2023-11-12 18:58:00+05:30,5.25,5.35,5.15,5.2,314500,3462650,13.502522,19528.65,19100.0,19100,ATM-9,PUT,19550,2023-11-12
2023-11-12 18:59:00+05:30,5.25,5.25,5.2,5.25,74100,3522200,13.524529,19528.45,19100.0,19100,ATM-9,PUT,19550,2023-11-12
2023-11-12 19:00:00+05:30,5.2,5.25,5.15,5.2,60750,3522200,13.538068,19530.05,19100.0,19100,ATM-9,PUT,19550,2023-11-12
2023-11-12 19:01:00+05:30,5.2,5.25,5.15,5.25,31550,3522200,13.536315,19528.85,19100.0,19100,ATM-9,PUT,19550,2023-11-12
2023-11-12 19:02:00+05:30,5.2,5.25,5.2,5.25,39350,3474450,13.554118,19529.55,19100.0,19100,ATM-9,PUT,19550,2023-11-12
2023-11-12 19:03:00+05:30,5.2,5.25,5.2,5.25,23850,3474450,13.507603,19527.55,19100.0,19100,ATM-9,PUT,19550,2023-11-12
2023-11-12 19:04:00+05:30,5.25,5.25,5.2,5.25,84450,3474450,13.513498,19527.75,19100.0,19100,ATM-9,PUT,19550,2023-11-12
2023-11-12 19:05:00+05:30,4.4,4.45,4.35,4.4,123300,1917950,13.861478,19510.95,19050.0,19100,ATM-9,PUT,19550,2023-11-12
2023-11-12 19:06:00+05:30,4.45,4.45,4.35,4.4,50400,1917950,14.11139,19521.75,19050.0,19100,ATM-9,PUT,19550,2023-11-12
2023-11-12 19:07:00+05:30,4.4,4.5,4.4,4.45,39750,1917950,14.163034,19522.65,19050.0,19100,ATM-9,PUT,19550,2023-11-12
2023-11-12 19:08:00+05:30,4.45,4.5,4.45,4.45,44950,1918400,14.167679,19522.8,19050.0,19100,ATM-9,PUT,19550,2023-11-12
2023-11-12 19:09:00+05:30,4.45,4.5,4.45,4.45,211300,1918400,14.144692,19521.75,19050.0,19100,ATM-9,PUT,19550,2023-11-12
2023-11-12 19:10:00+05:30,4.5,4.5,4.2,4.2,166600,1918400,14.040882,19523.75,19050.0,19100,ATM-9,PUT,19550,2023-11-12
2023-11-12 19:11:00+05:30,4.25,4.35,4.15,4.25,265850,1997300,14.06582,19523.45,19050.0,19100,ATM-9,PUT,19550,2023-11-12
2023-11-12 19:12:00+05:30,4.25,4.35,4.15,4.25,65000,1997300,14.067004,19523.45,19050.0,19100,ATM-9,PUT,19550,2023-11-12
2023-11-12 19:13:00+05:30,4.25,4.35,4.1,4.2,47550,1997300,14.013571,19522.4,19050.0,19100,ATM-9,PUT,19550,2023-11-12
2023-11-12 19:14:00+05:30,4.2,4.45,3.65,3.65,75450,2010050,13.661067,19522.3,19050.0,19100,ATM-9,PUT,19550,2023-11-12
2023-11-12 19:15:00+05:30,3.7,3.7,3.7,3.7,1850,2010050,13.72239,19523.5,19050.0,19100,ATM-9,PUT,19550,2023-11-12
2023-11-12 18:15:00+05:30,416.75,416.75,356.75,381.6,9950,142350,0.0,19519.4,19100.0,19150,ATM-8,CALL,19550,2023-11-12
2023-11-12 18:16:00+05:30,381.6,389.1,381.6,388.65,3700,142350,0.0,19522.9,19100.0,19150,ATM-8,CALL,19550,2023-11-12
2023-11-12 18:17:00+05:30,388.65,393.35,388.65,392.85,2300,143900,0.0,19518.4,19100.0,19150,ATM-8,CALL,19550,2023-11-12
2023-11-12 18:18:00+05:30,392.85,395.0,388.8,390.05,1900,143900,0.0,19522.1,19100.0,19150,ATM-8,CALL,19550,2023-11-12
2023-11-12 18:19:00+05:30,390.05,399.35,390.05,399.35,1750,143900,0.0,19522.9,19100.0,19150,ATM-8,CALL,19550,2023-11-12
2023-11-12 18:20:00+05:30,348.0,357.6,348.0,357.6,1200,59300,0.0,19529.35,19150.0,19150,ATM-8,CALL,19550,2023-11-12
2023-11-12 18:21:00+05:30,357.6,367.35,357.6,367.15,7350,59300,0.0,19534.0,19150.0,19150,ATM-8,CALL,19550,2023-11-12
2023-11-12 18:22:00+05:30,367.15,367.6,363.45,365.95,700,59300,0.0,19535.7,19150.0,19150,ATM-8,CALL,19550,2023-11-12
2023-11-12 18:23:00+05:30,366.8,367.2,366.0,366.25,200,62050,0.0,19537.5,19150.0,19150,ATM-8,CALL,19550,2023-11-12
2023-11-12 18:24:00+05:30,366.25,369.0,365.1,365.1,450,62050,0.0,19534.6,19150.0,19150,ATM-8,CALL,19550,2023-11-12
2023-11-12 18:25:00+05:30,365.1,365.1,358.95,361.9,2900,62050,0.0,19533.15,19150.0,19150,ATM-8,CALL,19550,2023-11-12
2023-11-12 18:26:00+05:30,361.9,366.45,361.9,366.45,150,59700,0.0,19537.4,19150.0,19150,ATM-8,CALL,19550,2023-11-12
2023-11-12 18:27:00+05:30,366.45,366.45,365.3,366.4,500,59700,0.0,19541.55,19150.0,19150,ATM-8,CALL,19550,2023-11-12
2023-11-12 18:28:00+05:30,366.4,366.4,366.05,366.05,500,59700,0.0,19543.15,19150.0,19150,ATM-8,CALL,19550,2023-11-12
2023-11-12 18:29:00+05:30,366.05,366.05,364.25,364.25,900,59800,0.0,19540.55,19150.0,19150,ATM-8,CALL,19550,2023-11-12
2023-11-12 18:30:00+05:30,364.25,364.25,362.6,362.75,350,59800,0.0,19538.25,19150.0,19150,ATM-8,CALL,19550,2023-11-12
2023-11-12 18:31:00+05:30,362.75,363.7,358.85,358.85,150,59800,0.0,19529.55,19150.0,19150,ATM-8,CALL,19550,2023-11-12
2023-11-12 18:32:00+05:30,358.85,363.45,358.85,363.45,500,59500,0.0,19533.9,19150.0,19150,ATM-8,CALL,19550,2023-11-12
2023-11-12 18:33:00+05:30,363.45,363.45,361.2,361.2,350,59500,0.0,19534.2,19150.0,19150,ATM-8,CALL,19550,2023-11-12
2023-11-12 18:34:00+05:30,361.2,361.2,361.0,361.0,50,59500,0.0,19533.5,19150.0,19150,ATM-8,CALL,19550,2023-11-12
2023-11-12 18:35:00+05:30,361.0,361.5,360.7,361.5,100,59350,0.0,19532.3,19150.0,19150,ATM-8,CALL,19550,2023-11-12
2023-11-12 18:36:00+05:30,361.5,361.5,360.0,360.0,150,59350,0.0,19530.65,19150.0,19150,ATM-8,CALL,19550,2023-11-12
2023-11-12 18:38:00+05:30,360.0,360.0,357.05,357.05,200,59350,0.0,19526.8,19150.0,19150,ATM-8,CALL,19550,2023-11-12
2023-11-12 18:39:00+05:30,357.05,364.2,357.05,364.2,50,59200,0.0,19533.05,19150.0,19150,ATM-8,CALL,19550,2023-11-12
2023-11-12 18:41:00+05:30,364.2,364.2,361.9,361.9,100,59150,0.0,19534.6,19150.0,19150,ATM-8,CALL,19550,2023-11-12
2023-11-12 18:42:00+05:30,361.9,363.6,361.9,363.6,250,59150,0.0,19535.9,19150.0,19150,ATM-8,CALL,19550,2023-11-12
2023-11-12 18:43:00+05:30,363.6,364.2,363.6,364.2,50,59150,0.0,19536.3,19150.0,19150,ATM-8,CALL,19550,2023-11-12
2023-11-12 18:44:00+05:30,364.2,364.2,361.7,362.7,150,59150,0.0,19536.1,19150.0,19150,ATM-8,CALL,19550,2023-11-12
2023-11-12 18:46:00+05:30,362.7,362.7,362.5,362.5,50,58700,0.0,19534.9,19150.0,19150,ATM-8,CALL,19550,2023-11-12
2023-11-12 18:47:00+05:30,362.5,362.5,362.4,362.4,50,58700,0.0,19535.5,19150.0,19150,ATM-8,CALL,19550,2023-11-12
2023-11-12 18:49:00+05:30,362.4,362.4,360.85,361.35,100,58050,0.0,19531.15,19150.0,19150,ATM-8,CALL,19550,2023-11-12
2023-11-12 18:51:00+05:30,361.35,361.7,360.0,361.7,350,58000,0.0,19529.2,19150.0,19150,ATM-8,CALL,19550,2023-11-12
2023-11-12 18:52:00+05:30,361.7,362.15,361.7,362.15,50,58000,0.0,19529.35,19150.0,19150,ATM-8,CALL,19550,2023-11-12
2023-11-12 18:53:00+05:30,362.15,362.15,360.95,360.95,50,57750,0.0,19527.85,19150.0,19150,ATM-8,CALL,19550,2023-11-12
2023-11-12 18:54:00+05:30,360.95,361.0,360.95,361.0,50,57750,0.0,19529.95,19150.0,19150,ATM-8,CALL,19550,2023-11-12
2023-11-12 18:55:00+05:30,361.0,361.6,361.0,361.6,50,57750,0.0,19530.15,19150.0,19150,ATM-8,CALL,19550,2023-11-12
2023-11-12 18:58:00+05:30,361.6,367.0,361.6,367.0,200,57650,0.0,19528.65,19150.0,19150,ATM-8,CALL,19550,2023-11-12
2023-11-12 18:59:00+05:30,367.0,367.0,364.1,364.2,900,57450,0.0,19528.45,19150.0,19150,ATM-8,CALL,19550,2023-11-12
2023-11-12 19:00:00+05:30,364.2,365.65,364.2,365.65,250,57450,0.0,19530.05,19150.0,19150,ATM-8,CALL,19550,2023-11-12
2023-11-12 19:01:00+05:30,365.65,365.65,362.6,362.6,450,57450,0.0,19528.85,19150.0,19150,ATM-8,CALL,19550,2023-11-12
2023-11-12 19:03:00+05:30,362.6,364.7,362.6,364.7,250,56750,0.0,19527.55,19150.0,19150,ATM-8,CALL,19550,2023-11-12
2023-11-12 19:04:00+05:30,364.7,364.7,362.85,362.85,500,56750,0.0,19527.75,19150.0,19150,ATM-8,CALL,19550,2023-11-12
2023-11-12 19:05:00+05:30,411.85,412.0,408.0,408.0,350,147200,0.0,19510.95,19100.0,19150,ATM-8,CALL,19550,2023-11-12
2023-11-12 19:06:00+05:30,408.0,410.55,406.6,410.55,650,147200,0.0,19521.75,19100.0,19150,ATM-8,CALL,19550,2023-11-12
2023-11-12 19:07:00+05:30,410.55,410.55,410.05,410.05,50,147200,0.0,19522.65,19100.0,19150,ATM-8,CALL,19550,2023-11-12
2023-11-12 19:09:00+05:30,410.05,410.05,407.05,407.05,750,147600,0.0,19521.75,19100.0,19150,ATM-8,CALL,19550,2023-11-12
2023-11-12 19:10:00+05:30,407.05,409.35,407.05,408.3,450,147600,0.0,19523.75,19100.0,19150,ATM-8,CALL,19550,2023-11-12
2023-11-12 19:11:00+05:30,408.3,409.3,408.3,409.15,1700,147150,0.0,19523.45,19100.0,19150,ATM-8,CALL,19550,2023-11-12
2023-11-12 19:12:00+05:30,409.15,411.55,408.6,411.55,2250,147150,0.0,19523.45,19100.0,19150,ATM-8,CALL,19550,2023-11-12
2023-11-12 19:13:00+05:30,411.55,412.0,409.5,410.6,700,147150,0.0,19522.4,19100.0,19150,ATM-8,CALL,19550,2023-11-12
2023-11-12 19:14:00+05:30,410.6,411.7,407.0,411.7,2150,145200,0.0,19522.3,19100.0,19150,ATM-8,CALL,19550,2023-11-12
2023-11-12 18:15:00+05:30,6.25,7.8,2.9,4.15,784800,3272050,12.669265,19519.4,19100.0,19150,ATM-8,PUT,19550,2023-11-12
2023-11-12 18:16:00+05:30,4.15,4.55,4.0,4.55,897850,3272050,12.976049,19522.9,19100.0,19150,ATM-8,PUT,19550,2023-11-12
2023-11-12 18:17:00+05:30,4.5,4.65,4.45,4.65,470650,3392150,12.926297,19518.4,19100.0,19150,ATM-8,PUT,19550,2023-11-12
2023-11-12 18:18:00+05:30,4.6,4.65,4.45,4.6,432400,3392150,12.986843,19522.1,19100.0,19150,ATM-8,PUT,19550,2023-11-12
2023-11-12 18:19:00+05:30,4.65,4.75,4.6,4.6,328450,3392150,13.006604,19522.9,19100.0,19150,ATM-8,PUT,19550,2023-11-12
2023-11-12 18:20:00+05:30,6.1,6.15,5.9,5.95,307250,1878950,12.597184,19529.35,19150.0,19150,ATM-8,PUT,19550,2023-11-12
2023-11-12 18:21:00+05:30,5.95,5.95,5.75,5.8,327650,1878950,12.644434,19534.0,19150.0,19150,ATM-8,PUT,19550,2023-11-12
2023-11-12 18:22:00+05:30,5.8,6.0,5.75,6.0,242450,1878950,12.777418,19535.7,19150.0,19150,ATM-8,PUT,19550,2023-11-12
2023-11-12 18:23:00+05:30,6.0,6.15,5.9,5.9,206600,1834800,12.777462,19537.5,19150.0,19150,ATM-8,PUT,19550,2023-11-12
2023-11-12 18:24:00+05:30,5.9,6.25,5.85,6.25,193200,1834800,12.863226,19534.6,19150.0,19150,ATM-8,PUT,19550,2023-11-12
2023-11-12 18:25:00+05:30,6.25,6.6,6.15,6.5,235150,1834800,12.936657,19533.15,19150.0,19150,ATM-8,PUT,19550,2023-11-12
2023-11-12 18:26:00+05:30,6.5,6.55,6.25,6.35,171250,1874500,12.978187,19537.4,19150.0,19150,ATM-8,PUT,19550,2023-11-12
2023-11-12 18:27:00+05:30,6.35,6.5,6.3,6.4,141400,1874500,13.103586,19541.55,19150.0,19150,ATM-8,PUT,19550,2023-11-12
2023-11-12 18:28:00+05:30,6.4,6.45,6.25,6.35,139900,1874500,13.122258,19543.15,19150.0,19150,ATM-8,PUT,19550,2023-11-12
2023-11-12 18:29:00+05:30,6.35,6.45,6.3,6.45,93100,1884050,13.102798,19540.55,19150.0,19150,ATM-8,PUT,19550,2023-11-12
2023-11-12 18:30:00+05:30,6.45,6.45,6.3,6.35,116350,1884050,13.003474,19538.25,19150.0,19150,ATM-8,PUT,19550,2023-11-12
2023-11-12 18:31:00+05:30,6.35,6.55,6.35,6.55,139000,1884050,12.874824,19529.55,19150.0,19150,ATM-8,PUT,19550,2023-11-12
2023-11-12 18:32:00+05:30,6.55,6.85,6.55,6.55,486050,1926400,12.984155,19533.9,19150.0,19150,ATM-8,PUT,19550,2023-11-12
2023-11-12 18:33:00+05:30,6.6,6.6,6.45,6.5,101550,1926400,12.971276,19534.2,19150.0,19150,ATM-8,PUT,19550,2023-11-12
2023-11-12 18:34:00+05:30,6.45,6.6,6.4,6.4,126450,1926400,12.911905,19533.5,19150.0,19150,ATM-8,PUT,19550,2023-11-12
2023-11-12 18:35:00+05:30,6.4,6.45,6.35,6.35,72650,1814600,12.861581,19532.3,19150.0,19150,ATM-8,PUT,19550,2023-11-12
2023-11-12 18:36:00+05:30,6.4,6.6,6.35,6.5,108150,1814600,12.88622,19530.65,19150.0,19150,ATM-8,PUT,19550,2023-11-12
2023-11-12 18:37:00+05:30,6.5,6.55,6.2,6.25,153300,1814600,12.650541,19525.45,19150.0,19150,ATM-8,PUT,19550,2023-11-12
2023-11-12 18:38:00+05:30,6.25,6.5,6.25,6.45,141550,1807400,12.771151,19526.8,19150.0,19150,ATM-8,PUT,19550,2023-11-12
2023-11-12 18:39:00+05:30,6.4,6.5,6.2,6.2,239950,1807400,12.818904,19533.05,19150.0,19150,ATM-8,PUT,19550,2023-11-12
2023-11-12 18:40:00+05:30,6.25,6.3,6.1,6.3,249600,1807400,12.895907,19534.35,19150.0,19150,ATM-8,PUT,19550,2023-11-12
2023-11-12 18:41:00+05:30,6.3,6.3,6.1,6.15,116550,1859000,12.837225,19534.6,19150.0,19150,ATM-8,PUT,19550,2023-11-12
2023-11-12 18:42:00+05:30,6.2,6.2,6.1,6.15,56500,1859000,12.870334,19535.9,19150.0,19150,ATM-8,PUT,19550,2023-11-12
2023-11-12 18:43:00+05:30,6.1,6.2,6.05,6.1,107450,1859000,12.859037,19536.3,19150.0,19150,ATM-8,PUT,19550,2023-11-12
2023-11-12 18:44:00+05:30,6.15,6.15,6.05,6.05,57350,1880800,12.832862,19536.1,19150.0,19150,ATM-8,PUT,19550,2023-11-12
2023-11-12 18:45:00+05:30,6.05,6.1,6.05,6.05,32800,1880800,12.816705,19535.4,19150.0,19150,ATM-8,PUT,19550,2023-11-12
2023-11-12 18:46:00+05:30,6.1,6.15,6.05,6.15,14000,1880800,12.84993,19534.9,19150.0,19150,ATM-8,PUT,19550,2023-11-12
2023-11-12 18:47:00+05:30,6.15,6.15,6.1,6.15,54000,1903650,12.865792,19535.5,19150.0,19150,ATM-8,PUT,19550,2023-11-12
2023-11-12 18:48:00+05:30,6.15,6.25,6.1,6.25,75850,1903650,12.88502,19534.45,19150.0,19150,ATM-8,PUT,19550,2023-11-12
2023-11-12 18:49:00+05:30,6.25,6.3,6.25,6.3,31050,1903650,12.826212,19531.15,19150.0,19150,ATM-8,PUT,19550,2023-11-12
2023-11-12 18:50:00+05:30,6.3,6.4,6.3,6.4,47100,1893000,12.866879,19531.0,19150.0,19150,ATM-8,PUT,19550,2023-11-12
2023-11-12 18:51:00+05:30,6.4,6.45,6.3,6.45,52500,1893000,12.844664,19529.2,19150.0,19150,ATM-8,PUT,19550,2023-11-12
2023-11-12 18:52:00+05:30,6.45,6.45,6.3,6.3,31450,1893000,12.784735,19529.35,19150.0,19150,ATM-8,PUT,19550,2023-11-12
2023-11-12 18:53:00+05:30,6.3,6.35,6.25,6.3,28400,1879650,12.748546,19527.85,19150.0,19150,ATM-8,PUT,19550,2023-11-12
2023-11-12 18:54:00+05:30,6.3,6.4,6.3,6.3,71800,1879650,12.801743,19529.95,19150.0,19150,ATM-8,PUT,19550,2023-11-12
2023-11-12 18:55:00+05:30,6.3,6.45,6.25,6.4,31050,1879650,12.851063,19530.15,19150.0,19150,ATM-8,PUT,19550,2023-11-12
2023-11-12 18:56:00+05:30,6.4,6.4,6.35,6.35,58350,1899900,12.737263,19526.4,19150.0,19150,ATM-8,PUT,19550,2023-11-12
2023-11-12 18:57:00+05:30,6.35,6.4,6.3,6.35,74200,1899900,12.745784,19526.7,19150.0,19150,ATM-8,PUT,19550,2023-11-12
2023-11-12 18:58:00+05:30,6.3,6.35,6.05,6.1,142600,1899900,12.686147,19528.65,19150.0,19150,ATM-8,PUT,19550,2023-11-12
2023-11-12 18:59:00+05:30,6.1,6.15,6.05,6.1,29700,1942550,12.682251,19528.45,19150.0,19150,ATM-8,PUT,19550,2023-11-12
2023-11-12 19:00:00+05:30,6.1,6.15,6.05,6.1,45800,1942550,12.722862,19530.05,19150.0,19150,ATM-8,PUT,19550,2023-11-12
2023-11-12 19:01:00+05:30,6.1,6.2,6.05,6.15,42900,1942550,12.716285,19528.85,19150.0,19150,ATM-8,PUT,19550,2023-11-12
2023-11-12 19:02:00+05:30,6.2,6.2,6.1,6.1,25050,1944200,12.712608,19529.55,19150.0,19150,ATM-8,PUT,19550,2023-11-12
2023-11-12 19:03:00+05:30,6.1,6.2,6.1,6.15,47700,1944200,12.686189,19527.55,19150.0,19150,ATM-8,PUT,19550,2023-11-12
2023-11-12 19:04:00+05:30,6.2,6.25,6.15,6.25,15950,1944200,12.735941,19527.75,19150.0,19150,ATM-8,PUT,19550,2023-11-12
2023-11-12 19:05:00+05:30,5.25,5.25,5.15,5.25,177700,3429800,13.112962,19510.95,19100.0,19150,ATM-8,PUT,19550,2023-11-12
2023-11-12 19:06:00+05:30,5.3,5.35,5.2,5.35,202050,3429800,13.423064,19521.75,19100.0,19150,ATM-8,PUT,19550,2023-11-12
2023-11-12 19:07:00+05:30,5.3,5.35,5.3,5.3,54950,3429800,13.420533,19522.65,19100.0,19150,ATM-8,PUT,19550,2023-11-12
2023-11-12 19:08:00+05:30,5.35,5.35,5.25,5.25,68650,3406150,13.399896,19522.8,19100.0,19150,ATM-8,PUT,19550,2023-11-12
2023-11-12 19:09:00+05:30,5.25,5.3,5.25,5.3,88000,3406150,13.401245,19521.75,19100.0,19150,ATM-8,PUT,19550,2023-11-12
2023-11-12 19:10:00+05:30,5.25,5.3,4.85,4.9,219750,3406150,13.243282,19523.75,19100.0,19150,ATM-8,PUT,19550,2023-11-12
2023-11-12 19:11:00+05:30,4.9,5.05,4.8,4.9,292950,3413950,13.23729,19523.45,19100.0,19150,ATM-8,PUT,19550,2023-11-12
2023-11-12 19:12:00+05:30,4.95,5.05,4.9,4.9,155150,3413950,13.238397,19523.45,19100.0,19150,ATM-8,PUT,19550,2023-11-12
2023-11-12 19:13:00+05:30,4.9,5.05,4.75,4.85,104150,3413950,13.188168,19522.4,19100.0,19150,ATM-8,PUT,19550,2023-11-12
2023-11-12 19:14:00+05:30,4.85,4.85,4.2,4.2,218000,3340250,12.827596,19522.3,19100.0,19150,ATM-8,PUT,19550,2023-11-12
2023-11-12 19:15:00+05:30,4.2,4.2,4.2,4.2,300,3340250,12.856499,19523.5,19100.0,19150,ATM-8,PUT,19550,2023-11-12
2023-11-12 18:15:00+05:30,354.95,356.85,306.0,332.35,5500,60250,0.0,19519.4,19150.0,19200,ATM-7,CALL,19550,2023-11-12
2023-11-12 18:16:00+05:30,335.0,340.9,334.95,340.9,1200,60250,0.0,19522.9,19150.0,19200,ATM-7,CALL,19550,2023-11-12
2023-11-12 18:17:00+05:30,341.5,346.75,340.5,346.75,2900,60000,0.0,19518.4,19150.0,19200,ATM-7,CALL,19550,2023-11-12
2023-11-12 18:18:00+05:30,346.75,346.8,340.2,342.0,750,60000,0.0,19522.1,19150.0,19200,ATM-7,CALL,19550,2023-11-12
2023-11-12 18:19:00+05:30,342.0,348.0,342.0,348.0,1450,60000,0.0,19522.9,19150.0,19200,ATM-7,CALL,19550,2023-11-12
2023-11-12 18:20:00+05:30,304.55,312.7,304.0,312.7,113200,691500,0.0,19529.35,19200.0,19200,ATM-7,CALL,19550,2023-11-12
2023-11-12 18:21:00+05:30,312.75,320.0,312.0,320.0,149600,691500,0.0,19534.0,19200.0,19200,ATM-7,CALL,19550,2023-11-12
2023-11-12 18:22:00+05:30,320.15,320.65,316.95,319.05,84450,691500,0.0,19535.7,19200.0,19200,ATM-7,CALL,19550,2023-11-12
2023-11-12 18:23:00+05:30,319.05,320.85,318.0,320.85,16200,883950,0.0,19537.5,19200.0,19200,ATM-7,CALL,19550,2023-11-12
2023-11-12 18:24:00+05:30,320.85,321.85,317.8,318.5,10350,883950,0.0,19534.6,19200.0,19200,ATM-7,CALL,19550,2023-11-12
2023-11-12 18:25:00+05:30,318.5,318.55,311.25,315.85,10950,883950,0.0,19533.15,19200.0,19200,ATM-7,CALL,19550,2023-11-12
2023-11-12 18:26:00+05:30,315.85,319.6,315.05,318.8,8250,874550,0.0,19537.4,19200.0,19200,ATM-7,CALL,19550,2023-11-12
2023-11-12 18:27:00+05:30,318.8,319.25,316.5,318.35,6150,874550,0.0,19541.55,19200.0,19200,ATM-7,CALL,19550,2023-11-12
2023-11-12 18:28:00+05:30,318.35,319.25,318.3,318.95,6150,874550,0.0,19543.15,19200.0,19200,ATM-7,CALL,19550,2023-11-12
2023-11-12 18:29:00+05:30,318.9,318.95,316.3,316.85,12200,878950,0.0,19540.55,19200.0,19200,ATM-7,CALL,19550,2023-11-12
2023-11-12 18:30:00+05:30,316.85,317.25,315.6,317.25,3700,878950,0.0,19538.25,19200.0,19200,ATM-7,CALL,19550,2023-11-12
2023-11-12 18:31:00+05:30,317.25,317.25,311.1,311.5,9250,878950,0.0,19529.55,19200.0,19200,ATM-7,CALL,19550,2023-11-12
2023-11-12 18:32:00+05:30,312.0,316.0,310.55,316.0,2400,871350,0.0,19533.9,19200.0,19200,ATM-7,CALL,19550,2023-11-12
2023-11-12 18:33:00+05:30,316.0,316.3,314.05,314.05,7550,871350,0.0,19534.2,19200.0,19200,ATM-7,CALL,19550,2023-11-12
2023-11-12 18:34:00+05:30,314.05,314.55,312.85,313.0,3300,871350,0.0,19533.5,19200.0,19200,ATM-7,CALL,19550,2023-11-12
2023-11-12 18:35:00+05:30,313.0,314.15,313.0,313.2,500,870000,0.0,19532.3,19200.0,19200,ATM-7,CALL,19550,2023-11-12
2023-11-12 18:36:00+05:30,313.2,313.7,311.5,312.0,1050,870000,0.0,19530.65,19200.0,19200,ATM-7,CALL,19550,2023-11-12
2023-11-12 18:37:00+05:30,312.0,312.0,309.3,309.35,5400,870000,0.0,19525.45,19200.0,19200,ATM-7,CALL,19550,2023-11-12
2023-11-12 18:38:00+05:30,309.35,312.0,308.1,311.9,9850,871200,0.0,19526.8,19200.0,19200,ATM-7,CALL,19550,2023-11-12
2023-11-12 18:39:00+05:30,311.9,317.05,311.9,316.6,4650,871200,0.0,19533.05,19200.0,19200,ATM-7,CALL,19550,2023-11-12
2023-11-12 18:40:00+05:30,316.6,317.6,315.0,315.0,5250,871200,0.0,19534.35,19200.0,19200,ATM-7,CALL,19550,2023-11-12
2023-11-12 18:41:00+05:30,315.0,316.45,314.45,314.85,2550,864750,0.0,19534.6,19200.0,19200,ATM-7,CALL,19550,2023-11-12
2023-11-12 18:42:00+05:30,314.85,315.85,314.45,315.45,4750,864750,0.0,19535.9,19200.0,19200,ATM-7,CALL,19550,2023-11-12
2023-11-12 18:43:00+05:30,315.8,316.9,315.75,316.45,3650,864750,0.0,19536.3,19200.0,19200,ATM-7,CALL,19550,2023-11-12
2023-11-12 18:44:00+05:30,316.45,317.15,314.4,316.1,3150,863850,0.0,19536.1,19200.0,19200,ATM-7,CALL,19550,2023-11-12
2023-11-12 18:45:00+05:30,316.1,316.7,315.4,315.4,1050,863850,0.0,19535.4,19200.0,19200,ATM-7,CALL,19550,2023-11-12
2023-11-12 18:46:00+05:30,315.4,316.0,315.3,315.4,1800,863850,0.0,19534.9,19200.0,19200,ATM-7,CALL,19550,2023-11-12
2023-11-12 18:47:00+05:30,315.4,315.6,314.35,314.35,400,862900,0.0,19535.5,19200.0,19200,ATM-7,CALL,19550,2023-11-12
2023-11-12 18:48:00+05:30,314.35,315.45,312.15,314.0,2300,862900,0.0,19534.45,19200.0,19200,ATM-7,CALL,19550,2023-11-12
2023-11-12 18:49:00+05:30,314.0,314.1,312.95,313.05,1450,862900,0.0,19531.15,19200.0,19200,ATM-7,CALL,19550,2023-11-12
2023-11-12 18:50:00+05:30,313.05,313.15,312.0,312.55,4750,862500,0.0,19531.0,19200.0,19200,ATM-7,CALL,19550,2023-11-12
2023-11-12 18:51:00+05:30,312.55,315.5,312.55,315.5,2250,862500,0.0,19529.2,19200.0,19200,ATM-7,CALL,19550,2023-11-12
2023-11-12 18:52:00+05:30,313.65,314.5,313.65,314.1,2150,862500,0.0,19529.35,19200.0,19200,ATM-7,CALL,19550,2023-11-12
2023-11-12 18:53:00+05:30,314.1,314.1,313.0,313.35,500,859900,0.0,19527.85,19200.0,19200,ATM-7,CALL,19550,2023-11-12
2023-11-12 18:54:00+05:30,313.35,313.65,312.0,313.5,3300,859900,0.0,19529.95,19200.0,19200,ATM-7,CALL,19550,2023-11-12
2023-11-12 18:55:00+05:30,313.5,314.35,313.5,313.55,1750,859900,0.0,19530.15,19200.0,19200,ATM-7,CALL,19550,2023-11-12
2023-11-12 18:56:00+05:30,313.55,313.55,313.0,313.0,1750,860300,0.0,19526.4,19200.0,19200,ATM-7,CALL,19550,2023-11-12
2023-11-12 18:57:00+05:30,313.0,313.0,312.15,313.0,1800,860300,0.0,19526.7,19200.0,19200,ATM-7,CALL,19550,2023-11-12
2023-11-12 18:58:00+05:30,313.0,319.65,313.0,318.8,7950,860300,0.0,19528.65,19200.0,19200,ATM-7,CALL,19550,2023-11-12
2023-11-12 18:59:00+05:30,318.35,318.35,316.5,317.0,3900,854250,0.0,19528.45,19200.0,19200,ATM-7,CALL,19550,2023-11-12
2023-11-12 19:00:00+05:30,317.0,318.2,317.0,317.1,3100,854250,0.0,19530.05,19200.0,19200,ATM-7,CALL,19550,2023-11-12
2023-11-12 19:01:00+05:30,317.1,317.1,314.35,316.1,6150,854250,0.0,19528.85,19200.0,19200,ATM-7,CALL,19550,2023-11-12
2023-11-12 19:02:00+05:30,316.25,316.25,314.95,315.55,1450,851800,0.0,19529.55,19200.0,19200,ATM-7,CALL,19550,2023-11-12
2023-11-12 19:03:00+05:30,315.55,316.6,315.0,315.55,3150,851800,0.0,19527.55,19200.0,19200,ATM-7,CALL,19550,2023-11-12
2023-11-12 19:04:00+05:30,315.55,315.95,315.05,315.65,3200,851800,0.0,19527.75,19200.0,19200,ATM-7,CALL,19550,2023-11-12
2023-11-12 19:05:00+05:30,364.45,364.45,357.95,358.65,750,56750,0.0,19510.95,19150.0,19200,ATM-7,CALL,19550,2023-11-12
2023-11-12 19:06:00+05:30,356.6,359.65,356.6,359.65,300,56750,0.0,19521.75,19150.0,19200,ATM-7,CALL,19550,2023-11-12
2023-11-12 19:07:00+05:30,359.65,361.55,359.65,359.85,1500,56750,0.0,19522.65,19150.0,19200,ATM-7,CALL,19550,2023-11-12
2023-11-12 19:08:00+05:30,359.85,360.85,359.85,360.05,450,55600,0.0,19522.8,19150.0,19200,ATM-7,CALL,19550,2023-11-12
2023-11-12 19:09:00+05:30,360.9,360.9,357.65,357.9,2250,55600,0.0,19521.75,19150.0,19200,ATM-7,CALL,19550,2023-11-12
2023-11-12 19:10:00+05:30,357.9,359.9,357.9,358.5,1650,55600,0.0,19523.75,19150.0,19200,ATM-7,CALL,19550,2023-11-12
2023-11-12 19:11:00+05:30,358.5,359.85,358.5,359.75,550,54950,0.0,19523.45,19150.0,19200,ATM-7,CALL,19550,2023-11-12
2023-11-12 19:12:00+05:30,359.75,361.95,358.5,361.95,850,54950,0.0,19523.45,19150.0,19200,ATM-7,CALL,19550,2023-11-12
2023-11-12 19:13:00+05:30,361.95,361.95,360.4,360.4,100,54950,0.0,19522.4,19150.0,19200,ATM-7,CALL,19550,2023-11-12
2023-11-12 19:14:00+05:30,360.4,376.35,357.55,358.4,3800,55250,0.0,19522.3,19150.0,19200,ATM-7,CALL,19550,2023-11-12
2023-11-12 18:15:00+05:30,3.9,3.9,1.05,2.75,630850,3955150,13.989988,19519.4,19000.0,19050,ATM-10,PUT,19550,2023-11-12
2023-11-12 18:16:00+05:30,2.8,3.05,2.75,3.0,619400,3955150,14.269099,19522.9,19000.0,19050,ATM-10,PUT,19550,2023-11-12
2023-11-12 18:17:00+05:30,3.0,3.2,2.95,3.2,461650,4099300,14.327893,19518.4,19000.0,19050,ATM-10,PUT,19550,2023-11-12
2023-11-12 18:18:00+05:30,3.15,3.2,3.05,3.15,428650,4099300,14.371228,19522.1,19000.0,19050,ATM-10,PUT,19550,2023-11-12
2023-11-12 18:19:00+05:30,3.1,3.25,3.1,3.2,388200,4099300,14.428036,19522.9,19000.0,19050,ATM-10,PUT,19550,2023-11-12
2023-11-12 18:20:00+05:30,3.75,3.85,3.75,3.75,79650,1716050,13.823131,19529.35,19050.0,19050,ATM-10,PUT,19550,2023-11-12
2023-11-12 18:21:00+05:30,3.75,3.85,3.75,3.8,78000,1716050,13.96121,19534.0,19050.0,19050,ATM-10,PUT,19550,2023-11-12
2023-11-12 18:22:00+05:30,3.8,4.05,3.75,4.05,253300,1716050,14.161798,19535.7,19050.0,19050,ATM-10,PUT,19550,2023-11-12
2023-11-12 18:23:00+05:30,4.05,4.25,4.05,4.15,103650,1756600,14.26662,19537.5,19050.0,19050,ATM-10,PUT,19550,2023-11-12
2023-11-12 18:24:00+05:30,4.1,4.3,4.1,4.3,222650,1756600,14.294828,19534.6,19050.0,19050,ATM-10,PUT,19550,2023-11-12
2023-11-12 18:25:00+05:30,4.25,4.5,4.25,4.4,143300,1756600,14.323662,19533.15,19050.0,19050,ATM-10,PUT,19550,2023-11-12
2023-11-12 18:26:00+05:30,4.45,4.55,4.4,4.4,71600,1794400,14.4218,19537.4,19050.0,19050,ATM-10,PUT,19550,2023-11-12
2023-11-12 18:27:00+05:30,4.4,4.55,4.4,4.55,107450,1794400,14.607892,19541.55,19050.0,19050,ATM-10,PUT,19550,2023-11-12
2023-11-12 18:28:00+05:30,4.55,4.55,4.5,4.5,59450,1794400,14.615706,19543.15,19050.0,19050,ATM-10,PUT,19550,2023-11-12
2023-11-12 18:29:00+05:30,4.5,4.55,4.45,4.55,73150,1789050,14.587463,19540.55,19050.0,19050,ATM-10,PUT,19550,2023-11-12
2023-11-12 18:30:00+05:30,4.55,4.55,4.45,4.5,67950,1789050,14.506208,19538.25,19050.0,19050,ATM-10,PUT,19550,2023-11-12
2023-11-12 18:31:00+05:30,4.55,4.6,4.5,4.6,38750,1789050,14.367101,19529.55,19050.0,19050,ATM-10,PUT,19550,2023-11-12
2023-11-12 18:32:00+05:30,4.6,4.7,4.5,4.5,192000,1795050,14.409095,19533.9,19050.0,19050,ATM-10,PUT,19550,2023-11-12
2023-11-12 18:33:00+05:30,4.5,4.55,4.45,4.5,31450,1795050,14.417171,19534.2,19050.0,19050,ATM-10,PUT,19550,2023-11-12
2023-11-12 18:34:00+05:30,4.5,4.6,4.45,4.45,64900,1795050,14.372491,19533.5,19050.0,19050,ATM-10,PUT,19550,2023-11-12
2023-11-12 18:35:00+05:30,4.45,4.55,4.45,4.5,33800,1753250,14.376056,19532.3,19050.0,19050,ATM-10,PUT,19550,2023-11-12
2023-11-12 18:36:00+05:30,4.45,4.7,4.45,4.6,42300,1753250,14.398415,19530.65,19050.0,19050,ATM-10,PUT,19550,2023-11-12
2023-11-12 18:37:00+05:30,4.6,4.65,4.45,4.5,90150,1753250,14.221282,19525.45,19050.0,19050,ATM-10,PUT,19550,2023-11-12
2023-11-12 18:38:00+05:30,4.5,4.65,4.45,4.5,93200,1749350,14.25348,19526.8,19050.0,19050,ATM-10,PUT,19550,2023-11-12
2023-11-12 18:39:00+05:30,4.5,4.6,4.5,4.5,95050,1749350,14.398065,19533.05,19050.0,19050,ATM-10,PUT,19550,2023-11-12
2023-11-12 18:40:00+05:30,4.45,4.5,4.35,4.5,154750,1749350,14.429064,19534.35,19050.0,19050,ATM-10,PUT,19550,2023-11-12
2023-11-12 18:41:00+05:30,4.45,4.5,4.4,4.4,28750,1794700,14.37599,19534.6,19050.0,19050,ATM-10,PUT,19550,2023-11-12
2023-11-12 18:42:00+05:30,4.4,4.45,4.4,4.45,15000,1794700,14.437041,19535.9,19050.0,19050,ATM-10,PUT,19550,2023-11-12
2023-11-12 18:43:00+05:30,4.45,4.45,4.35,4.35,33800,1794700,14.38687,19536.3,19050.0,19050,ATM-10,PUT,19550,2023-11-12
2023-11-12 18:44:00+05:30,4.35,4.4,4.35,4.4,53350,1807650,14.413877,19536.1,19050.0,19050,ATM-10,PUT,19550,2023-11-12
2023-11-12 18:45:00+05:30,4.35,4.4,4.35,4.4,32200,1807650,14.399094,19535.4,19050.0,19050,ATM-10,PUT,19550,2023-11-12
2023-11-12 18:46:00+05:30,4.4,4.4,4.35,4.4,24150,1807650,14.388877,19534.9,19050.0,19050,ATM-10,PUT,19550,2023-11-12
2023-11-12 18:47:00+05:30,4.4,4.4,4.3,4.3,45600,1810250,14.342897,19535.5,19050.0,19050,ATM-10,PUT,19550,2023-11-12
2023-11-12 18:48:00+05:30,4.35,4.4,4.3,4.35,97450,1810250,14.35069,19534.45,19050.0,19050,ATM-10,PUT,19550,2023-11-12
2023-11-12 18:49:00+05:30,4.4,4.45,4.35,4.4,13000,1810250,14.306725,19531.15,19050.0,19050,ATM-10,PUT,19550,2023-11-12
2023-11-12 18:50:00+05:30,4.4,4.5,4.4,4.5,34100,1787850,14.364309,19531.0,19050.0,19050,ATM-10,PUT,19550,2023-11-12
2023-11-12 18:51:00+05:30,4.5,4.55,4.45,4.5,63750,1787850,14.324176,19529.2,19050.0,19050,ATM-10,PUT,19550,2023-11-12
2023-11-12 18:52:00+05:30,4.5,4.55,4.4,4.4,39250,1787850,14.269109,19529.35,19050.0,19050,ATM-10,PUT,19550,2023-11-12
2023-11-12 18:53:00+05:30,4.4,4.45,4.4,4.45,12000,1792250,14.265842,19527.85,19050.0,19050,ATM-10,PUT,19550,2023-11-12
2023-11-12 18:54:00+05:30,4.45,4.45,4.4,4.4,84250,1792250,14.285251,19529.95,19050.0,19050,ATM-10,PUT,19550,2023-11-12
2023-11-12 18:55:00+05:30,4.4,4.45,4.4,4.4,16600,1792250,14.291032,19530.15,19050.0,19050,ATM-10,PUT,19550,2023-11-12
2023-11-12 18:56:00+05:30,4.4,4.45,4.4,4.4,52650,1809800,14.206273,19526.4,19050.0,19050,ATM-10,PUT,19550,2023-11-12
2023-11-12 18:57:00+05:30,4.4,4.45,4.35,4.4,54600,1809800,14.214348,19526.7,19050.0,19050,ATM-10,PUT,19550,2023-11-12
2023-11-12 18:58:00+05:30,4.4,4.45,4.35,4.35,148750,1809800,14.230114,19528.65,19050.0,19050,ATM-10,PUT,19550,2023-11-12
2023-11-12 18:59:00+05:30,4.4,4.4,4.35,4.4,33500,1860400,14.256871,19528.45,19050.0,19050,ATM-10,PUT,19550,2023-11-12
2023-11-12 19:00:00+05:30,4.4,4.4,4.3,4.35,44650,1860400,14.264552,19530.05,19050.0,19050,ATM-10,PUT,19550,2023-11-12
2023-11-12 19:01:00+05:30,4.35,4.4,4.3,4.4,73300,1860400,14.268441,19528.85,19050.0,19050,ATM-10,PUT,19550,2023-11-12
2023-11-12 19:02:00+05:30,4.4,4.4,4.35,4.4,27600,1869200,14.285691,19529.55,19050.0,19050,ATM-10,PUT,19550,2023-11-12
2023-11-12 19:03:00+05:30,4.4,4.45,4.35,4.45,78900,1869200,14.270944,19527.55,19050.0,19050,ATM-10,PUT,19550,2023-11-12
2023-11-12 19:04:00+05:30,4.4,4.45,4.4,4.45,37150,1869200,14.276741,19527.75,19050.0,19050,ATM-10,PUT,19550,2023-11-12
2023-11-12 19:05:00+05:30,4.0,4.05,4.0,4.0,150000,7532550,14.786777,19510.95,19000.0,19050,ATM-10,PUT,19550,2023-11-12
2023-11-12 19:06:00+05:30,4.0,4.05,3.95,4.05,87500,7532550,15.063867,19521.75,19000.0,19050,ATM-10,PUT,19550,2023-11-12
2023-11-12 19:07:00+05:30,4.0,4.1,4.0,4.1,312000,7532550,15.118437,19522.65,19000.0,19050,ATM-10,PUT,19550,2023-11-12
2023-11-12 19:08:00+05:30,4.1,4.15,4.05,4.1,126650,7619250,15.123091,19522.8,19000.0,19050,ATM-10,PUT,19550,2023-11-12
2023-11-12 19:09:00+05:30,4.1,4.15,4.05,4.1,442300,7619250,15.100751,19521.75,19000.0,19050,ATM-10,PUT,19550,2023-11-12
2023-11-12 19:10:00+05:30,4.1,4.1,3.85,3.9,356400,7619250,15.013021,19523.75,19000.0,19050,ATM-10,PUT,19550,2023-11-12
2023-11-12 19:11:00+05:30,3.9,3.95,3.8,3.9,379350,7788500,15.007588,19523.45,19000.0,19050,ATM-10,PUT,19550,2023-11-12
2023-11-12 19:12:00+05:30,3.85,4.0,3.85,3.9,241700,7788500,15.00886,19523.45,19000.0,19050,ATM-10,PUT,19550,2023-11-12
2023-11-12 19:13:00+05:30,3.8,3.95,3.8,3.85,241200,7788500,14.952564,19522.4,19000.0,19050,ATM-10,PUT,19550,2023-11-12
2023-11-12 19:14:00+05:30,3.8,3.85,3.2,3.2,374850,8018900,14.481958,19522.3,19000.0,19050,ATM-10,PUT,19550,2023-11-12
2023-11-12 19:15:00+05:30,3.35,3.35,3.35,3.35,500,8018900,14.622661,19523.5,19000.0,19050,ATM-10,PUT,19550,2023-11-12
2023-11-12 18:15:00+05:30,5.8,8.65,2.0,6.0,422450,1935000,12.369336,19519.4,19150.0,19200,ATM-7,PUT,19550,2023-11-12
2023-11-12 18:16:00+05:30,5.9,6.1,5.6,5.9,583400,1935000,12.412385,19522.9,19150.0,19200,ATM-7,PUT,19550,2023-11-12
2023-11-12 18:17:00+05:30,5.95,6.3,5.9,6.15,563250,2031450,12.41194,19518.4,19150.0,19200,ATM-7,PUT,19550,2023-11-12
2023-11-12 18:18:00+05:30,6.0,6.2,5.9,6.1,336200,2031450,12.482779,19522.1,19150.0,19200,ATM-7,PUT,19550,2023-11-12
2023-11-12 18:19:00+05:30,6.15,6.35,6.1,6.1,255800,2031450,12.503565,19522.9,19150.0,19200,ATM-7,PUT,19550,2023-11-12
2023-11-12 18:20:00+05:30,8.85,8.95,8.6,8.65,414500,3799400,12.343626,19529.35,19200.0,19200,ATM-7,PUT,19550,2023-11-12
2023-11-12 18:21:00+05:30,8.65,8.75,8.4,8.45,479700,3799400,12.397931,19534.0,19200.0,19200,ATM-7,PUT,19550,2023-11-12
2023-11-12 18:22:00+05:30,8.4,8.65,8.35,8.65,374500,3799400,12.51347,19535.7,19200.0,19200,ATM-7,PUT,19550,2023-11-12
2023-11-12 18:23:00+05:30,8.65,8.8,8.45,8.45,273050,3919750,12.491992,19537.5,19200.0,19200,ATM-7,PUT,19550,2023-11-12
2023-11-12 18:24:00+05:30,8.45,8.9,8.3,8.9,191350,3919750,12.572521,19534.6,19200.0,19200,ATM-7,PUT,19550,2023-11-12
2023-11-12 18:25:00+05:30,8.9,9.4,8.85,9.25,244050,3919750,12.653378,19533.15,19200.0,19200,ATM-7,PUT,19550,2023-11-12
2023-11-12 18:26:00+05:30,9.2,9.25,8.85,8.85,172450,3974200,12.63162,19537.4,19200.0,19200,ATM-7,PUT,19550,2023-11-12
2023-11-12 18:27:00+05:30,8.95,9.2,8.85,9.05,176150,3974200,12.811232,19541.55,19200.0,19200,ATM-7,PUT,19550,2023-11-12
2023-11-12 18:28:00+05:30,9.05,9.05,8.8,8.9,329250,3974200,12.803016,19543.15,19200.0,19200,ATM-7,PUT,19550,2023-11-12
2023-11-12 18:29:00+05:30,8.95,9.05,8.9,9.0,180100,3903450,12.76969,19540.55,19200.0,19200,ATM-7,PUT,19550,2023-11-12
2023-11-12 18:30:00+05:30,9.0,9.0,8.85,8.95,148600,3903450,12.692621,19538.25,19200.0,19200,ATM-7,PUT,19550,2023-11-12
2023-11-12 18:31:00+05:30,8.9,9.15,8.85,9.15,269300,3903450,12.529876,19529.55,19200.0,19200,ATM-7,PUT,19550,2023-11-12
2023-11-12 18:32:00+05:30,9.15,9.35,8.95,8.95,486400,3896100,12.57922,19533.9,19200.0,19200,ATM-7,PUT,19550,2023-11-12
2023-11-12 18:33:00+05:30,9.0,9.05,8.9,8.9,121800,3896100,12.571149,19534.2,19200.0,19200,ATM-7,PUT,19550,2023-11-12
2023-11-12 18:34:00+05:30,8.95,9.0,8.8,8.8,195750,3896100,12.519331,19533.5,19200.0,19200,ATM-7,PUT,19550,2023-11-12
2023-11-12 18:35:00+05:30,8.8,8.9,8.75,8.85,101200,3820050,12.505648,19532.3,19200.0,19200,ATM-7,PUT,19550,2023-11-12
2023-11-12 18:36:00+05:30,8.85,9.05,8.8,8.95,133500,3820050,12.496865,19530.65,19200.0,19200,ATM-7,PUT,19550,2023-11-12
2023-11-12 18:37:00+05:30,8.95,9.0,8.6,8.75,287000,3820050,12.291445,19525.45,19200.0,19200,ATM-7,PUT,19550,2023-11-12
2023-11-12 18:38:00+05:30,8.75,8.95,8.7,8.9,110250,3805350,12.379365,19526.8,19200.0,19200,ATM-7,PUT,19550,2023-11-12
2023-11-12 18:39:00+05:30,8.85,8.85,8.3,8.3,471350,3805350,12.338351,19533.05,19200.0,19200,ATM-7,PUT,19550,2023-11-12
2023-11-12 18:40:00+05:30,8.35,8.4,8.1,8.4,251950,3805350,12.408839,19534.35,19200.0,19200,ATM-7,PUT,19550,2023-11-12
2023-11-12 18:41:00+05:30,8.4,8.4,8.2,8.3,198650,3916350,12.381124,19534.6,19200.0,19200,ATM-7,PUT,19550,2023-11-12
2023-11-12 18:42:00+05:30,8.25,8.35,8.2,8.2,71600,3916350,12.380707,19535.9,19200.0,19200,ATM-7,PUT,19550,2023-11-12
2023-11-12 18:43:00+05:30,8.2,8.3,8.1,8.2,145900,3916350,12.392209,19536.3,19200.0,19200,ATM-7,PUT,19550,2023-11-12
2023-11-12 18:44:00+05:30,8.2,8.25,8.1,8.1,58750,3991100,12.35216,19536.1,19200.0,19200,ATM-7,PUT,19550,2023-11-12
2023-11-12 18:45:00+05:30,8.1,8.2,8.05,8.15,125600,3991100,12.352767,19535.4,19200.0,19200,ATM-7,PUT,19550,2023-11-12
2023-11-12 18:46:00+05:30,8.2,8.25,8.15,8.25,81550,3991100,12.376331,19534.9,19200.0,19200,ATM-7,PUT,19550,2023-11-12
2023-11-12 18:47:00+05:30,8.2,8.25,8.15,8.15,137650,4034850,12.357412,19535.5,19200.0,19200,ATM-7,PUT,19550,2023-11-12
2023-11-12 18:48:00+05:30,8.2,8.35,8.15,8.35,90650,4034850,12.401969,19534.45,19200.0,19200,ATM-7,PUT,19550,2023-11-12
2023-11-12 18:49:00+05:30,8.3,8.5,8.3,8.5,58500,4034850,12.368561,19531.15,19200.0,19200,ATM-7,PUT,19550,2023-11-12
2023-11-12 18:50:00+05:30,8.5,8.65,8.45,8.55,76050,4009900,12.383014,19531.0,19200.0,19200,ATM-7,PUT,19550,2023-11-12
2023-11-12 18:51:00+05:30,8.55,8.55,8.35,8.5,131750,4009900,12.318991,19529.2,19200.0,19200,ATM-7,PUT,19550,2023-11-12
2023-11-12 18:52:00+05:30,8.6,8.6,8.35,8.45,93750,4009900,12.306551,19529.35,19200.0,19200,ATM-7,PUT,19550,2023-11-12
2023-11-12 18:53:00+05:30,8.45,8.5,8.4,8.4,57200,3976450,12.25043,19527.85,19200.0,19200,ATM-7,PUT,19550,2023-11-12
2023-11-12 18:54:00+05:30,8.45,8.6,8.35,8.4,73000,3976450,12.30695,19529.95,19200.0,19200,ATM-7,PUT,19550,2023-11-12
2023-11-12 18:55:00+05:30,8.45,8.6,8.4,8.55,83200,3976450,12.365576,19530.15,19200.0,19200,ATM-7,PUT,19550,2023-11-12
2023-11-12 18:56:00+05:30,8.5,8.65,8.5,8.65,66600,3982700,12.301601,19526.4,19200.0,19200,ATM-7,PUT,19550,2023-11-12
2023-11-12 18:57:00+05:30,8.55,8.65,8.45,8.45,79500,3982700,12.241425,19526.7,19200.0,19200,ATM-7,PUT,19550,2023-11-12
2023-11-12 18:58:00+05:30,8.45,8.5,7.95,8.0,279700,3982700,12.135035,19528.65,19200.0,19200,ATM-7,PUT,19550,2023-11-12
2023-11-12 18:59:00+05:30,8.0,8.2,8.0,8.15,55600,3930200,12.184259,19528.45,19200.0,19200,ATM-7,PUT,19550,2023-11-12
2023-11-12 19:00:00+05:30,8.15,8.15,8.0,8.0,107750,3930200,12.173775,19530.05,19200.0,19200,ATM-7,PUT,19550,2023-11-12
2023-11-12 19:01:00+05:30,8.0,8.25,8.0,8.15,74750,3930200,12.196792,19528.85,19200.0,19200,ATM-7,PUT,19550,2023-11-12
2023-11-12 19:02:00+05:30,8.15,8.2,8.05,8.1,78350,3954550,12.19842,19529.55,19200.0,19200,ATM-7,PUT,19550,2023-11-12
2023-11-12 19:03:00+05:30,8.1,8.2,8.05,8.2,64650,3954550,12.182247,19527.55,19200.0,19200,ATM-7,PUT,19550,2023-11-12
2023-11-12 19:04:00+05:30,8.2,8.25,8.15,8.25,55550,3954550,12.206179,19527.75,19200.0,19200,ATM-7,PUT,19550,2023-11-12
2023-11-12 19:05:00+05:30,6.25,6.3,6.15,6.3,113850,1952400,12.339477,19510.95,19150.0,19200,ATM-7,PUT,19550,2023-11-12
2023-11-12 19:06:00+05:30,6.35,6.4,6.25,6.4,128800,1952400,12.653251,19521.75,19150.0,19200,ATM-7,PUT,19550,2023-11-12
2023-11-12 19:07:00+05:30,6.35,6.4,6.3,6.35,114300,1952400,12.655371,19522.65,19150.0,19200,ATM-7,PUT,19550,2023-11-12
2023-11-12 19:08:00+05:30,6.3,6.3,6.2,6.25,68500,1892450,12.617053,19522.8,19150.0,19200,ATM-7,PUT,19550,2023-11-12
2023-11-12 19:09:00+05:30,6.25,6.25,6.15,6.15,89000,1892450,12.548528,19521.75,19150.0,19200,ATM-7,PUT,19550,2023-11-12
2023-11-12 19:10:00+05:30,6.15,6.2,5.75,5.75,200250,1892450,12.421228,19523.75,19150.0,19200,ATM-7,PUT,19550,2023-11-12
2023-11-12 19:11:00+05:30,5.75,5.9,5.65,5.75,312850,1882100,12.414876,19523.45,19150.0,19200,ATM-7,PUT,19550,2023-11-12
2023-11-12 19:12:00+05:30,5.8,5.95,5.75,5.85,95350,1882100,12.461006,19523.45,19150.0,19200,ATM-7,PUT,19550,2023-11-12
2023-11-12 19:13:00+05:30,5.9,5.95,5.65,5.65,78950,1882100,12.345628,19522.4,19150.0,19200,ATM-7,PUT,19550,2023-11-12
2023-11-12 19:14:00+05:30,5.7,5.7,5.0,5.05,140300,1816800,12.061816,19522.3,19150.0,19200,ATM-7,PUT,19550,2023-11-12
2023-11-12 19:15:00+05:30,5.2,5.2,5.2,5.2,50,1816800,12.16418,19523.5,19150.0,19200,ATM-7,PUT,19550,2023-11-12
2023-11-12 18:15:00+05:30,319.95,331.7,255.2,288.9,66300,459900,0.0,19519.4,19200.0,19250,ATM-6,CALL,19550,2023-11-12
2023-11-12 18:16:00+05:30,288.8,294.0,288.8,294.0,33150,459900,0.0,19522.9,19200.0,19250,ATM-6,CALL,19550,2023-11-12
2023-11-12 18:17:00+05:30,294.0,298.0,293.55,298.0,24100,457000,0.0,19518.4,19200.0,19250,ATM-6,CALL,19550,2023-11-12
2023-11-12 18:18:00+05:30,297.8,299.65,293.0,297.0,123750,457000,0.0,19522.1,19200.0,19250,ATM-6,CALL,19550,2023-11-12
2023-11-12 18:19:00+05:30,297.0,304.1,297.0,304.1,197800,457000,0.0,19522.9,19200.0,19250,ATM-6,CALL,19550,2023-11-12
2023-11-12 18:20:00+05:30,257.4,265.45,257.0,265.45,10850,327600,0.0,19529.35,19250.0,19250,ATM-6,CALL,19550,2023-11-12
2023-11-12 18:21:00+05:30,265.5,272.25,264.2,272.25,27550,327600,0.0,19534.0,19250.0,19250,ATM-6,CALL,19550,2023-11-12
2023-11-12 18:22:00+05:30,272.25,273.0,269.25,272.3,8450,327600,0.0,19535.7,19250.0,19250,ATM-6,CALL,19550,2023-11-12
2023-11-12 18:23:00+05:30,272.3,272.8,270.5,272.45,2600,320900,0.0,19537.5,19250.0,19250,ATM-6,CALL,19550,2023-11-12
2023-11-12 18:24:00+05:30,272.45,274.45,269.4,271.4,3950,320900,0.0,19534.6,19250.0,19250,ATM-6,CALL,19550,2023-11-12
2023-11-12 18:25:00+05:30,271.4,271.4,264.8,268.55,5950,320900,0.0,19533.15,19250.0,19250,ATM-6,CALL,19550,2023-11-12
2023-11-12 18:26:00+05:30,268.5,271.1,267.8,270.1,3450,318450,0.0,19537.4,19250.0,19250,ATM-6,CALL,19550,2023-11-12
2023-11-12 18:27:00+05:30,270.1,272.0,269.55,271.1,1650,318450,0.0,19541.55,19250.0,19250,ATM-6,CALL,19550,2023-11-12
2023-11-12 18:28:00+05:30,271.15,272.0,270.6,271.7,8000,318450,0.0,19543.15,19250.0,19250,ATM-6,CALL,19550,2023-11-12
2023-11-12 18:29:00+05:30,271.7,271.7,268.95,270.5,4350,318750,0.0,19540.55,19250.0,19250,ATM-6,CALL,19550,2023-11-12
2023-11-12 18:30:00+05:30,270.5,270.5,268.5,268.6,1250,318750,0.0,19538.25,19250.0,19250,ATM-6,CALL,19550,2023-11-12
2023-11-12 18:31:00+05:30,269.0,269.95,264.2,265.8,5050,318750,0.0,19529.55,19250.0,19250,ATM-6,CALL,19550,2023-11-12
2023-11-12 18:32:00+05:30,265.1,269.0,264.0,269.0,2100,319900,0.0,19533.9,19250.0,19250,ATM-6,CALL,19550,2023-11-12
2023-11-12 18:33:00+05:30,269.0,269.0,267.1,267.1,400,319900,0.0,19534.2,19250.0,19250,ATM-6,CALL,19550,2023-11-12
2023-11-12 18:34:00+05:30,267.1,267.45,266.0,266.5,400,319900,0.0,19533.5,19250.0,19250,ATM-6,CALL,19550,2023-11-12
2023-11-12 18:35:00+05:30,266.5,267.4,266.25,266.5,2000,318150,0.0,19532.3,19250.0,19250,ATM-6,CALL,19550,2023-11-12
2023-11-12 18:36:00+05:30,266.5,266.5,265.0,266.0,400,318150,0.0,19530.65,19250.0,19250,ATM-6,CALL,19550,2023-11-12
2023-11-12 18:37:00+05:30,266.0,266.0,261.95,262.4,2950,318150,0.0,19525.45,19250.0,19250,ATM-6,CALL,19550,2023-11-12
2023-11-12 18:38:00+05:30,262.4,265.7,261.5,265.7,550,316500,0.0,19526.8,19250.0,19250,ATM-6,CALL,19550,2023-11-12
2023-11-12 18:39:00+05:30,266.15,269.25,265.8,268.95,3150,316500,0.0,19533.05,19250.0,19250,ATM-6,CALL,19550,2023-11-12
2023-11-12 18:40:00+05:30,268.95,269.7,267.95,267.95,1550,316500,0.0,19534.35,19250.0,19250,ATM-6,CALL,19550,2023-11-12
2023-11-12 18:41:00+05:30,267.95,269.0,267.5,267.95,400,315850,0.0,19534.6,19250.0,19250,ATM-6,CALL,19550,2023-11-12
2023-11-12 18:42:00+05:30,267.95,268.2,266.85,267.7,8000,315850,0.0,19535.9,19250.0,19250,ATM-6,CALL,19550,2023-11-12
2023-11-12 18:43:00+05:30,267.7,269.0,267.7,268.8,500,315850,0.0,19536.3,19250.0,19250,ATM-6,CALL,19550,2023-11-12
2023-11-12 18:44:00+05:30,268.8,268.8,267.6,268.0,300,312950,0.0,19536.1,19250.0,19250,ATM-6,CALL,19550,2023-11-12
2023-11-12 18:45:00+05:30,268.0,268.7,267.65,267.65,1650,312950,0.0,19535.4,19250.0,19250,ATM-6,CALL,19550,2023-11-12
2023-11-12 18:46:00+05:30,267.65,268.4,267.5,267.55,2900,312950,0.0,19534.9,19250.0,19250,ATM-6,CALL,19550,2023-11-12
2023-11-12 18:47:00+05:30,267.55,268.0,267.55,267.55,400,311250,0.0,19535.5,19250.0,19250,ATM-6,CALL,19550,2023-11-12
2023-11-12 18:48:00+05:30,267.55,268.1,264.7,266.2,2300,311250,0.0,19534.45,19250.0,19250,ATM-6,CALL,19550,2023-11-12
2023-11-12 18:49:00+05:30,266.2,266.2,265.2,265.2,500,311250,0.0,19531.15,19250.0,19250,ATM-6,CALL,19550,2023-11-12
2023-11-12 18:50:00+05:30,265.2,266.3,264.5,266.3,400,310850,0.0,19531.0,19250.0,19250,ATM-6,CALL,19550,2023-11-12
2023-11-12 18:51:00+05:30,266.3,266.65,264.75,266.65,4150,310850,0.0,19529.2,19250.0,19250,ATM-6,CALL,19550,2023-11-12
2023-11-12 18:52:00+05:30,266.65,266.8,266.3,266.8,550,310850,0.0,19529.35,19250.0,19250,ATM-6,CALL,19550,2023-11-12
2023-11-12 18:53:00+05:30,266.8,266.8,265.45,266.2,250,307500,0.0,19527.85,19250.0,19250,ATM-6,CALL,19550,2023-11-12
2023-11-12 18:54:00+05:30,266.2,267.5,264.0,267.5,1400,307500,0.0,19529.95,19250.0,19250,ATM-6,CALL,19550,2023-11-12
2023-11-12 18:55:00+05:30,266.8,266.8,266.25,266.25,400,307500,0.0,19530.15,19250.0,19250,ATM-6,CALL,19550,2023-11-12
2023-11-12 18:56:00+05:30,266.5,266.5,265.0,265.65,250,307150,0.0,19526.4,19250.0,19250,ATM-6,CALL,19550,2023-11-12
2023-11-12 18:57:00+05:30,265.05,266.0,265.0,266.0,300,307150,0.0,19526.7,19250.0,19250,ATM-6,CALL,19550,2023-11-12
2023-11-12 18:58:00+05:30,266.0,271.5,266.0,271.0,1800,307150,0.0,19528.65,19250.0,19250,ATM-6,CALL,19550,2023-11-12
2023-11-12 18:59:00+05:30,271.0,271.0,269.25,269.25,2100,306550,0.0,19528.45,19250.0,19250,ATM-6,CALL,19550,2023-11-12
2023-11-12 19:00:00+05:30,269.25,270.0,269.25,269.4,1150,306550,0.0,19530.05,19250.0,19250,ATM-6,CALL,19550,2023-11-12
2023-11-12 19:01:00+05:30,269.4,269.4,266.75,268.0,2350,306550,0.0,19528.85,19250.0,19250,ATM-6,CALL,19550,2023-11-12
2023-11-12 19:02:00+05:30,268.0,268.2,267.0,268.2,1050,305000,0.0,19529.55,19250.0,19250,ATM-6,CALL,19550,2023-11-12
2023-11-12 19:03:00+05:30,268.2,269.25,267.05,267.2,850,305000,0.0,19527.55,19250.0,19250,ATM-6,CALL,19550,2023-11-12
2023-11-12 19:04:00+05:30,267.2,268.3,267.2,267.65,200,305000,0.0,19527.75,19250.0,19250,ATM-6,CALL,19550,2023-11-12
2023-11-12 19:05:00+05:30,315.65,316.0,310.0,310.95,8100,843650,0.0,19510.95,19200.0,19250,ATM-6,CALL,19550,2023-11-12
2023-11-12 19:06:00+05:30,310.2,313.0,310.0,312.1,185150,843650,0.0,19521.75,19200.0,19250,ATM-6,CALL,19550,2023-11-12
2023-11-12 19:07:00+05:30,312.1,314.45,311.95,312.0,63500,843650,0.0,19522.65,19200.0,19250,ATM-6,CALL,19550,2023-11-12
2023-11-12 19:08:00+05:30,311.95,312.0,311.5,312.0,71350,600250,0.0,19522.8,19200.0,19250,ATM-6,CALL,19550,2023-11-12
2023-11-12 19:09:00+05:30,312.0,312.0,309.85,309.9,41150,600250,0.0,19521.75,19200.0,19250,ATM-6,CALL,19550,2023-11-12
2023-11-12 19:10:00+05:30,310.0,311.0,309.1,310.0,65950,600250,0.0,19523.75,19200.0,19250,ATM-6,CALL,19550,2023-11-12
2023-11-12 19:11:00+05:30,310.0,311.0,309.95,310.0,131600,512150,0.0,19523.45,19200.0,19250,ATM-6,CALL,19550,2023-11-12
2023-11-12 19:12:00+05:30,310.0,313.5,309.95,313.4,47000,512150,0.0,19523.45,19200.0,19250,ATM-6,CALL,19550,2023-11-12
2023-11-12 19:13:00+05:30,313.4,313.4,312.0,312.9,6750,512150,0.0,19522.4,19200.0,19250,ATM-6,CALL,19550,2023-11-12
2023-11-12 19:14:00+05:30,312.45,313.95,308.1,313.95,15000,443650,0.0,19522.3,19200.0,19250,ATM-6,CALL,19550,2023-11-12
2023-11-12 18:15:00+05:30,13.0,13.0,6.0,9.25,1139050,3376650,12.274952,19519.4,19200.0,19250,ATM-6,PUT,19550,2023-11-12
2023-11-12 18:16:00+05:30,9.2,9.25,8.8,8.9,1008100,3376650,12.253314,19522.9,19200.0,19250,ATM-6,PUT,19550,2023-11-12
2023-11-12 18:17:00+05:30,8.85,9.25,8.75,8.9,967650,3660050,12.13419,19518.4,19200.0,19250,ATM-6,PUT,19550,2023-11-12
2023-11-12 18:18:00+05:30,8.7,9.15,8.5,9.0,481850,3660050,12.26747,19522.1,19200.0,19250,ATM-6,PUT,19550,2023-11-12
2023-11-12 18:19:00+05:30,9.05,9.3,8.85,8.85,526450,3660050,12.239464,19522.9,19200.0,19250,ATM-6,PUT,19550,2023-11-12
2023-11-12 18:20:00+05:30,12.7,12.75,12.15,12.2,294600,2363100,12.019651,19529.35,19250.0,19250,ATM-6,PUT,19550,2023-11-12
2023-11-12 18:21:00+05:30,12.05,12.2,11.45,11.5,365650,2363100,11.958652,19534.0,19250.0,19250,ATM-6,PUT,19550,2023-11-12
2023-11-12 18:22:00+05:30,11.45,11.9,11.35,11.75,401700,2363100,12.078143,19535.7,19250.0,19250,ATM-6,PUT,19550,2023-11-12
2023-11-12 18:23:00+05:30,11.75,12.1,11.55,11.55,381250,2210500,12.073749,19537.5,19250.0,19250,ATM-6,PUT,19550,2023-11-12
2023-11-12 18:24:00+05:30,11.55,12.15,11.4,12.15,238750,2210500,12.160028,19534.6,19250.0,19250,ATM-6,PUT,19550,2023-11-12
2023-11-12 18:25:00+05:30,12.15,12.9,12.1,12.65,274200,2210500,12.256062,19533.15,19250.0,19250,ATM-6,PUT,19550,2023-11-12
2023-11-12 18:26:00+05:30,12.6,12.65,12.0,12.2,148850,2181850,12.255751,19537.4,19250.0,19250,ATM-6,PUT,19550,2023-11-12
2023-11-12 18:27:00+05:30,12.25,12.5,12.15,12.3,146500,2181850,12.402808,19541.55,19250.0,19250,ATM-6,PUT,19550,2023-11-12
2023-11-12 18:28:00+05:30,12.3,12.35,12.0,12.15,104350,2181850,12.407628,19543.15,19250.0,19250,ATM-6,PUT,19550,2023-11-12
2023-11-12 18:29:00+05:30,12.15,12.4,12.1,12.4,135150,2165800,12.403929,19540.55,19250.0,19250,ATM-6,PUT,19550,2023-11-12
2023-11-12 18:30:00+05:30,12.4,12.4,12.15,12.15,80600,2165800,12.270116,19538.25,19250.0,19250,ATM-6,PUT,19550,2023-11-12
2023-11-12 18:31:00+05:30,12.15,12.5,12.1,12.45,138850,2165800,12.104162,19529.55,19250.0,19250,ATM-6,PUT,19550,2023-11-12
2023-11-12 18:32:00+05:30,12.5,12.9,12.35,12.4,193700,2179600,12.216531,19533.9,19250.0,19250,ATM-6,PUT,19550,2023-11-12
2023-11-12 18:33:00+05:30,12.35,12.5,12.35,12.5,61000,2179600,12.253434,19534.2,19250.0,19250,ATM-6,PUT,19550,2023-11-12
2023-11-12 18:34:00+05:30,12.5,12.5,12.25,12.35,63900,2179600,12.193351,19533.5,19250.0,19250,ATM-6,PUT,19550,2023-11-12
2023-11-12 18:35:00+05:30,12.35,12.35,12.25,12.25,55100,2202150,12.132519,19532.3,19250.0,19250,ATM-6,PUT,19550,2023-11-12
2023-11-12 18:36:00+05:30,12.3,12.5,12.25,12.3,106900,2202150,12.099842,19530.65,19250.0,19250,ATM-6,PUT,19550,2023-11-12
2023-11-12 18:37:00+05:30,12.4,12.45,11.9,12.05,553700,2202150,11.883122,19525.45,19250.0,19250,ATM-6,PUT,19550,2023-11-12
2023-11-12 18:38:00+05:30,12.1,12.35,12.1,12.2,150350,2455900,11.963854,19526.8,19250.0,19250,ATM-6,PUT,19550,2023-11-12
2023-11-12 18:39:00+05:30,12.1,12.1,11.4,11.45,204050,2455900,11.934971,19533.05,19250.0,19250,ATM-6,PUT,19550,2023-11-12
2023-11-12 18:40:00+05:30,11.4,11.5,11.1,11.5,152200,2455900,11.986941,19534.35,19250.0,19250,ATM-6,PUT,19550,2023-11-12
2023-11-12 18:41:00+05:30,11.5,11.55,11.25,11.3,83150,2480700,11.938172,19534.6,19250.0,19250,ATM-6,PUT,19550,2023-11-12
2023-11-12 18:42:00+05:30,11.35,11.4,11.25,11.25,53100,2480700,11.961573,19535.9,19250.0,19250,ATM-6,PUT,19550,2023-11-12
2023-11-12 18:43:00+05:30,11.2,11.35,11.1,11.25,61000,2480700,11.973833,19536.3,19250.0,19250,ATM-6,PUT,19550,2023-11-12
2023-11-12 18:44:00+05:30,11.25,11.3,11.1,11.1,50850,2484850,11.926056,19536.1,19250.0,19250,ATM-6,PUT,19550,2023-11-12
2023-11-12 18:45:00+05:30,11.1,11.2,11.05,11.1,53250,2484850,11.907297,19535.4,19250.0,19250,ATM-6,PUT,19550,2023-11-12
2023-11-12 18:46:00+05:30,11.1,11.25,11.1,11.25,23600,2484850,11.937202,19534.9,19250.0,19250,ATM-6,PUT,19550,2023-11-12
2023-11-12 18:47:00+05:30,11.25,11.25,11.2,11.2,79000,2493300,11.940791,19535.5,19250.0,19250,ATM-6,PUT,19550,2023-11-12
2023-11-12 18:48:00+05:30,11.25,11.45,11.25,11.45,49850,2493300,11.983376,19534.45,19250.0,19250,ATM-6,PUT,19550,2023-11-12
2023-11-12 18:49:00+05:30,11.5,11.65,11.45,11.6,85000,2493300,11.932927,19531.15,19250.0,19250,ATM-6,PUT,19550,2023-11-12
2023-11-12 18:50:00+05:30,11.6,11.85,11.55,11.7,64350,2497200,11.957643,19531.0,19250.0,19250,ATM-6,PUT,19550,2023-11-12
2023-11-12 18:51:00+05:30,11.65,11.75,11.4,11.65,134400,2497200,11.89329,19529.2,19250.0,19250,ATM-6,PUT,19550,2023-11-12
2023-11-12 18:52:00+05:30,11.7,11.7,11.45,11.55,89950,2497200,11.870521,19529.35,19250.0,19250,ATM-6,PUT,19550,2023-11-12
2023-11-12 18:53:00+05:30,11.55,11.6,11.5,11.55,46250,2461300,11.828726,19527.85,19250.0,19250,ATM-6,PUT,19550,2023-11-12
2023-11-12 18:54:00+05:30,11.6,11.7,11.4,11.4,82750,2461300,11.847275,19529.95,19250.0,19250,ATM-6,PUT,19550,2023-11-12
2023-11-12 18:55:00+05:30,11.45,11.7,11.45,11.65,25900,2461300,11.924249,19530.15,19250.0,19250,ATM-6,PUT,19550,2023-11-12
2023-11-12 18:56:00+05:30,11.65,11.8,11.6,11.75,49250,2448650,11.845923,19526.4,19250.0,19250,ATM-6,PUT,19550,2023-11-12
2023-11-12 18:57:00+05:30,11.7,11.8,11.55,11.6,23400,2448650,11.813713,19526.7,19250.0,19250,ATM-6,PUT,19550,2023-11-12
2023-11-12 18:58:00+05:30,11.55,11.6,10.7,10.9,188000,2448650,11.671682,19528.65,19250.0,19250,ATM-6,PUT,19550,2023-11-12
2023-11-12 18:59:00+05:30,10.9,11.15,10.9,11.05,73850,2440500,11.710004,19528.45,19250.0,19250,ATM-6,PUT,19550,2023-11-12
2023-11-12 19:00:00+05:30,11.1,11.1,10.75,10.85,69850,2440500,11.698677,19530.05,19250.0,19250,ATM-6,PUT,19550,2023-11-12
2023-11-12 19:01:00+05:30,10.85,11.2,10.85,11.05,63250,2440500,11.72323,19528.85,19250.0,19250,ATM-6,PUT,19550,2023-11-12
2023-11-12 19:02:00+05:30,11.05,11.1,10.85,10.95,79300,2434650,11.71529,19529.55,19250.0,19250,ATM-6,PUT,19550,2023-11-12
2023-11-12 19:03:00+05:30,10.9,11.05,10.85,11.0,68850,2434650,11.674001,19527.55,19250.0,19250,ATM-6,PUT,19550,2023-11-12
2023-11-12 19:04:00+05:30,11.0,11.1,10.95,11.0,46600,2434650,11.680612,19527.75,19250.0,19250,ATM-6,PUT,19550,2023-11-12
2023-11-12 19:05:00+05:30,8.25,8.45,8.15,8.45,135300,3950500,11.830155,19510.95,19200.0,19250,ATM-6,PUT,19550,2023-11-12
2023-11-12 19:06:00+05:30,8.45,8.5,8.25,8.35,217750,3950500,12.084368,19521.75,19200.0,19250,ATM-6,PUT,19550,2023-11-12
2023-11-12 19:07:00+05:30,8.35,8.4,8.25,8.35,96150,3950500,12.109238,19522.65,19200.0,19250,ATM-6,PUT,19550,2023-11-12
2023-11-12 19:08:00+05:30,8.3,8.35,8.1,8.1,127350,3895350,12.026502,19522.8,19200.0,19250,ATM-6,PUT,19550,2023-11-12
2023-11-12 19:09:00+05:30,8.05,8.2,8.0,8.05,113550,3895350,11.982078,19521.75,19200.0,19250,ATM-6,PUT,19550,2023-11-12
2023-11-12 19:10:00+05:30,8.0,8.05,7.4,7.45,315000,3895350,11.818711,19523.75,19200.0,19250,ATM-6,PUT,19550,2023-11-12
2023-11-12 19:11:00+05:30,7.5,7.6,7.15,7.3,315700,3907300,11.756253,19523.45,19200.0,19250,ATM-6,PUT,19550,2023-11-12
2023-11-12 19:12:00+05:30,7.35,7.4,7.2,7.25,277900,3907300,11.738554,19523.45,19200.0,19250,ATM-6,PUT,19550,2023-11-12
2023-11-12 19:13:00+05:30,7.25,7.4,7.0,7.15,202650,3907300,11.674772,19522.4,19200.0,19250,ATM-6,PUT,19550,2023-11-12
2023-11-12 19:14:00+05:30,7.15,7.2,6.5,6.85,343050,3954700,11.559123,19522.3,19200.0,19250,ATM-6,PUT,19550,2023-11-12
2023-11-12 19:15:00+05:30,6.6,6.6,6.6,6.6,1550,3954700,11.493849,19523.5,19200.0,19250,ATM-6,PUT,19550,2023-11-12
2023-11-12 18:15:00+05:30,17.0,17.0,7.55,13.6,625950,2120000,12.097234,19519.4,19250.0,19300,ATM-5,PUT,19550,2023-11-12
2023-11-12 18:16:00+05:30,13.55,13.65,13.0,13.2,380100,2120000,12.096771,19522.9,19250.0,19300,ATM-5,PUT,19550,2023-11-12
2023-11-12 18:17:00+05:30,13.25,13.7,12.95,13.05,388700,2198650,11.927281,19518.4,19250.0,19300,ATM-5,PUT,19550,2023-11-12
2023-11-12 18:18:00+05:30,12.9,13.45,12.5,13.2,342600,2198650,12.075391,19522.1,19250.0,19300,ATM-5,PUT,19550,2023-11-12
2023-11-12 18:19:00+05:30,13.2,13.45,12.65,12.65,230100,2198650,11.954373,19522.9,19250.0,19300,ATM-5,PUT,19550,2023-11-12
2023-11-12 18:20:00+05:30,19.25,19.3,18.35,18.35,489150,5854600,11.965576,19529.35,19300.0,19300,ATM-5,PUT,19550,2023-11-12
2023-11-12 18:21:00+05:30,18.3,18.45,17.15,17.2,413200,5854600,11.860893,19534.0,19300.0,19300,ATM-5,PUT,19550,2023-11-12
2023-11-12 18:22:00+05:30,17.1,17.6,17.05,17.45,546100,5854600,11.97058,19535.7,19300.0,19300,ATM-5,PUT,19550,2023-11-12
2023-11-12 18:23:00+05:30,17.45,17.65,17.0,17.1,511950,5782700,11.949661,19537.5,19300.0,19300,ATM-5,PUT,19550,2023-11-12
2023-11-12 18:24:00+05:30,16.95,17.75,16.7,17.7,338300,5782700,11.993303,19534.6,19300.0,19300,ATM-5,PUT,19550,2023-11-12
2023-11-12 18:25:00+05:30,17.7,18.75,17.65,18.25,496100,5782700,12.069033,19533.15,19300.0,19300,ATM-5,PUT,19550,2023-11-12
2023-11-12 18:26:00+05:30,18.25,18.25,17.35,17.5,272450,5684700,12.038715,19537.4,19300.0,19300,ATM-5,PUT,19550,2023-11-12
2023-11-12 18:27:00+05:30,17.6,18.05,17.45,17.75,241100,5684700,12.22509,19541.55,19300.0,19300,ATM-5,PUT,19550,2023-11-12
2023-11-12 18:28:00+05:30,17.7,17.85,17.3,17.5,523050,5684700,12.220187,19543.15,19300.0,19300,ATM-5,PUT,19550,2023-11-12
2023-11-12 18:29:00+05:30,17.5,17.85,17.5,17.85,235200,5668350,12.217953,19540.55,19300.0,19300,ATM-5,PUT,19550,2023-11-12
2023-11-12 18:30:00+05:30,17.85,17.9,17.55,17.55,205100,5668350,12.080283,19538.25,19300.0,19300,ATM-5,PUT,19550,2023-11-12
2023-11-12 18:31:00+05:30,17.55,18.1,17.55,18.1,277750,5668350,11.928232,19529.55,19300.0,19300,ATM-5,PUT,19550,2023-11-12
2023-11-12 18:32:00+05:30,18.1,18.5,17.85,17.85,460350,5739500,12.011962,19533.9,19300.0,19300,ATM-5,PUT,19550,2023-11-12
2023-11-12 18:33:00+05:30,17.85,18.1,17.85,18.1,186900,5739500,12.077189,19534.2,19300.0,19300,ATM-5,PUT,19550,2023-11-12
2023-11-12 18:34:00+05:30,18.0,18.15,17.7,17.95,357850,5739500,12.023219,19533.5,19300.0,19300,ATM-5,PUT,19550,2023-11-12
2023-11-12 18:35:00+05:30,17.95,18.0,17.8,17.85,169200,5946250,11.964402,19532.3,19300.0,19300,ATM-5,PUT,19550,2023-11-12
2023-11-12 18:36:00+05:30,17.85,18.15,17.8,18.0,181650,5946250,11.946042,19530.65,19300.0,19300,ATM-5,PUT,19550,2023-11-12
2023-11-12 18:37:00+05:30,18.0,18.1,17.7,17.9,201000,5946250,11.760489,19525.45,19300.0,19300,ATM-5,PUT,19550,2023-11-12
2023-11-12 18:38:00+05:30,17.9,18.15,17.8,17.8,180650,6026800,11.782483,19526.8,19300.0,19300,ATM-5,PUT,19550,2023-11-12
2023-11-12 18:39:00+05:30,17.75,17.75,16.9,16.95,784450,6026800,11.792373,19533.05,19300.0,19300,ATM-5,PUT,19550,2023-11-12
2023-11-12 18:40:00+05:30,16.95,17.15,16.5,17.1,288200,6026800,11.867509,19534.35,19300.0,19300,ATM-5,PUT,19550,2023-11-12
2023-11-12 18:41:00+05:30,17.15,17.15,16.7,16.85,216550,5857750,11.820215,19534.6,19300.0,19300,ATM-5,PUT,19550,2023-11-12
2023-11-12 18:42:00+05:30,16.85,16.95,16.7,16.7,92400,5857750,11.827836,19535.9,19300.0,19300,ATM-5,PUT,19550,2023-11-12
2023-11-12 18:43:00+05:30,16.65,16.85,16.5,16.75,112300,5857750,11.85253,19536.3,19300.0,19300,ATM-5,PUT,19550,2023-11-12
2023-11-12 18:44:00+05:30,16.7,16.85,16.55,16.6,138350,5890100,11.81331,19536.1,19300.0,19300,ATM-5,PUT,19550,2023-11-12
2023-11-12 18:45:00+05:30,16.55,16.75,16.55,16.65,129250,5890100,11.803808,19535.4,19300.0,19300,ATM-5,PUT,19550,2023-11-12
2023-11-12 18:46:00+05:30,16.7,16.8,16.65,16.7,71900,5890100,11.800487,19534.9,19300.0,19300,ATM-5,PUT,19550,2023-11-12
2023-11-12 18:47:00+05:30,16.7,16.75,16.65,16.7,149300,5834200,11.820116,19535.5,19300.0,19300,ATM-5,PUT,19550,2023-11-12
2023-11-12 18:48:00+05:30,16.75,16.95,16.7,16.95,72150,5834200,11.844622,19534.45,19300.0,19300,ATM-5,PUT,19550,2023-11-12
2023-11-12 18:49:00+05:30,16.95,17.3,16.95,17.3,106850,5834200,11.820221,19531.15,19300.0,19300,ATM-5,PUT,19550,2023-11-12
2023-11-12 18:50:00+05:30,17.25,17.55,17.2,17.35,96300,5853200,11.827528,19531.0,19300.0,19300,ATM-5,PUT,19550,2023-11-12
2023-11-12 18:51:00+05:30,17.4,17.4,16.95,17.35,194000,5853200,11.771802,19529.2,19300.0,19300,ATM-5,PUT,19550,2023-11-12
2023-11-12 18:52:00+05:30,17.3,17.4,17.1,17.3,141800,5853200,11.766416,19529.35,19300.0,19300,ATM-5,PUT,19550,2023-11-12
2023-11-12 18:53:00+05:30,17.25,17.4,17.2,17.3,72800,5895600,11.72009,19527.85,19300.0,19300,ATM-5,PUT,19550,2023-11-12
2023-11-12 18:54:00+05:30,17.35,17.5,17.0,17.05,68850,5895600,11.731685,19529.95,19300.0,19300,ATM-5,PUT,19550,2023-11-12
2023-11-12 18:55:00+05:30,17.1,17.35,17.1,17.3,74250,5895600,11.79443,19530.15,19300.0,19300,ATM-5,PUT,19550,2023-11-12
2023-11-12 18:56:00+05:30,17.3,17.5,17.2,17.5,78250,5890550,11.721119,19526.4,19300.0,19300,ATM-5,PUT,19550,2023-11-12
2023-11-12 18:57:00+05:30,17.4,17.5,17.15,17.15,85000,5890550,11.654433,19526.7,19300.0,19300,ATM-5,PUT,19550,2023-11-12
2023-11-12 18:58:00+05:30,17.2,17.2,15.8,16.05,296900,5890550,11.46982,19528.65,19300.0,19300,ATM-5,PUT,19550,2023-11-12
2023-11-12 18:59:00+05:30,16.1,16.45,16.05,16.3,98750,5827200,11.521172,19528.45,19300.0,19300,ATM-5,PUT,19550,2023-11-12
2023-11-12 19:00:00+05:30,16.3,16.35,15.75,15.85,275300,5827200,11.469516,19530.05,19300.0,19300,ATM-5,PUT,19550,2023-11-12
2023-11-12 19:01:00+05:30,15.9,16.4,15.9,16.15,91350,5827200,11.501515,19528.85,19300.0,19300,ATM-5,PUT,19550,2023-11-12
2023-11-12 19:02:00+05:30,16.15,16.25,15.9,15.95,120750,5742250,11.478691,19529.55,19300.0,19300,ATM-5,PUT,19550,2023-11-12
2023-11-12 19:03:00+05:30,15.95,16.2,15.85,16.1,93600,5742250,11.451499,19527.55,19300.0,19300,ATM-5,PUT,19550,2023-11-12
2023-11-12 19:04:00+05:30,16.2,16.2,16.05,16.05,89050,5742250,11.447298,19527.75,19300.0,19300,ATM-5,PUT,19550,2023-11-12
2023-11-12 19:05:00+05:30,11.0,11.35,10.9,11.35,223100,2434850,11.300328,19510.95,19250.0,19300,ATM-5,PUT,19550,2023-11-12
2023-11-12 19:06:00+05:30,11.45,11.45,11.1,11.3,106400,2434850,11.596904,19521.75,19250.0,19300,ATM-5,PUT,19550,2023-11-12
2023-11-12 19:07:00+05:30,11.25,11.4,11.15,11.25,45150,2434850,11.609477,19522.65,19250.0,19300,ATM-5,PUT,19550,2023-11-12
2023-11-12 19:08:00+05:30,11.25,11.25,10.95,11.0,112400,2401350,11.543949,19522.8,19250.0,19300,ATM-5,PUT,19550,2023-11-12
2023-11-12 19:09:00+05:30,10.95,11.1,10.9,10.95,91650,2401350,11.50082,19521.75,19250.0,19300,ATM-5,PUT,19550,2023-11-12
2023-11-12 19:10:00+05:30,10.9,10.9,10.25,10.25,190400,2401350,11.355833,19523.75,19250.0,19300,ATM-5,PUT,19550,2023-11-12
2023-11-12 19:11:00+05:30,10.25,10.4,10.1,10.4,201350,2419650,11.392259,19523.45,19250.0,19300,ATM-5,PUT,19550,2023-11-12
2023-11-12 19:12:00+05:30,10.35,10.45,10.1,10.15,123900,2419650,11.319794,19523.45,19250.0,19300,ATM-5,PUT,19550,2023-11-12
2023-11-12 19:13:00+05:30,10.1,10.25,9.95,9.95,133650,2419650,11.232039,19522.4,19250.0,19300,ATM-5,PUT,19550,2023-11-12
2023-11-12 19:14:00+05:30,10.0,10.05,9.2,9.55,216800,2451650,11.110099,19522.3,19250.0,19300,ATM-5,PUT,19550,2023-11-12
2023-11-12 19:15:00+05:30,9.55,9.55,9.55,9.55,50,2451650,11.14435,19523.5,19250.0,19300,ATM-5,PUT,19550,2023-11-12
2023-11-12 18:15:00+05:30,17.0,34.55,10.0,32.7,1000750,3142500,12.552617,19519.4,19350.0,19400,ATM-3,PUT,19550,2023-11-12
2023-11-12 18:16:00+05:30,32.25,32.25,30.5,30.75,613750,3142500,12.354904,19522.9,19350.0,19400,ATM-3,PUT,19550,2023-11-12
2023-11-12 18:17:00+05:30,30.55,31.2,29.3,29.3,510800,3461850,11.944736,19518.4,19350.0,19400,ATM-3,PUT,19550,2023-11-12
2023-11-12 18:18:00+05:30,29.3,30.6,28.6,29.95,510500,3461850,12.191439,19522.1,19350.0,19400,ATM-3,PUT,19550,2023-11-12
2023-11-12 18:19:00+05:30,30.0,30.25,28.4,28.4,261150,3461850,11.954702,19522.9,19350.0,19400,ATM-3,PUT,19550,2023-11-12
2023-11-12 18:20:00+05:30,40.75,40.8,38.8,38.8,622250,7016700,11.952096,19529.35,19400.0,19400,ATM-3,PUT,19550,2023-11-12
2023-11-12 18:21:00+05:30,38.9,39.0,36.35,36.35,704600,7016700,11.761999,19534.0,19400.0,19400,ATM-3,PUT,19550,2023-11-12
2023-11-12 18:22:00+05:30,36.1,37.2,36.05,36.85,544650,7016700,11.907254,19535.7,19400.0,19400,ATM-3,PUT,19550,2023-11-12
2023-11-12 18:23:00+05:30,36.85,37.0,35.8,35.8,552000,7268550,11.815605,19537.5,19400.0,19400,ATM-3,PUT,19550,2023-11-12
2023-11-12 18:24:00+05:30,35.65,37.2,35.25,37.1,484550,7268550,11.904346,19534.6,19400.0,19400,ATM-3,PUT,19550,2023-11-12
2023-11-12 18:25:00+05:30,37.1,39.0,37.05,38.35,636650,7268550,12.039904,19533.15,19400.0,19400,ATM-3,PUT,19550,2023-11-12
2023-11-12 18:26:00+05:30,38.3,38.4,36.65,37.2,375100,7328850,12.032088,19537.4,19400.0,19400,ATM-3,PUT,19550,2023-11-12
2023-11-12 18:27:00+05:30,37.05,38.0,36.9,37.25,216650,7328850,12.203843,19541.55,19400.0,19400,ATM-3,PUT,19550,2023-11-12
2023-11-12 18:28:00+05:30,37.3,37.45,36.7,37.0,300050,7328850,12.228427,19543.15,19400.0,19400,ATM-3,PUT,19550,2023-11-12
2023-11-12 18:29:00+05:30,36.85,37.35,36.8,37.35,300800,7566450,12.182051,19540.55,19400.0,19400,ATM-3,PUT,19550,2023-11-12
2023-11-12 18:30:00+05:30,37.35,37.4,36.9,36.95,324150,7566450,12.030485,19538.25,19400.0,19400,ATM-3,PUT,19550,2023-11-12
2023-11-12 18:31:00+05:30,36.95,37.85,36.9,37.85,496500,7566450,11.825394,19529.55,19400.0,19400,ATM-3,PUT,19550,2023-11-12
2023-11-12 18:32:00+05:30,38.0,38.5,37.25,37.3,499750,7964050,11.914863,19533.9,19400.0,19400,ATM-3,PUT,19550,2023-11-12
2023-11-12 18:33:00+05:30,37.3,38.0,37.25,37.8,150300,7964050,12.004676,19534.2,19400.0,19400,ATM-3,PUT,19550,2023-11-12
2023-11-12 18:34:00+05:30,37.8,38.1,37.8,37.9,135400,7964050,11.993173,19533.5,19400.0,19400,ATM-3,PUT,19550,2023-11-12
2023-11-12 18:35:00+05:30,37.9,38.05,37.6,37.8,191500,7917450,11.931018,19532.3,19400.0,19400,ATM-3,PUT,19550,2023-11-12
2023-11-12 18:36:00+05:30,37.9,38.45,37.85,38.3,191300,7917450,11.942688,19530.65,19400.0,19400,ATM-3,PUT,19550,2023-11-12
2023-11-12 18:37:00+05:30,38.25,38.5,38.2,38.45,232950,7917450,11.75774,19525.45,19400.0,19400,ATM-3,PUT,19550,2023-11-12
2023-11-12 18:38:00+05:30,38.5,39.0,38.1,38.3,274550,7889250,11.790191,19526.8,19400.0,19400,ATM-3,PUT,19550,2023-11-12
2023-11-12 18:39:00+05:30,38.1,38.1,36.3,36.45,398550,7889250,11.756329,19533.05,19400.0,19400,ATM-3,PUT,19550,2023-11-12
2023-11-12 18:40:00+05:30,36.4,36.85,35.65,36.85,529200,7889250,11.870513,19534.35,19400.0,19400,ATM-3,PUT,19550,2023-11-12
2023-11-12 18:41:00+05:30,36.85,36.85,36.05,36.45,265500,8148150,11.819322,19534.6,19400.0,19400,ATM-3,PUT,19550,2023-11-12
2023-11-12 18:42:00+05:30,36.5,36.55,36.05,36.05,184400,8148150,11.809218,19535.9,19400.0,19400,ATM-3,PUT,19550,2023-11-12
2023-11-12 18:43:00+05:30,36.1,36.3,35.65,36.1,235450,8148150,11.833637,19536.3,19400.0,19400,ATM-3,PUT,19550,2023-11-12
2023-11-12 18:44:00+05:30,36.15,36.35,35.65,35.65,240500,8313600,11.756493,19536.1,19400.0,19400,ATM-3,PUT,19550,2023-11-12
2023-11-12 18:45:00+05:30,35.95,36.0,35.8,35.9,183450,8313600,11.768936,19535.4,19400.0,19400,ATM-3,PUT,19550,2023-11-12
2023-11-12 18:46:00+05:30,35.9,36.0,35.8,35.95,203300,8313600,11.757978,19534.9,19400.0,19400,ATM-3,PUT,19550,2023-11-12
2023-11-12 18:47:00+05:30,35.95,36.15,35.85,36.15,235550,8530000,11.813633,19535.5,19400.0,19400,ATM-3,PUT,19550,2023-11-12
2023-11-12 18:48:00+05:30,36.2,36.55,36.0,36.55,167300,8530000,11.83532,19534.45,19400.0,19400,ATM-3,PUT,19550,2023-11-12
2023-11-12 18:49:00+05:30,36.6,37.0,36.55,37.0,125850,8530000,11.775075,19531.15,19400.0,19400,ATM-3,PUT,19550,2023-11-12
2023-11-12 18:50:00+05:30,37.0,37.5,36.8,37.2,176300,8549000,11.800819,19531.0,19400.0,19400,ATM-3,PUT,19550,2023-11-12
2023-11-12 18:51:00+05:30,37.1,37.2,36.1,36.75,152600,8549000,11.660818,19529.2,19400.0,19400,ATM-3,PUT,19550,2023-11-12
2023-11-12 18:52:00+05:30,36.85,37.0,36.6,36.8,79050,8549000,11.675387,19529.35,19400.0,19400,ATM-3,PUT,19550,2023-11-12
2023-11-12 18:53:00+05:30,36.8,37.0,36.7,36.95,109850,8579100,11.639544,19527.85,19400.0,19400,ATM-3,PUT,19550,2023-11-12
2023-11-12 18:54:00+05:30,36.9,37.25,36.3,36.55,164450,8579100,11.662526,19529.95,19400.0,19400,ATM-3,PUT,19550,2023-11-12
2023-11-12 18:55:00+05:30,36.6,36.95,36.5,36.85,80350,8579100,11.717639,19530.15,19400.0,19400,ATM-3,PUT,19550,2023-11-12
2023-11-12 18:56:00+05:30,36.9,37.3,36.75,37.2,109000,8569600,11.622567,19526.4,19400.0,19400,ATM-3,PUT,19550,2023-11-12
2023-11-12 18:57:00+05:30,37.15,37.3,36.65,36.65,155250,8569600,11.551132,19526.7,19400.0,19400,ATM-3,PUT,19550,2023-11-12
2023-11-12 18:58:00+05:30,36.7,36.7,34.05,34.3,522100,8569600,11.265509,19528.65,19400.0,19400,ATM-3,PUT,19550,2023-11-12
2023-11-12 18:59:00+05:30,34.45,35.3,34.45,35.05,203750,8546250,11.375288,19528.45,19400.0,19400,ATM-3,PUT,19550,2023-11-12
2023-11-12 19:00:00+05:30,35.05,35.1,34.2,34.55,159750,8546250,11.361371,19530.05,19400.0,19400,ATM-3,PUT,19550,2023-11-12
2023-11-12 19:01:00+05:30,34.6,35.5,34.6,35.1,183800,8546250,11.400624,19528.85,19400.0,19400,ATM-3,PUT,19550,2023-11-12
2023-11-12 19:02:00+05:30,35.15,35.35,34.7,34.7,248900,8580050,11.366849,19529.55,19400.0,19400,ATM-3,PUT,19550,2023-11-12
2023-11-12 19:03:00+05:30,34.75,35.2,34.55,35.1,208250,8580050,11.35095,19527.55,19400.0,19400,ATM-3,PUT,19550,2023-11-12
2023-11-12 19:04:00+05:30,35.15,35.15,34.9,34.9,179050,8580050,11.328678,19527.75,19400.0,19400,ATM-3,PUT,19550,2023-11-12
2023-11-12 19:05:00+05:30,23.65,24.7,23.6,24.7,318900,4272850,10.917713,19510.95,19350.0,19400,ATM-3,PUT,19550,2023-11-12
2023-11-12 19:06:00+05:30,24.6,24.75,24.0,24.35,131350,4272850,11.238713,19521.75,19350.0,19400,ATM-3,PUT,19550,2023-11-12
2023-11-12 19:07:00+05:30,24.3,24.45,24.0,24.4,170200,4272850,11.280357,19522.65,19350.0,19400,ATM-3,PUT,19550,2023-11-12
2023-11-12 19:08:00+05:30,24.4,24.4,23.85,23.9,147150,4291450,11.195454,19522.8,19350.0,19400,ATM-3,PUT,19550,2023-11-12
2023-11-12 19:09:00+05:30,23.9,24.3,23.9,24.0,152150,4291450,11.177725,19521.75,19350.0,19400,ATM-3,PUT,19550,2023-11-12
2023-11-12 19:10:00+05:30,24.05,24.05,23.25,23.45,255150,4291450,11.147942,19523.75,19350.0,19400,ATM-3,PUT,19550,2023-11-12
2023-11-12 19:11:00+05:30,23.4,23.65,23.25,23.45,164300,4222400,11.138341,19523.45,19350.0,19400,ATM-3,PUT,19550,2023-11-12
2023-11-12 19:12:00+05:30,23.4,23.6,22.4,22.4,183000,4222400,10.944757,19523.45,19350.0,19400,ATM-3,PUT,19550,2023-11-12
2023-11-12 19:13:00+05:30,22.4,22.95,22.35,22.65,154450,4222400,10.955698,19522.4,19350.0,19400,ATM-3,PUT,19550,2023-11-12
2023-11-12 19:14:00+05:30,22.55,22.65,21.05,21.8,271650,4220300,10.794447,19522.3,19350.0,19400,ATM-3,PUT,19550,2023-11-12
2023-11-12 19:15:00+05:30,21.5,21.5,21.5,21.5,1150,4220300,10.78014,19523.5,19350.0,19400,ATM-3,PUT,19550,2023-11-12
2023-11-12 18:15:00+05:30,269.9,278.9,193.7,242.4,74450,349300,0.0,19519.4,19250.0,19300,ATM-5,CALL,19550,2023-11-12
2023-11-12 18:16:00+05:30,242.4,248.0,242.4,247.75,29850,349300,0.0,19522.9,19250.0,19300,ATM-5,CALL,19550,2023-11-12
2023-11-12 18:17:00+05:30,247.75,252.45,247.75,251.6,20300,336200,0.0,19518.4,19250.0,19300,ATM-5,CALL,19550,2023-11-12
2023-11-12 18:18:00+05:30,251.6,253.5,247.85,250.0,12900,336200,0.0,19522.1,19250.0,19300,ATM-5,CALL,19550,2023-11-12
2023-11-12 18:19:00+05:30,250.05,257.4,250.05,257.4,14700,336200,0.0,19522.9,19250.0,19300,ATM-5,CALL,19550,2023-11-12
2023-11-12 18:20:00+05:30,213.85,222.35,213.55,222.35,115000,1341400,0.0,19529.35,19300.0,19300,ATM-5,CALL,19550,2023-11-12
2023-11-12 18:21:00+05:30,220.8,227.6,220.3,227.0,152900,1341400,0.0,19534.0,19300.0,19300,ATM-5,CALL,19550,2023-11-12
2023-11-12 18:22:00+05:30,227.6,228.25,224.6,227.65,97350,1341400,0.0,19535.7,19300.0,19300,ATM-5,CALL,19550,2023-11-12
2023-11-12 18:23:00+05:30,227.7,228.4,226.0,228.05,47150,1319750,0.0,19537.5,19300.0,19300,ATM-5,CALL,19550,2023-11-12
2023-11-12 18:24:00+05:30,228.05,229.35,225.25,226.0,47700,1319750,0.0,19534.6,19300.0,19300,ATM-5,CALL,19550,2023-11-12
2023-11-12 18:25:00+05:30,226.0,226.25,219.6,224.25,64300,1319750,0.0,19533.15,19300.0,19300,ATM-5,CALL,19550,2023-11-12
2023-11-12 18:26:00+05:30,224.25,226.9,223.4,226.5,73750,1273650,0.0,19537.4,19300.0,19300,ATM-5,CALL,19550,2023-11-12
2023-11-12 18:27:00+05:30,226.05,227.5,225.0,226.95,27450,1273650,0.0,19541.55,19300.0,19300,ATM-5,CALL,19550,2023-11-12
2023-11-12 18:28:00+05:30,227.0,227.0,225.95,227.0,49850,1273650,0.0,19543.15,19300.0,19300,ATM-5,CALL,19550,2023-11-12
2023-11-12 18:29:00+05:30,227.0,227.0,224.0,225.3,19600,1273800,0.0,19540.55,19300.0,19300,ATM-5,CALL,19550,2023-11-12
2023-11-12 18:30:00+05:30,224.9,225.0,223.35,224.65,32950,1273800,0.0,19538.25,19300.0,19300,ATM-5,CALL,19550,2023-11-12
2023-11-12 18:31:00+05:30,224.65,224.85,219.35,220.0,54600,1273800,0.0,19529.55,19300.0,19300,ATM-5,CALL,19550,2023-11-12
2023-11-12 18:32:00+05:30,219.95,224.5,218.05,224.5,49450,1248400,0.0,19533.9,19300.0,19300,ATM-5,CALL,19550,2023-11-12
2023-11-12 18:33:00+05:30,223.7,223.85,222.15,222.7,12400,1248400,0.0,19534.2,19300.0,19300,ATM-5,CALL,19550,2023-11-12
2023-11-12 18:34:00+05:30,222.05,222.65,221.05,221.65,9850,1248400,0.0,19533.5,19300.0,19300,ATM-5,CALL,19550,2023-11-12
2023-11-12 18:35:00+05:30,221.65,222.8,221.65,222.2,5700,1249050,0.0,19532.3,19300.0,19300,ATM-5,CALL,19550,2023-11-12
2023-11-12 18:36:00+05:30,222.2,222.25,219.65,220.85,14050,1249050,0.0,19530.65,19300.0,19300,ATM-5,CALL,19550,2023-11-12
2023-11-12 18:37:00+05:30,220.85,220.85,216.95,217.4,17550,1249050,0.0,19525.45,19300.0,19300,ATM-5,CALL,19550,2023-11-12
2023-11-12 18:38:00+05:30,217.35,221.0,216.7,221.0,29600,1246850,0.0,19526.8,19300.0,19300,ATM-5,CALL,19550,2023-11-12
2023-11-12 18:39:00+05:30,220.85,224.9,220.85,224.85,57600,1246850,0.0,19533.05,19300.0,19300,ATM-5,CALL,19550,2023-11-12
2023-11-12 18:40:00+05:30,224.75,224.9,222.75,223.05,20900,1246850,0.0,19534.35,19300.0,19300,ATM-5,CALL,19550,2023-11-12
2023-11-12 18:41:00+05:30,223.05,224.0,221.4,222.7,20150,1244950,0.0,19534.6,19300.0,19300,ATM-5,CALL,19550,2023-11-12
2023-11-12 18:42:00+05:30,222.7,223.65,222.0,223.65,11400,1244950,0.0,19535.9,19300.0,19300,ATM-5,CALL,19550,2023-11-12
2023-11-12 18:43:00+05:30,223.65,224.8,223.1,223.7,29500,1244950,0.0,19536.3,19300.0,19300,ATM-5,CALL,19550,2023-11-12
2023-11-12 18:44:00+05:30,223.7,224.3,222.3,224.0,11300,1234950,0.0,19536.1,19300.0,19300,ATM-5,CALL,19550,2023-11-12
2023-11-12 18:45:00+05:30,224.0,224.0,223.05,223.25,4900,1234950,0.0,19535.4,19300.0,19300,ATM-5,CALL,19550,2023-11-12
2023-11-12 18:46:00+05:30,223.55,223.7,223.0,223.1,7050,1234950,0.0,19534.9,19300.0,19300,ATM-5,CALL,19550,2023-11-12
2023-11-12 18:47:00+05:30,223.1,223.3,222.5,222.8,2050,1226650,0.0,19535.5,19300.0,19300,ATM-5,CALL,19550,2023-11-12
2023-11-12 18:48:00+05:30,222.25,223.2,220.15,221.35,24000,1226650,0.0,19534.45,19300.0,19300,ATM-5,CALL,19550,2023-11-12
2023-11-12 18:49:00+05:30,221.3,222.0,221.0,221.0,7800,1226650,0.0,19531.15,19300.0,19300,ATM-5,CALL,19550,2023-11-12
2023-11-12 18:50:00+05:30,221.0,221.6,220.0,220.9,6750,1223900,0.0,19531.0,19300.0,19300,ATM-5,CALL,19550,2023-11-12
2023-11-12 18:51:00+05:30,221.0,223.2,220.6,222.15,14500,1223900,0.0,19529.2,19300.0,19300,ATM-5,CALL,19550,2023-11-12
2023-11-12 18:52:00+05:30,222.15,222.4,221.55,221.6,6500,1223900,0.0,19529.35,19300.0,19300,ATM-5,CALL,19550,2023-11-12
2023-11-12 18:53:00+05:30,221.6,221.9,221.0,221.15,16500,1220950,0.0,19527.85,19300.0,19300,ATM-5,CALL,19550,2023-11-12
2023-11-12 18:54:00+05:30,221.0,222.6,219.55,222.0,11900,1220950,0.0,19529.95,19300.0,19300,ATM-5,CALL,19550,2023-11-12
2023-11-12 18:55:00+05:30,222.0,222.55,221.5,222.0,11900,1220950,0.0,19530.15,19300.0,19300,ATM-5,CALL,19550,2023-11-12
2023-11-12 18:56:00+05:30,221.8,222.0,220.0,221.4,18750,1216550,0.0,19526.4,19300.0,19300,ATM-5,CALL,19550,2023-11-12
2023-11-12 18:57:00+05:30,221.4,221.95,220.0,221.95,10950,1216550,0.0,19526.7,19300.0,19300,ATM-5,CALL,19550,2023-11-12
2023-11-12 18:58:00+05:30,222.0,226.45,222.0,225.45,79100,1216550,0.0,19528.65,19300.0,19300,ATM-5,CALL,19550,2023-11-12
2023-11-12 18:59:00+05:30,226.15,226.15,223.9,224.1,31000,1216500,0.0,19528.45,19300.0,19300,ATM-5,CALL,19550,2023-11-12
2023-11-12 19:00:00+05:30,223.95,225.6,223.95,224.95,13950,1216500,0.0,19530.05,19300.0,19300,ATM-5,CALL,19550,2023-11-12
2023-11-12 19:01:00+05:30,224.95,224.95,221.9,223.55,15100,1216500,0.0,19528.85,19300.0,19300,ATM-5,CALL,19550,2023-11-12
2023-11-12 19:02:00+05:30,223.55,223.6,222.6,223.6,6900,1205750,0.0,19529.55,19300.0,19300,ATM-5,CALL,19550,2023-11-12
2023-11-12 19:03:00+05:30,223.8,223.95,222.1,222.3,10850,1205750,0.0,19527.55,19300.0,19300,ATM-5,CALL,19550,2023-11-12
2023-11-12 19:04:00+05:30,222.75,223.5,222.35,223.5,7550,1205750,0.0,19527.75,19300.0,19300,ATM-5,CALL,19550,2023-11-12
2023-11-12 19:05:00+05:30,267.65,268.0,261.95,261.95,3100,304350,0.0,19510.95,19250.0,19300,ATM-5,CALL,19550,2023-11-12
2023-11-12 19:06:00+05:30,261.95,265.15,261.95,265.15,650,304350,0.0,19521.75,19250.0,19300,ATM-5,CALL,19550,2023-11-12
2023-11-12 19:07:00+05:30,265.15,267.2,264.8,265.1,2000,304350,0.0,19522.65,19250.0,19300,ATM-5,CALL,19550,2023-11-12
2023-11-12 19:08:00+05:30,265.1,265.1,264.85,264.85,600,302000,0.0,19522.8,19250.0,19300,ATM-5,CALL,19550,2023-11-12
2023-11-12 19:09:00+05:30,264.85,264.85,262.5,263.0,2950,302000,0.0,19521.75,19250.0,19300,ATM-5,CALL,19550,2023-11-12
2023-11-12 19:10:00+05:30,262.95,264.5,262.75,263.0,4700,302000,0.0,19523.75,19250.0,19300,ATM-5,CALL,19550,2023-11-12
2023-11-12 19:11:00+05:30,263.0,264.65,263.0,263.2,2050,300100,0.0,19523.45,19250.0,19300,ATM-5,CALL,19550,2023-11-12
2023-11-12 19:12:00+05:30,263.2,266.95,263.2,266.95,9000,300100,0.0,19523.45,19250.0,19300,ATM-5,CALL,19550,2023-11-12
2023-11-12 19:13:00+05:30,266.95,266.95,265.0,265.5,2800,300100,0.0,19522.4,19250.0,19300,ATM-5,CALL,19550,2023-11-12
2023-11-12 19:14:00+05:30,265.5,266.0,260.6,263.85,11250,296150,0.0,19522.3,19250.0,19300,ATM-5,CALL,19550,2023-11-12
2023-11-12 18:15:00+05:30,150.0,198.0,101.85,125.85,2146250,6199100,0.0,19519.4,19400.0,19450,ATM-2,CALL,19550,2023-11-12
2023-11-12 18:16:00+05:30,126.1,129.9,125.05,128.9,914450,6199100,0.0,19522.9,19400.0,19450,ATM-2,CALL,19550,2023-11-12
2023-11-12 18:17:00+05:30,129.25,132.1,129.25,131.95,509250,5764750,0.0,19518.4,19400.0,19450,ATM-2,CALL,19550,2023-11-12
2023-11-12 18:18:00+05:30,132.0,132.8,127.75,130.35,555850,5764750,0.0,19522.1,19400.0,19450,ATM-2,CALL,19550,2023-11-12
2023-11-12 18:19:00+05:30,130.55,135.8,130.5,135.6,453000,5764750,0.0,19522.9,19400.0,19450,ATM-2,CALL,19550,2023-11-12
2023-11-12 18:20:00+05:30,103.6,109.75,103.6,109.75,530850,3168250,5.257902,19529.35,19450.0,19450,ATM-2,CALL,19550,2023-11-12
2023-11-12 18:21:00+05:30,109.1,113.3,108.2,113.3,618750,3168250,5.191347,19534.0,19450.0,19450,ATM-2,CALL,19550,2023-11-12
2023-11-12 18:22:00+05:30,113.35,113.8,110.9,113.0,352250,3168250,4.812956,19535.7,19450.0,19450,ATM-2,CALL,19550,2023-11-12
2023-11-12 18:23:00+05:30,112.75,113.65,111.5,113.4,303450,2996750,4.532818,19537.5,19450.0,19450,ATM-2,CALL,19550,2023-11-12
2023-11-12 18:24:00+05:30,113.2,114.2,111.1,111.95,258250,2996750,4.792633,19534.6,19450.0,19450,ATM-2,CALL,19550,2023-11-12
2023-11-12 18:25:00+05:30,112.0,112.05,107.35,111.3,347600,2996750,4.925566,19533.15,19450.0,19450,ATM-2,CALL,19550,2023-11-12
2023-11-12 18:26:00+05:30,111.3,112.7,110.5,111.95,195750,2865450,4.171526,19537.4,19450.0,19450,ATM-2,CALL,19550,2023-11-12
2023-11-12 18:27:00+05:30,112.35,112.9,111.45,112.75,136650,2865450,2.859139,19541.55,19450.0,19450,ATM-2,CALL,19550,2023-11-12
2023-11-12 18:28:00+05:30,112.55,112.9,112.35,112.7,125050,2865450,0.0,19543.15,19450.0,19450,ATM-2,CALL,19550,2023-11-12
2023-11-12 18:29:00+05:30,112.35,112.45,110.5,111.45,145350,2854500,2.532848,19540.55,19450.0,19450,ATM-2,CALL,19550,2023-11-12
2023-11-12 18:30:00+05:30,111.1,111.45,110.3,111.1,115050,2854500,3.648184,19538.25,19450.0,19450,ATM-2,CALL,19550,2023-11-12
2023-11-12 18:31:00+05:30,111.05,111.25,107.15,107.55,185450,2854500,4.785544,19529.55,19450.0,19450,ATM-2,CALL,19550,2023-11-12
2023-11-12 18:32:00+05:30,107.45,110.9,106.4,110.9,194800,2794550,4.700169,19533.9,19450.0,19450,ATM-2,CALL,19550,2023-11-12
2023-11-12 18:33:00+05:30,110.7,110.85,109.4,109.65,80300,2794550,4.332998,19534.2,19450.0,19450,ATM-2,CALL,19550,2023-11-12
2023-11-12 18:34:00+05:30,109.6,109.6,108.5,108.95,58700,2794550,4.313679,19533.5,19450.0,19450,ATM-2,CALL,19550,2023-11-12
2023-11-12 18:35:00+05:30,109.0,109.6,108.85,109.15,62250,2775550,4.619743,19532.3,19450.0,19450,ATM-2,CALL,19550,2023-11-12
2023-11-12 18:36:00+05:30,109.0,109.25,107.35,108.15,71000,2775550,4.716732,19530.65,19450.0,19450,ATM-2,CALL,19550,2023-11-12
2023-11-12 18:37:00+05:30,108.05,108.35,105.15,105.25,135450,2775550,5.027986,19525.45,19450.0,19450,ATM-2,CALL,19550,2023-11-12
2023-11-12 18:38:00+05:30,105.6,108.6,105.2,108.6,146200,2779000,5.456759,19526.8,19450.0,19450,ATM-2,CALL,19550,2023-11-12
2023-11-12 18:39:00+05:30,108.45,111.05,108.45,110.95,178950,2779000,4.883761,19533.05,19450.0,19450,ATM-2,CALL,19550,2023-11-12
2023-11-12 18:40:00+05:30,111.1,111.1,109.65,109.8,139100,2779000,4.346043,19534.35,19450.0,19450,ATM-2,CALL,19550,2023-11-12
2023-11-12 18:41:00+05:30,110.0,110.65,108.4,109.15,71900,2774200,4.112126,19534.6,19450.0,19450,ATM-2,CALL,19550,2023-11-12
2023-11-12 18:42:00+05:30,109.2,110.35,109.2,109.95,72400,2774200,4.004311,19535.9,19450.0,19450,ATM-2,CALL,19550,2023-11-12
2023-11-12 18:43:00+05:30,110.2,110.8,110.05,110.2,75700,2774200,3.971069,19536.3,19450.0,19450,ATM-2,CALL,19550,2023-11-12
2023-11-12 18:44:00+05:30,110.0,110.45,109.05,110.45,65700,2740300,4.101256,19536.1,19450.0,19450,ATM-2,CALL,19550,2023-11-12
2023-11-12 18:45:00+05:30,110.25,110.25,109.55,109.55,40450,2740300,4.024366,19535.4,19450.0,19450,ATM-2,CALL,19550,2023-11-12
2023-11-12 18:46:00+05:30,109.5,109.95,109.25,109.7,41950,2740300,4.196708,19534.9,19450.0,19450,ATM-2,CALL,19550,2023-11-12
2023-11-12 18:47:00+05:30,109.35,109.55,108.65,108.85,72300,2725050,3.779066,19535.5,19450.0,19450,ATM-2,CALL,19550,2023-11-12
2023-11-12 18:48:00+05:30,108.65,109.5,107.25,108.0,102200,2725050,3.81759,19534.45,19450.0,19450,ATM-2,CALL,19550,2023-11-12
2023-11-12 18:49:00+05:30,108.0,108.75,107.8,108.05,43800,2725050,4.611894,19531.15,19450.0,19450,ATM-2,CALL,19550,2023-11-12
2023-11-12 18:50:00+05:30,107.9,108.5,107.3,107.95,62800,2706650,4.619835,19531.0,19450.0,19450,ATM-2,CALL,19550,2023-11-12
2023-11-12 18:51:00+05:30,108.05,109.4,107.55,108.65,83300,2706650,5.09771,19529.2,19450.0,19450,ATM-2,CALL,19550,2023-11-12
2023-11-12 18:52:00+05:30,108.5,108.9,108.25,108.55,29500,2706650,5.053069,19529.35,19450.0,19450,ATM-2,CALL,19550,2023-11-12
2023-11-12 18:53:00+05:30,108.3,108.6,107.7,108.2,44250,2678500,5.232998,19527.85,19450.0,19450,ATM-2,CALL,19550,2023-11-12
2023-11-12 18:54:00+05:30,107.65,108.9,106.35,108.25,93150,2678500,4.887821,19529.95,19450.0,19450,ATM-2,CALL,19550,2023-11-12
2023-11-12 18:55:00+05:30,108.6,109.0,108.3,108.45,62950,2678500,4.895357,19530.15,19450.0,19450,ATM-2,CALL,19550,2023-11-12
2023-11-12 18:56:00+05:30,108.45,108.65,107.1,107.95,52700,2662400,5.415261,19526.4,19450.0,19450,ATM-2,CALL,19550,2023-11-12
2023-11-12 18:57:00+05:30,108.0,108.15,107.0,108.0,57500,2662400,5.379783,19526.7,19450.0,19450,ATM-2,CALL,19550,2023-11-12
2023-11-12 18:58:00+05:30,108.2,110.65,108.15,110.45,169800,2662400,5.541724,19528.65,19450.0,19450,ATM-2,CALL,19550,2023-11-12
2023-11-12 18:59:00+05:30,110.45,110.45,109.25,109.25,92800,2607800,5.346634,19528.45,19450.0,19450,ATM-2,CALL,19550,2023-11-12
2023-11-12 19:00:00+05:30,109.2,110.0,109.2,109.55,61650,2607800,5.145611,19530.05,19450.0,19450,ATM-2,CALL,19550,2023-11-12
2023-11-12 19:01:00+05:30,109.45,109.65,107.5,108.75,100100,2607800,5.186783,19528.85,19450.0,19450,ATM-2,CALL,19550,2023-11-12
2023-11-12 19:02:00+05:30,108.85,109.0,107.95,109.0,69050,2561850,5.121176,19529.55,19450.0,19450,ATM-2,CALL,19550,2023-11-12
2023-11-12 19:03:00+05:30,109.25,109.25,108.0,108.3,73000,2561850,5.310707,19527.55,19450.0,19450,ATM-2,CALL,19550,2023-11-12
2023-11-12 19:04:00+05:30,108.4,108.95,108.05,108.8,78400,2561850,5.375869,19527.75,19450.0,19450,ATM-2,CALL,19550,2023-11-12
2023-11-12 19:05:00+05:30,142.65,142.65,136.75,137.35,205050,4397050,5.430992,19510.95,19400.0,19450,ATM-2,CALL,19550,2023-11-12
2023-11-12 19:06:00+05:30,136.95,140.4,136.95,139.7,110000,4397050,0.0,19521.75,19400.0,19450,ATM-2,CALL,19550,2023-11-12
2023-11-12 19:07:00+05:30,140.25,141.35,139.55,139.75,59150,4397050,0.0,19522.65,19400.0,19450,ATM-2,CALL,19550,2023-11-12
2023-11-12 19:08:00+05:30,139.8,139.95,139.2,139.5,79550,4363050,0.0,19522.8,19400.0,19450,ATM-2,CALL,19550,2023-11-12
2023-11-12 19:09:00+05:30,139.4,139.45,137.3,138.0,111200,4363050,0.0,19521.75,19400.0,19450,ATM-2,CALL,19550,2023-11-12
2023-11-12 19:10:00+05:30,138.05,139.1,137.4,137.95,151000,4363050,0.0,19523.75,19400.0,19450,ATM-2,CALL,19550,2023-11-12
2023-11-12 19:11:00+05:30,138.35,139.4,138.05,138.7,53350,4300250,0.0,19523.45,19400.0,19450,ATM-2,CALL,19550,2023-11-12
2023-11-12 19:12:00+05:30,138.75,140.0,138.2,140.0,104000,4300250,0.0,19523.45,19400.0,19450,ATM-2,CALL,19550,2023-11-12
2023-11-12 19:13:00+05:30,139.9,140.0,138.9,139.6,144700,4300250,0.0,19522.4,19400.0,19450,ATM-2,CALL,19550,2023-11-12
2023-11-12 19:14:00+05:30,139.25,139.7,134.0,136.95,244900,4225750,0.0,19522.3,19400.0,19450,ATM-2,CALL,19550,2023-11-12
2023-11-12 19:15:00+05:30,135.4,135.4,135.4,135.4,200,4225750,0.0,19523.5,19400.0,19450,ATM-2,CALL,19550,2023-11-12
2023-11-12 18:15:00+05:30,19.0,23.0,13.0,21.35,1317700,5266650,12.265385,19519.4,19300.0,19350,ATM-4,PUT,19550,2023-11-12
2023-11-12 18:16:00+05:30,21.15,21.15,20.05,20.35,843200,5266650,12.17659,19522.9,19300.0,19350,ATM-4,PUT,19550,2023-11-12
2023-11-12 18:17:00+05:30,20.45,20.9,19.75,19.75,758700,5549250,11.907561,19518.4,19300.0,19350,ATM-4,PUT,19550,2023-11-12
2023-11-12 18:18:00+05:30,19.8,20.7,19.15,20.3,545650,5549250,12.14223,19522.1,19300.0,19350,ATM-4,PUT,19550,2023-11-12
2023-11-12 18:19:00+05:30,20.4,20.65,19.25,19.25,524300,5549250,11.950387,19522.9,19300.0,19350,ATM-4,PUT,19550,2023-11-12
2023-11-12 18:20:00+05:30,28.35,28.35,27.0,27.0,332700,3764500,11.940751,19529.35,19350.0,19350,ATM-4,PUT,19550,2023-11-12
2023-11-12 18:21:00+05:30,26.9,27.0,25.05,25.05,297550,3764500,11.754428,19534.0,19350.0,19350,ATM-4,PUT,19550,2023-11-12
2023-11-12 18:22:00+05:30,25.0,25.75,25.0,25.5,291750,3764500,11.896578,19535.7,19350.0,19350,ATM-4,PUT,19550,2023-11-12
2023-11-12 18:23:00+05:30,25.35,25.6,24.7,24.7,412100,3798450,11.813664,19537.5,19350.0,19350,ATM-4,PUT,19550,2023-11-12
2023-11-12 18:24:00+05:30,24.55,25.7,24.3,25.6,287500,3798450,11.878204,19534.6,19350.0,19350,ATM-4,PUT,19550,2023-11-12
2023-11-12 18:25:00+05:30,25.65,27.1,25.6,26.5,317500,3798450,11.990599,19533.15,19350.0,19350,ATM-4,PUT,19550,2023-11-12
2023-11-12 18:26:00+05:30,26.5,26.55,25.25,25.6,154850,4041150,11.977821,19537.4,19350.0,19350,ATM-4,PUT,19550,2023-11-12
2023-11-12 18:27:00+05:30,25.6,26.3,25.4,25.65,126250,4041150,12.132339,19541.55,19350.0,19350,ATM-4,PUT,19550,2023-11-12
2023-11-12 18:28:00+05:30,25.65,25.85,25.2,25.55,93750,4041150,12.170482,19543.15,19350.0,19350,ATM-4,PUT,19550,2023-11-12
2023-11-12 18:29:00+05:30,25.4,25.85,25.35,25.8,125000,4113050,12.126902,19540.55,19350.0,19350,ATM-4,PUT,19550,2023-11-12
2023-11-12 18:30:00+05:30,25.85,25.85,25.5,25.5,80950,4113050,11.992968,19538.25,19350.0,19350,ATM-4,PUT,19550,2023-11-12
2023-11-12 18:31:00+05:30,25.55,26.2,25.4,26.2,156900,4113050,11.81549,19529.55,19350.0,19350,ATM-4,PUT,19550,2023-11-12
2023-11-12 18:32:00+05:30,26.3,26.65,25.7,25.8,219900,4171250,11.897419,19533.9,19350.0,19350,ATM-4,PUT,19550,2023-11-12
2023-11-12 18:33:00+05:30,25.7,26.2,25.65,26.1,54850,4171250,11.963104,19534.2,19350.0,19350,ATM-4,PUT,19550,2023-11-12
2023-11-12 18:34:00+05:30,26.05,26.2,25.9,26.0,36400,4171250,11.921408,19533.5,19350.0,19350,ATM-4,PUT,19550,2023-11-12
2023-11-12 18:35:00+05:30,26.05,26.15,25.85,25.95,65100,4155200,11.871156,19532.3,19350.0,19350,ATM-4,PUT,19550,2023-11-12
2023-11-12 18:36:00+05:30,25.95,26.45,25.9,26.3,92600,4155200,11.876889,19530.65,19350.0,19350,ATM-4,PUT,19550,2023-11-12
2023-11-12 18:37:00+05:30,26.35,26.4,26.05,26.25,93100,4155200,11.684854,19525.45,19350.0,19350,ATM-4,PUT,19550,2023-11-12
2023-11-12 18:38:00+05:30,26.3,26.65,26.05,26.2,142900,4141050,11.724714,19526.8,19350.0,19350,ATM-4,PUT,19550,2023-11-12
2023-11-12 18:39:00+05:30,26.0,26.1,24.75,24.85,189050,4141050,11.701369,19533.05,19350.0,19350,ATM-4,PUT,19550,2023-11-12
2023-11-12 18:40:00+05:30,24.75,25.1,24.2,25.1,196900,4141050,11.793324,19534.35,19350.0,19350,ATM-4,PUT,19550,2023-11-12
2023-11-12 18:41:00+05:30,25.1,25.15,24.6,24.95,148000,4176500,11.775534,19534.6,19350.0,19350,ATM-4,PUT,19550,2023-11-12
2023-11-12 18:42:00+05:30,24.95,25.0,24.65,24.7,66900,4176500,11.775802,19535.9,19350.0,19350,ATM-4,PUT,19550,2023-11-12
2023-11-12 18:43:00+05:30,24.6,24.85,24.4,24.75,108300,4176500,11.799825,19536.3,19350.0,19350,ATM-4,PUT,19550,2023-11-12
2023-11-12 18:44:00+05:30,24.7,24.85,24.4,24.45,64700,4195500,11.738518,19536.1,19350.0,19350,ATM-4,PUT,19550,2023-11-12
2023-11-12 18:45:00+05:30,24.6,24.65,24.4,24.6,74000,4195500,11.742807,19535.4,19350.0,19350,ATM-4,PUT,19550,2023-11-12
2023-11-12 18:46:00+05:30,24.65,24.7,24.55,24.65,105600,4195500,11.735556,19534.9,19350.0,19350,ATM-4,PUT,19550,2023-11-12
2023-11-12 18:47:00+05:30,24.65,24.85,24.6,24.7,158300,4272950,11.766539,19535.5,19350.0,19350,ATM-4,PUT,19550,2023-11-12
2023-11-12 18:48:00+05:30,24.8,25.05,24.7,25.05,104750,4272950,11.795104,19534.45,19350.0,19350,ATM-4,PUT,19550,2023-11-12
2023-11-12 18:49:00+05:30,25.1,25.45,25.05,25.4,54000,4272950,11.744294,19531.15,19350.0,19350,ATM-4,PUT,19550,2023-11-12
2023-11-12 18:50:00+05:30,25.45,25.8,25.3,25.55,113150,4270150,11.767132,19531.0,19350.0,19350,ATM-4,PUT,19550,2023-11-12
2023-11-12 18:51:00+05:30,25.6,25.6,24.9,25.3,90000,4270150,11.659517,19529.2,19350.0,19350,ATM-4,PUT,19550,2023-11-12
2023-11-12 18:52:00+05:30,25.4,25.45,25.1,25.35,73750,4270150,11.674763,19529.35,19350.0,19350,ATM-4,PUT,19550,2023-11-12
2023-11-12 18:53:00+05:30,25.3,25.45,25.15,25.25,54600,4259500,11.604817,19527.85,19350.0,19350,ATM-4,PUT,19550,2023-11-12
2023-11-12 18:54:00+05:30,25.25,25.6,24.95,25.0,85400,4259500,11.63413,19529.95,19350.0,19350,ATM-4,PUT,19550,2023-11-12
2023-11-12 18:55:00+05:30,25.1,25.4,25.0,25.25,31600,4259500,11.687503,19530.15,19350.0,19350,ATM-4,PUT,19550,2023-11-12
2023-11-12 18:56:00+05:30,25.25,25.6,25.2,25.55,76400,4261200,11.610557,19526.4,19350.0,19350,ATM-4,PUT,19550,2023-11-12
2023-11-12 18:57:00+05:30,25.45,25.6,25.1,25.15,52050,4261200,11.549885,19526.7,19350.0,19350,ATM-4,PUT,19550,2023-11-12
2023-11-12 18:58:00+05:30,25.2,25.2,23.15,23.4,230350,4261200,11.298646,19528.65,19350.0,19350,ATM-4,PUT,19550,2023-11-12
2023-11-12 18:59:00+05:30,23.45,24.1,23.45,23.85,106050,4283350,11.375716,19528.45,19350.0,19350,ATM-4,PUT,19550,2023-11-12
2023-11-12 19:00:00+05:30,23.95,23.95,23.2,23.4,109900,4283350,11.348961,19530.05,19350.0,19350,ATM-4,PUT,19550,2023-11-12
2023-11-12 19:01:00+05:30,23.5,24.2,23.45,23.95,109400,4283350,11.409854,19528.85,19350.0,19350,ATM-4,PUT,19550,2023-11-12
2023-11-12 19:02:00+05:30,23.9,24.05,23.6,23.6,82800,4299000,11.370486,19529.55,19350.0,19350,ATM-4,PUT,19550,2023-11-12
2023-11-12 19:03:00+05:30,23.6,23.95,23.5,23.95,44350,4299000,11.366321,19527.55,19350.0,19350,ATM-4,PUT,19550,2023-11-12
2023-11-12 19:04:00+05:30,23.85,23.95,23.7,23.75,51800,4299000,11.337378,19527.75,19350.0,19350,ATM-4,PUT,19550,2023-11-12
2023-11-12 19:05:00+05:30,16.05,16.7,15.85,16.7,242850,5745850,11.064231,19510.95,19300.0,19350,ATM-4,PUT,19550,2023-11-12
2023-11-12 19:06:00+05:30,16.6,16.65,16.15,16.35,167600,5745850,11.329066,19521.75,19300.0,19350,ATM-4,PUT,19550,2023-11-12
2023-11-12 19:07:00+05:30,16.25,16.5,16.15,16.4,98250,5745850,11.369417,19522.65,19300.0,19350,ATM-4,PUT,19550,2023-11-12
2023-11-12 19:08:00+05:30,16.45,16.45,16.05,16.05,106550,5723250,11.296412,19522.8,19300.0,19350,ATM-4,PUT,19550,2023-11-12
2023-11-12 19:09:00+05:30,16.05,16.3,16.05,16.15,134500,5723250,11.286946,19521.75,19300.0,19350,ATM-4,PUT,19550,2023-11-12
2023-11-12 19:10:00+05:30,16.1,16.1,15.3,15.35,278950,5723250,11.168468,19523.75,19300.0,19350,ATM-4,PUT,19550,2023-11-12
2023-11-12 19:11:00+05:30,15.4,15.6,15.3,15.45,224500,5673350,11.182989,19523.45,19300.0,19350,ATM-4,PUT,19550,2023-11-12
2023-11-12 19:12:00+05:30,15.5,15.6,15.0,15.0,332650,5673350,11.080204,19523.45,19300.0,19350,ATM-4,PUT,19550,2023-11-12
2023-11-12 19:13:00+05:30,15.05,15.4,15.0,15.0,184050,5673350,11.048616,19522.4,19300.0,19350,ATM-4,PUT,19550,2023-11-12
2023-11-12 19:14:00+05:30,15.05,15.15,13.85,14.0,299200,5676200,10.812007,19522.3,19300.0,19350,ATM-4,PUT,19550,2023-11-12
2023-11-12 19:15:00+05:30,14.0,14.0,14.0,14.0,2450,5676200,10.849549,19523.5,19300.0,19350,ATM-4,PUT,19550,2023-11-12
2023-11-12 18:15:00+05:30,211.0,238.5,161.0,200.0,372350,1395050,0.0,19519.4,19300.0,19350,ATM-4,CALL,19550,2023-11-12
2023-11-12 18:16:00+05:30,200.0,205.1,200.0,205.1,133750,1395050,0.0,19522.9,19300.0,19350,ATM-4,CALL,19550,2023-11-12
2023-11-12 18:17:00+05:30,205.1,209.3,205.1,208.8,102050,1381450,0.0,19518.4,19300.0,19350,ATM-4,CALL,19550,2023-11-12
2023-11-12 18:18:00+05:30,209.25,210.55,204.55,207.55,109000,1381450,0.0,19522.1,19300.0,19350,ATM-4,CALL,19550,2023-11-12
2023-11-12 18:19:00+05:30,207.0,213.25,206.8,213.25,109850,1381450,0.0,19522.9,19300.0,19350,ATM-4,CALL,19550,2023-11-12
2023-11-12 18:20:00+05:30,172.8,180.0,172.55,180.0,81150,882950,0.0,19529.35,19350.0,19350,ATM-4,CALL,19550,2023-11-12
2023-11-12 18:21:00+05:30,179.45,185.3,178.9,184.9,146850,882950,0.0,19534.0,19350.0,19350,ATM-4,CALL,19550,2023-11-12
2023-11-12 18:22:00+05:30,185.7,186.4,182.8,185.45,75350,882950,0.0,19535.7,19350.0,19350,ATM-4,CALL,19550,2023-11-12
2023-11-12 18:23:00+05:30,185.2,186.4,183.95,185.9,53100,850550,0.0,19537.5,19350.0,19350,ATM-4,CALL,19550,2023-11-12
2023-11-12 18:24:00+05:30,185.9,187.05,183.2,184.6,39300,850550,0.0,19534.6,19350.0,19350,ATM-4,CALL,19550,2023-11-12
2023-11-12 18:25:00+05:30,184.55,184.55,178.4,182.45,63600,850550,0.0,19533.15,19350.0,19350,ATM-4,CALL,19550,2023-11-12
2023-11-12 18:26:00+05:30,182.45,185.0,182.35,184.5,39050,810200,0.0,19537.4,19350.0,19350,ATM-4,CALL,19550,2023-11-12
2023-11-12 18:27:00+05:30,184.2,185.45,183.65,185.0,21500,810200,0.0,19541.55,19350.0,19350,ATM-4,CALL,19550,2023-11-12
2023-11-12 18:28:00+05:30,184.8,185.5,184.5,184.95,19850,810200,0.0,19543.15,19350.0,19350,ATM-4,CALL,19550,2023-11-12
2023-11-12 18:29:00+05:30,184.95,184.95,182.3,183.6,23750,806950,0.0,19540.55,19350.0,19350,ATM-4,CALL,19550,2023-11-12
2023-11-12 18:30:00+05:30,183.1,183.5,181.75,183.25,26650,806950,0.0,19538.25,19350.0,19350,ATM-4,CALL,19550,2023-11-12
2023-11-12 18:31:00+05:30,183.0,183.0,178.0,178.2,48400,806950,0.0,19529.55,19350.0,19350,ATM-4,CALL,19550,2023-11-12
2023-11-12 18:32:00+05:30,178.0,182.85,177.0,182.75,32900,790700,0.0,19533.9,19350.0,19350,ATM-4,CALL,19550,2023-11-12
2023-11-12 18:33:00+05:30,182.15,182.5,180.75,181.0,17900,790700,0.0,19534.2,19350.0,19350,ATM-4,CALL,19550,2023-11-12
2023-11-12 18:34:00+05:30,181.0,181.05,179.6,180.3,12100,790700,0.0,19533.5,19350.0,19350,ATM-4,CALL,19550,2023-11-12
2023-11-12 18:35:00+05:30,180.3,181.05,180.0,180.15,8200,791050,0.0,19532.3,19350.0,19350,ATM-4,CALL,19550,2023-11-12
2023-11-12 18:36:00+05:30,180.3,180.45,178.2,179.35,20500,791050,0.0,19530.65,19350.0,19350,ATM-4,CALL,19550,2023-11-12
2023-11-12 18:37:00+05:30,179.35,179.35,175.7,175.95,20900,791050,0.0,19525.45,19350.0,19350,ATM-4,CALL,19550,2023-11-12
2023-11-12 18:38:00+05:30,176.3,179.5,175.65,179.5,14200,789150,0.0,19526.8,19350.0,19350,ATM-4,CALL,19550,2023-11-12
2023-11-12 18:39:00+05:30,179.85,183.0,179.65,182.45,32650,789150,0.0,19533.05,19350.0,19350,ATM-4,CALL,19550,2023-11-12
2023-11-12 18:40:00+05:30,182.75,183.0,181.25,181.6,18000,789150,0.0,19534.35,19350.0,19350,ATM-4,CALL,19550,2023-11-12
2023-11-12 18:41:00+05:30,181.45,182.3,179.8,181.15,14050,791400,0.0,19534.6,19350.0,19350,ATM-4,CALL,19550,2023-11-12
2023-11-12 18:42:00+05:30,181.15,181.65,180.6,181.45,7300,791400,0.0,19535.9,19350.0,19350,ATM-4,CALL,19550,2023-11-12
2023-11-12 18:43:00+05:30,181.45,182.65,181.45,181.9,20000,791400,0.0,19536.3,19350.0,19350,ATM-4,CALL,19550,2023-11-12
2023-11-12 18:44:00+05:30,181.8,182.25,180.4,182.15,8750,784300,0.0,19536.1,19350.0,19350,ATM-4,CALL,19550,2023-11-12
2023-11-12 18:45:00+05:30,181.9,182.3,181.2,181.4,7850,784300,0.0,19535.4,19350.0,19350,ATM-4,CALL,19550,2023-11-12
2023-11-12 18:46:00+05:30,181.25,181.8,180.8,181.1,5150,784300,0.0,19534.9,19350.0,19350,ATM-4,CALL,19550,2023-11-12
2023-11-12 18:47:00+05:30,181.05,181.35,180.5,180.55,3800,781250,0.0,19535.5,19350.0,19350,ATM-4,CALL,19550,2023-11-12
2023-11-12 18:48:00+05:30,180.55,181.5,178.7,179.55,16450,781250,0.0,19534.45,19350.0,19350,ATM-4,CALL,19550,2023-11-12
2023-11-12 18:49:00+05:30,179.55,180.2,179.15,179.15,6300,781250,0.0,19531.15,19350.0,19350,ATM-4,CALL,19550,2023-11-12
2023-11-12 18:50:00+05:30,179.5,180.25,178.55,179.25,9700,781850,0.0,19531.0,19350.0,19350,ATM-4,CALL,19550,2023-11-12
2023-11-12 18:51:00+05:30,179.25,181.3,178.85,180.8,11550,781850,0.0,19529.2,19350.0,19350,ATM-4,CALL,19550,2023-11-12
2023-11-12 18:52:00+05:30,180.0,180.55,179.95,180.05,10550,781850,0.0,19529.35,19350.0,19350,ATM-4,CALL,19550,2023-11-12
2023-11-12 18:53:00+05:30,180.05,180.3,179.45,180.15,8600,775450,0.0,19527.85,19350.0,19350,ATM-4,CALL,19550,2023-11-12
2023-11-12 18:54:00+05:30,180.15,180.7,177.7,180.05,20650,775450,0.0,19529.95,19350.0,19350,ATM-4,CALL,19550,2023-11-12
2023-11-12 18:55:00+05:30,180.45,180.95,180.05,180.45,9250,775450,0.0,19530.15,19350.0,19350,ATM-4,CALL,19550,2023-11-12
2023-11-12 18:56:00+05:30,180.25,180.4,178.65,178.95,17200,770200,0.0,19526.4,19350.0,19350,ATM-4,CALL,19550,2023-11-12
2023-11-12 18:57:00+05:30,179.25,180.0,178.25,180.0,4950,770200,0.0,19526.7,19350.0,19350,ATM-4,CALL,19550,2023-11-12
2023-11-12 18:58:00+05:30,180.0,184.0,179.95,183.7,51350,770200,0.0,19528.65,19350.0,19350,ATM-4,CALL,19550,2023-11-12
2023-11-12 18:59:00+05:30,183.6,183.6,181.6,181.95,15750,748350,0.0,19528.45,19350.0,19350,ATM-4,CALL,19550,2023-11-12
2023-11-12 19:00:00+05:30,181.8,183.0,181.65,182.7,18150,748350,0.0,19530.05,19350.0,19350,ATM-4,CALL,19550,2023-11-12
2023-11-12 19:01:00+05:30,182.15,182.15,179.55,181.45,19550,748350,0.0,19528.85,19350.0,19350,ATM-4,CALL,19550,2023-11-12
2023-11-12 19:02:00+05:30,181.25,181.5,180.1,181.5,21250,742750,0.0,19529.55,19350.0,19350,ATM-4,CALL,19550,2023-11-12
2023-11-12 19:03:00+05:30,181.6,181.6,180.0,180.3,5950,742750,0.0,19527.55,19350.0,19350,ATM-4,CALL,19550,2023-11-12
2023-11-12 19:04:00+05:30,180.15,181.0,180.1,181.0,5050,742750,0.0,19527.75,19350.0,19350,ATM-4,CALL,19550,2023-11-12
2023-11-12 19:05:00+05:30,223.5,223.5,217.3,217.3,41600,1204900,0.0,19510.95,19300.0,19350,ATM-4,CALL,19550,2023-11-12
2023-11-12 19:06:00+05:30,217.3,221.25,217.3,220.8,22650,1204900,0.0,19521.75,19300.0,19350,ATM-4,CALL,19550,2023-11-12
2023-11-12 19:07:00+05:30,220.8,222.0,220.0,220.4,18300,1204900,0.0,19522.65,19300.0,19350,ATM-4,CALL,19550,2023-11-12
2023-11-12 19:08:00+05:30,220.15,220.55,219.35,220.2,7900,1205500,0.0,19522.8,19300.0,19350,ATM-4,CALL,19550,2023-11-12
2023-11-12 19:09:00+05:30,220.2,220.35,218.0,218.55,12550,1205500,0.0,19521.75,19300.0,19350,ATM-4,CALL,19550,2023-11-12
2023-11-12 19:10:00+05:30,218.1,219.8,217.4,218.1,29250,1205500,0.0,19523.75,19300.0,19350,ATM-4,CALL,19550,2023-11-12
2023-11-12 19:11:00+05:30,218.1,219.7,218.1,218.65,13500,1194600,0.0,19523.45,19300.0,19350,ATM-4,CALL,19550,2023-11-12
2023-11-12 19:12:00+05:30,218.65,221.9,218.65,221.85,83950,1194600,0.0,19523.45,19300.0,19350,ATM-4,CALL,19550,2023-11-12
2023-11-12 19:13:00+05:30,221.6,221.8,220.15,221.2,30650,1194600,0.0,19522.4,19300.0,19350,ATM-4,CALL,19550,2023-11-12
2023-11-12 19:14:00+05:30,221.55,221.55,215.9,219.65,55500,1198550,0.0,19522.3,19300.0,19350,ATM-4,CALL,19550,2023-11-12
2023-11-12 18:15:00+05:30,54.95,77.8,34.9,67.3,981300,1514600,13.265125,19519.4,19450.0,19500,ATM-1,PUT,19550,2023-11-12
2023-11-12 18:16:00+05:30,67.0,67.0,62.9,63.05,725550,1514600,12.869865,19522.9,19450.0,19500,ATM-1,PUT,19550,2023-11-12
2023-11-12 18:17:00+05:30,63.35,63.45,60.2,60.4,494000,1820200,12.3042,19518.4,19450.0,19500,ATM-1,PUT,19550,2023-11-12
2023-11-12 18:18:00+05:30,60.3,62.6,59.05,61.5,412700,1820200,12.627247,19522.1,19450.0,19500,ATM-1,PUT,19550,2023-11-12
2023-11-12 18:19:00+05:30,61.6,61.8,58.4,58.4,237250,1820200,12.251177,19522.9,19450.0,19500,ATM-1,PUT,19550,2023-11-12
2023-11-12 18:20:00+05:30,80.85,81.1,77.6,77.8,884450,3548050,12.569948,19529.35,19500.0,19500,ATM-1,PUT,19550,2023-11-12
2023-11-12 18:21:00+05:30,77.55,77.8,73.2,73.2,1087900,3548050,12.230236,19534.0,19500.0,19500,ATM-1,PUT,19550,2023-11-12
2023-11-12 18:22:00+05:30,72.95,74.45,72.95,73.7,747650,3548050,12.38384,19535.7,19500.0,19500,ATM-1,PUT,19550,2023-11-12
2023-11-12 18:23:00+05:30,73.7,74.3,72.5,72.5,562800,4319350,12.324772,19537.5,19500.0,19500,ATM-1,PUT,19550,2023-11-12
2023-11-12 18:24:00+05:30,72.3,74.5,71.5,74.5,658350,4319350,12.43042,19534.6,19500.0,19500,ATM-1,PUT,19550,2023-11-12
2023-11-12 18:25:00+05:30,74.5,77.4,74.35,76.2,764450,4319350,12.572154,19533.15,19500.0,19500,ATM-1,PUT,19550,2023-11-12
2023-11-12 18:26:00+05:30,76.0,76.5,73.5,74.5,477650,4623850,12.578443,19537.4,19500.0,19500,ATM-1,PUT,19550,2023-11-12
2023-11-12 18:27:00+05:30,74.25,75.8,73.9,74.4,274050,4623850,12.781572,19541.55,19500.0,19500,ATM-1,PUT,19550,2023-11-12
2023-11-12 18:28:00+05:30,74.5,74.8,73.65,74.15,249750,4623850,12.832776,19543.15,19500.0,19500,ATM-1,PUT,19550,2023-11-12
2023-11-12 18:29:00+05:30,74.25,75.2,74.15,75.2,308650,4767800,12.834457,19540.55,19500.0,19500,ATM-1,PUT,19550,2023-11-12
2023-11-12 18:30:00+05:30,75.25,75.55,74.7,74.9,335650,4767800,12.677624,19538.25,19500.0,19500,ATM-1,PUT,19550,2023-11-12
2023-11-12 18:31:00+05:30,74.95,76.95,74.65,76.95,575900,4767800,12.482632,19529.55,19500.0,19500,ATM-1,PUT,19550,2023-11-12
2023-11-12 18:32:00+05:30,77.0,77.65,75.1,75.1,582850,5048800,12.477694,19533.9,19500.0,19500,ATM-1,PUT,19550,2023-11-12
2023-11-12 18:33:00+05:30,75.3,76.5,75.05,76.5,170550,5048800,12.673187,19534.2,19500.0,19500,ATM-1,PUT,19550,2023-11-12
2023-11-12 18:34:00+05:30,76.5,76.75,76.0,76.35,210850,5048800,12.618111,19533.5,19500.0,19500,ATM-1,PUT,19550,2023-11-12
2023-11-12 18:35:00+05:30,76.25,76.3,75.75,75.9,227450,5159700,12.498304,19532.3,19500.0,19500,ATM-1,PUT,19550,2023-11-12
2023-11-12 18:36:00+05:30,76.0,76.9,75.8,76.75,262550,5159700,12.520237,19530.65,19500.0,19500,ATM-1,PUT,19550,2023-11-12
2023-11-12 18:37:00+05:30,76.7,77.65,76.7,77.65,385150,5159700,12.357688,19525.45,19500.0,19500,ATM-1,PUT,19550,2023-11-12
2023-11-12 18:38:00+05:30,77.75,78.4,76.45,76.45,629700,5303750,12.278581,19526.8,19500.0,19500,ATM-1,PUT,19550,2023-11-12
2023-11-12 18:39:00+05:30,76.2,76.2,73.45,74.0,607000,5303750,12.298867,19533.05,19500.0,19500,ATM-1,PUT,19550,2023-11-12
2023-11-12 18:40:00+05:30,73.7,75.0,73.0,75.0,389950,5303750,12.495937,19534.35,19500.0,19500,ATM-1,PUT,19550,2023-11-12
2023-11-12 18:41:00+05:30,74.9,75.0,74.1,74.8,268650,5435350,12.484409,19534.6,19500.0,19500,ATM-1,PUT,19550,2023-11-12
2023-11-12 18:42:00+05:30,74.8,75.0,74.1,74.15,164950,5435350,12.470229,19535.9,19500.0,19500,ATM-1,PUT,19550,2023-11-12
2023-11-12 18:43:00+05:30,74.1,74.45,73.4,74.3,251950,5435350,12.511272,19536.3,19500.0,19500,ATM-1,PUT,19550,2023-11-12
2023-11-12 18:44:00+05:30,74.2,74.6,73.6,73.65,224150,5610850,12.418468,19536.1,19500.0,19500,ATM-1,PUT,19550,2023-11-12
2023-11-12 18:45:00+05:30,73.85,74.15,73.5,73.95,280200,5610850,12.421228,19535.4,19500.0,19500,ATM-1,PUT,19550,2023-11-12
2023-11-12 18:46:00+05:30,73.95,74.05,73.5,74.0,291150,5610850,12.402367,19534.9,19500.0,19500,ATM-1,PUT,19550,2023-11-12
2023-11-12 18:47:00+05:30,74.05,74.25,73.9,74.2,140000,5792900,12.460326,19535.5,19500.0,19500,ATM-1,PUT,19550,2023-11-12
2023-11-12 18:48:00+05:30,74.3,74.9,74.0,74.75,263900,5792900,12.476606,19534.45,19500.0,19500,ATM-1,PUT,19550,2023-11-12
2023-11-12 18:49:00+05:30,74.75,75.65,74.7,75.65,270450,5792900,12.418435,19531.15,19500.0,19500,ATM-1,PUT,19550,2023-11-12
2023-11-12 18:50:00+05:30,75.55,76.2,75.1,75.65,320050,5720700,12.4114,19531.0,19500.0,19500,ATM-1,PUT,19550,2023-11-12
2023-11-12 18:51:00+05:30,75.35,75.65,74.0,74.8,297000,5720700,12.208226,19529.2,19500.0,19500,ATM-1,PUT,19550,2023-11-12
2023-11-12 18:52:00+05:30,74.85,75.15,74.55,74.9,148750,5720700,12.229863,19529.35,19500.0,19500,ATM-1,PUT,19550,2023-11-12
2023-11-12 18:53:00+05:30,74.95,75.45,74.8,75.15,126850,5730400,12.1827,19527.85,19500.0,19500,ATM-1,PUT,19550,2023-11-12
2023-11-12 18:54:00+05:30,75.05,75.8,74.05,74.35,270700,5730400,12.193336,19529.95,19500.0,19500,ATM-1,PUT,19550,2023-11-12
2023-11-12 18:55:00+05:30,74.65,75.15,74.35,75.0,140500,5730400,12.287859,19530.15,19500.0,19500,ATM-1,PUT,19550,2023-11-12
2023-11-12 18:56:00+05:30,74.95,75.6,74.8,75.45,178050,5704700,12.146008,19526.4,19500.0,19500,ATM-1,PUT,19550,2023-11-12
2023-11-12 18:57:00+05:30,75.3,75.7,74.3,74.3,248450,5704700,12.016423,19526.7,19500.0,19500,ATM-1,PUT,19550,2023-11-12
2023-11-12 18:58:00+05:30,74.3,74.3,70.45,70.8,1032900,5704700,11.674313,19528.65,19500.0,19500,ATM-1,PUT,19550,2023-11-12
2023-11-12 18:59:00+05:30,71.0,72.45,71.0,72.0,307100,5825750,11.817933,19528.45,19500.0,19500,ATM-1,PUT,19550,2023-11-12
2023-11-12 19:00:00+05:30,72.15,72.15,70.95,71.35,264050,5825750,11.820452,19530.05,19500.0,19500,ATM-1,PUT,19550,2023-11-12
2023-11-12 19:01:00+05:30,71.3,73.1,71.3,72.5,364100,5825750,11.904805,19528.85,19500.0,19500,ATM-1,PUT,19550,2023-11-12
2023-11-12 19:02:00+05:30,72.45,72.95,72.0,72.0,252000,5794050,11.878885,19529.55,19500.0,19500,ATM-1,PUT,19550,2023-11-12
2023-11-12 19:03:00+05:30,72.0,72.9,71.6,72.7,241450,5794050,11.862933,19527.55,19500.0,19500,ATM-1,PUT,19550,2023-11-12
2023-11-12 19:04:00+05:30,72.8,72.8,72.0,72.15,213650,5794050,11.804203,19527.75,19500.0,19500,ATM-1,PUT,19550,2023-11-12
2023-11-12 19:05:00+05:30,51.05,53.1,51.05,53.1,308000,2242950,11.01622,19510.95,19450.0,19500,ATM-1,PUT,19550,2023-11-12
2023-11-12 19:06:00+05:30,53.2,53.3,51.9,52.25,167800,2242950,11.408765,19521.75,19450.0,19500,ATM-1,PUT,19550,2023-11-12
2023-11-12 19:07:00+05:30,52.05,52.65,51.65,52.4,84700,2242950,11.471725,19522.65,19450.0,19500,ATM-1,PUT,19550,2023-11-12
2023-11-12 19:08:00+05:30,52.45,52.5,51.8,51.95,119300,2192600,11.418246,19522.8,19450.0,19500,ATM-1,PUT,19550,2023-11-12
2023-11-12 19:09:00+05:30,51.8,52.75,51.8,52.35,116950,2192600,11.424934,19521.75,19450.0,19500,ATM-1,PUT,19550,2023-11-12
2023-11-12 19:10:00+05:30,52.45,52.45,51.6,51.85,151950,2192600,11.450204,19523.75,19450.0,19500,ATM-1,PUT,19550,2023-11-12
2023-11-12 19:11:00+05:30,51.85,51.95,51.45,51.8,134800,2149400,11.430397,19523.45,19450.0,19500,ATM-1,PUT,19550,2023-11-12
2023-11-12 19:12:00+05:30,51.8,51.8,49.3,49.4,251150,2149400,11.102995,19523.45,19450.0,19500,ATM-1,PUT,19550,2023-11-12
2023-11-12 19:13:00+05:30,49.4,50.4,49.4,49.65,184400,2149400,11.089916,19522.4,19450.0,19500,ATM-1,PUT,19550,2023-11-12
2023-11-12 19:14:00+05:30,49.8,50.0,47.0,48.65,356950,2114550,10.949104,19522.3,19450.0,19500,ATM-1,PUT,19550,2023-11-12
2023-11-12 19:15:00+05:30,46.75,46.75,46.75,46.75,950,2114550,10.743171,19523.5,19450.0,19500,ATM-1,PUT,19550,2023-11-12
2023-11-12 18:15:00+05:30,190.0,199.3,133.0,160.55,414650,975700,0.0,19519.4,19350.0,19400,ATM-3,CALL,19550,2023-11-12
2023-11-12 18:16:00+05:30,161.2,165.6,160.05,165.3,159500,975700,0.0,19522.9,19350.0,19400,ATM-3,CALL,19550,2023-11-12
2023-11-12 18:17:00+05:30,164.85,168.7,164.85,168.0,118350,916550,0.0,19518.4,19350.0,19400,ATM-3,CALL,19550,2023-11-12
2023-11-12 18:18:00+05:30,168.2,169.65,163.8,166.55,102350,916550,0.0,19522.1,19350.0,19400,ATM-3,CALL,19550,2023-11-12
2023-11-12 18:19:00+05:30,166.75,172.6,166.75,172.15,70100,916550,0.0,19522.9,19350.0,19400,ATM-3,CALL,19550,2023-11-12
2023-11-12 18:20:00+05:30,135.65,142.55,135.65,142.55,533050,5408850,0.0,19529.35,19400.0,19400,ATM-3,CALL,19550,2023-11-12
2023-11-12 18:21:00+05:30,141.8,147.0,141.45,147.0,590300,5408850,0.0,19534.0,19400.0,19400,ATM-3,CALL,19550,2023-11-12
2023-11-12 18:22:00+05:30,147.15,147.55,144.55,146.9,436200,5408850,0.0,19535.7,19400.0,19400,ATM-3,CALL,19550,2023-11-12
2023-11-12 18:23:00+05:30,146.6,147.85,145.45,147.35,317150,5040250,0.0,19537.5,19400.0,19400,ATM-3,CALL,19550,2023-11-12
2023-11-12 18:24:00+05:30,147.4,148.65,145.0,146.0,442800,5040250,0.0,19534.6,19400.0,19400,ATM-3,CALL,19550,2023-11-12
2023-11-12 18:25:00+05:30,146.0,146.25,140.8,144.65,516650,5040250,0.0,19533.15,19400.0,19400,ATM-3,CALL,19550,2023-11-12
2023-11-12 18:26:00+05:30,144.65,146.55,144.15,145.8,205950,4826750,0.0,19537.4,19400.0,19400,ATM-3,CALL,19550,2023-11-12
2023-11-12 18:27:00+05:30,146.0,147.0,145.3,146.45,151000,4826750,0.0,19541.55,19400.0,19400,ATM-3,CALL,19550,2023-11-12
2023-11-12 18:28:00+05:30,146.85,147.0,146.2,146.35,85950,4826750,0.0,19543.15,19400.0,19400,ATM-3,CALL,19550,2023-11-12
2023-11-12 18:29:00+05:30,146.65,146.65,144.0,144.9,135550,4818850,0.0,19540.55,19400.0,19400,ATM-3,CALL,19550,2023-11-12
2023-11-12 18:30:00+05:30,144.8,145.0,144.0,144.9,115650,4818850,0.0,19538.25,19400.0,19400,ATM-3,CALL,19550,2023-11-12
2023-11-12 18:31:00+05:30,144.5,144.85,140.1,140.55,242100,4818850,0.0,19529.55,19400.0,19400,ATM-3,CALL,19550,2023-11-12
2023-11-12 18:32:00+05:30,140.45,144.35,139.0,144.25,200800,4746300,0.0,19533.9,19400.0,19400,ATM-3,CALL,19550,2023-11-12
2023-11-12 18:33:00+05:30,144.2,144.2,142.5,142.8,96250,4746300,0.0,19534.2,19400.0,19400,ATM-3,CALL,19550,2023-11-12
2023-11-12 18:34:00+05:30,142.65,142.95,141.55,142.0,79750,4746300,0.0,19533.5,19400.0,19400,ATM-3,CALL,19550,2023-11-12
2023-11-12 18:35:00+05:30,142.2,143.0,142.0,142.35,64100,4743950,0.0,19532.3,19400.0,19400,ATM-3,CALL,19550,2023-11-12
2023-11-12 18:36:00+05:30,142.3,142.5,140.4,141.2,85850,4743950,0.0,19530.65,19400.0,19400,ATM-3,CALL,19550,2023-11-12
2023-11-12 18:37:00+05:30,141.05,141.4,138.05,138.05,129250,4743950,0.0,19525.45,19400.0,19400,ATM-3,CALL,19550,2023-11-12
2023-11-12 18:38:00+05:30,138.4,141.55,138.0,141.5,146450,4734550,0.0,19526.8,19400.0,19400,ATM-3,CALL,19550,2023-11-12
2023-11-12 18:39:00+05:30,141.85,144.6,141.6,144.2,198550,4734550,0.0,19533.05,19400.0,19400,ATM-3,CALL,19550,2023-11-12
2023-11-12 18:40:00+05:30,144.35,144.5,143.0,143.05,92850,4734550,0.0,19534.35,19400.0,19400,ATM-3,CALL,19550,2023-11-12
2023-11-12 18:41:00+05:30,143.05,144.0,141.45,143.0,123850,4730250,0.0,19534.6,19400.0,19400,ATM-3,CALL,19550,2023-11-12
2023-11-12 18:42:00+05:30,142.7,143.7,142.65,143.5,61750,4730250,0.0,19535.9,19400.0,19400,ATM-3,CALL,19550,2023-11-12
2023-11-12 18:43:00+05:30,143.9,144.45,143.6,143.85,103150,4730250,0.0,19536.3,19400.0,19400,ATM-3,CALL,19550,2023-11-12
2023-11-12 18:44:00+05:30,143.55,144.2,142.75,144.2,114500,4673450,0.0,19536.1,19400.0,19400,ATM-3,CALL,19550,2023-11-12
2023-11-12 18:45:00+05:30,144.15,144.15,143.2,143.2,50750,4673450,0.0,19535.4,19400.0,19400,ATM-3,CALL,19550,2023-11-12
2023-11-12 18:46:00+05:30,143.15,143.7,143.0,143.1,57800,4673450,0.0,19534.9,19400.0,19400,ATM-3,CALL,19550,2023-11-12
2023-11-12 18:47:00+05:30,143.05,143.25,142.2,142.2,59750,4607550,0.0,19535.5,19400.0,19400,ATM-3,CALL,19550,2023-11-12
2023-11-12 18:48:00+05:30,142.4,143.0,140.6,141.15,80550,4607550,0.0,19534.45,19400.0,19400,ATM-3,CALL,19550,2023-11-12
2023-11-12 18:49:00+05:30,141.35,142.0,141.0,141.0,37950,4607550,0.0,19531.15,19400.0,19400,ATM-3,CALL,19550,2023-11-12
2023-11-12 18:50:00+05:30,141.1,142.0,140.2,141.1,76600,4602000,0.0,19531.0,19400.0,19400,ATM-3,CALL,19550,2023-11-12
2023-11-12 18:51:00+05:30,141.2,142.8,140.7,141.9,74600,4602000,0.0,19529.2,19400.0,19400,ATM-3,CALL,19550,2023-11-12
2023-11-12 18:52:00+05:30,142.0,142.3,141.5,141.55,23300,4602000,0.0,19529.35,19400.0,19400,ATM-3,CALL,19550,2023-11-12
2023-11-12 18:53:00+05:30,141.65,142.0,141.2,141.5,48550,4596800,0.0,19527.85,19400.0,19400,ATM-3,CALL,19550,2023-11-12
2023-11-12 18:54:00+05:30,141.45,142.4,139.8,141.95,97600,4596800,0.0,19529.95,19400.0,19400,ATM-3,CALL,19550,2023-11-12
2023-11-12 18:55:00+05:30,142.2,142.4,141.5,141.8,33200,4596800,0.0,19530.15,19400.0,19400,ATM-3,CALL,19550,2023-11-12
2023-11-12 18:56:00+05:30,141.7,141.9,140.25,141.0,42500,4579000,0.0,19526.4,19400.0,19400,ATM-3,CALL,19550,2023-11-12
2023-11-12 18:57:00+05:30,141.0,141.85,140.2,141.85,67200,4579000,0.0,19526.7,19400.0,19400,ATM-3,CALL,19550,2023-11-12
2023-11-12 18:58:00+05:30,141.9,144.95,141.85,144.35,220800,4579000,0.0,19528.65,19400.0,19400,ATM-3,CALL,19550,2023-11-12
2023-11-12 18:59:00+05:30,144.5,144.5,143.05,143.1,58950,4528700,0.0,19528.45,19400.0,19400,ATM-3,CALL,19550,2023-11-12
2023-11-12 19:00:00+05:30,143.05,144.0,143.05,143.4,55500,4528700,0.0,19530.05,19400.0,19400,ATM-3,CALL,19550,2023-11-12
2023-11-12 19:01:00+05:30,143.3,143.4,141.1,142.75,102400,4528700,0.0,19528.85,19400.0,19400,ATM-3,CALL,19550,2023-11-12
2023-11-12 19:02:00+05:30,142.25,142.8,141.3,142.8,113000,4483750,0.0,19529.55,19400.0,19400,ATM-3,CALL,19550,2023-11-12
2023-11-12 19:03:00+05:30,143.0,143.0,141.35,141.85,73400,4483750,0.0,19527.55,19400.0,19400,ATM-3,CALL,19550,2023-11-12
2023-11-12 19:04:00+05:30,141.6,142.5,141.5,142.35,74200,4483750,0.0,19527.75,19400.0,19400,ATM-3,CALL,19550,2023-11-12
2023-11-12 19:05:00+05:30,181.0,181.2,175.1,175.35,27750,739200,0.0,19510.95,19350.0,19400,ATM-3,CALL,19550,2023-11-12
2023-11-12 19:06:00+05:30,175.15,178.55,175.15,178.5,12000,739200,0.0,19521.75,19350.0,19400,ATM-3,CALL,19550,2023-11-12
2023-11-12 19:07:00+05:30,178.15,179.65,177.95,178.15,9900,739200,0.0,19522.65,19350.0,19400,ATM-3,CALL,19550,2023-11-12
2023-11-12 19:08:00+05:30,178.05,178.3,177.55,177.85,29250,737200,0.0,19522.8,19350.0,19400,ATM-3,CALL,19550,2023-11-12
2023-11-12 19:09:00+05:30,177.8,178.1,175.4,176.05,29650,737200,0.0,19521.75,19350.0,19400,ATM-3,CALL,19550,2023-11-12
2023-11-12 19:10:00+05:30,176.25,177.5,175.7,176.1,17200,737200,0.0,19523.75,19350.0,19400,ATM-3,CALL,19550,2023-11-12
2023-11-12 19:11:00+05:30,176.15,177.95,176.05,176.75,32550,734700,0.0,19523.45,19350.0,19400,ATM-3,CALL,19550,2023-11-12
2023-11-12 19:12:00+05:30,176.9,179.6,176.7,179.6,25500,734700,0.0,19523.45,19350.0,19400,ATM-3,CALL,19550,2023-11-12
2023-11-12 19:13:00+05:30,179.2,179.35,178.05,178.8,19550,734700,0.0,19522.4,19350.0,19400,ATM-3,CALL,19550,2023-11-12
2023-11-12 19:14:00+05:30,178.5,178.95,173.05,178.3,50900,723950,0.0,19522.3,19350.0,19400,ATM-3,CALL,19550,2023-11-12
2023-11-12 19:15:00+05:30,174.0,174.0,174.0,174.0,50,723950,0.0,19523.5,19350.0,19400,ATM-3,CALL,19550,2023-11-12
2023-11-12 18:15:00+05:30,30.05,53.0,26.6,47.35,1962950,6189150,12.805397,19519.4,19400.0,19450,ATM-2,PUT,19550,2023-11-12
2023-11-12 18:16:00+05:30,46.9,46.9,44.05,44.6,1179650,6189150,12.551388,19522.9,19400.0,19450,ATM-2,PUT,19550,2023-11-12
2023-11-12 18:17:00+05:30,44.15,45.05,42.45,42.6,777100,6713700,12.071675,19518.4,19400.0,19450,ATM-2,PUT,19550,2023-11-12
2023-11-12 18:18:00+05:30,42.5,44.1,41.45,43.1,853300,6713700,12.299239,19522.1,19400.0,19450,ATM-2,PUT,19550,2023-11-12
2023-11-12 18:19:00+05:30,43.35,43.6,41.0,41.0,610400,6713700,12.021342,19522.9,19400.0,19450,ATM-2,PUT,19550,2023-11-12
2023-11-12 18:20:00+05:30,58.5,58.5,55.65,55.65,314300,1968550,12.180698,19529.35,19450.0,19450,ATM-2,PUT,19550,2023-11-12
2023-11-12 18:21:00+05:30,55.6,55.75,52.2,52.2,400850,1968550,11.922755,19534.0,19450.0,19450,ATM-2,PUT,19550,2023-11-12
2023-11-12 18:22:00+05:30,51.9,53.3,51.8,52.75,351900,1968550,12.07589,19535.7,19450.0,19450,ATM-2,PUT,19550,2023-11-12
2023-11-12 18:23:00+05:30,52.85,53.25,51.7,51.8,289450,1965250,12.026953,19537.5,19450.0,19450,ATM-2,PUT,19550,2023-11-12
2023-11-12 18:24:00+05:30,51.6,53.4,51.0,53.4,203400,1965250,12.117194,19534.6,19450.0,19450,ATM-2,PUT,19550,2023-11-12
2023-11-12 18:25:00+05:30,53.45,55.65,53.2,54.8,319300,1965250,12.243677,19533.15,19450.0,19450,ATM-2,PUT,19550,2023-11-12
2023-11-12 18:26:00+05:30,54.7,54.9,52.5,53.2,179650,1945950,12.218039,19537.4,19450.0,19450,ATM-2,PUT,19550,2023-11-12
2023-11-12 18:27:00+05:30,53.3,54.5,52.95,53.4,157000,1945950,12.43292,19541.55,19450.0,19450,ATM-2,PUT,19550,2023-11-12
2023-11-12 18:28:00+05:30,53.4,53.7,52.8,53.25,115450,1945950,12.484671,19543.15,19450.0,19450,ATM-2,PUT,19550,2023-11-12
2023-11-12 18:29:00+05:30,53.1,53.9,53.05,53.85,130450,1962800,12.452042,19540.55,19450.0,19450,ATM-2,PUT,19550,2023-11-12
2023-11-12 18:30:00+05:30,53.95,54.0,53.4,53.4,108050,1962800,12.287556,19538.25,19450.0,19450,ATM-2,PUT,19550,2023-11-12
2023-11-12 18:31:00+05:30,53.55,55.0,53.35,55.0,238900,1962800,12.11168,19529.55,19450.0,19450,ATM-2,PUT,19550,2023-11-12
2023-11-12 18:32:00+05:30,55.1,55.65,53.8,54.0,322150,1956900,12.174954,19533.9,19450.0,19450,ATM-2,PUT,19550,2023-11-12
2023-11-12 18:33:00+05:30,53.9,54.8,53.9,54.6,100000,1956900,12.271613,19534.2,19450.0,19450,ATM-2,PUT,19550,2023-11-12
2023-11-12 18:34:00+05:30,54.6,55.0,54.45,54.7,70400,1956900,12.25432,19533.5,19450.0,19450,ATM-2,PUT,19550,2023-11-12
2023-11-12 18:35:00+05:30,54.7,54.8,54.3,54.5,59100,1994400,12.17317,19532.3,19450.0,19450,ATM-2,PUT,19550,2023-11-12
2023-11-12 18:36:00+05:30,54.35,55.3,54.3,55.2,97550,1994400,12.193988,19530.65,19450.0,19450,ATM-2,PUT,19550,2023-11-12
2023-11-12 18:37:00+05:30,55.2,55.65,55.1,55.65,120600,1994400,12.01604,19525.45,19450.0,19450,ATM-2,PUT,19550,2023-11-12
2023-11-12 18:38:00+05:30,55.7,56.25,54.7,54.7,190450,2012500,11.950649,19526.8,19450.0,19450,ATM-2,PUT,19550,2023-11-12
2023-11-12 18:39:00+05:30,54.7,54.7,52.45,52.65,227800,2012500,11.957736,19533.05,19450.0,19450,ATM-2,PUT,19550,2023-11-12
2023-11-12 18:40:00+05:30,52.5,53.5,51.85,53.4,169450,2012500,12.120526,19534.35,19450.0,19450,ATM-2,PUT,19550,2023-11-12
2023-11-12 18:41:00+05:30,53.45,53.45,52.65,53.3,114850,2039650,12.11906,19534.6,19450.0,19450,ATM-2,PUT,19550,2023-11-12
2023-11-12 18:42:00+05:30,53.3,53.4,52.75,52.8,74900,2039650,12.110088,19535.9,19450.0,19450,ATM-2,PUT,19550,2023-11-12
2023-11-12 18:43:00+05:30,52.7,53.1,52.1,52.9,103900,2039650,12.14284,19536.3,19450.0,19450,ATM-2,PUT,19550,2023-11-12
2023-11-12 18:44:00+05:30,52.8,53.15,52.25,52.35,82550,2076300,12.058976,19536.1,19450.0,19450,ATM-2,PUT,19550,2023-11-12
2023-11-12 18:45:00+05:30,52.5,52.75,52.35,52.5,96000,2076300,12.048952,19535.4,19450.0,19450,ATM-2,PUT,19550,2023-11-12
2023-11-12 18:46:00+05:30,52.65,52.8,52.4,52.65,100250,2076300,12.047902,19534.9,19450.0,19450,ATM-2,PUT,19550,2023-11-12
2023-11-12 18:47:00+05:30,52.7,52.85,52.6,52.85,45000,2126950,12.103479,19535.5,19450.0,19450,ATM-2,PUT,19550,2023-11-12
2023-11-12 18:48:00+05:30,52.95,53.4,52.7,53.25,95900,2126950,12.111819,19534.45,19450.0,19450,ATM-2,PUT,19550,2023-11-12
2023-11-12 18:49:00+05:30,53.35,54.0,53.25,54.0,75350,2126950,12.065143,19531.15,19450.0,19450,ATM-2,PUT,19550,2023-11-12
2023-11-12 18:50:00+05:30,53.8,54.5,53.6,53.9,138250,2138700,12.045525,19531.0,19450.0,19450,ATM-2,PUT,19550,2023-11-12
2023-11-12 18:51:00+05:30,54.0,54.05,52.6,53.35,101300,2138700,11.888861,19529.2,19450.0,19450,ATM-2,PUT,19550,2023-11-12
2023-11-12 18:52:00+05:30,53.65,53.7,53.25,53.5,39500,2138700,11.917124,19529.35,19450.0,19450,ATM-2,PUT,19550,2023-11-12
2023-11-12 18:53:00+05:30,53.45,53.9,53.45,53.7,58950,2164200,11.876449,19527.85,19450.0,19450,ATM-2,PUT,19550,2023-11-12
2023-11-12 18:54:00+05:30,53.7,54.2,52.7,53.05,118000,2164200,11.884872,19529.95,19450.0,19450,ATM-2,PUT,19550,2023-11-12
2023-11-12 18:55:00+05:30,53.2,53.6,53.1,53.5,36650,2164200,11.956478,19530.15,19450.0,19450,ATM-2,PUT,19550,2023-11-12
2023-11-12 18:56:00+05:30,53.5,54.1,53.4,53.75,62250,2175700,11.819158,19526.4,19450.0,19450,ATM-2,PUT,19550,2023-11-12
2023-11-12 18:57:00+05:30,53.75,54.1,53.0,53.0,62100,2175700,11.731656,19526.7,19450.0,19450,ATM-2,PUT,19550,2023-11-12
2023-11-12 18:58:00+05:30,53.0,53.1,49.7,50.15,361850,2175700,11.431327,19528.65,19450.0,19450,ATM-2,PUT,19550,2023-11-12
2023-11-12 18:59:00+05:30,50.3,51.35,50.25,51.1,211450,2224700,11.553605,19528.45,19450.0,19450,ATM-2,PUT,19550,2023-11-12
2023-11-12 19:00:00+05:30,51.15,51.25,50.15,50.55,113850,2224700,11.551652,19530.05,19450.0,19450,ATM-2,PUT,19550,2023-11-12
2023-11-12 19:01:00+05:30,50.65,51.9,50.6,51.4,168950,2224700,11.614757,19528.85,19450.0,19450,ATM-2,PUT,19550,2023-11-12
2023-11-12 19:02:00+05:30,51.35,51.8,50.9,50.9,81150,2247750,11.578832,19529.55,19450.0,19450,ATM-2,PUT,19550,2023-11-12
2023-11-12 19:03:00+05:30,50.95,51.75,50.6,51.65,109900,2247750,11.591394,19527.55,19450.0,19450,ATM-2,PUT,19550,2023-11-12
2023-11-12 19:04:00+05:30,51.55,51.55,51.1,51.1,53500,2247750,11.526013,19527.75,19450.0,19450,ATM-2,PUT,19550,2023-11-12
2023-11-12 19:05:00+05:30,34.8,36.25,34.8,36.25,498950,8582900,10.86156,19510.95,19400.0,19450,ATM-2,PUT,19550,2023-11-12
2023-11-12 19:06:00+05:30,36.4,36.45,35.3,35.65,230250,8582900,11.20751,19521.75,19400.0,19450,ATM-2,PUT,19550,2023-11-12
2023-11-12 19:07:00+05:30,35.6,36.1,35.25,35.85,254350,8582900,11.275115,19522.65,19400.0,19450,ATM-2,PUT,19550,2023-11-12
2023-11-12 19:08:00+05:30,36.0,36.0,35.15,35.25,228600,8443050,11.189672,19522.8,19400.0,19450,ATM-2,PUT,19550,2023-11-12
2023-11-12 19:09:00+05:30,35.25,35.8,35.25,35.65,218800,8443050,11.210094,19521.75,19400.0,19450,ATM-2,PUT,19550,2023-11-12
2023-11-12 19:10:00+05:30,35.6,35.6,35.0,35.0,438550,8443050,11.190671,19523.75,19400.0,19450,ATM-2,PUT,19550,2023-11-12
2023-11-12 19:11:00+05:30,35.1,35.25,34.75,35.0,178150,8520450,11.179587,19523.45,19400.0,19450,ATM-2,PUT,19550,2023-11-12
2023-11-12 19:12:00+05:30,35.0,35.1,33.3,33.3,307850,8520450,10.91643,19523.45,19400.0,19450,ATM-2,PUT,19550,2023-11-12
2023-11-12 19:13:00+05:30,33.2,34.0,33.2,33.6,357700,8520450,10.922521,19522.4,19400.0,19450,ATM-2,PUT,19550,2023-11-12
2023-11-12 19:14:00+05:30,33.55,33.75,30.7,32.15,546400,8538150,10.692767,19522.3,19400.0,19450,ATM-2,PUT,19550,2023-11-12
2023-11-12 19:15:00+05:30,30.95,30.95,30.95,30.95,7750,8538150,10.55114,19523.5,19400.0,19450,ATM-2,PUT,19550,2023-11-12
2023-11-12 18:15:00+05:30,120.6,128.5,79.25,96.0,1946050,3763550,4.14111,19519.4,19450.0,19500,ATM-1,CALL,19550,2023-11-12
2023-11-12 18:16:00+05:30,96.3,98.5,95.45,97.95,711850,3763550,3.877697,19522.9,19450.0,19500,ATM-1,CALL,19550,2023-11-12
2023-11-12 18:17:00+05:30,98.05,100.5,98.05,99.8,576200,3395850,5.070379,19518.4,19450.0,19500,ATM-1,CALL,19550,2023-11-12
2023-11-12 18:18:00+05:30,100.2,101.0,96.75,98.75,523800,3395850,4.239627,19522.1,19450.0,19500,ATM-1,CALL,19550,2023-11-12
2023-11-12 18:19:00+05:30,98.7,103.55,98.7,103.55,439250,3395850,5.087493,19522.9,19450.0,19500,ATM-1,CALL,19550,2023-11-12
2023-11-12 18:20:00+05:30,76.6,81.85,76.5,81.85,2110000,7987850,6.616748,19529.35,19500.0,19500,ATM-1,CALL,19550,2023-11-12
2023-11-12 18:21:00+05:30,81.55,84.4,80.6,84.4,2780250,7987850,6.550795,19534.0,19500.0,19500,ATM-1,CALL,19550,2023-11-12
2023-11-12 18:22:00+05:30,84.6,84.65,82.25,83.8,1442600,7987850,6.314635,19535.7,19500.0,19500,ATM-1,CALL,19550,2023-11-12
2023-11-12 18:23:00+05:30,83.8,84.4,82.7,84.2,961500,8058450,6.202443,19537.5,19500.0,19500,ATM-1,CALL,19550,2023-11-12
2023-11-12 18:24:00+05:30,84.3,84.75,82.55,83.25,813750,8058450,6.342237,19534.6,19500.0,19500,ATM-1,CALL,19550,2023-11-12
2023-11-12 18:25:00+05:30,83.15,83.15,79.25,82.75,1428500,8058450,6.406723,19533.15,19500.0,19500,ATM-1,CALL,19550,2023-11-12
2023-11-12 18:26:00+05:30,82.95,83.9,82.15,83.35,840850,7988900,6.096306,19537.4,19500.0,19500,ATM-1,CALL,19550,2023-11-12
2023-11-12 18:27:00+05:30,83.7,84.35,82.7,83.8,750350,7988900,5.752693,19541.55,19500.0,19500,ATM-1,CALL,19550,2023-11-12
2023-11-12 18:28:00+05:30,83.95,84.1,83.5,83.9,544200,7988900,5.603004,19543.15,19500.0,19500,ATM-1,CALL,19550,2023-11-12
2023-11-12 18:29:00+05:30,83.65,83.85,81.85,82.6,606950,8035250,5.683241,19540.55,19500.0,19500,ATM-1,CALL,19550,2023-11-12
2023-11-12 18:30:00+05:30,82.7,82.9,81.8,82.7,450350,8035250,5.92689,19538.25,19500.0,19500,ATM-1,CALL,19550,2023-11-12
2023-11-12 18:31:00+05:30,82.5,82.6,78.95,79.45,895050,8035250,6.286666,19529.55,19500.0,19500,ATM-1,CALL,19550,2023-11-12
2023-11-12 18:32:00+05:30,79.3,82.4,78.5,82.2,717600,8035000,6.269769,19533.9,19500.0,19500,ATM-1,CALL,19550,2023-11-12
2023-11-12 18:33:00+05:30,82.2,82.25,81.25,81.35,414350,8035000,6.126225,19534.2,19500.0,19500,ATM-1,CALL,19550,2023-11-12
2023-11-12 18:34:00+05:30,81.25,81.35,80.5,80.8,267850,8035000,6.116197,19533.5,19500.0,19500,ATM-1,CALL,19550,2023-11-12
2023-11-12 18:35:00+05:30,81.0,81.6,80.75,81.0,222200,8100500,6.254231,19532.3,19500.0,19500,ATM-1,CALL,19550,2023-11-12
2023-11-12 18:36:00+05:30,80.8,80.9,79.35,80.0,410050,8100500,6.26767,19530.65,19500.0,19500,ATM-1,CALL,19550,2023-11-12
2023-11-12 18:37:00+05:30,80.05,80.15,77.55,77.95,668850,8100500,6.447006,19525.45,19500.0,19500,ATM-1,CALL,19550,2023-11-12
2023-11-12 18:38:00+05:30,78.1,80.5,77.7,80.5,648150,8198100,6.672058,19526.8,19500.0,19500,ATM-1,CALL,19550,2023-11-12
2023-11-12 18:39:00+05:30,80.35,82.45,80.35,82.0,1058950,8198100,6.326241,19533.05,19500.0,19500,ATM-1,CALL,19550,2023-11-12
2023-11-12 18:40:00+05:30,82.25,82.45,81.35,81.5,515250,8198100,6.13923,19534.35,19500.0,19500,ATM-1,CALL,19550,2023-11-12
2023-11-12 18:41:00+05:30,81.6,82.0,80.1,80.95,441100,8251400,6.0408,19534.6,19500.0,19500,ATM-1,CALL,19550,2023-11-12
2023-11-12 18:42:00+05:30,81.1,81.7,81.0,81.55,249950,8251400,6.002382,19535.9,19500.0,19500,ATM-1,CALL,19550,2023-11-12
2023-11-12 18:43:00+05:30,81.7,81.9,81.4,81.5,249850,8251400,5.958161,19536.3,19500.0,19500,ATM-1,CALL,19550,2023-11-12
2023-11-12 18:44:00+05:30,81.5,81.7,80.65,81.5,354450,8355950,5.978151,19536.1,19500.0,19500,ATM-1,CALL,19550,2023-11-12
2023-11-12 18:45:00+05:30,81.6,81.65,81.1,81.35,327800,8355950,6.024582,19535.4,19500.0,19500,ATM-1,CALL,19550,2023-11-12
2023-11-12 18:46:00+05:30,81.3,81.4,81.0,81.1,308700,8355950,6.037877,19534.9,19500.0,19500,ATM-1,CALL,19550,2023-11-12
2023-11-12 18:47:00+05:30,81.0,81.2,80.6,80.75,224750,8425150,5.933291,19535.5,19500.0,19500,ATM-1,CALL,19550,2023-11-12
2023-11-12 18:48:00+05:30,80.6,81.2,79.15,79.95,548900,8425150,5.922336,19534.45,19500.0,19500,ATM-1,CALL,19550,2023-11-12
2023-11-12 18:49:00+05:30,79.9,80.6,79.8,79.9,298200,8425150,6.220792,19531.15,19500.0,19500,ATM-1,CALL,19550,2023-11-12
2023-11-12 18:50:00+05:30,80.05,80.4,79.4,80.15,316750,8449650,6.26919,19531.0,19500.0,19500,ATM-1,CALL,19550,2023-11-12
2023-11-12 18:51:00+05:30,80.0,80.9,79.65,80.45,290400,8449650,6.470183,19529.2,19500.0,19500,ATM-1,CALL,19550,2023-11-12
2023-11-12 18:52:00+05:30,80.3,80.6,80.2,80.3,155450,8449650,6.437748,19529.35,19500.0,19500,ATM-1,CALL,19550,2023-11-12
2023-11-12 18:53:00+05:30,80.25,80.3,79.65,79.9,282900,8388200,6.515631,19527.85,19500.0,19500,ATM-1,CALL,19550,2023-11-12
2023-11-12 18:54:00+05:30,79.65,80.4,78.35,79.85,407650,8388200,6.325825,19529.95,19500.0,19500,ATM-1,CALL,19550,2023-11-12
2023-11-12 18:55:00+05:30,80.1,80.4,79.9,79.95,236400,8388200,6.322488,19530.15,19500.0,19500,ATM-1,CALL,19550,2023-11-12
2023-11-12 18:56:00+05:30,80.0,80.1,78.85,79.5,291050,8428450,6.58945,19526.4,19500.0,19500,ATM-1,CALL,19550,2023-11-12
2023-11-12 18:57:00+05:30,79.65,79.9,78.8,79.85,325650,8428450,6.611392,19526.7,19500.0,19500,ATM-1,CALL,19550,2023-11-12
2023-11-12 18:58:00+05:30,80.0,81.8,79.8,81.7,1055900,8428450,6.692008,19528.65,19500.0,19500,ATM-1,CALL,19550,2023-11-12
2023-11-12 18:59:00+05:30,81.55,81.7,80.75,80.8,349400,8419750,6.589719,19528.45,19500.0,19500,ATM-1,CALL,19550,2023-11-12
2023-11-12 19:00:00+05:30,80.95,81.35,80.6,81.0,262550,8419750,6.477802,19530.05,19500.0,19500,ATM-1,CALL,19550,2023-11-12
2023-11-12 19:01:00+05:30,80.85,80.85,79.2,80.45,436350,8419750,6.509828,19528.85,19500.0,19500,ATM-1,CALL,19550,2023-11-12
2023-11-12 19:02:00+05:30,80.3,80.6,79.6,80.55,296950,8353100,6.46292,19529.55,19500.0,19500,ATM-1,CALL,19550,2023-11-12
2023-11-12 19:03:00+05:30,80.45,80.65,79.6,80.0,283850,8353100,6.563983,19527.55,19500.0,19500,ATM-1,CALL,19550,2023-11-12
2023-11-12 19:04:00+05:30,79.9,80.2,79.6,80.1,226700,8353100,6.56103,19527.75,19500.0,19500,ATM-1,CALL,19550,2023-11-12
2023-11-12 19:05:00+05:30,108.8,108.85,103.45,104.3,236900,2494600,6.780043,19510.95,19450.0,19500,ATM-1,CALL,19550,2023-11-12
2023-11-12 19:06:00+05:30,104.1,106.9,104.1,106.55,116100,2494600,5.839762,19521.75,19450.0,19500,ATM-1,CALL,19550,2023-11-12
2023-11-12 19:07:00+05:30,106.8,107.65,106.25,106.6,70400,2494600,5.726662,19522.65,19450.0,19500,ATM-1,CALL,19550,2023-11-12
2023-11-12 19:08:00+05:30,106.5,106.5,105.9,106.2,89950,2438550,5.636574,19522.8,19450.0,19500,ATM-1,CALL,19550,2023-11-12
2023-11-12 19:09:00+05:30,106.1,106.2,104.25,104.85,113850,2438550,5.546937,19521.75,19450.0,19500,ATM-1,CALL,19550,2023-11-12
2023-11-12 19:10:00+05:30,104.9,106.0,104.15,104.9,114750,2438550,5.263583,19523.75,19450.0,19500,ATM-1,CALL,19550,2023-11-12
2023-11-12 19:11:00+05:30,105.2,106.2,104.9,105.25,106950,2394650,5.374709,19523.45,19450.0,19500,ATM-1,CALL,19550,2023-11-12
2023-11-12 19:12:00+05:30,105.45,106.5,105.0,106.45,100800,2394650,5.592933,19523.45,19450.0,19500,ATM-1,CALL,19550,2023-11-12
2023-11-12 19:13:00+05:30,106.25,106.35,105.4,106.0,90000,2394650,5.662545,19522.4,19450.0,19500,ATM-1,CALL,19550,2023-11-12
2023-11-12 19:14:00+05:30,105.7,106.0,100.0,100.1,311250,2367900,4.557065,19522.3,19450.0,19500,ATM-1,CALL,19550,2023-11-12
2023-11-12 19:15:00+05:30,100.85,100.85,100.85,100.85,250,2367900,4.500653,19523.5,19450.0,19500,ATM-1,CALL,19550,2023-11-12
2023-11-12 18:15:00+05:30,91.5,95.95,60.0,72.65,4240300,7174600,6.234078,19519.4,19500.0,19550,ATM,CALL,19550,2023-11-12
2023-11-12 18:16:00+05:30,72.9,73.95,72.0,73.3,2172900,7174600,6.02774,19522.9,19500.0,19550,ATM,CALL,19550,2023-11-12
2023-11-12 18:17:00+05:30,73.7,74.9,73.55,74.3,1871500,7728700,6.532827,19518.4,19500.0,19550,ATM,CALL,19550,2023-11-12
2023-11-12 18:18:00+05:30,74.35,74.9,71.35,72.85,1501350,7728700,6.037717,19522.1,19500.0,19550,ATM,CALL,19550,2023-11-12
2023-11-12 18:19:00+05:30,73.15,76.75,73.15,76.75,1393900,7728700,6.486925,19522.9,19500.0,19550,ATM,CALL,19550,2023-11-12
2023-11-12 18:20:00+05:30,55.0,59.2,55.0,59.2,1203700,3607750,7.359802,19529.35,19550.0,19550,ATM,CALL,19550,2023-11-12
2023-11-12 18:21:00+05:30,58.95,61.0,58.15,61.0,1649200,3607750,7.29062,19534.0,19550.0,19550,ATM,CALL,19550,2023-11-12
2023-11-12 18:22:00+05:30,61.1,61.2,59.0,60.6,1012900,3607750,7.132225,19535.7,19550.0,19550,ATM,CALL,19550,2023-11-12
2023-11-12 18:23:00+05:30,60.5,60.9,59.65,60.75,664500,3830500,7.034675,19537.5,19550.0,19550,ATM,CALL,19550,2023-11-12
2023-11-12 18:24:00+05:30,60.75,61.1,59.25,59.9,758200,3830500,7.117746,19534.6,19550.0,19550,ATM,CALL,19550,2023-11-12
2023-11-12 18:25:00+05:30,59.8,59.8,56.65,59.65,942050,3830500,7.180376,19533.15,19550.0,19550,ATM,CALL,19550,2023-11-12
2023-11-12 18:26:00+05:30,59.75,60.55,59.05,60.35,632000,3883050,6.993948,19537.4,19550.0,19550,ATM,CALL,19550,2023-11-12
2023-11-12 18:27:00+05:30,60.45,60.85,59.8,60.6,555750,3883050,6.750943,19541.55,19550.0,19550,ATM,CALL,19550,2023-11-12
2023-11-12 18:28:00+05:30,60.7,60.9,60.4,60.55,513750,3883050,6.637437,19543.15,19550.0,19550,ATM,CALL,19550,2023-11-12
2023-11-12 18:29:00+05:30,60.6,60.6,59.0,59.85,485750,4096100,6.725904,19540.55,19550.0,19550,ATM,CALL,19550,2023-11-12
2023-11-12 18:30:00+05:30,59.65,59.85,59.0,59.65,313450,4096100,6.854294,19538.25,19550.0,19550,ATM,CALL,19550,2023-11-12
2023-11-12 18:31:00+05:30,59.55,59.6,56.65,57.1,650750,4096100,7.095464,19529.55,19550.0,19550,ATM,CALL,19550,2023-11-12
2023-11-12 18:32:00+05:30,56.95,59.45,56.4,59.3,612450,4089700,7.094928,19533.9,19550.0,19550,ATM,CALL,19550,2023-11-12
2023-11-12 18:33:00+05:30,59.25,59.25,58.55,58.65,328500,4089700,6.995515,19534.2,19550.0,19550,ATM,CALL,19550,2023-11-12
2023-11-12 18:34:00+05:30,58.4,58.5,57.75,58.15,273950,4089700,6.978938,19533.5,19550.0,19550,ATM,CALL,19550,2023-11-12
2023-11-12 18:35:00+05:30,58.2,58.75,58.1,58.4,173550,4223850,7.087505,19532.3,19550.0,19550,ATM,CALL,19550,2023-11-12
2023-11-12 18:36:00+05:30,58.2,58.3,57.05,57.8,275900,4223850,7.117983,19530.65,19550.0,19550,ATM,CALL,19550,2023-11-12
2023-11-12 18:37:00+05:30,57.7,57.8,55.5,55.95,516900,4223850,7.211105,19525.45,19550.0,19550,ATM,CALL,19550,2023-11-12
2023-11-12 18:38:00+05:30,55.95,57.85,55.6,57.85,460900,4280900,7.365934,19526.8,19550.0,19550,ATM,CALL,19550,2023-11-12
2023-11-12 18:39:00+05:30,57.8,59.4,57.8,59.1,842000,4280900,7.130495,19533.05,19550.0,19550,ATM,CALL,19550,2023-11-12
2023-11-12 18:40:00+05:30,59.25,59.4,58.65,58.8,455700,4280900,7.010637,19534.35,19550.0,19550,ATM,CALL,19550,2023-11-12
2023-11-12 18:41:00+05:30,58.9,59.2,57.6,58.35,319350,4446250,6.939262,19534.6,19550.0,19550,ATM,CALL,19550,2023-11-12
2023-11-12 18:42:00+05:30,58.35,58.9,58.35,58.8,195750,4446250,6.912168,19535.9,19550.0,19550,ATM,CALL,19550,2023-11-12
2023-11-12 18:43:00+05:30,58.75,58.95,58.5,58.5,189500,4446250,6.849557,19536.3,19550.0,19550,ATM,CALL,19550,2023-11-12
2023-11-12 18:44:00+05:30,58.5,58.75,57.8,58.75,229950,4455150,6.894646,19536.1,19550.0,19550,ATM,CALL,19550,2023-11-12
2023-11-12 18:45:00+05:30,58.7,58.7,58.05,58.05,204300,4455150,6.853554,19535.4,19550.0,19550,ATM,CALL,19550,2023-11-12
2023-11-12 18:46:00+05:30,58.05,58.25,57.85,58.0,187450,4455150,6.880519,19534.9,19550.0,19550,ATM,CALL,19550,2023-11-12
2023-11-12 18:47:00+05:30,58.05,58.1,57.65,57.65,142350,4389400,6.798836,19535.5,19550.0,19550,ATM,CALL,19550,2023-11-12
2023-11-12 18:48:00+05:30,57.65,58.1,56.5,57.15,363700,4389400,6.805153,19534.45,19550.0,19550,ATM,CALL,19550,2023-11-12
2023-11-12 18:49:00+05:30,57.0,57.75,57.0,57.1,177000,4389400,7.010412,19531.15,19550.0,19550,ATM,CALL,19550,2023-11-12
2023-11-12 18:50:00+05:30,57.35,57.5,56.7,57.4,246250,4359000,7.058195,19531.0,19550.0,19550,ATM,CALL,19550,2023-11-12
2023-11-12 18:51:00+05:30,57.25,57.95,57.05,57.5,215450,4359000,7.184679,19529.2,19550.0,19550,ATM,CALL,19550,2023-11-12
2023-11-12 18:52:00+05:30,57.5,57.75,57.35,57.4,124950,4359000,7.163689,19529.35,19550.0,19550,ATM,CALL,19550,2023-11-12
2023-11-12 18:53:00+05:30,57.5,57.55,57.0,57.1,167150,4369600,7.220633,19527.85,19550.0,19550,ATM,CALL,19550,2023-11-12
2023-11-12 18:54:00+05:30,56.9,57.45,55.95,57.05,439450,4369600,7.084122,19529.95,19550.0,19550,ATM,CALL,19550,2023-11-12
2023-11-12 18:55:00+05:30,57.1,57.45,57.05,57.1,150300,4369600,7.078664,19530.15,19550.0,19550,ATM,CALL,19550,2023-11-12
2023-11-12 18:56:00+05:30,57.1,57.25,56.1,56.8,263850,4341100,7.275511,19526.4,19550.0,19550,ATM,CALL,19550,2023-11-12
2023-11-12 18:57:00+05:30,56.85,56.95,56.1,56.85,293700,4341100,7.264134,19526.7,19550.0,19550,ATM,CALL,19550,2023-11-12
2023-11-12 18:58:00+05:30,56.95,58.25,56.85,58.1,424550,4341100,7.300121,19528.65,19550.0,19550,ATM,CALL,19550,2023-11-12
2023-11-12 18:59:00+05:30,58.05,58.15,57.55,57.7,264750,4161050,7.26352,19528.45,19550.0,19550,ATM,CALL,19550,2023-11-12
2023-11-12 19:00:00+05:30,57.7,57.95,57.55,57.8,154250,4161050,7.176737,19530.05,19550.0,19550,ATM,CALL,19550,2023-11-12
2023-11-12 19:01:00+05:30,57.65,57.65,56.45,57.6,336550,4161050,7.227838,19528.85,19550.0,19550,ATM,CALL,19550,2023-11-12
2023-11-12 19:02:00+05:30,57.45,57.55,56.65,57.5,190050,4114250,7.172414,19529.55,19550.0,19550,ATM,CALL,19550,2023-11-12
2023-11-12 19:03:00+05:30,57.4,57.5,56.8,57.0,186950,4114250,7.235564,19527.55,19550.0,19550,ATM,CALL,19550,2023-11-12
2023-11-12 19:04:00+05:30,57.15,57.35,56.9,57.15,160800,4114250,7.242776,19527.75,19550.0,19550,ATM,CALL,19550,2023-11-12
2023-11-12 19:05:00+05:30,80.0,80.15,75.6,76.1,1008900,8208500,7.387004,19510.95,19500.0,19550,ATM,CALL,19550,2023-11-12
2023-11-12 19:06:00+05:30,76.05,78.65,76.05,78.35,621700,8208500,6.834684,19521.75,19500.0,19550,ATM,CALL,19550,2023-11-12
2023-11-12 19:07:00+05:30,78.6,79.55,78.2,78.65,404200,8208500,6.801186,19522.65,19500.0,19550,ATM,CALL,19550,2023-11-12
2023-11-12 19:08:00+05:30,78.4,78.65,78.1,78.2,295650,8058050,6.730444,19522.8,19500.0,19550,ATM,CALL,19550,2023-11-12
2023-11-12 19:09:00+05:30,78.4,78.4,76.7,77.15,404850,8058050,6.679687,19521.75,19500.0,19550,ATM,CALL,19550,2023-11-12
2023-11-12 19:10:00+05:30,77.5,78.3,76.7,77.5,666900,8058050,6.560597,19523.75,19500.0,19550,ATM,CALL,19550,2023-11-12
2023-11-12 19:11:00+05:30,77.7,78.45,77.45,77.45,339750,7850000,6.580017,19523.45,19500.0,19550,ATM,CALL,19550,2023-11-12
2023-11-12 19:12:00+05:30,77.7,78.1,77.4,78.05,383400,7850000,6.660306,19523.45,19500.0,19550,ATM,CALL,19550,2023-11-12
2023-11-12 19:13:00+05:30,78.0,78.1,77.55,77.75,486500,7850000,6.708749,19522.4,19500.0,19550,ATM,CALL,19550,2023-11-12
2023-11-12 19:14:00+05:30,77.65,77.85,72.2,74.35,1161750,7544200,6.268281,19522.3,19500.0,19550,ATM,CALL,19550,2023-11-12
2023-11-12 19:15:00+05:30,74.0,74.0,74.0,74.0,1300,7544200,6.120556,19523.5,19500.0,19550,ATM,CALL,19550,2023-11-12
2023-11-12 18:15:00+05:30,81.0,139.6,81.0,124.3,1148000,240900,14.849691,19519.4,19550.0,19600,ATM+1,PUT,19550,2023-11-12
2023-11-12 18:16:00+05:30,123.65,123.65,117.6,117.95,544500,240900,14.281579,19522.9,19550.0,19600,ATM+1,PUT,19550,2023-11-12
2023-11-12 18:17:00+05:30,118.2,118.2,113.0,113.0,380550,765750,13.380802,19518.4,19550.0,19600,ATM+1,PUT,19550,2023-11-12
2023-11-12 18:18:00+05:30,113.15,117.05,111.3,114.95,330200,765750,13.859718,19522.1,19550.0,19600,ATM+1,PUT,19550,2023-11-12
2023-11-12 18:19:00+05:30,114.95,114.95,110.0,110.0,276800,765750,13.294896,19522.9,19550.0,19600,ATM+1,PUT,19550,2023-11-12
2023-11-12 18:20:00+05:30,143.0,143.0,137.35,137.35,205000,921500,13.755445,19529.35,19600.0,19600,ATM+1,PUT,19550,2023-11-12
2023-11-12 18:21:00+05:30,137.75,137.95,131.5,131.7,286050,921500,13.375628,19534.0,19600.0,19600,ATM+1,PUT,19550,2023-11-12
2023-11-12 18:22:00+05:30,131.2,133.35,131.1,132.1,266000,921500,13.547331,19535.7,19600.0,19600,ATM+1,PUT,19550,2023-11-12
2023-11-12 18:23:00+05:30,132.1,132.75,130.3,130.65,174700,1145450,13.492499,19537.5,19600.0,19600,ATM+1,PUT,19550,2023-11-12
2023-11-12 18:24:00+05:30,130.45,132.85,129.5,132.85,218000,1145450,13.565933,19534.6,19600.0,19600,ATM+1,PUT,19550,2023-11-12
2023-11-12 18:25:00+05:30,132.45,137.1,132.45,134.6,299800,1145450,13.684612,19533.15,19600.0,19600,ATM+1,PUT,19550,2023-11-12
2023-11-12 18:26:00+05:30,134.55,135.2,131.35,132.55,131650,1211350,13.727318,19537.4,19600.0,19600,ATM+1,PUT,19550,2023-11-12
2023-11-12 18:27:00+05:30,132.55,134.05,131.45,132.25,108800,1211350,13.979261,19541.55,19600.0,19600,ATM+1,PUT,19550,2023-11-12
2023-11-12 18:28:00+05:30,132.35,132.8,131.45,132.2,84000,1211350,14.084135,19543.15,19600.0,19600,ATM+1,PUT,19550,2023-11-12
2023-11-12 18:29:00+05:30,132.25,133.75,132.0,133.35,118900,1285600,14.050167,19540.55,19600.0,19600,ATM+1,PUT,19550,2023-11-12
2023-11-12 18:30:00+05:30,133.35,134.0,133.1,133.25,107150,1285600,13.878695,19538.25,19600.0,19600,ATM+1,PUT,19550,2023-11-12
2023-11-12 18:31:00+05:30,133.35,136.6,133.05,136.6,211100,1285600,13.685564,19529.55,19600.0,19600,ATM+1,PUT,19550,2023-11-12
2023-11-12 18:32:00+05:30,136.4,137.55,133.6,133.95,215150,1354300,13.662601,19533.9,19600.0,19600,ATM+1,PUT,19550,2023-11-12
2023-11-12 18:33:00+05:30,133.75,135.7,133.75,135.7,65100,1354300,13.905467,19534.2,19600.0,19600,ATM+1,PUT,19550,2023-11-12
2023-11-12 18:34:00+05:30,135.4,136.0,135.25,135.65,67500,1354300,13.850569,19533.5,19600.0,19600,ATM+1,PUT,19550,2023-11-12
2023-11-12 18:35:00+05:30,135.65,135.85,134.75,135.5,75250,1383650,13.747295,19532.3,19600.0,19600,ATM+1,PUT,19550,2023-11-12
2023-11-12 18:36:00+05:30,135.55,136.8,135.4,136.3,78300,1383650,13.7314,19530.65,19600.0,19600,ATM+1,PUT,19550,2023-11-12
2023-11-12 18:37:00+05:30,136.5,138.0,136.2,137.95,173350,1383650,13.565172,19525.45,19600.0,19600,ATM+1,PUT,19550,2023-11-12
2023-11-12 18:38:00+05:30,138.0,138.9,136.05,136.15,197700,1318800,13.436142,19526.8,19600.0,19600,ATM+1,PUT,19550,2023-11-12
2023-11-12 18:39:00+05:30,135.7,135.7,132.0,132.6,183450,1318800,13.43834,19533.05,19600.0,19600,ATM+1,PUT,19550,2023-11-12
2023-11-12 18:40:00+05:30,132.4,133.8,131.4,133.8,93750,1318800,13.683274,19534.35,19600.0,19600,ATM+1,PUT,19550,2023-11-12
2023-11-12 18:41:00+05:30,133.8,134.3,132.65,133.65,71500,1358050,13.68303,19534.6,19600.0,19600,ATM+1,PUT,19550,2023-11-12
2023-11-12 18:42:00+05:30,133.65,134.0,132.55,132.55,51050,1358050,13.6372,19535.9,19600.0,19600,ATM+1,PUT,19550,2023-11-12
2023-11-12 18:43:00+05:30,132.5,133.2,131.8,132.9,66800,1358050,13.710503,19536.3,19600.0,19600,ATM+1,PUT,19550,2023-11-12
2023-11-12 18:44:00+05:30,132.6,133.5,132.0,132.15,59950,1384250,13.602797,19536.1,19600.0,19600,ATM+1,PUT,19550,2023-11-12
2023-11-12 18:45:00+05:30,132.4,133.0,132.3,132.6,38900,1384250,13.611038,19535.4,19600.0,19600,ATM+1,PUT,19550,2023-11-12
2023-11-12 18:46:00+05:30,132.6,133.0,132.35,132.85,40550,1384250,13.608132,19534.9,19600.0,19600,ATM+1,PUT,19550,2023-11-12
2023-11-12 18:47:00+05:30,132.6,133.25,132.6,133.0,34350,1410400,13.670499,19535.5,19600.0,19600,ATM+1,PUT,19550,2023-11-12
2023-11-12 18:48:00+05:30,133.4,134.35,133.0,133.9,54350,1410400,13.710696,19534.45,19600.0,19600,ATM+1,PUT,19550,2023-11-12
2023-11-12 18:49:00+05:30,134.35,135.4,134.05,135.4,77050,1410400,13.665903,19531.15,19600.0,19600,ATM+1,PUT,19550,2023-11-12
2023-11-12 18:50:00+05:30,135.3,135.8,134.3,135.2,94050,1408400,13.630785,19531.0,19600.0,19600,ATM+1,PUT,19550,2023-11-12
2023-11-12 18:51:00+05:30,135.2,135.2,132.75,133.85,100300,1408400,13.330835,19529.2,19600.0,19600,ATM+1,PUT,19550,2023-11-12
2023-11-12 18:52:00+05:30,133.95,134.45,133.65,134.1,41750,1408400,13.374339,19529.35,19600.0,19600,ATM+1,PUT,19550,2023-11-12
2023-11-12 18:53:00+05:30,134.05,134.9,134.0,134.4,45100,1404000,13.304399,19527.85,19600.0,19600,ATM+1,PUT,19550,2023-11-12
2023-11-12 18:54:00+05:30,134.35,135.5,132.8,133.3,78250,1404000,13.318164,19529.95,19600.0,19600,ATM+1,PUT,19550,2023-11-12
2023-11-12 18:55:00+05:30,133.6,134.2,133.05,134.05,45000,1404000,13.428646,19530.15,19600.0,19600,ATM+1,PUT,19550,2023-11-12
2023-11-12 18:56:00+05:30,133.85,134.9,133.75,134.4,50450,1401950,13.201184,19526.4,19600.0,19600,ATM+1,PUT,19550,2023-11-12
2023-11-12 18:57:00+05:30,134.4,135.0,133.5,133.5,50450,1401950,13.10959,19526.7,19600.0,19600,ATM+1,PUT,19550,2023-11-12
2023-11-12 18:58:00+05:30,133.25,133.3,128.2,129.1,215500,1401950,12.693668,19528.65,19600.0,19600,ATM+1,PUT,19550,2023-11-12
2023-11-12 18:59:00+05:30,129.15,131.1,129.15,130.75,74250,1369000,12.889765,19528.45,19600.0,19600,ATM+1,PUT,19550,2023-11-12
2023-11-12 19:00:00+05:30,130.65,130.85,129.05,130.0,77850,1369000,12.912049,19530.05,19600.0,19600,ATM+1,PUT,19550,2023-11-12
2023-11-12 19:01:00+05:30,129.95,132.3,129.95,131.5,98450,1369000,13.016123,19528.85,19600.0,19600,ATM+1,PUT,19550,2023-11-12
2023-11-12 19:02:00+05:30,131.35,132.3,130.65,130.65,88850,1382650,12.960017,19529.55,19600.0,19600,ATM+1,PUT,19550,2023-11-12
2023-11-12 19:03:00+05:30,130.6,132.0,130.4,131.9,66150,1382650,12.973714,19527.55,19600.0,19600,ATM+1,PUT,19550,2023-11-12
2023-11-12 19:04:00+05:30,131.6,131.7,131.1,131.1,39700,1382650,12.887444,19527.75,19600.0,19600,ATM+1,PUT,19550,2023-11-12
2023-11-12 19:05:00+05:30,99.25,102.8,99.1,102.8,352750,1720850,11.663572,19510.95,19550.0,19600,ATM+1,PUT,19550,2023-11-12
2023-11-12 19:06:00+05:30,102.5,102.8,100.35,101.15,232950,1720850,12.160168,19521.75,19550.0,19600,ATM+1,PUT,19550,2023-11-12
2023-11-12 19:07:00+05:30,100.8,101.55,100.05,101.3,95500,1720850,12.237103,19522.65,19550.0,19600,ATM+1,PUT,19550,2023-11-12
2023-11-12 19:08:00+05:30,101.25,101.65,100.75,100.75,152950,1685400,12.178719,19522.8,19550.0,19600,ATM+1,PUT,19550,2023-11-12
2023-11-12 19:09:00+05:30,100.75,102.35,100.75,101.9,178450,1685400,12.256563,19521.75,19550.0,19600,ATM+1,PUT,19550,2023-11-12
2023-11-12 19:10:00+05:30,101.9,102.15,101.35,101.45,216800,1685400,12.328294,19523.75,19550.0,19600,ATM+1,PUT,19550,2023-11-12
2023-11-12 19:11:00+05:30,101.6,101.8,100.6,101.1,201650,1571300,12.266368,19523.45,19550.0,19600,ATM+1,PUT,19550,2023-11-12
2023-11-12 19:12:00+05:30,101.3,101.4,97.9,97.95,264000,1571300,11.873171,19523.45,19550.0,19600,ATM+1,PUT,19550,2023-11-12
2023-11-12 19:13:00+05:30,98.1,99.4,98.05,98.35,150850,1571300,11.857253,19522.4,19550.0,19600,ATM+1,PUT,19550,2023-11-12
2023-11-12 19:14:00+05:30,98.5,98.55,95.3,97.0,335100,1571750,11.682763,19522.3,19550.0,19600,ATM+1,PUT,19550,2023-11-12
2023-11-12 19:15:00+05:30,97.0,97.0,97.0,97.0,2850,1571750,11.759971,19523.5,19550.0,19600,ATM+1,PUT,19550,2023-11-12
2023-11-12 18:15:00+05:30,47.0,54.95,30.0,38.25,3560350,4292550,7.918446,19519.4,19600.0,19650,ATM+2,CALL,19550,2023-11-12
2023-11-12 18:16:00+05:30,38.25,38.5,36.9,37.55,1605600,4292550,7.65972,19522.9,19600.0,19650,ATM+2,CALL,19550,2023-11-12
2023-11-12 18:17:00+05:30,36.9,37.95,36.85,36.95,1214350,5521850,7.79372,19518.4,19600.0,19650,ATM+2,CALL,19550,2023-11-12
2023-11-12 18:18:00+05:30,37.1,37.45,35.35,36.1,1026000,5521850,7.50642,19522.1,19600.0,19650,ATM+2,CALL,19550,2023-11-12
2023-11-12 18:19:00+05:30,36.15,38.05,36.15,38.05,728250,5521850,7.728681,19522.9,19600.0,19650,ATM+2,CALL,19550,2023-11-12
2023-11-12 18:20:00+05:30,25.0,27.4,24.95,27.4,510900,2624250,8.138513,19529.35,19650.0,19650,ATM+2,CALL,19550,2023-11-12
2023-11-12 18:21:00+05:30,27.15,27.95,26.5,27.9,769200,2624250,8.022742,19534.0,19650.0,19650,ATM+2,CALL,19550,2023-11-12
2023-11-12 18:22:00+05:30,27.9,27.9,26.5,27.45,494250,2624250,7.887042,19535.7,19650.0,19650,ATM+2,CALL,19550,2023-11-12
2023-11-12 18:23:00+05:30,27.45,27.5,26.8,27.4,303650,2859550,7.806073,19537.5,19650.0,19650,ATM+2,CALL,19550,2023-11-12
2023-11-12 18:24:00+05:30,27.45,27.6,26.7,26.8,280100,2859550,7.837879,19534.6,19650.0,19650,ATM+2,CALL,19550,2023-11-12
2023-11-12 18:25:00+05:30,26.85,26.9,25.2,26.9,437900,2859550,7.913037,19533.15,19650.0,19650,ATM+2,CALL,19550,2023-11-12
2023-11-12 18:26:00+05:30,26.95,27.35,26.5,27.15,281800,2851900,7.775975,19537.4,19650.0,19650,ATM+2,CALL,19550,2023-11-12
2023-11-12 18:27:00+05:30,27.15,27.5,27.0,27.45,231950,2851900,7.648228,19541.55,19650.0,19650,ATM+2,CALL,19550,2023-11-12
2023-11-12 18:28:00+05:30,27.4,27.5,27.2,27.3,206650,2851900,7.560245,19543.15,19650.0,19650,ATM+2,CALL,19550,2023-11-12
2023-11-12 18:29:00+05:30,27.3,27.3,26.3,26.95,195600,2893850,7.61847,19540.55,19650.0,19650,ATM+2,CALL,19550,2023-11-12
2023-11-12 18:30:00+05:30,26.95,27.0,26.6,26.95,165750,2893850,7.714728,19538.25,19650.0,19650,ATM+2,CALL,19550,2023-11-12
2023-11-12 18:31:00+05:30,26.85,26.95,25.3,25.65,372250,2893850,7.877028,19529.55,19650.0,19650,ATM+2,CALL,19550,2023-11-12
2023-11-12 18:32:00+05:30,25.55,26.95,25.35,26.95,265950,2957400,7.895737,19533.9,19650.0,19650,ATM+2,CALL,19550,2023-11-12
2023-11-12 18:33:00+05:30,26.95,26.95,26.55,26.6,169150,2957400,7.832232,19534.2,19650.0,19650,ATM+2,CALL,19550,2023-11-12
2023-11-12 18:34:00+05:30,26.4,26.5,26.05,26.3,100500,2957400,7.816978,19533.5,19650.0,19650,ATM+2,CALL,19550,2023-11-12
2023-11-12 18:35:00+05:30,26.25,26.6,26.2,26.3,85050,2949850,7.866784,19532.3,19650.0,19650,ATM+2,CALL,19550,2023-11-12
2023-11-12 18:36:00+05:30,26.25,26.25,25.55,25.8,143200,2949850,7.859507,19530.65,19650.0,19650,ATM+2,CALL,19550,2023-11-12
2023-11-12 18:37:00+05:30,25.9,25.9,24.65,24.85,361850,2949850,7.924597,19525.45,19650.0,19650,ATM+2,CALL,19550,2023-11-12
2023-11-12 18:38:00+05:30,24.95,26.1,24.75,26.05,281600,2990550,8.054509,19526.8,19650.0,19650,ATM+2,CALL,19550,2023-11-12
2023-11-12 18:39:00+05:30,26.1,26.7,26.05,26.55,218900,2990550,7.876987,19533.05,19650.0,19650,ATM+2,CALL,19550,2023-11-12
2023-11-12 18:40:00+05:30,26.65,26.8,26.4,26.55,186100,2990550,7.824615,19534.35,19650.0,19650,ATM+2,CALL,19550,2023-11-12
2023-11-12 18:41:00+05:30,26.5,26.75,25.95,26.35,179100,2993050,7.78541,19534.6,19650.0,19650,ATM+2,CALL,19550,2023-11-12
2023-11-12 18:42:00+05:30,26.3,26.7,26.3,26.55,111050,2993050,7.762673,19535.9,19650.0,19650,ATM+2,CALL,19550,2023-11-12
2023-11-12 18:43:00+05:30,26.65,26.65,26.3,26.4,103700,2993050,7.724783,19536.3,19650.0,19650,ATM+2,CALL,19550,2023-11-12
2023-11-12 18:44:00+05:30,26.35,26.4,25.9,26.35,93000,3015350,7.726416,19536.1,19650.0,19650,ATM+2,CALL,19550,2023-11-12
2023-11-12 18:45:00+05:30,26.35,26.35,26.1,26.15,79000,3015350,7.726196,19535.4,19650.0,19650,ATM+2,CALL,19550,2023-11-12
2023-11-12 18:46:00+05:30,26.15,26.25,26.0,26.1,74800,3015350,7.740056,19534.9,19650.0,19650,ATM+2,CALL,19550,2023-11-12
2023-11-12 18:47:00+05:30,26.15,26.15,25.95,26.0,82000,3003950,7.701403,19535.5,19650.0,19650,ATM+2,CALL,19550,2023-11-12
2023-11-12 18:48:00+05:30,26.0,26.15,25.3,25.7,162850,3003950,7.700261,19534.45,19650.0,19650,ATM+2,CALL,19550,2023-11-12
2023-11-12 18:49:00+05:30,25.55,26.0,25.55,25.7,68700,3003950,7.835274,19531.15,19650.0,19650,ATM+2,CALL,19550,2023-11-12
2023-11-12 18:50:00+05:30,25.7,25.9,25.5,25.75,82250,2999950,7.849758,19531.0,19650.0,19650,ATM+2,CALL,19550,2023-11-12
2023-11-12 18:51:00+05:30,25.75,25.95,25.6,25.75,100500,2999950,7.923469,19529.2,19650.0,19650,ATM+2,CALL,19550,2023-11-12
2023-11-12 18:52:00+05:30,25.85,25.95,25.65,25.65,58150,2999950,7.903113,19529.35,19650.0,19650,ATM+2,CALL,19550,2023-11-12
2023-11-12 18:53:00+05:30,25.75,25.8,25.5,25.5,59650,3015700,7.941663,19527.85,19650.0,19650,ATM+2,CALL,19550,2023-11-12
2023-11-12 18:54:00+05:30,25.3,25.65,24.8,25.45,181650,3015700,7.850266,19529.95,19650.0,19650,ATM+2,CALL,19550,2023-11-12
2023-11-12 18:55:00+05:30,25.5,25.65,25.4,25.5,86150,3015700,7.850624,19530.15,19650.0,19650,ATM+2,CALL,19550,2023-11-12
2023-11-12 18:56:00+05:30,25.5,25.55,25.0,25.3,117850,3011450,7.971976,19526.4,19650.0,19650,ATM+2,CALL,19550,2023-11-12
2023-11-12 18:57:00+05:30,25.3,25.4,25.0,25.4,119500,3011450,7.976094,19526.7,19650.0,19650,ATM+2,CALL,19550,2023-11-12
2023-11-12 18:58:00+05:30,25.45,25.8,25.25,25.8,226650,3011450,7.959324,19528.65,19650.0,19650,ATM+2,CALL,19550,2023-11-12
2023-11-12 18:59:00+05:30,25.8,26.0,25.7,25.75,121850,2924200,7.960679,19528.45,19650.0,19650,ATM+2,CALL,19550,2023-11-12
2023-11-12 19:00:00+05:30,25.8,26.0,25.75,25.85,135400,2924200,7.911972,19530.05,19650.0,19650,ATM+2,CALL,19550,2023-11-12
2023-11-12 19:01:00+05:30,25.8,25.8,25.05,25.75,163950,2924200,7.946251,19528.85,19650.0,19650,ATM+2,CALL,19550,2023-11-12
2023-11-12 19:02:00+05:30,25.75,25.75,25.25,25.6,130200,2947250,7.896054,19529.55,19650.0,19650,ATM+2,CALL,19550,2023-11-12
2023-11-12 19:03:00+05:30,25.7,25.7,25.2,25.3,115500,2947250,7.931866,19527.55,19650.0,19650,ATM+2,CALL,19550,2023-11-12
2023-11-12 19:04:00+05:30,25.3,25.55,25.2,25.4,58600,2947250,7.93995,19527.75,19650.0,19650,ATM+2,CALL,19550,2023-11-12
2023-11-12 19:05:00+05:30,39.1,39.1,35.9,36.55,883500,6114350,8.129542,19510.95,19600.0,19650,ATM+2,CALL,19550,2023-11-12
2023-11-12 19:06:00+05:30,36.3,37.9,36.3,37.9,329900,6114350,7.80481,19521.75,19600.0,19650,ATM+2,CALL,19550,2023-11-12
2023-11-12 19:07:00+05:30,38.0,38.5,37.8,38.15,219750,6114350,7.795923,19522.65,19600.0,19650,ATM+2,CALL,19550,2023-11-12
2023-11-12 19:08:00+05:30,38.1,38.1,37.85,37.95,259100,5942500,7.762936,19522.8,19600.0,19650,ATM+2,CALL,19550,2023-11-12
2023-11-12 19:09:00+05:30,37.9,38.0,37.05,37.35,260150,5942500,7.733927,19521.75,19600.0,19650,ATM+2,CALL,19550,2023-11-12
2023-11-12 19:10:00+05:30,37.55,38.05,37.0,37.6,627650,5942500,7.672403,19523.75,19600.0,19650,ATM+2,CALL,19550,2023-11-12
2023-11-12 19:11:00+05:30,37.5,37.95,37.5,37.8,192950,5739200,7.71435,19523.45,19600.0,19650,ATM+2,CALL,19550,2023-11-12
2023-11-12 19:12:00+05:30,37.75,37.95,37.65,37.65,317000,5739200,7.695223,19523.45,19600.0,19650,ATM+2,CALL,19550,2023-11-12
2023-11-12 19:13:00+05:30,37.6,37.75,37.3,37.5,364150,5739200,7.726414,19522.4,19600.0,19650,ATM+2,CALL,19550,2023-11-12
2023-11-12 19:14:00+05:30,37.55,37.6,33.05,35.65,1010350,5553400,7.484228,19522.3,19600.0,19650,ATM+2,CALL,19550,2023-11-12
2023-11-12 19:15:00+05:30,36.0,36.0,36.0,36.0,1250,5553400,7.474923,19523.5,19600.0,19650,ATM+2,CALL,19550,2023-11-12
2023-11-12 18:15:00+05:30,30.0,40.25,19.55,25.8,1837600,2191400,8.291704,19519.4,19650.0,19700,ATM+3,CALL,19550,2023-11-12
2023-11-12 18:16:00+05:30,25.85,26.2,24.65,24.85,1023850,2191400,8.007769,19522.9,19650.0,19700,ATM+3,CALL,19550,2023-11-12
2023-11-12 18:17:00+05:30,24.8,25.5,24.45,24.45,566200,2546200,8.123821,19518.4,19650.0,19700,ATM+3,CALL,19550,2023-11-12
2023-11-12 18:18:00+05:30,24.55,24.75,23.1,23.4,665800,2546200,7.816067,19522.1,19650.0,19700,ATM+3,CALL,19550,2023-11-12
2023-11-12 18:19:00+05:30,23.6,25.0,23.6,25.0,369750,2546200,8.033446,19522.9,19650.0,19700,ATM+3,CALL,19550,2023-11-12
2023-11-12 18:20:00+05:30,16.3,18.0,16.3,18.0,547600,4859400,8.465572,19529.35,19700.0,19700,ATM+3,CALL,19550,2023-11-12
2023-11-12 18:21:00+05:30,17.8,18.35,17.35,18.1,817100,4859400,8.321658,19534.0,19700.0,19700,ATM+3,CALL,19550,2023-11-12
2023-11-12 18:22:00+05:30,18.05,18.1,17.0,17.7,501800,4859400,8.190809,19535.7,19700.0,19700,ATM+3,CALL,19550,2023-11-12
2023-11-12 18:23:00+05:30,17.6,17.75,17.15,17.5,330900,4906500,8.092461,19537.5,19700.0,19700,ATM+3,CALL,19550,2023-11-12
2023-11-12 18:24:00+05:30,17.55,17.7,17.05,17.15,294350,4906500,8.131193,19534.6,19700.0,19700,ATM+3,CALL,19550,2023-11-12
2023-11-12 18:25:00+05:30,17.05,17.35,15.95,17.35,566200,4906500,8.219056,19533.15,19700.0,19700,ATM+3,CALL,19550,2023-11-12
2023-11-12 18:26:00+05:30,17.35,17.5,16.95,17.35,341950,4903950,8.07144,19537.4,19700.0,19700,ATM+3,CALL,19550,2023-11-12
2023-11-12 18:27:00+05:30,17.35,17.55,17.25,17.45,235750,4903950,7.944438,19541.55,19700.0,19700,ATM+3,CALL,19550,2023-11-12
2023-11-12 18:28:00+05:30,17.55,17.6,17.4,17.45,230800,4903950,7.888806,19543.15,19700.0,19700,ATM+3,CALL,19550,2023-11-12
2023-11-12 18:29:00+05:30,17.45,17.5,16.75,17.35,254700,4981700,7.963407,19540.55,19700.0,19700,ATM+3,CALL,19550,2023-11-12
2023-11-12 18:30:00+05:30,17.3,17.35,17.05,17.35,181700,4981700,8.04505,19538.25,19700.0,19700,ATM+3,CALL,19550,2023-11-12
2023-11-12 18:31:00+05:30,17.25,17.3,16.25,16.4,294200,4981700,8.173291,19529.55,19700.0,19700,ATM+3,CALL,19550,2023-11-12
2023-11-12 18:32:00+05:30,16.4,17.35,16.25,17.35,228400,4998450,8.198955,19533.9,19700.0,19700,ATM+3,CALL,19550,2023-11-12
2023-11-12 18:33:00+05:30,17.35,17.35,17.1,17.15,202700,4998450,8.152849,19534.2,19700.0,19700,ATM+3,CALL,19550,2023-11-12
2023-11-12 18:34:00+05:30,17.15,17.15,16.8,17.0,165100,4998450,8.150585,19533.5,19700.0,19700,ATM+3,CALL,19550,2023-11-12
2023-11-12 18:35:00+05:30,17.0,17.15,16.85,16.9,110300,5035000,8.174698,19532.3,19700.0,19700,ATM+3,CALL,19550,2023-11-12
2023-11-12 18:36:00+05:30,16.9,16.95,16.45,16.65,114900,5035000,8.186344,19530.65,19700.0,19700,ATM+3,CALL,19550,2023-11-12
2023-11-12 18:37:00+05:30,16.75,16.75,15.85,15.9,419950,5035000,8.224167,19525.45,19700.0,19700,ATM+3,CALL,19550,2023-11-12
2023-11-12 18:38:00+05:30,16.0,16.75,15.9,16.75,241750,4998100,8.339351,19526.8,19700.0,19700,ATM+3,CALL,19550,2023-11-12
2023-11-12 18:39:00+05:30,16.75,17.05,16.7,17.0,202750,4998100,8.170525,19533.05,19700.0,19700,ATM+3,CALL,19550,2023-11-12
2023-11-12 18:40:00+05:30,17.0,17.1,16.85,17.0,149850,4998100,8.126177,19534.35,19700.0,19700,ATM+3,CALL,19550,2023-11-12
2023-11-12 18:41:00+05:30,17.1,17.15,16.6,16.95,263600,4996900,8.109164,19534.6,19700.0,19700,ATM+3,CALL,19550,2023-11-12
2023-11-12 18:42:00+05:30,16.9,17.1,16.9,17.0,87500,4996900,8.073885,19535.9,19700.0,19700,ATM+3,CALL,19550,2023-11-12
2023-11-12 18:43:00+05:30,17.0,17.05,16.85,16.85,115200,4996900,8.033348,19536.3,19700.0,19700,ATM+3,CALL,19550,2023-11-12
2023-11-12 18:44:00+05:30,16.85,16.9,16.55,16.9,189900,5005750,8.050324,19536.1,19700.0,19700,ATM+3,CALL,19550,2023-11-12
2023-11-12 18:45:00+05:30,16.85,16.9,16.7,16.75,89100,5005750,8.048024,19535.4,19700.0,19700,ATM+3,CALL,19550,2023-11-12
2023-11-12 18:46:00+05:30,16.75,16.85,16.65,16.75,84850,5005750,8.066256,19534.9,19700.0,19700,ATM+3,CALL,19550,2023-11-12
2023-11-12 18:47:00+05:30,16.75,16.8,16.6,16.65,73600,5041400,8.027848,19535.5,19700.0,19700,ATM+3,CALL,19550,2023-11-12
2023-11-12 18:48:00+05:30,16.55,16.75,16.2,16.45,189800,5041400,8.028165,19534.45,19700.0,19700,ATM+3,CALL,19550,2023-11-12
2023-11-12 18:49:00+05:30,16.45,16.75,16.4,16.5,78350,5041400,8.152367,19531.15,19700.0,19700,ATM+3,CALL,19550,2023-11-12
2023-11-12 18:50:00+05:30,16.55,16.7,16.45,16.65,171700,5039350,8.18634,19531.0,19700.0,19700,ATM+3,CALL,19550,2023-11-12
2023-11-12 18:51:00+05:30,16.6,16.65,16.5,16.6,79650,5039350,8.24001,19529.2,19700.0,19700,ATM+3,CALL,19550,2023-11-12
2023-11-12 18:52:00+05:30,16.6,16.65,16.5,16.5,101450,5039350,8.217007,19529.35,19700.0,19700,ATM+3,CALL,19550,2023-11-12
2023-11-12 18:53:00+05:30,16.5,16.55,16.3,16.3,104100,5051750,8.231864,19527.85,19700.0,19700,ATM+3,CALL,19550,2023-11-12
2023-11-12 18:54:00+05:30,16.2,16.4,15.8,16.25,206400,5051750,8.15121,19529.95,19700.0,19700,ATM+3,CALL,19550,2023-11-12
2023-11-12 18:55:00+05:30,16.2,16.35,16.2,16.25,82400,5051750,8.145195,19530.15,19700.0,19700,ATM+3,CALL,19550,2023-11-12
2023-11-12 18:56:00+05:30,16.25,16.35,15.95,16.15,147100,5029750,8.255772,19526.4,19700.0,19700,ATM+3,CALL,19550,2023-11-12
2023-11-12 18:57:00+05:30,16.15,16.2,15.9,16.15,110400,5029750,8.24638,19526.7,19700.0,19700,ATM+3,CALL,19550,2023-11-12
2023-11-12 18:58:00+05:30,16.15,16.45,16.1,16.4,168800,5029750,8.227546,19528.65,19700.0,19700,ATM+3,CALL,19550,2023-11-12
2023-11-12 18:59:00+05:30,16.45,16.65,16.4,16.4,130650,5023800,8.235292,19528.45,19700.0,19700,ATM+3,CALL,19550,2023-11-12
2023-11-12 19:00:00+05:30,16.45,16.55,16.35,16.45,113250,5023800,8.190455,19530.05,19700.0,19700,ATM+3,CALL,19550,2023-11-12
2023-11-12 19:01:00+05:30,16.4,16.4,15.9,16.35,174400,5023800,8.213872,19528.85,19700.0,19700,ATM+3,CALL,19550,2023-11-12
2023-11-12 19:02:00+05:30,16.3,16.3,16.05,16.2,125500,5061700,8.162444,19529.55,19700.0,19700,ATM+3,CALL,19550,2023-11-12
2023-11-12 19:03:00+05:30,16.25,16.25,15.85,16.0,185350,5061700,8.194047,19527.55,19700.0,19700,ATM+3,CALL,19550,2023-11-12
2023-11-12 19:04:00+05:30,16.0,16.1,15.9,16.0,98250,5061700,8.18807,19527.75,19700.0,19700,ATM+3,CALL,19550,2023-11-12
2023-11-12 19:05:00+05:30,25.45,25.5,22.9,23.5,510100,2979600,8.30545,19510.95,19650.0,19700,ATM+3,CALL,19550,2023-11-12
2023-11-12 19:06:00+05:30,23.45,24.6,23.45,24.6,230550,2979600,8.057992,19521.75,19650.0,19700,ATM+3,CALL,19550,2023-11-12
2023-11-12 19:07:00+05:30,24.65,25.0,24.5,24.85,214600,2979600,8.061951,19522.65,19650.0,19700,ATM+3,CALL,19550,2023-11-12
2023-11-12 19:08:00+05:30,24.7,24.8,24.5,24.65,224350,2954050,8.02588,19522.8,19650.0,19700,ATM+3,CALL,19550,2023-11-12
2023-11-12 19:09:00+05:30,24.65,24.7,24.0,24.25,162950,2954050,8.006122,19521.75,19650.0,19700,ATM+3,CALL,19550,2023-11-12
2023-11-12 19:10:00+05:30,24.35,24.7,23.75,24.2,259800,2954050,7.920099,19523.75,19650.0,19700,ATM+3,CALL,19550,2023-11-12
2023-11-12 19:11:00+05:30,24.25,24.5,24.15,24.4,105650,2908900,7.963914,19523.45,19650.0,19700,ATM+3,CALL,19550,2023-11-12
2023-11-12 19:12:00+05:30,24.4,24.45,24.25,24.25,119900,2908900,7.941479,19523.45,19650.0,19700,ATM+3,CALL,19550,2023-11-12
2023-11-12 19:13:00+05:30,24.3,24.35,24.05,24.2,167850,2908900,7.976114,19522.4,19650.0,19700,ATM+3,CALL,19550,2023-11-12
2023-11-12 19:14:00+05:30,24.2,24.2,20.45,22.35,356800,2848900,7.690092,19522.3,19650.0,19700,ATM+3,CALL,19550,2023-11-12
2023-11-12 19:15:00+05:30,22.35,22.35,22.35,22.35,550,2848900,7.644156,19523.5,19650.0,19700,ATM+3,CALL,19550,2023-11-12
2023-11-12 18:15:00+05:30,68.25,76.95,42.0,53.75,2963000,2397250,7.281886,19519.4,19550.0,19600,ATM+1,CALL,19550,2023-11-12
2023-11-12 18:16:00+05:30,54.05,54.25,52.55,53.85,1518800,2397250,7.086132,19522.9,19550.0,19600,ATM+1,CALL,19550,2023-11-12
2023-11-12 18:17:00+05:30,53.5,54.55,53.5,53.7,1158200,3386200,7.336475,19518.4,19550.0,19600,ATM+1,CALL,19550,2023-11-12
2023-11-12 18:18:00+05:30,53.75,54.1,51.4,52.6,885650,3386200,6.980196,19522.1,19550.0,19600,ATM+1,CALL,19550,2023-11-12
2023-11-12 18:19:00+05:30,52.55,55.0,52.55,55.0,755600,3386200,7.231977,19522.9,19550.0,19600,ATM+1,CALL,19550,2023-11-12
2023-11-12 18:20:00+05:30,38.05,41.45,37.95,41.45,1274200,5950150,7.863427,19529.35,19600.0,19600,ATM+1,CALL,19550,2023-11-12
2023-11-12 18:21:00+05:30,41.1,42.35,40.3,42.35,1507550,5950150,7.749709,19534.0,19600.0,19600,ATM+1,CALL,19550,2023-11-12
2023-11-12 18:22:00+05:30,42.4,42.45,40.55,41.95,957750,5950150,7.61317,19535.7,19600.0,19600,ATM+1,CALL,19550,2023-11-12
2023-11-12 18:23:00+05:30,41.95,42.0,41.1,41.95,788600,5965600,7.522929,19537.5,19600.0,19600,ATM+1,CALL,19550,2023-11-12
2023-11-12 18:24:00+05:30,41.9,42.2,40.7,41.1,847700,5965600,7.560099,19534.6,19600.0,19600,ATM+1,CALL,19550,2023-11-12
2023-11-12 18:25:00+05:30,41.15,41.3,39.05,41.2,1055650,5965600,7.646515,19533.15,19600.0,19600,ATM+1,CALL,19550,2023-11-12
2023-11-12 18:26:00+05:30,41.2,41.85,40.8,41.55,505000,5924400,7.478919,19537.4,19600.0,19600,ATM+1,CALL,19550,2023-11-12
2023-11-12 18:27:00+05:30,41.7,42.0,41.1,41.8,543550,5924400,7.300044,19541.55,19600.0,19600,ATM+1,CALL,19550,2023-11-12
2023-11-12 18:28:00+05:30,41.85,42.05,41.7,41.9,499550,5924400,7.231141,19543.15,19600.0,19600,ATM+1,CALL,19550,2023-11-12
2023-11-12 18:29:00+05:30,41.75,41.75,40.55,41.35,484600,5988550,7.295191,19540.55,19600.0,19600,ATM+1,CALL,19550,2023-11-12
2023-11-12 18:30:00+05:30,41.2,41.35,40.6,41.1,361100,5988550,7.381071,19538.25,19600.0,19600,ATM+1,CALL,19550,2023-11-12
2023-11-12 18:31:00+05:30,41.05,41.15,38.9,39.2,710550,5988550,7.568684,19529.55,19600.0,19600,ATM+1,CALL,19550,2023-11-12
2023-11-12 18:32:00+05:30,39.05,41.1,38.65,41.05,611500,6072550,7.595588,19533.9,19600.0,19600,ATM+1,CALL,19550,2023-11-12
2023-11-12 18:33:00+05:30,40.95,41.0,40.4,40.4,315950,6072550,7.496917,19534.2,19600.0,19600,ATM+1,CALL,19550,2023-11-12
2023-11-12 18:34:00+05:30,40.35,40.35,39.9,40.1,202650,6072550,7.493656,19533.5,19600.0,19600,ATM+1,CALL,19550,2023-11-12
2023-11-12 18:35:00+05:30,40.15,40.5,40.0,40.2,166450,6140250,7.56725,19532.3,19600.0,19600,ATM+1,CALL,19550,2023-11-12
2023-11-12 18:36:00+05:30,40.1,40.1,39.2,39.45,280000,6140250,7.55168,19530.65,19600.0,19600,ATM+1,CALL,19550,2023-11-12
2023-11-12 18:37:00+05:30,39.55,39.65,37.9,38.25,486000,6140250,7.648215,19525.45,19600.0,19600,ATM+1,CALL,19550,2023-11-12
2023-11-12 18:38:00+05:30,38.2,39.8,37.95,39.75,467500,6079050,7.781565,19526.8,19600.0,19600,ATM+1,CALL,19550,2023-11-12
2023-11-12 18:39:00+05:30,39.7,40.8,39.7,40.55,588800,6079050,7.579028,19533.05,19600.0,19600,ATM+1,CALL,19550,2023-11-12
2023-11-12 18:40:00+05:30,40.65,40.85,40.2,40.4,338550,6079050,7.495417,19534.35,19600.0,19600,ATM+1,CALL,19550,2023-11-12
2023-11-12 18:41:00+05:30,40.55,40.75,39.6,40.15,294250,6132050,7.451225,19534.6,19600.0,19600,ATM+1,CALL,19550,2023-11-12
2023-11-12 18:42:00+05:30,40.2,40.6,40.2,40.3,188900,6132050,7.406373,19535.9,19600.0,19600,ATM+1,CALL,19550,2023-11-12
2023-11-12 18:43:00+05:30,40.45,40.55,40.25,40.25,201450,6132050,7.380604,19536.3,19600.0,19600,ATM+1,CALL,19550,2023-11-12
2023-11-12 18:44:00+05:30,40.25,40.35,39.7,40.25,273950,6158950,7.391519,19536.1,19600.0,19600,ATM+1,CALL,19550,2023-11-12
2023-11-12 18:45:00+05:30,40.2,40.25,39.8,39.85,172850,6158950,7.37552,19535.4,19600.0,19600,ATM+1,CALL,19550,2023-11-12
2023-11-12 18:46:00+05:30,39.9,40.0,39.7,39.95,201500,6158950,7.414436,19534.9,19600.0,19600,ATM+1,CALL,19550,2023-11-12
2023-11-12 18:47:00+05:30,39.9,39.95,39.65,39.7,210400,6188500,7.352681,19535.5,19600.0,19600,ATM+1,CALL,19550,2023-11-12
2023-11-12 18:48:00+05:30,39.7,39.95,38.75,39.2,337950,6188500,7.340866,19534.45,19600.0,19600,ATM+1,CALL,19550,2023-11-12
2023-11-12 18:49:00+05:30,39.1,39.6,39.1,39.3,176500,6188500,7.518529,19531.15,19600.0,19600,ATM+1,CALL,19550,2023-11-12
2023-11-12 18:50:00+05:30,39.35,39.55,38.95,39.35,229800,6189300,7.533348,19531.0,19600.0,19600,ATM+1,CALL,19550,2023-11-12
2023-11-12 18:51:00+05:30,39.2,39.75,39.1,39.4,202900,6189300,7.6294,19529.2,19600.0,19600,ATM+1,CALL,19550,2023-11-12
2023-11-12 18:52:00+05:30,39.45,39.6,39.3,39.4,142550,6189300,7.622899,19529.35,19600.0,19600,ATM+1,CALL,19550,2023-11-12
2023-11-12 18:53:00+05:30,39.4,39.4,39.05,39.05,193000,6199800,7.65118,19527.85,19600.0,19600,ATM+1,CALL,19550,2023-11-12
2023-11-12 18:54:00+05:30,39.0,39.3,38.1,39.05,443000,6199800,7.549132,19529.95,19600.0,19600,ATM+1,CALL,19550,2023-11-12
2023-11-12 18:55:00+05:30,39.0,39.25,38.95,39.0,173550,6199800,7.533586,19530.15,19600.0,19600,ATM+1,CALL,19550,2023-11-12
2023-11-12 18:56:00+05:30,38.95,39.1,38.3,38.75,232100,6213450,7.684828,19526.4,19600.0,19600,ATM+1,CALL,19550,2023-11-12
2023-11-12 18:57:00+05:30,38.8,39.0,38.35,39.0,242550,6213450,7.704154,19526.7,19600.0,19600,ATM+1,CALL,19550,2023-11-12
2023-11-12 18:58:00+05:30,39.0,39.7,38.9,39.65,366300,6213450,7.695389,19528.65,19600.0,19600,ATM+1,CALL,19550,2023-11-12
2023-11-12 18:59:00+05:30,39.6,39.9,39.45,39.55,340000,6192950,7.692916,19528.45,19600.0,19600,ATM+1,CALL,19550,2023-11-12
2023-11-12 19:00:00+05:30,39.45,39.75,39.45,39.55,148100,6192950,7.615103,19530.05,19600.0,19600,ATM+1,CALL,19550,2023-11-12
2023-11-12 19:01:00+05:30,39.45,39.45,38.5,39.35,301050,6192950,7.648697,19528.85,19600.0,19600,ATM+1,CALL,19550,2023-11-12
2023-11-12 19:02:00+05:30,39.25,39.4,38.75,39.3,199100,6130600,7.608591,19529.55,19600.0,19600,ATM+1,CALL,19550,2023-11-12
2023-11-12 19:03:00+05:30,39.4,39.4,38.6,38.85,299850,6130600,7.648131,19527.55,19600.0,19600,ATM+1,CALL,19550,2023-11-12
2023-11-12 19:04:00+05:30,38.9,39.15,38.75,39.1,189250,6130600,7.67224,19527.75,19600.0,19600,ATM+1,CALL,19550,2023-11-12
2023-11-12 19:05:00+05:30,57.2,57.3,52.9,53.7,891900,4088050,7.81204,19510.95,19550.0,19600,ATM+1,CALL,19550,2023-11-12
2023-11-12 19:06:00+05:30,53.75,55.85,53.75,55.8,419300,4088050,7.442615,19521.75,19550.0,19600,ATM+1,CALL,19550,2023-11-12
2023-11-12 19:07:00+05:30,55.9,56.6,55.7,56.0,258400,4088050,7.414218,19522.65,19550.0,19600,ATM+1,CALL,19550,2023-11-12
2023-11-12 19:08:00+05:30,55.95,56.05,55.6,55.8,240000,3887950,7.381004,19522.8,19550.0,19600,ATM+1,CALL,19550,2023-11-12
2023-11-12 19:09:00+05:30,55.85,55.9,54.6,54.95,305650,3887950,7.338877,19521.75,19550.0,19600,ATM+1,CALL,19550,2023-11-12
2023-11-12 19:10:00+05:30,55.1,55.95,54.55,55.15,420550,3887950,7.243795,19523.75,19550.0,19600,ATM+1,CALL,19550,2023-11-12
2023-11-12 19:11:00+05:30,55.25,55.8,55.2,55.45,242950,3739000,7.30045,19523.45,19550.0,19600,ATM+1,CALL,19550,2023-11-12
2023-11-12 19:12:00+05:30,55.45,55.8,55.3,55.6,342800,3739000,7.320108,19523.45,19550.0,19600,ATM+1,CALL,19550,2023-11-12
2023-11-12 19:13:00+05:30,55.65,55.75,55.0,55.45,321150,3739000,7.365827,19522.4,19550.0,19600,ATM+1,CALL,19550,2023-11-12
2023-11-12 19:14:00+05:30,55.4,55.4,50.0,53.0,811250,3555750,7.065922,19522.3,19550.0,19600,ATM+1,CALL,19550,2023-11-12
2023-11-12 19:15:00+05:30,53.0,53.0,53.0,53.0,1800,3555750,6.994203,19523.5,19550.0,19600,ATM+1,CALL,19550,2023-11-12
2023-11-12 18:15:00+05:30,122.85,177.35,101.0,158.5,665200,492750,15.706862,19519.4,19600.0,19650,ATM+2,PUT,19550,2023-11-12
2023-11-12 18:16:00+05:30,158.55,158.55,151.3,151.65,365500,492750,15.094393,19522.9,19600.0,19650,ATM+2,PUT,19550,2023-11-12
2023-11-12 18:17:00+05:30,151.65,151.65,146.55,146.55,265750,788150,14.120372,19518.4,19600.0,19650,ATM+2,PUT,19550,2023-11-12
2023-11-12 18:18:00+05:30,146.15,150.8,144.95,148.15,223700,788150,14.595708,19522.1,19600.0,19650,ATM+2,PUT,19550,2023-11-12
2023-11-12 18:19:00+05:30,148.4,148.45,143.25,143.3,130300,788150,14.040379,19522.9,19600.0,19650,ATM+2,PUT,19550,2023-11-12
2023-11-12 18:20:00+05:30,180.05,180.05,173.75,173.75,37600,124050,14.546276,19529.35,19650.0,19650,ATM+2,PUT,19550,2023-11-12
2023-11-12 18:21:00+05:30,173.75,174.4,166.95,166.95,58550,124050,14.038196,19534.0,19650.0,19650,ATM+2,PUT,19550,2023-11-12
2023-11-12 18:22:00+05:30,166.4,169.25,166.4,167.6,25850,124050,14.263979,19535.7,19650.0,19650,ATM+2,PUT,19550,2023-11-12
2023-11-12 18:23:00+05:30,167.7,168.7,166.0,166.15,18400,155850,14.222075,19537.5,19650.0,19650,ATM+2,PUT,19550,2023-11-12
2023-11-12 18:24:00+05:30,166.0,168.7,165.0,168.65,32000,155850,14.313394,19534.6,19650.0,19650,ATM+2,PUT,19550,2023-11-12
2023-11-12 18:25:00+05:30,168.7,173.2,168.4,170.8,42200,155850,14.477223,19533.15,19650.0,19650,ATM+2,PUT,19550,2023-11-12
2023-11-12 18:26:00+05:30,170.75,171.35,166.95,168.3,37150,174950,14.497559,19537.4,19650.0,19650,ATM+2,PUT,19550,2023-11-12
2023-11-12 18:27:00+05:30,168.25,170.0,167.45,168.3,12600,174950,14.831031,19541.55,19650.0,19650,ATM+2,PUT,19550,2023-11-12
2023-11-12 18:28:00+05:30,168.05,168.85,167.6,167.75,9100,174950,14.88742,19543.15,19650.0,19650,ATM+2,PUT,19550,2023-11-12
2023-11-12 18:29:00+05:30,167.75,169.75,167.65,169.4,12150,204100,14.896302,19540.55,19650.0,19650,ATM+2,PUT,19550,2023-11-12
2023-11-12 18:30:00+05:30,169.4,170.5,169.4,169.6,16400,204100,14.739497,19538.25,19650.0,19650,ATM+2,PUT,19550,2023-11-12
2023-11-12 18:31:00+05:30,169.6,173.55,169.45,173.25,28600,204100,14.507935,19529.55,19650.0,19650,ATM+2,PUT,19550,2023-11-12
2023-11-12 18:32:00+05:30,173.2,174.6,169.8,169.8,34900,212800,14.414548,19533.9,19650.0,19650,ATM+2,PUT,19550,2023-11-12
2023-11-12 18:33:00+05:30,170.35,171.9,170.35,171.9,7100,212800,14.715069,19534.2,19650.0,19650,ATM+2,PUT,19550,2023-11-12
2023-11-12 18:34:00+05:30,171.85,172.6,171.65,172.0,8850,212800,14.672068,19533.5,19650.0,19650,ATM+2,PUT,19550,2023-11-12
2023-11-12 18:35:00+05:30,172.25,172.35,171.3,172.2,9700,215950,14.600978,19532.3,19650.0,19650,ATM+2,PUT,19550,2023-11-12
2023-11-12 18:36:00+05:30,171.65,173.6,171.6,173.0,13100,215950,14.571106,19530.65,19650.0,19650,ATM+2,PUT,19550,2023-11-12
2023-11-12 18:37:00+05:30,173.0,175.2,172.85,175.05,21600,215950,14.408468,19525.45,19650.0,19650,ATM+2,PUT,19550,2023-11-12
2023-11-12 18:38:00+05:30,175.15,175.8,173.0,173.15,45800,225450,14.271532,19526.8,19650.0,19650,ATM+2,PUT,19550,2023-11-12
2023-11-12 18:39:00+05:30,172.55,172.55,168.1,168.7,24200,225450,14.206891,19533.05,19650.0,19650,ATM+2,PUT,19550,2023-11-12
2023-11-12 18:40:00+05:30,168.65,170.6,167.95,170.2,24050,225450,14.511756,19534.35,19650.0,19650,ATM+2,PUT,19550,2023-11-12
2023-11-12 18:41:00+05:30,170.2,170.95,169.2,170.15,13150,245600,14.526644,19534.6,19650.0,19650,ATM+2,PUT,19550,2023-11-12
2023-11-12 18:42:00+05:30,170.15,170.6,169.4,169.4,18450,245600,14.535477,19535.9,19650.0,19650,ATM+2,PUT,19550,2023-11-12
2023-11-12 18:43:00+05:30,169.0,169.8,168.4,169.05,7300,245600,14.52323,19536.3,19650.0,19650,ATM+2,PUT,19550,2023-11-12
2023-11-12 18:44:00+05:30,169.45,170.05,168.8,169.0,5400,262850,14.501412,19536.1,19650.0,19650,ATM+2,PUT,19550,2023-11-12
2023-11-12 18:45:00+05:30,168.8,169.5,168.8,169.15,5650,262850,14.464964,19535.4,19650.0,19650,ATM+2,PUT,19550,2023-11-12
2023-11-12 18:46:00+05:30,169.15,169.7,168.9,169.45,8300,262850,14.464401,19534.9,19650.0,19650,ATM+2,PUT,19550,2023-11-12
2023-11-12 18:47:00+05:30,169.45,169.95,169.25,169.85,2900,269400,14.5668,19535.5,19650.0,19650,ATM+2,PUT,19550,2023-11-12
2023-11-12 18:48:00+05:30,170.0,171.5,169.5,170.35,8900,269400,14.547576,19534.45,19650.0,19650,ATM+2,PUT,19550,2023-11-12
2023-11-12 18:49:00+05:30,170.35,171.95,170.35,171.95,9000,269400,14.487199,19531.15,19650.0,19650,ATM+2,PUT,19550,2023-11-12
2023-11-12 18:50:00+05:30,171.95,172.6,171.15,171.6,17500,268050,14.429643,19531.0,19650.0,19650,ATM+2,PUT,19550,2023-11-12
2023-11-12 18:51:00+05:30,171.5,171.85,169.25,170.55,13050,268050,14.141626,19529.2,19650.0,19650,ATM+2,PUT,19550,2023-11-12
2023-11-12 18:52:00+05:30,170.55,171.15,170.3,171.15,4750,268050,14.234587,19529.35,19650.0,19650,ATM+2,PUT,19550,2023-11-12
2023-11-12 18:53:00+05:30,171.15,171.75,170.75,171.05,2650,268000,14.096044,19527.85,19650.0,19650,ATM+2,PUT,19550,2023-11-12
2023-11-12 18:54:00+05:30,171.05,172.25,169.65,170.35,9450,268000,14.180955,19529.95,19650.0,19650,ATM+2,PUT,19550,2023-11-12
2023-11-12 18:55:00+05:30,170.35,170.75,169.65,170.3,2850,268000,14.192051,19530.15,19650.0,19650,ATM+2,PUT,19550,2023-11-12
2023-11-12 18:56:00+05:30,170.3,171.7,170.3,171.3,3600,269100,14.009094,19526.4,19650.0,19650,ATM+2,PUT,19550,2023-11-12
2023-11-12 18:57:00+05:30,171.5,171.8,170.65,170.9,7850,269100,13.982329,19526.7,19650.0,19650,ATM+2,PUT,19550,2023-11-12
2023-11-12 18:58:00+05:30,170.15,170.15,164.5,165.0,39950,269100,13.363231,19528.65,19650.0,19650,ATM+2,PUT,19550,2023-11-12
2023-11-12 18:59:00+05:30,165.55,167.65,165.3,167.45,6050,260300,13.673866,19528.45,19650.0,19650,ATM+2,PUT,19550,2023-11-12
2023-11-12 19:00:00+05:30,167.1,167.45,165.5,166.8,16800,260300,13.724334,19530.05,19650.0,19650,ATM+2,PUT,19550,2023-11-12
2023-11-12 19:01:00+05:30,166.8,169.2,166.8,168.0,28300,260300,13.782984,19528.85,19650.0,19650,ATM+2,PUT,19550,2023-11-12
2023-11-12 19:02:00+05:30,168.05,169.05,167.8,167.85,25200,236750,13.823353,19529.55,19650.0,19650,ATM+2,PUT,19550,2023-11-12
2023-11-12 19:03:00+05:30,167.65,168.95,167.4,168.6,15650,236750,13.753962,19527.55,19650.0,19650,ATM+2,PUT,19550,2023-11-12
2023-11-12 19:04:00+05:30,168.6,168.7,167.75,167.8,3500,236750,13.665265,19527.75,19650.0,19650,ATM+2,PUT,19550,2023-11-12
2023-11-12 19:05:00+05:30,131.1,135.0,130.9,135.0,150400,1365850,12.11127,19510.95,19600.0,19650,ATM+2,PUT,19550,2023-11-12
2023-11-12 19:06:00+05:30,134.9,135.25,132.35,133.0,174600,1365850,12.686227,19521.75,19600.0,19650,ATM+2,PUT,19550,2023-11-12
2023-11-12 19:07:00+05:30,132.7,133.65,131.95,133.5,54600,1365850,12.818566,19522.65,19600.0,19650,ATM+2,PUT,19550,2023-11-12
2023-11-12 19:08:00+05:30,133.4,133.95,132.95,133.05,68100,1307600,12.773092,19522.8,19600.0,19650,ATM+2,PUT,19550,2023-11-12
2023-11-12 19:09:00+05:30,133.0,134.85,133.0,134.45,106100,1307600,12.874502,19521.75,19600.0,19650,ATM+2,PUT,19550,2023-11-12
2023-11-12 19:10:00+05:30,134.15,134.35,133.15,133.75,125650,1307600,12.935214,19523.75,19600.0,19650,ATM+2,PUT,19550,2023-11-12
2023-11-12 19:11:00+05:30,133.75,133.8,132.7,133.55,57650,1276950,12.8882,19523.45,19600.0,19650,ATM+2,PUT,19550,2023-11-12
2023-11-12 19:12:00+05:30,133.5,133.7,130.05,130.1,111450,1276950,12.447619,19523.45,19600.0,19650,ATM+2,PUT,19550,2023-11-12
2023-11-12 19:13:00+05:30,130.1,131.35,130.0,130.7,116850,1276950,12.44638,19522.4,19600.0,19650,ATM+2,PUT,19550,2023-11-12
2023-11-12 19:14:00+05:30,130.7,130.8,126.3,130.0,213050,1263700,12.3499,19522.3,19600.0,19650,ATM+2,PUT,19550,2023-11-12
2023-11-12 19:15:00+05:30,130.0,130.0,130.0,130.0,2050,1263700,12.441089,19523.5,19600.0,19650,ATM+2,PUT,19550,2023-11-12
2023-11-12 18:15:00+05:30,72.15,112.05,52.55,93.25,1777750,2105600,13.977351,19519.4,19500.0,19550,ATM,PUT,19550,2023-11-12
2023-11-12 18:16:00+05:30,92.75,92.75,87.5,87.75,1217100,2105600,13.477878,19522.9,19500.0,19550,ATM,PUT,19550,2023-11-12
2023-11-12 18:17:00+05:30,88.15,88.15,84.05,84.1,962900,2947750,12.771423,19518.4,19500.0,19550,ATM,PUT,19550,2023-11-12
2023-11-12 18:18:00+05:30,84.0,87.0,82.35,85.4,741950,2947750,13.139424,19522.1,19500.0,19550,ATM,PUT,19550,2023-11-12
2023-11-12 18:19:00+05:30,85.55,85.7,81.25,81.25,587600,2947750,12.659532,19522.9,19500.0,19550,ATM,PUT,19550,2023-11-12
2023-11-12 18:20:00+05:30,110.0,110.0,105.5,105.6,269950,938600,13.151111,19529.35,19550.0,19550,ATM,PUT,19550,2023-11-12
2023-11-12 18:21:00+05:30,105.2,105.6,100.0,100.0,335400,938600,12.740683,19534.0,19550.0,19550,ATM,PUT,19550,2023-11-12
2023-11-12 18:22:00+05:30,99.5,101.65,99.45,100.7,296900,938600,12.932168,19535.7,19550.0,19550,ATM,PUT,19550,2023-11-12
2023-11-12 18:23:00+05:30,100.7,101.25,99.0,99.1,281650,1168600,12.842799,19537.5,19550.0,19550,ATM,PUT,19550,2023-11-12
2023-11-12 18:24:00+05:30,99.1,101.35,98.15,101.2,281050,1168600,12.929407,19534.6,19550.0,19550,ATM,PUT,19550,2023-11-12
2023-11-12 18:25:00+05:30,101.3,104.65,101.0,103.05,408050,1168600,13.072182,19533.15,19550.0,19550,ATM,PUT,19550,2023-11-12
2023-11-12 18:26:00+05:30,102.8,103.35,99.8,100.95,222900,1261200,13.069973,19537.4,19550.0,19550,ATM,PUT,19550,2023-11-12
2023-11-12 18:27:00+05:30,100.6,102.2,100.05,100.8,148900,1261200,13.30143,19541.55,19550.0,19550,ATM,PUT,19550,2023-11-12
2023-11-12 18:28:00+05:30,101.0,101.4,100.05,100.9,126550,1261200,13.410167,19543.15,19550.0,19550,ATM,PUT,19550,2023-11-12
2023-11-12 18:29:00+05:30,100.85,102.2,100.75,101.8,179400,1405900,13.368213,19540.55,19550.0,19550,ATM,PUT,19550,2023-11-12
2023-11-12 18:30:00+05:30,102.0,102.45,101.55,101.75,172600,1405900,13.224744,19538.25,19550.0,19550,ATM,PUT,19550,2023-11-12
2023-11-12 18:31:00+05:30,102.0,104.5,101.7,104.5,276900,1405900,13.036852,19529.55,19550.0,19550,ATM,PUT,19550,2023-11-12
2023-11-12 18:32:00+05:30,104.65,105.2,102.15,102.3,304900,1529800,13.031192,19533.9,19550.0,19550,ATM,PUT,19550,2023-11-12
2023-11-12 18:33:00+05:30,102.0,103.5,102.0,103.45,95650,1529800,13.193756,19534.2,19550.0,19550,ATM,PUT,19550,2023-11-12
2023-11-12 18:34:00+05:30,103.4,104.1,103.1,103.4,97100,1529800,13.145698,19533.5,19550.0,19550,ATM,PUT,19550,2023-11-12
2023-11-12 18:35:00+05:30,103.7,103.8,103.05,103.45,52300,1537200,13.079324,19532.3,19550.0,19550,ATM,PUT,19550,2023-11-12
2023-11-12 18:36:00+05:30,103.25,104.7,103.25,104.25,152100,1537200,13.078388,19530.65,19550.0,19550,ATM,PUT,19550,2023-11-12
2023-11-12 18:37:00+05:30,104.3,105.75,104.3,105.7,189800,1537200,12.936481,19525.45,19550.0,19550,ATM,PUT,19550,2023-11-12
2023-11-12 18:38:00+05:30,105.55,106.4,104.1,104.1,293950,1573750,12.82245,19526.8,19550.0,19550,ATM,PUT,19550,2023-11-12
2023-11-12 18:39:00+05:30,103.65,103.65,100.5,100.95,335050,1573750,12.817431,19533.05,19550.0,19550,ATM,PUT,19550,2023-11-12
2023-11-12 18:40:00+05:30,100.65,102.15,99.95,102.15,216800,1573750,13.047499,19534.35,19550.0,19550,ATM,PUT,19550,2023-11-12
2023-11-12 18:41:00+05:30,102.2,102.2,101.0,101.75,112000,1578100,13.013819,19534.6,19550.0,19550,ATM,PUT,19550,2023-11-12
2023-11-12 18:42:00+05:30,101.75,102.1,101.0,101.0,92250,1578100,13.000382,19535.9,19550.0,19550,ATM,PUT,19550,2023-11-12
2023-11-12 18:43:00+05:30,101.0,101.55,100.2,101.25,93050,1578100,13.056803,19536.3,19550.0,19550,ATM,PUT,19550,2023-11-12
2023-11-12 18:44:00+05:30,101.1,101.7,100.5,100.65,69700,1648800,12.970751,19536.1,19550.0,19550,ATM,PUT,19550,2023-11-12
2023-11-12 18:45:00+05:30,101.1,101.25,100.7,100.95,78550,1648800,12.966544,19535.4,19550.0,19550,ATM,PUT,19550,2023-11-12
2023-11-12 18:46:00+05:30,101.1,101.25,100.7,101.0,66100,1648800,12.943251,19534.9,19550.0,19550,ATM,PUT,19550,2023-11-12
2023-11-12 18:47:00+05:30,101.15,101.4,100.95,101.2,78700,1692000,13.0057,19535.5,19550.0,19550,ATM,PUT,19550,2023-11-12
2023-11-12 18:48:00+05:30,101.4,102.45,101.05,101.75,105700,1692000,13.01124,19534.45,19550.0,19550,ATM,PUT,19550,2023-11-12
2023-11-12 18:49:00+05:30,102.0,103.05,102.0,102.9,128850,1692000,12.953071,19531.15,19550.0,19550,ATM,PUT,19550,2023-11-12
2023-11-12 18:50:00+05:30,103.15,103.65,102.35,102.9,158750,1699400,12.944744,19531.0,19550.0,19550,ATM,PUT,19550,2023-11-12
2023-11-12 18:51:00+05:30,103.05,103.2,100.8,101.75,128350,1699400,12.690681,19529.2,19550.0,19550,ATM,PUT,19550,2023-11-12
2023-11-12 18:52:00+05:30,102.05,102.3,101.65,102.1,62200,1699400,12.74459,19529.35,19550.0,19550,ATM,PUT,19550,2023-11-12
2023-11-12 18:53:00+05:30,102.05,102.5,102.0,102.05,68500,1701100,12.645907,19527.85,19550.0,19550,ATM,PUT,19550,2023-11-12
2023-11-12 18:54:00+05:30,102.35,103.0,100.95,101.3,127350,1701100,12.683766,19529.95,19550.0,19550,ATM,PUT,19550,2023-11-12
2023-11-12 18:55:00+05:30,101.4,102.05,101.15,101.75,52750,1701100,12.75325,19530.15,19550.0,19550,ATM,PUT,19550,2023-11-12
2023-11-12 18:56:00+05:30,101.95,103.0,101.75,102.5,100750,1707400,12.614113,19526.4,19550.0,19550,ATM,PUT,19550,2023-11-12
2023-11-12 18:57:00+05:30,102.6,103.0,101.35,101.35,133800,1707400,12.490191,19526.7,19550.0,19550,ATM,PUT,19550,2023-11-12
2023-11-12 18:58:00+05:30,101.2,101.4,96.7,97.55,352150,1707400,12.1383,19528.65,19550.0,19550,ATM,PUT,19550,2023-11-12
2023-11-12 18:59:00+05:30,97.65,99.15,97.65,98.95,129500,1718600,12.301559,19528.45,19550.0,19550,ATM,PUT,19550,2023-11-12
2023-11-12 19:00:00+05:30,98.75,99.1,97.5,98.15,151400,1718600,12.301968,19530.05,19550.0,19550,ATM,PUT,19550,2023-11-12
2023-11-12 19:01:00+05:30,98.2,100.35,98.2,99.8,215350,1718600,12.434408,19528.85,19550.0,19550,ATM,PUT,19550,2023-11-12
2023-11-12 19:02:00+05:30,99.65,100.2,99.0,99.0,114400,1734550,12.378878,19529.55,19550.0,19550,ATM,PUT,19550,2023-11-12
2023-11-12 19:03:00+05:30,99.0,100.05,98.65,99.8,129100,1734550,12.355072,19527.55,19550.0,19550,ATM,PUT,19550,2023-11-12
2023-11-12 19:04:00+05:30,100.0,100.0,99.2,99.35,79000,1734550,12.312221,19527.75,19550.0,19550,ATM,PUT,19550,2023-11-12
2023-11-12 19:05:00+05:30,72.1,74.85,71.95,74.85,608100,5683950,11.232135,19510.95,19500.0,19550,ATM,PUT,19550,2023-11-12
2023-11-12 19:06:00+05:30,74.65,74.85,73.05,73.65,455650,5683950,11.674923,19521.75,19500.0,19550,ATM,PUT,19550,2023-11-12
2023-11-12 19:07:00+05:30,73.4,74.05,72.9,73.9,245450,5683950,11.756309,19522.65,19500.0,19550,ATM,PUT,19550,2023-11-12
2023-11-12 19:08:00+05:30,73.85,74.1,73.3,73.5,248450,5601800,11.714347,19522.8,19500.0,19550,ATM,PUT,19550,2023-11-12
2023-11-12 19:09:00+05:30,73.25,74.4,73.25,74.2,266550,5601800,11.74746,19521.75,19500.0,19550,ATM,PUT,19550,2023-11-12
2023-11-12 19:10:00+05:30,74.15,74.2,73.45,73.6,443650,5601800,11.780078,19523.75,19500.0,19550,ATM,PUT,19550,2023-11-12
2023-11-12 19:11:00+05:30,73.65,74.0,73.3,73.6,305550,5499350,11.764756,19523.45,19500.0,19550,ATM,PUT,19550,2023-11-12
2023-11-12 19:12:00+05:30,73.55,73.55,70.55,70.55,548350,5499350,11.376737,19523.45,19500.0,19550,ATM,PUT,19550,2023-11-12
2023-11-12 19:13:00+05:30,70.7,72.05,70.65,71.0,400600,5499350,11.378436,19522.4,19500.0,19550,ATM,PUT,19550,2023-11-12
2023-11-12 19:14:00+05:30,71.15,71.25,68.85,69.0,728850,5271250,11.118795,19522.3,19500.0,19550,ATM,PUT,19550,2023-11-12
2023-11-12 19:15:00+05:30,70.0,70.0,70.0,70.0,5450,5271250,11.311705,19523.5,19500.0,19550,ATM,PUT,19550,2023-11-12
2023-11-12 18:15:00+05:30,166.45,215.5,156.4,196.95,96200,82400,16.765481,19519.4,19650.0,19700,ATM+3,PUT,19550,2023-11-12
2023-11-12 18:16:00+05:30,195.85,195.95,188.95,189.0,63100,82400,16.012146,19522.9,19650.0,19700,ATM+3,PUT,19550,2023-11-12
2023-11-12 18:17:00+05:30,189.0,189.35,184.2,184.85,29450,114200,15.091519,19518.4,19650.0,19700,ATM+3,PUT,19550,2023-11-12
2023-11-12 18:18:00+05:30,184.3,188.2,182.4,186.3,35350,114200,15.594032,19522.1,19650.0,19700,ATM+3,PUT,19550,2023-11-12
2023-11-12 18:19:00+05:30,186.65,186.65,180.1,180.1,15400,114200,14.844322,19522.9,19650.0,19700,ATM+3,PUT,19550,2023-11-12
2023-11-12 18:20:00+05:30,221.7,221.7,214.45,214.45,24750,360450,15.580391,19529.35,19700.0,19700,ATM+3,PUT,19550,2023-11-12
2023-11-12 18:21:00+05:30,214.8,214.8,207.6,207.6,221750,360450,15.069391,19534.0,19700.0,19700,ATM+3,PUT,19550,2023-11-12
2023-11-12 18:22:00+05:30,206.8,209.25,206.2,207.6,88400,360450,15.230131,19535.7,19700.0,19700,ATM+3,PUT,19550,2023-11-12
2023-11-12 18:23:00+05:30,207.25,208.3,205.45,205.9,20750,325400,15.164365,19537.5,19700.0,19700,ATM+3,PUT,19550,2023-11-12
2023-11-12 18:24:00+05:30,205.9,208.2,204.35,208.05,21950,325400,15.191323,19534.6,19700.0,19700,ATM+3,PUT,19550,2023-11-12
2023-11-12 18:25:00+05:30,208.4,214.0,208.0,210.8,26750,325400,15.43703,19533.15,19700.0,19700,ATM+3,PUT,19550,2023-11-12
2023-11-12 18:26:00+05:30,210.8,211.45,207.0,208.35,14000,318850,15.495446,19537.4,19700.0,19700,ATM+3,PUT,19550,2023-11-12
2023-11-12 18:27:00+05:30,208.35,210.0,207.6,208.4,12300,318850,15.881738,19541.55,19700.0,19700,ATM+3,PUT,19550,2023-11-12
2023-11-12 18:28:00+05:30,208.4,208.75,207.45,207.75,10650,318850,15.93831,19543.15,19700.0,19700,ATM+3,PUT,19550,2023-11-12
2023-11-12 18:29:00+05:30,207.75,210.0,207.75,209.6,13900,329050,15.956931,19540.55,19700.0,19700,ATM+3,PUT,19550,2023-11-12
2023-11-12 18:30:00+05:30,209.6,210.75,209.2,209.2,18250,329050,15.69436,19538.25,19700.0,19700,ATM+3,PUT,19550,2023-11-12
2023-11-12 18:31:00+05:30,209.3,213.8,209.3,213.4,23150,329050,15.464721,19529.55,19700.0,19700,ATM+3,PUT,19550,2023-11-12
2023-11-12 18:32:00+05:30,214.0,215.4,210.0,210.0,28700,320500,15.403781,19533.9,19700.0,19700,ATM+3,PUT,19550,2023-11-12
2023-11-12 18:33:00+05:30,210.2,212.0,210.2,212.0,7250,320500,15.708923,19534.2,19700.0,19700,ATM+3,PUT,19550,2023-11-12
2023-11-12 18:34:00+05:30,212.45,213.0,211.7,212.65,7250,320500,15.734596,19533.5,19700.0,19700,ATM+3,PUT,19550,2023-11-12
2023-11-12 18:35:00+05:30,212.6,212.75,211.7,212.7,5750,322800,15.630702,19532.3,19700.0,19700,ATM+3,PUT,19550,2023-11-12
2023-11-12 18:36:00+05:30,212.4,214.0,212.05,213.5,8200,322800,15.587729,19530.65,19700.0,19700,ATM+3,PUT,19550,2023-11-12
2023-11-12 18:37:00+05:30,213.5,215.85,213.4,215.85,21000,322800,15.421477,19525.45,19700.0,19700,ATM+3,PUT,19550,2023-11-12
2023-11-12 18:38:00+05:30,215.25,216.0,213.25,213.55,24000,319950,15.229805,19526.8,19700.0,19700,ATM+3,PUT,19550,2023-11-12
2023-11-12 18:39:00+05:30,212.55,212.6,208.1,208.95,19200,319950,15.185176,19533.05,19700.0,19700,ATM+3,PUT,19550,2023-11-12
2023-11-12 18:40:00+05:30,208.8,210.55,207.6,210.55,9300,319950,15.530171,19534.35,19700.0,19700,ATM+3,PUT,19550,2023-11-12
2023-11-12 18:41:00+05:30,210.8,211.55,209.4,210.85,20600,324600,15.595933,19534.6,19700.0,19700,ATM+3,PUT,19550,2023-11-12
2023-11-12 18:42:00+05:30,210.55,211.05,210.0,210.0,20400,324600,15.600471,19535.9,19700.0,19700,ATM+3,PUT,19550,2023-11-12
2023-11-12 18:43:00+05:30,209.55,210.0,208.5,210.0,12100,324600,15.638542,19536.3,19700.0,19700,ATM+3,PUT,19550,2023-11-12
2023-11-12 18:44:00+05:30,210.0,210.5,209.0,209.0,7300,331600,15.483261,19536.1,19700.0,19700,ATM+3,PUT,19550,2023-11-12
2023-11-12 18:45:00+05:30,209.0,210.0,209.0,209.8,5950,331600,15.529616,19535.4,19700.0,19700,ATM+3,PUT,19550,2023-11-12
2023-11-12 18:46:00+05:30,209.5,210.05,209.2,209.95,12550,331600,15.504804,19534.9,19700.0,19700,ATM+3,PUT,19550,2023-11-12
2023-11-12 18:47:00+05:30,209.95,210.2,209.7,210.2,7800,338150,15.596197,19535.5,19700.0,19700,ATM+3,PUT,19550,2023-11-12
2023-11-12 18:48:00+05:30,210.5,212.0,209.65,211.0,11800,338150,15.610034,19534.45,19700.0,19700,ATM+3,PUT,19550,2023-11-12
2023-11-12 18:49:00+05:30,211.0,212.4,210.9,212.4,14050,338150,15.495591,19531.15,19700.0,19700,ATM+3,PUT,19550,2023-11-12
2023-11-12 18:50:00+05:30,212.45,213.0,211.5,211.95,12300,332300,15.41981,19531.0,19700.0,19700,ATM+3,PUT,19550,2023-11-12
2023-11-12 18:51:00+05:30,211.95,212.5,209.65,211.4,14150,332300,15.172238,19529.2,19700.0,19700,ATM+3,PUT,19550,2023-11-12
2023-11-12 18:52:00+05:30,211.4,211.45,210.65,210.75,3800,332300,15.096477,19529.35,19700.0,19700,ATM+3,PUT,19550,2023-11-12
2023-11-12 18:53:00+05:30,210.75,212.0,210.75,211.05,5700,336250,14.994607,19527.85,19700.0,19700,ATM+3,PUT,19550,2023-11-12
2023-11-12 18:54:00+05:30,211.55,213.0,210.45,210.55,13900,336250,15.12811,19529.95,19700.0,19700,ATM+3,PUT,19550,2023-11-12
2023-11-12 18:55:00+05:30,210.55,211.5,210.2,211.0,6100,336250,15.211323,19530.15,19700.0,19700,ATM+3,PUT,19550,2023-11-12
2023-11-12 18:56:00+05:30,211.4,212.3,210.85,211.55,11850,334200,14.926791,19526.4,19700.0,19700,ATM+3,PUT,19550,2023-11-12
2023-11-12 18:57:00+05:30,211.55,212.1,210.6,210.6,5550,334200,14.822617,19526.7,19700.0,19700,ATM+3,PUT,19550,2023-11-12
2023-11-12 18:58:00+05:30,210.8,210.8,204.6,206.0,27400,334200,14.362329,19528.65,19700.0,19700,ATM+3,PUT,19550,2023-11-12
2023-11-12 18:59:00+05:30,206.0,207.95,205.5,207.45,9700,328650,14.549722,19528.45,19700.0,19700,ATM+3,PUT,19550,2023-11-12
2023-11-12 19:00:00+05:30,207.95,208.0,206.05,207.05,5100,328650,14.650939,19530.05,19700.0,19700,ATM+3,PUT,19550,2023-11-12
2023-11-12 19:01:00+05:30,207.2,209.5,206.6,208.5,9700,328650,14.739712,19528.85,19700.0,19700,ATM+3,PUT,19550,2023-11-12
2023-11-12 19:02:00+05:30,208.65,209.25,208.0,208.0,5250,328100,14.738333,19529.55,19700.0,19700,ATM+3,PUT,19550,2023-11-12
2023-11-12 19:03:00+05:30,207.6,209.0,207.6,208.95,18500,328100,14.677857,19527.55,19700.0,19700,ATM+3,PUT,19550,2023-11-12
2023-11-12 19:04:00+05:30,209.0,209.0,208.1,208.5,6350,328100,14.634597,19527.75,19700.0,19700,ATM+3,PUT,19550,2023-11-12
2023-11-12 19:05:00+05:30,167.8,172.05,167.55,172.05,21400,226750,12.740775,19510.95,19650.0,19700,ATM+3,PUT,19550,2023-11-12
2023-11-12 19:06:00+05:30,172.4,172.4,168.85,169.8,10100,226750,13.414548,19521.75,19650.0,19700,ATM+3,PUT,19550,2023-11-12
2023-11-12 19:07:00+05:30,169.8,170.45,168.75,170.4,5100,226750,13.575271,19522.65,19650.0,19700,ATM+3,PUT,19550,2023-11-12
2023-11-12 19:08:00+05:30,170.4,170.6,169.8,169.8,11250,222650,13.508507,19522.8,19650.0,19700,ATM+3,PUT,19550,2023-11-12
2023-11-12 19:09:00+05:30,169.8,171.8,169.75,171.1,42150,222650,13.592554,19521.75,19650.0,19700,ATM+3,PUT,19550,2023-11-12
2023-11-12 19:10:00+05:30,171.1,171.45,170.3,170.45,30600,222650,13.680531,19523.75,19650.0,19700,ATM+3,PUT,19550,2023-11-12
2023-11-12 19:11:00+05:30,170.35,170.5,169.25,170.35,16550,186850,13.641922,19523.45,19650.0,19700,ATM+3,PUT,19550,2023-11-12
2023-11-12 19:12:00+05:30,170.35,170.4,167.0,167.0,21900,186850,13.191439,19523.45,19650.0,19700,ATM+3,PUT,19550,2023-11-12
2023-11-12 19:13:00+05:30,166.95,168.3,166.95,167.35,8900,186850,13.146801,19522.4,19650.0,19700,ATM+3,PUT,19550,2023-11-12
2023-11-12 19:14:00+05:30,167.3,168.0,163.7,166.5,36800,181700,13.023564,19522.3,19650.0,19700,ATM+3,PUT,19550,2023-11-12
2023-11-12 19:15:00+05:30,167.9,167.9,167.9,167.9,1000,181700,13.319948,19523.5,19650.0,19700,ATM+3,PUT,19550,2023-11-12
2023-11-12 18:15:00+05:30,16.25,22.2,12.9,17.0,1765500,4546450,8.619464,19519.4,19700.0,19750,ATM+4,CALL,19550,2023-11-12
2023-11-12 18:16:00+05:30,17.2,17.3,16.3,16.4,797250,4546450,8.387663,19522.9,19700.0,19750,ATM+4,CALL,19550,2023-11-12
2023-11-12 18:17:00+05:30,16.2,16.75,15.8,15.8,738300,4643150,8.426004,19518.4,19700.0,19750,ATM+4,CALL,19550,2023-11-12
2023-11-12 18:18:00+05:30,15.85,16.0,15.0,15.3,620950,4643150,8.205657,19522.1,19700.0,19750,ATM+4,CALL,19550,2023-11-12
2023-11-12 18:19:00+05:30,15.4,16.35,15.4,16.3,413550,4643150,8.371329,19522.9,19700.0,19750,ATM+4,CALL,19550,2023-11-12
2023-11-12 18:20:00+05:30,9.95,11.25,9.95,11.25,445850,3357050,8.687795,19529.35,19750.0,19750,ATM+4,CALL,19550,2023-11-12
2023-11-12 18:21:00+05:30,11.05,11.4,10.85,11.2,490600,3357050,8.535138,19534.0,19750.0,19750,ATM+4,CALL,19550,2023-11-12
2023-11-12 18:22:00+05:30,11.25,11.25,10.45,10.9,334400,3357050,8.413687,19535.7,19750.0,19750,ATM+4,CALL,19550,2023-11-12
2023-11-12 18:23:00+05:30,10.85,10.95,10.5,10.8,245250,3278050,8.336171,19537.5,19750.0,19750,ATM+4,CALL,19550,2023-11-12
2023-11-12 18:24:00+05:30,10.8,10.85,10.5,10.55,249900,3278050,8.365622,19534.6,19750.0,19750,ATM+4,CALL,19550,2023-11-12
2023-11-12 18:25:00+05:30,10.5,10.7,9.8,10.65,288100,3278050,8.434296,19533.15,19750.0,19750,ATM+4,CALL,19550,2023-11-12
2023-11-12 18:26:00+05:30,10.7,10.75,10.5,10.65,167450,3355550,8.306306,19537.4,19750.0,19750,ATM+4,CALL,19550,2023-11-12
2023-11-12 18:27:00+05:30,10.65,10.75,10.55,10.7,121350,3355550,8.192627,19541.55,19750.0,19750,ATM+4,CALL,19550,2023-11-12
2023-11-12 18:28:00+05:30,10.75,10.8,10.65,10.75,95600,3355550,8.15631,19543.15,19750.0,19750,ATM+4,CALL,19550,2023-11-12
2023-11-12 18:29:00+05:30,10.75,10.75,10.25,10.65,141100,3445250,8.213046,19540.55,19750.0,19750,ATM+4,CALL,19550,2023-11-12
2023-11-12 18:30:00+05:30,10.6,10.7,10.5,10.65,120200,3445250,8.283896,19538.25,19750.0,19750,ATM+4,CALL,19550,2023-11-12
2023-11-12 18:31:00+05:30,10.6,10.7,10.0,10.2,200750,3445250,8.438857,19529.55,19750.0,19750,ATM+4,CALL,19550,2023-11-12
2023-11-12 18:32:00+05:30,10.2,10.7,10.05,10.7,161800,3463350,8.429597,19533.9,19750.0,19750,ATM+4,CALL,19550,2023-11-12
2023-11-12 18:33:00+05:30,10.65,10.7,10.55,10.55,75750,3463350,8.385484,19534.2,19750.0,19750,ATM+4,CALL,19550,2023-11-12
2023-11-12 18:34:00+05:30,10.6,10.6,10.35,10.5,68200,3463350,8.395503,19533.5,19750.0,19750,ATM+4,CALL,19550,2023-11-12
2023-11-12 18:35:00+05:30,10.45,10.55,10.4,10.45,51450,3497850,8.420541,19532.3,19750.0,19750,ATM+4,CALL,19550,2023-11-12
2023-11-12 18:36:00+05:30,10.45,10.5,10.25,10.35,61900,3497850,8.446847,19530.65,19750.0,19750,ATM+4,CALL,19550,2023-11-12
2023-11-12 18:37:00+05:30,10.35,10.35,9.8,9.9,174100,3497850,8.492039,19525.45,19750.0,19750,ATM+4,CALL,19550,2023-11-12
2023-11-12 18:38:00+05:30,10.0,10.35,9.85,10.35,138600,3501950,8.564242,19526.8,19750.0,19750,ATM+4,CALL,19550,2023-11-12
2023-11-12 18:39:00+05:30,10.4,10.5,10.3,10.4,139500,3501950,8.389281,19533.05,19750.0,19750,ATM+4,CALL,19550,2023-11-12
2023-11-12 18:40:00+05:30,10.5,10.6,10.4,10.5,96450,3501950,8.374984,19534.35,19750.0,19750,ATM+4,CALL,19550,2023-11-12
2023-11-12 18:41:00+05:30,10.6,10.6,10.3,10.4,106450,3486050,8.344204,19534.6,19750.0,19750,ATM+4,CALL,19550,2023-11-12
2023-11-12 18:42:00+05:30,10.5,10.55,10.4,10.45,80350,3486050,8.317777,19535.9,19750.0,19750,ATM+4,CALL,19550,2023-11-12
2023-11-12 18:43:00+05:30,10.4,10.5,10.35,10.4,55800,3486050,8.294512,19536.3,19750.0,19750,ATM+4,CALL,19550,2023-11-12
2023-11-12 18:44:00+05:30,10.35,10.45,10.15,10.4,128750,3501850,8.301422,19536.1,19750.0,19750,ATM+4,CALL,19550,2023-11-12
2023-11-12 18:45:00+05:30,10.35,10.45,10.3,10.35,60050,3501850,8.311401,19535.4,19750.0,19750,ATM+4,CALL,19550,2023-11-12
2023-11-12 18:46:00+05:30,10.4,10.4,10.3,10.35,61200,3501850,8.327369,19534.9,19750.0,19750,ATM+4,CALL,19550,2023-11-12
2023-11-12 18:47:00+05:30,10.4,10.4,10.2,10.2,57500,3506300,8.27378,19535.5,19750.0,19750,ATM+4,CALL,19550,2023-11-12
2023-11-12 18:48:00+05:30,10.2,10.3,9.95,10.1,99500,3506300,8.281901,19534.45,19750.0,19750,ATM+4,CALL,19550,2023-11-12
2023-11-12 18:49:00+05:30,10.1,10.3,10.1,10.2,64450,3506300,8.40645,19531.15,19750.0,19750,ATM+4,CALL,19550,2023-11-12
2023-11-12 18:50:00+05:30,10.2,10.3,10.15,10.2,64900,3495600,8.411825,19531.0,19750.0,19750,ATM+4,CALL,19550,2023-11-12
2023-11-12 18:51:00+05:30,10.2,10.25,10.15,10.2,73250,3495600,8.46675,19529.2,19750.0,19750,ATM+4,CALL,19550,2023-11-12
2023-11-12 18:52:00+05:30,10.2,10.25,10.1,10.15,64000,3495600,8.450805,19529.35,19750.0,19750,ATM+4,CALL,19550,2023-11-12
2023-11-12 18:53:00+05:30,10.1,10.15,10.0,10.05,55900,3477150,8.471857,19527.85,19750.0,19750,ATM+4,CALL,19550,2023-11-12
2023-11-12 18:54:00+05:30,9.95,10.0,9.7,9.95,112850,3477150,8.385088,19529.95,19750.0,19750,ATM+4,CALL,19550,2023-11-12
2023-11-12 18:55:00+05:30,9.9,10.0,9.9,9.95,71900,3477150,8.379971,19530.15,19750.0,19750,ATM+4,CALL,19550,2023-11-12
2023-11-12 18:56:00+05:30,9.9,10.0,9.8,9.85,63500,3444650,8.467795,19526.4,19750.0,19750,ATM+4,CALL,19550,2023-11-12
2023-11-12 18:57:00+05:30,9.85,9.9,9.7,9.9,61550,3444650,8.472273,19526.7,19750.0,19750,ATM+4,CALL,19550,2023-11-12
2023-11-12 18:58:00+05:30,9.85,10.1,9.85,10.1,187300,3444650,8.464671,19528.65,19750.0,19750,ATM+4,CALL,19550,2023-11-12
2023-11-12 18:59:00+05:30,10.1,10.2,10.05,10.15,94550,3339950,8.483908,19528.45,19750.0,19750,ATM+4,CALL,19550,2023-11-12
2023-11-12 19:00:00+05:30,10.15,10.2,10.1,10.15,47400,3339950,8.436768,19530.05,19750.0,19750,ATM+4,CALL,19550,2023-11-12
2023-11-12 19:01:00+05:30,10.15,10.15,9.8,10.05,128050,3339950,8.448908,19528.85,19750.0,19750,ATM+4,CALL,19550,2023-11-12
2023-11-12 19:02:00+05:30,10.05,10.1,9.9,10.05,97300,3340150,8.428806,19529.55,19750.0,19750,ATM+4,CALL,19550,2023-11-12
2023-11-12 19:03:00+05:30,10.0,10.05,9.8,9.9,70500,3340150,8.452152,19527.55,19750.0,19750,ATM+4,CALL,19550,2023-11-12
2023-11-12 19:04:00+05:30,9.9,9.95,9.85,9.95,58550,3340150,8.45955,19527.75,19750.0,19750,ATM+4,CALL,19550,2023-11-12
2023-11-12 19:05:00+05:30,16.1,16.1,14.15,14.6,515550,5054950,8.479282,19510.95,19700.0,19750,ATM+4,CALL,19550,2023-11-12
2023-11-12 19:06:00+05:30,14.55,15.35,14.55,15.35,251450,5054950,8.268634,19521.75,19700.0,19750,ATM+4,CALL,19550,2023-11-12
2023-11-12 19:07:00+05:30,15.35,15.7,15.35,15.55,143900,5054950,8.277944,19522.65,19700.0,19750,ATM+4,CALL,19550,2023-11-12
2023-11-12 19:08:00+05:30,15.5,15.6,15.4,15.55,109050,4958300,8.273739,19522.8,19700.0,19750,ATM+4,CALL,19550,2023-11-12
2023-11-12 19:09:00+05:30,15.5,15.55,15.1,15.25,129900,4958300,8.251738,19521.75,19700.0,19750,ATM+4,CALL,19550,2023-11-12
2023-11-12 19:10:00+05:30,15.35,15.6,14.8,15.1,257800,4958300,8.155915,19523.75,19700.0,19750,ATM+4,CALL,19550,2023-11-12
2023-11-12 19:11:00+05:30,15.1,15.4,15.1,15.35,166450,4966900,8.215572,19523.45,19700.0,19750,ATM+4,CALL,19550,2023-11-12
2023-11-12 19:12:00+05:30,15.4,15.5,15.25,15.3,256300,4966900,8.206722,19523.45,19700.0,19750,ATM+4,CALL,19550,2023-11-12
2023-11-12 19:13:00+05:30,15.35,15.5,15.1,15.2,223300,4966900,8.223539,19522.4,19700.0,19750,ATM+4,CALL,19550,2023-11-12
2023-11-12 19:14:00+05:30,15.2,15.2,12.5,14.0,477950,4893650,7.99019,19522.3,19700.0,19750,ATM+4,CALL,19550,2023-11-12
2023-11-12 19:15:00+05:30,13.85,13.85,13.85,13.85,300,4893650,7.921068,19523.5,19700.0,19750,ATM+4,CALL,19550,2023-11-12
2023-11-12 18:15:00+05:30,300.7,303.4,283.05,283.9,7200,30900,19.487701,19519.4,19750.0,19800,ATM+5,PUT,19550,2023-11-12
2023-11-12 18:16:00+05:30,283.9,283.9,274.05,274.35,3150,30900,18.472642,19522.9,19750.0,19800,ATM+5,PUT,19550,2023-11-12
2023-11-12 18:17:00+05:30,275.0,275.0,269.2,269.55,3950,33350,17.302562,19518.4,19750.0,19800,ATM+5,PUT,19550,2023-11-12
2023-11-12 18:18:00+05:30,268.6,274.35,267.6,272.3,5850,33350,18.09659,19522.1,19750.0,19800,ATM+5,PUT,19550,2023-11-12
2023-11-12 18:19:00+05:30,272.35,272.35,267.45,267.6,2150,33350,17.49512,19522.9,19750.0,19800,ATM+5,PUT,19550,2023-11-12
2023-11-12 18:20:00+05:30,310.2,310.65,304.0,304.0,9850,235200,18.133752,19529.35,19800.0,19800,ATM+5,PUT,19550,2023-11-12
2023-11-12 18:21:00+05:30,304.0,304.0,296.7,297.0,10450,235200,17.586209,19534.0,19800.0,19800,ATM+5,PUT,19550,2023-11-12
2023-11-12 18:22:00+05:30,297.0,298.6,293.75,297.0,5200,235200,17.78596,19535.7,19800.0,19800,ATM+5,PUT,19550,2023-11-12
2023-11-12 18:23:00+05:30,296.95,297.7,295.0,295.0,4450,231400,17.685361,19537.5,19800.0,19800,ATM+5,PUT,19550,2023-11-12
2023-11-12 18:24:00+05:30,295.0,297.7,294.0,297.1,12350,231400,17.675641,19534.6,19800.0,19800,ATM+5,PUT,19550,2023-11-12
2023-11-12 18:25:00+05:30,297.1,303.0,297.1,299.55,4850,231400,17.889468,19533.15,19800.0,19800,ATM+5,PUT,19550,2023-11-12
2023-11-12 18:26:00+05:30,299.55,301.0,297.0,297.25,4200,229050,18.025116,19537.4,19800.0,19800,ATM+5,PUT,19550,2023-11-12
2023-11-12 18:27:00+05:30,297.25,299.0,297.0,297.8,900,229050,18.576835,19541.55,19800.0,19800,ATM+5,PUT,19550,2023-11-12
2023-11-12 18:28:00+05:30,297.8,298.2,296.7,297.85,4050,229050,18.761593,19543.15,19800.0,19800,ATM+5,PUT,19550,2023-11-12
2023-11-12 18:29:00+05:30,297.85,300.0,297.85,299.1,1150,230700,18.664962,19540.55,19800.0,19800,ATM+5,PUT,19550,2023-11-12
2023-11-12 18:30:00+05:30,299.1,300.2,298.8,299.4,55500,230700,18.455418,19538.25,19800.0,19800,ATM+5,PUT,19550,2023-11-12
2023-11-12 18:31:00+05:30,299.4,304.3,299.4,303.0,7800,230700,18.013984,19529.55,19800.0,19800,ATM+5,PUT,19550,2023-11-12
2023-11-12 18:32:00+05:30,303.0,304.55,300.0,300.15,3850,231300,18.077834,19533.9,19800.0,19800,ATM+5,PUT,19550,2023-11-12
2023-11-12 18:33:00+05:30,300.15,303.0,300.15,302.35,6000,231300,18.452562,19534.2,19800.0,19800,ATM+5,PUT,19550,2023-11-12
2023-11-12 18:34:00+05:30,302.35,303.1,301.65,302.9,700,231300,18.458586,19533.5,19800.0,19800,ATM+5,PUT,19550,2023-11-12
2023-11-12 18:35:00+05:30,302.9,302.9,301.3,302.6,1000,233850,18.276127,19532.3,19800.0,19800,ATM+5,PUT,19550,2023-11-12
2023-11-12 18:36:00+05:30,302.6,303.55,301.8,303.4,600,233850,18.210603,19530.65,19800.0,19800,ATM+5,PUT,19550,2023-11-12
2023-11-12 18:37:00+05:30,303.4,306.25,303.4,306.25,3750,233850,18.047395,19525.45,19800.0,19800,ATM+5,PUT,19550,2023-11-12
2023-11-12 18:38:00+05:30,306.35,306.95,303.15,303.15,3050,230150,17.719442,19526.8,19800.0,19800,ATM+5,PUT,19550,2023-11-12
2023-11-12 18:39:00+05:30,303.15,303.15,298.0,298.0,4100,230150,17.651464,19533.05,19800.0,19800,ATM+5,PUT,19550,2023-11-12
2023-11-12 18:40:00+05:30,298.0,299.2,298.0,299.2,500,230150,17.991989,19534.35,19800.0,19800,ATM+5,PUT,19550,2023-11-12
2023-11-12 18:41:00+05:30,299.2,301.4,298.7,301.4,350,229350,18.361913,19534.6,19800.0,19800,ATM+5,PUT,19550,2023-11-12
2023-11-12 18:42:00+05:30,301.4,301.4,300.0,300.0,3900,229350,18.296069,19535.9,19800.0,19800,ATM+5,PUT,19550,2023-11-12
2023-11-12 18:43:00+05:30,300.0,300.0,298.1,299.0,450,229350,18.189056,19536.3,19800.0,19800,ATM+5,PUT,19550,2023-11-12
2023-11-12 18:44:00+05:30,299.0,300.05,299.0,300.05,1300,229050,18.328952,19536.1,19800.0,19800,ATM+5,PUT,19550,2023-11-12
2023-11-12 18:45:00+05:30,300.05,300.05,298.85,298.85,550,229050,18.064972,19535.4,19800.0,19800,ATM+5,PUT,19550,2023-11-12
2023-11-12 18:46:00+05:30,299.3,300.3,299.3,299.95,1500,229050,18.178744,19534.9,19800.0,19800,ATM+5,PUT,19550,2023-11-12
2023-11-12 18:47:00+05:30,299.95,300.35,299.5,300.35,1300,231050,18.310343,19535.5,19800.0,19800,ATM+5,PUT,19550,2023-11-12
2023-11-12 18:48:00+05:30,300.35,302.8,300.2,300.2,1650,231050,18.168028,19534.45,19800.0,19800,ATM+5,PUT,19550,2023-11-12
2023-11-12 18:49:00+05:30,300.2,302.55,300.2,302.55,950,231050,18.151964,19531.15,19800.0,19800,ATM+5,PUT,19550,2023-11-12
2023-11-12 18:50:00+05:30,302.55,303.0,301.3,302.55,2100,229600,18.13568,19531.0,19800.0,19800,ATM+5,PUT,19550,2023-11-12
2023-11-12 18:51:00+05:30,302.55,302.55,299.45,300.2,1450,229600,17.55395,19529.2,19800.0,19800,ATM+5,PUT,19550,2023-11-12
2023-11-12 18:52:00+05:30,300.2,300.85,300.2,300.85,100,229600,17.676177,19529.35,19800.0,19800,ATM+5,PUT,19550,2023-11-12
2023-11-12 18:53:00+05:30,300.85,302.3,300.85,302.05,1400,228200,17.687903,19527.85,19800.0,19800,ATM+5,PUT,19550,2023-11-12
2023-11-12 18:54:00+05:30,302.05,303.0,300.75,300.75,1000,228200,17.734219,19529.95,19800.0,19800,ATM+5,PUT,19550,2023-11-12
2023-11-12 18:55:00+05:30,300.75,301.4,300.75,301.4,250,228200,17.861594,19530.15,19800.0,19800,ATM+5,PUT,19550,2023-11-12
2023-11-12 18:56:00+05:30,301.4,302.15,301.4,302.0,2150,227500,17.508051,19526.4,19800.0,19800,ATM+5,PUT,19550,2023-11-12
2023-11-12 18:57:00+05:30,302.0,302.95,301.4,301.4,800,227500,17.449546,19526.7,19800.0,19800,ATM+5,PUT,19550,2023-11-12
2023-11-12 18:58:00+05:30,301.4,301.4,294.9,295.35,4700,227500,16.712649,19528.65,19800.0,19800,ATM+5,PUT,19550,2023-11-12
2023-11-12 18:59:00+05:30,295.35,298.0,295.35,297.5,1450,228250,17.038372,19528.45,19800.0,19800,ATM+5,PUT,19550,2023-11-12
2023-11-12 19:00:00+05:30,297.5,297.5,296.5,297.0,1250,228250,17.155582,19530.05,19800.0,19800,ATM+5,PUT,19550,2023-11-12
2023-11-12 19:01:00+05:30,297.0,299.9,297.0,298.95,2000,228250,17.323173,19528.85,19800.0,19800,ATM+5,PUT,19550,2023-11-12
2023-11-12 19:02:00+05:30,298.95,299.85,298.15,298.15,900,227750,17.281306,19529.55,19800.0,19800,ATM+5,PUT,19550,2023-11-12
2023-11-12 19:03:00+05:30,298.15,300.0,298.0,300.0,850,227750,17.335203,19527.55,19800.0,19800,ATM+5,PUT,19550,2023-11-12
2023-11-12 19:04:00+05:30,300.0,300.0,298.8,298.95,1700,227750,17.191709,19527.75,19800.0,19800,ATM+5,PUT,19550,2023-11-12
2023-11-12 19:05:00+05:30,252.3,257.5,252.3,257.5,4400,43300,14.620942,19510.95,19750.0,19800,ATM+5,PUT,19550,2023-11-12
2023-11-12 19:06:00+05:30,257.5,257.5,255.25,256.15,2100,43300,15.700339,19521.75,19750.0,19800,ATM+5,PUT,19550,2023-11-12
2023-11-12 19:07:00+05:30,256.15,256.15,253.5,253.5,300,43300,15.394815,19522.65,19750.0,19800,ATM+5,PUT,19550,2023-11-12
2023-11-12 19:08:00+05:30,253.5,255.35,253.5,254.5,1100,41500,15.567865,19522.8,19750.0,19800,ATM+5,PUT,19550,2023-11-12
2023-11-12 19:09:00+05:30,254.5,256.65,254.5,256.6,3000,41500,15.772626,19521.75,19750.0,19800,ATM+5,PUT,19550,2023-11-12
2023-11-12 19:10:00+05:30,256.6,256.6,255.35,256.1,500,41500,15.92338,19523.75,19750.0,19800,ATM+5,PUT,19550,2023-11-12
2023-11-12 19:11:00+05:30,255.9,255.9,254.35,255.0,900,41450,15.721988,19523.45,19750.0,19800,ATM+5,PUT,19550,2023-11-12
2023-11-12 19:12:00+05:30,255.0,255.35,252.35,252.35,2250,41450,15.313493,19523.45,19750.0,19800,ATM+5,PUT,19550,2023-11-12
2023-11-12 19:13:00+05:30,252.35,253.5,252.35,252.8,650,41450,15.26253,19522.4,19750.0,19800,ATM+5,PUT,19550,2023-11-12
2023-11-12 19:14:00+05:30,252.05,255.2,251.55,251.55,7050,42450,15.056051,19522.3,19750.0,19800,ATM+5,PUT,19550,2023-11-12
2023-11-12 18:15:00+05:30,7.35,13.75,7.35,10.8,1236450,2881350,8.875885,19519.4,19750.0,19800,ATM+5,CALL,19550,2023-11-12
2023-11-12 18:16:00+05:30,10.95,11.0,9.9,9.9,991800,2881350,8.549387,19522.9,19750.0,19800,ATM+5,CALL,19550,2023-11-12
2023-11-12 18:17:00+05:30,9.9,10.25,9.45,9.45,663400,3336100,8.568013,19518.4,19750.0,19800,ATM+5,CALL,19550,2023-11-12
2023-11-12 18:18:00+05:30,9.5,9.65,9.1,9.25,487600,3336100,8.408745,19522.1,19750.0,19800,ATM+5,CALL,19550,2023-11-12
2023-11-12 18:19:00+05:30,9.35,10.0,9.35,10.0,300100,3336100,8.577114,19522.9,19750.0,19800,ATM+5,CALL,19550,2023-11-12
2023-11-12 18:20:00+05:30,6.65,7.45,6.65,7.45,587600,5452400,9.087571,19529.35,19800.0,19800,ATM+5,CALL,19550,2023-11-12
2023-11-12 18:21:00+05:30,7.4,7.6,7.15,7.3,655200,5452400,8.914638,19534.0,19800.0,19800,ATM+5,CALL,19550,2023-11-12
2023-11-12 18:22:00+05:30,7.35,7.35,6.8,7.05,613300,5452400,8.791084,19535.7,19800.0,19800,ATM+5,CALL,19550,2023-11-12
2023-11-12 18:23:00+05:30,7.1,7.1,6.85,7.0,426350,5598150,8.727195,19537.5,19800.0,19800,ATM+5,CALL,19550,2023-11-12
2023-11-12 18:24:00+05:30,7.05,7.1,6.8,6.8,475400,5598150,8.743474,19534.6,19800.0,19800,ATM+5,CALL,19550,2023-11-12
2023-11-12 18:25:00+05:30,6.8,6.9,6.4,6.9,515150,5598150,8.815632,19533.15,19800.0,19800,ATM+5,CALL,19550,2023-11-12
2023-11-12 18:26:00+05:30,6.95,6.95,6.8,6.85,219250,5616400,8.685201,19537.4,19800.0,19800,ATM+5,CALL,19550,2023-11-12
2023-11-12 18:27:00+05:30,6.9,7.0,6.85,6.95,246950,5616400,8.604531,19541.55,19800.0,19800,ATM+5,CALL,19550,2023-11-12
2023-11-12 18:28:00+05:30,6.95,7.0,6.9,6.95,258750,5616400,8.561686,19543.15,19800.0,19800,ATM+5,CALL,19550,2023-11-12
2023-11-12 18:29:00+05:30,6.9,6.9,6.6,6.9,321900,5723300,8.617884,19540.55,19800.0,19800,ATM+5,CALL,19550,2023-11-12
2023-11-12 18:30:00+05:30,6.85,6.95,6.8,6.95,175150,5723300,8.697195,19538.25,19800.0,19800,ATM+5,CALL,19550,2023-11-12
2023-11-12 18:31:00+05:30,6.9,6.9,6.55,6.7,422100,5723300,8.85389,19529.55,19800.0,19800,ATM+5,CALL,19550,2023-11-12
2023-11-12 18:32:00+05:30,6.7,6.95,6.55,6.95,440700,5752450,8.817404,19533.9,19800.0,19800,ATM+5,CALL,19550,2023-11-12
2023-11-12 18:33:00+05:30,6.9,6.95,6.85,6.9,142150,5752450,8.794237,19534.2,19800.0,19800,ATM+5,CALL,19550,2023-11-12
2023-11-12 18:34:00+05:30,6.9,6.9,6.75,6.8,111050,5752450,8.782133,19533.5,19800.0,19800,ATM+5,CALL,19550,2023-11-12
2023-11-12 18:35:00+05:30,6.8,6.9,6.8,6.8,120100,5760300,8.815532,19532.3,19800.0,19800,ATM+5,CALL,19550,2023-11-12
2023-11-12 18:36:00+05:30,6.85,6.85,6.7,6.7,140500,5760300,8.828672,19530.65,19800.0,19800,ATM+5,CALL,19550,2023-11-12
2023-11-12 18:37:00+05:30,6.7,6.75,6.5,6.55,358550,5760300,8.920184,19525.45,19800.0,19800,ATM+5,CALL,19550,2023-11-12
2023-11-12 18:38:00+05:30,6.65,6.75,6.45,6.75,275200,5759150,8.95066,19526.8,19800.0,19800,ATM+5,CALL,19550,2023-11-12
2023-11-12 18:39:00+05:30,6.75,6.8,6.65,6.75,222000,5759150,8.782663,19533.05,19800.0,19800,ATM+5,CALL,19550,2023-11-12
2023-11-12 18:40:00+05:30,6.7,6.85,6.7,6.8,179350,5759150,8.764412,19534.35,19800.0,19800,ATM+5,CALL,19550,2023-11-12
2023-11-12 18:41:00+05:30,6.8,6.85,6.65,6.75,288000,5741200,8.742451,19534.6,19800.0,19800,ATM+5,CALL,19550,2023-11-12
2023-11-12 18:42:00+05:30,6.75,6.8,6.65,6.7,202900,5741200,8.692006,19535.9,19800.0,19800,ATM+5,CALL,19550,2023-11-12
2023-11-12 18:43:00+05:30,6.75,6.75,6.65,6.7,131300,5741200,8.682048,19536.3,19800.0,19800,ATM+5,CALL,19550,2023-11-12
2023-11-12 18:44:00+05:30,6.65,6.7,6.55,6.7,205800,5691750,8.688348,19536.1,19800.0,19800,ATM+5,CALL,19550,2023-11-12
2023-11-12 18:45:00+05:30,6.7,6.75,6.6,6.65,150650,5691750,8.692039,19535.4,19800.0,19800,ATM+5,CALL,19550,2023-11-12
2023-11-12 18:46:00+05:30,6.7,6.7,6.6,6.65,121900,5691750,8.706449,19534.9,19800.0,19800,ATM+5,CALL,19550,2023-11-12
2023-11-12 18:47:00+05:30,6.7,6.7,6.55,6.6,129550,5694800,8.674877,19535.5,19800.0,19800,ATM+5,CALL,19550,2023-11-12
2023-11-12 18:48:00+05:30,6.6,6.65,6.4,6.6,234050,5694800,8.704137,19534.45,19800.0,19800,ATM+5,CALL,19550,2023-11-12
2023-11-12 18:49:00+05:30,6.55,6.7,6.55,6.7,135300,5694800,8.82677,19531.15,19800.0,19800,ATM+5,CALL,19550,2023-11-12
2023-11-12 18:50:00+05:30,6.65,6.7,6.6,6.6,124350,5683700,8.799046,19531.0,19800.0,19800,ATM+5,CALL,19550,2023-11-12
2023-11-12 18:51:00+05:30,6.6,6.65,6.5,6.55,193000,5683700,8.83198,19529.2,19800.0,19800,ATM+5,CALL,19550,2023-11-12
2023-11-12 18:52:00+05:30,6.55,6.6,6.5,6.55,84500,5683700,8.828836,19529.35,19800.0,19800,ATM+5,CALL,19550,2023-11-12
2023-11-12 18:53:00+05:30,6.5,6.55,6.45,6.5,91200,5751450,8.853502,19527.85,19800.0,19800,ATM+5,CALL,19550,2023-11-12
2023-11-12 18:54:00+05:30,6.45,6.45,6.25,6.4,335650,5751450,8.764706,19529.95,19800.0,19800,ATM+5,CALL,19550,2023-11-12
2023-11-12 18:55:00+05:30,6.4,6.45,6.4,6.45,78050,5751450,8.77687,19530.15,19800.0,19800,ATM+5,CALL,19550,2023-11-12
2023-11-12 18:56:00+05:30,6.4,6.45,6.25,6.35,111800,5736750,8.844837,19526.4,19800.0,19800,ATM+5,CALL,19550,2023-11-12
2023-11-12 18:57:00+05:30,6.4,6.4,6.3,6.35,110450,5736750,8.837705,19526.7,19800.0,19800,ATM+5,CALL,19550,2023-11-12
2023-11-12 18:58:00+05:30,6.35,6.45,6.35,6.45,144300,5736750,8.819843,19528.65,19800.0,19800,ATM+5,CALL,19550,2023-11-12
2023-11-12 18:59:00+05:30,6.45,6.6,6.45,6.55,142400,5678400,8.859334,19528.45,19800.0,19800,ATM+5,CALL,19550,2023-11-12
2023-11-12 19:00:00+05:30,6.6,6.65,6.55,6.6,103950,5678400,8.833607,19530.05,19800.0,19800,ATM+5,CALL,19550,2023-11-12
2023-11-12 19:01:00+05:30,6.6,6.6,6.4,6.6,174700,5678400,8.866871,19528.85,19800.0,19800,ATM+5,CALL,19550,2023-11-12
2023-11-12 19:02:00+05:30,6.55,6.6,6.5,6.55,153650,5671550,8.832398,19529.55,19800.0,19800,ATM+5,CALL,19550,2023-11-12
2023-11-12 19:03:00+05:30,6.5,6.5,6.35,6.45,184500,5671550,8.853861,19527.55,19800.0,19800,ATM+5,CALL,19550,2023-11-12
2023-11-12 19:04:00+05:30,6.45,6.55,6.4,6.55,119600,5671550,8.882675,19527.75,19800.0,19800,ATM+5,CALL,19550,2023-11-12
2023-11-12 19:05:00+05:30,9.95,10.0,8.65,8.95,385450,3297550,8.695287,19510.95,19750.0,19800,ATM+5,CALL,19550,2023-11-12
2023-11-12 19:06:00+05:30,8.95,9.4,8.95,9.4,125700,3297550,8.49953,19521.75,19750.0,19800,ATM+5,CALL,19550,2023-11-12
2023-11-12 19:07:00+05:30,9.45,9.6,9.4,9.5,109850,3297550,8.49966,19522.65,19750.0,19800,ATM+5,CALL,19550,2023-11-12
2023-11-12 19:08:00+05:30,9.5,9.55,9.45,9.5,120600,3266600,8.496104,19522.8,19750.0,19800,ATM+5,CALL,19550,2023-11-12
2023-11-12 19:09:00+05:30,9.5,9.55,9.25,9.45,124950,3266600,8.515089,19521.75,19750.0,19800,ATM+5,CALL,19550,2023-11-12
2023-11-12 19:10:00+05:30,9.45,9.65,9.05,9.2,334000,3266600,8.392232,19523.75,19750.0,19800,ATM+5,CALL,19550,2023-11-12
2023-11-12 19:11:00+05:30,9.25,9.6,9.2,9.45,137750,3212100,8.466658,19523.45,19750.0,19800,ATM+5,CALL,19550,2023-11-12
2023-11-12 19:12:00+05:30,9.45,9.55,9.25,9.25,163500,3212100,8.415796,19523.45,19750.0,19800,ATM+5,CALL,19550,2023-11-12
2023-11-12 19:13:00+05:30,9.3,9.4,9.05,9.2,125550,3212100,8.434527,19522.4,19750.0,19800,ATM+5,CALL,19550,2023-11-12
2023-11-12 19:14:00+05:30,9.2,9.2,7.3,7.7,446250,3363800,8.031802,19522.3,19750.0,19800,ATM+5,CALL,19550,2023-11-12
2023-11-12 19:15:00+05:30,7.7,7.7,7.7,7.7,150,3363800,7.99838,19523.5,19750.0,19800,ATM+5,CALL,19550,2023-11-12
2023-11-12 18:15:00+05:30,4.75,8.0,4.75,7.3,1686750,4376100,9.307156,19519.4,19800.0,19850,ATM+6,CALL,19550,2023-11-12
2023-11-12 18:16:00+05:30,7.45,7.45,6.6,6.6,1403350,4376100,8.986203,19522.9,19800.0,19850,ATM+6,CALL,19550,2023-11-12
2023-11-12 18:17:00+05:30,6.6,6.8,6.25,6.3,748150,5207650,9.005839,19518.4,19800.0,19850,ATM+6,CALL,19550,2023-11-12
2023-11-12 18:18:00+05:30,6.3,6.35,6.0,6.15,565200,5207650,8.857214,19522.1,19800.0,19850,ATM+6,CALL,19550,2023-11-12
2023-11-12 18:19:00+05:30,6.2,6.7,6.2,6.7,686550,5207650,9.021999,19522.9,19800.0,19850,ATM+6,CALL,19550,2023-11-12
2023-11-12 18:20:00+05:30,4.3,4.75,4.3,4.75,278150,2319150,9.398153,19529.35,19850.0,19850,ATM+6,CALL,19550,2023-11-12
2023-11-12 18:21:00+05:30,4.7,4.8,4.55,4.65,344150,2319150,9.240932,19534.0,19850.0,19850,ATM+6,CALL,19550,2023-11-12
2023-11-12 18:22:00+05:30,4.65,4.65,4.3,4.4,340050,2319150,9.092017,19535.7,19850.0,19850,ATM+6,CALL,19550,2023-11-12
2023-11-12 18:23:00+05:30,4.45,4.5,4.3,4.4,164900,2386350,9.048459,19537.5,19850.0,19850,ATM+6,CALL,19550,2023-11-12
2023-11-12 18:24:00+05:30,4.4,4.5,4.3,4.3,265450,2386350,9.07696,19534.6,19850.0,19850,ATM+6,CALL,19550,2023-11-12
2023-11-12 18:25:00+05:30,4.35,4.4,4.1,4.35,191050,2386350,9.135668,19533.15,19850.0,19850,ATM+6,CALL,19550,2023-11-12
2023-11-12 18:26:00+05:30,4.4,4.4,4.3,4.3,103000,2384650,9.009831,19537.4,19850.0,19850,ATM+6,CALL,19550,2023-11-12
2023-11-12 18:27:00+05:30,4.3,4.4,4.3,4.4,112750,2384650,8.951862,19541.55,19850.0,19850,ATM+6,CALL,19550,2023-11-12
2023-11-12 18:28:00+05:30,4.35,4.4,4.3,4.4,81000,2384650,8.913116,19543.15,19850.0,19850,ATM+6,CALL,19550,2023-11-12
2023-11-12 18:29:00+05:30,4.4,4.45,4.2,4.45,132200,2438350,8.999995,19540.55,19850.0,19850,ATM+6,CALL,19550,2023-11-12
2023-11-12 18:30:00+05:30,4.4,4.45,4.35,4.45,69400,2438350,9.057903,19538.25,19850.0,19850,ATM+6,CALL,19550,2023-11-12
2023-11-12 18:31:00+05:30,4.45,4.45,4.2,4.35,146350,2438350,9.22977,19529.55,19850.0,19850,ATM+6,CALL,19550,2023-11-12
2023-11-12 18:32:00+05:30,4.3,4.4,4.25,4.35,184100,2445400,9.123552,19533.9,19850.0,19850,ATM+6,CALL,19550,2023-11-12
2023-11-12 18:33:00+05:30,4.35,4.4,4.35,4.35,40350,2445400,9.117064,19534.2,19850.0,19850,ATM+6,CALL,19550,2023-11-12
2023-11-12 18:34:00+05:30,4.35,4.4,4.3,4.3,92050,2445400,9.113086,19533.5,19850.0,19850,ATM+6,CALL,19550,2023-11-12
2023-11-12 18:35:00+05:30,4.3,4.35,4.3,4.35,51250,2465050,9.16572,19532.3,19850.0,19850,ATM+6,CALL,19550,2023-11-12
2023-11-12 18:36:00+05:30,4.35,4.4,4.25,4.3,120050,2465050,9.185015,19530.65,19850.0,19850,ATM+6,CALL,19550,2023-11-12
2023-11-12 18:37:00+05:30,4.3,4.3,4.15,4.15,102050,2465050,9.245356,19525.45,19850.0,19850,ATM+6,CALL,19550,2023-11-12
2023-11-12 18:38:00+05:30,4.2,4.25,4.05,4.2,187250,2474450,9.236165,19526.8,19850.0,19850,ATM+6,CALL,19550,2023-11-12
2023-11-12 18:39:00+05:30,4.2,4.25,4.15,4.25,98150,2474450,9.106396,19533.05,19850.0,19850,ATM+6,CALL,19550,2023-11-12
2023-11-12 18:40:00+05:30,4.25,4.3,4.2,4.3,64850,2474450,9.097606,19534.35,19850.0,19850,ATM+6,CALL,19550,2023-11-12
2023-11-12 18:41:00+05:30,4.3,4.3,4.15,4.25,95250,2428150,9.070101,19534.6,19850.0,19850,ATM+6,CALL,19550,2023-11-12
2023-11-12 18:42:00+05:30,4.25,4.25,4.2,4.2,54450,2428150,9.016676,19535.9,19850.0,19850,ATM+6,CALL,19550,2023-11-12
2023-11-12 18:43:00+05:30,4.2,4.25,4.15,4.2,37350,2428150,9.007746,19536.3,19850.0,19850,ATM+6,CALL,19550,2023-11-12
2023-11-12 18:44:00+05:30,4.2,4.2,4.1,4.2,63700,2450200,9.013562,19536.1,19850.0,19850,ATM+6,CALL,19550,2023-11-12
2023-11-12 18:45:00+05:30,4.2,4.2,4.15,4.2,16650,2450200,9.031666,19535.4,19850.0,19850,ATM+6,CALL,19550,2023-11-12
2023-11-12 18:46:00+05:30,4.15,4.2,4.15,4.15,17550,2450200,9.022318,19534.9,19850.0,19850,ATM+6,CALL,19550,2023-11-12
2023-11-12 18:47:00+05:30,4.15,4.2,4.15,4.15,31750,2459150,9.0085,19535.5,19850.0,19850,ATM+6,CALL,19550,2023-11-12
2023-11-12 18:48:00+05:30,4.15,4.2,4.1,4.15,83350,2459150,9.03516,19534.45,19850.0,19850,ATM+6,CALL,19550,2023-11-12
2023-11-12 18:49:00+05:30,4.15,4.25,4.15,4.2,32150,2459150,9.139653,19531.15,19850.0,19850,ATM+6,CALL,19550,2023-11-12
2023-11-12 18:50:00+05:30,4.2,4.25,4.2,4.2,71200,2474800,9.144247,19531.0,19850.0,19850,ATM+6,CALL,19550,2023-11-12
2023-11-12 18:51:00+05:30,4.2,4.25,4.15,4.15,75950,2474800,9.166529,19529.2,19850.0,19850,ATM+6,CALL,19550,2023-11-12
2023-11-12 18:52:00+05:30,4.2,4.2,4.1,4.15,45300,2474800,9.163772,19529.35,19850.0,19850,ATM+6,CALL,19550,2023-11-12
2023-11-12 18:53:00+05:30,4.1,4.15,4.1,4.1,44400,2480500,9.178408,19527.85,19850.0,19850,ATM+6,CALL,19550,2023-11-12
2023-11-12 18:54:00+05:30,4.1,4.1,3.95,4.05,141950,2480500,9.104937,19529.95,19850.0,19850,ATM+6,CALL,19550,2023-11-12
2023-11-12 18:55:00+05:30,4.05,4.05,4.0,4.05,21150,2480500,9.100964,19530.15,19850.0,19850,ATM+6,CALL,19550,2023-11-12
2023-11-12 18:56:00+05:30,4.05,4.05,4.0,4.05,47850,2488350,9.193362,19526.4,19850.0,19850,ATM+6,CALL,19550,2023-11-12
2023-11-12 18:57:00+05:30,4.0,4.05,4.0,4.0,58200,2488350,9.163603,19526.7,19850.0,19850,ATM+6,CALL,19550,2023-11-12
2023-11-12 18:58:00+05:30,4.0,4.05,4.0,4.05,47650,2488350,9.140312,19528.65,19850.0,19850,ATM+6,CALL,19550,2023-11-12
2023-11-12 18:59:00+05:30,4.05,4.1,4.0,4.1,218450,2490250,9.169243,19528.45,19850.0,19850,ATM+6,CALL,19550,2023-11-12
2023-11-12 19:00:00+05:30,4.1,4.15,4.05,4.1,75600,2490250,9.131028,19530.05,19850.0,19850,ATM+6,CALL,19550,2023-11-12
2023-11-12 19:01:00+05:30,4.1,4.15,4.05,4.1,44400,2490250,9.161295,19528.85,19850.0,19850,ATM+6,CALL,19550,2023-11-12
2023-11-12 19:02:00+05:30,4.15,4.15,4.05,4.05,38500,2524500,9.121992,19529.55,19850.0,19850,ATM+6,CALL,19550,2023-11-12
2023-11-12 19:03:00+05:30,4.05,4.1,4.0,4.0,31100,2524500,9.148394,19527.55,19850.0,19850,ATM+6,CALL,19550,2023-11-12
2023-11-12 19:04:00+05:30,4.05,4.05,4.0,4.05,31250,2524500,9.167769,19527.75,19850.0,19850,ATM+6,CALL,19550,2023-11-12
2023-11-12 19:05:00+05:30,6.5,6.55,5.6,5.85,599700,5742800,9.087534,19510.95,19800.0,19850,ATM+6,CALL,19550,2023-11-12
2023-11-12 19:06:00+05:30,5.9,6.05,5.85,6.05,226250,5742800,8.874759,19521.75,19800.0,19850,ATM+6,CALL,19550,2023-11-12
2023-11-12 19:07:00+05:30,6.05,6.2,6.05,6.2,175600,5742800,8.903709,19522.65,19800.0,19850,ATM+6,CALL,19550,2023-11-12
2023-11-12 19:08:00+05:30,6.15,6.25,6.15,6.25,105500,5648950,8.917783,19522.8,19800.0,19850,ATM+6,CALL,19550,2023-11-12
2023-11-12 19:09:00+05:30,6.25,6.3,6.15,6.25,197950,5648950,8.946677,19521.75,19800.0,19850,ATM+6,CALL,19550,2023-11-12
2023-11-12 19:10:00+05:30,6.25,6.35,5.8,6.0,506600,5648950,8.807873,19523.75,19800.0,19850,ATM+6,CALL,19550,2023-11-12
2023-11-12 19:11:00+05:30,6.0,6.15,5.9,6.15,168900,5537450,8.868788,19523.45,19800.0,19850,ATM+6,CALL,19550,2023-11-12
2023-11-12 19:12:00+05:30,6.1,6.15,6.0,6.05,152200,5537450,8.835042,19523.45,19800.0,19850,ATM+6,CALL,19550,2023-11-12
2023-11-12 19:13:00+05:30,6.1,6.1,5.8,5.9,185750,5537450,8.811198,19522.4,19800.0,19850,ATM+6,CALL,19550,2023-11-12
2023-11-12 19:14:00+05:30,5.9,5.95,4.8,5.2,391600,5561100,8.559861,19522.3,19800.0,19850,ATM+6,CALL,19550,2023-11-12
2023-11-12 19:15:00+05:30,5.25,5.25,5.25,5.25,11300,5561100,8.548311,19523.5,19800.0,19850,ATM+6,CALL,19550,2023-11-12
2023-11-12 18:15:00+05:30,368.0,395.3,353.3,376.0,2650,14300,22.30691,19519.4,19850.0,19900,ATM+7,PUT,19550,2023-11-12
2023-11-12 18:16:00+05:30,376.0,376.0,371.15,371.15,200,14300,21.96084,19522.9,19850.0,19900,ATM+7,PUT,19550,2023-11-12
2023-11-12 18:17:00+05:30,371.15,371.15,364.0,364.0,600,15650,20.270162,19518.4,19850.0,19900,ATM+7,PUT,19550,2023-11-12
2023-11-12 18:18:00+05:30,364.0,366.85,364.0,366.85,100,15650,21.190128,19522.1,19850.0,19900,ATM+7,PUT,19550,2023-11-12
2023-11-12 18:20:00+05:30,408.85,408.85,399.95,399.95,800,58950,21.147871,19529.35,19900.0,19900,ATM+7,PUT,19550,2023-11-12
2023-11-12 18:21:00+05:30,399.95,399.95,392.0,392.45,950,58950,20.488949,19534.0,19900.0,19900,ATM+7,PUT,19550,2023-11-12
2023-11-12 18:22:00+05:30,392.45,392.45,391.0,391.4,100,58950,20.541762,19535.7,19900.0,19900,ATM+7,PUT,19550,2023-11-12
2023-11-12 18:23:00+05:30,391.4,393.05,391.4,392.05,600,59000,20.898456,19537.5,19900.0,19900,ATM+7,PUT,19550,2023-11-12
2023-11-12 18:24:00+05:30,392.05,394.85,389.8,393.0,3750,59000,20.670527,19534.6,19900.0,19900,ATM+7,PUT,19550,2023-11-12
2023-11-12 18:26:00+05:30,393.0,397.0,392.4,392.4,600,58450,20.94878,19537.4,19900.0,19900,ATM+7,PUT,19550,2023-11-12
2023-11-12 18:27:00+05:30,392.4,395.85,392.4,395.85,900,58450,22.065046,19541.55,19900.0,19900,ATM+7,PUT,19550,2023-11-12
2023-11-12 18:28:00+05:30,395.85,395.85,392.2,392.8,100,58450,21.768434,19543.15,19900.0,19900,ATM+7,PUT,19550,2023-11-12
2023-11-12 18:29:00+05:30,392.8,396.4,392.8,395.4,600,58400,21.867106,19540.55,19900.0,19900,ATM+7,PUT,19550,2023-11-12
2023-11-12 18:30:00+05:30,395.4,397.0,395.4,396.4,650,58400,21.738965,19538.25,19900.0,19900,ATM+7,PUT,19550,2023-11-12
2023-11-12 18:31:00+05:30,396.4,399.4,395.75,398.4,1900,58400,20.922829,19529.55,19900.0,19900,ATM+7,PUT,19550,2023-11-12
2023-11-12 18:32:00+05:30,398.4,401.6,396.0,396.0,1250,58500,21.10172,19533.9,19900.0,19900,ATM+7,PUT,19550,2023-11-12
2023-11-12 18:33:00+05:30,396.0,397.2,396.0,397.2,950,58500,21.347317,19534.2,19900.0,19900,ATM+7,PUT,19550,2023-11-12
2023-11-12 18:35:00+05:30,397.2,398.35,396.9,398.35,750,58700,21.292226,19532.3,19900.0,19900,ATM+7,PUT,19550,2023-11-12
2023-11-12 18:36:00+05:30,398.35,398.45,398.35,398.45,900,58700,21.088326,19530.65,19900.0,19900,ATM+7,PUT,19550,2023-11-12
2023-11-12 18:37:00+05:30,398.45,400.35,398.45,398.95,200,58700,20.455174,19525.45,19900.0,19900,ATM+7,PUT,19550,2023-11-12
2023-11-12 18:39:00+05:30,398.95,398.95,395.0,395.0,150,58650,20.824392,19533.05,19900.0,19900,ATM+7,PUT,19550,2023-11-12
2023-11-12 18:40:00+05:30,395.0,396.95,393.1,396.95,1700,58650,21.334716,19534.35,19900.0,19900,ATM+7,PUT,19550,2023-11-12
2023-11-12 18:41:00+05:30,396.95,396.95,396.95,396.95,50,58650,21.369337,19534.6,19900.0,19900,ATM+7,PUT,19550,2023-11-12
2023-11-12 18:43:00+05:30,396.95,396.95,394.05,395.3,150,58650,21.318171,19536.3,19900.0,19900,ATM+7,PUT,19550,2023-11-12
2023-11-12 18:44:00+05:30,395.3,395.4,395.0,395.4,150,58750,21.310005,19536.1,19900.0,19900,ATM+7,PUT,19550,2023-11-12
2023-11-12 18:45:00+05:30,395.4,395.65,394.15,394.15,2100,58750,21.005085,19535.4,19900.0,19900,ATM+7,PUT,19550,2023-11-12
2023-11-12 18:46:00+05:30,394.15,395.45,394.15,395.45,50,58750,21.161392,19534.9,19900.0,19900,ATM+7,PUT,19550,2023-11-12
2023-11-12 18:49:00+05:30,395.45,398.1,395.45,398.1,550,58650,21.113879,19531.15,19900.0,19900,ATM+7,PUT,19550,2023-11-12
2023-11-12 18:50:00+05:30,398.1,398.45,397.35,397.35,100,58650,20.965422,19531.0,19900.0,19900,ATM+7,PUT,19550,2023-11-12
2023-11-12 18:51:00+05:30,397.35,398.25,397.35,397.4,150,58650,20.727309,19529.2,19900.0,19900,ATM+7,PUT,19550,2023-11-12
2023-11-12 18:53:00+05:30,397.4,398.0,397.3,398.0,100,58700,20.646814,19527.85,19900.0,19900,ATM+7,PUT,19550,2023-11-12
2023-11-12 18:54:00+05:30,398.0,399.05,398.0,399.05,400,58700,21.121312,19529.95,19900.0,19900,ATM+7,PUT,19550,2023-11-12
2023-11-12 18:55:00+05:30,399.05,399.05,396.9,396.9,50,58700,20.777083,19530.15,19900.0,19900,ATM+7,PUT,19550,2023-11-12
2023-11-12 18:56:00+05:30,396.9,398.55,396.9,397.5,1000,58750,20.356945,19526.4,19900.0,19900,ATM+7,PUT,19550,2023-11-12
2023-11-12 18:57:00+05:30,397.5,398.25,397.4,398.25,150,58750,20.534265,19526.7,19900.0,19900,ATM+7,PUT,19550,2023-11-12
2023-11-12 18:58:00+05:30,397.3,397.3,390.25,390.25,100,58750,19.373687,19528.65,19900.0,19900,ATM+7,PUT,19550,2023-11-12
2023-11-12 18:59:00+05:30,390.25,392.4,390.25,392.35,250,58800,19.729886,19528.45,19900.0,19900,ATM+7,PUT,19550,2023-11-12
2023-11-12 19:00:00+05:30,392.35,392.85,392.3,392.3,300,58800,19.955053,19530.05,19900.0,19900,ATM+7,PUT,19550,2023-11-12
2023-11-12 19:01:00+05:30,392.3,394.65,392.3,394.65,200,58800,20.20491,19528.85,19900.0,19900,ATM+7,PUT,19550,2023-11-12
2023-11-12 19:02:00+05:30,394.65,394.7,394.4,394.55,200,58800,20.288224,19529.55,19900.0,19900,ATM+7,PUT,19550,2023-11-12
2023-11-12 19:03:00+05:30,394.55,394.55,393.7,393.7,100,58800,19.848188,19527.55,19900.0,19900,ATM+7,PUT,19550,2023-11-12
2023-11-12 19:05:00+05:30,347.45,347.75,346.1,347.75,200,16050,16.373571,19510.95,19850.0,19900,ATM+7,PUT,19550,2023-11-12
2023-11-12 19:06:00+05:30,347.75,349.75,347.75,349.65,350,16050,18.345727,19521.75,19850.0,19900,ATM+7,PUT,19550,2023-11-12
2023-11-12 19:07:00+05:30,349.65,349.65,347.9,347.9,100,16050,18.16538,19522.65,19850.0,19900,ATM+7,PUT,19550,2023-11-12
2023-11-12 19:09:00+05:30,347.9,350.0,347.9,350.0,250,15850,18.410286,19521.75,19850.0,19900,ATM+7,PUT,19550,2023-11-12
2023-11-12 19:10:00+05:30,350.0,350.0,349.5,349.5,100,15850,18.599289,19523.75,19850.0,19900,ATM+7,PUT,19550,2023-11-12
2023-11-12 19:11:00+05:30,349.5,349.5,348.85,348.85,50,15850,18.446811,19523.45,19850.0,19900,ATM+7,PUT,19550,2023-11-12
2023-11-12 19:12:00+05:30,348.85,348.85,347.5,347.5,200,15550,18.212352,19523.45,19850.0,19900,ATM+7,PUT,19550,2023-11-12
2023-11-12 19:13:00+05:30,347.5,347.5,346.2,346.2,150,15550,17.835585,19522.4,19850.0,19900,ATM+7,PUT,19550,2023-11-12
2023-11-12 19:14:00+05:30,346.2,348.0,346.2,348.0,550,15250,18.141695,19522.3,19850.0,19900,ATM+7,PUT,19550,2023-11-12
2023-11-12 18:15:00+05:30,2.45,4.25,2.45,3.4,774050,4094150,10.149998,19519.4,19900.0,19950,ATM+8,CALL,19550,2023-11-12
2023-11-12 18:16:00+05:30,3.4,3.55,3.05,3.05,632250,4094150,9.867834,19522.9,19900.0,19950,ATM+8,CALL,19550,2023-11-12
2023-11-12 18:17:00+05:30,3.05,3.15,2.95,2.95,607850,4373100,9.911055,19518.4,19900.0,19950,ATM+8,CALL,19550,2023-11-12
2023-11-12 18:18:00+05:30,3.0,3.0,2.85,2.9,611750,4373100,9.797257,19522.1,19900.0,19950,ATM+8,CALL,19550,2023-11-12
2023-11-12 18:19:00+05:30,2.85,3.0,2.85,2.95,642700,4373100,9.810568,19522.9,19900.0,19950,ATM+8,CALL,19550,2023-11-12
2023-11-12 18:20:00+05:30,2.2,2.35,2.2,2.3,119250,1445700,10.315145,19529.35,19950.0,19950,ATM+8,CALL,19550,2023-11-12
2023-11-12 18:21:00+05:30,2.35,2.4,2.3,2.4,123400,1445700,10.288837,19534.0,19950.0,19950,ATM+8,CALL,19550,2023-11-12
2023-11-12 18:22:00+05:30,2.4,2.4,2.25,2.3,99400,1445700,10.178924,19535.7,19950.0,19950,ATM+8,CALL,19550,2023-11-12
2023-11-12 18:23:00+05:30,2.3,2.3,2.2,2.3,81900,1483250,10.140688,19537.5,19950.0,19950,ATM+8,CALL,19550,2023-11-12
2023-11-12 18:24:00+05:30,2.25,2.35,2.25,2.35,54450,1483250,10.242027,19534.6,19950.0,19950,ATM+8,CALL,19550,2023-11-12
2023-11-12 18:25:00+05:30,2.35,2.35,2.25,2.3,106350,1483250,10.23745,19533.15,19950.0,19950,ATM+8,CALL,19550,2023-11-12
2023-11-12 18:26:00+05:30,2.35,2.35,2.3,2.3,29300,1505500,10.145835,19537.4,19950.0,19950,ATM+8,CALL,19550,2023-11-12
2023-11-12 18:27:00+05:30,2.35,2.35,2.25,2.3,49700,1505500,10.056283,19541.55,19950.0,19950,ATM+8,CALL,19550,2023-11-12
2023-11-12 18:28:00+05:30,2.25,2.3,2.25,2.25,34400,1505500,9.985172,19543.15,19950.0,19950,ATM+8,CALL,19550,2023-11-12
2023-11-12 18:29:00+05:30,2.25,2.3,2.25,2.25,40800,1509300,10.042763,19540.55,19950.0,19950,ATM+8,CALL,19550,2023-11-12
2023-11-12 18:30:00+05:30,2.25,2.3,2.25,2.25,19300,1509300,10.093798,19538.25,19950.0,19950,ATM+8,CALL,19550,2023-11-12
2023-11-12 18:31:00+05:30,2.25,2.3,2.2,2.2,53200,1509300,10.245379,19529.55,19950.0,19950,ATM+8,CALL,19550,2023-11-12
2023-11-12 18:32:00+05:30,2.2,2.25,2.2,2.2,83850,1524350,10.15214,19533.9,19950.0,19950,ATM+8,CALL,19550,2023-11-12
2023-11-12 18:33:00+05:30,2.2,2.25,2.2,2.25,18600,1524350,10.184845,19534.2,19950.0,19950,ATM+8,CALL,19550,2023-11-12
2023-11-12 18:34:00+05:30,2.25,2.25,2.2,2.2,17800,1524350,10.162792,19533.5,19950.0,19950,ATM+8,CALL,19550,2023-11-12
2023-11-12 18:35:00+05:30,2.2,2.25,2.2,2.25,43450,1511850,10.228135,19532.3,19950.0,19950,ATM+8,CALL,19550,2023-11-12
2023-11-12 18:36:00+05:30,2.25,2.25,2.2,2.2,24650,1511850,10.226545,19530.65,19950.0,19950,ATM+8,CALL,19550,2023-11-12
2023-11-12 18:37:00+05:30,2.25,2.25,2.2,2.25,43300,1511850,10.378899,19525.45,19950.0,19950,ATM+8,CALL,19550,2023-11-12
2023-11-12 18:38:00+05:30,2.25,2.25,2.2,2.2,100950,1482100,10.311928,19526.8,19950.0,19950,ATM+8,CALL,19550,2023-11-12
2023-11-12 18:39:00+05:30,2.25,2.25,2.2,2.2,37550,1482100,10.177512,19533.05,19950.0,19950,ATM+8,CALL,19550,2023-11-12
2023-11-12 18:40:00+05:30,2.2,2.25,2.2,2.2,24400,1482100,10.150308,19534.35,19950.0,19950,ATM+8,CALL,19550,2023-11-12
2023-11-12 18:41:00+05:30,2.25,2.25,2.2,2.25,18400,1495600,10.1841,19534.6,19950.0,19950,ATM+8,CALL,19550,2023-11-12
2023-11-12 18:42:00+05:30,2.2,2.25,2.2,2.2,22300,1495600,10.118654,19535.9,19950.0,19950,ATM+8,CALL,19550,2023-11-12
2023-11-12 18:43:00+05:30,2.2,2.25,2.2,2.25,12650,1495600,10.149088,19536.3,19950.0,19950,ATM+8,CALL,19550,2023-11-12
2023-11-12 18:44:00+05:30,2.25,2.25,2.2,2.2,9700,1497400,10.11629,19536.1,19950.0,19950,ATM+8,CALL,19550,2023-11-12
2023-11-12 18:45:00+05:30,2.2,2.25,2.2,2.2,13750,1497400,10.132477,19535.4,19950.0,19950,ATM+8,CALL,19550,2023-11-12
2023-11-12 18:46:00+05:30,2.2,2.25,2.2,2.2,26350,1497400,10.144323,19534.9,19950.0,19950,ATM+8,CALL,19550,2023-11-12
2023-11-12 18:47:00+05:30,2.25,2.25,2.2,2.25,9400,1507050,10.17048,19535.5,19950.0,19950,ATM+8,CALL,19550,2023-11-12
2023-11-12 18:48:00+05:30,2.25,2.25,2.2,2.2,15600,1507050,10.156078,19534.45,19950.0,19950,ATM+8,CALL,19550,2023-11-12
2023-11-12 18:49:00+05:30,2.2,2.25,2.2,2.25,5300,1507050,10.26715,19531.15,19950.0,19950,ATM+8,CALL,19550,2023-11-12
2023-11-12 18:50:00+05:30,2.25,2.25,2.2,2.2,12150,1494550,10.232944,19531.0,19950.0,19950,ATM+8,CALL,19550,2023-11-12
2023-11-12 18:51:00+05:30,2.2,2.25,2.2,2.2,30200,1494550,10.272989,19529.2,19950.0,19950,ATM+8,CALL,19550,2023-11-12
2023-11-12 18:52:00+05:30,2.2,2.2,2.15,2.15,2650,1494550,10.23162,19529.35,19950.0,19950,ATM+8,CALL,19550,2023-11-12
2023-11-12 18:53:00+05:30,2.2,2.2,2.15,2.15,6400,1504600,10.26506,19527.85,19950.0,19950,ATM+8,CALL,19550,2023-11-12
2023-11-12 18:54:00+05:30,2.15,2.2,2.1,2.1,20400,1504600,10.180989,19529.95,19950.0,19950,ATM+8,CALL,19550,2023-11-12
2023-11-12 18:55:00+05:30,2.15,2.15,2.1,2.15,10750,1504600,10.217314,19530.15,19950.0,19950,ATM+8,CALL,19550,2023-11-12
2023-11-12 18:56:00+05:30,2.15,2.15,2.1,2.15,9750,1512400,10.299427,19526.4,19950.0,19950,ATM+8,CALL,19550,2023-11-12
2023-11-12 18:57:00+05:30,2.15,2.15,2.1,2.15,29650,1512400,10.293947,19526.7,19950.0,19950,ATM+8,CALL,19550,2023-11-12
2023-11-12 18:58:00+05:30,2.15,2.15,2.1,2.15,15200,1512400,10.252774,19528.65,19950.0,19950,ATM+8,CALL,19550,2023-11-12
2023-11-12 18:59:00+05:30,2.15,2.15,2.1,2.1,59400,1484850,10.218341,19528.45,19950.0,19950,ATM+8,CALL,19550,2023-11-12
2023-11-12 19:00:00+05:30,2.1,2.15,2.1,2.15,10200,1484850,10.22448,19530.05,19950.0,19950,ATM+8,CALL,19550,2023-11-12
2023-11-12 19:01:00+05:30,2.15,2.15,2.1,2.1,16050,1484850,10.21171,19528.85,19950.0,19950,ATM+8,CALL,19550,2023-11-12
2023-11-12 19:02:00+05:30,2.1,2.15,2.1,2.1,11450,1462150,10.1976,19529.55,19950.0,19950,ATM+8,CALL,19550,2023-11-12
2023-11-12 19:03:00+05:30,2.1,2.15,2.1,2.1,18600,1462150,10.241766,19527.55,19950.0,19950,ATM+8,CALL,19550,2023-11-12
2023-11-12 19:04:00+05:30,2.1,2.15,2.1,2.15,12900,1462150,10.27828,19527.75,19950.0,19950,ATM+8,CALL,19550,2023-11-12
2023-11-12 19:05:00+05:30,2.8,2.8,2.45,2.55,366600,4553650,9.868229,19510.95,19900.0,19950,ATM+8,CALL,19550,2023-11-12
2023-11-12 19:06:00+05:30,2.6,2.6,2.5,2.55,211900,4553650,9.627261,19521.75,19900.0,19950,ATM+8,CALL,19550,2023-11-12
2023-11-12 19:07:00+05:30,2.55,2.6,2.5,2.55,99950,4553650,9.608014,19522.65,19900.0,19950,ATM+8,CALL,19550,2023-11-12
2023-11-12 19:08:00+05:30,2.55,2.65,2.55,2.65,74000,4536400,9.671355,19522.8,19900.0,19950,ATM+8,CALL,19550,2023-11-12
2023-11-12 19:09:00+05:30,2.6,2.7,2.6,2.65,146550,4536400,9.695997,19521.75,19900.0,19950,ATM+8,CALL,19550,2023-11-12
2023-11-12 19:10:00+05:30,2.65,2.7,2.5,2.55,312500,4536400,9.586163,19523.75,19900.0,19950,ATM+8,CALL,19550,2023-11-12
2023-11-12 19:11:00+05:30,2.55,2.6,2.4,2.55,241700,4434450,9.59385,19523.45,19900.0,19950,ATM+8,CALL,19550,2023-11-12
2023-11-12 19:12:00+05:30,2.55,2.55,2.5,2.5,65600,4434450,9.56137,19523.45,19900.0,19950,ATM+8,CALL,19550,2023-11-12
2023-11-12 19:13:00+05:30,2.5,2.5,2.35,2.4,105050,4434450,9.517639,19522.4,19900.0,19950,ATM+8,CALL,19550,2023-11-12
2023-11-12 19:14:00+05:30,2.45,2.45,2.1,2.15,178150,4362500,9.342439,19522.3,19900.0,19950,ATM+8,CALL,19550,2023-11-12
2023-11-12 19:15:00+05:30,2.25,2.25,2.25,2.25,3900,4362500,9.389612,19523.5,19900.0,19950,ATM+8,CALL,19550,2023-11-12
2023-11-12 18:15:00+05:30,286.45,352.5,286.45,328.0,29950,334050,20.668136,19519.4,19800.0,19850,ATM+6,PUT,19550,2023-11-12
2023-11-12 18:16:00+05:30,327.75,327.75,320.0,320.0,149850,334050,19.850386,19522.9,19800.0,19850,ATM+6,PUT,19550,2023-11-12
2023-11-12 18:17:00+05:30,320.0,320.0,315.0,315.5,79350,269250,18.643822,19518.4,19800.0,19850,ATM+6,PUT,19550,2023-11-12
2023-11-12 18:18:00+05:30,315.5,320.2,314.05,318.0,23200,269250,19.459109,19522.1,19800.0,19850,ATM+6,PUT,19550,2023-11-12
2023-11-12 18:19:00+05:30,318.0,318.0,311.35,311.35,9100,269250,18.525365,19522.9,19800.0,19850,ATM+6,PUT,19550,2023-11-12
2023-11-12 18:21:00+05:30,366.85,366.85,345.0,345.0,350,15500,19.131932,19534.0,19850.0,19850,ATM+6,PUT,19550,2023-11-12
2023-11-12 18:22:00+05:30,345.0,345.0,345.0,345.0,50,15500,19.348239,19535.7,19850.0,19850,ATM+6,PUT,19550,2023-11-12
2023-11-12 18:23:00+05:30,345.0,345.0,343.0,343.0,100,15750,19.249067,19537.5,19850.0,19850,ATM+6,PUT,19550,2023-11-12
2023-11-12 18:24:00+05:30,343.0,344.3,341.95,344.3,250,15750,19.096703,19534.6,19850.0,19850,ATM+6,PUT,19550,2023-11-12
2023-11-12 18:25:00+05:30,344.3,350.0,344.3,350.0,200,15750,19.846646,19533.15,19850.0,19850,ATM+6,PUT,19550,2023-11-12
2023-11-12 18:28:00+05:30,350.0,350.0,345.15,345.15,100,15900,20.288049,19543.15,19850.0,19850,ATM+6,PUT,19550,2023-11-12
2023-11-12 18:29:00+05:30,345.15,346.8,345.15,346.8,50,15900,20.240356,19540.55,19850.0,19850,ATM+6,PUT,19550,2023-11-12
2023-11-12 18:30:00+05:30,346.8,347.15,346.8,347.15,100,15900,20.020376,19538.25,19850.0,19850,ATM+6,PUT,19550,2023-11-12
2023-11-12 18:31:00+05:30,347.15,350.0,347.15,350.0,50,15900,19.401392,19529.55,19850.0,19850,ATM+6,PUT,19550,2023-11-12
2023-11-12 18:32:00+05:30,350.0,352.0,350.0,350.6,150,15700,20.045187,19533.9,19850.0,19850,ATM+6,PUT,19550,2023-11-12
2023-11-12 18:33:00+05:30,350.6,350.6,347.55,347.55,50,15700,19.589958,19534.2,19850.0,19850,ATM+6,PUT,19550,2023-11-12
2023-11-12 18:39:00+05:30,347.55,348.0,345.4,345.4,300,15700,19.098586,19533.05,19850.0,19850,ATM+6,PUT,19550,2023-11-12
2023-11-12 18:42:00+05:30,345.4,347.1,345.4,347.1,50,16000,19.74008,19535.9,19850.0,19850,ATM+6,PUT,19550,2023-11-12
2023-11-12 18:43:00+05:30,347.1,347.1,345.75,345.75,50,16000,19.572102,19536.3,19850.0,19850,ATM+6,PUT,19550,2023-11-12
2023-11-12 18:46:00+05:30,345.75,347.25,345.75,347.25,50,16050,19.64529,19534.9,19850.0,19850,ATM+6,PUT,19550,2023-11-12
2023-11-12 18:47:00+05:30,347.25,347.25,346.8,346.8,50,16050,19.648222,19535.5,19850.0,19850,ATM+6,PUT,19550,2023-11-12
2023-11-12 18:49:00+05:30,346.8,350.15,346.8,350.15,300,16050,19.652119,19531.15,19850.0,19850,ATM+6,PUT,19550,2023-11-12
2023-11-12 18:50:00+05:30,350.15,351.1,349.0,351.1,650,16200,19.789973,19531.0,19850.0,19850,ATM+6,PUT,19550,2023-11-12
2023-11-12 18:51:00+05:30,351.1,351.1,349.75,349.75,50,16200,19.340115,19529.2,19850.0,19850,ATM+6,PUT,19550,2023-11-12
2023-11-12 18:54:00+05:30,349.75,349.75,348.4,348.4,300,16150,19.216072,19529.95,19850.0,19850,ATM+6,PUT,19550,2023-11-12
2023-11-12 18:55:00+05:30,348.4,348.8,348.4,348.8,300,16150,19.309626,19530.15,19850.0,19850,ATM+6,PUT,19550,2023-11-12
2023-11-12 18:56:00+05:30,348.8,350.2,348.8,350.2,350,16150,19.056988,19526.4,19850.0,19850,ATM+6,PUT,19550,2023-11-12
2023-11-12 18:57:00+05:30,350.2,350.2,349.0,349.65,400,16150,19.004928,19526.7,19850.0,19850,ATM+6,PUT,19550,2023-11-12
2023-11-12 18:58:00+05:30,349.65,349.65,345.25,345.25,150,16150,18.518176,19528.65,19850.0,19850,ATM+6,PUT,19550,2023-11-12
2023-11-12 18:59:00+05:30,345.25,345.25,344.15,344.5,300,16000,18.363719,19528.45,19850.0,19850,ATM+6,PUT,19550,2023-11-12
2023-11-12 19:00:00+05:30,344.5,345.35,344.5,344.5,200,16000,18.580036,19530.05,19850.0,19850,ATM+6,PUT,19550,2023-11-12
2023-11-12 19:02:00+05:30,344.5,347.3,344.5,347.3,50,16000,18.989784,19529.55,19850.0,19850,ATM+6,PUT,19550,2023-11-12
2023-11-12 19:04:00+05:30,347.3,347.45,347.3,347.45,50,16000,18.779811,19527.75,19850.0,19850,ATM+6,PUT,19550,2023-11-12
2023-11-12 19:05:00+05:30,298.95,302.85,298.75,302.85,5500,228100,15.632956,19510.95,19800.0,19850,ATM+6,PUT,19550,2023-11-12
2023-11-12 19:06:00+05:30,302.85,303.9,299.45,299.45,8050,228100,16.516906,19521.75,19800.0,19850,ATM+6,PUT,19550,2023-11-12
2023-11-12 19:07:00+05:30,299.45,301.1,299.45,300.65,250,228100,16.833363,19522.65,19800.0,19850,ATM+6,PUT,19550,2023-11-12
2023-11-12 19:08:00+05:30,300.65,301.6,300.65,301.0,1150,218650,16.911232,19522.8,19800.0,19850,ATM+6,PUT,19550,2023-11-12
2023-11-12 19:09:00+05:30,301.0,303.4,301.0,303.25,2500,218650,17.149106,19521.75,19800.0,19850,ATM+6,PUT,19550,2023-11-12
2023-11-12 19:10:00+05:30,302.45,302.75,301.05,302.4,3650,218650,17.261897,19523.75,19800.0,19850,ATM+6,PUT,19550,2023-11-12
2023-11-12 19:11:00+05:30,302.4,302.4,300.5,301.25,3400,217050,17.037694,19523.45,19800.0,19850,ATM+6,PUT,19550,2023-11-12
2023-11-12 19:12:00+05:30,301.25,301.5,298.6,298.7,2850,217050,16.617888,19523.45,19800.0,19850,ATM+6,PUT,19550,2023-11-12
2023-11-12 19:13:00+05:30,298.7,299.55,298.1,299.55,600,217050,16.624916,19522.4,19800.0,19850,ATM+6,PUT,19550,2023-11-12
2023-11-12 19:14:00+05:30,299.55,302.1,298.6,299.05,10000,213350,16.529492,19522.3,19800.0,19850,ATM+6,PUT,19550,2023-11-12
2023-11-12 19:15:00+05:30,299.05,299.05,299.05,299.05,700,213350,16.685491,19523.5,19800.0,19850,ATM+6,PUT,19550,2023-11-12
2023-11-12 18:15:00+05:30,3.25,5.95,3.25,4.75,683650,2400950,9.640539,19519.4,19850.0,19900,ATM+7,CALL,19550,2023-11-12
2023-11-12 18:16:00+05:30,4.85,4.85,4.05,4.05,786850,2400950,9.241802,19522.9,19850.0,19900,ATM+7,CALL,19550,2023-11-12
2023-11-12 18:17:00+05:30,4.05,4.2,3.9,3.9,549800,2133700,9.280418,19518.4,19850.0,19900,ATM+7,CALL,19550,2023-11-12
2023-11-12 18:18:00+05:30,3.95,4.05,3.9,4.0,537550,2133700,9.239571,19522.1,19850.0,19900,ATM+7,CALL,19550,2023-11-12
2023-11-12 18:19:00+05:30,3.95,4.35,3.95,4.3,294850,2133700,9.359447,19522.9,19850.0,19900,ATM+7,CALL,19550,2023-11-12
2023-11-12 18:20:00+05:30,2.95,3.15,2.9,3.1,654500,4417050,9.753322,19529.35,19900.0,19900,ATM+7,CALL,19550,2023-11-12
2023-11-12 18:21:00+05:30,3.1,3.2,3.05,3.05,446100,4417050,9.61824,19534.0,19900.0,19900,ATM+7,CALL,19550,2023-11-12
2023-11-12 18:22:00+05:30,3.05,3.1,2.9,3.0,319900,4417050,9.550827,19535.7,19900.0,19900,ATM+7,CALL,19550,2023-11-12
2023-11-12 18:23:00+05:30,3.0,3.0,2.9,3.0,212600,4482200,9.510481,19537.5,19900.0,19900,ATM+7,CALL,19550,2023-11-12
2023-11-12 18:24:00+05:30,2.95,3.1,2.9,2.9,409050,4482200,9.518325,19534.6,19900.0,19900,ATM+7,CALL,19550,2023-11-12
2023-11-12 18:25:00+05:30,2.9,2.95,2.8,2.95,431400,4482200,9.582372,19533.15,19900.0,19900,ATM+7,CALL,19550,2023-11-12
2023-11-12 18:26:00+05:30,2.9,2.95,2.9,2.9,289700,4483300,9.456259,19537.4,19900.0,19900,ATM+7,CALL,19550,2023-11-12
2023-11-12 18:27:00+05:30,2.85,2.9,2.85,2.9,175000,4483300,9.362306,19541.55,19900.0,19900,ATM+7,CALL,19550,2023-11-12
2023-11-12 18:28:00+05:30,2.9,2.95,2.85,2.95,122600,4483300,9.356128,19543.15,19900.0,19900,ATM+7,CALL,19550,2023-11-12
2023-11-12 18:29:00+05:30,2.95,3.0,2.9,3.0,120250,4486450,9.446054,19540.55,19900.0,19900,ATM+7,CALL,19550,2023-11-12
2023-11-12 18:30:00+05:30,3.0,3.0,2.95,3.0,39450,4486450,9.49982,19538.25,19900.0,19900,ATM+7,CALL,19550,2023-11-12
2023-11-12 18:31:00+05:30,2.95,3.0,2.9,2.9,85650,4486450,9.64011,19529.55,19900.0,19900,ATM+7,CALL,19550,2023-11-12
2023-11-12 18:32:00+05:30,2.9,3.0,2.85,3.0,192850,4487950,9.601527,19533.9,19900.0,19900,ATM+7,CALL,19550,2023-11-12
2023-11-12 18:33:00+05:30,2.95,3.05,2.95,3.0,173600,4487950,9.595591,19534.2,19900.0,19900,ATM+7,CALL,19550,2023-11-12
2023-11-12 18:34:00+05:30,3.0,3.05,3.0,3.05,127300,4487950,9.642046,19533.5,19900.0,19900,ATM+7,CALL,19550,2023-11-12
2023-11-12 18:35:00+05:30,3.05,3.05,3.0,3.0,48550,4500650,9.641059,19532.3,19900.0,19900,ATM+7,CALL,19550,2023-11-12
2023-11-12 18:36:00+05:30,3.05,3.05,2.95,2.95,50500,4500650,9.649946,19530.65,19900.0,19900,ATM+7,CALL,19550,2023-11-12
2023-11-12 18:37:00+05:30,2.95,3.0,2.95,2.95,223850,4500650,9.769719,19525.45,19900.0,19900,ATM+7,CALL,19550,2023-11-12
2023-11-12 18:38:00+05:30,2.95,3.0,2.85,2.9,122500,4539800,9.709462,19526.8,19900.0,19900,ATM+7,CALL,19550,2023-11-12
2023-11-12 18:39:00+05:30,2.9,2.95,2.85,2.9,105850,4539800,9.56781,19533.05,19900.0,19900,ATM+7,CALL,19550,2023-11-12
2023-11-12 18:40:00+05:30,2.9,2.95,2.9,2.95,48350,4539800,9.569059,19534.35,19900.0,19900,ATM+7,CALL,19550,2023-11-12
2023-11-12 18:41:00+05:30,2.95,2.95,2.9,2.95,33250,4508550,9.564276,19534.6,19900.0,19900,ATM+7,CALL,19550,2023-11-12
2023-11-12 18:42:00+05:30,2.95,2.95,2.9,2.9,53350,4508550,9.5055,19535.9,19900.0,19900,ATM+7,CALL,19550,2023-11-12
2023-11-12 18:43:00+05:30,2.9,2.95,2.9,2.9,23600,4508550,9.49729,19536.3,19900.0,19900,ATM+7,CALL,19550,2023-11-12
2023-11-12 18:44:00+05:30,2.95,2.95,2.85,2.9,112050,4496200,9.502803,19536.1,19900.0,19900,ATM+7,CALL,19550,2023-11-12
2023-11-12 18:45:00+05:30,2.85,2.9,2.85,2.9,11800,4496200,9.519752,19535.4,19900.0,19900,ATM+7,CALL,19550,2023-11-12
2023-11-12 18:46:00+05:30,2.85,2.9,2.85,2.9,51650,4496200,9.532126,19534.9,19900.0,19900,ATM+7,CALL,19550,2023-11-12
2023-11-12 18:47:00+05:30,2.85,2.9,2.85,2.85,90900,4491300,9.489076,19535.5,19900.0,19900,ATM+7,CALL,19550,2023-11-12
2023-11-12 18:48:00+05:30,2.9,2.9,2.85,2.85,51700,4491300,9.513975,19534.45,19900.0,19900,ATM+7,CALL,19550,2023-11-12
2023-11-12 18:49:00+05:30,2.85,2.9,2.85,2.85,37700,4491300,9.590176,19531.15,19900.0,19900,ATM+7,CALL,19550,2023-11-12
2023-11-12 18:50:00+05:30,2.85,2.9,2.85,2.9,41650,4513450,9.625053,19531.0,19900.0,19900,ATM+7,CALL,19550,2023-11-12
2023-11-12 18:51:00+05:30,2.85,2.9,2.85,2.85,48150,4513450,9.636512,19529.2,19900.0,19900,ATM+7,CALL,19550,2023-11-12
2023-11-12 18:52:00+05:30,2.85,2.9,2.85,2.9,13000,4513450,9.664648,19529.35,19900.0,19900,ATM+7,CALL,19550,2023-11-12
2023-11-12 18:53:00+05:30,2.9,2.9,2.85,2.85,33800,4527950,9.669173,19527.85,19900.0,19900,ATM+7,CALL,19550,2023-11-12
2023-11-12 18:54:00+05:30,2.85,2.9,2.8,2.85,68700,4527950,9.622272,19529.95,19900.0,19900,ATM+7,CALL,19550,2023-11-12
2023-11-12 18:55:00+05:30,2.85,2.85,2.8,2.85,16500,4527950,9.618663,19530.15,19900.0,19900,ATM+7,CALL,19550,2023-11-12
2023-11-12 18:56:00+05:30,2.8,2.85,2.8,2.8,55850,4525550,9.673983,19526.4,19900.0,19900,ATM+7,CALL,19550,2023-11-12
2023-11-12 18:57:00+05:30,2.8,2.85,2.8,2.8,75100,4525550,9.66812,19526.7,19900.0,19900,ATM+7,CALL,19550,2023-11-12
2023-11-12 18:58:00+05:30,2.8,2.85,2.8,2.8,35050,4525550,9.624742,19528.65,19900.0,19900,ATM+7,CALL,19550,2023-11-12
2023-11-12 18:59:00+05:30,2.85,2.85,2.8,2.8,102200,4528500,9.630241,19528.45,19900.0,19900,ATM+7,CALL,19550,2023-11-12
2023-11-12 19:00:00+05:30,2.8,2.85,2.8,2.8,47650,4528500,9.594793,19530.05,19900.0,19900,ATM+7,CALL,19550,2023-11-12
2023-11-12 19:01:00+05:30,2.85,2.85,2.8,2.8,30350,4528500,9.623046,19528.85,19900.0,19900,ATM+7,CALL,19550,2023-11-12
2023-11-12 19:02:00+05:30,2.8,2.85,2.75,2.75,92550,4544600,9.576808,19529.55,19900.0,19900,ATM+7,CALL,19550,2023-11-12
2023-11-12 19:03:00+05:30,2.85,2.85,2.75,2.75,80550,4544600,9.623151,19527.55,19900.0,19900,ATM+7,CALL,19550,2023-11-12
2023-11-12 19:04:00+05:30,2.75,2.8,2.75,2.8,36800,4544600,9.650928,19527.75,19900.0,19900,ATM+7,CALL,19550,2023-11-12
2023-11-12 19:05:00+05:30,4.05,4.05,3.6,3.75,347850,2542500,9.430555,19510.95,19850.0,19900,ATM+7,CALL,19550,2023-11-12
2023-11-12 19:06:00+05:30,3.75,3.85,3.7,3.85,211550,2542500,9.220535,19521.75,19850.0,19900,ATM+7,CALL,19550,2023-11-12
2023-11-12 19:07:00+05:30,3.8,3.9,3.8,3.85,47600,2542500,9.199687,19522.65,19850.0,19900,ATM+7,CALL,19550,2023-11-12
2023-11-12 19:08:00+05:30,3.85,3.95,3.85,3.9,88350,2462650,9.221037,19522.8,19850.0,19900,ATM+7,CALL,19550,2023-11-12
2023-11-12 19:09:00+05:30,3.95,4.0,3.9,3.95,156850,2462650,9.271334,19521.75,19850.0,19900,ATM+7,CALL,19550,2023-11-12
2023-11-12 19:10:00+05:30,3.95,4.0,3.65,3.65,217350,2462650,9.07802,19523.75,19850.0,19900,ATM+7,CALL,19550,2023-11-12
2023-11-12 19:11:00+05:30,3.7,3.75,3.65,3.7,176500,2361050,9.110876,19523.45,19850.0,19900,ATM+7,CALL,19550,2023-11-12
2023-11-12 19:12:00+05:30,3.75,3.8,3.65,3.7,124900,2361050,9.111787,19523.45,19850.0,19900,ATM+7,CALL,19550,2023-11-12
2023-11-12 19:13:00+05:30,3.75,3.8,3.6,3.7,107550,2361050,9.137977,19522.4,19850.0,19900,ATM+7,CALL,19550,2023-11-12
2023-11-12 19:14:00+05:30,3.7,3.7,3.0,3.2,143050,2267400,8.884253,19522.3,19850.0,19900,ATM+7,CALL,19550,2023-11-12
2023-11-12 19:15:00+05:30,3.15,3.15,3.15,3.15,1750,2267400,8.829966,19523.5,19850.0,19900,ATM+7,CALL,19550,2023-11-12
2023-11-12 18:15:00+05:30,393.0,445.85,393.0,426.15,3550,59450,24.20707,19519.4,19900.0,19950,ATM+8,PUT,19550,2023-11-12
2023-11-12 18:16:00+05:30,426.15,426.15,418.05,418.05,450,59450,23.329901,19522.9,19900.0,19950,ATM+8,PUT,19550,2023-11-12
2023-11-12 18:17:00+05:30,418.05,418.65,412.65,412.65,2600,59800,21.841326,19518.4,19900.0,19950,ATM+8,PUT,19550,2023-11-12
2023-11-12 18:18:00+05:30,412.65,417.95,412.2,415.85,1600,59800,22.869357,19522.1,19900.0,19950,ATM+8,PUT,19550,2023-11-12
2023-11-12 18:19:00+05:30,415.85,415.85,408.75,408.85,800,59800,21.800127,19522.9,19900.0,19950,ATM+8,PUT,19550,2023-11-12
2023-11-12 18:20:00+05:30,454.75,454.75,454.75,454.75,450,5450,23.733294,19529.35,19950.0,19950,ATM+8,PUT,19550,2023-11-12
2023-11-12 18:24:00+05:30,454.75,454.75,441.25,441.25,50,5900,22.09183,19534.6,19950.0,19950,ATM+8,PUT,19550,2023-11-12
2023-11-12 18:25:00+05:30,441.25,444.0,441.25,444.0,350,5900,22.378725,19533.15,19950.0,19950,ATM+8,PUT,19550,2023-11-12
2023-11-12 18:26:00+05:30,444.0,445.0,444.0,445.0,50,6050,23.157772,19537.4,19950.0,19950,ATM+8,PUT,19550,2023-11-12
2023-11-12 18:36:00+05:30,445.0,449.6,445.0,449.6,50,6050,23.036846,19530.65,19950.0,19950,ATM+8,PUT,19550,2023-11-12
2023-11-12 18:37:00+05:30,449.6,450.05,449.6,450.05,150,6050,22.366264,19525.45,19950.0,19950,ATM+8,PUT,19550,2023-11-12
2023-11-12 18:39:00+05:30,450.05,450.05,442.6,442.6,150,6050,22.131111,19533.05,19950.0,19950,ATM+8,PUT,19550,2023-11-12
2023-11-12 18:41:00+05:30,442.6,445.8,442.6,445.55,250,6050,22.886118,19534.6,19950.0,19950,ATM+8,PUT,19550,2023-11-12
2023-11-12 18:56:00+05:30,445.55,448.45,445.55,448.45,50,6050,22.241135,19526.4,19950.0,19950,ATM+8,PUT,19550,2023-11-12
2023-11-12 19:03:00+05:30,448.45,448.45,437.65,442.65,3000,5800,21.341136,19527.55,19950.0,19950,ATM+8,PUT,19550,2023-11-12
2023-11-12 19:05:00+05:30,393.7,399.05,393.7,399.05,50,58650,18.260371,19510.95,19900.0,19950,ATM+8,PUT,19550,2023-11-12
2023-11-12 19:06:00+05:30,399.05,399.55,397.35,399.55,550,58650,20.064696,19521.75,19900.0,19950,ATM+8,PUT,19550,2023-11-12
2023-11-12 19:07:00+05:30,399.55,399.55,396.8,396.8,50,58650,19.69471,19522.65,19900.0,19950,ATM+8,PUT,19550,2023-11-12
2023-11-12 19:08:00+05:30,396.8,397.8,396.8,397.8,100,58650,19.902365,19522.8,19900.0,19950,ATM+8,PUT,19550,2023-11-12
2023-11-12 19:09:00+05:30,397.8,397.8,397.55,397.55,50,58700,19.700668,19521.75,19900.0,19950,ATM+8,PUT,19550,2023-11-12
2023-11-12 19:10:00+05:30,397.55,397.65,397.55,397.65,50,58700,20.017702,19523.75,19900.0,19950,ATM+8,PUT,19550,2023-11-12
2023-11-12 19:11:00+05:30,397.65,397.65,396.0,396.0,50,58700,19.67168,19523.45,19900.0,19950,ATM+8,PUT,19550,2023-11-12
2023-11-12 19:12:00+05:30,396.0,397.25,396.0,397.25,900,58700,19.902858,19523.45,19900.0,19950,ATM+8,PUT,19550,2023-11-12
2023-11-12 19:13:00+05:30,397.25,397.25,394.0,394.7,150,58700,19.271871,19522.4,19900.0,19950,ATM+8,PUT,19550,2023-11-12
2023-11-12 19:14:00+05:30,394.7,398.25,394.6,394.6,300,58750,19.238735,19522.3,19900.0,19950,ATM+8,PUT,19550,2023-11-12
2023-11-12 18:15:00+05:30,180.0,264.05,180.0,238.9,98750,301150,18.017275,19519.4,19700.0,19750,ATM+4,PUT,19550,2023-11-12
2023-11-12 18:16:00+05:30,236.0,238.0,230.85,231.7,44800,301150,17.353736,19522.9,19700.0,19750,ATM+4,PUT,19550,2023-11-12
2023-11-12 18:17:00+05:30,231.2,231.3,226.0,227.1,21400,343600,16.298702,19518.4,19700.0,19750,ATM+4,PUT,19550,2023-11-12
2023-11-12 18:18:00+05:30,225.9,230.2,224.05,227.85,27300,343600,16.753055,19522.1,19700.0,19750,ATM+4,PUT,19550,2023-11-12
2023-11-12 18:19:00+05:30,227.85,227.95,222.0,222.0,29050,343600,16.018353,19522.9,19700.0,19750,ATM+4,PUT,19550,2023-11-12
2023-11-12 18:20:00+05:30,267.6,267.6,258.55,258.55,2100,33900,16.846744,19529.35,19750.0,19750,ATM+4,PUT,19550,2023-11-12
2023-11-12 18:21:00+05:30,257.8,258.55,250.0,250.0,7200,33900,16.080398,19534.0,19750.0,19750,ATM+4,PUT,19550,2023-11-12
2023-11-12 18:22:00+05:30,250.0,252.0,248.85,251.2,2800,33900,16.438561,19535.7,19750.0,19750,ATM+4,PUT,19550,2023-11-12
2023-11-12 18:23:00+05:30,251.2,252.0,249.65,249.65,3650,38350,16.401337,19537.5,19750.0,19750,ATM+4,PUT,19550,2023-11-12
2023-11-12 18:24:00+05:30,249.65,251.8,247.9,251.7,3650,38350,16.398264,19534.6,19750.0,19750,ATM+4,PUT,19550,2023-11-12
2023-11-12 18:25:00+05:30,252.8,257.95,251.7,254.45,3900,38350,16.650448,19533.15,19750.0,19750,ATM+4,PUT,19550,2023-11-12
2023-11-12 18:26:00+05:30,254.45,255.35,251.5,252.1,2050,39000,16.751397,19537.4,19750.0,19750,ATM+4,PUT,19550,2023-11-12
2023-11-12 18:27:00+05:30,252.1,252.2,250.85,252.2,350,39000,17.189937,19541.55,19750.0,19750,ATM+4,PUT,19550,2023-11-12
2023-11-12 18:28:00+05:30,252.2,252.45,250.85,251.55,3050,39000,17.258485,19543.15,19750.0,19750,ATM+4,PUT,19550,2023-11-12
2023-11-12 18:29:00+05:30,251.55,253.3,251.15,253.3,600,41400,17.249266,19540.55,19750.0,19750,ATM+4,PUT,19550,2023-11-12
2023-11-12 18:30:00+05:30,253.3,254.0,253.0,253.45,300,41400,17.038795,19538.25,19750.0,19750,ATM+4,PUT,19550,2023-11-12
2023-11-12 18:31:00+05:30,253.45,257.3,253.1,257.3,3100,41400,16.695924,19529.55,19750.0,19750,ATM+4,PUT,19550,2023-11-12
2023-11-12 18:32:00+05:30,257.3,258.5,254.1,254.1,3650,41000,16.685542,19533.9,19750.0,19750,ATM+4,PUT,19550,2023-11-12
2023-11-12 18:33:00+05:30,254.1,255.8,254.1,255.8,250,41000,16.966269,19534.2,19750.0,19750,ATM+4,PUT,19550,2023-11-12
2023-11-12 18:34:00+05:30,255.8,256.45,255.25,256.45,650,41000,16.989468,19533.5,19750.0,19750,ATM+4,PUT,19550,2023-11-12
2023-11-12 18:35:00+05:30,256.45,256.45,255.55,256.35,1350,40550,16.850794,19532.3,19750.0,19750,ATM+4,PUT,19550,2023-11-12
2023-11-12 18:36:00+05:30,256.35,257.0,256.35,256.95,300,40550,16.766384,19530.65,19750.0,19750,ATM+4,PUT,19550,2023-11-12
2023-11-12 18:37:00+05:30,256.95,259.25,256.95,259.25,750,40550,16.552011,19525.45,19750.0,19750,ATM+4,PUT,19550,2023-11-12
2023-11-12 18:38:00+05:30,259.25,260.25,256.95,257.7,3100,38950,16.467963,19526.8,19750.0,19750,ATM+4,PUT,19550,2023-11-12
2023-11-12 18:39:00+05:30,257.0,257.0,252.3,252.55,750,38950,16.375233,19533.05,19750.0,19750,ATM+4,PUT,19550,2023-11-12
2023-11-12 18:40:00+05:30,252.55,252.55,251.7,252.5,600,38950,16.506729,19534.35,19750.0,19750,ATM+4,PUT,19550,2023-11-12
2023-11-12 18:41:00+05:30,252.5,255.2,252.5,254.0,3050,39450,16.754102,19534.6,19750.0,19750,ATM+4,PUT,19550,2023-11-12
2023-11-12 18:42:00+05:30,254.0,254.0,253.8,253.8,450,39450,16.861333,19535.9,19750.0,19750,ATM+4,PUT,19550,2023-11-12
2023-11-12 18:43:00+05:30,253.0,253.0,253.0,253.0,100,39450,16.787356,19536.3,19750.0,19750,ATM+4,PUT,19550,2023-11-12
2023-11-12 18:44:00+05:30,253.0,253.0,252.4,252.4,450,39700,16.680048,19536.1,19750.0,19750,ATM+4,PUT,19550,2023-11-12
2023-11-12 18:45:00+05:30,252.4,253.4,252.4,253.4,150,39700,16.754315,19535.4,19750.0,19750,ATM+4,PUT,19550,2023-11-12
2023-11-12 18:46:00+05:30,253.4,253.45,252.75,253.45,650,39700,16.710505,19534.9,19750.0,19750,ATM+4,PUT,19550,2023-11-12
2023-11-12 18:48:00+05:30,253.45,255.0,253.45,255.0,100,39250,16.892457,19534.45,19750.0,19750,ATM+4,PUT,19550,2023-11-12
2023-11-12 18:49:00+05:30,255.0,256.0,255.0,255.85,150,39250,16.671514,19531.15,19750.0,19750,ATM+4,PUT,19550,2023-11-12
2023-11-12 18:50:00+05:30,255.85,255.85,255.5,255.65,250,39300,16.627141,19531.0,19750.0,19750,ATM+4,PUT,19550,2023-11-12
2023-11-12 18:51:00+05:30,255.65,256.4,255.0,255.0,400,39300,16.338649,19529.2,19750.0,19750,ATM+4,PUT,19550,2023-11-12
2023-11-12 18:52:00+05:30,255.0,255.0,255.0,255.0,50,39300,16.35593,19529.35,19750.0,19750,ATM+4,PUT,19550,2023-11-12
2023-11-12 18:54:00+05:30,255.0,256.05,254.75,254.75,650,39400,16.385555,19529.95,19750.0,19750,ATM+4,PUT,19550,2023-11-12
2023-11-12 18:55:00+05:30,254.75,254.8,254.25,254.8,350,39400,16.415602,19530.15,19750.0,19750,ATM+4,PUT,19550,2023-11-12
2023-11-12 18:56:00+05:30,254.8,256.35,254.8,256.35,150,39350,16.241156,19526.4,19750.0,19750,ATM+4,PUT,19550,2023-11-12
2023-11-12 18:58:00+05:30,256.35,256.35,249.8,249.8,1200,39350,15.500668,19528.65,19750.0,19750,ATM+4,PUT,19550,2023-11-12
2023-11-12 18:59:00+05:30,249.8,251.3,249.8,251.25,300,40350,15.700023,19528.45,19750.0,19750,ATM+4,PUT,19550,2023-11-12
2023-11-12 19:00:00+05:30,251.25,251.85,251.25,251.3,1500,40350,15.885855,19530.05,19750.0,19750,ATM+4,PUT,19550,2023-11-12
2023-11-12 19:01:00+05:30,251.3,252.0,251.3,252.0,250,40350,15.860127,19528.85,19750.0,19750,ATM+4,PUT,19550,2023-11-12
2023-11-12 19:02:00+05:30,252.0,253.35,251.5,252.6,1300,41350,16.028723,19529.55,19750.0,19750,ATM+4,PUT,19550,2023-11-12
2023-11-12 19:03:00+05:30,252.6,252.6,251.0,252.3,3700,41350,15.763135,19527.55,19750.0,19750,ATM+4,PUT,19550,2023-11-12
2023-11-12 19:05:00+05:30,208.5,212.7,208.0,212.55,26000,328450,13.47996,19510.95,19700.0,19750,ATM+4,PUT,19550,2023-11-12
2023-11-12 19:06:00+05:30,212.8,213.35,209.9,210.65,22900,328450,14.343466,19521.75,19700.0,19750,ATM+4,PUT,19550,2023-11-12
2023-11-12 19:07:00+05:30,210.0,210.95,209.35,210.4,3800,328450,14.399708,19522.65,19700.0,19750,ATM+4,PUT,19550,2023-11-12
2023-11-12 19:08:00+05:30,210.4,211.1,210.3,210.3,2400,330900,14.401407,19522.8,19700.0,19750,ATM+4,PUT,19550,2023-11-12
2023-11-12 19:09:00+05:30,210.3,213.0,210.3,212.6,17300,330900,14.627243,19521.75,19700.0,19750,ATM+4,PUT,19550,2023-11-12
2023-11-12 19:10:00+05:30,212.4,212.4,210.85,211.4,11700,330900,14.65679,19523.75,19700.0,19750,ATM+4,PUT,19550,2023-11-12
2023-11-12 19:11:00+05:30,211.1,211.1,209.8,210.85,12950,320200,14.548833,19523.45,19700.0,19750,ATM+4,PUT,19550,2023-11-12
2023-11-12 19:12:00+05:30,210.7,211.0,208.0,208.0,19450,320200,14.138988,19523.45,19700.0,19750,ATM+4,PUT,19550,2023-11-12
2023-11-12 19:13:00+05:30,208.0,209.05,208.0,208.0,15750,320200,14.032192,19522.4,19700.0,19750,ATM+4,PUT,19550,2023-11-12
2023-11-12 19:14:00+05:30,208.0,209.8,205.0,205.0,32850,317800,13.584151,19522.3,19700.0,19750,ATM+4,PUT,19550,2023-11-12
2023-11-12 19:15:00+05:30,205.75,205.75,205.75,205.75,100,317800,13.819903,19523.5,19700.0,19750,ATM+4,PUT,19550,2023-11-12
2023-11-12 18:15:00+05:30,483.05,483.05,472.85,472.85,300,5250,25.478851,19519.4,19950.0,20000,ATM+9,PUT,19550,2023-11-12
2023-11-12 18:17:00+05:30,472.85,472.85,464.45,464.45,50,5250,23.902606,19518.4,19950.0,20000,ATM+9,PUT,19550,2023-11-12
2023-11-12 18:18:00+05:30,464.45,464.45,462.5,463.3,100,5450,24.216625,19522.1,19950.0,20000,ATM+9,PUT,19550,2023-11-12
2023-11-12 18:19:00+05:30,463.3,463.3,461.5,461.5,50,5450,24.015843,19522.9,19950.0,20000,ATM+9,PUT,19550,2023-11-12
2023-11-12 18:20:00+05:30,509.35,509.35,499.8,499.9,2300,128950,24.578648,19529.35,20000.0,20000,ATM+9,PUT,19550,2023-11-12
2023-11-12 18:21:00+05:30,499.9,499.9,491.75,491.75,700,128950,23.769758,19534.0,20000.0,20000,ATM+9,PUT,19550,2023-11-12
2023-11-12 18:22:00+05:30,491.75,492.15,489.95,491.0,9550,128950,23.890576,19535.7,20000.0,20000,ATM+9,PUT,19550,2023-11-12
2023-11-12 18:23:00+05:30,491.0,491.0,490.0,490.15,4000,126300,24.006417,19537.5,20000.0,20000,ATM+9,PUT,19550,2023-11-12
2023-11-12 18:24:00+05:30,490.15,494.3,488.0,492.4,1200,126300,23.987379,19534.6,20000.0,20000,ATM+9,PUT,19550,2023-11-12
2023-11-12 18:25:00+05:30,492.4,499.3,492.4,499.3,700,126300,25.037457,19533.15,20000.0,20000,ATM+9,PUT,19550,2023-11-12
2023-11-12 18:26:00+05:30,493.75,496.05,493.15,494.1,1300,125750,24.718544,19537.4,20000.0,20000,ATM+9,PUT,19550,2023-11-12
2023-11-12 18:27:00+05:30,494.1,494.1,490.8,492.6,9100,125750,25.049028,19541.55,20000.0,20000,ATM+9,PUT,19550,2023-11-12
2023-11-12 18:28:00+05:30,492.6,492.7,490.2,492.0,6250,125750,25.171136,19543.15,20000.0,20000,ATM+9,PUT,19550,2023-11-12
2023-11-12 18:29:00+05:30,491.95,493.95,491.95,493.95,250,125250,25.15005,19540.55,20000.0,20000,ATM+9,PUT,19550,2023-11-12
2023-11-12 18:30:00+05:30,493.95,494.95,492.85,492.85,250,125250,24.622981,19538.25,20000.0,20000,ATM+9,PUT,19550,2023-11-12
2023-11-12 18:31:00+05:30,492.85,499.0,492.85,497.75,450,125250,24.22807,19529.55,20000.0,20000,ATM+9,PUT,19550,2023-11-12
2023-11-12 18:32:00+05:30,497.75,499.9,495.0,495.0,300,125500,24.375965,19533.9,20000.0,20000,ATM+9,PUT,19550,2023-11-12
2023-11-12 18:33:00+05:30,495.0,496.85,495.0,496.85,100,125500,24.760532,19534.2,20000.0,20000,ATM+9,PUT,19550,2023-11-12
2023-11-12 18:34:00+05:30,496.85,497.35,496.85,497.35,400,125500,24.750252,19533.5,20000.0,20000,ATM+9,PUT,19550,2023-11-12
2023-11-12 18:35:00+05:30,497.35,497.45,497.35,497.45,1000,125550,24.592633,19532.3,20000.0,20000,ATM+9,PUT,19550,2023-11-12
2023-11-12 18:36:00+05:30,497.45,497.45,497.0,497.45,350,125550,24.346981,19530.65,20000.0,20000,ATM+9,PUT,19550,2023-11-12
2023-11-12 18:37:00+05:30,497.45,500.8,497.45,499.4,550,125550,23.916207,19525.45,20000.0,20000,ATM+9,PUT,19550,2023-11-12
2023-11-12 18:38:00+05:30,499.4,501.0,499.4,499.4,2850,123400,24.127306,19526.8,20000.0,20000,ATM+9,PUT,19550,2023-11-12
2023-11-12 18:39:00+05:30,498.0,498.0,491.75,492.65,700,123400,23.82067,19533.05,20000.0,20000,ATM+9,PUT,19550,2023-11-12
2023-11-12 18:40:00+05:30,492.65,492.65,492.65,492.65,200,123400,24.021104,19534.35,20000.0,20000,ATM+9,PUT,19550,2023-11-12
2023-11-12 18:41:00+05:30,492.65,495.0,492.55,495.0,250,121700,24.494904,19534.6,20000.0,20000,ATM+9,PUT,19550,2023-11-12
2023-11-12 18:42:00+05:30,495.0,495.0,494.5,494.5,100,121700,24.597601,19535.9,20000.0,20000,ATM+9,PUT,19550,2023-11-12
2023-11-12 18:43:00+05:30,494.5,494.5,492.8,492.8,150,121700,24.3472,19536.3,20000.0,20000,ATM+9,PUT,19550,2023-11-12
2023-11-12 18:48:00+05:30,492.8,496.0,492.8,496.0,350,121350,24.667246,19534.45,20000.0,20000,ATM+9,PUT,19550,2023-11-12
2023-11-12 18:49:00+05:30,496.0,496.05,496.0,496.05,150,121350,24.182919,19531.15,20000.0,20000,ATM+9,PUT,19550,2023-11-12
2023-11-12 18:50:00+05:30,496.05,498.0,496.05,497.1,150,121400,24.357398,19531.0,20000.0,20000,ATM+9,PUT,19550,2023-11-12
2023-11-12 18:51:00+05:30,497.1,497.1,495.0,495.0,350,121400,23.686208,19529.2,20000.0,20000,ATM+9,PUT,19550,2023-11-12
2023-11-12 18:52:00+05:30,495.0,496.15,495.0,496.0,150,121400,23.90137,19529.35,20000.0,20000,ATM+9,PUT,19550,2023-11-12
2023-11-12 18:53:00+05:30,496.0,496.85,496.0,496.0,400,121000,23.668196,19527.85,20000.0,20000,ATM+9,PUT,19550,2023-11-12
2023-11-12 18:54:00+05:30,496.0,498.0,495.0,495.0,1350,121000,23.808092,19529.95,20000.0,20000,ATM+9,PUT,19550,2023-11-12
2023-11-12 18:55:00+05:30,495.0,496.2,495.0,496.2,100,121000,24.067453,19530.15,20000.0,20000,ATM+9,PUT,19550,2023-11-12
2023-11-12 18:57:00+05:30,496.2,497.5,495.6,495.6,250,120600,23.414194,19526.7,20000.0,20000,ATM+9,PUT,19550,2023-11-12
2023-11-12 18:58:00+05:30,495.6,495.6,488.65,489.75,1000,120600,22.58216,19528.65,20000.0,20000,ATM+9,PUT,19550,2023-11-12
2023-11-12 18:59:00+05:30,489.75,492.75,489.75,492.75,450,120300,23.143914,19528.45,20000.0,20000,ATM+9,PUT,19550,2023-11-12
2023-11-12 19:00:00+05:30,492.75,492.75,490.35,490.35,150,120300,22.934834,19530.05,20000.0,20000,ATM+9,PUT,19550,2023-11-12
2023-11-12 19:01:00+05:30,490.35,494.9,490.35,492.8,300,120300,23.221237,19528.85,20000.0,20000,ATM+9,PUT,19550,2023-11-12
2023-11-12 19:02:00+05:30,492.8,495.0,492.8,495.0,50,120300,23.757965,19529.55,20000.0,20000,ATM+9,PUT,19550,2023-11-12
2023-11-12 19:03:00+05:30,495.0,495.0,491.75,491.75,100,120250,22.805229,19527.55,20000.0,20000,ATM+9,PUT,19550,2023-11-12
2023-11-12 19:04:00+05:30,491.75,494.0,491.75,494.0,200,120250,23.282216,19527.75,20000.0,20000,ATM+9,PUT,19550,2023-11-12
2023-11-12 19:05:00+05:30,442.65,448.45,442.65,448.45,50,8800,19.721853,19510.95,19950.0,20000,ATM+9,PUT,19550,2023-11-12
2023-11-12 19:07:00+05:30,448.45,448.45,447.45,447.45,50,8800,21.494608,19522.65,19950.0,20000,ATM+9,PUT,19550,2023-11-12
2023-11-12 19:11:00+05:30,447.45,447.45,446.35,446.35,50,8800,21.415241,19523.45,19950.0,20000,ATM+9,PUT,19550,2023-11-12
2023-11-12 19:14:00+05:30,446.35,446.35,444.3,445.75,100,8800,21.120141,19522.3,19950.0,20000,ATM+9,PUT,19550,2023-11-12
2023-11-12 18:15:00+05:30,1.9,2.65,1.85,2.0,515150,4843000,11.316821,19519.4,20000.0,20050,ATM+10,CALL,19550,2023-11-12
2023-11-12 18:16:00+05:30,2.05,2.1,1.95,2.0,688100,4843000,11.244268,19522.9,20000.0,20050,ATM+10,CALL,19550,2023-11-12
2023-11-12 18:17:00+05:30,1.95,2.05,1.9,1.95,365450,4995800,11.294871,19518.4,20000.0,20050,ATM+10,CALL,19550,2023-11-12
2023-11-12 18:18:00+05:30,1.95,1.95,1.8,1.8,379200,4995800,11.079021,19522.1,20000.0,20050,ATM+10,CALL,19550,2023-11-12
2023-11-12 18:19:00+05:30,1.8,1.95,1.8,1.95,377650,4995800,11.20263,19522.9,20000.0,20050,ATM+10,CALL,19550,2023-11-12
2023-11-12 18:20:00+05:30,1.55,1.55,1.5,1.55,42800,736350,11.671134,19529.35,20050.0,20050,ATM+10,CALL,19550,2023-11-12
2023-11-12 18:21:00+05:30,1.55,1.6,1.5,1.6,37200,736350,11.632698,19534.0,20050.0,20050,ATM+10,CALL,19550,2023-11-12
2023-11-12 18:22:00+05:30,1.6,1.6,1.55,1.6,22050,736350,11.599264,19535.7,20050.0,20050,ATM+10,CALL,19550,2023-11-12
2023-11-12 18:23:00+05:30,1.6,1.6,1.55,1.6,158150,737150,11.56378,19537.5,20050.0,20050,ATM+10,CALL,19550,2023-11-12
2023-11-12 18:24:00+05:30,1.6,1.65,1.55,1.6,61500,737150,11.623852,19534.6,20050.0,20050,ATM+10,CALL,19550,2023-11-12
2023-11-12 18:25:00+05:30,1.6,1.65,1.6,1.65,40550,737150,11.707983,19533.15,20050.0,20050,ATM+10,CALL,19550,2023-11-12
2023-11-12 18:26:00+05:30,1.6,1.65,1.6,1.65,10750,734550,11.622392,19537.4,20050.0,20050,ATM+10,CALL,19550,2023-11-12
2023-11-12 18:27:00+05:30,1.6,1.65,1.6,1.65,19450,734550,11.538764,19541.55,20050.0,20050,ATM+10,CALL,19550,2023-11-12
2023-11-12 18:28:00+05:30,1.65,1.65,1.6,1.65,13400,734550,11.507181,19543.15,20050.0,20050,ATM+10,CALL,19550,2023-11-12
2023-11-12 18:29:00+05:30,1.6,1.65,1.6,1.65,8500,728150,11.561412,19540.55,20050.0,20050,ATM+10,CALL,19550,2023-11-12
2023-11-12 18:30:00+05:30,1.65,1.65,1.6,1.6,8800,728150,11.556297,19538.25,20050.0,20050,ATM+10,CALL,19550,2023-11-12
2023-11-12 18:31:00+05:30,1.6,1.65,1.55,1.55,39650,728150,11.679409,19529.55,20050.0,20050,ATM+10,CALL,19550,2023-11-12
2023-11-12 18:32:00+05:30,1.6,1.6,1.55,1.55,10700,717100,11.592408,19533.9,20050.0,20050,ATM+10,CALL,19550,2023-11-12
2023-11-12 18:33:00+05:30,1.6,1.6,1.55,1.6,7150,717100,11.642041,19534.2,20050.0,20050,ATM+10,CALL,19550,2023-11-12
2023-11-12 18:34:00+05:30,1.6,1.6,1.55,1.6,21050,717100,11.6574,19533.5,20050.0,20050,ATM+10,CALL,19550,2023-11-12
2023-11-12 18:35:00+05:30,1.6,1.6,1.55,1.6,6800,729750,11.682929,19532.3,20050.0,20050,ATM+10,CALL,19550,2023-11-12
2023-11-12 18:36:00+05:30,1.6,1.6,1.55,1.55,3700,729750,11.662735,19530.65,20050.0,20050,ATM+10,CALL,19550,2023-11-12
2023-11-12 18:37:00+05:30,1.55,1.6,1.55,1.55,10150,729750,11.769179,19525.45,20050.0,20050,ATM+10,CALL,19550,2023-11-12
2023-11-12 18:38:00+05:30,1.55,1.6,1.5,1.55,15950,737100,11.742973,19526.8,20050.0,20050,ATM+10,CALL,19550,2023-11-12
2023-11-12 18:39:00+05:30,1.55,1.55,1.5,1.5,4500,737100,11.56158,19533.05,20050.0,20050,ATM+10,CALL,19550,2023-11-12
2023-11-12 18:40:00+05:30,1.5,1.55,1.5,1.5,12150,737100,11.536426,19534.35,20050.0,20050,ATM+10,CALL,19550,2023-11-12
2023-11-12 18:41:00+05:30,1.5,1.55,1.5,1.55,4700,740950,11.588249,19534.6,20050.0,20050,ATM+10,CALL,19550,2023-11-12
2023-11-12 18:42:00+05:30,1.5,1.55,1.5,1.55,7750,740950,11.562989,19535.9,20050.0,20050,ATM+10,CALL,19550,2023-11-12
2023-11-12 18:43:00+05:30,1.55,1.55,1.5,1.5,2500,740950,11.500338,19536.3,20050.0,20050,ATM+10,CALL,19550,2023-11-12
2023-11-12 18:44:00+05:30,1.5,1.55,1.5,1.55,500,741100,11.561158,19536.1,20050.0,20050,ATM+10,CALL,19550,2023-11-12
2023-11-12 18:45:00+05:30,1.55,1.55,1.5,1.5,5050,741100,11.520753,19535.4,20050.0,20050,ATM+10,CALL,19550,2023-11-12
2023-11-12 18:46:00+05:30,1.5,1.55,1.5,1.5,1250,741100,11.531973,19534.9,20050.0,20050,ATM+10,CALL,19550,2023-11-12
2023-11-12 18:47:00+05:30,1.5,1.55,1.5,1.5,1900,743300,11.520951,19535.5,20050.0,20050,ATM+10,CALL,19550,2023-11-12
2023-11-12 18:48:00+05:30,1.5,1.55,1.5,1.55,3850,743300,11.599109,19534.45,20050.0,20050,ATM+10,CALL,19550,2023-11-12
2023-11-12 18:49:00+05:30,1.5,1.55,1.5,1.5,3700,743300,11.611128,19531.15,20050.0,20050,ATM+10,CALL,19550,2023-11-12
2023-11-12 18:50:00+05:30,1.5,1.55,1.5,1.55,2050,744550,11.671359,19531.0,20050.0,20050,ATM+10,CALL,19550,2023-11-12
2023-11-12 18:51:00+05:30,1.5,1.5,1.45,1.45,8550,744550,11.595329,19529.2,20050.0,20050,ATM+10,CALL,19550,2023-11-12
2023-11-12 18:52:00+05:30,1.45,1.5,1.45,1.5,1650,744550,11.650871,19529.35,20050.0,20050,ATM+10,CALL,19550,2023-11-12
2023-11-12 18:53:00+05:30,1.5,1.5,1.45,1.5,14300,748050,11.68231,19527.85,20050.0,20050,ATM+10,CALL,19550,2023-11-12
2023-11-12 18:54:00+05:30,1.5,1.5,1.45,1.45,3050,748050,11.583578,19529.95,20050.0,20050,ATM+10,CALL,19550,2023-11-12
2023-11-12 18:55:00+05:30,1.45,1.5,1.45,1.5,3250,748050,11.638067,19530.15,20050.0,20050,ATM+10,CALL,19550,2023-11-12
2023-11-12 18:56:00+05:30,1.5,1.5,1.45,1.45,2550,753000,11.657303,19526.4,20050.0,20050,ATM+10,CALL,19550,2023-11-12
2023-11-12 18:57:00+05:30,1.45,1.5,1.45,1.45,10050,753000,11.652387,19526.7,20050.0,20050,ATM+10,CALL,19550,2023-11-12
2023-11-12 18:58:00+05:30,1.45,1.5,1.45,1.45,2100,753000,11.614237,19528.65,20050.0,20050,ATM+10,CALL,19550,2023-11-12
2023-11-12 18:59:00+05:30,1.45,1.45,1.4,1.4,16450,751050,11.560527,19528.45,20050.0,20050,ATM+10,CALL,19550,2023-11-12
2023-11-12 19:00:00+05:30,1.45,1.45,1.4,1.4,5650,751050,11.529529,19530.05,20050.0,20050,ATM+10,CALL,19550,2023-11-12
2023-11-12 19:01:00+05:30,1.4,1.45,1.4,1.4,6900,751050,11.55473,19528.85,20050.0,20050,ATM+10,CALL,19550,2023-11-12
2023-11-12 19:02:00+05:30,1.4,1.45,1.4,1.4,3350,754350,11.541794,19529.55,20050.0,20050,ATM+10,CALL,19550,2023-11-12
2023-11-12 19:03:00+05:30,1.4,1.45,1.4,1.4,1150,754350,11.583056,19527.55,20050.0,20050,ATM+10,CALL,19550,2023-11-12
2023-11-12 19:04:00+05:30,1.4,1.45,1.4,1.45,3100,754350,11.639103,19527.75,20050.0,20050,ATM+10,CALL,19550,2023-11-12
2023-11-12 19:05:00+05:30,1.8,1.8,1.7,1.7,324850,5465800,11.263039,19510.95,20000.0,20050,ATM+10,CALL,19550,2023-11-12
2023-11-12 19:06:00+05:30,1.7,1.75,1.6,1.7,220000,5465800,11.040387,19521.75,20000.0,20050,ATM+10,CALL,19550,2023-11-12
2023-11-12 19:07:00+05:30,1.7,1.7,1.65,1.7,85100,5465800,11.022791,19522.65,20000.0,20050,ATM+10,CALL,19550,2023-11-12
2023-11-12 19:08:00+05:30,1.7,1.7,1.65,1.7,69900,5394050,11.02075,19522.8,20000.0,20050,ATM+10,CALL,19550,2023-11-12
2023-11-12 19:09:00+05:30,1.65,1.75,1.65,1.7,184200,5394050,11.043605,19521.75,20000.0,20050,ATM+10,CALL,19550,2023-11-12
2023-11-12 19:10:00+05:30,1.7,1.7,1.55,1.6,348750,5394050,10.902195,19523.75,20000.0,20050,ATM+10,CALL,19550,2023-11-12
2023-11-12 19:11:00+05:30,1.55,1.6,1.55,1.55,283900,5347500,10.8574,19523.45,20000.0,20050,ATM+10,CALL,19550,2023-11-12
2023-11-12 19:12:00+05:30,1.55,1.6,1.55,1.55,87250,5347500,10.858457,19523.45,20000.0,20050,ATM+10,CALL,19550,2023-11-12
2023-11-12 19:13:00+05:30,1.55,1.6,1.55,1.55,131150,5347500,10.881078,19522.4,20000.0,20050,ATM+10,CALL,19550,2023-11-12
2023-11-12 19:14:00+05:30,1.6,1.6,1.5,1.55,210950,5341300,10.88419,19522.3,20000.0,20050,ATM+10,CALL,19550,2023-11-12
2023-11-12 19:15:00+05:30,1.6,1.6,1.6,1.6,1100,5341300,10.912654,19523.5,20000.0,20050,ATM+10,CALL,19550,2023-11-12
2023-11-12 18:15:00+05:30,505.85,542.7,505.85,525.0,850,126450,27.610694,19519.4,20000.0,20050,ATM+10,PUT,19550,2023-11-12
2023-11-12 18:16:00+05:30,525.0,525.0,517.8,517.8,900,126450,26.846582,19522.9,20000.0,20050,ATM+10,PUT,19550,2023-11-12
2023-11-12 18:17:00+05:30,517.8,517.8,512.7,513.25,5750,126650,25.394085,19518.4,20000.0,20050,ATM+10,PUT,19550,2023-11-12
2023-11-12 18:18:00+05:30,513.25,517.0,511.0,514.25,3800,126650,26.113354,19522.1,20000.0,20050,ATM+10,PUT,19550,2023-11-12
2023-11-12 18:19:00+05:30,514.25,514.25,509.35,509.35,550,126650,25.349972,19522.9,20000.0,20050,ATM+10,PUT,19550,2023-11-12
2023-11-12 18:55:00+05:30,557.95,557.95,544.55,544.75,350,1500,25.430558,19530.15,20050.0,20050,ATM+10,PUT,19550,2023-11-12
2023-11-12 19:05:00+05:30,493.5,498.15,493.5,498.15,1250,120500,21.20229,19510.95,20000.0,20050,ATM+10,PUT,19550,2023-11-12
2023-11-12 19:06:00+05:30,498.15,498.15,495.6,495.6,2950,120500,22.609841,19521.75,20000.0,20050,ATM+10,PUT,19550,2023-11-12
2023-11-12 19:07:00+05:30,495.6,495.6,495.0,495.0,3300,120500,22.642384,19522.65,20000.0,20050,ATM+10,PUT,19550,2023-11-12
2023-11-12 19:08:00+05:30,495.0,496.65,495.0,496.65,50,120500,23.000465,19522.8,20000.0,20050,ATM+10,PUT,19550,2023-11-12
2023-11-12 19:09:00+05:30,496.65,498.05,496.65,498.05,250,117950,23.106614,19521.75,20000.0,20050,ATM+10,PUT,19550,2023-11-12
2023-11-12 19:10:00+05:30,498.05,498.05,496.2,497.0,2600,117950,23.229408,19523.75,20000.0,20050,ATM+10,PUT,19550,2023-11-12
2023-11-12 19:11:00+05:30,497.0,497.0,495.0,496.0,2150,118300,22.983133,19523.45,20000.0,20050,ATM+10,PUT,19550,2023-11-12
2023-11-12 19:12:00+05:30,496.0,497.0,496.0,497.0,1200,118300,23.183143,19523.45,20000.0,20050,ATM+10,PUT,19550,2023-11-12
2023-11-12 19:14:00+05:30,497.0,497.05,493.3,493.3,2250,118350,22.244273,19522.3,20000.0,20050,ATM+10,PUT,19550,2023-11-12
2023-11-12 19:15:00+05:30,492.3,492.3,492.3,492.3,50,118350,22.247603,19523.5,20000.0,20050,ATM+10,PUT,19550,2023-11-12
2023-11-12 18:15:00+05:30,2.0,3.75,0.05,2.45,351850,1236150,10.638703,19519.4,19950.0,20000,ATM+9,CALL,19550,2023-11-12
2023-11-12 18:16:00+05:30,2.5,2.6,2.3,2.3,340500,1236150,10.451238,19522.9,19950.0,20000,ATM+9,CALL,19550,2023-11-12
2023-11-12 18:17:00+05:30,2.35,2.4,2.25,2.25,312150,1427000,10.5113,19518.4,19950.0,20000,ATM+9,CALL,19550,2023-11-12
2023-11-12 18:18:00+05:30,2.3,2.3,2.15,2.15,267500,1427000,10.353949,19522.1,19950.0,20000,ATM+9,CALL,19550,2023-11-12
2023-11-12 18:19:00+05:30,2.15,2.25,2.15,2.25,140450,1427000,10.415963,19522.9,19950.0,20000,ATM+9,CALL,19550,2023-11-12
2023-11-12 18:20:00+05:30,1.9,2.0,1.85,1.95,403050,5100100,11.068217,19529.35,20000.0,20000,ATM+9,CALL,19550,2023-11-12
2023-11-12 18:21:00+05:30,1.95,2.1,1.95,2.1,445000,5100100,11.10204,19534.0,20000.0,20000,ATM+9,CALL,19550,2023-11-12
2023-11-12 18:22:00+05:30,2.1,2.1,1.95,1.95,350550,5100100,10.936761,19535.7,20000.0,20000,ATM+9,CALL,19550,2023-11-12
2023-11-12 18:23:00+05:30,2.0,2.0,1.9,2.0,427400,5264850,10.943894,19537.5,20000.0,20000,ATM+9,CALL,19550,2023-11-12
2023-11-12 18:24:00+05:30,1.95,2.0,1.95,2.0,289300,5264850,11.006203,19534.6,20000.0,20000,ATM+9,CALL,19550,2023-11-12
2023-11-12 18:25:00+05:30,2.0,2.0,1.95,1.95,205100,5264850,10.993615,19533.15,20000.0,20000,ATM+9,CALL,19550,2023-11-12
2023-11-12 18:26:00+05:30,1.95,2.0,1.95,2.0,78600,5358800,10.949181,19537.4,20000.0,20000,ATM+9,CALL,19550,2023-11-12
2023-11-12 18:27:00+05:30,2.0,2.0,1.95,2.0,94050,5358800,10.862501,19541.55,20000.0,20000,ATM+9,CALL,19550,2023-11-12
2023-11-12 18:28:00+05:30,2.0,2.0,1.95,1.95,59800,5358800,10.786058,19543.15,20000.0,20000,ATM+9,CALL,19550,2023-11-12
2023-11-12 18:29:00+05:30,1.95,2.0,1.95,1.95,68000,5387150,10.841944,19540.55,20000.0,20000,ATM+9,CALL,19550,2023-11-12
2023-11-12 18:30:00+05:30,1.95,2.0,1.95,1.95,129150,5387150,10.891486,19538.25,20000.0,20000,ATM+9,CALL,19550,2023-11-12
2023-11-12 18:31:00+05:30,1.95,2.0,1.9,1.95,151300,5387150,11.075771,19529.55,20000.0,20000,ATM+9,CALL,19550,2023-11-12
2023-11-12 18:32:00+05:30,1.95,1.95,1.9,1.95,86200,5433700,10.98526,19533.9,20000.0,20000,ATM+9,CALL,19550,2023-11-12
2023-11-12 18:33:00+05:30,1.95,2.0,1.9,2.0,199100,5433700,11.024236,19534.2,20000.0,20000,ATM+9,CALL,19550,2023-11-12
2023-11-12 18:34:00+05:30,1.95,2.0,1.95,1.95,43300,5433700,10.995812,19533.5,20000.0,20000,ATM+9,CALL,19550,2023-11-12
2023-11-12 18:35:00+05:30,1.95,2.0,1.95,2.0,64800,5465450,11.066515,19532.3,20000.0,20000,ATM+9,CALL,19550,2023-11-12
2023-11-12 18:36:00+05:30,1.95,2.0,1.95,2.0,180750,5465450,11.102438,19530.65,20000.0,20000,ATM+9,CALL,19550,2023-11-12
2023-11-12 18:37:00+05:30,2.0,2.0,1.95,2.0,86500,5465450,11.213284,19525.45,20000.0,20000,ATM+9,CALL,19550,2023-11-12
2023-11-12 18:38:00+05:30,1.95,2.0,1.9,1.95,117950,5485050,11.141156,19526.8,20000.0,20000,ATM+9,CALL,19550,2023-11-12
2023-11-12 18:39:00+05:30,1.95,1.95,1.9,1.9,65600,5485050,10.965569,19533.05,20000.0,20000,ATM+9,CALL,19550,2023-11-12
2023-11-12 18:40:00+05:30,1.95,1.95,1.9,1.9,109650,5485050,10.939315,19534.35,20000.0,20000,ATM+9,CALL,19550,2023-11-12
2023-11-12 18:41:00+05:30,1.9,1.9,1.85,1.85,51300,5515250,10.889413,19534.6,20000.0,20000,ATM+9,CALL,19550,2023-11-12
2023-11-12 18:42:00+05:30,1.85,1.9,1.85,1.9,32350,5515250,10.908851,19535.9,20000.0,20000,ATM+9,CALL,19550,2023-11-12
2023-11-12 18:43:00+05:30,1.9,1.9,1.85,1.9,74150,5515250,10.901497,19536.3,20000.0,20000,ATM+9,CALL,19550,2023-11-12
2023-11-12 18:44:00+05:30,1.9,1.9,1.85,1.9,30600,5531250,10.90676,19536.1,20000.0,20000,ATM+9,CALL,19550,2023-11-12
2023-11-12 18:45:00+05:30,1.85,1.9,1.85,1.85,22450,5531250,10.876867,19535.4,20000.0,20000,ATM+9,CALL,19550,2023-11-12
2023-11-12 18:46:00+05:30,1.9,1.9,1.85,1.85,36150,5531250,10.888404,19534.9,20000.0,20000,ATM+9,CALL,19550,2023-11-12
2023-11-12 18:47:00+05:30,1.85,1.9,1.85,1.85,23050,5551600,10.87688,19535.5,20000.0,20000,ATM+9,CALL,19550,2023-11-12
2023-11-12 18:48:00+05:30,1.85,1.9,1.85,1.85,26700,5551600,10.899951,19534.45,20000.0,20000,ATM+9,CALL,19550,2023-11-12
2023-11-12 18:49:00+05:30,1.85,1.9,1.85,1.85,35150,5551600,10.970174,19531.15,20000.0,20000,ATM+9,CALL,19550,2023-11-12
2023-11-12 18:50:00+05:30,1.85,1.9,1.85,1.85,56700,5578500,10.974381,19531.0,20000.0,20000,ATM+9,CALL,19550,2023-11-12
2023-11-12 18:51:00+05:30,1.85,1.9,1.85,1.85,36050,5578500,11.013158,19529.2,20000.0,20000,ATM+9,CALL,19550,2023-11-12
2023-11-12 18:52:00+05:30,1.9,1.9,1.85,1.85,65900,5578500,11.011084,19529.35,20000.0,20000,ATM+9,CALL,19550,2023-11-12
2023-11-12 18:53:00+05:30,1.9,1.9,1.85,1.9,39350,5574000,11.089779,19527.85,20000.0,20000,ATM+9,CALL,19550,2023-11-12
2023-11-12 18:54:00+05:30,1.9,1.9,1.8,1.85,54450,5574000,11.000647,19529.95,20000.0,20000,ATM+9,CALL,19550,2023-11-12
2023-11-12 18:55:00+05:30,1.8,1.85,1.8,1.85,18150,5574000,10.997523,19530.15,20000.0,20000,ATM+9,CALL,19550,2023-11-12
2023-11-12 18:56:00+05:30,1.8,1.85,1.8,1.8,31050,5577550,11.030053,19526.4,20000.0,20000,ATM+9,CALL,19550,2023-11-12
2023-11-12 18:57:00+05:30,1.85,1.85,1.8,1.85,67400,5577550,11.071954,19526.7,20000.0,20000,ATM+9,CALL,19550,2023-11-12
2023-11-12 18:58:00+05:30,1.85,1.85,1.8,1.8,82600,5577550,10.9852,19528.65,20000.0,20000,ATM+9,CALL,19550,2023-11-12
2023-11-12 18:59:00+05:30,1.8,1.85,1.75,1.75,108900,5553550,10.942626,19528.45,20000.0,20000,ATM+9,CALL,19550,2023-11-12
2023-11-12 19:00:00+05:30,1.75,1.85,1.75,1.8,283250,5553550,10.958077,19530.05,20000.0,20000,ATM+9,CALL,19550,2023-11-12
2023-11-12 19:01:00+05:30,1.85,1.85,1.8,1.8,31350,5553550,10.984222,19528.85,20000.0,20000,ATM+9,CALL,19550,2023-11-12
2023-11-12 19:02:00+05:30,1.8,1.85,1.75,1.8,114200,5469250,10.970659,19529.55,20000.0,20000,ATM+9,CALL,19550,2023-11-12
2023-11-12 19:03:00+05:30,1.75,1.8,1.75,1.75,98650,5469250,10.965625,19527.55,20000.0,20000,ATM+9,CALL,19550,2023-11-12
2023-11-12 19:04:00+05:30,1.75,1.8,1.75,1.8,77200,5469250,11.010415,19527.75,20000.0,20000,ATM+9,CALL,19550,2023-11-12
2023-11-12 19:05:00+05:30,2.1,2.15,1.95,1.95,225000,1477550,10.474965,19510.95,19950.0,20000,ATM+9,CALL,19550,2023-11-12
2023-11-12 19:06:00+05:30,1.95,2.0,1.85,1.9,107650,1477550,10.20284,19521.75,19950.0,20000,ATM+9,CALL,19550,2023-11-12
2023-11-12 19:07:00+05:30,1.9,1.9,1.85,1.85,25500,1477550,10.141278,19522.65,19950.0,20000,ATM+9,CALL,19550,2023-11-12
2023-11-12 19:08:00+05:30,1.9,1.9,1.85,1.9,76400,1510350,10.182473,19522.8,19950.0,20000,ATM+9,CALL,19550,2023-11-12
2023-11-12 19:09:00+05:30,1.9,1.95,1.85,1.9,56750,1510350,10.205838,19521.75,19950.0,20000,ATM+9,CALL,19550,2023-11-12
2023-11-12 19:10:00+05:30,1.9,1.95,1.85,1.9,245450,1510350,10.164224,19523.75,19950.0,20000,ATM+9,CALL,19550,2023-11-12
2023-11-12 19:11:00+05:30,1.85,1.9,1.8,1.9,174500,1455450,10.171614,19523.45,19950.0,20000,ATM+9,CALL,19550,2023-11-12
2023-11-12 19:12:00+05:30,1.9,1.9,1.8,1.85,35450,1455450,10.129252,19523.45,19950.0,20000,ATM+9,CALL,19550,2023-11-12
2023-11-12 19:13:00+05:30,1.85,1.9,1.8,1.85,56300,1455450,10.152554,19522.4,19950.0,20000,ATM+9,CALL,19550,2023-11-12
2023-11-12 19:14:00+05:30,1.85,1.95,1.7,1.8,77250,1429850,10.111488,19522.3,19950.0,20000,ATM+9,CALL,19550,2023-11-12
2023-11-12 19:15:00+05:30,1.7,1.7,1.7,1.7,200,1429850,9.996489,19523.5,19950.0,20000,ATM+9,CALL,19550,2023-11-12
