datetime,open,high,low,close,volume,oi,iv,spot,api_strike,strike,strike_label,option_type,atm,date
2024-11-01 18:00:00+05:30,570.0,570.0,532.0,537.65,8100,71350,0.0,24320.9,23800.0,23800,ATM-10,CALL,24300,2024-11-01
2024-11-01 18:01:00+05:30,509.4,514.15,509.4,511.8,275,27050,0.0,24336.25,23850.0,23800,ATM-10,CALL,24300,2024-11-01
2024-11-01 18:02:00+05:30,509.15,511.7,508.25,511.7,100,27050,0.0,24340.65,23850.0,23800,ATM-10,CALL,24300,2024-11-01
2024-11-01 18:03:00+05:30,511.7,516.6,511.7,516.6,750,27050,0.0,24350.55,23850.0,23800,ATM-10,CALL,24300,2024-11-01
2024-11-01 18:04:00+05:30,516.4,516.85,502.05,502.05,700,27125,0.0,24342.35,23850.0,23800,ATM-10,CALL,24300,2024-11-01
2024-11-01 18:05:00+05:30,502.05,507.7,498.0,498.0,125,27125,0.0,24336.25,23850.0,23800,ATM-10,CALL,24300,2024-11-01
2024-11-01 18:06:00+05:30,498.0,502.75,498.0,502.75,25,27125,0.0,24332.9,23850.0,23800,ATM-10,CALL,24300,2024-11-01
2024-11-01 18:07:00+05:30,502.95,502.95,498.7,500.75,1325,27125,0.0,24330.3,23850.0,23800,ATM-10,CALL,24300,2024-11-01
2024-11-01 18:08:00+05:30,500.75,502.7,498.95,502.7,100,27125,0.0,24346.75,23850.0,23800,ATM-10,CALL,24300,2024-11-01
2024-11-01 18:09:00+05:30,502.7,513.75,502.7,510.0,325,27125,0.0,24346.45,23850.0,23800,ATM-10,CALL,24300,2024-11-01
2024-11-01 18:10:00+05:30,510.0,512.4,510.0,512.4,50,27125,0.0,24352.95,23850.0,23800,ATM-10,CALL,24300,2024-11-01
2024-11-01 18:11:00+05:30,512.4,515.8,510.55,510.7,1075,27050,0.0,24349.9,23850.0,23800,ATM-10,CALL,24300,2024-11-01
2024-11-01 18:12:00+05:30,512.95,512.95,511.65,511.65,50,27050,0.0,24354.55,23850.0,23800,ATM-10,CALL,24300,2024-11-01
2024-11-01 18:13:00+05:30,511.65,515.85,511.1,514.45,175,28075,0.0,24359.3,23850.0,23800,ATM-10,CALL,24300,2024-11-01
2024-11-01 18:14:00+05:30,514.45,514.45,504.0,504.0,175,28075,0.0,24348.75,23850.0,23800,ATM-10,CALL,24300,2024-11-01
2024-11-01 18:15:00+05:30,504.0,507.5,502.0,502.2,300,28075,0.0,24344.75,23850.0,23800,ATM-10,CALL,24300,2024-11-01
2024-11-01 18:17:00+05:30,502.2,509.25,502.2,509.25,25,28175,0.0,24342.5,23850.0,23800,ATM-10,CALL,24300,2024-11-01
2024-11-01 18:18:00+05:30,509.25,509.25,492.8,494.6,1800,28175,0.0,24333.65,23850.0,23800,ATM-10,CALL,24300,2024-11-01
2024-11-01 18:19:00+05:30,494.6,495.95,493.15,495.1,275,28100,0.0,24330.85,23850.0,23800,ATM-10,CALL,24300,2024-11-01
2024-11-01 18:20:00+05:30,499.5,505.3,499.5,505.3,325,28100,0.0,24338.35,23850.0,23800,ATM-10,CALL,24300,2024-11-01
2024-11-01 18:21:00+05:30,505.3,505.3,502.25,502.25,50,28100,0.0,24337.15,23850.0,23800,ATM-10,CALL,24300,2024-11-01
2024-11-01 18:22:00+05:30,502.25,502.25,495.55,495.55,25,28100,0.0,24329.25,23850.0,23800,ATM-10,CALL,24300,2024-11-01
2024-11-01 18:27:00+05:30,495.55,506.85,495.55,506.85,25,28100,0.0,24332.1,23850.0,23800,ATM-10,CALL,24300,2024-11-01
2024-11-01 18:28:00+05:30,506.85,506.85,501.3,501.3,200,28100,0.0,24328.4,23850.0,23800,ATM-10,CALL,24300,2024-11-01
2024-11-01 18:29:00+05:30,501.3,501.3,498.0,498.0,100,28100,0.0,24326.8,23850.0,23800,ATM-10,CALL,24300,2024-11-01
2024-11-01 18:31:00+05:30,498.0,502.9,498.0,502.9,25,28075,0.0,24328.5,23850.0,23800,ATM-10,CALL,24300,2024-11-01
2024-11-01 18:32:00+05:30,502.9,502.9,499.65,499.65,1950,28075,0.0,24329.9,23850.0,23800,ATM-10,CALL,24300,2024-11-01
2024-11-01 18:37:00+05:30,543.9,545.4,541.5,542.2,3025,76175,0.0,24323.2,23800.0,23800,ATM-10,CALL,24300,2024-11-01
2024-11-01 18:38:00+05:30,542.2,544.95,542.2,543.65,4400,76175,0.0,24320.5,23800.0,23800,ATM-10,CALL,24300,2024-11-01
2024-11-01 18:39:00+05:30,542.95,543.95,541.5,543.4,2400,76175,0.0,24319.65,23800.0,23800,ATM-10,CALL,24300,2024-11-01
2024-11-01 18:40:00+05:30,542.15,543.6,539.0,539.0,1275,76250,0.0,24316.55,23800.0,23800,ATM-10,CALL,24300,2024-11-01
2024-11-01 18:41:00+05:30,539.0,540.3,536.25,540.3,1225,76250,0.0,24314.45,23800.0,23800,ATM-10,CALL,24300,2024-11-01
2024-11-01 18:42:00+05:30,538.95,539.3,537.8,538.85,600,76250,0.0,24312.95,23800.0,23800,ATM-10,CALL,24300,2024-11-01
2024-11-01 18:43:00+05:30,538.85,538.9,532.75,535.05,875,76350,0.0,24306.25,23800.0,23800,ATM-10,CALL,24300,2024-11-01
2024-11-01 18:44:00+05:30,535.05,536.75,535.05,536.4,575,76350,0.0,24305.4,23800.0,23800,ATM-10,CALL,24300,2024-11-01
2024-11-01 18:45:00+05:30,536.4,536.9,536.0,536.9,275,76350,0.0,24300.55,23800.0,23800,ATM-10,CALL,24300,2024-11-01
2024-11-01 18:46:00+05:30,536.9,536.9,535.1,535.1,225,76350,0.0,24297.55,23800.0,23800,ATM-10,CALL,24300,2024-11-01
2024-11-01 18:47:00+05:30,535.1,536.65,534.6,536.65,375,76475,8.762313,24296.2,23800.0,23800,ATM-10,CALL,24300,2024-11-01
2024-11-01 18:48:00+05:30,536.65,538.95,536.65,538.95,375,76475,9.205014,24297.75,23800.0,23800,ATM-10,CALL,24300,2024-11-01
2024-11-01 18:49:00+05:30,538.95,540.0,538.95,538.95,125,76300,8.739453,24298.6,23800.0,23800,ATM-10,CALL,24300,2024-11-01
2024-11-01 18:50:00+05:30,538.95,539.85,535.4,535.4,300,76300,10.957364,24289.1,23800.0,23800,ATM-10,CALL,24300,2024-11-01
2024-11-01 18:52:00+05:30,535.4,537.65,535.4,537.65,1325,76225,7.846087,24298.45,23800.0,23800,ATM-10,CALL,24300,2024-11-01
2024-11-01 18:53:00+05:30,537.65,542.55,537.65,542.55,2250,76225,8.148053,24303.1,23800.0,23800,ATM-10,CALL,24300,2024-11-01
2024-11-01 18:54:00+05:30,542.55,543.5,538.4,538.5,450,76225,10.261895,24294.7,23800.0,23800,ATM-10,CALL,24300,2024-11-01
2024-11-01 18:55:00+05:30,538.5,539.55,536.0,536.0,225,78300,9.483865,24294.15,23800.0,23800,ATM-10,CALL,24300,2024-11-01
2024-11-01 18:56:00+05:30,536.0,536.35,536.0,536.1,750,78300,8.693063,24295.8,23800.0,23800,ATM-10,CALL,24300,2024-11-01
2024-11-01 18:57:00+05:30,536.1,537.2,536.0,536.0,1650,78300,9.08777,24295.0,23800.0,23800,ATM-10,CALL,24300,2024-11-01
2024-11-01 18:58:00+05:30,536.0,537.0,534.1,535.55,775,78300,8.78249,24295.1,23800.0,23800,ATM-10,CALL,24300,2024-11-01
2024-11-01 18:59:00+05:30,535.55,536.9,532.5,536.2,1050,78400,0.0,24300.55,23800.0,23800,ATM-10,CALL,24300,2024-11-01
2024-11-01 18:00:00+05:30,64.95,76.2,54.5,68.9,164875,1594350,21.1264,24320.9,23800.0,23800,ATM-10,PUT,24300,2024-11-01
2024-11-01 18:01:00+05:30,79.7,80.4,73.75,74.35,24325,210650,20.929216,24336.25,23850.0,23800,ATM-10,PUT,24300,2024-11-01
2024-11-01 18:02:00+05:30,74.6,75.55,73.5,75.15,24925,210650,21.124174,24340.65,23850.0,23800,ATM-10,PUT,24300,2024-11-01
2024-11-01 18:03:00+05:30,75.0,75.0,70.25,71.0,16775,210650,20.873164,24350.55,23850.0,23800,ATM-10,PUT,24300,2024-11-01
2024-11-01 18:04:00+05:30,71.4,75.05,71.4,74.0,13950,228200,21.033752,24342.35,23850.0,23800,ATM-10,PUT,24300,2024-11-01
2024-11-01 18:05:00+05:30,74.2,75.5,73.4,75.3,17775,228200,21.042458,24336.25,23850.0,23800,ATM-10,PUT,24300,2024-11-01
2024-11-01 18:06:00+05:30,75.1,75.55,72.9,73.4,10125,228200,20.74805,24332.9,23850.0,23800,ATM-10,PUT,24300,2024-11-01
2024-11-01 18:07:00+05:30,73.4,74.9,72.95,74.65,10000,236750,20.831915,24330.3,23850.0,23800,ATM-10,PUT,24300,2024-11-01
2024-11-01 18:08:00+05:30,74.6,74.85,71.05,71.45,15750,236750,20.844217,24346.75,23850.0,23800,ATM-10,PUT,24300,2024-11-01
2024-11-01 18:09:00+05:30,71.2,72.8,70.65,72.8,10675,236750,20.995399,24346.45,23850.0,23800,ATM-10,PUT,24300,2024-11-01
2024-11-01 18:10:00+05:30,72.6,72.8,69.6,70.0,15875,243225,20.818552,24352.95,23850.0,23800,ATM-10,PUT,24300,2024-11-01
2024-11-01 18:11:00+05:30,69.6,70.25,69.15,69.5,17250,243225,20.691244,24349.9,23850.0,23800,ATM-10,PUT,24300,2024-11-01
2024-11-01 18:12:00+05:30,69.4,70.25,68.8,69.0,9825,243225,20.739302,24354.55,23850.0,23800,ATM-10,PUT,24300,2024-11-01
2024-11-01 18:13:00+05:30,68.9,69.0,67.1,67.15,14075,260675,20.628223,24359.3,23850.0,23800,ATM-10,PUT,24300,2024-11-01
2024-11-01 18:14:00+05:30,67.15,68.8,67.05,68.75,11250,260675,20.579958,24348.75,23850.0,23800,ATM-10,PUT,24300,2024-11-01
2024-11-01 18:15:00+05:30,68.75,70.6,68.75,69.95,18350,260675,20.630841,24344.75,23850.0,23800,ATM-10,PUT,24300,2024-11-01
2024-11-01 18:16:00+05:30,69.9,69.95,67.5,67.5,7175,268875,20.461488,24349.95,23850.0,23800,ATM-10,PUT,24300,2024-11-01
2024-11-01 18:17:00+05:30,67.55,68.3,66.75,68.0,11300,268875,20.352291,24342.5,23850.0,23800,ATM-10,PUT,24300,2024-11-01
2024-11-01 18:18:00+05:30,68.0,71.2,68.0,71.2,23650,268875,20.524761,24333.65,23850.0,23800,ATM-10,PUT,24300,2024-11-01
2024-11-01 18:19:00+05:30,71.0,72.0,70.7,71.2,12925,273600,20.46121,24330.85,23850.0,23800,ATM-10,PUT,24300,2024-11-01
2024-11-01 18:20:00+05:30,70.65,70.65,69.0,69.8,18475,273600,20.472101,24338.35,23850.0,23800,ATM-10,PUT,24300,2024-11-01
2024-11-01 18:21:00+05:30,69.9,70.15,69.2,69.85,11500,273600,20.451494,24337.15,23850.0,23800,ATM-10,PUT,24300,2024-11-01
2024-11-01 18:22:00+05:30,69.9,71.75,69.9,71.5,13875,273600,20.462226,24329.25,23850.0,23800,ATM-10,PUT,24300,2024-11-01
2024-11-01 18:23:00+05:30,71.1,72.15,71.1,71.95,10150,273600,20.496769,24328.45,23850.0,23800,ATM-10,PUT,24300,2024-11-01
2024-11-01 18:24:00+05:30,71.8,71.95,71.05,71.65,10500,273600,20.529207,24331.3,23850.0,23800,ATM-10,PUT,24300,2024-11-01
2024-11-01 18:25:00+05:30,71.65,71.7,70.7,70.95,4725,276125,20.393772,24328.9,23850.0,23800,ATM-10,PUT,24300,2024-11-01
2024-11-01 18:26:00+05:30,70.95,70.95,65.5,66.4,31925,276125,20.144155,24341.25,23850.0,23800,ATM-10,PUT,24300,2024-11-01
2024-11-01 18:27:00+05:30,67.0,68.0,67.0,67.85,9050,276125,20.107861,24332.1,23850.0,23800,ATM-10,PUT,24300,2024-11-01
2024-11-01 18:28:00+05:30,67.9,70.15,67.45,70.15,12125,274900,20.292677,24328.4,23850.0,23800,ATM-10,PUT,24300,2024-11-01
2024-11-01 18:29:00+05:30,70.0,71.4,69.55,70.25,13600,274900,20.268441,24326.8,23850.0,23800,ATM-10,PUT,24300,2024-11-01
2024-11-01 18:30:00+05:30,69.85,69.85,68.65,68.8,11050,274900,20.168567,24329.75,23850.0,23800,ATM-10,PUT,24300,2024-11-01
2024-11-01 18:31:00+05:30,69.0,69.9,69.0,69.55,4175,276300,20.228432,24328.5,23850.0,23800,ATM-10,PUT,24300,2024-11-01
2024-11-01 18:32:00+05:30,69.55,71.0,69.3,70.15,9750,276300,20.331655,24329.9,23850.0,23800,ATM-10,PUT,24300,2024-11-01
2024-11-01 18:33:00+05:30,70.15,70.5,69.5,69.65,5750,276300,20.272219,24329.8,23850.0,23800,ATM-10,PUT,24300,2024-11-01
2024-11-01 18:34:00+05:30,69.9,69.9,69.35,69.55,2550,280150,20.251283,24329.35,23850.0,23800,ATM-10,PUT,24300,2024-11-01
2024-11-01 18:35:00+05:30,69.4,69.6,69.3,69.3,7250,280150,20.225511,24329.45,23850.0,23800,ATM-10,PUT,24300,2024-11-01
2024-11-01 18:36:00+05:30,69.4,69.6,66.9,68.65,10600,280150,20.179353,24330.7,23850.0,23800,ATM-10,PUT,24300,2024-11-01
2024-11-01 18:37:00+05:30,60.0,61.75,60.0,61.75,27575,1907225,20.350212,24323.2,23800.0,23800,ATM-10,PUT,24300,2024-11-01
2024-11-01 18:38:00+05:30,61.75,61.8,61.1,61.8,30950,1907225,20.297494,24320.5,23800.0,23800,ATM-10,PUT,24300,2024-11-01
2024-11-01 18:39:00+05:30,61.9,62.2,61.7,62.2,42175,1907225,20.329067,24319.65,23800.0,23800,ATM-10,PUT,24300,2024-11-01
2024-11-01 18:40:00+05:30,62.05,62.85,61.65,62.85,81425,1944000,20.340992,24316.55,23800.0,23800,ATM-10,PUT,24300,2024-11-01
2024-11-01 18:41:00+05:30,62.95,63.35,62.45,62.6,46025,1944000,20.26448,24314.45,23800.0,23800,ATM-10,PUT,24300,2024-11-01
2024-11-01 18:42:00+05:30,62.65,63.15,62.45,62.85,29600,1944000,20.262697,24312.95,23800.0,23800,ATM-10,PUT,24300,2024-11-01
2024-11-01 18:43:00+05:30,63.1,63.95,62.7,63.95,55925,1957225,20.24764,24306.25,23800.0,23800,ATM-10,PUT,24300,2024-11-01
2024-11-01 18:44:00+05:30,63.8,64.0,63.2,63.9,23600,1957225,20.223528,24305.4,23800.0,23800,ATM-10,PUT,24300,2024-11-01
2024-11-01 18:45:00+05:30,63.95,63.95,62.6,63.3,38475,1957225,20.042546,24300.55,23800.0,23800,ATM-10,PUT,24300,2024-11-01
2024-11-01 18:46:00+05:30,63.3,63.75,63.3,63.5,25300,1983375,20.000283,24297.55,23800.0,23800,ATM-10,PUT,24300,2024-11-01
2024-11-01 18:47:00+05:30,63.65,63.7,61.2,61.8,71650,1983375,19.764195,24296.2,23800.0,23800,ATM-10,PUT,24300,2024-11-01
2024-11-01 18:48:00+05:30,62.0,62.75,61.9,61.95,20625,1983375,19.818386,24297.75,23800.0,23800,ATM-10,PUT,24300,2024-11-01
2024-11-01 18:49:00+05:30,61.75,62.5,61.75,62.2,66925,2032975,19.869065,24298.6,23800.0,23800,ATM-10,PUT,24300,2024-11-01
2024-11-01 18:50:00+05:30,62.0,62.9,61.9,62.8,89500,2032975,19.729026,24289.1,23800.0,23800,ATM-10,PUT,24300,2024-11-01
2024-11-01 18:51:00+05:30,63.0,63.45,62.75,62.9,38625,2032975,19.865231,24294.55,23800.0,23800,ATM-10,PUT,24300,2024-11-01
2024-11-01 18:52:00+05:30,62.85,63.25,62.55,62.6,26125,2013625,19.917677,24298.45,23800.0,23800,ATM-10,PUT,24300,2024-11-01
2024-11-01 18:53:00+05:30,62.35,62.5,60.75,61.05,41450,2013625,19.833292,24303.1,23800.0,23800,ATM-10,PUT,24300,2024-11-01
2024-11-01 18:54:00+05:30,61.05,63.0,60.8,62.95,65925,2013625,19.877898,24294.7,23800.0,23800,ATM-10,PUT,24300,2024-11-01
2024-11-01 18:55:00+05:30,62.95,63.25,61.8,62.7,41175,2011325,19.83621,24294.15,23800.0,23800,ATM-10,PUT,24300,2024-11-01
2024-11-01 18:56:00+05:30,62.6,62.95,62.4,62.5,19375,2011325,19.850143,24295.8,23800.0,23800,ATM-10,PUT,24300,2024-11-01
2024-11-01 18:57:00+05:30,62.6,62.75,62.25,62.3,35725,2011325,19.808849,24295.0,23800.0,23800,ATM-10,PUT,24300,2024-11-01
2024-11-01 18:58:00+05:30,62.3,62.45,61.6,61.95,36400,1999675,19.769505,24295.1,23800.0,23800,ATM-10,PUT,24300,2024-11-01
2024-11-01 18:59:00+05:30,61.95,62.0,59.5,60.0,69200,1999675,19.653262,24300.55,23800.0,23800,ATM-10,PUT,24300,2024-11-01
2024-11-01 18:01:00+05:30,465.0,473.6,461.0,470.0,6725,57275,0.0,24336.25,23900.0,23850,ATM-9,CALL,24300,2024-11-01
2024-11-01 18:02:00+05:30,470.0,475.2,470.0,471.85,2175,57275,0.0,24340.65,23900.0,23850,ATM-9,CALL,24300,2024-11-01
2024-11-01 18:03:00+05:30,471.85,480.0,471.85,480.0,775,57275,0.0,24350.55,23900.0,23850,ATM-9,CALL,24300,2024-11-01
2024-11-01 18:04:00+05:30,477.7,477.7,461.45,465.35,3625,63425,0.0,24342.35,23900.0,23850,ATM-9,CALL,24300,2024-11-01
2024-11-01 18:05:00+05:30,465.35,468.55,456.85,461.8,825,63425,0.0,24336.25,23900.0,23850,ATM-9,CALL,24300,2024-11-01
2024-11-01 18:06:00+05:30,461.8,465.0,461.3,463.8,1200,63425,0.0,24332.9,23900.0,23850,ATM-9,CALL,24300,2024-11-01
2024-11-01 18:07:00+05:30,463.8,463.8,457.8,460.3,1350,64875,0.0,24330.3,23900.0,23850,ATM-9,CALL,24300,2024-11-01
2024-11-01 18:08:00+05:30,457.15,467.0,455.2,467.0,2625,64875,0.0,24346.75,23900.0,23850,ATM-9,CALL,24300,2024-11-01
2024-11-01 18:09:00+05:30,467.0,474.75,467.0,474.75,25,64875,0.0,24346.45,23900.0,23850,ATM-9,CALL,24300,2024-11-01
2024-11-01 18:10:00+05:30,474.75,477.6,472.5,477.1,2325,66700,0.0,24352.95,23900.0,23850,ATM-9,CALL,24300,2024-11-01
2024-11-01 18:11:00+05:30,477.1,477.1,470.0,471.0,1375,66700,0.0,24349.9,23900.0,23850,ATM-9,CALL,24300,2024-11-01
2024-11-01 18:12:00+05:30,470.4,471.95,470.4,471.95,75,66700,0.0,24354.55,23900.0,23850,ATM-9,CALL,24300,2024-11-01
2024-11-01 18:13:00+05:30,471.95,474.85,471.95,474.85,225,67325,0.0,24359.3,23900.0,23850,ATM-9,CALL,24300,2024-11-01
2024-11-01 18:14:00+05:30,474.85,474.85,464.1,464.1,225,67325,0.0,24348.75,23900.0,23850,ATM-9,CALL,24300,2024-11-01
2024-11-01 18:15:00+05:30,464.1,464.1,460.4,460.4,25,67325,0.0,24344.75,23900.0,23850,ATM-9,CALL,24300,2024-11-01
2024-11-01 18:16:00+05:30,460.4,467.7,460.4,467.7,25,67325,0.0,24349.95,23900.0,23850,ATM-9,CALL,24300,2024-11-01
2024-11-01 18:17:00+05:30,471.6,471.6,465.5,468.45,125,67325,0.0,24342.5,23900.0,23850,ATM-9,CALL,24300,2024-11-01
2024-11-01 18:18:00+05:30,468.45,468.45,455.0,455.0,1125,67325,0.0,24333.65,23900.0,23850,ATM-9,CALL,24300,2024-11-01
2024-11-01 18:19:00+05:30,455.05,458.2,455.05,455.4,150,67325,0.0,24330.85,23900.0,23850,ATM-9,CALL,24300,2024-11-01
2024-11-01 18:20:00+05:30,460.55,463.5,460.55,463.5,200,67325,0.0,24338.35,23900.0,23850,ATM-9,CALL,24300,2024-11-01
2024-11-01 18:21:00+05:30,464.45,464.45,464.05,464.45,1050,67325,0.0,24337.15,23900.0,23850,ATM-9,CALL,24300,2024-11-01
2024-11-01 18:22:00+05:30,464.45,464.45,454.95,454.95,575,67300,0.0,24329.25,23900.0,23850,ATM-9,CALL,24300,2024-11-01
2024-11-01 18:24:00+05:30,454.95,462.9,454.95,462.9,150,67300,0.0,24331.3,23900.0,23850,ATM-9,CALL,24300,2024-11-01
2024-11-01 18:25:00+05:30,462.9,462.9,460.1,460.1,25,67300,0.0,24328.9,23900.0,23850,ATM-9,CALL,24300,2024-11-01
2024-11-01 18:26:00+05:30,460.1,472.1,460.1,472.1,275,67825,0.0,24341.25,23900.0,23850,ATM-9,CALL,24300,2024-11-01
2024-11-01 18:27:00+05:30,472.1,472.1,462.0,466.1,1300,67825,0.0,24332.1,23900.0,23850,ATM-9,CALL,24300,2024-11-01
2024-11-01 18:28:00+05:30,466.1,466.1,461.85,461.85,800,67525,0.0,24328.4,23900.0,23850,ATM-9,CALL,24300,2024-11-01
2024-11-01 18:29:00+05:30,461.85,462.1,458.1,461.05,400,67525,0.0,24326.8,23900.0,23850,ATM-9,CALL,24300,2024-11-01
2024-11-01 18:31:00+05:30,461.05,462.95,461.05,462.95,150,67150,0.0,24328.5,23900.0,23850,ATM-9,CALL,24300,2024-11-01
2024-11-01 18:32:00+05:30,462.95,462.95,458.5,458.5,400,67150,0.0,24329.9,23900.0,23850,ATM-9,CALL,24300,2024-11-01
2024-11-01 18:33:00+05:30,458.5,463.9,458.5,463.9,25,67150,0.0,24329.8,23900.0,23850,ATM-9,CALL,24300,2024-11-01
2024-11-01 18:34:00+05:30,463.9,463.9,462.45,462.45,25,67100,0.0,24329.35,23900.0,23850,ATM-9,CALL,24300,2024-11-01
2024-11-01 18:35:00+05:30,462.45,462.45,461.95,461.95,50,67100,0.0,24329.45,23900.0,23850,ATM-9,CALL,24300,2024-11-01
2024-11-01 18:36:00+05:30,461.95,465.0,461.95,465.0,150,67100,0.0,24330.7,23900.0,23850,ATM-9,CALL,24300,2024-11-01
2024-11-01 18:39:00+05:30,499.65,501.0,499.65,500.45,50,28000,0.0,24319.65,23850.0,23850,ATM-9,CALL,24300,2024-11-01
2024-11-01 18:40:00+05:30,500.45,500.45,498.7,498.7,500,28025,0.0,24316.55,23850.0,23850,ATM-9,CALL,24300,2024-11-01
2024-11-01 18:41:00+05:30,498.7,498.7,496.2,497.45,75,28025,0.0,24314.45,23850.0,23850,ATM-9,CALL,24300,2024-11-01
2024-11-01 18:42:00+05:30,497.45,497.75,497.45,497.75,25,28025,0.0,24312.95,23850.0,23850,ATM-9,CALL,24300,2024-11-01
2024-11-01 18:43:00+05:30,497.75,497.75,493.05,493.65,125,28175,0.0,24306.25,23850.0,23850,ATM-9,CALL,24300,2024-11-01
2024-11-01 18:45:00+05:30,493.65,495.3,493.65,495.3,25,28175,9.825658,24300.55,23850.0,23850,ATM-9,CALL,24300,2024-11-01
2024-11-01 18:46:00+05:30,495.3,496.9,495.3,495.95,125,28175,10.778682,24297.55,23850.0,23850,ATM-9,CALL,24300,2024-11-01
2024-11-01 18:49:00+05:30,495.95,499.1,495.95,499.1,25,28075,11.292581,24298.6,23850.0,23850,ATM-9,CALL,24300,2024-11-01
2024-11-01 18:53:00+05:30,499.1,501.6,497.9,501.6,125,28075,10.908503,24303.1,23850.0,23850,ATM-9,CALL,24300,2024-11-01
2024-11-01 18:55:00+05:30,501.6,501.6,496.45,496.45,100,28075,11.612142,24294.15,23850.0,23850,ATM-9,CALL,24300,2024-11-01
2024-11-01 18:57:00+05:30,496.45,496.95,495.0,495.0,50,28125,11.130438,24295.0,23850.0,23850,ATM-9,CALL,24300,2024-11-01
2024-11-01 18:58:00+05:30,495.0,495.0,494.25,494.25,125,28125,10.937191,24295.1,23850.0,23850,ATM-9,CALL,24300,2024-11-01
2024-11-01 18:59:00+05:30,494.25,494.25,493.25,493.25,125,28125,9.150803,24300.55,23850.0,23850,ATM-9,CALL,24300,2024-11-01
2024-11-01 18:00:00+05:30,75.15,85.85,69.15,78.95,24000,201775,21.089737,24320.9,23850.0,23850,ATM-9,PUT,24300,2024-11-01
2024-11-01 18:01:00+05:30,89.3,90.8,84.0,84.95,114075,974450,20.879162,24336.25,23900.0,23850,ATM-9,PUT,24300,2024-11-01
2024-11-01 18:02:00+05:30,84.75,86.0,83.85,85.3,51850,974450,21.024693,24340.65,23900.0,23850,ATM-9,PUT,24300,2024-11-01
2024-11-01 18:03:00+05:30,84.85,84.85,79.95,80.4,75525,974450,20.729612,24350.55,23900.0,23850,ATM-9,PUT,24300,2024-11-01
2024-11-01 18:04:00+05:30,81.3,85.05,81.3,84.0,73050,1009400,20.927354,24342.35,23900.0,23850,ATM-9,PUT,24300,2024-11-01
2024-11-01 18:05:00+05:30,83.95,85.95,83.4,85.2,62525,1009400,20.910584,24336.25,23900.0,23850,ATM-9,PUT,24300,2024-11-01
2024-11-01 18:06:00+05:30,85.3,85.6,82.8,83.3,55225,1009400,20.625299,24332.9,23900.0,23850,ATM-9,PUT,24300,2024-11-01
2024-11-01 18:07:00+05:30,83.25,85.1,82.95,84.95,38250,1046100,20.741322,24330.3,23900.0,23850,ATM-9,PUT,24300,2024-11-01
2024-11-01 18:08:00+05:30,84.5,84.95,80.75,80.85,75300,1046100,20.693831,24346.75,23900.0,23850,ATM-9,PUT,24300,2024-11-01
2024-11-01 18:09:00+05:30,81.1,82.5,80.0,82.5,46975,1046100,20.868415,24346.45,23900.0,23850,ATM-9,PUT,24300,2024-11-01
2024-11-01 18:10:00+05:30,82.4,82.8,79.0,79.65,58150,1043975,20.711823,24352.95,23900.0,23850,ATM-9,PUT,24300,2024-11-01
2024-11-01 18:11:00+05:30,79.6,80.0,79.05,79.85,64425,1043975,20.662354,24349.9,23900.0,23850,ATM-9,PUT,24300,2024-11-01
2024-11-01 18:12:00+05:30,79.35,80.0,78.5,78.7,26650,1043975,20.64684,24354.55,23900.0,23850,ATM-9,PUT,24300,2024-11-01
2024-11-01 18:13:00+05:30,78.5,78.9,77.0,77.0,44100,1079600,20.570908,24359.3,23900.0,23850,ATM-9,PUT,24300,2024-11-01
2024-11-01 18:14:00+05:30,77.4,79.0,77.1,78.8,33375,1079600,20.522261,24348.75,23900.0,23850,ATM-9,PUT,24300,2024-11-01
2024-11-01 18:15:00+05:30,78.85,80.8,78.5,80.2,35950,1079600,20.582303,24344.75,23900.0,23850,ATM-9,PUT,24300,2024-11-01
2024-11-01 18:16:00+05:30,80.15,80.15,77.65,77.7,57250,1073550,20.431007,24349.95,23900.0,23850,ATM-9,PUT,24300,2024-11-01
2024-11-01 18:17:00+05:30,77.6,78.4,76.9,78.0,45600,1073550,20.288188,24342.5,23900.0,23850,ATM-9,PUT,24300,2024-11-01
2024-11-01 18:18:00+05:30,78.3,81.6,78.3,81.6,37825,1073550,20.472088,24333.65,23900.0,23850,ATM-9,PUT,24300,2024-11-01
2024-11-01 18:19:00+05:30,81.35,82.35,80.9,81.15,43525,1054575,20.35663,24330.85,23900.0,23850,ATM-9,PUT,24300,2024-11-01
2024-11-01 18:20:00+05:30,81.0,81.0,78.9,79.9,49075,1054575,20.401535,24338.35,23900.0,23850,ATM-9,PUT,24300,2024-11-01
2024-11-01 18:21:00+05:30,79.9,80.25,79.1,80.15,18850,1054575,20.40124,24337.15,23900.0,23850,ATM-9,PUT,24300,2024-11-01
2024-11-01 18:22:00+05:30,80.35,81.95,79.85,81.55,17675,1062575,20.364759,24329.25,23900.0,23850,ATM-9,PUT,24300,2024-11-01
2024-11-01 18:23:00+05:30,81.45,82.5,81.35,82.2,22300,1062575,20.417046,24328.45,23900.0,23850,ATM-9,PUT,24300,2024-11-01
2024-11-01 18:24:00+05:30,82.0,82.15,81.25,81.95,18900,1062575,20.459971,24331.3,23900.0,23850,ATM-9,PUT,24300,2024-11-01
2024-11-01 18:25:00+05:30,81.6,82.0,81.1,81.25,17675,1057450,20.326947,24328.9,23900.0,23850,ATM-9,PUT,24300,2024-11-01
2024-11-01 18:26:00+05:30,81.2,81.2,75.3,76.0,61175,1057450,20.046251,24341.25,23900.0,23850,ATM-9,PUT,24300,2024-11-01
2024-11-01 18:27:00+05:30,76.45,78.0,76.45,77.6,88225,1057450,20.006452,24332.1,23900.0,23850,ATM-9,PUT,24300,2024-11-01
2024-11-01 18:28:00+05:30,77.9,80.0,77.4,79.85,44075,1135525,20.165533,24328.4,23900.0,23850,ATM-9,PUT,24300,2024-11-01
2024-11-01 18:29:00+05:30,79.45,81.45,79.45,79.95,26325,1135525,20.138948,24326.8,23900.0,23850,ATM-9,PUT,24300,2024-11-01
2024-11-01 18:30:00+05:30,79.65,79.65,78.35,79.15,23500,1135525,20.123614,24329.75,23900.0,23850,ATM-9,PUT,24300,2024-11-01
2024-11-01 18:31:00+05:30,78.95,80.0,78.95,79.5,10475,1160525,20.13292,24328.5,23900.0,23850,ATM-9,PUT,24300,2024-11-01
2024-11-01 18:32:00+05:30,79.25,80.85,79.15,80.1,17750,1160525,20.233316,24329.9,23900.0,23850,ATM-9,PUT,24300,2024-11-01
2024-11-01 18:33:00+05:30,80.1,80.4,79.3,79.85,11025,1160525,20.204665,24329.8,23900.0,23850,ATM-9,PUT,24300,2024-11-01
2024-11-01 18:34:00+05:30,79.95,79.95,79.05,79.75,6200,1160825,20.18397,24329.35,23900.0,23850,ATM-9,PUT,24300,2024-11-01
2024-11-01 18:35:00+05:30,79.5,79.7,79.25,79.6,5625,1160825,20.171052,24329.45,23900.0,23850,ATM-9,PUT,24300,2024-11-01
2024-11-01 18:36:00+05:30,79.4,79.6,76.7,78.45,47525,1160825,20.076088,24330.7,23900.0,23850,ATM-9,PUT,24300,2024-11-01
2024-11-01 18:37:00+05:30,68.4,70.65,68.4,70.65,9350,280200,20.240229,24323.2,23850.0,23850,ATM-9,PUT,24300,2024-11-01
2024-11-01 18:38:00+05:30,70.5,70.85,70.0,70.65,9675,280200,20.178722,24320.5,23850.0,23850,ATM-9,PUT,24300,2024-11-01
2024-11-01 18:39:00+05:30,70.85,71.2,70.55,71.2,7850,280200,20.223557,24319.65,23850.0,23850,ATM-9,PUT,24300,2024-11-01
2024-11-01 18:40:00+05:30,70.95,72.0,70.4,71.65,21275,284250,20.204302,24316.55,23850.0,23850,ATM-9,PUT,24300,2024-11-01
2024-11-01 18:41:00+05:30,72.0,72.45,71.1,71.8,15650,284250,20.173651,24314.45,23850.0,23850,ATM-9,PUT,24300,2024-11-01
2024-11-01 18:42:00+05:30,71.65,72.1,71.4,71.9,6950,284250,20.15119,24312.95,23850.0,23850,ATM-9,PUT,24300,2024-11-01
2024-11-01 18:43:00+05:30,71.65,73.25,71.65,72.9,14250,287725,20.109572,24306.25,23850.0,23850,ATM-9,PUT,24300,2024-11-01
2024-11-01 18:44:00+05:30,72.85,73.1,72.45,72.9,9375,287725,20.09069,24305.4,23850.0,23850,ATM-9,PUT,24300,2024-11-01
2024-11-01 18:45:00+05:30,73.05,73.05,71.7,72.5,8400,287725,19.932312,24300.55,23850.0,23850,ATM-9,PUT,24300,2024-11-01
2024-11-01 18:46:00+05:30,72.75,72.85,72.3,72.55,6975,285525,19.868457,24297.55,23850.0,23850,ATM-9,PUT,24300,2024-11-01
2024-11-01 18:47:00+05:30,72.75,72.75,70.05,70.45,14500,285525,19.598763,24296.2,23850.0,23850,ATM-9,PUT,24300,2024-11-01
2024-11-01 18:48:00+05:30,70.45,71.7,70.45,70.8,4650,285525,19.676126,24297.75,23850.0,23850,ATM-9,PUT,24300,2024-11-01
2024-11-01 18:49:00+05:30,70.85,71.3,70.8,71.15,5500,284075,19.737068,24298.6,23850.0,23850,ATM-9,PUT,24300,2024-11-01
2024-11-01 18:50:00+05:30,71.15,72.0,71.0,71.95,11575,284075,19.605467,24289.1,23850.0,23850,ATM-9,PUT,24300,2024-11-01
2024-11-01 18:51:00+05:30,71.8,72.3,71.75,71.75,10200,284075,19.71232,24294.55,23850.0,23850,ATM-9,PUT,24300,2024-11-01
2024-11-01 18:52:00+05:30,71.75,72.35,71.4,71.5,2900,280600,19.776637,24298.45,23850.0,23850,ATM-9,PUT,24300,2024-11-01
2024-11-01 18:53:00+05:30,71.25,71.5,69.5,69.65,10475,280600,19.674711,24303.1,23850.0,23850,ATM-9,PUT,24300,2024-11-01
2024-11-01 18:54:00+05:30,69.65,72.0,69.4,71.75,10350,280600,19.719025,24294.7,23850.0,23850,ATM-9,PUT,24300,2024-11-01
2024-11-01 18:55:00+05:30,71.75,72.25,70.85,71.55,18975,279700,19.684402,24294.15,23850.0,23850,ATM-9,PUT,24300,2024-11-01
2024-11-01 18:56:00+05:30,71.55,72.2,71.55,71.65,9925,279700,19.735663,24295.8,23850.0,23850,ATM-9,PUT,24300,2024-11-01
2024-11-01 18:57:00+05:30,71.65,71.95,71.2,71.2,10300,279700,19.666681,24295.0,23850.0,23850,ATM-9,PUT,24300,2024-11-01
2024-11-01 18:58:00+05:30,71.45,71.65,70.5,71.1,8625,270750,19.658694,24295.1,23850.0,23850,ATM-9,PUT,24300,2024-11-01
2024-11-01 18:59:00+05:30,71.1,71.15,68.0,68.25,15300,270750,19.46015,24300.55,23850.0,23850,ATM-9,PUT,24300,2024-11-01
2024-11-01 18:00:00+05:30,517.1,517.1,460.05,461.05,725,56100,7.261104,24320.9,23900.0,23900,ATM-8,CALL,24300,2024-11-01
2024-11-01 18:01:00+05:30,428.9,438.3,421.4,431.15,575,39225,8.684961,24336.25,23950.0,23900,ATM-8,CALL,24300,2024-11-01
2024-11-01 18:02:00+05:30,432.55,434.7,430.7,434.7,850,39225,8.497482,24340.65,23950.0,23900,ATM-8,CALL,24300,2024-11-01
2024-11-01 18:03:00+05:30,434.7,439.4,434.7,438.25,1200,39225,0.0,24350.55,23950.0,23900,ATM-8,CALL,24300,2024-11-01
2024-11-01 18:04:00+05:30,438.0,438.45,423.9,429.05,1700,38875,0.0,24342.35,23950.0,23900,ATM-8,CALL,24300,2024-11-01
2024-11-01 18:05:00+05:30,429.05,430.6,418.1,422.6,1450,38875,0.0,24336.25,23950.0,23900,ATM-8,CALL,24300,2024-11-01
2024-11-01 18:06:00+05:30,422.6,427.85,422.6,427.85,475,38875,8.654719,24332.9,23950.0,23900,ATM-8,CALL,24300,2024-11-01
2024-11-01 18:07:00+05:30,427.85,427.85,422.5,422.5,250,38500,7.69798,24330.3,23950.0,23900,ATM-8,CALL,24300,2024-11-01
2024-11-01 18:08:00+05:30,422.5,431.75,422.5,431.75,1825,38500,0.0,24346.75,23950.0,23900,ATM-8,CALL,24300,2024-11-01
2024-11-01 18:09:00+05:30,431.75,435.0,431.75,435.0,300,38500,0.0,24346.45,23950.0,23900,ATM-8,CALL,24300,2024-11-01
2024-11-01 18:10:00+05:30,435.0,436.8,434.55,436.8,1200,38050,0.0,24352.95,23950.0,23900,ATM-8,CALL,24300,2024-11-01
2024-11-01 18:11:00+05:30,436.8,437.35,430.5,432.4,425,38050,0.0,24349.9,23950.0,23900,ATM-8,CALL,24300,2024-11-01
2024-11-01 18:12:00+05:30,432.4,434.1,432.4,434.1,125,38050,0.0,24354.55,23950.0,23900,ATM-8,CALL,24300,2024-11-01
2024-11-01 18:13:00+05:30,434.1,436.45,433.85,436.45,75,38850,0.0,24359.3,23950.0,23900,ATM-8,CALL,24300,2024-11-01
2024-11-01 18:14:00+05:30,435.45,435.45,430.0,430.0,175,38850,0.0,24348.75,23950.0,23900,ATM-8,CALL,24300,2024-11-01
2024-11-01 18:15:00+05:30,430.0,430.0,422.15,425.0,1125,38850,0.0,24344.75,23950.0,23900,ATM-8,CALL,24300,2024-11-01
2024-11-01 18:16:00+05:30,425.0,431.05,425.0,431.05,950,38675,0.0,24349.95,23950.0,23900,ATM-8,CALL,24300,2024-11-01
2024-11-01 18:17:00+05:30,431.05,431.05,430.3,430.3,175,38675,0.0,24342.5,23950.0,23900,ATM-8,CALL,24300,2024-11-01
2024-11-01 18:18:00+05:30,430.3,430.3,415.55,415.55,1700,38675,0.0,24333.65,23950.0,23900,ATM-8,CALL,24300,2024-11-01
2024-11-01 18:19:00+05:30,415.55,420.65,415.55,420.65,350,38450,6.476665,24330.85,23950.0,23900,ATM-8,CALL,24300,2024-11-01
2024-11-01 18:20:00+05:30,423.15,426.15,423.15,426.15,200,38450,0.0,24338.35,23950.0,23900,ATM-8,CALL,24300,2024-11-01
2024-11-01 18:21:00+05:30,426.05,426.2,425.75,426.2,475,38450,5.803973,24337.15,23950.0,23900,ATM-8,CALL,24300,2024-11-01
2024-11-01 18:23:00+05:30,426.2,426.2,422.45,422.45,50,38450,8.3295,24328.45,23950.0,23900,ATM-8,CALL,24300,2024-11-01
2024-11-01 18:25:00+05:30,422.45,422.45,421.2,421.2,150,38500,7.755038,24328.9,23950.0,23900,ATM-8,CALL,24300,2024-11-01
2024-11-01 18:26:00+05:30,421.2,429.0,421.2,429.0,875,38500,0.0,24341.25,23950.0,23900,ATM-8,CALL,24300,2024-11-01
2024-11-01 18:27:00+05:30,433.45,433.45,433.45,433.45,225,38500,10.195024,24332.1,23950.0,23900,ATM-8,CALL,24300,2024-11-01
2024-11-01 18:28:00+05:30,433.45,433.45,422.85,422.85,725,38325,8.474942,24328.4,23950.0,23900,ATM-8,CALL,24300,2024-11-01
2024-11-01 18:29:00+05:30,422.85,424.7,422.85,424.7,1425,38325,9.355104,24326.8,23950.0,23900,ATM-8,CALL,24300,2024-11-01
2024-11-01 18:30:00+05:30,424.7,425.4,424.7,425.4,25,38325,8.840599,24329.75,23950.0,23900,ATM-8,CALL,24300,2024-11-01
2024-11-01 18:32:00+05:30,425.4,425.4,422.15,423.05,725,38825,8.09198,24329.9,23950.0,23900,ATM-8,CALL,24300,2024-11-01
2024-11-01 18:34:00+05:30,423.05,425.15,423.05,425.15,25,38825,8.881085,24329.35,23950.0,23900,ATM-8,CALL,24300,2024-11-01
2024-11-01 18:35:00+05:30,425.15,425.85,423.4,423.6,4300,38325,8.41356,24329.45,23950.0,23900,ATM-8,CALL,24300,2024-11-01
2024-11-01 18:36:00+05:30,423.6,429.0,423.6,429.0,1825,38325,9.525529,24330.7,23950.0,23900,ATM-8,CALL,24300,2024-11-01
2024-11-01 18:39:00+05:30,461.05,462.25,460.7,460.7,325,67200,7.886023,24319.65,23900.0,23900,ATM-8,CALL,24300,2024-11-01
2024-11-01 18:40:00+05:30,460.7,461.15,457.75,457.75,700,67250,7.918206,24316.55,23900.0,23900,ATM-8,CALL,24300,2024-11-01
2024-11-01 18:41:00+05:30,457.75,457.75,455.0,457.7,100,67250,8.718954,24314.45,23900.0,23900,ATM-8,CALL,24300,2024-11-01
2024-11-01 18:42:00+05:30,457.7,458.7,457.7,458.7,50,67250,9.469282,24312.95,23900.0,23900,ATM-8,CALL,24300,2024-11-01
2024-11-01 18:43:00+05:30,458.7,458.7,454.0,455.0,1500,67300,10.115744,24306.25,23900.0,23900,ATM-8,CALL,24300,2024-11-01
2024-11-01 18:44:00+05:30,455.0,455.0,455.0,455.0,200,67300,10.295462,24305.4,23900.0,23900,ATM-8,CALL,24300,2024-11-01
2024-11-01 18:45:00+05:30,455.0,458.3,455.0,458.3,275,67300,11.788455,24300.55,23900.0,23900,ATM-8,CALL,24300,2024-11-01
2024-11-01 18:46:00+05:30,458.3,458.3,454.65,455.05,1125,67800,11.689656,24297.55,23900.0,23900,ATM-8,CALL,24300,2024-11-01
2024-11-01 18:47:00+05:30,455.35,455.8,455.35,455.8,50,67800,12.02085,24296.2,23900.0,23900,ATM-8,CALL,24300,2024-11-01
2024-11-01 18:48:00+05:30,455.8,457.9,455.8,457.9,175,67800,12.142932,24297.75,23900.0,23900,ATM-8,CALL,24300,2024-11-01
2024-11-01 18:50:00+05:30,457.9,457.9,454.5,454.5,650,68750,12.79585,24289.1,23900.0,23900,ATM-8,CALL,24300,2024-11-01
2024-11-01 18:52:00+05:30,454.5,457.85,454.5,457.85,25,68475,12.03792,24298.45,23900.0,23900,ATM-8,CALL,24300,2024-11-01
2024-11-01 18:53:00+05:30,457.85,461.05,457.65,461.05,600,68475,11.882593,24303.1,23900.0,23900,ATM-8,CALL,24300,2024-11-01
2024-11-01 18:54:00+05:30,461.05,463.7,458.0,458.8,725,68475,12.716936,24294.7,23900.0,23900,ATM-8,CALL,24300,2024-11-01
2024-11-01 18:55:00+05:30,457.3,457.3,455.0,455.0,725,68950,12.196453,24294.15,23900.0,23900,ATM-8,CALL,24300,2024-11-01
2024-11-01 18:56:00+05:30,455.0,456.2,454.8,456.2,3475,68950,12.156946,24295.8,23900.0,23900,ATM-8,CALL,24300,2024-11-01
2024-11-01 18:57:00+05:30,456.15,457.1,455.35,455.35,900,68950,12.134593,24295.0,23900.0,23900,ATM-8,CALL,24300,2024-11-01
2024-11-01 18:58:00+05:30,455.35,456.2,454.35,455.55,125,70800,12.154215,24295.1,23900.0,23900,ATM-8,CALL,24300,2024-11-01
2024-11-01 18:59:00+05:30,455.55,456.35,451.35,451.35,1850,70800,10.492738,24300.55,23900.0,23900,ATM-8,CALL,24300,2024-11-01
2024-11-01 18:00:00+05:30,71.85,97.65,71.8,89.2,131650,938700,20.956751,24320.9,23900.0,23900,ATM-8,PUT,24300,2024-11-01
2024-11-01 18:01:00+05:30,102.6,103.5,96.0,96.15,20250,202475,20.773105,24336.25,23950.0,23900,ATM-8,PUT,24300,2024-11-01
2024-11-01 18:02:00+05:30,96.0,98.0,95.2,96.6,16775,202475,20.93167,24340.65,23950.0,23900,ATM-8,PUT,24300,2024-11-01
2024-11-01 18:03:00+05:30,96.85,96.85,91.15,92.1,19150,202475,20.718051,24350.55,23950.0,23900,ATM-8,PUT,24300,2024-11-01
2024-11-01 18:04:00+05:30,92.6,97.0,92.6,95.9,18350,217550,20.905207,24342.35,23950.0,23900,ATM-8,PUT,24300,2024-11-01
2024-11-01 18:05:00+05:30,96.05,97.85,95.0,97.15,12175,217550,20.87959,24336.25,23950.0,23900,ATM-8,PUT,24300,2024-11-01
2024-11-01 18:06:00+05:30,97.5,97.6,94.75,95.0,13600,217550,20.576141,24332.9,23950.0,23900,ATM-8,PUT,24300,2024-11-01
2024-11-01 18:07:00+05:30,95.05,97.05,94.6,96.75,12850,229050,20.689739,24330.3,23950.0,23900,ATM-8,PUT,24300,2024-11-01
2024-11-01 18:08:00+05:30,96.8,96.9,92.2,92.35,8900,229050,20.654451,24346.75,23950.0,23900,ATM-8,PUT,24300,2024-11-01
2024-11-01 18:09:00+05:30,92.35,94.5,91.6,93.95,21200,229050,20.813478,24346.45,23950.0,23900,ATM-8,PUT,24300,2024-11-01
2024-11-01 18:10:00+05:30,94.4,94.4,90.15,91.25,10925,222875,20.697231,24352.95,23950.0,23900,ATM-8,PUT,24300,2024-11-01
2024-11-01 18:11:00+05:30,90.85,91.5,90.3,91.25,10275,222875,20.622282,24349.9,23950.0,23900,ATM-8,PUT,24300,2024-11-01
2024-11-01 18:12:00+05:30,90.5,91.6,90.0,90.0,12450,222875,20.608724,24354.55,23950.0,23900,ATM-8,PUT,24300,2024-11-01
2024-11-01 18:13:00+05:30,90.2,90.3,88.15,88.45,14975,232025,20.564811,24359.3,23950.0,23900,ATM-8,PUT,24300,2024-11-01
2024-11-01 18:14:00+05:30,88.3,90.6,88.3,90.4,12925,232025,20.508366,24348.75,23950.0,23900,ATM-8,PUT,24300,2024-11-01
2024-11-01 18:15:00+05:30,90.15,92.5,89.6,91.6,20275,232025,20.534297,24344.75,23950.0,23900,ATM-8,PUT,24300,2024-11-01
2024-11-01 18:16:00+05:30,91.75,91.75,89.0,89.2,10450,232525,20.415111,24349.95,23950.0,23900,ATM-8,PUT,24300,2024-11-01
2024-11-01 18:17:00+05:30,88.75,89.9,88.0,89.7,12800,232525,20.282763,24342.5,23950.0,23900,ATM-8,PUT,24300,2024-11-01
2024-11-01 18:18:00+05:30,90.0,93.35,90.0,92.85,19625,232525,20.38763,24333.65,23950.0,23900,ATM-8,PUT,24300,2024-11-01
2024-11-01 18:19:00+05:30,92.95,94.35,92.85,93.0,19325,234050,20.333389,24330.85,23950.0,23900,ATM-8,PUT,24300,2024-11-01
2024-11-01 18:20:00+05:30,91.65,91.95,90.65,91.8,12200,234050,20.399899,24338.35,23950.0,23900,ATM-8,PUT,24300,2024-11-01
2024-11-01 18:21:00+05:30,91.35,91.8,90.75,91.8,7925,234050,20.370812,24337.15,23950.0,23900,ATM-8,PUT,24300,2024-11-01
2024-11-01 18:22:00+05:30,91.8,93.9,91.5,93.55,12325,237450,20.352574,24329.25,23950.0,23900,ATM-8,PUT,24300,2024-11-01
2024-11-01 18:23:00+05:30,93.1,94.45,93.05,93.9,15050,237450,20.369236,24328.45,23950.0,23900,ATM-8,PUT,24300,2024-11-01
2024-11-01 18:24:00+05:30,93.95,94.15,93.0,93.45,8425,237450,20.396401,24331.3,23950.0,23900,ATM-8,PUT,24300,2024-11-01
2024-11-01 18:25:00+05:30,93.7,93.75,92.7,92.7,5950,243125,20.259721,24328.9,23950.0,23900,ATM-8,PUT,24300,2024-11-01
2024-11-01 18:26:00+05:30,92.9,92.9,86.1,87.25,26300,243125,20.005424,24341.25,23950.0,23900,ATM-8,PUT,24300,2024-11-01
2024-11-01 18:27:00+05:30,87.6,89.4,87.6,89.2,11150,243125,19.981179,24332.1,23950.0,23900,ATM-8,PUT,24300,2024-11-01
2024-11-01 18:28:00+05:30,89.45,91.75,89.0,91.75,14175,240375,20.152611,24328.4,23950.0,23900,ATM-8,PUT,24300,2024-11-01
2024-11-01 18:29:00+05:30,91.5,93.3,91.3,91.9,12675,240375,20.12866,24326.8,23950.0,23900,ATM-8,PUT,24300,2024-11-01
2024-11-01 18:30:00+05:30,91.35,91.55,90.0,90.75,6800,240375,20.085718,24329.75,23950.0,23900,ATM-8,PUT,24300,2024-11-01
2024-11-01 18:31:00+05:30,90.75,91.8,90.5,90.75,6325,241075,20.05527,24328.5,23950.0,23900,ATM-8,PUT,24300,2024-11-01
2024-11-01 18:32:00+05:30,90.75,92.8,90.75,92.0,7725,241075,20.220552,24329.9,23950.0,23900,ATM-8,PUT,24300,2024-11-01
2024-11-01 18:33:00+05:30,91.8,92.2,91.05,91.55,2800,241075,20.172736,24329.8,23950.0,23900,ATM-8,PUT,24300,2024-11-01
2024-11-01 18:34:00+05:30,91.65,91.65,90.7,91.05,6200,244475,20.110879,24329.35,23950.0,23900,ATM-8,PUT,24300,2024-11-01
2024-11-01 18:35:00+05:30,91.2,91.3,91.0,91.1,5925,244475,20.119633,24329.45,23950.0,23900,ATM-8,PUT,24300,2024-11-01
2024-11-01 18:36:00+05:30,91.1,91.4,88.2,90.1,14825,244475,20.048852,24330.7,23950.0,23900,ATM-8,PUT,24300,2024-11-01
2024-11-01 18:37:00+05:30,78.45,80.8,78.45,80.8,20400,1173275,20.153104,24323.2,23900.0,23900,ATM-8,PUT,24300,2024-11-01
2024-11-01 18:38:00+05:30,80.8,80.85,80.1,80.85,19600,1173275,20.094163,24320.5,23900.0,23900,ATM-8,PUT,24300,2024-11-01
2024-11-01 18:39:00+05:30,80.85,81.0,80.55,80.95,33125,1173275,20.08546,24319.65,23900.0,23900,ATM-8,PUT,24300,2024-11-01
2024-11-01 18:40:00+05:30,81.0,82.05,80.2,81.45,41775,1163625,20.065326,24316.55,23900.0,23900,ATM-8,PUT,24300,2024-11-01
2024-11-01 18:41:00+05:30,81.7,82.5,81.0,81.45,35225,1163625,20.015263,24314.45,23900.0,23900,ATM-8,PUT,24300,2024-11-01
2024-11-01 18:42:00+05:30,81.5,82.15,81.4,81.8,14975,1163625,20.017529,24312.95,23900.0,23900,ATM-8,PUT,24300,2024-11-01
2024-11-01 18:43:00+05:30,82.15,83.15,81.8,82.65,29100,1166500,19.946072,24306.25,23900.0,23900,ATM-8,PUT,24300,2024-11-01
2024-11-01 18:44:00+05:30,82.7,83.15,82.55,83.0,14300,1166500,19.963768,24305.4,23900.0,23900,ATM-8,PUT,24300,2024-11-01
2024-11-01 18:45:00+05:30,83.2,83.2,81.7,82.85,23050,1166500,19.82957,24300.55,23900.0,23900,ATM-8,PUT,24300,2024-11-01
2024-11-01 18:46:00+05:30,82.8,83.1,82.5,82.75,16550,1166000,19.746083,24297.55,23900.0,23900,ATM-8,PUT,24300,2024-11-01
2024-11-01 18:47:00+05:30,82.9,82.9,80.0,80.5,41700,1166000,19.47317,24296.2,23900.0,23900,ATM-8,PUT,24300,2024-11-01
2024-11-01 18:48:00+05:30,81.3,81.8,80.85,81.05,19375,1166000,19.57125,24297.75,23900.0,23900,ATM-8,PUT,24300,2024-11-01
2024-11-01 18:49:00+05:30,81.0,81.2,80.7,81.05,13075,1148300,19.593154,24298.6,23900.0,23900,ATM-8,PUT,24300,2024-11-01
2024-11-01 18:50:00+05:30,81.15,82.1,81.05,82.0,47050,1148300,19.461853,24289.1,23900.0,23900,ATM-8,PUT,24300,2024-11-01
2024-11-01 18:51:00+05:30,82.15,82.5,81.85,82.05,16775,1148300,19.602695,24294.55,23900.0,23900,ATM-8,PUT,24300,2024-11-01
2024-11-01 18:52:00+05:30,82.05,82.45,81.35,81.35,32675,1146175,19.624789,24298.45,23900.0,23900,ATM-8,PUT,24300,2024-11-01
2024-11-01 18:53:00+05:30,81.2,81.5,79.35,79.55,54050,1146175,19.545935,24303.1,23900.0,23900,ATM-8,PUT,24300,2024-11-01
2024-11-01 18:54:00+05:30,79.65,82.0,79.2,81.95,31250,1146175,19.598849,24294.7,23900.0,23900,ATM-8,PUT,24300,2024-11-01
2024-11-01 18:55:00+05:30,82.0,82.25,80.6,81.6,37725,1168325,19.548939,24294.15,23900.0,23900,ATM-8,PUT,24300,2024-11-01
2024-11-01 18:56:00+05:30,81.75,82.15,81.45,81.75,23975,1168325,19.606654,24295.8,23900.0,23900,ATM-8,PUT,24300,2024-11-01
2024-11-01 18:57:00+05:30,81.5,82.0,81.4,81.45,26750,1168325,19.555909,24295.0,23900.0,23900,ATM-8,PUT,24300,2024-11-01
2024-11-01 18:58:00+05:30,81.45,81.8,80.7,80.7,37125,1155525,19.479053,24295.1,23900.0,23900,ATM-8,PUT,24300,2024-11-01
2024-11-01 18:59:00+05:30,80.85,81.0,78.0,79.1,40850,1155525,19.441299,24300.55,23900.0,23900,ATM-8,PUT,24300,2024-11-01
2024-11-01 18:00:00+05:30,436.0,436.0,391.05,428.9,2075,38775,11.168632,24320.9,23950.0,23950,ATM-7,CALL,24300,2024-11-01
2024-11-01 18:01:00+05:30,387.9,399.1,385.2,395.0,31025,692050,10.588285,24336.25,24000.0,23950,ATM-7,CALL,24300,2024-11-01
2024-11-01 18:02:00+05:30,393.8,397.9,393.8,397.8,20750,692050,10.415611,24340.65,24000.0,23950,ATM-7,CALL,24300,2024-11-01
2024-11-01 18:03:00+05:30,397.9,401.9,396.2,400.1,20450,692050,9.194251,24350.55,24000.0,23950,ATM-7,CALL,24300,2024-11-01
2024-11-01 18:04:00+05:30,400.1,400.1,386.45,392.0,32575,671675,9.072377,24342.35,24000.0,23950,ATM-7,CALL,24300,2024-11-01
2024-11-01 18:05:00+05:30,391.65,393.35,378.3,384.45,10425,671675,8.655988,24336.25,24000.0,23950,ATM-7,CALL,24300,2024-11-01
2024-11-01 18:06:00+05:30,385.9,390.5,385.9,387.2,7775,671675,9.788445,24332.9,24000.0,23950,ATM-7,CALL,24300,2024-11-01
2024-11-01 18:07:00+05:30,387.75,388.2,383.7,383.7,8350,665625,9.581226,24330.3,24000.0,23950,ATM-7,CALL,24300,2024-11-01
2024-11-01 18:08:00+05:30,384.6,396.55,383.7,396.55,8750,665625,9.186883,24346.75,24000.0,23950,ATM-7,CALL,24300,2024-11-01
2024-11-01 18:09:00+05:30,396.85,399.0,393.05,394.0,20850,665625,8.689819,24346.45,24000.0,23950,ATM-7,CALL,24300,2024-11-01
2024-11-01 18:10:00+05:30,394.2,400.9,393.7,399.5,17775,672500,8.561236,24352.95,24000.0,23950,ATM-7,CALL,24300,2024-11-01
2024-11-01 18:11:00+05:30,400.05,401.0,393.9,394.65,12775,672500,8.037132,24349.9,24000.0,23950,ATM-7,CALL,24300,2024-11-01
2024-11-01 18:12:00+05:30,396.35,398.8,393.85,397.65,9225,672500,7.603897,24354.55,24000.0,23950,ATM-7,CALL,24300,2024-11-01
2024-11-01 18:13:00+05:30,397.9,400.3,395.0,399.7,7650,663100,6.505819,24359.3,24000.0,23950,ATM-7,CALL,24300,2024-11-01
2024-11-01 18:14:00+05:30,398.5,399.0,388.85,390.05,8725,663100,6.824837,24348.75,24000.0,23950,ATM-7,CALL,24300,2024-11-01
2024-11-01 18:15:00+05:30,391.15,393.1,385.45,389.0,13250,663100,7.817366,24344.75,24000.0,23950,ATM-7,CALL,24300,2024-11-01
2024-11-01 18:16:00+05:30,388.75,394.7,387.8,393.95,6175,662225,7.82717,24349.95,24000.0,23950,ATM-7,CALL,24300,2024-11-01
2024-11-01 18:17:00+05:30,395.0,395.3,388.9,389.3,9475,662225,8.45768,24342.5,24000.0,23950,ATM-7,CALL,24300,2024-11-01
2024-11-01 18:18:00+05:30,389.15,389.15,380.5,380.5,14725,662225,8.321425,24333.65,24000.0,23950,ATM-7,CALL,24300,2024-11-01
2024-11-01 18:19:00+05:30,381.0,383.75,379.2,383.7,6000,666125,9.507411,24330.85,24000.0,23950,ATM-7,CALL,24300,2024-11-01
2024-11-01 18:20:00+05:30,383.0,391.0,383.0,389.05,12900,666125,9.236716,24338.35,24000.0,23950,ATM-7,CALL,24300,2024-11-01
2024-11-01 18:21:00+05:30,389.05,390.0,387.4,388.4,5550,666125,9.324337,24337.15,24000.0,23950,ATM-7,CALL,24300,2024-11-01
2024-11-01 18:22:00+05:30,387.6,387.6,381.0,383.65,6275,662425,9.757877,24329.25,24000.0,23950,ATM-7,CALL,24300,2024-11-01
2024-11-01 18:23:00+05:30,384.25,384.9,383.4,384.05,4850,662425,9.949798,24328.45,24000.0,23950,ATM-7,CALL,24300,2024-11-01
2024-11-01 18:24:00+05:30,384.05,387.2,384.05,386.0,1725,662425,9.851281,24331.3,24000.0,23950,ATM-7,CALL,24300,2024-11-01
2024-11-01 18:25:00+05:30,386.0,386.2,384.0,384.85,1675,663475,10.019795,24328.9,24000.0,23950,ATM-7,CALL,24300,2024-11-01
2024-11-01 18:26:00+05:30,384.85,395.85,384.0,395.15,11825,663475,9.899755,24341.25,24000.0,23950,ATM-7,CALL,24300,2024-11-01
2024-11-01 18:27:00+05:30,395.8,395.8,389.15,389.7,4450,663475,10.355682,24332.1,24000.0,23950,ATM-7,CALL,24300,2024-11-01
2024-11-01 18:28:00+05:30,388.9,389.8,385.15,385.15,7950,658825,10.146647,24328.4,24000.0,23950,ATM-7,CALL,24300,2024-11-01
2024-11-01 18:29:00+05:30,385.95,388.7,381.6,386.7,10850,658825,10.61681,24326.8,24000.0,23950,ATM-7,CALL,24300,2024-11-01
2024-11-01 18:30:00+05:30,386.5,389.35,386.5,389.05,3075,658825,10.583532,24329.75,24000.0,23950,ATM-7,CALL,24300,2024-11-01
2024-11-01 18:31:00+05:30,388.7,389.7,386.2,389.7,2925,652700,10.85107,24328.5,24000.0,23950,ATM-7,CALL,24300,2024-11-01
2024-11-01 18:32:00+05:30,389.7,389.7,383.45,387.2,5100,652700,10.27059,24329.9,24000.0,23950,ATM-7,CALL,24300,2024-11-01
2024-11-01 18:33:00+05:30,386.55,388.85,386.2,386.75,4750,652700,10.212814,24329.8,24000.0,23950,ATM-7,CALL,24300,2024-11-01
2024-11-01 18:34:00+05:30,387.45,388.4,386.95,387.55,2700,650325,10.407209,24329.35,24000.0,23950,ATM-7,CALL,24300,2024-11-01
2024-11-01 18:35:00+05:30,387.0,388.2,386.25,386.85,1550,650325,10.28185,24329.45,24000.0,23950,ATM-7,CALL,24300,2024-11-01
2024-11-01 18:36:00+05:30,386.85,392.65,386.4,388.65,10775,650325,10.396133,24330.7,24000.0,23950,ATM-7,CALL,24300,2024-11-01
2024-11-01 18:39:00+05:30,429.0,429.0,422.05,422.5,125,42375,10.282029,24319.65,23950.0,23950,ATM-7,CALL,24300,2024-11-01
2024-11-01 18:40:00+05:30,422.5,422.5,419.75,419.75,575,42400,10.292754,24316.55,23950.0,23950,ATM-7,CALL,24300,2024-11-01
2024-11-01 18:41:00+05:30,419.75,420.55,417.05,420.45,1775,42400,10.759787,24314.45,23950.0,23950,ATM-7,CALL,24300,2024-11-01
2024-11-01 18:42:00+05:30,420.45,420.45,419.75,419.95,1100,42400,10.904026,24312.95,23950.0,23950,ATM-7,CALL,24300,2024-11-01
2024-11-01 18:43:00+05:30,419.95,419.95,417.6,418.1,225,44025,11.553942,24306.25,23950.0,23950,ATM-7,CALL,24300,2024-11-01
2024-11-01 18:44:00+05:30,418.1,418.1,416.55,416.55,700,44025,11.43049,24305.4,23950.0,23950,ATM-7,CALL,24300,2024-11-01
2024-11-01 18:45:00+05:30,416.55,419.35,416.55,419.35,75,44025,12.449284,24300.55,23950.0,23950,ATM-7,CALL,24300,2024-11-01
2024-11-01 18:46:00+05:30,419.35,419.35,416.65,416.65,75,44025,12.428984,24297.55,23950.0,23950,ATM-7,CALL,24300,2024-11-01
2024-11-01 18:47:00+05:30,416.65,417.4,415.6,417.4,400,44475,12.68703,24296.2,23950.0,23950,ATM-7,CALL,24300,2024-11-01
2024-11-01 18:48:00+05:30,417.4,418.8,417.4,418.8,25,44475,12.701095,24297.75,23950.0,23950,ATM-7,CALL,24300,2024-11-01
2024-11-01 18:49:00+05:30,418.8,420.0,418.8,420.0,50,44475,12.767506,24298.6,23950.0,23950,ATM-7,CALL,24300,2024-11-01
2024-11-01 18:51:00+05:30,420.0,420.0,417.45,417.45,125,44350,12.882914,24294.55,23950.0,23950,ATM-7,CALL,24300,2024-11-01
2024-11-01 18:54:00+05:30,423.85,423.85,423.85,423.85,25,44350,13.69127,24294.7,23950.0,23950,ATM-7,CALL,24300,2024-11-01
2024-11-01 18:55:00+05:30,423.85,423.85,417.75,417.75,175,44325,12.971293,24294.15,23950.0,23950,ATM-7,CALL,24300,2024-11-01
2024-11-01 18:56:00+05:30,416.6,417.5,416.6,417.5,2450,44325,12.756824,24295.8,23950.0,23950,ATM-7,CALL,24300,2024-11-01
2024-11-01 18:57:00+05:30,417.5,418.15,415.9,415.9,325,44325,12.633787,24295.0,23950.0,23950,ATM-7,CALL,24300,2024-11-01
2024-11-01 18:58:00+05:30,415.9,417.9,415.5,417.9,50,44275,12.890397,24295.1,23950.0,23950,ATM-7,CALL,24300,2024-11-01
2024-11-01 18:59:00+05:30,417.9,417.9,414.25,414.25,1975,44275,11.738135,24300.55,23950.0,23950,ATM-7,CALL,24300,2024-11-01
2024-11-01 18:00:00+05:30,89.45,106.1,89.45,101.7,29825,199200,20.941004,24320.9,23950.0,23950,ATM-7,PUT,24300,2024-11-01
2024-11-01 18:01:00+05:30,115.0,116.2,108.25,108.95,174150,2968000,20.70962,24336.25,24000.0,23950,ATM-7,PUT,24300,2024-11-01
2024-11-01 18:02:00+05:30,109.65,110.4,107.8,109.1,128725,2968000,20.842054,24340.65,24000.0,23950,ATM-7,PUT,24300,2024-11-01
2024-11-01 18:03:00+05:30,108.2,108.55,103.2,103.95,226100,2968000,20.598799,24350.55,24000.0,23950,ATM-7,PUT,24300,2024-11-01
2024-11-01 18:04:00+05:30,104.55,109.8,104.55,108.5,175150,3002925,20.830787,24342.35,24000.0,23950,ATM-7,PUT,24300,2024-11-01
2024-11-01 18:05:00+05:30,108.55,110.55,107.7,109.65,172725,3002925,20.782028,24336.25,24000.0,23950,ATM-7,PUT,24300,2024-11-01
2024-11-01 18:06:00+05:30,109.9,110.15,107.25,107.7,86325,3002925,20.504521,24332.9,24000.0,23950,ATM-7,PUT,24300,2024-11-01
2024-11-01 18:07:00+05:30,107.4,109.6,107.35,109.35,91500,3003250,20.596629,24330.3,24000.0,23950,ATM-7,PUT,24300,2024-11-01
2024-11-01 18:08:00+05:30,109.15,109.6,104.2,104.7,76225,3003250,20.578687,24346.75,24000.0,23950,ATM-7,PUT,24300,2024-11-01
2024-11-01 18:09:00+05:30,104.4,106.75,103.55,106.75,74825,3003250,20.773317,24346.45,24000.0,23950,ATM-7,PUT,24300,2024-11-01
2024-11-01 18:10:00+05:30,106.45,106.95,102.25,103.1,104975,2996475,20.58505,24352.95,24000.0,23950,ATM-7,PUT,24300,2024-11-01
2024-11-01 18:11:00+05:30,103.1,103.9,102.5,103.4,77175,2996475,20.536203,24349.9,24000.0,23950,ATM-7,PUT,24300,2024-11-01
2024-11-01 18:12:00+05:30,103.05,104.0,102.3,102.35,47450,2996475,20.554559,24354.55,24000.0,23950,ATM-7,PUT,24300,2024-11-01
2024-11-01 18:13:00+05:30,102.2,103.05,100.65,101.1,85525,3061775,20.554617,24359.3,24000.0,23950,ATM-7,PUT,24300,2024-11-01
2024-11-01 18:14:00+05:30,101.0,103.55,100.9,103.3,72900,3061775,20.499522,24348.75,24000.0,23950,ATM-7,PUT,24300,2024-11-01
2024-11-01 18:15:00+05:30,103.05,105.45,102.75,104.9,108950,3061775,20.553481,24344.75,24000.0,23950,ATM-7,PUT,24300,2024-11-01
2024-11-01 18:16:00+05:30,104.5,104.6,101.55,101.55,60375,3062200,20.359752,24349.95,24000.0,23950,ATM-7,PUT,24300,2024-11-01
2024-11-01 18:17:00+05:30,101.5,102.75,100.65,102.7,85200,3062200,20.279901,24342.5,24000.0,23950,ATM-7,PUT,24300,2024-11-01
2024-11-01 18:18:00+05:30,102.9,106.3,102.8,106.3,95400,3062200,20.400958,24333.65,24000.0,23950,ATM-7,PUT,24300,2024-11-01
2024-11-01 18:19:00+05:30,106.1,107.2,105.7,105.9,116125,3074550,20.288745,24330.85,24000.0,23950,ATM-7,PUT,24300,2024-11-01
2024-11-01 18:20:00+05:30,105.35,105.35,103.2,104.25,84625,3074550,20.326612,24338.35,24000.0,23950,ATM-7,PUT,24300,2024-11-01
2024-11-01 18:21:00+05:30,104.3,104.95,103.4,104.95,43325,3074550,20.364718,24337.15,24000.0,23950,ATM-7,PUT,24300,2024-11-01
2024-11-01 18:22:00+05:30,104.6,106.55,104.6,106.55,57650,3096475,20.312835,24329.25,24000.0,23950,ATM-7,PUT,24300,2024-11-01
2024-11-01 18:23:00+05:30,105.9,107.25,105.9,106.75,50775,3096475,20.312104,24328.45,24000.0,23950,ATM-7,PUT,24300,2024-11-01
2024-11-01 18:24:00+05:30,106.65,106.8,105.6,106.35,29425,3096475,20.349962,24331.3,24000.0,23950,ATM-7,PUT,24300,2024-11-01
2024-11-01 18:25:00+05:30,106.45,106.6,105.55,105.55,47700,3103050,20.209264,24328.9,24000.0,23950,ATM-7,PUT,24300,2024-11-01
2024-11-01 18:26:00+05:30,105.45,105.5,98.2,99.65,144575,3103050,19.955082,24341.25,24000.0,23950,ATM-7,PUT,24300,2024-11-01
2024-11-01 18:27:00+05:30,100.45,102.0,100.45,101.85,69600,3103050,19.93355,24332.1,24000.0,23950,ATM-7,PUT,24300,2024-11-01
2024-11-01 18:28:00+05:30,102.15,104.4,101.65,104.4,57050,3140950,20.086883,24328.4,24000.0,23950,ATM-7,PUT,24300,2024-11-01
2024-11-01 18:29:00+05:30,104.05,106.15,103.8,104.3,71725,3140950,20.035733,24326.8,24000.0,23950,ATM-7,PUT,24300,2024-11-01
2024-11-01 18:30:00+05:30,104.35,104.35,102.6,103.5,40550,3140950,20.036676,24329.75,24000.0,23950,ATM-7,PUT,24300,2024-11-01
2024-11-01 18:31:00+05:30,103.4,104.5,103.3,103.8,47350,3149650,20.034025,24328.5,24000.0,23950,ATM-7,PUT,24300,2024-11-01
2024-11-01 18:32:00+05:30,103.9,105.6,103.5,104.85,34075,3149650,20.174909,24329.9,24000.0,23950,ATM-7,PUT,24300,2024-11-01
2024-11-01 18:33:00+05:30,104.6,105.05,103.55,104.25,23675,3149650,20.114632,24329.8,24000.0,23950,ATM-7,PUT,24300,2024-11-01
2024-11-01 18:34:00+05:30,104.25,104.4,103.5,104.2,20750,3166175,20.098879,24329.35,24000.0,23950,ATM-7,PUT,24300,2024-11-01
2024-11-01 18:35:00+05:30,104.0,104.35,103.8,104.3,15650,3166175,20.11238,24329.45,24000.0,23950,ATM-7,PUT,24300,2024-11-01
2024-11-01 18:36:00+05:30,104.25,104.4,100.6,102.85,49525,3166175,20.004397,24330.7,24000.0,23950,ATM-7,PUT,24300,2024-11-01
2024-11-01 18:37:00+05:30,90.1,92.3,90.0,92.15,5300,247425,20.071693,24323.2,23950.0,23950,ATM-7,PUT,24300,2024-11-01
2024-11-01 18:38:00+05:30,92.3,92.4,91.6,92.4,5450,247425,20.029829,24320.5,23950.0,23950,ATM-7,PUT,24300,2024-11-01
2024-11-01 18:39:00+05:30,92.4,92.8,92.05,92.8,11950,247425,20.050227,24319.65,23950.0,23950,ATM-7,PUT,24300,2024-11-01
2024-11-01 18:40:00+05:30,92.8,93.5,91.85,93.2,19275,245225,20.013171,24316.55,23950.0,23950,ATM-7,PUT,24300,2024-11-01
2024-11-01 18:41:00+05:30,93.5,94.1,92.95,93.45,18300,245225,19.986109,24314.45,23950.0,23950,ATM-7,PUT,24300,2024-11-01
2024-11-01 18:42:00+05:30,93.0,93.85,92.9,93.4,11250,245225,19.943728,24312.95,23950.0,23950,ATM-7,PUT,24300,2024-11-01
2024-11-01 18:43:00+05:30,93.4,95.0,93.4,94.6,19800,238825,19.8948,24306.25,23950.0,23950,ATM-7,PUT,24300,2024-11-01
2024-11-01 18:44:00+05:30,94.6,94.9,93.65,94.4,8600,238825,19.853734,24305.4,23950.0,23950,ATM-7,PUT,24300,2024-11-01
2024-11-01 18:45:00+05:30,94.4,94.85,93.4,94.6,9975,238825,19.750034,24300.55,23950.0,23950,ATM-7,PUT,24300,2024-11-01
2024-11-01 18:46:00+05:30,94.6,94.95,94.15,94.45,8000,238350,19.658464,24297.55,23950.0,23950,ATM-7,PUT,24300,2024-11-01
2024-11-01 18:47:00+05:30,94.3,94.55,91.35,91.9,18850,238350,19.366823,24296.2,23950.0,23950,ATM-7,PUT,24300,2024-11-01
2024-11-01 18:48:00+05:30,92.5,93.35,92.15,92.15,7075,238350,19.433079,24297.75,23950.0,23950,ATM-7,PUT,24300,2024-11-01
2024-11-01 18:49:00+05:30,92.1,92.75,92.1,92.55,6125,241100,19.496535,24298.6,23950.0,23950,ATM-7,PUT,24300,2024-11-01
2024-11-01 18:50:00+05:30,92.55,93.65,92.25,93.6,12100,241100,19.358233,24289.1,23950.0,23950,ATM-7,PUT,24300,2024-11-01
2024-11-01 18:51:00+05:30,93.6,94.2,93.3,93.45,10200,241100,19.485205,24294.55,23950.0,23950,ATM-7,PUT,24300,2024-11-01
2024-11-01 18:52:00+05:30,93.5,93.95,92.95,93.25,6700,241775,19.566685,24298.45,23950.0,23950,ATM-7,PUT,24300,2024-11-01
2024-11-01 18:53:00+05:30,92.75,92.75,90.45,90.95,11475,241775,19.453508,24303.1,23950.0,23950,ATM-7,PUT,24300,2024-11-01
2024-11-01 18:54:00+05:30,90.95,93.6,90.25,93.05,9875,241775,19.451769,24294.7,23950.0,23950,ATM-7,PUT,24300,2024-11-01
2024-11-01 18:55:00+05:30,93.05,93.85,92.0,92.85,7675,235600,19.418379,24294.15,23950.0,23950,ATM-7,PUT,24300,2024-11-01
2024-11-01 18:56:00+05:30,93.2,93.6,93.0,93.0,9025,235600,19.477177,24295.8,23950.0,23950,ATM-7,PUT,24300,2024-11-01
2024-11-01 18:57:00+05:30,93.0,93.45,92.75,92.95,6925,235600,19.452501,24295.0,23950.0,23950,ATM-7,PUT,24300,2024-11-01
2024-11-01 18:58:00+05:30,93.2,93.2,92.05,92.45,6925,231375,19.405516,24295.1,23950.0,23950,ATM-7,PUT,24300,2024-11-01
2024-11-01 18:59:00+05:30,92.55,92.55,90.0,90.0,16025,231375,19.29747,24300.55,23950.0,23950,ATM-7,PUT,24300,2024-11-01
2024-11-01 18:00:00+05:30,420.7,420.7,353.8,388.65,24275,686500,11.593191,24320.9,24000.0,24000,ATM-6,CALL,24300,2024-11-01
2024-11-01 18:01:00+05:30,354.95,364.9,352.05,360.05,3025,52275,11.598674,24336.25,24050.0,24000,ATM-6,CALL,24300,2024-11-01
2024-11-01 18:02:00+05:30,360.05,362.65,359.0,362.65,1225,52275,11.471626,24340.65,24050.0,24000,ATM-6,CALL,24300,2024-11-01
2024-11-01 18:03:00+05:30,362.3,365.3,362.3,365.1,900,52275,10.699076,24350.55,24050.0,24000,ATM-6,CALL,24300,2024-11-01
2024-11-01 18:04:00+05:30,365.1,365.1,352.0,357.0,1275,52750,10.543338,24342.35,24050.0,24000,ATM-6,CALL,24300,2024-11-01
2024-11-01 18:05:00+05:30,356.3,357.2,345.4,347.45,1300,52750,9.933189,24336.25,24050.0,24000,ATM-6,CALL,24300,2024-11-01
2024-11-01 18:06:00+05:30,347.45,355.0,347.45,353.2,1450,52750,11.091444,24332.9,24050.0,24000,ATM-6,CALL,24300,2024-11-01
2024-11-01 18:07:00+05:30,353.2,353.2,346.1,349.7,4075,52600,10.920956,24330.3,24050.0,24000,ATM-6,CALL,24300,2024-11-01
2024-11-01 18:08:00+05:30,349.7,360.0,349.7,359.95,775,52600,10.437218,24346.75,24050.0,24000,ATM-6,CALL,24300,2024-11-01
2024-11-01 18:09:00+05:30,359.95,364.0,358.95,358.95,1525,52600,10.332915,24346.45,24050.0,24000,ATM-6,CALL,24300,2024-11-01
2024-11-01 18:10:00+05:30,358.95,365.7,358.95,364.9,1075,52725,10.387926,24352.95,24050.0,24000,ATM-6,CALL,24300,2024-11-01
2024-11-01 18:11:00+05:30,363.4,365.45,358.8,359.35,2300,52725,9.958418,24349.9,24050.0,24000,ATM-6,CALL,24300,2024-11-01
2024-11-01 18:12:00+05:30,359.25,363.0,359.25,361.9,1850,52725,9.727811,24354.55,24050.0,24000,ATM-6,CALL,24300,2024-11-01
2024-11-01 18:13:00+05:30,361.9,364.4,358.4,363.3,1400,53200,9.268568,24359.3,24050.0,24000,ATM-6,CALL,24300,2024-11-01
2024-11-01 18:14:00+05:30,363.3,363.3,358.0,358.8,500,53200,10.028745,24348.75,24050.0,24000,ATM-6,CALL,24300,2024-11-01
2024-11-01 18:15:00+05:30,358.8,358.8,349.8,352.65,775,53200,9.624319,24344.75,24050.0,24000,ATM-6,CALL,24300,2024-11-01
2024-11-01 18:16:00+05:30,352.65,357.45,352.65,357.45,325,53575,9.665917,24349.95,24050.0,24000,ATM-6,CALL,24300,2024-11-01
2024-11-01 18:17:00+05:30,357.45,357.45,355.3,355.3,50,53575,10.303518,24342.5,24050.0,24000,ATM-6,CALL,24300,2024-11-01
2024-11-01 18:18:00+05:30,355.3,355.3,345.75,345.75,1325,53575,10.023116,24333.65,24050.0,24000,ATM-6,CALL,24300,2024-11-01
2024-11-01 18:19:00+05:30,345.75,348.0,344.95,347.05,1225,53900,10.527967,24330.85,24050.0,24000,ATM-6,CALL,24300,2024-11-01
2024-11-01 18:20:00+05:30,347.05,354.1,347.05,354.05,1000,53900,10.620936,24338.35,24050.0,24000,ATM-6,CALL,24300,2024-11-01
2024-11-01 18:21:00+05:30,354.05,354.3,352.75,352.95,125,53900,10.610229,24337.15,24050.0,24000,ATM-6,CALL,24300,2024-11-01
2024-11-01 18:22:00+05:30,352.95,352.95,346.35,347.8,250,53625,10.80559,24329.25,24050.0,24000,ATM-6,CALL,24300,2024-11-01
2024-11-01 18:23:00+05:30,347.8,349.7,347.8,349.7,125,53625,11.13367,24328.45,24050.0,24000,ATM-6,CALL,24300,2024-11-01
2024-11-01 18:24:00+05:30,349.7,351.35,349.7,351.0,125,53625,11.000372,24331.3,24050.0,24000,ATM-6,CALL,24300,2024-11-01
2024-11-01 18:25:00+05:30,351.0,351.0,350.2,350.2,50,53625,11.152107,24328.9,24050.0,24000,ATM-6,CALL,24300,2024-11-01
2024-11-01 18:26:00+05:30,350.2,360.55,348.55,360.55,300,53475,11.166494,24341.25,24050.0,24000,ATM-6,CALL,24300,2024-11-01
2024-11-01 18:27:00+05:30,359.85,359.85,354.15,354.15,400,53475,11.318911,24332.1,24050.0,24000,ATM-6,CALL,24300,2024-11-01
2024-11-01 18:28:00+05:30,354.15,354.25,350.2,350.2,825,53250,11.207207,24328.4,24050.0,24000,ATM-6,CALL,24300,2024-11-01
2024-11-01 18:29:00+05:30,349.3,352.85,345.6,352.85,650,53250,11.693927,24326.8,24050.0,24000,ATM-6,CALL,24300,2024-11-01
2024-11-01 18:30:00+05:30,352.85,352.85,352.8,352.8,25,53250,11.394901,24329.75,24050.0,24000,ATM-6,CALL,24300,2024-11-01
2024-11-01 18:31:00+05:30,352.8,354.05,352.8,354.05,350,53075,11.674145,24328.5,24050.0,24000,ATM-6,CALL,24300,2024-11-01
2024-11-01 18:32:00+05:30,354.05,354.05,347.7,350.9,925,53075,11.144186,24329.9,24050.0,24000,ATM-6,CALL,24300,2024-11-01
2024-11-01 18:33:00+05:30,350.9,352.0,350.9,352.0,75,53075,11.293749,24329.8,24050.0,24000,ATM-6,CALL,24300,2024-11-01
2024-11-01 18:34:00+05:30,352.0,352.95,352.0,352.95,25,52925,11.45848,24329.35,24050.0,24000,ATM-6,CALL,24300,2024-11-01
2024-11-01 18:36:00+05:30,352.95,356.95,351.0,354.45,450,52925,11.509289,24330.7,24050.0,24000,ATM-6,CALL,24300,2024-11-01
2024-11-01 18:37:00+05:30,389.5,390.6,385.0,387.25,6150,642625,11.169225,24323.2,24000.0,24000,ATM-6,CALL,24300,2024-11-01
2024-11-01 18:38:00+05:30,387.25,388.85,386.45,387.0,2375,642625,11.459181,24320.5,24000.0,24000,ATM-6,CALL,24300,2024-11-01
2024-11-01 18:39:00+05:30,386.25,387.2,385.45,386.1,1850,642625,11.435694,24319.65,24000.0,24000,ATM-6,CALL,24300,2024-11-01
2024-11-01 18:40:00+05:30,385.0,388.3,382.6,383.3,5650,641750,11.413242,24316.55,24000.0,24000,ATM-6,CALL,24300,2024-11-01
2024-11-01 18:41:00+05:30,383.3,384.15,378.75,382.95,6475,641750,11.607594,24314.45,24000.0,24000,ATM-6,CALL,24300,2024-11-01
2024-11-01 18:42:00+05:30,383.6,383.65,382.2,383.65,3600,641750,11.868174,24312.95,24000.0,24000,ATM-6,CALL,24300,2024-11-01
2024-11-01 18:43:00+05:30,383.7,383.7,378.0,380.9,7700,645800,12.228649,24306.25,24000.0,24000,ATM-6,CALL,24300,2024-11-01
2024-11-01 18:44:00+05:30,381.0,382.45,380.05,381.0,2425,645800,12.3295,24305.4,24000.0,24000,ATM-6,CALL,24300,2024-11-01
2024-11-01 18:45:00+05:30,380.7,383.6,380.1,381.55,2775,645800,12.876658,24300.55,24000.0,24000,ATM-6,CALL,24300,2024-11-01
2024-11-01 18:46:00+05:30,380.25,381.75,380.05,380.95,2000,646875,13.091228,24297.55,24000.0,24000,ATM-6,CALL,24300,2024-11-01
2024-11-01 18:47:00+05:30,381.1,382.55,378.8,381.0,5950,646875,13.223536,24296.2,24000.0,24000,ATM-6,CALL,24300,2024-11-01
2024-11-01 18:48:00+05:30,380.3,382.35,380.0,381.8,4275,646875,13.17389,24297.75,24000.0,24000,ATM-6,CALL,24300,2024-11-01
2024-11-01 18:49:00+05:30,381.8,383.5,381.7,382.8,5750,649175,13.212216,24298.6,24000.0,24000,ATM-6,CALL,24300,2024-11-01
2024-11-01 18:50:00+05:30,382.35,383.0,379.1,379.55,2700,649175,13.700056,24289.1,24000.0,24000,ATM-6,CALL,24300,2024-11-01
2024-11-01 18:51:00+05:30,379.55,381.0,379.45,380.55,5050,649175,13.327808,24294.55,24000.0,24000,ATM-6,CALL,24300,2024-11-01
2024-11-01 18:52:00+05:30,380.55,382.4,380.15,382.0,5650,647400,13.136729,24298.45,24000.0,24000,ATM-6,CALL,24300,2024-11-01
2024-11-01 18:53:00+05:30,382.4,387.4,382.4,387.4,5975,647400,13.332907,24303.1,24000.0,24000,ATM-6,CALL,24300,2024-11-01
2024-11-01 18:54:00+05:30,387.4,387.4,382.45,382.45,4950,647400,13.534382,24294.7,24000.0,24000,ATM-6,CALL,24300,2024-11-01
2024-11-01 18:55:00+05:30,382.5,382.5,379.15,380.0,9225,644200,13.306069,24294.15,24000.0,24000,ATM-6,CALL,24300,2024-11-01
2024-11-01 18:56:00+05:30,380.0,381.95,380.0,381.0,10125,644200,13.271161,24295.8,24000.0,24000,ATM-6,CALL,24300,2024-11-01
2024-11-01 18:57:00+05:30,381.0,381.85,379.0,379.3,6925,644200,13.149819,24295.0,24000.0,24000,ATM-6,CALL,24300,2024-11-01
2024-11-01 18:58:00+05:30,379.65,380.5,379.0,379.0,6750,639975,13.106991,24295.1,24000.0,24000,ATM-6,CALL,24300,2024-11-01
2024-11-01 18:59:00+05:30,379.6,380.3,374.5,374.9,19450,639975,12.083968,24300.55,24000.0,24000,ATM-6,CALL,24300,2024-11-01
2024-11-01 18:00:00+05:30,109.75,122.9,93.95,112.8,257525,2895150,20.669662,24320.9,24000.0,24000,ATM-6,PUT,24300,2024-11-01
2024-11-01 18:01:00+05:30,131.35,132.35,122.5,124.2,27875,226600,20.755603,24336.25,24050.0,24000,ATM-6,PUT,24300,2024-11-01
2024-11-01 18:02:00+05:30,124.4,125.7,122.65,124.15,14900,226600,20.874745,24340.65,24050.0,24000,ATM-6,PUT,24300,2024-11-01
2024-11-01 18:03:00+05:30,124.2,124.2,117.55,119.1,17125,226600,20.677088,24350.55,24050.0,24000,ATM-6,PUT,24300,2024-11-01
2024-11-01 18:04:00+05:30,118.8,124.9,118.8,123.85,15900,244725,20.896306,24342.35,24050.0,24000,ATM-6,PUT,24300,2024-11-01
2024-11-01 18:05:00+05:30,123.75,125.6,122.55,125.0,19625,244725,20.83429,24336.25,24050.0,24000,ATM-6,PUT,24300,2024-11-01
2024-11-01 18:06:00+05:30,124.85,125.35,122.1,122.3,9425,244725,20.490845,24332.9,24050.0,24000,ATM-6,PUT,24300,2024-11-01
2024-11-01 18:07:00+05:30,122.65,124.65,122.0,124.5,10500,254000,20.623459,24330.3,24050.0,24000,ATM-6,PUT,24300,2024-11-01
2024-11-01 18:08:00+05:30,124.3,124.55,118.5,118.5,12100,254000,20.52154,24346.75,24050.0,24000,ATM-6,PUT,24300,2024-11-01
2024-11-01 18:09:00+05:30,118.4,121.65,117.65,121.0,7250,254000,20.749064,24346.45,24050.0,24000,ATM-6,PUT,24300,2024-11-01
2024-11-01 18:10:00+05:30,121.2,121.4,116.75,117.6,15775,257100,20.609174,24352.95,24050.0,24000,ATM-6,PUT,24300,2024-11-01
2024-11-01 18:11:00+05:30,117.4,118.6,116.65,118.0,8875,257100,20.56433,24349.9,24050.0,24000,ATM-6,PUT,24300,2024-11-01
2024-11-01 18:12:00+05:30,117.35,118.6,116.3,116.95,6650,257100,20.593717,24354.55,24050.0,24000,ATM-6,PUT,24300,2024-11-01
2024-11-01 18:13:00+05:30,116.75,117.25,114.85,115.1,12400,266175,20.548962,24359.3,24050.0,24000,ATM-6,PUT,24300,2024-11-01
2024-11-01 18:14:00+05:30,115.3,117.9,115.3,117.2,6575,266175,20.460569,24348.75,24050.0,24000,ATM-6,PUT,24300,2024-11-01
2024-11-01 18:15:00+05:30,117.45,120.55,116.95,119.4,18525,266175,20.558533,24344.75,24050.0,24000,ATM-6,PUT,24300,2024-11-01
2024-11-01 18:16:00+05:30,119.4,119.4,116.0,116.0,4675,267425,20.38232,24349.95,24050.0,24000,ATM-6,PUT,24300,2024-11-01
2024-11-01 18:17:00+05:30,115.85,117.3,115.05,117.3,5575,267425,20.301269,24342.5,24050.0,24000,ATM-6,PUT,24300,2024-11-01
2024-11-01 18:18:00+05:30,117.35,121.2,117.35,121.0,16600,267425,20.403572,24333.65,24050.0,24000,ATM-6,PUT,24300,2024-11-01
2024-11-01 18:19:00+05:30,120.8,122.35,120.35,120.6,15775,274875,20.28927,24330.85,24050.0,24000,ATM-6,PUT,24300,2024-11-01
2024-11-01 18:20:00+05:30,120.0,120.0,117.5,118.95,10625,274875,20.344684,24338.35,24050.0,24000,ATM-6,PUT,24300,2024-11-01
2024-11-01 18:21:00+05:30,118.95,119.35,117.95,119.35,4875,274875,20.349944,24337.15,24050.0,24000,ATM-6,PUT,24300,2024-11-01
2024-11-01 18:22:00+05:30,119.0,121.75,119.0,121.2,5075,273975,20.303667,24329.25,24050.0,24000,ATM-6,PUT,24300,2024-11-01
2024-11-01 18:23:00+05:30,120.4,122.0,120.4,121.45,7400,273975,20.305621,24328.45,24050.0,24000,ATM-6,PUT,24300,2024-11-01
2024-11-01 18:24:00+05:30,121.3,121.55,120.6,121.45,3750,273975,20.386379,24331.3,24050.0,24000,ATM-6,PUT,24300,2024-11-01
2024-11-01 18:25:00+05:30,121.45,121.45,120.35,120.65,3450,274825,20.245867,24328.9,24050.0,24000,ATM-6,PUT,24300,2024-11-01
2024-11-01 18:26:00+05:30,120.65,120.65,112.2,113.9,17450,274825,19.955895,24341.25,24050.0,24000,ATM-6,PUT,24300,2024-11-01
2024-11-01 18:27:00+05:30,114.6,116.7,114.6,116.5,8125,274825,19.949212,24332.1,24050.0,24000,ATM-6,PUT,24300,2024-11-01
2024-11-01 18:28:00+05:30,116.45,119.45,116.0,119.45,10575,275950,20.12323,24328.4,24050.0,24000,ATM-6,PUT,24300,2024-11-01
2024-11-01 18:29:00+05:30,118.65,121.05,118.4,118.8,12825,275950,20.018987,24326.8,24050.0,24000,ATM-6,PUT,24300,2024-11-01
2024-11-01 18:30:00+05:30,118.9,119.1,117.2,117.75,5925,275950,20.004165,24329.75,24050.0,24000,ATM-6,PUT,24300,2024-11-01
2024-11-01 18:31:00+05:30,117.75,118.7,117.75,117.8,3325,277450,19.975097,24328.5,24050.0,24000,ATM-6,PUT,24300,2024-11-01
2024-11-01 18:32:00+05:30,117.8,120.35,117.7,119.5,7700,277450,20.17399,24329.9,24050.0,24000,ATM-6,PUT,24300,2024-11-01
2024-11-01 18:33:00+05:30,119.4,119.5,117.95,118.55,1650,277450,20.083521,24329.8,24050.0,24000,ATM-6,PUT,24300,2024-11-01
2024-11-01 18:34:00+05:30,118.55,119.0,117.9,118.3,2250,276575,20.048671,24329.35,24050.0,24000,ATM-6,PUT,24300,2024-11-01
2024-11-01 18:35:00+05:30,118.3,118.95,118.2,118.9,3875,276575,20.108586,24329.45,24050.0,24000,ATM-6,PUT,24300,2024-11-01
2024-11-01 18:36:00+05:30,118.45,118.85,114.55,117.3,6075,276575,19.994772,24330.7,24050.0,24000,ATM-6,PUT,24300,2024-11-01
2024-11-01 18:37:00+05:30,103.05,105.25,102.6,105.25,62450,3168925,20.041177,24323.2,24000.0,24000,ATM-6,PUT,24300,2024-11-01
2024-11-01 18:38:00+05:30,105.05,105.35,104.35,105.0,39175,3168925,19.945908,24320.5,24000.0,24000,ATM-6,PUT,24300,2024-11-01
2024-11-01 18:39:00+05:30,105.35,105.45,105.0,105.35,48200,3168925,19.958332,24319.65,24000.0,24000,ATM-6,PUT,24300,2024-11-01
2024-11-01 18:40:00+05:30,105.25,106.4,104.35,106.3,97425,3160000,19.968712,24316.55,24000.0,24000,ATM-6,PUT,24300,2024-11-01
2024-11-01 18:41:00+05:30,106.5,107.1,105.65,106.35,71675,3160000,19.918298,24314.45,24000.0,24000,ATM-6,PUT,24300,2024-11-01
2024-11-01 18:42:00+05:30,106.0,106.9,105.85,106.4,51050,3160000,19.88392,24312.95,24000.0,24000,ATM-6,PUT,24300,2024-11-01
2024-11-01 18:43:00+05:30,106.7,107.95,106.2,107.35,102825,3143600,19.796241,24306.25,24000.0,24000,ATM-6,PUT,24300,2024-11-01
2024-11-01 18:44:00+05:30,107.85,108.0,106.9,107.4,64900,3143600,19.779135,24305.4,24000.0,24000,ATM-6,PUT,24300,2024-11-01
2024-11-01 18:45:00+05:30,107.8,107.8,106.6,107.4,56550,3143600,19.648894,24300.55,24000.0,24000,ATM-6,PUT,24300,2024-11-01
2024-11-01 18:46:00+05:30,107.75,108.0,107.1,107.35,58775,3141175,19.563731,24297.55,24000.0,24000,ATM-6,PUT,24300,2024-11-01
2024-11-01 18:47:00+05:30,107.4,107.4,104.2,104.6,118525,3141175,19.263744,24296.2,24000.0,24000,ATM-6,PUT,24300,2024-11-01
2024-11-01 18:48:00+05:30,105.45,106.05,104.8,104.8,57325,3141175,19.325952,24297.75,24000.0,24000,ATM-6,PUT,24300,2024-11-01
2024-11-01 18:49:00+05:30,105.25,105.3,104.65,105.1,42575,3175750,19.378869,24298.6,24000.0,24000,ATM-6,PUT,24300,2024-11-01
2024-11-01 18:50:00+05:30,105.1,106.45,104.65,106.1,87825,3175750,19.21812,24289.1,24000.0,24000,ATM-6,PUT,24300,2024-11-01
2024-11-01 18:51:00+05:30,106.3,106.65,105.75,105.75,40700,3175750,19.33375,24294.55,24000.0,24000,ATM-6,PUT,24300,2024-11-01
2024-11-01 18:52:00+05:30,105.8,106.5,105.6,105.6,43200,3201475,19.426051,24298.45,24000.0,24000,ATM-6,PUT,24300,2024-11-01
2024-11-01 18:53:00+05:30,105.6,105.75,102.95,103.4,48275,3201475,19.340039,24303.1,24000.0,24000,ATM-6,PUT,24300,2024-11-01
2024-11-01 18:54:00+05:30,103.1,106.15,102.85,106.0,74600,3201475,19.364903,24294.7,24000.0,24000,ATM-6,PUT,24300,2024-11-01
2024-11-01 18:55:00+05:30,106.05,106.45,104.7,105.55,55900,3187225,19.30774,24294.15,24000.0,24000,ATM-6,PUT,24300,2024-11-01
2024-11-01 18:56:00+05:30,105.9,106.1,105.7,105.7,40850,3187225,19.367956,24295.8,24000.0,24000,ATM-6,PUT,24300,2024-11-01
2024-11-01 18:57:00+05:30,105.9,106.15,105.55,105.6,56400,3187225,19.337653,24295.0,24000.0,24000,ATM-6,PUT,24300,2024-11-01
2024-11-01 18:58:00+05:30,105.9,105.95,105.0,105.5,70500,3190550,19.331766,24295.1,24000.0,24000,ATM-6,PUT,24300,2024-11-01
2024-11-01 18:59:00+05:30,105.3,105.3,101.65,103.3,80200,3190550,19.26782,24300.55,24000.0,24000,ATM-6,PUT,24300,2024-11-01
2024-11-01 18:00:00+05:30,360.0,360.2,324.05,354.95,5925,50000,12.458157,24320.9,24050.0,24050,ATM-5,CALL,24300,2024-11-01
2024-11-01 18:01:00+05:30,321.95,329.05,319.5,324.65,24075,575025,12.0786,24336.25,24100.0,24050,ATM-5,CALL,24300,2024-11-01
2024-11-01 18:02:00+05:30,324.65,328.7,324.65,327.85,22325,575025,12.057126,24340.65,24100.0,24050,ATM-5,CALL,24300,2024-11-01
2024-11-01 18:03:00+05:30,327.5,331.45,327.5,330.05,12925,575025,11.437031,24350.55,24100.0,24050,ATM-5,CALL,24300,2024-11-01
2024-11-01 18:04:00+05:30,330.9,330.9,317.35,321.9,41500,575675,11.252677,24342.35,24100.0,24050,ATM-5,CALL,24300,2024-11-01
2024-11-01 18:05:00+05:30,322.35,323.55,310.05,317.55,17475,575675,11.307034,24336.25,24100.0,24050,ATM-5,CALL,24300,2024-11-01
2024-11-01 18:06:00+05:30,317.1,320.85,316.85,318.3,9125,575675,11.679056,24332.9,24100.0,24050,ATM-5,CALL,24300,2024-11-01
2024-11-01 18:07:00+05:30,318.3,319.85,314.15,315.75,5575,580150,11.622709,24330.3,24100.0,24050,ATM-5,CALL,24300,2024-11-01
2024-11-01 18:08:00+05:30,315.75,325.55,314.55,325.4,7125,580150,11.256897,24346.75,24100.0,24050,ATM-5,CALL,24300,2024-11-01
2024-11-01 18:09:00+05:30,326.1,329.55,322.75,324.1,8175,580150,11.136043,24346.45,24100.0,24050,ATM-5,CALL,24300,2024-11-01
2024-11-01 18:10:00+05:30,323.95,330.55,323.95,329.5,21475,578200,11.158817,24352.95,24100.0,24050,ATM-5,CALL,24300,2024-11-01
2024-11-01 18:11:00+05:30,329.0,330.75,324.05,324.05,7575,578200,10.807277,24349.9,24100.0,24050,ATM-5,CALL,24300,2024-11-01
2024-11-01 18:12:00+05:30,324.05,327.45,324.05,327.45,1950,578200,10.763409,24354.55,24100.0,24050,ATM-5,CALL,24300,2024-11-01
2024-11-01 18:13:00+05:30,327.45,330.0,325.3,329.4,4225,565000,10.526678,24359.3,24100.0,24050,ATM-5,CALL,24300,2024-11-01
2024-11-01 18:14:00+05:30,328.55,329.1,319.7,320.5,7850,565000,10.496312,24348.75,24100.0,24050,ATM-5,CALL,24300,2024-11-01
2024-11-01 18:15:00+05:30,320.5,324.45,315.4,318.2,17600,565000,10.611532,24344.75,24100.0,24050,ATM-5,CALL,24300,2024-11-01
2024-11-01 18:16:00+05:30,319.3,324.15,318.7,324.0,4975,551675,10.801891,24349.95,24100.0,24050,ATM-5,CALL,24300,2024-11-01
2024-11-01 18:17:00+05:30,325.0,325.0,319.65,319.95,2450,551675,11.030159,24342.5,24100.0,24050,ATM-5,CALL,24300,2024-11-01
2024-11-01 18:18:00+05:30,320.6,320.6,310.9,310.9,9850,551675,10.802625,24333.65,24100.0,24050,ATM-5,CALL,24300,2024-11-01
2024-11-01 18:19:00+05:30,311.45,314.25,310.6,313.1,8775,552600,11.298894,24330.85,24100.0,24050,ATM-5,CALL,24300,2024-11-01
2024-11-01 18:20:00+05:30,314.7,320.75,314.7,320.0,6800,552600,11.411853,24338.35,24100.0,24050,ATM-5,CALL,24300,2024-11-01
2024-11-01 18:21:00+05:30,319.95,320.45,318.05,318.05,2100,552600,11.300721,24337.15,24100.0,24050,ATM-5,CALL,24300,2024-11-01
2024-11-01 18:22:00+05:30,318.0,318.0,311.0,313.4,5350,551200,11.472069,24329.25,24100.0,24050,ATM-5,CALL,24300,2024-11-01
2024-11-01 18:23:00+05:30,315.8,315.8,313.2,315.15,3550,551200,11.729759,24328.45,24100.0,24050,ATM-5,CALL,24300,2024-11-01
2024-11-01 18:24:00+05:30,315.15,317.2,315.1,315.8,5375,551200,11.561801,24331.3,24100.0,24050,ATM-5,CALL,24300,2024-11-01
2024-11-01 18:25:00+05:30,315.8,316.45,314.6,315.0,5200,555875,11.678249,24328.9,24100.0,24050,ATM-5,CALL,24300,2024-11-01
2024-11-01 18:26:00+05:30,315.0,324.45,314.4,324.2,14575,555875,11.631822,24341.25,24100.0,24050,ATM-5,CALL,24300,2024-11-01
2024-11-01 18:27:00+05:30,323.0,324.65,319.4,320.15,16950,555875,11.968052,24332.1,24100.0,24050,ATM-5,CALL,24300,2024-11-01
2024-11-01 18:28:00+05:30,320.2,320.2,314.4,314.4,4625,569325,11.658509,24328.4,24100.0,24050,ATM-5,CALL,24300,2024-11-01
2024-11-01 18:29:00+05:30,315.35,318.9,311.6,316.45,5225,569325,12.010352,24326.8,24100.0,24050,ATM-5,CALL,24300,2024-11-01
2024-11-01 18:30:00+05:30,317.25,319.55,317.25,318.6,2375,569325,11.999159,24329.75,24100.0,24050,ATM-5,CALL,24300,2024-11-01
2024-11-01 18:31:00+05:30,318.6,319.6,317.6,318.4,2050,568875,12.080963,24328.5,24100.0,24050,ATM-5,CALL,24300,2024-11-01
2024-11-01 18:32:00+05:30,318.4,318.4,314.65,315.9,3875,568875,11.699265,24329.9,24100.0,24050,ATM-5,CALL,24300,2024-11-01
2024-11-01 18:33:00+05:30,315.9,318.45,315.9,318.35,425,568875,11.971652,24329.8,24100.0,24050,ATM-5,CALL,24300,2024-11-01
2024-11-01 18:34:00+05:30,318.35,319.0,316.95,316.95,850,568075,11.86014,24329.35,24100.0,24050,ATM-5,CALL,24300,2024-11-01
2024-11-01 18:35:00+05:30,316.95,318.15,316.95,317.4,975,568075,11.901134,24329.45,24100.0,24050,ATM-5,CALL,24300,2024-11-01
2024-11-01 18:36:00+05:30,317.4,321.5,316.55,318.75,4375,568075,11.943537,24330.7,24100.0,24050,ATM-5,CALL,24300,2024-11-01
2024-11-01 18:37:00+05:30,354.45,354.45,349.25,349.75,175,52675,11.681501,24323.2,24050.0,24050,ATM-5,CALL,24300,2024-11-01
2024-11-01 18:38:00+05:30,349.75,352.35,349.75,350.8,300,52675,12.062289,24320.5,24050.0,24050,ATM-5,CALL,24300,2024-11-01
2024-11-01 18:39:00+05:30,350.8,351.3,350.0,350.0,75,52675,12.049552,24319.65,24050.0,24050,ATM-5,CALL,24300,2024-11-01
2024-11-01 18:40:00+05:30,350.0,350.3,346.7,347.0,1300,52650,11.99039,24316.55,24050.0,24050,ATM-5,CALL,24300,2024-11-01
2024-11-01 18:41:00+05:30,347.65,348.65,344.2,348.65,1250,52650,12.370074,24314.45,24050.0,24050,ATM-5,CALL,24300,2024-11-01
2024-11-01 18:42:00+05:30,348.65,348.7,347.5,348.7,100,52650,12.509398,24312.95,24050.0,24050,ATM-5,CALL,24300,2024-11-01
2024-11-01 18:43:00+05:30,348.7,348.7,343.05,343.05,475,52650,12.466869,24306.25,24050.0,24050,ATM-5,CALL,24300,2024-11-01
2024-11-01 18:44:00+05:30,346.5,346.5,345.35,346.15,450,52650,12.878606,24305.4,24050.0,24050,ATM-5,CALL,24300,2024-11-01
2024-11-01 18:45:00+05:30,346.15,346.55,345.35,346.45,300,52650,13.309523,24300.55,24050.0,24050,ATM-5,CALL,24300,2024-11-01
2024-11-01 18:46:00+05:30,346.45,346.45,344.8,344.9,150,52725,13.387829,24297.55,24050.0,24050,ATM-5,CALL,24300,2024-11-01
2024-11-01 18:47:00+05:30,344.9,347.9,343.45,345.75,1100,52725,13.583809,24296.2,24050.0,24050,ATM-5,CALL,24300,2024-11-01
2024-11-01 18:48:00+05:30,345.75,346.85,344.05,346.85,825,52725,13.577423,24297.75,24050.0,24050,ATM-5,CALL,24300,2024-11-01
2024-11-01 18:49:00+05:30,346.85,347.7,346.75,347.7,200,53150,13.6,24298.6,24050.0,24050,ATM-5,CALL,24300,2024-11-01
2024-11-01 18:50:00+05:30,347.7,347.7,345.0,345.0,850,53150,14.054573,24289.1,24050.0,24050,ATM-5,CALL,24300,2024-11-01
2024-11-01 18:51:00+05:30,345.0,345.0,343.85,344.85,725,53150,13.624192,24294.55,24050.0,24050,ATM-5,CALL,24300,2024-11-01
2024-11-01 18:52:00+05:30,344.85,345.7,344.85,345.7,175,53150,13.406851,24298.45,24050.0,24050,ATM-5,CALL,24300,2024-11-01
2024-11-01 18:53:00+05:30,345.7,350.45,345.7,350.2,900,53150,13.508558,24303.1,24050.0,24050,ATM-5,CALL,24300,2024-11-01
2024-11-01 18:54:00+05:30,350.2,351.7,347.0,347.0,300,53150,13.837109,24294.7,24050.0,24050,ATM-5,CALL,24300,2024-11-01
2024-11-01 18:55:00+05:30,347.0,347.2,344.8,344.85,500,53125,13.65991,24294.15,24050.0,24050,ATM-5,CALL,24300,2024-11-01
2024-11-01 18:56:00+05:30,344.85,345.3,344.85,345.3,1600,53125,13.578961,24295.8,24050.0,24050,ATM-5,CALL,24300,2024-11-01
2024-11-01 18:57:00+05:30,345.3,345.75,344.65,344.65,500,53125,13.575409,24295.0,24050.0,24050,ATM-5,CALL,24300,2024-11-01
2024-11-01 18:58:00+05:30,344.65,344.9,343.1,344.9,250,52775,13.594613,24295.1,24050.0,24050,ATM-5,CALL,24300,2024-11-01
2024-11-01 18:59:00+05:30,344.9,344.9,340.5,341.15,3025,52775,12.761045,24300.55,24050.0,24050,ATM-5,CALL,24300,2024-11-01
2024-11-01 18:00:00+05:30,124.2,138.8,120.95,129.75,32825,222600,20.834687,24320.9,24050.0,24050,ATM-5,PUT,24300,2024-11-01
2024-11-01 18:01:00+05:30,147.65,149.05,138.1,139.5,119175,1036400,20.67831,24336.25,24100.0,24050,ATM-5,PUT,24300,2024-11-01
2024-11-01 18:02:00+05:30,140.55,141.7,138.7,140.15,50875,1036400,20.866614,24340.65,24100.0,24050,ATM-5,PUT,24300,2024-11-01
2024-11-01 18:03:00+05:30,138.9,139.1,133.35,134.0,69400,1036400,20.60189,24350.55,24100.0,24050,ATM-5,PUT,24300,2024-11-01
2024-11-01 18:04:00+05:30,134.85,140.8,134.85,139.7,91175,1057950,20.878191,24342.35,24100.0,24050,ATM-5,PUT,24300,2024-11-01
2024-11-01 18:05:00+05:30,139.25,141.9,138.25,140.9,42600,1057950,20.807908,24336.25,24100.0,24050,ATM-5,PUT,24300,2024-11-01
2024-11-01 18:06:00+05:30,141.5,141.5,137.85,138.3,49325,1057950,20.477891,24332.9,24100.0,24050,ATM-5,PUT,24300,2024-11-01
2024-11-01 18:07:00+05:30,138.95,140.8,138.2,140.4,23575,1089100,20.590122,24330.3,24100.0,24050,ATM-5,PUT,24300,2024-11-01
2024-11-01 18:08:00+05:30,140.15,140.75,134.25,134.3,47075,1089100,20.524472,24346.75,24100.0,24050,ATM-5,PUT,24300,2024-11-01
2024-11-01 18:09:00+05:30,134.05,136.8,133.15,136.5,28250,1089100,20.715359,24346.45,24100.0,24050,ATM-5,PUT,24300,2024-11-01
2024-11-01 18:10:00+05:30,137.0,137.0,132.0,132.7,37075,1088325,20.56089,24352.95,24100.0,24050,ATM-5,PUT,24300,2024-11-01
2024-11-01 18:11:00+05:30,133.0,134.15,132.0,133.7,39150,1088325,20.564586,24349.9,24100.0,24050,ATM-5,PUT,24300,2024-11-01
2024-11-01 18:12:00+05:30,132.8,134.3,132.05,132.05,17600,1088325,20.550087,24354.55,24100.0,24050,ATM-5,PUT,24300,2024-11-01
2024-11-01 18:13:00+05:30,132.1,132.95,130.2,130.5,48425,1101325,20.546354,24359.3,24100.0,24050,ATM-5,PUT,24300,2024-11-01
2024-11-01 18:14:00+05:30,130.85,133.9,130.7,133.5,37175,1101325,20.516472,24348.75,24100.0,24050,ATM-5,PUT,24300,2024-11-01
2024-11-01 18:15:00+05:30,133.3,136.2,133.15,135.25,71375,1101325,20.559722,24344.75,24100.0,24050,ATM-5,PUT,24300,2024-11-01
2024-11-01 18:16:00+05:30,135.0,135.0,131.7,132.0,21175,1085775,20.417391,24349.95,24100.0,24050,ATM-5,PUT,24300,2024-11-01
2024-11-01 18:17:00+05:30,131.55,133.0,130.6,132.6,20600,1085775,20.257287,24342.5,24100.0,24050,ATM-5,PUT,24300,2024-11-01
2024-11-01 18:18:00+05:30,132.7,137.7,132.7,137.7,65050,1085775,20.459003,24333.65,24100.0,24050,ATM-5,PUT,24300,2024-11-01
2024-11-01 18:19:00+05:30,137.35,138.45,136.0,136.0,61175,1093875,20.225421,24330.85,24100.0,24050,ATM-5,PUT,24300,2024-11-01
2024-11-01 18:20:00+05:30,136.6,136.6,133.25,134.95,31850,1093875,20.351681,24338.35,24100.0,24050,ATM-5,PUT,24300,2024-11-01
2024-11-01 18:21:00+05:30,134.35,135.15,133.5,134.85,14575,1093875,20.308714,24337.15,24100.0,24050,ATM-5,PUT,24300,2024-11-01
2024-11-01 18:22:00+05:30,134.75,137.5,134.75,137.0,28100,1100775,20.271162,24329.25,24100.0,24050,ATM-5,PUT,24300,2024-11-01
2024-11-01 18:23:00+05:30,136.75,138.0,136.75,137.6,49250,1100775,20.302367,24328.45,24100.0,24050,ATM-5,PUT,24300,2024-11-01
2024-11-01 18:24:00+05:30,137.35,137.5,136.25,136.85,19725,1100775,20.320148,24331.3,24100.0,24050,ATM-5,PUT,24300,2024-11-01
2024-11-01 18:25:00+05:30,136.85,137.35,136.3,136.6,13850,1127175,20.228201,24328.9,24100.0,24050,ATM-5,PUT,24300,2024-11-01
2024-11-01 18:26:00+05:30,136.4,136.4,127.35,129.0,59625,1127175,19.904715,24341.25,24100.0,24050,ATM-5,PUT,24300,2024-11-01
2024-11-01 18:27:00+05:30,129.25,132.5,129.25,132.3,26350,1127175,19.93795,24332.1,24100.0,24050,ATM-5,PUT,24300,2024-11-01
2024-11-01 18:28:00+05:30,132.4,135.35,131.75,135.35,46400,1134725,20.104606,24328.4,24100.0,24050,ATM-5,PUT,24300,2024-11-01
2024-11-01 18:29:00+05:30,134.35,137.0,134.35,134.7,27875,1134725,20.0003,24326.8,24100.0,24050,ATM-5,PUT,24300,2024-11-01
2024-11-01 18:30:00+05:30,134.9,134.9,132.75,133.55,11050,1134725,19.984742,24329.75,24100.0,24050,ATM-5,PUT,24300,2024-11-01
2024-11-01 18:31:00+05:30,133.6,135.0,133.2,133.5,17475,1137450,19.944626,24328.5,24100.0,24050,ATM-5,PUT,24300,2024-11-01
2024-11-01 18:32:00+05:30,133.6,136.15,133.55,135.0,41500,1137450,20.121488,24329.9,24100.0,24050,ATM-5,PUT,24300,2024-11-01
2024-11-01 18:33:00+05:30,135.3,135.35,133.7,134.5,18550,1137450,20.074701,24329.8,24100.0,24050,ATM-5,PUT,24300,2024-11-01
2024-11-01 18:34:00+05:30,134.5,134.5,133.55,134.35,10325,1133025,20.049064,24329.35,24100.0,24050,ATM-5,PUT,24300,2024-11-01
2024-11-01 18:35:00+05:30,134.3,134.75,133.9,134.2,6700,1133025,20.039573,24329.45,24100.0,24050,ATM-5,PUT,24300,2024-11-01
2024-11-01 18:36:00+05:30,134.2,134.6,130.2,133.2,24875,1133025,19.987374,24330.7,24100.0,24050,ATM-5,PUT,24300,2024-11-01
2024-11-01 18:37:00+05:30,117.5,119.65,117.05,119.55,12175,274775,19.996605,24323.2,24050.0,24050,ATM-5,PUT,24300,2024-11-01
2024-11-01 18:38:00+05:30,119.55,119.85,118.7,119.55,3550,274775,19.921924,24320.5,24050.0,24050,ATM-5,PUT,24300,2024-11-01
2024-11-01 18:39:00+05:30,119.55,120.0,119.5,120.0,5550,274775,19.940924,24319.65,24050.0,24050,ATM-5,PUT,24300,2024-11-01
2024-11-01 18:40:00+05:30,120.0,121.2,118.8,120.85,13575,278575,19.93358,24316.55,24050.0,24050,ATM-5,PUT,24300,2024-11-01
2024-11-01 18:41:00+05:30,120.6,121.8,120.15,121.0,12425,278575,19.889254,24314.45,24050.0,24050,ATM-5,PUT,24300,2024-11-01
2024-11-01 18:42:00+05:30,120.8,121.4,120.5,120.75,5725,278575,19.824766,24312.95,24050.0,24050,ATM-5,PUT,24300,2024-11-01
2024-11-01 18:43:00+05:30,121.35,122.8,120.8,121.9,13525,280625,19.742091,24306.25,24050.0,24050,ATM-5,PUT,24300,2024-11-01
2024-11-01 18:44:00+05:30,122.75,122.75,121.75,122.25,11100,280625,19.751196,24305.4,24050.0,24050,ATM-5,PUT,24300,2024-11-01
2024-11-01 18:45:00+05:30,122.6,122.6,121.0,122.0,11875,280625,19.590941,24300.55,24050.0,24050,ATM-5,PUT,24300,2024-11-01
2024-11-01 18:46:00+05:30,122.15,122.65,121.8,122.35,7000,282075,19.538358,24297.55,24050.0,24050,ATM-5,PUT,24300,2024-11-01
2024-11-01 18:47:00+05:30,122.35,122.35,118.5,119.55,15700,282075,19.2434,24296.2,24050.0,24050,ATM-5,PUT,24300,2024-11-01
2024-11-01 18:48:00+05:30,119.65,120.75,119.3,119.3,7325,282075,19.26559,24297.75,24050.0,24050,ATM-5,PUT,24300,2024-11-01
2024-11-01 18:49:00+05:30,119.65,119.95,119.2,119.6,2550,281500,19.318466,24298.6,24050.0,24050,ATM-5,PUT,24300,2024-11-01
2024-11-01 18:50:00+05:30,119.35,120.95,119.35,120.7,10900,281500,19.148725,24289.1,24050.0,24050,ATM-5,PUT,24300,2024-11-01
2024-11-01 18:51:00+05:30,120.65,121.25,120.25,120.25,8625,281500,19.264667,24294.55,24050.0,24050,ATM-5,PUT,24300,2024-11-01
2024-11-01 18:52:00+05:30,120.25,121.0,119.9,119.9,6275,284775,19.344864,24298.45,24050.0,24050,ATM-5,PUT,24300,2024-11-01
2024-11-01 18:53:00+05:30,119.65,120.05,116.95,117.0,11850,284775,19.210116,24303.1,24050.0,24050,ATM-5,PUT,24300,2024-11-01
2024-11-01 18:54:00+05:30,117.4,120.8,117.0,120.3,8800,284775,19.276578,24294.7,24050.0,24050,ATM-5,PUT,24300,2024-11-01
2024-11-01 18:55:00+05:30,120.45,120.95,119.0,120.15,17600,278300,19.248057,24294.15,24050.0,24050,ATM-5,PUT,24300,2024-11-01
2024-11-01 18:56:00+05:30,120.2,120.7,120.05,120.05,11075,278300,19.287058,24295.8,24050.0,24050,ATM-5,PUT,24300,2024-11-01
2024-11-01 18:57:00+05:30,120.05,120.5,119.65,119.65,8900,278300,19.228388,24295.0,24050.0,24050,ATM-5,PUT,24300,2024-11-01
2024-11-01 18:58:00+05:30,120.05,120.3,119.2,119.45,6475,272100,19.213842,24295.1,24050.0,24050,ATM-5,PUT,24300,2024-11-01
2024-11-01 18:59:00+05:30,119.6,119.75,115.1,115.1,12750,272100,18.967816,24300.55,24050.0,24050,ATM-5,PUT,24300,2024-11-01
2024-11-01 18:00:00+05:30,345.0,345.0,275.45,322.85,56400,567775,13.095964,24320.9,24100.0,24100,ATM-4,CALL,24300,2024-11-01
2024-11-01 18:01:00+05:30,291.25,297.15,288.45,294.55,15925,377625,12.774793,24336.25,24150.0,24100,ATM-4,CALL,24300,2024-11-01
2024-11-01 18:02:00+05:30,292.95,296.1,292.1,295.2,9975,377625,12.531428,24340.65,24150.0,24100,ATM-4,CALL,24300,2024-11-01
2024-11-01 18:03:00+05:30,294.95,298.2,294.65,297.05,7450,377625,11.996155,24350.55,24150.0,24100,ATM-4,CALL,24300,2024-11-01
2024-11-01 18:04:00+05:30,297.3,297.3,285.7,290.6,13500,378500,11.959763,24342.35,24150.0,24100,ATM-4,CALL,24300,2024-11-01
2024-11-01 18:05:00+05:30,290.4,291.4,277.3,285.0,9500,378500,11.850884,24336.25,24150.0,24100,ATM-4,CALL,24300,2024-11-01
2024-11-01 18:06:00+05:30,285.0,288.35,284.1,285.7,9450,378500,12.159573,24332.9,24150.0,24100,ATM-4,CALL,24300,2024-11-01
2024-11-01 18:07:00+05:30,286.0,286.8,282.0,283.3,5650,378500,12.110709,24330.3,24150.0,24100,ATM-4,CALL,24300,2024-11-01
2024-11-01 18:08:00+05:30,283.0,292.75,282.65,292.65,4725,378500,11.843352,24346.75,24150.0,24100,ATM-4,CALL,24300,2024-11-01
2024-11-01 18:09:00+05:30,293.3,296.45,290.35,291.15,8650,378500,11.715978,24346.45,24150.0,24100,ATM-4,CALL,24300,2024-11-01
2024-11-01 18:10:00+05:30,291.15,297.9,291.15,297.0,11175,378625,11.817376,24352.95,24150.0,24100,ATM-4,CALL,24300,2024-11-01
2024-11-01 18:11:00+05:30,296.25,297.8,290.5,292.1,4700,378625,11.552511,24349.9,24150.0,24100,ATM-4,CALL,24300,2024-11-01
2024-11-01 18:12:00+05:30,291.7,296.1,291.7,294.8,5200,378625,11.47064,24354.55,24150.0,24100,ATM-4,CALL,24300,2024-11-01
2024-11-01 18:13:00+05:30,294.8,297.0,293.0,295.8,5475,372375,11.19828,24359.3,24150.0,24100,ATM-4,CALL,24300,2024-11-01
2024-11-01 18:14:00+05:30,295.8,295.95,286.2,287.65,7675,372375,11.187595,24348.75,24150.0,24100,ATM-4,CALL,24300,2024-11-01
2024-11-01 18:15:00+05:30,289.0,291.55,283.3,287.05,4775,372375,11.435825,24344.75,24150.0,24100,ATM-4,CALL,24300,2024-11-01
2024-11-01 18:16:00+05:30,286.75,291.35,286.45,290.55,2175,373125,11.395062,24349.95,24150.0,24100,ATM-4,CALL,24300,2024-11-01
2024-11-01 18:17:00+05:30,292.6,292.6,286.45,287.45,3025,373125,11.647782,24342.5,24150.0,24100,ATM-4,CALL,24300,2024-11-01
2024-11-01 18:18:00+05:30,288.05,288.05,278.65,279.75,7750,373125,11.534108,24333.65,24150.0,24100,ATM-4,CALL,24300,2024-11-01
2024-11-01 18:19:00+05:30,279.75,281.7,278.0,281.7,4100,370225,11.928735,24330.85,24150.0,24100,ATM-4,CALL,24300,2024-11-01
2024-11-01 18:20:00+05:30,285.6,288.0,284.4,287.25,3725,370225,11.936195,24338.35,24150.0,24100,ATM-4,CALL,24300,2024-11-01
2024-11-01 18:21:00+05:30,287.25,287.95,286.35,286.35,1400,370225,11.935339,24337.15,24150.0,24100,ATM-4,CALL,24300,2024-11-01
2024-11-01 18:22:00+05:30,286.35,286.35,279.0,281.7,3825,370825,12.044853,24329.25,24150.0,24100,ATM-4,CALL,24300,2024-11-01
2024-11-01 18:23:00+05:30,281.7,283.0,281.7,281.8,1275,370825,12.11164,24328.45,24150.0,24100,ATM-4,CALL,24300,2024-11-01
2024-11-01 18:24:00+05:30,283.2,285.0,282.9,284.25,1225,370825,12.150163,24331.3,24150.0,24100,ATM-4,CALL,24300,2024-11-01
2024-11-01 18:25:00+05:30,284.25,284.25,282.3,282.45,1725,371325,12.145106,24328.9,24150.0,24100,ATM-4,CALL,24300,2024-11-01
2024-11-01 18:26:00+05:30,282.45,292.0,282.35,291.45,5175,371325,12.146772,24341.25,24150.0,24100,ATM-4,CALL,24300,2024-11-01
2024-11-01 18:27:00+05:30,290.8,290.8,286.85,287.75,2475,371325,12.435824,24332.1,24150.0,24100,ATM-4,CALL,24300,2024-11-01
2024-11-01 18:28:00+05:30,287.75,287.75,283.1,283.1,3650,369450,12.245789,24328.4,24150.0,24100,ATM-4,CALL,24300,2024-11-01
2024-11-01 18:29:00+05:30,283.5,285.35,279.35,284.05,4525,369450,12.448369,24326.8,24150.0,24100,ATM-4,CALL,24300,2024-11-01
2024-11-01 18:30:00+05:30,284.05,286.9,284.05,286.0,1000,369450,12.433405,24329.75,24150.0,24100,ATM-4,CALL,24300,2024-11-01
2024-11-01 18:31:00+05:30,285.75,286.45,285.3,286.45,825,368950,12.563543,24328.5,24150.0,24100,ATM-4,CALL,24300,2024-11-01
2024-11-01 18:32:00+05:30,286.45,286.45,281.95,285.05,3625,368950,12.333692,24329.9,24150.0,24100,ATM-4,CALL,24300,2024-11-01
2024-11-01 18:33:00+05:30,285.05,286.3,284.45,284.6,1025,368950,12.2983,24329.8,24150.0,24100,ATM-4,CALL,24300,2024-11-01
2024-11-01 18:34:00+05:30,284.6,285.45,284.6,285.0,900,369100,12.369114,24329.35,24150.0,24100,ATM-4,CALL,24300,2024-11-01
2024-11-01 18:35:00+05:30,285.0,285.55,284.8,285.55,525,369100,12.416137,24329.45,24150.0,24100,ATM-4,CALL,24300,2024-11-01
2024-11-01 18:36:00+05:30,285.55,289.0,284.25,284.25,2650,369100,12.204756,24330.7,24150.0,24100,ATM-4,CALL,24300,2024-11-01
2024-11-01 18:37:00+05:30,319.65,320.15,315.65,317.05,1350,569250,12.369198,24323.2,24100.0,24100,ATM-4,CALL,24300,2024-11-01
2024-11-01 18:38:00+05:30,317.55,318.4,316.4,316.7,1825,569250,12.544325,24320.5,24100.0,24100,ATM-4,CALL,24300,2024-11-01
2024-11-01 18:39:00+05:30,316.7,316.85,315.55,316.55,1575,569250,12.59545,24319.65,24100.0,24100,ATM-4,CALL,24300,2024-11-01
2024-11-01 18:40:00+05:30,315.45,317.25,313.75,314.0,6725,566550,12.57348,24316.55,24100.0,24100,ATM-4,CALL,24300,2024-11-01
2024-11-01 18:41:00+05:30,312.85,314.45,309.5,313.4,4700,566550,12.672772,24314.45,24100.0,24100,ATM-4,CALL,24300,2024-11-01
2024-11-01 18:42:00+05:30,314.2,314.2,313.0,313.95,1075,566550,12.84145,24312.95,24100.0,24100,ATM-4,CALL,24300,2024-11-01
2024-11-01 18:43:00+05:30,313.95,314.0,308.5,311.4,4650,565150,13.079645,24306.25,24100.0,24100,ATM-4,CALL,24300,2024-11-01
2024-11-01 18:44:00+05:30,311.4,312.75,311.1,311.7,4350,565150,13.171367,24305.4,24100.0,24100,ATM-4,CALL,24300,2024-11-01
2024-11-01 18:45:00+05:30,311.7,313.25,311.0,312.05,2325,565150,13.548943,24300.55,24100.0,24100,ATM-4,CALL,24300,2024-11-01
2024-11-01 18:46:00+05:30,312.05,312.05,310.4,311.5,3600,565425,13.704422,24297.55,24100.0,24100,ATM-4,CALL,24300,2024-11-01
2024-11-01 18:47:00+05:30,311.5,313.05,310.0,311.2,6900,565425,13.769193,24296.2,24100.0,24100,ATM-4,CALL,24300,2024-11-01
2024-11-01 18:48:00+05:30,311.2,312.4,310.6,312.4,1725,565425,13.779142,24297.75,24100.0,24100,ATM-4,CALL,24300,2024-11-01
2024-11-01 18:49:00+05:30,312.4,313.0,312.4,312.8,2025,562925,13.760318,24298.6,24100.0,24100,ATM-4,CALL,24300,2024-11-01
2024-11-01 18:50:00+05:30,312.8,312.8,309.7,309.7,3175,562925,14.107426,24289.1,24100.0,24100,ATM-4,CALL,24300,2024-11-01
2024-11-01 18:51:00+05:30,310.2,310.9,309.65,310.9,5000,562925,13.857227,24294.55,24100.0,24100,ATM-4,CALL,24300,2024-11-01
2024-11-01 18:52:00+05:30,310.9,312.7,310.9,312.7,800,561500,13.764409,24298.45,24100.0,24100,ATM-4,CALL,24300,2024-11-01
2024-11-01 18:53:00+05:30,312.7,316.75,312.25,316.75,5225,561500,13.834139,24303.1,24100.0,24100,ATM-4,CALL,24300,2024-11-01
2024-11-01 18:54:00+05:30,316.9,316.9,312.4,312.4,5275,561500,13.993034,24294.7,24100.0,24100,ATM-4,CALL,24300,2024-11-01
2024-11-01 18:55:00+05:30,312.4,312.75,309.7,311.25,8675,556700,13.922062,24294.15,24100.0,24100,ATM-4,CALL,24300,2024-11-01
2024-11-01 18:56:00+05:30,310.0,311.1,310.0,310.55,11850,556700,13.744506,24295.8,24100.0,24100,ATM-4,CALL,24300,2024-11-01
2024-11-01 18:57:00+05:30,310.55,311.15,309.0,309.6,5350,556700,13.709437,24295.0,24100.0,24100,ATM-4,CALL,24300,2024-11-01
2024-11-01 18:58:00+05:30,309.6,311.0,309.0,309.9,4425,559100,13.732402,24295.1,24100.0,24100,ATM-4,CALL,24300,2024-11-01
2024-11-01 18:59:00+05:30,309.9,310.5,302.15,302.15,14450,559100,12.59597,24300.55,24100.0,24100,ATM-4,CALL,24300,2024-11-01
2024-11-01 18:00:00+05:30,140.05,154.9,121.05,146.2,159275,1016200,20.819011,24320.9,24100.0,24100,ATM-4,PUT,24300,2024-11-01
2024-11-01 18:01:00+05:30,166.15,167.4,156.0,157.35,42900,538825,20.702535,24336.25,24150.0,24100,ATM-4,PUT,24300,2024-11-01
2024-11-01 18:02:00+05:30,157.75,159.15,156.25,157.9,19375,538825,20.88728,24340.65,24150.0,24100,ATM-4,PUT,24300,2024-11-01
2024-11-01 18:03:00+05:30,157.6,157.6,150.65,151.45,22450,538825,20.630002,24350.55,24150.0,24100,ATM-4,PUT,24300,2024-11-01
2024-11-01 18:04:00+05:30,152.2,158.95,152.0,157.6,30925,561975,20.915826,24342.35,24150.0,24100,ATM-4,PUT,24300,2024-11-01
2024-11-01 18:05:00+05:30,158.0,160.25,156.0,158.85,20275,561975,20.836828,24336.25,24150.0,24100,ATM-4,PUT,24300,2024-11-01
2024-11-01 18:06:00+05:30,158.95,159.8,155.5,156.2,16350,561975,20.504461,24332.9,24150.0,24100,ATM-4,PUT,24300,2024-11-01
2024-11-01 18:07:00+05:30,156.6,159.0,156.4,158.15,12950,578475,20.593597,24330.3,24150.0,24100,ATM-4,PUT,24300,2024-11-01
2024-11-01 18:08:00+05:30,158.7,158.75,151.3,151.35,15600,578475,20.510768,24346.75,24150.0,24100,ATM-4,PUT,24300,2024-11-01
2024-11-01 18:09:00+05:30,151.45,154.55,150.5,154.35,11200,578475,20.764408,24346.45,24150.0,24100,ATM-4,PUT,24300,2024-11-01
2024-11-01 18:10:00+05:30,154.5,154.95,149.65,150.8,15500,588000,20.653627,24352.95,24150.0,24100,ATM-4,PUT,24300,2024-11-01
2024-11-01 18:11:00+05:30,150.25,151.65,149.25,151.4,18100,588000,20.614412,24349.9,24150.0,24100,ATM-4,PUT,24300,2024-11-01
2024-11-01 18:12:00+05:30,150.25,151.95,149.55,149.6,9050,588000,20.599173,24354.55,24150.0,24100,ATM-4,PUT,24300,2024-11-01
2024-11-01 18:13:00+05:30,149.75,150.5,147.8,148.65,14125,604625,20.660492,24359.3,24150.0,24100,ATM-4,PUT,24300,2024-11-01
2024-11-01 18:14:00+05:30,148.65,151.75,148.3,151.45,13275,604625,20.586942,24348.75,24150.0,24100,ATM-4,PUT,24300,2024-11-01
2024-11-01 18:15:00+05:30,150.7,154.45,150.7,153.05,28125,604625,20.60543,24344.75,24150.0,24100,ATM-4,PUT,24300,2024-11-01
2024-11-01 18:16:00+05:30,153.1,153.1,149.35,149.45,20025,617350,20.450642,24349.95,24150.0,24100,ATM-4,PUT,24300,2024-11-01
2024-11-01 18:17:00+05:30,149.05,151.0,148.35,150.8,15625,617350,20.342343,24342.5,24150.0,24100,ATM-4,PUT,24300,2024-11-01
2024-11-01 18:18:00+05:30,151.25,155.45,151.1,155.25,38950,617350,20.458061,24333.65,24150.0,24100,ATM-4,PUT,24300,2024-11-01
2024-11-01 18:19:00+05:30,155.2,156.45,153.9,153.9,25975,616900,20.255213,24330.85,24150.0,24100,ATM-4,PUT,24300,2024-11-01
2024-11-01 18:20:00+05:30,152.1,152.6,150.5,152.0,19800,616900,20.322731,24338.35,24150.0,24100,ATM-4,PUT,24300,2024-11-01
2024-11-01 18:21:00+05:30,152.05,152.8,151.1,152.7,5975,616900,20.347775,24337.15,24150.0,24100,ATM-4,PUT,24300,2024-11-01
2024-11-01 18:22:00+05:30,152.85,155.55,152.65,155.05,8425,621475,20.308428,24329.25,24150.0,24100,ATM-4,PUT,24300,2024-11-01
2024-11-01 18:23:00+05:30,155.0,155.9,154.2,155.05,9600,621475,20.284608,24328.45,24150.0,24100,ATM-4,PUT,24300,2024-11-01
2024-11-01 18:24:00+05:30,155.0,155.4,153.75,155.05,6025,621475,20.374205,24331.3,24150.0,24100,ATM-4,PUT,24300,2024-11-01
2024-11-01 18:25:00+05:30,154.7,155.1,153.95,154.4,6800,625025,20.244355,24328.9,24150.0,24100,ATM-4,PUT,24300,2024-11-01
2024-11-01 18:26:00+05:30,154.05,154.1,144.35,145.85,30075,625025,19.880905,24341.25,24150.0,24100,ATM-4,PUT,24300,2024-11-01
2024-11-01 18:27:00+05:30,146.45,150.05,146.45,149.65,10325,625025,19.932868,24332.1,24150.0,24100,ATM-4,PUT,24300,2024-11-01
2024-11-01 18:28:00+05:30,149.95,153.1,149.0,153.1,19725,625075,20.119201,24328.4,24150.0,24100,ATM-4,PUT,24300,2024-11-01
2024-11-01 18:29:00+05:30,152.9,155.0,151.8,152.2,20150,625075,19.992455,24326.8,24150.0,24100,ATM-4,PUT,24300,2024-11-01
2024-11-01 18:30:00+05:30,152.6,152.7,150.3,151.4,10250,625075,20.015529,24329.75,24150.0,24100,ATM-4,PUT,24300,2024-11-01
2024-11-01 18:31:00+05:30,151.5,152.95,150.5,151.25,3700,634475,19.964801,24328.5,24150.0,24100,ATM-4,PUT,24300,2024-11-01
2024-11-01 18:32:00+05:30,151.25,154.1,151.2,153.0,9925,634475,20.161252,24329.9,24150.0,24100,ATM-4,PUT,24300,2024-11-01
2024-11-01 18:33:00+05:30,152.5,153.15,151.0,151.8,3125,634475,20.054952,24329.8,24150.0,24100,ATM-4,PUT,24300,2024-11-01
2024-11-01 18:34:00+05:30,152.2,152.3,151.2,151.65,2875,631675,20.02901,24329.35,24150.0,24100,ATM-4,PUT,24300,2024-11-01
2024-11-01 18:35:00+05:30,151.45,152.5,151.45,152.1,6350,631675,20.07225,24329.45,24150.0,24100,ATM-4,PUT,24300,2024-11-01
2024-11-01 18:36:00+05:30,152.1,152.2,147.6,150.4,8525,631675,19.964194,24330.7,24150.0,24100,ATM-4,PUT,24300,2024-11-01
2024-11-01 18:37:00+05:30,133.2,135.6,132.55,135.1,23700,1132350,19.938385,24323.2,24100.0,24100,ATM-4,PUT,24300,2024-11-01
2024-11-01 18:38:00+05:30,135.5,135.6,134.45,135.4,17350,1132350,19.886467,24320.5,24100.0,24100,ATM-4,PUT,24300,2024-11-01
2024-11-01 18:39:00+05:30,135.4,135.55,135.0,135.55,8000,1132350,19.875753,24319.65,24100.0,24100,ATM-4,PUT,24300,2024-11-01
2024-11-01 18:40:00+05:30,135.4,136.9,134.6,136.55,30200,1132525,19.87413,24316.55,24100.0,24100,ATM-4,PUT,24300,2024-11-01
2024-11-01 18:41:00+05:30,136.4,137.45,135.35,136.55,25275,1132525,19.812701,24314.45,24100.0,24100,ATM-4,PUT,24300,2024-11-01
2024-11-01 18:42:00+05:30,136.55,137.2,136.15,136.9,18025,1132525,19.800238,24312.95,24100.0,24100,ATM-4,PUT,24300,2024-11-01
2024-11-01 18:43:00+05:30,136.75,138.75,136.6,138.1,47250,1125775,19.707585,24306.25,24100.0,24100,ATM-4,PUT,24300,2024-11-01
2024-11-01 18:44:00+05:30,138.15,138.35,137.55,137.75,15075,1125775,19.652031,24305.4,24100.0,24100,ATM-4,PUT,24300,2024-11-01
2024-11-01 18:45:00+05:30,138.4,138.4,136.95,138.1,19575,1125775,19.538222,24300.55,24100.0,24100,ATM-4,PUT,24300,2024-11-01
2024-11-01 18:46:00+05:30,138.1,138.4,137.6,138.0,13950,1125800,19.439872,24297.55,24100.0,24100,ATM-4,PUT,24300,2024-11-01
2024-11-01 18:47:00+05:30,138.05,138.05,134.05,134.9,58500,1125800,19.1256,24296.2,24100.0,24100,ATM-4,PUT,24300,2024-11-01
2024-11-01 18:48:00+05:30,135.65,136.55,135.0,135.25,15950,1125800,19.204304,24297.75,24100.0,24100,ATM-4,PUT,24300,2024-11-01
2024-11-01 18:49:00+05:30,135.65,135.65,135.0,135.05,11100,1114675,19.213137,24298.6,24100.0,24100,ATM-4,PUT,24300,2024-11-01
2024-11-01 18:50:00+05:30,135.2,136.8,135.05,136.4,24550,1114675,19.046592,24289.1,24100.0,24100,ATM-4,PUT,24300,2024-11-01
2024-11-01 18:51:00+05:30,136.8,136.9,135.7,135.7,34525,1114675,19.150678,24294.55,24100.0,24100,ATM-4,PUT,24300,2024-11-01
2024-11-01 18:52:00+05:30,136.05,136.45,135.5,135.8,20575,1113525,19.278152,24298.45,24100.0,24100,ATM-4,PUT,24300,2024-11-01
2024-11-01 18:53:00+05:30,135.5,135.55,132.3,132.3,34175,1113525,19.107516,24303.1,24100.0,24100,ATM-4,PUT,24300,2024-11-01
2024-11-01 18:54:00+05:30,132.25,136.1,131.8,135.95,37775,1113525,19.180329,24294.7,24100.0,24100,ATM-4,PUT,24300,2024-11-01
2024-11-01 18:55:00+05:30,136.25,136.6,134.95,135.5,44600,1094975,19.124853,24294.15,24100.0,24100,ATM-4,PUT,24300,2024-11-01
2024-11-01 18:56:00+05:30,135.9,136.35,135.3,135.45,18700,1094975,19.17123,24295.8,24100.0,24100,ATM-4,PUT,24300,2024-11-01
2024-11-01 18:57:00+05:30,135.3,135.85,135.3,135.7,16450,1094975,19.170231,24295.0,24100.0,24100,ATM-4,PUT,24300,2024-11-01
2024-11-01 18:58:00+05:30,135.75,136.0,134.7,135.0,25600,1095575,19.112205,24295.1,24100.0,24100,ATM-4,PUT,24300,2024-11-01
2024-11-01 18:59:00+05:30,135.0,135.0,131.45,131.45,61075,1095575,18.961453,24300.55,24100.0,24100,ATM-4,PUT,24300,2024-11-01
2024-11-01 18:00:00+05:30,390.0,390.0,238.5,290.8,51000,374750,13.444275,24320.9,24150.0,24150,ATM-3,CALL,24300,2024-11-01
2024-11-01 18:01:00+05:30,259.75,266.85,257.8,262.4,214425,2594000,12.987901,24336.25,24200.0,24150,ATM-3,CALL,24300,2024-11-01
2024-11-01 18:02:00+05:30,262.85,265.8,262.4,265.45,141325,2594000,12.996431,24340.65,24200.0,24150,ATM-3,CALL,24300,2024-11-01
2024-11-01 18:03:00+05:30,265.15,267.65,264.3,266.25,66275,2594000,12.454739,24350.55,24200.0,24150,ATM-3,CALL,24300,2024-11-01
2024-11-01 18:04:00+05:30,266.3,266.6,255.35,260.3,109575,2558625,12.427952,24342.35,24200.0,24150,ATM-3,CALL,24300,2024-11-01
2024-11-01 18:05:00+05:30,259.1,261.0,247.1,255.0,98300,2558625,12.325954,24336.25,24200.0,24150,ATM-3,CALL,24300,2024-11-01
2024-11-01 18:06:00+05:30,255.0,258.0,254.65,256.1,52050,2558625,12.630464,24332.9,24200.0,24150,ATM-3,CALL,24300,2024-11-01
2024-11-01 18:07:00+05:30,255.75,256.7,252.0,252.9,36750,2559625,12.501474,24330.3,24200.0,24150,ATM-3,CALL,24300,2024-11-01
2024-11-01 18:08:00+05:30,252.8,262.55,252.0,262.55,60100,2559625,12.361279,24346.75,24200.0,24150,ATM-3,CALL,24300,2024-11-01
2024-11-01 18:09:00+05:30,261.8,265.85,259.2,259.8,79925,2559625,12.128803,24346.45,24200.0,24150,ATM-3,CALL,24300,2024-11-01
2024-11-01 18:10:00+05:30,260.55,266.6,260.55,266.3,83900,2546350,12.312936,24352.95,24200.0,24150,ATM-3,CALL,24300,2024-11-01
2024-11-01 18:11:00+05:30,265.95,266.95,260.15,260.45,66025,2546350,11.969112,24349.9,24200.0,24150,ATM-3,CALL,24300,2024-11-01
2024-11-01 18:12:00+05:30,262.15,264.45,261.45,263.8,44150,2546350,11.978717,24354.55,24200.0,24150,ATM-3,CALL,24300,2024-11-01
2024-11-01 18:13:00+05:30,263.9,265.9,262.3,265.0,53150,2521450,11.777311,24359.3,24200.0,24150,ATM-3,CALL,24300,2024-11-01
2024-11-01 18:14:00+05:30,265.65,265.65,256.0,257.55,49425,2521450,11.77738,24348.75,24200.0,24150,ATM-3,CALL,24300,2024-11-01
2024-11-01 18:15:00+05:30,258.65,261.45,253.45,255.9,44175,2521450,11.884039,24344.75,24200.0,24150,ATM-3,CALL,24300,2024-11-01
2024-11-01 18:16:00+05:30,255.55,260.6,255.55,259.95,41275,2519200,11.92445,24349.95,24200.0,24150,ATM-3,CALL,24300,2024-11-01
2024-11-01 18:17:00+05:30,261.8,261.8,255.7,256.6,31950,2519200,12.093723,24342.5,24200.0,24150,ATM-3,CALL,24300,2024-11-01
2024-11-01 18:18:00+05:30,257.1,257.1,248.6,249.9,56900,2519200,12.037277,24333.65,24200.0,24150,ATM-3,CALL,24300,2024-11-01
2024-11-01 18:19:00+05:30,249.0,251.2,248.0,250.5,52350,2541050,12.264514,24330.85,24200.0,24150,ATM-3,CALL,24300,2024-11-01
2024-11-01 18:20:00+05:30,251.25,257.0,251.25,256.5,46875,2541050,12.347335,24338.35,24200.0,24150,ATM-3,CALL,24300,2024-11-01
2024-11-01 18:21:00+05:30,256.05,256.85,254.5,254.95,16325,2541050,12.281956,24337.15,24200.0,24150,ATM-3,CALL,24300,2024-11-01
2024-11-01 18:22:00+05:30,254.6,254.6,248.8,251.5,42725,2549675,12.454435,24329.25,24200.0,24150,ATM-3,CALL,24300,2024-11-01
2024-11-01 18:23:00+05:30,252.15,252.9,251.0,252.05,20125,2549675,12.552845,24328.45,24200.0,24150,ATM-3,CALL,24300,2024-11-01
2024-11-01 18:24:00+05:30,252.0,254.25,252.0,253.55,24425,2549675,12.516618,24331.3,24200.0,24150,ATM-3,CALL,24300,2024-11-01
2024-11-01 18:25:00+05:30,252.85,253.55,251.2,252.0,25525,2533700,12.523367,24328.9,24200.0,24150,ATM-3,CALL,24300,2024-11-01
2024-11-01 18:26:00+05:30,251.65,260.75,251.65,260.2,54850,2533700,12.5097,24341.25,24200.0,24150,ATM-3,CALL,24300,2024-11-01
2024-11-01 18:27:00+05:30,259.95,260.0,255.6,255.6,22775,2533700,12.655365,24332.1,24200.0,24150,ATM-3,CALL,24300,2024-11-01
2024-11-01 18:28:00+05:30,255.95,256.8,252.15,252.15,22025,2514300,12.569869,24328.4,24200.0,24150,ATM-3,CALL,24300,2024-11-01
2024-11-01 18:29:00+05:30,252.95,254.85,249.0,253.4,46450,2514300,12.777939,24326.8,24200.0,24150,ATM-3,CALL,24300,2024-11-01
2024-11-01 18:30:00+05:30,253.9,256.05,253.9,255.0,28000,2514300,12.745932,24329.75,24200.0,24150,ATM-3,CALL,24300,2024-11-01
2024-11-01 18:31:00+05:30,255.75,256.15,253.2,255.65,24800,2517250,12.879507,24328.5,24200.0,24150,ATM-3,CALL,24300,2024-11-01
2024-11-01 18:32:00+05:30,255.55,255.55,251.25,253.65,25300,2517250,12.618168,24329.9,24200.0,24150,ATM-3,CALL,24300,2024-11-01
2024-11-01 18:33:00+05:30,254.0,255.6,253.65,255.3,27925,2517250,12.772838,24329.8,24200.0,24150,ATM-3,CALL,24300,2024-11-01
2024-11-01 18:34:00+05:30,254.7,255.45,253.6,254.0,6800,2515175,12.684556,24329.35,24200.0,24150,ATM-3,CALL,24300,2024-11-01
2024-11-01 18:35:00+05:30,254.1,255.0,254.0,254.1,7175,2515175,12.688533,24329.45,24200.0,24150,ATM-3,CALL,24300,2024-11-01
2024-11-01 18:36:00+05:30,254.85,257.3,253.4,255.4,17375,2515175,12.730935,24330.7,24200.0,24150,ATM-3,CALL,24300,2024-11-01
2024-11-01 18:37:00+05:30,284.25,287.65,283.0,285.35,1775,368275,12.82367,24323.2,24150.0,24150,ATM-3,CALL,24300,2024-11-01
2024-11-01 18:38:00+05:30,285.35,285.35,283.9,283.9,475,368275,12.867713,24320.5,24150.0,24150,ATM-3,CALL,24300,2024-11-01
2024-11-01 18:39:00+05:30,283.9,284.35,283.1,283.1,1075,368275,12.849879,24319.65,24150.0,24150,ATM-3,CALL,24300,2024-11-01
2024-11-01 18:40:00+05:30,283.1,284.35,280.6,281.65,3150,368275,12.91902,24316.55,24150.0,24150,ATM-3,CALL,24300,2024-11-01
2024-11-01 18:41:00+05:30,281.0,282.1,278.25,280.8,6075,368275,12.977699,24314.45,24150.0,24150,ATM-3,CALL,24300,2024-11-01
2024-11-01 18:42:00+05:30,280.8,281.3,280.45,281.15,550,368275,13.108181,24312.95,24150.0,24150,ATM-3,CALL,24300,2024-11-01
2024-11-01 18:43:00+05:30,281.9,281.9,276.1,279.45,6350,366975,13.378324,24306.25,24150.0,24150,ATM-3,CALL,24300,2024-11-01
2024-11-01 18:44:00+05:30,279.05,279.9,278.55,279.45,1825,366975,13.432587,24305.4,24150.0,24150,ATM-3,CALL,24300,2024-11-01
2024-11-01 18:45:00+05:30,279.45,280.45,278.15,278.85,1825,366975,13.679089,24300.55,24150.0,24150,ATM-3,CALL,24300,2024-11-01
2024-11-01 18:46:00+05:30,278.85,280.0,278.05,280.0,1350,367550,13.966125,24297.55,24150.0,24150,ATM-3,CALL,24300,2024-11-01
2024-11-01 18:47:00+05:30,280.0,280.0,276.95,278.9,4950,367550,13.949785,24296.2,24150.0,24150,ATM-3,CALL,24300,2024-11-01
2024-11-01 18:48:00+05:30,278.9,280.25,278.55,279.95,800,367550,13.95177,24297.75,24150.0,24150,ATM-3,CALL,24300,2024-11-01
2024-11-01 18:49:00+05:30,279.95,280.9,279.85,280.3,1200,366600,13.932969,24298.6,24150.0,24150,ATM-3,CALL,24300,2024-11-01
2024-11-01 18:50:00+05:30,280.3,280.8,277.25,277.9,3325,366600,14.285583,24289.1,24150.0,24150,ATM-3,CALL,24300,2024-11-01
2024-11-01 18:51:00+05:30,277.9,278.85,277.1,278.6,1875,366600,14.02627,24294.55,24150.0,24150,ATM-3,CALL,24300,2024-11-01
2024-11-01 18:52:00+05:30,278.6,280.0,278.6,280.0,1525,366575,13.918355,24298.45,24150.0,24150,ATM-3,CALL,24300,2024-11-01
2024-11-01 18:53:00+05:30,280.0,283.25,279.5,283.25,2025,366575,13.929665,24303.1,24150.0,24150,ATM-3,CALL,24300,2024-11-01
2024-11-01 18:54:00+05:30,283.8,284.0,279.9,280.4,3475,366575,14.181615,24294.7,24150.0,24150,ATM-3,CALL,24300,2024-11-01
2024-11-01 18:55:00+05:30,280.4,280.7,277.7,277.7,2200,366500,13.974033,24294.15,24150.0,24150,ATM-3,CALL,24300,2024-11-01
2024-11-01 18:56:00+05:30,277.7,278.75,277.7,278.25,7175,366500,13.925412,24295.8,24150.0,24150,ATM-3,CALL,24300,2024-11-01
2024-11-01 18:57:00+05:30,278.25,278.8,276.25,276.35,5425,366500,13.804066,24295.0,24150.0,24150,ATM-3,CALL,24300,2024-11-01
2024-11-01 18:58:00+05:30,276.35,278.9,276.35,278.15,6675,366025,13.960711,24295.1,24150.0,24150,ATM-3,CALL,24300,2024-11-01
2024-11-01 18:59:00+05:30,277.85,277.85,270.85,271.3,10175,366025,13.007307,24300.55,24150.0,24150,ATM-3,CALL,24300,2024-11-01
2024-11-01 18:00:00+05:30,159.0,175.25,146.15,165.2,73750,536775,20.899279,24320.9,24150.0,24150,ATM-3,PUT,24300,2024-11-01
2024-11-01 18:01:00+05:30,187.7,188.05,175.4,176.4,232825,3146250,20.701889,24336.25,24200.0,24150,ATM-3,PUT,24300,2024-11-01
2024-11-01 18:02:00+05:30,176.85,178.35,175.6,176.2,158675,3146250,20.829513,24340.65,24200.0,24150,ATM-3,PUT,24300,2024-11-01
2024-11-01 18:03:00+05:30,176.8,176.8,168.65,170.75,118450,3146250,20.688619,24350.55,24200.0,24150,ATM-3,PUT,24300,2024-11-01
2024-11-01 18:04:00+05:30,170.75,177.65,170.75,176.35,140200,3279250,20.899648,24342.35,24200.0,24150,ATM-3,PUT,24300,2024-11-01
2024-11-01 18:05:00+05:30,176.3,179.3,174.85,177.8,143050,3279250,20.824421,24336.25,24200.0,24150,ATM-3,PUT,24300,2024-11-01
2024-11-01 18:06:00+05:30,178.35,178.35,174.35,175.4,64025,3279250,20.513161,24332.9,24200.0,24150,ATM-3,PUT,24300,2024-11-01
2024-11-01 18:07:00+05:30,175.7,178.0,175.15,177.35,94125,3316175,20.59348,24330.3,24200.0,24150,ATM-3,PUT,24300,2024-11-01
2024-11-01 18:08:00+05:30,177.35,177.5,169.65,169.65,96275,3316175,20.478143,24346.75,24200.0,24150,ATM-3,PUT,24300,2024-11-01
2024-11-01 18:09:00+05:30,169.75,173.0,169.05,172.55,71100,3316175,20.7158,24346.45,24200.0,24150,ATM-3,PUT,24300,2024-11-01
2024-11-01 18:10:00+05:30,173.0,173.25,167.75,168.65,99975,3353800,20.594402,24352.95,24200.0,24150,ATM-3,PUT,24300,2024-11-01
2024-11-01 18:11:00+05:30,168.3,170.0,167.65,169.9,83225,3353800,20.603967,24349.9,24200.0,24150,ATM-3,PUT,24300,2024-11-01
2024-11-01 18:12:00+05:30,169.0,170.35,167.7,167.75,55750,3353800,20.571046,24354.55,24200.0,24150,ATM-3,PUT,24300,2024-11-01
2024-11-01 18:13:00+05:30,167.8,168.55,166.0,166.3,66300,3381250,20.599864,24359.3,24200.0,24150,ATM-3,PUT,24300,2024-11-01
2024-11-01 18:14:00+05:30,166.35,170.45,166.35,169.85,70475,3381250,20.565906,24348.75,24200.0,24150,ATM-3,PUT,24300,2024-11-01
2024-11-01 18:15:00+05:30,169.65,173.05,168.9,172.1,127125,3381250,20.62904,24344.75,24200.0,24150,ATM-3,PUT,24300,2024-11-01
2024-11-01 18:16:00+05:30,171.8,171.8,168.0,168.4,63050,3404125,20.483235,24349.95,24200.0,24150,ATM-3,PUT,24300,2024-11-01
2024-11-01 18:17:00+05:30,167.6,169.7,166.7,169.25,67400,3404125,20.316411,24342.5,24200.0,24150,ATM-3,PUT,24300,2024-11-01
2024-11-01 18:18:00+05:30,169.1,174.65,169.1,174.65,89300,3404125,20.487,24333.65,24200.0,24150,ATM-3,PUT,24300,2024-11-01
2024-11-01 18:19:00+05:30,174.25,175.1,173.05,173.3,107500,3424725,20.282224,24330.85,24200.0,24150,ATM-3,PUT,24300,2024-11-01
2024-11-01 18:20:00+05:30,173.25,173.25,169.15,170.7,56425,3424725,20.308007,24338.35,24200.0,24150,ATM-3,PUT,24300,2024-11-01
2024-11-01 18:21:00+05:30,170.65,171.8,170.0,171.6,23675,3424725,20.346289,24337.15,24200.0,24150,ATM-3,PUT,24300,2024-11-01
2024-11-01 18:22:00+05:30,171.7,174.6,171.2,174.0,37100,3443550,20.291994,24329.25,24200.0,24150,ATM-3,PUT,24300,2024-11-01
2024-11-01 18:23:00+05:30,172.9,174.75,172.9,174.0,42825,3443550,20.266748,24328.45,24200.0,24150,ATM-3,PUT,24300,2024-11-01
2024-11-01 18:24:00+05:30,174.35,174.35,172.8,174.0,29775,3443550,20.361369,24331.3,24200.0,24150,ATM-3,PUT,24300,2024-11-01
2024-11-01 18:25:00+05:30,173.95,174.0,172.85,173.1,27975,3434575,20.207587,24328.9,24200.0,24150,ATM-3,PUT,24300,2024-11-01
2024-11-01 18:26:00+05:30,172.65,172.9,162.85,164.65,129850,3434575,19.894392,24341.25,24200.0,24150,ATM-3,PUT,24300,2024-11-01
2024-11-01 18:27:00+05:30,165.65,168.6,165.65,168.6,66575,3434575,19.933713,24332.1,24200.0,24150,ATM-3,PUT,24300,2024-11-01
2024-11-01 18:28:00+05:30,168.1,172.3,168.05,172.3,57100,3396475,20.126668,24328.4,24200.0,24150,ATM-3,PUT,24300,2024-11-01
2024-11-01 18:29:00+05:30,171.3,174.0,170.9,171.45,97275,3396475,20.003292,24326.8,24200.0,24150,ATM-3,PUT,24300,2024-11-01
2024-11-01 18:30:00+05:30,171.55,171.55,169.0,170.3,25900,3396475,20.003874,24329.75,24200.0,24150,ATM-3,PUT,24300,2024-11-01
2024-11-01 18:31:00+05:30,170.0,171.85,169.65,170.2,28875,3394600,19.955471,24328.5,24200.0,24150,ATM-3,PUT,24300,2024-11-01
2024-11-01 18:32:00+05:30,170.15,173.05,169.75,171.75,33925,3394600,20.13353,24329.9,24200.0,24150,ATM-3,PUT,24300,2024-11-01
2024-11-01 18:33:00+05:30,171.8,171.9,170.0,170.8,41275,3394600,20.05091,24329.8,24200.0,24150,ATM-3,PUT,24300,2024-11-01
2024-11-01 18:34:00+05:30,171.0,171.3,170.0,170.5,31000,3384925,20.011803,24329.35,24200.0,24150,ATM-3,PUT,24300,2024-11-01
2024-11-01 18:35:00+05:30,170.5,171.0,170.25,170.9,29150,3384925,20.049959,24329.45,24200.0,24150,ATM-3,PUT,24300,2024-11-01
2024-11-01 18:36:00+05:30,170.9,171.0,166.0,168.85,76975,3384925,19.918363,24330.7,24200.0,24150,ATM-3,PUT,24300,2024-11-01
2024-11-01 18:37:00+05:30,150.2,153.25,149.95,152.7,8100,634000,19.932034,24323.2,24150.0,24150,ATM-3,PUT,24300,2024-11-01
2024-11-01 18:38:00+05:30,153.0,153.2,152.0,152.95,4950,634000,19.870418,24320.5,24150.0,24150,ATM-3,PUT,24300,2024-11-01
2024-11-01 18:39:00+05:30,153.0,153.45,152.55,153.2,10675,634000,19.866503,24319.65,24150.0,24150,ATM-3,PUT,24300,2024-11-01
2024-11-01 18:40:00+05:30,153.0,154.4,152.0,154.0,16150,632900,19.839552,24316.55,24150.0,24150,ATM-3,PUT,24300,2024-11-01
2024-11-01 18:41:00+05:30,154.05,155.0,153.0,153.8,15200,632900,19.75731,24314.45,24150.0,24150,ATM-3,PUT,24300,2024-11-01
2024-11-01 18:42:00+05:30,153.95,155.0,153.6,154.65,8075,632900,19.7845,24312.95,24150.0,24150,ATM-3,PUT,24300,2024-11-01
2024-11-01 18:43:00+05:30,154.7,156.65,154.25,155.7,25950,634850,19.664182,24306.25,24150.0,24150,ATM-3,PUT,24300,2024-11-01
2024-11-01 18:44:00+05:30,155.75,156.3,155.0,155.65,12725,634850,19.633921,24305.4,24150.0,24150,ATM-3,PUT,24300,2024-11-01
2024-11-01 18:45:00+05:30,156.1,156.45,154.3,156.15,12250,634850,19.523606,24300.55,24150.0,24150,ATM-3,PUT,24300,2024-11-01
2024-11-01 18:46:00+05:30,156.1,156.35,155.2,155.65,10250,631600,19.38591,24297.55,24150.0,24150,ATM-3,PUT,24300,2024-11-01
2024-11-01 18:47:00+05:30,155.85,155.9,151.4,152.5,30800,631600,19.073322,24296.2,24150.0,24150,ATM-3,PUT,24300,2024-11-01
2024-11-01 18:48:00+05:30,153.1,154.2,152.4,152.4,12875,631600,19.115126,24297.75,24150.0,24150,ATM-3,PUT,24300,2024-11-01
2024-11-01 18:49:00+05:30,152.4,152.9,152.05,152.35,5400,620275,19.138881,24298.6,24150.0,24150,ATM-3,PUT,24300,2024-11-01
2024-11-01 18:50:00+05:30,152.35,154.35,152.15,154.05,18225,620275,18.981805,24289.1,24150.0,24150,ATM-3,PUT,24300,2024-11-01
2024-11-01 18:51:00+05:30,154.3,154.6,153.4,153.45,9850,620275,19.106115,24294.55,24150.0,24150,ATM-3,PUT,24300,2024-11-01
2024-11-01 18:52:00+05:30,153.45,154.1,153.0,153.5,8500,622225,19.235937,24298.45,24150.0,24150,ATM-3,PUT,24300,2024-11-01
2024-11-01 18:53:00+05:30,153.5,153.5,149.2,149.8,15025,622225,19.06603,24303.1,24150.0,24150,ATM-3,PUT,24300,2024-11-01
2024-11-01 18:54:00+05:30,149.85,153.85,149.5,153.65,16025,622225,19.13103,24294.7,24150.0,24150,ATM-3,PUT,24300,2024-11-01
2024-11-01 18:55:00+05:30,153.65,154.3,152.05,153.75,15150,609650,19.122996,24294.15,24150.0,24150,ATM-3,PUT,24300,2024-11-01
2024-11-01 18:56:00+05:30,153.55,154.2,153.2,153.25,14500,609650,19.133817,24295.8,24150.0,24150,ATM-3,PUT,24300,2024-11-01
2024-11-01 18:57:00+05:30,153.15,153.95,153.0,153.15,13575,609650,19.100638,24295.0,24150.0,24150,ATM-3,PUT,24300,2024-11-01
2024-11-01 18:58:00+05:30,153.5,153.85,152.3,152.55,11750,604050,19.05327,24295.1,24150.0,24150,ATM-3,PUT,24300,2024-11-01
2024-11-01 18:59:00+05:30,152.5,152.7,149.0,149.0,24300,604050,18.92213,24300.55,24150.0,24150,ATM-3,PUT,24300,2024-11-01
2024-11-01 18:00:00+05:30,280.0,292.0,223.05,260.55,365475,2589475,13.720795,24320.9,24200.0,24200,ATM-2,CALL,24300,2024-11-01
2024-11-01 18:01:00+05:30,232.25,237.7,230.45,234.05,117150,1213375,13.308122,24336.25,24250.0,24200,ATM-2,CALL,24300,2024-11-01
2024-11-01 18:02:00+05:30,233.7,236.55,233.0,235.65,74975,1213375,13.210799,24340.65,24250.0,24200,ATM-2,CALL,24300,2024-11-01
2024-11-01 18:03:00+05:30,235.8,237.9,235.0,237.65,60050,1213375,12.843883,24350.55,24250.0,24200,ATM-2,CALL,24300,2024-11-01
2024-11-01 18:04:00+05:30,237.85,237.85,226.15,231.6,89025,1227925,12.773852,24342.35,24250.0,24200,ATM-2,CALL,24300,2024-11-01
2024-11-01 18:05:00+05:30,230.85,232.0,219.25,225.25,87625,1227925,12.560751,24336.25,24250.0,24200,ATM-2,CALL,24300,2024-11-01
2024-11-01 18:06:00+05:30,226.45,229.0,225.35,227.15,44975,1227925,12.90338,24332.9,24250.0,24200,ATM-2,CALL,24300,2024-11-01
2024-11-01 18:07:00+05:30,226.9,227.85,223.25,224.0,28475,1227725,12.774039,24330.3,24250.0,24200,ATM-2,CALL,24300,2024-11-01
2024-11-01 18:08:00+05:30,223.55,232.6,222.55,232.6,44925,1227725,12.622706,24346.75,24250.0,24200,ATM-2,CALL,24300,2024-11-01
2024-11-01 18:09:00+05:30,232.35,236.3,229.8,231.5,70050,1227725,12.545241,24346.45,24250.0,24200,ATM-2,CALL,24300,2024-11-01
2024-11-01 18:10:00+05:30,231.5,236.8,231.5,236.4,72800,1222475,12.608814,24352.95,24250.0,24200,ATM-2,CALL,24300,2024-11-01
2024-11-01 18:11:00+05:30,235.75,237.0,230.65,231.6,57950,1222475,12.363809,24349.9,24250.0,24200,ATM-2,CALL,24300,2024-11-01
2024-11-01 18:12:00+05:30,233.05,234.95,232.0,234.25,24050,1222475,12.333321,24354.55,24250.0,24200,ATM-2,CALL,24300,2024-11-01
2024-11-01 18:13:00+05:30,234.4,236.45,232.35,236.05,39200,1176400,12.220333,24359.3,24250.0,24200,ATM-2,CALL,24300,2024-11-01
2024-11-01 18:14:00+05:30,235.95,235.95,227.0,228.05,44375,1176400,12.122681,24348.75,24250.0,24200,ATM-2,CALL,24300,2024-11-01
2024-11-01 18:15:00+05:30,229.2,231.85,224.35,227.55,35350,1176400,12.303707,24344.75,24250.0,24200,ATM-2,CALL,24300,2024-11-01
2024-11-01 18:16:00+05:30,227.3,231.85,226.75,231.85,18750,1177775,12.387654,24349.95,24250.0,24200,ATM-2,CALL,24300,2024-11-01
2024-11-01 18:17:00+05:30,232.2,232.2,226.75,227.85,16400,1177775,12.455774,24342.5,24250.0,24200,ATM-2,CALL,24300,2024-11-01
2024-11-01 18:18:00+05:30,228.5,228.5,220.05,220.75,44975,1177775,12.328239,24333.65,24250.0,24200,ATM-2,CALL,24300,2024-11-01
2024-11-01 18:19:00+05:30,221.05,222.35,219.3,222.0,35575,1160350,12.586247,24330.85,24250.0,24200,ATM-2,CALL,24300,2024-11-01
2024-11-01 18:20:00+05:30,222.95,228.1,222.95,227.3,33675,1160350,12.637821,24338.35,24250.0,24200,ATM-2,CALL,24300,2024-11-01
2024-11-01 18:21:00+05:30,226.85,227.65,225.0,225.0,16300,1160350,12.506429,24337.15,24250.0,24200,ATM-2,CALL,24300,2024-11-01
2024-11-01 18:22:00+05:30,225.0,225.0,220.0,221.75,20375,1157025,12.652939,24329.25,24250.0,24200,ATM-2,CALL,24300,2024-11-01
2024-11-01 18:23:00+05:30,223.1,223.95,222.0,223.45,11800,1157025,12.840943,24328.45,24250.0,24200,ATM-2,CALL,24300,2024-11-01
2024-11-01 18:24:00+05:30,223.75,225.0,223.35,224.05,9425,1157025,12.74214,24331.3,24250.0,24200,ATM-2,CALL,24300,2024-11-01
2024-11-01 18:25:00+05:30,224.5,224.7,222.4,222.6,8150,1160250,12.746845,24328.9,24250.0,24200,ATM-2,CALL,24300,2024-11-01
2024-11-01 18:26:00+05:30,223.1,230.75,222.55,230.1,47950,1160250,12.726831,24341.25,24250.0,24200,ATM-2,CALL,24300,2024-11-01
2024-11-01 18:27:00+05:30,229.65,230.6,226.95,227.5,24350,1160250,12.996779,24332.1,24250.0,24200,ATM-2,CALL,24300,2024-11-01
2024-11-01 18:28:00+05:30,227.0,228.0,223.35,223.35,17550,1150050,12.840068,24328.4,24250.0,24200,ATM-2,CALL,24300,2024-11-01
2024-11-01 18:29:00+05:30,223.35,225.45,220.15,224.35,29925,1150050,13.01012,24326.8,24250.0,24200,ATM-2,CALL,24300,2024-11-01
2024-11-01 18:30:00+05:30,224.5,226.85,224.45,225.75,10325,1150050,12.97506,24329.75,24250.0,24200,ATM-2,CALL,24300,2024-11-01
2024-11-01 18:31:00+05:30,225.75,226.8,223.6,226.35,17200,1149625,13.092852,24328.5,24250.0,24200,ATM-2,CALL,24300,2024-11-01
2024-11-01 18:32:00+05:30,226.45,226.45,222.15,224.65,15475,1149625,12.87551,24329.9,24250.0,24200,ATM-2,CALL,24300,2024-11-01
2024-11-01 18:33:00+05:30,224.7,226.1,224.4,224.85,12450,1149625,12.898831,24329.8,24250.0,24200,ATM-2,CALL,24300,2024-11-01
2024-11-01 18:34:00+05:30,225.55,226.0,224.55,225.2,7425,1148875,12.953387,24329.35,24250.0,24200,ATM-2,CALL,24300,2024-11-01
2024-11-01 18:35:00+05:30,224.9,225.55,224.45,225.0,9925,1148875,12.932096,24329.45,24250.0,24200,ATM-2,CALL,24300,2024-11-01
2024-11-01 18:36:00+05:30,225.7,228.2,224.15,226.65,23700,1148875,13.007561,24330.7,24250.0,24200,ATM-2,CALL,24300,2024-11-01
2024-11-01 18:37:00+05:30,256.05,256.5,252.05,254.85,21125,2514800,13.126508,24323.2,24200.0,24200,ATM-2,CALL,24300,2024-11-01
2024-11-01 18:38:00+05:30,253.4,255.0,253.1,253.9,10400,2514800,13.20036,24320.5,24200.0,24200,ATM-2,CALL,24300,2024-11-01
2024-11-01 18:39:00+05:30,253.2,254.05,252.0,252.0,23825,2514800,13.083123,24319.65,24200.0,24200,ATM-2,CALL,24300,2024-11-01
2024-11-01 18:40:00+05:30,251.95,253.65,249.5,250.25,27550,2519900,13.108789,24316.55,24200.0,24200,ATM-2,CALL,24300,2024-11-01
2024-11-01 18:41:00+05:30,250.0,251.15,247.0,249.8,45650,2519900,13.190454,24314.45,24200.0,24200,ATM-2,CALL,24300,2024-11-01
2024-11-01 18:42:00+05:30,250.1,251.0,250.0,250.5,9300,2519900,13.337926,24312.95,24200.0,24200,ATM-2,CALL,24300,2024-11-01
2024-11-01 18:43:00+05:30,250.55,251.0,245.55,248.7,44300,2511250,13.557558,24306.25,24200.0,24200,ATM-2,CALL,24300,2024-11-01
2024-11-01 18:44:00+05:30,247.8,249.2,247.7,248.5,21425,2511250,13.588346,24305.4,24200.0,24200,ATM-2,CALL,24300,2024-11-01
2024-11-01 18:45:00+05:30,248.0,250.25,248.0,248.2,32000,2511250,13.829563,24300.55,24200.0,24200,ATM-2,CALL,24300,2024-11-01
2024-11-01 18:46:00+05:30,248.4,249.2,247.5,248.1,12650,2521400,13.984533,24297.55,24200.0,24200,ATM-2,CALL,24300,2024-11-01
2024-11-01 18:47:00+05:30,248.5,249.3,246.7,248.0,21825,2521400,14.049656,24296.2,24200.0,24200,ATM-2,CALL,24300,2024-11-01
2024-11-01 18:48:00+05:30,247.25,249.0,246.6,249.0,22250,2521400,14.05316,24297.75,24200.0,24200,ATM-2,CALL,24300,2024-11-01
2024-11-01 18:49:00+05:30,249.0,249.9,248.7,249.5,18625,2515650,14.051339,24298.6,24200.0,24200,ATM-2,CALL,24300,2024-11-01
2024-11-01 18:50:00+05:30,249.15,249.55,246.1,246.3,25200,2515650,14.28516,24289.1,24200.0,24200,ATM-2,CALL,24300,2024-11-01
2024-11-01 18:51:00+05:30,246.75,247.95,246.35,247.95,13950,2515650,14.138051,24294.55,24200.0,24200,ATM-2,CALL,24300,2024-11-01
2024-11-01 18:52:00+05:30,247.5,248.75,247.5,248.15,12675,2516375,13.946673,24298.45,24200.0,24200,ATM-2,CALL,24300,2024-11-01
2024-11-01 18:53:00+05:30,248.15,252.3,248.1,252.3,37200,2516375,14.05253,24303.1,24200.0,24200,ATM-2,CALL,24300,2024-11-01
2024-11-01 18:54:00+05:30,251.85,252.2,248.8,248.8,34175,2516375,14.206044,24294.7,24200.0,24200,ATM-2,CALL,24300,2024-11-01
2024-11-01 18:55:00+05:30,248.5,248.95,245.95,246.45,69875,2508850,14.035303,24294.15,24200.0,24200,ATM-2,CALL,24300,2024-11-01
2024-11-01 18:56:00+05:30,246.75,247.65,246.55,247.15,20875,2508850,14.007925,24295.8,24200.0,24200,ATM-2,CALL,24300,2024-11-01
2024-11-01 18:57:00+05:30,247.55,247.7,245.0,245.2,33350,2508850,13.884692,24295.0,24200.0,24200,ATM-2,CALL,24300,2024-11-01
2024-11-01 18:58:00+05:30,245.55,246.85,245.35,246.35,27650,2495375,13.979045,24295.1,24200.0,24200,ATM-2,CALL,24300,2024-11-01
2024-11-01 18:59:00+05:30,245.9,246.0,241.0,241.0,99575,2495375,13.222335,24300.55,24200.0,24200,ATM-2,CALL,24300,2024-11-01
2024-11-01 18:00:00+05:30,183.75,194.95,155.75,185.45,324400,3055225,20.956296,24320.9,24200.0,24200,ATM-2,PUT,24300,2024-11-01
2024-11-01 18:01:00+05:30,207.65,209.7,196.0,196.9,100925,844425,20.696252,24336.25,24250.0,24200,ATM-2,PUT,24300,2024-11-01
2024-11-01 18:02:00+05:30,197.45,199.65,196.55,197.65,42475,844425,20.911206,24340.65,24250.0,24200,ATM-2,PUT,24300,2024-11-01
2024-11-01 18:03:00+05:30,197.25,197.25,189.95,191.1,66100,844425,20.706779,24350.55,24250.0,24200,ATM-2,PUT,24300,2024-11-01
2024-11-01 18:04:00+05:30,191.35,198.8,191.35,197.8,60025,899100,20.984265,24342.35,24250.0,24200,ATM-2,PUT,24300,2024-11-01
2024-11-01 18:05:00+05:30,197.7,200.75,195.75,199.1,71900,899100,20.882749,24336.25,24250.0,24200,ATM-2,PUT,24300,2024-11-01
2024-11-01 18:06:00+05:30,199.0,199.95,195.3,196.5,46050,899100,20.552452,24332.9,24250.0,24200,ATM-2,PUT,24300,2024-11-01
2024-11-01 18:07:00+05:30,196.6,199.5,196.0,198.7,45400,938025,20.645325,24330.3,24250.0,24200,ATM-2,PUT,24300,2024-11-01
2024-11-01 18:08:00+05:30,198.6,199.2,190.15,190.15,50300,938025,20.503672,24346.75,24250.0,24200,ATM-2,PUT,24300,2024-11-01
2024-11-01 18:09:00+05:30,190.85,194.15,189.6,193.5,34300,938025,20.773042,24346.45,24250.0,24200,ATM-2,PUT,24300,2024-11-01
2024-11-01 18:10:00+05:30,194.0,194.3,188.1,189.7,39475,957825,20.679069,24352.95,24250.0,24200,ATM-2,PUT,24300,2024-11-01
2024-11-01 18:11:00+05:30,189.15,191.45,188.2,190.6,29050,957825,20.651533,24349.9,24250.0,24200,ATM-2,PUT,24300,2024-11-01
2024-11-01 18:12:00+05:30,190.15,191.5,188.4,188.8,24975,957825,20.66035,24354.55,24250.0,24200,ATM-2,PUT,24300,2024-11-01
2024-11-01 18:13:00+05:30,188.95,189.8,186.35,187.45,26200,968675,20.709042,24359.3,24250.0,24200,ATM-2,PUT,24300,2024-11-01
2024-11-01 18:14:00+05:30,187.45,191.75,187.45,191.15,26750,968675,20.661347,24348.75,24250.0,24200,ATM-2,PUT,24300,2024-11-01
2024-11-01 18:15:00+05:30,191.3,194.7,190.0,193.4,53250,968675,20.712955,24344.75,24250.0,24200,ATM-2,PUT,24300,2024-11-01
2024-11-01 18:16:00+05:30,193.15,193.2,189.0,189.0,27950,974425,20.525267,24349.95,24250.0,24200,ATM-2,PUT,24300,2024-11-01
2024-11-01 18:17:00+05:30,188.6,191.0,187.55,190.25,19500,974425,20.376157,24342.5,24250.0,24200,ATM-2,PUT,24300,2024-11-01
2024-11-01 18:18:00+05:30,191.0,196.0,191.0,195.75,52500,974425,20.528879,24333.65,24250.0,24200,ATM-2,PUT,24300,2024-11-01
2024-11-01 18:19:00+05:30,195.65,197.15,194.5,194.5,50775,978575,20.3292,24330.85,24250.0,24200,ATM-2,PUT,24300,2024-11-01
2024-11-01 18:20:00+05:30,194.0,194.0,190.0,191.55,41375,978575,20.344805,24338.35,24250.0,24200,ATM-2,PUT,24300,2024-11-01
2024-11-01 18:21:00+05:30,191.55,193.0,190.65,193.0,13125,978575,20.424893,24337.15,24250.0,24200,ATM-2,PUT,24300,2024-11-01
2024-11-01 18:22:00+05:30,192.05,196.2,192.05,194.75,27500,977625,20.297409,24329.25,24250.0,24200,ATM-2,PUT,24300,2024-11-01
2024-11-01 18:23:00+05:30,194.55,196.0,194.15,195.1,24050,977625,20.299591,24328.45,24250.0,24200,ATM-2,PUT,24300,2024-11-01
2024-11-01 18:24:00+05:30,195.1,195.5,193.6,194.95,22475,977625,20.387312,24331.3,24250.0,24200,ATM-2,PUT,24300,2024-11-01
2024-11-01 18:25:00+05:30,194.5,195.35,193.6,194.75,11975,985400,20.288332,24328.9,24250.0,24200,ATM-2,PUT,24300,2024-11-01
2024-11-01 18:26:00+05:30,194.15,194.3,182.85,185.35,79350,985400,19.935046,24341.25,24250.0,24200,ATM-2,PUT,24300,2024-11-01
2024-11-01 18:27:00+05:30,186.5,189.55,186.35,189.5,25275,985400,19.966116,24332.1,24250.0,24200,ATM-2,PUT,24300,2024-11-01
2024-11-01 18:28:00+05:30,189.5,193.35,188.6,192.85,26325,962275,20.116573,24328.4,24250.0,24200,ATM-2,PUT,24300,2024-11-01
2024-11-01 18:29:00+05:30,191.5,195.0,191.5,192.2,34875,962275,20.008015,24326.8,24250.0,24200,ATM-2,PUT,24300,2024-11-01
2024-11-01 18:30:00+05:30,192.25,192.6,190.0,190.65,19050,962275,19.983128,24329.75,24250.0,24200,ATM-2,PUT,24300,2024-11-01
2024-11-01 18:31:00+05:30,191.0,192.7,190.0,191.4,9950,973775,20.002914,24328.5,24250.0,24200,ATM-2,PUT,24300,2024-11-01
2024-11-01 18:32:00+05:30,191.4,194.0,190.7,192.8,21625,973775,20.168696,24329.9,24250.0,24200,ATM-2,PUT,24300,2024-11-01
2024-11-01 18:33:00+05:30,192.5,193.0,191.0,191.5,11500,973775,20.058427,24329.8,24250.0,24200,ATM-2,PUT,24300,2024-11-01
2024-11-01 18:34:00+05:30,192.0,192.2,190.65,191.9,9050,974000,20.076991,24329.35,24250.0,24200,ATM-2,PUT,24300,2024-11-01
2024-11-01 18:35:00+05:30,191.9,192.3,191.2,191.85,7500,974000,20.077343,24329.45,24250.0,24200,ATM-2,PUT,24300,2024-11-01
2024-11-01 18:36:00+05:30,191.35,192.0,187.1,190.15,25825,974000,19.980714,24330.7,24250.0,24200,ATM-2,PUT,24300,2024-11-01
2024-11-01 18:37:00+05:30,169.0,171.8,168.65,171.45,60975,3369950,19.892935,24323.2,24200.0,24200,ATM-2,PUT,24300,2024-11-01
2024-11-01 18:38:00+05:30,171.3,171.9,170.55,171.15,45000,3369950,19.779445,24320.5,24200.0,24200,ATM-2,PUT,24300,2024-11-01
2024-11-01 18:39:00+05:30,171.7,171.7,171.0,171.7,48425,3369950,19.798748,24319.65,24200.0,24200,ATM-2,PUT,24300,2024-11-01
2024-11-01 18:40:00+05:30,171.15,172.9,170.1,172.8,74500,3357250,19.789694,24316.55,24200.0,24200,ATM-2,PUT,24300,2024-11-01
2024-11-01 18:41:00+05:30,173.0,173.75,171.9,172.9,69675,3357250,19.729275,24314.45,24200.0,24200,ATM-2,PUT,24300,2024-11-01
2024-11-01 18:42:00+05:30,172.65,173.55,172.3,173.2,62400,3357250,19.705557,24312.95,24200.0,24200,ATM-2,PUT,24300,2024-11-01
2024-11-01 18:43:00+05:30,173.2,175.2,172.9,174.05,103775,3332650,19.5538,24306.25,24200.0,24200,ATM-2,PUT,24300,2024-11-01
2024-11-01 18:44:00+05:30,174.25,174.9,173.85,174.75,52675,3332650,19.585032,24305.4,24200.0,24200,ATM-2,PUT,24300,2024-11-01
2024-11-01 18:45:00+05:30,174.8,174.8,172.8,174.3,52400,3332650,19.384788,24300.55,24200.0,24200,ATM-2,PUT,24300,2024-11-01
2024-11-01 18:46:00+05:30,174.3,174.9,173.9,174.5,36950,3315125,19.301051,24297.55,24200.0,24200,ATM-2,PUT,24300,2024-11-01
2024-11-01 18:47:00+05:30,174.0,174.5,170.0,171.15,88150,3315125,18.975449,24296.2,24200.0,24200,ATM-2,PUT,24300,2024-11-01
2024-11-01 18:48:00+05:30,172.3,172.75,170.9,171.1,56725,3315125,19.024654,24297.75,24200.0,24200,ATM-2,PUT,24300,2024-11-01
2024-11-01 18:49:00+05:30,171.4,171.65,171.0,171.15,26650,3301575,19.05854,24298.6,24200.0,24200,ATM-2,PUT,24300,2024-11-01
2024-11-01 18:50:00+05:30,171.1,172.8,171.0,172.8,41375,3301575,18.875182,24289.1,24200.0,24200,ATM-2,PUT,24300,2024-11-01
2024-11-01 18:51:00+05:30,172.9,173.2,172.05,172.05,36050,3301575,18.998837,24294.55,24200.0,24200,ATM-2,PUT,24300,2024-11-01
2024-11-01 18:52:00+05:30,172.4,172.75,171.15,171.15,31725,3282425,19.056383,24298.45,24200.0,24200,ATM-2,PUT,24300,2024-11-01
2024-11-01 18:53:00+05:30,171.4,171.4,167.45,167.7,54200,3282425,18.924029,24303.1,24200.0,24200,ATM-2,PUT,24300,2024-11-01
2024-11-01 18:54:00+05:30,167.8,172.3,167.35,172.1,68850,3282425,19.011019,24294.7,24200.0,24200,ATM-2,PUT,24300,2024-11-01
2024-11-01 18:55:00+05:30,172.1,172.65,170.8,172.35,52700,3271625,19.01427,24294.15,24200.0,24200,ATM-2,PUT,24300,2024-11-01
2024-11-01 18:56:00+05:30,172.15,172.5,171.55,171.6,45725,3271625,19.008334,24295.8,24200.0,24200,ATM-2,PUT,24300,2024-11-01
2024-11-01 18:57:00+05:30,171.8,172.0,171.4,171.45,32825,3271625,18.969592,24295.0,24200.0,24200,ATM-2,PUT,24300,2024-11-01
2024-11-01 18:58:00+05:30,171.9,172.05,170.55,170.95,53850,3254650,18.932008,24295.1,24200.0,24200,ATM-2,PUT,24300,2024-11-01
2024-11-01 18:59:00+05:30,170.6,171.0,168.15,168.9,84025,3254650,18.945003,24300.55,24200.0,24200,ATM-2,PUT,24300,2024-11-01
2024-11-01 18:00:00+05:30,260.85,260.85,188.0,232.8,340025,1204275,13.997349,24320.9,24250.0,24250,ATM-1,CALL,24300,2024-11-01
2024-11-01 18:01:00+05:30,206.25,210.15,204.7,207.55,630725,3993175,13.565154,24336.25,24300.0,24250,ATM-1,CALL,24300,2024-11-01
2024-11-01 18:02:00+05:30,206.6,209.7,206.5,209.45,359325,3993175,13.513393,24340.65,24300.0,24250,ATM-1,CALL,24300,2024-11-01
2024-11-01 18:03:00+05:30,208.6,210.85,208.1,210.1,395175,3993175,13.087973,24350.55,24300.0,24250,ATM-1,CALL,24300,2024-11-01
2024-11-01 18:04:00+05:30,210.5,210.8,200.5,204.4,360550,4138525,13.015606,24342.35,24300.0,24250,ATM-1,CALL,24300,2024-11-01
2024-11-01 18:05:00+05:30,203.95,204.95,192.25,199.25,331450,4138525,12.883691,24336.25,24300.0,24250,ATM-1,CALL,24300,2024-11-01
2024-11-01 18:06:00+05:30,199.9,202.0,199.25,200.4,214350,4138525,13.139022,24332.9,24300.0,24250,ATM-1,CALL,24300,2024-11-01
2024-11-01 18:07:00+05:30,199.6,200.85,196.95,197.4,186825,4233275,13.015436,24330.3,24300.0,24250,ATM-1,CALL,24300,2024-11-01
2024-11-01 18:08:00+05:30,196.95,205.8,196.7,205.8,312450,4233275,12.921751,24346.75,24300.0,24250,ATM-1,CALL,24300,2024-11-01
2024-11-01 18:09:00+05:30,205.65,209.0,203.15,203.5,446075,4233275,12.74624,24346.45,24300.0,24250,ATM-1,CALL,24300,2024-11-01
2024-11-01 18:10:00+05:30,204.05,209.35,204.05,209.35,244100,4305350,12.913955,24352.95,24300.0,24250,ATM-1,CALL,24300,2024-11-01
2024-11-01 18:11:00+05:30,208.35,209.55,203.65,204.45,217175,4305350,12.657466,24349.9,24300.0,24250,ATM-1,CALL,24300,2024-11-01
2024-11-01 18:12:00+05:30,205.85,207.5,204.7,207.1,155400,4305350,12.648458,24354.55,24300.0,24250,ATM-1,CALL,24300,2024-11-01
2024-11-01 18:13:00+05:30,206.95,208.95,205.5,208.25,177225,4326175,12.50678,24359.3,24300.0,24250,ATM-1,CALL,24300,2024-11-01
2024-11-01 18:14:00+05:30,208.25,208.65,200.0,202.0,209125,4326175,12.513034,24348.75,24300.0,24250,ATM-1,CALL,24300,2024-11-01
2024-11-01 18:15:00+05:30,202.75,204.4,197.65,200.0,246875,4326175,12.544302,24344.75,24300.0,24250,ATM-1,CALL,24300,2024-11-01
2024-11-01 18:16:00+05:30,199.85,205.4,199.85,205.4,168250,4347175,12.739039,24349.95,24300.0,24250,ATM-1,CALL,24300,2024-11-01
2024-11-01 18:17:00+05:30,204.4,204.4,200.0,200.85,127875,4347175,12.726634,24342.5,24300.0,24250,ATM-1,CALL,24300,2024-11-01
2024-11-01 18:18:00+05:30,200.8,201.0,193.45,193.8,230825,4347175,12.569903,24333.65,24300.0,24250,ATM-1,CALL,24300,2024-11-01
2024-11-01 18:19:00+05:30,194.1,195.9,192.35,195.55,225450,4348450,12.848586,24330.85,24300.0,24250,ATM-1,CALL,24300,2024-11-01
2024-11-01 18:20:00+05:30,198.6,201.0,197.9,200.35,187525,4348450,12.888708,24338.35,24300.0,24250,ATM-1,CALL,24300,2024-11-01
2024-11-01 18:21:00+05:30,199.95,200.5,198.4,198.4,71700,4348450,12.785854,24337.15,24300.0,24250,ATM-1,CALL,24300,2024-11-01
2024-11-01 18:22:00+05:30,198.35,198.35,193.25,195.2,171700,4377475,12.898203,24329.25,24300.0,24250,ATM-1,CALL,24300,2024-11-01
2024-11-01 18:23:00+05:30,196.0,197.0,195.15,197.0,99150,4377475,13.085275,24328.45,24300.0,24250,ATM-1,CALL,24300,2024-11-01
2024-11-01 18:24:00+05:30,196.25,198.15,196.25,197.55,66650,4377475,12.997295,24331.3,24300.0,24250,ATM-1,CALL,24300,2024-11-01
2024-11-01 18:25:00+05:30,197.0,197.7,195.75,196.0,70100,4390000,12.983621,24328.9,24300.0,24250,ATM-1,CALL,24300,2024-11-01
2024-11-01 18:26:00+05:30,196.25,203.3,195.8,203.0,264550,4390000,12.974448,24341.25,24300.0,24250,ATM-1,CALL,24300,2024-11-01
2024-11-01 18:27:00+05:30,202.9,203.4,199.55,199.55,178325,4390000,13.12754,24332.1,24300.0,24250,ATM-1,CALL,24300,2024-11-01
2024-11-01 18:28:00+05:30,199.85,200.3,196.45,196.45,107600,4427125,13.047204,24328.4,24300.0,24250,ATM-1,CALL,24300,2024-11-01
2024-11-01 18:29:00+05:30,196.75,198.8,193.35,198.2,201700,4427125,13.267435,24326.8,24300.0,24250,ATM-1,CALL,24300,2024-11-01
2024-11-01 18:30:00+05:30,197.95,199.95,197.95,199.4,93200,4427125,13.229025,24329.75,24300.0,24250,ATM-1,CALL,24300,2024-11-01
2024-11-01 18:31:00+05:30,199.25,199.5,197.0,199.35,90875,4449300,13.284617,24328.5,24300.0,24250,ATM-1,CALL,24300,2024-11-01
2024-11-01 18:32:00+05:30,198.8,199.05,195.45,198.15,108350,4449300,13.120813,24329.9,24300.0,24250,ATM-1,CALL,24300,2024-11-01
2024-11-01 18:33:00+05:30,197.35,198.95,197.35,198.6,65825,4449300,13.163651,24329.8,24300.0,24250,ATM-1,CALL,24300,2024-11-01
2024-11-01 18:34:00+05:30,198.05,199.0,197.7,198.2,52925,4466425,13.152821,24329.35,24300.0,24250,ATM-1,CALL,24300,2024-11-01
2024-11-01 18:35:00+05:30,198.1,198.65,197.75,198.0,47675,4466425,13.132603,24329.45,24300.0,24250,ATM-1,CALL,24300,2024-11-01
2024-11-01 18:36:00+05:30,198.0,200.85,197.15,199.5,152900,4466425,13.198501,24330.7,24300.0,24250,ATM-1,CALL,24300,2024-11-01
2024-11-01 18:37:00+05:30,226.15,227.0,222.9,224.9,23400,1151175,13.252201,24323.2,24250.0,24250,ATM-1,CALL,24300,2024-11-01
2024-11-01 18:38:00+05:30,224.7,226.0,223.85,224.3,11125,1151175,13.34169,24320.5,24250.0,24250,ATM-1,CALL,24300,2024-11-01
2024-11-01 18:39:00+05:30,224.0,224.75,222.3,222.3,10900,1151175,13.217531,24319.65,24250.0,24250,ATM-1,CALL,24300,2024-11-01
2024-11-01 18:40:00+05:30,222.5,224.5,220.5,221.35,17325,1150075,13.297055,24316.55,24250.0,24250,ATM-1,CALL,24300,2024-11-01
2024-11-01 18:41:00+05:30,221.4,221.45,218.0,220.65,35625,1150075,13.345893,24314.45,24250.0,24250,ATM-1,CALL,24300,2024-11-01
2024-11-01 18:42:00+05:30,221.45,221.8,220.5,221.15,7700,1150075,13.464794,24312.95,24250.0,24250,ATM-1,CALL,24300,2024-11-01
2024-11-01 18:43:00+05:30,220.8,221.85,216.25,219.0,24200,1150050,13.62079,24306.25,24250.0,24250,ATM-1,CALL,24300,2024-11-01
2024-11-01 18:44:00+05:30,219.0,220.0,218.65,218.8,24825,1150050,13.647231,24305.4,24250.0,24250,ATM-1,CALL,24300,2024-11-01
2024-11-01 18:45:00+05:30,218.75,220.55,218.7,219.05,15500,1150050,13.907688,24300.55,24250.0,24250,ATM-1,CALL,24300,2024-11-01
2024-11-01 18:46:00+05:30,219.0,220.0,218.55,219.2,20050,1148850,14.067228,24297.55,24250.0,24250,ATM-1,CALL,24300,2024-11-01
2024-11-01 18:47:00+05:30,219.8,220.0,217.35,219.4,25775,1148850,14.150239,24296.2,24250.0,24250,ATM-1,CALL,24300,2024-11-01
2024-11-01 18:48:00+05:30,218.9,220.0,218.0,220.0,16325,1148850,14.126195,24297.75,24250.0,24250,ATM-1,CALL,24300,2024-11-01
2024-11-01 18:49:00+05:30,219.55,221.0,219.55,220.65,27200,1141475,14.140108,24298.6,24250.0,24250,ATM-1,CALL,24300,2024-11-01
2024-11-01 18:50:00+05:30,220.2,220.55,217.0,217.25,24325,1141475,14.315277,24289.1,24250.0,24250,ATM-1,CALL,24300,2024-11-01
2024-11-01 18:51:00+05:30,217.35,218.75,217.25,218.45,23050,1141475,14.155097,24294.55,24250.0,24250,ATM-1,CALL,24300,2024-11-01
2024-11-01 18:52:00+05:30,218.55,219.95,218.55,219.25,17375,1137375,14.034024,24298.45,24250.0,24250,ATM-1,CALL,24300,2024-11-01
2024-11-01 18:53:00+05:30,220.0,222.85,219.25,222.55,36550,1137375,14.083133,24303.1,24250.0,24250,ATM-1,CALL,24300,2024-11-01
2024-11-01 18:54:00+05:30,222.45,223.2,219.55,219.55,37425,1137375,14.242451,24294.7,24250.0,24250,ATM-1,CALL,24300,2024-11-01
2024-11-01 18:55:00+05:30,219.9,220.25,217.5,218.0,41625,1122725,14.141195,24294.15,24250.0,24250,ATM-1,CALL,24300,2024-11-01
2024-11-01 18:56:00+05:30,218.35,218.85,218.0,218.7,19975,1122725,14.120877,24295.8,24250.0,24250,ATM-1,CALL,24300,2024-11-01
2024-11-01 18:57:00+05:30,218.15,218.8,216.4,216.9,34850,1122725,14.010881,24295.0,24250.0,24250,ATM-1,CALL,24300,2024-11-01
2024-11-01 18:58:00+05:30,217.05,218.15,216.85,217.8,27725,1104000,14.081948,24295.1,24250.0,24250,ATM-1,CALL,24300,2024-11-01
2024-11-01 18:59:00+05:30,217.8,218.0,212.6,213.3,60675,1104000,13.442418,24300.55,24250.0,24250,ATM-1,CALL,24300,2024-11-01
2024-11-01 18:00:00+05:30,180.0,216.5,180.0,207.0,162075,764100,20.994359,24320.9,24250.0,24250,ATM-1,PUT,24300,2024-11-01
2024-11-01 18:01:00+05:30,231.65,232.95,218.4,220.7,363325,2674550,20.835125,24336.25,24300.0,24250,ATM-1,PUT,24300,2024-11-01
2024-11-01 18:02:00+05:30,221.05,222.55,219.0,220.6,223400,2674550,20.988785,24340.65,24300.0,24250,ATM-1,PUT,24300,2024-11-01
2024-11-01 18:03:00+05:30,218.9,219.45,212.1,213.45,227200,2674550,20.763044,24350.55,24300.0,24250,ATM-1,PUT,24300,2024-11-01
2024-11-01 18:04:00+05:30,213.9,222.2,213.9,220.8,274900,2931225,21.069206,24342.35,24300.0,24250,ATM-1,PUT,24300,2024-11-01
2024-11-01 18:05:00+05:30,220.7,224.05,218.75,222.5,291950,2931225,20.986502,24336.25,24300.0,24250,ATM-1,PUT,24300,2024-11-01
2024-11-01 18:06:00+05:30,222.05,222.65,218.25,219.55,192925,2931225,20.623453,24332.9,24300.0,24250,ATM-1,PUT,24300,2024-11-01
2024-11-01 18:07:00+05:30,219.85,222.55,219.15,221.8,159275,3081825,20.712618,24330.3,24300.0,24250,ATM-1,PUT,24300,2024-11-01
2024-11-01 18:08:00+05:30,222.35,222.35,213.0,213.5,226250,3081825,20.635318,24346.75,24300.0,24250,ATM-1,PUT,24300,2024-11-01
2024-11-01 18:09:00+05:30,212.85,216.45,212.15,216.45,157300,3081825,20.86721,24346.45,24300.0,24250,ATM-1,PUT,24300,2024-11-01
2024-11-01 18:10:00+05:30,215.9,216.65,210.45,212.1,193200,3169875,20.74599,24352.95,24300.0,24250,ATM-1,PUT,24300,2024-11-01
2024-11-01 18:11:00+05:30,211.55,213.7,210.3,213.7,120750,3169875,20.768558,24349.9,24300.0,24250,ATM-1,PUT,24300,2024-11-01
2024-11-01 18:12:00+05:30,212.3,213.85,210.65,210.85,133875,3169875,20.702907,24354.55,24300.0,24250,ATM-1,PUT,24300,2024-11-01
2024-11-01 18:13:00+05:30,210.75,212.0,208.8,209.15,161200,3349975,20.73408,24359.3,24300.0,24250,ATM-1,PUT,24300,2024-11-01
2024-11-01 18:14:00+05:30,210.15,214.0,209.5,213.9,134200,3349975,20.746642,24348.75,24300.0,24250,ATM-1,PUT,24300,2024-11-01
2024-11-01 18:15:00+05:30,212.6,217.5,212.6,215.8,283125,3349975,20.758695,24344.75,24300.0,24250,ATM-1,PUT,24300,2024-11-01
2024-11-01 18:16:00+05:30,215.65,215.95,211.3,211.4,150050,3427925,20.58698,24349.95,24300.0,24250,ATM-1,PUT,24300,2024-11-01
2024-11-01 18:17:00+05:30,211.15,214.0,210.5,213.0,93500,3427925,20.449707,24342.5,24300.0,24250,ATM-1,PUT,24300,2024-11-01
2024-11-01 18:18:00+05:30,214.0,218.8,214.0,218.65,246650,3427925,20.589928,24333.65,24300.0,24250,ATM-1,PUT,24300,2024-11-01
2024-11-01 18:19:00+05:30,218.45,220.0,217.4,217.95,240675,3445550,20.430676,24330.85,24300.0,24250,ATM-1,PUT,24300,2024-11-01
2024-11-01 18:20:00+05:30,216.75,216.75,212.9,214.7,189200,3445550,20.440899,24338.35,24300.0,24250,ATM-1,PUT,24300,2024-11-01
2024-11-01 18:21:00+05:30,214.25,215.5,213.3,215.5,67475,3445550,20.463579,24337.15,24300.0,24250,ATM-1,PUT,24300,2024-11-01
2024-11-01 18:22:00+05:30,214.9,219.45,214.9,217.9,189475,3504925,20.370656,24329.25,24300.0,24250,ATM-1,PUT,24300,2024-11-01
2024-11-01 18:23:00+05:30,217.3,218.85,216.85,218.0,130000,3504925,20.350307,24328.45,24300.0,24250,ATM-1,PUT,24300,2024-11-01
2024-11-01 18:24:00+05:30,218.35,218.35,216.35,217.75,77950,3504925,20.436062,24331.3,24300.0,24250,ATM-1,PUT,24300,2024-11-01
2024-11-01 18:25:00+05:30,217.85,218.25,216.75,217.0,116850,3563400,20.287205,24328.9,24300.0,24250,ATM-1,PUT,24300,2024-11-01
2024-11-01 18:26:00+05:30,216.55,216.9,205.0,207.3,317600,3563400,19.946331,24341.25,24300.0,24250,ATM-1,PUT,24300,2024-11-01
2024-11-01 18:27:00+05:30,208.45,212.15,208.25,212.15,193100,3563400,20.010315,24332.1,24300.0,24250,ATM-1,PUT,24300,2024-11-01
2024-11-01 18:28:00+05:30,212.0,215.5,211.45,215.5,156500,3588525,20.149101,24328.4,24300.0,24250,ATM-1,PUT,24300,2024-11-01
2024-11-01 18:29:00+05:30,214.75,218.0,214.5,215.0,193700,3588525,20.050047,24326.8,24300.0,24250,ATM-1,PUT,24300,2024-11-01
2024-11-01 18:30:00+05:30,215.3,215.3,212.85,213.9,105350,3588525,20.070053,24329.75,24300.0,24250,ATM-1,PUT,24300,2024-11-01
2024-11-01 18:31:00+05:30,213.4,215.15,212.85,213.5,63275,3612050,19.992201,24328.5,24300.0,24250,ATM-1,PUT,24300,2024-11-01
2024-11-01 18:32:00+05:30,213.7,216.65,213.3,215.35,111550,3612050,20.196281,24329.9,24300.0,24250,ATM-1,PUT,24300,2024-11-01
2024-11-01 18:33:00+05:30,215.05,215.65,213.75,214.75,71675,3612050,20.144504,24329.8,24300.0,24250,ATM-1,PUT,24300,2024-11-01
2024-11-01 18:34:00+05:30,214.7,214.9,213.55,214.8,61675,3673525,20.133006,24329.35,24300.0,24250,ATM-1,PUT,24300,2024-11-01
2024-11-01 18:35:00+05:30,214.6,214.95,213.9,214.65,55400,3673525,20.125436,24329.45,24300.0,24250,ATM-1,PUT,24300,2024-11-01
2024-11-01 18:36:00+05:30,214.7,215.0,209.05,212.9,141550,3673525,20.029284,24330.7,24300.0,24250,ATM-1,PUT,24300,2024-11-01
2024-11-01 18:37:00+05:30,190.6,193.0,189.45,192.95,21825,979500,19.952566,24323.2,24250.0,24250,ATM-1,PUT,24300,2024-11-01
2024-11-01 18:38:00+05:30,192.7,192.95,191.65,192.8,18850,979500,19.846526,24320.5,24250.0,24250,ATM-1,PUT,24300,2024-11-01
2024-11-01 18:39:00+05:30,192.9,192.95,192.0,192.4,12825,979500,19.784578,24319.65,24250.0,24250,ATM-1,PUT,24300,2024-11-01
2024-11-01 18:40:00+05:30,192.4,194.8,191.2,193.7,30075,980500,19.784064,24316.55,24250.0,24250,ATM-1,PUT,24300,2024-11-01
2024-11-01 18:41:00+05:30,194.0,194.95,192.85,193.45,38950,980500,19.690267,24314.45,24250.0,24250,ATM-1,PUT,24300,2024-11-01
2024-11-01 18:42:00+05:30,193.85,194.75,193.2,193.7,20650,980500,19.658886,24312.95,24250.0,24250,ATM-1,PUT,24300,2024-11-01
2024-11-01 18:43:00+05:30,194.2,196.45,193.8,195.45,48650,973425,19.566331,24306.25,24250.0,24250,ATM-1,PUT,24300,2024-11-01
2024-11-01 18:44:00+05:30,195.85,196.05,194.85,195.35,27200,973425,19.528724,24305.4,24250.0,24250,ATM-1,PUT,24300,2024-11-01
2024-11-01 18:45:00+05:30,195.9,195.9,194.1,195.45,29725,973425,19.364284,24300.55,24250.0,24250,ATM-1,PUT,24300,2024-11-01
2024-11-01 18:46:00+05:30,195.5,196.1,195.0,195.45,23650,979325,19.257361,24297.55,24250.0,24250,ATM-1,PUT,24300,2024-11-01
2024-11-01 18:47:00+05:30,195.85,195.85,190.7,192.7,51450,979325,18.983023,24296.2,24250.0,24250,ATM-1,PUT,24300,2024-11-01
2024-11-01 18:48:00+05:30,192.9,194.15,192.15,192.6,34675,979325,19.03155,24297.75,24250.0,24250,ATM-1,PUT,24300,2024-11-01
2024-11-01 18:49:00+05:30,192.7,192.9,191.9,192.2,41800,964150,19.030089,24298.6,24250.0,24250,ATM-1,PUT,24300,2024-11-01
2024-11-01 18:50:00+05:30,192.0,194.15,191.9,194.0,44450,964150,18.83594,24289.1,24250.0,24250,ATM-1,PUT,24300,2024-11-01
2024-11-01 18:51:00+05:30,194.2,194.45,193.05,193.2,35675,964150,18.968513,24294.55,24250.0,24250,ATM-1,PUT,24300,2024-11-01
2024-11-01 18:52:00+05:30,193.45,194.1,192.8,192.85,42200,955500,19.081185,24298.45,24250.0,24250,ATM-1,PUT,24300,2024-11-01
2024-11-01 18:53:00+05:30,192.4,192.7,188.45,188.95,56700,955500,18.926911,24303.1,24250.0,24250,ATM-1,PUT,24300,2024-11-01
2024-11-01 18:54:00+05:30,189.1,193.9,188.45,193.5,52650,955500,19.001523,24294.7,24250.0,24250,ATM-1,PUT,24300,2024-11-01
2024-11-01 18:55:00+05:30,193.8,194.05,192.05,193.45,64025,910775,18.978479,24294.15,24250.0,24250,ATM-1,PUT,24300,2024-11-01
2024-11-01 18:56:00+05:30,193.45,194.05,192.95,192.95,63025,910775,18.997808,24295.8,24250.0,24250,ATM-1,PUT,24300,2024-11-01
2024-11-01 18:57:00+05:30,193.0,193.6,192.8,193.25,52525,910775,18.99462,24295.0,24250.0,24250,ATM-1,PUT,24300,2024-11-01
2024-11-01 18:58:00+05:30,193.5,193.65,192.0,192.55,52775,907750,18.941468,24295.1,24250.0,24250,ATM-1,PUT,24300,2024-11-01
2024-11-01 18:59:00+05:30,192.4,192.75,189.2,190.15,94625,907750,18.940481,24300.55,24250.0,24250,ATM-1,PUT,24300,2024-11-01
2024-11-01 18:00:00+05:30,217.75,217.75,180.0,207.05,935450,3769200,14.237664,24320.9,24300.0,24300,ATM,CALL,24300,2024-11-01
2024-11-01 18:01:00+05:30,182.85,185.35,180.65,183.0,333325,782100,13.77899,24336.25,24350.0,24300,ATM,CALL,24300,2024-11-01
2024-11-01 18:02:00+05:30,182.0,184.8,181.7,184.75,208550,782100,13.732883,24340.65,24350.0,24300,ATM,CALL,24300,2024-11-01
2024-11-01 18:03:00+05:30,183.9,185.7,183.0,185.1,199625,782100,13.330038,24350.55,24350.0,24300,ATM,CALL,24300,2024-11-01
2024-11-01 18:04:00+05:30,185.5,185.5,175.75,179.8,238225,933775,13.258707,24342.35,24350.0,24300,ATM,CALL,24300,2024-11-01
2024-11-01 18:05:00+05:30,179.55,179.6,167.8,174.2,239800,933775,13.067887,24336.25,24350.0,24300,ATM,CALL,24300,2024-11-01
2024-11-01 18:06:00+05:30,174.85,177.4,174.55,176.15,114300,933775,13.37066,24332.9,24350.0,24300,ATM,CALL,24300,2024-11-01
2024-11-01 18:07:00+05:30,175.45,176.3,172.0,173.35,114600,1036400,13.254777,24330.3,24350.0,24300,ATM,CALL,24300,2024-11-01
2024-11-01 18:08:00+05:30,173.0,180.45,172.0,180.45,203775,1036400,13.12344,24346.75,24350.0,24300,ATM,CALL,24300,2024-11-01
2024-11-01 18:09:00+05:30,180.25,183.8,178.15,179.8,327725,1036400,13.084641,24346.45,24350.0,24300,ATM,CALL,24300,2024-11-01
2024-11-01 18:10:00+05:30,180.05,184.0,179.6,183.0,180275,1091900,13.059448,24352.95,24350.0,24300,ATM,CALL,24300,2024-11-01
2024-11-01 18:11:00+05:30,182.75,184.15,179.1,179.1,163975,1091900,12.877642,24349.9,24350.0,24300,ATM,CALL,24300,2024-11-01
2024-11-01 18:12:00+05:30,180.7,182.55,179.45,181.55,89800,1091900,12.871827,24354.55,24350.0,24300,ATM,CALL,24300,2024-11-01
2024-11-01 18:13:00+05:30,182.0,184.0,180.4,183.4,156000,1164725,12.8107,24359.3,24350.0,24300,ATM,CALL,24300,2024-11-01
2024-11-01 18:14:00+05:30,183.55,183.55,175.2,176.1,159475,1164725,12.686789,24348.75,24350.0,24300,ATM,CALL,24300,2024-11-01
2024-11-01 18:15:00+05:30,177.85,178.55,172.7,175.9,180125,1164725,12.847299,24344.75,24350.0,24300,ATM,CALL,24300,2024-11-01
2024-11-01 18:16:00+05:30,175.2,180.3,175.2,180.3,107300,1179875,12.978078,24349.95,24350.0,24300,ATM,CALL,24300,2024-11-01
2024-11-01 18:17:00+05:30,178.9,179.3,175.35,176.0,96425,1179875,12.955585,24342.5,24350.0,24300,ATM,CALL,24300,2024-11-01
2024-11-01 18:18:00+05:30,176.15,176.3,169.5,170.35,147800,1179875,12.878863,24333.65,24350.0,24300,ATM,CALL,24300,2024-11-01
2024-11-01 18:19:00+05:30,169.8,171.05,168.25,170.95,127725,1193300,13.048036,24330.85,24350.0,24300,ATM,CALL,24300,2024-11-01
2024-11-01 18:20:00+05:30,171.4,176.3,171.4,175.45,143375,1193300,13.093637,24338.35,24350.0,24300,ATM,CALL,24300,2024-11-01
2024-11-01 18:21:00+05:30,174.95,175.85,173.3,173.3,64475,1193300,12.971416,24337.15,24350.0,24300,ATM,CALL,24300,2024-11-01
2024-11-01 18:22:00+05:30,172.9,173.25,168.5,170.3,103000,1222425,13.066031,24329.25,24350.0,24300,ATM,CALL,24300,2024-11-01
2024-11-01 18:23:00+05:30,171.8,172.4,170.75,172.4,53400,1222425,13.271588,24328.45,24350.0,24300,ATM,CALL,24300,2024-11-01
2024-11-01 18:24:00+05:30,171.65,173.6,171.65,172.65,46200,1222425,13.171944,24331.3,24350.0,24300,ATM,CALL,24300,2024-11-01
2024-11-01 18:25:00+05:30,172.45,173.0,171.0,171.3,37400,1229600,13.165062,24328.9,24350.0,24300,ATM,CALL,24300,2024-11-01
2024-11-01 18:26:00+05:30,171.25,178.0,171.15,177.5,134325,1229600,13.140793,24341.25,24350.0,24300,ATM,CALL,24300,2024-11-01
2024-11-01 18:27:00+05:30,177.5,178.0,174.55,174.9,113525,1229600,13.32378,24332.1,24350.0,24300,ATM,CALL,24300,2024-11-01
2024-11-01 18:28:00+05:30,175.1,175.75,171.7,171.7,79425,1221525,13.221674,24328.4,24350.0,24300,ATM,CALL,24300,2024-11-01
2024-11-01 18:29:00+05:30,172.45,173.9,169.0,173.05,113350,1221525,13.400018,24326.8,24350.0,24300,ATM,CALL,24300,2024-11-01
2024-11-01 18:30:00+05:30,172.7,174.8,172.55,174.5,72425,1221525,13.394121,24329.75,24350.0,24300,ATM,CALL,24300,2024-11-01
2024-11-01 18:31:00+05:30,174.45,174.5,172.2,174.4,46500,1229075,13.439939,24328.5,24350.0,24300,ATM,CALL,24300,2024-11-01
2024-11-01 18:32:00+05:30,173.9,174.2,170.8,173.0,58200,1229075,13.26772,24329.9,24350.0,24300,ATM,CALL,24300,2024-11-01
2024-11-01 18:33:00+05:30,172.8,173.8,172.55,173.4,29950,1229075,13.30548,24329.8,24350.0,24300,ATM,CALL,24300,2024-11-01
2024-11-01 18:34:00+05:30,173.2,174.0,172.8,172.9,26425,1227000,13.28488,24329.35,24350.0,24300,ATM,CALL,24300,2024-11-01
2024-11-01 18:35:00+05:30,173.35,173.6,172.65,173.4,24100,1227000,13.322292,24329.45,24350.0,24300,ATM,CALL,24300,2024-11-01
2024-11-01 18:36:00+05:30,173.0,175.8,172.0,174.0,69575,1227000,13.319001,24330.7,24350.0,24300,ATM,CALL,24300,2024-11-01
2024-11-01 18:37:00+05:30,199.0,200.0,196.0,197.25,116950,4465525,13.364803,24323.2,24300.0,24300,ATM,CALL,24300,2024-11-01
2024-11-01 18:38:00+05:30,197.5,198.5,196.8,197.2,69725,4465525,13.486494,24320.5,24300.0,24300,ATM,CALL,24300,2024-11-01
2024-11-01 18:39:00+05:30,197.0,197.5,195.25,195.25,105075,4465525,13.366323,24319.65,24300.0,24300,ATM,CALL,24300,2024-11-01
2024-11-01 18:40:00+05:30,195.15,197.0,193.95,193.95,151250,4497650,13.402764,24316.55,24300.0,24300,ATM,CALL,24300,2024-11-01
2024-11-01 18:41:00+05:30,194.0,194.25,190.35,193.95,224000,4497650,13.499592,24314.45,24300.0,24300,ATM,CALL,24300,2024-11-01
2024-11-01 18:42:00+05:30,194.0,194.45,193.4,194.35,100725,4497650,13.601578,24312.95,24300.0,24300,ATM,CALL,24300,2024-11-01
2024-11-01 18:43:00+05:30,194.25,194.5,189.4,192.05,239375,4498800,13.715818,24306.25,24300.0,24300,ATM,CALL,24300,2024-11-01
2024-11-01 18:44:00+05:30,192.0,192.85,191.4,192.0,145425,4498800,13.750724,24305.4,24300.0,24300,ATM,CALL,24300,2024-11-01
2024-11-01 18:45:00+05:30,191.7,193.0,191.6,192.0,147975,4498800,13.967147,24300.55,24300.0,24300,ATM,CALL,24300,2024-11-01
2024-11-01 18:46:00+05:30,192.65,192.65,191.35,192.1,123000,4501700,14.108486,24297.55,24300.0,24300,ATM,CALL,24300,2024-11-01
2024-11-01 18:47:00+05:30,191.95,192.55,190.0,191.3,191525,4501700,14.10333,24296.2,24300.0,24300,ATM,CALL,24300,2024-11-01
2024-11-01 18:48:00+05:30,191.4,192.45,190.4,192.2,126950,4501700,14.109949,24297.75,24300.0,24300,ATM,CALL,24300,2024-11-01
2024-11-01 18:49:00+05:30,192.2,193.0,192.05,192.6,127825,4477025,14.106322,24298.6,24300.0,24300,ATM,CALL,24300,2024-11-01
2024-11-01 18:50:00+05:30,192.35,192.5,189.45,190.05,196950,4477025,14.313158,24289.1,24300.0,24300,ATM,CALL,24300,2024-11-01
2024-11-01 18:51:00+05:30,189.85,191.0,189.65,191.0,92000,4477025,14.155112,24294.55,24300.0,24300,ATM,CALL,24300,2024-11-01
2024-11-01 18:52:00+05:30,190.55,191.9,190.55,191.4,93800,4429600,14.017884,24298.45,24300.0,24300,ATM,CALL,24300,2024-11-01
2024-11-01 18:53:00+05:30,191.8,194.9,191.25,194.85,197950,4429600,14.095695,24303.1,24300.0,24300,ATM,CALL,24300,2024-11-01
2024-11-01 18:54:00+05:30,194.85,194.9,191.95,191.95,171800,4429600,14.229329,24294.7,24300.0,24300,ATM,CALL,24300,2024-11-01
2024-11-01 18:55:00+05:30,192.4,192.5,190.15,190.8,186150,4318825,14.160377,24294.15,24300.0,24300,ATM,CALL,24300,2024-11-01
2024-11-01 18:56:00+05:30,190.5,191.45,190.5,191.2,79575,4318825,14.121992,24295.8,24300.0,24300,ATM,CALL,24300,2024-11-01
2024-11-01 18:57:00+05:30,190.65,191.5,188.85,188.85,213150,4318825,13.96588,24295.0,24300.0,24300,ATM,CALL,24300,2024-11-01
2024-11-01 18:58:00+05:30,189.35,190.3,189.2,190.0,161675,4197150,14.056571,24295.1,24300.0,24300,ATM,CALL,24300,2024-11-01
2024-11-01 18:59:00+05:30,189.4,189.65,184.85,184.85,295775,4197150,13.396162,24300.55,24300.0,24300,ATM,CALL,24300,2024-11-01
2024-11-01 18:00:00+05:30,204.0,241.2,204.0,230.25,540075,2482150,21.046085,24320.9,24300.0,24300,ATM,PUT,24300,2024-11-01
2024-11-01 18:01:00+05:30,257.6,259.45,244.0,245.55,98975,308600,20.931549,24336.25,24350.0,24300,ATM,PUT,24300,2024-11-01
2024-11-01 18:02:00+05:30,245.9,247.85,244.4,245.9,80875,308600,21.131606,24340.65,24350.0,24300,ATM,PUT,24300,2024-11-01
2024-11-01 18:03:00+05:30,245.15,245.15,236.6,238.75,99675,308600,20.932528,24350.55,24350.0,24300,ATM,PUT,24300,2024-11-01
2024-11-01 18:04:00+05:30,238.9,248.0,238.9,246.0,123575,405775,21.207534,24342.35,24350.0,24300,ATM,PUT,24300,2024-11-01
2024-11-01 18:05:00+05:30,246.55,249.75,244.25,247.8,148375,405775,21.118398,24336.25,24350.0,24300,ATM,PUT,24300,2024-11-01
2024-11-01 18:06:00+05:30,247.4,248.4,243.7,245.05,77075,405775,20.765683,24332.9,24350.0,24300,ATM,PUT,24300,2024-11-01
2024-11-01 18:07:00+05:30,245.05,248.15,244.6,247.45,73300,520375,20.859859,24330.3,24350.0,24300,ATM,PUT,24300,2024-11-01
2024-11-01 18:08:00+05:30,247.05,247.9,238.0,238.25,85600,520375,20.751665,24346.75,24350.0,24300,ATM,PUT,24300,2024-11-01
2024-11-01 18:09:00+05:30,238.0,242.7,237.3,241.2,66550,520375,20.980856,24346.45,24350.0,24300,ATM,PUT,24300,2024-11-01
2024-11-01 18:10:00+05:30,242.0,242.0,234.05,236.85,96075,543325,20.877041,24352.95,24350.0,24300,ATM,PUT,24300,2024-11-01
2024-11-01 18:11:00+05:30,235.75,239.15,235.25,238.25,57575,543325,20.875471,24349.9,24350.0,24300,ATM,PUT,24300,2024-11-01
2024-11-01 18:12:00+05:30,237.0,238.8,236.3,236.65,55150,543325,20.923784,24354.55,24350.0,24300,ATM,PUT,24300,2024-11-01
2024-11-01 18:13:00+05:30,236.1,237.85,233.7,235.1,81550,626600,20.978909,24359.3,24350.0,24300,ATM,PUT,24300,2024-11-01
2024-11-01 18:14:00+05:30,234.95,239.85,234.95,238.85,79600,626600,20.883375,24348.75,24350.0,24300,ATM,PUT,24300,2024-11-01
2024-11-01 18:15:00+05:30,238.85,243.3,238.85,241.2,183675,626600,20.921812,24344.75,24350.0,24300,ATM,PUT,24300,2024-11-01
2024-11-01 18:16:00+05:30,241.0,241.3,236.6,236.9,81350,696525,20.772887,24349.95,24350.0,24300,ATM,PUT,24300,2024-11-01
2024-11-01 18:17:00+05:30,236.95,239.4,235.85,239.2,56775,696525,20.674648,24342.5,24350.0,24300,ATM,PUT,24300,2024-11-01
2024-11-01 18:18:00+05:30,239.4,244.65,238.9,244.4,139325,696525,20.754656,24333.65,24350.0,24300,ATM,PUT,24300,2024-11-01
2024-11-01 18:19:00+05:30,244.9,246.25,243.1,243.1,130250,693600,20.540605,24330.85,24350.0,24300,ATM,PUT,24300,2024-11-01
2024-11-01 18:20:00+05:30,242.0,242.0,238.0,239.75,79950,693600,20.561845,24338.35,24350.0,24300,ATM,PUT,24300,2024-11-01
2024-11-01 18:21:00+05:30,240.15,240.8,238.55,240.65,46075,693600,20.589411,24337.15,24350.0,24300,ATM,PUT,24300,2024-11-01
2024-11-01 18:22:00+05:30,240.3,244.55,240.15,243.1,96825,716075,20.480943,24329.25,24350.0,24300,ATM,PUT,24300,2024-11-01
2024-11-01 18:23:00+05:30,242.8,244.5,242.55,243.25,66350,716075,20.462732,24328.45,24350.0,24300,ATM,PUT,24300,2024-11-01
2024-11-01 18:24:00+05:30,243.75,243.75,242.0,243.4,51150,716075,20.587747,24331.3,24350.0,24300,ATM,PUT,24300,2024-11-01
2024-11-01 18:25:00+05:30,243.45,243.75,241.85,242.4,29625,738750,20.413391,24328.9,24350.0,24300,ATM,PUT,24300,2024-11-01
2024-11-01 18:26:00+05:30,242.95,242.95,229.4,232.2,181725,738750,20.066565,24341.25,24350.0,24300,ATM,PUT,24300,2024-11-01
2024-11-01 18:27:00+05:30,232.55,237.3,232.55,237.3,78875,738750,20.126389,24332.1,24350.0,24300,ATM,PUT,24300,2024-11-01
2024-11-01 18:28:00+05:30,237.4,241.3,236.6,241.3,78400,713775,20.307406,24328.4,24350.0,24300,ATM,PUT,24300,2024-11-01
2024-11-01 18:29:00+05:30,240.6,243.9,239.7,240.25,94600,713775,20.160123,24326.8,24350.0,24300,ATM,PUT,24300,2024-11-01
2024-11-01 18:30:00+05:30,240.4,240.4,237.45,238.4,42675,713775,20.126743,24329.75,24350.0,24300,ATM,PUT,24300,2024-11-01
2024-11-01 18:31:00+05:30,239.1,240.45,238.0,238.95,27825,732200,20.123361,24328.5,24350.0,24300,ATM,PUT,24300,2024-11-01
2024-11-01 18:32:00+05:30,238.4,242.65,238.25,240.55,42700,732200,20.309418,24329.9,24350.0,24300,ATM,PUT,24300,2024-11-01
2024-11-01 18:33:00+05:30,240.0,240.55,238.15,239.05,21875,732200,20.184562,24329.8,24350.0,24300,ATM,PUT,24300,2024-11-01
2024-11-01 18:34:00+05:30,239.3,240.0,238.5,239.2,17350,733550,20.180098,24329.35,24350.0,24300,ATM,PUT,24300,2024-11-01
2024-11-01 18:35:00+05:30,239.45,239.8,239.0,239.6,10825,733550,20.217556,24329.45,24350.0,24300,ATM,PUT,24300,2024-11-01
2024-11-01 18:36:00+05:30,239.7,239.8,233.25,237.45,72325,733550,20.092794,24330.7,24350.0,24300,ATM,PUT,24300,2024-11-01
2024-11-01 18:37:00+05:30,213.0,215.9,212.45,215.75,130475,3715925,19.985895,24323.2,24300.0,24300,ATM,PUT,24300,2024-11-01
2024-11-01 18:38:00+05:30,215.4,215.85,214.1,215.0,98875,3715925,19.824997,24320.5,24300.0,24300,ATM,PUT,24300,2024-11-01
2024-11-01 18:39:00+05:30,215.1,215.7,214.75,215.5,118725,3715925,19.835153,24319.65,24300.0,24300,ATM,PUT,24300,2024-11-01
2024-11-01 18:40:00+05:30,215.05,216.65,213.75,216.55,228575,3727400,19.805987,24316.55,24300.0,24300,ATM,PUT,24300,2024-11-01
2024-11-01 18:41:00+05:30,216.45,218.0,215.0,216.55,226800,3727400,19.728143,24314.45,24300.0,24300,ATM,PUT,24300,2024-11-01
2024-11-01 18:42:00+05:30,216.65,217.4,216.0,216.75,151575,3727400,19.689039,24312.95,24300.0,24300,ATM,PUT,24300,2024-11-01
2024-11-01 18:43:00+05:30,217.3,219.3,216.85,218.3,216200,3755900,19.563241,24306.25,24300.0,24300,ATM,PUT,24300,2024-11-01
2024-11-01 18:44:00+05:30,218.25,219.15,217.85,218.2,197825,3755900,19.523752,24305.4,24300.0,24300,ATM,PUT,24300,2024-11-01
2024-11-01 18:45:00+05:30,219.0,219.0,216.85,218.5,142875,3755900,19.364244,24300.55,24300.0,24300,ATM,PUT,24300,2024-11-01
2024-11-01 18:46:00+05:30,218.5,219.05,218.0,218.35,139975,3737175,19.237977,24297.55,24300.0,24300,ATM,PUT,24300,2024-11-01
2024-11-01 18:47:00+05:30,218.55,218.65,213.3,215.35,203350,3737175,18.942206,24296.2,24300.0,24300,ATM,PUT,24300,2024-11-01
2024-11-01 18:48:00+05:30,216.3,216.75,214.55,215.0,103825,3737175,18.974121,24297.75,24300.0,24300,ATM,PUT,24300,2024-11-01
2024-11-01 18:49:00+05:30,215.25,215.25,214.1,214.5,75950,3668975,18.966848,24298.6,24300.0,24300,ATM,PUT,24300,2024-11-01
2024-11-01 18:50:00+05:30,214.6,216.45,214.05,216.0,159275,3668975,18.723731,24289.1,24300.0,24300,ATM,PUT,24300,2024-11-01
2024-11-01 18:51:00+05:30,216.45,216.8,215.4,215.5,100450,3668975,18.894683,24294.55,24300.0,24300,ATM,PUT,24300,2024-11-01
2024-11-01 18:52:00+05:30,215.75,216.35,214.85,214.85,90800,3639225,18.992505,24298.45,24300.0,24300,ATM,PUT,24300,2024-11-01
2024-11-01 18:53:00+05:30,214.3,214.8,210.35,210.9,199375,3639225,18.848572,24303.1,24300.0,24300,ATM,PUT,24300,2024-11-01
2024-11-01 18:54:00+05:30,210.75,216.0,210.25,216.0,186925,3639225,18.9441,24294.7,24300.0,24300,ATM,PUT,24300,2024-11-01
2024-11-01 18:55:00+05:30,215.85,216.1,214.1,216.0,139075,3536125,18.923831,24294.15,24300.0,24300,ATM,PUT,24300,2024-11-01
2024-11-01 18:56:00+05:30,216.0,216.3,215.1,215.35,105675,3536125,18.935285,24295.8,24300.0,24300,ATM,PUT,24300,2024-11-01
2024-11-01 18:57:00+05:30,215.7,216.2,215.0,215.1,131000,3536125,18.884999,24295.0,24300.0,24300,ATM,PUT,24300,2024-11-01
2024-11-01 18:58:00+05:30,215.55,216.4,214.25,214.25,138000,3418825,18.820379,24295.1,24300.0,24300,ATM,PUT,24300,2024-11-01
2024-11-01 18:59:00+05:30,214.5,214.6,211.5,213.6,238575,3418825,18.97746,24300.55,24300.0,24300,ATM,PUT,24300,2024-11-01
2024-11-01 18:00:00+05:30,200.0,200.0,144.0,183.45,391000,634400,14.462403,24320.9,24350.0,24350,ATM+1,CALL,24300,2024-11-01
2024-11-01 18:01:00+05:30,159.6,161.85,157.1,159.5,266750,2680650,13.885526,24336.25,24400.0,24350,ATM+1,CALL,24300,2024-11-01
2024-11-01 18:02:00+05:30,159.15,161.0,158.7,160.8,164250,2680650,13.819626,24340.65,24400.0,24350,ATM+1,CALL,24300,2024-11-01
2024-11-01 18:03:00+05:30,160.45,161.7,159.8,161.4,161550,2680650,13.476627,24350.55,24400.0,24350,ATM+1,CALL,24300,2024-11-01
2024-11-01 18:04:00+05:30,161.1,161.8,152.5,156.45,280350,2800675,13.401925,24342.35,24400.0,24350,ATM+1,CALL,24300,2024-11-01
2024-11-01 18:05:00+05:30,156.15,156.5,145.0,151.4,272100,2800675,13.232072,24336.25,24400.0,24350,ATM+1,CALL,24300,2024-11-01
2024-11-01 18:06:00+05:30,151.35,153.65,151.1,152.35,186450,2800675,13.440239,24332.9,24400.0,24350,ATM+1,CALL,24300,2024-11-01
2024-11-01 18:07:00+05:30,151.85,152.7,148.55,149.45,128375,2937125,13.306015,24330.3,24400.0,24350,ATM+1,CALL,24300,2024-11-01
2024-11-01 18:08:00+05:30,149.1,156.35,148.55,156.35,169750,2937125,13.223655,24346.75,24400.0,24350,ATM+1,CALL,24300,2024-11-01
2024-11-01 18:09:00+05:30,156.65,159.7,155.0,155.5,253200,2937125,13.167609,24346.45,24400.0,24350,ATM+1,CALL,24300,2024-11-01
2024-11-01 18:10:00+05:30,155.65,160.0,155.65,160.0,169075,3035625,13.273763,24352.95,24400.0,24350,ATM+1,CALL,24300,2024-11-01
2024-11-01 18:11:00+05:30,159.05,159.95,154.9,155.55,178325,3035625,13.036233,24349.9,24400.0,24350,ATM+1,CALL,24300,2024-11-01
2024-11-01 18:12:00+05:30,157.3,158.65,155.9,157.75,88525,3035625,13.028959,24354.55,24400.0,24350,ATM+1,CALL,24300,2024-11-01
2024-11-01 18:13:00+05:30,157.85,160.0,156.85,159.4,205250,3087025,12.971326,24359.3,24400.0,24350,ATM+1,CALL,24300,2024-11-01
2024-11-01 18:14:00+05:30,159.85,159.85,151.85,153.4,229850,3087025,12.910638,24348.75,24400.0,24350,ATM+1,CALL,24300,2024-11-01
2024-11-01 18:15:00+05:30,154.05,156.95,150.0,151.8,182675,3087025,12.940575,24344.75,24400.0,24350,ATM+1,CALL,24300,2024-11-01
2024-11-01 18:16:00+05:30,152.3,155.5,151.9,155.4,103000,3118325,13.026831,24349.95,24400.0,24350,ATM+1,CALL,24300,2024-11-01
2024-11-01 18:17:00+05:30,156.55,156.55,152.0,152.85,127725,3118325,13.116472,24342.5,24400.0,24350,ATM+1,CALL,24300,2024-11-01
2024-11-01 18:18:00+05:30,152.95,153.05,146.25,146.4,189425,3118325,12.939222,24333.65,24400.0,24350,ATM+1,CALL,24300,2024-11-01
2024-11-01 18:19:00+05:30,146.95,148.0,145.55,147.4,122800,3146250,13.129634,24330.85,24400.0,24350,ATM+1,CALL,24300,2024-11-01
2024-11-01 18:20:00+05:30,147.8,152.75,147.8,151.95,174225,3146250,13.209163,24338.35,24400.0,24350,ATM+1,CALL,24300,2024-11-01
2024-11-01 18:21:00+05:30,151.8,152.25,150.1,150.1,98025,3146250,13.106711,24337.15,24400.0,24350,ATM+1,CALL,24300,2024-11-01
2024-11-01 18:22:00+05:30,149.45,150.15,146.0,147.4,95450,3186250,13.19409,24329.25,24400.0,24350,ATM+1,CALL,24300,2024-11-01
2024-11-01 18:23:00+05:30,148.3,149.2,147.6,148.2,55225,3186250,13.290889,24328.45,24400.0,24350,ATM+1,CALL,24300,2024-11-01
2024-11-01 18:24:00+05:30,148.75,150.25,148.7,149.6,58050,3186250,13.295979,24331.3,24400.0,24350,ATM+1,CALL,24300,2024-11-01
2024-11-01 18:25:00+05:30,149.55,149.55,148.0,148.1,38450,3193750,13.267377,24328.9,24400.0,24350,ATM+1,CALL,24300,2024-11-01
2024-11-01 18:26:00+05:30,148.1,154.25,148.0,154.25,160775,3193750,13.287975,24341.25,24400.0,24350,ATM+1,CALL,24300,2024-11-01
2024-11-01 18:27:00+05:30,153.55,154.35,151.3,151.6,120000,3193750,13.430617,24332.1,24400.0,24350,ATM+1,CALL,24300,2024-11-01
2024-11-01 18:28:00+05:30,150.95,152.0,148.5,148.5,78200,3183575,13.322034,24328.4,24400.0,24350,ATM+1,CALL,24300,2024-11-01
2024-11-01 18:29:00+05:30,149.0,150.4,146.2,149.3,105725,3183575,13.449544,24326.8,24400.0,24350,ATM+1,CALL,24300,2024-11-01
2024-11-01 18:30:00+05:30,149.5,151.0,149.3,150.85,60250,3183575,13.463285,24329.75,24400.0,24350,ATM+1,CALL,24300,2024-11-01
2024-11-01 18:31:00+05:30,150.7,151.1,148.5,151.0,52300,3193775,13.524609,24328.5,24400.0,24350,ATM+1,CALL,24300,2024-11-01
2024-11-01 18:32:00+05:30,150.5,150.5,147.25,149.55,48075,3193775,13.353633,24329.9,24400.0,24350,ATM+1,CALL,24300,2024-11-01
2024-11-01 18:33:00+05:30,149.55,150.3,149.1,150.15,34675,3193775,13.407294,24329.8,24400.0,24350,ATM+1,CALL,24300,2024-11-01
2024-11-01 18:34:00+05:30,149.7,150.25,149.0,149.6,41675,3180700,13.380827,24329.35,24400.0,24350,ATM+1,CALL,24300,2024-11-01
2024-11-01 18:35:00+05:30,149.4,150.0,149.1,149.85,75275,3180700,13.398296,24329.45,24400.0,24350,ATM+1,CALL,24300,2024-11-01
2024-11-01 18:36:00+05:30,149.85,151.85,148.65,150.45,94400,3180700,13.399896,24330.7,24400.0,24350,ATM+1,CALL,24300,2024-11-01
2024-11-01 18:37:00+05:30,173.55,174.55,171.0,172.15,50800,1226525,13.486071,24323.2,24350.0,24350,ATM+1,CALL,24300,2024-11-01
2024-11-01 18:38:00+05:30,172.85,173.5,171.75,172.0,42600,1226525,13.5877,24320.5,24350.0,24350,ATM+1,CALL,24300,2024-11-01
2024-11-01 18:39:00+05:30,172.1,172.5,170.0,170.0,65175,1226525,13.461458,24319.65,24350.0,24350,ATM+1,CALL,24300,2024-11-01
2024-11-01 18:40:00+05:30,170.15,172.0,168.55,168.9,129400,1214225,13.501645,24316.55,24350.0,24350,ATM+1,CALL,24300,2024-11-01
2024-11-01 18:41:00+05:30,168.25,169.2,165.7,168.8,97850,1214225,13.581228,24314.45,24350.0,24350,ATM+1,CALL,24300,2024-11-01
2024-11-01 18:42:00+05:30,169.0,169.35,168.3,168.9,38100,1214225,13.652094,24312.95,24350.0,24350,ATM+1,CALL,24300,2024-11-01
2024-11-01 18:43:00+05:30,169.25,169.5,164.7,166.95,110300,1213025,13.768188,24306.25,24350.0,24350,ATM+1,CALL,24300,2024-11-01
2024-11-01 18:44:00+05:30,166.65,167.85,166.45,167.1,45350,1213025,13.815879,24305.4,24350.0,24350,ATM+1,CALL,24300,2024-11-01
2024-11-01 18:45:00+05:30,166.85,168.35,166.85,167.05,95925,1213025,14.00862,24300.55,24350.0,24350,ATM+1,CALL,24300,2024-11-01
2024-11-01 18:46:00+05:30,167.0,168.0,166.9,167.25,57575,1205625,14.146219,24297.55,24350.0,24350,ATM+1,CALL,24300,2024-11-01
2024-11-01 18:47:00+05:30,167.5,167.65,165.15,166.5,89250,1205625,14.140113,24296.2,24350.0,24350,ATM+1,CALL,24300,2024-11-01
2024-11-01 18:48:00+05:30,166.5,167.5,165.7,167.5,41450,1205625,14.160612,24297.75,24350.0,24350,ATM+1,CALL,24300,2024-11-01
2024-11-01 18:49:00+05:30,167.4,168.0,167.2,167.95,35600,1149750,14.164228,24298.6,24350.0,24350,ATM+1,CALL,24300,2024-11-01
2024-11-01 18:50:00+05:30,167.35,167.9,164.45,164.95,80825,1149750,14.298566,24289.1,24350.0,24350,ATM+1,CALL,24300,2024-11-01
2024-11-01 18:51:00+05:30,165.05,165.85,164.7,165.85,29625,1149750,14.157012,24294.55,24350.0,24350,ATM+1,CALL,24300,2024-11-01
2024-11-01 18:52:00+05:30,166.0,167.0,165.85,166.9,37175,1111800,14.087801,24298.45,24350.0,24350,ATM+1,CALL,24300,2024-11-01
2024-11-01 18:53:00+05:30,166.55,169.85,166.5,169.85,80300,1111800,14.141892,24303.1,24350.0,24350,ATM+1,CALL,24300,2024-11-01
2024-11-01 18:54:00+05:30,169.95,170.0,167.3,167.3,61025,1111800,14.272236,24294.7,24350.0,24350,ATM+1,CALL,24300,2024-11-01
2024-11-01 18:55:00+05:30,167.25,168.25,165.35,165.9,75375,1044900,14.181086,24294.15,24350.0,24350,ATM+1,CALL,24300,2024-11-01
2024-11-01 18:56:00+05:30,166.0,166.6,165.8,166.1,51250,1044900,14.132668,24295.8,24350.0,24350,ATM+1,CALL,24300,2024-11-01
2024-11-01 18:57:00+05:30,166.15,166.7,164.3,164.3,81400,1044900,14.018912,24295.0,24350.0,24350,ATM+1,CALL,24300,2024-11-01
2024-11-01 18:58:00+05:30,164.5,165.5,164.5,165.05,79825,992750,14.077058,24295.1,24350.0,24350,ATM+1,CALL,24300,2024-11-01
2024-11-01 18:59:00+05:30,165.3,165.3,161.0,161.5,139000,992750,13.57074,24300.55,24350.0,24350,ATM+1,CALL,24300,2024-11-01
2024-11-01 18:00:00+05:30,248.05,299.55,237.15,257.1,130500,241325,21.265197,24320.9,24350.0,24350,ATM+1,PUT,24300,2024-11-01
2024-11-01 18:01:00+05:30,284.1,285.65,269.4,272.45,122150,1652025,21.068858,24336.25,24400.0,24350,ATM+1,PUT,24300,2024-11-01
2024-11-01 18:02:00+05:30,273.45,274.3,270.3,271.65,79100,1652025,21.186306,24340.65,24400.0,24350,ATM+1,PUT,24300,2024-11-01
2024-11-01 18:03:00+05:30,269.5,270.4,262.7,263.6,73825,1652025,20.939261,24350.55,24400.0,24350,ATM+1,PUT,24300,2024-11-01
2024-11-01 18:04:00+05:30,265.0,274.05,264.8,271.2,109025,1706125,21.221698,24342.35,24400.0,24350,ATM+1,PUT,24300,2024-11-01
2024-11-01 18:05:00+05:30,272.0,275.1,270.0,273.05,117725,1706125,21.121695,24336.25,24400.0,24350,ATM+1,PUT,24300,2024-11-01
2024-11-01 18:06:00+05:30,272.9,273.55,269.25,270.05,71200,1706125,20.74065,24332.9,24400.0,24350,ATM+1,PUT,24300,2024-11-01
2024-11-01 18:07:00+05:30,270.35,273.5,270.0,273.0,51275,1786750,20.872859,24330.3,24400.0,24350,ATM+1,PUT,24300,2024-11-01
2024-11-01 18:08:00+05:30,273.55,273.6,262.8,262.8,57475,1786750,20.725,24346.75,24400.0,24350,ATM+1,PUT,24300,2024-11-01
2024-11-01 18:09:00+05:30,262.9,267.65,262.0,266.7,60175,1786750,21.029896,24346.45,24400.0,24350,ATM+1,PUT,24300,2024-11-01
2024-11-01 18:10:00+05:30,267.2,267.7,260.6,261.95,75500,1818075,20.910126,24352.95,24400.0,24350,ATM+1,PUT,24300,2024-11-01
2024-11-01 18:11:00+05:30,261.2,264.75,260.8,264.75,48775,1818075,21.014406,24349.9,24400.0,24350,ATM+1,PUT,24300,2024-11-01
2024-11-01 18:12:00+05:30,263.15,264.45,261.3,262.05,41850,1818075,20.985011,24354.55,24400.0,24350,ATM+1,PUT,24300,2024-11-01
2024-11-01 18:13:00+05:30,262.2,262.8,259.25,260.3,68000,1854100,21.035545,24359.3,24400.0,24350,ATM+1,PUT,24300,2024-11-01
2024-11-01 18:14:00+05:30,260.05,265.25,260.05,265.2,64350,1854100,21.007261,24348.75,24400.0,24350,ATM+1,PUT,24300,2024-11-01
2024-11-01 18:15:00+05:30,264.1,269.0,263.8,267.5,114450,1854100,21.031584,24344.75,24400.0,24350,ATM+1,PUT,24300,2024-11-01
2024-11-01 18:16:00+05:30,267.0,267.05,262.25,262.9,49400,1861500,20.87169,24349.95,24400.0,24350,ATM+1,PUT,24300,2024-11-01
2024-11-01 18:17:00+05:30,262.0,265.0,261.0,264.05,55200,1861500,20.661655,24342.5,24400.0,24350,ATM+1,PUT,24300,2024-11-01
2024-11-01 18:18:00+05:30,264.15,270.65,264.15,270.05,92125,1861500,20.784132,24333.65,24400.0,24350,ATM+1,PUT,24300,2024-11-01
2024-11-01 18:19:00+05:30,270.65,272.2,268.65,268.65,91050,1872250,20.554991,24330.85,24400.0,24350,ATM+1,PUT,24300,2024-11-01
2024-11-01 18:20:00+05:30,268.4,268.4,263.4,265.25,62200,1872250,20.59122,24338.35,24400.0,24350,ATM+1,PUT,24300,2024-11-01
2024-11-01 18:21:00+05:30,265.9,266.6,264.1,266.5,20800,1872250,20.644102,24337.15,24400.0,24350,ATM+1,PUT,24300,2024-11-01
2024-11-01 18:22:00+05:30,266.05,270.55,266.05,269.85,56900,1890025,20.588704,24329.25,24400.0,24350,ATM+1,PUT,24300,2024-11-01
2024-11-01 18:23:00+05:30,268.85,270.65,268.6,269.9,47675,1890025,20.56033,24328.45,24400.0,24350,ATM+1,PUT,24300,2024-11-01
2024-11-01 18:24:00+05:30,269.7,269.7,267.25,269.35,40475,1890025,20.635691,24331.3,24400.0,24350,ATM+1,PUT,24300,2024-11-01
2024-11-01 18:25:00+05:30,268.65,269.5,267.95,268.3,18900,1919500,20.4512,24328.9,24400.0,24350,ATM+1,PUT,24300,2024-11-01
2024-11-01 18:26:00+05:30,268.7,268.8,255.0,257.25,111925,1919500,20.067589,24341.25,24400.0,24350,ATM+1,PUT,24300,2024-11-01
2024-11-01 18:27:00+05:30,259.2,263.1,258.9,262.5,49600,1919500,20.115677,24332.1,24400.0,24350,ATM+1,PUT,24300,2024-11-01
2024-11-01 18:28:00+05:30,262.5,267.15,262.5,267.15,51375,1944275,20.339851,24328.4,24400.0,24350,ATM+1,PUT,24300,2024-11-01
2024-11-01 18:29:00+05:30,265.75,269.9,265.6,266.2,55225,1944275,20.196544,24326.8,24400.0,24350,ATM+1,PUT,24300,2024-11-01
2024-11-01 18:30:00+05:30,266.3,266.3,263.2,264.05,22450,1944275,20.146441,24329.75,24400.0,24350,ATM+1,PUT,24300,2024-11-01
2024-11-01 18:31:00+05:30,264.95,266.3,264.05,264.05,29675,1967125,20.095092,24328.5,24400.0,24350,ATM+1,PUT,24300,2024-11-01
2024-11-01 18:32:00+05:30,264.9,268.8,263.7,266.0,42375,1967125,20.31318,24329.9,24400.0,24350,ATM+1,PUT,24300,2024-11-01
2024-11-01 18:33:00+05:30,266.0,266.75,264.35,265.05,11850,1967125,20.232789,24329.8,24400.0,24350,ATM+1,PUT,24300,2024-11-01
2024-11-01 18:34:00+05:30,265.55,265.9,264.1,265.45,27275,1985200,20.247471,24329.35,24400.0,24350,ATM+1,PUT,24300,2024-11-01
2024-11-01 18:35:00+05:30,265.45,265.7,264.65,265.35,7200,1985200,20.244527,24329.45,24400.0,24350,ATM+1,PUT,24300,2024-11-01
2024-11-01 18:36:00+05:30,265.4,265.75,258.85,263.8,37400,1985200,20.17181,24330.7,24400.0,24350,ATM+1,PUT,24300,2024-11-01
2024-11-01 18:37:00+05:30,238.2,240.6,236.7,239.8,47250,744225,19.989378,24323.2,24350.0,24350,ATM+1,PUT,24300,2024-11-01
2024-11-01 18:38:00+05:30,240.15,240.3,238.8,240.0,45800,744225,19.899537,24320.5,24350.0,24350,ATM+1,PUT,24300,2024-11-01
2024-11-01 18:39:00+05:30,239.6,240.1,239.25,239.95,42700,744225,19.862664,24319.65,24350.0,24350,ATM+1,PUT,24300,2024-11-01
2024-11-01 18:40:00+05:30,239.95,241.8,238.5,241.0,86275,732375,19.825443,24316.55,24350.0,24350,ATM+1,PUT,24300,2024-11-01
2024-11-01 18:41:00+05:30,241.0,242.8,240.35,240.85,91375,732375,19.730208,24314.45,24350.0,24350,ATM+1,PUT,24300,2024-11-01
2024-11-01 18:42:00+05:30,241.25,242.35,240.7,241.1,40550,732375,19.691354,24312.95,24350.0,24350,ATM+1,PUT,24300,2024-11-01
2024-11-01 18:43:00+05:30,241.65,244.4,241.15,242.95,91875,736175,19.572555,24306.25,24350.0,24350,ATM+1,PUT,24300,2024-11-01
2024-11-01 18:44:00+05:30,243.85,243.85,242.25,243.55,52125,736175,19.58787,24305.4,24350.0,24350,ATM+1,PUT,24300,2024-11-01
2024-11-01 18:45:00+05:30,244.0,244.0,241.0,243.55,65575,736175,19.391382,24300.55,24350.0,24350,ATM+1,PUT,24300,2024-11-01
2024-11-01 18:46:00+05:30,242.95,243.9,242.1,243.3,50450,698900,19.249158,24297.55,24350.0,24350,ATM+1,PUT,24300,2024-11-01
2024-11-01 18:47:00+05:30,242.65,243.3,237.8,239.7,96575,698900,18.901581,24296.2,24350.0,24350,ATM+1,PUT,24300,2024-11-01
2024-11-01 18:48:00+05:30,240.0,241.25,238.7,239.0,28075,698900,18.909215,24297.75,24350.0,24350,ATM+1,PUT,24300,2024-11-01
2024-11-01 18:49:00+05:30,239.75,239.75,238.65,239.25,24300,659375,18.965364,24298.6,24350.0,24350,ATM+1,PUT,24300,2024-11-01
2024-11-01 18:50:00+05:30,239.3,241.0,238.4,240.3,48025,659375,18.65955,24289.1,24350.0,24350,ATM+1,PUT,24300,2024-11-01
2024-11-01 18:51:00+05:30,241.0,241.0,239.7,240.0,22975,659375,18.86174,24294.55,24350.0,24350,ATM+1,PUT,24300,2024-11-01
2024-11-01 18:52:00+05:30,239.75,240.85,239.15,239.75,29650,641275,19.002715,24298.45,24350.0,24350,ATM+1,PUT,24300,2024-11-01
2024-11-01 18:53:00+05:30,239.05,239.35,234.6,234.6,54250,641275,18.774479,24303.1,24350.0,24350,ATM+1,PUT,24300,2024-11-01
2024-11-01 18:54:00+05:30,235.0,240.5,234.55,240.5,71425,641275,18.911423,24294.7,24350.0,24350,ATM+1,PUT,24300,2024-11-01
2024-11-01 18:55:00+05:30,240.6,241.2,238.85,240.75,58600,583800,18.91002,24294.15,24350.0,24350,ATM+1,PUT,24300,2024-11-01
2024-11-01 18:56:00+05:30,241.1,241.4,239.75,239.75,44750,583800,18.897522,24295.8,24350.0,24350,ATM+1,PUT,24300,2024-11-01
2024-11-01 18:57:00+05:30,239.75,240.65,239.4,239.4,41150,583800,18.836966,24295.0,24350.0,24350,ATM+1,PUT,24300,2024-11-01
2024-11-01 18:58:00+05:30,240.6,241.0,238.25,238.95,48425,520525,18.805352,24295.1,24350.0,24350,ATM+1,PUT,24300,2024-11-01
2024-11-01 18:59:00+05:30,239.05,239.6,236.0,237.05,94950,520525,18.875379,24300.55,24350.0,24350,ATM+1,PUT,24300,2024-11-01
2024-11-01 18:00:00+05:30,167.05,167.05,120.0,159.9,577250,2575450,14.508789,24320.9,24400.0,24400,ATM+2,CALL,24300,2024-11-01
2024-11-01 18:01:00+05:30,138.25,140.0,135.5,137.85,80650,879725,13.955866,24336.25,24450.0,24400,ATM+2,CALL,24300,2024-11-01
2024-11-01 18:02:00+05:30,137.45,139.25,137.15,139.0,62700,879725,13.89339,24340.65,24450.0,24400,ATM+2,CALL,24300,2024-11-01
2024-11-01 18:03:00+05:30,138.7,139.45,138.0,139.45,48825,879725,13.572331,24350.55,24450.0,24400,ATM+2,CALL,24300,2024-11-01
2024-11-01 18:04:00+05:30,139.6,139.7,131.0,134.85,71575,891275,13.493836,24342.35,24450.0,24400,ATM+2,CALL,24300,2024-11-01
2024-11-01 18:05:00+05:30,134.45,134.7,124.1,129.3,60850,891275,13.256874,24336.25,24450.0,24400,ATM+2,CALL,24300,2024-11-01
2024-11-01 18:06:00+05:30,129.4,132.25,129.4,131.2,63200,891275,13.533,24332.9,24450.0,24400,ATM+2,CALL,24300,2024-11-01
2024-11-01 18:07:00+05:30,130.4,131.25,127.15,128.3,33900,884100,13.386685,24330.3,24450.0,24400,ATM+2,CALL,24300,2024-11-01
2024-11-01 18:08:00+05:30,128.45,134.65,127.4,134.65,35875,884100,13.322503,24346.75,24450.0,24400,ATM+2,CALL,24300,2024-11-01
2024-11-01 18:09:00+05:30,134.1,137.75,132.7,134.1,64650,884100,13.289248,24346.45,24450.0,24400,ATM+2,CALL,24300,2024-11-01
2024-11-01 18:10:00+05:30,133.65,137.75,133.65,137.25,43075,895950,13.311494,24352.95,24450.0,24400,ATM+2,CALL,24300,2024-11-01
2024-11-01 18:11:00+05:30,137.15,137.9,133.5,134.1,44425,895950,13.166042,24349.9,24450.0,24400,ATM+2,CALL,24300,2024-11-01
2024-11-01 18:12:00+05:30,135.15,136.5,134.0,135.95,28075,895950,13.148542,24354.55,24450.0,24400,ATM+2,CALL,24300,2024-11-01
2024-11-01 18:13:00+05:30,136.05,137.85,134.7,137.3,43725,908750,13.084893,24359.3,24450.0,24400,ATM+2,CALL,24300,2024-11-01
2024-11-01 18:14:00+05:30,137.5,137.8,130.0,131.15,54225,908750,12.968997,24348.75,24450.0,24400,ATM+2,CALL,24300,2024-11-01
2024-11-01 18:15:00+05:30,132.3,134.55,128.6,130.55,42425,908750,13.065147,24344.75,24450.0,24400,ATM+2,CALL,24300,2024-11-01
2024-11-01 18:16:00+05:30,130.7,134.0,130.1,134.0,25500,915050,13.160752,24349.95,24450.0,24400,ATM+2,CALL,24300,2024-11-01
2024-11-01 18:17:00+05:30,135.0,135.0,130.45,131.45,25450,915050,13.221789,24342.5,24450.0,24400,ATM+2,CALL,24300,2024-11-01
2024-11-01 18:18:00+05:30,131.55,131.55,125.25,125.85,47450,915050,13.076878,24333.65,24450.0,24400,ATM+2,CALL,24300,2024-11-01
2024-11-01 18:19:00+05:30,125.35,126.75,124.5,126.15,27075,911525,13.201217,24330.85,24450.0,24400,ATM+2,CALL,24300,2024-11-01
2024-11-01 18:20:00+05:30,126.15,130.8,126.15,130.25,33675,911525,13.27449,24338.35,24450.0,24400,ATM+2,CALL,24300,2024-11-01
2024-11-01 18:21:00+05:30,130.1,130.45,128.45,128.45,11275,911525,13.170001,24337.15,24450.0,24400,ATM+2,CALL,24300,2024-11-01
2024-11-01 18:22:00+05:30,128.2,128.3,124.45,125.85,17350,916200,13.235458,24329.25,24450.0,24400,ATM+2,CALL,24300,2024-11-01
2024-11-01 18:23:00+05:30,126.3,127.5,125.95,127.2,15900,916200,13.376065,24328.45,24450.0,24400,ATM+2,CALL,24300,2024-11-01
2024-11-01 18:24:00+05:30,127.35,128.5,127.35,128.2,12400,916200,13.359357,24331.3,24450.0,24400,ATM+2,CALL,24300,2024-11-01
2024-11-01 18:25:00+05:30,128.0,128.15,126.35,126.65,12600,911925,13.316703,24328.9,24450.0,24400,ATM+2,CALL,24300,2024-11-01
2024-11-01 18:26:00+05:30,126.65,132.1,126.45,131.6,30675,911925,13.287487,24341.25,24450.0,24400,ATM+2,CALL,24300,2024-11-01
2024-11-01 18:27:00+05:30,131.65,132.5,129.45,129.7,26750,911925,13.457769,24332.1,24450.0,24400,ATM+2,CALL,24300,2024-11-01
2024-11-01 18:28:00+05:30,129.9,130.2,127.0,127.1,29825,918500,13.374305,24328.4,24450.0,24400,ATM+2,CALL,24300,2024-11-01
2024-11-01 18:29:00+05:30,127.45,128.45,124.6,127.75,33725,918500,13.485139,24326.8,24450.0,24400,ATM+2,CALL,24300,2024-11-01
2024-11-01 18:30:00+05:30,127.65,129.65,127.65,129.15,22525,918500,13.498174,24329.75,24450.0,24400,ATM+2,CALL,24300,2024-11-01
2024-11-01 18:31:00+05:30,129.0,129.25,127.15,128.9,7750,915800,13.522475,24328.5,24450.0,24400,ATM+2,CALL,24300,2024-11-01
2024-11-01 18:32:00+05:30,128.9,128.95,126.1,127.9,16725,915800,13.391517,24329.9,24450.0,24400,ATM+2,CALL,24300,2024-11-01
2024-11-01 18:33:00+05:30,128.0,128.8,127.5,128.4,8750,915800,13.437313,24329.8,24450.0,24400,ATM+2,CALL,24300,2024-11-01
2024-11-01 18:34:00+05:30,128.05,128.5,127.4,127.7,4725,915050,13.396245,24329.35,24450.0,24400,ATM+2,CALL,24300,2024-11-01
2024-11-01 18:35:00+05:30,127.65,128.1,127.45,127.65,11325,915050,13.389546,24329.45,24450.0,24400,ATM+2,CALL,24300,2024-11-01
2024-11-01 18:36:00+05:30,127.7,129.55,126.65,128.4,17875,915050,13.408461,24330.7,24450.0,24400,ATM+2,CALL,24300,2024-11-01
2024-11-01 18:37:00+05:30,150.3,151.0,147.5,148.9,63700,3148050,13.562376,24323.2,24400.0,24400,ATM+2,CALL,24300,2024-11-01
2024-11-01 18:38:00+05:30,148.95,149.55,148.05,148.4,34000,3148050,13.625292,24320.5,24400.0,24400,ATM+2,CALL,24300,2024-11-01
2024-11-01 18:39:00+05:30,148.15,148.55,146.1,146.1,62100,3148050,13.47081,24319.65,24400.0,24400,ATM+2,CALL,24300,2024-11-01
2024-11-01 18:40:00+05:30,146.95,148.2,144.95,145.3,111450,3144650,13.523546,24316.55,24400.0,24400,ATM+2,CALL,24300,2024-11-01
2024-11-01 18:41:00+05:30,145.1,146.0,142.35,145.2,143475,3144650,13.595333,24314.45,24400.0,24400,ATM+2,CALL,24300,2024-11-01
2024-11-01 18:42:00+05:30,145.15,145.75,144.75,145.5,63525,3144650,13.677104,24312.95,24400.0,24400,ATM+2,CALL,24300,2024-11-01
2024-11-01 18:43:00+05:30,145.3,145.75,141.7,143.55,155700,3141600,13.768166,24306.25,24400.0,24400,ATM+2,CALL,24300,2024-11-01
2024-11-01 18:44:00+05:30,143.3,144.4,143.3,143.3,80250,3141600,13.780145,24305.4,24400.0,24400,ATM+2,CALL,24300,2024-11-01
2024-11-01 18:45:00+05:30,143.25,144.5,143.15,143.55,76775,3141600,13.980542,24300.55,24400.0,24400,ATM+2,CALL,24300,2024-11-01
2024-11-01 18:46:00+05:30,144.2,144.2,143.1,143.85,74000,3160700,14.116249,24297.55,24400.0,24400,ATM+2,CALL,24300,2024-11-01
2024-11-01 18:47:00+05:30,143.65,143.95,141.75,143.0,110225,3160700,14.096777,24296.2,24400.0,24400,ATM+2,CALL,24300,2024-11-01
2024-11-01 18:48:00+05:30,142.95,144.0,142.15,143.75,81925,3160700,14.102713,24297.75,24400.0,24400,ATM+2,CALL,24300,2024-11-01
2024-11-01 18:49:00+05:30,143.6,144.5,143.6,144.35,62950,3199525,14.121844,24298.6,24400.0,24400,ATM+2,CALL,24300,2024-11-01
2024-11-01 18:50:00+05:30,144.3,144.35,141.45,141.8,95675,3199525,14.259062,24289.1,24400.0,24400,ATM+2,CALL,24300,2024-11-01
2024-11-01 18:51:00+05:30,141.8,142.7,141.55,142.6,54725,3199525,14.1281,24294.55,24400.0,24400,ATM+2,CALL,24300,2024-11-01
2024-11-01 18:52:00+05:30,142.7,143.6,142.4,143.25,59225,3199475,14.039983,24298.45,24400.0,24400,ATM+2,CALL,24300,2024-11-01
2024-11-01 18:53:00+05:30,143.4,146.0,143.2,145.85,87525,3199475,14.083262,24303.1,24400.0,24400,ATM+2,CALL,24300,2024-11-01
2024-11-01 18:54:00+05:30,146.0,146.4,143.65,143.65,95750,3199475,14.212028,24294.7,24400.0,24400,ATM+2,CALL,24300,2024-11-01
2024-11-01 18:55:00+05:30,144.0,144.25,141.75,142.3,158025,3199550,14.122003,24294.15,24400.0,24400,ATM+2,CALL,24300,2024-11-01
2024-11-01 18:56:00+05:30,142.35,142.95,142.2,142.35,55325,3199550,14.066945,24295.8,24400.0,24400,ATM+2,CALL,24300,2024-11-01
2024-11-01 18:57:00+05:30,142.6,142.7,140.5,140.55,77025,3199550,13.949005,24295.0,24400.0,24400,ATM+2,CALL,24300,2024-11-01
2024-11-01 18:58:00+05:30,140.95,141.75,140.95,140.95,72525,3157275,13.979278,24295.1,24400.0,24400,ATM+2,CALL,24300,2024-11-01
2024-11-01 18:59:00+05:30,141.15,141.2,137.1,138.0,122225,3157275,13.538429,24300.55,24400.0,24400,ATM+2,CALL,24300,2024-11-01
2024-11-01 18:00:00+05:30,260.0,302.3,251.8,282.3,174225,1668300,21.226608,24320.9,24400.0,24400,ATM+2,PUT,24300,2024-11-01
2024-11-01 18:01:00+05:30,312.6,315.95,297.3,300.55,13425,642575,21.180485,24336.25,24450.0,24400,ATM+2,PUT,24300,2024-11-01
2024-11-01 18:02:00+05:30,300.55,302.85,299.25,300.05,10750,642575,21.333634,24340.65,24450.0,24400,ATM+2,PUT,24300,2024-11-01
2024-11-01 18:03:00+05:30,300.25,300.25,291.15,292.5,11675,642575,21.150581,24350.55,24450.0,24400,ATM+2,PUT,24300,2024-11-01
2024-11-01 18:04:00+05:30,292.4,303.4,292.4,301.35,13600,649450,21.515677,24342.35,24450.0,24400,ATM+2,PUT,24300,2024-11-01
2024-11-01 18:05:00+05:30,300.95,305.35,298.7,303.0,12550,649450,21.384235,24336.25,24450.0,24400,ATM+2,PUT,24300,2024-11-01
2024-11-01 18:06:00+05:30,303.3,303.3,299.25,299.5,5300,649450,20.952363,24332.9,24450.0,24400,ATM+2,PUT,24300,2024-11-01
2024-11-01 18:07:00+05:30,300.8,303.75,300.1,301.9,10600,656050,21.033979,24330.3,24450.0,24400,ATM+2,PUT,24300,2024-11-01
2024-11-01 18:08:00+05:30,302.75,303.65,292.0,292.05,7425,656050,20.954668,24346.75,24450.0,24400,ATM+2,PUT,24300,2024-11-01
2024-11-01 18:09:00+05:30,292.0,297.2,291.0,295.7,9500,656050,21.239568,24346.45,24450.0,24400,ATM+2,PUT,24300,2024-11-01
2024-11-01 18:10:00+05:30,295.65,296.05,288.75,290.15,8700,661650,21.070362,24352.95,24450.0,24400,ATM+2,PUT,24300,2024-11-01
2024-11-01 18:11:00+05:30,290.15,293.7,289.2,293.65,8900,661650,21.224337,24349.9,24450.0,24400,ATM+2,PUT,24300,2024-11-01
2024-11-01 18:12:00+05:30,293.15,293.35,289.85,290.1,5900,661650,21.137198,24354.55,24450.0,24400,ATM+2,PUT,24300,2024-11-01
2024-11-01 18:13:00+05:30,290.15,291.95,287.65,288.75,8150,668650,21.232011,24359.3,24450.0,24400,ATM+2,PUT,24300,2024-11-01
2024-11-01 18:14:00+05:30,288.75,295.0,288.75,294.35,7400,668650,21.234672,24348.75,24450.0,24400,ATM+2,PUT,24300,2024-11-01
2024-11-01 18:15:00+05:30,294.2,298.2,291.45,296.25,10725,668650,21.216728,24344.75,24450.0,24400,ATM+2,PUT,24300,2024-11-01
2024-11-01 18:16:00+05:30,296.05,296.8,291.15,291.8,3350,667900,21.081279,24349.95,24450.0,24400,ATM+2,PUT,24300,2024-11-01
2024-11-01 18:17:00+05:30,290.6,294.5,290.0,294.0,3350,667900,20.937499,24342.5,24450.0,24400,ATM+2,PUT,24300,2024-11-01
2024-11-01 18:18:00+05:30,293.25,301.6,293.25,300.8,12525,667900,21.103916,24333.65,24450.0,24400,ATM+2,PUT,24300,2024-11-01
2024-11-01 18:19:00+05:30,301.1,302.0,298.9,298.9,12325,667175,20.825834,24330.85,24450.0,24400,ATM+2,PUT,24300,2024-11-01
2024-11-01 18:20:00+05:30,298.0,298.0,292.9,294.65,6700,667175,20.811599,24338.35,24450.0,24400,ATM+2,PUT,24300,2024-11-01
2024-11-01 18:21:00+05:30,294.65,295.7,293.65,295.7,2075,667175,20.845422,24337.15,24450.0,24400,ATM+2,PUT,24300,2024-11-01
2024-11-01 18:22:00+05:30,295.95,300.45,295.1,299.3,7100,668325,20.790393,24329.25,24450.0,24400,ATM+2,PUT,24300,2024-11-01
2024-11-01 18:23:00+05:30,299.3,299.95,298.5,299.3,2575,668325,20.755758,24328.45,24450.0,24400,ATM+2,PUT,24300,2024-11-01
2024-11-01 18:24:00+05:30,298.6,299.2,296.95,298.95,1950,668325,20.855002,24331.3,24450.0,24400,ATM+2,PUT,24300,2024-11-01
2024-11-01 18:25:00+05:30,298.95,299.1,297.8,298.0,1525,672900,20.671616,24328.9,24450.0,24400,ATM+2,PUT,24300,2024-11-01
2024-11-01 18:26:00+05:30,298.0,298.0,283.6,286.1,12225,672900,20.248005,24341.25,24450.0,24400,ATM+2,PUT,24300,2024-11-01
2024-11-01 18:27:00+05:30,286.5,292.3,286.5,292.0,4700,672900,20.325901,24332.1,24450.0,24400,ATM+2,PUT,24300,2024-11-01
2024-11-01 18:28:00+05:30,292.2,297.5,291.45,297.5,5600,673625,20.611461,24328.4,24450.0,24400,ATM+2,PUT,24300,2024-11-01
2024-11-01 18:29:00+05:30,296.7,299.5,294.75,296.0,7150,673625,20.418239,24326.8,24450.0,24400,ATM+2,PUT,24300,2024-11-01
2024-11-01 18:30:00+05:30,295.7,295.7,293.2,293.4,900,673625,20.33855,24329.75,24450.0,24400,ATM+2,PUT,24300,2024-11-01
2024-11-01 18:31:00+05:30,293.4,295.45,292.4,292.4,1600,674125,20.201885,24328.5,24450.0,24400,ATM+2,PUT,24300,2024-11-01
2024-11-01 18:32:00+05:30,292.4,298.0,292.4,295.1,3125,674125,20.486213,24329.9,24450.0,24400,ATM+2,PUT,24300,2024-11-01
2024-11-01 18:33:00+05:30,295.1,295.95,293.8,294.5,875,674125,20.433696,24329.8,24450.0,24400,ATM+2,PUT,24300,2024-11-01
2024-11-01 18:34:00+05:30,294.5,294.5,293.95,294.15,575,674325,20.385981,24329.35,24450.0,24400,ATM+2,PUT,24300,2024-11-01
2024-11-01 18:35:00+05:30,294.15,294.75,293.6,294.75,1175,674325,20.440509,24329.45,24450.0,24400,ATM+2,PUT,24300,2024-11-01
2024-11-01 18:36:00+05:30,293.6,294.55,288.0,291.35,2325,674325,20.219269,24330.7,24450.0,24400,ATM+2,PUT,24300,2024-11-01
2024-11-01 18:37:00+05:30,263.15,266.0,261.95,265.2,30500,1980800,19.971508,24323.2,24400.0,24400,ATM+2,PUT,24300,2024-11-01
2024-11-01 18:38:00+05:30,265.1,266.0,264.25,265.85,26100,1980800,19.911091,24320.5,24400.0,24400,ATM+2,PUT,24300,2024-11-01
2024-11-01 18:39:00+05:30,265.95,265.95,264.75,265.7,20250,1980800,19.863781,24319.65,24400.0,24400,ATM+2,PUT,24300,2024-11-01
2024-11-01 18:40:00+05:30,265.8,267.85,263.5,266.2,53425,1981250,19.773494,24316.55,24400.0,24400,ATM+2,PUT,24300,2024-11-01
2024-11-01 18:41:00+05:30,266.65,268.7,265.15,266.1,46175,1981250,19.676555,24314.45,24400.0,24400,ATM+2,PUT,24300,2024-11-01
2024-11-01 18:42:00+05:30,266.8,268.0,266.25,267.0,21075,1981250,19.686568,24312.95,24400.0,24400,ATM+2,PUT,24300,2024-11-01
2024-11-01 18:43:00+05:30,266.8,269.8,266.75,269.0,71475,1986025,19.561722,24306.25,24400.0,24400,ATM+2,PUT,24300,2024-11-01
2024-11-01 18:44:00+05:30,268.5,269.5,268.0,269.0,27900,1986025,19.525813,24305.4,24400.0,24400,ATM+2,PUT,24300,2024-11-01
2024-11-01 18:45:00+05:30,269.2,269.2,266.65,269.0,32225,1986025,19.315441,24300.55,24400.0,24400,ATM+2,PUT,24300,2024-11-01
2024-11-01 18:46:00+05:30,269.0,269.4,268.0,268.75,29125,1972825,19.164368,24297.55,24400.0,24400,ATM+2,PUT,24300,2024-11-01
2024-11-01 18:47:00+05:30,268.45,268.45,263.7,265.7,64550,1972825,18.856383,24296.2,24400.0,24400,ATM+2,PUT,24300,2024-11-01
2024-11-01 18:48:00+05:30,266.9,267.25,264.65,264.65,27525,1972825,18.839744,24297.75,24400.0,24400,ATM+2,PUT,24300,2024-11-01
2024-11-01 18:49:00+05:30,264.9,265.4,264.3,265.4,16150,1959325,18.939389,24298.6,24400.0,24400,ATM+2,PUT,24300,2024-11-01
2024-11-01 18:50:00+05:30,264.7,267.0,264.55,266.55,42075,1959325,18.613417,24289.1,24400.0,24400,ATM+2,PUT,24300,2024-11-01
2024-11-01 18:51:00+05:30,266.45,267.0,265.75,266.05,30275,1959325,18.815723,24294.55,24400.0,24400,ATM+2,PUT,24300,2024-11-01
2024-11-01 18:52:00+05:30,266.0,266.55,264.75,264.75,16800,1948100,18.882375,24298.45,24400.0,24400,ATM+2,PUT,24300,2024-11-01
2024-11-01 18:53:00+05:30,264.85,265.4,260.2,261.0,40700,1948100,18.780652,24303.1,24400.0,24400,ATM+2,PUT,24300,2024-11-01
2024-11-01 18:54:00+05:30,260.3,266.3,260.3,266.3,41450,1948100,18.845548,24294.7,24400.0,24400,ATM+2,PUT,24300,2024-11-01
2024-11-01 18:55:00+05:30,266.45,266.8,265.05,266.7,50725,1943200,18.854854,24294.15,24400.0,24400,ATM+2,PUT,24300,2024-11-01
2024-11-01 18:56:00+05:30,266.4,266.5,265.25,265.35,27875,1943200,18.818247,24295.8,24400.0,24400,ATM+2,PUT,24300,2024-11-01
2024-11-01 18:57:00+05:30,265.3,265.9,265.0,265.75,41175,1943200,18.816519,24295.0,24400.0,24400,ATM+2,PUT,24300,2024-11-01
2024-11-01 18:58:00+05:30,265.5,266.0,264.05,264.05,43325,1945825,18.682651,24295.1,24400.0,24400,ATM+2,PUT,24300,2024-11-01
2024-11-01 18:59:00+05:30,264.4,264.75,260.75,263.0,64500,1945825,18.837905,24300.55,24400.0,24400,ATM+2,PUT,24300,2024-11-01
2024-11-01 18:00:00+05:30,143.7,143.7,116.4,138.6,162000,861650,14.560097,24320.9,24450.0,24450,ATM+3,CALL,24300,2024-11-01
2024-11-01 18:01:00+05:30,117.9,120.0,116.05,117.45,394725,3371750,13.944094,24336.25,24500.0,24450,ATM+3,CALL,24300,2024-11-01
2024-11-01 18:02:00+05:30,117.25,119.0,117.25,118.7,236575,3371750,13.905065,24340.65,24500.0,24450,ATM+3,CALL,24300,2024-11-01
2024-11-01 18:03:00+05:30,118.6,119.4,118.0,119.0,239975,3371750,13.601551,24350.55,24500.0,24450,ATM+3,CALL,24300,2024-11-01
2024-11-01 18:04:00+05:30,119.0,119.5,111.35,114.65,319000,3468000,13.510293,24342.35,24500.0,24450,ATM+3,CALL,24300,2024-11-01
2024-11-01 18:05:00+05:30,114.85,115.15,105.35,109.5,283125,3468000,13.276635,24336.25,24500.0,24450,ATM+3,CALL,24300,2024-11-01
2024-11-01 18:06:00+05:30,110.1,112.1,110.05,111.5,156725,3468000,13.555884,24332.9,24500.0,24450,ATM+3,CALL,24300,2024-11-01
2024-11-01 18:07:00+05:30,110.6,111.1,107.6,108.3,170575,3509375,13.369614,24330.3,24500.0,24450,ATM+3,CALL,24300,2024-11-01
2024-11-01 18:08:00+05:30,107.85,114.0,107.75,114.0,176300,3509375,13.313895,24346.75,24500.0,24450,ATM+3,CALL,24300,2024-11-01
2024-11-01 18:09:00+05:30,113.5,116.95,112.85,113.5,255925,3509375,13.282767,24346.45,24500.0,24450,ATM+3,CALL,24300,2024-11-01
2024-11-01 18:10:00+05:30,113.8,116.95,113.45,116.7,166675,3564525,13.335424,24352.95,24500.0,24450,ATM+3,CALL,24300,2024-11-01
2024-11-01 18:11:00+05:30,116.55,117.25,113.25,114.0,191000,3564525,13.212073,24349.9,24500.0,24450,ATM+3,CALL,24300,2024-11-01
2024-11-01 18:12:00+05:30,114.75,116.0,113.9,115.3,117675,3564525,13.166573,24354.55,24500.0,24450,ATM+3,CALL,24300,2024-11-01
2024-11-01 18:13:00+05:30,115.65,117.0,114.55,116.65,156075,3605950,13.120423,24359.3,24500.0,24450,ATM+3,CALL,24300,2024-11-01
2024-11-01 18:14:00+05:30,116.8,116.85,110.5,112.0,191200,3605950,13.085167,24348.75,24500.0,24450,ATM+3,CALL,24300,2024-11-01
2024-11-01 18:15:00+05:30,112.65,113.9,108.65,110.75,160975,3605950,13.113123,24344.75,24500.0,24450,ATM+3,CALL,24300,2024-11-01
2024-11-01 18:16:00+05:30,110.35,113.6,110.35,113.2,94725,3587725,13.147939,24349.95,24500.0,24450,ATM+3,CALL,24300,2024-11-01
2024-11-01 18:17:00+05:30,114.35,114.35,110.75,111.4,102600,3587725,13.243829,24342.5,24500.0,24450,ATM+3,CALL,24300,2024-11-01
2024-11-01 18:18:00+05:30,111.7,111.7,105.6,105.6,266275,3587725,13.042141,24333.65,24500.0,24450,ATM+3,CALL,24300,2024-11-01
2024-11-01 18:19:00+05:30,106.1,107.25,104.85,106.65,195525,3582000,13.222738,24330.85,24500.0,24450,ATM+3,CALL,24300,2024-11-01
2024-11-01 18:20:00+05:30,106.8,111.0,106.8,110.3,123575,3582000,13.289807,24338.35,24500.0,24450,ATM+3,CALL,24300,2024-11-01
2024-11-01 18:21:00+05:30,110.4,110.5,109.0,109.0,46750,3582000,13.219878,24337.15,24500.0,24450,ATM+3,CALL,24300,2024-11-01
2024-11-01 18:22:00+05:30,108.65,108.7,105.35,106.6,99550,3633725,13.272821,24329.25,24500.0,24450,ATM+3,CALL,24300,2024-11-01
2024-11-01 18:23:00+05:30,107.15,108.05,106.25,107.75,97400,3633725,13.397482,24328.45,24500.0,24450,ATM+3,CALL,24300,2024-11-01
2024-11-01 18:24:00+05:30,107.5,108.9,107.5,108.45,102550,3633725,13.365965,24331.3,24500.0,24450,ATM+3,CALL,24300,2024-11-01
2024-11-01 18:25:00+05:30,108.2,108.45,107.05,107.35,42325,3615675,13.350786,24328.9,24500.0,24450,ATM+3,CALL,24300,2024-11-01
2024-11-01 18:26:00+05:30,107.05,112.2,107.0,112.2,164850,3615675,13.360854,24341.25,24500.0,24450,ATM+3,CALL,24300,2024-11-01
2024-11-01 18:27:00+05:30,112.0,112.5,109.75,110.1,147575,3615675,13.483038,24332.1,24500.0,24450,ATM+3,CALL,24300,2024-11-01
2024-11-01 18:28:00+05:30,109.85,110.25,107.5,107.5,81475,3535775,13.382486,24328.4,24500.0,24450,ATM+3,CALL,24300,2024-11-01
2024-11-01 18:29:00+05:30,107.7,109.0,105.1,108.3,132950,3535775,13.503145,24326.8,24500.0,24450,ATM+3,CALL,24300,2024-11-01
2024-11-01 18:30:00+05:30,108.25,109.75,108.2,109.1,43475,3535775,13.477027,24329.75,24500.0,24450,ATM+3,CALL,24300,2024-11-01
2024-11-01 18:31:00+05:30,109.25,109.6,107.7,109.15,41750,3548500,13.522629,24328.5,24500.0,24450,ATM+3,CALL,24300,2024-11-01
2024-11-01 18:32:00+05:30,109.25,109.25,106.5,107.9,62375,3548500,13.371929,24329.9,24500.0,24450,ATM+3,CALL,24300,2024-11-01
2024-11-01 18:33:00+05:30,107.85,108.8,107.75,108.4,36350,3548500,13.418668,24329.8,24500.0,24450,ATM+3,CALL,24300,2024-11-01
2024-11-01 18:34:00+05:30,108.05,108.5,107.75,108.05,32650,3551125,13.404341,24329.35,24500.0,24450,ATM+3,CALL,24300,2024-11-01
2024-11-01 18:35:00+05:30,107.95,108.15,107.35,107.7,24700,3551125,13.372238,24329.45,24500.0,24450,ATM+3,CALL,24300,2024-11-01
2024-11-01 18:36:00+05:30,107.7,109.4,106.65,108.15,69575,3551125,13.371112,24330.7,24500.0,24450,ATM+3,CALL,24300,2024-11-01
2024-11-01 18:37:00+05:30,128.0,128.6,125.45,126.9,15575,911775,13.548264,24323.2,24450.0,24450,ATM+3,CALL,24300,2024-11-01
2024-11-01 18:38:00+05:30,126.8,127.75,126.3,126.35,9600,911775,13.597558,24320.5,24450.0,24450,ATM+3,CALL,24300,2024-11-01
2024-11-01 18:39:00+05:30,126.35,126.75,124.5,124.5,19625,911775,13.474335,24319.65,24450.0,24450,ATM+3,CALL,24300,2024-11-01
2024-11-01 18:40:00+05:30,124.3,126.15,122.8,123.5,37850,908975,13.499215,24316.55,24450.0,24450,ATM+3,CALL,24300,2024-11-01
2024-11-01 18:41:00+05:30,123.4,123.5,120.85,123.0,39100,908975,13.530785,24314.45,24450.0,24450,ATM+3,CALL,24300,2024-11-01
2024-11-01 18:42:00+05:30,123.0,123.8,122.85,123.75,10425,908975,13.645768,24312.95,24450.0,24450,ATM+3,CALL,24300,2024-11-01
2024-11-01 18:43:00+05:30,123.2,123.65,119.65,121.95,32475,908625,13.725168,24306.25,24450.0,24450,ATM+3,CALL,24300,2024-11-01
2024-11-01 18:44:00+05:30,121.7,122.55,121.35,121.5,19075,908625,13.717325,24305.4,24450.0,24450,ATM+3,CALL,24300,2024-11-01
2024-11-01 18:45:00+05:30,121.5,122.65,121.5,121.75,13325,908625,13.903346,24300.55,24450.0,24450,ATM+3,CALL,24300,2024-11-01
2024-11-01 18:46:00+05:30,121.7,122.2,121.1,121.55,11550,909150,13.988572,24297.55,24450.0,24450,ATM+3,CALL,24300,2024-11-01
2024-11-01 18:47:00+05:30,121.65,121.9,119.7,121.0,28150,909150,13.988647,24296.2,24450.0,24450,ATM+3,CALL,24300,2024-11-01
2024-11-01 18:48:00+05:30,121.0,122.0,120.1,122.0,7875,909150,14.021629,24297.75,24450.0,24450,ATM+3,CALL,24300,2024-11-01
2024-11-01 18:49:00+05:30,121.8,122.5,121.5,122.05,12350,906175,13.998196,24298.6,24450.0,24450,ATM+3,CALL,24300,2024-11-01
2024-11-01 18:50:00+05:30,122.4,122.4,119.6,119.95,22775,906175,14.140208,24289.1,24450.0,24450,ATM+3,CALL,24300,2024-11-01
2024-11-01 18:51:00+05:30,119.75,120.9,119.7,120.9,7800,906175,14.039467,24294.55,24450.0,24450,ATM+3,CALL,24300,2024-11-01
2024-11-01 18:52:00+05:30,120.85,121.75,120.55,121.25,11325,901500,13.938969,24298.45,24450.0,24450,ATM+3,CALL,24300,2024-11-01
2024-11-01 18:53:00+05:30,121.45,124.05,121.2,124.05,32325,901500,14.017752,24303.1,24450.0,24450,ATM+3,CALL,24300,2024-11-01
2024-11-01 18:54:00+05:30,123.9,124.25,121.85,121.85,32125,901500,14.117392,24294.7,24450.0,24450,ATM+3,CALL,24300,2024-11-01
2024-11-01 18:55:00+05:30,122.3,122.5,120.25,120.65,23125,883475,14.03574,24294.15,24450.0,24450,ATM+3,CALL,24300,2024-11-01
2024-11-01 18:56:00+05:30,120.65,121.25,120.35,120.55,19200,883475,13.973023,24295.8,24450.0,24450,ATM+3,CALL,24300,2024-11-01
2024-11-01 18:57:00+05:30,120.6,121.0,119.0,119.35,20250,883475,13.899707,24295.0,24450.0,24450,ATM+3,CALL,24300,2024-11-01
2024-11-01 18:58:00+05:30,119.05,120.0,119.05,119.35,15125,877400,13.897339,24295.1,24450.0,24450,ATM+3,CALL,24300,2024-11-01
2024-11-01 18:59:00+05:30,119.35,119.7,114.35,114.35,41725,877400,13.294568,24300.55,24450.0,24450,ATM+3,CALL,24300,2024-11-01
2024-11-01 18:00:00+05:30,310.0,326.3,293.95,312.95,22875,638800,21.509813,24320.9,24450.0,24450,ATM+3,PUT,24300,2024-11-01
2024-11-01 18:01:00+05:30,342.65,344.9,326.65,330.7,30600,1517725,21.339049,24336.25,24500.0,24450,ATM+3,PUT,24300,2024-11-01
2024-11-01 18:02:00+05:30,330.6,331.7,328.1,328.85,39775,1517725,21.393371,24340.65,24500.0,24450,ATM+3,PUT,24300,2024-11-01
2024-11-01 18:03:00+05:30,329.35,329.35,318.45,320.6,109800,1517725,21.175366,24350.55,24500.0,24450,ATM+3,PUT,24300,2024-11-01
2024-11-01 18:04:00+05:30,321.25,332.65,321.25,330.0,65675,1593725,21.56891,24342.35,24500.0,24450,ATM+3,PUT,24300,2024-11-01
2024-11-01 18:05:00+05:30,330.9,335.0,327.0,331.75,44025,1593725,21.429604,24336.25,24500.0,24450,ATM+3,PUT,24300,2024-11-01
2024-11-01 18:06:00+05:30,332.3,332.3,328.0,329.1,19975,1593725,21.054944,24332.9,24500.0,24450,ATM+3,PUT,24300,2024-11-01
2024-11-01 18:07:00+05:30,329.75,332.15,328.3,331.95,28500,1628800,21.168173,24330.3,24500.0,24450,ATM+3,PUT,24300,2024-11-01
2024-11-01 18:08:00+05:30,332.2,332.2,320.5,320.8,35000,1628800,21.021509,24346.75,24500.0,24450,ATM+3,PUT,24300,2024-11-01
2024-11-01 18:09:00+05:30,321.0,325.0,319.3,325.0,39900,1628800,21.353445,24346.45,24500.0,24450,ATM+3,PUT,24300,2024-11-01
2024-11-01 18:10:00+05:30,325.35,325.8,316.45,318.0,22575,1641125,21.079727,24352.95,24500.0,24450,ATM+3,PUT,24300,2024-11-01
2024-11-01 18:11:00+05:30,318.65,322.5,317.35,321.2,27125,1641125,21.202892,24349.9,24500.0,24450,ATM+3,PUT,24300,2024-11-01
2024-11-01 18:12:00+05:30,320.6,321.8,318.3,319.45,18450,1641125,21.273935,24354.55,24500.0,24450,ATM+3,PUT,24300,2024-11-01
2024-11-01 18:13:00+05:30,319.35,320.7,316.0,317.3,21800,1655775,21.315568,24359.3,24500.0,24450,ATM+3,PUT,24300,2024-11-01
2024-11-01 18:14:00+05:30,317.25,323.65,317.0,322.5,25100,1655775,21.259646,24348.75,24500.0,24450,ATM+3,PUT,24300,2024-11-01
2024-11-01 18:15:00+05:30,322.15,327.35,321.35,325.8,44125,1655775,21.346699,24344.75,24500.0,24450,ATM+3,PUT,24300,2024-11-01
2024-11-01 18:16:00+05:30,325.6,325.6,320.0,320.65,19100,1662800,21.165229,24349.95,24500.0,24450,ATM+3,PUT,24300,2024-11-01
2024-11-01 18:17:00+05:30,319.85,323.6,319.2,321.6,20775,1662800,20.898853,24342.5,24500.0,24450,ATM+3,PUT,24300,2024-11-01
2024-11-01 18:18:00+05:30,322.15,330.75,322.15,330.75,43500,1662800,21.238616,24333.65,24500.0,24450,ATM+3,PUT,24300,2024-11-01
2024-11-01 18:19:00+05:30,329.65,331.05,328.0,328.0,31175,1675750,20.880375,24330.85,24500.0,24450,ATM+3,PUT,24300,2024-11-01
2024-11-01 18:20:00+05:30,327.25,327.25,322.0,323.45,15250,1675750,20.859968,24338.35,24500.0,24450,ATM+3,PUT,24300,2024-11-01
2024-11-01 18:21:00+05:30,323.95,324.9,322.65,324.9,19575,1675750,20.924098,24337.15,24500.0,24450,ATM+3,PUT,24300,2024-11-01
2024-11-01 18:22:00+05:30,324.0,329.8,324.0,328.3,11700,1677475,20.832185,24329.25,24500.0,24450,ATM+3,PUT,24300,2024-11-01
2024-11-01 18:23:00+05:30,327.6,328.95,327.2,328.0,12100,1677475,20.770299,24328.45,24500.0,24450,ATM+3,PUT,24300,2024-11-01
2024-11-01 18:24:00+05:30,328.35,328.35,326.15,328.25,9700,1677475,20.927407,24331.3,24500.0,24450,ATM+3,PUT,24300,2024-11-01
2024-11-01 18:25:00+05:30,328.25,328.45,326.75,326.8,25475,1679500,20.694505,24328.9,24500.0,24450,ATM+3,PUT,24300,2024-11-01
2024-11-01 18:26:00+05:30,327.7,327.7,312.05,314.85,35425,1679500,20.293406,24341.25,24500.0,24450,ATM+3,PUT,24300,2024-11-01
2024-11-01 18:27:00+05:30,316.5,321.45,316.5,321.15,13125,1679500,20.381688,24332.1,24500.0,24450,ATM+3,PUT,24300,2024-11-01
2024-11-01 18:28:00+05:30,321.0,325.65,320.15,325.6,17850,1680175,20.574356,24328.4,24500.0,24450,ATM+3,PUT,24300,2024-11-01
2024-11-01 18:29:00+05:30,324.2,328.95,323.9,324.1,19475,1680175,20.37457,24326.8,24500.0,24450,ATM+3,PUT,24300,2024-11-01
2024-11-01 18:30:00+05:30,324.1,324.8,322.0,323.1,6300,1680175,20.433909,24329.75,24500.0,24450,ATM+3,PUT,24300,2024-11-01
2024-11-01 18:31:00+05:30,323.1,326.35,321.55,322.2,11275,1680250,20.300619,24328.5,24500.0,24450,ATM+3,PUT,24300,2024-11-01
2024-11-01 18:32:00+05:30,322.95,327.45,322.8,324.85,15675,1680250,20.58783,24329.9,24500.0,24450,ATM+3,PUT,24300,2024-11-01
2024-11-01 18:33:00+05:30,324.0,324.95,322.4,323.05,9800,1680250,20.435104,24329.8,24500.0,24450,ATM+3,PUT,24300,2024-11-01
2024-11-01 18:34:00+05:30,323.0,324.0,322.0,322.4,20450,1681850,20.360778,24329.35,24500.0,24450,ATM+3,PUT,24300,2024-11-01
2024-11-01 18:35:00+05:30,322.4,323.55,322.2,323.35,2425,1681850,20.445185,24329.45,24500.0,24450,ATM+3,PUT,24300,2024-11-01
2024-11-01 18:36:00+05:30,323.35,323.35,316.9,320.85,15150,1681850,20.29892,24330.7,24500.0,24450,ATM+3,PUT,24300,2024-11-01
2024-11-01 18:37:00+05:30,292.9,295.45,290.9,294.15,4800,673675,20.112781,24323.2,24450.0,24450,ATM+3,PUT,24300,2024-11-01
2024-11-01 18:38:00+05:30,294.15,295.5,293.9,294.9,6225,673675,20.053091,24320.5,24450.0,24450,ATM+3,PUT,24300,2024-11-01
2024-11-01 18:39:00+05:30,294.9,295.0,293.85,294.55,6125,673675,19.98679,24319.65,24450.0,24450,ATM+3,PUT,24300,2024-11-01
2024-11-01 18:40:00+05:30,294.55,296.8,293.0,295.45,7650,676400,19.920492,24316.55,24450.0,24450,ATM+3,PUT,24300,2024-11-01
2024-11-01 18:41:00+05:30,295.35,297.95,294.2,294.4,3250,676400,19.739156,24314.45,24450.0,24450,ATM+3,PUT,24300,2024-11-01
2024-11-01 18:42:00+05:30,294.4,296.95,294.4,296.35,1450,676400,19.831572,24312.95,24450.0,24450,ATM+3,PUT,24300,2024-11-01
2024-11-01 18:43:00+05:30,296.35,299.45,296.0,297.7,6225,674775,19.634299,24306.25,24450.0,24450,ATM+3,PUT,24300,2024-11-01
2024-11-01 18:44:00+05:30,297.1,298.9,297.1,298.45,8950,674775,19.657559,24305.4,24450.0,24450,ATM+3,PUT,24300,2024-11-01
2024-11-01 18:45:00+05:30,298.45,298.45,296.2,298.3,5600,674775,19.419639,24300.55,24450.0,24450,ATM+3,PUT,24300,2024-11-01
2024-11-01 18:46:00+05:30,298.3,298.5,297.15,297.6,1825,670000,19.221527,24297.55,24450.0,24450,ATM+3,PUT,24300,2024-11-01
2024-11-01 18:47:00+05:30,297.6,297.6,292.5,294.6,4250,670000,18.910294,24296.2,24450.0,24450,ATM+3,PUT,24300,2024-11-01
2024-11-01 18:48:00+05:30,294.6,295.95,293.65,294.3,3000,670000,18.959807,24297.75,24450.0,24450,ATM+3,PUT,24300,2024-11-01
2024-11-01 18:49:00+05:30,294.15,294.15,293.2,293.25,1125,668675,18.914033,24298.6,24450.0,24450,ATM+3,PUT,24300,2024-11-01
2024-11-01 18:50:00+05:30,293.25,296.45,293.25,296.45,5650,668675,18.727287,24289.1,24450.0,24450,ATM+3,PUT,24300,2024-11-01
2024-11-01 18:51:00+05:30,295.8,296.3,294.8,294.8,1100,668675,18.852012,24294.55,24450.0,24450,ATM+3,PUT,24300,2024-11-01
2024-11-01 18:52:00+05:30,294.75,295.9,294.3,294.3,3000,666050,18.996516,24298.45,24450.0,24450,ATM+3,PUT,24300,2024-11-01
2024-11-01 18:53:00+05:30,294.3,294.3,289.15,289.95,5050,666050,18.856883,24303.1,24450.0,24450,ATM+3,PUT,24300,2024-11-01
2024-11-01 18:54:00+05:30,289.6,295.7,289.25,295.05,4175,666050,18.882552,24294.7,24450.0,24450,ATM+3,PUT,24300,2024-11-01
2024-11-01 18:55:00+05:30,295.3,296.25,294.65,295.4,5825,661600,18.886268,24294.15,24450.0,24450,ATM+3,PUT,24300,2024-11-01
2024-11-01 18:56:00+05:30,295.4,296.15,295.0,295.1,11775,661600,18.940791,24295.8,24450.0,24450,ATM+3,PUT,24300,2024-11-01
2024-11-01 18:57:00+05:30,295.1,295.45,294.25,294.35,9000,661600,18.841491,24295.0,24450.0,24450,ATM+3,PUT,24300,2024-11-01
2024-11-01 18:58:00+05:30,294.35,295.8,293.3,294.2,5850,658200,18.83471,24295.1,24450.0,24450,ATM+3,PUT,24300,2024-11-01
2024-11-01 18:59:00+05:30,294.2,294.2,290.75,290.75,7075,658200,18.808272,24300.55,24450.0,24450,ATM+3,PUT,24300,2024-11-01
2024-11-01 18:00:00+05:30,120.15,120.15,100.0,118.45,669925,3286550,14.528633,24320.9,24500.0,24500,ATM+4,CALL,24300,2024-11-01
2024-11-01 18:01:00+05:30,101.45,102.6,99.3,100.85,100350,470900,14.072183,24336.25,24550.0,24500,ATM+4,CALL,24300,2024-11-01
2024-11-01 18:02:00+05:30,100.7,101.9,100.35,101.5,48775,470900,13.995516,24340.65,24550.0,24500,ATM+4,CALL,24300,2024-11-01
2024-11-01 18:03:00+05:30,101.0,101.5,100.65,101.4,43625,470900,13.683238,24350.55,24550.0,24500,ATM+4,CALL,24300,2024-11-01
2024-11-01 18:04:00+05:30,101.4,101.4,94.2,97.6,91975,494525,13.605059,24342.35,24550.0,24500,ATM+4,CALL,24300,2024-11-01
2024-11-01 18:05:00+05:30,97.6,97.6,88.45,92.9,72300,494525,13.377839,24336.25,24550.0,24500,ATM+4,CALL,24300,2024-11-01
2024-11-01 18:06:00+05:30,92.9,95.2,92.85,94.0,39475,494525,13.576428,24332.9,24550.0,24500,ATM+4,CALL,24300,2024-11-01
2024-11-01 18:07:00+05:30,93.4,94.15,91.0,91.4,32625,518475,13.424996,24330.3,24550.0,24500,ATM+4,CALL,24300,2024-11-01
2024-11-01 18:08:00+05:30,91.35,96.1,90.75,96.1,52125,518475,13.343546,24346.75,24550.0,24500,ATM+4,CALL,24300,2024-11-01
2024-11-01 18:09:00+05:30,96.6,99.4,95.65,96.65,95775,518475,13.401663,24346.45,24550.0,24500,ATM+4,CALL,24300,2024-11-01
2024-11-01 18:10:00+05:30,96.8,99.2,96.3,98.6,47250,547750,13.37284,24352.95,24550.0,24500,ATM+4,CALL,24300,2024-11-01
2024-11-01 18:11:00+05:30,98.5,99.35,95.95,96.4,61850,547750,13.27617,24349.9,24550.0,24500,ATM+4,CALL,24300,2024-11-01
2024-11-01 18:12:00+05:30,97.25,98.3,96.3,98.0,35225,547750,13.27325,24354.55,24550.0,24500,ATM+4,CALL,24300,2024-11-01
2024-11-01 18:13:00+05:30,97.75,99.5,97.0,99.3,56850,560400,13.239632,24359.3,24550.0,24500,ATM+4,CALL,24300,2024-11-01
2024-11-01 18:14:00+05:30,99.2,99.35,93.7,94.45,60150,560400,13.143878,24348.75,24550.0,24500,ATM+4,CALL,24300,2024-11-01
2024-11-01 18:15:00+05:30,95.15,96.85,91.8,93.75,47450,560400,13.205197,24344.75,24550.0,24500,ATM+4,CALL,24300,2024-11-01
2024-11-01 18:16:00+05:30,93.55,96.35,93.45,96.0,30100,554825,13.244375,24349.95,24550.0,24500,ATM+4,CALL,24300,2024-11-01
2024-11-01 18:17:00+05:30,96.9,96.9,93.5,94.2,28600,554825,13.314763,24342.5,24550.0,24500,ATM+4,CALL,24300,2024-11-01
2024-11-01 18:18:00+05:30,94.35,94.4,89.3,89.85,62600,554825,13.19775,24333.65,24550.0,24500,ATM+4,CALL,24300,2024-11-01
2024-11-01 18:19:00+05:30,89.55,90.4,88.2,89.8,48475,566600,13.277591,24330.85,24550.0,24500,ATM+4,CALL,24300,2024-11-01
2024-11-01 18:20:00+05:30,90.9,93.7,90.9,93.35,43825,566600,13.368218,24338.35,24550.0,24500,ATM+4,CALL,24300,2024-11-01
2024-11-01 18:21:00+05:30,93.0,93.5,91.65,91.65,22250,566600,13.255214,24337.15,24550.0,24500,ATM+4,CALL,24300,2024-11-01
2024-11-01 18:22:00+05:30,91.45,91.45,88.35,89.65,29250,567350,13.314543,24329.25,24550.0,24500,ATM+4,CALL,24300,2024-11-01
2024-11-01 18:23:00+05:30,90.55,90.7,89.4,90.6,17425,567350,13.423812,24328.45,24550.0,24500,ATM+4,CALL,24300,2024-11-01
2024-11-01 18:24:00+05:30,90.35,91.55,90.35,91.3,15300,567350,13.402078,24331.3,24550.0,24500,ATM+4,CALL,24300,2024-11-01
2024-11-01 18:25:00+05:30,90.8,91.25,90.0,90.1,16925,569300,13.367782,24328.9,24550.0,24500,ATM+4,CALL,24300,2024-11-01
2024-11-01 18:26:00+05:30,90.25,94.85,89.9,94.5,39350,569300,13.387342,24341.25,24550.0,24500,ATM+4,CALL,24300,2024-11-01
2024-11-01 18:27:00+05:30,94.35,95.0,92.55,92.65,44100,569300,13.500673,24332.1,24550.0,24500,ATM+4,CALL,24300,2024-11-01
2024-11-01 18:28:00+05:30,92.75,93.0,90.3,90.3,29050,571050,13.403229,24328.4,24550.0,24500,ATM+4,CALL,24300,2024-11-01
2024-11-01 18:29:00+05:30,90.35,91.85,88.3,91.2,36225,571050,13.531869,24326.8,24550.0,24500,ATM+4,CALL,24300,2024-11-01
2024-11-01 18:30:00+05:30,91.2,92.4,90.95,92.1,22825,571050,13.524963,24329.75,24550.0,24500,ATM+4,CALL,24300,2024-11-01
2024-11-01 18:31:00+05:30,91.75,92.25,90.2,91.8,15400,573225,13.536532,24328.5,24550.0,24500,ATM+4,CALL,24300,2024-11-01
2024-11-01 18:32:00+05:30,91.9,91.9,89.3,90.55,20200,573225,13.38458,24329.9,24550.0,24500,ATM+4,CALL,24300,2024-11-01
2024-11-01 18:33:00+05:30,90.85,91.4,90.4,91.1,8900,573225,13.43741,24329.8,24550.0,24500,ATM+4,CALL,24300,2024-11-01
2024-11-01 18:34:00+05:30,91.1,91.3,90.45,90.85,9475,577000,13.429509,24329.35,24550.0,24500,ATM+4,CALL,24300,2024-11-01
2024-11-01 18:35:00+05:30,90.85,90.85,90.2,90.2,15175,577000,13.369598,24329.45,24550.0,24500,ATM+4,CALL,24300,2024-11-01
2024-11-01 18:36:00+05:30,90.2,92.25,89.15,90.5,36050,577000,13.360011,24330.7,24550.0,24500,ATM+4,CALL,24300,2024-11-01
2024-11-01 18:37:00+05:30,107.6,108.6,105.5,106.75,75400,3546500,13.493917,24323.2,24500.0,24500,ATM+4,CALL,24300,2024-11-01
2024-11-01 18:38:00+05:30,106.95,107.55,106.15,106.5,40050,3546500,13.55976,24320.5,24500.0,24500,ATM+4,CALL,24300,2024-11-01
2024-11-01 18:39:00+05:30,106.1,106.65,104.25,104.25,92300,3546500,13.394741,24319.65,24500.0,24500,ATM+4,CALL,24300,2024-11-01
2024-11-01 18:40:00+05:30,104.4,105.85,103.35,103.5,139350,3552925,13.429485,24316.55,24500.0,24500,ATM+4,CALL,24300,2024-11-01
2024-11-01 18:41:00+05:30,103.05,104.0,101.15,103.2,129400,3552925,13.470935,24314.45,24500.0,24500,ATM+4,CALL,24300,2024-11-01
2024-11-01 18:42:00+05:30,103.65,103.75,102.95,103.7,70025,3552925,13.562321,24312.95,24500.0,24500,ATM+4,CALL,24300,2024-11-01
2024-11-01 18:43:00+05:30,103.55,103.8,99.45,102.0,163850,3564600,13.626517,24306.25,24500.0,24500,ATM+4,CALL,24300,2024-11-01
2024-11-01 18:44:00+05:30,102.0,102.75,101.6,101.7,118750,3564600,13.627974,24305.4,24500.0,24500,ATM+4,CALL,24300,2024-11-01
2024-11-01 18:45:00+05:30,101.75,102.7,101.75,101.8,58750,3564600,13.788595,24300.55,24500.0,24500,ATM+4,CALL,24300,2024-11-01
2024-11-01 18:46:00+05:30,102.45,102.45,101.45,101.95,75975,3595125,13.895679,24297.55,24500.0,24500,ATM+4,CALL,24300,2024-11-01
2024-11-01 18:47:00+05:30,101.8,101.95,100.1,101.1,151075,3595125,13.864233,24296.2,24500.0,24500,ATM+4,CALL,24300,2024-11-01
2024-11-01 18:48:00+05:30,101.0,102.0,100.35,102.0,77050,3595125,13.895771,24297.75,24500.0,24500,ATM+4,CALL,24300,2024-11-01
2024-11-01 18:49:00+05:30,101.9,102.3,101.65,102.1,80925,3660000,13.879096,24298.6,24500.0,24500,ATM+4,CALL,24300,2024-11-01
2024-11-01 18:50:00+05:30,102.05,102.25,99.65,100.2,89950,3660000,14.00681,24289.1,24500.0,24500,ATM+4,CALL,24300,2024-11-01
2024-11-01 18:51:00+05:30,99.9,100.85,99.8,100.85,80900,3660000,13.897171,24294.55,24500.0,24500,ATM+4,CALL,24300,2024-11-01
2024-11-01 18:52:00+05:30,101.0,101.7,100.65,101.35,64425,3654200,13.821244,24298.45,24500.0,24500,ATM+4,CALL,24300,2024-11-01
2024-11-01 18:53:00+05:30,101.4,103.9,101.4,103.9,94000,3654200,13.899382,24303.1,24500.0,24500,ATM+4,CALL,24300,2024-11-01
2024-11-01 18:54:00+05:30,103.95,104.25,101.7,101.7,91800,3654200,13.969759,24294.7,24500.0,24500,ATM+4,CALL,24300,2024-11-01
2024-11-01 18:55:00+05:30,102.05,102.35,100.25,100.6,80800,3663425,13.891487,24294.15,24500.0,24500,ATM+4,CALL,24300,2024-11-01
2024-11-01 18:56:00+05:30,100.3,100.95,100.3,100.65,53575,3663425,13.845921,24295.8,24500.0,24500,ATM+4,CALL,24300,2024-11-01
2024-11-01 18:57:00+05:30,100.8,100.85,99.0,99.05,116450,3663425,13.731487,24295.0,24500.0,24500,ATM+4,CALL,24300,2024-11-01
2024-11-01 18:58:00+05:30,99.4,100.15,99.4,99.9,109575,3668225,13.803814,24295.1,24500.0,24500,ATM+4,CALL,24300,2024-11-01
2024-11-01 18:59:00+05:30,99.95,100.0,95.75,95.75,202550,3668225,13.273456,24300.55,24500.0,24500,ATM+4,CALL,24300,2024-11-01
2024-11-01 18:00:00+05:30,320.95,353.85,319.45,343.15,67450,1515850,21.639223,24320.9,24500.0,24500,ATM+4,PUT,24300,2024-11-01
2024-11-01 18:01:00+05:30,374.75,378.3,360.0,362.6,2125,54625,21.525338,24336.25,24550.0,24500,ATM+4,PUT,24300,2024-11-01
2024-11-01 18:02:00+05:30,362.6,365.4,360.8,361.8,1350,54625,21.678437,24340.65,24550.0,24500,ATM+4,PUT,24300,2024-11-01
2024-11-01 18:03:00+05:30,361.8,361.8,352.45,352.85,1150,54625,21.42229,24350.55,24550.0,24500,ATM+4,PUT,24300,2024-11-01
2024-11-01 18:04:00+05:30,352.85,366.0,352.85,363.3,1875,56000,21.889563,24342.35,24550.0,24500,ATM+4,PUT,24300,2024-11-01
2024-11-01 18:05:00+05:30,363.3,367.6,361.2,364.8,1575,56000,21.71328,24336.25,24550.0,24500,ATM+4,PUT,24300,2024-11-01
2024-11-01 18:06:00+05:30,364.8,364.8,361.15,362.0,400,56000,21.312379,24332.9,24550.0,24500,ATM+4,PUT,24300,2024-11-01
2024-11-01 18:07:00+05:30,362.0,365.7,362.0,365.2,1825,56650,21.450594,24330.3,24550.0,24500,ATM+4,PUT,24300,2024-11-01
2024-11-01 18:08:00+05:30,365.2,366.05,354.55,354.55,5075,56650,21.382047,24346.75,24550.0,24500,ATM+4,PUT,24300,2024-11-01
2024-11-01 18:09:00+05:30,354.15,358.7,351.55,358.7,3475,56650,21.713782,24346.45,24550.0,24500,ATM+4,PUT,24300,2024-11-01
2024-11-01 18:10:00+05:30,358.35,358.35,349.95,351.6,1000,58200,21.443093,24352.95,24550.0,24500,ATM+4,PUT,24300,2024-11-01
2024-11-01 18:11:00+05:30,351.6,355.4,349.8,355.4,750,58200,21.610701,24349.9,24550.0,24500,ATM+4,PUT,24300,2024-11-01
2024-11-01 18:12:00+05:30,355.4,355.4,352.65,352.75,175,58200,21.618701,24354.55,24550.0,24500,ATM+4,PUT,24300,2024-11-01
2024-11-01 18:13:00+05:30,352.75,353.35,348.9,348.9,1175,58650,21.531032,24359.3,24550.0,24500,ATM+4,PUT,24300,2024-11-01
2024-11-01 18:14:00+05:30,348.9,356.9,348.9,356.9,1975,58650,21.682199,24348.75,24550.0,24500,ATM+4,PUT,24300,2024-11-01
2024-11-01 18:15:00+05:30,356.9,360.95,356.45,360.35,1775,58650,21.773773,24344.75,24550.0,24500,ATM+4,PUT,24300,2024-11-01
2024-11-01 18:16:00+05:30,360.35,360.35,352.65,353.75,1500,60050,21.481119,24349.95,24550.0,24500,ATM+4,PUT,24300,2024-11-01
2024-11-01 18:17:00+05:30,353.75,354.55,351.95,354.0,450,60050,21.134786,24342.5,24550.0,24500,ATM+4,PUT,24300,2024-11-01
2024-11-01 18:18:00+05:30,354.0,364.95,354.0,363.4,3050,60050,21.479607,24333.65,24550.0,24500,ATM+4,PUT,24300,2024-11-01
2024-11-01 18:19:00+05:30,363.4,365.15,361.7,361.7,1225,61325,21.197011,24330.85,24550.0,24500,ATM+4,PUT,24300,2024-11-01
2024-11-01 18:20:00+05:30,358.05,358.05,355.25,357.6,475,61325,21.231684,24338.35,24550.0,24500,ATM+4,PUT,24300,2024-11-01
2024-11-01 18:21:00+05:30,357.6,357.6,355.6,357.2,600,61325,21.139101,24337.15,24550.0,24500,ATM+4,PUT,24300,2024-11-01
2024-11-01 18:22:00+05:30,357.2,366.35,357.2,362.35,7000,62725,21.173597,24329.25,24550.0,24500,ATM+4,PUT,24300,2024-11-01
2024-11-01 18:23:00+05:30,362.35,362.35,361.15,362.0,1450,62725,21.104573,24328.45,24550.0,24500,ATM+4,PUT,24300,2024-11-01
2024-11-01 18:24:00+05:30,362.0,362.0,359.35,359.35,225,62725,21.027497,24331.3,24550.0,24500,ATM+4,PUT,24300,2024-11-01
2024-11-01 18:25:00+05:30,359.35,361.9,359.35,361.4,200,66675,21.079003,24328.9,24550.0,24500,ATM+4,PUT,24300,2024-11-01
2024-11-01 18:26:00+05:30,361.4,361.4,346.35,348.1,4425,66675,20.587713,24341.25,24550.0,24500,ATM+4,PUT,24300,2024-11-01
2024-11-01 18:27:00+05:30,348.1,352.3,348.1,352.3,25,66675,20.478365,24332.1,24550.0,24500,ATM+4,PUT,24300,2024-11-01
2024-11-01 18:28:00+05:30,352.3,359.1,352.3,359.1,1825,67550,20.863044,24328.4,24550.0,24500,ATM+4,PUT,24300,2024-11-01
2024-11-01 18:29:00+05:30,359.1,362.75,357.0,357.6,1675,67550,20.655846,24326.8,24550.0,24500,ATM+4,PUT,24300,2024-11-01
2024-11-01 18:30:00+05:30,357.6,358.4,356.9,356.9,75,67550,20.748663,24329.75,24550.0,24500,ATM+4,PUT,24300,2024-11-01
2024-11-01 18:31:00+05:30,356.9,358.7,355.0,355.0,375,67350,20.5257,24328.5,24550.0,24500,ATM+4,PUT,24300,2024-11-01
2024-11-01 18:32:00+05:30,355.0,359.45,355.0,358.7,975,67350,20.90976,24329.9,24550.0,24500,ATM+4,PUT,24300,2024-11-01
2024-11-01 18:33:00+05:30,358.7,358.7,355.95,357.2,750,67350,20.779423,24329.8,24550.0,24500,ATM+4,PUT,24300,2024-11-01
2024-11-01 18:34:00+05:30,357.2,357.2,355.65,355.65,450,67850,20.626898,24329.35,24550.0,24500,ATM+4,PUT,24300,2024-11-01
2024-11-01 18:35:00+05:30,355.65,356.85,355.65,356.85,50,67850,20.734072,24329.45,24550.0,24500,ATM+4,PUT,24300,2024-11-01
2024-11-01 18:36:00+05:30,356.85,356.85,350.0,350.0,1300,67850,20.221648,24330.7,24550.0,24500,ATM+4,PUT,24300,2024-11-01
2024-11-01 18:37:00+05:30,320.6,324.0,319.55,322.8,15075,1680925,20.101097,24323.2,24500.0,24500,ATM+4,PUT,24300,2024-11-01
2024-11-01 18:38:00+05:30,323.0,323.8,321.85,323.45,6975,1680925,20.025146,24320.5,24500.0,24500,ATM+4,PUT,24300,2024-11-01
2024-11-01 18:39:00+05:30,322.85,323.45,322.2,323.4,9450,1680925,19.980588,24319.65,24500.0,24500,ATM+4,PUT,24300,2024-11-01
2024-11-01 18:40:00+05:30,322.85,324.8,321.7,324.7,34950,1684400,19.938429,24316.55,24500.0,24500,ATM+4,PUT,24300,2024-11-01
2024-11-01 18:41:00+05:30,325.25,326.95,323.3,324.9,17100,1684400,19.853053,24314.45,24500.0,24500,ATM+4,PUT,24300,2024-11-01
2024-11-01 18:42:00+05:30,324.2,325.85,323.95,324.3,6250,1684400,19.730066,24312.95,24500.0,24500,ATM+4,PUT,24300,2024-11-01
2024-11-01 18:43:00+05:30,324.3,328.05,324.3,327.1,24025,1686750,19.632778,24306.25,24500.0,24500,ATM+4,PUT,24300,2024-11-01
2024-11-01 18:44:00+05:30,326.75,327.85,326.3,327.55,8875,1686750,19.628969,24305.4,24500.0,24500,ATM+4,PUT,24300,2024-11-01
2024-11-01 18:45:00+05:30,327.75,327.75,325.35,327.25,10900,1686750,19.361075,24300.55,24500.0,24500,ATM+4,PUT,24300,2024-11-01
2024-11-01 18:46:00+05:30,327.25,327.7,326.0,327.0,5625,1682700,19.188879,24297.55,24500.0,24500,ATM+4,PUT,24300,2024-11-01
2024-11-01 18:47:00+05:30,327.0,327.0,322.15,323.35,16125,1682700,18.812965,24296.2,24500.0,24500,ATM+4,PUT,24300,2024-11-01
2024-11-01 18:48:00+05:30,324.0,325.95,322.65,322.65,11000,1682700,18.83407,24297.75,24500.0,24500,ATM+4,PUT,24300,2024-11-01
2024-11-01 18:49:00+05:30,323.6,323.65,322.0,323.55,9700,1677650,18.954233,24298.6,24500.0,24500,ATM+4,PUT,24300,2024-11-01
2024-11-01 18:50:00+05:30,322.75,325.7,322.5,325.7,10900,1677650,18.648068,24289.1,24500.0,24500,ATM+4,PUT,24300,2024-11-01
2024-11-01 18:51:00+05:30,325.65,325.7,323.95,323.95,6575,1677650,18.782452,24294.55,24500.0,24500,ATM+4,PUT,24300,2024-11-01
2024-11-01 18:52:00+05:30,324.6,324.9,323.75,324.05,7425,1667325,18.991395,24298.45,24500.0,24500,ATM+4,PUT,24300,2024-11-01
2024-11-01 18:53:00+05:30,323.8,323.8,318.15,318.25,17850,1667325,18.740013,24303.1,24500.0,24500,ATM+4,PUT,24300,2024-11-01
2024-11-01 18:54:00+05:30,318.1,324.0,318.0,324.0,14400,1667325,18.797004,24294.7,24500.0,24500,ATM+4,PUT,24300,2024-11-01
2024-11-01 18:55:00+05:30,323.95,325.0,322.6,324.6,18100,1659875,18.820332,24294.15,24500.0,24500,ATM+4,PUT,24300,2024-11-01
2024-11-01 18:56:00+05:30,324.65,324.75,323.5,323.5,21850,1659875,18.812978,24295.8,24500.0,24500,ATM+4,PUT,24300,2024-11-01
2024-11-01 18:57:00+05:30,323.55,324.5,323.4,324.0,22550,1659875,18.815039,24295.0,24500.0,24500,ATM+4,PUT,24300,2024-11-01
2024-11-01 18:58:00+05:30,324.5,324.6,322.25,322.7,16400,1651850,18.711105,24295.1,24500.0,24500,ATM+4,PUT,24300,2024-11-01
2024-11-01 18:59:00+05:30,322.8,323.5,321.0,322.3,27100,1651850,18.956945,24300.55,24500.0,24500,ATM+4,PUT,24300,2024-11-01
2024-11-01 18:00:00+05:30,95.85,103.7,84.15,101.7,169325,425525,14.610569,24320.9,24550.0,24550,ATM+5,CALL,24300,2024-11-01
2024-11-01 18:01:00+05:30,85.6,86.3,84.2,84.9,176750,1650275,14.080055,24336.25,24600.0,24550,ATM+5,CALL,24300,2024-11-01
2024-11-01 18:02:00+05:30,84.75,85.65,84.0,84.65,103650,1650275,13.933443,24340.65,24600.0,24550,ATM+5,CALL,24300,2024-11-01
2024-11-01 18:03:00+05:30,84.75,85.0,84.2,85.0,80450,1650275,13.684425,24350.55,24600.0,24550,ATM+5,CALL,24300,2024-11-01
2024-11-01 18:04:00+05:30,84.9,85.1,78.8,81.7,169400,1703725,13.615998,24342.35,24600.0,24550,ATM+5,CALL,24300,2024-11-01
2024-11-01 18:05:00+05:30,81.15,81.2,73.2,76.9,165850,1703725,13.342449,24336.25,24600.0,24550,ATM+5,CALL,24300,2024-11-01
2024-11-01 18:06:00+05:30,77.1,79.0,77.1,78.0,108075,1703725,13.539146,24332.9,24600.0,24550,ATM+5,CALL,24300,2024-11-01
2024-11-01 18:07:00+05:30,77.65,78.55,75.0,75.75,88800,1725650,13.401126,24330.3,24600.0,24550,ATM+5,CALL,24300,2024-11-01
2024-11-01 18:08:00+05:30,75.95,80.1,75.25,80.1,111075,1725650,13.348125,24346.75,24600.0,24550,ATM+5,CALL,24300,2024-11-01
2024-11-01 18:09:00+05:30,80.35,82.9,79.5,79.95,139300,1725650,13.343679,24346.45,24600.0,24550,ATM+5,CALL,24300,2024-11-01
2024-11-01 18:10:00+05:30,80.15,82.8,80.15,82.35,99725,1766775,13.380595,24352.95,24600.0,24550,ATM+5,CALL,24300,2024-11-01
2024-11-01 18:11:00+05:30,82.0,82.8,79.7,80.5,102450,1766775,13.298638,24349.9,24600.0,24550,ATM+5,CALL,24300,2024-11-01
2024-11-01 18:12:00+05:30,81.2,81.75,80.15,81.35,50325,1766775,13.245413,24354.55,24600.0,24550,ATM+5,CALL,24300,2024-11-01
2024-11-01 18:13:00+05:30,81.45,83.0,80.5,82.9,84100,1785950,13.251868,24359.3,24600.0,24550,ATM+5,CALL,24300,2024-11-01
2024-11-01 18:14:00+05:30,82.7,82.7,77.8,79.05,116450,1785950,13.200389,24348.75,24600.0,24550,ATM+5,CALL,24300,2024-11-01
2024-11-01 18:15:00+05:30,79.55,80.75,76.1,77.9,122075,1785950,13.207441,24344.75,24600.0,24550,ATM+5,CALL,24300,2024-11-01
2024-11-01 18:16:00+05:30,77.5,79.85,77.5,79.85,53375,1785125,13.242015,24349.95,24600.0,24550,ATM+5,CALL,24300,2024-11-01
2024-11-01 18:17:00+05:30,80.7,80.7,77.85,78.3,89425,1785125,13.309418,24342.5,24600.0,24550,ATM+5,CALL,24300,2024-11-01
2024-11-01 18:18:00+05:30,78.65,78.65,74.25,74.65,97900,1785125,13.215307,24333.65,24600.0,24550,ATM+5,CALL,24300,2024-11-01
2024-11-01 18:19:00+05:30,74.2,75.0,73.2,74.45,118875,1780450,13.274492,24330.85,24600.0,24550,ATM+5,CALL,24300,2024-11-01
2024-11-01 18:20:00+05:30,74.5,77.7,74.5,77.55,86450,1780450,13.358393,24338.35,24600.0,24550,ATM+5,CALL,24300,2024-11-01
2024-11-01 18:21:00+05:30,77.3,77.6,76.2,76.2,45250,1780450,13.266615,24337.15,24600.0,24550,ATM+5,CALL,24300,2024-11-01
2024-11-01 18:22:00+05:30,75.9,75.9,73.25,74.4,96000,1801250,13.31649,24329.25,24600.0,24550,ATM+5,CALL,24300,2024-11-01
2024-11-01 18:23:00+05:30,74.95,75.15,74.1,74.8,87150,1801250,13.377176,24328.45,24600.0,24550,ATM+5,CALL,24300,2024-11-01
2024-11-01 18:24:00+05:30,74.85,75.9,74.85,75.3,53175,1801250,13.346767,24331.3,24600.0,24550,ATM+5,CALL,24300,2024-11-01
2024-11-01 18:25:00+05:30,75.5,75.65,74.4,74.45,21575,1818625,13.33357,24328.9,24600.0,24550,ATM+5,CALL,24300,2024-11-01
2024-11-01 18:26:00+05:30,74.6,78.4,74.4,78.4,70400,1818625,13.361959,24341.25,24600.0,24550,ATM+5,CALL,24300,2024-11-01
2024-11-01 18:27:00+05:30,78.25,78.85,76.5,76.65,57950,1818625,13.454318,24332.1,24600.0,24550,ATM+5,CALL,24300,2024-11-01
2024-11-01 18:28:00+05:30,76.8,76.8,74.65,74.65,51600,1843175,13.368957,24328.4,24600.0,24550,ATM+5,CALL,24300,2024-11-01
2024-11-01 18:29:00+05:30,74.7,75.8,72.85,74.9,98825,1843175,13.437476,24326.8,24600.0,24550,ATM+5,CALL,24300,2024-11-01
2024-11-01 18:30:00+05:30,75.35,76.35,75.35,76.0,33975,1843175,13.460963,24329.75,24600.0,24550,ATM+5,CALL,24300,2024-11-01
2024-11-01 18:31:00+05:30,76.2,76.2,75.0,75.9,32650,1863200,13.486955,24328.5,24600.0,24550,ATM+5,CALL,24300,2024-11-01
2024-11-01 18:32:00+05:30,75.9,75.95,73.55,74.9,43400,1863200,13.354965,24329.9,24600.0,24550,ATM+5,CALL,24300,2024-11-01
2024-11-01 18:33:00+05:30,74.8,75.5,74.65,75.05,38225,1863200,13.372792,24329.8,24600.0,24550,ATM+5,CALL,24300,2024-11-01
2024-11-01 18:34:00+05:30,75.25,75.25,74.6,74.85,18325,1884800,13.367219,24329.35,24600.0,24550,ATM+5,CALL,24300,2024-11-01
2024-11-01 18:35:00+05:30,74.85,74.95,74.4,74.4,26525,1884800,13.322862,24329.45,24600.0,24550,ATM+5,CALL,24300,2024-11-01
2024-11-01 18:36:00+05:30,74.65,75.5,73.55,74.5,75075,1884800,13.298828,24330.7,24600.0,24550,ATM+5,CALL,24300,2024-11-01
2024-11-01 18:37:00+05:30,90.25,90.95,88.1,89.35,26425,580800,13.480808,24323.2,24550.0,24550,ATM+5,CALL,24300,2024-11-01
2024-11-01 18:38:00+05:30,89.3,89.85,88.6,88.85,30000,580800,13.516529,24320.5,24550.0,24550,ATM+5,CALL,24300,2024-11-01
2024-11-01 18:39:00+05:30,88.8,88.8,87.15,87.15,41450,580800,13.38961,24319.65,24550.0,24550,ATM+5,CALL,24300,2024-11-01
2024-11-01 18:40:00+05:30,87.0,88.65,86.05,86.2,40775,566650,13.395525,24316.55,24550.0,24550,ATM+5,CALL,24300,2024-11-01
2024-11-01 18:41:00+05:30,86.15,86.2,83.7,86.0,52975,566650,13.439578,24314.45,24550.0,24550,ATM+5,CALL,24300,2024-11-01
2024-11-01 18:42:00+05:30,86.0,86.6,85.65,86.35,16650,566650,13.51586,24312.95,24550.0,24550,ATM+5,CALL,24300,2024-11-01
2024-11-01 18:43:00+05:30,86.4,86.4,82.75,84.95,39850,551450,13.583745,24306.25,24550.0,24550,ATM+5,CALL,24300,2024-11-01
2024-11-01 18:44:00+05:30,84.6,85.5,84.6,84.75,21425,551450,13.590952,24305.4,24550.0,24550,ATM+5,CALL,24300,2024-11-01
2024-11-01 18:45:00+05:30,84.5,85.7,84.45,85.1,15200,551450,13.763459,24300.55,24550.0,24550,ATM+5,CALL,24300,2024-11-01
2024-11-01 18:46:00+05:30,85.1,85.1,84.2,84.6,12475,540625,13.804639,24297.55,24550.0,24550,ATM+5,CALL,24300,2024-11-01
2024-11-01 18:47:00+05:30,84.8,84.9,83.1,84.35,35950,540625,13.821255,24296.2,24550.0,24550,ATM+5,CALL,24300,2024-11-01
2024-11-01 18:48:00+05:30,84.0,84.85,83.6,84.7,11925,540625,13.809985,24297.75,24550.0,24550,ATM+5,CALL,24300,2024-11-01
2024-11-01 18:49:00+05:30,84.9,85.2,84.55,85.2,18950,527975,13.832412,24298.6,24550.0,24550,ATM+5,CALL,24300,2024-11-01
2024-11-01 18:50:00+05:30,85.0,85.1,82.7,83.05,25875,527975,13.90636,24289.1,24550.0,24550,ATM+5,CALL,24300,2024-11-01
2024-11-01 18:51:00+05:30,82.8,83.9,82.8,83.9,12875,527975,13.830778,24294.55,24550.0,24550,ATM+5,CALL,24300,2024-11-01
2024-11-01 18:52:00+05:30,83.8,84.5,83.6,84.2,21250,520675,13.747825,24298.45,24550.0,24550,ATM+5,CALL,24300,2024-11-01
2024-11-01 18:53:00+05:30,84.25,86.6,84.25,86.6,18075,520675,13.834594,24303.1,24550.0,24550,ATM+5,CALL,24300,2024-11-01
2024-11-01 18:54:00+05:30,86.35,86.75,84.6,84.6,30275,520675,13.893788,24294.7,24550.0,24550,ATM+5,CALL,24300,2024-11-01
2024-11-01 18:55:00+05:30,84.45,85.2,83.2,83.35,29850,514700,13.795284,24294.15,24550.0,24550,ATM+5,CALL,24300,2024-11-01
2024-11-01 18:56:00+05:30,83.75,84.05,83.45,83.8,14750,514700,13.79063,24295.8,24550.0,24550,ATM+5,CALL,24300,2024-11-01
2024-11-01 18:57:00+05:30,83.75,83.8,82.15,82.25,22775,514700,13.671434,24295.0,24550.0,24550,ATM+5,CALL,24300,2024-11-01
2024-11-01 18:58:00+05:30,82.5,83.3,82.05,83.0,19850,492800,13.738765,24295.1,24550.0,24550,ATM+5,CALL,24300,2024-11-01
2024-11-01 18:59:00+05:30,83.0,83.0,79.2,79.2,59475,492800,13.233613,24300.55,24550.0,24550,ATM+5,CALL,24300,2024-11-01
2024-11-01 18:00:00+05:30,265.6,391.7,200.0,373.0,3800,54000,21.621822,24320.9,24550.0,24550,ATM+5,PUT,24300,2024-11-01
2024-11-01 18:01:00+05:30,408.0,412.3,392.9,396.65,7650,537900,21.78008,24336.25,24600.0,24550,ATM+5,PUT,24300,2024-11-01
2024-11-01 18:02:00+05:30,398.9,399.6,393.5,394.6,17950,537900,21.839973,24340.65,24600.0,24550,ATM+5,PUT,24300,2024-11-01
2024-11-01 18:03:00+05:30,395.65,395.65,385.0,386.85,16700,537900,21.703614,24350.55,24600.0,24550,ATM+5,PUT,24300,2024-11-01
2024-11-01 18:04:00+05:30,386.85,399.7,386.85,397.1,3350,553600,22.143948,24342.35,24600.0,24550,ATM+5,PUT,24300,2024-11-01
2024-11-01 18:05:00+05:30,395.95,402.2,394.15,397.75,4525,553600,21.877955,24336.25,24600.0,24550,ATM+5,PUT,24300,2024-11-01
2024-11-01 18:06:00+05:30,398.85,398.85,393.9,396.3,2700,553600,21.576289,24332.9,24600.0,24550,ATM+5,PUT,24300,2024-11-01
2024-11-01 18:07:00+05:30,396.5,399.8,394.8,398.6,1700,554575,21.634334,24330.3,24600.0,24550,ATM+5,PUT,24300,2024-11-01
2024-11-01 18:08:00+05:30,399.15,399.7,386.7,386.9,3100,554575,21.513676,24346.75,24600.0,24550,ATM+5,PUT,24300,2024-11-01
2024-11-01 18:09:00+05:30,386.9,391.95,385.1,391.95,2150,554575,21.927467,24346.45,24600.0,24550,ATM+5,PUT,24300,2024-11-01
2024-11-01 18:10:00+05:30,391.95,391.95,382.0,383.25,4800,554525,21.531301,24352.95,24600.0,24550,ATM+5,PUT,24300,2024-11-01
2024-11-01 18:11:00+05:30,383.05,389.9,382.7,389.1,4350,554525,21.868478,24349.9,24600.0,24550,ATM+5,PUT,24300,2024-11-01
2024-11-01 18:12:00+05:30,386.55,388.45,384.65,384.65,3675,554525,21.735131,24354.55,24600.0,24550,ATM+5,PUT,24300,2024-11-01
2024-11-01 18:13:00+05:30,384.65,386.3,381.55,383.4,2975,555450,21.876369,24359.3,24600.0,24550,ATM+5,PUT,24300,2024-11-01
2024-11-01 18:14:00+05:30,383.2,391.0,383.2,388.25,3550,555450,21.739438,24348.75,24600.0,24550,ATM+5,PUT,24300,2024-11-01
2024-11-01 18:15:00+05:30,387.8,394.75,387.8,392.75,6900,555450,21.912395,24344.75,24600.0,24550,ATM+5,PUT,24300,2024-11-01
2024-11-01 18:16:00+05:30,392.6,392.6,387.05,387.35,2525,555325,21.728024,24349.95,24600.0,24550,ATM+5,PUT,24300,2024-11-01
2024-11-01 18:17:00+05:30,385.55,390.9,385.45,390.4,4300,555325,21.59598,24342.5,24600.0,24550,ATM+5,PUT,24300,2024-11-01
2024-11-01 18:18:00+05:30,390.4,398.5,389.8,398.5,5700,555325,21.816779,24333.65,24600.0,24550,ATM+5,PUT,24300,2024-11-01
2024-11-01 18:19:00+05:30,397.3,399.2,395.0,395.0,7525,555200,21.367698,24330.85,24600.0,24550,ATM+5,PUT,24300,2024-11-01
2024-11-01 18:20:00+05:30,394.2,394.2,389.1,390.65,3500,555200,21.399537,24338.35,24600.0,24550,ATM+5,PUT,24300,2024-11-01
2024-11-01 18:21:00+05:30,390.65,391.05,389.7,390.5,1425,555200,21.323489,24337.15,24600.0,24550,ATM+5,PUT,24300,2024-11-01
2024-11-01 18:22:00+05:30,390.5,396.5,390.5,395.85,2275,555325,21.357044,24329.25,24600.0,24550,ATM+5,PUT,24300,2024-11-01
2024-11-01 18:23:00+05:30,395.85,395.85,394.6,395.35,1075,555325,21.271672,24328.45,24600.0,24550,ATM+5,PUT,24300,2024-11-01
2024-11-01 18:24:00+05:30,395.35,395.35,393.35,394.55,100,555325,21.358448,24331.3,24600.0,24550,ATM+5,PUT,24300,2024-11-01
2024-11-01 18:25:00+05:30,394.55,395.0,392.8,393.9,1475,555275,21.173477,24328.9,24600.0,24550,ATM+5,PUT,24300,2024-11-01
2024-11-01 18:26:00+05:30,393.9,394.55,378.35,380.6,4850,555275,20.701509,24341.25,24600.0,24550,ATM+5,PUT,24300,2024-11-01
2024-11-01 18:27:00+05:30,381.5,387.9,381.5,387.65,2450,555275,20.812097,24332.1,24600.0,24550,ATM+5,PUT,24300,2024-11-01
2024-11-01 18:28:00+05:30,387.65,393.1,387.0,393.1,2450,556850,21.080382,24328.4,24600.0,24550,ATM+5,PUT,24300,2024-11-01
2024-11-01 18:29:00+05:30,391.55,396.0,390.9,392.0,7650,556850,20.899073,24326.8,24600.0,24550,ATM+5,PUT,24300,2024-11-01
2024-11-01 18:30:00+05:30,392.0,392.0,388.0,388.0,850,556850,20.716777,24329.75,24600.0,24550,ATM+5,PUT,24300,2024-11-01
2024-11-01 18:31:00+05:30,388.0,390.0,388.0,388.0,225,557275,20.649169,24328.5,24600.0,24550,ATM+5,PUT,24300,2024-11-01
2024-11-01 18:32:00+05:30,388.0,394.75,388.0,390.55,2350,557275,20.946616,24329.9,24600.0,24550,ATM+5,PUT,24300,2024-11-01
2024-11-01 18:33:00+05:30,390.35,390.95,389.25,390.25,2000,557275,20.916304,24329.8,24600.0,24550,ATM+5,PUT,24300,2024-11-01
2024-11-01 18:34:00+05:30,390.25,390.3,388.05,389.7,325,557175,20.845299,24329.35,24600.0,24550,ATM+5,PUT,24300,2024-11-01
2024-11-01 18:35:00+05:30,389.7,389.7,389.65,389.65,25,557175,20.847433,24329.45,24600.0,24550,ATM+5,PUT,24300,2024-11-01
2024-11-01 18:36:00+05:30,389.65,390.15,383.6,386.9,1400,557175,20.679746,24330.7,24600.0,24550,ATM+5,PUT,24300,2024-11-01
2024-11-01 18:37:00+05:30,350.0,357.25,350.0,356.35,2325,70475,20.372578,24323.2,24550.0,24550,ATM+5,PUT,24300,2024-11-01
2024-11-01 18:38:00+05:30,356.35,356.8,355.65,356.8,350,70475,20.271489,24320.5,24550.0,24550,ATM+5,PUT,24300,2024-11-01
2024-11-01 18:39:00+05:30,356.8,356.8,355.75,355.95,325,70475,20.156039,24319.65,24550.0,24550,ATM+5,PUT,24300,2024-11-01
2024-11-01 18:40:00+05:30,355.95,358.65,355.6,358.6,875,70875,20.219837,24316.55,24550.0,24550,ATM+5,PUT,24300,2024-11-01
2024-11-01 18:41:00+05:30,356.55,360.1,356.55,357.2,3975,70875,19.991255,24314.45,24550.0,24550,ATM+5,PUT,24300,2024-11-01
2024-11-01 18:42:00+05:30,357.2,359.15,356.55,357.7,2475,70875,19.955531,24312.95,24550.0,24550,ATM+5,PUT,24300,2024-11-01
2024-11-01 18:43:00+05:30,357.7,362.05,357.7,360.55,8825,67050,19.843245,24306.25,24550.0,24550,ATM+5,PUT,24300,2024-11-01
2024-11-01 18:44:00+05:30,360.55,361.85,360.1,360.4,2650,67050,19.785728,24305.4,24550.0,24550,ATM+5,PUT,24300,2024-11-01
2024-11-01 18:45:00+05:30,360.4,360.4,359.65,359.65,250,67050,19.460075,24300.55,24550.0,24550,ATM+5,PUT,24300,2024-11-01
2024-11-01 18:46:00+05:30,359.65,361.35,359.4,359.5,325,62150,19.28415,24297.55,24550.0,24550,ATM+5,PUT,24300,2024-11-01
2024-11-01 18:47:00+05:30,359.6,360.55,355.1,355.9,425,62150,18.899113,24296.2,24550.0,24550,ATM+5,PUT,24300,2024-11-01
2024-11-01 18:48:00+05:30,358.0,358.3,357.65,358.3,100,62150,19.193197,24297.75,24550.0,24550,ATM+5,PUT,24300,2024-11-01
2024-11-01 18:49:00+05:30,358.3,358.3,356.5,356.5,225,61825,19.085173,24298.6,24550.0,24550,ATM+5,PUT,24300,2024-11-01
2024-11-01 18:50:00+05:30,356.5,358.0,355.65,357.75,250,61825,18.666212,24289.1,24550.0,24550,ATM+5,PUT,24300,2024-11-01
2024-11-01 18:51:00+05:30,357.75,358.1,357.2,358.1,100,61825,19.00193,24294.55,24550.0,24550,ATM+5,PUT,24300,2024-11-01
2024-11-01 18:52:00+05:30,358.1,358.1,356.45,356.45,75,61975,19.075213,24298.45,24550.0,24550,ATM+5,PUT,24300,2024-11-01
2024-11-01 18:53:00+05:30,356.45,356.75,351.9,351.9,600,61975,18.938052,24303.1,24550.0,24550,ATM+5,PUT,24300,2024-11-01
2024-11-01 18:54:00+05:30,351.9,356.95,350.95,356.95,325,61975,18.913042,24294.7,24550.0,24550,ATM+5,PUT,24300,2024-11-01
2024-11-01 18:55:00+05:30,356.95,358.45,356.95,357.8,450,62075,18.957155,24294.15,24550.0,24550,ATM+5,PUT,24300,2024-11-01
2024-11-01 18:56:00+05:30,357.85,358.5,357.55,357.75,1050,62075,19.045109,24295.8,24550.0,24550,ATM+5,PUT,24300,2024-11-01
2024-11-01 18:57:00+05:30,357.75,358.0,357.0,358.0,975,62075,19.023379,24295.0,24550.0,24550,ATM+5,PUT,24300,2024-11-01
2024-11-01 18:58:00+05:30,357.4,357.45,356.05,356.95,1800,59625,18.93868,24295.1,24550.0,24550,ATM+5,PUT,24300,2024-11-01
2024-11-01 18:59:00+05:30,356.95,357.95,350.9,352.35,4675,59625,18.842109,24300.55,24550.0,24550,ATM+5,PUT,24300,2024-11-01
2024-11-01 18:00:00+05:30,99.95,99.95,71.85,86.0,333575,1608100,14.61278,24320.9,24600.0,24600,ATM+6,CALL,24300,2024-11-01
2024-11-01 18:01:00+05:30,72.45,72.6,70.3,71.0,65825,334700,14.096383,24336.25,24650.0,24600,ATM+6,CALL,24300,2024-11-01
2024-11-01 18:02:00+05:30,71.0,71.85,70.05,71.4,48800,334700,14.020262,24340.65,24650.0,24600,ATM+6,CALL,24300,2024-11-01
2024-11-01 18:03:00+05:30,71.0,71.25,70.4,70.75,28500,334700,13.695405,24350.55,24650.0,24600,ATM+6,CALL,24300,2024-11-01
2024-11-01 18:04:00+05:30,71.1,71.1,65.35,68.15,46525,360950,13.659014,24342.35,24650.0,24600,ATM+6,CALL,24300,2024-11-01
2024-11-01 18:05:00+05:30,67.75,67.75,60.05,63.5,45925,360950,13.357181,24336.25,24650.0,24600,ATM+6,CALL,24300,2024-11-01
2024-11-01 18:06:00+05:30,63.7,65.7,63.7,64.85,17700,360950,13.57978,24332.9,24650.0,24600,ATM+6,CALL,24300,2024-11-01
2024-11-01 18:07:00+05:30,64.0,64.9,62.0,62.85,31675,365025,13.446716,24330.3,24650.0,24600,ATM+6,CALL,24300,2024-11-01
2024-11-01 18:08:00+05:30,62.65,66.3,62.3,66.3,23725,365025,13.365162,24346.75,24650.0,24600,ATM+6,CALL,24300,2024-11-01
2024-11-01 18:09:00+05:30,66.5,68.9,66.0,66.5,41800,365025,13.393641,24346.45,24650.0,24600,ATM+6,CALL,24300,2024-11-01
2024-11-01 18:10:00+05:30,66.55,68.6,66.55,68.25,23325,372500,13.394961,24352.95,24650.0,24600,ATM+6,CALL,24300,2024-11-01
2024-11-01 18:11:00+05:30,68.2,68.65,66.1,66.7,23675,372500,13.324575,24349.9,24650.0,24600,ATM+6,CALL,24300,2024-11-01
2024-11-01 18:12:00+05:30,67.35,67.75,66.8,67.4,13825,372500,13.271492,24354.55,24650.0,24600,ATM+6,CALL,24300,2024-11-01
2024-11-01 18:13:00+05:30,67.7,68.9,67.05,68.85,30825,382425,13.28752,24359.3,24650.0,24600,ATM+6,CALL,24300,2024-11-01
2024-11-01 18:14:00+05:30,68.85,68.9,64.2,65.2,32625,382425,13.209698,24348.75,24650.0,24600,ATM+6,CALL,24300,2024-11-01
2024-11-01 18:15:00+05:30,65.4,67.05,62.8,64.2,25850,382425,13.215859,24344.75,24650.0,24600,ATM+6,CALL,24300,2024-11-01
2024-11-01 18:16:00+05:30,64.2,66.3,63.95,66.3,18125,384025,13.28847,24349.95,24650.0,24600,ATM+6,CALL,24300,2024-11-01
2024-11-01 18:17:00+05:30,66.9,66.9,64.25,64.8,22425,384025,13.335839,24342.5,24650.0,24600,ATM+6,CALL,24300,2024-11-01
2024-11-01 18:18:00+05:30,64.8,64.8,60.95,61.3,36500,384025,13.214131,24333.65,24650.0,24600,ATM+6,CALL,24300,2024-11-01
2024-11-01 18:19:00+05:30,61.05,61.8,60.4,61.15,20675,387350,13.271432,24330.85,24650.0,24600,ATM+6,CALL,24300,2024-11-01
2024-11-01 18:20:00+05:30,61.3,64.35,61.3,63.95,19350,387350,13.361546,24338.35,24650.0,24600,ATM+6,CALL,24300,2024-11-01
2024-11-01 18:21:00+05:30,64.0,64.2,62.45,62.45,15575,387350,13.243002,24337.15,24650.0,24600,ATM+6,CALL,24300,2024-11-01
2024-11-01 18:22:00+05:30,62.3,62.55,60.2,60.9,27550,382900,13.289565,24329.25,24650.0,24600,ATM+6,CALL,24300,2024-11-01
2024-11-01 18:23:00+05:30,61.65,61.65,60.8,61.5,17000,382900,13.371905,24328.45,24650.0,24600,ATM+6,CALL,24300,2024-11-01
2024-11-01 18:24:00+05:30,61.65,62.45,61.55,62.05,7550,382900,13.355665,24331.3,24650.0,24600,ATM+6,CALL,24300,2024-11-01
2024-11-01 18:25:00+05:30,62.05,62.3,61.3,61.45,6775,378575,13.357141,24328.9,24650.0,24600,ATM+6,CALL,24300,2024-11-01
2024-11-01 18:26:00+05:30,61.2,64.6,61.2,64.5,22200,378575,13.346657,24341.25,24650.0,24600,ATM+6,CALL,24300,2024-11-01
2024-11-01 18:27:00+05:30,64.65,64.9,62.9,63.25,14300,378575,13.45902,24332.1,24650.0,24600,ATM+6,CALL,24300,2024-11-01
2024-11-01 18:28:00+05:30,62.95,63.35,61.25,61.25,16575,367125,13.352292,24328.4,24650.0,24600,ATM+6,CALL,24300,2024-11-01
2024-11-01 18:29:00+05:30,61.5,62.6,59.75,62.0,37250,367125,13.470338,24326.8,24650.0,24600,ATM+6,CALL,24300,2024-11-01
2024-11-01 18:30:00+05:30,61.95,63.0,61.95,62.6,17850,367125,13.456531,24329.75,24650.0,24600,ATM+6,CALL,24300,2024-11-01
2024-11-01 18:31:00+05:30,62.7,62.7,61.4,62.4,10650,374425,13.469246,24328.5,24650.0,24600,ATM+6,CALL,24300,2024-11-01
2024-11-01 18:32:00+05:30,62.15,62.3,60.3,61.3,38875,374425,13.32268,24329.9,24650.0,24600,ATM+6,CALL,24300,2024-11-01
2024-11-01 18:33:00+05:30,61.35,61.95,61.15,61.6,5325,374425,13.35662,24329.8,24650.0,24600,ATM+6,CALL,24300,2024-11-01
2024-11-01 18:34:00+05:30,61.6,61.6,61.1,61.45,18150,356875,13.353798,24329.35,24650.0,24600,ATM+6,CALL,24300,2024-11-01
2024-11-01 18:35:00+05:30,61.25,61.4,60.8,60.8,7225,356875,13.286008,24329.45,24650.0,24600,ATM+6,CALL,24300,2024-11-01
2024-11-01 18:36:00+05:30,61.0,61.95,60.1,60.75,19475,356875,13.249908,24330.7,24650.0,24600,ATM+6,CALL,24300,2024-11-01
2024-11-01 18:37:00+05:30,74.2,74.8,72.25,73.25,63050,1897700,13.386806,24323.2,24600.0,24600,ATM+6,CALL,24300,2024-11-01
2024-11-01 18:38:00+05:30,73.35,73.65,72.7,72.75,60600,1897700,13.413605,24320.5,24600.0,24600,ATM+6,CALL,24300,2024-11-01
2024-11-01 18:39:00+05:30,72.75,72.9,71.45,71.45,58125,1897700,13.313156,24319.65,24600.0,24600,ATM+6,CALL,24300,2024-11-01
2024-11-01 18:40:00+05:30,71.0,72.55,70.0,70.6,105550,1927625,13.316184,24316.55,24600.0,24600,ATM+6,CALL,24300,2024-11-01
2024-11-01 18:41:00+05:30,70.25,70.85,68.3,70.3,85650,1927625,13.344752,24314.45,24600.0,24600,ATM+6,CALL,24300,2024-11-01
2024-11-01 18:42:00+05:30,70.65,70.75,70.05,70.35,34275,1927625,13.390859,24312.95,24600.0,24600,ATM+6,CALL,24300,2024-11-01
2024-11-01 18:43:00+05:30,70.4,70.8,67.25,69.45,79975,1904175,13.484008,24306.25,24600.0,24600,ATM+6,CALL,24300,2024-11-01
2024-11-01 18:44:00+05:30,69.15,70.2,69.15,69.3,54500,1904175,13.493,24305.4,24600.0,24600,ATM+6,CALL,24300,2024-11-01
2024-11-01 18:45:00+05:30,69.1,70.15,69.1,69.35,44225,1904175,13.628014,24300.55,24600.0,24600,ATM+6,CALL,24300,2024-11-01
2024-11-01 18:46:00+05:30,69.45,69.55,68.7,69.2,43950,1922325,13.693949,24297.55,24600.0,24600,ATM+6,CALL,24300,2024-11-01
2024-11-01 18:47:00+05:30,69.35,69.35,67.8,68.55,74950,1922325,13.666785,24296.2,24600.0,24600,ATM+6,CALL,24300,2024-11-01
2024-11-01 18:48:00+05:30,68.6,69.2,68.05,69.2,44775,1922325,13.690506,24297.75,24600.0,24600,ATM+6,CALL,24300,2024-11-01
2024-11-01 18:49:00+05:30,69.2,69.6,68.95,69.6,24725,1925000,13.708074,24298.6,24600.0,24600,ATM+6,CALL,24300,2024-11-01
2024-11-01 18:50:00+05:30,69.5,69.5,67.45,67.55,63825,1925000,13.757991,24289.1,24600.0,24600,ATM+6,CALL,24300,2024-11-01
2024-11-01 18:51:00+05:30,67.4,68.35,67.35,68.35,56900,1925000,13.694447,24294.55,24600.0,24600,ATM+6,CALL,24300,2024-11-01
2024-11-01 18:52:00+05:30,68.5,69.0,68.15,69.0,46925,1938125,13.656023,24298.45,24600.0,24600,ATM+6,CALL,24300,2024-11-01
2024-11-01 18:53:00+05:30,68.9,70.5,68.7,70.5,61925,1938125,13.679737,24303.1,24600.0,24600,ATM+6,CALL,24300,2024-11-01
2024-11-01 18:54:00+05:30,70.75,70.75,68.8,68.8,53650,1938125,13.737629,24294.7,24600.0,24600,ATM+6,CALL,24300,2024-11-01
2024-11-01 18:55:00+05:30,69.3,69.45,67.9,68.0,89775,1932375,13.6742,24294.15,24600.0,24600,ATM+6,CALL,24300,2024-11-01
2024-11-01 18:56:00+05:30,68.3,68.5,68.0,68.0,35550,1932375,13.631542,24295.8,24600.0,24600,ATM+6,CALL,24300,2024-11-01
2024-11-01 18:57:00+05:30,67.95,68.1,66.95,66.95,60700,1932375,13.549808,24295.0,24600.0,24600,ATM+6,CALL,24300,2024-11-01
2024-11-01 18:58:00+05:30,67.1,67.9,66.8,67.75,49225,1957775,13.627214,24295.1,24600.0,24600,ATM+6,CALL,24300,2024-11-01
2024-11-01 18:59:00+05:30,67.65,67.75,64.4,64.4,79500,1957775,13.152782,24300.55,24600.0,24600,ATM+6,CALL,24300,2024-11-01
2024-11-01 18:00:00+05:30,400.0,424.35,396.8,410.0,9500,535700,22.096514,24320.9,24600.0,24600,ATM+6,PUT,24300,2024-11-01
2024-11-01 18:01:00+05:30,448.65,448.65,432.95,432.95,475,20475,22.122759,24336.25,24650.0,24600,ATM+6,PUT,24300,2024-11-01
2024-11-01 18:02:00+05:30,432.95,432.95,432.2,432.2,50,20475,22.306682,24340.65,24650.0,24600,ATM+6,PUT,24300,2024-11-01
2024-11-01 18:03:00+05:30,433.35,433.35,426.5,426.5,100,20475,22.365487,24350.55,24650.0,24600,ATM+6,PUT,24300,2024-11-01
2024-11-01 18:04:00+05:30,426.5,439.7,425.25,433.15,275,20950,22.486471,24342.35,24650.0,24600,ATM+6,PUT,24300,2024-11-01
2024-11-01 18:05:00+05:30,433.15,439.85,431.2,436.95,725,20950,22.475562,24336.25,24650.0,24600,ATM+6,PUT,24300,2024-11-01
2024-11-01 18:06:00+05:30,434.95,434.95,433.9,433.9,125,20950,22.020391,24332.9,24650.0,24600,ATM+6,PUT,24300,2024-11-01
2024-11-01 18:07:00+05:30,434.5,437.2,434.5,436.2,250,20950,22.074237,24330.3,24650.0,24600,ATM+6,PUT,24300,2024-11-01
2024-11-01 18:08:00+05:30,436.2,436.35,434.55,434.55,350,21225,22.856206,24346.75,24650.0,24600,ATM+6,PUT,24300,2024-11-01
2024-11-01 18:09:00+05:30,434.55,434.55,422.0,428.1,1025,21225,22.282598,24346.45,24650.0,24600,ATM+6,PUT,24300,2024-11-01
2024-11-01 18:10:00+05:30,428.1,428.1,422.95,422.95,350,22000,22.198838,24352.95,24650.0,24600,ATM+6,PUT,24300,2024-11-01
2024-11-01 18:11:00+05:30,421.35,423.25,419.05,423.25,450,22000,22.05656,24349.9,24650.0,24600,ATM+6,PUT,24300,2024-11-01
2024-11-01 18:12:00+05:30,423.25,424.45,423.15,424.45,50,22000,22.418684,24354.55,24650.0,24600,ATM+6,PUT,24300,2024-11-01
2024-11-01 18:13:00+05:30,424.45,424.45,419.0,419.0,175,22425,22.210894,24359.3,24650.0,24600,ATM+6,PUT,24300,2024-11-01
2024-11-01 18:14:00+05:30,419.0,426.5,419.0,426.5,225,22425,22.277243,24348.75,24650.0,24600,ATM+6,PUT,24300,2024-11-01
2024-11-01 18:15:00+05:30,426.5,432.35,424.7,428.15,525,22425,22.198243,24344.75,24650.0,24600,ATM+6,PUT,24300,2024-11-01
2024-11-01 18:16:00+05:30,428.15,428.15,425.55,425.55,25,22650,22.263752,24349.95,24650.0,24600,ATM+6,PUT,24300,2024-11-01
2024-11-01 18:17:00+05:30,425.55,426.1,422.15,426.1,325,22650,21.895432,24342.5,24650.0,24600,ATM+6,PUT,24300,2024-11-01
2024-11-01 18:18:00+05:30,425.55,436.1,425.55,436.1,1625,22650,22.267947,24333.65,24650.0,24600,ATM+6,PUT,24300,2024-11-01
2024-11-01 18:19:00+05:30,435.3,436.9,435.3,436.9,75,22750,22.179431,24330.85,24650.0,24600,ATM+6,PUT,24300,2024-11-01
2024-11-01 18:20:00+05:30,430.55,430.55,425.95,425.95,175,22750,21.649747,24338.35,24650.0,24600,ATM+6,PUT,24300,2024-11-01
2024-11-01 18:21:00+05:30,425.95,427.3,425.95,427.3,125,22750,21.700455,24337.15,24650.0,24600,ATM+6,PUT,24300,2024-11-01
2024-11-01 18:22:00+05:30,427.3,435.1,427.3,434.6,850,22925,21.888856,24329.25,24650.0,24600,ATM+6,PUT,24300,2024-11-01
2024-11-01 18:23:00+05:30,434.6,434.6,431.85,431.85,125,22925,21.601514,24328.45,24650.0,24600,ATM+6,PUT,24300,2024-11-01
2024-11-01 18:24:00+05:30,431.85,432.8,430.0,432.8,75,22925,21.850681,24331.3,24650.0,24600,ATM+6,PUT,24300,2024-11-01
2024-11-01 18:25:00+05:30,432.8,432.8,431.15,432.45,100,22500,21.682471,24328.9,24650.0,24600,ATM+6,PUT,24300,2024-11-01
2024-11-01 18:26:00+05:30,432.45,432.45,416.5,416.5,150,22500,20.992958,24341.25,24650.0,24600,ATM+6,PUT,24300,2024-11-01
2024-11-01 18:27:00+05:30,416.5,422.3,416.5,422.3,75,22500,20.974576,24332.1,24650.0,24600,ATM+6,PUT,24300,2024-11-01
2024-11-01 18:28:00+05:30,422.3,429.0,422.3,428.7,875,22625,21.325461,24328.4,24650.0,24600,ATM+6,PUT,24300,2024-11-01
2024-11-01 18:29:00+05:30,428.7,429.75,428.0,428.0,675,22625,21.170866,24326.8,24650.0,24600,ATM+6,PUT,24300,2024-11-01
2024-11-01 18:30:00+05:30,428.0,428.0,426.2,426.2,1100,22625,21.185155,24329.75,24650.0,24600,ATM+6,PUT,24300,2024-11-01
2024-11-01 18:31:00+05:30,426.2,426.2,425.0,425.0,150,22200,21.006656,24328.5,24650.0,24600,ATM+6,PUT,24300,2024-11-01
2024-11-01 18:32:00+05:30,425.0,430.45,425.0,430.45,375,22200,21.571143,24329.9,24650.0,24600,ATM+6,PUT,24300,2024-11-01
2024-11-01 18:33:00+05:30,430.45,430.45,427.4,428.05,150,22200,21.354531,24329.8,24650.0,24600,ATM+6,PUT,24300,2024-11-01
2024-11-01 18:35:00+05:30,428.05,428.05,426.05,426.05,25,22150,21.159221,24329.45,24650.0,24600,ATM+6,PUT,24300,2024-11-01
2024-11-01 18:36:00+05:30,426.05,427.0,420.25,423.0,150,22150,20.963274,24330.7,24650.0,24600,ATM+6,PUT,24300,2024-11-01
2024-11-01 18:37:00+05:30,386.9,390.75,385.9,389.4,1600,557425,20.483154,24323.2,24600.0,24600,ATM+6,PUT,24300,2024-11-01
2024-11-01 18:38:00+05:30,389.1,389.95,388.0,389.95,625,557425,20.381339,24320.5,24600.0,24600,ATM+6,PUT,24300,2024-11-01
2024-11-01 18:39:00+05:30,389.95,389.95,388.6,388.6,550,557425,20.217169,24319.65,24600.0,24600,ATM+6,PUT,24300,2024-11-01
2024-11-01 18:40:00+05:30,389.9,392.3,387.45,392.05,1600,557375,20.344406,24316.55,24600.0,24600,ATM+6,PUT,24300,2024-11-01
2024-11-01 18:41:00+05:30,392.05,394.0,390.2,390.35,2800,557375,20.078109,24314.45,24600.0,24600,ATM+6,PUT,24300,2024-11-01
2024-11-01 18:42:00+05:30,390.55,392.0,390.55,390.95,1675,557375,20.046244,24312.95,24600.0,24600,ATM+6,PUT,24300,2024-11-01
2024-11-01 18:43:00+05:30,390.95,395.05,390.95,395.05,2225,557525,20.023407,24306.25,24600.0,24600,ATM+6,PUT,24300,2024-11-01
2024-11-01 18:44:00+05:30,392.9,394.5,392.5,393.6,1250,557525,19.84745,24305.4,24600.0,24600,ATM+6,PUT,24300,2024-11-01
2024-11-01 18:45:00+05:30,393.8,394.45,392.15,393.3,750,557525,19.538942,24300.55,24600.0,24600,ATM+6,PUT,24300,2024-11-01
2024-11-01 18:46:00+05:30,393.3,394.85,392.95,393.7,2525,558225,19.398422,24297.55,24600.0,24600,ATM+6,PUT,24300,2024-11-01
2024-11-01 18:47:00+05:30,394.0,394.0,389.25,390.25,1175,558225,19.010678,24296.2,24600.0,24600,ATM+6,PUT,24300,2024-11-01
2024-11-01 18:48:00+05:30,391.0,392.85,390.0,390.0,1250,558225,19.081819,24297.75,24600.0,24600,ATM+6,PUT,24300,2024-11-01
2024-11-01 18:49:00+05:30,390.6,390.6,389.1,390.35,2075,557775,19.164558,24298.6,24600.0,24600,ATM+6,PUT,24300,2024-11-01
2024-11-01 18:50:00+05:30,390.35,391.05,389.6,391.0,1425,557775,18.650744,24289.1,24600.0,24600,ATM+6,PUT,24300,2024-11-01
2024-11-01 18:51:00+05:30,391.0,392.8,391.0,391.7,625,557775,19.045021,24294.55,24600.0,24600,ATM+6,PUT,24300,2024-11-01
2024-11-01 18:52:00+05:30,391.7,392.0,390.75,391.3,775,558100,19.242993,24298.45,24600.0,24600,ATM+6,PUT,24300,2024-11-01
2024-11-01 18:53:00+05:30,390.5,390.5,384.45,384.45,1525,558100,18.90885,24303.1,24600.0,24600,ATM+6,PUT,24300,2024-11-01
2024-11-01 18:54:00+05:30,384.2,391.4,384.2,391.0,3775,558100,18.993774,24294.7,24600.0,24600,ATM+6,PUT,24300,2024-11-01
2024-11-01 18:55:00+05:30,391.0,393.0,390.35,391.7,2500,556600,19.024355,24294.15,24600.0,24600,ATM+6,PUT,24300,2024-11-01
2024-11-01 18:56:00+05:30,391.7,392.0,391.15,391.15,5725,556600,19.074931,24295.8,24600.0,24600,ATM+6,PUT,24300,2024-11-01
2024-11-01 18:57:00+05:30,391.15,392.95,389.9,391.8,4725,556600,19.086069,24295.0,24600.0,24600,ATM+6,PUT,24300,2024-11-01
2024-11-01 18:58:00+05:30,391.85,391.95,390.15,390.65,4750,555600,18.989783,24295.1,24600.0,24600,ATM+6,PUT,24300,2024-11-01
2024-11-01 18:59:00+05:30,390.15,391.45,389.15,391.0,7075,555600,19.346683,24300.55,24600.0,24600,ATM+6,PUT,24300,2024-11-01
2024-11-01 18:00:00+05:30,74.0,74.95,55.0,73.0,104475,306300,14.695545,24320.9,24650.0,24650,ATM+7,CALL,24300,2024-11-01
2024-11-01 18:01:00+05:30,59.65,60.0,58.2,58.55,197800,2260000,14.073553,24336.25,24700.0,24650,ATM+7,CALL,24300,2024-11-01
2024-11-01 18:02:00+05:30,58.55,59.3,58.05,58.8,176725,2260000,13.992413,24340.65,24700.0,24650,ATM+7,CALL,24300,2024-11-01
2024-11-01 18:03:00+05:30,58.9,58.9,58.0,58.15,100225,2260000,13.680149,24350.55,24700.0,24650,ATM+7,CALL,24300,2024-11-01
2024-11-01 18:04:00+05:30,58.15,58.45,53.7,55.65,146850,2289250,13.618626,24342.35,24700.0,24650,ATM+7,CALL,24300,2024-11-01
2024-11-01 18:05:00+05:30,55.2,55.55,48.65,51.6,169375,2289250,13.330427,24336.25,24700.0,24650,ATM+7,CALL,24300,2024-11-01
2024-11-01 18:06:00+05:30,52.0,53.65,52.0,53.1,102225,2289250,13.575438,24332.9,24700.0,24650,ATM+7,CALL,24300,2024-11-01
2024-11-01 18:07:00+05:30,52.6,52.95,50.45,51.0,97850,2289000,13.409026,24330.3,24700.0,24650,ATM+7,CALL,24300,2024-11-01
2024-11-01 18:08:00+05:30,51.0,53.95,50.55,53.85,95925,2289000,13.322416,24346.75,24700.0,24650,ATM+7,CALL,24300,2024-11-01
2024-11-01 18:09:00+05:30,54.05,56.25,54.05,54.5,163825,2289000,13.400191,24346.45,24700.0,24650,ATM+7,CALL,24300,2024-11-01
2024-11-01 18:10:00+05:30,54.5,56.25,54.5,55.75,76300,2256900,13.374573,24352.95,24700.0,24650,ATM+7,CALL,24300,2024-11-01
2024-11-01 18:11:00+05:30,55.9,56.25,54.2,54.4,109800,2256900,13.306983,24349.9,24700.0,24650,ATM+7,CALL,24300,2024-11-01
2024-11-01 18:12:00+05:30,55.05,55.4,54.5,55.1,54225,2256900,13.268215,24354.55,24700.0,24650,ATM+7,CALL,24300,2024-11-01
2024-11-01 18:13:00+05:30,55.1,56.5,54.7,56.1,77825,2298600,13.257422,24359.3,24700.0,24650,ATM+7,CALL,24300,2024-11-01
2024-11-01 18:14:00+05:30,56.25,56.5,52.65,53.15,105850,2298600,13.203983,24348.75,24700.0,24650,ATM+7,CALL,24300,2024-11-01
2024-11-01 18:15:00+05:30,53.45,54.5,51.2,52.45,111800,2298600,13.226616,24344.75,24700.0,24650,ATM+7,CALL,24300,2024-11-01
2024-11-01 18:16:00+05:30,52.15,54.0,52.15,53.7,41050,2289850,13.235464,24349.95,24700.0,24650,ATM+7,CALL,24300,2024-11-01
2024-11-01 18:17:00+05:30,54.35,54.6,52.35,52.95,76525,2289850,13.336972,24342.5,24700.0,24650,ATM+7,CALL,24300,2024-11-01
2024-11-01 18:18:00+05:30,52.85,52.95,49.7,49.7,84700,2289850,13.195418,24333.65,24700.0,24650,ATM+7,CALL,24300,2024-11-01
2024-11-01 18:19:00+05:30,49.55,50.25,48.75,49.7,95250,2302225,13.263019,24330.85,24700.0,24650,ATM+7,CALL,24300,2024-11-01
2024-11-01 18:20:00+05:30,49.9,52.4,49.9,52.0,47900,2302225,13.336959,24338.35,24700.0,24650,ATM+7,CALL,24300,2024-11-01
2024-11-01 18:21:00+05:30,52.2,52.25,51.2,51.25,22425,2302225,13.284855,24337.15,24700.0,24650,ATM+7,CALL,24300,2024-11-01
2024-11-01 18:22:00+05:30,51.0,51.0,48.75,49.35,74850,2297925,13.264875,24329.25,24700.0,24650,ATM+7,CALL,24300,2024-11-01
2024-11-01 18:23:00+05:30,49.8,49.9,49.05,49.85,47525,2297925,13.340369,24328.45,24700.0,24650,ATM+7,CALL,24300,2024-11-01
2024-11-01 18:24:00+05:30,49.8,50.6,49.75,50.45,46625,2297925,13.339758,24331.3,24700.0,24650,ATM+7,CALL,24300,2024-11-01
2024-11-01 18:25:00+05:30,50.4,50.55,49.5,49.75,29950,2329675,13.320347,24328.9,24700.0,24650,ATM+7,CALL,24300,2024-11-01
2024-11-01 18:26:00+05:30,49.6,52.35,49.3,52.35,80900,2329675,13.310358,24341.25,24700.0,24650,ATM+7,CALL,24300,2024-11-01
2024-11-01 18:27:00+05:30,52.45,52.8,51.2,51.35,85400,2329675,13.422453,24332.1,24700.0,24650,ATM+7,CALL,24300,2024-11-01
2024-11-01 18:28:00+05:30,51.25,51.25,49.55,49.6,66475,2324825,13.318257,24328.4,24700.0,24650,ATM+7,CALL,24300,2024-11-01
2024-11-01 18:29:00+05:30,49.75,50.7,48.4,50.15,93500,2324825,13.41836,24326.8,24700.0,24650,ATM+7,CALL,24300,2024-11-01
2024-11-01 18:30:00+05:30,50.25,51.05,50.2,50.8,45000,2324825,13.420854,24329.75,24700.0,24650,ATM+7,CALL,24300,2024-11-01
2024-11-01 18:31:00+05:30,50.6,50.65,49.6,50.3,28200,2325050,13.396292,24328.5,24700.0,24650,ATM+7,CALL,24300,2024-11-01
2024-11-01 18:32:00+05:30,50.45,50.45,48.65,49.5,57275,2325050,13.275033,24329.9,24700.0,24650,ATM+7,CALL,24300,2024-11-01
2024-11-01 18:33:00+05:30,49.6,49.95,49.3,49.7,49525,2325050,13.300534,24329.8,24700.0,24650,ATM+7,CALL,24300,2024-11-01
2024-11-01 18:34:00+05:30,49.5,49.65,49.15,49.3,45525,2359275,13.267647,24329.35,24700.0,24650,ATM+7,CALL,24300,2024-11-01
2024-11-01 18:35:00+05:30,49.3,49.35,48.85,48.95,52350,2359275,13.227148,24329.45,24700.0,24650,ATM+7,CALL,24300,2024-11-01
2024-11-01 18:36:00+05:30,48.85,49.8,48.05,48.95,80200,2359275,13.198349,24330.7,24700.0,24650,ATM+7,CALL,24300,2024-11-01
2024-11-01 18:37:00+05:30,60.75,60.85,58.75,59.75,25025,358975,13.339309,24323.2,24650.0,24650,ATM+7,CALL,24300,2024-11-01
2024-11-01 18:38:00+05:30,59.75,60.05,59.35,59.6,35125,358975,13.393123,24320.5,24650.0,24650,ATM+7,CALL,24300,2024-11-01
2024-11-01 18:39:00+05:30,59.35,59.5,58.0,58.0,16000,358975,13.249994,24319.65,24650.0,24650,ATM+7,CALL,24300,2024-11-01
2024-11-01 18:40:00+05:30,58.05,59.35,56.9,57.45,29500,364700,13.271487,24316.55,24650.0,24650,ATM+7,CALL,24300,2024-11-01
2024-11-01 18:41:00+05:30,57.45,57.45,55.65,57.0,47900,364700,13.277923,24314.45,24650.0,24650,ATM+7,CALL,24300,2024-11-01
2024-11-01 18:42:00+05:30,56.95,57.55,56.8,57.2,10450,364700,13.337232,24312.95,24650.0,24650,ATM+7,CALL,24300,2024-11-01
2024-11-01 18:43:00+05:30,57.05,57.45,54.4,56.3,36875,349075,13.410287,24306.25,24650.0,24650,ATM+7,CALL,24300,2024-11-01
2024-11-01 18:44:00+05:30,56.1,56.85,56.1,56.1,28325,349075,13.411124,24305.4,24650.0,24650,ATM+7,CALL,24300,2024-11-01
2024-11-01 18:45:00+05:30,56.1,57.05,56.1,56.35,12100,349075,13.558611,24300.55,24650.0,24650,ATM+7,CALL,24300,2024-11-01
2024-11-01 18:46:00+05:30,56.5,56.6,55.8,56.25,15800,355250,13.623039,24297.55,24650.0,24650,ATM+7,CALL,24300,2024-11-01
2024-11-01 18:47:00+05:30,56.2,56.25,54.9,55.8,28075,355250,13.609284,24296.2,24650.0,24650,ATM+7,CALL,24300,2024-11-01
2024-11-01 18:48:00+05:30,55.65,56.15,55.2,56.15,23000,355250,13.609295,24297.75,24650.0,24650,ATM+7,CALL,24300,2024-11-01
2024-11-01 18:49:00+05:30,56.1,56.5,55.85,56.25,10575,346325,13.599864,24298.6,24650.0,24650,ATM+7,CALL,24300,2024-11-01
2024-11-01 18:50:00+05:30,56.35,56.35,54.5,54.8,18500,346325,13.679011,24289.1,24650.0,24650,ATM+7,CALL,24300,2024-11-01
2024-11-01 18:51:00+05:30,54.75,55.4,54.5,55.35,17400,346325,13.605434,24294.55,24650.0,24650,ATM+7,CALL,24300,2024-11-01
2024-11-01 18:52:00+05:30,55.4,55.95,55.2,55.65,18925,349275,13.54241,24298.45,24650.0,24650,ATM+7,CALL,24300,2024-11-01
2024-11-01 18:53:00+05:30,55.65,57.3,55.65,57.3,25675,349275,13.603253,24303.1,24650.0,24650,ATM+7,CALL,24300,2024-11-01
2024-11-01 18:54:00+05:30,57.3,57.5,56.0,56.0,13150,349275,13.674044,24294.7,24650.0,24650,ATM+7,CALL,24300,2024-11-01
2024-11-01 18:55:00+05:30,56.4,56.55,55.0,55.3,23150,350550,13.613581,24294.15,24650.0,24650,ATM+7,CALL,24300,2024-11-01
2024-11-01 18:56:00+05:30,55.1,55.7,54.9,55.25,17350,350550,13.568578,24295.8,24650.0,24650,ATM+7,CALL,24300,2024-11-01
2024-11-01 18:57:00+05:30,55.1,55.45,54.3,54.5,19525,350550,13.508646,24295.0,24650.0,24650,ATM+7,CALL,24300,2024-11-01
2024-11-01 18:58:00+05:30,54.3,54.75,54.0,54.65,31900,356600,13.523233,24295.1,24650.0,24650,ATM+7,CALL,24300,2024-11-01
2024-11-01 18:59:00+05:30,54.6,54.6,51.95,51.95,36275,356600,13.099515,24300.55,24650.0,24650,ATM+7,CALL,24300,2024-11-01
2024-11-01 18:00:00+05:30,444.45,448.65,438.85,448.65,1150,19700,22.619793,24320.9,24650.0,24650,ATM+7,PUT,24300,2024-11-01
2024-11-01 18:01:00+05:30,483.75,487.7,466.9,470.85,10525,227100,22.509174,24336.25,24700.0,24650,ATM+7,PUT,24300,2024-11-01
2024-11-01 18:02:00+05:30,470.85,472.2,467.05,470.35,2675,227100,22.72937,24340.65,24700.0,24650,ATM+7,PUT,24300,2024-11-01
2024-11-01 18:03:00+05:30,470.35,470.35,459.15,460.3,4225,227100,22.424162,24350.55,24700.0,24650,ATM+7,PUT,24300,2024-11-01
2024-11-01 18:04:00+05:30,460.3,474.1,460.3,473.05,4800,231900,23.072683,24342.35,24700.0,24650,ATM+7,PUT,24300,2024-11-01
2024-11-01 18:05:00+05:30,471.6,478.35,468.15,475.3,2775,231900,22.911401,24336.25,24700.0,24650,ATM+7,PUT,24300,2024-11-01
2024-11-01 18:06:00+05:30,475.3,475.3,468.7,470.5,4275,231900,22.279895,24332.9,24700.0,24650,ATM+7,PUT,24300,2024-11-01
2024-11-01 18:07:00+05:30,470.5,474.55,470.5,473.9,1500,233050,22.428705,24330.3,24700.0,24650,ATM+7,PUT,24300,2024-11-01
2024-11-01 18:08:00+05:30,474.0,474.0,460.0,460.0,2825,233050,22.176543,24346.75,24700.0,24650,ATM+7,PUT,24300,2024-11-01
2024-11-01 18:09:00+05:30,460.0,465.85,459.15,465.85,4825,233050,22.680892,24346.45,24700.0,24650,ATM+7,PUT,24300,2024-11-01
2024-11-01 18:10:00+05:30,465.85,465.85,455.45,456.2,1900,234275,22.209171,24352.95,24700.0,24650,ATM+7,PUT,24300,2024-11-01
2024-11-01 18:11:00+05:30,456.2,461.75,456.2,461.75,1150,234275,22.522855,24349.9,24700.0,24650,ATM+7,PUT,24300,2024-11-01
2024-11-01 18:12:00+05:30,461.75,461.75,457.15,458.8,175,234275,22.536329,24354.55,24700.0,24650,ATM+7,PUT,24300,2024-11-01
2024-11-01 18:13:00+05:30,458.7,460.55,455.0,456.85,1250,234200,22.642822,24359.3,24700.0,24650,ATM+7,PUT,24300,2024-11-01
2024-11-01 18:14:00+05:30,456.85,465.0,456.85,465.0,1025,234200,22.746659,24348.75,24700.0,24650,ATM+7,PUT,24300,2024-11-01
2024-11-01 18:15:00+05:30,462.85,468.5,462.0,468.5,1825,234200,22.822151,24344.75,24700.0,24650,ATM+7,PUT,24300,2024-11-01
2024-11-01 18:16:00+05:30,468.5,468.5,460.45,460.45,600,234050,22.415473,24349.95,24700.0,24650,ATM+7,PUT,24300,2024-11-01
2024-11-01 18:17:00+05:30,460.0,464.0,459.0,464.0,1025,234050,22.288511,24342.5,24700.0,24650,ATM+7,PUT,24300,2024-11-01
2024-11-01 18:18:00+05:30,464.0,472.0,464.0,472.0,2175,234050,22.472802,24333.65,24700.0,24650,ATM+7,PUT,24300,2024-11-01
2024-11-01 18:19:00+05:30,472.0,474.3,471.65,471.65,2400,234325,22.271734,24330.85,24700.0,24650,ATM+7,PUT,24300,2024-11-01
2024-11-01 18:20:00+05:30,470.0,470.0,463.2,464.4,1750,234325,22.076678,24338.35,24700.0,24650,ATM+7,PUT,24300,2024-11-01
2024-11-01 18:21:00+05:30,464.4,468.35,464.3,466.45,1475,234325,22.189221,24337.15,24700.0,24650,ATM+7,PUT,24300,2024-11-01
2024-11-01 18:22:00+05:30,466.45,472.65,466.0,470.3,1500,234875,22.054451,24329.25,24700.0,24650,ATM+7,PUT,24300,2024-11-01
2024-11-01 18:23:00+05:30,469.6,471.7,469.0,471.35,10725,234875,22.101277,24328.45,24700.0,24650,ATM+7,PUT,24300,2024-11-01
2024-11-01 18:24:00+05:30,471.35,471.35,468.05,469.05,325,234875,22.069465,24331.3,24700.0,24650,ATM+7,PUT,24300,2024-11-01
2024-11-01 18:25:00+05:30,469.05,470.2,468.85,469.85,275,235075,21.995085,24328.9,24700.0,24650,ATM+7,PUT,24300,2024-11-01
2024-11-01 18:26:00+05:30,469.85,469.85,451.85,454.9,1225,235075,21.402866,24341.25,24700.0,24650,ATM+7,PUT,24300,2024-11-01
2024-11-01 18:28:00+05:30,454.9,466.15,454.9,466.15,775,235075,21.630694,24328.4,24700.0,24650,ATM+7,PUT,24300,2024-11-01
2024-11-01 18:29:00+05:30,466.15,470.0,466.15,466.85,1550,235075,21.595571,24326.8,24700.0,24650,ATM+7,PUT,24300,2024-11-01
2024-11-01 18:30:00+05:30,466.95,466.95,462.15,462.15,550,235075,21.352144,24329.75,24700.0,24650,ATM+7,PUT,24300,2024-11-01
2024-11-01 18:31:00+05:30,462.15,465.0,462.15,463.0,175,235000,21.352382,24328.5,24700.0,24650,ATM+7,PUT,24300,2024-11-01
2024-11-01 18:32:00+05:30,463.0,469.8,463.0,465.05,1425,235000,21.627882,24329.9,24700.0,24650,ATM+7,PUT,24300,2024-11-01
2024-11-01 18:33:00+05:30,465.05,465.6,463.8,463.8,325,235000,21.508741,24329.8,24700.0,24650,ATM+7,PUT,24300,2024-11-01
2024-11-01 18:34:00+05:30,464.95,464.95,463.8,463.8,250,235350,21.481602,24329.35,24700.0,24650,ATM+7,PUT,24300,2024-11-01
2024-11-01 18:35:00+05:30,463.8,464.8,463.8,464.8,100,235350,21.580015,24329.45,24700.0,24650,ATM+7,PUT,24300,2024-11-01
2024-11-01 18:36:00+05:30,464.8,464.8,462.0,462.95,1000,235350,21.490341,24330.7,24700.0,24650,ATM+7,PUT,24300,2024-11-01
2024-11-01 18:39:00+05:30,423.0,428.0,423.0,428.0,75,22075,20.756595,24319.65,24650.0,24650,ATM+7,PUT,24300,2024-11-01
2024-11-01 18:40:00+05:30,428.0,429.75,426.25,429.75,500,22150,20.728115,24316.55,24650.0,24650,ATM+7,PUT,24300,2024-11-01
2024-11-01 18:41:00+05:30,429.75,430.0,429.25,430.0,125,22150,20.624643,24314.45,24650.0,24650,ATM+7,PUT,24300,2024-11-01
2024-11-01 18:42:00+05:30,430.0,430.0,427.9,427.9,25,22150,20.344973,24312.95,24650.0,24650,ATM+7,PUT,24300,2024-11-01
2024-11-01 18:43:00+05:30,427.9,432.85,427.9,432.5,200,22050,20.350706,24306.25,24650.0,24650,ATM+7,PUT,24300,2024-11-01
2024-11-01 18:44:00+05:30,432.5,432.7,432.35,432.35,175,22050,20.285374,24305.4,24650.0,24650,ATM+7,PUT,24300,2024-11-01
2024-11-01 18:45:00+05:30,432.35,432.35,431.7,431.7,75,22050,19.923676,24300.55,24650.0,24650,ATM+7,PUT,24300,2024-11-01
2024-11-01 18:46:00+05:30,431.7,431.7,430.6,430.6,75,22125,19.632922,24297.55,24650.0,24650,ATM+7,PUT,24300,2024-11-01
2024-11-01 18:47:00+05:30,430.6,430.6,429.2,429.2,500,22125,19.417667,24296.2,24650.0,24650,ATM+7,PUT,24300,2024-11-01
2024-11-01 18:48:00+05:30,429.2,429.8,427.05,427.05,50,22125,19.319055,24297.75,24650.0,24650,ATM+7,PUT,24300,2024-11-01
2024-11-01 18:49:00+05:30,427.05,427.05,426.5,426.5,25,22125,19.323648,24298.6,24650.0,24650,ATM+7,PUT,24300,2024-11-01
2024-11-01 18:50:00+05:30,426.5,427.95,426.5,426.85,150,22050,18.735554,24289.1,24650.0,24650,ATM+7,PUT,24300,2024-11-01
2024-11-01 18:53:00+05:30,426.85,426.85,423.2,423.2,125,21950,19.310315,24303.1,24650.0,24650,ATM+7,PUT,24300,2024-11-01
2024-11-01 18:54:00+05:30,423.2,429.25,421.5,429.25,175,21950,19.331295,24294.7,24650.0,24650,ATM+7,PUT,24300,2024-11-01
2024-11-01 18:55:00+05:30,429.25,429.5,429.0,429.0,325,21775,19.273184,24294.15,24650.0,24650,ATM+7,PUT,24300,2024-11-01
2024-11-01 18:56:00+05:30,429.0,430.15,429.0,429.95,525,21775,19.469055,24295.8,24650.0,24650,ATM+7,PUT,24300,2024-11-01
2024-11-01 18:57:00+05:30,429.95,430.35,429.95,430.35,275,21775,19.455423,24295.0,24650.0,24650,ATM+7,PUT,24300,2024-11-01
2024-11-01 18:58:00+05:30,430.35,430.35,427.3,427.3,75,21550,19.179071,24295.1,24650.0,24650,ATM+7,PUT,24300,2024-11-01
2024-11-01 18:59:00+05:30,427.3,427.95,426.1,427.95,1050,21550,19.590996,24300.55,24650.0,24650,ATM+7,PUT,24300,2024-11-01
2024-11-01 18:00:00+05:30,57.75,64.95,51.05,60.1,322775,2186325,14.614264,24320.9,24700.0,24700,ATM+8,CALL,24300,2024-11-01
2024-11-01 18:01:00+05:30,50.2,50.2,48.2,48.5,70425,689250,14.127147,24336.25,24750.0,24700,ATM+8,CALL,24300,2024-11-01
2024-11-01 18:02:00+05:30,48.35,49.0,47.7,48.45,45375,689250,14.020509,24340.65,24750.0,24700,ATM+8,CALL,24300,2024-11-01
2024-11-01 18:03:00+05:30,48.15,48.3,47.5,47.7,37500,689250,13.705849,24350.55,24750.0,24700,ATM+8,CALL,24300,2024-11-01
2024-11-01 18:04:00+05:30,47.7,48.0,43.6,45.35,57650,726075,13.623618,24342.35,24750.0,24700,ATM+8,CALL,24300,2024-11-01
2024-11-01 18:05:00+05:30,45.05,45.2,39.4,41.7,58300,726075,13.329277,24336.25,24750.0,24700,ATM+8,CALL,24300,2024-11-01
2024-11-01 18:06:00+05:30,42.15,43.8,41.95,43.2,67825,726075,13.585891,24332.9,24750.0,24700,ATM+8,CALL,24300,2024-11-01
2024-11-01 18:07:00+05:30,42.8,43.1,40.8,41.35,32825,750775,13.422116,24330.3,24750.0,24700,ATM+8,CALL,24300,2024-11-01
2024-11-01 18:08:00+05:30,41.5,43.9,41.15,43.9,30125,750775,13.35644,24346.75,24750.0,24700,ATM+8,CALL,24300,2024-11-01
2024-11-01 18:09:00+05:30,44.0,45.9,44.0,44.2,60300,750775,13.399481,24346.45,24750.0,24700,ATM+8,CALL,24300,2024-11-01
2024-11-01 18:10:00+05:30,44.6,45.9,44.45,45.2,47700,767275,13.368293,24352.95,24750.0,24700,ATM+8,CALL,24300,2024-11-01
2024-11-01 18:11:00+05:30,45.4,45.9,44.05,44.2,45350,767275,13.322426,24349.9,24750.0,24700,ATM+8,CALL,24300,2024-11-01
2024-11-01 18:12:00+05:30,44.2,45.1,44.15,44.9,24275,767275,13.298414,24354.55,24750.0,24700,ATM+8,CALL,24300,2024-11-01
2024-11-01 18:13:00+05:30,44.9,46.0,44.7,45.8,49700,802650,13.2939,24359.3,24750.0,24700,ATM+8,CALL,24300,2024-11-01
2024-11-01 18:14:00+05:30,46.0,46.0,42.45,42.85,59850,802650,13.192206,24348.75,24750.0,24700,ATM+8,CALL,24300,2024-11-01
2024-11-01 18:15:00+05:30,43.3,44.35,41.45,42.7,41550,802650,13.266089,24344.75,24750.0,24700,ATM+8,CALL,24300,2024-11-01
2024-11-01 18:16:00+05:30,42.5,44.0,42.3,43.65,17800,809750,13.261113,24349.95,24750.0,24700,ATM+8,CALL,24300,2024-11-01
2024-11-01 18:17:00+05:30,44.0,44.5,42.3,42.8,23025,809750,13.330779,24342.5,24750.0,24700,ATM+8,CALL,24300,2024-11-01
2024-11-01 18:18:00+05:30,42.75,42.85,40.05,40.2,41050,809750,13.216762,24333.65,24750.0,24700,ATM+8,CALL,24300,2024-11-01
2024-11-01 18:19:00+05:30,40.15,40.55,39.2,40.05,33075,812350,13.261666,24330.85,24750.0,24700,ATM+8,CALL,24300,2024-11-01
2024-11-01 18:20:00+05:30,41.0,42.3,40.8,42.1,31650,812350,13.34351,24338.35,24750.0,24700,ATM+8,CALL,24300,2024-11-01
2024-11-01 18:21:00+05:30,42.25,42.25,41.3,41.35,19450,812350,13.280977,24337.15,24750.0,24700,ATM+8,CALL,24300,2024-11-01
2024-11-01 18:22:00+05:30,40.9,40.9,39.25,39.9,15250,821125,13.281482,24329.25,24750.0,24700,ATM+8,CALL,24300,2024-11-01
2024-11-01 18:23:00+05:30,40.15,40.3,39.55,40.15,14825,821125,13.33094,24328.45,24750.0,24700,ATM+8,CALL,24300,2024-11-01
2024-11-01 18:24:00+05:30,40.15,40.8,40.05,40.75,8300,821125,13.341801,24331.3,24750.0,24700,ATM+8,CALL,24300,2024-11-01
2024-11-01 18:25:00+05:30,40.5,40.85,39.75,40.0,22525,820850,13.304243,24328.9,24750.0,24700,ATM+8,CALL,24300,2024-11-01
2024-11-01 18:26:00+05:30,39.8,42.3,39.7,42.2,40375,820850,13.295377,24341.25,24750.0,24700,ATM+8,CALL,24300,2024-11-01
2024-11-01 18:27:00+05:30,42.25,42.75,41.05,41.25,27150,820850,13.387515,24332.1,24750.0,24700,ATM+8,CALL,24300,2024-11-01
2024-11-01 18:28:00+05:30,41.25,41.4,39.7,39.7,39350,828725,13.281034,24328.4,24750.0,24700,ATM+8,CALL,24300,2024-11-01
2024-11-01 18:29:00+05:30,39.85,40.7,38.7,40.4,42800,828725,13.403782,24326.8,24750.0,24700,ATM+8,CALL,24300,2024-11-01
2024-11-01 18:30:00+05:30,40.3,41.15,40.3,40.85,23525,828725,13.394022,24329.75,24750.0,24700,ATM+8,CALL,24300,2024-11-01
2024-11-01 18:31:00+05:30,40.85,40.85,39.8,40.3,16450,836575,13.355394,24328.5,24750.0,24700,ATM+8,CALL,24300,2024-11-01
2024-11-01 18:32:00+05:30,40.55,40.55,38.85,39.6,21800,836575,13.238893,24329.9,24750.0,24700,ATM+8,CALL,24300,2024-11-01
2024-11-01 18:33:00+05:30,39.6,40.05,39.45,39.95,13625,836575,13.285156,24329.8,24750.0,24700,ATM+8,CALL,24300,2024-11-01
2024-11-01 18:34:00+05:30,39.95,39.95,39.45,39.6,8750,832725,13.252888,24329.35,24750.0,24700,ATM+8,CALL,24300,2024-11-01
2024-11-01 18:35:00+05:30,39.6,39.65,38.9,39.15,69375,832725,13.195865,24329.45,24750.0,24700,ATM+8,CALL,24300,2024-11-01
2024-11-01 18:36:00+05:30,38.9,40.2,38.25,38.9,51625,832725,13.138019,24330.7,24750.0,24700,ATM+8,CALL,24300,2024-11-01
2024-11-01 18:37:00+05:30,48.85,49.1,47.0,47.55,95350,2387350,13.219453,24323.2,24700.0,24700,ATM+8,CALL,24300,2024-11-01
2024-11-01 18:38:00+05:30,47.6,48.0,47.4,47.55,53875,2387350,13.283859,24320.5,24700.0,24700,ATM+8,CALL,24300,2024-11-01
2024-11-01 18:39:00+05:30,47.35,47.6,46.1,46.1,58400,2387350,13.13959,24319.65,24700.0,24700,ATM+8,CALL,24300,2024-11-01
2024-11-01 18:40:00+05:30,46.35,47.45,45.15,45.65,83300,2382950,13.161161,24316.55,24700.0,24700,ATM+8,CALL,24300,2024-11-01
2024-11-01 18:41:00+05:30,45.55,46.0,44.1,45.5,126575,2382950,13.193629,24314.45,24700.0,24700,ATM+8,CALL,24300,2024-11-01
2024-11-01 18:42:00+05:30,45.75,45.9,45.2,45.55,39175,2382950,13.235147,24312.95,24700.0,24700,ATM+8,CALL,24300,2024-11-01
2024-11-01 18:43:00+05:30,45.55,45.85,43.15,44.8,70350,2356350,13.304186,24306.25,24700.0,24700,ATM+8,CALL,24300,2024-11-01
2024-11-01 18:44:00+05:30,44.8,45.45,44.7,44.7,39125,2356350,13.313023,24305.4,24700.0,24700,ATM+8,CALL,24300,2024-11-01
2024-11-01 18:45:00+05:30,44.6,45.5,44.6,44.8,58275,2356350,13.437411,24300.55,24700.0,24700,ATM+8,CALL,24300,2024-11-01
2024-11-01 18:46:00+05:30,44.9,45.0,44.3,44.75,57700,2353900,13.501475,24297.55,24700.0,24700,ATM+8,CALL,24300,2024-11-01
2024-11-01 18:47:00+05:30,44.65,44.8,43.55,44.35,76025,2353900,13.48627,24296.2,24700.0,24700,ATM+8,CALL,24300,2024-11-01
2024-11-01 18:48:00+05:30,44.15,44.65,43.95,44.55,43075,2353900,13.475159,24297.75,24700.0,24700,ATM+8,CALL,24300,2024-11-01
2024-11-01 18:49:00+05:30,44.55,45.1,44.3,45.1,60550,2367300,13.521109,24298.6,24700.0,24700,ATM+8,CALL,24300,2024-11-01
2024-11-01 18:50:00+05:30,44.9,44.9,43.5,43.6,65100,2367300,13.56235,24289.1,24700.0,24700,ATM+8,CALL,24300,2024-11-01
2024-11-01 18:51:00+05:30,43.6,44.15,43.3,44.15,50200,2367300,13.504076,24294.55,24700.0,24700,ATM+8,CALL,24300,2024-11-01
2024-11-01 18:52:00+05:30,44.1,44.85,44.1,44.8,64750,2353875,13.492076,24298.45,24700.0,24700,ATM+8,CALL,24300,2024-11-01
2024-11-01 18:53:00+05:30,44.8,45.9,44.6,45.9,83175,2353875,13.514125,24303.1,24700.0,24700,ATM+8,CALL,24300,2024-11-01
2024-11-01 18:54:00+05:30,45.8,45.95,44.6,44.6,75450,2353875,13.556539,24294.7,24700.0,24700,ATM+8,CALL,24300,2024-11-01
2024-11-01 18:55:00+05:30,44.7,45.1,43.95,44.1,94850,2344200,13.510939,24294.15,24700.0,24700,ATM+8,CALL,24300,2024-11-01
2024-11-01 18:56:00+05:30,44.15,44.45,43.8,44.0,43475,2344200,13.462201,24295.8,24700.0,24700,ATM+8,CALL,24300,2024-11-01
2024-11-01 18:57:00+05:30,44.0,44.15,43.2,43.45,61950,2344200,13.416149,24295.0,24700.0,24700,ATM+8,CALL,24300,2024-11-01
2024-11-01 18:58:00+05:30,43.15,43.7,43.15,43.35,49175,2304875,13.402869,24295.1,24700.0,24700,ATM+8,CALL,24300,2024-11-01
2024-11-01 18:59:00+05:30,43.55,43.55,41.0,42.0,94125,2304875,13.118428,24300.55,24700.0,24700,ATM+8,CALL,24300,2024-11-01
2024-11-01 18:00:00+05:30,498.0,498.0,469.45,483.75,17100,225425,22.735221,24320.9,24700.0,24700,ATM+8,PUT,24300,2024-11-01
2024-11-01 18:01:00+05:30,520.0,526.05,520.0,521.4,50,15400,23.963913,24336.25,24750.0,24700,ATM+8,PUT,24300,2024-11-01
2024-11-01 18:02:00+05:30,521.4,521.4,509.85,511.75,150,15450,23.359963,24340.65,24750.0,24700,ATM+8,PUT,24300,2024-11-01
2024-11-01 18:03:00+05:30,511.75,511.75,500.25,500.25,175,15450,22.932662,24350.55,24750.0,24700,ATM+8,PUT,24300,2024-11-01
2024-11-01 18:04:00+05:30,500.25,504.85,500.25,504.85,25,15450,22.836953,24342.35,24750.0,24700,ATM+8,PUT,24300,2024-11-01
2024-11-01 18:05:00+05:30,504.85,511.8,504.85,511.8,50,15600,23.088675,24336.25,24750.0,24700,ATM+8,PUT,24300,2024-11-01
2024-11-01 18:06:00+05:30,511.8,513.0,511.8,513.0,25,15600,22.985794,24332.9,24750.0,24700,ATM+8,PUT,24300,2024-11-01
2024-11-01 18:07:00+05:30,513.0,514.45,513.0,514.45,200,15650,22.953438,24330.3,24750.0,24700,ATM+8,PUT,24300,2024-11-01
2024-11-01 18:08:00+05:30,514.45,516.1,511.15,511.15,450,15650,23.693268,24346.75,24750.0,24700,ATM+8,PUT,24300,2024-11-01
2024-11-01 18:09:00+05:30,511.15,511.15,498.65,498.65,325,15650,22.533022,24346.45,24750.0,24700,ATM+8,PUT,24300,2024-11-01
2024-11-01 18:10:00+05:30,498.65,503.4,498.65,500.75,150,15600,23.135644,24352.95,24750.0,24700,ATM+8,PUT,24300,2024-11-01
2024-11-01 18:11:00+05:30,500.75,501.0,497.05,501.0,100,15600,22.968768,24349.9,24750.0,24700,ATM+8,PUT,24300,2024-11-01
2024-11-01 18:12:00+05:30,501.0,502.0,500.0,500.0,1450,15600,23.169106,24354.55,24750.0,24700,ATM+8,PUT,24300,2024-11-01
2024-11-01 18:13:00+05:30,500.0,500.65,495.25,495.25,50,16000,23.033507,24359.3,24750.0,24700,ATM+8,PUT,24300,2024-11-01
2024-11-01 18:14:00+05:30,495.25,500.9,495.25,500.9,125,16000,22.890438,24348.75,24750.0,24700,ATM+8,PUT,24300,2024-11-01
2024-11-01 18:15:00+05:30,500.9,508.75,500.9,508.75,550,16000,23.357559,24344.75,24750.0,24700,ATM+8,PUT,24300,2024-11-01
2024-11-01 18:16:00+05:30,508.75,508.75,502.45,502.45,125,15925,23.109555,24349.95,24750.0,24700,ATM+8,PUT,24300,2024-11-01
2024-11-01 18:17:00+05:30,502.45,502.45,502.45,502.45,125,15925,22.639005,24342.5,24750.0,24700,ATM+8,PUT,24300,2024-11-01
2024-11-01 18:18:00+05:30,502.45,512.35,502.45,512.35,725,15925,22.986519,24333.65,24750.0,24700,ATM+8,PUT,24300,2024-11-01
2024-11-01 18:19:00+05:30,512.35,512.9,512.35,512.55,125,15800,22.825276,24330.85,24750.0,24700,ATM+8,PUT,24300,2024-11-01
2024-11-01 18:20:00+05:30,504.7,508.05,504.7,508.05,150,15800,22.893037,24338.35,24750.0,24700,ATM+8,PUT,24300,2024-11-01
2024-11-01 18:23:00+05:30,508.05,510.8,508.05,510.8,50,15775,22.509819,24328.45,24750.0,24700,ATM+8,PUT,24300,2024-11-01
2024-11-01 18:26:00+05:30,510.8,510.8,493.9,494.2,100,15775,21.801544,24341.25,24750.0,24700,ATM+8,PUT,24300,2024-11-01
2024-11-01 18:28:00+05:30,494.2,507.25,494.2,507.25,50,15825,22.178995,24328.4,24750.0,24700,ATM+8,PUT,24300,2024-11-01
2024-11-01 18:29:00+05:30,507.25,510.6,506.2,506.2,400,15825,21.974792,24326.8,24750.0,24700,ATM+8,PUT,24300,2024-11-01
2024-11-01 18:30:00+05:30,506.2,506.2,504.4,504.4,25,15825,22.002653,24329.75,24750.0,24700,ATM+8,PUT,24300,2024-11-01
2024-11-01 18:31:00+05:30,504.4,505.75,504.4,505.75,50,15875,22.047597,24328.5,24750.0,24700,ATM+8,PUT,24300,2024-11-01
2024-11-01 18:32:00+05:30,505.75,510.0,505.75,510.0,250,15875,22.539302,24329.9,24750.0,24700,ATM+8,PUT,24300,2024-11-01
2024-11-01 18:33:00+05:30,510.0,510.0,505.0,505.0,50,15875,22.065341,24329.8,24750.0,24700,ATM+8,PUT,24300,2024-11-01
2024-11-01 18:34:00+05:30,503.85,505.2,503.75,503.75,1200,16000,21.918785,24329.35,24750.0,24700,ATM+8,PUT,24300,2024-11-01
2024-11-01 18:35:00+05:30,504.1,504.95,503.4,504.65,2125,16000,22.011166,24329.45,24750.0,24700,ATM+8,PUT,24300,2024-11-01
2024-11-01 18:36:00+05:30,504.65,504.65,503.15,503.15,850,16000,21.954064,24330.7,24750.0,24700,ATM+8,PUT,24300,2024-11-01
2024-11-01 18:37:00+05:30,462.95,465.0,460.0,465.0,325,235350,21.206753,24323.2,24700.0,24700,ATM+8,PUT,24300,2024-11-01
2024-11-01 18:38:00+05:30,465.0,465.0,462.05,464.0,675,235350,20.94285,24320.5,24700.0,24700,ATM+8,PUT,24300,2024-11-01
2024-11-01 18:39:00+05:30,464.5,464.5,463.0,464.1,150,235350,20.898333,24319.65,24700.0,24700,ATM+8,PUT,24300,2024-11-01
2024-11-01 18:40:00+05:30,464.2,468.45,462.55,465.05,875,235375,20.786872,24316.55,24700.0,24700,ATM+8,PUT,24300,2024-11-01
2024-11-01 18:41:00+05:30,465.05,469.1,464.75,464.75,1200,235375,20.622837,24314.45,24700.0,24700,ATM+8,PUT,24300,2024-11-01
2024-11-01 18:42:00+05:30,464.75,466.85,464.75,466.0,375,235375,20.642264,24312.95,24700.0,24700,ATM+8,PUT,24300,2024-11-01
2024-11-01 18:43:00+05:30,466.0,471.0,466.0,470.45,1050,235625,20.618424,24306.25,24700.0,24700,ATM+8,PUT,24300,2024-11-01
2024-11-01 18:44:00+05:30,470.45,470.45,468.5,470.1,550,235625,20.529785,24305.4,24700.0,24700,ATM+8,PUT,24300,2024-11-01
2024-11-01 18:45:00+05:30,470.0,470.0,465.7,469.0,1175,235625,20.099549,24300.55,24700.0,24700,ATM+8,PUT,24300,2024-11-01
2024-11-01 18:46:00+05:30,469.0,471.45,469.0,469.6,2350,236825,19.952527,24297.55,24700.0,24700,ATM+8,PUT,24300,2024-11-01
2024-11-01 18:47:00+05:30,468.55,469.9,465.85,465.85,2500,236825,19.498278,24296.2,24700.0,24700,ATM+8,PUT,24300,2024-11-01
2024-11-01 18:48:00+05:30,465.85,468.3,465.85,467.8,1075,236825,19.795096,24297.75,24700.0,24700,ATM+8,PUT,24300,2024-11-01
2024-11-01 18:49:00+05:30,467.8,467.8,464.25,465.8,350,237550,19.662212,24298.6,24700.0,24700,ATM+8,PUT,24300,2024-11-01
2024-11-01 18:50:00+05:30,465.8,469.2,465.25,469.2,2225,237550,19.325529,24289.1,24700.0,24700,ATM+8,PUT,24300,2024-11-01
2024-11-01 18:51:00+05:30,469.2,469.2,466.75,466.75,75,237550,19.47317,24294.55,24700.0,24700,ATM+8,PUT,24300,2024-11-01
2024-11-01 18:52:00+05:30,466.75,467.95,466.05,466.05,300,237550,19.678415,24298.45,24700.0,24700,ATM+8,PUT,24300,2024-11-01
2024-11-01 18:53:00+05:30,466.05,466.95,459.05,459.05,2225,237550,19.326919,24303.1,24700.0,24700,ATM+8,PUT,24300,2024-11-01
2024-11-01 18:54:00+05:30,459.05,466.1,459.05,466.0,3500,237550,19.413305,24294.7,24700.0,24700,ATM+8,PUT,24300,2024-11-01
2024-11-01 18:55:00+05:30,466.0,468.45,464.8,468.0,2550,238325,19.569703,24294.15,24700.0,24700,ATM+8,PUT,24300,2024-11-01
2024-11-01 18:56:00+05:30,466.25,467.75,466.25,467.15,6850,238325,19.603626,24295.8,24700.0,24700,ATM+8,PUT,24300,2024-11-01
2024-11-01 18:57:00+05:30,467.15,468.95,466.3,468.2,2400,238325,19.650216,24295.0,24700.0,24700,ATM+8,PUT,24300,2024-11-01
2024-11-01 18:58:00+05:30,467.85,467.95,465.8,465.8,725,236700,19.425283,24295.1,24700.0,24700,ATM+8,PUT,24300,2024-11-01
2024-11-01 18:59:00+05:30,465.8,468.7,464.35,468.7,3300,236700,20.083041,24300.55,24700.0,24700,ATM+8,PUT,24300,2024-11-01
2024-11-01 18:00:00+05:30,50.0,55.35,42.4,50.15,155075,617825,14.671487,24320.9,24750.0,24750,ATM+9,CALL,24300,2024-11-01
2024-11-01 18:01:00+05:30,40.2,40.2,39.0,39.0,163100,4162025,14.064074,24336.25,24800.0,24750,ATM+9,CALL,24300,2024-11-01
2024-11-01 18:02:00+05:30,38.85,39.55,38.4,39.1,114650,4162025,13.982238,24340.65,24800.0,24750,ATM+9,CALL,24300,2024-11-01
2024-11-01 18:03:00+05:30,38.85,38.85,38.3,38.55,95925,4162025,13.697764,24350.55,24800.0,24750,ATM+9,CALL,24300,2024-11-01
2024-11-01 18:04:00+05:30,38.5,38.5,35.0,36.25,133100,4194325,13.579522,24342.35,24800.0,24750,ATM+9,CALL,24300,2024-11-01
2024-11-01 18:05:00+05:30,36.1,36.2,31.2,33.45,139625,4194325,13.338394,24336.25,24800.0,24750,ATM+9,CALL,24300,2024-11-01
2024-11-01 18:06:00+05:30,33.5,34.9,33.4,34.3,99225,4194325,13.524491,24332.9,24800.0,24750,ATM+9,CALL,24300,2024-11-01
2024-11-01 18:07:00+05:30,34.05,34.3,32.35,33.05,68150,4234600,13.411135,24330.3,24800.0,24750,ATM+9,CALL,24300,2024-11-01
2024-11-01 18:08:00+05:30,32.9,35.0,32.7,35.0,61025,4234600,13.324902,24346.75,24800.0,24750,ATM+9,CALL,24300,2024-11-01
2024-11-01 18:09:00+05:30,35.0,36.7,35.0,35.35,143800,4234600,13.378245,24346.45,24800.0,24750,ATM+9,CALL,24300,2024-11-01
2024-11-01 18:10:00+05:30,35.4,36.7,35.4,36.15,79375,4320050,13.343992,24352.95,24800.0,24750,ATM+9,CALL,24300,2024-11-01
2024-11-01 18:11:00+05:30,36.25,36.55,35.0,35.2,96850,4320050,13.286484,24349.9,24800.0,24750,ATM+9,CALL,24300,2024-11-01
2024-11-01 18:12:00+05:30,35.75,36.0,35.5,35.9,45150,4320050,13.278872,24354.55,24800.0,24750,ATM+9,CALL,24300,2024-11-01
2024-11-01 18:13:00+05:30,35.95,36.95,35.3,36.75,74725,4347725,13.286849,24359.3,24800.0,24750,ATM+9,CALL,24300,2024-11-01
2024-11-01 18:14:00+05:30,36.75,36.8,33.75,34.25,123475,4347725,13.188403,24348.75,24800.0,24750,ATM+9,CALL,24300,2024-11-01
2024-11-01 18:15:00+05:30,34.7,35.7,33.0,33.8,96575,4347725,13.214405,24344.75,24800.0,24750,ATM+9,CALL,24300,2024-11-01
2024-11-01 18:16:00+05:30,33.95,35.0,33.75,34.75,45175,4362825,13.230648,24349.95,24800.0,24750,ATM+9,CALL,24300,2024-11-01
2024-11-01 18:17:00+05:30,35.4,35.45,33.6,34.0,122850,4362825,13.290632,24342.5,24800.0,24750,ATM+9,CALL,24300,2024-11-01
2024-11-01 18:18:00+05:30,34.0,34.0,31.7,31.75,113650,4362825,13.172388,24333.65,24800.0,24750,ATM+9,CALL,24300,2024-11-01
2024-11-01 18:19:00+05:30,31.8,32.1,31.1,31.65,98125,4355575,13.217887,24330.85,24800.0,24750,ATM+9,CALL,24300,2024-11-01
2024-11-01 18:20:00+05:30,32.6,33.7,32.45,33.4,88325,4355575,13.300555,24338.35,24800.0,24750,ATM+9,CALL,24300,2024-11-01
2024-11-01 18:21:00+05:30,33.5,33.55,32.8,32.8,58675,4355575,13.245447,24337.15,24800.0,24750,ATM+9,CALL,24300,2024-11-01
2024-11-01 18:22:00+05:30,32.55,32.55,31.0,31.4,63225,4373650,13.219164,24329.25,24800.0,24750,ATM+9,CALL,24300,2024-11-01
2024-11-01 18:23:00+05:30,31.75,31.8,31.15,31.5,49450,4373650,13.250603,24328.45,24800.0,24750,ATM+9,CALL,24300,2024-11-01
2024-11-01 18:24:00+05:30,31.5,32.4,31.5,32.1,71500,4373650,13.275024,24331.3,24800.0,24750,ATM+9,CALL,24300,2024-11-01
2024-11-01 18:25:00+05:30,32.1,32.35,31.55,31.55,63650,4379600,13.249934,24328.9,24800.0,24750,ATM+9,CALL,24300,2024-11-01
2024-11-01 18:26:00+05:30,31.5,33.45,31.3,33.45,87950,4379600,13.251274,24341.25,24800.0,24750,ATM+9,CALL,24300,2024-11-01
2024-11-01 18:27:00+05:30,33.3,33.75,32.45,32.5,89025,4379600,13.315875,24332.1,24800.0,24750,ATM+9,CALL,24300,2024-11-01
2024-11-01 18:28:00+05:30,32.6,32.7,31.2,31.2,68225,4377850,13.214244,24328.4,24800.0,24750,ATM+9,CALL,24300,2024-11-01
2024-11-01 18:29:00+05:30,31.25,32.3,30.6,31.95,107300,4377850,13.352748,24326.8,24800.0,24750,ATM+9,CALL,24300,2024-11-01
2024-11-01 18:30:00+05:30,31.85,32.45,31.8,32.25,39700,4377850,13.333415,24329.75,24800.0,24750,ATM+9,CALL,24300,2024-11-01
2024-11-01 18:31:00+05:30,32.1,32.2,31.55,32.0,26425,4388025,13.325935,24328.5,24800.0,24750,ATM+9,CALL,24300,2024-11-01
2024-11-01 18:32:00+05:30,32.0,32.0,30.6,31.25,50125,4388025,13.19351,24329.9,24800.0,24750,ATM+9,CALL,24300,2024-11-01
2024-11-01 18:33:00+05:30,31.15,31.5,31.0,31.3,62775,4388025,13.203432,24329.8,24800.0,24750,ATM+9,CALL,24300,2024-11-01
2024-11-01 18:34:00+05:30,31.45,31.45,31.05,31.05,26900,4373700,13.178796,24329.35,24800.0,24750,ATM+9,CALL,24300,2024-11-01
2024-11-01 18:35:00+05:30,31.15,31.15,30.65,30.75,67350,4373700,13.135599,24329.45,24800.0,24750,ATM+9,CALL,24300,2024-11-01
2024-11-01 18:36:00+05:30,30.7,31.3,30.0,30.55,92000,4373700,13.082467,24330.7,24800.0,24750,ATM+9,CALL,24300,2024-11-01
2024-11-01 18:37:00+05:30,39.0,39.05,37.2,37.8,30975,812200,13.166871,24323.2,24750.0,24750,ATM+9,CALL,24300,2024-11-01
2024-11-01 18:38:00+05:30,37.8,38.15,37.6,37.65,17625,812200,13.208098,24320.5,24750.0,24750,ATM+9,CALL,24300,2024-11-01
2024-11-01 18:39:00+05:30,37.7,37.8,36.35,36.35,27725,812200,13.062077,24319.65,24750.0,24750,ATM+9,CALL,24300,2024-11-01
2024-11-01 18:40:00+05:30,36.65,37.55,35.75,36.1,37125,807250,13.098314,24316.55,24750.0,24750,ATM+9,CALL,24300,2024-11-01
2024-11-01 18:41:00+05:30,35.9,36.05,34.7,35.9,55050,807250,13.118998,24314.45,24750.0,24750,ATM+9,CALL,24300,2024-11-01
2024-11-01 18:42:00+05:30,35.95,36.3,35.75,35.95,19225,807250,13.158877,24312.95,24750.0,24750,ATM+9,CALL,24300,2024-11-01
2024-11-01 18:43:00+05:30,36.0,36.3,34.3,34.9,73350,796500,13.167618,24306.25,24750.0,24750,ATM+9,CALL,24300,2024-11-01
2024-11-01 18:44:00+05:30,35.6,35.95,35.4,35.4,39600,796500,13.252368,24305.4,24750.0,24750,ATM+9,CALL,24300,2024-11-01
2024-11-01 18:45:00+05:30,35.25,36.25,35.2,35.55,21125,796500,13.377438,24300.55,24750.0,24750,ATM+9,CALL,24300,2024-11-01
2024-11-01 18:46:00+05:30,35.4,35.6,35.0,35.35,18000,810550,13.416576,24297.55,24750.0,24750,ATM+9,CALL,24300,2024-11-01
2024-11-01 18:47:00+05:30,35.45,35.45,34.25,35.0,32075,810550,13.40021,24296.2,24750.0,24750,ATM+9,CALL,24300,2024-11-01
2024-11-01 18:48:00+05:30,35.0,35.3,34.7,35.15,13525,810550,13.387675,24297.75,24750.0,24750,ATM+9,CALL,24300,2024-11-01
2024-11-01 18:49:00+05:30,35.25,35.5,34.9,35.5,19750,794550,13.416423,24298.6,24750.0,24750,ATM+9,CALL,24300,2024-11-01
2024-11-01 18:50:00+05:30,35.45,35.45,34.25,34.5,30650,794550,13.48817,24289.1,24750.0,24750,ATM+9,CALL,24300,2024-11-01
2024-11-01 18:51:00+05:30,34.3,34.8,34.05,34.8,11275,794550,13.412604,24294.55,24750.0,24750,ATM+9,CALL,24300,2024-11-01
2024-11-01 18:52:00+05:30,34.8,35.4,34.7,35.3,13100,790050,13.395992,24298.45,24750.0,24750,ATM+9,CALL,24300,2024-11-01
2024-11-01 18:53:00+05:30,35.3,36.3,35.2,36.15,16750,790050,13.407968,24303.1,24750.0,24750,ATM+9,CALL,24300,2024-11-01
2024-11-01 18:54:00+05:30,36.15,36.4,35.5,35.5,31050,790050,13.504791,24294.7,24750.0,24750,ATM+9,CALL,24300,2024-11-01
2024-11-01 18:55:00+05:30,35.3,35.7,34.7,34.75,59600,805100,13.418092,24294.15,24750.0,24750,ATM+9,CALL,24300,2024-11-01
2024-11-01 18:56:00+05:30,34.85,35.15,34.65,34.8,16625,805100,13.390289,24295.8,24750.0,24750,ATM+9,CALL,24300,2024-11-01
2024-11-01 18:57:00+05:30,34.6,34.75,33.65,34.0,40975,805100,13.301574,24295.0,24750.0,24750,ATM+9,CALL,24300,2024-11-01
2024-11-01 18:58:00+05:30,33.85,34.5,33.85,34.4,38875,774475,13.353808,24295.1,24750.0,24750,ATM+9,CALL,24300,2024-11-01
2024-11-01 18:59:00+05:30,34.4,34.5,32.5,32.5,74450,774475,12.983214,24300.55,24750.0,24750,ATM+9,CALL,24300,2024-11-01
2024-11-01 18:00:00+05:30,520.0,520.0,520.0,520.0,25,15400,22.850357,24320.9,24750.0,24750,ATM+9,PUT,24300,2024-11-01
2024-11-01 18:01:00+05:30,558.85,564.85,546.7,550.0,4450,135175,23.322815,24336.25,24800.0,24750,ATM+9,PUT,24300,2024-11-01
2024-11-01 18:02:00+05:30,550.0,553.4,548.2,550.75,225,135175,23.692031,24340.65,24800.0,24750,ATM+9,PUT,24300,2024-11-01
2024-11-01 18:03:00+05:30,548.25,548.25,540.0,541.3,4225,135175,23.463507,24350.55,24800.0,24750,ATM+9,PUT,24300,2024-11-01
2024-11-01 18:04:00+05:30,541.3,556.35,541.3,553.0,1075,135175,24.019258,24342.35,24800.0,24750,ATM+9,PUT,24300,2024-11-01
2024-11-01 18:05:00+05:30,553.0,556.4,550.0,556.4,850,135175,23.933901,24336.25,24800.0,24750,ATM+9,PUT,24300,2024-11-01
2024-11-01 18:06:00+05:30,556.4,556.4,553.0,553.0,525,135175,23.385589,24332.9,24800.0,24750,ATM+9,PUT,24300,2024-11-01
2024-11-01 18:07:00+05:30,553.0,556.4,551.75,555.0,725,135575,23.399742,24330.3,24800.0,24750,ATM+9,PUT,24300,2024-11-01
2024-11-01 18:08:00+05:30,555.0,555.0,550.0,550.0,1350,135575,24.033252,24346.75,24800.0,24750,ATM+9,PUT,24300,2024-11-01
2024-11-01 18:09:00+05:30,550.0,550.0,540.0,541.85,425,135575,23.247756,24346.45,24800.0,24750,ATM+9,PUT,24300,2024-11-01
2024-11-01 18:10:00+05:30,541.85,545.9,539.95,539.95,250,135475,23.50335,24352.95,24800.0,24750,ATM+9,PUT,24300,2024-11-01
2024-11-01 18:11:00+05:30,539.95,543.95,537.0,542.0,1650,135475,23.494637,24349.9,24800.0,24750,ATM+9,PUT,24300,2024-11-01
2024-11-01 18:12:00+05:30,542.0,542.0,538.5,538.5,725,135475,23.475346,24354.55,24800.0,24750,ATM+9,PUT,24300,2024-11-01
2024-11-01 18:13:00+05:30,538.5,540.95,536.65,538.15,1175,136450,23.755412,24359.3,24800.0,24750,ATM+9,PUT,24300,2024-11-01
2024-11-01 18:14:00+05:30,536.0,547.75,536.0,547.75,3050,136450,23.961057,24348.75,24800.0,24750,ATM+9,PUT,24300,2024-11-01
2024-11-01 18:15:00+05:30,547.75,555.65,544.8,548.75,2500,136450,23.791272,24344.75,24800.0,24750,ATM+9,PUT,24300,2024-11-01
2024-11-01 18:16:00+05:30,548.75,548.75,542.0,542.0,50,137700,23.503303,24349.95,24800.0,24750,ATM+9,PUT,24300,2024-11-01
2024-11-01 18:17:00+05:30,542.0,542.6,541.1,541.1,100,137700,22.917225,24342.5,24800.0,24750,ATM+9,PUT,24300,2024-11-01
2024-11-01 18:18:00+05:30,541.1,555.05,541.1,555.05,850,137700,23.644688,24333.65,24800.0,24750,ATM+9,PUT,24300,2024-11-01
2024-11-01 18:19:00+05:30,554.95,556.65,554.5,554.5,75,137900,23.402268,24330.85,24800.0,24750,ATM+9,PUT,24300,2024-11-01
2024-11-01 18:20:00+05:30,548.25,548.25,546.7,546.7,975,137900,23.171292,24338.35,24800.0,24750,ATM+9,PUT,24300,2024-11-01
2024-11-01 18:21:00+05:30,546.7,548.4,546.7,548.4,475,137900,23.25262,24337.15,24800.0,24750,ATM+9,PUT,24300,2024-11-01
2024-11-01 18:22:00+05:30,548.4,552.9,548.4,552.9,25,137975,23.14163,24329.25,24800.0,24750,ATM+9,PUT,24300,2024-11-01
2024-11-01 18:23:00+05:30,552.9,553.4,550.0,553.4,3075,137975,23.135332,24328.45,24800.0,24750,ATM+9,PUT,24300,2024-11-01
2024-11-01 18:24:00+05:30,553.4,553.4,550.0,550.0,1000,137975,23.0067,24331.3,24800.0,24750,ATM+9,PUT,24300,2024-11-01
2024-11-01 18:25:00+05:30,550.0,550.8,550.0,550.8,25,141000,22.917955,24328.9,24800.0,24750,ATM+9,PUT,24300,2024-11-01
2024-11-01 18:26:00+05:30,551.85,551.85,534.95,534.95,3500,141000,22.249688,24341.25,24800.0,24750,ATM+9,PUT,24300,2024-11-01
2024-11-01 18:27:00+05:30,534.95,543.95,534.95,543.95,1275,141000,22.480974,24332.1,24800.0,24750,ATM+9,PUT,24300,2024-11-01
2024-11-01 18:28:00+05:30,543.95,549.3,542.55,549.3,2525,142450,22.740866,24328.4,24800.0,24750,ATM+9,PUT,24300,2024-11-01
2024-11-01 18:29:00+05:30,549.3,550.0,547.3,547.3,975,142450,22.434389,24326.8,24800.0,24750,ATM+9,PUT,24300,2024-11-01
2024-11-01 18:30:00+05:30,547.3,547.3,544.6,544.6,250,142450,22.381315,24329.75,24800.0,24750,ATM+9,PUT,24300,2024-11-01
2024-11-01 18:31:00+05:30,544.6,544.6,544.4,544.4,250,142450,22.274039,24328.5,24800.0,24750,ATM+9,PUT,24300,2024-11-01
2024-11-01 18:32:00+05:30,544.4,552.9,544.4,552.9,475,142400,23.197004,24329.9,24800.0,24750,ATM+9,PUT,24300,2024-11-01
2024-11-01 18:33:00+05:30,552.9,552.9,547.0,547.0,25,142400,22.621176,24329.8,24800.0,24750,ATM+9,PUT,24300,2024-11-01
2024-11-01 18:34:00+05:30,547.0,547.0,545.9,545.9,25,142400,22.483552,24329.35,24800.0,24750,ATM+9,PUT,24300,2024-11-01
2024-11-01 18:35:00+05:30,545.9,546.6,545.9,546.6,150,142250,22.559683,24329.45,24800.0,24750,ATM+9,PUT,24300,2024-11-01
2024-11-01 18:36:00+05:30,546.6,546.6,538.05,542.65,775,142250,22.264442,24330.7,24800.0,24750,ATM+9,PUT,24300,2024-11-01
2024-11-01 18:37:00+05:30,503.15,504.35,502.0,504.35,1025,19750,21.564734,24323.2,24750.0,24750,ATM+9,PUT,24300,2024-11-01
2024-11-01 18:39:00+05:30,504.35,504.35,503.7,503.8,125,19750,21.271019,24319.65,24750.0,24750,ATM+9,PUT,24300,2024-11-01
2024-11-01 18:40:00+05:30,503.8,508.15,503.8,508.15,100,19925,21.475898,24316.55,24750.0,24750,ATM+9,PUT,24300,2024-11-01
2024-11-01 18:41:00+05:30,508.15,508.25,507.55,508.25,1050,19925,21.34124,24314.45,24750.0,24750,ATM+9,PUT,24300,2024-11-01
2024-11-01 18:42:00+05:30,508.25,508.4,505.55,506.55,1100,19925,21.073136,24312.95,24750.0,24750,ATM+9,PUT,24300,2024-11-01
2024-11-01 18:43:00+05:30,506.55,512.25,506.55,509.3,300,21675,20.867789,24306.25,24750.0,24750,ATM+9,PUT,24300,2024-11-01
2024-11-01 18:44:00+05:30,509.3,510.8,508.75,510.8,750,21675,20.954926,24305.4,24750.0,24750,ATM+9,PUT,24300,2024-11-01
2024-11-01 18:45:00+05:30,510.8,510.8,510.7,510.7,25,21675,20.596474,24300.55,24750.0,24750,ATM+9,PUT,24300,2024-11-01
2024-11-01 18:46:00+05:30,510.7,510.7,509.85,510.1,75,21850,20.317587,24297.55,24750.0,24750,ATM+9,PUT,24300,2024-11-01
2024-11-01 18:47:00+05:30,510.1,510.1,505.25,506.15,50,21850,19.820317,24296.2,24750.0,24750,ATM+9,PUT,24300,2024-11-01
2024-11-01 18:48:00+05:30,507.9,508.8,507.9,508.8,50,21850,20.203983,24297.75,24750.0,24750,ATM+9,PUT,24300,2024-11-01
2024-11-01 18:50:00+05:30,508.8,508.8,506.9,506.9,175,21850,19.35516,24289.1,24750.0,24750,ATM+9,PUT,24300,2024-11-01
2024-11-01 18:52:00+05:30,506.9,508.75,506.9,508.75,25,21850,20.25423,24298.45,24750.0,24750,ATM+9,PUT,24300,2024-11-01
2024-11-01 18:53:00+05:30,508.75,508.75,501.2,501.2,125,21850,19.843411,24303.1,24750.0,24750,ATM+9,PUT,24300,2024-11-01
2024-11-01 18:54:00+05:30,501.2,506.75,501.2,506.75,25,21850,19.773368,24294.7,24750.0,24750,ATM+9,PUT,24300,2024-11-01
2024-11-01 18:55:00+05:30,506.75,509.7,506.7,509.7,350,21700,20.031489,24294.15,24750.0,24750,ATM+9,PUT,24300,2024-11-01
2024-11-01 18:56:00+05:30,509.7,509.7,508.05,509.05,500,21700,20.09052,24295.8,24750.0,24750,ATM+9,PUT,24300,2024-11-01
2024-11-01 18:57:00+05:30,509.05,509.05,507.15,507.65,275,21700,19.889804,24295.0,24750.0,24750,ATM+9,PUT,24300,2024-11-01
2024-11-01 18:58:00+05:30,507.65,509.7,507.65,508.4,125,21700,19.974058,24295.1,24750.0,24750,ATM+9,PUT,24300,2024-11-01
2024-11-01 18:59:00+05:30,508.4,508.65,507.0,508.65,1000,21650,20.404992,24300.55,24750.0,24750,ATM+9,PUT,24300,2024-11-01
2024-11-01 18:00:00+05:30,47.0,47.0,33.25,40.95,320975,4071225,14.64588,24320.9,24800.0,24800,ATM+10,CALL,24300,2024-11-01
2024-11-01 18:01:00+05:30,33.65,33.65,32.1,32.1,73550,716150,14.158055,24336.25,24850.0,24800,ATM+10,CALL,24300,2024-11-01
2024-11-01 18:02:00+05:30,32.0,32.5,31.5,31.9,39900,716150,14.040169,24340.65,24850.0,24800,ATM+10,CALL,24300,2024-11-01
2024-11-01 18:03:00+05:30,32.0,32.0,31.4,31.4,42925,716150,13.766662,24350.55,24850.0,24800,ATM+10,CALL,24300,2024-11-01
2024-11-01 18:04:00+05:30,31.3,31.55,28.45,29.8,67325,751525,13.704815,24342.35,24850.0,24800,ATM+10,CALL,24300,2024-11-01
2024-11-01 18:05:00+05:30,29.4,29.55,25.3,27.0,76375,751525,13.411323,24336.25,24850.0,24800,ATM+10,CALL,24300,2024-11-01
2024-11-01 18:06:00+05:30,27.15,28.45,27.15,27.95,31200,751525,13.622946,24332.9,24850.0,24800,ATM+10,CALL,24300,2024-11-01
2024-11-01 18:07:00+05:30,27.75,27.95,26.3,26.65,20275,769700,13.477757,24330.3,24850.0,24800,ATM+10,CALL,24300,2024-11-01
2024-11-01 18:08:00+05:30,26.6,28.3,26.55,28.3,27025,769700,13.398915,24346.75,24850.0,24800,ATM+10,CALL,24300,2024-11-01
2024-11-01 18:09:00+05:30,28.25,29.9,28.25,28.95,62150,769700,13.501781,24346.45,24850.0,24800,ATM+10,CALL,24300,2024-11-01
2024-11-01 18:10:00+05:30,28.75,29.8,28.75,29.35,43175,803775,13.429348,24352.95,24850.0,24800,ATM+10,CALL,24300,2024-11-01
2024-11-01 18:11:00+05:30,29.2,29.7,28.35,28.6,26025,803775,13.38231,24349.9,24850.0,24800,ATM+10,CALL,24300,2024-11-01
2024-11-01 18:12:00+05:30,29.1,29.15,28.75,29.05,35975,803775,13.354936,24354.55,24850.0,24800,ATM+10,CALL,24300,2024-11-01
2024-11-01 18:13:00+05:30,29.0,29.95,28.9,29.9,33500,804475,13.382072,24359.3,24850.0,24800,ATM+10,CALL,24300,2024-11-01
2024-11-01 18:14:00+05:30,29.8,29.85,27.15,27.85,41100,804475,13.297083,24348.75,24850.0,24800,ATM+10,CALL,24300,2024-11-01
2024-11-01 18:15:00+05:30,27.8,28.7,26.55,27.45,53025,804475,13.318417,24344.75,24850.0,24800,ATM+10,CALL,24300,2024-11-01
2024-11-01 18:16:00+05:30,27.55,28.25,27.15,28.1,17875,805450,13.311826,24349.95,24850.0,24800,ATM+10,CALL,24300,2024-11-01
2024-11-01 18:17:00+05:30,28.5,28.6,27.0,27.25,41700,805450,13.335081,24342.5,24850.0,24800,ATM+10,CALL,24300,2024-11-01
2024-11-01 18:18:00+05:30,27.3,27.35,25.35,25.35,38750,805450,13.21948,24333.65,24850.0,24800,ATM+10,CALL,24300,2024-11-01
2024-11-01 18:19:00+05:30,25.4,25.75,25.0,25.45,44425,818375,13.291149,24330.85,24850.0,24800,ATM+10,CALL,24300,2024-11-01
2024-11-01 18:20:00+05:30,25.85,27.0,25.85,26.75,65025,818375,13.344603,24338.35,24850.0,24800,ATM+10,CALL,24300,2024-11-01
2024-11-01 18:21:00+05:30,26.85,26.9,26.15,26.15,20600,818375,13.277255,24337.15,24850.0,24800,ATM+10,CALL,24300,2024-11-01
2024-11-01 18:22:00+05:30,25.9,25.9,24.8,25.15,60075,832300,13.278074,24329.25,24850.0,24800,ATM+10,CALL,24300,2024-11-01
2024-11-01 18:23:00+05:30,25.3,25.35,24.8,25.2,39600,832300,13.302549,24328.45,24850.0,24800,ATM+10,CALL,24300,2024-11-01
2024-11-01 18:24:00+05:30,25.1,25.75,25.1,25.6,29500,832300,13.310141,24331.3,24850.0,24800,ATM+10,CALL,24300,2024-11-01
2024-11-01 18:25:00+05:30,25.6,25.75,25.1,25.15,18000,853600,13.287573,24328.9,24850.0,24800,ATM+10,CALL,24300,2024-11-01
2024-11-01 18:26:00+05:30,25.0,26.8,24.9,26.65,34225,853600,13.276852,24341.25,24850.0,24800,ATM+10,CALL,24300,2024-11-01
2024-11-01 18:27:00+05:30,26.75,27.0,25.8,25.85,49925,853600,13.335982,24332.1,24850.0,24800,ATM+10,CALL,24300,2024-11-01
2024-11-01 18:28:00+05:30,25.8,26.0,24.75,24.75,46100,857875,13.236663,24328.4,24850.0,24800,ATM+10,CALL,24300,2024-11-01
2024-11-01 18:29:00+05:30,24.85,25.9,24.4,25.4,52900,857875,13.371769,24326.8,24850.0,24800,ATM+10,CALL,24300,2024-11-01
2024-11-01 18:30:00+05:30,25.55,25.95,25.55,25.7,25950,857875,13.361616,24329.75,24850.0,24800,ATM+10,CALL,24300,2024-11-01
2024-11-01 18:31:00+05:30,25.75,25.75,25.05,25.55,12575,868050,13.363645,24328.5,24850.0,24800,ATM+10,CALL,24300,2024-11-01
2024-11-01 18:32:00+05:30,25.45,25.55,24.2,24.6,29850,868050,13.186914,24329.9,24850.0,24800,ATM+10,CALL,24300,2024-11-01
2024-11-01 18:33:00+05:30,24.75,25.05,24.5,24.85,18825,868050,13.22945,24329.8,24850.0,24800,ATM+10,CALL,24300,2024-11-01
2024-11-01 18:34:00+05:30,24.75,24.8,24.55,24.6,13325,869300,13.199424,24329.35,24850.0,24800,ATM+10,CALL,24300,2024-11-01
2024-11-01 18:35:00+05:30,24.65,24.7,24.35,24.4,16725,869300,13.166438,24329.45,24850.0,24800,ATM+10,CALL,24300,2024-11-01
2024-11-01 18:36:00+05:30,24.3,24.7,23.6,24.2,36175,869300,13.110884,24330.7,24850.0,24800,ATM+10,CALL,24300,2024-11-01
2024-11-01 18:37:00+05:30,30.4,30.55,29.05,29.55,73250,4378500,13.096507,24323.2,24800.0,24800,ATM+10,CALL,24300,2024-11-01
2024-11-01 18:38:00+05:30,29.5,29.75,29.35,29.4,53525,4378500,13.131344,24320.5,24800.0,24800,ATM+10,CALL,24300,2024-11-01
2024-11-01 18:39:00+05:30,29.4,29.5,28.5,28.65,98200,4378500,13.04128,24319.65,24800.0,24800,ATM+10,CALL,24300,2024-11-01
2024-11-01 18:40:00+05:30,28.4,29.45,27.8,28.15,89250,4397850,13.032394,24316.55,24800.0,24800,ATM+10,CALL,24300,2024-11-01
2024-11-01 18:41:00+05:30,27.95,28.3,27.05,28.0,142525,4397850,13.053915,24314.45,24800.0,24800,ATM+10,CALL,24300,2024-11-01
2024-11-01 18:42:00+05:30,28.1,28.25,27.85,28.0,61500,4397850,13.085241,24312.95,24800.0,24800,ATM+10,CALL,24300,2024-11-01
2024-11-01 18:43:00+05:30,28.05,28.3,26.35,27.6,146750,4368075,13.162523,24306.25,24800.0,24800,ATM+10,CALL,24300,2024-11-01
2024-11-01 18:44:00+05:30,27.5,28.0,27.35,27.35,54475,4368075,13.143209,24305.4,24800.0,24800,ATM+10,CALL,24300,2024-11-01
2024-11-01 18:45:00+05:30,27.35,28.1,27.35,27.55,54525,4368075,13.271844,24300.55,24800.0,24800,ATM+10,CALL,24300,2024-11-01
2024-11-01 18:46:00+05:30,27.55,27.6,27.1,27.35,76025,4377175,13.303077,24297.55,24800.0,24800,ATM+10,CALL,24300,2024-11-01
2024-11-01 18:47:00+05:30,27.5,27.5,26.6,27.05,82550,4377175,13.285738,24296.2,24800.0,24800,ATM+10,CALL,24300,2024-11-01
2024-11-01 18:48:00+05:30,27.1,27.5,26.9,27.35,113675,4377175,13.300813,24297.75,24800.0,24800,ATM+10,CALL,24300,2024-11-01
2024-11-01 18:49:00+05:30,27.3,27.6,27.2,27.5,62975,4401150,13.307157,24298.6,24800.0,24800,ATM+10,CALL,24300,2024-11-01
2024-11-01 18:50:00+05:30,27.45,27.5,26.6,26.6,77625,4401150,13.361876,24289.1,24800.0,24800,ATM+10,CALL,24300,2024-11-01
2024-11-01 18:51:00+05:30,26.6,26.9,26.35,26.9,43500,4401150,13.299571,24294.55,24800.0,24800,ATM+10,CALL,24300,2024-11-01
2024-11-01 18:52:00+05:30,27.05,27.45,26.9,27.3,49225,4389025,13.282708,24298.45,24800.0,24800,ATM+10,CALL,24300,2024-11-01
2024-11-01 18:53:00+05:30,27.4,28.2,27.3,28.2,66500,4389025,13.324258,24303.1,24800.0,24800,ATM+10,CALL,24300,2024-11-01
2024-11-01 18:54:00+05:30,28.1,28.15,27.35,27.35,55475,4389025,13.367455,24294.7,24800.0,24800,ATM+10,CALL,24300,2024-11-01
2024-11-01 18:55:00+05:30,27.55,27.55,26.75,27.0,68475,4411300,13.326324,24294.15,24800.0,24800,ATM+10,CALL,24300,2024-11-01
2024-11-01 18:56:00+05:30,26.9,27.2,26.55,26.55,44750,4411300,13.225556,24295.8,24800.0,24800,ATM+10,CALL,24300,2024-11-01
2024-11-01 18:57:00+05:30,26.55,26.7,26.1,26.1,64800,4411300,13.173391,24295.0,24800.0,24800,ATM+10,CALL,24300,2024-11-01
2024-11-01 18:58:00+05:30,26.1,26.55,25.85,26.5,82000,4434175,13.233667,24295.1,24800.0,24800,ATM+10,CALL,24300,2024-11-01
2024-11-01 18:59:00+05:30,26.45,26.6,25.0,25.0,122950,4434175,12.894315,24300.55,24800.0,24800,ATM+10,CALL,24300,2024-11-01
2024-11-01 18:00:00+05:30,575.0,575.0,554.75,558.85,2450,135300,23.111385,24320.9,24800.0,24800,ATM+10,PUT,24300,2024-11-01
2024-11-01 18:01:00+05:30,596.4,596.4,595.35,595.35,25,15325,24.170411,24336.25,24850.0,24800,ATM+10,PUT,24300,2024-11-01
2024-11-01 18:02:00+05:30,595.35,597.2,591.3,591.3,275,15325,24.089321,24340.65,24850.0,24800,ATM+10,PUT,24300,2024-11-01
2024-11-01 18:03:00+05:30,591.3,591.3,584.9,584.9,50,15325,24.166842,24350.55,24850.0,24800,ATM+10,PUT,24300,2024-11-01
2024-11-01 18:05:00+05:30,584.9,607.0,584.9,607.0,25,15550,25.303845,24336.25,24850.0,24800,ATM+10,PUT,24300,2024-11-01
2024-11-01 18:08:00+05:30,607.0,607.0,583.55,583.55,150,15575,23.773358,24346.75,24850.0,24800,ATM+10,PUT,24300,2024-11-01
2024-11-01 18:09:00+05:30,583.55,585.45,583.55,584.45,50,15575,23.840874,24346.45,24850.0,24800,ATM+10,PUT,24300,2024-11-01
2024-11-01 18:10:00+05:30,584.45,584.45,583.15,583.15,25,15550,24.173039,24352.95,24850.0,24800,ATM+10,PUT,24300,2024-11-01
2024-11-01 18:12:00+05:30,583.15,583.75,583.15,583.15,225,15550,24.28643,24354.55,24850.0,24800,ATM+10,PUT,24300,2024-11-01
2024-11-01 18:13:00+05:30,583.15,583.15,578.2,578.2,25,15775,24.140666,24359.3,24850.0,24800,ATM+10,PUT,24300,2024-11-01
2024-11-01 18:17:00+05:30,578.2,591.4,578.2,591.4,25,15775,24.246418,24342.5,24850.0,24800,ATM+10,PUT,24300,2024-11-01
2024-11-01 18:20:00+05:30,591.4,591.6,591.4,591.6,50,15750,23.97391,24338.35,24850.0,24800,ATM+10,PUT,24300,2024-11-01
2024-11-01 18:21:00+05:30,591.6,591.6,590.4,590.4,25,15750,23.770727,24337.15,24850.0,24800,ATM+10,PUT,24300,2024-11-01
2024-11-01 18:22:00+05:30,590.4,600.45,590.4,600.25,75,15775,24.17151,24329.25,24850.0,24800,ATM+10,PUT,24300,2024-11-01
2024-11-01 18:26:00+05:30,600.25,600.25,577.35,577.35,75,15750,22.78102,24341.25,24850.0,24800,ATM+10,PUT,24300,2024-11-01
2024-11-01 18:28:00+05:30,577.35,594.35,577.35,594.35,125,15775,23.530958,24328.4,24850.0,24800,ATM+10,PUT,24300,2024-11-01
2024-11-01 18:29:00+05:30,594.35,597.95,594.35,597.95,25,15775,23.772897,24326.8,24850.0,24800,ATM+10,PUT,24300,2024-11-01
2024-11-01 18:30:00+05:30,597.95,597.95,591.9,591.9,175,15775,23.388133,24329.75,24850.0,24800,ATM+10,PUT,24300,2024-11-01
2024-11-01 18:32:00+05:30,591.9,593.4,591.9,593.4,25,15775,23.550923,24329.9,24850.0,24800,ATM+10,PUT,24300,2024-11-01
2024-11-01 18:36:00+05:30,593.4,593.4,588.3,588.85,50,15775,23.159398,24330.7,24850.0,24800,ATM+10,PUT,24300,2024-11-01
2024-11-01 18:37:00+05:30,542.65,546.75,541.65,546.75,75,142125,22.130587,24323.2,24800.0,24800,ATM+10,PUT,24300,2024-11-01
2024-11-01 18:38:00+05:30,546.75,546.75,543.55,543.55,450,142125,21.61751,24320.5,24800.0,24800,ATM+10,PUT,24300,2024-11-01
2024-11-01 18:39:00+05:30,543.55,546.65,543.55,545.5,375,142125,21.750221,24319.65,24800.0,24800,ATM+10,PUT,24300,2024-11-01
2024-11-01 18:40:00+05:30,545.5,551.35,545.1,551.35,200,142225,22.105531,24316.55,24800.0,24800,ATM+10,PUT,24300,2024-11-01
2024-11-01 18:41:00+05:30,551.35,552.25,548.5,548.55,300,142225,21.672544,24314.45,24800.0,24800,ATM+10,PUT,24300,2024-11-01
2024-11-01 18:42:00+05:30,548.55,548.85,548.55,548.75,50,142225,21.581751,24312.95,24800.0,24800,ATM+10,PUT,24300,2024-11-01
2024-11-01 18:43:00+05:30,548.75,553.2,548.75,553.2,1525,142325,21.528061,24306.25,24800.0,24800,ATM+10,PUT,24300,2024-11-01
2024-11-01 18:44:00+05:30,553.2,553.2,550.9,550.9,175,142325,21.230015,24305.4,24800.0,24800,ATM+10,PUT,24300,2024-11-01
2024-11-01 18:45:00+05:30,551.85,552.55,549.55,552.55,1275,142325,21.025492,24300.55,24800.0,24800,ATM+10,PUT,24300,2024-11-01
2024-11-01 18:46:00+05:30,553.45,553.45,550.9,550.9,1225,142550,20.618653,24297.55,24800.0,24800,ATM+10,PUT,24300,2024-11-01
2024-11-01 18:47:00+05:30,551.0,551.0,546.85,546.85,150,142550,20.083675,24296.2,24800.0,24800,ATM+10,PUT,24300,2024-11-01
2024-11-01 18:48:00+05:30,550.0,550.0,548.8,549.45,200,142550,20.484327,24297.75,24800.0,24800,ATM+10,PUT,24300,2024-11-01
2024-11-01 18:49:00+05:30,549.45,549.45,547.0,547.0,125,142550,20.295662,24298.6,24800.0,24800,ATM+10,PUT,24300,2024-11-01
2024-11-01 18:50:00+05:30,547.0,548.0,547.0,548.0,50,142550,19.620557,24289.1,24800.0,24800,ATM+10,PUT,24300,2024-11-01
2024-11-01 18:51:00+05:30,548.0,551.75,548.0,551.3,1200,142550,20.424433,24294.55,24800.0,24800,ATM+10,PUT,24300,2024-11-01
2024-11-01 18:52:00+05:30,551.3,551.3,549.9,549.9,150,141550,20.590704,24298.45,24800.0,24800,ATM+10,PUT,24300,2024-11-01
2024-11-01 18:53:00+05:30,549.9,549.9,542.0,542.0,1900,141550,20.134208,24303.1,24800.0,24800,ATM+10,PUT,24300,2024-11-01
2024-11-01 18:54:00+05:30,542.0,549.2,542.0,549.2,125,141550,20.216723,24294.7,24800.0,24800,ATM+10,PUT,24300,2024-11-01
2024-11-01 18:55:00+05:30,548.75,549.2,548.75,548.9,100,141550,20.140763,24294.15,24800.0,24800,ATM+10,PUT,24300,2024-11-01
2024-11-01 18:56:00+05:30,548.9,550.55,548.9,548.9,2400,141625,20.2759,24295.8,24800.0,24800,ATM+10,PUT,24300,2024-11-01
2024-11-01 18:57:00+05:30,548.9,550.3,548.65,550.3,1400,141625,20.360077,24295.0,24800.0,24800,ATM+10,PUT,24300,2024-11-01
2024-11-01 18:58:00+05:30,550.3,550.3,549.1,549.7,725,141625,20.305499,24295.1,24800.0,24800,ATM+10,PUT,24300,2024-11-01
2024-11-01 18:59:00+05:30,549.7,552.0,548.6,552.0,600,141625,20.980868,24300.55,24800.0,24800,ATM+10,PUT,24300,2024-11-01
