datetime,open,high,low,close,volume,oi,iv,spot,api_strike,strike,strike_label,option_type,atm,date
2024-05-07 09:15:00+05:30,20.0,20.0,14.85,18.1,222375,2997450,17.227307,22474.7,22850.0,22900,ATM+8,CALL,22500,2024-05-07
2024-05-07 09:16:00+05:30,18.05,18.15,16.9,17.45,118200,2997450,17.161114,22471.3,22850.0,22900,ATM+8,CALL,22500,2024-05-07
2024-05-07 09:17:00+05:30,17.5,17.95,17.25,17.8,168800,2997450,17.302594,22470.15,22850.0,22900,ATM+8,CALL,22500,2024-05-07
2024-05-07 09:18:00+05:30,17.8,17.8,16.6,17.3,176450,3068800,17.091629,22472.25,22850.0,22900,ATM+8,CALL,22500,2024-05-07
2024-05-07 09:19:00+05:30,17.15,17.2,16.2,16.3,177025,3068800,17.087292,22463.75,22850.0,22900,ATM+8,CALL,22500,2024-05-07
2024-05-07 09:20:00+05:30,16.4,16.65,15.65,16.5,183000,3068800,17.709556,22446.9,22850.0,22900,ATM+8,CALL,22500,2024-05-07
2024-05-07 09:21:00+05:30,16.55,16.9,15.95,15.95,189175,3070525,17.456415,22449.6,22850.0,22900,ATM+8,CALL,22500,2024-05-07
2024-05-07 09:22:00+05:30,15.95,16.95,15.75,16.85,182425,3070525,16.900546,22474.4,22850.0,22900,ATM+8,CALL,22500,2024-05-07
2024-05-07 09:23:00+05:30,12.1,13.1,12.0,12.85,228900,5287250,16.976401,22482.5,22900.0,22900,ATM+8,CALL,22500,2024-05-07
2024-05-07 09:24:00+05:30,12.8,13.0,12.35,12.4,150525,5364425,16.976284,22477.65,22900.0,22900,ATM+8,CALL,22500,2024-05-07
2024-05-07 09:25:00+05:30,12.4,12.8,12.4,12.7,89800,5364425,16.984076,22480.8,22900.0,22900,ATM+8,CALL,22500,2024-05-07
2024-05-07 09:26:00+05:30,12.75,12.75,12.2,12.5,158525,5364425,17.043353,22476.8,22900.0,22900,ATM+8,CALL,22500,2024-05-07
2024-05-07 09:27:00+05:30,12.55,13.4,12.25,13.4,194650,5372500,17.03993,22486.7,22900.0,22900,ATM+8,CALL,22500,2024-05-07
2024-05-07 09:28:00+05:30,13.3,13.45,12.65,13.45,141025,5372500,16.973241,22489.4,22900.0,22900,ATM+8,CALL,22500,2024-05-07
2024-05-07 09:29:00+05:30,13.35,13.6,13.0,13.2,157250,5372500,16.852779,22490.65,22900.0,22900,ATM+8,CALL,22500,2024-05-07
2024-05-07 09:30:00+05:30,12.95,13.55,12.75,12.8,210125,5430525,16.970653,22482.75,22900.0,22900,ATM+8,CALL,22500,2024-05-07
2024-05-07 09:31:00+05:30,12.85,12.85,12.35,12.7,140375,5430525,17.041596,22479.5,22900.0,22900,ATM+8,CALL,22500,2024-05-07
2024-05-07 09:32:00+05:30,17.6,17.6,15.45,15.7,296325,3087125,17.179951,22456.6,22850.0,22900,ATM+8,CALL,22500,2024-05-07
2024-05-07 09:33:00+05:30,15.65,16.55,15.35,16.4,137525,3118575,16.938611,22470.25,22850.0,22900,ATM+8,CALL,22500,2024-05-07
2024-05-07 09:34:00+05:30,16.35,16.55,15.8,16.3,95925,3118575,17.107287,22464.4,22850.0,22900,ATM+8,CALL,22500,2024-05-07
2024-05-07 09:35:00+05:30,16.15,16.35,15.65,15.65,110500,3118575,17.153237,22457.2,22850.0,22900,ATM+8,CALL,22500,2024-05-07
2024-05-07 09:36:00+05:30,15.5,16.0,15.45,15.95,59800,3119525,17.177623,22459.3,22850.0,22900,ATM+8,CALL,22500,2024-05-07
2024-05-07 09:37:00+05:30,15.9,16.45,15.8,16.4,51550,3119525,17.00156,22468.7,22850.0,22900,ATM+8,CALL,22500,2024-05-07
2024-05-07 09:38:00+05:30,16.4,16.4,15.55,15.75,68475,3119525,16.99826,22463.05,22850.0,22900,ATM+8,CALL,22500,2024-05-07
2024-05-07 09:39:00+05:30,15.7,15.85,15.15,15.35,107800,3112200,17.05092,22457.85,22850.0,22900,ATM+8,CALL,22500,2024-05-07
2024-05-07 09:40:00+05:30,15.35,15.45,14.25,14.85,201550,3112200,17.116411,22451.2,22850.0,22900,ATM+8,CALL,22500,2024-05-07
2024-05-07 09:41:00+05:30,14.8,15.9,14.8,15.85,72675,3112200,16.927088,22466.35,22850.0,22900,ATM+8,CALL,22500,2024-05-07
2024-05-07 09:42:00+05:30,15.85,15.85,15.25,15.5,55100,3119650,16.991304,22461.3,22850.0,22900,ATM+8,CALL,22500,2024-05-07
2024-05-07 09:43:00+05:30,15.55,15.7,15.15,15.65,22900,3119650,16.878913,22466.15,22850.0,22900,ATM+8,CALL,22500,2024-05-07
2024-05-07 09:44:00+05:30,15.5,15.8,15.25,15.8,27125,3119650,16.863744,22468.05,22850.0,22900,ATM+8,CALL,22500,2024-05-07
2024-05-07 09:45:00+05:30,15.8,15.8,15.0,15.45,59600,3122600,16.889988,22464.15,22850.0,22900,ATM+8,CALL,22500,2024-05-07
2024-05-07 09:46:00+05:30,15.45,16.05,15.45,15.95,97400,3122600,16.777418,22472.15,22850.0,22900,ATM+8,CALL,22500,2024-05-07
2024-05-07 09:47:00+05:30,11.35,11.65,11.3,11.5,101475,5515825,16.595809,22481.6,22900.0,22900,ATM+8,CALL,22500,2024-05-07
2024-05-07 09:48:00+05:30,16.3,16.5,15.0,15.35,148250,3174950,16.635673,22471.15,22850.0,22900,ATM+8,CALL,22500,2024-05-07
2024-05-07 09:49:00+05:30,15.45,15.45,12.7,13.1,283300,3174950,17.036918,22436.75,22850.0,22900,ATM+8,CALL,22500,2024-05-07
2024-05-07 09:50:00+05:30,13.35,14.3,13.1,14.15,239650,3174950,17.169539,22443.55,22850.0,22900,ATM+8,CALL,22500,2024-05-07
2024-05-07 09:51:00+05:30,14.1,14.25,13.85,14.0,107975,3151600,17.262496,22439.25,22850.0,22900,ATM+8,CALL,22500,2024-05-07
2024-05-07 09:52:00+05:30,14.05,14.05,13.4,13.6,237725,3151600,17.46698,22428.85,22850.0,22900,ATM+8,CALL,22500,2024-05-07
2024-05-07 09:53:00+05:30,13.5,14.1,13.35,13.55,126400,3151600,17.323172,22432.9,22850.0,22900,ATM+8,CALL,22500,2024-05-07
2024-05-07 09:54:00+05:30,13.5,13.9,13.15,13.15,156525,3144925,17.43308,22425.3,22850.0,22900,ATM+8,CALL,22500,2024-05-07
2024-05-07 09:55:00+05:30,13.15,13.45,12.9,13.2,104675,3144925,17.421212,22426.3,22850.0,22900,ATM+8,CALL,22500,2024-05-07
2024-05-07 09:56:00+05:30,17.9,18.35,17.35,17.55,301825,8646925,17.554096,22415.05,22800.0,22900,ATM+8,CALL,22500,2024-05-07
2024-05-07 09:57:00+05:30,12.8,13.45,12.65,13.3,107600,3137350,17.355689,22429.6,22850.0,22900,ATM+8,CALL,22500,2024-05-07
2024-05-07 09:58:00+05:30,13.35,13.35,12.85,13.2,99925,3137350,17.372332,22428.1,22850.0,22900,ATM+8,CALL,22500,2024-05-07
2024-05-07 09:59:00+05:30,18.1,18.1,16.55,16.55,255975,8716900,17.361594,22412.3,22800.0,22900,ATM+8,CALL,22500,2024-05-07
2024-05-07 10:00:00+05:30,16.5,16.75,15.75,15.9,556975,8830050,17.857666,22391.6,22800.0,22900,ATM+8,CALL,22500,2024-05-07
2024-05-07 10:01:00+05:30,15.85,15.9,15.15,15.8,432825,8830050,17.698574,22395.55,22800.0,22900,ATM+8,CALL,22500,2024-05-07
2024-05-07 10:02:00+05:30,15.95,16.35,15.7,16.0,532225,8830050,17.803234,22394.35,22800.0,22900,ATM+8,CALL,22500,2024-05-07
2024-05-07 10:03:00+05:30,16.0,16.35,15.0,15.4,346450,8649500,17.864824,22386.9,22800.0,22900,ATM+8,CALL,22500,2024-05-07
2024-05-07 10:04:00+05:30,15.35,15.45,14.8,15.1,342900,8649500,17.947706,22381.55,22800.0,22900,ATM+8,CALL,22500,2024-05-07
2024-05-07 10:05:00+05:30,15.0,15.4,14.95,15.25,287900,8649500,17.895343,22384.7,22800.0,22900,ATM+8,CALL,22500,2024-05-07
2024-05-07 10:06:00+05:30,15.05,15.85,15.05,15.85,235975,8688850,17.751835,22394.85,22800.0,22900,ATM+8,CALL,22500,2024-05-07
2024-05-07 10:07:00+05:30,15.85,16.05,15.75,16.0,210000,8688850,17.726347,22397.1,22800.0,22900,ATM+8,CALL,22500,2024-05-07
2024-05-07 10:08:00+05:30,15.95,16.35,15.8,16.3,165350,8688850,17.903161,22394.65,22800.0,22900,ATM+8,CALL,22500,2024-05-07
2024-05-07 10:09:00+05:30,16.25,16.8,16.25,16.7,211550,8676775,17.677375,22405.1,22800.0,22900,ATM+8,CALL,22500,2024-05-07
2024-05-07 10:10:00+05:30,16.6,16.85,16.25,16.5,231875,8676775,17.536127,22407.6,22800.0,22900,ATM+8,CALL,22500,2024-05-07
2024-05-07 10:11:00+05:30,16.6,16.65,15.3,15.7,206425,8676775,17.817528,22391.9,22800.0,22900,ATM+8,CALL,22500,2024-05-07
2024-05-07 10:12:00+05:30,15.6,16.2,15.45,16.15,110500,8684175,17.795432,22396.85,22800.0,22900,ATM+8,CALL,22500,2024-05-07
2024-05-07 10:13:00+05:30,16.1,16.75,16.1,16.5,92450,8684175,17.850201,22398.5,22800.0,22900,ATM+8,CALL,22500,2024-05-07
2024-05-07 10:14:00+05:30,16.45,16.9,16.25,16.25,120300,8684175,17.773516,22398.6,22800.0,22900,ATM+8,CALL,22500,2024-05-07
2024-05-07 10:15:00+05:30,16.05,16.05,15.35,15.95,300675,8670100,17.810781,22394.8,22800.0,22900,ATM+8,CALL,22500,2024-05-07
2024-05-07 10:16:00+05:30,15.95,16.2,15.55,15.55,225900,8670100,17.776829,22392.15,22800.0,22900,ATM+8,CALL,22500,2024-05-07
2024-05-07 10:17:00+05:30,15.45,15.55,14.7,14.85,256150,8670100,17.95586,22380.0,22800.0,22900,ATM+8,CALL,22500,2024-05-07
2024-05-07 10:18:00+05:30,14.85,15.35,14.65,15.25,166250,8717925,17.86604,22386.75,22800.0,22900,ATM+8,CALL,22500,2024-05-07
2024-05-07 10:19:00+05:30,15.1,15.1,14.5,14.65,163050,8717925,17.729803,22385.1,22800.0,22900,ATM+8,CALL,22500,2024-05-07
2024-05-07 10:20:00+05:30,14.45,14.8,14.05,14.6,356525,8717925,17.835719,22381.45,22800.0,22900,ATM+8,CALL,22500,2024-05-07
2024-05-07 10:21:00+05:30,19.15,19.15,17.9,18.6,244600,3646325,17.766911,22370.9,22750.0,22900,ATM+8,CALL,22500,2024-05-07
2024-05-07 10:22:00+05:30,18.6,19.2,18.6,18.75,89950,3646325,17.732447,22373.2,22750.0,22900,ATM+8,CALL,22500,2024-05-07
2024-05-07 10:23:00+05:30,18.6,18.7,17.8,18.4,133575,3646325,17.781679,22369.0,22750.0,22900,ATM+8,CALL,22500,2024-05-07
2024-05-07 10:24:00+05:30,18.3,18.65,18.2,18.4,80425,3631525,17.810521,22368.25,22750.0,22900,ATM+8,CALL,22500,2024-05-07
2024-05-07 10:25:00+05:30,18.35,18.35,17.7,18.05,94350,3631525,18.015616,22359.45,22750.0,22900,ATM+8,CALL,22500,2024-05-07
2024-05-07 10:26:00+05:30,17.9,18.05,17.05,17.75,120525,3631525,17.900343,22360.35,22750.0,22900,ATM+8,CALL,22500,2024-05-07
2024-05-07 10:27:00+05:30,17.6,18.15,17.45,17.9,102800,3633125,18.034428,22357.8,22750.0,22900,ATM+8,CALL,22500,2024-05-07
2024-05-07 10:28:00+05:30,17.8,17.9,16.65,16.75,133500,3633125,17.952103,22350.25,22750.0,22900,ATM+8,CALL,22500,2024-05-07
2024-05-07 10:29:00+05:30,16.75,17.45,16.5,17.35,158775,3633125,17.752483,22361.5,22750.0,22900,ATM+8,CALL,22500,2024-05-07
2024-05-07 10:30:00+05:30,17.45,18.5,17.45,18.3,125275,3644075,17.680373,22371.7,22750.0,22900,ATM+8,CALL,22500,2024-05-07
2024-05-07 10:31:00+05:30,18.2,18.3,17.55,18.3,129800,3644075,17.809457,22368.05,22750.0,22900,ATM+8,CALL,22500,2024-05-07
2024-05-07 10:32:00+05:30,18.3,18.35,17.8,17.95,68300,3644075,17.92497,22361.85,22750.0,22900,ATM+8,CALL,22500,2024-05-07
2024-05-07 10:33:00+05:30,17.9,17.95,17.4,17.65,57025,3595950,17.98414,22357.65,22750.0,22900,ATM+8,CALL,22500,2024-05-07
2024-05-07 10:34:00+05:30,17.6,17.75,16.2,16.35,151325,3595950,18.219149,22339.2,22750.0,22900,ATM+8,CALL,22500,2024-05-07
2024-05-07 10:35:00+05:30,16.1,16.95,16.0,16.6,125800,3595950,18.237264,22341.05,22750.0,22900,ATM+8,CALL,22500,2024-05-07
2024-05-07 10:36:00+05:30,16.6,17.2,16.45,17.1,169600,3587375,18.605861,22334.75,22750.0,22900,ATM+8,CALL,22500,2024-05-07
2024-05-07 10:37:00+05:30,22.25,22.55,20.8,21.0,269025,7839325,18.394325,22324.45,22700.0,22900,ATM+8,CALL,22500,2024-05-07
2024-05-07 10:38:00+05:30,20.7,21.0,19.8,20.5,383400,7839325,18.270608,22324.2,22700.0,22900,ATM+8,CALL,22500,2024-05-07
2024-05-07 10:39:00+05:30,15.75,16.35,15.75,16.2,122250,3660800,18.501864,22329.8,22750.0,22900,ATM+8,CALL,22500,2024-05-07
2024-05-07 10:40:00+05:30,16.1,16.5,16.05,16.3,125975,3660800,18.574802,22328.65,22750.0,22900,ATM+8,CALL,22500,2024-05-07
2024-05-07 10:41:00+05:30,21.1,21.2,20.65,21.1,187925,7862125,18.586593,22320.15,22700.0,22900,ATM+8,CALL,22500,2024-05-07
2024-05-07 10:42:00+05:30,16.3,16.9,16.3,16.7,76750,3621575,18.524776,22334.05,22750.0,22900,ATM+8,CALL,22500,2024-05-07
2024-05-07 10:43:00+05:30,16.55,17.0,16.55,16.7,56200,3621575,18.679023,22329.55,22750.0,22900,ATM+8,CALL,22500,2024-05-07
2024-05-07 10:44:00+05:30,16.75,16.95,16.65,16.65,63675,3621575,18.584297,22332.0,22750.0,22900,ATM+8,CALL,22500,2024-05-07
2024-05-07 10:45:00+05:30,16.6,17.05,16.5,17.05,71475,3636750,18.542263,22337.0,22750.0,22900,ATM+8,CALL,22500,2024-05-07
2024-05-07 10:46:00+05:30,17.0,17.1,16.4,16.6,75525,3636750,18.556432,22332.55,22750.0,22900,ATM+8,CALL,22500,2024-05-07
2024-05-07 10:47:00+05:30,21.5,21.55,20.65,20.75,122750,7883775,18.376687,22323.9,22700.0,22900,ATM+8,CALL,22500,2024-05-07
2024-05-07 10:48:00+05:30,15.95,16.45,15.9,16.35,51450,3645325,18.613477,22328.7,22750.0,22900,ATM+8,CALL,22500,2024-05-07
2024-05-07 10:49:00+05:30,21.35,21.35,20.2,20.2,235325,7909475,18.403968,22319.05,22700.0,22900,ATM+8,CALL,22500,2024-05-07
2024-05-07 10:50:00+05:30,20.35,20.6,19.85,20.5,209350,7909475,18.299963,22324.4,22700.0,22900,ATM+8,CALL,22500,2024-05-07
2024-05-07 10:51:00+05:30,20.45,20.6,18.9,19.75,351025,7967250,18.55401,22311.4,22700.0,22900,ATM+8,CALL,22500,2024-05-07
2024-05-07 10:52:00+05:30,19.6,19.8,19.2,19.35,228150,7967250,18.564689,22307.95,22700.0,22900,ATM+8,CALL,22500,2024-05-07
2024-05-07 10:53:00+05:30,19.5,19.65,18.8,18.9,319575,7967250,18.548549,22304.8,22700.0,22900,ATM+8,CALL,22500,2024-05-07
2024-05-07 10:54:00+05:30,18.9,19.0,18.25,18.7,565850,7900925,18.660129,22300.0,22700.0,22900,ATM+8,CALL,22500,2024-05-07
2024-05-07 10:55:00+05:30,18.65,20.1,18.65,20.05,247275,7900925,18.276578,22322.0,22700.0,22900,ATM+8,CALL,22500,2024-05-07
2024-05-07 10:56:00+05:30,20.05,20.65,19.9,20.55,392700,7900925,18.429626,22321.65,22700.0,22900,ATM+8,CALL,22500,2024-05-07
2024-05-07 10:57:00+05:30,15.75,16.35,15.7,16.1,90950,3690625,18.518829,22330.0,22750.0,22900,ATM+8,CALL,22500,2024-05-07
2024-05-07 10:58:00+05:30,16.05,16.8,15.8,16.8,59825,3690625,18.43786,22339.0,22750.0,22900,ATM+8,CALL,22500,2024-05-07
2024-05-07 10:59:00+05:30,16.7,17.15,16.7,16.8,172600,3690625,18.271759,22344.0,22750.0,22900,ATM+8,CALL,22500,2024-05-07
2024-05-07 11:00:00+05:30,16.65,16.65,15.75,15.95,146825,3672600,18.406934,22332.2,22750.0,22900,ATM+8,CALL,22500,2024-05-07
2024-05-07 11:01:00+05:30,15.95,16.25,15.7,16.1,34150,3672600,18.447456,22332.5,22750.0,22900,ATM+8,CALL,22500,2024-05-07
2024-05-07 11:02:00+05:30,16.05,16.45,15.9,16.35,33050,3672600,18.430138,22335.45,22750.0,22900,ATM+8,CALL,22500,2024-05-07
2024-05-07 11:03:00+05:30,16.4,16.7,16.2,16.65,57775,3678175,18.484553,22336.7,22750.0,22900,ATM+8,CALL,22500,2024-05-07
2024-05-07 11:04:00+05:30,16.55,16.7,15.6,15.65,29275,3678175,18.55004,22325.4,22750.0,22900,ATM+8,CALL,22500,2024-05-07
2024-05-07 11:05:00+05:30,20.35,20.5,19.85,20.05,149425,8133225,18.301793,22322.15,22700.0,22900,ATM+8,CALL,22500,2024-05-07
2024-05-07 11:06:00+05:30,15.3,15.75,15.2,15.75,33325,3700525,18.550123,22326.55,22750.0,22900,ATM+8,CALL,22500,2024-05-07
2024-05-07 11:07:00+05:30,20.35,20.55,19.1,19.15,159775,8185625,18.421089,22311.75,22700.0,22900,ATM+8,CALL,22500,2024-05-07
2024-05-07 11:08:00+05:30,19.0,19.3,18.9,19.2,153850,8185625,18.352604,22314.2,22700.0,22900,ATM+8,CALL,22500,2024-05-07
2024-05-07 11:09:00+05:30,14.75,15.45,14.75,15.45,31175,3712425,18.469187,22326.35,22750.0,22900,ATM+8,CALL,22500,2024-05-07
2024-05-07 11:10:00+05:30,20.15,20.65,19.75,20.0,85925,8164875,18.292617,22322.45,22700.0,22900,ATM+8,CALL,22500,2024-05-07
2024-05-07 11:11:00+05:30,19.95,20.4,19.9,20.15,68650,8164875,18.298175,22323.55,22700.0,22900,ATM+8,CALL,22500,2024-05-07
2024-05-07 11:12:00+05:30,20.2,20.3,19.75,19.8,100875,8195975,18.299752,22320.85,22700.0,22900,ATM+8,CALL,22500,2024-05-07
2024-05-07 11:13:00+05:30,19.75,19.75,18.75,18.75,118025,8195975,18.357985,22310.8,22700.0,22900,ATM+8,CALL,22500,2024-05-07
2024-05-07 11:14:00+05:30,18.7,18.95,18.0,18.0,229300,8195975,18.378192,22304.0,22700.0,22900,ATM+8,CALL,22500,2024-05-07
2024-05-07 11:15:00+05:30,18.5,18.8,17.55,18.4,305950,8236425,18.703406,22298.1,22700.0,22900,ATM+8,CALL,22500,2024-05-07
2024-05-07 11:16:00+05:30,18.3,18.45,17.7,18.0,361725,8236425,18.76375,22293.0,22700.0,22900,ATM+8,CALL,22500,2024-05-07
2024-05-07 11:17:00+05:30,18.0,18.1,17.0,17.05,276350,8236425,18.880929,22281.2,22700.0,22900,ATM+8,CALL,22500,2024-05-07
2024-05-07 11:18:00+05:30,16.95,17.55,16.55,16.7,527725,8220275,18.781789,22281.0,22700.0,22900,ATM+8,CALL,22500,2024-05-07
2024-05-07 11:19:00+05:30,16.85,17.5,16.75,17.45,221525,8220275,18.747766,22288.9,22700.0,22900,ATM+8,CALL,22500,2024-05-07
2024-05-07 11:20:00+05:30,17.4,17.65,17.15,17.3,239125,8220275,18.785344,22286.55,22700.0,22900,ATM+8,CALL,22500,2024-05-07
2024-05-07 11:21:00+05:30,17.15,17.25,16.6,17.05,198400,8238800,18.834077,22282.95,22700.0,22900,ATM+8,CALL,22500,2024-05-07
2024-05-07 11:22:00+05:30,17.15,17.55,17.05,17.2,185525,8238800,18.869997,22283.35,22700.0,22900,ATM+8,CALL,22500,2024-05-07
2024-05-07 11:23:00+05:30,21.9,21.95,20.75,20.9,224300,3308700,18.590581,22273.35,22650.0,22900,ATM+8,CALL,22500,2024-05-07
2024-05-07 11:24:00+05:30,20.75,21.0,20.2,20.65,154900,3264350,18.678981,22269.05,22650.0,22900,ATM+8,CALL,22500,2024-05-07
2024-05-07 11:25:00+05:30,20.5,20.85,20.4,20.55,118800,3264350,18.743714,22266.55,22650.0,22900,ATM+8,CALL,22500,2024-05-07
2024-05-07 11:26:00+05:30,20.55,20.7,20.05,20.25,92575,3264350,18.919245,22259.35,22650.0,22900,ATM+8,CALL,22500,2024-05-07
2024-05-07 11:27:00+05:30,20.3,20.65,19.85,20.2,158950,3293800,18.666795,22266.15,22650.0,22900,ATM+8,CALL,22500,2024-05-07
2024-05-07 11:28:00+05:30,20.15,20.3,19.4,19.65,119375,3293800,18.856352,22256.5,22650.0,22900,ATM+8,CALL,22500,2024-05-07
2024-05-07 11:29:00+05:30,19.8,20.45,19.7,20.4,75250,3293800,18.712843,22266.6,22650.0,22900,ATM+8,CALL,22500,2024-05-07
2024-05-07 11:30:00+05:30,20.45,20.9,20.45,20.55,96525,3282650,18.550364,22272.4,22650.0,22900,ATM+8,CALL,22500,2024-05-07
2024-05-07 11:31:00+05:30,16.25,16.65,16.25,16.35,158425,8182000,18.805325,22278.25,22700.0,22900,ATM+8,CALL,22500,2024-05-07
2024-05-07 11:32:00+05:30,20.75,20.85,20.05,20.7,68650,3282650,18.515457,22274.7,22650.0,22900,ATM+8,CALL,22500,2024-05-07
2024-05-07 11:33:00+05:30,20.75,20.95,20.1,20.1,37125,3263875,18.600706,22267.75,22650.0,22900,ATM+8,CALL,22500,2024-05-07
2024-05-07 11:34:00+05:30,20.2,20.5,19.65,19.7,123800,3263875,18.622616,22264.05,22650.0,22900,ATM+8,CALL,22500,2024-05-07
2024-05-07 11:35:00+05:30,19.6,20.1,19.6,20.0,76475,3263875,18.683851,22264.8,22650.0,22900,ATM+8,CALL,22500,2024-05-07
2024-05-07 11:36:00+05:30,19.9,20.25,19.3,19.9,141325,3270825,18.907049,22257.8,22650.0,22900,ATM+8,CALL,22500,2024-05-07
2024-05-07 11:37:00+05:30,19.85,19.9,18.25,18.5,283100,3270825,19.121616,22240.15,22650.0,22900,ATM+8,CALL,22500,2024-05-07
2024-05-07 11:38:00+05:30,18.4,19.15,18.4,18.85,182150,3270825,19.326439,22237.35,22650.0,22900,ATM+8,CALL,22500,2024-05-07
2024-05-07 11:39:00+05:30,18.8,19.05,18.5,18.9,128700,3255975,19.231251,22240.6,22650.0,22900,ATM+8,CALL,22500,2024-05-07
2024-05-07 11:40:00+05:30,19.0,20.1,18.8,19.75,168600,3255975,19.182644,22249.15,22650.0,22900,ATM+8,CALL,22500,2024-05-07
2024-05-07 11:41:00+05:30,19.75,20.55,19.7,20.45,111775,3255975,18.914619,22262.4,22650.0,22900,ATM+8,CALL,22500,2024-05-07
2024-05-07 11:42:00+05:30,20.45,20.85,20.15,20.65,104950,3235350,18.94689,22263.15,22650.0,22900,ATM+8,CALL,22500,2024-05-07
2024-05-07 11:43:00+05:30,20.75,20.95,20.2,20.25,73800,3235350,19.00727,22258.4,22650.0,22900,ATM+8,CALL,22500,2024-05-07
2024-05-07 11:44:00+05:30,20.25,21.6,20.25,21.35,110850,3235350,18.797516,22272.85,22650.0,22900,ATM+8,CALL,22500,2024-05-07
2024-05-07 11:45:00+05:30,16.75,17.3,16.25,17.3,323700,8230400,19.180826,22277.3,22700.0,22900,ATM+8,CALL,22500,2024-05-07
2024-05-07 11:46:00+05:30,17.3,17.7,17.25,17.65,151775,8230400,18.981811,22286.35,22700.0,22900,ATM+8,CALL,22500,2024-05-07
2024-05-07 11:47:00+05:30,17.7,18.55,17.7,17.75,199225,8230400,18.924265,22289.0,22700.0,22900,ATM+8,CALL,22500,2024-05-07
2024-05-07 11:48:00+05:30,17.65,17.95,17.4,17.9,193650,8245300,18.995396,22288.35,22700.0,22900,ATM+8,CALL,22500,2024-05-07
2024-05-07 11:49:00+05:30,17.95,18.25,17.5,17.5,115050,8245300,19.029624,22283.9,22700.0,22900,ATM+8,CALL,22500,2024-05-07
2024-05-07 11:50:00+05:30,17.5,17.5,16.85,16.9,111075,8245300,19.002075,22279.35,22700.0,22900,ATM+8,CALL,22500,2024-05-07
2024-05-07 11:51:00+05:30,21.7,21.9,20.7,21.05,69675,3254600,18.863947,22269.35,22650.0,22900,ATM+8,CALL,22500,2024-05-07
2024-05-07 11:52:00+05:30,16.35,17.65,16.2,17.5,188125,8209450,19.174794,22279.95,22700.0,22900,ATM+8,CALL,22500,2024-05-07
2024-05-07 11:53:00+05:30,17.35,17.95,17.35,17.75,87750,8209450,19.005516,22287.2,22700.0,22900,ATM+8,CALL,22500,2024-05-07
2024-05-07 11:54:00+05:30,17.8,18.25,17.65,18.2,96075,8242825,18.885185,22294.7,22700.0,22900,ATM+8,CALL,22500,2024-05-07
2024-05-07 11:55:00+05:30,18.15,18.4,17.9,18.0,124675,8242825,18.814532,22295.1,22700.0,22900,ATM+8,CALL,22500,2024-05-07
2024-05-07 11:56:00+05:30,18.05,18.05,16.85,16.85,167450,8242825,18.891397,22282.7,22700.0,22900,ATM+8,CALL,22500,2024-05-07
2024-05-07 11:57:00+05:30,17.0,17.25,16.65,17.1,122925,8247700,19.046207,22280.55,22700.0,22900,ATM+8,CALL,22500,2024-05-07
2024-05-07 11:58:00+05:30,17.1,17.45,16.7,17.15,71200,8247700,19.16589,22277.6,22700.0,22900,ATM+8,CALL,22500,2024-05-07
2024-05-07 11:59:00+05:30,22.2,22.7,21.65,21.95,32850,3414150,19.028241,22272.3,22650.0,22900,ATM+8,CALL,22500,2024-05-07
2024-05-07 12:00:00+05:30,21.85,22.0,20.75,20.9,89725,3405425,19.013318,22264.85,22650.0,22900,ATM+8,CALL,22500,2024-05-07
2024-05-07 12:01:00+05:30,21.0,21.45,20.75,21.15,54475,3405425,18.975838,22267.9,22650.0,22900,ATM+8,CALL,22500,2024-05-07
2024-05-07 12:02:00+05:30,21.15,21.7,21.1,21.25,48400,3405425,19.132903,22264.4,22650.0,22900,ATM+8,CALL,22500,2024-05-07
2024-05-07 12:03:00+05:30,21.1,21.1,20.05,20.1,89150,3388700,18.972157,22260.0,22650.0,22900,ATM+8,CALL,22500,2024-05-07
2024-05-07 12:04:00+05:30,20.2,21.85,20.2,21.85,59950,3388700,19.020988,22272.2,22650.0,22900,ATM+8,CALL,22500,2024-05-07
2024-05-07 12:05:00+05:30,16.9,17.35,16.6,17.3,73125,8296400,19.302292,22275.65,22700.0,22900,ATM+8,CALL,22500,2024-05-07
2024-05-07 12:06:00+05:30,17.15,17.5,17.0,17.25,78150,8282625,19.216309,22277.8,22700.0,22900,ATM+8,CALL,22500,2024-05-07
2024-05-07 12:07:00+05:30,22.1,22.1,20.85,21.1,46775,3374075,18.867621,22271.05,22650.0,22900,ATM+8,CALL,22500,2024-05-07
2024-05-07 12:08:00+05:30,21.2,21.5,20.35,20.35,34725,3374075,18.822737,22266.6,22650.0,22900,ATM+8,CALL,22500,2024-05-07
2024-05-07 12:09:00+05:30,20.3,20.75,20.0,20.15,69900,3402075,18.855618,22264.2,22650.0,22900,ATM+8,CALL,22500,2024-05-07
2024-05-07 12:10:00+05:30,20.2,20.65,19.75,19.95,66450,3402075,18.893255,22261.65,22650.0,22900,ATM+8,CALL,22500,2024-05-07
2024-05-07 12:11:00+05:30,19.95,20.8,19.9,20.75,30450,3402075,18.854118,22269.1,22650.0,22900,ATM+8,CALL,22500,2024-05-07
2024-05-07 12:12:00+05:30,16.3,16.65,16.2,16.65,60575,8296800,19.055428,22277.55,22700.0,22900,ATM+8,CALL,22500,2024-05-07
2024-05-07 12:13:00+05:30,16.65,17.5,16.6,17.4,99125,8296800,19.003961,22286.0,22700.0,22900,ATM+8,CALL,22500,2024-05-07
2024-05-07 12:14:00+05:30,17.45,17.45,17.05,17.2,82300,8296800,19.163352,22279.65,22700.0,22900,ATM+8,CALL,22500,2024-05-07
2024-05-07 12:15:00+05:30,17.15,17.55,16.7,17.4,149650,8296800,19.048323,22284.9,22700.0,22900,ATM+8,CALL,22500,2024-05-07
2024-05-07 12:16:00+05:30,17.35,17.45,16.9,17.35,176325,8284225,18.739528,22293.5,22700.0,22900,ATM+8,CALL,22500,2024-05-07
2024-05-07 12:17:00+05:30,17.35,17.65,17.1,17.6,97500,8284225,18.841705,22292.85,22700.0,22900,ATM+8,CALL,22500,2024-05-07
2024-05-07 12:18:00+05:30,17.6,18.1,17.45,17.95,103225,8284225,18.864418,22295.35,22700.0,22900,ATM+8,CALL,22500,2024-05-07
2024-05-07 12:19:00+05:30,18.0,18.15,17.55,17.55,99475,8301575,18.860544,22292.05,22700.0,22900,ATM+8,CALL,22500,2024-05-07
2024-05-07 12:20:00+05:30,17.55,18.3,17.4,18.05,93225,8301575,18.845295,22296.95,22700.0,22900,ATM+8,CALL,22500,2024-05-07
2024-05-07 12:21:00+05:30,18.05,18.05,16.9,17.0,153850,8301575,18.917614,22285.65,22700.0,22900,ATM+8,CALL,22500,2024-05-07
2024-05-07 12:22:00+05:30,17.0,17.3,16.3,16.5,211375,8260075,18.746534,22286.15,22700.0,22900,ATM+8,CALL,22500,2024-05-07
2024-05-07 12:23:00+05:30,16.5,17.25,16.35,17.1,98750,8260075,18.74869,22291.65,22700.0,22900,ATM+8,CALL,22500,2024-05-07
2024-05-07 12:24:00+05:30,17.2,17.85,17.05,17.65,142150,8260075,18.655557,22299.3,22700.0,22900,ATM+8,CALL,22500,2024-05-07
2024-05-07 12:25:00+05:30,17.65,18.4,17.65,18.3,229250,8173875,18.673934,22304.45,22700.0,22900,ATM+8,CALL,22500,2024-05-07
2024-05-07 12:26:00+05:30,18.3,18.3,17.5,17.5,103050,8173875,18.661512,22298.0,22700.0,22900,ATM+8,CALL,22500,2024-05-07
2024-05-07 12:27:00+05:30,17.6,17.6,16.85,17.15,79650,8173875,18.635397,22295.75,22700.0,22900,ATM+8,CALL,22500,2024-05-07
2024-05-07 12:28:00+05:30,17.15,17.8,17.05,17.6,70800,8141750,18.76434,22296.1,22700.0,22900,ATM+8,CALL,22500,2024-05-07
2024-05-07 12:29:00+05:30,17.7,17.8,17.25,17.45,30250,8141750,18.756432,22295.1,22700.0,22900,ATM+8,CALL,22500,2024-05-07
2024-05-07 12:30:00+05:30,17.6,17.9,16.45,16.5,148775,8141750,18.837196,22284.25,22700.0,22900,ATM+8,CALL,22500,2024-05-07
2024-05-07 12:31:00+05:30,16.35,16.95,16.35,16.65,84150,8161025,18.779938,22287.4,22700.0,22900,ATM+8,CALL,22500,2024-05-07
2024-05-07 12:32:00+05:30,16.6,17.05,16.5,16.5,65750,8161025,18.751203,22286.95,22700.0,22900,ATM+8,CALL,22500,2024-05-07
2024-05-07 12:33:00+05:30,16.5,17.0,16.4,16.55,63375,8161025,18.809644,22285.8,22700.0,22900,ATM+8,CALL,22500,2024-05-07
2024-05-07 12:34:00+05:30,16.6,16.6,16.0,16.0,71550,8220300,18.783855,22281.5,22700.0,22900,ATM+8,CALL,22500,2024-05-07
2024-05-07 12:35:00+05:30,16.05,16.25,15.6,15.75,151750,8220300,18.863761,22276.85,22700.0,22900,ATM+8,CALL,22500,2024-05-07
2024-05-07 12:36:00+05:30,20.2,20.65,19.4,19.55,71525,3393425,18.694802,22266.35,22650.0,22900,ATM+8,CALL,22500,2024-05-07
2024-05-07 12:37:00+05:30,19.7,19.95,19.45,19.5,56250,3386125,18.787317,22263.45,22650.0,22900,ATM+8,CALL,22500,2024-05-07
2024-05-07 12:38:00+05:30,19.35,19.5,19.0,19.45,81825,3386125,18.927764,22259.2,22650.0,22900,ATM+8,CALL,22500,2024-05-07
2024-05-07 12:39:00+05:30,19.4,19.9,19.4,19.55,57050,3386125,18.915314,22260.45,22650.0,22900,ATM+8,CALL,22500,2024-05-07
2024-05-07 12:40:00+05:30,19.55,20.05,19.5,19.6,61200,3376500,18.966906,22259.5,22650.0,22900,ATM+8,CALL,22500,2024-05-07
2024-05-07 12:41:00+05:30,19.5,19.85,19.2,19.45,54625,3376500,18.937523,22259.2,22650.0,22900,ATM+8,CALL,22500,2024-05-07
2024-05-07 12:42:00+05:30,19.5,20.05,19.45,19.75,54350,3376500,18.773109,22266.3,22650.0,22900,ATM+8,CALL,22500,2024-05-07
2024-05-07 12:43:00+05:30,19.8,19.95,18.35,18.45,75700,3379425,18.651346,22259.2,22650.0,22900,ATM+8,CALL,22500,2024-05-07
2024-05-07 12:44:00+05:30,18.55,18.75,18.05,18.4,96675,3379425,18.858578,22253.0,22650.0,22900,ATM+8,CALL,22500,2024-05-07
2024-05-07 12:45:00+05:30,18.4,18.9,18.25,18.8,46125,3379425,18.769832,22258.95,22650.0,22900,ATM+8,CALL,22500,2024-05-07
2024-05-07 12:46:00+05:30,18.9,19.2,18.75,19.1,54675,3381375,18.83425,22259.7,22650.0,22900,ATM+8,CALL,22500,2024-05-07
2024-05-07 12:47:00+05:30,19.05,19.15,18.8,19.15,39800,3381375,18.868096,22259.25,22650.0,22900,ATM+8,CALL,22500,2024-05-07
2024-05-07 12:48:00+05:30,19.2,19.2,18.85,19.05,40525,3381375,18.778095,22261.05,22650.0,22900,ATM+8,CALL,22500,2024-05-07
2024-05-07 12:49:00+05:30,19.05,19.65,19.05,19.65,35750,3384575,18.610956,22270.65,22650.0,22900,ATM+8,CALL,22500,2024-05-07
2024-05-07 12:50:00+05:30,19.65,20.0,19.4,19.9,66300,3384575,18.784273,22267.9,22650.0,22900,ATM+8,CALL,22500,2024-05-07
2024-05-07 12:51:00+05:30,19.9,20.0,19.25,19.35,29750,3384575,18.884013,22260.8,22650.0,22900,ATM+8,CALL,22500,2024-05-07
2024-05-07 12:52:00+05:30,19.45,19.45,18.6,18.7,53400,3365375,18.973893,22253.0,22650.0,22900,ATM+8,CALL,22500,2024-05-07
2024-05-07 12:53:00+05:30,18.6,18.8,17.25,17.5,133875,3365375,18.63191,22252.55,22650.0,22900,ATM+8,CALL,22500,2024-05-07
2024-05-07 12:54:00+05:30,17.6,17.75,16.5,16.75,150750,3365375,18.740463,22242.85,22650.0,22900,ATM+8,CALL,22500,2024-05-07
2024-05-07 12:55:00+05:30,16.65,17.6,16.65,17.6,126850,3340825,19.056975,22241.45,22650.0,22900,ATM+8,CALL,22500,2024-05-07
2024-05-07 12:56:00+05:30,17.6,18.4,17.6,18.35,107375,3340825,18.746641,22256.85,22650.0,22900,ATM+8,CALL,22500,2024-05-07
2024-05-07 12:57:00+05:30,18.35,18.65,18.05,18.6,61325,3340825,18.66098,22261.45,22650.0,22900,ATM+8,CALL,22500,2024-05-07
2024-05-07 12:58:00+05:30,18.55,19.1,18.5,18.8,67575,3316200,18.744408,22260.85,22650.0,22900,ATM+8,CALL,22500,2024-05-07
2024-05-07 12:59:00+05:30,18.75,19.0,18.5,18.8,33125,3316200,18.763659,22260.4,22650.0,22900,ATM+8,CALL,22500,2024-05-07
2024-05-07 13:00:00+05:30,18.95,19.0,18.4,18.9,25075,3316200,18.830104,22259.45,22650.0,22900,ATM+8,CALL,22500,2024-05-07
2024-05-07 13:01:00+05:30,18.8,19.05,18.55,18.8,27525,3323425,18.889279,22257.05,22650.0,22900,ATM+8,CALL,22500,2024-05-07
2024-05-07 13:02:00+05:30,18.8,18.9,17.75,17.75,115200,3323425,18.638672,22255.35,22650.0,22900,ATM+8,CALL,22500,2024-05-07
2024-05-07 13:03:00+05:30,17.85,17.85,17.45,17.55,122400,3323425,18.716229,22251.5,22650.0,22900,ATM+8,CALL,22500,2024-05-07
2024-05-07 13:04:00+05:30,17.5,17.55,16.75,16.75,176775,3409550,18.689609,22245.25,22650.0,22900,ATM+8,CALL,22500,2024-05-07
2024-05-07 13:05:00+05:30,16.75,17.4,16.65,17.35,56775,3409550,18.703388,22250.3,22650.0,22900,ATM+8,CALL,22500,2024-05-07
2024-05-07 13:06:00+05:30,17.4,17.65,17.25,17.4,58225,3409550,18.882894,22245.7,22650.0,22900,ATM+8,CALL,22500,2024-05-07
2024-05-07 13:07:00+05:30,17.4,17.4,16.9,17.2,125325,3464325,18.895693,22243.65,22650.0,22900,ATM+8,CALL,22500,2024-05-07
2024-05-07 13:08:00+05:30,17.2,17.45,17.0,17.1,36275,3464325,18.913063,22242.35,22650.0,22900,ATM+8,CALL,22500,2024-05-07
2024-05-07 13:09:00+05:30,17.2,17.3,16.7,17.1,97200,3464325,18.904153,22242.7,22650.0,22900,ATM+8,CALL,22500,2024-05-07
2024-05-07 13:10:00+05:30,17.25,17.7,17.15,17.7,93925,3425600,18.851526,22249.6,22650.0,22900,ATM+8,CALL,22500,2024-05-07
2024-05-07 13:11:00+05:30,17.65,17.9,17.55,17.8,69500,3425600,18.814979,22251.6,22650.0,22900,ATM+8,CALL,22500,2024-05-07
2024-05-07 13:12:00+05:30,17.55,17.75,16.9,17.0,65800,3425600,18.870506,22243.05,22650.0,22900,ATM+8,CALL,22500,2024-05-07
2024-05-07 13:13:00+05:30,17.0,17.2,16.75,16.9,25425,3442300,18.809365,22244.0,22650.0,22900,ATM+8,CALL,22500,2024-05-07
2024-05-07 13:14:00+05:30,17.15,17.4,16.9,16.95,40250,3442300,18.97789,22239.7,22650.0,22900,ATM+8,CALL,22500,2024-05-07
2024-05-07 13:15:00+05:30,16.95,17.2,16.35,17.2,96700,3442300,18.982975,22241.9,22650.0,22900,ATM+8,CALL,22500,2024-05-07
2024-05-07 13:16:00+05:30,17.2,17.55,16.95,17.3,74850,3401825,18.966817,22243.35,22650.0,22900,ATM+8,CALL,22500,2024-05-07
2024-05-07 13:17:00+05:30,17.3,17.8,17.3,17.75,53275,3401825,18.831674,22251.25,22650.0,22900,ATM+8,CALL,22500,2024-05-07
2024-05-07 13:18:00+05:30,17.8,17.8,17.4,17.65,32175,3401825,18.869446,22249.4,22650.0,22900,ATM+8,CALL,22500,2024-05-07
2024-05-07 13:19:00+05:30,17.65,18.6,17.65,18.6,74025,3394650,18.782208,22260.05,22650.0,22900,ATM+8,CALL,22500,2024-05-07
2024-05-07 13:20:00+05:30,18.45,19.05,18.25,18.95,97325,3394650,18.559438,22269.25,22650.0,22900,ATM+8,CALL,22500,2024-05-07
2024-05-07 13:21:00+05:30,14.75,15.45,14.75,15.35,108825,8173425,18.864544,22277.35,22700.0,22900,ATM+8,CALL,22500,2024-05-07
2024-05-07 13:22:00+05:30,19.6,20.2,18.9,18.9,154200,3407325,18.352032,22274.8,22650.0,22900,ATM+8,CALL,22500,2024-05-07
2024-05-07 13:23:00+05:30,18.8,18.9,18.2,18.35,75650,3407325,18.462748,22267.3,22650.0,22900,ATM+8,CALL,22500,2024-05-07
2024-05-07 13:24:00+05:30,18.3,18.55,17.7,17.9,64300,3407325,18.583943,22260.2,22650.0,22900,ATM+8,CALL,22500,2024-05-07
2024-05-07 13:25:00+05:30,17.95,18.5,17.9,18.45,37250,3383625,18.614733,22264.05,22650.0,22900,ATM+8,CALL,22500,2024-05-07
2024-05-07 13:26:00+05:30,18.5,19.1,18.3,18.85,87950,3383625,18.549685,22269.25,22650.0,22900,ATM+8,CALL,22500,2024-05-07
2024-05-07 13:27:00+05:30,14.7,15.2,14.6,15.15,69075,8277125,18.81061,22277.55,22700.0,22900,ATM+8,CALL,22500,2024-05-07
2024-05-07 13:28:00+05:30,15.05,15.4,14.95,15.3,113575,8292825,18.744897,22281.05,22700.0,22900,ATM+8,CALL,22500,2024-05-07
2024-05-07 13:29:00+05:30,15.3,15.75,15.05,15.75,160925,8292825,18.799201,22283.9,22700.0,22900,ATM+8,CALL,22500,2024-05-07
2024-05-07 13:30:00+05:30,15.85,15.95,15.15,15.2,146125,8292825,18.694302,22281.75,22700.0,22900,ATM+8,CALL,22500,2024-05-07
2024-05-07 13:31:00+05:30,15.1,15.2,14.7,14.85,165125,8287150,18.765011,22276.3,22700.0,22900,ATM+8,CALL,22500,2024-05-07
2024-05-07 13:32:00+05:30,14.75,16.2,14.6,15.85,320675,8287150,18.578805,22291.55,22700.0,22900,ATM+8,CALL,22500,2024-05-07
2024-05-07 13:33:00+05:30,15.9,16.3,15.1,15.25,226700,8287150,18.642323,22284.05,22700.0,22900,ATM+8,CALL,22500,2024-05-07
2024-05-07 13:34:00+05:30,15.35,15.5,14.85,15.35,170475,8331600,18.622372,22285.7,22700.0,22900,ATM+8,CALL,22500,2024-05-07
2024-05-07 13:35:00+05:30,15.4,15.9,15.35,15.7,104375,8331600,18.598286,22289.85,22700.0,22900,ATM+8,CALL,22500,2024-05-07
2024-05-07 13:36:00+05:30,15.75,16.3,15.5,16.15,125050,8331600,18.541635,22295.8,22700.0,22900,ATM+8,CALL,22500,2024-05-07
2024-05-07 13:37:00+05:30,16.2,16.25,15.35,15.95,88250,8303825,18.416819,22297.65,22700.0,22900,ATM+8,CALL,22500,2024-05-07
2024-05-07 13:38:00+05:30,16.0,16.75,15.95,16.7,252775,8303825,18.218417,22310.25,22700.0,22900,ATM+8,CALL,22500,2024-05-07
2024-05-07 13:39:00+05:30,16.7,17.35,16.45,16.85,287950,8303825,18.189142,22312.5,22700.0,22900,ATM+8,CALL,22500,2024-05-07
2024-05-07 13:40:00+05:30,16.75,16.9,15.55,15.8,238950,8446875,18.0566,22306.95,22700.0,22900,ATM+8,CALL,22500,2024-05-07
2024-05-07 13:41:00+05:30,16.15,16.8,15.75,16.8,114150,8446875,18.095837,22314.9,22700.0,22900,ATM+8,CALL,22500,2024-05-07
2024-05-07 13:42:00+05:30,16.8,17.35,16.7,17.35,161575,8446875,17.955913,22323.7,22700.0,22900,ATM+8,CALL,22500,2024-05-07
2024-05-07 13:43:00+05:30,17.3,17.3,16.75,17.05,109375,8465225,17.84372,22324.4,22700.0,22900,ATM+8,CALL,22500,2024-05-07
2024-05-07 13:44:00+05:30,17.0,17.1,16.4,16.4,197775,8465225,17.64662,22324.45,22700.0,22900,ATM+8,CALL,22500,2024-05-07
2024-05-07 13:45:00+05:30,16.2,16.35,15.15,15.3,370225,8465225,17.668235,22314.0,22700.0,22900,ATM+8,CALL,22500,2024-05-07
2024-05-07 13:46:00+05:30,11.7,12.9,11.5,12.9,129050,3644200,18.096426,22326.1,22750.0,22900,ATM+8,CALL,22500,2024-05-07
2024-05-07 13:47:00+05:30,12.85,13.05,12.7,12.95,67025,3644200,18.046412,22328.25,22750.0,22900,ATM+8,CALL,22500,2024-05-07
2024-05-07 13:48:00+05:30,16.75,16.75,15.5,15.9,125700,8484175,17.629822,22320.85,22700.0,22900,ATM+8,CALL,22500,2024-05-07
2024-05-07 13:49:00+05:30,16.0,16.0,15.45,15.5,73950,8512600,17.722199,22314.65,22700.0,22900,ATM+8,CALL,22500,2024-05-07
2024-05-07 13:50:00+05:30,15.4,15.45,14.25,14.35,200275,8512600,17.845583,22300.2,22700.0,22900,ATM+8,CALL,22500,2024-05-07
2024-05-07 13:51:00+05:30,14.2,14.95,14.1,14.85,97600,8512600,17.967439,22301.6,22700.0,22900,ATM+8,CALL,22500,2024-05-07
2024-05-07 13:52:00+05:30,14.85,15.1,13.65,14.05,167650,8483850,17.838844,22297.6,22700.0,22900,ATM+8,CALL,22500,2024-05-07
2024-05-07 13:53:00+05:30,14.05,14.4,13.95,14.4,62150,8483850,17.982568,22296.95,22700.0,22900,ATM+8,CALL,22500,2024-05-07
2024-05-07 13:54:00+05:30,14.35,15.05,14.35,15.05,89150,8483850,17.924164,22305.05,22700.0,22900,ATM+8,CALL,22500,2024-05-07
2024-05-07 13:55:00+05:30,15.0,15.05,14.4,14.55,47675,8465100,18.013716,22297.7,22700.0,22900,ATM+8,CALL,22500,2024-05-07
2024-05-07 13:56:00+05:30,14.6,15.1,14.6,15.1,44600,8465100,17.910658,22306.1,22700.0,22900,ATM+8,CALL,22500,2024-05-07
2024-05-07 13:57:00+05:30,15.1,15.55,15.0,15.5,90300,8465100,17.858288,22311.45,22700.0,22900,ATM+8,CALL,22500,2024-05-07
2024-05-07 13:58:00+05:30,15.7,16.25,15.45,15.7,171500,8467625,17.906323,22312.0,22700.0,22900,ATM+8,CALL,22500,2024-05-07
2024-05-07 13:59:00+05:30,15.85,15.85,14.85,15.3,114525,8467625,17.808867,22311.2,22700.0,22900,ATM+8,CALL,22500,2024-05-07
2024-05-07 14:00:00+05:30,15.25,16.0,15.0,16.0,52375,8467625,17.913693,22314.7,22700.0,22900,ATM+8,CALL,22500,2024-05-07
2024-05-07 14:01:00+05:30,16.0,16.15,15.55,16.0,98325,8455700,17.752452,22319.4,22700.0,22900,ATM+8,CALL,22500,2024-05-07
2024-05-07 14:02:00+05:30,16.1,16.2,15.75,15.9,117500,8455700,17.655918,22321.35,22700.0,22900,ATM+8,CALL,22500,2024-05-07
2024-05-07 14:03:00+05:30,16.0,16.2,15.45,16.2,63500,8455700,17.638652,22324.6,22700.0,22900,ATM+8,CALL,22500,2024-05-07
2024-05-07 14:04:00+05:30,12.35,12.5,12.2,12.35,65300,3628875,17.929355,22326.8,22750.0,22900,ATM+8,CALL,22500,2024-05-07
2024-05-07 14:05:00+05:30,16.2,16.5,14.7,14.8,182875,8428150,17.478646,22316.6,22700.0,22900,ATM+8,CALL,22500,2024-05-07
2024-05-07 14:06:00+05:30,14.9,14.95,14.35,14.85,126725,8428150,17.605115,22313.5,22700.0,22900,ATM+8,CALL,22500,2024-05-07
2024-05-07 14:07:00+05:30,14.8,15.7,14.8,15.6,68125,8389300,17.617036,22320.2,22700.0,22900,ATM+8,CALL,22500,2024-05-07
2024-05-07 14:08:00+05:30,15.6,16.2,15.55,16.2,88575,8389300,17.684193,22323.75,22700.0,22900,ATM+8,CALL,22500,2024-05-07
2024-05-07 14:09:00+05:30,16.25,16.45,15.9,16.15,83150,8389300,17.66297,22324.0,22700.0,22900,ATM+8,CALL,22500,2024-05-07
2024-05-07 14:10:00+05:30,16.1,16.2,15.2,15.7,90475,8389550,17.721019,22318.4,22700.0,22900,ATM+8,CALL,22500,2024-05-07
2024-05-07 14:11:00+05:30,15.7,15.9,14.85,14.85,67175,8389550,17.819175,22307.75,22700.0,22900,ATM+8,CALL,22500,2024-05-07
2024-05-07 14:12:00+05:30,14.85,15.3,14.8,15.2,68375,8389550,17.994059,22306.1,22700.0,22900,ATM+8,CALL,22500,2024-05-07
2024-05-07 14:13:00+05:30,15.15,15.55,15.15,15.15,56600,8364000,17.741978,22313.0,22700.0,22900,ATM+8,CALL,22500,2024-05-07
2024-05-07 14:14:00+05:30,15.25,15.5,15.15,15.5,65475,8364000,17.594885,22320.55,22700.0,22900,ATM+8,CALL,22500,2024-05-07
2024-05-07 14:15:00+05:30,15.5,15.5,14.6,14.65,65500,8364000,17.536545,22314.4,22700.0,22900,ATM+8,CALL,22500,2024-05-07
2024-05-07 14:16:00+05:30,14.7,15.35,14.6,14.9,92075,8338150,17.600776,22315.0,22700.0,22900,ATM+8,CALL,22500,2024-05-07
2024-05-07 14:17:00+05:30,14.85,14.95,14.0,14.15,203175,8338150,17.714553,22304.55,22700.0,22900,ATM+8,CALL,22500,2024-05-07
2024-05-07 14:18:00+05:30,14.1,14.85,14.05,14.25,161850,8338150,17.621225,22308.35,22700.0,22900,ATM+8,CALL,22500,2024-05-07
2024-05-07 14:19:00+05:30,14.45,14.95,14.3,14.75,104325,8351375,17.55592,22315.15,22700.0,22900,ATM+8,CALL,22500,2024-05-07
2024-05-07 14:20:00+05:30,14.75,14.9,14.5,14.9,44375,8351375,17.561305,22316.5,22700.0,22900,ATM+8,CALL,22500,2024-05-07
2024-05-07 14:21:00+05:30,14.9,14.9,14.1,14.2,49100,8351375,17.576109,22309.45,22700.0,22900,ATM+8,CALL,22500,2024-05-07
2024-05-07 14:22:00+05:30,14.25,14.25,13.35,13.75,212850,8371375,17.667393,22302.4,22700.0,22900,ATM+8,CALL,22500,2024-05-07
2024-05-07 14:23:00+05:30,13.65,13.85,11.95,11.95,383600,8371375,17.804982,22279.1,22700.0,22900,ATM+8,CALL,22500,2024-05-07
2024-05-07 14:24:00+05:30,12.35,12.45,11.6,12.05,321025,8371375,17.895274,22277.6,22700.0,22900,ATM+8,CALL,22500,2024-05-07
2024-05-07 14:25:00+05:30,12.0,12.3,11.55,12.25,236800,8327600,17.923589,22279.1,22700.0,22900,ATM+8,CALL,22500,2024-05-07
2024-05-07 14:26:00+05:30,12.2,12.4,11.95,12.4,230100,8327600,18.052168,22277.0,22700.0,22900,ATM+8,CALL,22500,2024-05-07
2024-05-07 14:27:00+05:30,12.4,12.45,11.6,12.25,251750,8327600,18.014467,22276.55,22700.0,22900,ATM+8,CALL,22500,2024-05-07
2024-05-07 14:28:00+05:30,16.0,16.1,15.4,15.6,202975,3453950,17.610813,22273.4,22650.0,22900,ATM+8,CALL,22500,2024-05-07
2024-05-07 14:29:00+05:30,15.65,15.65,13.85,14.1,235400,3453950,17.57318,22260.45,22650.0,22900,ATM+8,CALL,22500,2024-05-07
2024-05-07 14:30:00+05:30,14.05,14.55,13.65,14.55,200675,3453950,17.585247,22264.55,22650.0,22900,ATM+8,CALL,22500,2024-05-07
2024-05-07 14:31:00+05:30,14.55,15.15,14.15,14.95,218725,3511125,17.505835,22270.7,22650.0,22900,ATM+8,CALL,22500,2024-05-07
2024-05-07 14:32:00+05:30,11.55,11.95,11.5,11.9,135275,8349700,17.839391,22278.35,22700.0,22900,ATM+8,CALL,22500,2024-05-07
2024-05-07 14:33:00+05:30,11.95,12.2,11.8,12.2,189550,8349700,17.923817,22279.3,22700.0,22900,ATM+8,CALL,22500,2024-05-07
2024-05-07 14:34:00+05:30,12.2,12.45,12.1,12.35,95150,8289775,17.693229,22288.0,22700.0,22900,ATM+8,CALL,22500,2024-05-07
2024-05-07 14:35:00+05:30,12.45,12.7,12.0,12.7,224500,8289775,17.716937,22291.2,22700.0,22900,ATM+8,CALL,22500,2024-05-07
2024-05-07 14:36:00+05:30,12.75,13.2,12.55,13.0,165550,8289775,17.561628,22299.1,22700.0,22900,ATM+8,CALL,22500,2024-05-07
2024-05-07 14:37:00+05:30,12.95,13.35,12.85,13.35,136075,8274125,17.526824,22303.85,22700.0,22900,ATM+8,CALL,22500,2024-05-07
2024-05-07 14:38:00+05:30,13.4,13.65,13.25,13.65,112925,8274125,17.594686,22305.0,22700.0,22900,ATM+8,CALL,22500,2024-05-07
2024-05-07 14:39:00+05:30,13.65,14.9,12.85,14.65,254725,8274125,17.56318,22315.8,22700.0,22900,ATM+8,CALL,22500,2024-05-07
2024-05-07 14:40:00+05:30,14.55,15.45,14.4,14.85,371850,8273700,17.585118,22317.15,22700.0,22900,ATM+8,CALL,22500,2024-05-07
2024-05-07 14:41:00+05:30,14.8,14.9,13.85,14.05,237900,8273700,17.493756,22312.2,22700.0,22900,ATM+8,CALL,22500,2024-05-07
2024-05-07 14:42:00+05:30,14.0,14.6,13.6,14.15,197675,8273700,17.632102,22309.25,22700.0,22900,ATM+8,CALL,22500,2024-05-07
2024-05-07 14:43:00+05:30,14.25,14.7,13.75,13.95,171225,8234625,17.732165,22304.45,22700.0,22900,ATM+8,CALL,22500,2024-05-07
2024-05-07 14:44:00+05:30,13.85,14.2,13.55,13.65,155100,8234625,17.750092,22301.0,22700.0,22900,ATM+8,CALL,22500,2024-05-07
2024-05-07 14:45:00+05:30,13.7,14.35,13.7,14.25,180200,8234625,17.687357,22308.9,22700.0,22900,ATM+8,CALL,22500,2024-05-07
2024-05-07 14:46:00+05:30,14.1,14.7,13.85,14.45,104125,8239075,17.778386,22308.3,22700.0,22900,ATM+8,CALL,22500,2024-05-07
2024-05-07 14:47:00+05:30,14.4,14.45,13.9,14.0,111650,8239075,17.741361,22305.05,22700.0,22900,ATM+8,CALL,22500,2024-05-07
2024-05-07 14:48:00+05:30,13.85,14.2,13.35,14.1,130850,8239075,17.682334,22307.85,22700.0,22900,ATM+8,CALL,22500,2024-05-07
2024-05-07 14:49:00+05:30,14.1,14.9,14.1,14.75,156425,8242075,17.697155,22313.8,22700.0,22900,ATM+8,CALL,22500,2024-05-07
2024-05-07 14:50:00+05:30,14.9,15.35,14.35,14.35,339525,8242075,17.397901,22318.7,22700.0,22900,ATM+8,CALL,22500,2024-05-07
2024-05-07 14:51:00+05:30,14.35,14.35,13.55,13.85,150525,8242075,17.543258,22309.7,22700.0,22900,ATM+8,CALL,22500,2024-05-07
2024-05-07 14:52:00+05:30,14.0,14.0,13.2,13.35,115950,8126725,17.602917,22303.0,22700.0,22900,ATM+8,CALL,22500,2024-05-07
2024-05-07 14:53:00+05:30,13.15,13.9,13.1,13.85,84350,8126725,17.637107,22307.15,22700.0,22900,ATM+8,CALL,22500,2024-05-07
2024-05-07 14:54:00+05:30,13.8,13.95,13.0,13.05,143775,8126725,17.532663,22302.15,22700.0,22900,ATM+8,CALL,22500,2024-05-07
2024-05-07 14:55:00+05:30,13.05,13.15,11.9,12.4,296125,8095525,17.63248,22292.35,22700.0,22900,ATM+8,CALL,22500,2024-05-07
2024-05-07 14:56:00+05:30,12.35,13.05,12.05,12.9,259000,8095525,17.490854,22302.0,22700.0,22900,ATM+8,CALL,22500,2024-05-07
2024-05-07 14:57:00+05:30,13.05,13.5,13.05,13.4,206725,8095525,17.579928,22304.65,22700.0,22900,ATM+8,CALL,22500,2024-05-07
2024-05-07 14:58:00+05:30,13.45,13.95,13.35,13.55,84575,8084825,17.664302,22303.8,22700.0,22900,ATM+8,CALL,22500,2024-05-07
2024-05-07 14:59:00+05:30,13.7,13.7,12.55,12.7,137200,8084825,17.76292,22292.1,22700.0,22900,ATM+8,CALL,22500,2024-05-07
2024-05-07 15:00:00+05:30,12.8,14.05,12.8,13.9,219900,8084825,17.471663,22313.1,22700.0,22900,ATM+8,CALL,22500,2024-05-07
2024-05-07 15:01:00+05:30,14.0,14.5,13.05,13.6,181500,8076450,17.615888,22306.0,22700.0,22900,ATM+8,CALL,22500,2024-05-07
2024-05-07 15:02:00+05:30,13.8,13.9,13.35,13.8,235025,8076450,17.428443,22313.55,22700.0,22900,ATM+8,CALL,22500,2024-05-07
2024-05-07 15:03:00+05:30,13.8,14.0,13.65,14.0,194675,8076450,17.33884,22318.2,22700.0,22900,ATM+8,CALL,22500,2024-05-07
2024-05-07 15:04:00+05:30,13.9,14.05,13.3,13.5,192275,7923800,17.412626,22311.2,22700.0,22900,ATM+8,CALL,22500,2024-05-07
2024-05-07 15:05:00+05:30,13.9,14.15,13.2,13.5,251750,7923800,17.585363,22306.25,22700.0,22900,ATM+8,CALL,22500,2024-05-07
2024-05-07 15:06:00+05:30,13.45,13.7,12.55,12.55,236000,7923800,17.558899,22297.2,22700.0,22900,ATM+8,CALL,22500,2024-05-07
2024-05-07 15:07:00+05:30,12.6,13.15,12.4,12.65,154550,7840575,17.608417,22296.9,22700.0,22900,ATM+8,CALL,22500,2024-05-07
2024-05-07 15:08:00+05:30,12.7,12.85,11.75,11.75,251550,7840575,17.759812,22282.5,22700.0,22900,ATM+8,CALL,22500,2024-05-07
2024-05-07 15:09:00+05:30,11.8,12.55,11.8,12.55,385375,7840575,17.610563,22295.95,22700.0,22900,ATM+8,CALL,22500,2024-05-07
2024-05-07 15:10:00+05:30,12.5,13.3,12.5,13.25,288825,7778800,17.563513,22304.8,22700.0,22900,ATM+8,CALL,22500,2024-05-07
2024-05-07 15:11:00+05:30,13.35,13.45,12.95,12.95,256100,7778800,17.693518,22297.95,22700.0,22900,ATM+8,CALL,22500,2024-05-07
2024-05-07 15:12:00+05:30,12.85,13.55,12.85,13.5,258750,7778800,17.593891,22306.65,22700.0,22900,ATM+8,CALL,22500,2024-05-07
2024-05-07 15:13:00+05:30,13.55,13.9,13.05,13.3,186200,7777200,17.64866,22303.1,22700.0,22900,ATM+8,CALL,22500,2024-05-07
2024-05-07 15:14:00+05:30,13.25,13.65,13.25,13.65,118425,7777200,17.581816,22308.7,22700.0,22900,ATM+8,CALL,22500,2024-05-07
2024-05-07 15:15:00+05:30,13.8,13.9,13.3,13.6,203575,7777200,17.641577,22306.55,22700.0,22900,ATM+8,CALL,22500,2024-05-07
2024-05-07 15:16:00+05:30,13.6,13.75,13.2,13.55,236525,7806150,17.76117,22302.65,22700.0,22900,ATM+8,CALL,22500,2024-05-07
2024-05-07 15:17:00+05:30,13.55,14.0,13.45,14.0,221475,7806150,17.61993,22311.35,22700.0,22900,ATM+8,CALL,22500,2024-05-07
2024-05-07 15:18:00+05:30,13.85,14.0,13.5,13.85,137550,7806150,17.749542,22306.2,22700.0,22900,ATM+8,CALL,22500,2024-05-07
2024-05-07 15:19:00+05:30,13.85,14.05,13.65,14.05,157175,7656600,17.74189,22308.5,22700.0,22900,ATM+8,CALL,22500,2024-05-07
2024-05-07 15:20:00+05:30,14.15,14.3,13.5,13.65,181700,7656600,17.814031,22302.5,22700.0,22900,ATM+8,CALL,22500,2024-05-07
2024-05-07 15:21:00+05:30,13.65,14.0,13.6,13.85,151650,7656600,17.785039,22305.45,22700.0,22900,ATM+8,CALL,22500,2024-05-07
2024-05-07 15:22:00+05:30,13.75,13.9,13.1,13.2,158375,7632850,17.628521,22303.5,22700.0,22900,ATM+8,CALL,22500,2024-05-07
2024-05-07 15:23:00+05:30,13.2,13.65,13.2,13.6,177925,7632850,17.641374,22307.3,22700.0,22900,ATM+8,CALL,22500,2024-05-07
2024-05-07 15:24:00+05:30,13.65,13.9,13.5,13.9,187975,7632850,17.680761,22309.25,22700.0,22900,ATM+8,CALL,22500,2024-05-07
2024-05-07 15:25:00+05:30,13.95,14.2,13.6,13.75,397450,7534000,17.691059,22307.55,22700.0,22900,ATM+8,CALL,22500,2024-05-07
2024-05-07 15:26:00+05:30,13.85,14.0,13.75,13.75,218925,7534000,17.807962,22304.25,22700.0,22900,ATM+8,CALL,22500,2024-05-07
2024-05-07 15:27:00+05:30,13.8,14.35,13.65,14.1,259525,7534000,17.620053,22313.25,22700.0,22900,ATM+8,CALL,22500,2024-05-07
2024-05-07 15:28:00+05:30,14.2,14.25,13.7,13.75,203250,7494300,18.038033,22297.75,22700.0,22900,ATM+8,CALL,22500,2024-05-07
2024-05-07 15:29:00+05:30,13.7,14.15,13.55,13.9,273275,7494300,17.860909,22304.5,22700.0,22900,ATM+8,CALL,22500,2024-05-07
2024-05-07 09:15:00+05:30,12.7,14.65,12.25,13.0,205400,5261125,17.251655,22474.7,22900.0,22950,ATM+9,CALL,22500,2024-05-07
2024-05-07 09:16:00+05:30,12.9,12.9,12.0,12.4,235900,5261125,17.152963,22471.3,22900.0,22950,ATM+9,CALL,22500,2024-05-07
2024-05-07 09:17:00+05:30,12.45,13.15,12.35,13.1,531650,5261125,17.434932,22470.15,22900.0,22950,ATM+9,CALL,22500,2024-05-07
2024-05-07 09:18:00+05:30,12.85,12.9,12.15,12.65,415925,5360350,17.216204,22472.25,22900.0,22950,ATM+9,CALL,22500,2024-05-07
2024-05-07 09:19:00+05:30,12.55,12.55,11.7,11.9,210225,5360350,17.217932,22463.75,22900.0,22950,ATM+9,CALL,22500,2024-05-07
2024-05-07 09:20:00+05:30,12.0,12.2,11.4,12.2,475800,5360350,17.851322,22446.9,22900.0,22950,ATM+9,CALL,22500,2024-05-07
2024-05-07 09:21:00+05:30,12.05,12.35,11.6,11.6,384450,5287250,17.550055,22449.6,22900.0,22950,ATM+9,CALL,22500,2024-05-07
2024-05-07 09:22:00+05:30,11.6,12.3,11.5,12.2,249200,5287250,17.002212,22474.4,22900.0,22950,ATM+9,CALL,22500,2024-05-07
2024-05-07 09:23:00+05:30,8.85,9.55,8.75,9.4,122575,2477150,17.163913,22482.5,22950.0,22950,ATM+9,CALL,22500,2024-05-07
2024-05-07 09:24:00+05:30,9.3,9.45,9.0,9.05,64900,2510375,17.16071,22477.65,22950.0,22950,ATM+9,CALL,22500,2024-05-07
2024-05-07 09:25:00+05:30,9.05,9.3,9.05,9.25,51600,2510375,17.156312,22480.8,22950.0,22950,ATM+9,CALL,22500,2024-05-07
2024-05-07 09:26:00+05:30,9.15,9.2,8.9,9.05,57050,2510375,17.191188,22476.8,22950.0,22950,ATM+9,CALL,22500,2024-05-07
2024-05-07 09:27:00+05:30,9.05,9.65,8.9,9.65,83400,2526725,17.154602,22486.7,22950.0,22950,ATM+9,CALL,22500,2024-05-07
2024-05-07 09:28:00+05:30,9.65,9.7,9.25,9.7,76950,2526725,17.097653,22489.4,22950.0,22950,ATM+9,CALL,22500,2024-05-07
2024-05-07 09:29:00+05:30,9.6,9.75,9.45,9.55,59825,2526725,17.001496,22490.65,22950.0,22950,ATM+9,CALL,22500,2024-05-07
2024-05-07 09:30:00+05:30,9.35,9.8,9.2,9.25,77250,2556575,17.11266,22482.75,22950.0,22950,ATM+9,CALL,22500,2024-05-07
2024-05-07 09:31:00+05:30,9.35,9.35,8.95,9.2,80625,2556575,17.18999,22479.5,22950.0,22950,ATM+9,CALL,22500,2024-05-07
2024-05-07 09:32:00+05:30,12.75,12.75,11.1,11.35,337925,5430525,17.272668,22456.6,22900.0,22950,ATM+9,CALL,22500,2024-05-07
2024-05-07 09:33:00+05:30,11.1,12.0,11.05,11.8,273175,5465500,17.018916,22470.25,22900.0,22950,ATM+9,CALL,22500,2024-05-07
2024-05-07 09:34:00+05:30,11.8,11.9,11.4,11.65,125550,5465500,17.148573,22464.4,22900.0,22950,ATM+9,CALL,22500,2024-05-07
2024-05-07 09:35:00+05:30,11.65,11.9,11.2,11.2,128525,5465500,17.206396,22457.2,22900.0,22950,ATM+9,CALL,22500,2024-05-07
2024-05-07 09:36:00+05:30,11.25,11.55,11.15,11.55,64525,5477375,17.275025,22459.3,22900.0,22950,ATM+9,CALL,22500,2024-05-07
2024-05-07 09:37:00+05:30,11.4,11.8,11.35,11.75,47550,5477375,17.060024,22468.7,22900.0,22950,ATM+9,CALL,22500,2024-05-07
2024-05-07 09:38:00+05:30,11.75,11.75,11.15,11.25,105375,5477375,17.053617,22463.05,22900.0,22950,ATM+9,CALL,22500,2024-05-07
2024-05-07 09:39:00+05:30,11.25,11.35,10.75,11.05,125100,5492625,17.141026,22457.85,22900.0,22950,ATM+9,CALL,22500,2024-05-07
2024-05-07 09:40:00+05:30,11.1,11.1,10.25,10.65,215075,5492625,17.193599,22451.2,22900.0,22950,ATM+9,CALL,22500,2024-05-07
2024-05-07 09:41:00+05:30,10.65,11.35,10.6,11.3,105800,5492625,16.978789,22466.35,22900.0,22950,ATM+9,CALL,22500,2024-05-07
2024-05-07 09:42:00+05:30,11.25,11.35,10.9,11.05,68725,5479200,17.043512,22461.3,22900.0,22950,ATM+9,CALL,22500,2024-05-07
2024-05-07 09:43:00+05:30,11.1,11.2,10.85,11.15,65825,5479200,16.934654,22466.15,22900.0,22950,ATM+9,CALL,22500,2024-05-07
2024-05-07 09:44:00+05:30,11.0,11.25,10.9,11.15,108450,5479200,16.878865,22468.05,22900.0,22950,ATM+9,CALL,22500,2024-05-07
2024-05-07 09:45:00+05:30,11.2,11.2,10.7,10.9,90550,5515825,16.907659,22464.15,22900.0,22950,ATM+9,CALL,22500,2024-05-07
2024-05-07 09:46:00+05:30,11.05,11.4,11.0,11.3,104050,5515825,16.813332,22472.15,22900.0,22950,ATM+9,CALL,22500,2024-05-07
2024-05-07 09:47:00+05:30,8.15,8.3,8.1,8.25,41300,2591325,16.756271,22481.6,22950.0,22950,ATM+9,CALL,22500,2024-05-07
2024-05-07 09:48:00+05:30,11.55,11.7,10.75,10.9,161800,5483800,16.700822,22471.15,22900.0,22950,ATM+9,CALL,22500,2024-05-07
2024-05-07 09:49:00+05:30,10.95,10.95,9.05,9.05,387900,5483800,17.000302,22436.75,22900.0,22950,ATM+9,CALL,22500,2024-05-07
2024-05-07 09:50:00+05:30,9.6,10.25,9.4,10.05,347900,5483800,17.215713,22443.55,22900.0,22950,ATM+9,CALL,22500,2024-05-07
2024-05-07 09:51:00+05:30,10.05,10.15,9.85,9.95,268025,5491725,17.307344,22439.25,22900.0,22950,ATM+9,CALL,22500,2024-05-07
2024-05-07 09:52:00+05:30,9.95,10.0,9.65,9.8,172550,5491725,17.560142,22428.85,22900.0,22950,ATM+9,CALL,22500,2024-05-07
2024-05-07 09:53:00+05:30,9.7,10.05,9.55,9.75,198825,5491725,17.421121,22432.9,22900.0,22950,ATM+9,CALL,22500,2024-05-07
2024-05-07 09:54:00+05:30,9.7,9.9,9.45,9.45,159475,5417650,17.524543,22425.3,22900.0,22950,ATM+9,CALL,22500,2024-05-07
2024-05-07 09:55:00+05:30,9.5,9.6,9.2,9.45,163375,5417650,17.497676,22426.3,22900.0,22950,ATM+9,CALL,22500,2024-05-07
2024-05-07 09:56:00+05:30,13.1,13.45,12.8,12.8,82950,3144925,17.642298,22415.05,22850.0,22950,ATM+9,CALL,22500,2024-05-07
2024-05-07 09:57:00+05:30,9.2,9.65,9.2,9.55,226025,5356500,17.447425,22429.6,22900.0,22950,ATM+9,CALL,22500,2024-05-07
2024-05-07 09:58:00+05:30,9.5,9.6,9.3,9.4,126075,5356500,17.431455,22428.1,22900.0,22950,ATM+9,CALL,22500,2024-05-07
2024-05-07 09:59:00+05:30,13.15,13.15,12.1,12.1,91875,3137350,17.487443,22412.3,22850.0,22950,ATM+9,CALL,22500,2024-05-07
2024-05-07 10:00:00+05:30,12.1,12.25,11.65,11.75,172575,3123225,18.005576,22391.6,22850.0,22950,ATM+9,CALL,22500,2024-05-07
2024-05-07 10:01:00+05:30,11.75,11.8,11.25,11.8,196600,3123225,17.904817,22395.55,22850.0,22950,ATM+9,CALL,22500,2024-05-07
2024-05-07 10:02:00+05:30,11.85,12.1,11.7,11.95,147725,3123225,18.000974,22394.35,22850.0,22950,ATM+9,CALL,22500,2024-05-07
2024-05-07 10:03:00+05:30,11.95,12.2,11.45,11.55,150175,3116725,18.083908,22386.9,22850.0,22950,ATM+9,CALL,22500,2024-05-07
2024-05-07 10:04:00+05:30,11.5,11.6,11.15,11.3,194825,3116725,18.155364,22381.55,22850.0,22950,ATM+9,CALL,22500,2024-05-07
2024-05-07 10:05:00+05:30,11.25,11.5,11.25,11.4,144525,3116725,18.100125,22384.7,22850.0,22950,ATM+9,CALL,22500,2024-05-07
2024-05-07 10:06:00+05:30,11.3,11.85,11.3,11.85,153700,3106900,17.959881,22394.85,22850.0,22950,ATM+9,CALL,22500,2024-05-07
2024-05-07 10:07:00+05:30,11.8,12.0,11.8,11.95,79575,3106900,17.930094,22397.1,22850.0,22950,ATM+9,CALL,22500,2024-05-07
2024-05-07 10:08:00+05:30,12.0,12.25,11.8,12.2,77325,3106900,18.101944,22394.65,22850.0,22950,ATM+9,CALL,22500,2024-05-07
2024-05-07 10:09:00+05:30,12.15,12.45,12.15,12.4,46550,3112300,17.850744,22405.1,22850.0,22950,ATM+9,CALL,22500,2024-05-07
2024-05-07 10:10:00+05:30,12.35,12.5,12.1,12.35,70225,3112300,17.757047,22407.6,22850.0,22950,ATM+9,CALL,22500,2024-05-07
2024-05-07 10:11:00+05:30,12.35,12.4,11.4,11.65,157075,3112300,17.990888,22391.9,22850.0,22950,ATM+9,CALL,22500,2024-05-07
2024-05-07 10:12:00+05:30,11.65,12.05,11.55,12.05,113750,3102375,17.98966,22396.85,22850.0,22950,ATM+9,CALL,22500,2024-05-07
2024-05-07 10:13:00+05:30,12.05,12.45,11.95,12.25,47850,3102375,18.014761,22398.5,22850.0,22950,ATM+9,CALL,22500,2024-05-07
2024-05-07 10:14:00+05:30,12.3,12.5,12.1,12.15,54825,3102375,17.977825,22398.6,22850.0,22950,ATM+9,CALL,22500,2024-05-07
2024-05-07 10:15:00+05:30,11.95,11.95,11.5,11.9,73925,3109550,18.006597,22394.8,22850.0,22950,ATM+9,CALL,22500,2024-05-07
2024-05-07 10:16:00+05:30,11.85,12.05,11.55,11.55,78825,3109550,17.959936,22392.15,22850.0,22950,ATM+9,CALL,22500,2024-05-07
2024-05-07 10:17:00+05:30,11.55,11.6,11.0,11.05,106650,3109550,18.143786,22380.0,22850.0,22950,ATM+9,CALL,22500,2024-05-07
2024-05-07 10:18:00+05:30,11.05,11.4,10.95,11.3,114100,3137000,18.036821,22386.75,22850.0,22950,ATM+9,CALL,22500,2024-05-07
2024-05-07 10:19:00+05:30,11.2,11.2,10.8,10.9,105550,3137000,17.934337,22385.1,22850.0,22950,ATM+9,CALL,22500,2024-05-07
2024-05-07 10:20:00+05:30,10.8,11.05,10.45,10.95,154650,3137000,18.06883,22381.45,22850.0,22950,ATM+9,CALL,22500,2024-05-07
2024-05-07 10:21:00+05:30,14.5,14.5,13.65,14.2,500475,8894600,18.049311,22370.9,22800.0,22950,ATM+9,CALL,22500,2024-05-07
2024-05-07 10:22:00+05:30,14.2,14.65,14.2,14.35,223875,8894600,18.027794,22373.2,22800.0,22950,ATM+9,CALL,22500,2024-05-07
2024-05-07 10:23:00+05:30,14.25,14.3,13.6,14.05,233200,8894600,18.066249,22369.0,22800.0,22950,ATM+9,CALL,22500,2024-05-07
2024-05-07 10:24:00+05:30,14.05,14.15,13.9,14.0,191425,8803350,18.076547,22368.25,22800.0,22950,ATM+9,CALL,22500,2024-05-07
2024-05-07 10:25:00+05:30,14.05,14.05,13.55,13.65,237325,8803350,18.243051,22359.45,22800.0,22950,ATM+9,CALL,22500,2024-05-07
2024-05-07 10:26:00+05:30,13.6,13.75,13.05,13.6,226050,8803350,18.19986,22360.35,22800.0,22950,ATM+9,CALL,22500,2024-05-07
2024-05-07 10:27:00+05:30,13.6,13.7,13.35,13.5,242100,8804650,18.249848,22357.8,22800.0,22950,ATM+9,CALL,22500,2024-05-07
2024-05-07 10:28:00+05:30,13.6,13.65,12.7,12.8,266475,8804650,18.245285,22350.25,22800.0,22950,ATM+9,CALL,22500,2024-05-07
2024-05-07 10:29:00+05:30,12.8,13.25,12.65,13.15,427375,8804650,18.014984,22361.5,22800.0,22950,ATM+9,CALL,22500,2024-05-07
2024-05-07 10:30:00+05:30,13.3,14.05,13.3,13.85,298700,8830125,17.93199,22371.7,22800.0,22950,ATM+9,CALL,22500,2024-05-07
2024-05-07 10:31:00+05:30,13.85,13.95,13.4,13.9,160150,8830125,18.06989,22368.05,22800.0,22950,ATM+9,CALL,22500,2024-05-07
2024-05-07 10:32:00+05:30,13.9,13.95,13.6,13.6,203250,8830125,18.169664,22361.85,22800.0,22950,ATM+9,CALL,22500,2024-05-07
2024-05-07 10:33:00+05:30,13.75,13.75,13.35,13.5,97575,8893450,18.272694,22357.65,22800.0,22950,ATM+9,CALL,22500,2024-05-07
2024-05-07 10:34:00+05:30,13.55,13.6,12.5,12.6,280825,8893450,18.539831,22339.2,22800.0,22950,ATM+9,CALL,22500,2024-05-07
2024-05-07 10:35:00+05:30,12.65,13.0,12.4,12.85,306475,8893450,18.575882,22341.05,22800.0,22950,ATM+9,CALL,22500,2024-05-07
2024-05-07 10:36:00+05:30,12.8,13.35,12.7,13.25,281750,8887800,18.923567,22334.75,22800.0,22950,ATM+9,CALL,22500,2024-05-07
2024-05-07 10:37:00+05:30,17.1,17.35,16.05,16.2,121275,3587375,18.67411,22324.45,22750.0,22950,ATM+9,CALL,22500,2024-05-07
2024-05-07 10:38:00+05:30,16.05,16.15,15.3,15.8,261350,3587375,18.558116,22324.2,22750.0,22950,ATM+9,CALL,22500,2024-05-07
2024-05-07 10:39:00+05:30,12.3,12.75,12.3,12.6,472175,8916975,18.851235,22329.8,22800.0,22950,ATM+9,CALL,22500,2024-05-07
2024-05-07 10:40:00+05:30,12.45,12.85,12.45,12.7,178100,8916975,18.927676,22328.65,22800.0,22950,ATM+9,CALL,22500,2024-05-07
2024-05-07 10:41:00+05:30,16.2,16.35,15.9,16.3,64300,3660800,18.861445,22320.15,22750.0,22950,ATM+9,CALL,22500,2024-05-07
2024-05-07 10:42:00+05:30,12.7,13.1,12.7,12.95,232575,8853450,18.855462,22334.05,22800.0,22950,ATM+9,CALL,22500,2024-05-07
2024-05-07 10:43:00+05:30,12.9,13.2,12.9,13.0,205775,8853450,19.019276,22329.55,22800.0,22950,ATM+9,CALL,22500,2024-05-07
2024-05-07 10:44:00+05:30,13.05,13.2,12.95,12.95,196875,8853450,18.926568,22332.0,22800.0,22950,ATM+9,CALL,22500,2024-05-07
2024-05-07 10:45:00+05:30,13.0,13.2,12.85,13.2,267425,8792950,18.862066,22337.0,22800.0,22950,ATM+9,CALL,22500,2024-05-07
2024-05-07 10:46:00+05:30,13.2,13.25,12.75,12.85,142800,8792950,18.878708,22332.55,22800.0,22950,ATM+9,CALL,22500,2024-05-07
2024-05-07 10:47:00+05:30,16.6,16.6,15.8,15.8,65350,3636750,18.595726,22323.9,22750.0,22950,ATM+9,CALL,22500,2024-05-07
2024-05-07 10:48:00+05:30,12.35,12.65,12.3,12.6,256700,8803600,18.913889,22328.7,22800.0,22950,ATM+9,CALL,22500,2024-05-07
2024-05-07 10:49:00+05:30,16.35,16.35,15.5,15.5,46475,3645325,18.665692,22319.05,22750.0,22950,ATM+9,CALL,22500,2024-05-07
2024-05-07 10:50:00+05:30,15.6,15.75,15.25,15.7,239225,3645325,18.556228,22324.4,22750.0,22950,ATM+9,CALL,22500,2024-05-07
2024-05-07 10:51:00+05:30,15.7,15.75,14.6,15.1,163000,3703250,18.792536,22311.4,22750.0,22950,ATM+9,CALL,22500,2024-05-07
2024-05-07 10:52:00+05:30,15.1,15.25,14.7,14.9,115000,3703250,18.842065,22307.95,22750.0,22950,ATM+9,CALL,22500,2024-05-07
2024-05-07 10:53:00+05:30,14.85,15.15,14.5,14.6,95950,3703250,18.846863,22304.8,22750.0,22950,ATM+9,CALL,22500,2024-05-07
2024-05-07 10:54:00+05:30,14.55,14.7,14.1,14.45,81225,3697975,18.955067,22300.0,22750.0,22950,ATM+9,CALL,22500,2024-05-07
2024-05-07 10:55:00+05:30,14.4,15.45,14.4,15.4,113850,3697975,18.554079,22322.0,22750.0,22950,ATM+9,CALL,22500,2024-05-07
2024-05-07 10:56:00+05:30,15.4,15.75,15.35,15.7,102325,3697975,18.666054,22321.65,22750.0,22950,ATM+9,CALL,22500,2024-05-07
2024-05-07 10:57:00+05:30,12.25,12.7,12.2,12.55,147650,8725350,18.882399,22330.0,22800.0,22950,ATM+9,CALL,22500,2024-05-07
2024-05-07 10:58:00+05:30,12.6,13.0,12.35,12.95,82100,8725350,18.74822,22339.0,22800.0,22950,ATM+9,CALL,22500,2024-05-07
2024-05-07 10:59:00+05:30,13.0,13.3,12.95,13.0,199300,8725350,18.610409,22344.0,22800.0,22950,ATM+9,CALL,22500,2024-05-07
2024-05-07 11:00:00+05:30,12.85,12.85,12.15,12.35,85250,8803725,18.747526,22332.2,22800.0,22950,ATM+9,CALL,22500,2024-05-07
2024-05-07 11:01:00+05:30,12.35,12.55,12.15,12.45,127300,8803725,18.778674,22332.5,22800.0,22950,ATM+9,CALL,22500,2024-05-07
2024-05-07 11:02:00+05:30,12.5,12.7,12.35,12.7,59325,8803725,18.781528,22335.45,22800.0,22950,ATM+9,CALL,22500,2024-05-07
2024-05-07 11:03:00+05:30,12.7,12.95,12.6,12.9,134800,8812125,18.818596,22336.7,22800.0,22950,ATM+9,CALL,22500,2024-05-07
2024-05-07 11:04:00+05:30,12.9,12.9,12.05,12.05,146600,8812125,18.85974,22325.4,22800.0,22950,ATM+9,CALL,22500,2024-05-07
2024-05-07 11:05:00+05:30,15.5,15.65,15.2,15.35,60875,3678175,18.563665,22322.15,22750.0,22950,ATM+9,CALL,22500,2024-05-07
2024-05-07 11:06:00+05:30,11.95,12.2,11.85,12.2,89750,8807175,18.887209,22326.55,22800.0,22950,ATM+9,CALL,22500,2024-05-07
2024-05-07 11:07:00+05:30,15.75,15.75,14.7,14.7,81475,3700525,18.697082,22311.75,22750.0,22950,ATM+9,CALL,22500,2024-05-07
2024-05-07 11:08:00+05:30,14.65,14.85,14.55,14.85,84400,3700525,18.670096,22314.2,22750.0,22950,ATM+9,CALL,22500,2024-05-07
2024-05-07 11:09:00+05:30,11.45,12.0,11.4,11.95,79450,8763400,18.807244,22326.35,22800.0,22950,ATM+9,CALL,22500,2024-05-07
2024-05-07 11:10:00+05:30,15.5,15.75,15.05,15.25,50525,3712425,18.536475,22322.45,22750.0,22950,ATM+9,CALL,22500,2024-05-07
2024-05-07 11:11:00+05:30,15.35,15.65,15.25,15.5,26675,3712425,18.584649,22323.55,22750.0,22950,ATM+9,CALL,22500,2024-05-07
2024-05-07 11:12:00+05:30,15.4,15.55,15.15,15.25,22775,3710675,18.595659,22320.85,22750.0,22950,ATM+9,CALL,22500,2024-05-07
2024-05-07 11:13:00+05:30,15.25,15.25,14.4,14.4,40150,3710675,18.645245,22310.8,22750.0,22950,ATM+9,CALL,22500,2024-05-07
2024-05-07 11:14:00+05:30,14.35,14.55,13.85,14.2,101975,3710675,18.80164,22304.0,22750.0,22950,ATM+9,CALL,22500,2024-05-07
2024-05-07 11:15:00+05:30,14.2,14.55,13.6,14.25,165900,3720075,19.014085,22298.1,22750.0,22950,ATM+9,CALL,22500,2024-05-07
2024-05-07 11:16:00+05:30,14.2,14.3,13.75,13.95,164625,3720075,19.077783,22293.0,22750.0,22950,ATM+9,CALL,22500,2024-05-07
2024-05-07 11:17:00+05:30,14.0,14.05,13.25,13.25,164550,3720075,19.209377,22281.2,22750.0,22950,ATM+9,CALL,22500,2024-05-07
2024-05-07 11:18:00+05:30,13.25,13.7,12.95,13.1,354850,3742400,19.163972,22281.0,22750.0,22950,ATM+9,CALL,22500,2024-05-07
2024-05-07 11:19:00+05:30,13.1,13.6,12.9,13.5,113850,3742400,19.059413,22288.9,22750.0,22950,ATM+9,CALL,22500,2024-05-07
2024-05-07 11:20:00+05:30,13.5,13.7,13.3,13.35,154525,3742400,19.083947,22286.55,22750.0,22950,ATM+9,CALL,22500,2024-05-07
2024-05-07 11:21:00+05:30,13.4,13.4,12.8,13.15,94975,3752825,19.129586,22282.95,22750.0,22950,ATM+9,CALL,22500,2024-05-07
2024-05-07 11:22:00+05:30,13.25,13.55,13.2,13.35,51800,3752825,19.192992,22283.35,22750.0,22950,ATM+9,CALL,22500,2024-05-07
2024-05-07 11:23:00+05:30,17.1,17.15,16.2,16.35,221600,8238800,18.945205,22273.35,22700.0,22950,ATM+9,CALL,22500,2024-05-07
2024-05-07 11:24:00+05:30,16.25,16.4,15.8,16.25,309225,8224200,19.060957,22269.05,22700.0,22950,ATM+9,CALL,22500,2024-05-07
2024-05-07 11:25:00+05:30,16.15,16.4,15.95,16.2,129875,8224200,19.131964,22266.55,22700.0,22950,ATM+9,CALL,22500,2024-05-07
2024-05-07 11:26:00+05:30,16.15,16.25,15.85,15.85,300650,8224200,19.262079,22259.35,22700.0,22950,ATM+9,CALL,22500,2024-05-07
2024-05-07 11:27:00+05:30,15.9,16.25,15.65,15.95,231550,8188300,19.07081,22266.15,22700.0,22950,ATM+9,CALL,22500,2024-05-07
2024-05-07 11:28:00+05:30,15.8,15.95,15.3,15.6,258075,8188300,19.280919,22256.5,22700.0,22950,ATM+9,CALL,22500,2024-05-07
2024-05-07 11:29:00+05:30,15.65,16.15,15.55,16.05,162150,8188300,19.094592,22266.6,22700.0,22950,ATM+9,CALL,22500,2024-05-07
2024-05-07 11:30:00+05:30,16.1,16.45,16.05,16.2,192450,8182000,18.951419,22272.4,22700.0,22950,ATM+9,CALL,22500,2024-05-07
2024-05-07 11:31:00+05:30,12.65,12.85,12.55,12.6,141975,3817375,19.107113,22278.25,22750.0,22950,ATM+9,CALL,22500,2024-05-07
2024-05-07 11:32:00+05:30,16.3,16.3,15.75,16.15,169525,8182000,18.864342,22274.7,22700.0,22950,ATM+9,CALL,22500,2024-05-07
2024-05-07 11:33:00+05:30,16.2,16.3,15.7,15.75,116875,8162550,18.971256,22267.75,22700.0,22950,ATM+9,CALL,22500,2024-05-07
2024-05-07 11:34:00+05:30,15.8,16.1,15.4,15.45,169475,8162550,18.99931,22264.05,22700.0,22950,ATM+9,CALL,22500,2024-05-07
2024-05-07 11:35:00+05:30,15.4,15.75,15.35,15.55,147500,8162550,19.010526,22264.8,22700.0,22950,ATM+9,CALL,22500,2024-05-07
2024-05-07 11:36:00+05:30,15.55,15.8,15.1,15.55,370525,8204600,19.246922,22257.8,22700.0,22950,ATM+9,CALL,22500,2024-05-07
2024-05-07 11:37:00+05:30,15.65,15.65,14.45,14.55,559475,8204600,19.492412,22240.15,22700.0,22950,ATM+9,CALL,22500,2024-05-07
2024-05-07 11:38:00+05:30,14.55,15.1,14.55,14.85,467875,8204600,19.691788,22237.35,22700.0,22950,ATM+9,CALL,22500,2024-05-07
2024-05-07 11:39:00+05:30,14.85,15.1,14.65,14.9,328075,8122550,19.605609,22240.6,22700.0,22950,ATM+9,CALL,22500,2024-05-07
2024-05-07 11:40:00+05:30,15.0,15.8,14.9,15.65,252425,8122550,19.580959,22249.15,22700.0,22950,ATM+9,CALL,22500,2024-05-07
2024-05-07 11:41:00+05:30,15.65,16.25,15.6,16.15,241275,8122550,19.306595,22262.4,22700.0,22950,ATM+9,CALL,22500,2024-05-07
2024-05-07 11:42:00+05:30,16.0,16.4,16.0,16.25,178900,8195000,19.317129,22263.15,22700.0,22950,ATM+9,CALL,22500,2024-05-07
2024-05-07 11:43:00+05:30,16.35,16.5,15.85,15.9,139750,8195000,19.365316,22258.4,22700.0,22950,ATM+9,CALL,22500,2024-05-07
2024-05-07 11:44:00+05:30,15.95,16.85,15.85,16.75,197775,8195000,19.156392,22272.85,22700.0,22950,ATM+9,CALL,22500,2024-05-07
2024-05-07 11:45:00+05:30,13.05,13.3,12.65,13.3,153825,3887275,19.443234,22277.3,22750.0,22950,ATM+9,CALL,22500,2024-05-07
2024-05-07 11:46:00+05:30,13.45,13.7,13.4,13.65,85875,3887275,19.28233,22286.35,22750.0,22950,ATM+9,CALL,22500,2024-05-07
2024-05-07 11:47:00+05:30,13.65,14.35,13.55,13.55,96900,3887275,19.163835,22289.0,22750.0,22950,ATM+9,CALL,22500,2024-05-07
2024-05-07 11:48:00+05:30,13.55,13.85,13.5,13.85,91750,3877100,19.295794,22288.35,22750.0,22950,ATM+9,CALL,22500,2024-05-07
2024-05-07 11:49:00+05:30,13.8,14.05,13.55,13.55,47775,3877100,19.335094,22283.9,22750.0,22950,ATM+9,CALL,22500,2024-05-07
2024-05-07 11:50:00+05:30,13.6,13.6,13.05,13.1,53525,3877100,19.319895,22279.35,22750.0,22950,ATM+9,CALL,22500,2024-05-07
2024-05-07 11:51:00+05:30,16.9,17.1,16.15,16.45,98075,8209450,19.201865,22269.35,22700.0,22950,ATM+9,CALL,22500,2024-05-07
2024-05-07 11:52:00+05:30,12.65,13.6,12.55,13.5,64600,3890200,19.454162,22279.95,22750.0,22950,ATM+9,CALL,22500,2024-05-07
2024-05-07 11:53:00+05:30,13.5,13.8,13.4,13.7,29525,3890200,19.295548,22287.2,22750.0,22950,ATM+9,CALL,22500,2024-05-07
2024-05-07 11:54:00+05:30,13.7,14.05,13.6,14.05,62375,3912250,19.179699,22294.7,22750.0,22950,ATM+9,CALL,22500,2024-05-07
2024-05-07 11:55:00+05:30,14.0,14.2,13.8,13.95,90600,3912250,19.134551,22295.1,22750.0,22950,ATM+9,CALL,22500,2024-05-07
2024-05-07 11:56:00+05:30,13.95,13.95,13.05,13.05,131525,3912250,19.213328,22282.7,22750.0,22950,ATM+9,CALL,22500,2024-05-07
2024-05-07 11:57:00+05:30,13.15,13.3,12.9,13.2,134250,3871200,19.341104,22280.55,22750.0,22950,ATM+9,CALL,22500,2024-05-07
2024-05-07 11:58:00+05:30,13.25,13.45,12.95,13.3,80325,3871200,19.476172,22277.6,22750.0,22950,ATM+9,CALL,22500,2024-05-07
2024-05-07 11:59:00+05:30,17.25,17.6,16.85,17.05,102100,8247700,19.318615,22272.3,22700.0,22950,ATM+9,CALL,22500,2024-05-07
2024-05-07 12:00:00+05:30,16.95,17.0,16.15,16.25,142075,8233550,19.318542,22264.85,22700.0,22950,ATM+9,CALL,22500,2024-05-07
2024-05-07 12:01:00+05:30,16.35,16.6,16.1,16.35,126200,8233550,19.25119,22267.9,22700.0,22950,ATM+9,CALL,22500,2024-05-07
2024-05-07 12:02:00+05:30,16.55,16.8,16.4,16.5,82050,8233550,19.421207,22264.4,22700.0,22950,ATM+9,CALL,22500,2024-05-07
2024-05-07 12:03:00+05:30,16.3,16.3,15.75,15.75,207200,8296400,19.327534,22260.0,22700.0,22950,ATM+9,CALL,22500,2024-05-07
2024-05-07 12:04:00+05:30,15.8,16.9,15.8,16.85,106800,8296400,19.2751,22272.2,22700.0,22950,ATM+9,CALL,22500,2024-05-07
2024-05-07 12:05:00+05:30,13.1,13.45,12.95,13.35,30175,3831100,19.580492,22275.65,22750.0,22950,ATM+9,CALL,22500,2024-05-07
2024-05-07 12:06:00+05:30,13.35,13.6,13.25,13.45,37650,3802200,19.551293,22277.8,22750.0,22950,ATM+9,CALL,22500,2024-05-07
2024-05-07 12:07:00+05:30,17.2,17.2,16.15,16.45,62700,8282625,19.196285,22271.05,22700.0,22950,ATM+9,CALL,22500,2024-05-07
2024-05-07 12:08:00+05:30,16.5,16.75,15.9,15.9,71550,8282625,19.171526,22266.6,22700.0,22950,ATM+9,CALL,22500,2024-05-07
2024-05-07 12:09:00+05:30,15.95,16.15,15.7,15.7,513775,8299300,19.189692,22264.2,22700.0,22950,ATM+9,CALL,22500,2024-05-07
2024-05-07 12:10:00+05:30,15.7,16.15,15.5,15.6,88950,8299300,19.245375,22261.65,22700.0,22950,ATM+9,CALL,22500,2024-05-07
2024-05-07 12:11:00+05:30,15.7,16.3,15.65,16.25,62400,8299300,19.210885,22269.1,22700.0,22950,ATM+9,CALL,22500,2024-05-07
2024-05-07 12:12:00+05:30,12.55,12.85,12.45,12.85,22575,3810475,19.356224,22277.55,22750.0,22950,ATM+9,CALL,22500,2024-05-07
2024-05-07 12:13:00+05:30,12.9,13.45,12.8,13.35,39225,3810475,19.272625,22286.0,22750.0,22950,ATM+9,CALL,22500,2024-05-07
2024-05-07 12:14:00+05:30,13.35,13.5,13.2,13.25,41800,3810475,19.444307,22279.65,22750.0,22950,ATM+9,CALL,22500,2024-05-07
2024-05-07 12:15:00+05:30,13.25,13.55,12.9,13.4,51200,3810475,19.333066,22284.9,22750.0,22950,ATM+9,CALL,22500,2024-05-07
2024-05-07 12:16:00+05:30,13.4,13.45,13.05,13.35,34325,3821475,19.039354,22293.5,22750.0,22950,ATM+9,CALL,22500,2024-05-07
2024-05-07 12:17:00+05:30,13.35,13.7,13.2,13.55,42600,3821475,19.136111,22292.85,22750.0,22950,ATM+9,CALL,22500,2024-05-07
2024-05-07 12:18:00+05:30,13.65,13.95,13.5,13.85,41875,3821475,19.165461,22295.35,22750.0,22950,ATM+9,CALL,22500,2024-05-07
2024-05-07 12:19:00+05:30,13.9,14.1,13.55,13.55,45000,3809425,19.16864,22292.05,22750.0,22950,ATM+9,CALL,22500,2024-05-07
2024-05-07 12:20:00+05:30,13.6,14.2,13.45,14.05,58075,3809425,19.19062,22296.95,22750.0,22950,ATM+9,CALL,22500,2024-05-07
2024-05-07 12:21:00+05:30,14.05,14.05,13.1,13.1,54775,3809425,19.218141,22285.65,22750.0,22950,ATM+9,CALL,22500,2024-05-07
2024-05-07 12:22:00+05:30,13.15,13.35,12.6,12.8,52150,3810750,19.093779,22286.15,22750.0,22950,ATM+9,CALL,22500,2024-05-07
2024-05-07 12:23:00+05:30,12.75,13.3,12.65,13.25,34925,3810750,19.085619,22291.65,22750.0,22950,ATM+9,CALL,22500,2024-05-07
2024-05-07 12:24:00+05:30,13.25,13.8,13.2,13.65,83325,3810750,18.984497,22299.3,22750.0,22950,ATM+9,CALL,22500,2024-05-07
2024-05-07 12:25:00+05:30,13.65,14.2,13.65,14.15,72175,3814025,18.995717,22304.45,22750.0,22950,ATM+9,CALL,22500,2024-05-07
2024-05-07 12:26:00+05:30,14.15,14.15,13.5,13.55,50600,3814025,18.997552,22298.0,22750.0,22950,ATM+9,CALL,22500,2024-05-07
2024-05-07 12:27:00+05:30,13.55,13.55,13.05,13.2,47900,3814025,18.947277,22295.75,22750.0,22950,ATM+9,CALL,22500,2024-05-07
2024-05-07 12:28:00+05:30,13.2,13.7,13.2,13.6,46975,3808050,19.084018,22296.1,22750.0,22950,ATM+9,CALL,22500,2024-05-07
2024-05-07 12:29:00+05:30,13.65,13.7,13.4,13.55,17300,3808050,19.101884,22295.1,22750.0,22950,ATM+9,CALL,22500,2024-05-07
2024-05-07 12:30:00+05:30,13.6,13.85,12.7,12.85,62025,3808050,19.199758,22284.25,22750.0,22950,ATM+9,CALL,22500,2024-05-07
2024-05-07 12:31:00+05:30,12.75,13.1,12.6,12.8,26125,3812300,19.082765,22287.4,22750.0,22950,ATM+9,CALL,22500,2024-05-07
2024-05-07 12:32:00+05:30,12.8,13.15,12.75,12.75,14750,3812300,19.08182,22286.95,22750.0,22950,ATM+9,CALL,22500,2024-05-07
2024-05-07 12:33:00+05:30,12.75,13.05,12.7,12.8,20575,3812300,19.140881,22285.8,22750.0,22950,ATM+9,CALL,22500,2024-05-07
2024-05-07 12:34:00+05:30,12.8,12.8,12.35,12.35,27400,3817425,19.111991,22281.5,22750.0,22950,ATM+9,CALL,22500,2024-05-07
2024-05-07 12:35:00+05:30,12.35,12.55,12.05,12.2,69275,3817425,19.206235,22276.85,22750.0,22950,ATM+9,CALL,22500,2024-05-07
2024-05-07 12:36:00+05:30,15.7,16.05,15.15,15.25,210100,8220300,19.055715,22266.35,22700.0,22950,ATM+9,CALL,22500,2024-05-07
2024-05-07 12:37:00+05:30,15.25,15.5,15.2,15.25,79100,8273250,19.156345,22263.45,22700.0,22950,ATM+9,CALL,22500,2024-05-07
2024-05-07 12:38:00+05:30,15.0,15.25,14.9,15.15,189525,8273250,19.26832,22259.2,22700.0,22950,ATM+9,CALL,22500,2024-05-07
2024-05-07 12:39:00+05:30,15.15,15.55,15.15,15.3,95900,8273250,19.280432,22260.45,22700.0,22950,ATM+9,CALL,22500,2024-05-07
2024-05-07 12:40:00+05:30,15.3,15.65,15.25,15.4,62125,8295250,19.349314,22259.5,22700.0,22950,ATM+9,CALL,22500,2024-05-07
2024-05-07 12:41:00+05:30,15.25,15.55,15.15,15.25,103175,8295250,19.312088,22259.2,22700.0,22950,ATM+9,CALL,22500,2024-05-07
2024-05-07 12:42:00+05:30,15.3,15.75,15.3,15.6,77600,8295250,19.193883,22266.3,22700.0,22950,ATM+9,CALL,22500,2024-05-07
2024-05-07 12:43:00+05:30,15.55,15.7,14.4,14.65,100075,8327275,19.113904,22259.2,22700.0,22950,ATM+9,CALL,22500,2024-05-07
2024-05-07 12:44:00+05:30,14.7,14.8,14.25,14.55,147200,8327275,19.288865,22253.0,22700.0,22950,ATM+9,CALL,22500,2024-05-07
2024-05-07 12:45:00+05:30,14.55,14.95,14.5,14.9,119900,8327275,19.21463,22258.95,22700.0,22950,ATM+9,CALL,22500,2024-05-07
2024-05-07 12:46:00+05:30,14.95,15.2,14.85,15.1,111700,8358600,19.261011,22259.7,22700.0,22950,ATM+9,CALL,22500,2024-05-07
2024-05-07 12:47:00+05:30,15.1,15.25,14.95,15.15,109025,8358600,19.296386,22259.25,22700.0,22950,ATM+9,CALL,22500,2024-05-07
2024-05-07 12:48:00+05:30,15.25,15.3,15.0,15.2,73125,8358600,19.256249,22261.05,22700.0,22950,ATM+9,CALL,22500,2024-05-07
2024-05-07 12:49:00+05:30,15.15,15.6,15.15,15.6,89475,8362925,19.069892,22270.65,22700.0,22950,ATM+9,CALL,22500,2024-05-07
2024-05-07 12:50:00+05:30,15.65,15.9,15.35,15.75,145775,8362925,19.215905,22267.9,22700.0,22950,ATM+9,CALL,22500,2024-05-07
2024-05-07 12:51:00+05:30,15.8,15.85,15.3,15.4,118875,8362925,19.342109,22260.8,22700.0,22950,ATM+9,CALL,22500,2024-05-07
2024-05-07 12:52:00+05:30,15.4,15.45,14.7,14.8,153425,8384700,19.402134,22253.0,22700.0,22950,ATM+9,CALL,22500,2024-05-07
2024-05-07 12:53:00+05:30,14.8,14.95,13.65,13.65,369750,8384700,19.015362,22252.55,22700.0,22950,ATM+9,CALL,22500,2024-05-07
2024-05-07 12:54:00+05:30,14.0,14.1,13.15,13.35,313725,8384700,19.228205,22242.85,22700.0,22950,ATM+9,CALL,22500,2024-05-07
2024-05-07 12:55:00+05:30,13.35,14.0,13.35,14.0,244850,8311425,19.513299,22241.45,22700.0,22950,ATM+9,CALL,22500,2024-05-07
2024-05-07 12:56:00+05:30,14.0,14.65,14.0,14.5,175675,8311425,19.183033,22256.85,22700.0,22950,ATM+9,CALL,22500,2024-05-07
2024-05-07 12:57:00+05:30,14.6,14.8,14.4,14.75,99925,8311425,19.119145,22261.45,22700.0,22950,ATM+9,CALL,22500,2024-05-07
2024-05-07 12:58:00+05:30,14.8,15.1,14.7,14.95,119650,8303950,19.21104,22260.85,22700.0,22950,ATM+9,CALL,22500,2024-05-07
2024-05-07 12:59:00+05:30,14.9,15.05,14.6,14.9,95575,8303950,19.212339,22260.4,22700.0,22950,ATM+9,CALL,22500,2024-05-07
2024-05-07 13:00:00+05:30,15.0,15.0,14.55,14.9,94025,8303950,19.247491,22259.45,22700.0,22950,ATM+9,CALL,22500,2024-05-07
2024-05-07 13:01:00+05:30,14.9,14.95,14.6,14.9,106675,8304100,19.33122,22257.05,22700.0,22950,ATM+9,CALL,22500,2024-05-07
2024-05-07 13:02:00+05:30,14.8,14.85,13.95,13.95,257450,8304100,19.059451,22255.35,22700.0,22950,ATM+9,CALL,22500,2024-05-07
2024-05-07 13:03:00+05:30,13.95,14.05,13.6,13.85,345275,8304100,19.154503,22251.5,22700.0,22950,ATM+9,CALL,22500,2024-05-07
2024-05-07 13:04:00+05:30,13.8,13.85,13.2,13.2,259575,8196725,19.127582,22245.25,22700.0,22950,ATM+9,CALL,22500,2024-05-07
2024-05-07 13:05:00+05:30,13.2,13.7,13.1,13.7,195975,8196725,19.146922,22250.3,22700.0,22950,ATM+9,CALL,22500,2024-05-07
2024-05-07 13:06:00+05:30,13.7,13.9,13.65,13.75,69175,8196725,19.319957,22245.7,22700.0,22950,ATM+9,CALL,22500,2024-05-07
2024-05-07 13:07:00+05:30,13.7,13.8,13.4,13.6,83800,8119575,19.336419,22243.65,22700.0,22950,ATM+9,CALL,22500,2024-05-07
2024-05-07 13:08:00+05:30,13.55,13.8,13.45,13.6,124350,8119575,19.382513,22242.35,22700.0,22950,ATM+9,CALL,22500,2024-05-07
2024-05-07 13:09:00+05:30,13.55,13.7,13.3,13.6,166575,8119575,19.374347,22242.7,22700.0,22950,ATM+9,CALL,22500,2024-05-07
2024-05-07 13:10:00+05:30,13.65,13.95,13.65,13.85,106125,8186375,19.240506,22249.6,22700.0,22950,ATM+9,CALL,22500,2024-05-07
2024-05-07 13:11:00+05:30,13.95,14.2,13.85,14.0,166325,8186375,19.231233,22251.6,22700.0,22950,ATM+9,CALL,22500,2024-05-07
2024-05-07 13:12:00+05:30,14.0,14.0,13.45,13.5,63200,8186375,19.336369,22243.05,22700.0,22950,ATM+9,CALL,22500,2024-05-07
2024-05-07 13:13:00+05:30,13.45,13.6,13.3,13.45,53550,8208200,19.29019,22244.0,22700.0,22950,ATM+9,CALL,22500,2024-05-07
2024-05-07 13:14:00+05:30,13.65,13.8,13.35,13.35,98350,8208200,19.397955,22239.7,22700.0,22950,ATM+9,CALL,22500,2024-05-07
2024-05-07 13:15:00+05:30,13.45,13.65,13.05,13.65,106825,8208200,19.439018,22241.9,22700.0,22950,ATM+9,CALL,22500,2024-05-07
2024-05-07 13:16:00+05:30,13.6,13.95,13.55,13.75,123550,8194075,19.430934,22243.35,22700.0,22950,ATM+9,CALL,22500,2024-05-07
2024-05-07 13:17:00+05:30,13.75,14.05,13.75,14.0,107075,8194075,19.262822,22251.25,22700.0,22950,ATM+9,CALL,22500,2024-05-07
2024-05-07 13:18:00+05:30,14.05,14.05,13.8,13.95,122325,8194075,19.309642,22249.4,22700.0,22950,ATM+9,CALL,22500,2024-05-07
2024-05-07 13:19:00+05:30,14.0,14.65,13.9,14.65,142500,8173425,19.204407,22260.05,22700.0,22950,ATM+9,CALL,22500,2024-05-07
2024-05-07 13:20:00+05:30,14.55,14.95,14.4,14.85,129200,8173425,18.967097,22269.25,22700.0,22950,ATM+9,CALL,22500,2024-05-07
2024-05-07 13:21:00+05:30,11.75,12.15,11.65,12.15,63700,3684600,19.323126,22277.35,22750.0,22950,ATM+9,CALL,22500,2024-05-07
2024-05-07 13:22:00+05:30,15.4,15.9,14.9,14.9,232350,8234250,18.803262,22274.8,22700.0,22950,ATM+9,CALL,22500,2024-05-07
2024-05-07 13:23:00+05:30,14.75,14.85,14.2,14.35,224250,8234250,18.870567,22267.3,22700.0,22950,ATM+9,CALL,22500,2024-05-07
2024-05-07 13:24:00+05:30,14.35,14.5,13.85,14.05,152925,8234250,19.006169,22260.2,22700.0,22950,ATM+9,CALL,22500,2024-05-07
2024-05-07 13:25:00+05:30,14.05,14.55,14.05,14.55,63725,8277125,19.055511,22264.05,22700.0,22950,ATM+9,CALL,22500,2024-05-07
2024-05-07 13:26:00+05:30,14.5,14.9,14.35,14.7,60750,8277125,18.935597,22269.25,22700.0,22950,ATM+9,CALL,22500,2024-05-07
2024-05-07 13:27:00+05:30,11.6,11.9,11.5,11.85,22550,3633900,19.218854,22277.55,22750.0,22950,ATM+9,CALL,22500,2024-05-07
2024-05-07 13:28:00+05:30,11.85,12.0,11.7,11.9,51425,3641075,19.129592,22281.05,22750.0,22950,ATM+9,CALL,22500,2024-05-07
2024-05-07 13:29:00+05:30,11.9,12.3,11.8,12.3,88275,3641075,19.196948,22283.9,22750.0,22950,ATM+9,CALL,22500,2024-05-07
2024-05-07 13:30:00+05:30,12.4,12.45,11.8,11.9,79900,3641075,19.113745,22281.75,22750.0,22950,ATM+9,CALL,22500,2024-05-07
2024-05-07 13:31:00+05:30,11.8,11.9,11.5,11.6,118575,3631025,19.17271,22276.3,22750.0,22950,ATM+9,CALL,22500,2024-05-07
2024-05-07 13:32:00+05:30,11.5,12.6,11.4,12.25,177100,3631025,18.940151,22291.55,22750.0,22950,ATM+9,CALL,22500,2024-05-07
2024-05-07 13:33:00+05:30,12.3,12.65,11.75,11.85,106675,3631025,19.030104,22284.05,22750.0,22950,ATM+9,CALL,22500,2024-05-07
2024-05-07 13:34:00+05:30,11.95,12.05,11.55,11.85,92325,3632275,18.980343,22285.7,22750.0,22950,ATM+9,CALL,22500,2024-05-07
2024-05-07 13:35:00+05:30,11.95,12.3,11.95,12.2,52875,3632275,18.985863,22289.85,22750.0,22950,ATM+9,CALL,22500,2024-05-07
2024-05-07 13:36:00+05:30,12.2,12.6,11.95,12.55,64875,3632275,18.92954,22295.8,22750.0,22950,ATM+9,CALL,22500,2024-05-07
2024-05-07 13:37:00+05:30,12.55,12.6,11.9,12.3,75150,3626425,18.777796,22297.65,22750.0,22950,ATM+9,CALL,22500,2024-05-07
2024-05-07 13:38:00+05:30,12.35,12.9,12.3,12.75,110050,3626425,18.538342,22310.25,22750.0,22950,ATM+9,CALL,22500,2024-05-07
2024-05-07 13:39:00+05:30,12.85,13.3,12.75,12.9,185900,3626425,18.522819,22312.5,22750.0,22950,ATM+9,CALL,22500,2024-05-07
2024-05-07 13:40:00+05:30,12.85,13.0,12.1,12.2,155300,3647050,18.447046,22306.95,22750.0,22950,ATM+9,CALL,22500,2024-05-07
2024-05-07 13:41:00+05:30,12.4,12.9,12.2,12.9,144225,3647050,18.450256,22314.9,22750.0,22950,ATM+9,CALL,22500,2024-05-07
2024-05-07 13:42:00+05:30,13.0,13.3,12.8,13.3,125825,3647050,18.306895,22323.7,22750.0,22950,ATM+9,CALL,22500,2024-05-07
2024-05-07 13:43:00+05:30,13.3,13.35,12.85,13.1,83625,3663050,18.215243,22324.4,22750.0,22950,ATM+9,CALL,22500,2024-05-07
2024-05-07 13:44:00+05:30,13.05,13.1,12.6,12.6,52125,3663050,18.035511,22324.45,22750.0,22950,ATM+9,CALL,22500,2024-05-07
2024-05-07 13:45:00+05:30,12.4,12.6,11.6,11.8,93025,3663050,18.081615,22314.0,22750.0,22950,ATM+9,CALL,22500,2024-05-07
2024-05-07 13:46:00+05:30,9.1,9.95,9.05,9.9,283725,9207875,18.478295,22326.1,22800.0,22950,ATM+9,CALL,22500,2024-05-07
2024-05-07 13:47:00+05:30,10.0,10.1,9.8,9.9,162350,9207875,18.414418,22328.25,22800.0,22950,ATM+9,CALL,22500,2024-05-07
2024-05-07 13:48:00+05:30,12.85,12.85,11.9,12.1,58400,3644200,17.981231,22320.85,22750.0,22950,ATM+9,CALL,22500,2024-05-07
2024-05-07 13:49:00+05:30,12.15,12.2,11.85,11.9,58275,3645700,18.111261,22314.65,22750.0,22950,ATM+9,CALL,22500,2024-05-07
2024-05-07 13:50:00+05:30,11.85,11.95,10.9,11.0,110050,3645700,18.229494,22300.2,22750.0,22950,ATM+9,CALL,22500,2024-05-07
2024-05-07 13:51:00+05:30,10.85,11.4,10.85,11.35,68100,3645700,18.327098,22301.6,22750.0,22950,ATM+9,CALL,22500,2024-05-07
2024-05-07 13:52:00+05:30,11.3,11.55,10.5,10.8,88050,3639625,18.238223,22297.6,22750.0,22950,ATM+9,CALL,22500,2024-05-07
2024-05-07 13:53:00+05:30,10.7,10.95,10.7,10.95,50675,3639625,18.32298,22296.95,22750.0,22950,ATM+9,CALL,22500,2024-05-07
2024-05-07 13:54:00+05:30,10.95,11.45,10.95,11.45,68275,3639625,18.26481,22305.05,22750.0,22950,ATM+9,CALL,22500,2024-05-07
2024-05-07 13:55:00+05:30,11.5,11.5,11.05,11.2,52350,3618475,18.40582,22297.7,22750.0,22950,ATM+9,CALL,22500,2024-05-07
2024-05-07 13:56:00+05:30,11.2,11.6,11.2,11.55,20325,3618475,18.276375,22306.1,22750.0,22950,ATM+9,CALL,22500,2024-05-07
2024-05-07 13:57:00+05:30,11.5,11.85,11.5,11.85,48550,3618475,18.221873,22311.45,22750.0,22950,ATM+9,CALL,22500,2024-05-07
2024-05-07 13:58:00+05:30,11.95,12.4,11.85,12.05,80200,3614850,18.283427,22312.0,22750.0,22950,ATM+9,CALL,22500,2024-05-07
2024-05-07 13:59:00+05:30,12.05,12.05,11.4,11.7,54025,3614850,18.178764,22311.2,22750.0,22950,ATM+9,CALL,22500,2024-05-07
2024-05-07 14:00:00+05:30,11.7,12.2,11.45,12.15,51250,3614850,18.239437,22314.7,22750.0,22950,ATM+9,CALL,22500,2024-05-07
2024-05-07 14:01:00+05:30,12.15,12.25,11.9,12.25,54300,3637050,18.126122,22319.4,22750.0,22950,ATM+9,CALL,22500,2024-05-07
2024-05-07 14:02:00+05:30,12.25,12.3,12.05,12.15,100200,3637050,18.027878,22321.35,22750.0,22950,ATM+9,CALL,22500,2024-05-07
2024-05-07 14:03:00+05:30,12.15,12.35,11.75,12.3,35925,3637050,17.980155,22324.6,22750.0,22950,ATM+9,CALL,22500,2024-05-07
2024-05-07 14:04:00+05:30,9.45,9.65,9.45,9.55,110475,9064400,18.361433,22326.8,22800.0,22950,ATM+9,CALL,22500,2024-05-07
2024-05-07 14:05:00+05:30,12.3,12.55,11.3,11.35,89200,3628875,17.886951,22316.6,22750.0,22950,ATM+9,CALL,22500,2024-05-07
2024-05-07 14:06:00+05:30,11.4,11.4,10.95,11.3,107775,3628875,17.971049,22313.5,22750.0,22950,ATM+9,CALL,22500,2024-05-07
2024-05-07 14:07:00+05:30,11.3,11.9,11.3,11.9,79950,3640725,17.987232,22320.2,22750.0,22950,ATM+9,CALL,22500,2024-05-07
2024-05-07 14:08:00+05:30,11.9,12.25,11.85,12.25,74050,3640725,18.005415,22323.75,22750.0,22950,ATM+9,CALL,22500,2024-05-07
2024-05-07 14:09:00+05:30,12.35,12.45,12.1,12.25,39250,3640725,18.000363,22324.0,22750.0,22950,ATM+9,CALL,22500,2024-05-07
2024-05-07 14:10:00+05:30,12.25,12.3,11.6,11.95,39350,3643850,18.074654,22318.4,22750.0,22950,ATM+9,CALL,22500,2024-05-07
2024-05-07 14:11:00+05:30,11.85,12.1,11.3,11.3,67300,3643850,18.173075,22307.75,22750.0,22950,ATM+9,CALL,22500,2024-05-07
2024-05-07 14:12:00+05:30,11.3,11.6,11.3,11.5,50000,3643850,18.308354,22306.1,22750.0,22950,ATM+9,CALL,22500,2024-05-07
2024-05-07 14:13:00+05:30,11.5,11.85,11.5,11.5,34950,3642725,18.087571,22313.0,22750.0,22950,ATM+9,CALL,22500,2024-05-07
2024-05-07 14:14:00+05:30,11.55,11.75,11.45,11.75,19950,3642725,17.940941,22320.55,22750.0,22950,ATM+9,CALL,22500,2024-05-07
2024-05-07 14:15:00+05:30,11.7,11.75,11.0,11.0,67825,3642725,17.852188,22314.4,22750.0,22950,ATM+9,CALL,22500,2024-05-07
2024-05-07 14:16:00+05:30,11.0,11.6,11.0,11.25,57625,3603350,17.934555,22315.0,22750.0,22950,ATM+9,CALL,22500,2024-05-07
2024-05-07 14:17:00+05:30,11.25,11.3,10.6,10.65,103100,3603350,18.034695,22304.55,22750.0,22950,ATM+9,CALL,22500,2024-05-07
2024-05-07 14:18:00+05:30,10.7,11.2,10.7,10.9,53475,3603350,18.016936,22308.35,22750.0,22950,ATM+9,CALL,22500,2024-05-07
2024-05-07 14:19:00+05:30,10.9,11.3,10.8,11.05,40100,3578325,17.860395,22315.15,22750.0,22950,ATM+9,CALL,22500,2024-05-07
2024-05-07 14:20:00+05:30,11.15,11.25,10.95,11.25,56075,3578325,17.898574,22316.5,22750.0,22950,ATM+9,CALL,22500,2024-05-07
2024-05-07 14:21:00+05:30,11.25,11.25,10.7,10.8,36175,3578325,17.950844,22309.45,22750.0,22950,ATM+9,CALL,22500,2024-05-07
2024-05-07 14:22:00+05:30,10.85,10.85,10.1,10.5,128700,3605500,18.058027,22302.4,22750.0,22950,ATM+9,CALL,22500,2024-05-07
2024-05-07 14:23:00+05:30,10.35,10.55,9.2,9.2,277875,3605500,18.236175,22279.1,22750.0,22950,ATM+9,CALL,22500,2024-05-07
2024-05-07 14:24:00+05:30,9.55,9.55,9.0,9.35,179425,3605500,18.353728,22277.6,22750.0,22950,ATM+9,CALL,22500,2024-05-07
2024-05-07 14:25:00+05:30,9.35,9.45,8.95,9.45,107175,3633150,18.354853,22279.1,22750.0,22950,ATM+9,CALL,22500,2024-05-07
2024-05-07 14:26:00+05:30,9.45,9.65,9.25,9.65,111900,3633150,18.512705,22277.0,22750.0,22950,ATM+9,CALL,22500,2024-05-07
2024-05-07 14:27:00+05:30,9.6,9.65,9.05,9.6,118450,3633150,18.507937,22276.55,22750.0,22950,ATM+9,CALL,22500,2024-05-07
2024-05-07 14:28:00+05:30,12.25,12.35,11.9,12.05,290375,8357800,18.046735,22273.4,22700.0,22950,ATM+9,CALL,22500,2024-05-07
2024-05-07 14:29:00+05:30,12.05,12.05,10.7,10.95,296750,8357800,18.045293,22260.45,22700.0,22950,ATM+9,CALL,22500,2024-05-07
2024-05-07 14:30:00+05:30,10.95,11.3,10.75,11.3,291550,8357800,18.054367,22264.55,22700.0,22950,ATM+9,CALL,22500,2024-05-07
2024-05-07 14:31:00+05:30,11.25,11.65,11.0,11.55,147175,8349700,17.954074,22270.7,22700.0,22950,ATM+9,CALL,22500,2024-05-07
2024-05-07 14:32:00+05:30,9.05,9.35,9.0,9.35,49300,3586550,18.356312,22278.35,22750.0,22950,ATM+9,CALL,22500,2024-05-07
2024-05-07 14:33:00+05:30,9.4,9.55,9.3,9.55,57900,3586550,18.419147,22279.3,22750.0,22950,ATM+9,CALL,22500,2024-05-07
2024-05-07 14:34:00+05:30,9.5,9.7,9.45,9.6,63075,3573375,18.171071,22288.0,22750.0,22950,ATM+9,CALL,22500,2024-05-07
2024-05-07 14:35:00+05:30,9.6,9.85,9.35,9.85,84200,3573375,18.182082,22291.2,22750.0,22950,ATM+9,CALL,22500,2024-05-07
2024-05-07 14:36:00+05:30,9.85,10.1,9.65,10.0,93775,3573375,17.998975,22299.1,22750.0,22950,ATM+9,CALL,22500,2024-05-07
2024-05-07 14:37:00+05:30,10.0,10.2,9.85,10.15,65750,3560375,17.91416,22303.85,22750.0,22950,ATM+9,CALL,22500,2024-05-07
2024-05-07 14:38:00+05:30,10.2,10.45,10.15,10.4,86675,3560375,17.984696,22305.0,22750.0,22950,ATM+9,CALL,22500,2024-05-07
2024-05-07 14:39:00+05:30,10.4,11.35,9.9,11.15,197075,3560375,17.942467,22315.8,22750.0,22950,ATM+9,CALL,22500,2024-05-07
2024-05-07 14:40:00+05:30,11.0,11.65,10.95,11.25,173550,3546200,17.941132,22317.15,22750.0,22950,ATM+9,CALL,22500,2024-05-07
2024-05-07 14:41:00+05:30,11.15,11.25,10.4,10.65,131450,3546200,17.865222,22312.2,22750.0,22950,ATM+9,CALL,22500,2024-05-07
2024-05-07 14:42:00+05:30,10.55,10.95,10.3,10.75,71075,3546200,18.004175,22309.25,22750.0,22950,ATM+9,CALL,22500,2024-05-07
2024-05-07 14:43:00+05:30,10.7,11.1,10.4,10.5,94125,3533350,18.059711,22304.45,22750.0,22950,ATM+9,CALL,22500,2024-05-07
2024-05-07 14:44:00+05:30,10.5,10.75,10.25,10.3,91675,3533350,18.090478,22301.0,22750.0,22950,ATM+9,CALL,22500,2024-05-07
2024-05-07 14:45:00+05:30,10.35,10.8,10.35,10.75,73100,3533350,18.025117,22308.9,22750.0,22950,ATM+9,CALL,22500,2024-05-07
2024-05-07 14:46:00+05:30,10.65,11.1,10.5,10.95,58575,3519350,18.128587,22308.3,22750.0,22950,ATM+9,CALL,22500,2024-05-07
2024-05-07 14:47:00+05:30,10.95,11.0,10.45,10.55,43450,3519350,18.073919,22305.05,22750.0,22950,ATM+9,CALL,22500,2024-05-07
2024-05-07 14:48:00+05:30,10.45,10.75,10.15,10.75,56325,3519350,18.068695,22307.85,22750.0,22950,ATM+9,CALL,22500,2024-05-07
2024-05-07 14:49:00+05:30,10.7,11.3,10.7,11.15,88625,3479800,18.039647,22313.8,22750.0,22950,ATM+9,CALL,22500,2024-05-07
2024-05-07 14:50:00+05:30,11.15,11.5,10.75,10.75,252775,3479800,17.724007,22318.7,22750.0,22950,ATM+9,CALL,22500,2024-05-07
2024-05-07 14:51:00+05:30,10.75,10.8,10.2,10.35,113025,3479800,17.854739,22309.7,22750.0,22950,ATM+9,CALL,22500,2024-05-07
2024-05-07 14:52:00+05:30,10.5,10.5,9.9,10.05,91900,3507750,17.947184,22303.0,22750.0,22950,ATM+9,CALL,22500,2024-05-07
2024-05-07 14:53:00+05:30,9.9,10.45,9.9,10.4,58025,3507750,17.963806,22307.15,22750.0,22950,ATM+9,CALL,22500,2024-05-07
2024-05-07 14:54:00+05:30,10.4,10.45,9.8,9.85,58050,3507750,17.895668,22302.15,22750.0,22950,ATM+9,CALL,22500,2024-05-07
2024-05-07 14:55:00+05:30,9.85,9.95,9.05,9.4,116950,3465850,18.013622,22292.35,22750.0,22950,ATM+9,CALL,22500,2024-05-07
2024-05-07 14:56:00+05:30,9.4,9.8,9.1,9.75,135825,3465850,17.863966,22302.0,22750.0,22950,ATM+9,CALL,22500,2024-05-07
2024-05-07 14:57:00+05:30,9.8,10.15,9.8,10.05,146775,3465850,17.9105,22304.65,22750.0,22950,ATM+9,CALL,22500,2024-05-07
2024-05-07 14:58:00+05:30,10.1,10.5,10.0,10.15,109600,3492125,17.983076,22303.8,22750.0,22950,ATM+9,CALL,22500,2024-05-07
2024-05-07 14:59:00+05:30,10.25,10.3,9.45,9.55,194950,3492125,18.100623,22292.1,22750.0,22950,ATM+9,CALL,22500,2024-05-07
2024-05-07 15:00:00+05:30,9.6,10.6,9.6,10.45,120500,3492125,17.815188,22313.1,22750.0,22950,ATM+9,CALL,22500,2024-05-07
2024-05-07 15:01:00+05:30,10.5,10.9,9.85,10.2,123400,3523325,17.943207,22306.0,22750.0,22950,ATM+9,CALL,22500,2024-05-07
2024-05-07 15:02:00+05:30,10.35,10.45,10.05,10.35,76175,3523325,17.765915,22313.55,22750.0,22950,ATM+9,CALL,22500,2024-05-07
2024-05-07 15:03:00+05:30,10.4,10.55,10.25,10.55,55500,3523325,17.700707,22318.2,22750.0,22950,ATM+9,CALL,22500,2024-05-07
2024-05-07 15:04:00+05:30,10.5,10.6,10.0,10.15,95300,3514650,17.764938,22311.2,22750.0,22950,ATM+9,CALL,22500,2024-05-07
2024-05-07 15:05:00+05:30,10.45,10.65,10.0,10.2,85975,3514650,17.94807,22306.25,22750.0,22950,ATM+9,CALL,22500,2024-05-07
2024-05-07 15:06:00+05:30,10.2,10.3,9.5,9.5,69975,3514650,17.939854,22297.2,22750.0,22950,ATM+9,CALL,22500,2024-05-07
2024-05-07 15:07:00+05:30,9.6,9.95,9.4,9.6,67125,3525200,17.996369,22296.9,22750.0,22950,ATM+9,CALL,22500,2024-05-07
2024-05-07 15:08:00+05:30,9.65,9.7,8.9,9.05,130175,3525200,18.207904,22282.5,22750.0,22950,ATM+9,CALL,22500,2024-05-07
2024-05-07 15:09:00+05:30,9.05,9.6,9.0,9.55,127200,3525200,18.011099,22295.95,22750.0,22950,ATM+9,CALL,22500,2024-05-07
2024-05-07 15:10:00+05:30,9.6,10.1,9.55,10.05,164900,3533750,17.94755,22304.8,22750.0,22950,ATM+9,CALL,22500,2024-05-07
2024-05-07 15:11:00+05:30,10.1,10.2,9.85,9.85,97625,3533750,18.08439,22297.95,22750.0,22950,ATM+9,CALL,22500,2024-05-07
2024-05-07 15:12:00+05:30,9.85,10.3,9.85,10.25,94550,3533750,17.978768,22306.65,22750.0,22950,ATM+9,CALL,22500,2024-05-07
2024-05-07 15:13:00+05:30,10.25,10.55,10.0,10.1,167850,3503450,18.032939,22303.1,22750.0,22950,ATM+9,CALL,22500,2024-05-07
2024-05-07 15:14:00+05:30,10.1,10.4,10.1,10.4,126950,3503450,17.981651,22308.7,22750.0,22950,ATM+9,CALL,22500,2024-05-07
2024-05-07 15:15:00+05:30,10.45,10.65,10.1,10.25,168650,3503450,17.991708,22306.55,22750.0,22950,ATM+9,CALL,22500,2024-05-07
2024-05-07 15:16:00+05:30,10.25,10.35,9.95,10.25,170200,3465925,18.120459,22302.65,22750.0,22950,ATM+9,CALL,22500,2024-05-07
2024-05-07 15:17:00+05:30,10.25,10.55,10.1,10.55,169275,3465925,17.967571,22311.35,22750.0,22950,ATM+9,CALL,22500,2024-05-07
2024-05-07 15:18:00+05:30,10.45,10.55,10.2,10.45,124500,3465925,18.096142,22306.2,22750.0,22950,ATM+9,CALL,22500,2024-05-07
2024-05-07 15:19:00+05:30,10.4,10.6,10.35,10.6,81850,3609400,18.086971,22308.5,22750.0,22950,ATM+9,CALL,22500,2024-05-07
2024-05-07 15:20:00+05:30,10.65,10.8,10.2,10.35,122325,3609400,18.180369,22302.5,22750.0,22950,ATM+9,CALL,22500,2024-05-07
2024-05-07 15:21:00+05:30,10.4,10.6,10.3,10.45,72725,3609400,18.130182,22305.45,22750.0,22950,ATM+9,CALL,22500,2024-05-07
2024-05-07 15:22:00+05:30,10.5,10.55,9.95,9.95,83900,3577725,17.985585,22303.5,22750.0,22950,ATM+9,CALL,22500,2024-05-07
2024-05-07 15:23:00+05:30,9.95,10.35,9.95,10.3,115725,3577725,18.014447,22307.3,22750.0,22950,ATM+9,CALL,22500,2024-05-07
2024-05-07 15:24:00+05:30,10.35,10.6,10.25,10.6,106900,3577725,18.07899,22309.25,22750.0,22950,ATM+9,CALL,22500,2024-05-07
2024-05-07 15:25:00+05:30,10.7,10.9,10.35,10.5,236475,3581650,18.096092,22307.55,22750.0,22950,ATM+9,CALL,22500,2024-05-07
2024-05-07 15:26:00+05:30,10.6,10.7,10.5,10.65,119150,3581650,18.268327,22304.25,22750.0,22950,ATM+9,CALL,22500,2024-05-07
2024-05-07 15:27:00+05:30,10.6,11.0,10.5,10.9,165450,3581650,18.080943,22313.25,22750.0,22950,ATM+9,CALL,22500,2024-05-07
2024-05-07 15:28:00+05:30,10.95,10.95,10.5,10.6,112475,3543700,18.464735,22297.75,22750.0,22950,ATM+9,CALL,22500,2024-05-07
2024-05-07 15:29:00+05:30,10.5,10.9,10.1,10.9,110900,3543700,18.372791,22304.5,22750.0,22950,ATM+9,CALL,22500,2024-05-07
2024-05-07 09:15:00+05:30,372.95,381.85,372.65,374.0,2150,392725,15.647402,22474.7,22850.0,22900,ATM+8,PUT,22500,2024-05-07
2024-05-07 09:16:00+05:30,373.55,385.75,373.55,385.75,2225,392725,18.189391,22471.3,22850.0,22900,ATM+8,PUT,22500,2024-05-07
2024-05-07 09:17:00+05:30,379.75,384.9,379.75,383.45,600,392725,17.284891,22470.15,22850.0,22900,ATM+8,PUT,22500,2024-05-07
2024-05-07 09:18:00+05:30,383.45,389.05,382.2,382.2,1900,395300,17.45443,22472.25,22850.0,22900,ATM+8,PUT,22500,2024-05-07
2024-05-07 09:19:00+05:30,382.2,389.0,382.2,388.05,3325,395300,16.976543,22463.75,22850.0,22900,ATM+8,PUT,22500,2024-05-07
2024-05-07 09:20:00+05:30,388.05,405.45,388.05,401.0,3175,395300,16.26794,22446.9,22850.0,22900,ATM+8,PUT,22500,2024-05-07
2024-05-07 09:21:00+05:30,401.0,401.55,394.45,400.0,4825,397525,16.754353,22449.6,22850.0,22900,ATM+8,PUT,22500,2024-05-07
2024-05-07 09:22:00+05:30,400.0,403.3,384.7,384.7,4450,397525,18.623559,22474.4,22850.0,22900,ATM+8,PUT,22500,2024-05-07
2024-05-07 09:23:00+05:30,431.0,433.4,419.95,425.0,2075,403875,19.634866,22482.5,22900.0,22900,ATM+8,PUT,22500,2024-05-07
2024-05-07 09:24:00+05:30,424.8,432.2,422.15,429.15,1225,406400,19.61046,22477.65,22900.0,22900,ATM+8,PUT,22500,2024-05-07
2024-05-07 09:25:00+05:30,429.35,429.35,421.0,424.1,750,406400,18.967493,22480.8,22900.0,22900,ATM+8,PUT,22500,2024-05-07
2024-05-07 09:26:00+05:30,424.1,432.15,422.6,432.15,1550,406400,20.230464,22476.8,22900.0,22900,ATM+8,PUT,22500,2024-05-07
2024-05-07 09:27:00+05:30,432.15,432.15,418.4,419.1,5225,405825,19.027602,22486.7,22900.0,22900,ATM+8,PUT,22500,2024-05-07
2024-05-07 09:28:00+05:30,419.65,427.05,413.9,413.9,1775,405825,18.216695,22489.4,22900.0,22900,ATM+8,PUT,22500,2024-05-07
2024-05-07 09:29:00+05:30,415.05,420.6,414.65,416.7,1025,405825,19.324526,22490.65,22900.0,22900,ATM+8,PUT,22500,2024-05-07
2024-05-07 09:30:00+05:30,416.7,422.0,413.5,418.85,1175,407250,17.921951,22482.75,22900.0,22900,ATM+8,PUT,22500,2024-05-07
2024-05-07 09:31:00+05:30,418.85,427.3,418.85,425.9,750,407250,19.166003,22479.5,22900.0,22900,ATM+8,PUT,22500,2024-05-07
2024-05-07 09:32:00+05:30,378.6,399.0,378.6,393.35,2950,390525,16.655705,22456.6,22850.0,22900,ATM+8,PUT,22500,2024-05-07
2024-05-07 09:33:00+05:30,393.6,398.0,381.45,386.7,1775,388975,18.230104,22470.25,22850.0,22900,ATM+8,PUT,22500,2024-05-07
2024-05-07 09:34:00+05:30,385.0,391.0,380.85,391.0,875,388975,18.013952,22464.4,22850.0,22900,ATM+8,PUT,22500,2024-05-07
2024-05-07 09:35:00+05:30,391.0,393.35,388.95,393.35,2950,388975,16.830737,22457.2,22850.0,22900,ATM+8,PUT,22500,2024-05-07
2024-05-07 09:36:00+05:30,393.35,395.15,389.2,395.15,1100,388975,17.92564,22459.3,22850.0,22900,ATM+8,PUT,22500,2024-05-07
2024-05-07 09:37:00+05:30,395.15,395.15,386.75,386.75,325,388825,17.884819,22468.7,22850.0,22900,ATM+8,PUT,22500,2024-05-07
2024-05-07 09:38:00+05:30,386.75,388.4,386.6,386.6,150,388825,16.358015,22463.05,22850.0,22900,ATM+8,PUT,22500,2024-05-07
2024-05-07 09:39:00+05:30,386.6,390.25,386.45,390.25,250,388825,16.01232,22457.85,22850.0,22900,ATM+8,PUT,22500,2024-05-07
2024-05-07 09:40:00+05:30,390.25,404.0,390.25,398.4,1800,388675,16.727558,22451.2,22850.0,22900,ATM+8,PUT,22500,2024-05-07
2024-05-07 09:41:00+05:30,398.4,398.4,389.2,389.2,1350,388675,18.000319,22466.35,22850.0,22900,ATM+8,PUT,22500,2024-05-07
2024-05-07 09:42:00+05:30,386.2,391.65,385.55,389.05,1975,388400,16.643246,22461.3,22850.0,22900,ATM+8,PUT,22500,2024-05-07
2024-05-07 09:43:00+05:30,389.05,394.8,384.8,384.8,2675,388400,16.672652,22466.15,22850.0,22900,ATM+8,PUT,22500,2024-05-07
2024-05-07 09:44:00+05:30,389.2,389.2,382.8,382.8,725,388400,16.580547,22468.05,22850.0,22900,ATM+8,PUT,22500,2024-05-07
2024-05-07 09:45:00+05:30,382.8,392.85,382.8,389.3,1425,388250,17.48904,22464.15,22850.0,22900,ATM+8,PUT,22500,2024-05-07
2024-05-07 09:46:00+05:30,389.3,389.3,379.95,381.75,2800,388250,17.348166,22472.15,22850.0,22900,ATM+8,PUT,22500,2024-05-07
2024-05-07 09:47:00+05:30,427.75,427.75,421.0,422.1,950,406750,18.628094,22481.6,22900.0,22900,ATM+8,PUT,22500,2024-05-07
2024-05-07 09:48:00+05:30,377.6,379.7,373.05,379.6,2300,388250,16.452908,22471.15,22850.0,22900,ATM+8,PUT,22500,2024-05-07
2024-05-07 09:49:00+05:30,385.8,420.0,385.8,409.8,6150,387575,16.128271,22436.75,22850.0,22900,ATM+8,PUT,22500,2024-05-07
2024-05-07 09:50:00+05:30,409.8,414.3,404.35,407.4,1975,387575,17.42463,22443.55,22850.0,22900,ATM+8,PUT,22500,2024-05-07
2024-05-07 09:51:00+05:30,406.5,412.0,406.5,407.8,925,384900,16.238297,22439.25,22850.0,22900,ATM+8,PUT,22500,2024-05-07
2024-05-07 09:52:00+05:30,407.8,425.45,407.8,418.2,2400,384900,16.562217,22428.85,22850.0,22900,ATM+8,PUT,22500,2024-05-07
2024-05-07 09:53:00+05:30,418.2,421.55,410.0,415.9,250,384900,17.061696,22432.9,22850.0,22900,ATM+8,PUT,22500,2024-05-07
2024-05-07 09:54:00+05:30,415.9,424.4,415.9,424.4,1375,383200,17.612403,22425.3,22850.0,22900,ATM+8,PUT,22500,2024-05-07
2024-05-07 09:55:00+05:30,424.4,425.7,418.2,418.2,1300,383200,15.633922,22426.3,22850.0,22900,ATM+8,PUT,22500,2024-05-07
2024-05-07 09:56:00+05:30,376.9,383.7,372.0,383.15,10575,821850,15.862032,22415.05,22800.0,22900,ATM+8,PUT,22500,2024-05-07
2024-05-07 09:57:00+05:30,427.6,431.0,415.0,415.0,275,383825,15.57927,22429.6,22850.0,22900,ATM+8,PUT,22500,2024-05-07
2024-05-07 09:58:00+05:30,415.5,423.9,415.5,416.45,125,383825,15.603653,22428.1,22850.0,22900,ATM+8,PUT,22500,2024-05-07
2024-05-07 09:59:00+05:30,371.0,385.4,371.0,384.6,21350,817450,15.497029,22412.3,22800.0,22900,ATM+8,PUT,22500,2024-05-07
2024-05-07 10:00:00+05:30,384.75,406.0,382.5,405.05,28950,829925,16.051858,22391.6,22800.0,22900,ATM+8,PUT,22500,2024-05-07
2024-05-07 10:01:00+05:30,408.6,415.75,401.4,404.2,37075,829925,17.015603,22395.55,22800.0,22900,ATM+8,PUT,22500,2024-05-07
2024-05-07 10:02:00+05:30,403.65,410.0,400.0,406.0,12325,829925,17.252661,22394.35,22800.0,22900,ATM+8,PUT,22500,2024-05-07
2024-05-07 10:03:00+05:30,406.0,418.85,400.15,417.25,7550,825975,18.677829,22386.9,22800.0,22900,ATM+8,PUT,22500,2024-05-07
2024-05-07 10:04:00+05:30,417.25,428.3,416.8,423.3,27200,825975,19.067114,22381.55,22800.0,22900,ATM+8,PUT,22500,2024-05-07
2024-05-07 10:05:00+05:30,423.75,425.65,418.0,419.4,11050,825975,18.740913,22384.7,22800.0,22900,ATM+8,PUT,22500,2024-05-07
2024-05-07 10:06:00+05:30,421.0,421.85,408.7,408.7,13325,830675,18.236365,22394.85,22800.0,22900,ATM+8,PUT,22500,2024-05-07
2024-05-07 10:07:00+05:30,410.6,413.15,407.6,410.95,3400,830675,19.43588,22397.1,22800.0,22900,ATM+8,PUT,22500,2024-05-07
2024-05-07 10:08:00+05:30,410.95,415.6,407.0,411.5,3700,830675,18.998989,22394.65,22800.0,22900,ATM+8,PUT,22500,2024-05-07
2024-05-07 10:09:00+05:30,411.5,411.5,400.95,401.4,10800,827750,18.736106,22405.1,22800.0,22900,ATM+8,PUT,22500,2024-05-07
2024-05-07 10:10:00+05:30,402.05,406.25,398.0,403.15,11175,827750,19.779203,22407.6,22800.0,22900,ATM+8,PUT,22500,2024-05-07
2024-05-07 10:11:00+05:30,402.75,419.05,400.75,413.65,10600,827750,18.92916,22391.9,22800.0,22900,ATM+8,PUT,22500,2024-05-07
2024-05-07 10:12:00+05:30,413.65,417.6,405.0,405.4,5800,829025,17.785709,22396.85,22800.0,22900,ATM+8,PUT,22500,2024-05-07
2024-05-07 10:13:00+05:30,405.4,408.9,399.35,406.35,4325,829025,18.505479,22398.5,22800.0,22900,ATM+8,PUT,22500,2024-05-07
2024-05-07 10:14:00+05:30,406.35,406.35,395.5,402.2,3000,829025,17.275945,22398.6,22800.0,22900,ATM+8,PUT,22500,2024-05-07
2024-05-07 10:15:00+05:30,404.1,412.5,404.05,407.4,21025,836700,17.843393,22394.8,22800.0,22900,ATM+8,PUT,22500,2024-05-07
2024-05-07 10:16:00+05:30,407.4,410.25,404.25,410.25,2975,836700,17.995078,22392.15,22800.0,22900,ATM+8,PUT,22500,2024-05-07
2024-05-07 10:17:00+05:30,410.25,422.5,410.25,420.55,10625,836700,17.80742,22380.0,22800.0,22900,ATM+8,PUT,22500,2024-05-07
2024-05-07 10:18:00+05:30,420.55,422.0,410.4,413.1,12350,837500,17.357207,22386.75,22800.0,22900,ATM+8,PUT,22500,2024-05-07
2024-05-07 10:19:00+05:30,413.1,419.0,413.1,417.3,18925,837500,18.234865,22385.1,22800.0,22900,ATM+8,PUT,22500,2024-05-07
2024-05-07 10:20:00+05:30,420.55,426.0,418.8,423.95,7975,837500,19.261049,22381.45,22800.0,22900,ATM+8,PUT,22500,2024-05-07
2024-05-07 10:21:00+05:30,380.0,394.4,380.0,387.4,14375,679575,18.723069,22370.9,22750.0,22900,ATM+8,PUT,22500,2024-05-07
2024-05-07 10:22:00+05:30,387.4,387.4,378.0,384.9,5975,679575,18.590051,22373.2,22750.0,22900,ATM+8,PUT,22500,2024-05-07
2024-05-07 10:23:00+05:30,384.9,392.15,384.2,385.9,3800,679575,17.864174,22369.0,22750.0,22900,ATM+8,PUT,22500,2024-05-07
2024-05-07 10:24:00+05:30,385.9,387.45,384.05,385.8,2125,685150,17.648613,22368.25,22750.0,22900,ATM+8,PUT,22500,2024-05-07
2024-05-07 10:25:00+05:30,385.8,393.0,385.8,388.95,2450,685150,16.169522,22359.45,22750.0,22900,ATM+8,PUT,22500,2024-05-07
2024-05-07 10:26:00+05:30,388.95,399.0,388.95,393.45,7450,685150,17.849805,22360.35,22750.0,22900,ATM+8,PUT,22500,2024-05-07
2024-05-07 10:27:00+05:30,393.05,398.95,390.6,394.9,4525,685150,17.610425,22357.8,22750.0,22900,ATM+8,PUT,22500,2024-05-07
2024-05-07 10:28:00+05:30,394.9,405.8,393.7,404.4,5775,684625,18.447513,22350.25,22750.0,22900,ATM+8,PUT,22500,2024-05-07
2024-05-07 10:29:00+05:30,404.05,406.35,394.4,396.4,2675,684625,18.966259,22361.5,22750.0,22900,ATM+8,PUT,22500,2024-05-07
2024-05-07 10:30:00+05:30,396.4,396.4,380.0,386.85,1925,684625,18.778053,22371.7,22750.0,22900,ATM+8,PUT,22500,2024-05-07
2024-05-07 10:31:00+05:30,386.85,395.35,386.85,387.9,1250,687175,18.205888,22368.05,22750.0,22900,ATM+8,PUT,22500,2024-05-07
2024-05-07 10:32:00+05:30,387.8,396.0,387.8,395.2,775,687175,18.72881,22361.85,22750.0,22900,ATM+8,PUT,22500,2024-05-07
2024-05-07 10:33:00+05:30,395.2,399.55,395.15,397.95,1200,687175,18.473846,22357.65,22750.0,22900,ATM+8,PUT,22500,2024-05-07
2024-05-07 10:34:00+05:30,397.95,422.0,397.95,422.0,4850,687875,20.649582,22339.2,22750.0,22900,ATM+8,PUT,22500,2024-05-07
2024-05-07 10:35:00+05:30,421.8,425.15,414.8,420.0,2150,687875,20.545945,22341.05,22750.0,22900,ATM+8,PUT,22500,2024-05-07
2024-05-07 10:36:00+05:30,420.0,430.0,420.0,421.8,6025,687900,19.544709,22334.75,22750.0,22900,ATM+8,PUT,22500,2024-05-07
2024-05-07 10:37:00+05:30,377.6,392.0,375.0,390.1,74625,1311875,20.240568,22324.45,22700.0,22900,ATM+8,PUT,22500,2024-05-07
2024-05-07 10:38:00+05:30,392.0,399.7,390.2,391.7,119475,1311875,20.576118,22324.2,22700.0,22900,ATM+8,PUT,22500,2024-05-07
2024-05-07 10:39:00+05:30,438.15,438.15,427.25,427.75,875,687900,20.006194,22329.8,22750.0,22900,ATM+8,PUT,22500,2024-05-07
2024-05-07 10:40:00+05:30,427.75,434.6,427.75,430.0,2375,688775,20.354864,22328.65,22750.0,22900,ATM+8,PUT,22500,2024-05-07
2024-05-07 10:41:00+05:30,384.55,394.4,384.55,390.55,9875,1238575,19.450863,22320.15,22700.0,22900,ATM+8,PUT,22500,2024-05-07
2024-05-07 10:42:00+05:30,436.7,438.7,423.4,426.25,2025,688775,20.614987,22334.05,22750.0,22900,ATM+8,PUT,22500,2024-05-07
2024-05-07 10:43:00+05:30,426.25,432.5,425.7,430.8,1750,690525,20.791544,22329.55,22750.0,22900,ATM+8,PUT,22500,2024-05-07
2024-05-07 10:44:00+05:30,430.8,430.8,427.3,427.8,2350,690525,20.558522,22332.0,22750.0,22900,ATM+8,PUT,22500,2024-05-07
2024-05-07 10:45:00+05:30,430.65,433.0,420.3,420.3,2450,691725,19.696483,22337.0,22750.0,22900,ATM+8,PUT,22500,2024-05-07
2024-05-07 10:46:00+05:30,420.3,429.25,420.3,426.35,1675,691725,20.298789,22332.55,22750.0,22900,ATM+8,PUT,22500,2024-05-07
2024-05-07 10:47:00+05:30,383.0,389.1,382.35,387.0,12375,1236650,19.377597,22323.9,22700.0,22900,ATM+8,PUT,22500,2024-05-07
2024-05-07 10:48:00+05:30,429.5,431.15,423.25,424.35,775,691725,18.733088,22328.7,22750.0,22900,ATM+8,PUT,22500,2024-05-07
2024-05-07 10:49:00+05:30,377.55,390.65,377.55,390.65,8275,1238800,19.248885,22319.05,22700.0,22900,ATM+8,PUT,22500,2024-05-07
2024-05-07 10:50:00+05:30,390.0,392.45,383.05,383.05,6225,1238800,18.461142,22324.4,22700.0,22900,ATM+8,PUT,22500,2024-05-07
2024-05-07 10:51:00+05:30,383.75,404.5,383.5,394.2,53450,1238800,18.409622,22311.4,22700.0,22900,ATM+8,PUT,22500,2024-05-07
2024-05-07 10:52:00+05:30,394.8,400.55,392.0,400.55,8050,1226350,19.336016,22307.95,22700.0,22900,ATM+8,PUT,22500,2024-05-07
2024-05-07 10:53:00+05:30,399.0,403.0,395.45,402.0,10550,1226350,18.983025,22304.8,22700.0,22900,ATM+8,PUT,22500,2024-05-07
2024-05-07 10:54:00+05:30,405.0,406.15,400.0,403.75,5850,1226350,18.268718,22300.0,22700.0,22900,ATM+8,PUT,22500,2024-05-07
2024-05-07 10:55:00+05:30,403.75,404.25,386.7,386.7,20050,1223850,18.891389,22322.0,22700.0,22900,ATM+8,PUT,22500,2024-05-07
2024-05-07 10:56:00+05:30,386.7,391.0,382.4,384.0,6975,1223850,18.073887,22321.65,22700.0,22900,ATM+8,PUT,22500,2024-05-07
2024-05-07 10:57:00+05:30,428.4,428.4,421.0,427.85,5275,691175,20.121322,22330.0,22750.0,22900,ATM+8,PUT,22500,2024-05-07
2024-05-07 10:58:00+05:30,427.85,430.3,419.35,419.35,2000,690300,19.945141,22339.0,22750.0,22900,ATM+8,PUT,22500,2024-05-07
2024-05-07 10:59:00+05:30,419.35,419.35,413.1,414.2,1600,690300,19.728924,22344.0,22750.0,22900,ATM+8,PUT,22500,2024-05-07
2024-05-07 11:00:00+05:30,414.2,426.5,414.2,426.0,425,690300,20.148101,22332.2,22750.0,22900,ATM+8,PUT,22500,2024-05-07
2024-05-07 11:01:00+05:30,426.0,426.0,421.3,426.0,525,691950,20.222934,22332.5,22750.0,22900,ATM+8,PUT,22500,2024-05-07
2024-05-07 11:02:00+05:30,426.0,426.0,420.1,420.1,125,691950,19.283011,22335.45,22750.0,22900,ATM+8,PUT,22500,2024-05-07
2024-05-07 11:03:00+05:30,420.1,422.9,415.2,415.9,1100,691950,18.34964,22336.7,22750.0,22900,ATM+8,PUT,22500,2024-05-07
2024-05-07 11:04:00+05:30,415.9,428.0,415.9,428.0,675,692725,18.981667,22325.4,22750.0,22900,ATM+8,PUT,22500,2024-05-07
2024-05-07 11:05:00+05:30,382.55,386.7,381.6,385.1,7750,1217925,18.515781,22322.15,22700.0,22900,ATM+8,PUT,22500,2024-05-07
2024-05-07 11:06:00+05:30,431.55,433.4,426.85,426.85,1075,692725,18.946485,22326.55,22750.0,22900,ATM+8,PUT,22500,2024-05-07
2024-05-07 11:07:00+05:30,380.45,392.5,377.6,391.6,7525,1216150,17.768688,22311.75,22700.0,22900,ATM+8,PUT,22500,2024-05-07
2024-05-07 11:08:00+05:30,391.6,395.8,389.9,389.9,8400,1216150,17.909009,22314.2,22700.0,22900,ATM+8,PUT,22500,2024-05-07
2024-05-07 11:09:00+05:30,437.85,437.85,425.1,425.65,2250,691925,18.514953,22326.35,22750.0,22900,ATM+8,PUT,22500,2024-05-07
2024-05-07 11:10:00+05:30,378.0,386.25,375.65,383.1,5350,1213775,18.042832,22322.45,22700.0,22900,ATM+8,PUT,22500,2024-05-07
2024-05-07 11:11:00+05:30,383.0,384.75,380.6,381.95,5775,1213775,17.991844,22323.55,22700.0,22900,ATM+8,PUT,22500,2024-05-07
2024-05-07 11:12:00+05:30,382.85,386.1,382.85,386.0,2800,1213775,18.465743,22320.85,22700.0,22900,ATM+8,PUT,22500,2024-05-07
2024-05-07 11:13:00+05:30,386.0,395.3,386.0,395.2,7725,1214650,18.585122,22310.8,22700.0,22900,ATM+8,PUT,22500,2024-05-07
2024-05-07 11:14:00+05:30,395.3,403.55,391.8,403.55,9750,1214650,19.261761,22304.0,22700.0,22900,ATM+8,PUT,22500,2024-05-07
2024-05-07 11:15:00+05:30,402.2,412.8,400.15,408.35,19450,1214650,19.162943,22298.1,22700.0,22900,ATM+8,PUT,22500,2024-05-07
2024-05-07 11:16:00+05:30,410.0,420.0,408.8,413.65,20225,1210625,19.401006,22293.0,22700.0,22900,ATM+8,PUT,22500,2024-05-07
2024-05-07 11:17:00+05:30,411.75,425.05,410.6,421.45,12625,1210625,18.607077,22281.2,22700.0,22900,ATM+8,PUT,22500,2024-05-07
2024-05-07 11:18:00+05:30,426.6,426.6,414.0,421.9,8400,1210625,18.694653,22281.0,22700.0,22900,ATM+8,PUT,22500,2024-05-07
2024-05-07 11:19:00+05:30,423.25,424.6,414.7,415.9,7675,1204325,19.009637,22288.9,22700.0,22900,ATM+8,PUT,22500,2024-05-07
2024-05-07 11:20:00+05:30,418.35,419.5,414.65,418.0,6775,1204325,19.017487,22286.55,22700.0,22900,ATM+8,PUT,22500,2024-05-07
2024-05-07 11:21:00+05:30,418.85,424.15,417.85,420.15,4675,1204325,18.696916,22282.95,22700.0,22900,ATM+8,PUT,22500,2024-05-07
2024-05-07 11:22:00+05:30,417.85,420.0,413.5,417.0,7750,1200875,17.789719,22283.35,22700.0,22900,ATM+8,PUT,22500,2024-05-07
2024-05-07 11:23:00+05:30,372.6,384.4,372.6,381.05,3975,636700,17.736876,22273.35,22650.0,22900,ATM+8,PUT,22500,2024-05-07
2024-05-07 11:24:00+05:30,381.05,389.0,381.05,386.65,6975,636700,18.263557,22269.05,22650.0,22900,ATM+8,PUT,22500,2024-05-07
2024-05-07 11:25:00+05:30,387.8,388.2,383.8,386.4,3300,637100,17.54434,22266.55,22650.0,22900,ATM+8,PUT,22500,2024-05-07
2024-05-07 11:26:00+05:30,386.4,398.7,386.4,396.85,7825,637100,18.751878,22259.35,22650.0,22900,ATM+8,PUT,22500,2024-05-07
2024-05-07 11:27:00+05:30,397.2,399.4,385.85,394.1,9075,637100,19.61542,22266.15,22650.0,22900,ATM+8,PUT,22500,2024-05-07
2024-05-07 11:28:00+05:30,394.1,405.0,393.1,401.75,3875,633100,19.430231,22256.5,22650.0,22900,ATM+8,PUT,22500,2024-05-07
2024-05-07 11:29:00+05:30,402.3,402.4,390.1,390.7,9350,633100,18.808705,22266.6,22650.0,22900,ATM+8,PUT,22500,2024-05-07
2024-05-07 11:30:00+05:30,390.3,390.8,382.55,390.8,15950,633100,20.14642,22272.4,22650.0,22900,ATM+8,PUT,22500,2024-05-07
2024-05-07 11:31:00+05:30,435.55,435.55,423.5,425.65,6400,1175475,19.123965,22278.25,22700.0,22900,ATM+8,PUT,22500,2024-05-07
2024-05-07 11:32:00+05:30,381.75,391.3,381.75,384.05,2050,627150,18.916873,22274.7,22650.0,22900,ATM+8,PUT,22500,2024-05-07
2024-05-07 11:33:00+05:30,383.4,391.5,380.0,391.5,3500,627150,19.305049,22267.75,22650.0,22900,ATM+8,PUT,22500,2024-05-07
2024-05-07 11:34:00+05:30,391.5,396.3,387.6,395.6,2250,629550,19.548465,22264.05,22650.0,22900,ATM+8,PUT,22500,2024-05-07
2024-05-07 11:35:00+05:30,395.6,397.95,391.1,393.65,2075,629550,19.200652,22264.8,22650.0,22900,ATM+8,PUT,22500,2024-05-07
2024-05-07 11:36:00+05:30,395.25,409.35,392.2,403.5,9950,629550,20.216751,22257.8,22650.0,22900,ATM+8,PUT,22500,2024-05-07
2024-05-07 11:37:00+05:30,403.5,428.9,403.5,424.4,6075,631150,21.710054,22240.15,22650.0,22900,ATM+8,PUT,22500,2024-05-07
2024-05-07 11:38:00+05:30,424.4,427.15,419.9,423.55,4450,631150,20.863588,22237.35,22650.0,22900,ATM+8,PUT,22500,2024-05-07
2024-05-07 11:39:00+05:30,426.3,432.0,420.5,420.5,5725,631150,20.801022,22240.6,22650.0,22900,ATM+8,PUT,22500,2024-05-07
2024-05-07 11:40:00+05:30,420.95,423.25,404.9,415.0,8150,632150,21.279865,22249.15,22650.0,22900,ATM+8,PUT,22500,2024-05-07
2024-05-07 11:41:00+05:30,415.0,415.0,400.0,402.25,5125,632150,20.910069,22262.4,22650.0,22900,ATM+8,PUT,22500,2024-05-07
2024-05-07 11:42:00+05:30,402.25,405.45,401.95,404.0,3475,632150,21.495578,22263.15,22650.0,22900,ATM+8,PUT,22500,2024-05-07
2024-05-07 11:43:00+05:30,404.0,407.1,397.05,407.1,6225,631300,21.276762,22258.4,22650.0,22900,ATM+8,PUT,22500,2024-05-07
2024-05-07 11:44:00+05:30,407.1,407.1,388.3,392.4,4875,631300,20.66919,22272.85,22650.0,22900,ATM+8,PUT,22500,2024-05-07
2024-05-07 11:45:00+05:30,437.05,445.2,431.0,431.0,5950,1160475,20.485643,22277.3,22700.0,22900,ATM+8,PUT,22500,2024-05-07
2024-05-07 11:46:00+05:30,431.0,432.1,424.7,426.1,6225,1154200,21.290317,22286.35,22700.0,22900,ATM+8,PUT,22500,2024-05-07
2024-05-07 11:47:00+05:30,426.25,427.15,410.55,419.65,8200,1154200,20.171402,22289.0,22700.0,22900,ATM+8,PUT,22500,2024-05-07
2024-05-07 11:48:00+05:30,419.65,427.2,419.65,422.0,18250,1154200,20.663142,22288.35,22700.0,22900,ATM+8,PUT,22500,2024-05-07
2024-05-07 11:49:00+05:30,422.0,427.45,418.65,426.2,8800,1166250,20.758502,22283.9,22700.0,22900,ATM+8,PUT,22500,2024-05-07
2024-05-07 11:50:00+05:30,427.0,432.75,425.05,432.0,5500,1166250,21.264082,22279.35,22700.0,22900,ATM+8,PUT,22500,2024-05-07
2024-05-07 11:51:00+05:30,385.5,395.35,385.5,394.85,2200,629175,20.560088,22269.35,22650.0,22900,ATM+8,PUT,22500,2024-05-07
2024-05-07 11:52:00+05:30,441.0,441.1,421.0,425.45,4675,1166275,19.563113,22279.95,22700.0,22900,ATM+8,PUT,22500,2024-05-07
2024-05-07 11:53:00+05:30,425.05,427.4,413.6,417.0,6375,1166275,18.951034,22287.2,22700.0,22900,ATM+8,PUT,22500,2024-05-07
2024-05-07 11:54:00+05:30,417.0,420.1,411.55,414.25,5025,1166275,20.065446,22294.7,22700.0,22900,ATM+8,PUT,22500,2024-05-07
2024-05-07 11:55:00+05:30,414.25,416.6,412.55,416.0,6225,1167725,20.63486,22295.1,22700.0,22900,ATM+8,PUT,22500,2024-05-07
2024-05-07 11:56:00+05:30,416.1,428.75,416.1,427.6,5850,1167725,20.872752,22282.7,22700.0,22900,ATM+8,PUT,22500,2024-05-07
2024-05-07 11:57:00+05:30,427.6,433.85,425.0,428.2,7250,1167725,20.523648,22280.55,22700.0,22900,ATM+8,PUT,22500,2024-05-07
2024-05-07 11:58:00+05:30,428.2,432.45,425.95,427.4,4850,1163475,19.535751,22277.6,22700.0,22900,ATM+8,PUT,22500,2024-05-07
2024-05-07 11:59:00+05:30,384.6,388.9,381.7,386.15,2925,628750,18.978533,22272.3,22650.0,22900,ATM+8,PUT,22500,2024-05-07
2024-05-07 12:00:00+05:30,386.15,398.05,386.15,397.4,3150,628750,20.257189,22264.85,22650.0,22900,ATM+8,PUT,22500,2024-05-07
2024-05-07 12:01:00+05:30,397.1,397.1,389.95,395.45,3300,629125,20.425648,22267.9,22650.0,22900,ATM+8,PUT,22500,2024-05-07
2024-05-07 12:02:00+05:30,395.45,395.45,387.5,392.35,825,629125,18.798774,22264.4,22650.0,22900,ATM+8,PUT,22500,2024-05-07
2024-05-07 12:03:00+05:30,392.35,403.9,392.35,401.2,2725,629125,20.171137,22260.0,22650.0,22900,ATM+8,PUT,22500,2024-05-07
2024-05-07 12:04:00+05:30,401.2,401.8,387.35,388.0,2925,628075,19.460366,22272.2,22650.0,22900,ATM+8,PUT,22500,2024-05-07
2024-05-07 12:05:00+05:30,433.5,437.05,426.8,429.3,8275,1154200,19.6019,22275.65,22700.0,22900,ATM+8,PUT,22500,2024-05-07
2024-05-07 12:06:00+05:30,429.3,433.1,428.1,429.35,2400,1154200,20.184192,22277.8,22700.0,22900,ATM+8,PUT,22500,2024-05-07
2024-05-07 12:07:00+05:30,383.5,396.9,383.5,395.7,3450,629225,21.159744,22271.05,22650.0,22900,ATM+8,PUT,22500,2024-05-07
2024-05-07 12:08:00+05:30,395.7,400.95,392.7,400.5,2650,629225,21.418245,22266.6,22650.0,22900,ATM+8,PUT,22500,2024-05-07
2024-05-07 12:09:00+05:30,400.5,404.8,397.65,402.05,3825,629225,21.306315,22264.2,22650.0,22900,ATM+8,PUT,22500,2024-05-07
2024-05-07 12:10:00+05:30,402.05,403.45,399.25,399.25,925,629725,20.047239,22261.65,22650.0,22900,ATM+8,PUT,22500,2024-05-07
2024-05-07 12:11:00+05:30,399.25,405.4,399.25,399.25,1000,629725,21.629087,22269.1,22650.0,22900,ATM+8,PUT,22500,2024-05-07
2024-05-07 12:12:00+05:30,445.0,445.0,435.75,435.75,3225,1148400,21.903019,22277.55,22700.0,22900,ATM+8,PUT,22500,2024-05-07
2024-05-07 12:13:00+05:30,435.75,437.05,427.0,427.9,4975,1146125,21.748586,22286.0,22700.0,22900,ATM+8,PUT,22500,2024-05-07
2024-05-07 12:14:00+05:30,427.8,432.1,427.8,430.0,2350,1146125,20.846254,22279.65,22700.0,22900,ATM+8,PUT,22500,2024-05-07
2024-05-07 12:15:00+05:30,430.0,433.7,424.55,425.35,5125,1146125,20.824116,22284.9,22700.0,22900,ATM+8,PUT,22500,2024-05-07
2024-05-07 12:16:00+05:30,424.75,427.25,420.85,421.0,4825,1148400,21.630118,22293.5,22700.0,22900,ATM+8,PUT,22500,2024-05-07
2024-05-07 12:17:00+05:30,420.3,424.2,419.15,420.5,3400,1148400,21.361511,22292.85,22700.0,22900,ATM+8,PUT,22500,2024-05-07
2024-05-07 12:18:00+05:30,419.6,423.35,415.95,418.45,7000,1148400,21.386898,22295.35,22700.0,22900,ATM+8,PUT,22500,2024-05-07
2024-05-07 12:19:00+05:30,418.45,423.25,415.95,423.25,5250,1149925,21.895433,22292.05,22700.0,22900,ATM+8,PUT,22500,2024-05-07
2024-05-07 12:20:00+05:30,423.25,425.65,415.9,417.0,1900,1149925,21.370595,22296.95,22700.0,22900,ATM+8,PUT,22500,2024-05-07
2024-05-07 12:21:00+05:30,417.0,430.0,417.0,428.15,4000,1149925,21.756342,22285.65,22700.0,22900,ATM+8,PUT,22500,2024-05-07
2024-05-07 12:22:00+05:30,428.15,431.7,424.0,429.65,2950,1145300,22.252215,22286.15,22700.0,22900,ATM+8,PUT,22500,2024-05-07
2024-05-07 12:23:00+05:30,429.65,430.05,420.0,423.0,3700,1145300,21.755899,22291.65,22700.0,22900,ATM+8,PUT,22500,2024-05-07
2024-05-07 12:24:00+05:30,423.0,423.0,412.45,413.35,14450,1145300,20.957255,22299.3,22700.0,22900,ATM+8,PUT,22500,2024-05-07
2024-05-07 12:25:00+05:30,413.15,416.7,410.85,414.0,6200,1142800,22.215533,22304.45,22700.0,22900,ATM+8,PUT,22500,2024-05-07
2024-05-07 12:26:00+05:30,414.0,419.1,412.8,419.1,2525,1142800,22.137261,22298.0,22700.0,22900,ATM+8,PUT,22500,2024-05-07
2024-05-07 12:27:00+05:30,419.1,423.0,418.0,422.8,2625,1142800,22.580891,22295.75,22700.0,22900,ATM+8,PUT,22500,2024-05-07
2024-05-07 12:28:00+05:30,422.8,422.8,415.0,419.2,1050,1141775,21.766268,22296.1,22700.0,22900,ATM+8,PUT,22500,2024-05-07
2024-05-07 12:29:00+05:30,419.2,422.25,417.0,420.2,3850,1141775,21.806678,22295.1,22700.0,22900,ATM+8,PUT,22500,2024-05-07
2024-05-07 12:30:00+05:30,418.65,433.0,415.5,429.4,6425,1141775,21.792714,22284.25,22700.0,22900,ATM+8,PUT,22500,2024-05-07
2024-05-07 12:31:00+05:30,429.4,429.8,422.65,427.7,3200,1137300,22.051493,22287.4,22700.0,22900,ATM+8,PUT,22500,2024-05-07
2024-05-07 12:32:00+05:30,427.0,427.45,423.5,426.0,3625,1137300,21.514218,22286.95,22700.0,22900,ATM+8,PUT,22500,2024-05-07
2024-05-07 12:33:00+05:30,426.0,427.2,420.85,426.4,775,1137300,21.360906,22285.8,22700.0,22900,ATM+8,PUT,22500,2024-05-07
2024-05-07 12:34:00+05:30,426.4,432.0,425.7,432.0,4125,1138700,21.866139,22281.5,22700.0,22900,ATM+8,PUT,22500,2024-05-07
2024-05-07 12:35:00+05:30,432.0,436.4,429.9,434.7,3075,1138700,21.52017,22276.85,22700.0,22900,ATM+8,PUT,22500,2024-05-07
2024-05-07 12:36:00+05:30,389.6,398.5,387.9,397.75,1950,631200,20.758308,22266.35,22650.0,22900,ATM+8,PUT,22500,2024-05-07
2024-05-07 12:37:00+05:30,397.75,400.0,394.55,400.0,1850,631750,20.705495,22263.45,22650.0,22900,ATM+8,PUT,22500,2024-05-07
2024-05-07 12:38:00+05:30,400.25,403.75,399.2,400.8,3750,631750,19.960649,22259.2,22650.0,22900,ATM+8,PUT,22500,2024-05-07
2024-05-07 12:39:00+05:30,399.9,401.25,396.0,398.15,4150,631750,19.534598,22260.45,22650.0,22900,ATM+8,PUT,22500,2024-05-07
2024-05-07 12:40:00+05:30,398.15,400.6,396.5,400.6,750,629650,19.981146,22259.5,22650.0,22900,ATM+8,PUT,22500,2024-05-07
2024-05-07 12:41:00+05:30,402.55,405.75,399.3,401.9,3075,629650,20.262196,22259.2,22650.0,22900,ATM+8,PUT,22500,2024-05-07
2024-05-07 12:42:00+05:30,401.9,401.9,395.0,399.25,1775,629650,21.138013,22266.3,22650.0,22900,ATM+8,PUT,22500,2024-05-07
2024-05-07 12:43:00+05:30,399.25,409.95,397.4,409.95,2200,628700,22.292777,22259.2,22650.0,22900,ATM+8,PUT,22500,2024-05-07
2024-05-07 12:44:00+05:30,410.75,415.45,409.6,413.4,4925,628700,21.864014,22253.0,22650.0,22900,ATM+8,PUT,22500,2024-05-07
2024-05-07 12:45:00+05:30,413.4,415.65,407.65,407.65,4850,628700,21.687814,22258.95,22650.0,22900,ATM+8,PUT,22500,2024-05-07
2024-05-07 12:46:00+05:30,407.65,410.85,405.95,407.25,725,630125,21.74778,22259.7,22650.0,22900,ATM+8,PUT,22500,2024-05-07
2024-05-07 12:47:00+05:30,407.25,413.2,407.25,411.05,1450,630125,22.576242,22259.25,22650.0,22900,ATM+8,PUT,22500,2024-05-07
2024-05-07 12:48:00+05:30,411.05,412.05,411.05,411.6,900,630125,23.058302,22261.05,22650.0,22900,ATM+8,PUT,22500,2024-05-07
2024-05-07 12:49:00+05:30,411.6,411.6,398.25,398.25,1025,631675,21.801594,22270.65,22650.0,22900,ATM+8,PUT,22500,2024-05-07
2024-05-07 12:50:00+05:30,398.25,404.45,393.9,399.5,2800,631675,21.551037,22267.9,22650.0,22900,ATM+8,PUT,22500,2024-05-07
2024-05-07 12:51:00+05:30,399.5,407.95,399.5,407.05,1050,631675,21.938697,22260.8,22650.0,22900,ATM+8,PUT,22500,2024-05-07
2024-05-07 12:52:00+05:30,407.05,413.0,407.05,413.0,1925,632075,21.785571,22253.0,22650.0,22900,ATM+8,PUT,22500,2024-05-07
2024-05-07 12:53:00+05:30,413.0,423.75,410.6,423.75,2275,632075,24.25,22252.55,22650.0,22900,ATM+8,PUT,22500,2024-05-07
2024-05-07 12:54:00+05:30,421.85,433.4,418.7,431.65,4525,632075,24.231152,22242.85,22650.0,22900,ATM+8,PUT,22500,2024-05-07
2024-05-07 12:55:00+05:30,432.3,434.65,425.2,428.0,5350,631625,23.091059,22241.45,22650.0,22900,ATM+8,PUT,22500,2024-05-07
2024-05-07 12:56:00+05:30,428.85,428.85,415.3,416.45,1325,631625,23.400253,22256.85,22650.0,22900,ATM+8,PUT,22500,2024-05-07
2024-05-07 12:57:00+05:30,416.45,420.2,411.4,411.4,450,631625,23.115367,22261.45,22650.0,22900,ATM+8,PUT,22500,2024-05-07
2024-05-07 12:58:00+05:30,411.1,414.35,407.3,410.65,1200,630150,22.82775,22260.85,22650.0,22900,ATM+8,PUT,22500,2024-05-07
2024-05-07 12:59:00+05:30,410.65,415.0,408.5,408.5,375,630150,22.230487,22260.4,22650.0,22900,ATM+8,PUT,22500,2024-05-07
2024-05-07 13:00:00+05:30,408.5,412.85,407.95,408.35,1050,630150,22.003534,22259.45,22650.0,22900,ATM+8,PUT,22500,2024-05-07
2024-05-07 13:01:00+05:30,408.35,409.15,405.0,405.75,1050,630925,20.837852,22257.05,22650.0,22900,ATM+8,PUT,22500,2024-05-07
2024-05-07 13:02:00+05:30,405.75,412.3,405.45,409.35,825,630925,21.394061,22255.35,22650.0,22900,ATM+8,PUT,22500,2024-05-07
2024-05-07 13:03:00+05:30,409.35,417.5,409.35,417.5,250,630925,22.613421,22251.5,22650.0,22900,ATM+8,PUT,22500,2024-05-07
2024-05-07 13:04:00+05:30,417.5,422.65,415.2,419.35,1875,630725,21.757006,22245.25,22650.0,22900,ATM+8,PUT,22500,2024-05-07
2024-05-07 13:05:00+05:30,419.35,423.45,417.75,418.2,2325,630725,22.543979,22250.3,22650.0,22900,ATM+8,PUT,22500,2024-05-07
2024-05-07 13:06:00+05:30,418.2,422.2,413.6,421.4,1750,630725,22.37885,22245.7,22650.0,22900,ATM+8,PUT,22500,2024-05-07
2024-05-07 13:07:00+05:30,421.4,427.4,421.35,423.35,1325,631500,22.435474,22243.65,22650.0,22900,ATM+8,PUT,22500,2024-05-07
2024-05-07 13:08:00+05:30,423.35,427.5,419.5,427.5,525,631500,23.191441,22242.35,22650.0,22900,ATM+8,PUT,22500,2024-05-07
2024-05-07 13:09:00+05:30,427.5,435.0,425.8,427.7,2275,631500,23.313939,22242.7,22650.0,22900,ATM+8,PUT,22500,2024-05-07
2024-05-07 13:10:00+05:30,427.7,427.7,418.6,420.2,1175,631325,22.901626,22249.6,22650.0,22900,ATM+8,PUT,22500,2024-05-07
2024-05-07 13:11:00+05:30,420.2,420.2,415.55,418.05,3150,631325,22.789949,22251.6,22650.0,22900,ATM+8,PUT,22500,2024-05-07
2024-05-07 13:12:00+05:30,418.05,426.1,417.75,425.15,450,631325,22.771426,22243.05,22650.0,22900,ATM+8,PUT,22500,2024-05-07
2024-05-07 13:13:00+05:30,425.15,429.5,424.15,424.9,725,631825,22.909873,22244.0,22650.0,22900,ATM+8,PUT,22500,2024-05-07
2024-05-07 13:14:00+05:30,421.45,430.0,419.8,430.0,200,631825,23.276123,22239.7,22650.0,22900,ATM+8,PUT,22500,2024-05-07
2024-05-07 13:15:00+05:30,430.0,435.8,426.85,426.85,1925,631825,22.960449,22241.9,22650.0,22900,ATM+8,PUT,22500,2024-05-07
2024-05-07 13:16:00+05:30,425.7,429.35,421.85,427.9,700,631150,23.513958,22243.35,22650.0,22900,ATM+8,PUT,22500,2024-05-07
2024-05-07 13:17:00+05:30,427.9,427.9,419.2,419.2,500,631150,23.013852,22251.25,22650.0,22900,ATM+8,PUT,22500,2024-05-07
2024-05-07 13:18:00+05:30,419.2,423.65,418.85,418.95,600,631150,22.579167,22249.4,22650.0,22900,ATM+8,PUT,22500,2024-05-07
2024-05-07 13:19:00+05:30,418.3,418.3,404.85,405.0,3450,631350,21.347852,22260.05,22650.0,22900,ATM+8,PUT,22500,2024-05-07
2024-05-07 13:20:00+05:30,404.4,409.2,394.75,397.1,2475,631350,21.321139,22269.25,22650.0,22900,ATM+8,PUT,22500,2024-05-07
2024-05-07 13:21:00+05:30,443.25,444.75,430.1,430.3,4725,1097275,20.513352,22277.35,22700.0,22900,ATM+8,PUT,22500,2024-05-07
2024-05-07 13:22:00+05:30,384.2,394.15,382.0,394.15,3300,629650,21.740576,22274.8,22650.0,22900,ATM+8,PUT,22500,2024-05-07
2024-05-07 13:23:00+05:30,394.15,403.35,394.15,398.6,3350,629650,21.292916,22267.3,22650.0,22900,ATM+8,PUT,22500,2024-05-07
2024-05-07 13:24:00+05:30,398.45,407.0,398.15,405.65,3075,629650,21.556937,22260.2,22650.0,22900,ATM+8,PUT,22500,2024-05-07
2024-05-07 13:25:00+05:30,405.65,405.65,400.3,405.0,1450,627700,22.196498,22264.05,22650.0,22900,ATM+8,PUT,22500,2024-05-07
2024-05-07 13:26:00+05:30,405.0,405.0,390.8,394.35,875,627700,20.645043,22269.25,22650.0,22900,ATM+8,PUT,22500,2024-05-07
2024-05-07 13:27:00+05:30,438.8,441.5,433.0,433.0,1625,1092475,21.349793,22277.55,22700.0,22900,ATM+8,PUT,22500,2024-05-07
2024-05-07 13:28:00+05:30,433.0,436.05,425.0,426.75,12950,1078275,20.44085,22281.05,22700.0,22900,ATM+8,PUT,22500,2024-05-07
2024-05-07 13:29:00+05:30,427.5,430.4,419.4,421.3,5850,1078275,19.562685,22283.9,22700.0,22900,ATM+8,PUT,22500,2024-05-07
2024-05-07 13:30:00+05:30,420.45,432.0,420.45,431.45,12025,1078275,21.92476,22281.75,22700.0,22900,ATM+8,PUT,22500,2024-05-07
2024-05-07 13:31:00+05:30,431.65,435.0,431.25,433.95,1700,1076025,21.321522,22276.3,22700.0,22900,ATM+8,PUT,22500,2024-05-07
2024-05-07 13:32:00+05:30,433.95,436.85,412.0,417.65,12525,1076025,20.472165,22291.55,22700.0,22900,ATM+8,PUT,22500,2024-05-07
2024-05-07 13:33:00+05:30,417.6,426.7,414.05,425.15,6050,1076025,20.747465,22284.05,22700.0,22900,ATM+8,PUT,22500,2024-05-07
2024-05-07 13:34:00+05:30,423.6,427.5,421.0,423.55,4025,1077150,20.704041,22285.7,22700.0,22900,ATM+8,PUT,22500,2024-05-07
2024-05-07 13:35:00+05:30,423.55,423.55,417.0,418.0,9425,1077150,20.154988,22289.85,22700.0,22900,ATM+8,PUT,22500,2024-05-07
2024-05-07 13:36:00+05:30,418.0,421.05,409.0,411.3,3875,1077150,19.724977,22295.8,22700.0,22900,ATM+8,PUT,22500,2024-05-07
2024-05-07 13:37:00+05:30,410.0,417.35,409.6,410.65,3475,1071725,20.006787,22297.65,22700.0,22900,ATM+8,PUT,22500,2024-05-07
2024-05-07 13:38:00+05:30,410.65,410.65,396.35,397.05,8050,1071725,19.266563,22310.25,22700.0,22900,ATM+8,PUT,22500,2024-05-07
2024-05-07 13:39:00+05:30,396.4,397.55,388.6,394.35,11575,1071725,19.057901,22312.5,22700.0,22900,ATM+8,PUT,22500,2024-05-07
2024-05-07 13:40:00+05:30,394.35,403.75,393.75,402.35,3075,1068475,19.955305,22306.95,22700.0,22900,ATM+8,PUT,22500,2024-05-07
2024-05-07 13:41:00+05:30,402.35,402.35,390.6,390.6,7000,1068475,18.580884,22314.9,22700.0,22900,ATM+8,PUT,22500,2024-05-07
2024-05-07 13:42:00+05:30,390.6,391.3,383.35,384.4,8225,1068475,19.011607,22323.7,22700.0,22900,ATM+8,PUT,22500,2024-05-07
2024-05-07 13:43:00+05:30,384.0,387.0,382.8,385.7,5675,1069900,19.535218,22324.4,22700.0,22900,ATM+8,PUT,22500,2024-05-07
2024-05-07 13:44:00+05:30,385.7,390.2,383.75,386.2,3825,1069900,19.682884,22324.45,22700.0,22900,ATM+8,PUT,22500,2024-05-07
2024-05-07 13:45:00+05:30,386.2,402.05,386.2,399.3,9150,1069900,20.775295,22314.0,22700.0,22900,ATM+8,PUT,22500,2024-05-07
2024-05-07 13:46:00+05:30,441.55,448.5,433.0,433.0,1175,676525,20.999297,22326.1,22750.0,22900,ATM+8,PUT,22500,2024-05-07
2024-05-07 13:47:00+05:30,430.2,430.2,428.05,428.05,300,676525,20.099855,22328.25,22750.0,22900,ATM+8,PUT,22500,2024-05-07
2024-05-07 13:48:00+05:30,383.15,395.75,383.15,390.5,3975,1063700,20.013199,22320.85,22700.0,22900,ATM+8,PUT,22500,2024-05-07
2024-05-07 13:49:00+05:30,390.5,397.75,390.5,397.75,3200,1063125,20.525992,22314.65,22700.0,22900,ATM+8,PUT,22500,2024-05-07
2024-05-07 13:50:00+05:30,397.75,410.05,397.2,408.45,11300,1063125,20.043104,22300.2,22700.0,22900,ATM+8,PUT,22500,2024-05-07
2024-05-07 13:51:00+05:30,409.35,410.05,402.65,403.6,5225,1063125,18.983671,22301.6,22700.0,22900,ATM+8,PUT,22500,2024-05-07
2024-05-07 13:52:00+05:30,403.85,416.95,400.95,408.75,7325,1066525,19.473871,22297.6,22700.0,22900,ATM+8,PUT,22500,2024-05-07
2024-05-07 13:53:00+05:30,409.95,412.3,407.45,411.25,7800,1066525,20.039955,22296.95,22700.0,22900,ATM+8,PUT,22500,2024-05-07
2024-05-07 13:54:00+05:30,408.1,408.1,399.2,401.1,6375,1066525,19.15212,22305.05,22700.0,22900,ATM+8,PUT,22500,2024-05-07
2024-05-07 13:55:00+05:30,399.5,410.05,399.4,409.0,3025,1062400,19.580541,22297.7,22700.0,22900,ATM+8,PUT,22500,2024-05-07
2024-05-07 13:56:00+05:30,408.45,408.45,402.5,402.5,1325,1062400,19.827064,22306.1,22700.0,22900,ATM+8,PUT,22500,2024-05-07
2024-05-07 13:57:00+05:30,402.5,402.5,395.0,395.0,4050,1062400,19.017008,22311.45,22700.0,22900,ATM+8,PUT,22500,2024-05-07
2024-05-07 13:58:00+05:30,394.85,396.85,388.5,396.0,4250,1062050,19.446042,22312.0,22700.0,22900,ATM+8,PUT,22500,2024-05-07
2024-05-07 13:59:00+05:30,395.35,404.0,395.35,397.35,2425,1062050,19.632944,22311.2,22700.0,22900,ATM+8,PUT,22500,2024-05-07
2024-05-07 14:00:00+05:30,397.35,402.7,390.6,391.1,1175,1062050,18.714963,22314.7,22700.0,22900,ATM+8,PUT,22500,2024-05-07
2024-05-07 14:01:00+05:30,391.1,395.75,386.95,388.7,2075,1060700,19.210139,22319.4,22700.0,22900,ATM+8,PUT,22500,2024-05-07
2024-05-07 14:02:00+05:30,388.7,390.4,386.6,386.6,24375,1060700,19.09861,22321.35,22700.0,22900,ATM+8,PUT,22500,2024-05-07
2024-05-07 14:03:00+05:30,386.6,392.0,381.1,381.1,3175,1060700,18.335864,22324.6,22700.0,22900,ATM+8,PUT,22500,2024-05-07
2024-05-07 14:04:00+05:30,428.95,431.35,428.25,430.0,1600,676600,20.340464,22326.8,22750.0,22900,ATM+8,PUT,22500,2024-05-07
2024-05-07 14:05:00+05:30,382.55,396.8,379.05,395.4,5875,1049325,20.386353,22316.6,22700.0,22900,ATM+8,PUT,22500,2024-05-07
2024-05-07 14:06:00+05:30,394.65,401.55,393.85,397.4,4300,1049325,20.211367,22313.5,22700.0,22900,ATM+8,PUT,22500,2024-05-07
2024-05-07 14:07:00+05:30,397.4,397.4,387.8,387.85,2225,1047350,19.179775,22320.2,22700.0,22900,ATM+8,PUT,22500,2024-05-07
2024-05-07 14:08:00+05:30,387.5,390.75,385.0,385.3,2050,1047350,19.329734,22323.75,22700.0,22900,ATM+8,PUT,22500,2024-05-07
2024-05-07 14:09:00+05:30,384.3,389.4,384.0,386.8,1500,1047350,19.797933,22324.0,22700.0,22900,ATM+8,PUT,22500,2024-05-07
2024-05-07 14:10:00+05:30,386.8,396.0,386.8,389.5,2000,1047100,19.209911,22318.4,22700.0,22900,ATM+8,PUT,22500,2024-05-07
2024-05-07 14:11:00+05:30,389.5,400.0,388.0,400.0,1475,1047100,19.558322,22307.75,22700.0,22900,ATM+8,PUT,22500,2024-05-07
2024-05-07 14:12:00+05:30,400.0,401.0,397.0,397.75,1550,1047100,18.449243,22306.1,22700.0,22900,ATM+8,PUT,22500,2024-05-07
2024-05-07 14:13:00+05:30,397.75,398.0,392.0,392.1,1450,1046000,18.592316,22313.0,22700.0,22900,ATM+8,PUT,22500,2024-05-07
2024-05-07 14:14:00+05:30,392.1,393.65,387.0,388.1,2350,1046000,19.35051,22320.55,22700.0,22900,ATM+8,PUT,22500,2024-05-07
2024-05-07 14:15:00+05:30,387.05,395.0,387.05,393.3,1250,1046000,19.310207,22314.4,22700.0,22900,ATM+8,PUT,22500,2024-05-07
2024-05-07 14:16:00+05:30,393.3,393.3,388.7,392.8,200,1047100,19.319033,22315.0,22700.0,22900,ATM+8,PUT,22500,2024-05-07
2024-05-07 14:17:00+05:30,392.8,404.65,390.6,404.65,5775,1047100,20.101481,22304.55,22700.0,22900,ATM+8,PUT,22500,2024-05-07
2024-05-07 14:18:00+05:30,404.05,405.0,399.45,403.8,1450,1047100,20.770029,22308.35,22700.0,22900,ATM+8,PUT,22500,2024-05-07
2024-05-07 14:19:00+05:30,403.8,403.8,392.7,394.6,3400,1037900,19.866948,22315.15,22700.0,22900,ATM+8,PUT,22500,2024-05-07
2024-05-07 14:20:00+05:30,394.6,398.0,393.0,393.0,950,1037900,19.750108,22316.5,22700.0,22900,ATM+8,PUT,22500,2024-05-07
2024-05-07 14:21:00+05:30,393.0,404.0,393.0,401.0,3425,1037900,20.276351,22309.45,22700.0,22900,ATM+8,PUT,22500,2024-05-07
2024-05-07 14:22:00+05:30,401.0,412.0,401.0,408.85,7975,1035425,20.760902,22302.4,22700.0,22900,ATM+8,PUT,22500,2024-05-07
2024-05-07 14:23:00+05:30,408.85,435.3,406.95,435.3,11325,1035425,22.489648,22279.1,22700.0,22900,ATM+8,PUT,22500,2024-05-07
2024-05-07 14:24:00+05:30,431.0,442.05,428.05,435.45,9000,1035425,22.185857,22277.6,22700.0,22900,ATM+8,PUT,22500,2024-05-07
2024-05-07 14:25:00+05:30,436.25,444.0,431.4,433.05,8500,1027425,21.886214,22279.1,22700.0,22900,ATM+8,PUT,22500,2024-05-07
2024-05-07 14:26:00+05:30,432.8,445.6,432.8,435.9,6200,1027425,22.173026,22277.0,22700.0,22900,ATM+8,PUT,22500,2024-05-07
2024-05-07 14:27:00+05:30,435.9,447.3,434.0,436.2,5125,1027425,22.151668,22276.55,22700.0,22900,ATM+8,PUT,22500,2024-05-07
2024-05-07 14:28:00+05:30,392.8,397.8,390.9,393.1,6775,610800,21.378911,22273.4,22650.0,22900,ATM+8,PUT,22500,2024-05-07
2024-05-07 14:29:00+05:30,393.75,413.0,393.75,410.25,7000,610800,22.924052,22260.45,22650.0,22900,ATM+8,PUT,22500,2024-05-07
2024-05-07 14:30:00+05:30,410.25,415.0,402.25,402.25,2800,610800,21.806387,22264.55,22650.0,22900,ATM+8,PUT,22500,2024-05-07
2024-05-07 14:31:00+05:30,404.25,407.15,395.45,395.45,6700,614650,21.40528,22270.7,22650.0,22900,ATM+8,PUT,22500,2024-05-07
2024-05-07 14:32:00+05:30,442.35,445.6,435.3,435.3,6450,1019125,22.342305,22278.35,22700.0,22900,ATM+8,PUT,22500,2024-05-07
2024-05-07 14:33:00+05:30,435.3,445.2,435.0,435.0,3500,1019125,22.483689,22279.3,22700.0,22900,ATM+8,PUT,22500,2024-05-07
2024-05-07 14:34:00+05:30,435.0,435.0,423.45,424.6,2325,1012050,21.699765,22288.0,22700.0,22900,ATM+8,PUT,22500,2024-05-07
2024-05-07 14:35:00+05:30,424.6,435.75,422.45,423.2,1925,1012050,22.063116,22291.2,22700.0,22900,ATM+8,PUT,22500,2024-05-07
2024-05-07 14:36:00+05:30,420.85,422.35,411.7,412.55,7625,1012050,21.029148,22299.1,22700.0,22900,ATM+8,PUT,22500,2024-05-07
2024-05-07 14:37:00+05:30,412.55,416.1,404.0,404.55,3550,1012075,19.946558,22303.85,22700.0,22900,ATM+8,PUT,22500,2024-05-07
2024-05-07 14:38:00+05:30,405.75,408.55,402.45,402.45,2025,1012075,19.63174,22305.0,22700.0,22900,ATM+8,PUT,22500,2024-05-07
2024-05-07 14:39:00+05:30,402.45,411.75,386.35,387.1,8525,1012075,17.857565,22315.8,22700.0,22900,ATM+8,PUT,22500,2024-05-07
2024-05-07 14:40:00+05:30,389.15,392.55,379.9,383.3,7925,1011600,16.997192,22317.15,22700.0,22900,ATM+8,PUT,22500,2024-05-07
2024-05-07 14:41:00+05:30,383.05,391.2,383.05,388.85,11575,1011600,17.373864,22312.2,22700.0,22900,ATM+8,PUT,22500,2024-05-07
2024-05-07 14:42:00+05:30,388.85,395.2,387.4,391.35,7725,1011600,17.32128,22309.25,22700.0,22900,ATM+8,PUT,22500,2024-05-07
2024-05-07 14:43:00+05:30,391.75,396.25,386.55,395.95,2950,1010650,17.415915,22304.45,22700.0,22900,ATM+8,PUT,22500,2024-05-07
2024-05-07 14:44:00+05:30,395.95,401.1,392.8,399.05,6900,1010650,17.409823,22301.0,22700.0,22900,ATM+8,PUT,22500,2024-05-07
2024-05-07 14:45:00+05:30,398.0,398.15,388.25,388.9,3025,1010650,16.310802,22308.9,22700.0,22900,ATM+8,PUT,22500,2024-05-07
2024-05-07 14:46:00+05:30,388.9,396.0,388.9,389.8,4350,1009550,16.447582,22308.3,22700.0,22900,ATM+8,PUT,22500,2024-05-07
2024-05-07 14:47:00+05:30,389.8,396.85,389.8,396.85,2375,1009550,17.917447,22305.05,22700.0,22900,ATM+8,PUT,22500,2024-05-07
2024-05-07 14:48:00+05:30,396.85,402.4,393.4,395.55,3625,1009550,18.313522,22307.85,22700.0,22900,ATM+8,PUT,22500,2024-05-07
2024-05-07 14:49:00+05:30,395.55,395.55,388.05,389.0,3575,1002750,17.913462,22313.8,22700.0,22900,ATM+8,PUT,22500,2024-05-07
2024-05-07 14:50:00+05:30,389.7,390.45,373.5,381.2,11225,1002750,16.767644,22318.7,22700.0,22900,ATM+8,PUT,22500,2024-05-07
2024-05-07 14:51:00+05:30,381.2,393.35,381.2,390.5,8750,1002750,17.180096,22309.7,22700.0,22900,ATM+8,PUT,22500,2024-05-07
2024-05-07 14:52:00+05:30,389.9,397.3,389.3,395.75,1225,995900,16.877801,22303.0,22700.0,22900,ATM+8,PUT,22500,2024-05-07
2024-05-07 14:53:00+05:30,398.4,398.4,390.65,390.65,1775,995900,16.378175,22307.15,22700.0,22900,ATM+8,PUT,22500,2024-05-07
2024-05-07 14:54:00+05:30,390.65,400.0,390.65,398.6,4875,995900,17.634807,22302.15,22700.0,22900,ATM+8,PUT,22500,2024-05-07
2024-05-07 14:55:00+05:30,398.6,414.8,398.6,411.35,6700,991000,18.967964,22292.35,22700.0,22900,ATM+8,PUT,22500,2024-05-07
2024-05-07 14:56:00+05:30,414.05,416.1,399.55,401.15,5925,991000,18.453105,22302.0,22700.0,22900,ATM+8,PUT,22500,2024-05-07
2024-05-07 14:57:00+05:30,401.15,401.15,395.0,396.15,2250,991000,17.572047,22304.65,22700.0,22900,ATM+8,PUT,22500,2024-05-07
2024-05-07 14:58:00+05:30,396.15,396.15,386.25,395.0,6775,987225,16.878525,22303.8,22700.0,22900,ATM+8,PUT,22500,2024-05-07
2024-05-07 14:59:00+05:30,394.85,406.4,394.85,406.4,1175,987225,17.152642,22292.1,22700.0,22900,ATM+8,PUT,22500,2024-05-07
2024-05-07 15:00:00+05:30,406.25,406.4,390.0,396.2,5075,987225,19.914238,22313.1,22700.0,22900,ATM+8,PUT,22500,2024-05-07
2024-05-07 15:01:00+05:30,393.9,405.75,386.25,401.35,4600,986150,19.61767,22306.0,22700.0,22900,ATM+8,PUT,22500,2024-05-07
2024-05-07 15:02:00+05:30,400.35,400.85,394.55,398.25,4125,986150,20.590606,22313.55,22700.0,22900,ATM+8,PUT,22500,2024-05-07
2024-05-07 15:03:00+05:30,398.25,398.25,391.25,391.75,2625,986150,19.912157,22318.2,22700.0,22900,ATM+8,PUT,22500,2024-05-07
2024-05-07 15:04:00+05:30,391.75,400.0,390.0,396.0,1125,982850,19.390308,22311.2,22700.0,22900,ATM+8,PUT,22500,2024-05-07
2024-05-07 15:05:00+05:30,395.0,401.0,391.55,397.2,3750,982850,18.418381,22306.25,22700.0,22900,ATM+8,PUT,22500,2024-05-07
2024-05-07 15:06:00+05:30,397.2,409.65,397.2,408.4,2675,982850,19.419894,22297.2,22700.0,22900,ATM+8,PUT,22500,2024-05-07
2024-05-07 15:07:00+05:30,410.0,412.55,402.5,410.0,8200,977925,19.828709,22296.9,22700.0,22900,ATM+8,PUT,22500,2024-05-07
2024-05-07 15:08:00+05:30,409.95,425.0,409.45,424.75,13275,977925,20.458284,22282.5,22700.0,22900,ATM+8,PUT,22500,2024-05-07
2024-05-07 15:09:00+05:30,424.75,428.45,416.25,416.25,8600,977925,21.384343,22295.95,22700.0,22900,ATM+8,PUT,22500,2024-05-07
2024-05-07 15:10:00+05:30,416.55,416.55,405.85,408.0,5725,968975,21.213506,22304.8,22700.0,22900,ATM+8,PUT,22500,2024-05-07
2024-05-07 15:11:00+05:30,408.0,415.6,407.0,415.6,5925,968975,21.678859,22297.95,22700.0,22900,ATM+8,PUT,22500,2024-05-07
2024-05-07 15:12:00+05:30,415.0,415.0,405.0,406.0,6100,968975,21.107945,22306.65,22700.0,22900,ATM+8,PUT,22500,2024-05-07
2024-05-07 15:13:00+05:30,406.0,408.8,401.35,408.35,6525,970650,20.918988,22303.1,22700.0,22900,ATM+8,PUT,22500,2024-05-07
2024-05-07 15:14:00+05:30,408.35,410.05,404.0,407.45,4225,970650,21.952036,22308.7,22700.0,22900,ATM+8,PUT,22500,2024-05-07
2024-05-07 15:15:00+05:30,407.45,411.25,402.85,402.85,11050,970650,20.222204,22306.55,22700.0,22900,ATM+8,PUT,22500,2024-05-07
2024-05-07 15:16:00+05:30,402.85,409.95,402.8,406.5,1800,955675,20.298303,22302.65,22700.0,22900,ATM+8,PUT,22500,2024-05-07
2024-05-07 15:17:00+05:30,406.5,406.5,394.95,395.7,8650,955675,19.369563,22311.35,22700.0,22900,ATM+8,PUT,22500,2024-05-07
2024-05-07 15:18:00+05:30,395.9,405.35,395.9,402.0,10300,955675,19.897851,22306.2,22700.0,22900,ATM+8,PUT,22500,2024-05-07
2024-05-07 15:19:00+05:30,402.0,403.5,399.5,399.5,1700,945900,19.757264,22308.5,22700.0,22900,ATM+8,PUT,22500,2024-05-07
2024-05-07 15:20:00+05:30,398.8,403.9,396.0,403.9,3075,945900,19.504099,22302.5,22700.0,22900,ATM+8,PUT,22500,2024-05-07
2024-05-07 15:21:00+05:30,403.45,404.45,402.0,403.6,900,945900,20.177851,22305.45,22700.0,22900,ATM+8,PUT,22500,2024-05-07
2024-05-07 15:22:00+05:30,403.6,407.95,403.1,407.95,1200,943300,20.927168,22303.5,22700.0,22900,ATM+8,PUT,22500,2024-05-07
2024-05-07 15:23:00+05:30,408.8,408.8,405.2,406.55,2725,943300,21.432777,22307.3,22700.0,22900,ATM+8,PUT,22500,2024-05-07
2024-05-07 15:24:00+05:30,406.55,407.1,402.7,403.15,2950,943300,20.973019,22309.25,22700.0,22900,ATM+8,PUT,22500,2024-05-07
2024-05-07 15:25:00+05:30,403.15,405.0,403.0,403.75,10000,939925,20.740423,22307.55,22700.0,22900,ATM+8,PUT,22500,2024-05-07
2024-05-07 15:26:00+05:30,403.75,408.75,403.75,408.4,10225,939925,21.236721,22304.25,22700.0,22900,ATM+8,PUT,22500,2024-05-07
2024-05-07 15:27:00+05:30,408.4,410.0,406.2,406.8,20250,939925,22.785481,22313.25,22700.0,22900,ATM+8,PUT,22500,2024-05-07
2024-05-07 15:28:00+05:30,407.9,410.5,406.8,409.95,2800,932250,20.085131,22297.75,22700.0,22900,ATM+8,PUT,22500,2024-05-07
2024-05-07 15:29:00+05:30,410.05,411.5,405.65,405.65,10200,932250,20.545326,22304.5,22700.0,22900,ATM+8,PUT,22500,2024-05-07
2024-05-07 09:15:00+05:30,458.65,458.65,417.75,421.15,2525,398875,16.171776,22474.7,22900.0,22950,ATM+9,PUT,22500,2024-05-07
2024-05-07 09:16:00+05:30,421.15,428.0,415.0,426.0,4475,398875,16.821212,22471.3,22900.0,22950,ATM+9,PUT,22500,2024-05-07
2024-05-07 09:17:00+05:30,426.0,428.25,425.95,428.25,3375,398875,17.25086,22470.15,22900.0,22950,ATM+9,PUT,22500,2024-05-07
2024-05-07 09:18:00+05:30,429.3,429.3,427.0,427.0,450,403425,17.478577,22472.25,22900.0,22950,ATM+9,PUT,22500,2024-05-07
2024-05-07 09:19:00+05:30,427.0,440.35,424.95,440.35,2700,403425,19.29252,22463.75,22900.0,22950,ATM+9,PUT,22500,2024-05-07
2024-05-07 09:20:00+05:30,440.35,450.0,437.45,447.3,1475,403425,16.322586,22446.9,22900.0,22950,ATM+9,PUT,22500,2024-05-07
2024-05-07 09:21:00+05:30,447.3,447.3,440.05,447.1,550,403875,17.267014,22449.6,22900.0,22950,ATM+9,PUT,22500,2024-05-07
2024-05-07 09:22:00+05:30,447.1,448.0,431.0,431.0,2275,403875,19.321652,22474.4,22900.0,22950,ATM+9,PUT,22500,2024-05-07
2024-05-07 09:23:00+05:30,476.05,476.05,466.2,466.2,575,237200,18.50909,22482.5,22950.0,22950,ATM+9,PUT,22500,2024-05-07
2024-05-07 09:24:00+05:30,466.2,466.2,466.2,466.2,0,237200,18.50909,22477.65,22950.0,22950,ATM+9,PUT,22500,2024-05-07
2024-05-07 09:25:00+05:30,466.2,471.9,466.2,471.65,100,237050,19.837966,22480.8,22950.0,22950,ATM+9,PUT,22500,2024-05-07
2024-05-07 09:26:00+05:30,471.65,474.95,471.65,474.95,225,237050,19.741113,22476.8,22950.0,22950,ATM+9,PUT,22500,2024-05-07
2024-05-07 09:27:00+05:30,474.95,474.95,464.15,464.15,200,237325,19.128239,22486.7,22950.0,22950,ATM+9,PUT,22500,2024-05-07
2024-05-07 09:28:00+05:30,464.15,464.15,464.15,464.15,0,237325,19.128239,22489.4,22950.0,22950,ATM+9,PUT,22500,2024-05-07
2024-05-07 09:29:00+05:30,464.15,465.4,461.85,463.0,300,237325,19.90219,22490.65,22950.0,22950,ATM+9,PUT,22500,2024-05-07
2024-05-07 09:30:00+05:30,463.0,463.0,463.0,463.0,0,237325,19.90219,22482.75,22950.0,22950,ATM+9,PUT,22500,2024-05-07
2024-05-07 09:31:00+05:30,463.0,472.4,463.0,470.0,75,237225,18.89907,22479.5,22950.0,22950,ATM+9,PUT,22500,2024-05-07
2024-05-07 09:32:00+05:30,425.9,442.65,425.9,440.45,5400,407250,17.198891,22456.6,22900.0,22950,ATM+9,PUT,22500,2024-05-07
2024-05-07 09:33:00+05:30,438.3,443.55,427.95,429.85,2275,407925,17.848052,22470.25,22900.0,22950,ATM+9,PUT,22500,2024-05-07
2024-05-07 09:34:00+05:30,427.25,436.0,425.6,436.0,2250,407925,18.136267,22464.4,22900.0,22950,ATM+9,PUT,22500,2024-05-07
2024-05-07 09:35:00+05:30,436.0,437.6,433.2,435.65,400,407925,15.415843,22457.2,22900.0,22950,ATM+9,PUT,22500,2024-05-07
2024-05-07 09:36:00+05:30,435.65,440.0,435.4,439.95,1100,407925,17.912817,22459.3,22900.0,22950,ATM+9,PUT,22500,2024-05-07
2024-05-07 09:37:00+05:30,439.95,439.95,429.0,429.0,1500,408125,17.071484,22468.7,22900.0,22950,ATM+9,PUT,22500,2024-05-07
2024-05-07 09:38:00+05:30,429.0,432.4,429.0,430.5,1050,408125,15.574514,22463.05,22900.0,22950,ATM+9,PUT,22500,2024-05-07
2024-05-07 09:39:00+05:30,430.5,438.4,430.5,437.35,675,407825,16.439911,22457.85,22900.0,22950,ATM+9,PUT,22500,2024-05-07
2024-05-07 09:40:00+05:30,437.35,450.0,437.35,446.75,2600,407825,17.709366,22451.2,22900.0,22950,ATM+9,PUT,22500,2024-05-07
2024-05-07 09:41:00+05:30,445.75,445.75,431.8,431.8,1525,407825,17.311525,22466.35,22900.0,22950,ATM+9,PUT,22500,2024-05-07
2024-05-07 09:42:00+05:30,430.0,435.0,429.75,434.7,1775,406675,16.661683,22461.3,22900.0,22950,ATM+9,PUT,22500,2024-05-07
2024-05-07 09:43:00+05:30,434.7,440.25,431.1,431.7,1725,406675,17.212342,22466.15,22900.0,22950,ATM+9,PUT,22500,2024-05-07
2024-05-07 09:44:00+05:30,431.7,435.2,431.7,434.75,300,406675,18.799784,22468.05,22900.0,22950,ATM+9,PUT,22500,2024-05-07
2024-05-07 09:45:00+05:30,434.75,437.65,431.45,437.65,350,406750,18.615797,22464.15,22900.0,22950,ATM+9,PUT,22500,2024-05-07
2024-05-07 09:46:00+05:30,437.65,437.65,424.8,427.75,1125,406750,17.739376,22472.15,22900.0,22950,ATM+9,PUT,22500,2024-05-07
2024-05-07 09:47:00+05:30,427.75,427.75,427.75,427.75,0,406750,17.739376,22481.6,22950.0,22950,ATM+9,PUT,22500,2024-05-07
2024-05-07 09:48:00+05:30,422.1,432.0,417.45,430.55,1050,406575,18.360603,22471.15,22900.0,22950,ATM+9,PUT,22500,2024-05-07
2024-05-07 09:49:00+05:30,430.55,467.8,430.55,461.6,7925,406575,18.316428,22436.75,22900.0,22950,ATM+9,PUT,22500,2024-05-07
2024-05-07 09:50:00+05:30,456.3,463.7,450.0,452.0,6700,406575,17.021725,22443.55,22900.0,22950,ATM+9,PUT,22500,2024-05-07
2024-05-07 09:51:00+05:30,454.4,456.95,452.7,454.55,1525,407475,16.386768,22439.25,22900.0,22950,ATM+9,PUT,22500,2024-05-07
2024-05-07 09:52:00+05:30,454.55,471.65,454.55,462.45,7500,407475,15.402171,22428.85,22900.0,22950,ATM+9,PUT,22500,2024-05-07
2024-05-07 09:53:00+05:30,462.45,466.45,456.9,462.45,1475,407475,17.258497,22432.9,22900.0,22950,ATM+9,PUT,22500,2024-05-07
2024-05-07 09:54:00+05:30,463.25,470.3,462.45,470.3,1450,406250,17.591252,22425.3,22900.0,22950,ATM+9,PUT,22500,2024-05-07
2024-05-07 09:55:00+05:30,469.65,472.6,466.1,466.75,1025,406250,16.403431,22426.3,22900.0,22950,ATM+9,PUT,22500,2024-05-07
2024-05-07 09:56:00+05:30,418.2,427.6,418.2,427.6,1100,383200,15.122747,22415.05,22850.0,22950,ATM+9,PUT,22500,2024-05-07
2024-05-07 09:57:00+05:30,472.35,478.0,461.9,461.9,850,405075,15.49559,22429.6,22900.0,22950,ATM+9,PUT,22500,2024-05-07
2024-05-07 09:58:00+05:30,461.9,470.9,461.9,465.0,600,405075,16.378376,22428.1,22900.0,22950,ATM+9,PUT,22500,2024-05-07
2024-05-07 09:59:00+05:30,416.45,432.1,416.45,432.1,1650,383825,16.009028,22412.3,22850.0,22950,ATM+9,PUT,22500,2024-05-07
2024-05-07 10:00:00+05:30,431.5,452.0,430.0,451.9,1375,384150,16.207,22391.6,22850.0,22950,ATM+9,PUT,22500,2024-05-07
2024-05-07 10:01:00+05:30,451.9,459.3,451.9,453.15,1750,384150,18.216156,22395.55,22850.0,22950,ATM+9,PUT,22500,2024-05-07
2024-05-07 10:02:00+05:30,453.15,456.65,447.65,456.65,1400,384150,19.05635,22394.35,22850.0,22950,ATM+9,PUT,22500,2024-05-07
2024-05-07 10:03:00+05:30,456.65,462.95,449.4,462.95,1350,383925,18.901706,22386.9,22850.0,22950,ATM+9,PUT,22500,2024-05-07
2024-05-07 10:04:00+05:30,462.95,469.95,461.7,469.95,2150,383925,19.640133,22381.55,22850.0,22950,ATM+9,PUT,22500,2024-05-07
2024-05-07 10:05:00+05:30,469.95,471.05,463.7,465.9,275,383925,19.235321,22384.7,22850.0,22950,ATM+9,PUT,22500,2024-05-07
2024-05-07 10:06:00+05:30,465.9,468.15,465.9,468.15,25,383925,22.561148,22394.85,22850.0,22950,ATM+9,PUT,22500,2024-05-07
2024-05-07 10:07:00+05:30,468.15,468.15,455.45,456.05,425,383525,19.674492,22397.1,22850.0,22950,ATM+9,PUT,22500,2024-05-07
2024-05-07 10:08:00+05:30,456.05,459.85,456.05,459.85,325,383525,20.17721,22394.65,22850.0,22950,ATM+9,PUT,22500,2024-05-07
2024-05-07 10:09:00+05:30,459.85,459.85,447.45,447.45,450,382625,19.224524,22405.1,22850.0,22950,ATM+9,PUT,22500,2024-05-07
2024-05-07 10:10:00+05:30,447.45,451.95,444.35,446.95,1525,382625,19.762864,22407.6,22850.0,22950,ATM+9,PUT,22500,2024-05-07
2024-05-07 10:11:00+05:30,446.95,462.7,446.55,462.7,925,382625,20.305588,22391.9,22850.0,22950,ATM+9,PUT,22500,2024-05-07
2024-05-07 10:12:00+05:30,462.7,463.9,454.7,454.7,425,382625,19.175296,22396.85,22850.0,22950,ATM+9,PUT,22500,2024-05-07
2024-05-07 10:13:00+05:30,454.7,454.7,448.4,450.75,275,381600,18.337432,22398.5,22850.0,22950,ATM+9,PUT,22500,2024-05-07
2024-05-07 10:14:00+05:30,450.75,450.75,450.75,450.75,0,381600,18.337432,22398.6,22850.0,22950,ATM+9,PUT,22500,2024-05-07
2024-05-07 10:15:00+05:30,450.75,456.2,450.75,456.2,200,381600,19.06333,22394.8,22850.0,22950,ATM+9,PUT,22500,2024-05-07
2024-05-07 10:16:00+05:30,456.2,456.2,456.0,456.0,150,381550,18.141137,22392.15,22850.0,22950,ATM+9,PUT,22500,2024-05-07
2024-05-07 10:17:00+05:30,456.0,466.7,456.0,466.2,625,381550,17.752151,22380.0,22850.0,22950,ATM+9,PUT,22500,2024-05-07
2024-05-07 10:18:00+05:30,466.2,468.35,457.45,457.45,125,381550,16.685687,22386.75,22850.0,22950,ATM+9,PUT,22500,2024-05-07
2024-05-07 10:19:00+05:30,457.45,463.0,457.45,463.0,75,381075,18.345917,22385.1,22850.0,22950,ATM+9,PUT,22500,2024-05-07
2024-05-07 10:20:00+05:30,464.1,470.7,464.1,466.25,1400,381075,18.30812,22381.45,22850.0,22950,ATM+9,PUT,22500,2024-05-07
2024-05-07 10:21:00+05:30,426.35,440.0,425.9,431.6,14200,843000,18.741198,22370.9,22800.0,22950,ATM+9,PUT,22500,2024-05-07
2024-05-07 10:22:00+05:30,431.0,432.45,422.7,430.0,6275,843000,18.884793,22373.2,22800.0,22950,ATM+9,PUT,22500,2024-05-07
2024-05-07 10:23:00+05:30,430.0,438.1,428.95,428.95,9050,843000,17.264978,22369.0,22800.0,22950,ATM+9,PUT,22500,2024-05-07
2024-05-07 10:24:00+05:30,428.95,433.0,428.0,430.7,39000,824450,17.649886,22368.25,22800.0,22950,ATM+9,PUT,22500,2024-05-07
2024-05-07 10:25:00+05:30,430.7,438.0,430.4,435.75,18525,824450,16.481515,22359.45,22800.0,22950,ATM+9,PUT,22500,2024-05-07
2024-05-07 10:26:00+05:30,435.75,445.15,434.25,437.9,9400,824450,17.650803,22360.35,22800.0,22950,ATM+9,PUT,22500,2024-05-07
2024-05-07 10:27:00+05:30,437.9,444.45,435.7,437.75,5800,813625,16.679754,22357.8,22800.0,22950,ATM+9,PUT,22500,2024-05-07
2024-05-07 10:28:00+05:30,437.75,451.4,436.55,450.0,8925,813625,18.685581,22350.25,22800.0,22950,ATM+9,PUT,22500,2024-05-07
2024-05-07 10:29:00+05:30,448.55,453.0,437.8,437.8,7300,813625,17.995522,22361.5,22800.0,22950,ATM+9,PUT,22500,2024-05-07
2024-05-07 10:30:00+05:30,437.8,437.8,424.5,432.45,13750,806475,19.240186,22371.7,22800.0,22950,ATM+9,PUT,22500,2024-05-07
2024-05-07 10:31:00+05:30,431.1,441.95,431.1,433.5,3850,806475,18.547711,22368.05,22800.0,22950,ATM+9,PUT,22500,2024-05-07
2024-05-07 10:32:00+05:30,433.5,440.35,431.3,440.1,775,806475,18.883093,22361.85,22800.0,22950,ATM+9,PUT,22500,2024-05-07
2024-05-07 10:33:00+05:30,440.1,445.85,438.05,442.65,1425,806575,18.472226,22357.65,22800.0,22950,ATM+9,PUT,22500,2024-05-07
2024-05-07 10:34:00+05:30,442.65,468.9,442.65,465.8,13600,806575,20.602228,22339.2,22800.0,22950,ATM+9,PUT,22500,2024-05-07
2024-05-07 10:35:00+05:30,467.15,472.1,459.85,467.0,8500,806575,21.44781,22341.05,22800.0,22950,ATM+9,PUT,22500,2024-05-07
2024-05-07 10:36:00+05:30,464.55,476.25,464.55,470.0,9000,806575,20.678576,22334.75,22800.0,22950,ATM+9,PUT,22500,2024-05-07
2024-05-07 10:37:00+05:30,421.8,437.1,421.8,437.1,3900,687900,21.279461,22324.45,22750.0,22950,ATM+9,PUT,22500,2024-05-07
2024-05-07 10:38:00+05:30,437.1,446.15,435.3,437.7,4125,687900,21.382961,22324.2,22750.0,22950,ATM+9,PUT,22500,2024-05-07
2024-05-07 10:39:00+05:30,484.4,484.4,472.75,473.65,10525,775600,20.438249,22329.8,22800.0,22950,ATM+9,PUT,22500,2024-05-07
2024-05-07 10:40:00+05:30,476.25,480.85,474.2,475.2,3675,775600,20.606736,22328.65,22800.0,22950,ATM+9,PUT,22500,2024-05-07
2024-05-07 10:41:00+05:30,430.0,441.0,430.0,436.7,1425,688775,20.147184,22320.15,22750.0,22950,ATM+9,PUT,22500,2024-05-07
2024-05-07 10:42:00+05:30,484.65,484.65,467.7,474.0,10550,772925,21.705483,22334.05,22800.0,22950,ATM+9,PUT,22500,2024-05-07
2024-05-07 10:43:00+05:30,476.3,477.1,472.0,476.3,2475,772925,21.206988,22329.55,22800.0,22950,ATM+9,PUT,22500,2024-05-07
2024-05-07 10:44:00+05:30,476.3,476.85,472.0,476.05,3050,772925,21.780813,22332.0,22800.0,22950,ATM+9,PUT,22500,2024-05-07
2024-05-07 10:45:00+05:30,476.05,478.4,467.0,467.6,1475,771075,20.574875,22337.0,22800.0,22950,ATM+9,PUT,22500,2024-05-07
2024-05-07 10:46:00+05:30,467.6,475.0,466.0,473.25,1325,771075,21.0967,22332.55,22800.0,22950,ATM+9,PUT,22500,2024-05-07
2024-05-07 10:47:00+05:30,426.35,435.0,426.35,432.0,3900,691725,19.754188,22323.9,22750.0,22950,ATM+9,PUT,22500,2024-05-07
2024-05-07 10:48:00+05:30,475.75,480.0,468.85,469.65,2425,771075,18.711392,22328.7,22800.0,22950,ATM+9,PUT,22500,2024-05-07
2024-05-07 10:49:00+05:30,424.35,436.0,424.35,436.0,650,691975,19.672601,22319.05,22750.0,22950,ATM+9,PUT,22500,2024-05-07
2024-05-07 10:50:00+05:30,436.15,436.95,433.25,433.25,650,691975,20.246367,22324.4,22750.0,22950,ATM+9,PUT,22500,2024-05-07
2024-05-07 10:51:00+05:30,433.25,450.1,431.75,440.0,2150,692300,18.782327,22311.4,22750.0,22950,ATM+9,PUT,22500,2024-05-07
2024-05-07 10:52:00+05:30,440.0,445.75,438.9,445.75,1175,692300,19.640413,22307.95,22750.0,22950,ATM+9,PUT,22500,2024-05-07
2024-05-07 10:53:00+05:30,445.75,448.2,445.75,448.2,1075,692300,19.525926,22304.8,22750.0,22950,ATM+9,PUT,22500,2024-05-07
2024-05-07 10:54:00+05:30,449.95,453.45,447.55,450.25,6475,692300,18.766938,22300.0,22750.0,22950,ATM+9,PUT,22500,2024-05-07
2024-05-07 10:55:00+05:30,450.25,450.25,434.0,434.35,5075,691175,19.967341,22322.0,22750.0,22950,ATM+9,PUT,22500,2024-05-07
2024-05-07 10:56:00+05:30,434.35,435.45,428.4,428.4,500,691175,17.999684,22321.65,22750.0,22950,ATM+9,PUT,22500,2024-05-07
2024-05-07 10:57:00+05:30,476.7,476.7,466.0,472.0,2750,780625,19.988263,22330.0,22800.0,22950,ATM+9,PUT,22500,2024-05-07
2024-05-07 10:58:00+05:30,475.0,476.6,464.85,464.85,4150,774850,20.298054,22339.0,22800.0,22950,ATM+9,PUT,22500,2024-05-07
2024-05-07 10:59:00+05:30,465.35,465.35,459.4,460.4,16600,774850,20.305811,22344.0,22800.0,22950,ATM+9,PUT,22500,2024-05-07
2024-05-07 11:00:00+05:30,460.4,474.7,460.4,469.75,2600,774850,19.905035,22332.2,22800.0,22950,ATM+9,PUT,22500,2024-05-07
2024-05-07 11:01:00+05:30,469.75,473.85,469.75,469.75,4125,773900,19.997718,22332.5,22800.0,22950,ATM+9,PUT,22500,2024-05-07
2024-05-07 11:02:00+05:30,469.75,469.75,464.1,465.1,775,773900,19.321878,22335.45,22800.0,22950,ATM+9,PUT,22500,2024-05-07
2024-05-07 11:03:00+05:30,465.1,469.05,460.3,462.15,3775,773900,18.669944,22336.7,22800.0,22950,ATM+9,PUT,22500,2024-05-07
2024-05-07 11:04:00+05:30,462.15,475.15,462.15,475.15,1600,771850,19.648802,22325.4,22800.0,22950,ATM+9,PUT,22500,2024-05-07
2024-05-07 11:05:00+05:30,428.0,431.85,428.0,431.55,225,692725,19.186379,22322.15,22750.0,22950,ATM+9,PUT,22500,2024-05-07
2024-05-07 11:06:00+05:30,476.5,477.2,471.1,471.1,400,771850,18.532242,22326.55,22800.0,22950,ATM+9,PUT,22500,2024-05-07
2024-05-07 11:07:00+05:30,426.85,436.75,423.0,436.35,3800,691925,17.634061,22311.75,22750.0,22950,ATM+9,PUT,22500,2024-05-07
2024-05-07 11:08:00+05:30,436.35,441.6,436.35,437.85,775,691925,18.933119,22314.2,22750.0,22950,ATM+9,PUT,22500,2024-05-07
2024-05-07 11:09:00+05:30,482.15,482.15,469.85,470.05,3825,770900,18.033795,22326.35,22800.0,22950,ATM+9,PUT,22500,2024-05-07
2024-05-07 11:10:00+05:30,425.65,432.3,425.3,430.0,200,692500,18.791483,22322.45,22750.0,22950,ATM+9,PUT,22500,2024-05-07
2024-05-07 11:11:00+05:30,430.0,430.0,428.15,428.2,75,692500,18.53017,22323.55,22750.0,22950,ATM+9,PUT,22500,2024-05-07
2024-05-07 11:12:00+05:30,428.2,432.35,428.2,431.45,600,692500,18.800138,22320.85,22750.0,22950,ATM+9,PUT,22500,2024-05-07
2024-05-07 11:13:00+05:30,431.45,442.0,431.45,442.0,700,692700,19.298309,22310.8,22750.0,22950,ATM+9,PUT,22500,2024-05-07
2024-05-07 11:14:00+05:30,442.0,449.0,440.6,449.0,1250,692700,19.591647,22304.0,22750.0,22950,ATM+9,PUT,22500,2024-05-07
2024-05-07 11:15:00+05:30,447.6,458.75,447.6,453.6,5600,692700,19.361022,22298.1,22750.0,22950,ATM+9,PUT,22500,2024-05-07
2024-05-07 11:16:00+05:30,456.0,465.8,455.15,459.05,1775,692325,19.648203,22293.0,22750.0,22950,ATM+9,PUT,22500,2024-05-07
2024-05-07 11:17:00+05:30,459.05,472.85,459.05,468.9,1850,692325,19.35704,22281.2,22750.0,22950,ATM+9,PUT,22500,2024-05-07
2024-05-07 11:18:00+05:30,473.6,473.6,465.0,470.4,575,692325,19.824106,22281.0,22750.0,22950,ATM+9,PUT,22500,2024-05-07
2024-05-07 11:19:00+05:30,470.4,470.4,464.15,464.15,925,691925,20.120677,22288.9,22750.0,22950,ATM+9,PUT,22500,2024-05-07
2024-05-07 11:20:00+05:30,464.0,464.15,462.85,463.1,325,691925,19.027188,22286.55,22750.0,22950,ATM+9,PUT,22500,2024-05-07
2024-05-07 11:21:00+05:30,463.1,470.7,463.1,470.7,75,691925,20.518513,22282.95,22750.0,22950,ATM+9,PUT,22500,2024-05-07
2024-05-07 11:22:00+05:30,470.7,470.7,460.0,461.75,550,691775,17.298818,22283.35,22750.0,22950,ATM+9,PUT,22500,2024-05-07
2024-05-07 11:23:00+05:30,417.0,428.4,417.0,427.85,5825,1200875,18.407193,22273.35,22700.0,22950,ATM+9,PUT,22500,2024-05-07
2024-05-07 11:24:00+05:30,427.85,434.45,427.05,430.1,9025,1200875,17.839064,22269.05,22700.0,22950,ATM+9,PUT,22500,2024-05-07
2024-05-07 11:25:00+05:30,430.1,434.25,427.4,433.55,6925,1194850,18.258108,22266.55,22700.0,22950,ATM+9,PUT,22500,2024-05-07
2024-05-07 11:26:00+05:30,433.55,444.0,431.5,442.05,37450,1194850,18.941959,22259.35,22700.0,22950,ATM+9,PUT,22500,2024-05-07
2024-05-07 11:27:00+05:30,442.05,445.2,430.15,437.8,26525,1194850,19.543732,22266.15,22700.0,22950,ATM+9,PUT,22500,2024-05-07
2024-05-07 11:28:00+05:30,437.8,450.0,437.7,447.15,9975,1180575,19.777747,22256.5,22700.0,22950,ATM+9,PUT,22500,2024-05-07
2024-05-07 11:29:00+05:30,447.1,447.1,434.8,436.5,7200,1180575,19.263608,22266.6,22700.0,22950,ATM+9,PUT,22500,2024-05-07
2024-05-07 11:30:00+05:30,435.65,435.65,427.35,435.55,9050,1180575,20.526316,22272.4,22700.0,22950,ATM+9,PUT,22500,2024-05-07
2024-05-07 11:31:00+05:30,483.2,483.2,471.0,471.0,250,694050,19.162004,22278.25,22750.0,22950,ATM+9,PUT,22500,2024-05-07
2024-05-07 11:32:00+05:30,425.65,437.0,425.65,428.0,3050,1175475,18.86827,22274.7,22700.0,22950,ATM+9,PUT,22500,2024-05-07
2024-05-07 11:33:00+05:30,426.6,436.9,424.3,436.5,3900,1175475,19.594352,22267.75,22700.0,22950,ATM+9,PUT,22500,2024-05-07
2024-05-07 11:34:00+05:30,437.0,441.9,431.2,441.9,6775,1171100,20.241931,22264.05,22700.0,22950,ATM+9,PUT,22500,2024-05-07
2024-05-07 11:35:00+05:30,442.6,443.15,436.75,440.95,10625,1171100,20.158014,22264.8,22700.0,22950,ATM+9,PUT,22500,2024-05-07
2024-05-07 11:36:00+05:30,440.3,454.7,436.75,450.0,13925,1171100,21.010007,22257.8,22700.0,22950,ATM+9,PUT,22500,2024-05-07
2024-05-07 11:37:00+05:30,450.75,474.5,449.0,470.3,90700,1160725,22.394276,22240.15,22700.0,22950,ATM+9,PUT,22500,2024-05-07
2024-05-07 11:38:00+05:30,469.05,473.0,466.6,467.8,4325,1160725,20.921538,22237.35,22700.0,22950,ATM+9,PUT,22500,2024-05-07
2024-05-07 11:39:00+05:30,471.6,478.15,467.0,467.0,83775,1160725,21.559216,22240.6,22700.0,22950,ATM+9,PUT,22500,2024-05-07
2024-05-07 11:40:00+05:30,467.05,469.05,450.0,458.9,10700,1162575,21.39532,22249.15,22700.0,22950,ATM+9,PUT,22500,2024-05-07
2024-05-07 11:41:00+05:30,460.05,460.65,444.65,447.25,10025,1162575,21.386714,22262.4,22700.0,22950,ATM+9,PUT,22500,2024-05-07
2024-05-07 11:42:00+05:30,446.5,452.1,446.4,450.35,8750,1162575,22.407619,22263.15,22700.0,22950,ATM+9,PUT,22500,2024-05-07
2024-05-07 11:43:00+05:30,448.25,452.2,442.8,452.2,7975,1160475,21.799188,22258.4,22700.0,22950,ATM+9,PUT,22500,2024-05-07
2024-05-07 11:44:00+05:30,450.0,453.1,432.45,437.05,9400,1160475,21.089589,22272.85,22700.0,22950,ATM+9,PUT,22500,2024-05-07
2024-05-07 11:45:00+05:30,483.45,491.95,480.0,480.0,1550,692650,21.904284,22277.3,22750.0,22950,ATM+9,PUT,22500,2024-05-07
2024-05-07 11:46:00+05:30,480.0,480.0,470.95,470.95,2525,691950,21.593514,22286.35,22750.0,22950,ATM+9,PUT,22500,2024-05-07
2024-05-07 11:47:00+05:30,470.95,470.95,457.85,466.15,3125,691950,20.846534,22289.0,22750.0,22950,ATM+9,PUT,22500,2024-05-07
2024-05-07 11:48:00+05:30,466.15,470.8,466.15,469.2,1500,691950,21.603436,22288.35,22750.0,22950,ATM+9,PUT,22500,2024-05-07
2024-05-07 11:49:00+05:30,469.2,471.15,469.2,471.15,25,689825,20.99286,22283.9,22750.0,22950,ATM+9,PUT,22500,2024-05-07
2024-05-07 11:50:00+05:30,471.15,474.6,471.15,474.6,25,689825,20.796086,22279.35,22750.0,22950,ATM+9,PUT,22500,2024-05-07
2024-05-07 11:51:00+05:30,432.0,440.95,430.15,438.9,6500,1166250,20.766739,22269.35,22700.0,22950,ATM+9,PUT,22500,2024-05-07
2024-05-07 11:52:00+05:30,489.2,489.2,473.1,473.1,575,689975,20.483577,22279.95,22750.0,22950,ATM+9,PUT,22500,2024-05-07
2024-05-07 11:53:00+05:30,472.0,472.0,460.0,460.0,425,689975,18.113223,22287.2,22750.0,22950,ATM+9,PUT,22500,2024-05-07
2024-05-07 11:54:00+05:30,460.0,464.45,459.2,459.5,2075,689975,20.367505,22294.7,22750.0,22950,ATM+9,PUT,22500,2024-05-07
2024-05-07 11:55:00+05:30,459.5,461.25,458.25,459.25,200,689625,20.403785,22295.1,22750.0,22950,ATM+9,PUT,22500,2024-05-07
2024-05-07 11:56:00+05:30,459.25,475.45,459.25,475.45,475,689625,21.997437,22282.7,22750.0,22950,ATM+9,PUT,22500,2024-05-07
2024-05-07 11:57:00+05:30,475.45,476.9,475.45,476.9,125,689625,21.865501,22280.55,22750.0,22950,ATM+9,PUT,22500,2024-05-07
2024-05-07 11:58:00+05:30,476.9,476.9,472.0,472.0,125,689700,19.357269,22277.6,22750.0,22950,ATM+9,PUT,22500,2024-05-07
2024-05-07 11:59:00+05:30,427.4,434.1,426.45,431.95,2075,1163475,19.489534,22272.3,22700.0,22950,ATM+9,PUT,22500,2024-05-07
2024-05-07 12:00:00+05:30,431.95,444.1,431.95,442.7,7325,1163475,20.743661,22264.85,22700.0,22950,ATM+9,PUT,22500,2024-05-07
2024-05-07 12:01:00+05:30,441.75,442.3,435.0,439.35,9150,1158950,20.550946,22267.9,22700.0,22950,ATM+9,PUT,22500,2024-05-07
2024-05-07 12:02:00+05:30,439.35,439.45,433.35,436.9,8150,1158950,18.802709,22264.4,22700.0,22950,ATM+9,PUT,22500,2024-05-07
2024-05-07 12:03:00+05:30,436.9,447.3,436.9,446.8,8250,1158950,20.699258,22260.0,22700.0,22950,ATM+9,PUT,22500,2024-05-07
2024-05-07 12:04:00+05:30,446.8,446.8,432.25,433.5,7225,1154200,19.946893,22272.2,22700.0,22950,ATM+9,PUT,22500,2024-05-07
2024-05-07 12:05:00+05:30,480.0,480.7,474.95,474.95,1900,689025,19.799504,22275.65,22750.0,22950,ATM+9,PUT,22500,2024-05-07
2024-05-07 12:06:00+05:30,474.95,477.15,474.95,476.45,325,689025,20.979653,22277.8,22750.0,22950,ATM+9,PUT,22500,2024-05-07
2024-05-07 12:07:00+05:30,429.35,441.3,429.35,441.3,1225,1150725,21.877309,22271.05,22700.0,22950,ATM+9,PUT,22500,2024-05-07
2024-05-07 12:08:00+05:30,438.95,446.5,436.45,445.65,4700,1150725,22.0157,22266.6,22700.0,22950,ATM+9,PUT,22500,2024-05-07
2024-05-07 12:09:00+05:30,445.65,450.15,443.0,448.15,5550,1150725,22.132856,22264.2,22700.0,22950,ATM+9,PUT,22500,2024-05-07
2024-05-07 12:10:00+05:30,448.15,451.45,442.75,451.45,1800,1148400,22.43009,22261.65,22700.0,22950,ATM+9,PUT,22500,2024-05-07
2024-05-07 12:11:00+05:30,451.45,451.45,445.0,445.0,4075,1148400,22.42274,22269.1,22700.0,22950,ATM+9,PUT,22500,2024-05-07
2024-05-07 12:12:00+05:30,489.6,490.2,484.75,484.75,475,687575,23.411976,22277.55,22750.0,22950,ATM+9,PUT,22500,2024-05-07
2024-05-07 12:13:00+05:30,484.75,484.75,475.85,475.85,2475,687075,22.985403,22286.0,22750.0,22950,ATM+9,PUT,22500,2024-05-07
2024-05-07 12:14:00+05:30,473.8,480.2,473.8,475.0,2400,687075,21.063775,22279.65,22750.0,22950,ATM+9,PUT,22500,2024-05-07
2024-05-07 12:15:00+05:30,475.0,480.5,470.0,470.0,1300,687075,20.967676,22284.9,22750.0,22950,ATM+9,PUT,22500,2024-05-07
2024-05-07 12:16:00+05:30,470.0,472.65,467.45,472.65,325,686100,23.875868,22293.5,22750.0,22950,ATM+9,PUT,22500,2024-05-07
2024-05-07 12:17:00+05:30,466.85,469.45,466.85,469.45,75,686100,22.87338,22292.85,22750.0,22950,ATM+9,PUT,22500,2024-05-07
2024-05-07 12:18:00+05:30,469.45,470.4,463.7,463.7,125,686100,21.870221,22295.35,22750.0,22950,ATM+9,PUT,22500,2024-05-07
2024-05-07 12:19:00+05:30,463.7,465.75,462.3,462.3,2650,686025,20.557255,22292.05,22750.0,22950,ATM+9,PUT,22500,2024-05-07
2024-05-07 12:20:00+05:30,462.3,465.7,462.0,464.35,575,686025,22.456712,22296.95,22750.0,22950,ATM+9,PUT,22500,2024-05-07
2024-05-07 12:21:00+05:30,464.35,475.0,464.35,475.0,125,686025,22.681659,22285.65,22750.0,22950,ATM+9,PUT,22500,2024-05-07
2024-05-07 12:22:00+05:30,475.0,475.0,474.05,474.05,25,686025,22.538011,22286.15,22750.0,22950,ATM+9,PUT,22500,2024-05-07
2024-05-07 12:23:00+05:30,474.05,474.05,474.05,474.05,0,686025,22.538011,22291.65,22750.0,22950,ATM+9,PUT,22500,2024-05-07
2024-05-07 12:24:00+05:30,474.05,474.05,460.0,460.0,9250,686000,21.817072,22299.3,22750.0,22950,ATM+9,PUT,22500,2024-05-07
2024-05-07 12:25:00+05:30,460.0,460.0,457.6,457.6,500,684125,22.405508,22304.45,22750.0,22950,ATM+9,PUT,22500,2024-05-07
2024-05-07 12:26:00+05:30,457.6,465.8,457.6,465.8,400,684125,23.117487,22298.0,22750.0,22950,ATM+9,PUT,22500,2024-05-07
2024-05-07 12:27:00+05:30,465.8,468.15,465.8,467.7,75,684125,23.10843,22295.75,22750.0,22950,ATM+9,PUT,22500,2024-05-07
2024-05-07 12:28:00+05:30,467.7,467.7,464.75,464.75,850,684025,22.382176,22296.1,22750.0,22950,ATM+9,PUT,22500,2024-05-07
2024-05-07 12:29:00+05:30,464.75,464.75,464.75,464.75,0,684025,22.382176,22295.1,22750.0,22950,ATM+9,PUT,22500,2024-05-07
2024-05-07 12:30:00+05:30,464.75,478.95,464.75,478.95,675,684025,23.468106,22284.25,22750.0,22950,ATM+9,PUT,22500,2024-05-07
2024-05-07 12:31:00+05:30,478.95,478.95,478.95,478.95,0,684025,23.468106,22287.4,22750.0,22950,ATM+9,PUT,22500,2024-05-07
2024-05-07 12:32:00+05:30,478.95,478.95,470.0,472.8,75,683900,22.405772,22286.95,22750.0,22950,ATM+9,PUT,22500,2024-05-07
2024-05-07 12:33:00+05:30,472.8,472.8,467.35,467.35,225,683900,20.404142,22285.8,22750.0,22950,ATM+9,PUT,22500,2024-05-07
2024-05-07 12:34:00+05:30,467.35,477.6,467.35,477.6,125,683775,22.414346,22281.5,22750.0,22950,ATM+9,PUT,22500,2024-05-07
2024-05-07 12:35:00+05:30,477.6,482.7,477.6,482.7,125,683775,22.713423,22276.85,22750.0,22950,ATM+9,PUT,22500,2024-05-07
2024-05-07 12:36:00+05:30,434.7,444.0,432.5,444.0,8425,1138700,21.574308,22266.35,22700.0,22950,ATM+9,PUT,22500,2024-05-07
2024-05-07 12:37:00+05:30,444.0,444.95,438.85,444.95,2625,1135250,21.125653,22263.45,22700.0,22950,ATM+9,PUT,22500,2024-05-07
2024-05-07 12:38:00+05:30,445.0,450.0,444.3,447.75,7775,1135250,20.850546,22259.2,22700.0,22950,ATM+9,PUT,22500,2024-05-07
2024-05-07 12:39:00+05:30,447.75,447.75,441.65,443.15,2425,1135250,19.766916,22260.45,22700.0,22950,ATM+9,PUT,22500,2024-05-07
2024-05-07 12:40:00+05:30,443.15,446.5,443.15,446.25,2500,1133550,20.479987,22259.5,22700.0,22950,ATM+9,PUT,22500,2024-05-07
2024-05-07 12:41:00+05:30,446.25,451.95,445.05,449.0,6850,1133550,21.227836,22259.2,22700.0,22950,ATM+9,PUT,22500,2024-05-07
2024-05-07 12:42:00+05:30,449.0,449.0,442.0,444.35,1900,1133550,21.674753,22266.3,22700.0,22950,ATM+9,PUT,22500,2024-05-07
2024-05-07 12:43:00+05:30,444.35,458.6,441.7,455.2,2600,1129775,22.95588,22259.2,22700.0,22950,ATM+9,PUT,22500,2024-05-07
2024-05-07 12:44:00+05:30,455.2,460.8,454.85,459.55,14000,1129775,22.688926,22253.0,22700.0,22950,ATM+9,PUT,22500,2024-05-07
2024-05-07 12:45:00+05:30,459.55,461.05,454.3,454.3,6200,1129775,22.663294,22258.95,22700.0,22950,ATM+9,PUT,22500,2024-05-07
2024-05-07 12:46:00+05:30,453.75,455.0,449.3,452.95,12925,1131200,22.476016,22259.7,22700.0,22950,ATM+9,PUT,22500,2024-05-07
2024-05-07 12:47:00+05:30,454.05,458.0,454.05,455.45,3375,1131200,23.044559,22259.25,22700.0,22950,ATM+9,PUT,22500,2024-05-07
2024-05-07 12:48:00+05:30,455.45,458.2,454.45,456.0,3100,1131200,23.590883,22261.05,22700.0,22950,ATM+9,PUT,22500,2024-05-07
2024-05-07 12:49:00+05:30,456.05,456.05,443.75,444.3,10250,1126550,22.690238,22270.65,22700.0,22950,ATM+9,PUT,22500,2024-05-07
2024-05-07 12:50:00+05:30,444.3,450.95,439.3,448.35,3100,1126550,23.13288,22267.9,22700.0,22950,ATM+9,PUT,22500,2024-05-07
2024-05-07 12:51:00+05:30,448.35,453.6,444.5,450.35,1975,1126550,22.03652,22260.8,22700.0,22950,ATM+9,PUT,22500,2024-05-07
2024-05-07 12:52:00+05:30,450.35,459.35,450.35,458.75,4900,1119625,22.489785,22253.0,22700.0,22950,ATM+9,PUT,22500,2024-05-07
2024-05-07 12:53:00+05:30,460.05,469.75,457.45,469.75,34300,1119625,25.242428,22252.55,22700.0,22950,ATM+9,PUT,22500,2024-05-07
2024-05-07 12:54:00+05:30,467.4,479.55,465.95,479.0,10200,1119625,25.510666,22242.85,22700.0,22950,ATM+9,PUT,22500,2024-05-07
2024-05-07 12:55:00+05:30,477.85,481.0,472.4,472.9,4800,1122725,23.633687,22241.45,22700.0,22950,ATM+9,PUT,22500,2024-05-07
2024-05-07 12:56:00+05:30,472.9,473.95,461.0,461.0,3125,1122725,23.978058,22256.85,22700.0,22950,ATM+9,PUT,22500,2024-05-07
2024-05-07 12:57:00+05:30,461.4,466.3,457.05,457.05,1850,1122725,23.970809,22261.45,22700.0,22950,ATM+9,PUT,22500,2024-05-07
2024-05-07 12:58:00+05:30,457.05,459.3,453.45,455.9,3225,1120075,23.550717,22260.85,22700.0,22950,ATM+9,PUT,22500,2024-05-07
2024-05-07 12:59:00+05:30,455.9,459.9,455.15,455.5,5600,1120075,23.350433,22260.4,22700.0,22950,ATM+9,PUT,22500,2024-05-07
2024-05-07 13:00:00+05:30,454.0,458.5,452.65,452.65,3050,1120075,22.372138,22259.45,22700.0,22950,ATM+9,PUT,22500,2024-05-07
2024-05-07 13:01:00+05:30,452.9,455.3,450.0,454.0,2050,1110950,22.170807,22257.05,22700.0,22950,ATM+9,PUT,22500,2024-05-07
2024-05-07 13:02:00+05:30,454.0,459.85,450.0,459.85,2825,1110950,23.364627,22255.35,22700.0,22950,ATM+9,PUT,22500,2024-05-07
2024-05-07 13:03:00+05:30,459.85,464.2,457.35,460.8,3025,1110950,22.726454,22251.5,22700.0,22950,ATM+9,PUT,22500,2024-05-07
2024-05-07 13:04:00+05:30,460.8,470.0,460.8,467.2,1200,1109425,22.999359,22245.25,22700.0,22950,ATM+9,PUT,22500,2024-05-07
2024-05-07 13:05:00+05:30,467.2,470.0,464.55,465.15,800,1109425,23.628084,22250.3,22700.0,22950,ATM+9,PUT,22500,2024-05-07
2024-05-07 13:06:00+05:30,463.5,469.0,459.05,467.6,1475,1109425,23.222716,22245.7,22700.0,22950,ATM+9,PUT,22500,2024-05-07
2024-05-07 13:07:00+05:30,467.6,475.0,467.6,470.45,1775,1107925,23.519247,22243.65,22700.0,22950,ATM+9,PUT,22500,2024-05-07
2024-05-07 13:08:00+05:30,470.45,474.25,465.5,473.1,925,1107925,23.933573,22242.35,22700.0,22950,ATM+9,PUT,22500,2024-05-07
2024-05-07 13:09:00+05:30,473.1,481.15,471.15,472.2,2700,1107925,23.776258,22242.7,22700.0,22950,ATM+9,PUT,22500,2024-05-07
2024-05-07 13:10:00+05:30,472.45,472.7,464.6,464.6,1575,1104825,23.334611,22249.6,22700.0,22950,ATM+9,PUT,22500,2024-05-07
2024-05-07 13:11:00+05:30,464.6,465.0,460.0,460.75,1525,1104825,22.758391,22251.6,22700.0,22950,ATM+9,PUT,22500,2024-05-07
2024-05-07 13:12:00+05:30,460.75,472.45,460.75,471.8,675,1104825,23.758605,22243.05,22700.0,22950,ATM+9,PUT,22500,2024-05-07
2024-05-07 13:13:00+05:30,471.8,475.1,471.8,473.95,1425,1103150,24.542967,22244.0,22700.0,22950,ATM+9,PUT,22500,2024-05-07
2024-05-07 13:14:00+05:30,467.2,475.0,464.8,475.0,2025,1103150,23.848396,22239.7,22700.0,22950,ATM+9,PUT,22500,2024-05-07
2024-05-07 13:15:00+05:30,475.0,484.0,472.5,473.65,4650,1103150,23.997861,22241.9,22700.0,22950,ATM+9,PUT,22500,2024-05-07
2024-05-07 13:16:00+05:30,472.65,476.45,467.35,475.05,1900,1102825,24.693067,22243.35,22700.0,22950,ATM+9,PUT,22500,2024-05-07
2024-05-07 13:17:00+05:30,471.35,471.35,461.5,461.5,4550,1102825,22.898154,22251.25,22700.0,22950,ATM+9,PUT,22500,2024-05-07
2024-05-07 13:18:00+05:30,461.5,470.0,461.5,464.25,7825,1102825,23.215704,22249.4,22700.0,22950,ATM+9,PUT,22500,2024-05-07
2024-05-07 13:19:00+05:30,464.25,464.25,450.0,450.0,7150,1097275,21.825426,22260.05,22700.0,22950,ATM+9,PUT,22500,2024-05-07
2024-05-07 13:20:00+05:30,449.7,455.0,439.0,442.35,4825,1097275,21.927523,22269.25,22700.0,22950,ATM+9,PUT,22500,2024-05-07
2024-05-07 13:21:00+05:30,489.85,489.85,477.85,479.5,125,674925,21.995374,22277.35,22750.0,22950,ATM+9,PUT,22500,2024-05-07
2024-05-07 13:22:00+05:30,430.7,440.0,428.8,440.0,8575,1092250,22.586734,22274.8,22700.0,22950,ATM+9,PUT,22500,2024-05-07
2024-05-07 13:23:00+05:30,440.0,449.65,440.0,443.75,8450,1092250,21.854156,22267.3,22700.0,22950,ATM+9,PUT,22500,2024-05-07
2024-05-07 13:24:00+05:30,443.75,452.0,443.3,449.75,4900,1092250,21.804121,22260.2,22700.0,22950,ATM+9,PUT,22500,2024-05-07
2024-05-07 13:25:00+05:30,449.55,451.0,445.55,446.55,3775,1092475,21.851651,22264.05,22700.0,22950,ATM+9,PUT,22500,2024-05-07
2024-05-07 13:26:00+05:30,448.4,450.5,437.2,438.8,14825,1092475,20.932175,22269.25,22700.0,22950,ATM+9,PUT,22500,2024-05-07
2024-05-07 13:27:00+05:30,486.25,486.35,481.15,481.15,1050,674425,22.571219,22277.55,22750.0,22950,ATM+9,PUT,22500,2024-05-07
2024-05-07 13:28:00+05:30,481.15,485.0,472.55,474.9,1050,675650,21.599875,22281.05,22750.0,22950,ATM+9,PUT,22500,2024-05-07
2024-05-07 13:29:00+05:30,474.9,477.55,468.0,469.1,1675,675650,20.532538,22283.9,22750.0,22950,ATM+9,PUT,22500,2024-05-07
2024-05-07 13:30:00+05:30,469.1,476.3,467.4,476.3,225,675650,22.233631,22281.75,22750.0,22950,ATM+9,PUT,22500,2024-05-07
2024-05-07 13:31:00+05:30,476.3,482.15,476.3,482.15,75,675850,22.550188,22276.3,22750.0,22950,ATM+9,PUT,22500,2024-05-07
2024-05-07 13:32:00+05:30,482.15,482.15,461.0,465.6,4300,675850,21.618375,22291.55,22750.0,22950,ATM+9,PUT,22500,2024-05-07
2024-05-07 13:33:00+05:30,465.6,472.65,464.65,472.55,450,675850,21.712758,22284.05,22750.0,22950,ATM+9,PUT,22500,2024-05-07
2024-05-07 13:34:00+05:30,472.55,472.55,468.95,468.95,50,675975,21.033921,22285.7,22750.0,22950,ATM+9,PUT,22500,2024-05-07
2024-05-07 13:35:00+05:30,468.95,468.95,465.0,465.0,200,675975,20.958739,22289.85,22750.0,22950,ATM+9,PUT,22500,2024-05-07
2024-05-07 13:36:00+05:30,465.0,465.0,458.7,458.7,175,675975,20.642586,22295.8,22750.0,22950,ATM+9,PUT,22500,2024-05-07
2024-05-07 13:37:00+05:30,457.55,464.1,457.55,463.1,700,676650,22.479366,22297.65,22750.0,22950,ATM+9,PUT,22500,2024-05-07
2024-05-07 13:38:00+05:30,463.1,463.1,443.05,445.2,2700,676650,20.450245,22310.25,22750.0,22950,ATM+9,PUT,22500,2024-05-07
2024-05-07 13:39:00+05:30,444.45,444.45,435.0,444.05,1025,676650,20.714006,22312.5,22750.0,22950,ATM+9,PUT,22500,2024-05-07
2024-05-07 13:40:00+05:30,444.05,450.75,440.85,450.75,975,676650,21.260687,22306.95,22750.0,22950,ATM+9,PUT,22500,2024-05-07
2024-05-07 13:41:00+05:30,450.75,450.75,438.0,438.0,125,676650,19.472631,22314.9,22750.0,22950,ATM+9,PUT,22500,2024-05-07
2024-05-07 13:42:00+05:30,438.0,438.0,430.0,434.65,625,676650,20.859334,22323.7,22750.0,22950,ATM+9,PUT,22500,2024-05-07
2024-05-07 13:43:00+05:30,434.65,434.65,429.45,429.45,475,676650,19.461858,22324.4,22750.0,22950,ATM+9,PUT,22500,2024-05-07
2024-05-07 13:44:00+05:30,429.45,437.5,429.45,433.2,275,676650,20.631819,22324.45,22750.0,22950,ATM+9,PUT,22500,2024-05-07
2024-05-07 13:45:00+05:30,433.2,441.55,433.2,441.55,375,676650,20.366081,22314.0,22750.0,22950,ATM+9,PUT,22500,2024-05-07
2024-05-07 13:46:00+05:30,493.95,495.0,478.45,478.45,2775,692150,21.318102,22326.1,22800.0,22950,ATM+9,PUT,22500,2024-05-07
2024-05-07 13:47:00+05:30,478.45,478.45,474.0,476.7,24275,692150,21.378562,22328.25,22800.0,22950,ATM+9,PUT,22500,2024-05-07
2024-05-07 13:48:00+05:30,428.05,443.25,428.05,438.25,125,676525,21.194044,22320.85,22750.0,22950,ATM+9,PUT,22500,2024-05-07
2024-05-07 13:49:00+05:30,438.25,438.25,438.25,438.25,0,676525,21.194044,22314.65,22750.0,22950,ATM+9,PUT,22500,2024-05-07
2024-05-07 13:50:00+05:30,438.25,453.85,438.25,453.85,525,676625,20.374491,22300.2,22750.0,22950,ATM+9,PUT,22500,2024-05-07
2024-05-07 13:51:00+05:30,453.85,453.85,453.05,453.45,775,676625,20.653012,22301.6,22750.0,22950,ATM+9,PUT,22500,2024-05-07
2024-05-07 13:52:00+05:30,453.45,460.4,450.0,458.0,325,676550,20.969774,22297.6,22750.0,22950,ATM+9,PUT,22500,2024-05-07
2024-05-07 13:53:00+05:30,458.0,459.15,456.05,459.15,250,676550,21.152798,22296.95,22750.0,22950,ATM+9,PUT,22500,2024-05-07
2024-05-07 13:54:00+05:30,459.15,459.15,447.95,448.7,100,676550,20.117646,22305.05,22750.0,22950,ATM+9,PUT,22500,2024-05-07
2024-05-07 13:55:00+05:30,448.7,455.85,448.7,455.85,50,676650,20.304839,22297.7,22750.0,22950,ATM+9,PUT,22500,2024-05-07
2024-05-07 13:56:00+05:30,455.85,455.85,450.05,450.05,75,676650,20.854806,22306.1,22750.0,22950,ATM+9,PUT,22500,2024-05-07
2024-05-07 13:57:00+05:30,450.05,450.05,444.5,444.5,75,676650,20.606981,22311.45,22750.0,22950,ATM+9,PUT,22500,2024-05-07
2024-05-07 13:58:00+05:30,444.5,444.5,441.75,441.75,25,676650,19.887246,22312.0,22750.0,22950,ATM+9,PUT,22500,2024-05-07
2024-05-07 13:59:00+05:30,441.75,451.45,441.75,448.45,200,676600,21.729645,22311.2,22750.0,22950,ATM+9,PUT,22500,2024-05-07
2024-05-07 14:00:00+05:30,448.45,448.45,444.75,444.75,300,676600,21.547571,22314.7,22750.0,22950,ATM+9,PUT,22500,2024-05-07
2024-05-07 14:01:00+05:30,444.75,444.75,435.0,437.3,225,676300,20.56628,22319.4,22750.0,22950,ATM+9,PUT,22500,2024-05-07
2024-05-07 14:02:00+05:30,437.3,437.3,434.2,434.2,425,676300,20.145919,22321.35,22750.0,22950,ATM+9,PUT,22500,2024-05-07
2024-05-07 14:03:00+05:30,434.2,438.85,428.85,428.85,1100,676300,19.365297,22324.6,22750.0,22950,ATM+9,PUT,22500,2024-05-07
2024-05-07 14:04:00+05:30,475.0,476.9,473.9,476.8,875,672675,21.015288,22326.8,22800.0,22950,ATM+9,PUT,22500,2024-05-07
2024-05-07 14:05:00+05:30,430.0,437.4,424.2,437.4,300,676600,19.824835,22316.6,22750.0,22950,ATM+9,PUT,22500,2024-05-07
2024-05-07 14:06:00+05:30,437.4,445.05,437.4,445.0,250,676600,21.328152,22313.5,22750.0,22950,ATM+9,PUT,22500,2024-05-07
2024-05-07 14:07:00+05:30,445.0,445.0,435.8,435.8,275,676600,20.337068,22320.2,22750.0,22950,ATM+9,PUT,22500,2024-05-07
2024-05-07 14:08:00+05:30,435.8,436.35,431.85,431.85,450,676100,20.090246,22323.75,22750.0,22950,ATM+9,PUT,22500,2024-05-07
2024-05-07 14:09:00+05:30,431.85,432.95,430.0,432.95,1000,676100,20.496881,22324.0,22750.0,22950,ATM+9,PUT,22500,2024-05-07
2024-05-07 14:10:00+05:30,432.95,439.0,432.95,439.0,50,676100,20.834506,22318.4,22750.0,22950,ATM+9,PUT,22500,2024-05-07
2024-05-07 14:11:00+05:30,439.0,446.0,435.0,446.0,100,676100,20.060583,22307.75,22750.0,22950,ATM+9,PUT,22500,2024-05-07
2024-05-07 14:12:00+05:30,446.0,446.0,444.95,444.95,50,676100,19.188741,22306.1,22750.0,22950,ATM+9,PUT,22500,2024-05-07
2024-05-07 14:13:00+05:30,444.95,444.95,439.05,439.05,300,676075,19.310784,22313.0,22750.0,22950,ATM+9,PUT,22500,2024-05-07
2024-05-07 14:14:00+05:30,439.05,439.05,439.05,439.05,0,676075,19.310784,22320.55,22750.0,22950,ATM+9,PUT,22500,2024-05-07
2024-05-07 14:15:00+05:30,439.05,442.95,439.05,442.95,100,676075,20.974067,22314.4,22750.0,22950,ATM+9,PUT,22500,2024-05-07
2024-05-07 14:16:00+05:30,442.95,442.95,435.0,437.6,225,676200,19.437004,22315.0,22750.0,22950,ATM+9,PUT,22500,2024-05-07
2024-05-07 14:17:00+05:30,437.6,449.3,437.6,449.3,1300,676200,20.216559,22304.55,22750.0,22950,ATM+9,PUT,22500,2024-05-07
2024-05-07 14:18:00+05:30,451.05,451.05,451.05,451.05,25,676200,21.808898,22308.35,22750.0,22950,ATM+9,PUT,22500,2024-05-07
2024-05-07 14:19:00+05:30,451.05,451.05,439.55,441.55,825,677225,20.758797,22315.15,22750.0,22950,ATM+9,PUT,22500,2024-05-07
2024-05-07 14:20:00+05:30,441.55,444.75,441.55,444.75,250,677225,22.047531,22316.5,22750.0,22950,ATM+9,PUT,22500,2024-05-07
2024-05-07 14:21:00+05:30,444.75,451.05,444.75,444.75,350,677225,20.171303,22309.45,22750.0,22950,ATM+9,PUT,22500,2024-05-07
2024-05-07 14:22:00+05:30,444.75,457.75,444.75,457.75,475,676625,22.254099,22302.4,22750.0,22950,ATM+9,PUT,22500,2024-05-07
2024-05-07 14:23:00+05:30,457.75,480.55,456.15,480.55,1625,676625,22.951375,22279.1,22750.0,22950,ATM+9,PUT,22500,2024-05-07
2024-05-07 14:24:00+05:30,480.55,489.25,475.0,480.55,1075,676625,22.550917,22277.6,22750.0,22950,ATM+9,PUT,22500,2024-05-07
2024-05-07 14:25:00+05:30,480.55,490.0,480.55,481.75,475,675775,23.313154,22279.1,22750.0,22950,ATM+9,PUT,22500,2024-05-07
2024-05-07 14:26:00+05:30,481.75,493.8,481.75,482.6,1500,675775,23.020066,22277.0,22750.0,22950,ATM+9,PUT,22500,2024-05-07
2024-05-07 14:27:00+05:30,482.6,494.85,482.0,485.2,600,675775,23.674477,22276.55,22750.0,22950,ATM+9,PUT,22500,2024-05-07
2024-05-07 14:28:00+05:30,436.2,444.8,436.2,440.35,4350,1024250,22.544815,22273.4,22700.0,22950,ATM+9,PUT,22500,2024-05-07
2024-05-07 14:29:00+05:30,441.2,459.75,441.2,456.4,9125,1024250,23.865514,22260.45,22700.0,22950,ATM+9,PUT,22500,2024-05-07
2024-05-07 14:30:00+05:30,458.1,462.0,449.45,450.9,9500,1024250,23.341869,22264.55,22700.0,22950,ATM+9,PUT,22500,2024-05-07
2024-05-07 14:31:00+05:30,450.9,455.4,442.35,442.35,16075,1019125,22.464158,22270.7,22700.0,22950,ATM+9,PUT,22500,2024-05-07
2024-05-07 14:32:00+05:30,496.1,496.1,484.5,484.5,300,673500,23.939637,22278.35,22750.0,22950,ATM+9,PUT,22500,2024-05-07
2024-05-07 14:33:00+05:30,484.5,493.05,484.0,484.0,1250,673500,24.0354,22279.3,22750.0,22950,ATM+9,PUT,22500,2024-05-07
2024-05-07 14:34:00+05:30,484.0,484.0,476.0,476.0,1025,673850,23.912003,22288.0,22750.0,22950,ATM+9,PUT,22500,2024-05-07
2024-05-07 14:35:00+05:30,476.0,476.0,470.0,473.15,125,673850,23.892575,22291.2,22750.0,22950,ATM+9,PUT,22500,2024-05-07
2024-05-07 14:36:00+05:30,473.15,473.15,458.3,460.0,1250,673850,22.101443,22299.1,22750.0,22950,ATM+9,PUT,22500,2024-05-07
2024-05-07 14:37:00+05:30,460.0,460.0,454.3,454.3,700,674400,21.647659,22303.85,22750.0,22950,ATM+9,PUT,22500,2024-05-07
2024-05-07 14:38:00+05:30,454.3,455.0,449.45,449.45,600,674400,20.444664,22305.0,22750.0,22950,ATM+9,PUT,22500,2024-05-07
2024-05-07 14:39:00+05:30,449.45,454.45,433.2,435.5,4175,674400,19.002217,22315.8,22750.0,22950,ATM+9,PUT,22500,2024-05-07
2024-05-07 14:40:00+05:30,436.6,439.5,428.6,429.85,875,674375,17.301285,22317.15,22750.0,22950,ATM+9,PUT,22500,2024-05-07
2024-05-07 14:41:00+05:30,429.85,436.7,429.85,436.7,75,674375,18.23282,22312.2,22750.0,22950,ATM+9,PUT,22500,2024-05-07
2024-05-07 14:42:00+05:30,436.7,442.35,434.45,437.8,475,674375,17.576298,22309.25,22750.0,22950,ATM+9,PUT,22500,2024-05-07
2024-05-07 14:43:00+05:30,437.8,441.95,433.5,441.95,1475,674650,17.446704,22304.45,22750.0,22950,ATM+9,PUT,22500,2024-05-07
2024-05-07 14:44:00+05:30,441.95,446.8,440.65,444.65,1075,674650,17.214709,22301.0,22750.0,22950,ATM+9,PUT,22500,2024-05-07
2024-05-07 14:45:00+05:30,444.65,444.65,444.65,444.65,0,674650,17.214709,22308.9,22750.0,22950,ATM+9,PUT,22500,2024-05-07
2024-05-07 14:46:00+05:30,444.65,444.65,435.35,435.35,475,675550,16.000679,22308.3,22750.0,22950,ATM+9,PUT,22500,2024-05-07
2024-05-07 14:47:00+05:30,435.35,442.35,435.35,442.35,650,675550,17.865026,22305.05,22750.0,22950,ATM+9,PUT,22500,2024-05-07
2024-05-07 14:48:00+05:30,442.35,450.0,442.35,444.15,150,675550,19.535773,22307.85,22750.0,22950,ATM+9,PUT,22500,2024-05-07
2024-05-07 14:49:00+05:30,444.15,444.15,435.3,436.5,1200,675350,18.724682,22313.8,22750.0,22950,ATM+9,PUT,22500,2024-05-07
2024-05-07 14:50:00+05:30,436.5,436.8,420.7,429.95,3550,675350,17.936498,22318.7,22750.0,22950,ATM+9,PUT,22500,2024-05-07
2024-05-07 14:51:00+05:30,429.95,438.6,429.95,435.1,225,675350,16.548444,22309.7,22750.0,22950,ATM+9,PUT,22500,2024-05-07
2024-05-07 14:52:00+05:30,435.1,445.0,435.1,445.0,150,675725,18.187681,22303.0,22750.0,22950,ATM+9,PUT,22500,2024-05-07
2024-05-07 14:53:00+05:30,445.0,445.0,442.35,442.35,25,675725,18.650211,22307.15,22750.0,22950,ATM+9,PUT,22500,2024-05-07
2024-05-07 14:54:00+05:30,442.35,446.0,441.4,445.95,525,675725,18.259128,22302.15,22750.0,22950,ATM+9,PUT,22500,2024-05-07
2024-05-07 14:55:00+05:30,445.95,459.75,445.95,458.25,750,675250,19.561313,22292.35,22750.0,22950,ATM+9,PUT,22500,2024-05-07
2024-05-07 14:56:00+05:30,458.25,461.95,452.2,452.2,325,675250,20.50599,22302.0,22750.0,22950,ATM+9,PUT,22500,2024-05-07
2024-05-07 14:57:00+05:30,452.2,452.2,444.25,444.25,300,675250,18.504807,22304.65,22750.0,22950,ATM+9,PUT,22500,2024-05-07
2024-05-07 14:58:00+05:30,444.25,444.35,434.1,443.15,2500,675325,17.72714,22303.8,22750.0,22950,ATM+9,PUT,22500,2024-05-07
2024-05-07 14:59:00+05:30,443.15,453.6,443.15,453.6,125,675325,17.529928,22292.1,22750.0,22950,ATM+9,PUT,22500,2024-05-07
2024-05-07 15:00:00+05:30,453.6,453.6,437.4,444.4,10600,675325,21.175489,22313.1,22750.0,22950,ATM+9,PUT,22500,2024-05-07
2024-05-07 15:01:00+05:30,444.4,453.0,434.25,448.6,4800,675275,20.510461,22306.0,22750.0,22950,ATM+9,PUT,22500,2024-05-07
2024-05-07 15:02:00+05:30,448.6,448.6,441.8,448.15,275,675275,22.398228,22313.55,22750.0,22950,ATM+9,PUT,22500,2024-05-07
2024-05-07 15:03:00+05:30,448.15,448.15,438.85,438.85,175,675275,20.861946,22318.2,22750.0,22950,ATM+9,PUT,22500,2024-05-07
2024-05-07 15:04:00+05:30,439.25,446.8,438.15,443.3,725,675375,20.302744,22311.2,22750.0,22950,ATM+9,PUT,22500,2024-05-07
2024-05-07 15:05:00+05:30,440.0,440.0,440.0,440.0,125,675375,17.349119,22306.25,22750.0,22950,ATM+9,PUT,22500,2024-05-07
2024-05-07 15:06:00+05:30,440.0,455.2,440.0,455.2,1575,675375,20.075028,22297.2,22750.0,22950,ATM+9,PUT,22500,2024-05-07
2024-05-07 15:07:00+05:30,455.2,456.65,451.0,454.0,1200,675125,19.544164,22296.9,22750.0,22950,ATM+9,PUT,22500,2024-05-07
2024-05-07 15:08:00+05:30,454.0,472.8,454.0,471.15,4000,675125,21.019092,22282.5,22750.0,22950,ATM+9,PUT,22500,2024-05-07
2024-05-07 15:09:00+05:30,472.6,476.85,468.9,468.9,1350,675125,23.956151,22295.95,22750.0,22950,ATM+9,PUT,22500,2024-05-07
2024-05-07 15:10:00+05:30,468.9,468.9,454.15,454.15,550,675100,21.939778,22304.8,22750.0,22950,ATM+9,PUT,22500,2024-05-07
2024-05-07 15:11:00+05:30,454.15,459.4,454.15,458.45,400,675100,21.39975,22297.95,22750.0,22950,ATM+9,PUT,22500,2024-05-07
2024-05-07 15:12:00+05:30,463.35,463.35,463.35,463.35,25,675100,24.91906,22306.65,22750.0,22950,ATM+9,PUT,22500,2024-05-07
2024-05-07 15:13:00+05:30,463.35,463.35,448.25,448.25,125,675100,19.51273,22303.1,22750.0,22950,ATM+9,PUT,22500,2024-05-07
2024-05-07 15:14:00+05:30,448.25,457.5,448.25,455.0,1400,675100,23.173639,22308.7,22750.0,22950,ATM+9,PUT,22500,2024-05-07
2024-05-07 15:15:00+05:30,452.0,457.2,451.4,451.4,2725,675100,21.586398,22306.55,22750.0,22950,ATM+9,PUT,22500,2024-05-07
2024-05-07 15:16:00+05:30,451.4,455.25,450.6,455.25,2650,675100,21.714041,22302.65,22750.0,22950,ATM+9,PUT,22500,2024-05-07
2024-05-07 15:17:00+05:30,452.5,452.5,442.65,442.9,4625,672500,20.243809,22311.35,22750.0,22950,ATM+9,PUT,22500,2024-05-07
2024-05-07 15:18:00+05:30,442.9,449.8,442.9,449.45,625,672500,20.884475,22306.2,22750.0,22950,ATM+9,PUT,22500,2024-05-07
2024-05-07 15:19:00+05:30,446.75,448.15,446.75,448.15,50,672500,21.123384,22308.5,22750.0,22950,ATM+9,PUT,22500,2024-05-07
2024-05-07 15:20:00+05:30,448.15,451.6,442.85,451.6,950,672325,20.508695,22302.5,22750.0,22950,ATM+9,PUT,22500,2024-05-07
2024-05-07 15:21:00+05:30,451.6,451.6,448.9,449.85,425,672325,20.804669,22305.45,22750.0,22950,ATM+9,PUT,22500,2024-05-07
2024-05-07 15:22:00+05:30,449.85,451.8,449.55,451.8,600,672325,20.875662,22303.5,22750.0,22950,ATM+9,PUT,22500,2024-05-07
2024-05-07 15:23:00+05:30,451.8,454.0,451.8,453.6,125,671275,22.458882,22307.3,22750.0,22950,ATM+9,PUT,22500,2024-05-07
2024-05-07 15:24:00+05:30,453.6,453.6,450.1,450.1,425,671275,21.934489,22309.25,22750.0,22950,ATM+9,PUT,22500,2024-05-07
2024-05-07 15:25:00+05:30,450.1,450.85,449.9,450.85,550,671275,21.713263,22307.55,22750.0,22950,ATM+9,PUT,22500,2024-05-07
2024-05-07 15:26:00+05:30,450.85,455.4,450.85,455.3,1275,670850,22.182101,22304.25,22750.0,22950,ATM+9,PUT,22500,2024-05-07
2024-05-07 15:27:00+05:30,455.3,456.95,454.55,454.55,4425,670850,24.142338,22313.25,22750.0,22950,ATM+9,PUT,22500,2024-05-07
2024-05-07 15:28:00+05:30,454.55,457.0,454.55,457.0,1775,670050,20.910176,22297.75,22750.0,22950,ATM+9,PUT,22500,2024-05-07
2024-05-07 15:29:00+05:30,457.0,459.25,454.7,454.75,1950,670050,22.091328,22304.5,22750.0,22950,ATM+9,PUT,22500,2024-05-07
2024-05-07 09:15:00+05:30,10.3,11.0,9.0,9.35,112700,2422775,17.350504,22474.7,22950.0,23000,ATM+10,CALL,22500,2024-05-07
2024-05-07 09:16:00+05:30,9.25,9.25,8.7,8.95,140625,2422775,17.281089,22471.3,22950.0,23000,ATM+10,CALL,22500,2024-05-07
2024-05-07 09:17:00+05:30,9.05,9.65,8.95,9.6,131375,2422775,17.595761,22470.15,22950.0,23000,ATM+10,CALL,22500,2024-05-07
2024-05-07 09:18:00+05:30,9.5,9.5,8.95,9.2,175900,2476975,17.366881,22472.25,22950.0,23000,ATM+10,CALL,22500,2024-05-07
2024-05-07 09:19:00+05:30,9.15,9.15,8.6,8.8,141875,2476975,17.443606,22463.75,22950.0,23000,ATM+10,CALL,22500,2024-05-07
2024-05-07 09:20:00+05:30,8.8,9.05,8.4,9.05,174450,2476975,18.047449,22446.9,22950.0,23000,ATM+10,CALL,22500,2024-05-07
2024-05-07 09:21:00+05:30,9.0,9.15,8.6,8.6,88275,2477150,17.769531,22449.6,22950.0,23000,ATM+10,CALL,22500,2024-05-07
2024-05-07 09:22:00+05:30,8.55,8.95,8.45,8.85,111650,2477150,17.163601,22474.4,22950.0,23000,ATM+10,CALL,22500,2024-05-07
2024-05-07 09:23:00+05:30,6.55,6.95,6.45,6.85,445450,9555275,17.368166,22482.5,23000.0,23000,ATM+10,CALL,22500,2024-05-07
2024-05-07 09:24:00+05:30,6.85,6.9,6.6,6.65,207525,9606675,17.399702,22477.65,23000.0,23000,ATM+10,CALL,22500,2024-05-07
2024-05-07 09:25:00+05:30,6.7,6.75,6.6,6.75,153450,9606675,17.368403,22480.8,23000.0,23000,ATM+10,CALL,22500,2024-05-07
2024-05-07 09:26:00+05:30,6.75,6.75,6.55,6.65,269925,9606675,17.428798,22476.8,23000.0,23000,ATM+10,CALL,22500,2024-05-07
2024-05-07 09:27:00+05:30,6.65,7.0,6.5,7.0,297125,9569050,17.340157,22486.7,23000.0,23000,ATM+10,CALL,22500,2024-05-07
2024-05-07 09:28:00+05:30,7.0,7.05,6.7,7.05,219700,9569050,17.293156,22489.4,23000.0,23000,ATM+10,CALL,22500,2024-05-07
2024-05-07 09:29:00+05:30,6.95,7.1,6.85,6.95,240250,9569050,17.209741,22490.65,23000.0,23000,ATM+10,CALL,22500,2024-05-07
2024-05-07 09:30:00+05:30,6.8,7.15,6.75,6.75,254350,9546975,17.328279,22482.75,23000.0,23000,ATM+10,CALL,22500,2024-05-07
2024-05-07 09:31:00+05:30,6.8,6.8,6.55,6.7,120625,9546975,17.394742,22479.5,23000.0,23000,ATM+10,CALL,22500,2024-05-07
2024-05-07 09:32:00+05:30,9.15,9.15,8.0,8.2,284375,2556575,17.41497,22456.6,22950.0,23000,ATM+10,CALL,22500,2024-05-07
2024-05-07 09:33:00+05:30,8.0,8.65,7.95,8.5,153400,2585975,17.160009,22470.25,22950.0,23000,ATM+10,CALL,22500,2024-05-07
2024-05-07 09:34:00+05:30,8.45,8.55,8.3,8.5,78600,2585975,17.332583,22464.4,22950.0,23000,ATM+10,CALL,22500,2024-05-07
2024-05-07 09:35:00+05:30,8.45,8.55,8.2,8.2,76100,2585975,17.406131,22457.2,22950.0,23000,ATM+10,CALL,22500,2024-05-07
2024-05-07 09:36:00+05:30,8.15,8.35,8.1,8.35,39625,2544550,17.417565,22459.3,22950.0,23000,ATM+10,CALL,22500,2024-05-07
2024-05-07 09:37:00+05:30,8.3,8.5,8.25,8.45,62825,2544550,17.193627,22468.7,22950.0,23000,ATM+10,CALL,22500,2024-05-07
2024-05-07 09:38:00+05:30,8.45,8.45,8.05,8.15,86175,2544550,17.222789,22463.05,22950.0,23000,ATM+10,CALL,22500,2024-05-07
2024-05-07 09:39:00+05:30,8.1,8.2,7.8,7.95,71550,2568925,17.281719,22457.85,22950.0,23000,ATM+10,CALL,22500,2024-05-07
2024-05-07 09:40:00+05:30,8.0,8.0,7.45,7.75,116975,2568925,17.379521,22451.2,22950.0,23000,ATM+10,CALL,22500,2024-05-07
2024-05-07 09:41:00+05:30,7.7,8.2,7.65,8.1,79875,2568925,17.11283,22466.35,22950.0,23000,ATM+10,CALL,22500,2024-05-07
2024-05-07 09:42:00+05:30,8.2,8.2,7.85,8.0,57075,2577825,17.214496,22461.3,22950.0,23000,ATM+10,CALL,22500,2024-05-07
2024-05-07 09:43:00+05:30,8.0,8.05,7.8,8.0,45925,2577825,17.077703,22466.15,22950.0,23000,ATM+10,CALL,22500,2024-05-07
2024-05-07 09:44:00+05:30,7.95,8.1,7.85,8.05,48900,2577825,17.048948,22468.05,22950.0,23000,ATM+10,CALL,22500,2024-05-07
2024-05-07 09:45:00+05:30,8.1,8.1,7.7,7.8,70400,2591325,17.046791,22464.15,22950.0,23000,ATM+10,CALL,22500,2024-05-07
2024-05-07 09:46:00+05:30,7.8,8.15,7.8,8.15,50275,2591325,16.982125,22472.15,22950.0,23000,ATM+10,CALL,22500,2024-05-07
2024-05-07 09:47:00+05:30,5.9,6.05,5.85,6.0,116500,9451825,16.998119,22481.6,23000.0,23000,ATM+10,CALL,22500,2024-05-07
2024-05-07 09:48:00+05:30,8.25,8.35,7.75,7.8,98925,2611375,16.854017,22471.15,22950.0,23000,ATM+10,CALL,22500,2024-05-07
2024-05-07 09:49:00+05:30,7.8,7.8,6.55,6.55,330950,2611375,17.202665,22436.75,22950.0,23000,ATM+10,CALL,22500,2024-05-07
2024-05-07 09:50:00+05:30,6.95,7.45,6.8,7.3,260225,2611375,17.403807,22443.55,22950.0,23000,ATM+10,CALL,22500,2024-05-07
2024-05-07 09:51:00+05:30,7.25,7.35,7.15,7.2,89100,2650425,17.477572,22439.25,22950.0,23000,ATM+10,CALL,22500,2024-05-07
2024-05-07 09:52:00+05:30,7.15,7.25,6.95,7.0,198650,2650425,17.669809,22428.85,22950.0,23000,ATM+10,CALL,22500,2024-05-07
2024-05-07 09:53:00+05:30,7.0,7.2,6.9,7.0,157475,2650425,17.559083,22432.9,22950.0,23000,ATM+10,CALL,22500,2024-05-07
2024-05-07 09:54:00+05:30,6.95,7.15,6.9,6.9,157525,2708600,17.7224,22425.3,22950.0,23000,ATM+10,CALL,22500,2024-05-07
2024-05-07 09:55:00+05:30,6.85,6.95,6.75,6.9,104725,2708600,17.697308,22426.3,22950.0,23000,ATM+10,CALL,22500,2024-05-07
2024-05-07 09:56:00+05:30,9.4,9.65,9.2,9.2,190950,5417650,17.726192,22415.05,22900.0,23000,ATM+10,CALL,22500,2024-05-07
2024-05-07 09:57:00+05:30,6.7,7.0,6.65,6.9,80525,2714050,17.61069,22429.6,22950.0,23000,ATM+10,CALL,22500,2024-05-07
2024-05-07 09:58:00+05:30,6.95,6.95,6.8,6.85,99675,2714050,17.629138,22428.1,22950.0,23000,ATM+10,CALL,22500,2024-05-07
2024-05-07 09:59:00+05:30,9.45,9.45,8.7,8.7,183150,5356500,17.594148,22412.3,22900.0,23000,ATM+10,CALL,22500,2024-05-07
2024-05-07 10:00:00+05:30,8.7,8.75,8.4,8.6,319200,5354650,18.155071,22391.6,22900.0,23000,ATM+10,CALL,22500,2024-05-07
2024-05-07 10:01:00+05:30,8.65,8.7,8.3,8.7,265275,5354650,18.089147,22395.55,22900.0,23000,ATM+10,CALL,22500,2024-05-07
2024-05-07 10:02:00+05:30,8.7,8.9,8.65,8.8,203000,5354650,18.172866,22394.35,22900.0,23000,ATM+10,CALL,22500,2024-05-07
2024-05-07 10:03:00+05:30,8.8,8.95,8.5,8.6,342850,5381325,18.300522,22386.9,22900.0,23000,ATM+10,CALL,22500,2024-05-07
2024-05-07 10:04:00+05:30,8.65,8.65,8.35,8.4,359925,5381325,18.364512,22381.55,22900.0,23000,ATM+10,CALL,22500,2024-05-07
2024-05-07 10:05:00+05:30,8.4,8.55,8.35,8.45,152025,5381325,18.299986,22384.7,22900.0,23000,ATM+10,CALL,22500,2024-05-07
2024-05-07 10:06:00+05:30,8.45,8.8,8.45,8.75,163400,5518975,18.147227,22394.85,22900.0,23000,ATM+10,CALL,22500,2024-05-07
2024-05-07 10:07:00+05:30,8.8,8.9,8.75,8.9,154000,5518975,18.152726,22397.1,22900.0,23000,ATM+10,CALL,22500,2024-05-07
2024-05-07 10:08:00+05:30,8.9,9.1,8.8,9.05,198950,5518975,18.295268,22394.65,22900.0,23000,ATM+10,CALL,22500,2024-05-07
2024-05-07 10:09:00+05:30,9.05,9.25,9.05,9.2,155400,5428400,18.057679,22405.1,22900.0,23000,ATM+10,CALL,22500,2024-05-07
2024-05-07 10:10:00+05:30,9.2,9.25,9.0,9.1,89225,5428400,17.942666,22407.6,22900.0,23000,ATM+10,CALL,22500,2024-05-07
2024-05-07 10:11:00+05:30,9.05,9.15,8.55,8.65,110400,5428400,18.202045,22391.9,22900.0,23000,ATM+10,CALL,22500,2024-05-07
2024-05-07 10:12:00+05:30,8.65,9.0,8.6,8.9,89600,5440025,18.174858,22396.85,22900.0,23000,ATM+10,CALL,22500,2024-05-07
2024-05-07 10:13:00+05:30,8.95,9.25,8.95,9.1,73250,5440025,18.219486,22398.5,22900.0,23000,ATM+10,CALL,22500,2024-05-07
2024-05-07 10:14:00+05:30,9.15,9.3,8.95,8.95,48250,5440025,18.152086,22398.6,22900.0,23000,ATM+10,CALL,22500,2024-05-07
2024-05-07 10:15:00+05:30,8.95,8.95,8.55,8.9,207575,5445475,18.24385,22394.8,22900.0,23000,ATM+10,CALL,22500,2024-05-07
2024-05-07 10:16:00+05:30,8.9,9.05,8.65,8.65,165875,5445475,18.209613,22392.15,22900.0,23000,ATM+10,CALL,22500,2024-05-07
2024-05-07 10:17:00+05:30,8.6,8.65,8.3,8.4,179475,5445475,18.448349,22380.0,22900.0,23000,ATM+10,CALL,22500,2024-05-07
2024-05-07 10:18:00+05:30,8.35,8.6,8.25,8.45,107925,5425975,18.2793,22386.75,22900.0,23000,ATM+10,CALL,22500,2024-05-07
2024-05-07 10:19:00+05:30,8.4,8.45,8.1,8.2,136100,5425975,18.211189,22385.1,22900.0,23000,ATM+10,CALL,22500,2024-05-07
2024-05-07 10:20:00+05:30,8.1,8.4,7.95,8.35,127275,5425975,18.391549,22381.45,22900.0,23000,ATM+10,CALL,22500,2024-05-07
2024-05-07 10:21:00+05:30,10.85,10.85,10.25,10.65,204075,3188375,18.273823,22370.9,22850.0,23000,ATM+10,CALL,22500,2024-05-07
2024-05-07 10:22:00+05:30,10.7,10.95,10.65,10.7,205375,3188375,18.227016,22373.2,22850.0,23000,ATM+10,CALL,22500,2024-05-07
2024-05-07 10:23:00+05:30,10.65,10.7,10.15,10.5,252400,3188375,18.276483,22369.0,22850.0,23000,ATM+10,CALL,22500,2024-05-07
2024-05-07 10:24:00+05:30,10.55,10.6,10.4,10.4,169850,3428900,18.26121,22368.25,22850.0,23000,ATM+10,CALL,22500,2024-05-07
2024-05-07 10:25:00+05:30,10.45,10.45,10.2,10.3,213825,3428900,18.488899,22359.45,22850.0,23000,ATM+10,CALL,22500,2024-05-07
2024-05-07 10:26:00+05:30,10.2,10.3,9.85,10.2,260000,3428900,18.422968,22360.35,22850.0,23000,ATM+10,CALL,22500,2024-05-07
2024-05-07 10:27:00+05:30,10.15,10.3,10.0,10.15,225350,3588775,18.481824,22357.8,22850.0,23000,ATM+10,CALL,22500,2024-05-07
2024-05-07 10:28:00+05:30,10.2,10.25,9.55,9.65,160375,3588775,18.496983,22350.25,22850.0,23000,ATM+10,CALL,22500,2024-05-07
2024-05-07 10:29:00+05:30,9.6,9.85,9.55,9.8,158375,3588775,18.22822,22361.5,22850.0,23000,ATM+10,CALL,22500,2024-05-07
2024-05-07 10:30:00+05:30,9.9,10.45,9.9,10.35,161700,3691225,18.154006,22371.7,22850.0,23000,ATM+10,CALL,22500,2024-05-07
2024-05-07 10:31:00+05:30,10.35,10.4,10.0,10.35,87175,3691225,18.267654,22368.05,22850.0,23000,ATM+10,CALL,22500,2024-05-07
2024-05-07 10:32:00+05:30,10.35,10.4,10.15,10.2,37400,3691225,18.39584,22361.85,22850.0,23000,ATM+10,CALL,22500,2024-05-07
2024-05-07 10:33:00+05:30,10.2,10.25,10.0,10.2,36650,3711275,18.525609,22357.65,22850.0,23000,ATM+10,CALL,22500,2024-05-07
2024-05-07 10:34:00+05:30,10.15,10.25,9.45,9.5,117075,3711275,18.778208,22339.2,22850.0,23000,ATM+10,CALL,22500,2024-05-07
2024-05-07 10:35:00+05:30,9.55,9.9,9.4,9.7,99375,3711275,18.814629,22341.05,22850.0,23000,ATM+10,CALL,22500,2024-05-07
2024-05-07 10:36:00+05:30,9.7,10.1,9.7,10.1,98600,3701600,19.180484,22334.75,22850.0,23000,ATM+10,CALL,22500,2024-05-07
2024-05-07 10:37:00+05:30,13.2,13.4,12.4,12.55,218800,8887800,18.994444,22324.45,22800.0,23000,ATM+10,CALL,22500,2024-05-07
2024-05-07 10:38:00+05:30,12.5,12.65,11.9,12.35,372950,8887800,18.930207,22324.2,22800.0,23000,ATM+10,CALL,22500,2024-05-07
2024-05-07 10:39:00+05:30,9.45,9.75,9.45,9.65,71000,3683225,19.139877,22329.8,22850.0,23000,ATM+10,CALL,22500,2024-05-07
2024-05-07 10:40:00+05:30,9.55,9.85,9.55,9.6,151025,3683225,19.154855,22328.65,22850.0,23000,ATM+10,CALL,22500,2024-05-07
2024-05-07 10:41:00+05:30,12.65,12.75,12.4,12.75,232950,8916975,19.21689,22320.15,22800.0,23000,ATM+10,CALL,22500,2024-05-07
2024-05-07 10:42:00+05:30,9.7,9.95,9.7,9.85,54025,3753200,19.111209,22334.05,22850.0,23000,ATM+10,CALL,22500,2024-05-07
2024-05-07 10:43:00+05:30,9.85,10.05,9.85,9.95,72000,3753200,19.29273,22329.55,22850.0,23000,ATM+10,CALL,22500,2024-05-07
2024-05-07 10:44:00+05:30,9.95,10.1,9.95,9.95,63825,3753200,19.222663,22332.0,22850.0,23000,ATM+10,CALL,22500,2024-05-07
2024-05-07 10:45:00+05:30,9.9,10.15,9.8,10.1,59275,3729950,19.141367,22337.0,22850.0,23000,ATM+10,CALL,22500,2024-05-07
2024-05-07 10:46:00+05:30,10.1,10.15,9.8,9.85,83900,3729950,19.168605,22332.55,22850.0,23000,ATM+10,CALL,22500,2024-05-07
2024-05-07 10:47:00+05:30,12.85,12.85,12.3,12.3,254375,8792950,18.948787,22323.9,22800.0,23000,ATM+10,CALL,22500,2024-05-07
2024-05-07 10:48:00+05:30,9.5,9.75,9.45,9.65,39500,3695700,19.200969,22328.7,22850.0,23000,ATM+10,CALL,22500,2024-05-07
2024-05-07 10:49:00+05:30,12.65,12.65,12.1,12.15,231500,8803600,19.0496,22319.05,22800.0,23000,ATM+10,CALL,22500,2024-05-07
2024-05-07 10:50:00+05:30,12.15,12.2,12.0,12.15,256425,8803600,18.885505,22324.4,22800.0,23000,ATM+10,CALL,22500,2024-05-07
2024-05-07 10:51:00+05:30,12.15,12.2,11.35,11.8,381850,8842175,19.158429,22311.4,22800.0,23000,ATM+10,CALL,22500,2024-05-07
2024-05-07 10:52:00+05:30,11.7,11.8,11.45,11.6,229675,8842175,19.189614,22307.95,22800.0,23000,ATM+10,CALL,22500,2024-05-07
2024-05-07 10:53:00+05:30,11.6,11.85,11.3,11.3,324025,8842175,19.169991,22304.8,22800.0,23000,ATM+10,CALL,22500,2024-05-07
2024-05-07 10:54:00+05:30,11.3,11.5,11.05,11.35,498925,8803075,19.341068,22300.0,22800.0,23000,ATM+10,CALL,22500,2024-05-07
2024-05-07 10:55:00+05:30,11.35,12.0,11.3,12.0,163175,8803075,18.918708,22322.0,22800.0,23000,ATM+10,CALL,22500,2024-05-07
2024-05-07 10:56:00+05:30,12.0,12.35,11.95,12.25,133900,8803075,19.028516,22321.65,22800.0,23000,ATM+10,CALL,22500,2024-05-07
2024-05-07 10:57:00+05:30,9.25,9.55,9.25,9.45,99950,4037425,19.100843,22330.0,22850.0,23000,ATM+10,CALL,22500,2024-05-07
2024-05-07 10:58:00+05:30,9.5,9.75,9.3,9.75,88925,4037425,18.96944,22339.0,22850.0,23000,ATM+10,CALL,22500,2024-05-07
2024-05-07 10:59:00+05:30,9.75,9.95,9.65,9.7,139450,4037425,18.800864,22344.0,22850.0,23000,ATM+10,CALL,22500,2024-05-07
2024-05-07 11:00:00+05:30,9.6,9.6,9.1,9.25,81650,4047000,18.954172,22332.2,22850.0,23000,ATM+10,CALL,22500,2024-05-07
2024-05-07 11:01:00+05:30,9.25,9.4,9.15,9.3,63550,4047000,18.971177,22332.5,22850.0,23000,ATM+10,CALL,22500,2024-05-07
2024-05-07 11:02:00+05:30,9.3,9.5,9.15,9.45,58325,4047000,18.954431,22335.45,22850.0,23000,ATM+10,CALL,22500,2024-05-07
2024-05-07 11:03:00+05:30,9.45,9.65,9.4,9.6,52400,4042675,18.987435,22336.7,22850.0,23000,ATM+10,CALL,22500,2024-05-07
2024-05-07 11:04:00+05:30,9.55,9.6,9.05,9.1,62300,4042675,19.099098,22325.4,22850.0,23000,ATM+10,CALL,22500,2024-05-07
2024-05-07 11:05:00+05:30,12.0,12.2,11.75,11.9,163325,8812125,18.906786,22322.15,22800.0,23000,ATM+10,CALL,22500,2024-05-07
2024-05-07 11:06:00+05:30,8.9,9.15,8.9,9.1,32325,4045550,19.071421,22326.55,22850.0,23000,ATM+10,CALL,22500,2024-05-07
2024-05-07 11:07:00+05:30,12.2,12.2,11.45,11.45,117600,8807175,19.059854,22311.75,22800.0,23000,ATM+10,CALL,22500,2024-05-07
2024-05-07 11:08:00+05:30,11.4,11.55,11.3,11.5,134600,8807175,19.006968,22314.2,22800.0,23000,ATM+10,CALL,22500,2024-05-07
2024-05-07 11:09:00+05:30,8.6,8.9,8.55,8.9,44450,4032625,18.993599,22326.35,22850.0,23000,ATM+10,CALL,22500,2024-05-07
2024-05-07 11:10:00+05:30,11.95,12.2,11.7,11.85,109200,8763400,18.893744,22322.45,22800.0,23000,ATM+10,CALL,22500,2024-05-07
2024-05-07 11:11:00+05:30,11.85,12.1,11.8,12.0,67850,8763400,18.920442,22323.55,22800.0,23000,ATM+10,CALL,22500,2024-05-07
2024-05-07 11:12:00+05:30,12.0,12.0,11.75,11.75,91550,8797925,18.911082,22320.85,22800.0,23000,ATM+10,CALL,22500,2024-05-07
2024-05-07 11:13:00+05:30,11.8,11.8,11.15,11.2,123700,8797925,19.007914,22310.8,22800.0,23000,ATM+10,CALL,22500,2024-05-07
2024-05-07 11:14:00+05:30,11.25,11.35,10.75,11.0,260750,8797925,19.139227,22304.0,22800.0,23000,ATM+10,CALL,22500,2024-05-07
2024-05-07 11:15:00+05:30,11.05,11.45,10.7,11.15,211250,8810575,19.385432,22298.1,22800.0,23000,ATM+10,CALL,22500,2024-05-07
2024-05-07 11:16:00+05:30,11.15,11.2,10.85,10.95,208975,8810575,19.462642,22293.0,22800.0,23000,ATM+10,CALL,22500,2024-05-07
2024-05-07 11:17:00+05:30,10.95,11.1,10.5,10.5,209425,8810575,19.635484,22281.2,22800.0,23000,ATM+10,CALL,22500,2024-05-07
2024-05-07 11:18:00+05:30,10.55,10.8,10.2,10.3,299600,8766350,19.558339,22281.0,22800.0,23000,ATM+10,CALL,22500,2024-05-07
2024-05-07 11:19:00+05:30,10.3,10.7,10.25,10.7,212275,8766350,19.492879,22288.9,22800.0,23000,ATM+10,CALL,22500,2024-05-07
2024-05-07 11:20:00+05:30,10.7,10.85,10.5,10.55,140275,8766350,19.504011,22286.55,22800.0,23000,ATM+10,CALL,22500,2024-05-07
2024-05-07 11:21:00+05:30,10.45,10.5,10.15,10.35,159100,8692975,19.530673,22282.95,22800.0,23000,ATM+10,CALL,22500,2024-05-07
2024-05-07 11:22:00+05:30,10.45,10.65,10.4,10.45,164875,8692975,19.564952,22283.35,22800.0,23000,ATM+10,CALL,22500,2024-05-07
2024-05-07 11:23:00+05:30,13.2,13.3,12.45,12.6,333050,3752825,19.236973,22273.35,22750.0,23000,ATM+10,CALL,22500,2024-05-07
2024-05-07 11:24:00+05:30,12.5,12.7,12.2,12.55,110225,3858575,19.357384,22269.05,22750.0,23000,ATM+10,CALL,22500,2024-05-07
2024-05-07 11:25:00+05:30,12.5,12.7,12.35,12.6,63750,3858575,19.458738,22266.55,22750.0,23000,ATM+10,CALL,22500,2024-05-07
2024-05-07 11:26:00+05:30,12.5,12.65,12.35,12.35,114025,3858575,19.593228,22259.35,22750.0,23000,ATM+10,CALL,22500,2024-05-07
2024-05-07 11:27:00+05:30,12.35,12.6,12.25,12.3,145450,3840075,19.362949,22266.15,22750.0,23000,ATM+10,CALL,22500,2024-05-07
2024-05-07 11:28:00+05:30,12.3,12.4,11.95,12.15,126300,3840075,19.611463,22256.5,22750.0,23000,ATM+10,CALL,22500,2024-05-07
2024-05-07 11:29:00+05:30,12.15,12.5,12.15,12.5,66450,3840075,19.431991,22266.6,22750.0,23000,ATM+10,CALL,22500,2024-05-07
2024-05-07 11:30:00+05:30,12.5,12.75,12.45,12.55,68125,3817375,19.270659,22272.4,22750.0,23000,ATM+10,CALL,22500,2024-05-07
2024-05-07 11:31:00+05:30,10.05,10.2,9.9,9.9,258450,8620625,19.507714,22278.25,22800.0,23000,ATM+10,CALL,22500,2024-05-07
2024-05-07 11:32:00+05:30,12.55,12.55,12.15,12.45,88050,3817375,19.166227,22274.7,22750.0,23000,ATM+10,CALL,22500,2024-05-07
2024-05-07 11:33:00+05:30,12.45,12.55,12.05,12.05,38400,3863450,19.235123,22267.75,22750.0,23000,ATM+10,CALL,22500,2024-05-07
2024-05-07 11:34:00+05:30,12.15,12.4,11.85,11.9,118525,3863450,19.295975,22264.05,22750.0,23000,ATM+10,CALL,22500,2024-05-07
2024-05-07 11:35:00+05:30,11.85,12.15,11.8,12.05,96750,3863450,19.334381,22264.8,22750.0,23000,ATM+10,CALL,22500,2024-05-07
2024-05-07 11:36:00+05:30,12.05,12.25,11.7,12.15,116575,3885900,19.596836,22257.8,22750.0,23000,ATM+10,CALL,22500,2024-05-07
2024-05-07 11:37:00+05:30,12.15,12.15,11.35,11.5,117775,3885900,19.891047,22240.15,22750.0,23000,ATM+10,CALL,22500,2024-05-07
2024-05-07 11:38:00+05:30,11.45,11.85,11.45,11.65,106050,3885900,20.042669,22237.35,22750.0,23000,ATM+10,CALL,22500,2024-05-07
2024-05-07 11:39:00+05:30,11.7,11.95,11.55,11.7,105125,3867125,19.965306,22240.6,22750.0,23000,ATM+10,CALL,22500,2024-05-07
2024-05-07 11:40:00+05:30,11.8,12.4,11.75,12.3,141925,3867125,19.940865,22249.15,22750.0,23000,ATM+10,CALL,22500,2024-05-07
2024-05-07 11:41:00+05:30,12.3,12.75,12.3,12.65,108825,3867125,19.661581,22262.4,22750.0,23000,ATM+10,CALL,22500,2024-05-07
2024-05-07 11:42:00+05:30,12.65,12.8,12.5,12.75,71325,3928850,19.679259,22263.15,22750.0,23000,ATM+10,CALL,22500,2024-05-07
2024-05-07 11:43:00+05:30,12.7,12.85,12.4,12.45,72350,3928850,19.717796,22258.4,22750.0,23000,ATM+10,CALL,22500,2024-05-07
2024-05-07 11:44:00+05:30,12.4,13.1,12.4,13.0,86925,3928850,19.471218,22272.85,22750.0,23000,ATM+10,CALL,22500,2024-05-07
2024-05-07 11:45:00+05:30,10.35,10.6,10.05,10.6,209475,8559275,19.889593,22277.3,22800.0,23000,ATM+10,CALL,22500,2024-05-07
2024-05-07 11:46:00+05:30,10.6,10.8,10.55,10.75,130975,8559275,19.680369,22286.35,22800.0,23000,ATM+10,CALL,22500,2024-05-07
2024-05-07 11:47:00+05:30,10.85,11.25,10.8,10.8,254425,8559275,19.623562,22289.0,22800.0,23000,ATM+10,CALL,22500,2024-05-07
2024-05-07 11:48:00+05:30,10.75,10.95,10.65,10.85,88325,8598700,19.667947,22288.35,22800.0,23000,ATM+10,CALL,22500,2024-05-07
2024-05-07 11:49:00+05:30,10.95,11.1,10.8,10.8,347100,8598700,19.786675,22283.9,22800.0,23000,ATM+10,CALL,22500,2024-05-07
2024-05-07 11:50:00+05:30,10.7,10.75,10.35,10.35,192250,8598700,19.735186,22279.35,22800.0,23000,ATM+10,CALL,22500,2024-05-07
2024-05-07 11:51:00+05:30,13.1,13.15,12.5,12.85,41425,3890200,19.549534,22269.35,22750.0,23000,ATM+10,CALL,22500,2024-05-07
2024-05-07 11:52:00+05:30,10.05,10.75,9.95,10.65,127150,8608350,19.853501,22279.95,22800.0,23000,ATM+10,CALL,22500,2024-05-07
2024-05-07 11:53:00+05:30,10.65,10.85,10.6,10.8,88550,8608350,19.698641,22287.2,22800.0,23000,ATM+10,CALL,22500,2024-05-07
2024-05-07 11:54:00+05:30,10.8,11.1,10.7,11.1,95675,8628000,19.596715,22294.7,22800.0,23000,ATM+10,CALL,22500,2024-05-07
2024-05-07 11:55:00+05:30,11.05,11.2,10.85,10.95,125400,8628000,19.525173,22295.1,22800.0,23000,ATM+10,CALL,22500,2024-05-07
2024-05-07 11:56:00+05:30,10.95,10.95,10.15,10.15,380450,8628000,19.565439,22282.7,22800.0,23000,ATM+10,CALL,22500,2024-05-07
2024-05-07 11:57:00+05:30,10.2,10.4,10.0,10.35,137100,8640550,19.721823,22280.55,22800.0,23000,ATM+10,CALL,22500,2024-05-07
2024-05-07 11:58:00+05:30,10.35,10.5,10.05,10.4,111375,8640550,19.836927,22277.6,22800.0,23000,ATM+10,CALL,22500,2024-05-07
2024-05-07 11:59:00+05:30,13.3,13.65,13.0,13.25,80200,3871200,19.631347,22272.3,22750.0,23000,ATM+10,CALL,22500,2024-05-07
2024-05-07 12:00:00+05:30,13.15,13.25,12.55,12.6,56900,3848300,19.627388,22264.85,22750.0,23000,ATM+10,CALL,22500,2024-05-07
2024-05-07 12:01:00+05:30,12.6,12.85,12.45,12.75,53675,3848300,19.590852,22267.9,22750.0,23000,ATM+10,CALL,22500,2024-05-07
2024-05-07 12:02:00+05:30,12.8,13.0,12.75,12.8,28675,3848300,19.724807,22264.4,22750.0,23000,ATM+10,CALL,22500,2024-05-07
2024-05-07 12:03:00+05:30,12.55,12.6,12.2,12.25,84175,3831100,19.655626,22260.0,22750.0,23000,ATM+10,CALL,22500,2024-05-07
2024-05-07 12:04:00+05:30,12.35,13.15,12.35,13.15,61175,3831100,19.613877,22272.2,22750.0,23000,ATM+10,CALL,22500,2024-05-07
2024-05-07 12:05:00+05:30,10.3,10.6,10.1,10.55,75750,8697550,19.985317,22275.65,22800.0,23000,ATM+10,CALL,22500,2024-05-07
2024-05-07 12:06:00+05:30,10.5,10.65,10.4,10.6,65975,8662600,19.944593,22277.8,22800.0,23000,ATM+10,CALL,22500,2024-05-07
2024-05-07 12:07:00+05:30,13.45,13.45,12.6,12.65,57725,3802200,19.472103,22271.05,22750.0,23000,ATM+10,CALL,22500,2024-05-07
2024-05-07 12:08:00+05:30,12.75,13.0,12.3,12.3,53350,3802200,19.482511,22266.6,22750.0,23000,ATM+10,CALL,22500,2024-05-07
2024-05-07 12:09:00+05:30,12.3,12.5,12.15,12.25,51475,3808600,19.542496,22264.2,22750.0,23000,ATM+10,CALL,22500,2024-05-07
2024-05-07 12:10:00+05:30,12.25,12.5,12.05,12.15,34100,3808600,19.587471,22261.65,22750.0,23000,ATM+10,CALL,22500,2024-05-07
2024-05-07 12:11:00+05:30,12.15,12.65,12.15,12.55,30700,3808600,19.509278,22269.1,22750.0,23000,ATM+10,CALL,22500,2024-05-07
2024-05-07 12:12:00+05:30,9.9,10.1,9.9,10.1,52925,8696550,19.753004,22277.55,22800.0,23000,ATM+10,CALL,22500,2024-05-07
2024-05-07 12:13:00+05:30,10.1,10.65,10.1,10.5,76775,8696550,19.67343,22286.0,22800.0,23000,ATM+10,CALL,22500,2024-05-07
2024-05-07 12:14:00+05:30,10.5,10.55,10.35,10.4,60500,8696550,19.827823,22279.65,22800.0,23000,ATM+10,CALL,22500,2024-05-07
2024-05-07 12:15:00+05:30,10.4,10.6,10.15,10.55,52100,8680050,19.735442,22284.9,22800.0,23000,ATM+10,CALL,22500,2024-05-07
2024-05-07 12:16:00+05:30,10.5,10.55,10.25,10.45,61225,8680050,19.431552,22293.5,22800.0,23000,ATM+10,CALL,22500,2024-05-07
2024-05-07 12:17:00+05:30,10.45,10.7,10.35,10.7,41400,8680050,19.561757,22292.85,22800.0,23000,ATM+10,CALL,22500,2024-05-07
2024-05-07 12:18:00+05:30,10.7,10.95,10.6,10.95,93325,8699025,19.593388,22295.35,22800.0,23000,ATM+10,CALL,22500,2024-05-07
2024-05-07 12:19:00+05:30,10.95,11.05,10.65,10.65,61150,8699025,19.571749,22292.05,22800.0,23000,ATM+10,CALL,22500,2024-05-07
2024-05-07 12:20:00+05:30,10.7,11.15,10.6,11.05,63375,8699025,19.592239,22296.95,22800.0,23000,ATM+10,CALL,22500,2024-05-07
2024-05-07 12:21:00+05:30,11.0,11.0,10.3,10.4,73350,8699025,19.667459,22285.65,22800.0,23000,ATM+10,CALL,22500,2024-05-07
2024-05-07 12:22:00+05:30,10.35,10.5,9.95,10.0,82650,8716775,19.479854,22286.15,22800.0,23000,ATM+10,CALL,22500,2024-05-07
2024-05-07 12:23:00+05:30,10.0,10.5,9.95,10.4,35925,8716775,19.489926,22291.65,22800.0,23000,ATM+10,CALL,22500,2024-05-07
2024-05-07 12:24:00+05:30,10.35,10.8,10.35,10.7,98550,8716775,19.385699,22299.3,22800.0,23000,ATM+10,CALL,22500,2024-05-07
2024-05-07 12:25:00+05:30,10.8,11.1,10.7,11.05,113725,8723550,19.375674,22304.45,22800.0,23000,ATM+10,CALL,22500,2024-05-07
2024-05-07 12:26:00+05:30,11.1,11.1,10.55,10.65,59525,8723550,19.411286,22298.0,22800.0,23000,ATM+10,CALL,22500,2024-05-07
2024-05-07 12:27:00+05:30,10.65,10.65,10.25,10.4,56150,8723550,19.377051,22295.75,22800.0,23000,ATM+10,CALL,22500,2024-05-07
2024-05-07 12:28:00+05:30,10.35,10.75,10.35,10.65,87075,8744875,19.476601,22296.1,22800.0,23000,ATM+10,CALL,22500,2024-05-07
2024-05-07 12:29:00+05:30,10.7,10.8,10.45,10.65,42825,8744875,19.510808,22295.1,22800.0,23000,ATM+10,CALL,22500,2024-05-07
2024-05-07 12:30:00+05:30,10.7,10.9,10.0,10.05,92150,8744875,19.586547,22284.25,22800.0,23000,ATM+10,CALL,22500,2024-05-07
2024-05-07 12:31:00+05:30,10.0,10.25,9.95,10.1,46675,8768250,19.515704,22287.4,22800.0,23000,ATM+10,CALL,22500,2024-05-07
2024-05-07 12:32:00+05:30,10.0,10.3,10.0,10.0,90075,8768250,19.488527,22286.95,22800.0,23000,ATM+10,CALL,22500,2024-05-07
2024-05-07 12:33:00+05:30,9.95,10.3,9.95,10.1,128900,8768250,19.571303,22285.8,22800.0,23000,ATM+10,CALL,22500,2024-05-07
2024-05-07 12:34:00+05:30,10.1,10.1,9.8,9.85,115250,8802425,19.59438,22281.5,22800.0,23000,ATM+10,CALL,22500,2024-05-07
2024-05-07 12:35:00+05:30,9.75,9.95,9.45,9.65,87850,8802425,19.648356,22276.85,22800.0,23000,ATM+10,CALL,22500,2024-05-07
2024-05-07 12:36:00+05:30,12.1,12.4,11.7,11.8,66700,3817425,19.386529,22266.35,22750.0,23000,ATM+10,CALL,22500,2024-05-07
2024-05-07 12:37:00+05:30,11.8,11.95,11.7,11.7,77625,3814500,19.441689,22263.45,22750.0,23000,ATM+10,CALL,22500,2024-05-07
2024-05-07 12:38:00+05:30,11.6,11.85,11.55,11.8,58900,3814500,19.619443,22259.2,22750.0,23000,ATM+10,CALL,22500,2024-05-07
2024-05-07 12:39:00+05:30,11.8,12.1,11.8,11.9,62100,3814500,19.623201,22260.45,22750.0,23000,ATM+10,CALL,22500,2024-05-07
2024-05-07 12:40:00+05:30,11.9,12.15,11.9,11.95,16925,3817000,19.676579,22259.5,22750.0,23000,ATM+10,CALL,22500,2024-05-07
2024-05-07 12:41:00+05:30,11.9,12.15,11.8,11.95,39825,3817000,19.689448,22259.2,22750.0,23000,ATM+10,CALL,22500,2024-05-07
2024-05-07 12:42:00+05:30,12.0,12.25,11.95,12.15,22625,3817000,19.546315,22266.3,22750.0,23000,ATM+10,CALL,22500,2024-05-07
2024-05-07 12:43:00+05:30,12.2,12.25,11.3,11.45,46675,3806875,19.494796,22259.2,22750.0,23000,ATM+10,CALL,22500,2024-05-07
2024-05-07 12:44:00+05:30,11.5,11.6,11.15,11.45,63325,3806875,19.693277,22253.0,22750.0,23000,ATM+10,CALL,22500,2024-05-07
2024-05-07 12:45:00+05:30,11.45,11.7,11.35,11.65,45375,3806875,19.590443,22258.95,22750.0,23000,ATM+10,CALL,22500,2024-05-07
2024-05-07 12:46:00+05:30,11.65,11.9,11.6,11.9,49225,3810200,19.670466,22259.7,22750.0,23000,ATM+10,CALL,22500,2024-05-07
2024-05-07 12:47:00+05:30,11.85,11.9,11.75,11.9,42725,3810200,19.688101,22259.25,22750.0,23000,ATM+10,CALL,22500,2024-05-07
2024-05-07 12:48:00+05:30,11.95,12.0,11.75,11.85,27150,3810200,19.614403,22261.05,22750.0,23000,ATM+10,CALL,22500,2024-05-07
2024-05-07 12:49:00+05:30,11.85,12.15,11.85,12.15,25475,3814300,19.430963,22270.65,22750.0,23000,ATM+10,CALL,22500,2024-05-07
2024-05-07 12:50:00+05:30,12.15,12.35,12.0,12.35,62750,3814300,19.600216,22267.9,22750.0,23000,ATM+10,CALL,22500,2024-05-07
2024-05-07 12:51:00+05:30,12.35,12.35,12.0,12.05,37075,3814300,19.712113,22260.8,22750.0,23000,ATM+10,CALL,22500,2024-05-07
2024-05-07 12:52:00+05:30,12.0,12.05,11.55,11.55,42400,3811825,19.761187,22253.0,22750.0,23000,ATM+10,CALL,22500,2024-05-07
2024-05-07 12:53:00+05:30,11.6,11.7,10.8,10.8,140125,3811825,19.467123,22252.55,22750.0,23000,ATM+10,CALL,22500,2024-05-07
2024-05-07 12:54:00+05:30,10.95,11.05,10.45,10.5,125900,3811825,19.643898,22242.85,22750.0,23000,ATM+10,CALL,22500,2024-05-07
2024-05-07 12:55:00+05:30,10.6,11.1,10.6,11.05,89450,3807600,19.926124,22241.45,22750.0,23000,ATM+10,CALL,22500,2024-05-07
2024-05-07 12:56:00+05:30,11.15,11.6,11.15,11.55,119325,3807600,19.653197,22256.85,22750.0,23000,ATM+10,CALL,22500,2024-05-07
2024-05-07 12:57:00+05:30,11.6,11.65,11.4,11.6,61575,3807600,19.531401,22261.45,22750.0,23000,ATM+10,CALL,22500,2024-05-07
2024-05-07 12:58:00+05:30,11.6,11.85,11.55,11.7,85425,3851025,19.594138,22260.85,22750.0,23000,ATM+10,CALL,22500,2024-05-07
2024-05-07 12:59:00+05:30,11.7,11.85,11.55,11.75,40150,3851025,19.631912,22260.4,22750.0,23000,ATM+10,CALL,22500,2024-05-07
2024-05-07 13:00:00+05:30,11.8,11.8,11.45,11.7,44450,3851025,19.645248,22259.45,22750.0,23000,ATM+10,CALL,22500,2024-05-07
2024-05-07 13:01:00+05:30,11.7,11.8,11.45,11.7,142825,3845550,19.724674,22257.05,22750.0,23000,ATM+10,CALL,22500,2024-05-07
2024-05-07 13:02:00+05:30,11.65,11.75,10.95,10.95,249625,3845550,19.47274,22255.35,22750.0,23000,ATM+10,CALL,22500,2024-05-07
2024-05-07 13:03:00+05:30,11.0,11.05,10.75,10.9,157850,3845550,19.575661,22251.5,22750.0,23000,ATM+10,CALL,22500,2024-05-07
2024-05-07 13:04:00+05:30,10.9,11.0,10.45,10.45,61825,3759350,19.581428,22245.25,22750.0,23000,ATM+10,CALL,22500,2024-05-07
2024-05-07 13:05:00+05:30,10.5,10.9,10.4,10.85,61775,3759350,19.59881,22250.3,22750.0,23000,ATM+10,CALL,22500,2024-05-07
2024-05-07 13:06:00+05:30,10.9,11.05,10.85,10.95,31175,3759350,19.788438,22245.7,22750.0,23000,ATM+10,CALL,22500,2024-05-07
2024-05-07 13:07:00+05:30,10.9,10.95,10.7,10.8,34775,3752950,19.792072,22243.65,22750.0,23000,ATM+10,CALL,22500,2024-05-07
2024-05-07 13:08:00+05:30,10.8,11.0,10.75,10.85,40975,3752950,19.857431,22242.35,22750.0,23000,ATM+10,CALL,22500,2024-05-07
2024-05-07 13:09:00+05:30,10.8,11.0,10.65,10.9,72975,3752950,19.871245,22242.7,22750.0,23000,ATM+10,CALL,22500,2024-05-07
2024-05-07 13:10:00+05:30,10.95,11.1,10.9,11.05,53100,3740575,19.722026,22249.6,22750.0,23000,ATM+10,CALL,22500,2024-05-07
2024-05-07 13:11:00+05:30,11.15,11.3,11.1,11.25,55600,3740575,19.746153,22251.6,22750.0,23000,ATM+10,CALL,22500,2024-05-07
2024-05-07 13:12:00+05:30,11.2,11.25,10.8,10.85,30200,3740575,19.849237,22243.05,22750.0,23000,ATM+10,CALL,22500,2024-05-07
2024-05-07 13:13:00+05:30,10.8,10.9,10.65,10.75,76175,3725025,19.780184,22244.0,22750.0,23000,ATM+10,CALL,22500,2024-05-07
2024-05-07 13:14:00+05:30,10.85,11.0,10.7,10.7,66750,3725025,19.89623,22239.7,22750.0,23000,ATM+10,CALL,22500,2024-05-07
2024-05-07 13:15:00+05:30,10.75,10.9,10.45,10.9,73350,3725025,19.916823,22241.9,22750.0,23000,ATM+10,CALL,22500,2024-05-07
2024-05-07 13:16:00+05:30,10.95,11.15,10.9,11.0,69475,3713825,19.917419,22243.35,22750.0,23000,ATM+10,CALL,22500,2024-05-07
2024-05-07 13:17:00+05:30,11.0,11.25,11.0,11.2,42575,3713825,19.756792,22251.25,22750.0,23000,ATM+10,CALL,22500,2024-05-07
2024-05-07 13:18:00+05:30,11.2,11.25,11.05,11.15,48275,3713825,19.79754,22249.4,22750.0,23000,ATM+10,CALL,22500,2024-05-07
2024-05-07 13:19:00+05:30,11.15,11.6,11.15,11.6,42625,3684600,19.65003,22260.05,22750.0,23000,ATM+10,CALL,22500,2024-05-07
2024-05-07 13:20:00+05:30,11.55,11.85,11.45,11.8,45350,3684600,19.441071,22269.25,22750.0,23000,ATM+10,CALL,22500,2024-05-07
2024-05-07 13:21:00+05:30,9.5,9.8,9.45,9.8,88575,9267575,19.857371,22277.35,22800.0,23000,ATM+10,CALL,22500,2024-05-07
2024-05-07 13:22:00+05:30,12.15,12.55,11.75,11.8,88425,3664575,19.270418,22274.8,22750.0,23000,ATM+10,CALL,22500,2024-05-07
2024-05-07 13:23:00+05:30,11.65,11.7,11.2,11.4,65375,3664575,19.351942,22267.3,22750.0,23000,ATM+10,CALL,22500,2024-05-07
2024-05-07 13:24:00+05:30,11.35,11.45,10.95,11.1,66275,3664575,19.456666,22260.2,22750.0,23000,ATM+10,CALL,22500,2024-05-07
2024-05-07 13:25:00+05:30,11.1,11.45,11.1,11.4,36825,3633900,19.461833,22264.05,22750.0,23000,ATM+10,CALL,22500,2024-05-07
2024-05-07 13:26:00+05:30,11.45,11.7,11.3,11.5,40275,3633900,19.340603,22269.25,22750.0,23000,ATM+10,CALL,22500,2024-05-07
2024-05-07 13:27:00+05:30,9.2,9.45,9.2,9.4,40850,9200025,19.687106,22277.55,22800.0,23000,ATM+10,CALL,22500,2024-05-07
2024-05-07 13:28:00+05:30,9.45,9.55,9.3,9.5,69950,9217800,19.630192,22281.05,22800.0,23000,ATM+10,CALL,22500,2024-05-07
2024-05-07 13:29:00+05:30,9.45,9.8,9.4,9.8,64275,9217800,19.683797,22283.9,22800.0,23000,ATM+10,CALL,22500,2024-05-07
2024-05-07 13:30:00+05:30,9.85,9.9,9.45,9.45,109975,9217800,19.592439,22281.75,22800.0,23000,ATM+10,CALL,22500,2024-05-07
2024-05-07 13:31:00+05:30,9.5,9.5,9.2,9.25,177400,9229925,19.668401,22276.3,22800.0,23000,ATM+10,CALL,22500,2024-05-07
2024-05-07 13:32:00+05:30,9.15,9.95,9.0,9.65,120900,9229925,19.3908,22291.55,22800.0,23000,ATM+10,CALL,22500,2024-05-07
2024-05-07 13:33:00+05:30,9.7,9.95,9.3,9.35,109300,9229925,19.485909,22284.05,22800.0,23000,ATM+10,CALL,22500,2024-05-07
2024-05-07 13:34:00+05:30,9.3,9.5,9.05,9.35,133250,9237650,19.438902,22285.7,22800.0,23000,ATM+10,CALL,22500,2024-05-07
2024-05-07 13:35:00+05:30,9.4,9.65,9.4,9.55,62675,9237650,19.407485,22289.85,22800.0,23000,ATM+10,CALL,22500,2024-05-07
2024-05-07 13:36:00+05:30,9.6,9.9,9.5,9.8,87575,9237650,19.341161,22295.8,22800.0,23000,ATM+10,CALL,22500,2024-05-07
2024-05-07 13:37:00+05:30,9.85,9.85,9.3,9.65,99025,9252825,19.219928,22297.65,22800.0,23000,ATM+10,CALL,22500,2024-05-07
2024-05-07 13:38:00+05:30,9.65,10.05,9.65,10.0,207775,9252825,18.989171,22310.25,22800.0,23000,ATM+10,CALL,22500,2024-05-07
2024-05-07 13:39:00+05:30,10.0,10.35,9.95,10.0,171825,9252825,18.922538,22312.5,22800.0,23000,ATM+10,CALL,22500,2024-05-07
2024-05-07 13:40:00+05:30,10.1,10.1,9.4,9.5,140325,9234525,18.875669,22306.95,22800.0,23000,ATM+10,CALL,22500,2024-05-07
2024-05-07 13:41:00+05:30,9.55,10.0,9.5,10.0,97725,9234525,18.854458,22314.9,22800.0,23000,ATM+10,CALL,22500,2024-05-07
2024-05-07 13:42:00+05:30,9.9,10.3,9.9,10.3,196025,9234525,18.712071,22323.7,22800.0,23000,ATM+10,CALL,22500,2024-05-07
2024-05-07 13:43:00+05:30,10.3,10.35,9.95,10.2,139625,9213375,18.650761,22324.4,22800.0,23000,ATM+10,CALL,22500,2024-05-07
2024-05-07 13:44:00+05:30,10.15,10.15,9.8,9.8,108225,9213375,18.479802,22324.45,22800.0,23000,ATM+10,CALL,22500,2024-05-07
2024-05-07 13:45:00+05:30,9.75,9.75,9.05,9.2,285275,9213375,18.538996,22314.0,22800.0,23000,ATM+10,CALL,22500,2024-05-07
2024-05-07 13:46:00+05:30,6.75,7.35,6.65,7.3,91050,4549200,18.70401,22326.1,22850.0,23000,ATM+10,CALL,22500,2024-05-07
2024-05-07 13:47:00+05:30,7.35,7.45,7.2,7.4,33250,4549200,18.697215,22328.25,22850.0,23000,ATM+10,CALL,22500,2024-05-07
2024-05-07 13:48:00+05:30,9.9,9.9,9.3,9.4,147350,9207875,18.427741,22320.85,22800.0,23000,ATM+10,CALL,22500,2024-05-07
2024-05-07 13:49:00+05:30,9.4,9.45,9.15,9.25,112425,9173375,18.554687,22314.65,22800.0,23000,ATM+10,CALL,22500,2024-05-07
2024-05-07 13:50:00+05:30,9.2,9.2,8.5,8.5,219775,9173375,18.6486,22300.2,22800.0,23000,ATM+10,CALL,22500,2024-05-07
2024-05-07 13:51:00+05:30,8.45,8.85,8.45,8.85,121850,9173375,18.776123,22301.6,22800.0,23000,ATM+10,CALL,22500,2024-05-07
2024-05-07 13:52:00+05:30,8.8,8.95,8.1,8.4,154800,9161200,18.685409,22297.6,22800.0,23000,ATM+10,CALL,22500,2024-05-07
2024-05-07 13:53:00+05:30,8.35,8.5,8.3,8.5,87375,9161200,18.756878,22296.95,22800.0,23000,ATM+10,CALL,22500,2024-05-07
2024-05-07 13:54:00+05:30,8.45,8.9,8.45,8.9,118975,9161200,18.704098,22305.05,22800.0,23000,ATM+10,CALL,22500,2024-05-07
2024-05-07 13:55:00+05:30,8.95,8.95,8.55,8.65,126900,9111250,18.812934,22297.7,22800.0,23000,ATM+10,CALL,22500,2024-05-07
2024-05-07 13:56:00+05:30,8.7,9.0,8.7,9.0,63050,9111250,18.72521,22306.1,22800.0,23000,ATM+10,CALL,22500,2024-05-07
2024-05-07 13:57:00+05:30,8.9,9.25,8.9,9.15,118900,9111250,18.633555,22311.45,22800.0,23000,ATM+10,CALL,22500,2024-05-07
2024-05-07 13:58:00+05:30,9.25,9.6,9.2,9.35,136325,9058725,18.711134,22312.0,22800.0,23000,ATM+10,CALL,22500,2024-05-07
2024-05-07 13:59:00+05:30,9.35,9.35,8.9,9.0,62975,9058725,18.578607,22311.2,22800.0,23000,ATM+10,CALL,22500,2024-05-07
2024-05-07 14:00:00+05:30,9.1,9.5,8.9,9.45,82925,9058725,18.67941,22314.7,22800.0,23000,ATM+10,CALL,22500,2024-05-07
2024-05-07 14:01:00+05:30,9.4,9.5,9.25,9.5,49450,9058475,18.559446,22319.4,22800.0,23000,ATM+10,CALL,22500,2024-05-07
2024-05-07 14:02:00+05:30,9.4,9.55,9.3,9.4,53450,9058475,18.457486,22321.35,22800.0,23000,ATM+10,CALL,22500,2024-05-07
2024-05-07 14:03:00+05:30,9.45,9.5,9.1,9.5,79375,9058475,18.404471,22324.6,22800.0,23000,ATM+10,CALL,22500,2024-05-07
2024-05-07 14:04:00+05:30,6.95,7.05,6.95,7.0,37200,4455100,18.5797,22326.8,22850.0,23000,ATM+10,CALL,22500,2024-05-07
2024-05-07 14:05:00+05:30,9.55,9.55,8.75,8.8,135250,9064400,18.339437,22316.6,22800.0,23000,ATM+10,CALL,22500,2024-05-07
2024-05-07 14:06:00+05:30,8.8,8.85,8.5,8.8,191375,9064400,18.437705,22313.5,22800.0,23000,ATM+10,CALL,22500,2024-05-07
2024-05-07 14:07:00+05:30,8.75,9.2,8.75,9.15,137150,9090300,18.396332,22320.2,22800.0,23000,ATM+10,CALL,22500,2024-05-07
2024-05-07 14:08:00+05:30,9.2,9.5,9.15,9.45,96450,9090300,18.424809,22323.75,22800.0,23000,ATM+10,CALL,22500,2024-05-07
2024-05-07 14:09:00+05:30,9.55,9.6,9.35,9.45,81725,9090300,18.420282,22324.0,22800.0,23000,ATM+10,CALL,22500,2024-05-07
2024-05-07 14:10:00+05:30,9.45,9.5,9.0,9.25,124000,9053325,18.507172,22318.4,22800.0,23000,ATM+10,CALL,22500,2024-05-07
2024-05-07 14:11:00+05:30,9.25,9.35,8.85,8.85,164625,9053325,18.653687,22307.75,22800.0,23000,ATM+10,CALL,22500,2024-05-07
2024-05-07 14:12:00+05:30,8.85,9.1,8.8,8.95,91225,9053325,18.754487,22306.1,22800.0,23000,ATM+10,CALL,22500,2024-05-07
2024-05-07 14:13:00+05:30,9.0,9.15,8.9,8.9,148525,9070925,18.522495,22313.0,22800.0,23000,ATM+10,CALL,22500,2024-05-07
2024-05-07 14:14:00+05:30,8.95,9.15,8.85,9.15,168375,9070925,18.408191,22320.55,22800.0,23000,ATM+10,CALL,22500,2024-05-07
2024-05-07 14:15:00+05:30,9.15,9.15,8.55,8.55,116400,9070925,18.321403,22314.4,22800.0,23000,ATM+10,CALL,22500,2024-05-07
2024-05-07 14:16:00+05:30,8.55,9.0,8.55,8.7,172775,9072400,18.377199,22315.0,22800.0,23000,ATM+10,CALL,22500,2024-05-07
2024-05-07 14:17:00+05:30,8.7,8.8,8.2,8.3,260225,9072400,18.507643,22304.55,22800.0,23000,ATM+10,CALL,22500,2024-05-07
2024-05-07 14:18:00+05:30,8.3,8.7,8.3,8.45,139600,9072400,18.467988,22308.35,22800.0,23000,ATM+10,CALL,22500,2024-05-07
2024-05-07 14:19:00+05:30,8.5,8.75,8.35,8.55,123500,9031250,18.311387,22315.15,22800.0,23000,ATM+10,CALL,22500,2024-05-07
2024-05-07 14:20:00+05:30,8.6,8.7,8.5,8.7,125775,9031250,18.344144,22316.5,22800.0,23000,ATM+10,CALL,22500,2024-05-07
2024-05-07 14:21:00+05:30,8.75,8.75,8.3,8.3,128800,9031250,18.371702,22309.45,22800.0,23000,ATM+10,CALL,22500,2024-05-07
2024-05-07 14:22:00+05:30,8.35,8.35,7.85,8.2,286675,9068550,18.540195,22302.4,22800.0,23000,ATM+10,CALL,22500,2024-05-07
2024-05-07 14:23:00+05:30,8.15,8.15,7.25,7.3,257250,9068550,18.779329,22279.1,22800.0,23000,ATM+10,CALL,22500,2024-05-07
2024-05-07 14:24:00+05:30,7.5,7.55,7.1,7.35,269850,9068550,18.854001,22277.6,22800.0,23000,ATM+10,CALL,22500,2024-05-07
2024-05-07 14:25:00+05:30,7.35,7.5,7.15,7.45,225950,8996700,18.866172,22279.1,22800.0,23000,ATM+10,CALL,22500,2024-05-07
2024-05-07 14:26:00+05:30,7.45,7.6,7.35,7.6,230175,8996700,19.011528,22277.0,22800.0,23000,ATM+10,CALL,22500,2024-05-07
2024-05-07 14:27:00+05:30,7.6,7.7,7.2,7.6,208350,8996700,19.028308,22276.55,22800.0,23000,ATM+10,CALL,22500,2024-05-07
2024-05-07 14:28:00+05:30,9.55,9.65,9.25,9.4,97950,3610125,18.520353,22273.4,22750.0,23000,ATM+10,CALL,22500,2024-05-07
2024-05-07 14:29:00+05:30,9.35,9.35,8.4,8.6,115725,3610125,18.553602,22260.45,22750.0,23000,ATM+10,CALL,22500,2024-05-07
2024-05-07 14:30:00+05:30,8.65,8.85,8.5,8.85,141275,3610125,18.549009,22264.55,22750.0,23000,ATM+10,CALL,22500,2024-05-07
2024-05-07 14:31:00+05:30,8.8,9.15,8.7,9.1,98300,3586550,18.477858,22270.7,22750.0,23000,ATM+10,CALL,22500,2024-05-07
2024-05-07 14:32:00+05:30,7.2,7.55,7.2,7.55,138500,8851850,18.964958,22278.35,22800.0,23000,ATM+10,CALL,22500,2024-05-07
2024-05-07 14:33:00+05:30,7.5,7.6,7.35,7.55,135850,8851850,18.939956,22279.3,22800.0,23000,ATM+10,CALL,22500,2024-05-07
2024-05-07 14:34:00+05:30,7.55,7.65,7.5,7.6,92600,8846050,18.709438,22288.0,22800.0,23000,ATM+10,CALL,22500,2024-05-07
2024-05-07 14:35:00+05:30,7.6,7.75,7.4,7.7,110125,8846050,18.668721,22291.2,22800.0,23000,ATM+10,CALL,22500,2024-05-07
2024-05-07 14:36:00+05:30,7.75,7.9,7.6,7.8,119075,8846050,18.485576,22299.1,22800.0,23000,ATM+10,CALL,22500,2024-05-07
2024-05-07 14:37:00+05:30,7.8,7.95,7.8,7.95,97825,8743725,18.421091,22303.85,22800.0,23000,ATM+10,CALL,22500,2024-05-07
2024-05-07 14:38:00+05:30,7.95,8.15,7.9,8.1,145475,8743725,18.464265,22305.0,22800.0,23000,ATM+10,CALL,22500,2024-05-07
2024-05-07 14:39:00+05:30,8.1,8.8,7.75,8.55,299125,8743725,18.356391,22315.8,22800.0,23000,ATM+10,CALL,22500,2024-05-07
2024-05-07 14:40:00+05:30,8.65,8.9,8.45,8.6,328175,8693175,18.341937,22317.15,22800.0,23000,ATM+10,CALL,22500,2024-05-07
2024-05-07 14:41:00+05:30,8.55,8.6,7.95,8.0,234575,8693175,18.20575,22312.2,22800.0,23000,ATM+10,CALL,22500,2024-05-07
2024-05-07 14:42:00+05:30,8.05,8.35,7.85,8.2,147050,8693175,18.397371,22309.25,22800.0,23000,ATM+10,CALL,22500,2024-05-07
2024-05-07 14:43:00+05:30,8.15,8.4,7.9,8.05,105250,8663250,18.472521,22304.45,22800.0,23000,ATM+10,CALL,22500,2024-05-07
2024-05-07 14:44:00+05:30,8.05,8.25,7.85,7.9,57950,8663250,18.50515,22301.0,22800.0,23000,ATM+10,CALL,22500,2024-05-07
2024-05-07 14:45:00+05:30,7.95,8.2,7.95,8.15,194050,8663250,18.393268,22308.9,22800.0,23000,ATM+10,CALL,22500,2024-05-07
2024-05-07 14:46:00+05:30,8.1,8.45,8.0,8.35,111200,8632400,18.512813,22308.3,22800.0,23000,ATM+10,CALL,22500,2024-05-07
2024-05-07 14:47:00+05:30,8.3,8.3,8.05,8.1,79375,8632400,18.492303,22305.05,22800.0,23000,ATM+10,CALL,22500,2024-05-07
2024-05-07 14:48:00+05:30,8.1,8.3,7.8,8.25,145675,8632400,18.484286,22307.85,22800.0,23000,ATM+10,CALL,22500,2024-05-07
2024-05-07 14:49:00+05:30,8.25,8.65,8.25,8.6,343525,8619925,18.474458,22313.8,22800.0,23000,ATM+10,CALL,22500,2024-05-07
2024-05-07 14:50:00+05:30,8.6,8.75,8.15,8.15,343400,8619925,18.110463,22318.7,22800.0,23000,ATM+10,CALL,22500,2024-05-07
2024-05-07 14:51:00+05:30,8.2,8.2,7.7,7.85,180175,8619925,18.239264,22309.7,22800.0,23000,ATM+10,CALL,22500,2024-05-07
2024-05-07 14:52:00+05:30,7.95,8.0,7.6,7.6,122200,8687100,18.317954,22303.0,22800.0,23000,ATM+10,CALL,22500,2024-05-07
2024-05-07 14:53:00+05:30,7.6,7.95,7.6,7.9,75325,8687100,18.348292,22307.15,22800.0,23000,ATM+10,CALL,22500,2024-05-07
2024-05-07 14:54:00+05:30,7.95,8.0,7.55,7.55,134975,8687100,18.324287,22302.15,22800.0,23000,ATM+10,CALL,22500,2024-05-07
2024-05-07 14:55:00+05:30,7.55,7.6,7.0,7.25,208350,8639600,18.463763,22292.35,22800.0,23000,ATM+10,CALL,22500,2024-05-07
2024-05-07 14:56:00+05:30,7.25,7.6,7.1,7.5,123500,8639600,18.30941,22302.0,22800.0,23000,ATM+10,CALL,22500,2024-05-07
2024-05-07 14:57:00+05:30,7.55,7.85,7.55,7.8,91200,8639600,18.386722,22304.65,22800.0,23000,ATM+10,CALL,22500,2024-05-07
2024-05-07 14:58:00+05:30,7.8,8.1,7.75,7.85,73950,8634975,18.441128,22303.8,22800.0,23000,ATM+10,CALL,22500,2024-05-07
2024-05-07 14:59:00+05:30,7.85,8.0,7.35,7.4,110100,8634975,18.564276,22292.1,22800.0,23000,ATM+10,CALL,22500,2024-05-07
2024-05-07 15:00:00+05:30,7.45,8.2,7.45,8.0,230950,8634975,18.240092,22313.1,22800.0,23000,ATM+10,CALL,22500,2024-05-07
2024-05-07 15:01:00+05:30,8.05,8.3,7.6,7.9,138500,8551975,18.40948,22306.0,22800.0,23000,ATM+10,CALL,22500,2024-05-07
2024-05-07 15:02:00+05:30,8.0,8.0,7.8,8.0,85575,8551975,18.232894,22313.55,22800.0,23000,ATM+10,CALL,22500,2024-05-07
2024-05-07 15:03:00+05:30,8.0,8.1,7.9,8.05,87800,8551975,18.118845,22318.2,22800.0,23000,ATM+10,CALL,22500,2024-05-07
2024-05-07 15:04:00+05:30,8.1,8.15,7.7,7.8,133750,8554225,18.210887,22311.2,22800.0,23000,ATM+10,CALL,22500,2024-05-07
2024-05-07 15:05:00+05:30,8.0,8.25,7.75,7.9,87400,8554225,18.415061,22306.25,22800.0,23000,ATM+10,CALL,22500,2024-05-07
2024-05-07 15:06:00+05:30,7.9,8.0,7.4,7.45,132650,8554225,18.460618,22297.2,22800.0,23000,ATM+10,CALL,22500,2024-05-07
2024-05-07 15:07:00+05:30,7.45,7.75,7.35,7.45,214525,8529925,18.472953,22296.9,22800.0,23000,ATM+10,CALL,22500,2024-05-07
2024-05-07 15:08:00+05:30,7.5,7.55,7.0,7.1,211625,8529925,18.719624,22282.5,22800.0,23000,ATM+10,CALL,22500,2024-05-07
2024-05-07 15:09:00+05:30,7.1,7.5,7.0,7.5,218875,8529925,18.534433,22295.95,22800.0,23000,ATM+10,CALL,22500,2024-05-07
2024-05-07 15:10:00+05:30,7.5,7.95,7.5,7.9,215450,8462925,18.475695,22304.8,22800.0,23000,ATM+10,CALL,22500,2024-05-07
2024-05-07 15:11:00+05:30,7.9,7.95,7.7,7.7,114225,8462925,18.584744,22297.95,22800.0,23000,ATM+10,CALL,22500,2024-05-07
2024-05-07 15:12:00+05:30,7.75,8.05,7.7,8.05,199050,8462925,18.501297,22306.65,22800.0,23000,ATM+10,CALL,22500,2024-05-07
2024-05-07 15:13:00+05:30,8.0,8.2,7.85,7.9,140650,8404525,18.537381,22303.1,22800.0,23000,ATM+10,CALL,22500,2024-05-07
2024-05-07 15:14:00+05:30,7.9,8.1,7.9,8.1,172700,8404525,18.470197,22308.7,22800.0,23000,ATM+10,CALL,22500,2024-05-07
2024-05-07 15:15:00+05:30,8.1,8.3,7.9,7.9,218925,8404525,18.438985,22306.55,22800.0,23000,ATM+10,CALL,22500,2024-05-07
2024-05-07 15:16:00+05:30,7.9,8.0,7.7,7.9,132525,8468950,18.56107,22302.65,22800.0,23000,ATM+10,CALL,22500,2024-05-07
2024-05-07 15:17:00+05:30,7.9,8.15,7.8,8.15,159125,8468950,18.423778,22311.35,22800.0,23000,ATM+10,CALL,22500,2024-05-07
2024-05-07 15:18:00+05:30,8.2,8.2,8.0,8.1,136950,8468950,18.559978,22306.2,22800.0,23000,ATM+10,CALL,22500,2024-05-07
2024-05-07 15:19:00+05:30,8.15,8.25,8.05,8.25,119075,8431825,18.567189,22308.5,22800.0,23000,ATM+10,CALL,22500,2024-05-07
2024-05-07 15:20:00+05:30,8.3,8.4,8.0,8.05,149175,8431825,18.654737,22302.5,22800.0,23000,ATM+10,CALL,22500,2024-05-07
2024-05-07 15:21:00+05:30,8.05,8.25,8.05,8.2,136675,8431825,18.64272,22305.45,22800.0,23000,ATM+10,CALL,22500,2024-05-07
2024-05-07 15:22:00+05:30,8.2,8.25,7.75,7.8,224150,8382300,18.504331,22303.5,22800.0,23000,ATM+10,CALL,22500,2024-05-07
2024-05-07 15:23:00+05:30,7.8,8.1,7.8,8.1,164550,8382300,18.543008,22307.3,22800.0,23000,ATM+10,CALL,22500,2024-05-07
2024-05-07 15:24:00+05:30,8.05,8.35,8.0,8.3,198950,8382300,18.585469,22309.25,22800.0,23000,ATM+10,CALL,22500,2024-05-07
2024-05-07 15:25:00+05:30,8.35,8.5,8.1,8.2,336825,8412150,18.591724,22307.55,22800.0,23000,ATM+10,CALL,22500,2024-05-07
2024-05-07 15:26:00+05:30,8.25,8.45,8.2,8.4,240525,8412150,18.795149,22304.25,22800.0,23000,ATM+10,CALL,22500,2024-05-07
2024-05-07 15:27:00+05:30,8.4,8.7,8.3,8.65,237850,8412150,18.641792,22313.25,22800.0,23000,ATM+10,CALL,22500,2024-05-07
2024-05-07 15:28:00+05:30,8.65,8.75,8.3,8.35,223150,8417425,18.977127,22297.75,22800.0,23000,ATM+10,CALL,22500,2024-05-07
2024-05-07 15:29:00+05:30,8.3,8.4,8.05,8.35,265275,8417425,18.773028,22304.5,22800.0,23000,ATM+10,CALL,22500,2024-05-07
2024-05-07 09:15:00+05:30,480.0,480.0,463.75,469.45,275,236925,16.917983,22474.7,22950.0,23000,ATM+10,PUT,22500,2024-05-07
2024-05-07 09:16:00+05:30,465.0,477.05,465.0,470.0,400,236925,15.589679,22471.3,22950.0,23000,ATM+10,PUT,22500,2024-05-07
2024-05-07 09:17:00+05:30,470.0,470.0,469.5,469.8,200,236925,14.797535,22470.15,22950.0,23000,ATM+10,PUT,22500,2024-05-07
2024-05-07 09:18:00+05:30,469.8,475.0,469.8,475.0,25,236925,18.277368,22472.25,22950.0,23000,ATM+10,PUT,22500,2024-05-07
2024-05-07 09:19:00+05:30,475.0,486.8,475.0,486.8,250,237050,19.740192,22463.75,22950.0,23000,ATM+10,PUT,22500,2024-05-07
2024-05-07 09:20:00+05:30,483.6,494.9,483.6,494.9,150,237050,16.536287,22446.9,22950.0,23000,ATM+10,PUT,22500,2024-05-07
2024-05-07 09:21:00+05:30,494.85,494.85,490.1,490.1,50,237200,15.159084,22449.6,22950.0,23000,ATM+10,PUT,22500,2024-05-07
2024-05-07 09:22:00+05:30,490.1,490.1,487.0,487.0,75,237200,22.659613,22474.4,22950.0,23000,ATM+10,PUT,22500,2024-05-07
2024-05-07 09:23:00+05:30,524.85,526.9,514.5,515.85,1625,405175,19.882464,22482.5,23000.0,23000,ATM+10,PUT,22500,2024-05-07
2024-05-07 09:24:00+05:30,515.85,522.2,515.85,522.2,1900,405525,20.592617,22477.65,23000.0,23000,ATM+10,PUT,22500,2024-05-07
2024-05-07 09:25:00+05:30,521.45,522.0,515.0,517.25,20600,405525,19.821422,22480.8,23000.0,23000,ATM+10,PUT,22500,2024-05-07
2024-05-07 09:26:00+05:30,517.25,526.0,517.25,526.0,1150,405525,21.650627,22476.8,23000.0,23000,ATM+10,PUT,22500,2024-05-07
2024-05-07 09:27:00+05:30,526.0,526.25,514.55,514.55,825,413875,20.812474,22486.7,23000.0,23000,ATM+10,PUT,22500,2024-05-07
2024-05-07 09:28:00+05:30,514.55,518.85,510.0,510.05,6875,413875,20.090322,22489.4,23000.0,23000,ATM+10,PUT,22500,2024-05-07
2024-05-07 09:29:00+05:30,510.05,512.35,506.9,510.0,1100,413875,20.483012,22490.65,23000.0,23000,ATM+10,PUT,22500,2024-05-07
2024-05-07 09:30:00+05:30,509.0,516.0,506.0,515.5,2625,417975,19.84707,22482.75,23000.0,23000,ATM+10,PUT,22500,2024-05-07
2024-05-07 09:31:00+05:30,515.5,522.15,515.5,517.05,2525,417975,19.266766,22479.5,23000.0,23000,ATM+10,PUT,22500,2024-05-07
2024-05-07 09:32:00+05:30,470.0,490.1,470.0,485.0,375,237225,16.161441,22456.6,22950.0,23000,ATM+10,PUT,22500,2024-05-07
2024-05-07 09:33:00+05:30,485.0,490.0,475.0,475.75,300,237225,17.85867,22470.25,22950.0,23000,ATM+10,PUT,22500,2024-05-07
2024-05-07 09:34:00+05:30,475.75,479.45,475.75,479.45,25,237400,17.091697,22464.4,22950.0,23000,ATM+10,PUT,22500,2024-05-07
2024-05-07 09:35:00+05:30,478.85,484.0,478.85,484.0,125,237400,15.915709,22457.2,22950.0,23000,ATM+10,PUT,22500,2024-05-07
2024-05-07 09:36:00+05:30,484.0,485.05,484.0,485.05,25,237400,17.470909,22459.3,22950.0,23000,ATM+10,PUT,22500,2024-05-07
2024-05-07 09:37:00+05:30,485.05,485.05,485.05,485.05,0,237400,17.470909,22468.7,22950.0,23000,ATM+10,PUT,22500,2024-05-07
2024-05-07 09:38:00+05:30,485.05,485.05,485.05,485.05,0,237400,17.470909,22463.05,22950.0,23000,ATM+10,PUT,22500,2024-05-07
2024-05-07 09:39:00+05:30,485.05,485.05,478.5,482.0,75,237500,15.038936,22457.85,22950.0,23000,ATM+10,PUT,22500,2024-05-07
2024-05-07 09:40:00+05:30,482.0,492.35,482.0,492.35,175,237450,17.330841,22451.2,22950.0,23000,ATM+10,PUT,22500,2024-05-07
2024-05-07 09:41:00+05:30,492.35,492.35,481.0,481.0,175,237450,18.524626,22466.35,22950.0,23000,ATM+10,PUT,22500,2024-05-07
2024-05-07 09:42:00+05:30,481.0,481.0,481.0,481.0,0,237450,18.524626,22461.3,22950.0,23000,ATM+10,PUT,22500,2024-05-07
2024-05-07 09:43:00+05:30,481.0,481.0,480.0,480.0,25,237550,18.053784,22466.15,22950.0,23000,ATM+10,PUT,22500,2024-05-07
2024-05-07 09:44:00+05:30,480.0,480.0,480.0,480.0,0,237550,18.053784,22468.05,22950.0,23000,ATM+10,PUT,22500,2024-05-07
2024-05-07 09:45:00+05:30,480.0,480.0,480.0,480.0,0,237550,18.053784,22464.15,22950.0,23000,ATM+10,PUT,22500,2024-05-07
2024-05-07 09:46:00+05:30,480.0,480.0,480.0,480.0,0,237550,18.053784,22472.15,22950.0,23000,ATM+10,PUT,22500,2024-05-07
2024-05-07 09:47:00+05:30,522.3,522.3,515.0,517.3,2250,408975,20.156599,22481.6,23000.0,23000,ATM+10,PUT,22500,2024-05-07
2024-05-07 09:48:00+05:30,468.15,469.65,468.0,469.65,125,237525,15.299563,22471.15,22950.0,23000,ATM+10,PUT,22500,2024-05-07
2024-05-07 09:49:00+05:30,469.65,515.0,469.65,515.0,525,237550,21.060832,22436.75,22950.0,23000,ATM+10,PUT,22500,2024-05-07
2024-05-07 09:50:00+05:30,506.6,506.6,498.9,502.7,675,237550,18.777471,22443.55,22950.0,23000,ATM+10,PUT,22500,2024-05-07
2024-05-07 09:51:00+05:30,502.7,502.7,501.7,502.7,300,237550,16.838043,22439.25,22950.0,23000,ATM+10,PUT,22500,2024-05-07
2024-05-07 09:52:00+05:30,502.7,509.6,502.7,509.6,200,237450,14.629242,22428.85,22950.0,23000,ATM+10,PUT,22500,2024-05-07
2024-05-07 09:53:00+05:30,509.6,516.05,506.4,506.4,175,237450,15.262382,22432.9,22950.0,23000,ATM+10,PUT,22500,2024-05-07
2024-05-07 09:54:00+05:30,506.4,519.0,506.4,519.0,175,237525,18.443858,22425.3,22950.0,23000,ATM+10,PUT,22500,2024-05-07
2024-05-07 09:55:00+05:30,519.0,519.0,510.6,514.85,375,237525,16.719689,22426.3,22950.0,23000,ATM+10,PUT,22500,2024-05-07
2024-05-07 09:56:00+05:30,466.75,479.1,465.1,472.35,2425,406250,12.594773,22415.05,22900.0,23000,ATM+10,PUT,22500,2024-05-07
2024-05-07 09:57:00+05:30,521.15,525.9,509.25,509.25,350,237550,14.966964,22429.6,22950.0,23000,ATM+10,PUT,22500,2024-05-07
2024-05-07 09:58:00+05:30,509.25,514.55,509.25,513.55,550,237550,16.972599,22428.1,22950.0,23000,ATM+10,PUT,22500,2024-05-07
2024-05-07 09:59:00+05:30,465.0,478.0,465.0,478.0,825,405075,15.230766,22412.3,22900.0,23000,ATM+10,PUT,22500,2024-05-07
2024-05-07 10:00:00+05:30,478.0,497.45,476.7,497.45,5475,404300,14.84029,22391.6,22900.0,23000,ATM+10,PUT,22500,2024-05-07
2024-05-07 10:01:00+05:30,500.0,508.2,497.7,497.7,3650,404300,17.380706,22395.55,22900.0,23000,ATM+10,PUT,22500,2024-05-07
2024-05-07 10:02:00+05:30,497.7,503.7,492.85,499.05,3200,404300,17.49096,22394.35,22900.0,23000,ATM+10,PUT,22500,2024-05-07
2024-05-07 10:03:00+05:30,500.0,510.0,493.05,510.0,4600,402350,19.293974,22386.9,22900.0,23000,ATM+10,PUT,22500,2024-05-07
2024-05-07 10:04:00+05:30,510.0,523.0,510.0,522.3,8300,402350,22.002376,22381.55,22900.0,23000,ATM+10,PUT,22500,2024-05-07
2024-05-07 10:05:00+05:30,522.3,522.3,511.25,511.85,1450,402350,19.216483,22384.7,22900.0,23000,ATM+10,PUT,22500,2024-05-07
2024-05-07 10:06:00+05:30,511.85,512.75,506.55,506.55,825,402350,20.75069,22394.85,22900.0,23000,ATM+10,PUT,22500,2024-05-07
2024-05-07 10:07:00+05:30,506.55,506.55,500.0,503.45,775,401250,20.382024,22397.1,22900.0,23000,ATM+10,PUT,22500,2024-05-07
2024-05-07 10:08:00+05:30,503.45,505.8,500.0,505.8,1150,401250,20.42534,22394.65,22900.0,23000,ATM+10,PUT,22500,2024-05-07
2024-05-07 10:09:00+05:30,505.8,505.8,494.95,494.95,200,401350,19.95433,22405.1,22900.0,23000,ATM+10,PUT,22500,2024-05-07
2024-05-07 10:10:00+05:30,494.95,495.95,491.0,495.0,700,401350,20.756714,22407.6,22900.0,23000,ATM+10,PUT,22500,2024-05-07
2024-05-07 10:11:00+05:30,495.0,510.8,493.0,509.3,700,401350,20.783896,22391.9,22900.0,23000,ATM+10,PUT,22500,2024-05-07
2024-05-07 10:12:00+05:30,507.85,510.25,499.8,499.8,525,401350,18.902816,22396.85,22900.0,23000,ATM+10,PUT,22500,2024-05-07
2024-05-07 10:13:00+05:30,499.8,499.8,494.0,497.5,475,401050,18.580521,22398.5,22900.0,23000,ATM+10,PUT,22500,2024-05-07
2024-05-07 10:14:00+05:30,497.5,497.5,494.0,494.0,25,401050,16.96406,22398.6,22900.0,23000,ATM+10,PUT,22500,2024-05-07
2024-05-07 10:15:00+05:30,496.0,505.35,496.0,503.15,400,401050,19.494475,22394.8,22900.0,23000,ATM+10,PUT,22500,2024-05-07
2024-05-07 10:16:00+05:30,503.15,503.15,501.45,501.45,100,401100,17.663307,22392.15,22900.0,23000,ATM+10,PUT,22500,2024-05-07
2024-05-07 10:17:00+05:30,501.45,515.1,501.45,515.05,850,401100,18.709349,22380.0,22900.0,23000,ATM+10,PUT,22500,2024-05-07
2024-05-07 10:18:00+05:30,515.05,515.05,504.0,504.0,1025,401100,16.201021,22386.75,22900.0,23000,ATM+10,PUT,22500,2024-05-07
2024-05-07 10:19:00+05:30,504.0,510.65,504.0,510.65,1075,401325,18.876909,22385.1,22900.0,23000,ATM+10,PUT,22500,2024-05-07
2024-05-07 10:20:00+05:30,510.65,520.0,510.65,517.2,2350,401325,20.185692,22381.45,22900.0,23000,ATM+10,PUT,22500,2024-05-07
2024-05-07 10:21:00+05:30,466.25,485.5,466.25,482.05,875,380150,20.497162,22370.9,22850.0,23000,ATM+10,PUT,22500,2024-05-07
2024-05-07 10:22:00+05:30,482.05,482.05,475.0,477.0,225,380150,19.490683,22373.2,22850.0,23000,ATM+10,PUT,22500,2024-05-07
2024-05-07 10:23:00+05:30,477.0,481.95,477.0,481.95,75,380150,19.889186,22369.0,22850.0,23000,ATM+10,PUT,22500,2024-05-07
2024-05-07 10:24:00+05:30,481.95,481.95,474.15,477.0,275,379950,17.707262,22368.25,22850.0,23000,ATM+10,PUT,22500,2024-05-07
2024-05-07 10:25:00+05:30,477.0,483.45,477.0,480.9,1100,379950,15.343338,22359.45,22850.0,23000,ATM+10,PUT,22500,2024-05-07
2024-05-07 10:26:00+05:30,484.8,492.15,481.6,484.3,925,379950,17.67243,22360.35,22850.0,23000,ATM+10,PUT,22500,2024-05-07
2024-05-07 10:27:00+05:30,484.3,490.1,483.4,483.4,625,379950,15.934174,22357.8,22850.0,23000,ATM+10,PUT,22500,2024-05-07
2024-05-07 10:28:00+05:30,483.4,498.0,483.4,498.0,1850,377850,19.495841,22350.25,22850.0,23000,ATM+10,PUT,22500,2024-05-07
2024-05-07 10:29:00+05:30,496.55,496.55,487.8,487.8,775,377850,19.545936,22361.5,22850.0,23000,ATM+10,PUT,22500,2024-05-07
2024-05-07 10:30:00+05:30,487.8,487.8,472.6,477.9,1400,375825,19.33634,22371.7,22850.0,23000,ATM+10,PUT,22500,2024-05-07
2024-05-07 10:31:00+05:30,477.9,487.3,477.9,480.05,1275,375825,18.891736,22368.05,22850.0,23000,ATM+10,PUT,22500,2024-05-07
2024-05-07 10:32:00+05:30,480.05,488.0,480.05,488.0,725,375825,19.741502,22361.85,22850.0,23000,ATM+10,PUT,22500,2024-05-07
2024-05-07 10:33:00+05:30,488.0,488.0,486.5,486.55,750,375825,17.546747,22357.65,22850.0,23000,ATM+10,PUT,22500,2024-05-07
2024-05-07 10:34:00+05:30,486.55,517.4,486.55,508.9,4325,375325,19.786276,22339.2,22850.0,23000,ATM+10,PUT,22500,2024-05-07
2024-05-07 10:35:00+05:30,508.9,515.7,506.55,508.75,575,375325,20.383405,22341.05,22850.0,23000,ATM+10,PUT,22500,2024-05-07
2024-05-07 10:36:00+05:30,508.75,521.75,508.75,515.1,10575,375325,20.601551,22334.75,22850.0,23000,ATM+10,PUT,22500,2024-05-07
2024-05-07 10:37:00+05:30,470.0,484.8,466.0,480.05,9450,793675,20.946798,22324.45,22800.0,23000,ATM+10,PUT,22500,2024-05-07
2024-05-07 10:38:00+05:30,483.75,491.2,482.85,484.3,18025,793675,22.166479,22324.2,22800.0,23000,ATM+10,PUT,22500,2024-05-07
2024-05-07 10:39:00+05:30,529.7,529.7,521.0,521.0,675,373175,21.113406,22329.8,22850.0,23000,ATM+10,PUT,22500,2024-05-07
2024-05-07 10:40:00+05:30,521.0,524.5,521.0,524.5,25,372150,21.978583,22328.65,22850.0,23000,ATM+10,PUT,22500,2024-05-07
2024-05-07 10:41:00+05:30,477.65,485.9,477.65,484.65,15425,775600,21.193307,22320.15,22800.0,23000,ATM+10,PUT,22500,2024-05-07
2024-05-07 10:42:00+05:30,530.75,530.75,514.45,514.45,75,372150,20.115637,22334.05,22850.0,23000,ATM+10,PUT,22500,2024-05-07
2024-05-07 10:43:00+05:30,514.45,525.6,514.45,520.15,50,372150,20.720406,22329.55,22850.0,23000,ATM+10,PUT,22500,2024-05-07
2024-05-07 10:44:00+05:30,520.15,520.15,520.0,520.0,150,372150,21.481578,22332.0,22850.0,23000,ATM+10,PUT,22500,2024-05-07
2024-05-07 10:45:00+05:30,520.0,520.0,515.0,515.0,25,372150,21.322844,22337.0,22850.0,23000,ATM+10,PUT,22500,2024-05-07
2024-05-07 10:46:00+05:30,515.0,518.8,515.0,518.8,300,372150,21.237766,22332.55,22850.0,23000,ATM+10,PUT,22500,2024-05-07
2024-05-07 10:47:00+05:30,473.25,481.3,473.25,477.85,2100,771075,20.083943,22323.9,22800.0,23000,ATM+10,PUT,22500,2024-05-07
2024-05-07 10:48:00+05:30,529.1,529.1,516.95,516.95,600,372150,19.085013,22328.7,22850.0,23000,ATM+10,PUT,22500,2024-05-07
2024-05-07 10:49:00+05:30,469.65,481.0,469.65,481.0,1350,769650,19.64755,22319.05,22800.0,23000,ATM+10,PUT,22500,2024-05-07
2024-05-07 10:50:00+05:30,481.0,483.45,475.55,475.55,7575,769650,19.442667,22324.4,22800.0,23000,ATM+10,PUT,22500,2024-05-07
2024-05-07 10:51:00+05:30,475.55,496.45,475.55,487.1,11025,769650,19.313665,22311.4,22800.0,23000,ATM+10,PUT,22500,2024-05-07
2024-05-07 10:52:00+05:30,487.1,493.0,484.85,491.55,4150,764425,19.802606,22307.95,22800.0,23000,ATM+10,PUT,22500,2024-05-07
2024-05-07 10:53:00+05:30,491.55,494.3,487.8,492.2,19200,764425,18.920943,22304.8,22800.0,23000,ATM+10,PUT,22500,2024-05-07
2024-05-07 10:54:00+05:30,492.2,499.0,492.2,496.05,22975,780625,18.663656,22300.0,22800.0,23000,ATM+10,PUT,22500,2024-05-07
2024-05-07 10:55:00+05:30,496.15,496.15,478.1,478.1,4175,780625,19.581584,22322.0,22800.0,23000,ATM+10,PUT,22500,2024-05-07
2024-05-07 10:56:00+05:30,479.1,481.35,475.0,475.7,10000,780625,18.550853,22321.65,22800.0,23000,ATM+10,PUT,22500,2024-05-07
2024-05-07 10:57:00+05:30,523.2,523.2,516.35,516.35,175,370975,19.369146,22330.0,22850.0,23000,ATM+10,PUT,22500,2024-05-07
2024-05-07 10:58:00+05:30,520.7,520.7,520.05,520.05,175,369900,23.545136,22339.0,22850.0,23000,ATM+10,PUT,22500,2024-05-07
2024-05-07 10:59:00+05:30,520.05,520.05,507.0,510.75,225,369900,22.047421,22344.0,22850.0,23000,ATM+10,PUT,22500,2024-05-07
2024-05-07 11:00:00+05:30,510.75,512.2,510.75,512.2,25,369900,18.406844,22332.2,22850.0,23000,ATM+10,PUT,22500,2024-05-07
2024-05-07 11:01:00+05:30,512.2,516.95,512.2,516.95,25,369675,20.564354,22332.5,22850.0,23000,ATM+10,PUT,22500,2024-05-07
2024-05-07 11:02:00+05:30,516.95,516.95,512.45,512.45,50,369675,19.863737,22335.45,22850.0,23000,ATM+10,PUT,22500,2024-05-07
2024-05-07 11:03:00+05:30,512.45,513.9,510.0,510.0,50,369675,19.326897,22336.7,22850.0,23000,ATM+10,PUT,22500,2024-05-07
2024-05-07 11:04:00+05:30,510.0,518.6,510.0,518.6,25,369600,18.40809,22325.4,22850.0,23000,ATM+10,PUT,22500,2024-05-07
2024-05-07 11:05:00+05:30,475.15,479.0,474.05,476.5,2675,771850,19.055945,22322.15,22800.0,23000,ATM+10,PUT,22500,2024-05-07
2024-05-07 11:06:00+05:30,527.15,527.15,523.85,523.85,25,369600,21.119509,22326.55,22850.0,23000,ATM+10,PUT,22500,2024-05-07
2024-05-07 11:07:00+05:30,471.1,485.0,470.3,485.0,3200,770900,18.623044,22311.75,22800.0,23000,ATM+10,PUT,22500,2024-05-07
2024-05-07 11:08:00+05:30,484.45,487.55,482.15,482.15,1375,770900,18.380946,22314.2,22800.0,23000,ATM+10,PUT,22500,2024-05-07
2024-05-07 11:09:00+05:30,533.8,533.8,520.35,520.35,275,369600,19.647461,22326.35,22850.0,23000,ATM+10,PUT,22500,2024-05-07
2024-05-07 11:10:00+05:30,470.05,478.5,466.55,478.5,575,766700,19.895621,22322.45,22800.0,23000,ATM+10,PUT,22500,2024-05-07
2024-05-07 11:11:00+05:30,478.5,478.5,475.95,475.95,50,766700,19.339783,22323.55,22800.0,23000,ATM+10,PUT,22500,2024-05-07
2024-05-07 11:12:00+05:30,475.0,478.25,475.0,476.85,3300,766700,18.737127,22320.85,22800.0,23000,ATM+10,PUT,22500,2024-05-07
2024-05-07 11:13:00+05:30,476.85,488.0,476.85,488.0,3250,767950,19.481886,22310.8,22800.0,23000,ATM+10,PUT,22500,2024-05-07
2024-05-07 11:14:00+05:30,488.4,497.0,487.2,497.0,5225,767950,20.514969,22304.0,22800.0,23000,ATM+10,PUT,22500,2024-05-07
2024-05-07 11:15:00+05:30,495.0,505.0,494.1,501.45,7150,767950,20.17091,22298.1,22800.0,23000,ATM+10,PUT,22500,2024-05-07
2024-05-07 11:16:00+05:30,503.0,512.4,502.45,508.65,4875,769175,21.104937,22293.0,22800.0,23000,ATM+10,PUT,22500,2024-05-07
2024-05-07 11:17:00+05:30,505.0,520.0,504.0,520.0,6425,769175,21.324481,22281.2,22800.0,23000,ATM+10,PUT,22500,2024-05-07
2024-05-07 11:18:00+05:30,520.0,520.0,507.15,514.95,20750,769175,19.218187,22281.0,22800.0,23000,ATM+10,PUT,22500,2024-05-07
2024-05-07 11:19:00+05:30,514.95,516.15,509.05,509.05,1775,762475,19.836522,22288.9,22800.0,23000,ATM+10,PUT,22500,2024-05-07
2024-05-07 11:20:00+05:30,509.05,513.75,507.4,510.0,1250,762475,19.32004,22286.55,22800.0,23000,ATM+10,PUT,22500,2024-05-07
2024-05-07 11:21:00+05:30,510.0,516.25,510.0,512.35,700,762475,18.864616,22282.95,22800.0,23000,ATM+10,PUT,22500,2024-05-07
2024-05-07 11:22:00+05:30,512.35,512.35,506.15,510.7,2000,760275,18.245095,22283.35,22800.0,23000,ATM+10,PUT,22500,2024-05-07
2024-05-07 11:23:00+05:30,461.75,475.3,461.75,472.85,550,691775,18.085152,22273.35,22750.0,23000,ATM+10,PUT,22500,2024-05-07
2024-05-07 11:24:00+05:30,472.85,481.0,472.85,476.45,1375,691775,17.909803,22269.05,22750.0,23000,ATM+10,PUT,22500,2024-05-07
2024-05-07 11:25:00+05:30,476.45,481.4,474.15,476.3,1275,691275,16.688257,22266.55,22750.0,23000,ATM+10,PUT,22500,2024-05-07
2024-05-07 11:26:00+05:30,480.0,490.15,478.1,489.3,650,691275,19.522437,22259.35,22750.0,23000,ATM+10,PUT,22500,2024-05-07
2024-05-07 11:27:00+05:30,489.3,491.85,477.0,480.8,2075,691275,18.627479,22266.15,22750.0,23000,ATM+10,PUT,22500,2024-05-07
2024-05-07 11:28:00+05:30,480.8,495.25,480.8,494.1,3300,691075,20.351275,22256.5,22750.0,23000,ATM+10,PUT,22500,2024-05-07
2024-05-07 11:29:00+05:30,494.1,494.1,481.3,482.35,2350,691075,19.414727,22266.6,22750.0,23000,ATM+10,PUT,22500,2024-05-07
2024-05-07 11:30:00+05:30,482.15,483.2,475.35,483.2,2375,691075,21.514547,22272.4,22750.0,23000,ATM+10,PUT,22500,2024-05-07
2024-05-07 11:31:00+05:30,528.3,528.3,520.0,520.0,1800,750375,20.306982,22278.25,22800.0,23000,ATM+10,PUT,22500,2024-05-07
2024-05-07 11:32:00+05:30,471.0,481.2,471.0,476.3,125,694050,19.914399,22274.7,22750.0,23000,ATM+10,PUT,22500,2024-05-07
2024-05-07 11:33:00+05:30,476.3,481.1,473.2,481.1,75,694050,19.346337,22267.75,22750.0,23000,ATM+10,PUT,22500,2024-05-07
2024-05-07 11:34:00+05:30,481.1,489.15,480.05,489.15,700,693950,21.025219,22264.05,22750.0,23000,ATM+10,PUT,22500,2024-05-07
2024-05-07 11:35:00+05:30,490.0,490.0,485.1,485.1,125,693950,19.840012,22264.8,22750.0,23000,ATM+10,PUT,22500,2024-05-07
2024-05-07 11:36:00+05:30,485.1,501.65,484.3,497.0,1625,693950,21.765678,22257.8,22750.0,23000,ATM+10,PUT,22500,2024-05-07
2024-05-07 11:37:00+05:30,497.0,522.3,496.35,517.6,4025,694025,23.299968,22240.15,22750.0,23000,ATM+10,PUT,22500,2024-05-07
2024-05-07 11:38:00+05:30,517.6,520.3,513.8,517.0,2675,694025,22.305198,22237.35,22750.0,23000,ATM+10,PUT,22500,2024-05-07
2024-05-07 11:39:00+05:30,517.0,522.05,517.0,517.0,2550,694025,23.243225,22240.6,22750.0,23000,ATM+10,PUT,22500,2024-05-07
2024-05-07 11:40:00+05:30,517.0,517.0,498.9,503.9,1075,693525,21.47914,22249.15,22750.0,23000,ATM+10,PUT,22500,2024-05-07
2024-05-07 11:41:00+05:30,506.75,506.75,492.15,492.15,500,693525,21.541136,22262.4,22750.0,23000,ATM+10,PUT,22500,2024-05-07
2024-05-07 11:42:00+05:30,492.15,498.0,492.15,495.15,600,693525,22.687565,22263.15,22750.0,23000,ATM+10,PUT,22500,2024-05-07
2024-05-07 11:43:00+05:30,495.15,497.9,488.65,497.85,1025,692650,22.224229,22258.4,22750.0,23000,ATM+10,PUT,22500,2024-05-07
2024-05-07 11:44:00+05:30,497.85,498.05,480.15,483.45,1675,692650,21.749094,22272.85,22750.0,23000,ATM+10,PUT,22500,2024-05-07
2024-05-07 11:45:00+05:30,530.75,538.95,527.0,528.0,1300,741425,22.930418,22277.3,22800.0,23000,ATM+10,PUT,22500,2024-05-07
2024-05-07 11:46:00+05:30,528.0,528.0,516.9,516.9,500,740800,21.942869,22286.35,22800.0,23000,ATM+10,PUT,22500,2024-05-07
2024-05-07 11:47:00+05:30,520.0,520.0,503.8,514.0,7125,740800,21.771769,22289.0,22800.0,23000,ATM+10,PUT,22500,2024-05-07
2024-05-07 11:48:00+05:30,515.85,520.8,513.95,514.1,5475,740800,21.603395,22288.35,22800.0,23000,ATM+10,PUT,22500,2024-05-07
2024-05-07 11:49:00+05:30,514.1,519.0,510.0,519.0,625,738475,21.908493,22283.9,22800.0,23000,ATM+10,PUT,22500,2024-05-07
2024-05-07 11:50:00+05:30,519.0,526.1,518.4,525.45,7550,738475,22.708305,22279.35,22800.0,23000,ATM+10,PUT,22500,2024-05-07
2024-05-07 11:51:00+05:30,474.6,486.0,474.6,484.35,325,689825,21.051004,22269.35,22750.0,23000,ATM+10,PUT,22500,2024-05-07
2024-05-07 11:52:00+05:30,535.0,535.0,516.3,517.7,2125,734200,20.038666,22279.95,22800.0,23000,ATM+10,PUT,22500,2024-05-07
2024-05-07 11:53:00+05:30,517.7,518.0,507.05,507.05,2550,734200,18.26099,22287.2,22800.0,23000,ATM+10,PUT,22500,2024-05-07
2024-05-07 11:54:00+05:30,507.05,511.6,504.0,506.4,1225,734200,20.926239,22294.7,22800.0,23000,ATM+10,PUT,22500,2024-05-07
2024-05-07 11:55:00+05:30,506.4,508.55,505.0,508.55,525,732800,21.81053,22295.1,22800.0,23000,ATM+10,PUT,22500,2024-05-07
2024-05-07 11:56:00+05:30,508.55,522.05,508.55,521.45,1675,732800,22.392756,22282.7,22800.0,23000,ATM+10,PUT,22500,2024-05-07
2024-05-07 11:57:00+05:30,523.35,524.95,519.85,523.25,2425,732800,22.347131,22280.55,22800.0,23000,ATM+10,PUT,22500,2024-05-07
2024-05-07 11:58:00+05:30,523.25,525.35,518.3,518.3,1100,734525,19.346917,22277.6,22800.0,23000,ATM+10,PUT,22500,2024-05-07
2024-05-07 11:59:00+05:30,472.0,481.1,472.0,481.1,250,689700,20.869554,22272.3,22750.0,23000,ATM+10,PUT,22500,2024-05-07
2024-05-07 12:00:00+05:30,481.1,490.0,479.55,490.0,575,689700,21.598176,22264.85,22750.0,23000,ATM+10,PUT,22500,2024-05-07
2024-05-07 12:01:00+05:30,490.0,490.0,483.35,483.35,400,689550,20.277702,22267.9,22750.0,23000,ATM+10,PUT,22500,2024-05-07
2024-05-07 12:02:00+05:30,483.35,485.4,480.65,485.4,150,689550,19.861857,22264.4,22750.0,23000,ATM+10,PUT,22500,2024-05-07
2024-05-07 12:03:00+05:30,485.4,495.0,485.4,495.0,550,689550,21.817302,22260.0,22750.0,23000,ATM+10,PUT,22500,2024-05-07
2024-05-07 12:04:00+05:30,495.0,495.0,480.0,480.0,150,689025,20.475835,22272.2,22750.0,23000,ATM+10,PUT,22500,2024-05-07
2024-05-07 12:05:00+05:30,523.7,527.35,523.0,523.0,300,734850,20.607383,22275.65,22800.0,23000,ATM+10,PUT,22500,2024-05-07
2024-05-07 12:06:00+05:30,523.0,525.65,521.55,521.8,575,734850,20.921272,22277.8,22800.0,23000,ATM+10,PUT,22500,2024-05-07
2024-05-07 12:07:00+05:30,476.45,484.1,476.45,484.1,225,687450,21.500628,22271.05,22750.0,23000,ATM+10,PUT,22500,2024-05-07
2024-05-07 12:08:00+05:30,484.1,492.85,482.0,492.0,125,687450,22.722921,22266.6,22750.0,23000,ATM+10,PUT,22500,2024-05-07
2024-05-07 12:09:00+05:30,494.35,496.6,490.3,496.6,900,687450,23.455778,22264.2,22750.0,23000,ATM+10,PUT,22500,2024-05-07
2024-05-07 12:10:00+05:30,496.6,497.95,496.6,497.85,175,687575,23.168908,22261.65,22750.0,23000,ATM+10,PUT,22500,2024-05-07
2024-05-07 12:11:00+05:30,497.85,497.85,489.6,489.6,475,687575,22.673087,22269.1,22750.0,23000,ATM+10,PUT,22500,2024-05-07
2024-05-07 12:12:00+05:30,538.9,538.9,531.95,531.95,1025,731975,24.318749,22277.55,22800.0,23000,ATM+10,PUT,22500,2024-05-07
2024-05-07 12:13:00+05:30,531.95,531.95,519.25,520.5,4600,730175,23.096016,22286.0,22800.0,23000,ATM+10,PUT,22500,2024-05-07
2024-05-07 12:14:00+05:30,520.5,527.0,519.9,527.0,4275,730175,23.362202,22279.65,22800.0,23000,ATM+10,PUT,22500,2024-05-07
2024-05-07 12:15:00+05:30,527.0,527.0,517.15,517.9,375,730175,21.897,22284.9,22800.0,23000,ATM+10,PUT,22500,2024-05-07
2024-05-07 12:16:00+05:30,517.9,520.0,513.4,513.4,4150,730450,22.975419,22293.5,22800.0,23000,ATM+10,PUT,22500,2024-05-07
2024-05-07 12:17:00+05:30,513.4,516.05,512.0,513.2,350,730450,22.72899,22292.85,22800.0,23000,ATM+10,PUT,22500,2024-05-07
2024-05-07 12:18:00+05:30,513.2,516.05,509.1,509.1,3975,730450,22.122778,22295.35,22800.0,23000,ATM+10,PUT,22500,2024-05-07
2024-05-07 12:19:00+05:30,509.1,513.35,509.1,513.35,2175,730300,22.549885,22292.05,22800.0,23000,ATM+10,PUT,22500,2024-05-07
2024-05-07 12:20:00+05:30,513.35,513.35,509.1,510.0,150,730300,22.883297,22296.95,22800.0,23000,ATM+10,PUT,22500,2024-05-07
2024-05-07 12:21:00+05:30,510.0,521.4,510.0,521.4,1425,730300,23.303607,22285.65,22800.0,23000,ATM+10,PUT,22500,2024-05-07
2024-05-07 12:22:00+05:30,521.0,522.65,516.6,522.65,550,728925,23.834604,22286.15,22800.0,23000,ATM+10,PUT,22500,2024-05-07
2024-05-07 12:23:00+05:30,522.65,523.4,520.6,521.7,1800,728925,24.98026,22291.65,22800.0,23000,ATM+10,PUT,22500,2024-05-07
2024-05-07 12:24:00+05:30,521.7,521.7,506.9,507.4,1825,728925,22.734039,22299.3,22800.0,23000,ATM+10,PUT,22500,2024-05-07
2024-05-07 12:25:00+05:30,508.6,508.6,504.25,507.7,1075,727800,24.188291,22304.45,22800.0,23000,ATM+10,PUT,22500,2024-05-07
2024-05-07 12:26:00+05:30,507.7,513.1,507.1,513.1,500,727800,24.117844,22298.0,22800.0,23000,ATM+10,PUT,22500,2024-05-07
2024-05-07 12:27:00+05:30,513.0,515.9,511.5,515.8,1150,727800,24.331073,22295.75,22800.0,23000,ATM+10,PUT,22500,2024-05-07
2024-05-07 12:28:00+05:30,515.8,516.75,510.0,512.45,175,727300,23.429366,22296.1,22800.0,23000,ATM+10,PUT,22500,2024-05-07
2024-05-07 12:29:00+05:30,512.45,514.95,512.45,513.3,1675,727300,23.420733,22295.1,22800.0,23000,ATM+10,PUT,22500,2024-05-07
2024-05-07 12:30:00+05:30,513.3,524.65,508.4,523.15,3525,727300,23.485647,22284.25,22800.0,23000,ATM+10,PUT,22500,2024-05-07
2024-05-07 12:31:00+05:30,524.45,524.45,516.1,521.25,6175,728075,23.769569,22287.4,22800.0,23000,ATM+10,PUT,22500,2024-05-07
2024-05-07 12:32:00+05:30,521.25,521.25,515.65,517.0,325,728075,22.266199,22286.95,22800.0,23000,ATM+10,PUT,22500,2024-05-07
2024-05-07 12:33:00+05:30,517.0,521.8,514.1,521.8,2350,728075,23.503423,22285.8,22800.0,23000,ATM+10,PUT,22500,2024-05-07
2024-05-07 12:34:00+05:30,521.8,525.65,521.8,525.65,18375,729500,23.510794,22281.5,22800.0,23000,ATM+10,PUT,22500,2024-05-07
2024-05-07 12:35:00+05:30,525.65,531.3,521.85,527.85,20975,729500,22.865441,22276.85,22800.0,23000,ATM+10,PUT,22500,2024-05-07
2024-05-07 12:36:00+05:30,482.7,490.35,481.1,488.85,150,683775,21.742363,22266.35,22750.0,23000,ATM+10,PUT,22500,2024-05-07
2024-05-07 12:37:00+05:30,488.85,488.85,487.25,487.25,300,683650,20.290389,22263.45,22750.0,23000,ATM+10,PUT,22500,2024-05-07
2024-05-07 12:38:00+05:30,487.25,496.3,487.25,493.8,100,683650,21.252144,22259.2,22750.0,23000,ATM+10,PUT,22500,2024-05-07
2024-05-07 12:39:00+05:30,493.8,493.8,489.6,489.6,100,683650,20.148238,22260.45,22750.0,23000,ATM+10,PUT,22500,2024-05-07
2024-05-07 12:40:00+05:30,489.6,489.6,489.6,489.6,0,683650,20.148238,22259.5,22750.0,23000,ATM+10,PUT,22500,2024-05-07
2024-05-07 12:41:00+05:30,489.6,498.65,489.6,498.65,25,683525,22.837033,22259.2,22750.0,23000,ATM+10,PUT,22500,2024-05-07
2024-05-07 12:42:00+05:30,498.65,498.65,488.9,488.9,50,683525,21.757896,22266.3,22750.0,23000,ATM+10,PUT,22500,2024-05-07
2024-05-07 12:43:00+05:30,488.9,503.7,488.9,503.7,575,683550,24.329181,22259.2,22750.0,23000,ATM+10,PUT,22500,2024-05-07
2024-05-07 12:44:00+05:30,503.5,507.1,503.35,503.35,450,683550,22.587581,22253.0,22750.0,23000,ATM+10,PUT,22500,2024-05-07
2024-05-07 12:45:00+05:30,503.35,508.75,502.35,502.35,2625,683550,23.886464,22258.95,22750.0,23000,ATM+10,PUT,22500,2024-05-07
2024-05-07 12:46:00+05:30,502.35,502.55,497.7,502.55,1675,682900,24.135491,22259.7,22750.0,23000,ATM+10,PUT,22500,2024-05-07
2024-05-07 12:47:00+05:30,502.55,502.55,502.15,502.15,650,682900,23.910348,22259.25,22750.0,23000,ATM+10,PUT,22500,2024-05-07
2024-05-07 12:48:00+05:30,502.15,505.95,502.15,503.65,1850,682900,24.77812,22261.05,22750.0,23000,ATM+10,PUT,22500,2024-05-07
2024-05-07 12:49:00+05:30,504.0,504.0,491.55,492.3,2575,682775,23.946644,22270.65,22750.0,23000,ATM+10,PUT,22500,2024-05-07
2024-05-07 12:50:00+05:30,492.3,496.45,488.0,492.7,825,682775,23.377934,22267.9,22750.0,23000,ATM+10,PUT,22500,2024-05-07
2024-05-07 12:51:00+05:30,492.7,500.55,492.7,500.55,1000,682775,23.851794,22260.8,22750.0,23000,ATM+10,PUT,22500,2024-05-07
2024-05-07 12:52:00+05:30,500.55,507.85,500.55,507.85,200,682350,23.986799,22253.0,22750.0,23000,ATM+10,PUT,22500,2024-05-07
2024-05-07 12:53:00+05:30,507.85,515.85,507.85,515.85,875,682350,26.104115,22252.55,22750.0,23000,ATM+10,PUT,22500,2024-05-07
2024-05-07 12:54:00+05:30,515.85,526.8,515.85,526.8,875,682350,26.798937,22242.85,22750.0,23000,ATM+10,PUT,22500,2024-05-07
2024-05-07 12:55:00+05:30,526.8,526.8,520.0,522.85,3925,682425,25.401917,22241.45,22750.0,23000,ATM+10,PUT,22500,2024-05-07
2024-05-07 12:56:00+05:30,522.4,522.4,510.6,512.8,13750,682425,26.280417,22256.85,22750.0,23000,ATM+10,PUT,22500,2024-05-07
2024-05-07 12:57:00+05:30,512.8,512.8,504.75,504.75,250,682425,25.199599,22261.45,22750.0,23000,ATM+10,PUT,22500,2024-05-07
2024-05-07 12:58:00+05:30,504.55,504.55,503.7,503.7,125,677250,24.774524,22260.85,22750.0,23000,ATM+10,PUT,22500,2024-05-07
2024-05-07 12:59:00+05:30,504.0,504.0,504.0,504.0,25,677250,24.752541,22260.4,22750.0,23000,ATM+10,PUT,22500,2024-05-07
2024-05-07 13:00:00+05:30,504.0,504.0,501.7,501.7,225,677250,23.867388,22259.45,22750.0,23000,ATM+10,PUT,22500,2024-05-07
2024-05-07 13:01:00+05:30,501.7,503.4,498.85,500.9,950,677125,22.994344,22257.05,22750.0,23000,ATM+10,PUT,22500,2024-05-07
2024-05-07 13:02:00+05:30,500.9,506.4,500.0,505.05,275,677125,23.798657,22255.35,22750.0,23000,ATM+10,PUT,22500,2024-05-07
2024-05-07 13:03:00+05:30,505.05,510.0,505.05,510.0,25,677125,24.262084,22251.5,22750.0,23000,ATM+10,PUT,22500,2024-05-07
2024-05-07 13:04:00+05:30,510.0,510.0,510.0,510.0,0,677125,24.262084,22245.25,22750.0,23000,ATM+10,PUT,22500,2024-05-07
2024-05-07 13:05:00+05:30,510.0,517.35,510.0,515.5,150,676975,25.526923,22250.3,22750.0,23000,ATM+10,PUT,22500,2024-05-07
2024-05-07 13:06:00+05:30,510.8,516.2,510.8,516.2,500,676975,24.594982,22245.7,22750.0,23000,ATM+10,PUT,22500,2024-05-07
2024-05-07 13:07:00+05:30,516.2,521.5,516.2,518.2,350,677125,24.656679,22243.65,22750.0,23000,ATM+10,PUT,22500,2024-05-07
2024-05-07 13:08:00+05:30,518.2,520.0,516.55,520.0,525,677125,24.851943,22242.35,22750.0,23000,ATM+10,PUT,22500,2024-05-07
2024-05-07 13:09:00+05:30,520.0,525.25,519.3,521.35,125,677125,25.329705,22242.7,22750.0,23000,ATM+10,PUT,22500,2024-05-07
2024-05-07 13:10:00+05:30,521.35,521.35,512.45,512.45,25,677125,24.510663,22249.6,22750.0,23000,ATM+10,PUT,22500,2024-05-07
2024-05-07 13:11:00+05:30,512.45,512.45,509.0,509.0,200,676875,24.016557,22251.6,22750.0,23000,ATM+10,PUT,22500,2024-05-07
2024-05-07 13:12:00+05:30,509.0,511.75,509.0,511.75,25,676875,22.485292,22243.05,22750.0,23000,ATM+10,PUT,22500,2024-05-07
2024-05-07 13:13:00+05:30,511.75,519.9,511.75,519.9,200,676650,25.252497,22244.0,22750.0,23000,ATM+10,PUT,22500,2024-05-07
2024-05-07 13:14:00+05:30,519.9,519.9,516.8,516.8,50,676650,23.167741,22239.7,22750.0,23000,ATM+10,PUT,22500,2024-05-07
2024-05-07 13:15:00+05:30,516.8,529.55,516.8,527.95,1000,676650,26.959834,22241.9,22750.0,23000,ATM+10,PUT,22500,2024-05-07
2024-05-07 13:16:00+05:30,527.95,527.95,516.15,520.95,4400,676800,25.398673,22243.35,22750.0,23000,ATM+10,PUT,22500,2024-05-07
2024-05-07 13:17:00+05:30,520.95,520.95,511.45,511.45,10825,676800,24.6598,22251.25,22750.0,23000,ATM+10,PUT,22500,2024-05-07
2024-05-07 13:18:00+05:30,511.45,511.45,511.45,511.45,0,676800,24.6598,22249.4,22750.0,23000,ATM+10,PUT,22500,2024-05-07
2024-05-07 13:19:00+05:30,511.45,511.45,498.35,498.35,525,674925,23.075571,22260.05,22750.0,23000,ATM+10,PUT,22500,2024-05-07
2024-05-07 13:20:00+05:30,498.05,501.25,489.85,489.85,675,674925,22.967015,22269.25,22750.0,23000,ATM+10,PUT,22500,2024-05-07
2024-05-07 13:21:00+05:30,536.5,539.0,523.6,523.6,7150,722100,21.604483,22277.35,22800.0,23000,ATM+10,PUT,22500,2024-05-07
2024-05-07 13:22:00+05:30,479.5,484.5,475.0,484.5,525,674650,22.835551,22274.8,22750.0,23000,ATM+10,PUT,22500,2024-05-07
2024-05-07 13:23:00+05:30,484.5,496.35,484.5,493.0,600,674650,23.402111,22267.3,22750.0,23000,ATM+10,PUT,22500,2024-05-07
2024-05-07 13:24:00+05:30,493.0,495.85,491.35,491.35,225,674650,20.799855,22260.2,22750.0,23000,ATM+10,PUT,22500,2024-05-07
2024-05-07 13:25:00+05:30,491.35,491.35,491.35,491.35,0,674650,20.799855,22264.05,22750.0,23000,ATM+10,PUT,22500,2024-05-07
2024-05-07 13:26:00+05:30,491.35,493.9,486.25,486.25,225,674425,21.857475,22269.25,22750.0,23000,ATM+10,PUT,22500,2024-05-07
2024-05-07 13:27:00+05:30,535.2,535.2,529.05,530.0,750,704900,23.916024,22277.55,22800.0,23000,ATM+10,PUT,22500,2024-05-07
2024-05-07 13:28:00+05:30,527.0,529.8,519.55,521.9,20900,705025,22.239946,22281.05,22800.0,23000,ATM+10,PUT,22500,2024-05-07
2024-05-07 13:29:00+05:30,521.9,524.95,514.6,515.0,4425,705025,20.596858,22283.9,22800.0,23000,ATM+10,PUT,22500,2024-05-07
2024-05-07 13:30:00+05:30,515.0,526.95,513.6,525.45,5725,705025,23.666521,22281.75,22800.0,23000,ATM+10,PUT,22500,2024-05-07
2024-05-07 13:31:00+05:30,525.45,529.65,525.45,527.85,450,708150,22.830267,22276.3,22800.0,23000,ATM+10,PUT,22500,2024-05-07
2024-05-07 13:32:00+05:30,527.85,527.85,506.0,510.5,1050,708150,21.575889,22291.55,22800.0,23000,ATM+10,PUT,22500,2024-05-07
2024-05-07 13:33:00+05:30,511.45,522.0,507.35,518.35,4625,708150,21.95301,22284.05,22800.0,23000,ATM+10,PUT,22500,2024-05-07
2024-05-07 13:34:00+05:30,518.05,518.85,516.1,516.65,1575,706225,21.882578,22285.7,22800.0,23000,ATM+10,PUT,22500,2024-05-07
2024-05-07 13:35:00+05:30,516.65,516.65,512.0,512.0,750,706225,21.564734,22289.85,22800.0,23000,ATM+10,PUT,22500,2024-05-07
2024-05-07 13:36:00+05:30,512.0,513.4,503.8,503.8,700,706225,20.513466,22295.8,22800.0,23000,ATM+10,PUT,22500,2024-05-07
2024-05-07 13:37:00+05:30,503.8,510.0,503.6,503.6,21075,699775,21.090461,22297.65,22800.0,23000,ATM+10,PUT,22500,2024-05-07
2024-05-07 13:38:00+05:30,504.7,504.7,489.0,491.5,8800,699775,20.862755,22310.25,22800.0,23000,ATM+10,PUT,22500,2024-05-07
2024-05-07 13:39:00+05:30,491.5,491.5,481.5,488.0,8600,699775,20.32796,22312.5,22800.0,23000,ATM+10,PUT,22500,2024-05-07
2024-05-07 13:40:00+05:30,488.9,496.25,486.6,496.25,13000,697825,21.493065,22306.95,22800.0,23000,ATM+10,PUT,22500,2024-05-07
2024-05-07 13:41:00+05:30,495.0,495.0,484.25,485.45,625,697825,20.196824,22314.9,22800.0,23000,ATM+10,PUT,22500,2024-05-07
2024-05-07 13:42:00+05:30,485.45,485.45,473.95,480.0,3575,697825,21.105801,22323.7,22800.0,23000,ATM+10,PUT,22500,2024-05-07
2024-05-07 13:43:00+05:30,478.1,479.85,475.35,478.8,1000,695375,20.913661,22324.4,22800.0,23000,ATM+10,PUT,22500,2024-05-07
2024-05-07 13:44:00+05:30,478.8,483.0,478.25,478.95,5850,695375,20.98269,22324.45,22800.0,23000,ATM+10,PUT,22500,2024-05-07
2024-05-07 13:45:00+05:30,478.95,496.65,478.95,493.95,3175,695375,22.823494,22314.0,22800.0,23000,ATM+10,PUT,22500,2024-05-07
2024-05-07 13:46:00+05:30,543.65,543.65,542.75,542.75,50,367075,27.286,22326.1,22850.0,23000,ATM+10,PUT,22500,2024-05-07
2024-05-07 13:47:00+05:30,542.75,542.75,522.3,526.35,225,366850,22.918682,22328.25,22850.0,23000,ATM+10,PUT,22500,2024-05-07
2024-05-07 13:48:00+05:30,476.7,490.0,476.7,484.35,1250,692150,21.716717,22320.85,22800.0,23000,ATM+10,PUT,22500,2024-05-07
2024-05-07 13:49:00+05:30,484.35,490.0,484.35,489.95,200,678800,21.732205,22314.65,22800.0,23000,ATM+10,PUT,22500,2024-05-07
2024-05-07 13:50:00+05:30,489.95,503.7,489.95,503.7,950,678800,21.985873,22300.2,22800.0,23000,ATM+10,PUT,22500,2024-05-07
2024-05-07 13:51:00+05:30,503.0,503.0,498.5,501.2,19600,678800,21.555135,22301.6,22800.0,23000,ATM+10,PUT,22500,2024-05-07
2024-05-07 13:52:00+05:30,496.75,508.55,496.75,502.95,1650,673300,20.85689,22297.6,22800.0,23000,ATM+10,PUT,22500,2024-05-07
2024-05-07 13:53:00+05:30,502.95,506.6,501.1,503.4,1300,673300,20.802733,22296.95,22800.0,23000,ATM+10,PUT,22500,2024-05-07
2024-05-07 13:54:00+05:30,503.4,503.4,493.0,495.0,2425,673300,20.425735,22305.05,22800.0,23000,ATM+10,PUT,22500,2024-05-07
2024-05-07 13:55:00+05:30,495.0,502.5,495.0,502.5,1525,674525,20.724011,22297.7,22800.0,23000,ATM+10,PUT,22500,2024-05-07
2024-05-07 13:56:00+05:30,502.5,502.5,496.5,497.0,500,674525,21.522093,22306.1,22800.0,23000,ATM+10,PUT,22500,2024-05-07
2024-05-07 13:57:00+05:30,497.0,497.0,490.0,490.0,925,674525,20.752176,22311.45,22800.0,23000,ATM+10,PUT,22500,2024-05-07
2024-05-07 13:58:00+05:30,490.0,490.0,481.6,489.0,2975,675175,20.569058,22312.0,22800.0,23000,ATM+10,PUT,22500,2024-05-07
2024-05-07 13:59:00+05:30,489.0,496.35,489.0,491.05,1000,675175,21.055824,22311.2,22800.0,23000,ATM+10,PUT,22500,2024-05-07
2024-05-07 14:00:00+05:30,491.05,495.65,483.65,483.65,2225,675175,19.445894,22314.7,22800.0,23000,ATM+10,PUT,22500,2024-05-07
2024-05-07 14:01:00+05:30,483.65,488.25,481.25,481.25,1275,673825,20.200973,22319.4,22800.0,23000,ATM+10,PUT,22500,2024-05-07
2024-05-07 14:02:00+05:30,481.3,483.8,479.35,481.3,1325,673825,20.865514,22321.35,22800.0,23000,ATM+10,PUT,22500,2024-05-07
2024-05-07 14:03:00+05:30,481.3,485.0,474.5,474.6,3275,673825,19.477147,22324.6,22800.0,23000,ATM+10,PUT,22500,2024-05-07
2024-05-07 14:04:00+05:30,474.6,474.6,474.6,474.6,0,673825,19.477147,22326.8,22850.0,23000,ATM+10,PUT,22500,2024-05-07
2024-05-07 14:05:00+05:30,476.8,486.6,472.0,486.6,1300,672675,21.224343,22316.6,22800.0,23000,ATM+10,PUT,22500,2024-05-07
2024-05-07 14:06:00+05:30,488.55,496.0,488.55,488.8,6150,672675,21.012061,22313.5,22800.0,23000,ATM+10,PUT,22500,2024-05-07
2024-05-07 14:07:00+05:30,488.8,488.8,479.65,479.65,350,674200,19.880789,22320.2,22800.0,23000,ATM+10,PUT,22500,2024-05-07
2024-05-07 14:08:00+05:30,479.65,485.0,477.2,477.2,1375,674200,20.183564,22323.75,22800.0,23000,ATM+10,PUT,22500,2024-05-07
2024-05-07 14:09:00+05:30,477.2,479.0,476.9,476.9,125,674200,20.158681,22324.0,22800.0,23000,ATM+10,PUT,22500,2024-05-07
2024-05-07 14:10:00+05:30,476.9,488.45,476.9,484.4,2075,673875,21.034538,22318.4,22800.0,23000,ATM+10,PUT,22500,2024-05-07
2024-05-07 14:11:00+05:30,484.4,491.6,483.15,491.45,800,673875,20.03332,22307.75,22800.0,23000,ATM+10,PUT,22500,2024-05-07
2024-05-07 14:12:00+05:30,491.45,495.85,490.95,492.7,36675,673875,19.925223,22306.1,22800.0,23000,ATM+10,PUT,22500,2024-05-07
2024-05-07 14:13:00+05:30,492.7,492.7,485.65,485.65,975,688025,19.644967,22313.0,22800.0,23000,ATM+10,PUT,22500,2024-05-07
2024-05-07 14:14:00+05:30,485.65,488.4,478.8,478.8,325,688025,19.686171,22320.55,22800.0,23000,ATM+10,PUT,22500,2024-05-07
2024-05-07 14:15:00+05:30,480.6,487.25,480.6,487.25,275,688025,20.765039,22314.4,22800.0,23000,ATM+10,PUT,22500,2024-05-07
2024-05-07 14:16:00+05:30,487.25,487.75,482.05,482.05,100,688025,18.905956,22315.0,22800.0,23000,ATM+10,PUT,22500,2024-05-07
2024-05-07 14:17:00+05:30,482.05,498.3,482.05,498.3,3000,688025,21.532241,22304.55,22800.0,23000,ATM+10,PUT,22500,2024-05-07
2024-05-07 14:18:00+05:30,498.3,498.65,494.3,496.0,1550,688025,21.930473,22308.35,22800.0,23000,ATM+10,PUT,22500,2024-05-07
2024-05-07 14:19:00+05:30,496.0,496.0,488.7,491.0,675,688300,22.299179,22315.15,22800.0,23000,ATM+10,PUT,22500,2024-05-07
2024-05-07 14:20:00+05:30,491.0,492.2,487.6,487.6,375,688300,21.572244,22316.5,22800.0,23000,ATM+10,PUT,22500,2024-05-07
2024-05-07 14:21:00+05:30,487.6,495.95,487.5,494.0,525,688300,21.588782,22309.45,22800.0,23000,ATM+10,PUT,22500,2024-05-07
2024-05-07 14:22:00+05:30,496.85,505.35,496.85,502.0,2225,686775,22.15967,22302.4,22800.0,23000,ATM+10,PUT,22500,2024-05-07
2024-05-07 14:23:00+05:30,503.45,530.75,500.2,530.75,8425,686775,24.750194,22279.1,22800.0,23000,ATM+10,PUT,22500,2024-05-07
2024-05-07 14:24:00+05:30,524.6,538.0,521.3,531.0,4375,686775,24.411604,22277.6,22800.0,23000,ATM+10,PUT,22500,2024-05-07
2024-05-07 14:25:00+05:30,531.0,537.65,526.0,527.05,1750,684325,23.559129,22279.1,22800.0,23000,ATM+10,PUT,22500,2024-05-07
2024-05-07 14:26:00+05:30,526.95,541.8,526.95,534.6,1675,684325,25.37149,22277.0,22800.0,23000,ATM+10,PUT,22500,2024-05-07
2024-05-07 14:27:00+05:30,534.6,542.0,530.0,531.5,3125,684325,24.280057,22276.55,22800.0,23000,ATM+10,PUT,22500,2024-05-07
2024-05-07 14:28:00+05:30,485.2,491.5,485.2,488.55,575,674850,23.850435,22273.4,22750.0,23000,ATM+10,PUT,22500,2024-05-07
2024-05-07 14:29:00+05:30,488.55,505.2,488.55,505.2,1900,674850,25.381044,22260.45,22750.0,23000,ATM+10,PUT,22500,2024-05-07
2024-05-07 14:30:00+05:30,505.2,511.0,498.45,498.45,950,674850,24.483733,22264.55,22750.0,23000,ATM+10,PUT,22500,2024-05-07
2024-05-07 14:31:00+05:30,497.15,498.65,496.0,496.1,600,673500,25.319244,22270.7,22750.0,23000,ATM+10,PUT,22500,2024-05-07
2024-05-07 14:32:00+05:30,538.0,541.05,530.4,534.0,750,680900,25.567676,22278.35,22800.0,23000,ATM+10,PUT,22500,2024-05-07
2024-05-07 14:33:00+05:30,534.0,540.8,532.25,532.75,2100,680900,25.446714,22279.3,22800.0,23000,ATM+10,PUT,22500,2024-05-07
2024-05-07 14:34:00+05:30,532.75,532.75,518.1,519.7,38750,680650,23.786829,22288.0,22800.0,23000,ATM+10,PUT,22500,2024-05-07
2024-05-07 14:35:00+05:30,519.4,529.2,519.4,520.0,900,680650,24.769005,22291.2,22800.0,23000,ATM+10,PUT,22500,2024-05-07
2024-05-07 14:36:00+05:30,515.45,516.25,506.45,506.45,7125,680650,22.698347,22299.1,22800.0,23000,ATM+10,PUT,22500,2024-05-07
2024-05-07 14:37:00+05:30,506.45,509.5,500.0,500.0,1200,672425,21.955532,22303.85,22800.0,23000,ATM+10,PUT,22500,2024-05-07
2024-05-07 14:38:00+05:30,500.0,503.35,497.55,497.55,3100,672425,21.45599,22305.0,22800.0,23000,ATM+10,PUT,22500,2024-05-07
2024-05-07 14:39:00+05:30,497.55,505.9,479.65,479.65,7000,672425,18.168771,22315.8,22800.0,23000,ATM+10,PUT,22500,2024-05-07
2024-05-07 14:40:00+05:30,479.65,486.2,474.15,476.45,3450,670350,17.165539,22317.15,22800.0,23000,ATM+10,PUT,22500,2024-05-07
2024-05-07 14:41:00+05:30,476.35,482.0,476.35,481.2,825,670350,17.198106,22312.2,22800.0,23000,ATM+10,PUT,22500,2024-05-07
2024-05-07 14:42:00+05:30,481.2,489.45,481.2,485.45,1575,670350,17.993166,22309.25,22800.0,23000,ATM+10,PUT,22500,2024-05-07
2024-05-07 14:43:00+05:30,485.45,491.7,480.0,489.5,1275,670200,17.736225,22304.45,22800.0,23000,ATM+10,PUT,22500,2024-05-07
2024-05-07 14:44:00+05:30,489.5,495.0,487.6,493.0,400,670200,17.86651,22301.0,22800.0,23000,ATM+10,PUT,22500,2024-05-07
2024-05-07 14:45:00+05:30,493.0,493.0,484.2,484.2,850,670200,17.121643,22308.9,22800.0,23000,ATM+10,PUT,22500,2024-05-07
2024-05-07 14:46:00+05:30,484.2,489.3,484.0,485.95,1675,670625,17.787812,22308.3,22800.0,23000,ATM+10,PUT,22500,2024-05-07
2024-05-07 14:47:00+05:30,485.95,490.0,485.05,489.75,3100,670625,18.176013,22305.05,22800.0,23000,ATM+10,PUT,22500,2024-05-07
2024-05-07 14:48:00+05:30,489.75,494.0,488.0,489.6,1825,670625,19.353951,22307.85,22800.0,23000,ATM+10,PUT,22500,2024-05-07
2024-05-07 14:49:00+05:30,489.6,489.6,481.6,481.6,1125,667850,18.216332,22313.8,22800.0,23000,ATM+10,PUT,22500,2024-05-07
2024-05-07 14:50:00+05:30,481.6,481.6,466.1,470.15,4825,667850,13.368777,22318.7,22800.0,23000,ATM+10,PUT,22500,2024-05-07
2024-05-07 14:51:00+05:30,470.15,486.25,470.15,486.25,75,667850,18.61139,22309.7,22800.0,23000,ATM+10,PUT,22500,2024-05-07
2024-05-07 14:52:00+05:30,486.25,492.9,486.25,489.55,1075,664775,16.957512,22303.0,22800.0,23000,ATM+10,PUT,22500,2024-05-07
2024-05-07 14:53:00+05:30,492.1,492.5,485.85,485.85,1600,664775,17.11634,22307.15,22800.0,23000,ATM+10,PUT,22500,2024-05-07
2024-05-07 14:54:00+05:30,485.85,494.45,484.95,494.45,1250,664775,19.155507,22302.15,22800.0,23000,ATM+10,PUT,22500,2024-05-07
2024-05-07 14:55:00+05:30,494.45,510.7,494.45,507.35,2325,665950,20.81405,22292.35,22800.0,23000,ATM+10,PUT,22500,2024-05-07
2024-05-07 14:56:00+05:30,509.0,510.0,495.7,498.25,800,665950,20.723024,22302.0,22800.0,23000,ATM+10,PUT,22500,2024-05-07
2024-05-07 14:57:00+05:30,498.25,498.25,488.7,490.85,1150,665950,18.553794,22304.65,22800.0,23000,ATM+10,PUT,22500,2024-05-07
2024-05-07 14:58:00+05:30,490.85,491.3,481.2,486.2,1400,664775,14.995386,22303.8,22800.0,23000,ATM+10,PUT,22500,2024-05-07
2024-05-07 14:59:00+05:30,486.2,501.7,486.2,499.45,2350,664775,16.586708,22292.1,22800.0,23000,ATM+10,PUT,22500,2024-05-07
2024-05-07 15:00:00+05:30,500.8,500.8,486.0,489.8,2750,664775,21.359179,22313.1,22800.0,23000,ATM+10,PUT,22500,2024-05-07
2024-05-07 15:01:00+05:30,489.8,500.3,480.85,500.3,2000,663175,22.77435,22306.0,22800.0,23000,ATM+10,PUT,22500,2024-05-07
2024-05-07 15:02:00+05:30,500.3,500.3,488.1,492.45,275,663175,22.414836,22313.55,22800.0,23000,ATM+10,PUT,22500,2024-05-07
2024-05-07 15:03:00+05:30,492.45,492.45,486.0,486.0,1250,663175,21.649361,22318.2,22800.0,23000,ATM+10,PUT,22500,2024-05-07
2024-05-07 15:04:00+05:30,486.0,492.7,484.55,492.7,875,663175,21.787049,22311.2,22800.0,23000,ATM+10,PUT,22500,2024-05-07
2024-05-07 15:05:00+05:30,492.7,496.0,492.7,493.1,600,663175,20.240318,22306.25,22800.0,23000,ATM+10,PUT,22500,2024-05-07
2024-05-07 15:06:00+05:30,493.1,504.0,493.1,504.0,1675,663175,21.271912,22297.2,22800.0,23000,ATM+10,PUT,22500,2024-05-07
2024-05-07 15:07:00+05:30,504.2,508.0,496.95,505.9,1400,662075,21.884842,22296.9,22800.0,23000,ATM+10,PUT,22500,2024-05-07
2024-05-07 15:08:00+05:30,505.9,520.75,503.85,520.75,3325,662075,22.536361,22282.5,22800.0,23000,ATM+10,PUT,22500,2024-05-07
2024-05-07 15:09:00+05:30,521.0,524.0,516.65,520.7,3700,662075,26.285642,22295.95,22800.0,23000,ATM+10,PUT,22500,2024-05-07
2024-05-07 15:10:00+05:30,520.7,520.7,500.95,504.1,1325,658575,23.67855,22304.8,22800.0,23000,ATM+10,PUT,22500,2024-05-07
2024-05-07 15:11:00+05:30,504.1,510.9,502.85,510.9,575,658575,23.909413,22297.95,22800.0,23000,ATM+10,PUT,22500,2024-05-07
2024-05-07 15:12:00+05:30,510.9,511.6,500.05,502.75,1175,658575,23.774395,22306.65,22800.0,23000,ATM+10,PUT,22500,2024-05-07
2024-05-07 15:13:00+05:30,502.75,502.75,496.25,502.55,4500,658275,22.689236,22303.1,22800.0,23000,ATM+10,PUT,22500,2024-05-07
2024-05-07 15:14:00+05:30,502.55,503.05,499.25,499.25,725,658275,23.250605,22308.7,22800.0,23000,ATM+10,PUT,22500,2024-05-07
2024-05-07 15:15:00+05:30,499.25,505.9,498.5,498.5,2150,658275,22.371168,22306.55,22800.0,23000,ATM+10,PUT,22500,2024-05-07
2024-05-07 15:16:00+05:30,497.1,503.3,497.1,502.1,325,658450,22.404824,22302.65,22800.0,23000,ATM+10,PUT,22500,2024-05-07
2024-05-07 15:17:00+05:30,502.1,502.1,489.85,491.0,1500,658450,21.256675,22311.35,22800.0,23000,ATM+10,PUT,22500,2024-05-07
2024-05-07 15:18:00+05:30,491.0,499.0,491.0,496.0,2325,658450,21.376502,22306.2,22800.0,23000,ATM+10,PUT,22500,2024-05-07
2024-05-07 15:19:00+05:30,496.0,497.35,495.0,495.0,2625,658125,21.77345,22308.5,22800.0,23000,ATM+10,PUT,22500,2024-05-07
2024-05-07 15:20:00+05:30,495.0,498.8,490.75,498.65,1325,658125,21.107113,22302.5,22800.0,23000,ATM+10,PUT,22500,2024-05-07
2024-05-07 15:21:00+05:30,498.85,499.45,496.9,498.65,750,658125,22.094578,22305.45,22800.0,23000,ATM+10,PUT,22500,2024-05-07
2024-05-07 15:22:00+05:30,498.65,503.0,497.45,501.9,7125,655375,22.613903,22303.5,22800.0,23000,ATM+10,PUT,22500,2024-05-07
2024-05-07 15:23:00+05:30,501.9,501.9,499.2,500.15,4300,655375,23.16425,22307.3,22800.0,23000,ATM+10,PUT,22500,2024-05-07
2024-05-07 15:24:00+05:30,500.75,500.9,495.9,497.45,2550,655375,22.85366,22309.25,22800.0,23000,ATM+10,PUT,22500,2024-05-07
2024-05-07 15:25:00+05:30,497.45,500.0,497.1,498.05,7150,647275,22.549076,22307.55,22800.0,23000,ATM+10,PUT,22500,2024-05-07
2024-05-07 15:26:00+05:30,498.05,503.05,498.05,503.05,750,647275,23.231332,22304.25,22800.0,23000,ATM+10,PUT,22500,2024-05-07
2024-05-07 15:27:00+05:30,503.05,503.7,501.35,502.0,4500,647275,25.306279,22313.25,22800.0,23000,ATM+10,PUT,22500,2024-05-07
2024-05-07 15:28:00+05:30,501.2,504.15,500.95,504.1,2675,642850,21.550186,22297.75,22800.0,23000,ATM+10,PUT,22500,2024-05-07
2024-05-07 15:29:00+05:30,504.1,505.85,499.95,499.95,2250,642850,22.269542,22304.5,22800.0,23000,ATM+10,PUT,22500,2024-05-07
