Date,Leg,Entry_Time,Strike,Sell_Price,Exit_Time,Exit_Price,Qty,Premium_Collected,PnL,Reason,Capital_After,Spot_945,Slope_CE,Slope_PE
2023-01-02,PE,09:45,18150,100.5,15:15,64.65,65,6532.5,2330.25,Settlement 15:15,102330.25,18145.5,3.3,-7.05
2023-01-03,PE,09:45,18200,83.05,15:15,47.55,65,5398.25,2307.5,Settlement 15:15,104637.75,18199.8496,2.7,-15.2
2023-01-04,CE,09:45,18150,76.45,15:15,23.85,65,4969.25,3419.0,Settlement 15:15,108056.75,18159.75,-33.85,18.6
2023-01-05,CE,09:45,18050,46.6,10:15,59.2,65,3029.0,-819.0,SL Hit (59.20 >= 55.92),107237.75,18040.3496,-15.65,10.65
2023-01-06,PE,09:45,18000,92.55,09:58,111.55,65,6015.75,-1235.0,SL Hit (111.55 >= 111.06),106002.75,18020.4492,-5.95,-6.9
2023-01-09,PE,09:45,18050,93.75,15:15,50.2,65,6093.75,2830.75,Settlement 15:15,108833.5,18027.5,28.4,-47.7
2023-01-10,CE,09:45,18000,97.0,15:15,50.85,65,6305.0,2999.75,Settlement 15:15,111833.25,18015.3008,-29.0,19.05
2023-01-11,CE,09:45,17850,106.25,10:01,127.65,65,6906.25,-1391.0,SL Hit (127.65 >= 127.50),110442.25,17869.8008,-8.2,13.6
2023-01-12,CE,09:45,17900,51.1,15:15,0.15,65,3321.5,3311.75,Settlement 15:15,113754.0,17896.3496,-12.85,-4.15
2023-01-13,CE,09:45,17800,131.15,12:09,157.55,65,8524.75,-1716.0,SL Hit (157.55 >= 157.38),112038.0,17780.6504,-38.85,10.1
2023-01-16,CE,09:45,17950,116.35,15:15,74.65,65,7562.75,2710.5,Settlement 15:15,114748.5,17970.75,-44.35,28.2
2023-01-17,PE,09:45,17950,76.45,15:15,32.45,65,4969.25,2860.0,Settlement 15:15,117608.5,17959.6992,30.35,-42.95
2023-01-18,PE,09:45,18100,68.9,15:15,27.05,65,4478.5,2720.25,Settlement 15:15,120328.75,18092.0508,15.85,-26.95
2023-01-19,CE,09:45,18100,41.15,10:59,53.3,65,2674.75,-789.75,SL Hit (53.30 >= 49.38),119539.0,18101.5996,-13.5,3.65
2023-01-20,CE,09:45,18050,120.1,10:11,147.8,65,7806.5,-1800.5,SL Hit (147.80 >= 144.12),117738.5,18070.8496,-19.55,3.6
2023-01-23,PE,09:45,18150,70.7,12:47,86.35,65,4595.5,-1017.25,SL Hit (86.35 >= 84.84),116721.25,18130.5996,8.5,-30.25
2023-01-24,PE,09:45,18200,47.15,09:53,64.7,65,3064.75,-1140.75,SL Hit (64.70 >= 56.58),115580.5,18188.9492,5.5,-15.7
2023-01-25,CE,09:45,18000,52.45,15:15,0.2,65,3409.25,3396.25,Settlement 15:15,118976.75,18015.0,-43.1,15.6
2023-01-27,CE,09:45,17750,213.8,15:15,125.9,65,13897.0,5713.5,Settlement 15:15,124690.25,17764.1504,-26.05,30.55
2023-01-30,PE,09:45,17600,154.4,10:44,186.45,65,10036.0,-2083.25,SL Hit (186.45 >= 185.28),122607.0,17613.5,76.4,-95.45
2023-01-31,CE,09:45,17600,162.15,13:14,195.15,65,10539.75,-2145.0,SL Hit (195.15 >= 194.58),120462.0,17575.3008,-64.7,44.9
2023-02-01,CE,09:45,17750,151.9,11:05,187.0,65,9873.5,-2281.5,SL Hit (187.00 >= 182.28),118180.5,17765.25,-16.85,-4.75
2023-02-02,PE,09:45,17600,67.55,09:55,86.55,65,4390.75,-1235.0,SL Hit (86.55 >= 81.06),116945.5,17612.5508,31.45,-59.5
2023-02-03,CE,09:45,17650,148.75,13:40,184.65,65,9668.75,-2333.5,SL Hit (184.65 >= 178.50),114612.0,17661.4004,-37.45,8.2
2023-02-06,CE,09:45,17800,107.3,15:15,85.0,65,6974.5,1449.5,Settlement 15:15,116061.5,17792.75,-14.15,1.6
2023-02-07,CE,09:45,17750,95.7,10:40,118.7,65,6220.5,-1495.0,SL Hit (118.70 >= 114.84),114566.5,17734.4004,-20.8,12.4
2023-02-08,PE,09:45,17850,78.45,10:49,94.6,65,5099.25,-1049.75,SL Hit (94.60 >= 94.14),113516.75,17844.3496,24.1,-54.0
2023-02-09,CE,09:45,17800,37.15,09:50,49.3,65,2414.75,-789.75,SL Hit (49.30 >= 44.58),112727.0,17789.4492,-36.3,14.9
2023-02-10,CE,09:45,17800,116.25,11:00,139.7,65,7556.25,-1524.25,SL Hit (139.70 >= 139.50),111202.75,17815.6504,-21.85,7.4
2023-02-13,CE,09:45,17800,100.2,15:15,77.0,65,6513.0,1508.0,Settlement 15:15,112710.75,17819.1504,-25.85,13.3
2023-02-14,CE,09:45,17800,86.95,10:46,104.6,65,5651.75,-1147.25,SL Hit (104.60 >= 104.34),111563.5,17808.0508,-6.25,1.55
2023-02-15,CE,09:45,17850,70.0,10:00,84.75,65,4550.0,-958.75,SL Hit (84.75 >= 84.00),110604.75,17867.0,-19.15,0.35
2023-02-16,PE,09:45,18100,26.35,10:21,32.85,65,1712.75,-422.5,SL Hit (32.85 >= 31.62),110182.25,18121.3008,17.6,-20.95
2023-02-17,PE,09:45,18000,84.45,10:16,102.65,65,5489.25,-1183.0,SL Hit (102.65 >= 101.34),108999.25,18016.6992,26.35,-36.05
2023-02-20,PE,09:45,17950,71.8,11:28,87.6,65,4667.0,-1027.0,SL Hit (87.60 >= 86.16),107972.25,17974.8496,5.4,-12.9
2023-02-21,CE,09:45,17850,91.95,10:06,112.05,65,5976.75,-1306.5,SL Hit (112.05 >= 110.34),106665.75,17865.0,-9.55,1.8
2023-02-22,CE,09:45,17700,69.25,15:15,13.9,65,4501.25,3597.75,Settlement 15:15,110263.5,17703.1992,-28.85,14.9
2023-02-23,CE,09:45,17450,61.15,09:51,76.15,65,3974.75,-975.0,SL Hit (76.15 >= 73.38),109288.5,17470.4492,-66.4,20.95
2023-02-24,CE,09:45,17550,111.5,15:15,71.65,65,7247.5,2590.25,Settlement 15:15,111878.75,17538.8496,-27.15,12.7
2023-02-27,CE,09:45,17400,103.85,15:15,94.6,65,6750.25,601.25,Settlement 15:15,112480.0,17399.0508,-6.7,-5.0
2023-02-28,PE,09:45,17400,67.65,10:07,81.4,65,4397.25,-893.75,SL Hit (81.40 >= 81.18),111586.25,17413.5508,4.05,-12.6
2023-03-01,PE,09:45,17400,53.2,15:15,24.7,65,3458.0,1852.5,Settlement 15:15,113438.75,17415.75,18.1,-29.6
2023-03-02,CE,09:45,17400,31.85,15:15,0.1,65,2070.25,2063.75,Settlement 15:15,115502.5,17388.1504,-34.8,18.85
2023-03-03,PE,09:45,17450,71.6,15:15,31.6,65,4654.0,2600.0,Settlement 15:15,118102.5,17463.0508,17.3,-24.4
2023-03-06,PE,09:45,17750,62.5,13:35,75.65,65,4062.5,-854.75,SL Hit (75.65 >= 75.00),117247.75,17759.25,28.55,-31.6
2023-03-08,PE,09:45,17650,53.0,15:15,14.85,65,3445.0,2479.75,Settlement 15:15,119727.5,17673.3496,19.85,-31.4
2023-03-09,CE,09:45,17750,22.8,15:15,0.15,65,1482.0,1472.25,Settlement 15:15,121199.75,17732.5996,-18.7,7.6
2023-03-10,CE,09:45,17350,111.25,10:11,133.65,65,7231.25,-1456.0,SL Hit (133.65 >= 133.50),119743.75,17349.75,-46.15,19.7
2023-03-13,PE,09:45,17450,96.95,11:05,117.1,65,6301.75,-1309.75,SL Hit (117.10 >= 116.34),118434.0,17441.5508,-2.9,-7.6
2023-03-14,PE,09:45,17150,100.15,10:16,121.2,65,6509.75,-1368.25,SL Hit (121.20 >= 120.18),117065.75,17151.25,-1.05,-14.15
2023-03-15,CE,09:45,17150,74.65,15:15,14.25,65,4852.25,3926.0,Settlement 15:15,120991.75,17144.8496,-37.5,19.05
2023-03-16,CE,09:45,16850,59.5,09:54,74.6,65,3867.5,-981.5,SL Hit (74.60 >= 71.40),120010.25,16856.0508,-63.25,23.3
2023-03-17,CE,09:45,17050,148.1,15:12,180.5,65,9626.5,-2106.0,SL Hit (180.50 >= 177.72),117904.25,17065.75,-40.6,16.0
2023-03-20,CE,09:45,16950,121.3,15:15,138.45,65,7884.5,-1114.75,Settlement 15:15,116789.5,16946.9004,-26.1,23.55
2023-03-21,CE,09:45,17050,104.05,13:01,126.15,65,6763.25,-1436.5,SL Hit (126.15 >= 124.86),115353.0,17046.1504,-7.85,6.75
2023-03-22,CE,09:45,17150,83.25,15:15,78.7,65,5411.25,295.75,Settlement 15:15,115648.75,17160.5,-7.35,5.0
2023-03-23,PE,09:45,17100,43.45,15:15,29.85,65,2824.25,884.0,Settlement 15:15,116532.75,17099.5,-4.8,-21.75
2023-03-24,CE,09:45,17050,107.35,09:54,131.95,65,6977.75,-1599.0,SL Hit (131.95 >= 128.82),114933.75,17027.75,-34.4,25.45
2023-03-27,PE,09:45,17000,84.3,15:15,68.9,65,5479.5,1001.0,Settlement 15:15,115934.75,16997.3496,6.45,-15.25
2023-03-28,CE,09:45,17000,88.4,15:15,39.75,65,5746.0,3162.25,Settlement 15:15,119097.0,16993.6992,-14.15,8.6
2023-03-29,PE,09:45,17000,34.0,11:08,43.65,65,2210.0,-627.25,SL Hit (43.65 >= 40.80),118469.75,17014.4492,1.55,-10.8
2023-03-31,PE,09:45,17250,89.75,15:15,61.5,65,5833.75,1836.25,Settlement 15:15,120306.0,17274.4004,35.15,-32.45
2023-04-03,CE,09:45,17350,102.8,15:15,103.05,65,6682.0,-16.25,Settlement 15:15,120289.75,17374.25,-7.15,-3.85
2023-04-05,PE,09:45,17450,55.25,15:15,15.4,65,3591.25,2590.25,Settlement 15:15,122880.0,17465.9004,19.2,-25.25
2023-04-06,CE,09:45,17550,26.75,10:03,44.3,65,1738.75,-1140.75,SL Hit (44.30 >= 32.10),121739.25,17530.75,-2.65,0.7
2023-04-10,PE,09:45,17650,76.2,10:27,92.75,65,4953.0,-1075.75,SL Hit (92.75 >= 91.44),120663.5,17650.5996,2.0,-16.2
2023-04-11,PE,09:45,17700,54.1,11:45,66.75,65,3516.5,-822.25,SL Hit (66.75 >= 64.92),119841.25,17706.75,10.4,-13.5
2023-04-12,PE,09:45,17750,42.35,10:16,53.05,65,2752.75,-695.5,SL Hit (53.05 >= 50.82),119145.75,17759.4004,15.0,-14.7
2023-04-13,PE,09:45,17800,29.25,09:55,35.3,65,1901.25,-393.25,SL Hit (35.30 >= 35.10),118752.5,17809.8008,2.65,-12.15
2023-04-17,CE,09:45,17650,93.35,10:49,112.6,65,6067.75,-1251.25,SL Hit (112.60 >= 112.02),117501.25,17638.25,-62.95,38.4
2023-04-18,CE,09:45,17700,72.5,15:15,42.45,65,4712.5,1953.25,Settlement 15:15,119454.5,17710.25,-10.0,5.45
2023-04-19,CE,09:45,17650,48.5,12:11,58.65,65,3152.5,-659.75,SL Hit (58.65 >= 58.20),118794.75,17639.0996,-2.75,-1.95
2023-04-20,PE,09:45,17650,22.55,09:50,27.9,65,1465.75,-347.75,SL Hit (27.90 >= 27.06),118447.0,17669.5,21.9,-23.45
2023-04-21,CE,09:45,17650,85.6,15:15,81.7,65,5564.0,253.5,Settlement 15:15,118700.5,17625.9004,-16.25,7.0
2023-04-24,CE,09:45,17650,74.1,12:54,89.75,65,4816.5,-1017.25,SL Hit (89.75 >= 88.92),117683.25,17628.4492,-25.45,21.35
2023-04-25,PE,09:45,17750,56.7,15:15,34.75,65,3685.5,1426.75,Settlement 15:15,119110.0,17739.75,-2.4,-3.1
2023-04-26,CE,09:45,17700,64.9,10:06,78.7,65,4218.5,-897.0,SL Hit (78.70 >= 77.88),118213.0,17724.75,-23.7,6.85
2023-04-27,PE,09:45,17850,40.15,15:15,0.1,65,2609.75,2603.25,Settlement 15:15,120816.25,17835.4004,7.75,-22.2
2023-04-28,CE,09:45,17900,109.3,11:44,131.35,65,7104.5,-1433.25,SL Hit (131.35 >= 131.16),119383.0,17911.6504,-25.15,13.7
2023-05-02,PE,09:45,18150,55.95,15:15,57.0,65,3636.75,-68.25,Settlement 15:15,119314.75,18154.699219,4.45,-8.45
2023-05-03,CE,09:45,18050,71.25,10:37,87.15,65,4631.25,-1033.5,SL Hit (87.15 >= 85.50),118281.25,18071.849609,-5.5,-2.45
2023-05-04,PE,09:45,18100,25.35,15:15,0.05,65,1647.75,1644.5,Settlement 15:15,119925.75,18117.050781,11.35,-23.9
2023-05-05,PE,09:45,18200,84.25,11:12,101.2,65,5476.25,-1101.75,SL Hit (101.20 >= 101.10),118824.0,18177.550781,3.15,-15.4
2023-05-08,PE,09:45,18200,70.45,15:15,42.5,65,4579.25,1816.75,Settlement 15:15,120640.75,18195.849609,21.95,-39.05
2023-05-09,PE,09:45,18300,50.1,13:08,61.25,65,3256.5,-724.75,SL Hit (61.25 >= 60.12),119916.0,18315.849609,7.9,-11.7
2023-05-10,CE,09:45,18250,59.45,11:35,74.9,65,3864.25,-1004.25,SL Hit (74.90 >= 71.34),118911.75,18243.25,-27.45,22.1
2023-05-11,CE,09:45,18300,49.9,10:46,60.25,65,3243.5,-672.75,SL Hit (60.25 >= 59.88),118239.0,18317.150391,-17.9,7.55
2023-05-12,CE,09:45,18200,98.7,09:58,118.5,65,6415.5,-1287.0,SL Hit (118.50 >= 118.44),116952.0,18198.400391,-28.8,19.15
2023-05-15,PE,09:45,18350,71.65,15:15,52.75,65,4657.25,1228.5,Settlement 15:15,118180.5,18368.75,21.25,-34.7
2023-05-16,PE,09:45,18400,62.45,10:32,76.4,65,4059.25,-906.75,SL Hit (76.40 >= 74.94),117273.75,18398.45,1.45,-5.65
2023-05-17,CE,09:45,18250,66.45,15:15,20.9,65,4319.25,2960.75,Settlement 15:15,120234.5,18253.9,-9.1,-0.1
2023-05-18,CE,09:45,18250,33.8,15:15,0.1,65,2197.0,2190.5,Settlement 15:15,122425.0,18252.95,-12.05,7.9
2023-05-19,CE,09:45,18100,119.25,11:17,147.2,65,7751.25,-1816.75,SL Hit (147.20 >= 143.10),120608.25,18118.9,-33.3,18.4
2023-05-22,PE,09:45,18300,74.25,10:03,99.75,65,4826.25,-1657.5,SL Hit (99.75 >= 89.10),118950.75,18287.0,39.85,-65.2
2023-05-23,PE,09:45,18400,59.4,14:52,74.75,65,3861.0,-997.75,SL Hit (74.75 >= 71.28),117953.0,18403.25,14.8,-15.6
2023-05-24,PE,09:45,18350,52.85,13:07,65.05,65,3435.25,-793.0,SL Hit (65.05 >= 63.42),117160.0,18336.15,21.55,-30.15
2023-05-25,PE,09:45,18300,42.5,10:08,55.45,65,2762.5,-841.75,SL Hit (55.45 >= 51.00),116318.25,18285.3,0.8,-14.35
2023-05-26,PE,09:45,18400,96.3,15:15,50.1,65,6259.5,3003.0,Settlement 15:15,119321.25,18381.25,11.75,-24.1
2023-05-29,CE,09:45,18600,93.35,15:15,77.1,65,6067.75,1056.25,Settlement 15:15,120377.5,18622.4,-2.35,0.3
2023-05-30,PE,09:45,18650,68.85,10:51,84.2,65,4475.25,-997.75,SL Hit (84.20 >= 82.62),119379.75,18640.65,22.55,-35.15
2023-05-31,CE,09:45,18550,60.4,15:15,46.2,65,3926.0,923.0,Settlement 15:15,120302.75,18557.7,-25.15,11.1
2023-06-01,PE,09:45,18550,28.9,12:07,35.65,65,1878.5,-438.75,SL Hit (35.65 >= 34.68),119864.0,18559.1,8.7,-22.2
2023-06-02,PE,09:45,18550,80.25,09:53,96.6,65,5216.25,-1062.75,SL Hit (96.60 >= 96.30),118801.25,18551.15,-1.35,-8.3
2023-06-05,PE,09:45,18600,56.05,15:15,54.85,65,3643.25,78.0,Settlement 15:15,118879.25,18613.15,-2.1,-2.5
2023-06-06,PE,09:45,18600,51.85,09:56,62.5,65,3370.25,-692.25,SL Hit (62.50 >= 62.22),118187.0,18609.45,8.35,-10.3
2023-06-07,PE,09:45,18650,39.35,15:15,17.75,65,2557.75,1404.0,Settlement 15:15,119591.0,18658.85,-2.45,-2.8
2023-06-08,PE,09:45,18750,33.8,11:48,43.4,65,2197.0,-624.0,SL Hit (43.40 >= 40.56),118967.0,18747.6,3.45,-5.1
2023-06-09,CE,09:45,18650,88.45,15:15,59.4,65,5749.25,1888.25,Settlement 15:15,120855.25,18633.05,-20.95,8.55
2023-06-12,CE,09:45,18600,79.3,10:36,96.2,65,5154.5,-1098.5,SL Hit (96.20 >= 95.16),119756.75,18583.1,-7.4,2.45
2023-06-13,PE,09:45,18700,53.65,15:15,43.45,65,3487.25,663.0,Settlement 15:15,120419.75,18698.55,9.15,-15.55
2023-06-14,CE,09:45,18700,56.85,10:51,69.15,65,3695.25,-799.5,SL Hit (69.15 >= 68.22),119620.25,18703.4,-22.85,14.8
2023-06-15,PE,09:45,18750,24.35,11:20,32.4,65,1582.75,-523.25,SL Hit (32.40 >= 29.22),119097.0,18759.65,5.85,-17.65
2023-06-16,PE,09:45,18750,58.25,15:15,40.55,65,3786.25,1150.5,Settlement 15:15,120247.5,18773.5,22.95,-21.55
2023-06-19,CE,09:45,18850,77.7,15:15,44.95,65,5050.5,2128.75,Settlement 15:15,122376.25,18840.4,-10.65,5.55
2023-06-20,CE,09:45,18700,70.35,11:40,84.55,65,4572.75,-923.0,SL Hit (84.55 >= 84.42),121453.25,18697.95,-31.4,15.6
2023-06-21,PE,09:45,18850,51.75,10:44,62.45,65,3363.75,-695.5,SL Hit (62.45 >= 62.10),120757.75,18852.4,8.15,-11.65
2023-06-22,PE,09:45,18850,32.1,11:19,43.2,65,2086.5,-721.5,SL Hit (43.20 >= 38.52),120036.25,18861.05,4.25,-10.15
2023-06-23,CE,09:45,18650,125.3,12:35,153.0,65,8144.5,-1800.5,SL Hit (153.00 >= 150.36),118235.75,18668.0,-27.1,12.85
2023-06-26,PE,09:45,18700,60.85,09:57,74.65,65,3955.25,-897.0,SL Hit (74.65 >= 73.02),117338.75,18705.8,10.85,-15.15
2023-06-27,CE,09:45,18750,51.05,14:17,65.6,65,3318.25,-945.75,SL Hit (65.60 >= 61.26),116393.0,18735.0,-5.75,0.7
2023-06-28,PE,09:45,18850,27.35,15:15,0.15,65,1777.75,1768.0,Settlement 15:15,118161.0,18870.8,1.75,-5.15
2023-06-30,PE,09:45,19100,83.45,15:15,48.35,65,5424.25,2281.5,Settlement 15:15,120442.5,19101.1,21.05,-28.8
2023-07-03,PE,09:45,19300,82.55,15:15,63.45,65,5365.75,1241.5,Settlement 15:15,121684.0,19298.45,27.9,-18.0
2023-07-04,CE,09:45,19350,70.4,12:18,85.1,65,4576.0,-955.5,SL Hit (85.10 >= 84.48),120728.5,19347.95,-18.5,9.0
2023-07-05,PE,09:45,19400,80.1,15:15,40.7,65,5206.5,2561.0,Settlement 15:15,123289.5,19375.0,3.4,-7.2
2023-07-06,PE,09:45,19400,42.45,15:15,0.1,65,2759.25,2752.75,Settlement 15:15,126042.25,19410.6,7.5,-14.3
2023-07-07,PE,09:45,19500,110.85,10:46,133.6,65,7205.25,-1478.75,SL Hit (133.60 >= 133.02),124563.5,19489.15,7.6,-19.45
2023-07-10,PE,09:45,19400,82.1,11:38,100.6,65,5336.5,-1202.5,SL Hit (100.60 >= 98.52),123361.0,19401.85,5.95,-15.35
2023-07-11,PE,09:45,19450,54.5,15:15,54.25,65,3542.5,16.25,Settlement 15:15,123377.25,19471.4,18.2,-27.0
2023-07-12,CE,09:45,19450,68.1,15:15,29.25,65,4426.5,2525.25,Settlement 15:15,125902.5,19466.45,-14.4,5.7
2023-07-13,PE,09:45,19500,29.35,13:59,35.65,65,1907.75,-409.5,SL Hit (35.65 >= 35.22),125493.0,19524.2,20.5,-29.15
2023-07-14,CE,09:45,19450,107.35,13:13,131.3,65,6977.75,-1556.75,SL Hit (131.30 >= 128.82),123936.25,19468.45,-22.7,14.3
2023-07-17,PE,09:45,19600,82.0,15:15,41.95,65,5330.0,2603.25,Settlement 15:15,126539.5,19593.85,2.55,-6.3
2023-07-18,CE,09:45,19750,76.25,10:55,91.55,65,4956.25,-994.5,SL Hit (91.55 >= 91.50),125545.0,19755.45,-13.7,13.8
2023-07-19,PE,09:45,19800,59.7,10:43,72.0,65,3880.5,-799.5,SL Hit (72.00 >= 71.64),124745.5,19813.8,2.0,-12.05
2023-07-20,CE,09:45,19750,66.1,10:02,80.65,65,4296.5,-945.75,SL Hit (80.65 >= 79.32),123799.75,19774.95,-28.7,9.95
2023-07-21,CE,09:45,19800,140.4,15:15,101.65,65,9126.0,2518.75,Settlement 15:15,126318.5,19819.85,-35.4,18.05
2023-07-24,CE,09:45,19700,114.25,10:15,138.4,65,7426.25,-1569.75,SL Hit (138.40 >= 137.10),124748.75,19712.15,-19.6,5.15
2023-07-25,CE,09:45,19700,82.65,15:15,62.9,65,5372.25,1283.75,Settlement 15:15,126032.5,19688.85,-12.05,7.35
2023-07-26,PE,09:45,19750,58.6,15:15,43.85,65,3809.0,958.75,Settlement 15:15,126991.25,19759.3,16.1,-22.05
2023-07-27,PE,09:45,19850,36.3,09:49,50.25,65,2359.5,-906.75,SL Hit (50.25 >= 43.56),126084.5,19852.8,-1.7,-6.7
2023-07-28,CE,09:45,19650,116.3,15:15,105.1,65,7559.5,728.0,Settlement 15:15,126812.5,19644.85,-4.8,-4.0
2023-07-31,PE,09:45,19650,84.8,15:15,36.45,65,5512.0,3142.75,Settlement 15:15,129955.25,19643.55,-1.0,-7.1
2023-08-01,CE,09:45,19750,79.15,15:15,57.15,65,5144.75,1430.0,Settlement 15:15,131385.25,19764.55,-6.35,-0.55
2023-08-02,CE,09:45,19600,69.95,15:15,27.45,65,4546.75,2762.5,Settlement 15:15,134147.75,19619.05,-25.75,9.3
2023-08-03,PE,09:45,19500,57.1,12:14,69.9,65,3711.5,-832.0,SL Hit (69.90 >= 68.52),133315.75,19488.9,14.65,-24.55
2023-08-04,CE,09:45,19450,96.5,10:10,118.6,65,6272.5,-1436.5,SL Hit (118.60 >= 115.80),131879.25,19438.5,-23.5,18.6
2023-08-07,CE,09:45,19550,88.4,12:53,107.45,65,5746.0,-1238.25,SL Hit (107.45 >= 106.08),130641.0,19559.3,-5.9,0.4
2023-08-08,CE,09:45,19600,68.2,15:15,47.0,65,4433.0,1378.0,Settlement 15:15,132019.0,19592.15,-11.2,12.45
2023-08-09,CE,09:45,19500,66.7,14:33,82.7,65,4335.5,-1040.0,SL Hit (82.70 >= 80.04),130979.0,19513.6,-22.1,15.25
2023-08-10,CE,09:45,19600,42.2,10:05,62.25,65,2743.0,-1303.25,SL Hit (62.25 >= 50.64),129675.75,19588.55,-5.0,5.0
2023-08-11,CE,09:45,19500,92.25,15:15,76.0,65,5996.25,1056.25,Settlement 15:15,130732.0,19478.2,-22.0,12.65
2023-08-14,CE,09:45,19300,93.6,12:02,113.0,65,6084.0,-1261.0,SL Hit (113.00 >= 112.32),129471.0,19311.1,-23.4,9.1
2023-08-16,PE,09:45,19400,74.8,15:15,25.7,65,4862.0,3191.5,Settlement 15:15,132662.5,19375.35,13.35,-35.5
2023-08-17,CE,09:45,19400,43.05,15:15,0.05,65,2798.25,2795.0,Settlement 15:15,135457.5,19403.65,-18.55,7.7
2023-08-18,CE,09:45,19300,87.25,14:03,106.75,65,5671.25,-1267.5,SL Hit (106.75 >= 104.70),134190.0,19283.75,-8.9,-1.15
2023-08-21,PE,09:45,19350,82.65,09:50,101.5,65,5372.25,-1225.25,SL Hit (101.50 >= 99.18),132964.75,19356.95,4.3,-12.0
2023-08-22,PE,09:45,19450,83.7,09:54,110.25,65,5440.5,-1725.75,SL Hit (110.25 >= 100.44),131239.0,19439.5,8.5,-21.55
2023-08-23,PE,09:45,19400,60.75,09:53,74.35,65,3948.75,-884.0,SL Hit (74.35 >= 72.90),130355.0,19405.2,-2.9,-6.8
2023-08-24,PE,09:45,19550,23.4,10:03,28.35,65,1521.0,-321.75,SL Hit (28.35 >= 28.08),130033.25,19574.6,18.95,-38.65
2023-08-25,PE,09:45,19300,87.8,10:20,112.1,65,5707.0,-1579.5,SL Hit (112.10 >= 105.36),128453.75,19322.95,9.5,-24.5
2023-08-28,CE,09:45,19300,82.0,12:32,99.05,65,5330.0,-1108.25,SL Hit (99.05 >= 98.40),127345.5,19304.55,-2.35,-1.6
2023-08-29,CE,09:45,19350,62.95,15:15,47.2,65,4091.75,1023.75,Settlement 15:15,128369.25,19348.5,-3.4,-2.35
2023-08-30,PE,09:45,19450,57.85,14:12,72.3,65,3760.25,-939.25,SL Hit (72.30 >= 69.42),127430.0,19426.9,7.7,-17.2
2023-08-31,PE,09:45,19350,30.55,10:08,38.8,65,1985.75,-536.25,SL Hit (38.80 >= 36.66),126893.75,19366.5,3.05,-9.9
2023-09-01,PE,09:45,19300,73.75,15:15,38.95,65,4793.75,2262.0,Settlement 15:15,129155.75,19320.0,8.1,-16.55
2023-09-04,CE,09:45,19450,89.7,12:18,110.45,65,5830.5,-1348.75,SL Hit (110.45 >= 107.64),127807.0,19472.5,-12.75,2.45
2023-09-05,PE,09:45,19550,53.15,13:23,65.2,65,3454.75,-783.25,SL Hit (65.20 >= 63.78),127023.75,19568.1,11.3,-13.9
2023-09-06,PE,09:45,19600,61.6,10:01,74.2,65,4004.0,-819.0,SL Hit (74.20 >= 73.92),126204.75,19588.35,2.35,-3.85
2023-09-07,CE,09:45,19550,34.3,09:49,43.4,65,2229.5,-591.5,SL Hit (43.40 >= 41.16),125613.25,19569.2,-7.35,0.65
2023-09-08,PE,09:45,19800,95.75,10:23,122.5,65,6223.75,-1738.75,SL Hit (122.50 >= 114.90),123874.5,19778.55,20.4,-15.0
2023-09-11,PE,09:45,19900,84.55,15:15,42.55,65,5495.75,2730.0,Settlement 15:15,126604.5,19895.7,6.65,-9.55
2023-09-12,CE,09:45,20000,90.45,15:15,71.95,65,5879.25,1202.5,Settlement 15:15,127807.0,20018.6,-29.7,19.9
2023-09-13,PE,09:45,20000,70.2,15:15,25.8,65,4563.0,2886.0,Settlement 15:15,130693.0,19989.0,9.45,-14.75
2023-09-14,PE,09:45,20150,51.6,10:02,64.3,65,3354.0,-825.5,SL Hit (64.30 >= 61.92),129867.5,20148.25,-1.6,-13.2
2023-09-15,CE,09:45,20150,114.85,11:08,139.8,65,7465.25,-1621.75,SL Hit (139.80 >= 137.82),128245.75,20152.9,-5.2,1.65
2023-09-18,PE,09:45,20150,64.8,15:15,69.55,65,4212.0,-308.75,Settlement 15:15,127937.0,20164.8,9.65,-10.35
2023-09-20,CE,09:45,20000,76.35,15:15,19.85,65,4962.75,3672.5,Settlement 15:15,131609.5,20004.15,-15.2,2.3
2023-09-21,CE,09:45,19800,29.05,15:15,0.05,65,1888.25,1885.0,Settlement 15:15,133494.5,19809.75,-26.1,16.9
2023-09-22,PE,09:45,19750,93.85,09:56,114.6,65,6100.25,-1348.75,SL Hit (114.60 >= 112.62),132145.75,19737.95,1.95,-7.3
2023-09-25,PE,09:45,19700,84.5,10:06,101.9,65,5492.5,-1131.0,SL Hit (101.90 >= 101.40),131014.75,19680.45,7.75,-18.6
2023-09-26,PE,09:45,19700,75.45,12:40,90.6,65,4904.25,-984.75,SL Hit (90.60 >= 90.54),130030.0,19682.1,1.2,-9.55
2023-09-27,CE,09:45,19600,60.6,11:35,80.45,65,3939.0,-1290.25,SL Hit (80.45 >= 72.72),128739.75,19610.3,-7.15,5.9
2023-09-28,CE,09:45,19700,28.65,10:06,41.25,65,1862.25,-819.0,SL Hit (41.25 >= 34.38),127920.75,19691.55,-26.3,36.45
2023-09-29,CE,09:45,19600,109.6,11:33,131.7,65,7124.0,-1436.5,SL Hit (131.70 >= 131.52),126484.25,19590.1,-14.55,-3.9
2023-10-03,CE,09:45,19500,92.0,15:15,86.25,65,5980.0,373.75,Settlement 15:15,126858.0,19516.3,-16.9,8.3
2023-10-04,CE,09:45,19400,54.95,10:25,66.2,65,3571.75,-731.25,SL Hit (66.20 >= 65.94),126126.75,19394.35,-12.9,9.95
2023-10-05,PE,09:45,19550,26.95,10:27,37.5,65,1751.75,-685.75,SL Hit (37.50 >= 32.34),125441.0,19540.4,9.8,-33.65
2023-10-06,PE,09:45,19600,92.7,15:15,59.55,65,6025.5,2154.75,Settlement 15:15,127595.75,19593.1,3.75,-2.6
2023-10-09,PE,09:45,19550,86.35,12:50,104.65,65,5612.75,-1189.5,SL Hit (104.65 >= 103.62),126406.25,19554.1,12.5,-7.75
2023-10-10,PE,09:45,19600,66.4,15:15,41.2,65,4316.0,1638.0,Settlement 15:15,128044.25,19601.6,0.05,-2.85
2023-10-11,PE,09:45,19800,54.0,15:15,44.55,65,3510.0,614.25,Settlement 15:15,128658.5,19809.45,9.2,-14.65
2023-10-12,CE,09:45,19800,31.2,15:15,1.75,65,2028.0,1914.25,Settlement 15:15,130572.75,19809.4,-28.55,10.3
2023-10-13,PE,09:45,19700,89.5,15:15,73.3,65,5817.5,1053.0,Settlement 15:15,131625.75,19707.75,3.8,-15.9
2023-10-16,PE,09:45,19700,76.05,15:15,65.3,65,4943.25,698.75,Settlement 15:15,132324.5,19714.5,2.5,-4.8
2023-10-17,PE,09:45,19850,71.6,14:02,87.55,65,4654.0,-1036.75,SL Hit (87.55 >= 85.92),131287.75,19832.25,9.95,-16.35
2023-10-18,PE,09:45,19800,47.25,10:45,60.25,65,3071.25,-845.0,SL Hit (60.25 >= 56.70),130442.75,19819.65,14.15,-17.2
2023-10-19,CE,09:45,19550,31.6,09:50,51.2,65,2054.0,-1274.0,SL Hit (51.20 >= 37.92),129168.75,19537.8,-11.85,5.3
2023-10-20,PE,09:45,19550,94.5,11:46,113.4,65,6142.5,-1228.5,SL Hit (113.40 >= 113.40),127940.25,19567.9,3.8,-7.1
2023-10-23,CE,09:45,19550,68.75,15:15,12.45,65,4468.75,3659.5,Settlement 15:15,131599.75,19536.3,-5.05,0.3
2023-10-25,CE,09:45,19300,80.35,15:15,10.85,65,5222.75,4517.5,Settlement 15:15,136117.25,19319.85,-10.5,7.45
2023-10-26,CE,09:45,18950,34.8,15:15,0.15,65,2262.0,2252.25,Settlement 15:15,138369.5,18927.85,-63.2,42.5
2023-10-27,PE,09:45,19000,120.7,15:15,82.15,65,7845.5,2505.75,Settlement 15:15,140875.25,18993.85,14.15,-18.4
2023-10-30,CE,09:45,18950,106.45,10:10,134.25,65,6919.25,-1807.0,SL Hit (134.25 >= 127.74),139068.25,18952.4,-39.1,21.25
2023-10-31,CE,09:45,19150,90.8,15:15,54.4,65,5902.0,2366.0,Settlement 15:15,141434.25,19158.4,-20.9,16.55
2023-11-01,PE,09:45,19050,58.9,09:55,71.65,65,3828.5,-828.75,SL Hit (71.65 >= 70.68),140605.5,19067.15,7.5,-13.75
2023-11-02,PE,09:45,19150,31.2,09:52,39.95,65,2028.0,-568.75,SL Hit (39.95 >= 37.44),140036.75,19161.85,-2.3,-17.5
2023-11-03,PE,09:45,19250,73.7,14:45,94.35,65,4790.5,-1342.25,SL Hit (94.35 >= 88.44),138694.5,19248.65,6.9,-9.55
2023-11-06,PE,09:45,19350,70.6,11:05,93.2,65,4589.0,-1469.0,SL Hit (93.20 >= 84.72),137225.5,19335.8,5.75,-9.0
2023-11-08,CE,09:45,19450,45.4,15:15,38.0,65,2951.0,481.0,Settlement 15:15,137706.5,19425.4,-4.15,-0.2
2023-11-09,PE,09:45,19450,42.8,09:50,59.95,65,2782.0,-1114.75,SL Hit (59.95 >= 51.36),136591.75,19427.35,-5.85,-10.05
2023-11-10,PE,09:45,19350,82.35,15:15,49.1,65,5352.75,2161.25,Settlement 15:15,138753.0,19355.05,-3.1,-5.7
2023-11-13,CE,09:45,19450,71.0,10:04,86.75,65,4615.0,-1023.75,SL Hit (86.75 >= 85.20),137729.25,19448.95,-10.05,5.95
2023-11-15,PE,09:45,19650,58.6,15:15,31.4,65,3809.0,1768.0,Settlement 15:15,139497.25,19625.8,6.9,-23.45
2023-11-16,PE,09:45,19700,20.7,09:50,25.0,65,1345.5,-279.5,SL Hit (25.00 >= 24.84),139217.75,19706.45,35.0,-44.85
2023-11-17,PE,09:45,19800,92.65,13:55,111.65,65,6022.25,-1235.0,SL Hit (111.65 >= 111.18),137982.75,19782.2,25.6,-20.2
2023-11-20,CE,09:45,19700,107.8,10:29,132.6,65,7007.0,-1612.0,SL Hit (132.60 >= 129.36),136370.75,19714.2,-23.05,7.3
2023-11-21,PE,09:45,19800,67.9,15:15,57.15,65,4413.5,698.75,Settlement 15:15,137069.5,19784.15,11.0,-22.15
2023-11-22,PE,09:45,19800,47.6,11:54,60.1,65,3094.0,-812.5,SL Hit (60.10 >= 57.12),136257.0,19807.35,4.4,-5.15
2023-11-23,PE,09:45,19850,21.65,09:46,30.3,65,1407.25,-562.25,SL Hit (30.30 >= 25.98),135694.75,19865.35,0.1,-7.05
2023-11-24,CE,09:45,19800,107.75,15:15,96.85,65,7003.75,708.5,Settlement 15:15,136403.25,19812.15,-23.35,9.0
2023-11-28,PE,09:45,19850,61.8,10:18,74.3,65,4017.0,-812.5,SL Hit (74.30 >= 74.16),135590.75,19830.5,-3.15,-3.95
2023-11-29,PE,09:45,20000,41.5,15:15,12.3,65,2697.5,1898.0,Settlement 15:15,137488.75,20004.8,21.1,-14.35
2023-11-30,CE,09:45,20100,48.1,15:15,31.0,65,3126.5,1111.5,Settlement 15:15,138600.25,20115.3,-14.0,4.25
2023-12-01,PE,09:45,20200,91.0,15:15,81.3,65,5915.0,630.5,Settlement 15:15,139230.75,20222.35,6.9,-6.7
2023-12-04,PE,09:45,20550,79.2,15:15,47.25,65,5148.0,2076.75,Settlement 15:15,141307.5,20564.6,8.9,-24.75
2023-12-05,PE,09:45,20800,96.85,11:33,120.35,65,6295.25,-1527.5,SL Hit (120.35 >= 116.22),139780.0,20786.0,29.3,-33.8
2023-12-06,CE,09:45,20950,70.5,15:15,55.95,65,4582.5,945.75,Settlement 15:15,140725.75,20933.2,-13.5,2.05
2023-12-07,PE,09:45,20900,40.95,09:48,49.85,65,2661.75,-578.5,SL Hit (49.85 >= 49.14),140147.25,20880.9,-7.9,-14.95
2023-12-08,PE,09:45,20950,83.5,11:05,104.05,65,5427.5,-1335.75,SL Hit (104.05 >= 100.20),138811.5,20970.6,13.55,-11.8
2023-12-11,CE,09:45,21000,97.55,10:23,117.95,65,6340.75,-1326.0,SL Hit (117.95 >= 117.06),137485.5,20979.25,-7.0,3.05
2023-12-12,CE,09:45,21000,107.55,15:15,58.0,65,6990.75,3220.75,Settlement 15:15,140706.25,21020.55,-7.75,1.45
2023-12-13,CE,09:45,20900,77.75,15:15,67.35,65,5053.75,676.0,Settlement 15:15,141382.25,20880.0,-17.2,-1.65
2023-12-14,PE,09:45,21150,44.6,15:15,0.1,65,2899.0,2892.5,Settlement 15:15,144274.75,21138.3,8.55,-40.4
2023-12-15,CE,09:45,21250,159.25,10:24,201.05,65,10351.25,-2717.0,SL Hit (201.05 >= 191.10),141557.75,21267.45,-6.65,-0.25
2023-12-18,PE,09:45,21450,114.7,15:15,118.1,65,7455.5,-221.0,Settlement 15:15,141336.75,21434.8,18.35,-14.45
2023-12-19,CE,09:45,21350,107.5,11:12,130.35,65,6987.5,-1485.25,SL Hit (130.35 >= 129.00),139851.5,21373.1,-32.35,15.3
2023-12-20,PE,09:45,21550,50.45,10:07,61.7,65,3279.25,-731.25,SL Hit (61.70 >= 60.54),139120.25,21574.55,18.6,-22.4
2023-12-21,PE,09:45,21100,69.45,09:48,85.35,65,4514.25,-1033.5,SL Hit (85.35 >= 83.34),138086.75,21087.35,13.7,-53.9
2023-12-22,PE,09:45,21300,112.7,13:50,136.95,65,7325.5,-1576.25,SL Hit (136.95 >= 135.24),136510.5,21276.25,5.55,-13.55
2023-12-26,PE,09:45,21350,82.9,15:15,44.8,65,5388.5,2476.5,Settlement 15:15,138987.0,21365.55,12.15,-12.3
2023-12-27,PE,09:45,21550,69.0,15:15,24.4,65,4485.0,2899.0,Settlement 15:15,141886.0,21552.35,21.7,-18.15
2023-12-28,PE,09:45,21750,51.6,10:03,66.85,65,3354.0,-991.25,SL Hit (66.85 >= 61.92),140894.75,21740.55,14.9,-16.2
2023-12-29,PE,09:45,21750,143.75,10:14,178.1,65,9343.75,-2232.75,SL Hit (178.10 >= 172.50),138662.0,21727.75,-1.1,-3.3
2024-01-01,PE,09:45,21700,102.95,15:15,62.2,65,6691.75,2648.75,Settlement 15:15,141310.75,21707.25,-2.15,-7.9
2024-01-02,PE,09:45,21750,91.15,09:55,109.55,65,5924.75,-1196.0,SL Hit (109.55 >= 109.38),140114.75,21731.2,5.95,-6.2
2024-01-03,CE,09:45,21550,92.95,15:15,34.05,65,6041.75,3828.5,Settlement 15:15,143943.25,21570.2,-26.35,12.9
2024-01-04,PE,09:45,21600,25.65,09:48,31.75,65,1667.25,-396.5,SL Hit (31.75 >= 30.78),143546.75,21613.65,9.65,-34.25
2024-01-05,CE,09:45,21700,138.75,15:15,123.15,65,9018.75,1014.0,Settlement 15:15,144560.75,21723.75,-11.2,2.25
2024-01-08,CE,09:45,21650,108.0,10:28,130.1,65,7020.0,-1436.5,SL Hit (130.10 >= 129.60),143124.25,21650.15,-37.25,31.85
2024-01-09,CE,09:45,21600,110.55,10:19,138.3,65,7185.75,-1803.75,SL Hit (138.30 >= 132.66),141320.5,21613.75,-2.6,9.7
2024-01-10,PE,09:45,21550,85.65,10:06,103.95,65,5567.25,-1189.5,SL Hit (103.95 >= 102.78),140131.0,21541.75,8.1,-5.05
2024-01-11,CE,09:45,21700,27.85,15:15,0.15,65,1810.25,1800.5,Settlement 15:15,141931.5,21684.6,-14.8,8.0
2024-01-12,PE,09:45,21750,121.2,15:15,69.85,65,7878.0,3337.75,Settlement 15:15,145269.25,21742.2,13.6,-22.85
2024-01-15,PE,09:45,22050,119.65,09:54,147.55,65,7777.25,-1813.5,SL Hit (147.55 >= 143.58),143455.75,22050.35,13.4,-11.2
2024-01-16,PE,09:45,22050,95.15,13:32,118.5,65,6184.75,-1517.75,SL Hit (118.50 >= 114.18),141938.0,22072.55,5.35,-4.3
2024-01-17,CE,09:45,21850,75.2,15:15,10.85,65,4888.0,4182.75,Settlement 15:15,146120.75,21825.25,-41.65,-0.3
2024-01-18,CE,09:45,21400,42.1,10:09,63.95,65,2736.5,-1420.25,SL Hit (63.95 >= 50.52),144700.5,21379.65,-45.0,24.45
2024-01-19,CE,09:45,21650,151.85,15:15,158.1,65,9870.25,-406.25,Settlement 15:15,144294.25,21628.4,-0.55,3.85
2024-01-20,CE,09:45,21650,168.35,15:15,118.3,65,10942.75,3253.25,Settlement 15:15,147547.5,21646.25,-15.95,33.95
2024-01-23,CE,09:45,21750,118.8,15:15,12.05,65,7722.0,6938.75,Settlement 15:15,154486.25,21727.75,-0.1,1.95
2024-01-24,PE,09:45,21300,109.15,11:32,137.85,65,7094.75,-1865.5,SL Hit (137.85 >= 130.98),152620.75,21290.3,49.35,-56.7
2024-01-25,CE,09:45,21350,74.3,09:49,89.4,65,4829.5,-981.5,SL Hit (89.40 >= 89.16),151639.25,21372.1,-57.75,19.2
2024-01-29,PE,09:45,21550,156.25,15:15,92.9,65,10156.25,4117.75,Settlement 15:15,155757.0,21536.7,59.4,-21.35
2024-01-30,CE,09:45,21750,213.7,15:15,68.7,65,13890.5,9425.0,Settlement 15:15,165182.0,21748.35,-8.65,19.15
2024-01-31,PE,09:45,21600,136.45,15:15,74.25,65,8869.25,4043.0,Settlement 15:15,169225.0,21578.1,48.2,-64.8
2024-02-01,PE,09:45,21750,101.45,11:17,127.2,65,6594.25,-1673.75,SL Hit (127.20 >= 121.74),167551.25,21752.55,-36.15,-43.45
2024-02-02,PE,09:45,21900,126.3,13:13,155.95,65,8209.5,-1927.25,SL Hit (155.95 >= 151.56),165624.0,21916.45,56.45,-43.45
2024-02-05,PE,09:45,21900,157.3,10:21,192.85,65,10224.5,-2310.75,SL Hit (192.85 >= 188.76),163313.25,21902.5,27.2,-17.25
2024-02-06,PE,09:45,21850,151.9,15:15,95.35,65,9873.5,3675.75,Settlement 15:15,166989.0,21846.8,22.2,-26.6
2024-02-07,CE,09:45,22000,106.55,15:15,55.75,65,6925.75,3302.0,Settlement 15:15,170291.0,21975.0,-21.75,19.95
2024-02-08,CE,09:45,21950,69.35,15:15,0.15,65,4507.75,4498.0,Settlement 15:15,174789.0,21966.65,-14.2,8.35
2024-02-09,PE,09:45,21750,165.4,09:54,204.0,65,10751.0,-2509.0,SL Hit (204.00 >= 198.48),172280.0,21735.6,10.55,-15.7
2024-02-12,CE,09:45,21750,156.1,15:15,83.3,65,10146.5,4732.0,Settlement 15:15,177012.0,21747.9,-21.6,12.05
2024-02-13,CE,09:45,21600,138.8,09:59,173.2,65,9022.0,-2236.0,SL Hit (173.20 >= 166.56),174776.0,21606.55,-26.45,20.1
2024-02-14,CE,09:45,21550,91.75,09:53,115.45,65,5963.75,-1540.5,SL Hit (115.45 >= 110.10),173235.5,21559.7,-26.75,4.8
2024-02-15,CE,09:45,21850,54.0,09:48,65.1,65,3510.0,-721.5,SL Hit (65.10 >= 64.80),172514.0,21840.9,-39.3,20.6
2024-02-16,CE,09:45,22000,176.55,15:15,183.9,65,11475.75,-477.75,Settlement 15:15,172036.25,21989.35,2.65,2.95
2024-02-19,CE,09:45,22050,138.3,10:25,166.2,65,8989.5,-1813.5,SL Hit (166.20 >= 165.96),170222.75,22057.7,-21.05,17.15
2024-02-20,PE,09:45,22100,128.45,09:53,156.2,65,8349.25,-1803.75,SL Hit (156.20 >= 154.14),168419.0,22110.05,15.2,-16.9
2024-02-21,PE,09:45,22250,111.85,10:27,135.35,65,7270.25,-1527.5,SL Hit (135.35 >= 134.22),166891.5,22234.05,3.35,-19.55
2024-02-22,CE,09:45,22050,56.0,14:46,72.0,65,3640.0,-1040.0,SL Hit (72.00 >= 67.20),165851.5,22050.6,-0.35,1.4
2024-02-23,PE,09:45,22250,147.2,15:15,157.0,65,9568.0,-637.0,Settlement 15:15,165214.5,22260.15,9.05,-7.8
2024-02-26,PE,09:45,22200,131.7,09:52,163.15,65,8560.5,-2044.25,SL Hit (163.15 >= 158.04),163170.25,22198.2,21.55,-22.4
2024-02-27,PE,09:45,22150,134.1,15:15,85.25,65,8716.5,3175.25,Settlement 15:15,166345.5,22138.15,15.0,-11.6
2024-02-28,PE,09:45,22200,92.7,10:50,121.0,65,6025.5,-1839.5,SL Hit (121.00 >= 111.24),164506.0,22210.15,-3.55,-3.9
2024-02-29,PE,09:45,21950,68.95,10:10,92.05,65,4481.75,-1501.5,SL Hit (92.05 >= 82.74),163004.5,21957.3,13.1,-28.75
2024-03-01,PE,09:45,22200,164.9,15:15,96.7,65,10718.5,4433.0,Settlement 15:15,167437.5,22175.5,25.3,-16.15
2024-03-02,PE,09:45,22400,155.75,15:15,127.15,65,10123.75,1859.0,Settlement 15:15,169296.5,22406.0,13.65,-6.25
2024-03-04,CE,09:45,22400,140.9,15:15,117.6,65,9158.5,1514.5,Settlement 15:15,170811.0,22387.8,-7.55,6.1
2024-03-05,PE,09:45,22350,113.6,10:19,136.8,65,7384.0,-1508.0,SL Hit (136.80 >= 136.32),169303.0,22363.8,-2.8,-7.85
2024-03-06,PE,09:45,22350,91.05,09:54,109.55,65,5918.25,-1202.5,SL Hit (109.55 >= 109.26),168100.5,22350.75,22.3,-26.05
2024-03-07,CE,09:45,22500,36.75,15:15,2.35,65,2388.75,2236.0,Settlement 15:15,170336.5,22480.55,-18.1,-8.3
2024-03-11,CE,09:45,22450,138.65,15:15,71.8,65,9012.25,4345.25,Settlement 15:15,174681.75,22472.35,-18.65,3.0
2024-03-12,PE,09:45,22400,90.15,10:45,109.2,65,5859.75,-1238.25,SL Hit (109.20 >= 108.18),173443.5,22417.35,32.35,-30.85
2024-03-13,CE,09:45,22350,105.25,15:15,8.15,65,6841.25,6311.5,Settlement 15:15,179755.0,22332.0,-25.05,16.95
2024-03-14,PE,09:45,22000,53.65,09:51,67.7,65,3487.25,-913.25,SL Hit (67.70 >= 64.38),178841.75,22007.75,27.0,-53.15
2024-03-15,CE,09:45,22050,167.9,15:15,149.15,65,10913.5,1218.75,Settlement 15:15,180060.5,22044.55,-27.1,37.7
2024-03-18,CE,09:45,21950,155.75,10:18,190.45,65,10123.75,-2255.5,SL Hit (190.45 >= 186.90),177805.0,21959.45,-9.95,19.1
2024-03-19,CE,09:45,21950,138.0,15:15,54.15,65,8970.0,5450.25,Settlement 15:15,183255.25,21965.7,-10.4,9.9
2024-03-20,PE,09:45,21850,81.7,09:59,104.15,65,5310.5,-1459.25,SL Hit (104.15 >= 98.04),181796.0,21859.6,-1.55,-6.65
2024-03-21,CE,09:45,22000,40.15,10:04,59.0,65,2609.75,-1225.25,SL Hit (59.00 >= 48.18),180570.75,22004.35,-13.55,-10.55
2024-03-22,CE,09:45,21900,180.15,09:59,223.9,65,11709.75,-2843.75,SL Hit (223.90 >= 216.18),177727.0,21916.05,-41.8,23.75
2024-03-26,CE,09:45,22000,151.8,10:30,185.35,65,9867.0,-2180.75,SL Hit (185.35 >= 182.16),175546.25,22012.85,-34.7,7.75
2024-03-27,PE,09:45,22100,60.45,15:15,33.2,65,3929.25,1771.25,Settlement 15:15,177317.5,22118.6,31.25,-29.55
2024-03-28,PE,09:45,22250,37.8,15:15,5.95,65,2457.0,2070.25,Settlement 15:15,179387.75,22257.6,46.15,-42.6
2024-04-01,PE,09:45,22500,120.6,15:15,105.75,65,7839.0,965.25,Settlement 15:15,180353.0,22492.6,14.05,-20.55
2024-04-02,PE,09:45,22450,96.0,10:26,115.2,65,6240.0,-1248.0,SL Hit (115.20 >= 115.20),179105.0,22473.55,15.65,-18.4
2024-04-03,CE,09:45,22350,71.35,10:02,94.4,65,4637.75,-1498.25,SL Hit (94.40 >= 85.62),177606.75,22374.45,-13.3,3.7
2024-04-04,CE,09:45,22450,57.25,13:22,78.8,65,3721.25,-1400.75,SL Hit (78.80 >= 68.70),176206.0,22470.65,-57.55,39.95
2024-04-05,PE,09:45,22450,116.6,15:15,85.5,65,7579.0,2021.5,Settlement 15:15,178227.5,22474.4,12.5,-6.2
2024-04-08,PE,09:45,22600,94.6,15:15,60.2,65,6149.0,2236.0,Settlement 15:15,180463.5,22609.15,22.75,-24.0
2024-04-09,PE,09:45,22750,74.2,12:34,91.85,65,4823.0,-1147.25,SL Hit (91.85 >= 89.04),179316.25,22736.85,8.75,-19.0
2024-04-10,PE,09:45,22700,40.65,09:53,49.4,65,2642.25,-568.75,SL Hit (49.40 >= 48.78),178747.5,22715.85,4.85,-18.5
2024-04-12,CE,09:45,22650,133.45,15:15,80.55,65,8674.25,3438.5,Settlement 15:15,182186.0,22650.6,-19.15,3.75
2024-04-15,CE,09:45,22300,151.6,09:57,189.2,65,9854.0,-2444.0,SL Hit (189.20 >= 181.92),179742.0,22284.35,-46.65,32.3
2024-04-16,PE,09:45,22200,104.45,12:43,125.8,65,6789.25,-1387.75,SL Hit (125.80 >= 125.34),178354.25,22178.8,-3.15,-6.3
2024-04-18,CE,09:45,22200,45.5,11:05,60.5,65,2957.5,-975.0,SL Hit (60.50 >= 54.60),177379.25,22204.45,-28.25,23.7
2024-04-19,PE,09:45,21850,171.2,15:15,70.9,65,11128.0,6519.5,Settlement 15:15,183898.75,21842.6,6.95,-9.9
2024-04-22,CE,09:45,22200,138.8,11:03,168.0,65,9022.0,-1898.0,SL Hit (168.00 >= 166.56),182000.75,22218.2,-20.15,23.1
2024-04-23,CE,09:45,22400,91.75,15:15,78.1,65,5963.75,887.25,Settlement 15:15,182888.0,22394.25,-1.65,0.05
2024-04-24,CE,09:45,22400,82.6,09:51,99.7,65,5369.0,-1111.5,SL Hit (99.70 >= 99.12),181776.5,22414.0,-2.5,-0.5
2024-04-25,PE,09:45,22400,54.45,10:53,68.8,65,3539.25,-932.75,SL Hit (68.80 >= 65.34),180843.75,22393.45,32.15,-22.5
2024-04-26,PE,09:45,22600,129.6,10:06,159.75,65,8424.0,-1959.75,SL Hit (159.75 >= 155.52),178884.0,22589.95,12.2,0.6
2024-04-29,PE,09:45,22500,95.0,09:58,117.45,65,6175.0,-1459.25,SL Hit (117.45 >= 114.00),177424.75,22480.35,1.4,-2.7
2024-04-30,PE,09:45,22700,78.9,15:00,97.7,65,5128.5,-1222.0,SL Hit (97.70 >= 94.68),176202.75,22703.95,22.95,-11.4
2024-05-02,PE,09:45,22650,39.35,09:50,51.3,65,2557.75,-776.75,SL Hit (51.30 >= 47.22),175426.0,22664.7,-5.65,-15.1
2024-05-03,PE,09:45,22750,114.4,10:08,138.25,65,7436.0,-1550.25,SL Hit (138.25 >= 137.28),173875.75,22766.2,3.85,3.0
2024-05-08,PE,09:45,22250,91.05,10:31,110.7,65,5918.25,-1277.25,SL Hit (110.70 >= 109.26),172598.5,22260.25,14.1,-27.1
2024-05-09,CE,09:45,22250,56.35,15:15,0.1,65,3662.75,3656.25,Settlement 15:15,176254.75,22247.75,-44.65,24.65
2024-05-10,PE,09:45,22050,144.2,12:58,175.9,65,9373.0,-2060.5,SL Hit (175.90 >= 173.04),174194.25,22062.4,31.8,-28.4
2024-05-13,CE,09:45,21900,145.4,11:33,179.1,65,9451.0,-2190.5,SL Hit (179.10 >= 174.48),172003.75,21881.1,-71.3,55.0
2024-05-14,CE,09:45,22150,112.2,12:52,135.0,65,7293.0,-1482.0,SL Hit (135.00 >= 134.64),170521.75,22144.55,-13.9,18.1
2024-05-15,PE,09:45,22300,91.3,09:58,113.45,65,5934.5,-1439.75,SL Hit (113.45 >= 109.56),169082.0,22295.55,16.25,-28.85
2024-05-16,CE,09:45,22250,54.35,12:14,71.45,65,3532.75,-1111.5,SL Hit (71.45 >= 65.22),167970.5,22244.6,-20.0,31.55
2024-05-17,CE,09:45,22350,161.55,10:25,195.85,65,10500.75,-2229.5,SL Hit (195.85 >= 193.86),165741.0,22353.8,-19.05,6.35
2024-05-18,PE,09:45,22500,131.3,15:15,114.45,65,8534.5,1095.25,Settlement 15:15,166836.25,22510.25,3.55,-5.4
2024-05-21,CE,09:45,22500,113.65,11:56,145.75,65,7387.25,-2086.5,SL Hit (145.75 >= 136.38),164749.75,22479.5,-28.35,8.85
2024-05-22,CE,09:45,22500,90.75,09:56,108.95,65,5898.75,-1183.0,SL Hit (108.95 >= 108.90),163566.75,22492.65,-31.9,29.6
2024-05-23,PE,09:45,22650,58.65,15:15,0.2,65,3812.25,3799.25,Settlement 15:15,167366.0,22668.45,53.65,-27.6
2024-05-24,PE,09:45,23000,165.6,15:15,142.05,65,10764.0,1530.75,Settlement 15:15,168896.75,22980.95,27.65,-15.85
2024-05-27,CE,09:45,23000,164.7,11:54,206.4,65,10705.5,-2710.5,SL Hit (206.40 >= 197.64),166186.25,22990.95,-8.3,-3.5
2024-05-28,CE,09:45,22950,151.95,15:15,108.0,65,9876.75,2856.75,Settlement 15:15,169043.0,22954.6,-9.55,5.65
2024-05-29,CE,09:45,22800,124.95,15:15,59.55,65,8121.75,4251.0,Settlement 15:15,173294.0,22806.8,-15.5,-2.0
2024-05-30,CE,09:45,22600,77.8,15:15,0.2,65,5057.0,5044.0,Settlement 15:15,178338.0,22611.4,-25.8,30.3
2024-05-31,PE,09:45,22650,388.45,14:32,474.0,65,25249.25,-5560.75,SL Hit (474.00 >= 466.14),172777.25,22627.85,-22.05,-50.1
2024-06-03,CE,09:45,23100,257.65,09:55,321.25,65,16747.25,-4134.0,SL Hit (321.25 >= 309.18),168643.25,23084.65,-66.6,6.15
2024-06-04,CE,09:45,22600,432.0,15:15,154.2,65,28080.0,18057.0,Settlement 15:15,186700.25,22618.15,7.7,162.5
2024-06-05,CE,09:45,21950,158.4,10:09,204.5,65,10296.0,-2996.5,SL Hit (204.50 >= 190.08),183703.75,21943.25,-101.7,-9.1
2024-06-06,PE,09:45,22750,130.1,15:15,0.15,65,8456.5,8446.75,Settlement 15:15,192150.5,22736.8,0.4,-38.5
2024-06-07,PE,09:45,22950,243.4,15:15,97.4,65,15821.0,9490.0,Settlement 15:15,201640.5,22934.3,54.6,-37.6
2024-06-10,CE,09:45,23300,200.0,15:15,136.85,65,13000.0,4104.75,Settlement 15:15,205745.25,23303.25,-55.0,34.9
2024-06-11,PE,09:45,23250,145.55,15:15,114.0,65,9460.75,2050.75,Settlement 15:15,207796.0,23258.85,-2.85,-24.45
2024-06-12,PE,09:45,23400,109.9,14:08,132.3,65,7143.5,-1456.0,SL Hit (132.30 >= 131.88),206340.0,23375.7,16.45,-33.0
2024-06-13,CE,09:45,23400,45.9,15:15,0.85,65,2983.5,2928.25,Settlement 15:15,209268.25,23386.25,-30.35,19.55
2024-06-14,CE,09:45,23350,132.5,10:00,171.15,65,8612.5,-2512.25,SL Hit (171.15 >= 159.00),206756.0,23340.65,-37.6,25.8
2024-06-18,PE,09:45,23550,80.35,10:24,99.75,65,5222.75,-1261.0,SL Hit (99.75 >= 96.42),205495.0,23565.8,31.25,-29.7
2024-06-19,CE,09:45,23550,93.55,14:32,129.05,65,6080.75,-2307.5,SL Hit (129.05 >= 112.26),203187.5,23566.25,-8.45,16.2
2024-06-20,CE,09:45,23500,60.9,12:06,73.3,65,3958.5,-806.0,SL Hit (73.30 >= 73.08),202381.5,23501.15,-18.3,15.9
2024-06-21,CE,09:45,23600,128.95,15:15,73.35,65,8381.75,3614.0,Settlement 15:15,205995.5,23579.3,-10.3,4.6
2024-06-24,CE,09:45,23400,113.3,10:08,136.45,65,7364.5,-1504.75,SL Hit (136.45 >= 135.96),204490.75,23401.1,-8.5,4.4
2024-06-25,PE,09:45,23600,110.25,15:15,54.35,65,7166.25,3633.5,Settlement 15:15,208124.25,23595.65,11.5,-14.5
2024-06-26,CE,09:45,23700,84.45,10:18,107.45,65,5489.25,-1495.0,SL Hit (107.45 >= 101.34),206629.25,23693.1,-22.9,8.9
2024-06-27,PE,09:45,23850,60.6,15:15,0.2,65,3939.0,3926.0,Settlement 15:15,210555.25,23871.4,10.45,-30.85
2024-06-28,PE,09:45,24150,162.85,12:21,201.05,65,10585.25,-2483.0,SL Hit (201.05 >= 195.42),208072.25,24148.95,28.4,-22.05
2024-07-01,PE,09:45,24100,139.5,15:15,102.8,65,9067.5,2385.5,Settlement 15:15,210457.75,24077.05,22.95,-27.2
2024-07-02,CE,09:45,24100,122.9,10:02,150.65,65,7988.5,-1803.75,SL Hit (150.65 >= 147.48),208654.0,24075.1,-41.6,45.6
2024-07-03,PE,09:45,24300,99.85,15:15,79.3,65,6490.25,1335.75,Settlement 15:15,209989.75,24285.1,35.55,-33.45
2024-07-04,PE,09:45,24400,42.3,10:18,64.55,65,2749.5,-1446.25,SL Hit (64.55 >= 50.76),208543.5,24396.65,15.2,-58.75
2024-07-05,CE,09:45,24200,156.35,11:36,194.3,65,10162.75,-2466.75,SL Hit (194.30 >= 187.62),206076.75,24218.65,-13.05,6.7
2024-07-08,CE,09:45,24300,101.9,10:27,124.65,65,6623.5,-1478.75,SL Hit (124.65 >= 122.28),204598.0,24276.6,-10.5,10.7
2024-07-09,PE,09:45,24400,97.2,15:15,61.2,65,6318.0,2340.0,Settlement 15:15,206938.0,24381.4,13.0,-21.8
2024-07-10,CE,09:45,24350,95.0,15:15,52.35,65,6175.0,2772.25,Settlement 15:15,209710.25,24371.9,-39.95,19.15
2024-07-11,CE,09:45,24350,26.9,09:47,32.6,65,1748.5,-370.5,SL Hit (32.60 >= 32.28),209339.75,24333.5,-33.5,9.9
2024-07-12,PE,09:45,24400,97.45,09:56,122.5,65,6334.25,-1628.25,SL Hit (122.50 >= 116.94),207711.5,24417.6,29.35,-19.3
2024-07-15,CE,09:45,24550,113.1,10:41,145.3,65,7351.5,-2093.0,SL Hit (145.30 >= 135.72),205618.5,24552.95,-8.2,2.45
2024-07-16,PE,09:45,24650,94.3,15:15,78.85,65,6129.5,1004.25,Settlement 15:15,206622.75,24635.3,6.55,-9.7
2024-07-18,PE,09:45,24600,50.05,11:12,69.1,65,3253.25,-1238.25,SL Hit (69.10 >= 60.06),205384.5,24585.75,1.8,-23.1
2024-07-19,CE,09:45,24750,223.5,15:15,138.85,65,14527.5,5502.25,Settlement 15:15,210886.75,24746.3,-16.95,11.75
2024-07-22,PE,09:45,24500,235.95,15:15,211.95,65,15336.75,1560.0,Settlement 15:15,212446.75,24499.6,44.0,-39.15
2024-07-23,CE,09:45,24500,216.85,15:15,91.9,65,14095.25,8121.75,Settlement 15:15,220568.5,24502.65,-13.7,41.7
2024-07-24,CE,09:45,24400,101.25,10:16,131.6,65,6581.25,-1972.75,SL Hit (131.60 >= 121.50),218595.75,24413.2,-9.75,15.9
2024-07-25,PE,09:45,24300,74.4,09:46,89.8,65,4836.0,-1001.0,SL Hit (89.80 >= 89.28),217594.75,24277.75,-5.45,-38.7
2024-07-26,PE,09:45,24500,130.0,15:15,33.95,65,8450.0,6243.25,Settlement 15:15,223838.0,24524.65,39.65,-40.85
2024-07-29,CE,09:45,24900,124.75,10:58,152.15,65,8108.75,-1781.0,SL Hit (152.15 >= 149.70),222057.0,24903.0,-40.7,27.25
2024-07-30,PE,09:45,24850,93.7,09:48,113.2,65,6090.5,-1267.5,SL Hit (113.20 >= 112.44),220789.5,24874.55,35.6,-29.7
2024-07-31,CE,09:45,24900,88.75,09:58,109.3,65,5768.75,-1335.75,SL Hit (109.30 >= 106.50),219453.75,24878.2,-8.05,17.85
2024-08-01,PE,09:45,25050,49.35,11:49,63.05,65,3207.75,-890.5,SL Hit (63.05 >= 59.22),218563.25,25046.6,-5.85,-32.05
2024-08-02,CE,09:45,24750,155.4,15:15,118.6,65,10101.0,2392.0,Settlement 15:15,220955.25,24750.1,-27.6,48.65
2024-08-05,CE,09:45,24250,177.95,09:57,219.4,65,11566.75,-2694.25,SL Hit (219.40 >= 213.54),218261.0,24255.4,-44.15,38.35
2024-08-06,CE,09:45,24300,143.9,09:59,173.0,65,9353.5,-1891.5,SL Hit (173.00 >= 172.68),216369.5,24290.4,-10.4,14.25
2024-08-07,CE,09:45,24250,120.5,10:30,168.0,65,7832.5,-3087.5,SL Hit (168.00 >= 144.60),213282.0,24255.75,-0.2,8.75
2024-08-08,CE,09:45,24250,94.3,12:14,125.35,65,6129.5,-2018.25,SL Hit (125.35 >= 113.16),211263.75,24230.95,22.2,26.1
2024-08-09,PE,09:45,24400,160.65,10:23,197.9,65,10442.25,-2421.25,SL Hit (197.90 >= 192.78),208842.5,24401.55,32.0,-31.95
2024-08-12,CE,09:45,24250,154.3,10:40,187.1,65,10029.5,-2132.0,SL Hit (187.10 >= 185.16),206710.5,24254.05,-32.4,3.55
2024-08-13,PE,09:45,24350,97.0,10:22,122.2,65,6305.0,-1638.0,SL Hit (122.20 >= 116.40),205072.5,24345.55,-0.2,-11.15
2024-08-14,PE,09:45,24150,41.45,09:53,57.6,65,2694.25,-1049.75,SL Hit (57.60 >= 49.74),204022.75,24150.1,-20.6,-25.75
2024-08-16,CE,09:45,24350,146.5,12:03,178.0,65,9522.5,-2047.5,SL Hit (178.00 >= 175.80),201975.25,24327.15,-9.6,0.6
2024-08-19,CE,09:45,24600,128.2,15:15,93.3,65,8333.0,2268.5,Settlement 15:15,204243.75,24618.2,-9.8,7.4
2024-08-20,PE,09:45,24650,83.6,15:15,65.8,65,5434.0,1157.0,Settlement 15:15,205400.75,24664.9,28.25,-36.75
2024-08-21,PE,09:45,24700,78.5,15:15,32.0,65,5102.5,3022.5,Settlement 15:15,208423.25,24691.3,5.0,-4.2
2024-08-22,PE,09:45,24850,60.2,09:48,73.25,65,3913.0,-848.25,SL Hit (73.25 >= 72.24),207575.0,24828.05,-10.0,-11.25
2024-08-23,CE,09:45,24800,139.95,10:46,168.3,65,9096.75,-1842.75,SL Hit (168.30 >= 167.94),205732.25,24788.2,-10.05,6.6
2024-08-26,PE,09:45,24950,85.95,15:15,63.1,65,5586.75,1485.25,Settlement 15:15,207217.5,24969.25,42.65,-48.05
2024-08-27,CE,09:45,25000,96.8,09:58,117.2,65,6292.0,-1326.0,SL Hit (117.20 >= 116.16),205891.5,25000.5,-13.7,6.15
2024-08-28,CE,09:45,25000,76.5,09:52,93.9,65,4972.5,-1131.0,SL Hit (93.90 >= 91.80),204760.5,24988.9,-4.75,0.5
2024-08-29,PE,09:45,25050,40.35,14:03,71.55,65,2622.75,-2028.0,SL Hit (71.55 >= 48.42),202732.5,25064.85,22.55,-20.05
2024-08-30,PE,09:45,25200,112.2,15:15,80.2,65,7293.0,2080.0,Settlement 15:15,204812.5,25222.5,4.5,-3.55
2024-09-02,PE,09:45,25300,106.7,12:45,130.5,65,6935.5,-1547.0,SL Hit (130.50 >= 128.04),203265.5,25308.95,0.15,-0.7
2024-09-03,PE,09:45,25250,79.35,15:15,67.4,65,5157.75,776.75,Settlement 15:15,204042.25,25274.25,14.85,-19.7
2024-09-04,CE,09:45,25100,79.55,10:10,96.25,65,5170.75,-1085.5,SL Hit (96.25 >= 95.46),202956.75,25093.55,-28.35,13.85
2024-09-05,CE,09:45,25200,46.9,15:15,0.1,65,3048.5,3042.0,Settlement 15:15,205998.75,25206.65,-19.95,18.5
2024-09-06,CE,09:45,25050,136.65,15:15,79.65,65,8882.25,3705.0,Settlement 15:15,209703.75,25028.0,-44.7,63.4
2024-09-09,PE,09:45,24850,126.0,15:15,75.95,65,8190.0,3253.25,Settlement 15:15,212957.0,24844.0,10.85,-43.2
2024-09-10,CE,09:45,24950,89.35,11:43,109.85,65,5807.75,-1332.5,SL Hit (109.85 >= 107.22),211624.5,24962.15,-21.35,21.35
2024-09-11,PE,09:45,25050,87.85,09:55,105.7,65,5710.25,-1160.25,SL Hit (105.70 >= 105.42),210464.25,25066.9,25.3,-19.55
2024-09-12,PE,09:45,25050,66.8,09:54,99.3,65,4342.0,-2112.5,SL Hit (99.30 >= 80.16),208351.75,25040.7,9.95,-8.5
2024-09-13,PE,09:45,25350,148.7,15:15,131.65,65,9665.5,1108.25,Settlement 15:15,209460.0,25351.05,-1.0,-4.0
2024-09-16,PE,09:45,25450,116.15,11:00,141.45,65,7549.75,-1644.5,SL Hit (141.45 >= 139.38),207815.5,25438.2,24.9,-35.35
2024-09-17,CE,09:45,25400,100.65,13:42,121.0,65,6542.25,-1322.75,SL Hit (121.00 >= 120.78),206492.75,25391.2,-2.15,1.5
2024-09-18,PE,09:45,25450,108.85,13:03,133.15,65,7075.25,-1579.5,SL Hit (133.15 >= 130.62),204913.25,25428.55,18.85,-10.95
2024-09-19,PE,09:45,25600,35.1,09:48,45.5,65,2281.5,-676.0,SL Hit (45.50 >= 42.12),204237.25,25609.4,20.55,-78.4
2024-09-20,CE,09:45,25450,168.7,09:51,204.6,65,10965.5,-2333.5,SL Hit (204.60 >= 202.44),201903.75,25455.75,-35.3,38.2
2024-09-23,PE,09:45,25900,135.55,15:15,110.5,65,8810.75,1628.25,Settlement 15:15,203532.0,25897.25,14.7,-6.2
2024-09-24,PE,09:45,25950,111.8,15:15,100.9,65,7267.0,708.5,Settlement 15:15,204240.5,25958.3,17.0,-21.15
2024-09-25,PE,09:45,25950,92.6,11:46,116.65,65,6019.0,-1563.25,SL Hit (116.65 >= 111.12),202677.25,25940.3,7.2,-17.15
2024-09-26,PE,09:45,26050,67.1,15:15,0.35,65,4361.5,4338.75,Settlement 15:15,207016.0,26031.55,9.0,-9.1
2024-09-27,PE,09:45,26250,137.05,15:15,132.65,65,8908.25,286.0,Settlement 15:15,207302.0,26240.85,9.95,-24.85
2024-09-30,CE,09:45,26000,144.25,15:15,60.75,65,9376.25,5427.5,Settlement 15:15,212729.5,26010.4,-78.0,33.4
2024-10-01,CE,09:45,25850,120.75,15:15,57.45,65,7848.75,4114.5,Settlement 15:15,216844.0,25868.1,-13.5,-4.25
2024-10-03,PE,09:45,25650,86.3,09:59,106.5,65,5609.5,-1313.0,SL Hit (106.50 >= 103.56),215531.0,25626.4,31.5,-50.65
2024-10-04,CE,09:45,25200,226.7,10:00,274.1,65,14735.5,-3081.0,SL Hit (274.10 >= 272.04),212450.0,25195.45,-21.1,33.1
2024-10-07,CE,09:45,25050,205.6,15:15,82.5,65,13364.0,8001.5,Settlement 15:15,220451.5,25067.35,-14.2,20.1
2024-10-08,PE,09:45,24850,169.0,15:15,77.5,65,10985.0,5947.5,Settlement 15:15,226399.0,24829.3,-2.6,-35.7
2024-10-09,PE,09:45,25100,156.5,15:01,190.4,65,10172.5,-2203.5,SL Hit (190.40 >= 187.80),224195.5,25088.9,16.35,-1.25
2024-10-10,CE,09:45,25000,55.35,09:55,66.7,65,3597.75,-737.75,SL Hit (66.70 >= 66.42),223457.75,25011.65,-48.05,0.7
2024-10-11,PE,09:45,25000,137.65,10:59,171.45,65,8947.25,-2197.0,SL Hit (171.45 >= 165.18),221260.75,25003.4,3.65,-28.35
2024-10-14,PE,09:45,25100,114.3,15:15,96.45,65,7429.5,1160.25,Settlement 15:15,222421.0,25108.15,41.35,-53.7
2024-10-15,CE,09:45,25150,107.25,15:15,46.95,65,6971.25,3919.5,Settlement 15:15,226340.5,25149.6,-18.25,9.5
2024-10-16,PE,09:45,25050,70.85,10:39,87.0,65,4605.25,-1049.75,SL Hit (87.00 >= 85.02),225290.75,25071.0,39.9,-46.7
2024-10-17,CE,09:45,24800,64.7,15:15,0.2,65,4205.5,4192.5,Settlement 15:15,229483.25,24823.0,-146.5,38.2
2024-10-18,PE,09:45,24650,149.45,15:15,61.15,65,9714.25,5739.5,Settlement 15:15,235222.75,24654.75,6.05,-0.45
2024-10-21,CE,09:45,24750,126.25,10:03,152.5,65,8206.25,-1706.25,SL Hit (152.50 >= 151.50),233516.5,24747.6,-135.05,90.45
2024-10-22,PE,09:45,24850,95.6,10:06,116.8,65,6214.0,-1378.0,SL Hit (116.80 >= 114.72),232138.5,24864.9,46.8,-68.8
2024-10-23,CE,09:45,24400,148.0,09:49,189.9,65,9620.0,-2723.5,SL Hit (189.90 >= 177.60),229415.0,24416.55,-16.9,19.35
2024-10-24,CE,09:45,24350,49.95,09:58,66.0,65,3246.75,-1043.25,SL Hit (66.00 >= 59.94),228371.75,24361.25,-111.1,18.25
2024-10-25,CE,09:45,24350,169.35,15:15,82.6,65,11007.75,5638.75,Settlement 15:15,234010.5,24363.9,-27.35,22.2
2024-10-28,CE,09:45,24150,158.5,09:53,192.9,65,10302.5,-2236.0,SL Hit (192.90 >= 190.20),231774.5,24146.8,-40.35,43.45
2024-10-29,CE,09:45,24250,125.3,12:14,154.0,65,8144.5,-1865.5,SL Hit (154.00 >= 150.36),229909.0,24239.3,-44.55,37.75
2024-10-30,PE,09:45,24400,90.25,14:14,118.85,65,5866.25,-1859.0,SL Hit (118.85 >= 108.30),228050.0,24398.35,10.15,3.45
2024-10-31,CE,09:45,24300,40.4,15:15,0.15,65,2626.0,2616.25,Settlement 15:15,230666.25,24284.25,-29.3,-26.25
2024-11-04,CE,09:45,24050,209.0,15:15,168.45,65,13585.0,2635.75,Settlement 15:15,233302.0,24052.75,-93.0,69.6
2024-11-05,PE,09:45,23950,183.7,11:41,220.8,65,11940.5,-2411.5,SL Hit (220.80 >= 220.44),230890.5,23946.75,-5.05,-21.2
2024-11-06,PE,09:45,24350,121.2,10:30,153.85,65,7878.0,-2122.25,SL Hit (153.85 >= 145.44),228768.25,24352.15,3.1,-85.15
2024-11-07,CE,09:45,24350,52.95,09:47,68.55,65,3441.75,-1014.0,SL Hit (68.55 >= 63.54),227754.25,24355.25,-62.25,27.2
2024-11-08,PE,09:45,24250,160.1,09:53,198.9,65,10406.5,-2522.0,SL Hit (198.90 >= 192.12),225232.25,24252.25,65.8,-80.45
2024-11-11,PE,09:45,24150,135.0,15:15,106.15,65,8775.0,1875.25,Settlement 15:15,227107.5,24146.45,43.6,-81.35
2024-11-12,CE,09:45,24150,115.15,09:58,141.35,65,7484.75,-1703.0,SL Hit (141.35 >= 138.18),225404.5,24149.9,-37.35,44.95
2024-11-13,CE,09:45,23750,125.45,15:15,26.9,65,8154.25,6405.75,Settlement 15:15,231810.25,23751.95,-40.6,40.45
2024-11-14,CE,09:45,23550,77.7,10:00,107.4,65,5050.5,-1930.5,SL Hit (107.40 >= 93.24),229879.75,23574.45,-38.1,-8.35
2024-11-18,CE,09:45,23350,151.85,10:03,197.4,65,9870.25,-2960.75,SL Hit (197.40 >= 182.22),226919.0,23374.85,-142.1,67.7
2024-11-19,PE,09:45,23700,97.15,09:50,119.35,65,6314.75,-1443.0,SL Hit (119.35 >= 116.58),225476.0,23706.25,68.2,-98.25
2024-11-21,CE,09:45,23350,31.85,15:15,0.7,65,2070.25,2024.75,Settlement 15:15,227500.75,23340.75,-77.45,-27.9
2024-11-22,PE,09:45,23450,164.0,09:51,197.65,65,10660.0,-2187.25,SL Hit (197.65 >= 196.80),225313.5,23474.3,45.75,-28.15
2024-11-25,CE,09:45,24300,160.0,15:15,122.95,65,10400.0,2408.25,Settlement 15:15,227721.75,24283.65,-14.45,-4.55
2024-11-26,CE,09:45,24250,138.8,15:15,94.05,65,9022.0,2908.75,Settlement 15:15,230630.5,24255.3,-6.65,11.0
2024-11-27,CE,09:45,24200,87.55,09:50,107.75,65,5690.75,-1313.0,SL Hit (107.75 >= 105.06),229317.5,24181.75,-14.4,-10.0
2024-11-28,CE,09:45,24250,80.45,09:51,117.05,65,5229.25,-2379.0,SL Hit (117.05 >= 96.54),226938.5,24268.9,-29.8,18.35
2024-11-29,PE,09:45,24000,170.55,15:15,86.35,65,11085.75,5473.0,Settlement 15:15,232411.5,24011.5,30.4,-4.7
2024-12-02,PE,09:45,24150,145.6,15:15,95.45,65,9464.0,3259.75,Settlement 15:15,235671.25,24137.6,37.95,-40.2
2024-12-03,CE,09:45,24300,166.1,10:29,207.4,65,10796.5,-2684.5,SL Hit (207.40 >= 199.32),232986.75,24308.45,-10.45,12.85
2024-12-04,PE,09:45,24550,121.9,11:55,184.8,65,7923.5,-4088.5,SL Hit (184.80 >= 146.28),228898.25,24551.95,33.25,-62.95
2024-12-05,CE,09:45,24500,118.8,12:07,146.55,65,7722.0,-1803.75,SL Hit (146.55 >= 142.56),227094.5,24477.65,13.7,31.1
2024-12-06,PE,09:45,24700,222.25,15:15,172.5,65,14446.25,3233.75,Settlement 15:15,230328.25,24711.05,-1.8,-11.45
2024-12-09,CE,09:45,24650,165.85,15:15,124.5,65,10780.25,2687.75,Settlement 15:15,233016.0,24658.25,-17.65,-0.2
2024-12-10,PE,09:45,24650,133.4,12:15,184.95,65,8671.0,-3350.75,SL Hit (184.95 >= 160.08),229665.25,24652.3,0.2,-21.65
2024-12-11,CE,09:45,24600,91.2,10:25,116.6,65,5928.0,-1651.0,SL Hit (116.60 >= 109.44),228014.25,24606.05,-14.5,-12.15
2024-12-12,PE,09:45,24650,42.7,09:46,53.05,65,2775.5,-672.75,SL Hit (53.05 >= 51.24),227341.5,24646.65,-3.1,-20.6
2024-12-13,CE,09:45,24400,167.4,11:55,229.9,65,10881.0,-4062.5,SL Hit (229.90 >= 200.88),223279.0,24385.3,-72.7,56.0
2024-12-16,PE,09:45,24750,156.6,10:17,189.6,65,10179.0,-2145.0,SL Hit (189.60 >= 187.92),221134.0,24751.35,27.5,12.65
2024-12-17,CE,09:45,24550,159.15,15:15,56.1,65,10344.75,6698.25,Settlement 15:15,227832.25,24548.4,-23.05,15.05
2024-12-18,PE,09:45,24400,113.3,09:55,136.25,65,7364.5,-1491.75,SL Hit (136.25 >= 135.96),226340.5,24376.0,19.4,-47.5
2024-12-19,CE,09:45,23950,51.35,09:55,67.3,65,3337.75,-1036.75,SL Hit (67.30 >= 61.62),225303.75,23953.55,-57.15,-28.05
2024-12-20,PE,09:45,24050,197.65,09:47,242.6,65,12847.25,-2921.75,SL Hit (242.60 >= 237.18),222382.0,24047.5,62.2,-65.85
2024-12-23,CE,09:45,23750,138.2,10:58,184.1,65,8983.0,-2983.5,SL Hit (184.10 >= 165.84),219398.5,23747.9,-42.75,-25.0
2024-12-24,PE,09:45,23750,79.7,15:15,57.9,65,5180.5,1417.0,Settlement 15:15,220815.5,23756.3,6.65,3.35
2024-12-26,CE,09:45,23800,45.0,15:15,0.1,65,2925.0,2918.5,Settlement 15:15,223734.0,23802.75,-21.05,-14.4
2024-12-27,PE,09:45,23850,138.1,15:15,130.75,65,8976.5,477.75,Settlement 15:15,224211.75,23870.25,12.6,-42.4
2024-12-30,CE,09:45,23750,127.5,10:16,156.8,65,8287.5,-1904.5,SL Hit (156.80 >= 153.00),222307.25,23731.95,-41.75,14.3
2025-01-01,CE,09:45,23600,133.4,10:12,166.8,65,8671.0,-2171.0,SL Hit (166.80 >= 160.08),220136.25,23594.0,-22.75,21.45
2025-01-02,PE,09:45,23850,108.1,15:15,0.15,65,7026.5,7016.75,Settlement 15:15,227153.0,23827.8,12.85,-27.2
2025-01-03,CE,09:45,24100,174.35,15:15,118.6,65,11332.75,3623.75,Settlement 15:15,230776.75,24083.3,-36.8,34.7
2025-01-06,CE,09:45,23950,157.15,10:08,193.65,65,10214.75,-2372.5,SL Hit (193.65 >= 188.58),228404.25,23929.95,-35.75,56.1
2025-01-07,PE,09:45,23750,152.45,09:49,189.55,65,9909.25,-2411.5,SL Hit (189.55 >= 182.94),225992.75,23752.3,-16.15,-19.85
2025-01-08,CE,09:45,23650,84.95,09:54,103.4,65,5521.75,-1199.25,SL Hit (103.40 >= 101.94),224793.5,23640.9,-44.15,-4.9
2025-01-09,CE,09:45,23600,39.55,09:57,48.25,65,2570.75,-565.5,SL Hit (48.25 >= 47.46),224228.0,23611.9,-29.65,0.7
2025-01-10,CE,09:45,23450,198.1,11:04,238.05,65,12876.5,-2596.75,SL Hit (238.05 >= 237.72),221631.25,23446.0,-46.95,60.95
2025-01-13,CE,09:45,23250,158.5,10:15,194.6,65,10302.5,-2346.5,SL Hit (194.60 >= 190.20),219284.75,23236.45,-12.45,0.75
2025-01-14,CE,09:45,23200,107.2,10:50,128.7,65,6968.0,-1397.5,SL Hit (128.70 >= 128.64),217887.25,23176.35,-22.5,15.0
2025-01-15,CE,09:45,23200,86.05,10:43,105.45,65,5593.25,-1261.0,SL Hit (105.45 >= 103.26),216626.25,23204.2,-30.0,17.0
2025-01-16,CE,09:45,23300,35.05,15:15,5.3,65,2278.25,1933.75,Settlement 15:15,218560.0,23315.7,-19.95,-6.5
2025-01-17,CE,09:45,23200,183.0,10:26,223.3,65,11895.0,-2619.5,SL Hit (223.30 >= 219.60),215940.5,23199.05,-16.3,1.7
2025-01-20,CE,09:45,23200,190.85,11:18,239.55,65,12405.25,-3165.5,SL Hit (239.55 >= 229.02),212775.0,23221.05,-7.95,31.55
2025-01-21,CE,09:45,23350,146.85,11:52,178.35,65,9545.25,-2047.5,SL Hit (178.35 >= 176.22),210727.5,23346.3,-7.4,28.3
2025-01-22,CE,09:45,23050,122.0,09:56,146.65,65,7930.0,-1602.25,SL Hit (146.65 >= 146.40),209125.25,23065.3,-15.5,4.0
2025-01-23,PE,09:45,23200,47.85,15:15,0.15,65,3110.25,3100.5,Settlement 15:15,212225.75,23192.75,34.4,-57.2
2025-01-24,CE,09:45,23250,196.65,11:44,239.35,65,12782.25,-2775.5,SL Hit (239.35 >= 235.98),209450.25,23241.3,-7.75,18.4
2025-01-27,PE,09:45,22950,163.75,10:19,204.25,65,10643.75,-2632.5,SL Hit (204.25 >= 196.50),206817.75,22974.75,7.1,2.3
2025-01-28,CE,09:45,22900,155.4,11:01,214.2,65,10101.0,-3822.0,SL Hit (214.20 >= 186.48),202995.75,22882.7,-7.8,47.4
2025-01-29,PE,09:45,23050,153.4,11:24,194.75,65,9971.0,-2687.75,SL Hit (194.75 >= 184.08),200308.0,23044.2,35.2,6.85
2025-01-30,PE,09:45,23200,113.5,15:15,0.3,65,7377.5,7358.0,Settlement 15:15,207666.0,23205.5,-2.55,-69.0
2025-01-31,PE,09:45,23350,291.1,15:15,163.5,65,18921.5,8294.0,Settlement 15:15,215960.0,23359.25,36.7,-30.6
2025-02-01,PE,09:45,23550,222.0,11:51,270.4,65,14430.0,-3146.0,SL Hit (270.40 >= 266.40),212814.0,23560.4,12.6,-12.5
2025-02-03,CE,09:45,23250,147.4,10:42,185.0,65,9581.0,-2444.0,SL Hit (185.00 >= 176.88),210370.0,23250.65,-41.0,10.9
2025-02-04,PE,09:45,23550,129.4,10:16,156.75,65,8411.0,-1777.75,SL Hit (156.75 >= 155.28),208592.25,23560.2,69.85,-2.75
2025-02-05,PE,09:45,23800,104.6,09:56,125.8,65,6799.0,-1378.0,SL Hit (125.80 >= 125.52),207214.25,23790.3,-1.7,-20.0
2025-02-06,CE,09:45,23650,62.9,15:15,0.15,65,4088.5,4078.75,Settlement 15:15,211293.0,23672.55,-27.85,20.2
2025-02-07,CE,09:45,23600,192.7,11:25,232.5,65,12525.5,-2587.0,SL Hit (232.50 >= 231.24),208706.0,23582.35,-27.9,16.25
2025-02-10,CE,09:45,23400,170.25,15:15,146.35,65,11066.25,1553.5,Settlement 15:15,210259.5,23412.2,-50.75,27.3
2025-02-11,CE,09:45,23350,132.0,15:15,37.55,65,8580.0,6139.25,Settlement 15:15,216398.75,23336.5,-20.25,-3.8
2025-02-12,CE,09:45,22900,107.75,10:49,140.4,65,7003.75,-2122.25,SL Hit (140.40 >= 129.30),214276.5,22885.65,-116.55,36.1
2025-02-13,PE,09:45,23100,61.9,14:35,93.05,65,4023.5,-2024.75,SL Hit (93.05 >= 74.28),212251.75,23124.95,6.5,-17.75
2025-02-14,CE,09:45,23050,189.6,15:15,125.85,65,12324.0,4143.75,Settlement 15:15,216395.5,23047.65,-40.4,32.75
2025-02-17,PE,09:45,22800,153.5,15:15,79.35,65,9977.5,4819.75,Settlement 15:15,221215.25,22784.8,7.75,-17.5
2025-02-18,CE,09:45,22950,138.3,15:15,113.1,65,8989.5,1638.0,Settlement 15:15,222853.25,22928.75,-26.0,6.05
2025-02-19,PE,09:45,22900,85.65,15:15,66.0,65,5567.25,1277.25,Settlement 15:15,224130.5,22921.6,17.6,-48.5
2025-02-20,CE,09:45,22850,56.2,09:59,77.05,65,3653.0,-1355.25,SL Hit (77.05 >= 67.44),222775.25,22849.8,-37.05,-14.75
2025-02-21,CE,09:45,22850,170.05,15:15,130.55,65,11053.25,2567.5,Settlement 15:15,225342.75,22833.15,-22.85,16.7
2025-02-24,CE,09:45,22600,133.45,15:15,108.7,65,8674.25,1608.75,Settlement 15:15,226951.5,22581.5,-68.55,31.85
2025-02-25,PE,09:45,22600,68.45,15:15,62.25,65,4449.25,403.0,Settlement 15:15,227354.5,22606.2,-1.45,-31.15
2025-02-27,CE,09:45,22550,28.35,09:46,34.45,65,1842.75,-396.5,SL Hit (34.45 >= 34.02),226958.0,22553.85,-33.6,-3.1
2025-02-28,CE,09:45,22250,183.8,15:15,116.65,65,11947.0,4364.75,Settlement 15:15,231322.75,22273.45,-77.1,16.75
2025-03-03,CE,09:45,22100,162.8,15:15,146.6,65,10582.0,1053.0,Settlement 15:15,232375.75,22102.6,-54.75,35.4
2025-03-04,PE,09:45,22000,82.75,15:15,63.2,65,5378.75,1270.75,Settlement 15:15,233646.5,22023.1,9.25,-21.1
2025-03-05,PE,09:45,22250,91.25,15:15,49.4,65,5931.25,2720.25,Settlement 15:15,236366.75,22234.1,46.65,-79.55
2025-03-06,CE,09:45,22300,52.3,10:05,78.05,65,3399.5,-1673.75,SL Hit (78.05 >= 62.76),234693.0,22316.15,-100.7,35.65
2025-03-07,PE,09:45,22500,143.05,15:15,108.9,65,9298.25,2219.75,Settlement 15:15,236912.75,22488.35,2.8,-10.0
2025-03-10,PE,09:45,22650,132.95,12:18,161.05,65,8641.75,-1826.5,SL Hit (161.05 >= 159.54),235086.25,22651.8,31.4,-51.5
2025-03-11,PE,09:45,22350,101.75,15:15,54.25,65,6613.75,3087.5,Settlement 15:15,238173.75,22367.15,12.9,-19.0
2025-03-12,CE,09:45,22450,88.0,09:48,107.1,65,5720.0,-1241.5,SL Hit (107.10 >= 105.60),236932.25,22465.5,-65.75,33.6
2025-03-13,PE,09:45,22500,39.55,11:01,49.55,65,2570.75,-650.0,SL Hit (49.55 >= 47.46),236282.25,22489.9,-16.75,-20.0
2025-03-17,PE,09:45,22550,100.9,10:13,121.55,65,6558.5,-1342.25,SL Hit (121.55 >= 121.08),234940.0,22556.4,30.45,-34.7
2025-03-18,PE,09:45,22650,90.5,15:15,33.95,65,5882.5,3675.75,Settlement 15:15,238615.75,22671.15,39.75,-31.35
2025-03-19,PE,09:45,22850,76.4,15:15,49.8,65,4966.0,1729.0,Settlement 15:15,240344.75,22857.0,2.55,-5.65
2025-03-20,PE,09:45,23050,51.7,09:51,63.0,65,3360.5,-734.5,SL Hit (63.00 >= 62.04),239610.25,23037.95,1.55,-42.4
2025-03-21,PE,09:45,23250,110.85,15:15,77.95,65,7205.25,2138.5,Settlement 15:15,241748.75,23269.35,51.1,-54.95
2025-03-24,PE,09:45,23500,135.95,15:15,61.15,65,8836.75,4862.0,Settlement 15:15,246610.75,23483.2,10.2,6.5
2025-03-25,PE,09:45,23800,135.2,10:55,171.35,65,8788.0,-2349.75,SL Hit (171.35 >= 162.24),244261.0,23781.55,3.0,-14.4
2025-03-26,CE,09:45,23600,122.95,09:56,152.5,65,7991.75,-1920.75,SL Hit (152.50 >= 147.54),242340.25,23622.0,-36.65,3.85
2025-03-27,PE,09:45,23550,47.2,15:15,0.45,65,3068.0,3038.75,Settlement 15:15,245379.0,23550.15,33.5,-73.4
2025-03-28,CE,09:45,23500,179.75,10:30,221.85,65,11683.75,-2736.5,SL Hit (221.85 >= 215.70),242642.5,23520.2,-77.5,29.4
2025-04-01,PE,09:45,23550,110.6,10:02,140.4,65,7189.0,-1937.0,SL Hit (140.40 >= 132.72),240705.5,23530.85,35.4,-59.95
2025-04-02,CE,09:45,23200,101.15,09:56,135.9,65,6574.75,-2258.75,SL Hit (135.90 >= 121.38),238446.75,23196.65,-7.0,2.3
2025-04-03,PE,09:45,23250,55.95,15:15,0.3,65,3636.75,3617.25,Settlement 15:15,242064.0,23226.3,-5.85,-45.95
2025-04-04,CE,09:45,23050,152.5,15:15,52.7,65,9912.5,6487.0,Settlement 15:15,248551.0,23054.55,-42.9,9.8
2025-04-07,CE,09:45,22000,318.15,15:04,383.7,65,20679.75,-4260.75,SL Hit (383.70 >= 381.78),244290.25,22003.75,-168.7,2.25
2025-04-08,CE,09:45,22500,169.0,12:10,213.9,65,10985.0,-2918.5,SL Hit (213.90 >= 202.80),241371.75,22519.15,-58.5,-34.95
2025-04-09,PE,09:45,22450,81.5,09:49,111.1,65,5297.5,-1924.0,SL Hit (111.10 >= 97.80),239447.75,22452.85,-50.5,-96.4
2025-04-11,PE,09:45,22850,224.05,10:37,269.2,65,14563.25,-2934.75,SL Hit (269.20 >= 268.86),236513.0,22843.1,59.65,-47.1
2025-04-15,PE,09:45,23300,129.45,15:15,100.05,65,8414.25,1911.0,Settlement 15:15,238424.0,23303.0,-21.9,-38.6
2025-04-16,PE,09:45,23350,77.3,10:17,100.1,65,5024.5,-1482.0,SL Hit (100.10 >= 92.76),236942.0,23361.35,36.85,-45.95
2025-04-17,PE,09:45,23400,59.35,10:09,79.55,65,3857.75,-1313.0,SL Hit (79.55 >= 71.22),235629.0,23416.25,33.8,-12.8
2025-04-21,PE,09:45,24000,158.9,15:15,69.85,65,10328.5,5788.25,Settlement 15:15,241417.25,24017.15,20.0,-23.65
2025-04-22,PE,09:45,24150,101.7,15:15,88.2,65,6610.5,877.5,Settlement 15:15,242294.75,24166.6,5.15,-13.95
2025-04-23,PE,09:45,24350,97.6,10:04,128.8,65,6344.0,-2028.0,SL Hit (128.80 >= 117.12),240266.75,24331.4,12.3,-27.8
2025-04-24,CE,09:45,24250,46.25,09:54,58.4,65,3006.25,-789.75,SL Hit (58.40 >= 55.50),239477.0,24256.85,-4.1,-3.4
2025-04-25,CE,09:45,24200,208.55,15:15,110.8,65,13555.75,6353.75,Settlement 15:15,245830.75,24205.2,-76.8,51.4
2025-04-28,PE,09:45,24200,119.15,15:15,59.5,65,7744.75,3877.25,Settlement 15:15,249708.0,24190.25,25.8,-64.8
2025-04-29,CE,09:45,24350,90.5,15:15,39.25,65,5882.5,3331.25,Settlement 15:15,253039.25,24347.7,-40.25,36.9
2025-04-30,PE,09:45,24350,27.75,10:30,40.9,65,1803.75,-854.75,SL Hit (40.90 >= 33.30),252184.5,24359.8,14.3,-73.8
2025-05-02,PE,09:45,24550,164.5,10:34,197.6,65,10692.5,-2151.5,SL Hit (197.60 >= 197.40),250033.0,24529.7,54.2,-90.9
2025-05-05,PE,09:45,24450,130.7,15:15,97.25,65,8495.5,2174.25,Settlement 15:15,252207.25,24461.05,-1.55,-12.6
2025-05-06,CE,09:45,24450,76.1,15:15,34.0,65,4946.5,2736.5,Settlement 15:15,254943.75,24452.05,-24.85,-15.6
2025-05-07,PE,09:45,24400,99.75,10:08,124.4,65,6483.75,-1602.25,SL Hit (124.40 >= 119.70),253341.5,24383.15,22.65,-25.85
2025-05-08,CE,09:45,24400,16.3,15:15,0.1,65,1059.5,1053.0,Settlement 15:15,254394.5,24386.25,-30.0,18.7
2025-05-09,CE,09:45,24100,243.5,15:15,176.45,65,15827.5,4358.25,Settlement 15:15,258752.75,24081.5,-34.45,-13.7
2025-05-12,PE,09:45,24600,146.5,15:15,83.5,65,9522.5,4095.0,Settlement 15:15,262847.75,24606.45,52.85,-48.5
2025-05-13,CE,09:45,24750,187.05,11:03,227.4,65,12158.25,-2622.75,SL Hit (227.40 >= 224.46),260225.0,24753.5,-125.3,73.7
2025-05-14,PE,09:45,24750,128.5,09:51,155.85,65,8352.5,-1777.75,SL Hit (155.85 >= 154.20),258447.25,24739.7,38.65,-93.4
2025-05-15,CE,09:45,24500,69.4,09:47,89.95,65,4511.0,-1335.75,SL Hit (89.95 >= 83.28),257111.5,24508.2,-98.9,52.15
2025-05-16,CE,09:45,25000,201.5,15:15,197.95,65,13097.5,230.75,Settlement 15:15,257342.25,25022.1,-16.9,-11.35
2025-05-19,PE,09:45,25000,163.2,14:05,196.8,65,10608.0,-2184.0,SL Hit (196.80 >= 195.84),255158.25,25005.65,10.6,-20.15
2025-05-20,CE,09:45,24900,135.0,10:45,175.35,65,8775.0,-2622.75,SL Hit (175.35 >= 162.00),252535.5,24899.1,-56.75,31.95
2025-05-21,PE,09:45,24800,113.45,12:12,155.7,65,7374.25,-2746.25,SL Hit (155.70 >= 136.14),249789.25,24818.2,60.55,-28.65
2025-05-22,CE,09:45,24550,62.55,09:58,75.65,65,4065.75,-851.5,SL Hit (75.65 >= 75.06),248937.75,24570.4,-126.85,12.35
2025-05-23,PE,09:45,24750,173.2,15:15,146.6,65,11258.0,1729.0,Settlement 15:15,250666.75,24766.35,60.4,-60.3
2025-05-26,PE,09:45,25050,172.55,10:20,212.95,65,11215.75,-2626.0,SL Hit (212.95 >= 207.06),248040.75,25066.55,49.15,-41.1
2025-05-27,CE,09:45,24800,225.05,11:05,276.3,65,14628.25,-3331.25,SL Hit (276.30 >= 270.06),244709.5,24804.35,-77.35,55.9
2025-05-28,CE,09:45,24800,175.65,15:15,93.25,65,11417.25,5356.0,Settlement 15:15,250065.5,24798.6,-33.9,-29.5
2025-05-29,CE,09:45,24800,58.25,10:02,74.55,65,3786.25,-1059.5,SL Hit (74.55 >= 69.90),249006.0,24802.7,-88.65,-2.6
2025-05-30,PE,09:45,24850,191.5,10:15,235.75,65,12447.5,-2876.25,SL Hit (235.75 >= 229.80),246129.75,24831.7,20.0,-15.2
2025-06-02,CE,09:45,24550,192.8,10:30,236.05,65,12532.0,-2811.25,SL Hit (236.05 >= 231.36),243318.5,24567.35,-51.8,-16.6
2025-06-03,CE,09:45,24650,224.25,10:21,279.45,65,14576.25,-3588.0,SL Hit (279.45 >= 269.10),239730.5,24644.55,-77.1,79.05
2025-06-04,CE,09:45,24550,93.75,10:22,115.95,65,6093.75,-1443.0,SL Hit (115.95 >= 112.50),238287.5,24550.85,-63.2,-15.05
2025-06-05,PE,09:45,24750,58.9,10:49,77.65,65,3828.5,-1218.75,SL Hit (77.65 >= 70.68),237068.75,24756.25,25.6,-74.0
2025-06-06,CE,09:45,24700,177.95,10:06,244.5,65,11566.75,-4325.75,SL Hit (244.50 >= 213.54),232743.0,24686.3,-37.85,25.95
2025-06-09,CE,09:45,25100,156.8,15:15,139.75,65,10192.0,1108.25,Settlement 15:15,233851.25,25108.8,-10.6,1.9
2025-06-10,CE,09:45,25100,120.85,10:20,146.35,65,7855.25,-1657.5,SL Hit (146.35 >= 145.02),232193.75,25111.45,-28.45,7.8
2025-06-11,PE,09:45,25100,63.3,15:15,56.7,65,4114.5,429.0,Settlement 15:15,232622.75,25124.9,5.85,-21.45
2025-06-12,CE,09:45,25100,62.6,15:15,0.15,65,4069.0,4059.25,Settlement 15:15,236682.0,25100.0,-6.6,24.05
2025-06-13,PE,09:45,24600,183.85,15:15,151.35,65,11950.25,2112.5,Settlement 15:15,238794.5,24613.7,-1.3,-49.35
2025-06-16,PE,09:45,24750,131.45,15:15,71.25,65,8544.25,3913.0,Settlement 15:15,242707.5,24754.85,-11.5,-11.5
2025-06-17,CE,09:45,24900,103.5,15:15,75.5,65,6727.5,1820.0,Settlement 15:15,244527.5,24875.25,-38.25,17.8
2025-06-18,PE,09:45,24950,102.4,10:23,123.5,65,6656.0,-1371.5,SL Hit (123.50 >= 122.88),243156.0,24945.15,60.8,-85.6
2025-06-19,PE,09:45,24850,38.85,09:56,47.8,65,2525.25,-581.75,SL Hit (47.80 >= 46.62),242574.25,24843.05,10.0,-70.4
2025-06-20,PE,09:45,24900,160.15,15:15,87.9,65,10409.75,4696.25,Settlement 15:15,247270.5,24884.6,-1.15,-19.0
2025-06-23,CE,09:45,24850,155.75,10:45,191.6,65,10123.75,-2330.25,SL Hit (191.60 >= 186.90),244940.25,24858.75,-76.25,47.25
2025-06-24,CE,09:45,25150,135.85,09:57,166.0,65,8830.25,-1959.75,SL Hit (166.00 >= 163.02),242980.5,25167.1,-37.2,24.65
2025-06-25,PE,09:45,25200,80.65,15:15,49.45,65,5242.25,2028.0,Settlement 15:15,245008.5,25193.55,29.6,-37.25
2025-06-26,PE,09:45,25350,56.6,10:41,73.25,65,3679.0,-1082.25,SL Hit (73.25 >= 67.92),243926.25,25365.8,51.2,-31.4
2025-06-27,CE,09:45,25550,168.55,12:17,204.0,65,10955.75,-2304.25,SL Hit (204.00 >= 202.26),241622.0,25533.2,-44.65,31.7
2025-06-30,CE,09:45,25600,141.8,15:15,97.1,65,9217.0,2905.5,Settlement 15:15,244527.5,25581.9,-20.2,26.6
2025-07-01,PE,09:45,25600,127.55,15:15,110.35,65,8290.75,1118.0,Settlement 15:15,245645.5,25575.3,14.75,-40.85
2025-07-02,CE,09:45,25550,79.25,15:15,35.4,65,5151.25,2850.25,Settlement 15:15,248495.75,25533.65,-21.1,12.35
2025-07-03,PE,09:45,25500,38.8,09:47,47.3,65,2522.0,-552.5,SL Hit (47.30 >= 46.56),247943.25,25513.0,3.4,-34.45
2025-07-04,CE,09:45,25400,159.3,15:15,175.3,65,10354.5,-1040.0,Settlement 15:15,246903.25,25395.95,-20.6,2.7
2025-07-07,PE,09:45,25450,111.1,15:15,106.2,65,7221.5,318.5,Settlement 15:15,247221.75,25449.85,20.4,-30.6
2025-07-08,PE,09:45,25450,82.75,15:15,47.3,65,5378.75,2304.25,Settlement 15:15,249526.0,25473.05,6.3,-25.05
2025-07-09,CE,09:45,25500,68.9,09:58,85.9,65,4478.5,-1105.0,SL Hit (85.90 >= 82.68),248421.0,25485.3,-18.1,1.9
2025-07-10,CE,09:45,25450,46.9,15:15,0.15,65,3048.5,3038.75,Settlement 15:15,251459.75,25445.3,-25.4,8.8
2025-07-11,PE,09:45,25300,113.4,10:19,140.6,65,7371.0,-1768.0,SL Hit (140.60 >= 136.08),249691.75,25300.2,10.2,-24.45
2025-07-14,CE,09:45,25100,115.6,10:00,139.65,65,7514.0,-1563.25,SL Hit (139.65 >= 138.72),248128.5,25087.5,-17.7,9.7
2025-07-15,CE,09:45,25100,99.75,10:38,119.85,65,6483.75,-1306.5,SL Hit (119.85 >= 119.70),246822.0,25095.7,-31.65,18.65
2025-07-16,CE,09:45,25150,70.55,11:54,95.8,65,4585.75,-1641.25,SL Hit (95.80 >= 84.66),245180.75,25151.85,-11.5,10.35
2025-07-17,CE,09:45,25200,34.55,15:15,0.1,65,2245.75,2239.25,Settlement 15:15,247420.0,25186.4,-23.05,9.3
2025-07-18,CE,09:45,25050,141.1,15:15,110.25,65,9171.5,2005.25,Settlement 15:15,249425.25,25035.7,-37.95,24.9
2025-07-21,CE,09:45,24950,120.35,09:48,149.45,65,7822.75,-1891.5,SL Hit (149.45 >= 144.42),247533.75,24952.3,-6.3,-4.65
2025-07-22,CE,09:45,25100,95.45,15:15,62.4,65,6204.25,2148.25,Settlement 15:15,249682.0,25110.65,-25.55,14.6
2025-07-23,CE,09:45,25100,67.9,11:02,81.7,65,4413.5,-897.0,SL Hit (81.70 >= 81.48),248785.0,25100.35,-12.55,11.55
2025-07-24,CE,09:45,25200,30.8,15:15,0.1,65,2002.0,1995.5,Settlement 15:15,250780.5,25190.25,-21.3,0.65
2025-07-25,CE,09:45,24900,149.5,15:15,101.75,65,9717.5,3103.75,Settlement 15:15,253884.25,24924.0,-14.7,15.05
2025-07-28,PE,09:45,24800,96.3,12:48,118.45,65,6259.5,-1439.75,SL Hit (118.45 >= 115.56),252444.5,24793.75,32.05,-37.65
2025-07-29,PE,09:45,24700,85.45,10:14,105.0,65,5554.25,-1270.75,SL Hit (105.00 >= 102.54),251173.75,24704.8,29.75,-36.05
2025-07-30,PE,09:45,24850,65.3,09:48,81.85,65,4244.5,-1075.75,SL Hit (81.85 >= 78.36),250098.0,24861.05,17.25,-22.75
2025-07-31,PE,09:45,24700,51.8,10:00,74.95,65,3367.0,-1504.75,SL Hit (74.95 >= 62.16),248593.25,24703.7,-6.25,-21.35
2025-08-01,PE,09:45,24700,139.2,11:44,173.25,65,9048.0,-2213.25,SL Hit (173.25 >= 167.04),246380.0,24713.35,5.05,-0.8
2025-08-04,CE,09:45,24600,139.9,10:24,168.9,65,9093.5,-1885.0,SL Hit (168.90 >= 167.88),244495.0,24585.75,-12.85,13.15
2025-08-05,CE,09:45,24600,127.85,15:15,120.3,65,8310.25,490.75,Settlement 15:15,244985.75,24622.7,-47.05,32.1
2025-08-06,CE,09:45,24600,113.0,15:15,59.45,65,7345.0,3480.75,Settlement 15:15,248466.5,24622.0,3.65,6.1
2025-08-07,PE,09:45,24500,35.75,09:58,45.25,65,2323.75,-617.5,SL Hit (45.25 >= 42.90),247849.0,24502.55,-13.35,-18.45
2025-08-08,CE,09:45,24500,146.5,15:15,91.55,65,9522.5,3571.75,Settlement 15:15,251420.75,24496.55,-42.95,36.85
2025-08-11,PE,09:45,24400,116.85,15:15,43.95,65,7595.25,4738.5,Settlement 15:15,256159.25,24382.85,17.3,-16.8
2025-08-12,PE,09:45,24650,85.9,10:30,108.85,65,5583.5,-1491.75,SL Hit (108.85 >= 103.08),254667.5,24655.2,38.65,-61.35
2025-08-13,PE,09:45,24600,72.2,15:15,40.45,65,4693.0,2063.75,Settlement 15:15,256731.25,24582.2,6.35,-2.8
2025-08-14,PE,09:45,24650,36.7,09:58,45.15,65,2385.5,-549.25,SL Hit (45.15 >= 44.04),256182.0,24667.05,9.55,-19.5
2025-08-18,PE,09:45,25000,114.1,11:58,139.75,65,7416.5,-1667.25,SL Hit (139.75 >= 136.92),254514.75,25005.2,34.75,-48.85
2025-08-19,CE,09:45,24900,87.2,09:52,107.2,65,5668.0,-1300.0,SL Hit (107.20 >= 104.64),253214.75,24876.3,-16.55,-2.25
2025-08-20,PE,09:45,24950,61.0,15:15,25.55,65,3965.0,2304.25,Settlement 15:15,255519.0,24972.0,4.1,-9.65
2025-08-21,CE,09:45,25050,41.2,09:48,55.0,65,2678.0,-897.0,SL Hit (55.00 >= 49.44),254622.0,25061.1,-24.9,-0.6
2025-08-22,CE,09:45,25000,115.25,15:15,73.05,65,7491.25,2743.0,Settlement 15:15,257365.0,24978.7,-32.95,37.15
2025-08-25,PE,09:45,24950,74.55,09:59,92.3,65,4845.75,-1153.75,SL Hit (92.30 >= 89.46),256211.25,24962.75,11.9,-28.2
2025-08-26,CE,09:45,24750,89.55,11:20,108.75,65,5820.75,-1248.0,SL Hit (108.75 >= 107.46),254963.25,24764.0,-96.8,44.15
2025-08-28,CE,09:45,24600,40.25,10:34,56.15,65,2616.25,-1033.5,SL Hit (56.15 >= 48.30),253929.75,24578.2,-17.3,-3.75
2025-08-29,CE,09:45,24500,120.55,10:40,146.7,65,7835.75,-1699.75,SL Hit (146.70 >= 144.66),252230.0,24499.9,-42.85,9.25
2025-09-01,PE,09:45,24550,54.8,10:19,68.05,65,3562.0,-861.25,SL Hit (68.05 >= 65.76),251368.75,24543.55,1.55,-22.4
2025-09-02,PE,09:45,24700,37.2,13:42,46.95,65,2418.0,-633.75,SL Hit (46.95 >= 44.64),250735.0,24695.2,0.1,-18.05
2025-09-03,CE,09:45,24550,140.25,12:11,180.65,65,9116.25,-2626.0,SL Hit (180.65 >= 168.30),248109.0,24557.1,-23.25,0.15
2025-09-04,PE,09:45,24900,95.65,10:12,122.35,65,6217.25,-1735.5,SL Hit (122.35 >= 114.78),246373.5,24895.25,3.9,-18.4
2025-09-05,CE,09:45,24750,108.7,15:15,97.6,65,7065.5,721.5,Settlement 15:15,247095.0,24774.2,-19.65,5.65
2025-09-08,PE,09:45,24850,66.4,09:55,80.05,65,4316.0,-887.25,SL Hit (80.05 >= 79.68),246207.75,24832.75,11.7,-20.35
2025-09-09,PE,09:45,24850,35.9,10:11,43.5,65,2333.5,-494.0,SL Hit (43.50 >= 43.08),245713.75,24856.6,-4.6,-6.5
2025-09-10,PE,09:45,25000,102.1,15:15,100.45,65,6636.5,107.25,Settlement 15:15,245821.0,25013.9,36.8,-27.4
2025-09-11,PE,09:45,25000,92.2,15:15,71.15,65,5993.0,1368.25,Settlement 15:15,247189.25,24977.4,5.4,-10.8
2025-09-12,CE,09:45,25050,95.85,10:41,117.8,65,6230.25,-1426.75,SL Hit (117.80 >= 115.02),245762.5,25050.3,-11.9,5.4
2025-09-15,CE,09:45,25100,62.0,15:15,46.05,65,4030.0,1036.75,Settlement 15:15,246799.25,25092.0,-10.35,4.85
2025-09-16,PE,09:45,25150,43.2,15:15,0.1,65,2808.0,2801.5,Settlement 15:15,249600.75,25134.3,17.25,-30.55
2025-09-17,PE,09:45,25300,78.05,15:15,72.1,65,5073.25,386.75,Settlement 15:15,249987.5,25319.45,-0.55,-10.1
2025-09-18,PE,09:45,25400,60.85,12:40,73.95,65,3955.25,-851.5,SL Hit (73.95 >= 73.02),249136.0,25418.45,4.55,-10.05
2025-09-19,CE,09:45,25350,78.4,15:15,81.1,65,5096.0,-175.5,Settlement 15:15,248960.5,25334.4,-32.25,35.75
2025-09-22,PE,09:45,25300,40.2,09:51,50.3,65,2613.0,-656.5,SL Hit (50.30 >= 48.24),248304.0,25324.75,37.15,-33.15
2025-09-23,CE,09:45,25150,41.75,10:07,52.6,65,2713.75,-705.25,SL Hit (52.60 >= 50.10),247598.75,25133.55,-69.75,36.3
2025-09-24,CE,09:45,25050,145.85,10:22,175.5,65,9480.25,-1927.25,SL Hit (175.50 >= 175.02),245671.5,25053.65,-31.65,16.15
2025-09-25,PE,09:45,25050,84.8,10:38,103.8,65,5512.0,-1235.0,SL Hit (103.80 >= 101.76),244436.5,25039.55,12.85,-13.6
2025-09-26,CE,09:45,24800,109.8,15:15,45.2,65,7137.0,4199.0,Settlement 15:15,248635.5,24779.25,-29.75,5.75
2025-09-29,PE,09:45,24750,45.85,11:30,64.15,65,2980.25,-1189.5,SL Hit (64.15 >= 55.02),247446.0,24753.6,16.85,-21.5
2025-09-30,CE,09:45,24650,55.05,10:01,70.8,65,3578.25,-1023.75,SL Hit (70.80 >= 66.06),246422.25,24641.8,-39.9,27.25
2025-10-01,PE,09:45,24700,111.45,10:05,138.1,65,7244.25,-1732.25,SL Hit (138.10 >= 133.74),244690.0,24682.3,21.95,-37.05
2025-10-03,CE,09:45,24800,94.05,09:55,113.6,65,6113.25,-1270.75,SL Hit (113.60 >= 112.86),243419.25,24787.2,-12.2,1.0
2025-10-06,PE,09:45,24950,54.45,15:15,11.8,65,3539.25,2772.25,Settlement 15:15,246191.5,24953.45,9.1,-24.2
2025-10-07,PE,09:45,25150,39.35,11:23,48.2,65,2557.75,-575.25,SL Hit (48.20 >= 47.22),245616.25,25145.7,10.75,-23.35
2025-10-08,PE,09:45,25150,81.25,10:20,99.55,65,5281.25,-1189.5,SL Hit (99.55 >= 97.50),244426.75,25171.05,40.5,-32.85
2025-10-09,CE,09:45,25050,119.75,10:37,145.2,65,7783.75,-1654.25,SL Hit (145.20 >= 143.70),242772.5,25062.5,-4.3,4.15
2025-10-10,PE,09:45,25300,76.4,15:15,52.85,65,4966.0,1530.75,Settlement 15:15,244303.25,25276.75,43.05,-49.05
2025-10-13,CE,09:45,25200,88.05,15:15,84.1,65,5723.25,256.75,Settlement 15:15,244560.0,25215.45,-12.65,9.2
2025-10-14,CE,09:45,25250,55.3,15:15,0.05,65,3594.5,3591.25,Settlement 15:15,248151.25,25236.6,-24.9,15.35
2025-10-15,PE,09:45,25250,93.4,15:15,53.7,65,6071.0,2580.5,Settlement 15:15,250731.75,25237.65,-0.4,-3.45
2025-10-16,PE,09:45,25450,81.4,15:15,41.05,65,5291.0,2622.75,Settlement 15:15,253354.5,25433.6,3.8,-4.25
2025-10-17,PE,09:45,25600,73.4,09:49,92.25,65,4771.0,-1225.25,SL Hit (92.25 >= 88.08),252129.25,25609.6,37.1,-38.0
2025-10-20,CE,09:45,25850,62.1,10:46,77.25,65,4036.5,-984.75,SL Hit (77.25 >= 74.52),251144.5,25836.25,-47.55,37.5
2025-10-23,PE,09:45,26100,104.05,13:58,131.15,65,6763.25,-1761.5,SL Hit (131.15 >= 124.86),249383.0,26082.3,32.45,-21.75
2025-10-24,CE,09:45,25900,138.65,15:15,60.25,65,9012.25,5096.0,Settlement 15:15,254479.0,25884.95,-4.35,0.4
2025-10-27,PE,09:45,25950,62.15,15:15,48.8,65,4039.75,867.75,Settlement 15:15,255346.75,25939.45,54.85,-36.55
2025-10-28,PE,09:45,26000,42.95,09:52,59.85,65,2791.75,-1098.5,SL Hit (59.85 >= 51.54),254248.25,26020.75,9.65,-16.0
2025-10-29,CE,09:45,26000,182.3,10:29,219.6,65,11849.5,-2424.5,SL Hit (219.60 >= 218.76),251823.75,25987.25,-21.7,10.45
2025-10-30,CE,09:45,25900,164.4,15:15,144.25,65,10686.0,1309.75,Settlement 15:15,253133.5,25913.75,-53.65,40.55
2025-10-31,PE,09:45,25900,77.1,10:07,95.15,65,5011.5,-1173.25,SL Hit (95.15 >= 92.52),251960.25,25921.2,54.75,-51.8
2025-11-03,PE,09:45,25750,82.6,15:15,55.15,65,5369.0,1784.25,Settlement 15:15,253744.5,25732.5,14.0,-19.25
2025-11-04,CE,09:45,25700,61.0,15:15,0.1,65,3965.0,3958.5,Settlement 15:15,257703.0,25711.5,-51.6,12.7
2025-11-06,CE,09:45,25600,155.45,15:15,84.05,65,10104.25,4641.0,Settlement 15:15,262344.0,25612.25,-33.35,16.4
2025-11-07,CE,09:45,25350,115.35,11:13,142.3,65,7497.75,-1751.75,SL Hit (142.30 >= 138.42),260592.25,25352.5,-21.75,9.8
2025-11-10,CE,09:45,25550,82.35,09:48,103.75,65,5352.75,-1391.0,SL Hit (103.75 >= 98.82),259201.25,25551.05,-26.0,20.0
2025-11-11,CE,09:45,25550,39.7,12:28,54.25,65,2580.5,-945.75,SL Hit (54.25 >= 47.64),258255.5,25525.4,-64.95,35.25
2025-11-12,CE,09:45,25850,160.65,12:30,195.15,65,10442.25,-2242.5,SL Hit (195.15 >= 192.78),256013.0,25846.5,-7.55,4.4
2025-11-13,PE,09:45,25850,100.9,15:15,96.65,65,6558.5,276.25,Settlement 15:15,256289.25,25870.4,22.55,-13.35
2025-11-14,PE,09:45,25850,103.7,09:52,125.25,65,6740.5,-1400.75,SL Hit (125.25 >= 124.44),254888.5,25860.25,11.85,-23.1
2025-11-17,PE,09:45,25950,61.15,10:28,75.15,65,3974.75,-910.0,SL Hit (75.15 >= 73.38),253978.5,25965.5,13.0,-20.5
2025-11-18,PE,09:45,25950,50.75,09:48,61.5,65,3298.75,-698.75,SL Hit (61.50 >= 60.90),253279.75,25953.9,-2.95,-14.6
2025-11-19,PE,09:45,25900,127.15,15:15,79.25,65,8264.75,3113.5,Settlement 15:15,256393.25,25909.15,3.45,-15.8
2025-11-20,CE,09:45,26100,131.3,10:48,160.6,65,8534.5,-1904.5,SL Hit (160.60 >= 157.56),254488.75,26078.75,-16.65,23.5
2025-11-21,CE,09:45,26100,126.0,12:50,152.25,65,8190.0,-1706.25,SL Hit (152.25 >= 151.20),252782.5,26117.25,-12.0,4.35
2025-11-24,CE,09:45,26050,106.45,09:51,128.6,65,6919.25,-1439.75,SL Hit (128.60 >= 127.74),251342.75,26071.95,-29.95,14.55
2025-11-25,PE,09:45,25950,42.35,10:57,51.5,65,2752.75,-594.75,SL Hit (51.50 >= 50.82),250748.0,25968.65,2.7,-20.95
2025-11-26,PE,09:45,26050,93.3,15:15,72.0,65,6064.5,1384.5,Settlement 15:15,252132.5,26041.15,4.6,-75.1
2025-11-27,CE,09:45,26250,135.7,10:02,167.55,65,8820.5,-2070.25,SL Hit (167.55 >= 162.84),250062.25,26233.0,-2.75,6.5
2025-11-28,PE,09:45,26200,80.1,15:15,70.85,65,5206.5,601.25,Settlement 15:15,250663.5,26215.2,1.6,-10.45
2025-12-01,CE,09:45,26300,75.2,15:15,24.05,65,4888.0,3324.75,Settlement 15:15,253988.25,26282.6,-11.05,5.85
2025-12-02,CE,09:45,26100,77.25,09:49,101.4,65,5021.25,-1569.75,SL Hit (101.40 >= 92.70),252418.5,26086.4,-21.45,-2.05
2025-12-03,CE,09:45,25950,153.5,15:15,162.7,65,9977.5,-598.0,Settlement 15:15,251820.5,25941.4,-41.6,30.95
2025-12-04,CE,09:45,26050,114.8,09:46,141.55,65,7462.0,-1738.75,SL Hit (141.55 >= 137.76),250081.75,26025.2,-9.15,-1.35
2025-12-05,PE,09:45,26050,88.7,15:15,28.3,65,5765.5,3926.0,Settlement 15:15,254007.75,26046.1,7.2,-10.55
2025-12-08,CE,09:45,26100,97.8,15:15,17.75,65,6357.0,5203.25,Settlement 15:15,259211.0,26122.15,-21.55,11.2
2025-12-09,CE,09:45,25750,67.75,10:15,81.35,65,4403.75,-884.0,SL Hit (81.35 >= 81.30),258327.0,25761.0,-66.85,29.35
2025-12-10,PE,09:45,25900,103.75,10:53,130.95,65,6743.75,-1768.0,SL Hit (130.95 >= 124.50),256559.0,25915.8,40.95,-45.65
2025-12-11,CE,09:45,25700,140.05,10:05,176.6,65,9103.25,-2375.75,SL Hit (176.60 >= 168.06),254183.25,25700.55,-42.9,28.0
2025-12-12,PE,09:45,26000,71.95,10:08,93.9,65,4676.75,-1426.75,SL Hit (93.90 >= 86.34),252756.5,26017.3,21.5,-18.5
2025-12-15,CE,09:45,25900,82.4,09:49,99.6,65,5356.0,-1118.0,SL Hit (99.60 >= 98.88),251638.5,25906.4,-30.05,22.35
2025-12-16,CE,09:45,25950,38.0,15:15,0.05,65,2470.0,2466.75,Settlement 15:15,254105.25,25928.45,-10.0,-3.7
2025-12-17,PE,09:45,25900,116.25,10:06,146.85,65,7556.25,-1989.0,SL Hit (146.85 >= 139.50),252116.25,25881.55,6.45,-10.8
2025-12-18,CE,09:45,25750,122.95,10:12,149.5,65,7991.75,-1725.75,SL Hit (149.50 >= 147.54),250390.5,25747.05,-13.8,6.85
2025-12-19,PE,09:45,25950,76.8,11:43,95.9,65,4992.0,-1241.5,SL Hit (95.90 >= 92.16),249149.0,25967.75,27.7,-26.6
2025-12-22,PE,09:45,26150,72.65,15:15,52.7,65,4722.25,1296.75,Settlement 15:15,250445.75,26133.35,7.45,-17.85
2025-12-23,CE,09:45,26150,27.4,09:48,33.1,65,1781.0,-370.5,SL Hit (33.10 >= 32.88),250075.25,26126.75,-36.35,23.9
2025-12-24,PE,09:45,26200,78.9,13:32,99.8,65,5128.5,-1358.5,SL Hit (99.80 >= 94.68),248716.75,26217.55,34.2,-39.1
2025-12-26,CE,09:45,26100,72.2,15:15,47.8,65,4693.0,1586.0,Settlement 15:15,250302.75,26088.35,-8.15,-1.1
2025-12-29,PE,09:45,26100,54.75,09:54,68.55,65,3558.75,-897.0,SL Hit (68.55 >= 65.70),249405.75,26082.5,4.7,-21.7
2025-12-30,PE,09:45,25950,47.9,09:48,61.5,65,3113.5,-884.0,SL Hit (61.50 >= 57.48),248521.75,25931.7,12.8,-20.3
2026-01-01,CE,09:45,26150,108.75,15:15,91.2,65,7068.75,1140.75,Settlement 15:15,249662.5,26169.25,-17.95,5.1
2026-01-02,PE,09:45,26250,68.3,15:15,40.45,65,4439.5,1810.25,Settlement 15:15,251472.75,26247.3,29.35,-27.2
2026-01-05,CE,09:45,26300,49.4,09:49,62.65,65,3211.0,-861.25,SL Hit (62.65 >= 59.28),250611.5,26275.75,-37.95,22.55
2026-01-06,CE,09:45,26200,45.3,09:49,55.8,65,2944.5,-682.5,SL Hit (55.80 >= 54.36),249929.0,26211.85,-34.9,12.45
2026-01-07,PE,09:45,26100,85.75,15:15,67.15,65,5573.75,1209.0,Settlement 15:15,251138.0,26113.1,6.2,-2.1
2026-01-08,CE,09:45,26100,87.6,15:15,32.55,65,5694.0,3578.25,Settlement 15:15,254716.25,26077.7,-8.15,8.2
2026-01-09,CE,09:45,25850,120.1,15:15,44.95,65,7806.5,4884.75,Settlement 15:15,259601.0,25853.6,-19.75,15.45
2026-01-12,CE,09:45,25550,102.15,12:17,129.0,65,6639.75,-1745.25,SL Hit (129.00 >= 122.58),257855.75,25560.8,-50.4,27.45
2026-01-13,CE,09:45,25750,69.8,10:28,88.45,65,4537.0,-1212.25,SL Hit (88.45 >= 83.76),256643.5,25766.4,-48.5,28.9
2026-01-14,PE,09:45,25700,129.25,14:24,157.3,65,8401.25,-1823.25,SL Hit (157.30 >= 155.10),254820.25,25691.85,6.95,-9.1
2026-01-16,CE,09:45,25700,133.95,10:08,162.7,65,8706.75,-1868.75,SL Hit (162.70 >= 160.74),252951.5,25721.2,-8.4,-8.0
2026-01-19,PE,09:45,25550,74.9,10:00,102.05,65,4868.5,-1764.75,SL Hit (102.05 >= 89.88),251186.75,25561.6,0.65,-12.25
2026-01-20,CE,09:45,25450,67.85,10:38,83.55,65,4410.25,-1020.5,SL Hit (83.55 >= 81.42),250166.25,25463.25,-51.55,31.3
2026-01-21,PE,09:45,25200,124.05,10:02,151.15,65,8063.25,-1761.5,SL Hit (151.15 >= 148.86),248404.75,25195.8,9.1,-21.1
2026-01-22,PE,09:45,25400,130.15,10:27,162.4,65,8459.75,-2096.25,SL Hit (162.40 >= 156.18),246308.5,25400.55,46.85,-33.05
2026-01-23,CE,09:45,25250,147.0,15:15,51.4,65,9555.0,6214.0,Settlement 15:15,252522.5,25269.0,-23.1,14.5
2026-01-27,PE,09:45,25150,78.45,09:58,94.5,65,5099.25,-1043.25,SL Hit (94.50 >= 94.14),251479.25,25143.8,5.1,-18.15
2026-01-28,CE,09:45,25300,248.45,15:15,247.95,65,16149.25,32.5,Settlement 15:15,251511.75,25285.1,-23.2,10.5
2026-01-29,CE,09:45,25200,223.4,12:50,274.45,65,14521.0,-3318.25,SL Hit (274.45 >= 268.08),248193.5,25215.1,-32.0,16.9
2026-01-30,PE,09:45,25300,197.45,13:15,244.7,65,12834.25,-3071.25,SL Hit (244.70 >= 236.94),245122.25,25283.7,14.45,-3.25
2026-02-01,PE,09:45,25350,199.05,12:12,247.1,65,12938.25,-3123.25,SL Hit (247.10 >= 238.86),241999.0,25338.45,20.25,-17.05
2026-02-02,PE,09:45,24900,177.1,11:01,234.45,65,11511.5,-3727.75,SL Hit (234.45 >= 212.52),238271.25,24878.35,44.5,-85.05
2026-02-03,CE,09:45,25700,105.0,09:48,135.0,65,6825.0,-1950.0,SL Hit (135.00 >= 126.00),236321.25,25692.3,-99.35,-97.1
2026-02-04,PE,09:45,25800,174.1,11:24,212.4,65,11316.5,-2489.5,SL Hit (212.40 >= 208.92),233831.75,25790.95,51.0,-69.25
2026-02-05,CE,09:45,25650,152.55,15:15,134.0,65,9915.75,1205.75,Settlement 15:15,235037.5,25634.45,-48.55,27.85
2026-02-06,CE,09:45,25550,127.9,11:37,155.35,65,8313.5,-1784.25,SL Hit (155.35 >= 153.48),233253.25,25551.3,-24.85,1.2
2026-02-09,CE,09:45,25800,91.7,10:38,114.3,65,5960.5,-1469.0,SL Hit (114.30 >= 110.04),231784.25,25798.45,-23.45,7.4
2026-02-10,PE,09:45,25950,47.05,14:02,58.25,65,3058.25,-728.0,SL Hit (58.25 >= 56.46),231056.25,25949.7,12.95,-28.8
2026-02-11,CE,09:45,25950,143.9,15:15,134.25,65,9353.5,627.25,Settlement 15:15,231683.5,25934.75,-21.85,20.2
2026-02-12,CE,09:45,25850,129.55,15:15,103.4,65,8420.75,1699.75,Settlement 15:15,233383.25,25849.5,-23.85,20.4
2026-02-13,CE,09:45,25550,127.65,15:15,93.1,65,8297.25,2245.75,Settlement 15:15,235629.0,25561.95,-30.35,13.15
2026-02-16,PE,09:45,25450,77.6,15:15,22.65,65,5044.0,3571.75,Settlement 15:15,239200.75,25460.15,11.4,-32.65
2026-02-17,PE,09:45,25650,55.2,15:15,0.05,65,3588.0,3584.75,Settlement 15:15,242785.5,25645.65,16.2,-21.15
2026-02-18,PE,09:45,25750,131.15,09:55,170.6,65,8524.75,-2564.25,SL Hit (170.60 >= 157.38),240221.25,25734.6,-1.35,-18.0
2026-02-19,CE,09:45,25800,116.65,15:15,37.1,65,7582.25,5170.75,Settlement 15:15,245392.0,25781.15,-27.6,22.8
2026-02-20,PE,09:45,25500,129.75,15:15,95.6,65,8433.75,2219.75,Settlement 15:15,247611.75,25488.2,8.65,-6.05
2026-02-23,PE,09:45,25750,102.2,10:32,122.75,65,6643.0,-1335.75,SL Hit (122.75 >= 122.64),246276.0,25736.5,45.2,-62.7
2026-02-24,CE,09:45,25500,70.75,15:15,0.15,65,4598.75,4589.0,Settlement 15:15,250865.0,25505.2,-51.65,27.8
2026-02-25,PE,09:45,25550,115.05,12:34,138.9,65,7478.25,-1550.25,SL Hit (138.90 >= 138.06),249314.75,25572.05,5.15,-26.6
2026-02-26,CE,09:45,25550,150.75,15:15,101.75,65,9798.75,3185.0,Settlement 15:15,252499.75,25564.5,-1.35,2.35
2026-02-27,CE,09:45,25350,116.05,15:15,49.65,65,7543.25,4316.0,Settlement 15:15,256815.75,25354.95,-25.4,20.75
2026-03-02,PE,09:45,24950,89.0,09:52,108.8,65,5785.0,-1287.0,SL Hit (108.80 >= 106.80),255528.75,24966.3,24.7,-67.6
2026-03-04,PE,09:45,24400,296.1,15:15,285.95,65,19246.5,659.75,Settlement 15:15,256188.5,24413.15,46.3,11.75
2026-03-05,PE,09:45,24600,236.3,15:15,165.95,65,15359.5,4572.75,Settlement 15:15,260761.25,24601.15,-13.35,-49.7
2026-03-06,PE,09:45,24700,228.0,12:29,274.55,65,14820.0,-3025.75,SL Hit (274.55 >= 273.60),257735.5,24678.35,35.95,-42.45
2026-03-09,CE,09:45,23700,248.55,10:11,301.5,65,16155.75,-3441.75,SL Hit (301.50 >= 298.26),254293.75,23716.95,-104.95,57.6
2026-03-10,CE,09:45,24150,84.75,10:15,111.35,65,5508.75,-1729.0,SL Hit (111.35 >= 101.70),252564.75,24138.7,-43.5,11.9
2026-03-11,CE,09:45,24200,266.55,15:15,151.35,65,17325.75,7488.0,Settlement 15:15,260052.75,24199.15,-10.25,9.85
2026-03-12,PE,09:45,23600,268.75,15:15,224.85,65,17468.75,2853.5,Settlement 15:15,262906.25,23612.75,11.9,-16.4
2026-03-13,CE,09:45,23400,253.7,15:15,132.75,65,16490.5,7861.75,Settlement 15:15,270768.0,23415.5,-25.4,1.05
2026-03-16,PE,09:45,23250,161.05,09:58,194.7,65,10468.25,-2187.25,SL Hit (194.70 >= 193.26),268580.75,23268.45,32.65,-56.0
2026-03-17,PE,09:45,23450,87.9,11:25,119.55,65,5713.5,-2057.25,SL Hit (119.55 >= 105.48),266523.5,23439.65,6.85,-27.5
2026-03-18,PE,09:45,23700,217.55,15:15,187.3,65,14140.75,1966.25,Settlement 15:15,268489.75,23713.2,21.7,-9.8
2026-03-19,CE,09:45,23250,239.05,15:15,145.2,65,15538.25,6100.25,Settlement 15:15,274590.0,23265.25,-40.75,45.9
2026-03-20,PE,09:45,23250,248.7,12:24,299.9,65,16165.5,-3328.0,SL Hit (299.90 >= 298.44),271262.0,23239.55,29.05,3.95
2026-03-23,PE,09:45,22700,223.2,09:56,279.1,65,14508.0,-3633.5,SL Hit (279.10 >= 267.84),267628.5,22696.85,13.9,-28.8
2026-03-24,CE,09:45,22700,115.4,09:56,139.1,65,7501.0,-1540.5,SL Hit (139.10 >= 138.48),266088.0,22719.05,-91.6,44.35
2026-03-25,PE,09:45,23250,282.15,15:15,250.25,65,18339.75,2073.5,Settlement 15:15,268161.5,23274.0,82.6,-66.15
2026-03-27,CE,09:45,23050,249.0,15:15,112.65,65,16185.0,8862.75,Settlement 15:15,277024.25,23037.15,-10.25,18.3
2026-03-30,PE,09:45,22700,140.0,09:55,170.3,65,9100.0,-1969.5,SL Hit (170.30 >= 168.00),275054.75,22678.25,66.1,-116.7
2026-04-01,PE,09:45,22850,297.85,13:41,386.2,65,19360.25,-5742.75,SL Hit (386.20 >= 357.42),269312.0,22858.95,3.3,-10.8
2026-04-02,PE,09:45,22250,287.3,15:15,114.8,65,18674.5,11212.5,Settlement 15:15,280524.5,22272.6,28.2,-12.75
2026-04-06,CE,09:45,22650,203.3,12:48,249.35,65,13214.5,-2993.25,SL Hit (249.35 >= 243.96),277531.25,22632.85,-36.6,16.0
2026-04-07,PE,09:45,22800,94.75,15:15,0.1,65,6158.75,6152.25,Settlement 15:15,283683.5,22820.45,26.3,-39.65
2026-04-08,PE,09:45,23950,238.05,15:15,191.2,65,15473.25,3045.25,Settlement 15:15,286728.75,23934.55,15.3,-80.3
2026-04-09,PE,09:45,23850,191.15,09:55,230.95,65,12424.75,-2587.0,SL Hit (230.95 >= 229.38),284141.75,23860.75,24.65,-7.3
2026-04-10,PE,09:45,23950,157.0,15:15,101.2,65,10205.0,3627.0,Settlement 15:15,287768.75,23951.45,15.95,-36.7
2026-04-13,CE,09:45,23600,88.2,09:55,107.15,65,5733.0,-1231.75,SL Hit (107.15 >= 105.84),286537.0,23623.95,-34.4,-4.8
2026-04-15,CE,09:45,24200,248.75,15:15,237.9,65,16168.75,705.25,Settlement 15:15,287242.25,24219.4,-6.25,16.05
2026-04-16,CE,09:45,24300,192.9,15:15,136.3,65,12538.5,3679.0,Settlement 15:15,290921.25,24305.75,-23.15,18.45
2026-04-17,PE,09:45,24200,184.75,15:15,98.25,65,12008.75,5622.5,Settlement 15:15,296543.75,24193.8,10.9,-16.55
2026-04-20,PE,09:45,24300,140.8,15:15,114.2,65,9152.0,1729.0,Settlement 15:15,298272.75,24295.55,1.7,-8.05
2026-04-21,PE,09:45,24500,61.25,15:15,0.05,65,3981.25,3978.0,Settlement 15:15,302250.75,24502.05,22.7,-61.1
2026-04-22,CE,09:45,24450,211.05,15:15,193.95,65,13718.25,1111.5,Settlement 15:15,303362.25,24426.5,-36.15,39.05
2026-04-23,PE,09:45,24250,220.45,15:15,243.9,65,14329.25,-1524.25,Settlement 15:15,301838.0,24246.3,30.25,-56.3
2026-04-24,CE,09:45,23950,198.6,15:15,161.9,65,12909.0,2385.5,Settlement 15:15,304223.5,23968.3,-112.25,73.3
2026-04-27,PE,09:45,24050,99.0,10:39,119.2,65,6435.0,-1313.0,SL Hit (119.20 >= 118.80),302910.5,24061.85,-1.15,-22.55
2026-04-28,PE,09:45,24150,59.1,09:49,71.45,65,3841.5,-802.75,SL Hit (71.45 >= 70.92),302107.75,24138.7,33.65,-87.35
2026-04-29,PE,09:45,24150,178.35,15:15,166.8,65,11592.75,750.75,Settlement 15:15,302858.5,24146.8,28.45,-35.45
2026-04-30,CE,09:45,23950,175.3,13:36,212.8,65,11394.5,-2437.5,SL Hit (212.80 >= 210.36),300421.0,23941.0,-16.95,31.95
2026-05-04,PE,09:45,24300,108.45,09:53,135.15,65,7049.25,-1735.5,SL Hit (135.15 >= 130.14),298685.5,24275.5,14.95,-50.35
2026-05-05,PE,09:45,24000,54.3,10:10,66.45,65,3529.5,-789.75,SL Hit (66.45 >= 65.16),297895.75,24012.75,-3.9,-15.45
2026-05-06,CE,09:45,24150,215.25,14:21,283.65,65,13991.25,-4446.0,SL Hit (283.65 >= 258.30),293449.75,24134.0,-35.2,46.4
2026-05-07,PE,09:45,24400,170.8,09:53,208.95,65,11102.0,-2479.75,SL Hit (208.95 >= 204.96),290970.0,24392.7,13.85,-5.0
2026-05-08,CE,09:45,24150,176.5,10:22,213.05,65,11472.5,-2375.75,SL Hit (213.05 >= 211.80),288594.25,24145.2,-16.85,27.6
2026-05-11,CE,09:45,23850,145.25,11:20,176.95,65,9441.25,-2060.5,SL Hit (176.95 >= 174.30),286533.75,23866.0,-45.65,26.05
2026-05-12,CE,09:45,23650,67.0,15:15,0.05,65,4355.0,4351.75,Settlement 15:15,290885.5,23647.6,-49.25,22.9
2026-05-13,CE,09:45,23300,267.05,10:06,327.5,65,17358.25,-3929.25,SL Hit (327.50 >= 320.46),286956.25,23311.8,-63.5,57.2
2026-05-14,CE,09:45,23500,216.55,11:35,266.5,65,14075.75,-3246.75,SL Hit (266.50 >= 259.86),283709.5,23515.8,-6.85,-1.5
2026-05-15,PE,09:45,23800,170.2,11:17,219.25,65,11063.0,-3188.25,SL Hit (219.25 >= 204.24),280521.25,23798.6,47.7,-51.5
2026-05-18,CE,09:45,23350,144.55,10:37,174.6,65,9395.75,-1953.25,SL Hit (174.60 >= 173.46),278568.0,23367.15,-36.7,14.25
2026-05-19,PE,09:45,23750,70.6,09:48,86.5,65,4589.0,-1033.5,SL Hit (86.50 >= 84.72),277534.5,23737.25,-0.3,-25.2
2026-05-20,PE,09:45,23550,246.3,15:15,154.4,65,16009.5,5973.5,Settlement 15:15,283508.0,23528.3,56.6,-50.25
2026-05-21,CE,09:45,23800,169.8,15:15,99.05,65,11037.0,4598.75,Settlement 15:15,288106.75,23792.6,-20.8,18.1
2026-05-22,PE,09:45,23750,153.95,15:15,147.7,65,10006.75,406.25,Settlement 15:15,288513.0,23752.5,21.5,-31.4
2026-05-25,CE,09:45,23950,114.25,14:46,145.45,65,7426.25,-2028.0,SL Hit (145.45 >= 137.10),286485.0,23947.1,-5.75,0.9
2026-05-26,PE,09:45,24050,50.6,09:54,62.1,65,3289.0,-747.5,SL Hit (62.10 >= 60.72),285737.5,24059.45,30.6,-60.3
2026-05-27,PE,09:45,23900,161.1,15:15,124.05,65,10471.5,2408.25,Settlement 15:15,288145.75,23888.15,-6.6,-9.8
2026-05-29,CE,09:45,23900,163.95,15:15,87.35,65,10656.75,4979.0,Settlement 15:15,293124.75,23897.7,-34.75,22.05
2026-06-01,CE,09:45,23600,118.85,15:15,37.8,65,7725.25,5268.25,Settlement 15:15,298393.0,23592.1,-32.4,12.5
2026-06-02,PE,09:45,23300,50.55,09:47,60.75,65,3285.75,-663.0,SL Hit (60.75 >= 60.66),297730.0,23294.95,5.9,-32.05
2026-06-03,CE,09:45,23250,229.1,12:36,278.45,65,14891.5,-3207.75,SL Hit (278.45 >= 274.92),294522.25,23265.7,-36.05,65.35
2026-06-04,PE,09:45,23350,149.0,15:15,98.25,65,9685.0,3298.75,Settlement 15:15,297821.0,23368.35,37.5,-43.65
2026-06-05,PE,09:45,23450,127.45,10:36,166.5,65,8284.25,-2538.25,SL Hit (166.50 >= 152.94),295282.75,23468.8,1.95,0.9
2026-06-08,PE,09:45,23150,102.25,15:15,103.95,65,6646.25,-110.5,Settlement 15:15,295172.25,23170.95,24.85,-31.45
2026-06-09,CE,09:45,23200,59.5,14:54,75.75,65,3867.5,-1056.25,SL Hit (75.75 >= 71.40),294116.0,23204.9,-16.3,-8.65
2026-06-10,PE,09:45,23350,178.35,14:39,214.35,65,11592.75,-2340.0,SL Hit (214.35 >= 214.02),291776.0,23355.7,35.9,-32.45
2026-06-11,PE,09:45,23150,160.25,15:15,138.5,65,10416.25,1413.75,Settlement 15:15,293189.75,23145.65,4.6,-24.1
2026-06-12,CE,09:45,23350,156.55,13:36,194.35,65,10175.75,-2457.0,SL Hit (194.35 >= 187.86),290732.75,23371.25,-18.3,15.1
2026-06-15,PE,09:45,23950,98.25,12:16,120.6,65,6386.25,-1452.75,SL Hit (120.60 >= 117.90),289280.0,23969.55,-2.3,-4.55
2026-06-16,PE,09:45,23900,40.3,15:15,0.05,65,2619.5,2616.25,Settlement 15:15,291896.25,23924.0,-2.05,-17.95
2026-06-17,PE,09:45,24050,164.1,15:15,137.65,65,10666.5,1719.25,Settlement 15:15,293615.5,24064.85,27.7,-11.65
2026-06-18,PE,09:45,24100,127.15,10:42,153.8,65,8264.75,-1732.25,SL Hit (153.80 >= 152.58),291883.25,24116.0,8.55,-25.35
2026-06-19,CE,09:45,23950,138.0,15:15,146.45,65,8970.0,-549.25,Settlement 15:15,291334.0,23964.0,-4.45,19.05
2026-06-22,PE,09:45,24100,73.75,15:15,50.95,65,4793.75,1482.0,Settlement 15:15,292816.0,24109.55,4.3,-12.25
2026-06-23,PE,09:45,24100,34.7,11:45,69.05,65,2255.5,-2232.75,SL Hit (69.05 >= 41.64),290583.25,24110.05,17.15,-33.15
2026-06-24,PE,09:45,23850,147.45,15:15,58.8,65,9584.25,5762.25,Settlement 15:15,296345.5,23859.8,-3.6,-12.6
2026-06-25,PE,09:45,24150,109.3,14:25,136.45,65,7104.5,-1764.75,SL Hit (136.45 >= 131.16),294580.75,24154.0,0.15,-11.15
2026-06-29,PE,09:45,24100,90.8,11:33,127.15,65,5902.0,-2362.75,SL Hit (127.15 >= 108.96),292218.0,24084.95,-4.65,-4.8
2026-06-30,CE,09:45,23850,81.9,10:04,104.5,65,5323.5,-1469.0,SL Hit (104.50 >= 98.28),290749.0,23868.5,-78.0,39.9
2026-07-01,PE,09:45,23950,152.1,15:15,106.9,65,9886.5,2938.0,Settlement 15:15,293687.0,23947.1,13.15,-20.15
2026-07-02,PE,09:45,24150,118.85,10:07,143.3,65,7725.25,-1589.25,SL Hit (143.30 >= 142.62),292097.75,24152.85,28.95,-33.7
2026-07-03,PE,09:45,24350,101.25,13:33,126.0,65,6581.25,-1608.75,SL Hit (126.00 >= 121.50),290489.0,24340.7,9.05,-19.1
2026-07-06,PE,09:45,24400,84.6,15:15,52.15,65,5499.0,2109.25,Settlement 15:15,292598.25,24377.7,16.8,-42.35
2026-07-07,CE,09:45,24450,44.1,10:02,53.15,65,2866.5,-588.25,SL Hit (53.15 >= 52.92),292010.0,24460.15,-9.05,-5.15
2026-07-08,CE,09:45,24250,129.3,15:15,57.25,65,8404.5,4683.25,Settlement 15:15,296693.25,24229.85,-23.1,33.15
2026-07-09,PE,09:45,24050,150.15,15:04,180.35,65,9759.75,-1963.0,SL Hit (180.35 >= 180.18),294730.25,24043.0,22.75,-59.35
2026-07-10,PE,09:45,24200,117.75,15:15,102.5,65,7653.75,991.25,Settlement 15:15,295721.5,24198.85,18.1,-18.85
2026-07-13,PE,09:45,24050,88.7,15:15,36.25,65,5765.5,3409.25,Settlement 15:15,299130.75,24070.35,20.0,-25.95
2026-07-14,PE,09:45,24100,69.7,10:19,87.95,65,4530.5,-1186.25,SL Hit (87.95 >= 83.64),297944.5,24078.95,0.55,-19.35
2026-07-15,PE,09:45,24200,161.6,12:54,199.0,65,10504.0,-2431.0,SL Hit (199.00 >= 193.92),295513.5,24202.05,46.5,-60.6
2026-07-16,PE,09:45,24150,137.1,13:30,168.4,65,8911.5,-2034.5,SL Hit (168.40 >= 164.52),293479.0,24139.2,-0.4,-19.3
2026-07-17,PE,09:45,24250,150.3,15:15,106.75,65,9769.5,2830.75,Settlement 15:15,296309.75,24234.5,32.05,-47.5
2026-07-20,CE,09:45,24150,89.55,10:11,112.95,65,5820.75,-1521.0,SL Hit (112.95 >= 107.46),294788.75,24164.65,-43.15,17.4
2026-07-21,CE,09:45,24250,30.0,15:15,0.05,65,1950.0,1946.75,Settlement 15:15,296735.5,24225.5,-26.35,7.2
2026-07-22,CE,09:45,24050,149.9,15:15,125.1,65,9743.5,1612.0,Settlement 15:15,298347.5,24030.4,-24.9,16.55
2026-07-23,PE,09:45,23900,122.7,12:40,155.65,65,7975.5,-2141.75,SL Hit (155.65 >= 147.24),296205.75,23917.5,4.55,-20.7
2026-07-24,CE,09:45,23650,146.4,12:04,176.85,65,9516.0,-1979.25,SL Hit (176.85 >= 175.68),294226.5,23660.35,-22.9,19.7
2026-07-27,PE,09:45,23950,68.65,09:56,84.4,65,4462.25,-1023.75,SL Hit (84.40 >= 82.38),293202.75,23950.5,-5.1,-6.05
2026-07-28,PE,09:45,24000,34.0,09:51,41.0,65,2210.0,-455.0,SL Hit (41.00 >= 40.80),292747.75,24014.8,0.3,-10.3
2026-07-29,PE,09:45,24200,133.2,15:15,114.2,65,8658.0,1235.0,Settlement 15:15,293982.75,24207.65,18.45,-9.7
2026-07-30,PE,09:45,24250,125.95,15:15,98.15,65,8186.75,1807.0,Settlement 15:15,295789.75,24253.25,5.85,-11.6
2026-07-31,CE,09:45,24350,93.6,12:27,113.5,65,6084.0,-1293.5,SL Hit (113.50 >= 112.32),294496.25,24343.3,-18.9,18.45
2026-08-03,PE,09:45,24550,58.05,15:15,50.95,65,3773.25,461.5,Settlement 15:15,294957.75,24552.5,0.6,-7.95
2026-08-04,PE,09:45,24600,33.4,10:24,41.2,65,2171.0,-507.0,SL Hit (41.20 >= 40.08),294450.75,24622.95,1.75,-16.9
2026-08-05,CE,09:45,24650,144.8,15:15,93.35,65,9412.0,3344.25,Settlement 15:15,297795.0,24626.3,-0.1,15.9
2026-08-06,PE,09:45,24650,118.6,15:15,105.55,65,7709.0,848.25,Settlement 15:15,298643.25,24648.95,23.95,-9.15
2026-08-07,PE,09:45,24600,116.65,12:05,141.2,65,7582.25,-1595.75,SL Hit (141.20 >= 139.98),297047.5,24616.0,14.55,0.35
2026-08-10,CE,09:45,24500,120.25,10:20,145.75,65,7816.25,-1657.5,SL Hit (145.75 >= 144.30),295390.0,24518.8,-32.15,5.45
2026-08-11,CE,09:45,24500,60.3,15:15,16.65,65,3919.5,2837.25,Settlement 15:15,298227.25,24481.3,-27.7,24.55
2026-08-12,CE,09:45,24400,167.4,15:15,140.95,65,10881.0,1719.25,Settlement 15:15,299946.5,24418.2,-31.35,5.45
2026-08-13,CE,09:45,24350,133.75,12:00,173.45,65,8693.75,-2580.5,SL Hit (173.45 >= 160.50),297366.0,24350.1,-12.7,-0.4
2026-08-14,CE,09:45,24350,104.85,13:45,139.0,65,6815.25,-2219.75,SL Hit (139.00 >= 125.82),295146.25,24336.85,-6.35,-0.9
2026-08-17,CE,09:45,24300,69.3,12:46,104.15,65,4504.5,-2265.25,SL Hit (104.15 >= 83.16),292881.0,24302.4,-13.25,-0.4
