datetime,open,high,low,close,volume,oi,iv,spot,api_strike,strike,strike_label,option_type,atm,date
2025-12-04 09:15:00+05:30,482.1,492.95,469.6,479.2,15300,284475,0.0,25950.75,25500.0,25550,ATM-9,CALL,26000,2025-12-04
2025-12-04 09:16:00+05:30,471.7,489.8,471.55,489.4,9900,284475,0.0,25955.15,25500.0,25550,ATM-9,CALL,26000,2025-12-04
2025-12-04 09:17:00+05:30,486.0,497.65,485.0,496.4,4125,284475,0.0,25959.1,25500.0,25550,ATM-9,CALL,26000,2025-12-04
2025-12-04 09:18:00+05:30,498.0,498.65,492.1,492.85,9675,284475,0.0,25958.5,25500.0,25550,ATM-9,CALL,26000,2025-12-04
2025-12-04 09:19:00+05:30,492.7,494.05,480.0,480.75,9000,299100,0.0,25949.55,25500.0,25550,ATM-9,CALL,26000,2025-12-04
2025-12-04 09:20:00+05:30,479.3,483.7,479.3,479.65,4575,299100,0.0,25948.6,25500.0,25550,ATM-9,CALL,26000,2025-12-04
2025-12-04 09:21:00+05:30,479.5,489.15,477.35,487.0,4800,299100,0.0,25955.4,25500.0,25550,ATM-9,CALL,26000,2025-12-04
2025-12-04 09:22:00+05:30,487.45,493.45,482.7,492.8,1725,305625,0.0,25961.85,25500.0,25550,ATM-9,CALL,26000,2025-12-04
2025-12-04 09:23:00+05:30,448.5,468.3,448.5,468.3,450,20550,0.0,25985.45,25550.0,25550,ATM-9,CALL,26000,2025-12-04
2025-12-04 09:24:00+05:30,465.55,481.1,463.45,478.55,1350,20550,0.0,25992.65,25550.0,25550,ATM-9,CALL,26000,2025-12-04
2025-12-04 09:25:00+05:30,475.4,475.4,470.4,470.4,150,21375,8.12,25977.6,25550.0,25550,ATM-9,CALL,26000,2025-12-04
2025-12-04 09:26:00+05:30,472.4,476.35,472.4,476.35,225,21375,9.48,25979.2,25550.0,25550,ATM-9,CALL,26000,2025-12-04
2025-12-04 09:27:00+05:30,472.8,472.8,470.95,470.95,150,21375,0.0,25986.25,25550.0,25550,ATM-9,CALL,26000,2025-12-04
2025-12-04 09:28:00+05:30,478.85,478.85,478.6,478.6,525,21300,0.0,25990.8,25550.0,25550,ATM-9,CALL,26000,2025-12-04
2025-12-04 09:29:00+05:30,479.9,482.95,479.9,479.9,825,21300,0.0,25995.85,25550.0,25550,ATM-9,CALL,26000,2025-12-04
2025-12-04 09:30:00+05:30,485.65,485.65,482.25,483.05,975,21300,0.0,25997.05,25550.0,25550,ATM-9,CALL,26000,2025-12-04
2025-12-04 09:31:00+05:30,484.1,487.9,482.95,484.9,675,22125,0.0,25995.95,25550.0,25550,ATM-9,CALL,26000,2025-12-04
2025-12-04 09:32:00+05:30,483.6,484.4,470.15,470.15,450,22125,0.0,25983.85,25550.0,25550,ATM-9,CALL,26000,2025-12-04
2025-12-04 09:33:00+05:30,480.0,480.0,478.2,478.2,600,22125,0.0,25990.9,25550.0,25550,ATM-9,CALL,26000,2025-12-04
2025-12-04 09:34:00+05:30,485.0,492.45,482.5,492.0,900,23025,6.93,26000.8,25550.0,25550,ATM-9,CALL,26000,2025-12-04
2025-12-04 09:35:00+05:30,495.9,506.05,495.9,506.05,225,23025,5.63,26016.75,25550.0,25550,ATM-9,CALL,26000,2025-12-04
2025-12-04 09:36:00+05:30,506.05,507.15,505.45,506.7,825,23025,0.0,26021.3,25550.0,25550,ATM-9,CALL,26000,2025-12-04
2025-12-04 09:37:00+05:30,463.0,463.0,457.9,459.9,3825,147600,0.0,26025.25,25600.0,25550,ATM-9,CALL,26000,2025-12-04
2025-12-04 09:38:00+05:30,505.0,505.0,500.0,500.0,975,23025,0.0,26018.65,25550.0,25550,ATM-9,CALL,26000,2025-12-04
2025-12-04 09:39:00+05:30,498.0,498.0,495.45,495.45,375,23025,0.0,26013.45,25550.0,25550,ATM-9,CALL,26000,2025-12-04
2025-12-04 09:40:00+05:30,495.45,495.45,495.45,495.45,0,23025,8.07,26003.5,25550.0,25550,ATM-9,CALL,26000,2025-12-04
2025-12-04 09:41:00+05:30,490.4,493.4,490.4,493.4,150,22725,0.0,26004.5,25550.0,25550,ATM-9,CALL,26000,2025-12-04
2025-12-04 09:42:00+05:30,494.25,501.6,494.25,501.6,675,22725,6.6,26011.85,25550.0,25550,ATM-9,CALL,26000,2025-12-04
2025-12-04 09:43:00+05:30,503.75,503.75,503.75,503.75,75,22500,0.0,26016.45,25550.0,25550,ATM-9,CALL,26000,2025-12-04
2025-12-04 09:44:00+05:30,457.4,466.8,457.4,466.15,3450,148350,0.0,26028.15,25600.0,25550,ATM-9,CALL,26000,2025-12-04
2025-12-04 09:45:00+05:30,465.0,465.55,461.5,462.95,7050,148350,0.0,26025.2,25600.0,25550,ATM-9,CALL,26000,2025-12-04
2025-12-04 09:46:00+05:30,511.25,511.25,508.9,511.05,375,21975,0.0,26021.95,25550.0,25550,ATM-9,CALL,26000,2025-12-04
2025-12-04 09:47:00+05:30,515.8,515.8,508.65,508.65,450,21975,0.0,26021.05,25550.0,25550,ATM-9,CALL,26000,2025-12-04
2025-12-04 09:48:00+05:30,505.1,505.1,505.1,505.1,75,21975,0.0,26017.6,25550.0,25550,ATM-9,CALL,26000,2025-12-04
2025-12-04 09:49:00+05:30,509.35,509.35,500.0,500.0,600,21750,0.0,26016.3,25550.0,25550,ATM-9,CALL,26000,2025-12-04
2025-12-04 09:50:00+05:30,500.0,500.0,500.0,500.0,0,21750,0.0,26022.5,25550.0,25550,ATM-9,CALL,26000,2025-12-04
2025-12-04 09:51:00+05:30,457.45,462.9,457.45,461.8,4050,151575,0.0,26025.1,25600.0,25550,ATM-9,CALL,26000,2025-12-04
2025-12-04 09:52:00+05:30,462.0,475.0,462.0,472.9,10350,153450,6.16,26032.8,25600.0,25550,ATM-9,CALL,26000,2025-12-04
2025-12-04 09:53:00+05:30,469.35,471.9,464.05,465.3,4650,153450,0.0,26025.9,25600.0,25550,ATM-9,CALL,26000,2025-12-04
2025-12-04 09:54:00+05:30,462.55,464.6,460.0,464.6,1725,153450,0.0,26027.9,25600.0,25550,ATM-9,CALL,26000,2025-12-04
2025-12-04 09:55:00+05:30,466.0,469.7,465.9,469.6,975,156300,0.0,26032.45,25600.0,25550,ATM-9,CALL,26000,2025-12-04
2025-12-04 09:56:00+05:30,468.65,471.3,468.5,469.0,1650,156300,0.0,26033.35,25600.0,25550,ATM-9,CALL,26000,2025-12-04
2025-12-04 09:57:00+05:30,468.15,469.05,463.0,464.0,1050,156300,0.0,26028.75,25600.0,25550,ATM-9,CALL,26000,2025-12-04
2025-12-04 09:58:00+05:30,466.0,467.75,463.35,466.15,1125,157650,0.0,26031.05,25600.0,25550,ATM-9,CALL,26000,2025-12-04
2025-12-04 09:59:00+05:30,466.7,467.0,466.0,466.0,600,157650,0.0,26028.3,25600.0,25550,ATM-9,CALL,26000,2025-12-04
2025-12-04 10:00:00+05:30,463.0,467.0,463.0,467.0,375,157650,0.0,26031.75,25600.0,25550,ATM-9,CALL,26000,2025-12-04
2025-12-04 10:01:00+05:30,470.0,470.0,463.05,464.5,1350,157875,0.0,26028.35,25600.0,25550,ATM-9,CALL,26000,2025-12-04
2025-12-04 10:02:00+05:30,464.45,468.5,460.0,465.9,2100,157875,0.0,26027.3,25600.0,25550,ATM-9,CALL,26000,2025-12-04
2025-12-04 10:03:00+05:30,457.2,465.0,457.2,465.0,1050,157875,0.0,26026.65,25600.0,25550,ATM-9,CALL,26000,2025-12-04
2025-12-04 10:04:00+05:30,464.6,465.9,462.0,464.05,675,157350,2.06,26025.05,25600.0,25550,ATM-9,CALL,26000,2025-12-04
2025-12-04 10:05:00+05:30,516.05,516.05,516.05,516.05,0,20325,8.89,26021.85,25550.0,25550,ATM-9,CALL,26000,2025-12-04
2025-12-04 10:06:00+05:30,462.1,466.35,461.9,461.9,1350,157350,0.0,26031.9,25600.0,25550,ATM-9,CALL,26000,2025-12-04
2025-12-04 10:07:00+05:30,468.3,482.45,466.5,482.0,5775,157275,8.57,26039.6,25600.0,25550,ATM-9,CALL,26000,2025-12-04
2025-12-04 10:08:00+05:30,477.0,480.05,475.7,475.7,4650,157275,5.6,26036.25,25600.0,25550,ATM-9,CALL,26000,2025-12-04
2025-12-04 10:09:00+05:30,475.0,477.6,461.9,464.4,4350,157275,0.0,26027.5,25600.0,25550,ATM-9,CALL,26000,2025-12-04
2025-12-04 10:10:00+05:30,464.4,466.0,462.8,462.8,900,160275,0.0,26029.0,25600.0,25550,ATM-9,CALL,26000,2025-12-04
2025-12-04 10:11:00+05:30,469.3,469.3,462.0,462.0,300,160275,0.0,26029.15,25600.0,25550,ATM-9,CALL,26000,2025-12-04
2025-12-04 10:12:00+05:30,469.0,472.9,468.75,472.9,1950,160275,5.31,26034.35,25600.0,25550,ATM-9,CALL,26000,2025-12-04
2025-12-04 10:13:00+05:30,471.0,477.35,471.0,474.95,1500,160725,0.0,26040.35,25600.0,25550,ATM-9,CALL,26000,2025-12-04
2025-12-04 10:14:00+05:30,474.95,481.0,474.9,478.1,4950,160725,0.0,26042.75,25600.0,25550,ATM-9,CALL,26000,2025-12-04
2025-12-04 10:15:00+05:30,478.05,480.4,476.7,479.65,1725,160725,0.0,26042.45,25600.0,25550,ATM-9,CALL,26000,2025-12-04
2025-12-04 10:16:00+05:30,478.3,479.4,475.95,477.5,1050,158100,0.0,26043.45,25600.0,25550,ATM-9,CALL,26000,2025-12-04
2025-12-04 10:17:00+05:30,479.5,479.5,474.0,474.0,675,158100,0.0,26038.1,25600.0,25550,ATM-9,CALL,26000,2025-12-04
2025-12-04 10:18:00+05:30,475.05,479.5,474.3,479.5,600,158100,1.41,26043.7,25600.0,25550,ATM-9,CALL,26000,2025-12-04
2025-12-04 10:19:00+05:30,479.35,490.0,479.05,487.3,6750,158625,7.0,26046.55,25600.0,25550,ATM-9,CALL,26000,2025-12-04
2025-12-04 10:20:00+05:30,486.8,486.8,484.1,484.85,2775,158625,0.0,26048.05,25600.0,25550,ATM-9,CALL,26000,2025-12-04
2025-12-04 10:21:00+05:30,489.2,493.25,485.35,491.3,4275,158625,6.03,26052.55,25600.0,25550,ATM-9,CALL,26000,2025-12-04
2025-12-04 10:22:00+05:30,492.75,499.0,492.75,493.0,3000,155400,9.01,26049.05,25600.0,25550,ATM-9,CALL,26000,2025-12-04
2025-12-04 10:23:00+05:30,488.65,488.65,486.95,488.65,225,155400,0.0,26050.05,25600.0,25550,ATM-9,CALL,26000,2025-12-04
2025-12-04 10:24:00+05:30,489.65,490.8,489.1,489.1,450,155400,3.47,26050.55,25600.0,25550,ATM-9,CALL,26000,2025-12-04
2025-12-04 10:25:00+05:30,492.9,493.55,492.9,493.55,600,155550,0.0,26055.15,25600.0,25550,ATM-9,CALL,26000,2025-12-04
2025-12-04 10:26:00+05:30,495.0,498.3,493.05,493.05,1500,155550,0.0,26056.0,25600.0,25550,ATM-9,CALL,26000,2025-12-04
2025-12-04 10:27:00+05:30,493.0,499.0,493.0,498.65,2100,155550,7.73,26057.25,25600.0,25550,ATM-9,CALL,26000,2025-12-04
2025-12-04 10:28:00+05:30,500.0,506.7,499.05,506.7,1575,154650,7.84,26065.4,25600.0,25550,ATM-9,CALL,26000,2025-12-04
2025-12-04 10:29:00+05:30,460.95,474.35,460.95,474.35,450,53925,9.32,26078.9,25650.0,25550,ATM-9,CALL,26000,2025-12-04
2025-12-04 10:30:00+05:30,474.05,475.25,467.95,469.5,3825,53925,7.18,26078.7,25650.0,25550,ATM-9,CALL,26000,2025-12-04
2025-12-04 10:31:00+05:30,473.35,480.0,473.35,480.0,1275,53325,8.9,26085.9,25650.0,25550,ATM-9,CALL,26000,2025-12-04
2025-12-04 10:32:00+05:30,482.0,482.0,477.3,477.9,2700,53325,9.27,26082.25,25650.0,25550,ATM-9,CALL,26000,2025-12-04
2025-12-04 10:33:00+05:30,475.1,475.1,469.6,472.2,2400,53325,8.57,26078.05,25650.0,25550,ATM-9,CALL,26000,2025-12-04
2025-12-04 10:34:00+05:30,473.35,481.45,473.35,481.45,3675,53175,9.52,26084.65,25650.0,25550,ATM-9,CALL,26000,2025-12-04
2025-12-04 10:35:00+05:30,480.0,481.75,478.35,481.0,1050,53175,8.45,26087.7,25650.0,25550,ATM-9,CALL,26000,2025-12-04
2025-12-04 10:36:00+05:30,484.15,487.8,484.15,486.65,15150,53175,8.52,26092.35,25650.0,25550,ATM-9,CALL,26000,2025-12-04
2025-12-04 10:37:00+05:30,487.1,487.1,484.3,485.15,2775,46200,7.02,26094.9,25650.0,25550,ATM-9,CALL,26000,2025-12-04
2025-12-04 10:38:00+05:30,486.9,487.35,482.6,482.6,1950,46200,7.96,26090.8,25650.0,25550,ATM-9,CALL,26000,2025-12-04
2025-12-04 10:39:00+05:30,483.15,484.2,480.75,480.75,750,46200,7.93,26089.6,25650.0,25550,ATM-9,CALL,26000,2025-12-04
2025-12-04 10:40:00+05:30,488.55,488.55,484.9,484.9,150,46425,9.11,26090.65,25650.0,25550,ATM-9,CALL,26000,2025-12-04
2025-12-04 10:41:00+05:30,481.65,489.85,481.65,488.75,1650,46425,9.32,26093.2,25650.0,25550,ATM-9,CALL,26000,2025-12-04
2025-12-04 10:42:00+05:30,489.15,490.8,489.15,489.35,675,46425,9.27,26093.55,25650.0,25550,ATM-9,CALL,26000,2025-12-04
2025-12-04 10:43:00+05:30,488.85,489.3,488.85,489.0,450,47250,9.08,26094.6,25650.0,25550,ATM-9,CALL,26000,2025-12-04
2025-12-04 10:44:00+05:30,489.0,489.9,489.0,489.0,3225,47250,9.52,26092.7,25650.0,25550,ATM-9,CALL,26000,2025-12-04
2025-12-04 10:45:00+05:30,488.15,488.15,488.15,488.15,825,47250,7.31,26097.1,25650.0,25550,ATM-9,CALL,26000,2025-12-04
2025-12-04 10:46:00+05:30,488.35,489.95,487.85,489.8,525,46800,9.21,26094.7,25650.0,25550,ATM-9,CALL,26000,2025-12-04
2025-12-04 10:47:00+05:30,486.45,488.2,484.85,484.85,2775,46800,9.53,26089.9,25650.0,25550,ATM-9,CALL,26000,2025-12-04
2025-12-04 10:48:00+05:30,482.45,482.45,482.45,482.45,75,46800,9.04,26087.8,25650.0,25550,ATM-9,CALL,26000,2025-12-04
2025-12-04 10:49:00+05:30,482.45,482.45,482.45,482.45,0,46800,9.86,26083.4,25650.0,25550,ATM-9,CALL,26000,2025-12-04
2025-12-04 10:50:00+05:30,478.45,481.6,478.45,481.6,225,47700,10.08,26082.9,25650.0,25550,ATM-9,CALL,26000,2025-12-04
2025-12-04 10:51:00+05:30,479.0,481.9,479.0,481.9,375,47700,9.77,26084.25,25650.0,25550,ATM-9,CALL,26000,2025-12-04
2025-12-04 10:52:00+05:30,482.15,482.15,480.0,480.15,450,47850,9.68,26082.75,25650.0,25550,ATM-9,CALL,26000,2025-12-04
2025-12-04 10:53:00+05:30,479.55,479.55,474.0,474.0,675,47850,8.93,26079.6,25650.0,25550,ATM-9,CALL,26000,2025-12-04
2025-12-04 10:54:00+05:30,476.85,476.85,476.85,476.85,375,47850,9.82,26078.05,25650.0,25550,ATM-9,CALL,26000,2025-12-04
2025-12-04 10:55:00+05:30,476.4,478.9,476.4,478.9,300,48225,10.08,26079.2,25650.0,25550,ATM-9,CALL,26000,2025-12-04
2025-12-04 10:56:00+05:30,477.3,479.5,476.4,476.4,825,48225,9.93,26078.4,25650.0,25550,ATM-9,CALL,26000,2025-12-04
2025-12-04 10:57:00+05:30,476.4,476.4,476.4,476.4,0,48225,8.95,26080.95,25650.0,25550,ATM-9,CALL,26000,2025-12-04
2025-12-04 10:58:00+05:30,486.0,486.0,486.0,486.0,300,48450,10.63,26085.5,25650.0,25550,ATM-9,CALL,26000,2025-12-04
2025-12-04 10:59:00+05:30,484.4,484.4,472.1,472.1,225,48450,9.15,26075.5,25650.0,25550,ATM-9,CALL,26000,2025-12-04
2025-12-04 11:00:00+05:30,472.1,473.0,472.1,473.0,525,48450,8.84,26076.55,25650.0,25550,ATM-9,CALL,26000,2025-12-04
2025-12-04 11:01:00+05:30,477.55,478.45,477.0,477.0,750,48450,9.65,26079.6,25650.0,25550,ATM-9,CALL,26000,2025-12-04
2025-12-04 11:02:00+05:30,477.5,477.5,475.8,475.8,525,48900,8.78,26082.1,25650.0,25550,ATM-9,CALL,26000,2025-12-04
2025-12-04 11:03:00+05:30,479.2,479.2,479.2,479.2,75,48900,9.46,26082.65,25650.0,25550,ATM-9,CALL,26000,2025-12-04
2025-12-04 11:04:00+05:30,478.3,482.85,478.3,482.85,450,49200,10.42,26083.0,25650.0,25550,ATM-9,CALL,26000,2025-12-04
2025-12-04 11:05:00+05:30,479.75,481.2,479.75,481.2,150,49200,10.02,26082.95,25650.0,25550,ATM-9,CALL,26000,2025-12-04
2025-12-04 11:06:00+05:30,483.15,483.15,481.6,481.6,150,49200,9.99,26083.9,25650.0,25550,ATM-9,CALL,26000,2025-12-04
2025-12-04 11:07:00+05:30,479.25,479.25,476.15,476.15,600,49350,9.08,26080.6,25650.0,25550,ATM-9,CALL,26000,2025-12-04
2025-12-04 11:08:00+05:30,470.0,470.0,470.0,470.0,75,49350,8.36,26076.7,25650.0,25550,ATM-9,CALL,26000,2025-12-04
2025-12-04 11:09:00+05:30,513.3,518.0,513.3,514.5,975,144750,7.22,26074.7,25600.0,25550,ATM-9,CALL,26000,2025-12-04
2025-12-04 11:10:00+05:30,466.15,468.45,465.45,468.45,600,49500,8.17,26076.0,25650.0,25550,ATM-9,CALL,26000,2025-12-04
2025-12-04 11:11:00+05:30,514.5,515.2,512.8,512.8,450,145800,7.34,26073.2,25600.0,25550,ATM-9,CALL,26000,2025-12-04
2025-12-04 11:12:00+05:30,513.25,513.45,510.0,510.0,825,145800,0.0,26073.0,25600.0,25550,ATM-9,CALL,26000,2025-12-04
2025-12-04 11:13:00+05:30,508.35,511.95,508.35,508.9,750,146325,0.0,26070.4,25600.0,25550,ATM-9,CALL,26000,2025-12-04
2025-12-04 11:14:00+05:30,461.75,467.8,461.75,467.8,1425,49500,7.42,26077.05,25650.0,25550,ATM-9,CALL,26000,2025-12-04
2025-12-04 11:15:00+05:30,515.1,515.1,515.1,515.1,75,146325,9.27,26070.5,25600.0,25550,ATM-9,CALL,26000,2025-12-04
2025-12-04 11:16:00+05:30,511.15,511.15,511.15,511.15,675,146325,0.0,26073.05,25600.0,25550,ATM-9,CALL,26000,2025-12-04
2025-12-04 11:17:00+05:30,465.05,465.05,465.05,465.05,75,49125,5.75,26075.6,25650.0,25550,ATM-9,CALL,26000,2025-12-04
2025-12-04 11:18:00+05:30,508.0,508.0,506.3,506.3,225,146400,0.0,26068.0,25600.0,25550,ATM-9,CALL,26000,2025-12-04
2025-12-04 11:19:00+05:30,508.35,509.2,507.95,509.2,1725,146400,7.11,26070.3,25600.0,25550,ATM-9,CALL,26000,2025-12-04
2025-12-04 11:20:00+05:30,505.95,508.0,501.55,501.95,975,147900,0.0,26065.55,25600.0,25550,ATM-9,CALL,26000,2025-12-04
2025-12-04 11:21:00+05:30,504.95,504.95,504.95,504.95,3000,147900,0.0,26068.1,25600.0,25550,ATM-9,CALL,26000,2025-12-04
2025-12-04 11:22:00+05:30,506.95,509.95,506.95,509.25,675,150300,7.17,26069.4,25600.0,25550,ATM-9,CALL,26000,2025-12-04
2025-12-04 11:23:00+05:30,507.65,507.65,498.5,498.5,1425,150300,0.0,26064.3,25600.0,25550,ATM-9,CALL,26000,2025-12-04
2025-12-04 11:24:00+05:30,498.0,503.15,495.5,502.65,1125,150300,4.43,26063.15,25600.0,25550,ATM-9,CALL,26000,2025-12-04
2025-12-04 11:25:00+05:30,502.1,509.0,502.1,509.0,150,150225,8.11,26067.9,25600.0,25550,ATM-9,CALL,26000,2025-12-04
2025-12-04 11:26:00+05:30,508.0,508.0,502.1,502.1,450,150225,0.0,26066.15,25600.0,25550,ATM-9,CALL,26000,2025-12-04
2025-12-04 11:27:00+05:30,504.8,505.7,498.85,498.85,975,150225,0.0,26063.35,25600.0,25550,ATM-9,CALL,26000,2025-12-04
2025-12-04 11:28:00+05:30,496.85,499.7,496.85,499.7,825,150225,0.0,26062.6,25600.0,25550,ATM-9,CALL,26000,2025-12-04
2025-12-04 11:29:00+05:30,499.1,500.8,499.1,500.8,225,150225,8.79,26060.6,25600.0,25550,ATM-9,CALL,26000,2025-12-04
2025-12-04 11:30:00+05:30,494.0,496.55,493.0,493.0,3225,150225,0.0,26060.35,25600.0,25550,ATM-9,CALL,26000,2025-12-04
2025-12-04 11:31:00+05:30,501.2,504.55,501.2,503.1,1950,150300,8.79,26060.0,25600.0,25550,ATM-9,CALL,26000,2025-12-04
2025-12-04 11:32:00+05:30,499.45,499.45,495.5,495.5,1200,150300,0.0,26060.25,25600.0,25550,ATM-9,CALL,26000,2025-12-04
2025-12-04 11:33:00+05:30,499.95,501.85,499.95,501.85,300,150300,6.95,26063.2,25600.0,25550,ATM-9,CALL,26000,2025-12-04
2025-12-04 11:34:00+05:30,497.45,497.45,497.45,497.45,75,150150,0.0,26061.3,25600.0,25550,ATM-9,CALL,26000,2025-12-04
2025-12-04 11:35:00+05:30,501.15,501.15,500.8,500.8,300,150150,7.3,26060.7,25600.0,25550,ATM-9,CALL,26000,2025-12-04
2025-12-04 11:36:00+05:30,501.55,501.55,498.3,501.15,450,150150,8.26,26060.55,25600.0,25550,ATM-9,CALL,26000,2025-12-04
2025-12-04 11:37:00+05:30,500.35,500.35,490.5,490.5,1425,150000,0.0,26052.9,25600.0,25550,ATM-9,CALL,26000,2025-12-04
2025-12-04 11:38:00+05:30,493.45,493.45,475.0,478.55,1575,150000,0.0,26039.35,25600.0,25550,ATM-9,CALL,26000,2025-12-04
2025-12-04 11:39:00+05:30,477.6,477.6,471.95,471.95,2700,150000,0.0,26034.75,25600.0,25550,ATM-9,CALL,26000,2025-12-04
2025-12-04 11:40:00+05:30,473.85,477.85,471.95,477.5,2625,151200,0.0,26038.15,25600.0,25550,ATM-9,CALL,26000,2025-12-04
2025-12-04 11:41:00+05:30,477.85,477.85,468.0,468.0,74250,151200,0.0,26033.45,25600.0,25550,ATM-9,CALL,26000,2025-12-04
2025-12-04 11:42:00+05:30,469.65,469.65,462.2,462.2,37050,151200,0.0,26028.2,25600.0,25550,ATM-9,CALL,26000,2025-12-04
2025-12-04 11:43:00+05:30,511.4,511.4,509.85,509.85,150,25725,0.0,26023.45,25550.0,25550,ATM-9,CALL,26000,2025-12-04
2025-12-04 11:44:00+05:30,460.25,464.0,460.25,462.15,19125,214200,0.0,26028.8,25600.0,25550,ATM-9,CALL,26000,2025-12-04
2025-12-04 11:45:00+05:30,502.15,504.55,501.9,501.9,675,26325,0.0,26015.15,25550.0,25550,ATM-9,CALL,26000,2025-12-04
2025-12-04 11:46:00+05:30,452.3,464.0,452.3,464.0,3300,230550,0.0,26025.5,25600.0,25550,ATM-9,CALL,26000,2025-12-04
2025-12-04 11:47:00+05:30,461.7,464.85,460.35,461.9,2175,230550,0.0,26028.45,25600.0,25550,ATM-9,CALL,26000,2025-12-04
2025-12-04 11:48:00+05:30,462.75,464.85,461.45,462.15,1425,230550,0.0,26025.95,25600.0,25550,ATM-9,CALL,26000,2025-12-04
2025-12-04 11:49:00+05:30,464.25,469.1,464.25,469.1,1050,230550,0.0,26031.3,25600.0,25550,ATM-9,CALL,26000,2025-12-04
2025-12-04 11:50:00+05:30,467.55,467.55,464.1,464.1,6375,230550,0.0,26029.6,25600.0,25550,ATM-9,CALL,26000,2025-12-04
2025-12-04 11:51:00+05:30,510.15,510.15,505.8,507.2,300,25950,0.0,26022.9,25550.0,25550,ATM-9,CALL,26000,2025-12-04
2025-12-04 11:52:00+05:30,506.7,508.45,506.7,508.45,375,25950,0.0,26021.9,25550.0,25550,ATM-9,CALL,26000,2025-12-04
2025-12-04 11:53:00+05:30,507.0,507.0,505.0,505.0,150,26025,0.0,26018.35,25550.0,25550,ATM-9,CALL,26000,2025-12-04
2025-12-04 11:54:00+05:30,505.35,505.35,505.0,505.0,225,26025,0.0,26016.7,25550.0,25550,ATM-9,CALL,26000,2025-12-04
2025-12-04 11:55:00+05:30,456.5,464.75,456.5,464.75,900,230025,0.0,26028.1,25600.0,25550,ATM-9,CALL,26000,2025-12-04
2025-12-04 11:56:00+05:30,463.65,465.3,461.05,462.8,2175,230250,0.0,26025.15,25600.0,25550,ATM-9,CALL,26000,2025-12-04
2025-12-04 11:57:00+05:30,511.9,511.9,511.0,511.0,150,26175,4.27,26022.55,25550.0,25550,ATM-9,CALL,26000,2025-12-04
2025-12-04 11:58:00+05:30,506.5,506.5,503.65,503.65,225,26175,0.0,26020.0,25550.0,25550,ATM-9,CALL,26000,2025-12-04
2025-12-04 11:59:00+05:30,503.65,503.65,503.65,503.65,0,26175,0.0,26024.0,25550.0,25550,ATM-9,CALL,26000,2025-12-04
2025-12-04 12:00:00+05:30,503.65,503.65,503.65,503.65,0,26175,0.0,26024.55,25550.0,25550,ATM-9,CALL,26000,2025-12-04
2025-12-04 12:01:00+05:30,508.8,508.8,508.7,508.7,150,26175,0.0,26024.9,25550.0,25550,ATM-9,CALL,26000,2025-12-04
2025-12-04 12:02:00+05:30,508.7,508.7,508.7,508.7,0,26175,0.0,26024.6,25550.0,25550,ATM-9,CALL,26000,2025-12-04
2025-12-04 12:03:00+05:30,461.25,466.15,460.1,466.15,1125,229125,0.0,26031.4,25600.0,25550,ATM-9,CALL,26000,2025-12-04
2025-12-04 12:04:00+05:30,470.0,470.0,469.65,469.65,72450,229125,0.0,26032.65,25600.0,25550,ATM-9,CALL,26000,2025-12-04
2025-12-04 12:05:00+05:30,470.75,476.75,470.45,474.0,39450,166800,0.0,26038.45,25600.0,25550,ATM-9,CALL,26000,2025-12-04
2025-12-04 12:06:00+05:30,473.05,473.05,470.45,470.5,750,166800,0.0,26035.45,25600.0,25550,ATM-9,CALL,26000,2025-12-04
2025-12-04 12:07:00+05:30,470.6,479.7,469.3,476.05,1575,153675,0.0,26040.6,25600.0,25550,ATM-9,CALL,26000,2025-12-04
2025-12-04 12:08:00+05:30,477.6,480.0,477.5,478.2,2925,153675,0.0,26042.85,25600.0,25550,ATM-9,CALL,26000,2025-12-04
2025-12-04 12:09:00+05:30,479.0,479.0,465.55,465.55,2850,153675,0.0,26032.0,25600.0,25550,ATM-9,CALL,26000,2025-12-04
2025-12-04 12:10:00+05:30,465.95,467.8,463.0,467.8,1275,153675,8.19,26027.7,25600.0,25550,ATM-9,CALL,26000,2025-12-04
2025-12-04 12:11:00+05:30,511.65,511.65,508.95,508.95,300,26400,0.0,26023.8,25550.0,25550,ATM-9,CALL,26000,2025-12-04
2025-12-04 12:12:00+05:30,460.35,464.0,455.05,464.0,1500,153000,0.0,26027.3,25600.0,25550,ATM-9,CALL,26000,2025-12-04
2025-12-04 12:13:00+05:30,462.2,467.9,462.2,467.9,375,153000,7.7,26026.8,25600.0,25550,ATM-9,CALL,26000,2025-12-04
2025-12-04 12:14:00+05:30,468.05,469.4,468.05,469.4,825,153150,8.27,26028.15,25600.0,25550,ATM-9,CALL,26000,2025-12-04
2025-12-04 12:15:00+05:30,508.95,508.95,508.95,508.95,0,26400,8.38,26017.8,25550.0,25550,ATM-9,CALL,26000,2025-12-04
2025-12-04 12:16:00+05:30,502.0,506.45,501.1,506.45,825,26250,0.0,26021.65,25550.0,25550,ATM-9,CALL,26000,2025-12-04
2025-12-04 12:17:00+05:30,506.45,506.45,506.45,506.45,0,26250,0.0,26023.0,25550.0,25550,ATM-9,CALL,26000,2025-12-04
2025-12-04 12:18:00+05:30,506.45,506.45,506.45,506.45,0,26250,0.0,26022.65,25550.0,25550,ATM-9,CALL,26000,2025-12-04
2025-12-04 12:19:00+05:30,506.45,506.45,506.45,506.45,0,26250,6.92,26018.15,25550.0,25550,ATM-9,CALL,26000,2025-12-04
2025-12-04 12:20:00+05:30,500.0,500.0,490.0,491.3,1050,25575,0.0,26006.95,25550.0,25550,ATM-9,CALL,26000,2025-12-04
2025-12-04 12:21:00+05:30,488.0,493.7,488.0,493.7,450,25575,0.0,26012.15,25550.0,25550,ATM-9,CALL,26000,2025-12-04
2025-12-04 12:22:00+05:30,497.15,497.55,497.15,497.55,225,25575,0.0,26015.1,25550.0,25550,ATM-9,CALL,26000,2025-12-04
2025-12-04 12:23:00+05:30,497.55,497.55,497.55,497.55,0,25575,0.0,26015.85,25550.0,25550,ATM-9,CALL,26000,2025-12-04
2025-12-04 12:24:00+05:30,497.55,497.55,497.55,497.55,0,25575,0.0,26019.5,25550.0,25550,ATM-9,CALL,26000,2025-12-04
2025-12-04 12:25:00+05:30,506.0,506.0,505.0,505.0,975,26025,0.0,26024.4,25550.0,25550,ATM-9,CALL,26000,2025-12-04
2025-12-04 12:26:00+05:30,509.45,509.45,504.85,504.85,450,26325,0.0,26024.5,25550.0,25550,ATM-9,CALL,26000,2025-12-04
2025-12-04 12:27:00+05:30,458.2,458.65,458.0,458.65,450,150900,0.0,26025.65,25600.0,25550,ATM-9,CALL,26000,2025-12-04
2025-12-04 12:28:00+05:30,459.85,469.7,459.85,469.7,7050,150900,7.81,26028.9,25600.0,25550,ATM-9,CALL,26000,2025-12-04
2025-12-04 12:29:00+05:30,517.05,517.05,506.95,506.95,2475,25275,0.0,26024.25,25550.0,25550,ATM-9,CALL,26000,2025-12-04
2025-12-04 12:30:00+05:30,458.75,458.75,455.75,455.75,225,148350,0.0,26026.8,25600.0,25550,ATM-9,CALL,26000,2025-12-04
2025-12-04 12:31:00+05:30,462.4,462.6,459.1,459.1,750,148350,0.0,26025.35,25600.0,25550,ATM-9,CALL,26000,2025-12-04
2025-12-04 12:32:00+05:30,506.9,506.9,506.9,506.9,0,25275,0.0,26024.35,25550.0,25550,ATM-9,CALL,26000,2025-12-04
2025-12-04 12:33:00+05:30,458.45,458.45,458.45,458.45,0,149400,0.0,26029.0,25600.0,25550,ATM-9,CALL,26000,2025-12-04
2025-12-04 12:34:00+05:30,463.6,464.25,463.6,464.25,225,149400,0.0,26025.9,25600.0,25550,ATM-9,CALL,26000,2025-12-04
2025-12-04 12:35:00+05:30,460.25,465.0,460.25,465.0,825,149400,0.0,26027.9,25600.0,25550,ATM-9,CALL,26000,2025-12-04
2025-12-04 12:36:00+05:30,461.55,461.55,459.55,460.35,1050,149400,0.0,26026.05,25600.0,25550,ATM-9,CALL,26000,2025-12-04
2025-12-04 12:37:00+05:30,510.0,510.0,510.0,510.0,0,26325,0.0,26025.0,25550.0,25550,ATM-9,CALL,26000,2025-12-04
2025-12-04 12:38:00+05:30,460.15,462.55,460.15,462.55,1050,148050,0.0,26026.65,25600.0,25550,ATM-9,CALL,26000,2025-12-04
2025-12-04 12:39:00+05:30,508.2,508.2,508.2,508.2,0,26175,0.0,26023.95,25550.0,25550,ATM-9,CALL,26000,2025-12-04
2025-12-04 12:40:00+05:30,508.2,508.2,508.2,508.2,0,26175,0.0,26025.0,25550.0,25550,ATM-9,CALL,26000,2025-12-04
2025-12-04 12:41:00+05:30,504.85,507.1,504.85,507.1,300,26100,0.0,26023.6,25550.0,25550,ATM-9,CALL,26000,2025-12-04
2025-12-04 12:42:00+05:30,499.85,499.85,499.85,499.85,375,26100,0.0,26017.2,25550.0,25550,ATM-9,CALL,26000,2025-12-04
2025-12-04 12:43:00+05:30,496.0,496.0,492.0,492.0,300,26100,0.0,26012.5,25550.0,25550,ATM-9,CALL,26000,2025-12-04
2025-12-04 12:44:00+05:30,490.2,490.2,490.2,490.2,75,25725,0.0,26009.55,25550.0,25550,ATM-9,CALL,26000,2025-12-04
2025-12-04 12:45:00+05:30,490.0,490.0,468.85,468.85,2925,25725,0.0,25992.1,25550.0,25550,ATM-9,CALL,26000,2025-12-04
2025-12-04 12:46:00+05:30,472.65,474.9,472.35,474.9,1575,25725,0.0,25990.7,25550.0,25550,ATM-9,CALL,26000,2025-12-04
2025-12-04 12:47:00+05:30,476.55,476.55,476.55,476.55,150,28050,0.0,26000.85,25550.0,25550,ATM-9,CALL,26000,2025-12-04
2025-12-04 12:48:00+05:30,476.55,476.55,476.55,476.55,0,28050,0.0,25997.05,25550.0,25550,ATM-9,CALL,26000,2025-12-04
2025-12-04 12:49:00+05:30,474.9,474.9,474.9,474.9,150,28050,0.0,25993.35,25550.0,25550,ATM-9,CALL,26000,2025-12-04
2025-12-04 12:50:00+05:30,474.9,474.9,474.9,474.9,0,28050,0.0,25994.45,25550.0,25550,ATM-9,CALL,26000,2025-12-04
2025-12-04 12:51:00+05:30,477.2,478.15,472.4,474.0,1275,27750,0.0,25995.5,25550.0,25550,ATM-9,CALL,26000,2025-12-04
2025-12-04 12:52:00+05:30,474.25,474.25,467.85,469.6,825,27750,0.0,25991.55,25550.0,25550,ATM-9,CALL,26000,2025-12-04
2025-12-04 12:53:00+05:30,469.0,470.0,469.0,470.0,150,26475,0.0,25993.85,25550.0,25550,ATM-9,CALL,26000,2025-12-04
2025-12-04 12:54:00+05:30,470.0,470.0,470.0,470.0,0,26475,0.0,25992.85,25550.0,25550,ATM-9,CALL,26000,2025-12-04
2025-12-04 12:55:00+05:30,479.15,486.15,479.15,486.0,750,26475,0.0,26004.5,25550.0,25550,ATM-9,CALL,26000,2025-12-04
2025-12-04 12:56:00+05:30,484.5,484.5,482.6,483.95,525,25800,0.0,26005.95,25550.0,25550,ATM-9,CALL,26000,2025-12-04
2025-12-04 12:57:00+05:30,485.1,486.85,483.1,485.05,525,25800,0.0,26005.95,25550.0,25550,ATM-9,CALL,26000,2025-12-04
2025-12-04 12:58:00+05:30,489.0,489.0,489.0,489.0,75,25800,0.0,26004.05,25550.0,25550,ATM-9,CALL,26000,2025-12-04
2025-12-04 12:59:00+05:30,489.0,489.0,489.0,489.0,0,25800,0.0,26002.4,25550.0,25550,ATM-9,CALL,26000,2025-12-04
2025-12-04 13:00:00+05:30,480.0,480.0,480.0,480.0,150,24900,0.0,26001.85,25550.0,25550,ATM-9,CALL,26000,2025-12-04
2025-12-04 13:01:00+05:30,485.25,485.55,482.45,482.45,300,24900,0.0,26004.2,25550.0,25550,ATM-9,CALL,26000,2025-12-04
2025-12-04 13:02:00+05:30,484.0,484.0,484.0,484.0,300,24675,0.0,26001.3,25550.0,25550,ATM-9,CALL,26000,2025-12-04
2025-12-04 13:03:00+05:30,484.0,484.0,484.0,484.0,0,24675,0.0,26002.7,25550.0,25550,ATM-9,CALL,26000,2025-12-04
2025-12-04 13:04:00+05:30,484.2,489.6,484.2,489.6,375,24675,0.0,26005.85,25550.0,25550,ATM-9,CALL,26000,2025-12-04
2025-12-04 13:05:00+05:30,489.6,489.6,489.6,489.6,0,24675,7.58,26001.05,25550.0,25550,ATM-9,CALL,26000,2025-12-04
2025-12-04 13:06:00+05:30,484.9,488.2,483.55,486.2,750,24375,0.0,26002.2,25550.0,25550,ATM-9,CALL,26000,2025-12-04
2025-12-04 13:07:00+05:30,488.4,488.4,486.05,488.0,600,24375,0.0,26003.9,25550.0,25550,ATM-9,CALL,26000,2025-12-04
2025-12-04 13:08:00+05:30,491.45,491.45,491.45,491.45,150,24675,8.52,25999.95,25550.0,25550,ATM-9,CALL,26000,2025-12-04
2025-12-04 13:09:00+05:30,483.55,483.55,483.55,483.55,75,24675,0.0,25997.95,25550.0,25550,ATM-9,CALL,26000,2025-12-04
2025-12-04 13:10:00+05:30,479.0,479.0,479.0,479.0,75,24675,0.0,25993.15,25550.0,25550,ATM-9,CALL,26000,2025-12-04
2025-12-04 13:11:00+05:30,480.75,482.3,480.75,482.3,300,24750,6.27,25994.25,25550.0,25550,ATM-9,CALL,26000,2025-12-04
2025-12-04 13:12:00+05:30,485.65,485.65,485.65,485.65,75,24750,8.76,25993.45,25550.0,25550,ATM-9,CALL,26000,2025-12-04
2025-12-04 13:13:00+05:30,477.45,479.8,477.45,479.8,150,24750,0.0,25993.8,25550.0,25550,ATM-9,CALL,26000,2025-12-04
2025-12-04 13:14:00+05:30,479.8,479.8,479.8,479.8,0,24750,0.0,26000.8,25550.0,25550,ATM-9,CALL,26000,2025-12-04
2025-12-04 13:15:00+05:30,479.8,479.8,479.8,479.8,0,24750,0.0,26002.4,25550.0,25550,ATM-9,CALL,26000,2025-12-04
2025-12-04 13:16:00+05:30,486.0,490.3,486.0,490.3,300,24750,0.0,26003.3,25550.0,25550,ATM-9,CALL,26000,2025-12-04
2025-12-04 13:17:00+05:30,490.3,490.3,490.3,490.3,0,24750,7.29,26000.85,25550.0,25550,ATM-9,CALL,26000,2025-12-04
2025-12-04 13:18:00+05:30,490.3,490.3,490.3,490.3,0,24750,7.33,26001.5,25550.0,25550,ATM-9,CALL,26000,2025-12-04
2025-12-04 13:19:00+05:30,490.3,490.3,490.3,490.3,0,24750,9.64,25995.65,25550.0,25550,ATM-9,CALL,26000,2025-12-04
2025-12-04 13:20:00+05:30,485.0,485.0,485.0,485.0,75,24975,0.0,26001.5,25550.0,25550,ATM-9,CALL,26000,2025-12-04
2025-12-04 13:21:00+05:30,487.6,488.1,487.6,488.1,450,24975,0.0,26006.85,25550.0,25550,ATM-9,CALL,26000,2025-12-04
2025-12-04 13:22:00+05:30,496.95,500.0,496.95,500.0,150,24975,0.0,26016.15,25550.0,25550,ATM-9,CALL,26000,2025-12-04
2025-12-04 13:23:00+05:30,499.0,499.0,498.55,498.55,225,25125,0.0,26017.05,25550.0,25550,ATM-9,CALL,26000,2025-12-04
2025-12-04 13:24:00+05:30,498.4,501.15,498.4,501.15,300,25125,0.0,26017.85,25550.0,25550,ATM-9,CALL,26000,2025-12-04
2025-12-04 13:25:00+05:30,505.0,505.0,505.0,505.0,225,25125,6.84,26016.25,25550.0,25550,ATM-9,CALL,26000,2025-12-04
2025-12-04 13:26:00+05:30,506.8,506.8,506.8,506.8,75,25200,6.43,26018.15,25550.0,25550,ATM-9,CALL,26000,2025-12-04
2025-12-04 13:27:00+05:30,507.0,508.0,507.0,508.0,150,25200,0.0,26018.95,25550.0,25550,ATM-9,CALL,26000,2025-12-04
2025-12-04 13:28:00+05:30,506.85,506.85,505.55,505.55,450,25200,7.6,26016.8,25550.0,25550,ATM-9,CALL,26000,2025-12-04
2025-12-04 13:29:00+05:30,500.95,500.95,500.95,500.95,75,25425,0.0,26015.7,25550.0,25550,ATM-9,CALL,26000,2025-12-04
2025-12-04 13:30:00+05:30,500.95,500.95,500.95,500.95,0,25425,0.0,26015.3,25550.0,25550,ATM-9,CALL,26000,2025-12-04
2025-12-04 13:31:00+05:30,500.95,500.95,500.95,500.95,0,25425,5.01,26013.6,25550.0,25550,ATM-9,CALL,26000,2025-12-04
2025-12-04 13:32:00+05:30,497.1,497.1,497.1,497.1,75,25425,0.0,26011.8,25550.0,25550,ATM-9,CALL,26000,2025-12-04
2025-12-04 13:33:00+05:30,497.1,497.1,497.1,497.1,0,25425,7.4,26008.95,25550.0,25550,ATM-9,CALL,26000,2025-12-04
2025-12-04 13:34:00+05:30,486.15,486.15,486.15,486.15,75,25275,0.0,26002.4,25550.0,25550,ATM-9,CALL,26000,2025-12-04
2025-12-04 13:35:00+05:30,479.3,479.3,473.0,473.0,450,25350,0.0,25990.4,25550.0,25550,ATM-9,CALL,26000,2025-12-04
2025-12-04 13:36:00+05:30,467.95,469.25,464.1,464.1,225,25350,0.0,25979.5,25550.0,25550,ATM-9,CALL,26000,2025-12-04
2025-12-04 13:37:00+05:30,460.0,460.0,460.0,460.0,825,25350,0.0,25976.3,25550.0,25550,ATM-9,CALL,26000,2025-12-04
2025-12-04 13:38:00+05:30,463.15,463.15,463.15,463.15,75,25350,0.0,25981.75,25550.0,25550,ATM-9,CALL,26000,2025-12-04
2025-12-04 13:39:00+05:30,465.0,465.0,465.0,465.0,75,25350,0.0,25980.55,25550.0,25550,ATM-9,CALL,26000,2025-12-04
2025-12-04 13:40:00+05:30,456.1,463.6,456.1,463.6,150,25350,0.0,25978.35,25550.0,25550,ATM-9,CALL,26000,2025-12-04
2025-12-04 13:41:00+05:30,509.9,509.9,493.6,494.0,3975,266325,0.0,25964.95,25500.0,25550,ATM-9,CALL,26000,2025-12-04
2025-12-04 13:42:00+05:30,495.45,505.0,494.4,504.3,12300,266325,0.0,25973.25,25500.0,25550,ATM-9,CALL,26000,2025-12-04
2025-12-04 13:43:00+05:30,505.5,506.0,499.75,499.75,4725,266325,0.0,25972.9,25500.0,25550,ATM-9,CALL,26000,2025-12-04
2025-12-04 13:44:00+05:30,454.0,456.5,454.0,456.5,150,26625,0.0,25976.3,25550.0,25550,ATM-9,CALL,26000,2025-12-04
2025-12-04 13:45:00+05:30,503.75,503.75,499.5,500.0,1725,273900,0.0,25972.8,25500.0,25550,ATM-9,CALL,26000,2025-12-04
2025-12-04 13:46:00+05:30,454.15,455.0,453.1,453.1,375,26625,0.0,25976.05,25550.0,25550,ATM-9,CALL,26000,2025-12-04
2025-12-04 13:47:00+05:30,454.9,458.0,454.65,457.75,1350,26625,0.0,25978.2,25550.0,25550,ATM-9,CALL,26000,2025-12-04
2025-12-04 13:48:00+05:30,457.05,457.1,455.2,457.1,300,26625,0.0,25979.4,25550.0,25550,ATM-9,CALL,26000,2025-12-04
2025-12-04 13:49:00+05:30,457.1,457.1,457.1,457.1,0,26625,0.0,25978.65,25550.0,25550,ATM-9,CALL,26000,2025-12-04
2025-12-04 13:50:00+05:30,457.1,457.1,457.1,457.1,0,26625,0.0,25978.55,25550.0,25550,ATM-9,CALL,26000,2025-12-04
2025-12-04 13:51:00+05:30,460.6,463.75,460.6,462.1,2325,26775,0.0,25980.5,25550.0,25550,ATM-9,CALL,26000,2025-12-04
2025-12-04 13:52:00+05:30,459.85,459.85,459.85,459.85,75,26775,0.0,25981.55,25550.0,25550,ATM-9,CALL,26000,2025-12-04
2025-12-04 13:53:00+05:30,512.15,512.45,510.4,511.0,1050,273600,0.0,25974.85,25500.0,25550,ATM-9,CALL,26000,2025-12-04
2025-12-04 13:54:00+05:30,458.5,458.5,458.5,458.5,75,26325,0.0,25975.55,25550.0,25550,ATM-9,CALL,26000,2025-12-04
2025-12-04 13:55:00+05:30,509.8,510.2,501.3,505.85,3900,273600,0.0,25971.95,25500.0,25550,ATM-9,CALL,26000,2025-12-04
2025-12-04 13:56:00+05:30,504.2,508.8,504.05,507.15,825,275550,0.0,25974.4,25500.0,25550,ATM-9,CALL,26000,2025-12-04
2025-12-04 13:57:00+05:30,451.25,459.05,451.25,459.05,300,26700,0.0,25975.8,25550.0,25550,ATM-9,CALL,26000,2025-12-04
2025-12-04 13:58:00+05:30,506.25,509.7,506.0,506.0,525,275550,0.0,25974.05,25500.0,25550,ATM-9,CALL,26000,2025-12-04
2025-12-04 13:59:00+05:30,506.0,506.0,506.0,506.0,375,275550,0.0,25973.3,25500.0,25550,ATM-9,CALL,26000,2025-12-04
2025-12-04 14:00:00+05:30,502.8,503.35,501.15,501.15,600,277200,0.0,25972.3,25500.0,25550,ATM-9,CALL,26000,2025-12-04
2025-12-04 14:01:00+05:30,456.25,466.25,456.25,466.25,375,26850,0.0,25979.95,25550.0,25550,ATM-9,CALL,26000,2025-12-04
2025-12-04 14:02:00+05:30,465.75,465.75,465.75,465.75,75,26850,0.0,25980.35,25550.0,25550,ATM-9,CALL,26000,2025-12-04
2025-12-04 14:03:00+05:30,465.75,465.75,465.75,465.75,0,26850,0.0,25978.75,25550.0,25550,ATM-9,CALL,26000,2025-12-04
2025-12-04 14:04:00+05:30,465.75,465.75,465.75,465.75,0,26850,0.0,25986.7,25550.0,25550,ATM-9,CALL,26000,2025-12-04
2025-12-04 14:05:00+05:30,465.75,465.75,465.75,465.75,75,26850,0.0,25980.35,25550.0,25550,ATM-9,CALL,26000,2025-12-04
2025-12-04 14:06:00+05:30,464.75,464.75,464.75,464.75,75,26850,0.0,25982.0,25550.0,25550,ATM-9,CALL,26000,2025-12-04
2025-12-04 14:07:00+05:30,475.0,475.0,475.0,475.0,75,26850,0.0,25998.25,25550.0,25550,ATM-9,CALL,26000,2025-12-04
2025-12-04 14:08:00+05:30,475.0,475.0,475.0,475.0,0,26850,0.0,26001.55,25550.0,25550,ATM-9,CALL,26000,2025-12-04
2025-12-04 14:09:00+05:30,478.55,478.55,477.95,477.95,150,26925,0.0,26005.6,25550.0,25550,ATM-9,CALL,26000,2025-12-04
2025-12-04 14:10:00+05:30,480.0,500.0,480.0,498.75,4500,26925,0.0,26017.4,25550.0,25550,ATM-9,CALL,26000,2025-12-04
2025-12-04 14:11:00+05:30,493.15,494.2,483.0,483.0,675,24975,0.0,26007.55,25550.0,25550,ATM-9,CALL,26000,2025-12-04
2025-12-04 14:12:00+05:30,483.0,483.0,483.0,483.0,0,24975,0.0,26009.2,25550.0,25550,ATM-9,CALL,26000,2025-12-04
2025-12-04 14:13:00+05:30,483.0,483.0,483.0,483.0,0,24975,0.0,26004.15,25550.0,25550,ATM-9,CALL,26000,2025-12-04
2025-12-04 14:14:00+05:30,483.0,483.0,483.0,483.0,0,24975,0.0,26004.05,25550.0,25550,ATM-9,CALL,26000,2025-12-04
2025-12-04 14:15:00+05:30,483.0,483.0,483.0,483.0,0,24975,0.0,26001.75,25550.0,25550,ATM-9,CALL,26000,2025-12-04
2025-12-04 14:16:00+05:30,483.0,483.0,483.0,483.0,75,24975,0.0,26001.6,25550.0,25550,ATM-9,CALL,26000,2025-12-04
2025-12-04 14:17:00+05:30,489.3,493.2,489.3,493.2,150,24975,0.0,26009.45,25550.0,25550,ATM-9,CALL,26000,2025-12-04
2025-12-04 14:18:00+05:30,493.2,493.2,493.2,493.2,0,24975,0.0,26008.75,25550.0,25550,ATM-9,CALL,26000,2025-12-04
2025-12-04 14:19:00+05:30,493.2,493.2,493.2,493.2,0,24975,9.03,26001.0,25550.0,25550,ATM-9,CALL,26000,2025-12-04
2025-12-04 14:20:00+05:30,493.2,493.2,493.2,493.2,0,24975,9.84,25997.45,25550.0,25550,ATM-9,CALL,26000,2025-12-04
2025-12-04 14:21:00+05:30,482.35,482.9,475.0,475.0,525,24975,0.0,25995.0,25550.0,25550,ATM-9,CALL,26000,2025-12-04
2025-12-04 14:22:00+05:30,481.1,484.75,481.1,484.75,150,24975,7.47,25995.3,25550.0,25550,ATM-9,CALL,26000,2025-12-04
2025-12-04 14:23:00+05:30,488.05,495.85,488.05,495.85,375,24675,7.48,26007.0,25550.0,25550,ATM-9,CALL,26000,2025-12-04
2025-12-04 14:24:00+05:30,495.85,495.85,495.85,495.85,75,24675,9.37,26002.25,25550.0,25550,ATM-9,CALL,26000,2025-12-04
2025-12-04 14:25:00+05:30,495.85,495.85,495.85,495.85,0,24675,9.68,26000.7,25550.0,25550,ATM-9,CALL,26000,2025-12-04
2025-12-04 14:26:00+05:30,491.85,492.95,489.85,492.95,375,24675,0.0,26006.75,25550.0,25550,ATM-9,CALL,26000,2025-12-04
2025-12-04 14:27:00+05:30,493.65,495.35,493.65,495.35,150,24675,6.56,26007.5,25550.0,25550,ATM-9,CALL,26000,2025-12-04
2025-12-04 14:28:00+05:30,495.35,495.35,495.35,495.35,0,24675,7.53,26006.15,25550.0,25550,ATM-9,CALL,26000,2025-12-04
2025-12-04 14:29:00+05:30,498.6,498.6,498.6,498.6,75,24600,0.0,26014.0,25550.0,25550,ATM-9,CALL,26000,2025-12-04
2025-12-04 14:30:00+05:30,498.6,498.6,498.6,498.6,0,24600,0.0,26016.25,25550.0,25550,ATM-9,CALL,26000,2025-12-04
2025-12-04 14:31:00+05:30,497.7,500.0,497.7,500.0,150,24600,0.0,26015.55,25550.0,25550,ATM-9,CALL,26000,2025-12-04
2025-12-04 14:32:00+05:30,500.0,500.0,500.0,500.0,0,24600,8.81,26008.7,25550.0,25550,ATM-9,CALL,26000,2025-12-04
2025-12-04 14:33:00+05:30,493.3,493.3,493.3,493.3,150,24600,0.0,26010.1,25550.0,25550,ATM-9,CALL,26000,2025-12-04
2025-12-04 14:34:00+05:30,493.3,493.3,493.3,493.3,0,24600,0.0,26008.95,25550.0,25550,ATM-9,CALL,26000,2025-12-04
2025-12-04 14:35:00+05:30,493.3,493.3,493.3,493.3,0,24600,7.95,26003.8,25550.0,25550,ATM-9,CALL,26000,2025-12-04
2025-12-04 14:36:00+05:30,489.55,489.55,486.25,486.25,150,24450,0.0,26000.4,25550.0,25550,ATM-9,CALL,26000,2025-12-04
2025-12-04 14:37:00+05:30,489.65,489.65,489.65,489.65,75,24450,0.0,26004.1,25550.0,25550,ATM-9,CALL,26000,2025-12-04
2025-12-04 14:38:00+05:30,493.85,493.85,493.85,493.85,75,24525,0.0,26013.55,25550.0,25550,ATM-9,CALL,26000,2025-12-04
2025-12-04 14:39:00+05:30,504.5,504.5,502.05,502.05,150,24525,5.96,26013.75,25550.0,25550,ATM-9,CALL,26000,2025-12-04
2025-12-04 14:40:00+05:30,502.05,502.05,502.05,502.05,0,24525,0.0,26017.5,25550.0,25550,ATM-9,CALL,26000,2025-12-04
2025-12-04 14:41:00+05:30,502.05,502.05,502.05,502.05,0,24525,0.0,26015.45,25550.0,25550,ATM-9,CALL,26000,2025-12-04
2025-12-04 14:42:00+05:30,495.6,495.6,495.6,495.6,825,24525,0.0,26015.5,25550.0,25550,ATM-9,CALL,26000,2025-12-04
2025-12-04 14:43:00+05:30,498.5,498.5,495.0,495.0,150,24525,5.61,26007.85,25550.0,25550,ATM-9,CALL,26000,2025-12-04
2025-12-04 14:44:00+05:30,495.0,496.25,493.6,494.25,2325,25350,9.52,26000.6,25550.0,25550,ATM-9,CALL,26000,2025-12-04
2025-12-04 14:45:00+05:30,494.95,494.95,489.9,489.9,600,25350,10.46,25992.35,25550.0,25550,ATM-9,CALL,26000,2025-12-04
2025-12-04 14:46:00+05:30,481.65,485.2,479.95,482.25,525,25350,8.73,25988.7,25550.0,25550,ATM-9,CALL,26000,2025-12-04
2025-12-04 14:47:00+05:30,488.2,490.25,487.05,489.65,375,25125,0.0,26001.55,25550.0,25550,ATM-9,CALL,26000,2025-12-04
2025-12-04 14:48:00+05:30,489.65,489.65,489.65,489.65,0,25125,0.0,26003.3,25550.0,25550,ATM-9,CALL,26000,2025-12-04
2025-12-04 14:49:00+05:30,489.65,489.65,489.65,489.65,0,25125,0.0,26003.65,25550.0,25550,ATM-9,CALL,26000,2025-12-04
2025-12-04 14:50:00+05:30,489.65,489.65,489.65,489.65,0,25125,0.0,26014.1,25550.0,25550,ATM-9,CALL,26000,2025-12-04
2025-12-04 14:51:00+05:30,499.05,504.85,499.05,504.85,1125,25125,0.0,26018.15,25550.0,25550,ATM-9,CALL,26000,2025-12-04
2025-12-04 14:52:00+05:30,457.35,466.7,455.8,464.65,7350,130350,6.39,26026.15,25600.0,25550,ATM-9,CALL,26000,2025-12-04
2025-12-04 14:53:00+05:30,512.1,515.6,511.35,511.35,600,24300,0.0,26023.0,25550.0,25550,ATM-9,CALL,26000,2025-12-04
2025-12-04 14:54:00+05:30,466.1,467.65,466.1,467.65,1500,126450,8.58,26025.05,25600.0,25550,ATM-9,CALL,26000,2025-12-04
2025-12-04 14:55:00+05:30,465.3,467.4,464.15,467.4,1950,126450,4.99,26029.45,25600.0,25550,ATM-9,CALL,26000,2025-12-04
2025-12-04 14:56:00+05:30,467.4,480.0,467.4,480.0,12450,124500,7.68,26039.65,25600.0,25550,ATM-9,CALL,26000,2025-12-04
2025-12-04 14:57:00+05:30,476.25,480.5,475.0,475.55,3150,124500,7.14,26036.45,25600.0,25550,ATM-9,CALL,26000,2025-12-04
2025-12-04 14:58:00+05:30,476.5,480.05,475.7,480.0,19950,124500,7.34,26039.35,25600.0,25550,ATM-9,CALL,26000,2025-12-04
2025-12-04 14:59:00+05:30,479.95,487.8,479.65,485.55,1725,114825,8.75,26043.25,25600.0,25550,ATM-9,CALL,26000,2025-12-04
2025-12-04 15:00:00+05:30,484.75,488.0,484.2,487.75,2250,114825,7.23,26048.45,25600.0,25550,ATM-9,CALL,26000,2025-12-04
2025-12-04 15:01:00+05:30,483.35,492.05,483.35,488.35,12375,114825,0.0,26050.5,25600.0,25550,ATM-9,CALL,26000,2025-12-04
2025-12-04 15:02:00+05:30,490.0,493.0,490.0,493.0,1800,113625,0.0,26057.65,25600.0,25550,ATM-9,CALL,26000,2025-12-04
2025-12-04 15:03:00+05:30,490.0,490.35,484.4,484.4,1500,113625,0.0,26047.5,25600.0,25550,ATM-9,CALL,26000,2025-12-04
2025-12-04 15:04:00+05:30,485.3,486.1,483.0,485.7,1725,113625,0.0,26049.4,25600.0,25550,ATM-9,CALL,26000,2025-12-04
2025-12-04 15:05:00+05:30,484.5,487.0,484.5,487.0,1050,113550,0.0,26052.75,25600.0,25550,ATM-9,CALL,26000,2025-12-04
2025-12-04 15:06:00+05:30,489.95,489.95,488.25,488.25,900,113550,0.0,26052.85,25600.0,25550,ATM-9,CALL,26000,2025-12-04
2025-12-04 15:07:00+05:30,486.95,486.95,483.8,484.55,2625,113550,0.0,26052.95,25600.0,25550,ATM-9,CALL,26000,2025-12-04
2025-12-04 15:08:00+05:30,480.0,480.05,477.45,479.25,6375,117525,0.0,26051.35,25600.0,25550,ATM-9,CALL,26000,2025-12-04
2025-12-04 15:09:00+05:30,481.1,481.1,478.1,478.1,225,117525,0.0,26046.6,25600.0,25550,ATM-9,CALL,26000,2025-12-04
2025-12-04 15:10:00+05:30,478.05,483.0,478.05,483.0,1425,117525,0.0,26051.4,25600.0,25550,ATM-9,CALL,26000,2025-12-04
2025-12-04 15:11:00+05:30,484.3,486.75,484.3,486.75,225,117525,0.0,26053.4,25600.0,25550,ATM-9,CALL,26000,2025-12-04
2025-12-04 15:12:00+05:30,486.0,486.55,483.85,483.9,1050,117525,6.98,26045.1,25600.0,25550,ATM-9,CALL,26000,2025-12-04
2025-12-04 15:13:00+05:30,481.05,481.05,478.9,478.9,1575,117525,7.13,26041.35,25600.0,25550,ATM-9,CALL,26000,2025-12-04
2025-12-04 15:14:00+05:30,481.3,481.3,477.25,478.85,1275,117825,8.51,26037.7,25600.0,25550,ATM-9,CALL,26000,2025-12-04
2025-12-04 15:15:00+05:30,477.0,477.0,473.5,473.5,675,117825,6.1,26036.65,25600.0,25550,ATM-9,CALL,26000,2025-12-04
2025-12-04 15:16:00+05:30,474.75,475.0,470.6,473.65,1125,117825,8.18,26032.25,25600.0,25550,ATM-9,CALL,26000,2025-12-04
2025-12-04 15:17:00+05:30,474.35,474.35,469.05,469.9,3375,117975,8.69,26027.65,25600.0,25550,ATM-9,CALL,26000,2025-12-04
2025-12-04 15:18:00+05:30,467.95,474.95,465.05,474.95,2100,117975,9.19,26031.0,25600.0,25550,ATM-9,CALL,26000,2025-12-04
2025-12-04 15:19:00+05:30,475.95,479.9,475.95,479.0,1200,117975,7.16,26040.9,25600.0,25550,ATM-9,CALL,26000,2025-12-04
2025-12-04 15:20:00+05:30,479.2,479.2,476.5,478.65,1500,115425,10.22,26032.5,25600.0,25550,ATM-9,CALL,26000,2025-12-04
2025-12-04 15:21:00+05:30,479.45,479.95,479.45,479.6,600,115425,10.44,26031.0,25600.0,25550,ATM-9,CALL,26000,2025-12-04
2025-12-04 15:22:00+05:30,527.7,527.7,527.7,527.7,150,23850,12.0,26023.95,25550.0,25550,ATM-9,CALL,26000,2025-12-04
2025-12-04 15:23:00+05:30,475.15,478.25,475.15,477.1,1050,115425,10.1,26032.1,25600.0,25550,ATM-9,CALL,26000,2025-12-04
2025-12-04 15:24:00+05:30,477.5,481.0,477.5,481.0,450,115950,11.02,26030.45,25600.0,25550,ATM-9,CALL,26000,2025-12-04
2025-12-04 15:25:00+05:30,477.2,477.2,477.0,477.0,300,115950,10.79,26026.4,25600.0,25550,ATM-9,CALL,26000,2025-12-04
2025-12-04 15:26:00+05:30,527.1,527.1,523.9,523.9,1500,24375,11.29,26023.95,25550.0,25550,ATM-9,CALL,26000,2025-12-04
2025-12-04 15:27:00+05:30,523.9,523.9,523.9,523.9,0,24375,11.11,26018.75,25550.0,25550,ATM-9,CALL,26000,2025-12-04
2025-12-04 15:28:00+05:30,525.1,525.1,524.25,524.25,225,24000,13.02,26015.6,25550.0,25550,ATM-9,CALL,26000,2025-12-04
2025-12-04 15:29:00+05:30,523.95,524.05,523.95,524.05,525,24000,12.77,26017.1,25550.0,25550,ATM-9,CALL,26000,2025-12-04
2025-12-04 09:15:00+05:30,527.4,527.4,521.25,525.9,450,9150,0.0,25950.75,25450.0,25500,ATM-10,CALL,26000,2025-12-04
2025-12-04 09:16:00+05:30,534.35,534.35,534.35,534.35,225,9450,0.0,25955.15,25450.0,25500,ATM-10,CALL,26000,2025-12-04
2025-12-04 09:17:00+05:30,534.2,538.35,532.95,532.95,1425,9450,0.0,25959.1,25450.0,25500,ATM-10,CALL,26000,2025-12-04
2025-12-04 09:18:00+05:30,543.45,543.45,543.45,543.45,150,9450,0.0,25958.5,25450.0,25500,ATM-10,CALL,26000,2025-12-04
2025-12-04 09:19:00+05:30,530.0,530.4,530.0,530.4,225,9975,0.0,25949.55,25450.0,25500,ATM-10,CALL,26000,2025-12-04
2025-12-04 09:20:00+05:30,529.15,529.15,527.6,527.6,150,9975,0.0,25948.6,25450.0,25500,ATM-10,CALL,26000,2025-12-04
2025-12-04 09:21:00+05:30,526.65,530.5,526.65,530.5,2925,9975,0.0,25955.4,25450.0,25500,ATM-10,CALL,26000,2025-12-04
2025-12-04 09:22:00+05:30,536.1,540.25,532.15,540.25,4575,11550,0.0,25961.85,25450.0,25500,ATM-10,CALL,26000,2025-12-04
2025-12-04 09:23:00+05:30,496.45,516.4,494.45,515.7,9825,305625,0.0,25985.45,25500.0,25500,ATM-10,CALL,26000,2025-12-04
2025-12-04 09:24:00+05:30,512.1,528.55,509.3,526.4,16425,305625,0.0,25992.65,25500.0,25500,ATM-10,CALL,26000,2025-12-04
2025-12-04 09:25:00+05:30,525.0,525.0,516.45,516.45,1875,295875,1.68,25977.6,25500.0,25500,ATM-10,CALL,26000,2025-12-04
2025-12-04 09:26:00+05:30,514.6,524.25,513.85,522.5,8775,295875,9.04,25979.2,25500.0,25500,ATM-10,CALL,26000,2025-12-04
2025-12-04 09:27:00+05:30,520.0,527.65,510.45,525.5,5025,295875,5.77,25986.25,25500.0,25500,ATM-10,CALL,26000,2025-12-04
2025-12-04 09:28:00+05:30,524.15,529.8,524.1,524.4,9225,300150,0.0,25990.8,25500.0,25500,ATM-10,CALL,26000,2025-12-04
2025-12-04 09:29:00+05:30,530.0,535.0,530.0,534.8,5550,300150,7.64,25995.85,25500.0,25500,ATM-10,CALL,26000,2025-12-04
2025-12-04 09:30:00+05:30,532.65,536.1,529.7,536.1,5850,300150,4.74,25997.05,25500.0,25500,ATM-10,CALL,26000,2025-12-04
2025-12-04 09:31:00+05:30,533.15,538.0,529.25,533.1,8550,298500,0.0,25995.95,25500.0,25500,ATM-10,CALL,26000,2025-12-04
2025-12-04 09:32:00+05:30,530.75,530.75,514.5,519.8,3300,298500,0.0,25983.85,25500.0,25500,ATM-10,CALL,26000,2025-12-04
2025-12-04 09:33:00+05:30,526.5,532.45,518.95,532.45,1200,298500,7.67,25990.9,25500.0,25500,ATM-10,CALL,26000,2025-12-04
2025-12-04 09:34:00+05:30,533.1,542.4,533.05,538.65,8325,295425,0.0,26000.8,25500.0,25500,ATM-10,CALL,26000,2025-12-04
2025-12-04 09:35:00+05:30,541.95,554.35,541.95,552.2,9150,295425,0.0,26016.75,25500.0,25500,ATM-10,CALL,26000,2025-12-04
2025-12-04 09:36:00+05:30,552.25,556.6,550.9,554.95,3675,295425,0.0,26021.3,25500.0,25500,ATM-10,CALL,26000,2025-12-04
2025-12-04 09:37:00+05:30,506.0,509.8,506.0,509.8,375,23025,0.0,26025.25,25550.0,25500,ATM-10,CALL,26000,2025-12-04
2025-12-04 09:38:00+05:30,555.0,555.75,549.2,549.2,3975,294900,0.0,26018.65,25500.0,25500,ATM-10,CALL,26000,2025-12-04
2025-12-04 09:39:00+05:30,547.0,549.2,542.0,543.5,2775,294900,0.0,26013.45,25500.0,25500,ATM-10,CALL,26000,2025-12-04
2025-12-04 09:40:00+05:30,544.3,546.15,530.05,534.9,4875,292575,0.0,26003.5,25500.0,25500,ATM-10,CALL,26000,2025-12-04
2025-12-04 09:41:00+05:30,537.95,541.0,529.85,541.0,3075,292575,0.0,26004.5,25500.0,25500,ATM-10,CALL,26000,2025-12-04
2025-12-04 09:42:00+05:30,540.7,548.65,540.7,545.0,3900,292575,0.0,26011.85,25500.0,25500,ATM-10,CALL,26000,2025-12-04
2025-12-04 09:43:00+05:30,547.55,553.0,547.35,553.0,1425,296400,0.0,26016.45,25500.0,25500,ATM-10,CALL,26000,2025-12-04
2025-12-04 09:44:00+05:30,507.5,508.0,507.5,508.0,450,22500,0.0,26028.15,25550.0,25500,ATM-10,CALL,26000,2025-12-04
2025-12-04 09:45:00+05:30,511.9,511.9,510.25,511.55,1125,22500,0.0,26025.2,25550.0,25500,ATM-10,CALL,26000,2025-12-04
2025-12-04 09:46:00+05:30,559.1,564.55,556.8,556.8,1425,296175,0.0,26021.95,25500.0,25500,ATM-10,CALL,26000,2025-12-04
2025-12-04 09:47:00+05:30,561.75,561.75,556.6,559.85,1275,296175,0.0,26021.05,25500.0,25500,ATM-10,CALL,26000,2025-12-04
2025-12-04 09:48:00+05:30,558.9,559.15,551.65,556.0,6825,296175,0.0,26017.6,25500.0,25500,ATM-10,CALL,26000,2025-12-04
2025-12-04 09:49:00+05:30,553.45,553.45,547.9,547.9,1950,297150,0.0,26016.3,25500.0,25500,ATM-10,CALL,26000,2025-12-04
2025-12-04 09:50:00+05:30,550.05,554.0,547.9,554.0,975,297150,0.0,26022.5,25500.0,25500,ATM-10,CALL,26000,2025-12-04
2025-12-04 09:51:00+05:30,507.2,508.55,506.9,506.9,300,21750,0.0,26025.1,25550.0,25500,ATM-10,CALL,26000,2025-12-04
2025-12-04 09:52:00+05:30,514.55,522.55,514.0,519.0,1350,21450,0.0,26032.8,25550.0,25500,ATM-10,CALL,26000,2025-12-04
2025-12-04 09:53:00+05:30,518.7,519.55,518.65,518.65,225,21450,8.94,26025.9,25550.0,25500,ATM-10,CALL,26000,2025-12-04
2025-12-04 09:54:00+05:30,518.65,518.65,518.65,518.65,0,21450,7.44,26027.9,25550.0,25500,ATM-10,CALL,26000,2025-12-04
2025-12-04 09:55:00+05:30,518.65,518.65,518.65,518.65,0,21450,0.0,26032.45,25550.0,25500,ATM-10,CALL,26000,2025-12-04
2025-12-04 09:56:00+05:30,516.1,516.4,515.7,516.4,300,20550,0.0,26033.35,25550.0,25500,ATM-10,CALL,26000,2025-12-04
2025-12-04 09:57:00+05:30,515.3,515.3,511.1,511.65,300,20550,0.0,26028.75,25550.0,25500,ATM-10,CALL,26000,2025-12-04
2025-12-04 09:58:00+05:30,520.35,520.35,520.35,520.35,75,20475,0.0,26031.05,25550.0,25500,ATM-10,CALL,26000,2025-12-04
2025-12-04 09:59:00+05:30,520.35,520.35,520.35,520.35,0,20475,7.85,26028.3,25550.0,25500,ATM-10,CALL,26000,2025-12-04
2025-12-04 10:00:00+05:30,512.45,517.8,512.45,517.8,450,20475,0.0,26031.75,25550.0,25500,ATM-10,CALL,26000,2025-12-04
2025-12-04 10:01:00+05:30,516.05,516.2,512.0,512.15,525,20325,0.0,26028.35,25550.0,25500,ATM-10,CALL,26000,2025-12-04
2025-12-04 10:02:00+05:30,516.05,516.05,516.05,516.05,75,20325,0.0,26027.3,25550.0,25500,ATM-10,CALL,26000,2025-12-04
2025-12-04 10:03:00+05:30,516.05,516.05,516.05,516.05,0,20325,6.38,26026.65,25550.0,25500,ATM-10,CALL,26000,2025-12-04
2025-12-04 10:04:00+05:30,516.05,516.05,516.05,516.05,0,20325,7.94,26025.05,25550.0,25500,ATM-10,CALL,26000,2025-12-04
2025-12-04 10:05:00+05:30,561.7,561.7,557.0,557.85,600,292500,0.0,26021.85,25500.0,25500,ATM-10,CALL,26000,2025-12-04
2025-12-04 10:06:00+05:30,510.35,515.45,510.35,514.0,600,20250,0.0,26031.9,25550.0,25500,ATM-10,CALL,26000,2025-12-04
2025-12-04 10:07:00+05:30,518.55,529.0,518.55,529.0,450,20025,7.81,26039.6,25550.0,25500,ATM-10,CALL,26000,2025-12-04
2025-12-04 10:08:00+05:30,526.8,530.7,525.4,525.4,375,20025,5.88,26036.25,25550.0,25500,ATM-10,CALL,26000,2025-12-04
2025-12-04 10:09:00+05:30,525.4,525.4,525.4,525.4,0,20025,10.75,26027.5,25550.0,25500,ATM-10,CALL,26000,2025-12-04
2025-12-04 10:10:00+05:30,512.95,512.95,511.0,511.0,150,20025,0.0,26029.0,25550.0,25500,ATM-10,CALL,26000,2025-12-04
2025-12-04 10:11:00+05:30,516.8,516.8,513.4,514.15,225,20025,0.0,26029.15,25550.0,25500,ATM-10,CALL,26000,2025-12-04
2025-12-04 10:12:00+05:30,517.1,520.6,515.5,520.6,675,20025,0.0,26034.35,25550.0,25500,ATM-10,CALL,26000,2025-12-04
2025-12-04 10:13:00+05:30,523.45,523.45,523.45,523.45,75,20025,0.0,26040.35,25550.0,25500,ATM-10,CALL,26000,2025-12-04
2025-12-04 10:14:00+05:30,529.7,529.7,529.7,529.7,75,20025,0.0,26042.75,25550.0,25500,ATM-10,CALL,26000,2025-12-04
2025-12-04 10:15:00+05:30,529.7,529.7,529.7,529.7,0,20025,0.0,26042.45,25550.0,25500,ATM-10,CALL,26000,2025-12-04
2025-12-04 10:16:00+05:30,527.55,527.55,523.5,523.5,375,20175,0.0,26043.45,25550.0,25500,ATM-10,CALL,26000,2025-12-04
2025-12-04 10:17:00+05:30,526.8,527.35,526.0,526.0,300,20175,0.0,26038.1,25550.0,25500,ATM-10,CALL,26000,2025-12-04
2025-12-04 10:18:00+05:30,523.55,528.05,523.55,528.05,225,20175,0.0,26043.7,25550.0,25500,ATM-10,CALL,26000,2025-12-04
2025-12-04 10:19:00+05:30,526.25,526.25,526.25,526.25,75,19875,0.0,26046.55,25550.0,25500,ATM-10,CALL,26000,2025-12-04
2025-12-04 10:20:00+05:30,531.65,531.65,531.65,531.65,75,19875,0.0,26048.05,25550.0,25500,ATM-10,CALL,26000,2025-12-04
2025-12-04 10:21:00+05:30,535.15,540.2,535.15,540.2,525,19875,0.0,26052.55,25550.0,25500,ATM-10,CALL,26000,2025-12-04
2025-12-04 10:22:00+05:30,547.65,547.65,540.0,540.0,375,20250,8.48,26049.05,25550.0,25500,ATM-10,CALL,26000,2025-12-04
2025-12-04 10:23:00+05:30,541.4,541.4,540.9,540.9,225,20250,8.32,26050.05,25550.0,25500,ATM-10,CALL,26000,2025-12-04
2025-12-04 10:24:00+05:30,540.9,540.9,540.9,540.9,0,20250,8.17,26050.55,25550.0,25500,ATM-10,CALL,26000,2025-12-04
2025-12-04 10:25:00+05:30,542.5,542.5,542.5,542.5,75,20250,0.0,26055.15,25550.0,25500,ATM-10,CALL,26000,2025-12-04
2025-12-04 10:26:00+05:30,544.0,544.9,543.75,543.75,225,20550,0.0,26056.0,25550.0,25500,ATM-10,CALL,26000,2025-12-04
2025-12-04 10:27:00+05:30,542.5,542.5,542.5,542.5,300,20550,0.0,26057.25,25550.0,25500,ATM-10,CALL,26000,2025-12-04
2025-12-04 10:28:00+05:30,552.0,552.0,552.0,552.0,75,20625,0.0,26065.4,25550.0,25500,ATM-10,CALL,26000,2025-12-04
2025-12-04 10:29:00+05:30,508.15,520.25,508.15,520.25,6525,154650,8.72,26078.9,25600.0,25500,ATM-10,CALL,26000,2025-12-04
2025-12-04 10:30:00+05:30,524.0,524.0,517.0,517.0,8700,154650,0.0,26078.7,25600.0,25500,ATM-10,CALL,26000,2025-12-04
2025-12-04 10:31:00+05:30,517.0,526.7,517.0,526.5,1650,151500,8.19,26085.9,25600.0,25500,ATM-10,CALL,26000,2025-12-04
2025-12-04 10:32:00+05:30,529.05,529.75,522.4,522.9,525,151500,8.11,26082.25,25600.0,25500,ATM-10,CALL,26000,2025-12-04
2025-12-04 10:33:00+05:30,521.3,523.15,516.65,517.95,1650,151500,6.95,26078.05,25600.0,25500,ATM-10,CALL,26000,2025-12-04
2025-12-04 10:34:00+05:30,522.4,529.95,522.4,528.8,5400,151275,9.58,26084.65,25600.0,25500,ATM-10,CALL,26000,2025-12-04
2025-12-04 10:35:00+05:30,526.0,529.45,526.0,527.1,3450,151275,6.46,26087.7,25600.0,25500,ATM-10,CALL,26000,2025-12-04
2025-12-04 10:36:00+05:30,532.55,534.65,532.55,534.65,375,151275,8.34,26092.35,25600.0,25500,ATM-10,CALL,26000,2025-12-04
2025-12-04 10:37:00+05:30,533.75,535.0,532.0,534.05,1800,147150,6.19,26094.9,25600.0,25500,ATM-10,CALL,26000,2025-12-04
2025-12-04 10:38:00+05:30,534.85,535.05,530.4,532.4,3150,147150,8.59,26090.8,25600.0,25500,ATM-10,CALL,26000,2025-12-04
2025-12-04 10:39:00+05:30,531.8,531.8,526.55,527.8,2100,147150,5.09,26089.6,25600.0,25500,ATM-10,CALL,26000,2025-12-04
2025-12-04 10:40:00+05:30,529.85,537.25,529.85,530.0,1425,147075,7.58,26090.65,25600.0,25500,ATM-10,CALL,26000,2025-12-04
2025-12-04 10:41:00+05:30,530.0,533.5,529.75,533.5,1200,147075,7.75,26093.2,25600.0,25500,ATM-10,CALL,26000,2025-12-04
2025-12-04 10:42:00+05:30,536.3,538.2,535.0,537.2,2475,147075,9.31,26093.55,25600.0,25500,ATM-10,CALL,26000,2025-12-04
2025-12-04 10:43:00+05:30,537.0,537.0,535.0,535.0,525,148350,8.06,26094.6,25600.0,25500,ATM-10,CALL,26000,2025-12-04
2025-12-04 10:44:00+05:30,540.0,540.0,535.0,535.0,1575,148350,8.73,26092.7,25600.0,25500,ATM-10,CALL,26000,2025-12-04
2025-12-04 10:45:00+05:30,535.15,535.15,535.15,535.15,600,148350,6.9,26097.1,25600.0,25500,ATM-10,CALL,26000,2025-12-04
2025-12-04 10:46:00+05:30,537.15,538.55,537.0,537.55,600,147900,9.19,26094.7,25600.0,25500,ATM-10,CALL,26000,2025-12-04
2025-12-04 10:47:00+05:30,532.8,536.0,532.8,533.7,675,147900,10.02,26089.9,25600.0,25500,ATM-10,CALL,26000,2025-12-04
2025-12-04 10:48:00+05:30,530.0,530.05,528.65,530.0,3975,147900,8.92,26087.8,25600.0,25500,ATM-10,CALL,26000,2025-12-04
2025-12-04 10:49:00+05:30,527.85,528.15,526.2,527.0,1875,146700,8.97,26083.4,25600.0,25500,ATM-10,CALL,26000,2025-12-04
2025-12-04 10:50:00+05:30,525.5,529.2,525.5,529.2,1800,146700,10.3,26082.9,25600.0,25500,ATM-10,CALL,26000,2025-12-04
2025-12-04 10:51:00+05:30,525.85,529.35,525.85,528.1,2100,146700,9.47,26084.25,25600.0,25500,ATM-10,CALL,26000,2025-12-04
2025-12-04 10:52:00+05:30,529.8,529.8,526.55,528.4,2025,146250,10.01,26082.75,25600.0,25500,ATM-10,CALL,26000,2025-12-04
2025-12-04 10:53:00+05:30,527.65,527.65,520.65,522.0,2100,146250,9.01,26079.6,25600.0,25500,ATM-10,CALL,26000,2025-12-04
2025-12-04 10:54:00+05:30,523.65,523.65,523.65,523.65,75,146250,9.76,26078.05,25600.0,25500,ATM-10,CALL,26000,2025-12-04
2025-12-04 10:55:00+05:30,521.7,526.05,521.7,523.95,975,144975,9.52,26079.2,25600.0,25500,ATM-10,CALL,26000,2025-12-04
2025-12-04 10:56:00+05:30,527.45,527.45,523.9,523.9,375,144975,10.11,26078.4,25600.0,25500,ATM-10,CALL,26000,2025-12-04
2025-12-04 10:57:00+05:30,523.9,523.9,523.9,523.9,0,144975,8.82,26080.95,25600.0,25500,ATM-10,CALL,26000,2025-12-04
2025-12-04 10:58:00+05:30,533.0,535.15,531.05,531.05,750,144825,10.28,26085.5,25600.0,25500,ATM-10,CALL,26000,2025-12-04
2025-12-04 10:59:00+05:30,531.9,533.85,520.7,520.7,675,144825,9.51,26075.5,25600.0,25500,ATM-10,CALL,26000,2025-12-04
2025-12-04 11:00:00+05:30,519.5,520.75,517.55,520.75,4350,144825,8.79,26076.55,25600.0,25500,ATM-10,CALL,26000,2025-12-04
2025-12-04 11:01:00+05:30,522.35,525.75,522.35,525.75,375,144825,10.14,26079.6,25600.0,25500,ATM-10,CALL,26000,2025-12-04
2025-12-04 11:02:00+05:30,524.55,526.2,524.15,524.15,1200,144525,8.94,26082.1,25600.0,25500,ATM-10,CALL,26000,2025-12-04
2025-12-04 11:03:00+05:30,524.15,524.15,524.15,524.15,0,144525,8.42,26082.65,25600.0,25500,ATM-10,CALL,26000,2025-12-04
2025-12-04 11:04:00+05:30,525.3,530.85,525.3,530.85,225,144525,10.81,26083.0,25600.0,25500,ATM-10,CALL,26000,2025-12-04
2025-12-04 11:05:00+05:30,526.7,528.25,526.7,527.3,525,144525,9.77,26082.95,25600.0,25500,ATM-10,CALL,26000,2025-12-04
2025-12-04 11:06:00+05:30,529.0,529.0,527.0,527.0,450,144525,9.49,26083.9,25600.0,25500,ATM-10,CALL,26000,2025-12-04
2025-12-04 11:07:00+05:30,526.0,526.0,522.85,522.85,300,144750,8.63,26080.6,25600.0,25500,ATM-10,CALL,26000,2025-12-04
2025-12-04 11:08:00+05:30,522.85,523.65,522.85,523.65,150,144750,10.29,26076.7,25600.0,25500,ATM-10,CALL,26000,2025-12-04
2025-12-04 11:09:00+05:30,571.55,571.55,571.55,571.55,0,24750,11.07,26074.7,25550.0,25500,ATM-10,CALL,26000,2025-12-04
2025-12-04 11:10:00+05:30,512.0,513.4,511.8,511.8,1575,145800,0.0,26076.0,25600.0,25500,ATM-10,CALL,26000,2025-12-04
2025-12-04 11:11:00+05:30,563.4,563.7,563.35,563.7,225,24675,8.69,26073.2,25550.0,25500,ATM-10,CALL,26000,2025-12-04
2025-12-04 11:12:00+05:30,560.0,560.0,560.0,560.0,375,24675,0.0,26073.0,25550.0,25500,ATM-10,CALL,26000,2025-12-04
2025-12-04 11:13:00+05:30,559.65,559.65,559.65,559.65,375,24825,0.0,26070.4,25550.0,25500,ATM-10,CALL,26000,2025-12-04
2025-12-04 11:14:00+05:30,510.75,510.75,510.75,510.75,75,146325,0.0,26077.05,25600.0,25500,ATM-10,CALL,26000,2025-12-04
2025-12-04 11:15:00+05:30,559.65,559.65,559.65,559.65,0,24825,0.0,26070.5,25550.0,25500,ATM-10,CALL,26000,2025-12-04
2025-12-04 11:16:00+05:30,559.65,559.65,559.65,559.65,0,24825,0.0,26073.05,25550.0,25500,ATM-10,CALL,26000,2025-12-04
2025-12-04 11:17:00+05:30,515.0,515.0,514.65,514.65,150,146400,6.76,26075.6,25600.0,25500,ATM-10,CALL,26000,2025-12-04
2025-12-04 11:18:00+05:30,559.65,559.65,559.65,559.65,0,24825,8.48,26068.0,25550.0,25500,ATM-10,CALL,26000,2025-12-04
2025-12-04 11:19:00+05:30,559.65,559.65,559.65,559.65,0,24825,8.2,26070.3,25550.0,25500,ATM-10,CALL,26000,2025-12-04
2025-12-04 11:20:00+05:30,559.65,559.65,559.65,559.65,0,24825,9.99,26065.55,25550.0,25500,ATM-10,CALL,26000,2025-12-04
2025-12-04 11:21:00+05:30,559.65,559.65,559.65,559.65,0,24825,8.93,26068.1,25550.0,25500,ATM-10,CALL,26000,2025-12-04
2025-12-04 11:22:00+05:30,558.85,558.85,558.85,558.85,75,25200,7.42,26069.4,25550.0,25500,ATM-10,CALL,26000,2025-12-04
2025-12-04 11:23:00+05:30,558.85,558.85,558.85,558.85,0,25200,10.61,26064.3,25550.0,25500,ATM-10,CALL,26000,2025-12-04
2025-12-04 11:24:00+05:30,550.3,550.3,550.3,550.3,3150,25125,0.0,26063.15,25550.0,25500,ATM-10,CALL,26000,2025-12-04
2025-12-04 11:25:00+05:30,555.0,555.0,555.0,555.0,75,27525,0.0,26067.9,25550.0,25500,ATM-10,CALL,26000,2025-12-04
2025-12-04 11:26:00+05:30,555.0,555.0,555.0,555.0,0,27525,0.0,26066.15,25550.0,25500,ATM-10,CALL,26000,2025-12-04
2025-12-04 11:27:00+05:30,555.0,555.0,555.0,555.0,0,27525,9.42,26063.35,25550.0,25500,ATM-10,CALL,26000,2025-12-04
2025-12-04 11:28:00+05:30,555.0,555.0,555.0,555.0,0,27525,9.44,26062.6,25550.0,25500,ATM-10,CALL,26000,2025-12-04
2025-12-04 11:29:00+05:30,548.55,548.55,548.55,548.55,300,27525,8.44,26060.6,25550.0,25500,ATM-10,CALL,26000,2025-12-04
2025-12-04 11:30:00+05:30,548.55,548.55,548.55,548.55,0,27525,0.0,26060.35,25550.0,25500,ATM-10,CALL,26000,2025-12-04
2025-12-04 11:31:00+05:30,551.15,551.75,544.5,544.5,300,27300,0.0,26060.0,25550.0,25500,ATM-10,CALL,26000,2025-12-04
2025-12-04 11:32:00+05:30,547.35,547.35,544.3,544.3,1050,27300,0.0,26060.25,25550.0,25500,ATM-10,CALL,26000,2025-12-04
2025-12-04 11:33:00+05:30,551.0,551.0,551.0,551.0,75,27300,6.0,26063.2,25550.0,25500,ATM-10,CALL,26000,2025-12-04
2025-12-04 11:34:00+05:30,551.0,551.0,551.0,551.0,0,27300,7.99,26061.3,25550.0,25500,ATM-10,CALL,26000,2025-12-04
2025-12-04 11:35:00+05:30,551.0,551.0,551.0,551.0,0,27300,8.15,26060.7,25550.0,25500,ATM-10,CALL,26000,2025-12-04
2025-12-04 11:36:00+05:30,551.0,551.0,551.0,551.0,0,27300,8.91,26060.55,25550.0,25500,ATM-10,CALL,26000,2025-12-04
2025-12-04 11:37:00+05:30,542.1,543.6,542.1,543.6,225,27225,8.02,26052.9,25550.0,25500,ATM-10,CALL,26000,2025-12-04
2025-12-04 11:38:00+05:30,526.0,526.0,526.0,526.0,75,27225,0.0,26039.35,25550.0,25500,ATM-10,CALL,26000,2025-12-04
2025-12-04 11:39:00+05:30,525.4,525.4,518.35,519.55,1575,27225,0.0,26034.75,25550.0,25500,ATM-10,CALL,26000,2025-12-04
2025-12-04 11:40:00+05:30,519.55,519.55,519.55,519.55,0,27225,0.0,26038.15,25550.0,25500,ATM-10,CALL,26000,2025-12-04
2025-12-04 11:41:00+05:30,520.2,520.2,515.5,515.5,975,25725,0.0,26033.45,25550.0,25500,ATM-10,CALL,26000,2025-12-04
2025-12-04 11:42:00+05:30,508.85,508.85,508.8,508.8,150,25725,0.0,26028.2,25550.0,25500,ATM-10,CALL,26000,2025-12-04
2025-12-04 11:43:00+05:30,561.3,561.4,556.3,556.3,1725,317925,0.0,26023.45,25500.0,25500,ATM-10,CALL,26000,2025-12-04
2025-12-04 11:44:00+05:30,509.85,509.85,509.85,509.85,0,25725,0.0,26028.8,25550.0,25500,ATM-10,CALL,26000,2025-12-04
2025-12-04 11:45:00+05:30,559.0,559.0,546.0,546.0,6000,317925,0.0,26015.15,25500.0,25500,ATM-10,CALL,26000,2025-12-04
2025-12-04 11:46:00+05:30,500.0,504.05,500.0,503.85,600,26325,0.0,26025.5,25550.0,25500,ATM-10,CALL,26000,2025-12-04
2025-12-04 11:47:00+05:30,509.35,512.0,509.15,510.45,825,26400,0.0,26028.45,25550.0,25500,ATM-10,CALL,26000,2025-12-04
2025-12-04 11:48:00+05:30,509.45,509.45,509.45,509.45,75,26400,0.0,26025.95,25550.0,25500,ATM-10,CALL,26000,2025-12-04
2025-12-04 11:49:00+05:30,511.9,511.9,511.9,511.9,75,26400,0.0,26031.3,25550.0,25500,ATM-10,CALL,26000,2025-12-04
2025-12-04 11:50:00+05:30,511.9,511.9,511.9,511.9,0,26400,0.0,26029.6,25550.0,25500,ATM-10,CALL,26000,2025-12-04
2025-12-04 11:51:00+05:30,558.75,559.25,554.0,556.95,675,317850,0.0,26022.9,25500.0,25500,ATM-10,CALL,26000,2025-12-04
2025-12-04 11:52:00+05:30,553.2,558.0,553.2,558.0,1800,317850,0.0,26021.9,25500.0,25500,ATM-10,CALL,26000,2025-12-04
2025-12-04 11:53:00+05:30,554.0,554.35,552.5,552.5,450,320025,0.0,26018.35,25500.0,25500,ATM-10,CALL,26000,2025-12-04
2025-12-04 11:54:00+05:30,551.3,553.0,551.3,553.0,150,320025,0.0,26016.7,25500.0,25500,ATM-10,CALL,26000,2025-12-04
2025-12-04 11:55:00+05:30,511.2,511.2,511.2,511.2,75,26175,0.0,26028.1,25550.0,25500,ATM-10,CALL,26000,2025-12-04
2025-12-04 11:56:00+05:30,509.3,512.05,508.65,511.55,525,26175,0.0,26025.15,25550.0,25500,ATM-10,CALL,26000,2025-12-04
2025-12-04 11:57:00+05:30,562.1,562.1,555.0,555.0,825,320100,0.0,26022.55,25500.0,25500,ATM-10,CALL,26000,2025-12-04
2025-12-04 11:58:00+05:30,555.0,555.0,550.0,552.15,600,320025,0.0,26020.0,25500.0,25500,ATM-10,CALL,26000,2025-12-04
2025-12-04 11:59:00+05:30,554.5,554.5,552.15,552.15,1650,320025,0.0,26024.0,25500.0,25500,ATM-10,CALL,26000,2025-12-04
2025-12-04 12:00:00+05:30,558.5,559.0,556.0,556.0,525,320025,0.0,26024.55,25500.0,25500,ATM-10,CALL,26000,2025-12-04
2025-12-04 12:01:00+05:30,557.75,557.75,556.0,557.6,375,319650,0.0,26024.9,25500.0,25500,ATM-10,CALL,26000,2025-12-04
2025-12-04 12:02:00+05:30,558.7,565.35,557.85,557.85,1200,319650,0.0,26024.6,25500.0,25500,ATM-10,CALL,26000,2025-12-04
2025-12-04 12:03:00+05:30,508.7,508.7,508.7,508.7,0,26175,0.0,26031.4,25550.0,25500,ATM-10,CALL,26000,2025-12-04
2025-12-04 12:04:00+05:30,518.0,518.0,518.0,518.0,150,26025,0.0,26032.65,25550.0,25500,ATM-10,CALL,26000,2025-12-04
2025-12-04 12:05:00+05:30,518.0,518.0,518.0,518.0,0,26025,0.0,26038.45,25550.0,25500,ATM-10,CALL,26000,2025-12-04
2025-12-04 12:06:00+05:30,519.55,519.55,518.2,518.2,300,25875,0.0,26035.45,25550.0,25500,ATM-10,CALL,26000,2025-12-04
2025-12-04 12:07:00+05:30,523.0,523.0,523.0,523.0,75,25875,0.0,26040.6,25550.0,25500,ATM-10,CALL,26000,2025-12-04
2025-12-04 12:08:00+05:30,527.0,527.0,526.85,526.85,675,25575,0.0,26042.85,25550.0,25500,ATM-10,CALL,26000,2025-12-04
2025-12-04 12:09:00+05:30,525.5,525.5,515.0,515.0,825,25575,0.0,26032.0,25550.0,25500,ATM-10,CALL,26000,2025-12-04
2025-12-04 12:10:00+05:30,513.0,513.0,513.0,513.0,300,25575,0.0,26027.7,25550.0,25500,ATM-10,CALL,26000,2025-12-04
2025-12-04 12:11:00+05:30,559.0,559.8,555.0,555.0,975,322200,0.0,26023.8,25500.0,25500,ATM-10,CALL,26000,2025-12-04
2025-12-04 12:12:00+05:30,508.95,508.95,508.95,508.95,0,26400,0.0,26027.3,25550.0,25500,ATM-10,CALL,26000,2025-12-04
2025-12-04 12:13:00+05:30,508.95,508.95,508.95,508.95,0,26400,0.0,26026.8,25550.0,25500,ATM-10,CALL,26000,2025-12-04
2025-12-04 12:14:00+05:30,508.95,508.95,508.95,508.95,0,26400,0.0,26028.15,25550.0,25500,ATM-10,CALL,26000,2025-12-04
2025-12-04 12:15:00+05:30,560.0,560.0,552.85,552.85,1425,322275,0.0,26017.8,25500.0,25500,ATM-10,CALL,26000,2025-12-04
2025-12-04 12:16:00+05:30,554.3,556.0,550.65,555.8,2325,322275,0.0,26021.65,25500.0,25500,ATM-10,CALL,26000,2025-12-04
2025-12-04 12:17:00+05:30,556.65,556.65,556.65,556.65,150,322275,0.0,26023.0,25500.0,25500,ATM-10,CALL,26000,2025-12-04
2025-12-04 12:18:00+05:30,556.65,556.65,554.0,554.0,12375,322275,0.0,26022.65,25500.0,25500,ATM-10,CALL,26000,2025-12-04
2025-12-04 12:19:00+05:30,557.8,557.8,555.0,555.0,375,322275,0.0,26018.15,25500.0,25500,ATM-10,CALL,26000,2025-12-04
2025-12-04 12:20:00+05:30,553.95,553.95,538.55,538.55,3150,332325,0.0,26006.95,25500.0,25500,ATM-10,CALL,26000,2025-12-04
2025-12-04 12:21:00+05:30,536.0,543.8,536.0,543.8,7050,332325,0.0,26012.15,25500.0,25500,ATM-10,CALL,26000,2025-12-04
2025-12-04 12:22:00+05:30,544.35,546.0,542.65,544.0,2400,330375,0.0,26015.1,25500.0,25500,ATM-10,CALL,26000,2025-12-04
2025-12-04 12:23:00+05:30,545.0,551.7,545.0,547.45,900,330375,0.0,26015.85,25500.0,25500,ATM-10,CALL,26000,2025-12-04
2025-12-04 12:24:00+05:30,547.45,551.1,547.45,551.1,300,330375,0.0,26019.5,25500.0,25500,ATM-10,CALL,26000,2025-12-04
2025-12-04 12:25:00+05:30,549.75,557.95,549.75,557.95,1350,329400,0.0,26024.4,25500.0,25500,ATM-10,CALL,26000,2025-12-04
2025-12-04 12:26:00+05:30,555.25,558.45,553.55,558.45,2625,329400,0.0,26024.5,25500.0,25500,ATM-10,CALL,26000,2025-12-04
2025-12-04 12:27:00+05:30,509.0,509.0,506.15,507.8,750,26325,0.0,26025.65,25550.0,25500,ATM-10,CALL,26000,2025-12-04
2025-12-04 12:28:00+05:30,511.4,514.45,511.4,514.45,2175,26325,0.0,26028.9,25550.0,25500,ATM-10,CALL,26000,2025-12-04
2025-12-04 12:29:00+05:30,564.8,564.8,555.0,555.0,6375,329100,0.0,26024.25,25500.0,25500,ATM-10,CALL,26000,2025-12-04
2025-12-04 12:30:00+05:30,509.55,509.55,509.55,509.55,150,25275,0.0,26026.8,25550.0,25500,ATM-10,CALL,26000,2025-12-04
2025-12-04 12:31:00+05:30,510.2,510.2,506.9,506.9,525,25275,0.0,26025.35,25550.0,25500,ATM-10,CALL,26000,2025-12-04
2025-12-04 12:32:00+05:30,556.5,556.5,556.5,556.5,0,329025,0.0,26024.35,25500.0,25500,ATM-10,CALL,26000,2025-12-04
2025-12-04 12:33:00+05:30,506.9,506.9,506.9,506.9,0,25275,0.0,26029.0,25550.0,25500,ATM-10,CALL,26000,2025-12-04
2025-12-04 12:34:00+05:30,506.9,506.9,506.9,506.9,0,25275,0.0,26025.9,25550.0,25500,ATM-10,CALL,26000,2025-12-04
2025-12-04 12:35:00+05:30,506.9,506.9,506.9,506.9,0,25275,0.0,26027.9,25550.0,25500,ATM-10,CALL,26000,2025-12-04
2025-12-04 12:36:00+05:30,508.8,510.0,508.15,510.0,375,26325,0.0,26026.05,25550.0,25500,ATM-10,CALL,26000,2025-12-04
2025-12-04 12:37:00+05:30,557.95,557.95,557.95,557.95,150,329175,0.0,26025.0,25500.0,25500,ATM-10,CALL,26000,2025-12-04
2025-12-04 12:38:00+05:30,508.2,508.2,508.2,508.2,150,26175,0.0,26026.65,25550.0,25500,ATM-10,CALL,26000,2025-12-04
2025-12-04 12:39:00+05:30,557.45,557.45,557.45,557.45,0,329175,0.0,26023.95,25500.0,25500,ATM-10,CALL,26000,2025-12-04
2025-12-04 12:40:00+05:30,555.0,555.2,555.0,555.2,150,329175,0.0,26025.0,25500.0,25500,ATM-10,CALL,26000,2025-12-04
2025-12-04 12:41:00+05:30,554.5,557.45,553.8,553.8,1125,329250,0.0,26023.6,25500.0,25500,ATM-10,CALL,26000,2025-12-04
2025-12-04 12:42:00+05:30,551.1,551.1,546.75,546.75,450,329250,0.0,26017.2,25500.0,25500,ATM-10,CALL,26000,2025-12-04
2025-12-04 12:43:00+05:30,545.0,545.0,541.05,542.0,825,329250,0.0,26012.5,25500.0,25500,ATM-10,CALL,26000,2025-12-04
2025-12-04 12:44:00+05:30,542.0,542.0,538.9,540.25,525,330150,0.0,26009.55,25500.0,25500,ATM-10,CALL,26000,2025-12-04
2025-12-04 12:45:00+05:30,537.2,537.2,519.3,519.3,8175,330150,0.0,25992.1,25500.0,25500,ATM-10,CALL,26000,2025-12-04
2025-12-04 12:46:00+05:30,520.25,524.0,520.1,522.0,5775,330150,0.0,25990.7,25500.0,25500,ATM-10,CALL,26000,2025-12-04
2025-12-04 12:47:00+05:30,523.25,532.15,523.25,529.0,2550,330000,0.0,26000.85,25500.0,25500,ATM-10,CALL,26000,2025-12-04
2025-12-04 12:48:00+05:30,528.25,528.85,523.15,523.15,975,330000,0.0,25997.05,25500.0,25500,ATM-10,CALL,26000,2025-12-04
2025-12-04 12:49:00+05:30,522.6,522.6,520.55,520.6,2325,330000,0.0,25993.35,25500.0,25500,ATM-10,CALL,26000,2025-12-04
2025-12-04 12:50:00+05:30,523.6,524.0,523.15,524.0,375,331725,0.0,25994.45,25500.0,25500,ATM-10,CALL,26000,2025-12-04
2025-12-04 12:51:00+05:30,526.25,526.5,520.3,523.4,3075,331725,0.0,25995.5,25500.0,25500,ATM-10,CALL,26000,2025-12-04
2025-12-04 12:52:00+05:30,523.25,523.25,515.0,517.95,4575,331725,0.0,25991.55,25500.0,25500,ATM-10,CALL,26000,2025-12-04
2025-12-04 12:53:00+05:30,517.5,520.0,517.0,520.0,525,333675,0.0,25993.85,25500.0,25500,ATM-10,CALL,26000,2025-12-04
2025-12-04 12:54:00+05:30,521.55,523.0,519.8,519.8,675,333675,0.0,25992.85,25500.0,25500,ATM-10,CALL,26000,2025-12-04
2025-12-04 12:55:00+05:30,522.2,533.45,522.2,530.65,2925,333675,0.0,26004.5,25500.0,25500,ATM-10,CALL,26000,2025-12-04
2025-12-04 12:56:00+05:30,532.5,535.7,531.6,535.7,1575,332250,0.0,26005.95,25500.0,25500,ATM-10,CALL,26000,2025-12-04
2025-12-04 12:57:00+05:30,533.2,535.0,531.4,532.05,1050,332250,0.0,26005.95,25500.0,25500,ATM-10,CALL,26000,2025-12-04
2025-12-04 12:58:00+05:30,536.0,537.05,530.0,530.0,975,332250,0.0,26004.05,25500.0,25500,ATM-10,CALL,26000,2025-12-04
2025-12-04 12:59:00+05:30,534.05,534.35,534.05,534.35,300,332175,0.0,26002.4,25500.0,25500,ATM-10,CALL,26000,2025-12-04
2025-12-04 13:00:00+05:30,528.6,529.85,528.05,529.85,1275,332175,0.0,26001.85,25500.0,25500,ATM-10,CALL,26000,2025-12-04
2025-12-04 13:01:00+05:30,533.9,534.55,530.2,531.55,2475,332175,0.0,26004.2,25500.0,25500,ATM-10,CALL,26000,2025-12-04
2025-12-04 13:02:00+05:30,532.0,533.85,531.0,533.85,1350,332325,0.0,26001.3,25500.0,25500,ATM-10,CALL,26000,2025-12-04
2025-12-04 13:03:00+05:30,533.85,533.85,533.85,533.85,225,332325,0.0,26002.7,25500.0,25500,ATM-10,CALL,26000,2025-12-04
2025-12-04 13:04:00+05:30,534.5,540.0,534.5,539.15,1500,332325,0.0,26005.85,25500.0,25500,ATM-10,CALL,26000,2025-12-04
2025-12-04 13:05:00+05:30,535.0,537.95,531.65,531.65,1125,332175,0.0,26001.05,25500.0,25500,ATM-10,CALL,26000,2025-12-04
2025-12-04 13:06:00+05:30,531.75,533.7,531.55,531.55,900,332175,0.0,26002.2,25500.0,25500,ATM-10,CALL,26000,2025-12-04
2025-12-04 13:07:00+05:30,535.25,535.25,534.2,535.25,300,332175,0.0,26003.9,25500.0,25500,ATM-10,CALL,26000,2025-12-04
2025-12-04 13:08:00+05:30,535.75,535.75,534.7,534.7,825,331875,0.0,25999.95,25500.0,25500,ATM-10,CALL,26000,2025-12-04
2025-12-04 13:09:00+05:30,535.5,535.5,532.0,532.2,300,331875,0.0,25997.95,25500.0,25500,ATM-10,CALL,26000,2025-12-04
2025-12-04 13:10:00+05:30,525.1,525.1,525.1,525.1,300,331875,0.0,25993.15,25500.0,25500,ATM-10,CALL,26000,2025-12-04
2025-12-04 13:11:00+05:30,528.5,529.55,528.5,529.55,150,331050,0.0,25994.25,25500.0,25500,ATM-10,CALL,26000,2025-12-04
2025-12-04 13:12:00+05:30,533.35,533.35,529.25,529.25,225,331050,0.0,25993.45,25500.0,25500,ATM-10,CALL,26000,2025-12-04
2025-12-04 13:13:00+05:30,525.0,529.0,524.9,529.0,975,331050,0.0,25993.8,25500.0,25500,ATM-10,CALL,26000,2025-12-04
2025-12-04 13:14:00+05:30,535.0,539.35,535.0,535.5,675,331575,0.0,26000.8,25500.0,25500,ATM-10,CALL,26000,2025-12-04
2025-12-04 13:15:00+05:30,534.05,537.65,534.05,537.65,375,331575,0.0,26002.4,25500.0,25500,ATM-10,CALL,26000,2025-12-04
2025-12-04 13:16:00+05:30,534.4,539.5,534.4,539.5,300,331575,0.0,26003.3,25500.0,25500,ATM-10,CALL,26000,2025-12-04
2025-12-04 13:17:00+05:30,537.1,538.55,535.05,535.8,2100,331200,0.0,26000.85,25500.0,25500,ATM-10,CALL,26000,2025-12-04
2025-12-04 13:18:00+05:30,538.0,541.0,536.8,536.8,750,331200,0.0,26001.5,25500.0,25500,ATM-10,CALL,26000,2025-12-04
2025-12-04 13:19:00+05:30,535.0,535.0,527.7,527.7,900,331200,0.0,25995.65,25500.0,25500,ATM-10,CALL,26000,2025-12-04
2025-12-04 13:20:00+05:30,527.7,527.7,527.7,527.7,0,331200,0.0,26001.5,25500.0,25500,ATM-10,CALL,26000,2025-12-04
2025-12-04 13:21:00+05:30,536.3,536.3,535.95,536.3,600,331575,0.0,26006.85,25500.0,25500,ATM-10,CALL,26000,2025-12-04
2025-12-04 13:22:00+05:30,537.95,548.85,537.95,548.85,75075,331575,0.0,26016.15,25500.0,25500,ATM-10,CALL,26000,2025-12-04
2025-12-04 13:23:00+05:30,550.0,550.7,547.0,547.0,28950,278475,0.0,26017.05,25500.0,25500,ATM-10,CALL,26000,2025-12-04
2025-12-04 13:24:00+05:30,548.6,555.95,548.6,555.95,1200,278475,7.02,26017.85,25500.0,25500,ATM-10,CALL,26000,2025-12-04
2025-12-04 13:25:00+05:30,555.0,557.8,550.9,550.9,5025,278475,0.0,26016.25,25500.0,25500,ATM-10,CALL,26000,2025-12-04
2025-12-04 13:26:00+05:30,554.0,555.6,551.2,551.2,300,262875,0.0,26018.15,25500.0,25500,ATM-10,CALL,26000,2025-12-04
2025-12-04 13:27:00+05:30,553.15,557.9,553.15,557.45,375,262875,7.23,26018.95,25500.0,25500,ATM-10,CALL,26000,2025-12-04
2025-12-04 13:28:00+05:30,553.55,553.55,548.05,548.05,375,262875,0.0,26016.8,25500.0,25500,ATM-10,CALL,26000,2025-12-04
2025-12-04 13:29:00+05:30,550.0,551.35,548.8,548.8,300,263325,0.0,26015.7,25500.0,25500,ATM-10,CALL,26000,2025-12-04
2025-12-04 13:30:00+05:30,552.0,560.0,549.75,549.75,600,263325,0.0,26015.3,25500.0,25500,ATM-10,CALL,26000,2025-12-04
2025-12-04 13:31:00+05:30,548.85,548.85,543.8,543.8,1800,263325,0.0,26013.6,25500.0,25500,ATM-10,CALL,26000,2025-12-04
2025-12-04 13:32:00+05:30,548.55,548.8,548.55,548.8,225,264225,0.6,26011.8,25500.0,25500,ATM-10,CALL,26000,2025-12-04
2025-12-04 13:33:00+05:30,543.8,543.8,541.05,541.9,300,264225,0.0,26008.95,25500.0,25500,ATM-10,CALL,26000,2025-12-04
2025-12-04 13:34:00+05:30,539.5,539.5,531.0,531.0,525,264225,0.0,26002.4,25500.0,25500,ATM-10,CALL,26000,2025-12-04
2025-12-04 13:35:00+05:30,529.15,529.15,522.35,523.05,5400,263775,0.0,25990.4,25500.0,25500,ATM-10,CALL,26000,2025-12-04
2025-12-04 13:36:00+05:30,520.0,520.0,511.5,511.5,5400,263775,0.0,25979.5,25500.0,25500,ATM-10,CALL,26000,2025-12-04
2025-12-04 13:37:00+05:30,512.2,514.0,508.1,508.9,6225,263775,0.0,25976.3,25500.0,25500,ATM-10,CALL,26000,2025-12-04
2025-12-04 13:38:00+05:30,509.5,515.0,509.45,515.0,3525,263175,0.0,25981.75,25500.0,25500,ATM-10,CALL,26000,2025-12-04
2025-12-04 13:39:00+05:30,515.0,515.0,511.0,511.0,4200,263175,0.0,25980.55,25500.0,25500,ATM-10,CALL,26000,2025-12-04
2025-12-04 13:40:00+05:30,512.1,512.1,509.85,510.85,2850,263175,0.0,25978.35,25500.0,25500,ATM-10,CALL,26000,2025-12-04
2025-12-04 13:41:00+05:30,549.7,549.7,542.5,542.5,600,18675,0.0,25964.95,25450.0,25500,ATM-10,CALL,26000,2025-12-04
2025-12-04 13:42:00+05:30,544.9,553.0,544.9,553.0,450,18675,0.0,25973.25,25450.0,25500,ATM-10,CALL,26000,2025-12-04
2025-12-04 13:43:00+05:30,550.0,550.0,550.0,550.0,150,18675,0.0,25972.9,25450.0,25500,ATM-10,CALL,26000,2025-12-04
2025-12-04 13:44:00+05:30,501.15,505.0,501.15,505.0,1200,273900,0.0,25976.3,25500.0,25500,ATM-10,CALL,26000,2025-12-04
2025-12-04 13:45:00+05:30,554.25,554.25,554.25,554.25,0,18450,0.0,25972.8,25450.0,25500,ATM-10,CALL,26000,2025-12-04
2025-12-04 13:46:00+05:30,502.7,507.45,501.25,506.4,1875,273900,0.0,25976.05,25500.0,25500,ATM-10,CALL,26000,2025-12-04
2025-12-04 13:47:00+05:30,506.7,506.7,503.1,504.85,3900,275100,0.0,25978.2,25500.0,25500,ATM-10,CALL,26000,2025-12-04
2025-12-04 13:48:00+05:30,506.3,507.0,502.2,507.0,1350,275100,0.0,25979.4,25500.0,25500,ATM-10,CALL,26000,2025-12-04
2025-12-04 13:49:00+05:30,505.0,509.0,505.0,507.85,1275,275100,0.0,25978.65,25500.0,25500,ATM-10,CALL,26000,2025-12-04
2025-12-04 13:50:00+05:30,508.0,511.0,507.65,509.45,1800,274950,0.0,25978.55,25500.0,25500,ATM-10,CALL,26000,2025-12-04
2025-12-04 13:51:00+05:30,508.85,512.0,508.85,512.0,4200,274950,0.0,25980.5,25500.0,25500,ATM-10,CALL,26000,2025-12-04
2025-12-04 13:52:00+05:30,506.65,512.3,506.5,512.3,1275,274950,0.0,25981.55,25500.0,25500,ATM-10,CALL,26000,2025-12-04
2025-12-04 13:53:00+05:30,559.65,559.65,559.65,559.65,150,16950,0.0,25974.85,25450.0,25500,ATM-10,CALL,26000,2025-12-04
2025-12-04 13:54:00+05:30,511.0,511.0,511.0,511.0,0,273600,0.0,25975.55,25500.0,25500,ATM-10,CALL,26000,2025-12-04
2025-12-04 13:55:00+05:30,553.2,553.2,553.2,553.2,1125,15975,0.0,25971.95,25450.0,25500,ATM-10,CALL,26000,2025-12-04
2025-12-04 13:56:00+05:30,551.75,555.2,551.75,555.2,150,16800,0.0,25974.4,25450.0,25500,ATM-10,CALL,26000,2025-12-04
2025-12-04 13:57:00+05:30,502.0,506.25,499.0,506.25,2475,275550,0.0,25975.8,25500.0,25500,ATM-10,CALL,26000,2025-12-04
2025-12-04 13:58:00+05:30,555.2,555.2,555.2,555.2,0,16800,0.0,25974.05,25450.0,25500,ATM-10,CALL,26000,2025-12-04
2025-12-04 13:59:00+05:30,553.9,553.9,553.9,553.9,75,16875,0.0,25973.3,25450.0,25500,ATM-10,CALL,26000,2025-12-04
2025-12-04 14:00:00+05:30,552.15,552.15,552.15,552.15,75,16875,0.0,25972.3,25450.0,25500,ATM-10,CALL,26000,2025-12-04
2025-12-04 14:01:00+05:30,504.4,519.25,503.75,514.55,2175,277200,0.0,25979.95,25500.0,25500,ATM-10,CALL,26000,2025-12-04
2025-12-04 14:02:00+05:30,513.95,517.0,513.95,517.0,2025,277350,0.0,25980.35,25500.0,25500,ATM-10,CALL,26000,2025-12-04
2025-12-04 14:03:00+05:30,513.2,513.2,508.0,508.0,1200,277350,0.0,25978.75,25500.0,25500,ATM-10,CALL,26000,2025-12-04
2025-12-04 14:04:00+05:30,511.0,520.45,511.0,518.95,900,277350,0.0,25986.7,25500.0,25500,ATM-10,CALL,26000,2025-12-04
2025-12-04 14:05:00+05:30,517.85,517.85,510.0,510.0,975,278325,0.0,25980.35,25500.0,25500,ATM-10,CALL,26000,2025-12-04
2025-12-04 14:06:00+05:30,513.95,515.0,511.9,515.0,1125,278325,0.0,25982.0,25500.0,25500,ATM-10,CALL,26000,2025-12-04
2025-12-04 14:07:00+05:30,516.8,527.0,516.8,527.0,3525,278325,0.0,25998.25,25500.0,25500,ATM-10,CALL,26000,2025-12-04
2025-12-04 14:08:00+05:30,527.15,527.15,524.8,526.95,1875,276750,0.0,26001.55,25500.0,25500,ATM-10,CALL,26000,2025-12-04
2025-12-04 14:09:00+05:30,524.8,528.0,524.8,527.0,1350,276750,0.0,26005.6,25500.0,25500,ATM-10,CALL,26000,2025-12-04
2025-12-04 14:10:00+05:30,526.5,547.3,526.5,542.4,9225,276750,0.0,26017.4,25500.0,25500,ATM-10,CALL,26000,2025-12-04
2025-12-04 14:11:00+05:30,543.25,543.35,530.7,531.65,2700,271950,0.0,26007.55,25500.0,25500,ATM-10,CALL,26000,2025-12-04
2025-12-04 14:12:00+05:30,537.7,538.65,537.1,537.9,3675,271950,0.0,26009.2,25500.0,25500,ATM-10,CALL,26000,2025-12-04
2025-12-04 14:13:00+05:30,539.1,540.0,534.8,536.55,600,271950,0.0,26004.15,25500.0,25500,ATM-10,CALL,26000,2025-12-04
2025-12-04 14:14:00+05:30,536.0,537.7,536.0,536.95,750,268875,0.0,26004.05,25500.0,25500,ATM-10,CALL,26000,2025-12-04
2025-12-04 14:15:00+05:30,538.45,541.0,533.55,533.55,3300,268875,0.0,26001.75,25500.0,25500,ATM-10,CALL,26000,2025-12-04
2025-12-04 14:16:00+05:30,531.35,534.05,529.55,534.05,4950,268875,0.0,26001.6,25500.0,25500,ATM-10,CALL,26000,2025-12-04
2025-12-04 14:17:00+05:30,536.95,543.5,536.95,542.0,1425,266325,0.0,26009.45,25500.0,25500,ATM-10,CALL,26000,2025-12-04
2025-12-04 14:18:00+05:30,543.9,543.9,540.15,541.65,1500,266325,0.0,26008.75,25500.0,25500,ATM-10,CALL,26000,2025-12-04
2025-12-04 14:19:00+05:30,538.25,538.25,534.5,535.35,600,266325,0.0,26001.0,25500.0,25500,ATM-10,CALL,26000,2025-12-04
2025-12-04 14:20:00+05:30,530.0,532.1,529.0,529.0,750,266175,0.0,25997.45,25500.0,25500,ATM-10,CALL,26000,2025-12-04
2025-12-04 14:21:00+05:30,531.9,531.9,523.7,529.1,1950,266175,0.0,25995.0,25500.0,25500,ATM-10,CALL,26000,2025-12-04
2025-12-04 14:22:00+05:30,530.5,533.0,528.25,532.35,2400,266175,0.0,25995.3,25500.0,25500,ATM-10,CALL,26000,2025-12-04
2025-12-04 14:23:00+05:30,531.5,544.0,531.5,544.0,1575,263475,0.0,26007.0,25500.0,25500,ATM-10,CALL,26000,2025-12-04
2025-12-04 14:24:00+05:30,546.45,546.45,539.7,539.7,1425,263475,0.0,26002.25,25500.0,25500,ATM-10,CALL,26000,2025-12-04
2025-12-04 14:25:00+05:30,538.4,538.4,533.0,537.15,1275,263475,0.0,26000.7,25500.0,25500,ATM-10,CALL,26000,2025-12-04
2025-12-04 14:26:00+05:30,537.15,542.25,536.8,542.25,750,262500,0.0,26006.75,25500.0,25500,ATM-10,CALL,26000,2025-12-04
2025-12-04 14:27:00+05:30,539.9,542.25,539.9,542.25,2850,262500,0.0,26007.5,25500.0,25500,ATM-10,CALL,26000,2025-12-04
2025-12-04 14:28:00+05:30,539.2,542.65,539.2,542.65,150,262500,0.0,26006.15,25500.0,25500,ATM-10,CALL,26000,2025-12-04
2025-12-04 14:29:00+05:30,544.0,548.1,544.0,548.0,1950,263775,0.0,26014.0,25500.0,25500,ATM-10,CALL,26000,2025-12-04
2025-12-04 14:30:00+05:30,550.0,552.45,548.95,548.95,2550,263775,0.0,26016.25,25500.0,25500,ATM-10,CALL,26000,2025-12-04
2025-12-04 14:31:00+05:30,546.5,550.05,544.55,550.05,1125,263775,0.0,26015.55,25500.0,25500,ATM-10,CALL,26000,2025-12-04
2025-12-04 14:32:00+05:30,542.0,542.2,542.0,542.2,525,262800,0.0,26008.7,25500.0,25500,ATM-10,CALL,26000,2025-12-04
2025-12-04 14:33:00+05:30,542.2,547.5,541.55,547.5,3675,262800,0.0,26010.1,25500.0,25500,ATM-10,CALL,26000,2025-12-04
2025-12-04 14:34:00+05:30,544.0,545.25,544.0,544.0,975,262800,0.0,26008.95,25500.0,25500,ATM-10,CALL,26000,2025-12-04
2025-12-04 14:35:00+05:30,542.2,542.2,539.2,539.2,450,260025,0.0,26003.8,25500.0,25500,ATM-10,CALL,26000,2025-12-04
2025-12-04 14:36:00+05:30,535.35,540.6,534.0,534.15,1350,260025,0.0,26000.4,25500.0,25500,ATM-10,CALL,26000,2025-12-04
2025-12-04 14:37:00+05:30,534.15,536.1,534.15,536.1,375,260025,0.0,26004.1,25500.0,25500,ATM-10,CALL,26000,2025-12-04
2025-12-04 14:38:00+05:30,542.0,545.0,542.0,545.0,450,259875,0.0,26013.55,25500.0,25500,ATM-10,CALL,26000,2025-12-04
2025-12-04 14:39:00+05:30,550.0,552.0,550.0,550.15,2850,259875,0.0,26013.75,25500.0,25500,ATM-10,CALL,26000,2025-12-04
2025-12-04 14:40:00+05:30,550.15,550.15,550.15,550.15,0,259875,0.0,26017.5,25500.0,25500,ATM-10,CALL,26000,2025-12-04
2025-12-04 14:41:00+05:30,551.0,552.45,551.0,551.0,3825,259500,0.0,26015.45,25500.0,25500,ATM-10,CALL,26000,2025-12-04
2025-12-04 14:42:00+05:30,549.0,555.2,545.05,545.05,1425,259500,0.0,26015.5,25500.0,25500,ATM-10,CALL,26000,2025-12-04
2025-12-04 14:43:00+05:30,544.4,545.25,543.95,545.25,975,259500,6.99,26007.85,25500.0,25500,ATM-10,CALL,26000,2025-12-04
2025-12-04 14:44:00+05:30,542.0,542.55,542.0,542.55,2025,261525,9.75,26000.6,25500.0,25500,ATM-10,CALL,26000,2025-12-04
2025-12-04 14:45:00+05:30,539.0,540.9,530.05,530.9,5700,261525,7.93,25992.35,25500.0,25500,ATM-10,CALL,26000,2025-12-04
2025-12-04 14:46:00+05:30,530.0,530.75,529.35,530.0,525,261525,9.08,25988.7,25500.0,25500,ATM-10,CALL,26000,2025-12-04
2025-12-04 14:47:00+05:30,530.35,538.95,530.0,538.55,1425,262275,0.0,26001.55,25500.0,25500,ATM-10,CALL,26000,2025-12-04
2025-12-04 14:48:00+05:30,538.0,538.35,535.05,538.0,1650,262275,0.0,26003.3,25500.0,25500,ATM-10,CALL,26000,2025-12-04
2025-12-04 14:49:00+05:30,534.95,534.95,534.95,534.95,300,262275,0.0,26003.65,25500.0,25500,ATM-10,CALL,26000,2025-12-04
2025-12-04 14:50:00+05:30,537.8,550.0,537.8,550.0,6825,260100,0.0,26014.1,25500.0,25500,ATM-10,CALL,26000,2025-12-04
2025-12-04 14:51:00+05:30,550.8,552.8,548.4,552.4,2025,260100,0.0,26018.15,25500.0,25500,ATM-10,CALL,26000,2025-12-04
2025-12-04 14:52:00+05:30,506.6,514.75,506.6,514.75,975,25125,7.19,26026.15,25550.0,25500,ATM-10,CALL,26000,2025-12-04
2025-12-04 14:53:00+05:30,561.4,562.3,560.0,560.0,5400,249150,0.0,26023.0,25500.0,25500,ATM-10,CALL,26000,2025-12-04
2025-12-04 14:54:00+05:30,509.65,515.6,509.65,515.6,225,24300,8.46,26025.05,25550.0,25500,ATM-10,CALL,26000,2025-12-04
2025-12-04 14:55:00+05:30,513.4,513.4,513.4,513.4,75,24300,0.0,26029.45,25550.0,25500,ATM-10,CALL,26000,2025-12-04
2025-12-04 14:56:00+05:30,518.25,529.85,517.95,529.85,525,23925,8.3,26039.65,25550.0,25500,ATM-10,CALL,26000,2025-12-04
2025-12-04 14:57:00+05:30,525.4,527.75,525.4,527.0,225,23925,8.74,26036.45,25550.0,25500,ATM-10,CALL,26000,2025-12-04
2025-12-04 14:58:00+05:30,524.4,526.15,524.4,526.15,2100,23925,0.0,26039.35,25550.0,25500,ATM-10,CALL,26000,2025-12-04
2025-12-04 14:59:00+05:30,532.15,534.3,532.15,534.3,225,22800,8.99,26043.25,25550.0,25500,ATM-10,CALL,26000,2025-12-04
2025-12-04 15:00:00+05:30,533.65,535.9,533.65,535.8,1425,22800,0.0,26048.45,25550.0,25500,ATM-10,CALL,26000,2025-12-04
2025-12-04 15:01:00+05:30,536.1,540.7,536.1,540.7,750,22800,8.83,26050.5,25550.0,25500,ATM-10,CALL,26000,2025-12-04
2025-12-04 15:02:00+05:30,540.0,542.2,535.95,535.95,225,22350,0.0,26057.65,25550.0,25500,ATM-10,CALL,26000,2025-12-04
2025-12-04 15:03:00+05:30,535.55,535.55,535.55,535.55,75,22350,7.15,26047.5,25550.0,25500,ATM-10,CALL,26000,2025-12-04
2025-12-04 15:04:00+05:30,532.75,533.8,532.75,533.8,150,22350,0.0,26049.4,25550.0,25500,ATM-10,CALL,26000,2025-12-04
2025-12-04 15:05:00+05:30,533.6,533.6,533.6,533.6,375,22275,0.0,26052.75,25550.0,25500,ATM-10,CALL,26000,2025-12-04
2025-12-04 15:06:00+05:30,533.6,533.6,533.6,533.6,0,22275,0.0,26052.85,25550.0,25500,ATM-10,CALL,26000,2025-12-04
2025-12-04 15:07:00+05:30,535.05,535.05,531.95,531.95,525,22275,0.0,26052.95,25550.0,25500,ATM-10,CALL,26000,2025-12-04
2025-12-04 15:08:00+05:30,530.8,530.8,530.8,530.8,1650,22275,0.0,26051.35,25550.0,25500,ATM-10,CALL,26000,2025-12-04
2025-12-04 15:09:00+05:30,529.35,529.35,529.35,529.35,150,22575,0.0,26046.6,25550.0,25500,ATM-10,CALL,26000,2025-12-04
2025-12-04 15:10:00+05:30,530.0,530.0,527.4,527.4,3375,22575,0.0,26051.4,25550.0,25500,ATM-10,CALL,26000,2025-12-04
2025-12-04 15:11:00+05:30,534.0,536.8,534.0,536.7,1050,23850,0.0,26053.4,25550.0,25500,ATM-10,CALL,26000,2025-12-04
2025-12-04 15:12:00+05:30,534.85,535.4,534.65,534.65,300,23850,8.27,26045.1,25550.0,25500,ATM-10,CALL,26000,2025-12-04
2025-12-04 15:13:00+05:30,534.65,534.65,534.65,534.65,0,23850,10.39,26041.35,25550.0,25500,ATM-10,CALL,26000,2025-12-04
2025-12-04 15:14:00+05:30,530.0,530.0,530.0,530.0,75,24225,9.71,26037.7,25550.0,25500,ATM-10,CALL,26000,2025-12-04
2025-12-04 15:15:00+05:30,527.05,527.05,527.05,527.05,750,24225,9.25,26036.65,25550.0,25500,ATM-10,CALL,26000,2025-12-04
2025-12-04 15:16:00+05:30,527.05,527.05,527.05,527.05,0,24225,9.95,26032.25,25550.0,25500,ATM-10,CALL,26000,2025-12-04
2025-12-04 15:17:00+05:30,521.1,521.1,521.1,521.1,75,24225,9.89,26027.65,25550.0,25500,ATM-10,CALL,26000,2025-12-04
2025-12-04 15:18:00+05:30,517.3,517.3,517.3,517.3,75,23850,0.0,26031.0,25550.0,25500,ATM-10,CALL,26000,2025-12-04
2025-12-04 15:19:00+05:30,529.15,529.15,529.15,529.15,75,23850,7.98,26040.9,25550.0,25500,ATM-10,CALL,26000,2025-12-04
2025-12-04 15:20:00+05:30,529.15,529.15,529.15,529.15,0,23850,11.2,26032.5,25550.0,25500,ATM-10,CALL,26000,2025-12-04
2025-12-04 15:21:00+05:30,528.65,528.65,527.75,527.75,825,23850,10.86,26031.0,25550.0,25500,ATM-10,CALL,26000,2025-12-04
2025-12-04 15:22:00+05:30,577.0,577.0,574.1,574.1,2250,231825,12.07,26023.95,25500.0,25500,ATM-10,CALL,26000,2025-12-04
2025-12-04 15:23:00+05:30,527.7,527.7,527.7,527.7,0,23850,11.11,26032.1,25550.0,25500,ATM-10,CALL,26000,2025-12-04
2025-12-04 15:24:00+05:30,528.05,528.05,526.05,526.05,150,24375,10.76,26030.45,25550.0,25500,ATM-10,CALL,26000,2025-12-04
2025-12-04 15:25:00+05:30,526.05,526.05,526.05,526.05,0,24375,11.43,26026.4,25550.0,25500,ATM-10,CALL,26000,2025-12-04
2025-12-04 15:26:00+05:30,575.15,577.35,574.05,574.2,5175,224250,12.23,26023.95,25500.0,25500,ATM-10,CALL,26000,2025-12-04
2025-12-04 15:27:00+05:30,574.0,574.0,570.8,573.1,1650,224250,11.76,26018.75,25500.0,25500,ATM-10,CALL,26000,2025-12-04
2025-12-04 15:28:00+05:30,573.0,575.0,573.0,575.0,2550,224250,14.11,26015.6,25500.0,25500,ATM-10,CALL,26000,2025-12-04
2025-12-04 15:29:00+05:30,575.0,575.0,573.0,575.0,2625,223575,13.88,26017.1,25500.0,25500,ATM-10,CALL,26000,2025-12-04
2025-12-04 09:15:00+05:30,14.75,14.9,11.6,14.15,938700,1701600,10.36,25950.75,25550.0,25600,ATM-8,PUT,26000,2025-12-04
2025-12-04 09:16:00+05:30,14.7,14.7,12.9,13.1,263100,1701600,10.25,25955.15,25550.0,25600,ATM-8,PUT,26000,2025-12-04
2025-12-04 09:17:00+05:30,13.35,13.5,12.95,12.95,147825,1701600,10.27,25959.1,25550.0,25600,ATM-8,PUT,26000,2025-12-04
2025-12-04 09:18:00+05:30,12.85,13.2,12.85,13.05,115050,1729275,10.28,25958.5,25550.0,25600,ATM-8,PUT,26000,2025-12-04
2025-12-04 09:19:00+05:30,13.0,14.3,12.95,14.1,232050,1729275,10.34,25949.55,25550.0,25600,ATM-8,PUT,26000,2025-12-04
2025-12-04 09:20:00+05:30,14.2,14.2,13.55,13.8,157950,1729275,10.25,25948.6,25550.0,25600,ATM-8,PUT,26000,2025-12-04
2025-12-04 09:21:00+05:30,13.6,14.1,13.35,13.4,138600,1780050,10.33,25955.4,25550.0,25600,ATM-8,PUT,26000,2025-12-04
2025-12-04 09:22:00+05:30,13.25,13.95,13.0,13.0,100425,1780050,10.32,25961.85,25550.0,25600,ATM-8,PUT,26000,2025-12-04
2025-12-04 09:23:00+05:30,16.45,16.9,15.9,15.9,380925,5926500,10.38,25985.45,25600.0,25600,ATM-8,PUT,26000,2025-12-04
2025-12-04 09:24:00+05:30,15.95,16.2,14.7,14.7,336450,5926500,10.28,25992.65,25600.0,25600,ATM-8,PUT,26000,2025-12-04
2025-12-04 09:25:00+05:30,15.05,15.5,14.85,15.35,351150,6030225,10.17,25977.6,25600.0,25600,ATM-8,PUT,26000,2025-12-04
2025-12-04 09:26:00+05:30,15.4,15.55,14.85,15.0,166275,6030225,10.14,25979.2,25600.0,25600,ATM-8,PUT,26000,2025-12-04
2025-12-04 09:27:00+05:30,15.2,15.45,14.75,14.9,144900,6030225,10.24,25986.25,25600.0,25600,ATM-8,PUT,26000,2025-12-04
2025-12-04 09:28:00+05:30,14.95,14.95,14.35,14.45,174900,6115200,10.22,25990.8,25600.0,25600,ATM-8,PUT,26000,2025-12-04
2025-12-04 09:29:00+05:30,14.55,14.65,14.0,14.05,184275,6115200,10.23,25995.85,25600.0,25600,ATM-8,PUT,26000,2025-12-04
2025-12-04 09:30:00+05:30,14.15,14.45,13.85,14.0,188625,6115200,10.26,25997.05,25600.0,25600,ATM-8,PUT,26000,2025-12-04
2025-12-04 09:31:00+05:30,14.15,14.35,13.75,14.2,123750,6079275,10.28,25995.95,25600.0,25600,ATM-8,PUT,26000,2025-12-04
2025-12-04 09:32:00+05:30,14.2,15.1,14.05,14.65,178875,6079275,10.15,25983.85,25600.0,25600,ATM-8,PUT,26000,2025-12-04
2025-12-04 09:33:00+05:30,14.55,14.95,13.9,13.95,138750,6079275,10.17,25990.9,25600.0,25600,ATM-8,PUT,26000,2025-12-04
2025-12-04 09:34:00+05:30,14.0,14.05,13.0,13.05,190275,6063975,10.16,26000.8,25600.0,25600,ATM-8,PUT,26000,2025-12-04
2025-12-04 09:35:00+05:30,13.1,13.1,12.2,12.3,273150,6063975,10.27,26016.75,25600.0,25600,ATM-8,PUT,26000,2025-12-04
2025-12-04 09:36:00+05:30,12.3,12.4,12.05,12.25,286200,6063975,10.32,26021.3,25600.0,25600,ATM-8,PUT,26000,2025-12-04
2025-12-04 09:37:00+05:30,15.5,15.7,15.1,15.3,187950,2164875,10.11,26025.25,25650.0,25600,ATM-8,PUT,26000,2025-12-04
2025-12-04 09:38:00+05:30,12.05,12.5,12.0,12.5,150300,6000600,10.32,26018.65,25600.0,25600,ATM-8,PUT,26000,2025-12-04
2025-12-04 09:39:00+05:30,12.55,12.7,12.3,12.5,176325,6000600,10.25,26013.45,25600.0,25600,ATM-8,PUT,26000,2025-12-04
2025-12-04 09:40:00+05:30,12.5,13.7,12.4,13.1,187725,5933625,10.2,26003.5,25600.0,25600,ATM-8,PUT,26000,2025-12-04
2025-12-04 09:41:00+05:30,13.1,13.4,12.8,12.8,122925,5933625,10.19,26004.5,25600.0,25600,ATM-8,PUT,26000,2025-12-04
2025-12-04 09:42:00+05:30,12.75,12.8,12.2,12.55,154875,5933625,10.24,26011.85,25600.0,25600,ATM-8,PUT,26000,2025-12-04
2025-12-04 09:43:00+05:30,12.55,12.65,12.2,12.25,101400,5914500,10.26,26016.45,25600.0,25600,ATM-8,PUT,26000,2025-12-04
2025-12-04 09:44:00+05:30,15.45,15.55,14.65,14.9,138525,2132175,10.08,26028.15,25650.0,25600,ATM-8,PUT,26000,2025-12-04
2025-12-04 09:45:00+05:30,15.05,15.25,14.9,15.25,151275,2132175,10.1,26025.2,25650.0,25600,ATM-8,PUT,26000,2025-12-04
2025-12-04 09:46:00+05:30,12.05,12.1,11.65,12.0,93525,5919150,10.3,26021.95,25600.0,25600,ATM-8,PUT,26000,2025-12-04
2025-12-04 09:47:00+05:30,12.0,12.15,11.7,12.0,92925,5919150,10.29,26021.05,25600.0,25600,ATM-8,PUT,26000,2025-12-04
2025-12-04 09:48:00+05:30,12.0,12.15,11.9,11.95,50175,5919150,10.23,26017.6,25600.0,25600,ATM-8,PUT,26000,2025-12-04
2025-12-04 09:49:00+05:30,11.9,12.35,11.8,12.15,147600,5944425,10.22,26016.3,25600.0,25600,ATM-8,PUT,26000,2025-12-04
2025-12-04 09:50:00+05:30,12.15,12.35,11.95,12.05,70725,5944425,10.33,26022.5,25600.0,25600,ATM-8,PUT,26000,2025-12-04
2025-12-04 09:51:00+05:30,15.35,15.6,15.2,15.25,24600,2088300,10.11,26025.1,25650.0,25600,ATM-8,PUT,26000,2025-12-04
2025-12-04 09:52:00+05:30,15.3,15.45,14.4,14.55,114600,2074350,10.11,26032.8,25650.0,25600,ATM-8,PUT,26000,2025-12-04
2025-12-04 09:53:00+05:30,14.7,15.2,14.55,15.15,137475,2074350,10.11,26025.9,25650.0,25600,ATM-8,PUT,26000,2025-12-04
2025-12-04 09:54:00+05:30,15.2,15.45,14.9,15.0,68025,2074350,10.11,26027.9,25650.0,25600,ATM-8,PUT,26000,2025-12-04
2025-12-04 09:55:00+05:30,15.0,15.0,14.75,14.8,24900,2052900,10.16,26032.45,25650.0,25600,ATM-8,PUT,26000,2025-12-04
2025-12-04 09:56:00+05:30,14.85,15.0,14.7,14.85,21900,2052900,10.19,26033.35,25650.0,25600,ATM-8,PUT,26000,2025-12-04
2025-12-04 09:57:00+05:30,14.75,15.2,14.75,15.0,67050,2052900,10.15,26028.75,25650.0,25600,ATM-8,PUT,26000,2025-12-04
2025-12-04 09:58:00+05:30,15.0,15.25,14.5,14.75,61725,2067825,10.13,26031.05,25650.0,25600,ATM-8,PUT,26000,2025-12-04
2025-12-04 09:59:00+05:30,14.75,15.15,14.7,14.95,20250,2067825,10.13,26028.3,25650.0,25600,ATM-8,PUT,26000,2025-12-04
2025-12-04 10:00:00+05:30,14.9,15.1,14.75,14.85,27525,2067825,10.17,26031.75,25650.0,25600,ATM-8,PUT,26000,2025-12-04
2025-12-04 10:01:00+05:30,14.8,15.3,14.65,15.25,25050,2069100,10.17,26028.35,25650.0,25600,ATM-8,PUT,26000,2025-12-04
2025-12-04 10:02:00+05:30,15.25,15.6,14.85,15.35,36000,2069100,10.18,26027.3,25650.0,25600,ATM-8,PUT,26000,2025-12-04
2025-12-04 10:03:00+05:30,15.25,15.75,14.95,14.95,57300,2069100,10.09,26026.65,25650.0,25600,ATM-8,PUT,26000,2025-12-04
2025-12-04 10:04:00+05:30,14.95,15.4,14.95,15.3,39525,2082150,10.13,26025.05,25650.0,25600,ATM-8,PUT,26000,2025-12-04
2025-12-04 10:05:00+05:30,12.05,12.3,11.9,12.15,71325,6153075,10.36,26021.85,25600.0,25600,ATM-8,PUT,26000,2025-12-04
2025-12-04 10:06:00+05:30,15.4,15.4,14.65,14.75,60300,2082150,10.13,26031.9,25650.0,25600,ATM-8,PUT,26000,2025-12-04
2025-12-04 10:07:00+05:30,14.7,14.8,13.75,13.85,276825,2066700,10.09,26039.6,25650.0,25600,ATM-8,PUT,26000,2025-12-04
2025-12-04 10:08:00+05:30,13.95,14.25,13.85,14.1,65550,2066700,10.1,26036.25,25650.0,25600,ATM-8,PUT,26000,2025-12-04
2025-12-04 10:09:00+05:30,14.2,15.15,14.15,15.05,107625,2066700,10.1,26027.5,25650.0,25600,ATM-8,PUT,26000,2025-12-04
2025-12-04 10:10:00+05:30,14.95,15.15,14.85,14.95,43725,2038050,10.11,26029.0,25650.0,25600,ATM-8,PUT,26000,2025-12-04
2025-12-04 10:11:00+05:30,14.9,15.2,14.65,14.75,46500,2038050,10.1,26029.15,25650.0,25600,ATM-8,PUT,26000,2025-12-04
2025-12-04 10:12:00+05:30,14.65,14.65,14.25,14.35,60675,2038050,10.1,26034.35,25650.0,25600,ATM-8,PUT,26000,2025-12-04
2025-12-04 10:13:00+05:30,14.3,14.35,13.9,14.2,40350,2047875,10.19,26040.35,25650.0,25600,ATM-8,PUT,26000,2025-12-04
2025-12-04 10:14:00+05:30,14.25,14.25,13.55,13.9,54600,2047875,10.17,26042.75,25650.0,25600,ATM-8,PUT,26000,2025-12-04
2025-12-04 10:15:00+05:30,13.9,13.95,13.7,13.8,47025,2047875,10.16,26042.45,25650.0,25600,ATM-8,PUT,26000,2025-12-04
2025-12-04 10:16:00+05:30,13.85,14.1,13.65,13.85,80175,2064900,10.16,26043.45,25650.0,25600,ATM-8,PUT,26000,2025-12-04
2025-12-04 10:17:00+05:30,13.85,14.15,13.75,14.1,38475,2064900,10.14,26038.1,25650.0,25600,ATM-8,PUT,26000,2025-12-04
2025-12-04 10:18:00+05:30,14.1,14.1,13.6,13.65,43800,2064900,10.09,26043.7,25650.0,25600,ATM-8,PUT,26000,2025-12-04
2025-12-04 10:19:00+05:30,13.7,13.75,13.0,13.25,114600,2060325,10.13,26046.55,25650.0,25600,ATM-8,PUT,26000,2025-12-04
2025-12-04 10:20:00+05:30,13.2,13.6,13.15,13.5,310050,2060325,10.19,26048.05,25650.0,25600,ATM-8,PUT,26000,2025-12-04
2025-12-04 10:21:00+05:30,13.55,13.55,12.85,13.0,95100,2060325,10.16,26052.55,25650.0,25600,ATM-8,PUT,26000,2025-12-04
2025-12-04 10:22:00+05:30,13.0,13.1,12.6,13.05,181350,2003625,10.11,26049.05,25650.0,25600,ATM-8,PUT,26000,2025-12-04
2025-12-04 10:23:00+05:30,13.05,13.25,12.75,12.75,53025,2003625,10.08,26050.05,25650.0,25600,ATM-8,PUT,26000,2025-12-04
2025-12-04 10:24:00+05:30,12.75,13.0,12.75,12.9,30075,2003625,10.11,26050.55,25650.0,25600,ATM-8,PUT,26000,2025-12-04
2025-12-04 10:25:00+05:30,12.8,12.9,12.6,12.6,80850,2039625,10.13,26055.15,25650.0,25600,ATM-8,PUT,26000,2025-12-04
2025-12-04 10:26:00+05:30,12.6,12.7,12.3,12.5,90525,2039625,10.15,26056.0,25650.0,25600,ATM-8,PUT,26000,2025-12-04
2025-12-04 10:27:00+05:30,12.45,12.55,12.25,12.3,39525,2039625,10.11,26057.25,25650.0,25600,ATM-8,PUT,26000,2025-12-04
2025-12-04 10:28:00+05:30,12.35,12.35,11.65,11.7,108375,2051100,10.13,26065.4,25650.0,25600,ATM-8,PUT,26000,2025-12-04
2025-12-04 10:29:00+05:30,14.75,14.95,14.15,14.35,310575,5848350,9.99,26078.9,25700.0,25600,ATM-8,PUT,26000,2025-12-04
2025-12-04 10:30:00+05:30,14.4,14.7,14.25,14.6,363000,5848350,10.05,26078.7,25700.0,25600,ATM-8,PUT,26000,2025-12-04
2025-12-04 10:31:00+05:30,14.6,14.6,14.0,14.15,312300,5759850,10.09,26085.9,25700.0,25600,ATM-8,PUT,26000,2025-12-04
2025-12-04 10:32:00+05:30,14.1,14.35,13.8,14.35,362700,5759850,10.05,26082.25,25700.0,25600,ATM-8,PUT,26000,2025-12-04
2025-12-04 10:33:00+05:30,14.25,14.45,14.15,14.2,181800,5759850,9.96,26078.05,25700.0,25600,ATM-8,PUT,26000,2025-12-04
2025-12-04 10:34:00+05:30,14.2,14.25,13.75,13.75,270600,5639700,10.0,26084.65,25700.0,25600,ATM-8,PUT,26000,2025-12-04
2025-12-04 10:35:00+05:30,13.8,13.9,13.4,13.65,295725,5639700,10.04,26087.7,25700.0,25600,ATM-8,PUT,26000,2025-12-04
2025-12-04 10:36:00+05:30,13.65,13.65,13.45,13.55,225150,5639700,10.11,26092.35,25700.0,25600,ATM-8,PUT,26000,2025-12-04
2025-12-04 10:37:00+05:30,13.6,13.7,13.5,13.55,214275,5597475,10.15,26094.9,25700.0,25600,ATM-8,PUT,26000,2025-12-04
2025-12-04 10:38:00+05:30,13.6,13.65,13.4,13.5,190725,5597475,10.05,26090.8,25700.0,25600,ATM-8,PUT,26000,2025-12-04
2025-12-04 10:39:00+05:30,13.45,13.8,13.45,13.7,145125,5597475,10.07,26089.6,25700.0,25600,ATM-8,PUT,26000,2025-12-04
2025-12-04 10:40:00+05:30,13.7,13.75,13.35,13.65,344025,5651400,10.08,26090.65,25700.0,25600,ATM-8,PUT,26000,2025-12-04
2025-12-04 10:41:00+05:30,13.7,13.75,13.4,13.5,103500,5651400,10.11,26093.2,25700.0,25600,ATM-8,PUT,26000,2025-12-04
2025-12-04 10:42:00+05:30,13.45,13.6,13.25,13.45,167700,5651400,10.11,26093.55,25700.0,25600,ATM-8,PUT,26000,2025-12-04
2025-12-04 10:43:00+05:30,13.5,13.6,13.3,13.45,115500,5574825,10.11,26094.6,25700.0,25600,ATM-8,PUT,26000,2025-12-04
2025-12-04 10:44:00+05:30,13.5,13.75,13.35,13.65,76200,5574825,10.13,26092.7,25700.0,25600,ATM-8,PUT,26000,2025-12-04
2025-12-04 10:45:00+05:30,13.65,13.8,13.6,13.75,117075,5574825,10.19,26097.1,25700.0,25600,ATM-8,PUT,26000,2025-12-04
2025-12-04 10:46:00+05:30,13.75,13.95,13.65,13.85,70800,5564850,10.19,26094.7,25700.0,25600,ATM-8,PUT,26000,2025-12-04
2025-12-04 10:47:00+05:30,13.85,13.95,13.75,13.95,124425,5564850,10.11,26089.9,25700.0,25600,ATM-8,PUT,26000,2025-12-04
2025-12-04 10:48:00+05:30,14.0,14.15,13.85,13.9,142875,5564850,10.09,26087.8,25700.0,25600,ATM-8,PUT,26000,2025-12-04
2025-12-04 10:49:00+05:30,13.9,14.1,13.85,14.0,85350,5555475,10.05,26083.4,25700.0,25600,ATM-8,PUT,26000,2025-12-04
2025-12-04 10:50:00+05:30,13.95,14.05,13.9,13.95,75600,5555475,10.01,26082.9,25700.0,25600,ATM-8,PUT,26000,2025-12-04
2025-12-04 10:51:00+05:30,14.0,14.0,13.8,13.9,59250,5555475,10.02,26084.25,25700.0,25600,ATM-8,PUT,26000,2025-12-04
2025-12-04 10:52:00+05:30,13.8,13.95,13.75,13.85,124875,5560350,10.0,26082.75,25700.0,25600,ATM-8,PUT,26000,2025-12-04
2025-12-04 10:53:00+05:30,13.85,14.1,13.85,13.9,109575,5560350,9.94,26079.6,25700.0,25600,ATM-8,PUT,26000,2025-12-04
2025-12-04 10:54:00+05:30,13.9,13.9,13.75,13.8,63750,5560350,9.92,26078.05,25700.0,25600,ATM-8,PUT,26000,2025-12-04
2025-12-04 10:55:00+05:30,13.85,13.85,13.55,13.55,56925,5565075,9.89,26079.2,25700.0,25600,ATM-8,PUT,26000,2025-12-04
2025-12-04 10:56:00+05:30,13.55,13.8,13.5,13.6,81975,5565075,9.86,26078.4,25700.0,25600,ATM-8,PUT,26000,2025-12-04
2025-12-04 10:57:00+05:30,13.6,13.75,13.45,13.5,91425,5565075,9.91,26080.95,25700.0,25600,ATM-8,PUT,26000,2025-12-04
2025-12-04 10:58:00+05:30,13.45,13.5,13.1,13.3,151200,5532300,9.93,26085.5,25700.0,25600,ATM-8,PUT,26000,2025-12-04
2025-12-04 10:59:00+05:30,13.35,14.0,13.25,13.95,131625,5532300,9.91,26075.5,25700.0,25600,ATM-8,PUT,26000,2025-12-04
2025-12-04 11:00:00+05:30,13.95,14.0,13.8,13.9,122625,5532300,9.94,26076.55,25700.0,25600,ATM-8,PUT,26000,2025-12-04
2025-12-04 11:01:00+05:30,13.9,13.9,13.55,13.85,57975,5479575,9.94,26079.6,25700.0,25600,ATM-8,PUT,26000,2025-12-04
2025-12-04 11:02:00+05:30,13.75,13.85,13.55,13.8,64200,5479575,9.96,26082.1,25700.0,25600,ATM-8,PUT,26000,2025-12-04
2025-12-04 11:03:00+05:30,13.8,13.8,13.5,13.75,51600,5479575,9.98,26082.65,25700.0,25600,ATM-8,PUT,26000,2025-12-04
2025-12-04 11:04:00+05:30,13.7,13.75,13.35,13.5,50325,5481375,9.93,26083.0,25700.0,25600,ATM-8,PUT,26000,2025-12-04
2025-12-04 11:05:00+05:30,13.55,13.65,13.45,13.45,31200,5481375,9.92,26082.95,25700.0,25600,ATM-8,PUT,26000,2025-12-04
2025-12-04 11:06:00+05:30,13.4,13.6,13.3,13.55,44475,5481375,9.95,26083.9,25700.0,25600,ATM-8,PUT,26000,2025-12-04
2025-12-04 11:07:00+05:30,13.5,13.8,13.5,13.7,78600,5436675,9.95,26080.6,25700.0,25600,ATM-8,PUT,26000,2025-12-04
2025-12-04 11:08:00+05:30,13.7,13.95,13.65,13.95,58200,5436675,9.92,26076.7,25700.0,25600,ATM-8,PUT,26000,2025-12-04
2025-12-04 11:09:00+05:30,11.1,11.1,10.9,11.0,73875,2394150,10.15,26074.7,25650.0,25600,ATM-8,PUT,26000,2025-12-04
2025-12-04 11:10:00+05:30,13.9,13.95,13.7,13.75,148350,5451750,9.86,26076.0,25700.0,25600,ATM-8,PUT,26000,2025-12-04
2025-12-04 11:11:00+05:30,10.8,11.0,10.8,10.95,42000,2387700,10.11,26073.2,25650.0,25600,ATM-8,PUT,26000,2025-12-04
2025-12-04 11:12:00+05:30,10.95,11.1,10.85,11.1,80250,2387700,10.14,26073.0,25650.0,25600,ATM-8,PUT,26000,2025-12-04
2025-12-04 11:13:00+05:30,11.1,11.15,10.95,10.95,72375,2423925,10.08,26070.4,25650.0,25600,ATM-8,PUT,26000,2025-12-04
2025-12-04 11:14:00+05:30,14.0,14.0,13.7,13.75,67650,5458950,9.89,26077.05,25700.0,25600,ATM-8,PUT,26000,2025-12-04
2025-12-04 11:15:00+05:30,10.85,11.05,10.85,11.05,42150,2423925,10.11,26070.5,25650.0,25600,ATM-8,PUT,26000,2025-12-04
2025-12-04 11:16:00+05:30,10.95,11.0,10.85,10.9,64275,2455800,10.11,26073.05,25650.0,25600,ATM-8,PUT,26000,2025-12-04
2025-12-04 11:17:00+05:30,13.85,14.05,13.75,13.8,86775,5386125,9.86,26075.6,25700.0,25600,ATM-8,PUT,26000,2025-12-04
2025-12-04 11:18:00+05:30,10.9,11.2,10.8,11.05,63000,2455800,10.08,26068.0,25650.0,25600,ATM-8,PUT,26000,2025-12-04
2025-12-04 11:19:00+05:30,11.05,11.05,10.85,10.9,75975,2505825,10.05,26070.3,25650.0,25600,ATM-8,PUT,26000,2025-12-04
2025-12-04 11:20:00+05:30,10.95,11.2,10.95,11.05,84225,2505825,10.02,26065.55,25650.0,25600,ATM-8,PUT,26000,2025-12-04
2025-12-04 11:21:00+05:30,11.05,11.1,10.85,10.95,52650,2505825,10.05,26068.1,25650.0,25600,ATM-8,PUT,26000,2025-12-04
2025-12-04 11:22:00+05:30,11.0,11.1,10.85,10.95,56175,2505900,10.07,26069.4,25650.0,25600,ATM-8,PUT,26000,2025-12-04
2025-12-04 11:23:00+05:30,10.85,11.2,10.85,11.15,64275,2505900,10.0,26064.3,25650.0,25600,ATM-8,PUT,26000,2025-12-04
2025-12-04 11:24:00+05:30,11.2,11.35,11.0,11.1,62550,2505900,10.01,26063.15,25650.0,25600,ATM-8,PUT,26000,2025-12-04
2025-12-04 11:25:00+05:30,11.1,11.1,10.95,10.95,61650,2543475,10.04,26067.9,25650.0,25600,ATM-8,PUT,26000,2025-12-04
2025-12-04 11:26:00+05:30,11.0,11.25,11.0,11.15,38925,2543475,10.05,26066.15,25650.0,25600,ATM-8,PUT,26000,2025-12-04
2025-12-04 11:27:00+05:30,11.1,11.5,11.05,11.4,50925,2543475,10.05,26063.35,25650.0,25600,ATM-8,PUT,26000,2025-12-04
2025-12-04 11:28:00+05:30,11.4,11.6,11.3,11.4,32625,2553075,10.05,26062.6,25650.0,25600,ATM-8,PUT,26000,2025-12-04
2025-12-04 11:29:00+05:30,11.4,11.45,11.25,11.4,28050,2553075,9.96,26060.6,25650.0,25600,ATM-8,PUT,26000,2025-12-04
2025-12-04 11:30:00+05:30,11.7,11.8,11.4,11.45,114225,2553075,10.04,26060.35,25650.0,25600,ATM-8,PUT,26000,2025-12-04
2025-12-04 11:31:00+05:30,11.45,11.6,11.15,11.5,63900,2561025,10.02,26060.0,25650.0,25600,ATM-8,PUT,26000,2025-12-04
2025-12-04 11:32:00+05:30,11.55,11.7,11.45,11.55,41250,2561025,10.05,26060.25,25650.0,25600,ATM-8,PUT,26000,2025-12-04
2025-12-04 11:33:00+05:30,11.55,11.6,11.3,11.5,38325,2561025,10.07,26063.2,25650.0,25600,ATM-8,PUT,26000,2025-12-04
2025-12-04 11:34:00+05:30,11.5,11.65,11.35,11.55,36825,2587125,10.07,26061.3,25650.0,25600,ATM-8,PUT,26000,2025-12-04
2025-12-04 11:35:00+05:30,11.5,11.6,11.4,11.45,20025,2587125,10.04,26060.7,25650.0,25600,ATM-8,PUT,26000,2025-12-04
2025-12-04 11:36:00+05:30,11.4,11.55,11.2,11.35,30600,2587125,10.0,26060.55,25650.0,25600,ATM-8,PUT,26000,2025-12-04
2025-12-04 11:37:00+05:30,11.35,11.9,11.35,11.85,38175,2586675,10.0,26052.9,25650.0,25600,ATM-8,PUT,26000,2025-12-04
2025-12-04 11:38:00+05:30,11.75,13.0,11.55,12.5,167700,2586675,9.89,26039.35,25650.0,25600,ATM-8,PUT,26000,2025-12-04
2025-12-04 11:39:00+05:30,12.45,12.7,12.35,12.55,143250,2586675,9.82,26034.75,25650.0,25600,ATM-8,PUT,26000,2025-12-04
2025-12-04 11:40:00+05:30,12.5,12.55,12.1,12.2,105900,2579175,9.83,26038.15,25650.0,25600,ATM-8,PUT,26000,2025-12-04
2025-12-04 11:41:00+05:30,12.2,13.05,12.15,13.05,81375,2579175,9.92,26033.45,25650.0,25600,ATM-8,PUT,26000,2025-12-04
2025-12-04 11:42:00+05:30,12.95,13.25,12.75,13.15,133725,2579175,9.83,26028.2,25650.0,25600,ATM-8,PUT,26000,2025-12-04
2025-12-04 11:43:00+05:30,10.25,10.65,10.15,10.55,499950,7054575,10.08,26023.45,25600.0,25600,ATM-8,PUT,26000,2025-12-04
2025-12-04 11:44:00+05:30,13.35,13.4,12.95,13.1,81750,2621475,9.8,26028.8,25650.0,25600,ATM-8,PUT,26000,2025-12-04
2025-12-04 11:45:00+05:30,10.4,11.2,10.3,11.05,195600,7054575,10.04,26015.15,25600.0,25600,ATM-8,PUT,26000,2025-12-04
2025-12-04 11:46:00+05:30,14.0,14.2,13.25,13.4,153300,2597775,9.83,26025.5,25650.0,25600,ATM-8,PUT,26000,2025-12-04
2025-12-04 11:47:00+05:30,13.35,13.45,13.15,13.25,75825,2597775,9.85,26028.45,25650.0,25600,ATM-8,PUT,26000,2025-12-04
2025-12-04 11:48:00+05:30,13.3,13.65,13.1,13.35,87825,2597775,9.86,26025.95,25650.0,25600,ATM-8,PUT,26000,2025-12-04
2025-12-04 11:49:00+05:30,13.3,13.6,12.9,13.0,114300,2591850,9.86,26031.3,25650.0,25600,ATM-8,PUT,26000,2025-12-04
2025-12-04 11:50:00+05:30,13.05,13.25,12.95,12.95,107250,2591850,9.81,26029.6,25650.0,25600,ATM-8,PUT,26000,2025-12-04
2025-12-04 11:51:00+05:30,10.35,10.85,10.35,10.6,116475,7002600,10.09,26022.9,25600.0,25600,ATM-8,PUT,26000,2025-12-04
2025-12-04 11:52:00+05:30,10.65,10.8,10.45,10.7,81900,7022925,10.08,26021.9,25600.0,25600,ATM-8,PUT,26000,2025-12-04
2025-12-04 11:53:00+05:30,10.7,10.85,10.6,10.8,68850,7022925,10.05,26018.35,25600.0,25600,ATM-8,PUT,26000,2025-12-04
2025-12-04 11:54:00+05:30,10.9,11.0,10.7,10.9,132900,7022925,10.05,26016.7,25600.0,25600,ATM-8,PUT,26000,2025-12-04
2025-12-04 11:55:00+05:30,13.85,13.85,13.1,13.2,57375,2608650,9.82,26028.1,25650.0,25600,ATM-8,PUT,26000,2025-12-04
2025-12-04 11:56:00+05:30,13.2,13.35,13.15,13.3,65025,2608650,9.83,26025.15,25650.0,25600,ATM-8,PUT,26000,2025-12-04
2025-12-04 11:57:00+05:30,10.6,10.75,10.45,10.7,117750,7015275,10.11,26022.55,25600.0,25600,ATM-8,PUT,26000,2025-12-04
2025-12-04 11:58:00+05:30,10.7,10.9,10.65,10.75,49050,7035375,10.07,26020.0,25600.0,25600,ATM-8,PUT,26000,2025-12-04
2025-12-04 11:59:00+05:30,10.75,10.8,10.55,10.55,49650,7035375,10.09,26024.0,25600.0,25600,ATM-8,PUT,26000,2025-12-04
2025-12-04 12:00:00+05:30,10.6,10.7,10.35,10.65,45975,7035375,10.11,26024.55,25600.0,25600,ATM-8,PUT,26000,2025-12-04
2025-12-04 12:01:00+05:30,10.65,10.7,10.45,10.55,338325,7216875,10.13,26024.9,25600.0,25600,ATM-8,PUT,26000,2025-12-04
2025-12-04 12:02:00+05:30,10.55,10.7,10.2,10.7,149625,7216875,10.11,26024.6,25600.0,25600,ATM-8,PUT,26000,2025-12-04
2025-12-04 12:03:00+05:30,13.25,13.3,12.65,12.65,132975,2623050,9.77,26031.4,25650.0,25600,ATM-8,PUT,26000,2025-12-04
2025-12-04 12:04:00+05:30,12.65,12.65,12.25,12.35,74550,2704425,9.77,26032.65,25650.0,25600,ATM-8,PUT,26000,2025-12-04
2025-12-04 12:05:00+05:30,12.4,12.45,11.9,12.1,76650,2704425,9.82,26038.45,25650.0,25600,ATM-8,PUT,26000,2025-12-04
2025-12-04 12:06:00+05:30,12.15,12.4,12.1,12.3,51075,2704425,9.77,26035.45,25650.0,25600,ATM-8,PUT,26000,2025-12-04
2025-12-04 12:07:00+05:30,12.3,12.35,11.5,11.55,65700,2685900,9.75,26040.6,25650.0,25600,ATM-8,PUT,26000,2025-12-04
2025-12-04 12:08:00+05:30,11.55,11.55,11.35,11.45,53850,2685900,9.74,26042.85,25650.0,25600,ATM-8,PUT,26000,2025-12-04
2025-12-04 12:09:00+05:30,11.4,12.55,11.4,12.35,59550,2685900,9.73,26032.0,25650.0,25600,ATM-8,PUT,26000,2025-12-04
2025-12-04 12:10:00+05:30,12.35,12.7,12.3,12.55,74475,2678775,9.68,26027.7,25650.0,25600,ATM-8,PUT,26000,2025-12-04
2025-12-04 12:11:00+05:30,9.9,10.15,9.85,10.15,146700,6756600,9.99,26023.8,25600.0,25600,ATM-8,PUT,26000,2025-12-04
2025-12-04 12:12:00+05:30,12.85,13.1,12.5,12.55,71175,2678775,9.7,26027.3,25650.0,25600,ATM-8,PUT,26000,2025-12-04
2025-12-04 12:13:00+05:30,12.6,12.6,12.15,12.4,64500,2692125,9.68,26026.8,25650.0,25600,ATM-8,PUT,26000,2025-12-04
2025-12-04 12:14:00+05:30,12.35,12.35,12.05,12.3,44550,2692125,9.66,26028.15,25650.0,25600,ATM-8,PUT,26000,2025-12-04
2025-12-04 12:15:00+05:30,9.7,10.25,9.7,10.2,79950,6748800,9.92,26017.8,25600.0,25600,ATM-8,PUT,26000,2025-12-04
2025-12-04 12:16:00+05:30,10.2,10.3,9.9,10.0,72300,6772425,9.92,26021.65,25600.0,25600,ATM-8,PUT,26000,2025-12-04
2025-12-04 12:17:00+05:30,10.0,10.0,9.75,9.95,55575,6772425,9.94,26023.0,25600.0,25600,ATM-8,PUT,26000,2025-12-04
2025-12-04 12:18:00+05:30,10.0,10.1,9.85,9.9,55800,6772425,9.92,26022.65,25600.0,25600,ATM-8,PUT,26000,2025-12-04
2025-12-04 12:19:00+05:30,9.95,10.25,9.85,10.1,33150,6768300,9.89,26018.15,25600.0,25600,ATM-8,PUT,26000,2025-12-04
2025-12-04 12:20:00+05:30,10.1,10.75,10.0,10.75,138525,6768300,9.85,26006.95,25600.0,25600,ATM-8,PUT,26000,2025-12-04
2025-12-04 12:21:00+05:30,10.8,10.85,10.3,10.3,141750,6768300,9.83,26012.15,25600.0,25600,ATM-8,PUT,26000,2025-12-04
2025-12-04 12:22:00+05:30,10.25,10.5,10.25,10.25,140475,6741900,9.89,26015.1,25600.0,25600,ATM-8,PUT,26000,2025-12-04
2025-12-04 12:23:00+05:30,10.25,10.25,10.0,10.05,148200,6741900,9.85,26015.85,25600.0,25600,ATM-8,PUT,26000,2025-12-04
2025-12-04 12:24:00+05:30,10.15,10.15,9.95,9.95,194100,6741900,9.9,26019.5,25600.0,25600,ATM-8,PUT,26000,2025-12-04
2025-12-04 12:25:00+05:30,9.85,10.0,9.65,9.65,70275,6664575,9.91,26024.4,25600.0,25600,ATM-8,PUT,26000,2025-12-04
2025-12-04 12:26:00+05:30,9.7,9.85,9.6,9.65,113250,6664575,9.9,26024.5,25600.0,25600,ATM-8,PUT,26000,2025-12-04
2025-12-04 12:27:00+05:30,12.5,12.7,12.35,12.45,50625,2669400,9.66,26025.65,25650.0,25600,ATM-8,PUT,26000,2025-12-04
2025-12-04 12:28:00+05:30,12.45,12.5,11.85,11.85,255450,2590800,9.6,26028.9,25650.0,25600,ATM-8,PUT,26000,2025-12-04
2025-12-04 12:29:00+05:30,9.4,9.95,9.3,9.75,181275,6636300,9.91,26024.25,25600.0,25600,ATM-8,PUT,26000,2025-12-04
2025-12-04 12:30:00+05:30,12.55,12.75,12.25,12.3,30450,2590800,9.64,26026.8,25650.0,25600,ATM-8,PUT,26000,2025-12-04
2025-12-04 12:31:00+05:30,12.35,12.6,12.2,12.55,38025,2592750,9.7,26025.35,25650.0,25600,ATM-8,PUT,26000,2025-12-04
2025-12-04 12:32:00+05:30,9.75,9.85,9.65,9.75,33600,6630375,9.92,26024.35,25600.0,25600,ATM-8,PUT,26000,2025-12-04
2025-12-04 12:33:00+05:30,12.5,12.5,12.25,12.25,51300,2592750,9.69,26029.0,25650.0,25600,ATM-8,PUT,26000,2025-12-04
2025-12-04 12:34:00+05:30,12.25,12.5,12.2,12.4,27975,2603775,9.69,26025.9,25650.0,25600,ATM-8,PUT,26000,2025-12-04
2025-12-04 12:35:00+05:30,12.45,12.45,12.2,12.25,18375,2603775,9.68,26027.9,25650.0,25600,ATM-8,PUT,26000,2025-12-04
2025-12-04 12:36:00+05:30,12.25,12.4,12.2,12.2,7500,2603775,9.62,26026.05,25650.0,25600,ATM-8,PUT,26000,2025-12-04
2025-12-04 12:37:00+05:30,9.45,9.75,9.45,9.6,42525,6631575,9.92,26025.0,25600.0,25600,ATM-8,PUT,26000,2025-12-04
2025-12-04 12:38:00+05:30,12.45,12.6,12.15,12.2,38100,2606475,9.65,26026.65,25650.0,25600,ATM-8,PUT,26000,2025-12-04
2025-12-04 12:39:00+05:30,9.5,9.55,9.35,9.55,25050,6631575,9.89,26023.95,25600.0,25600,ATM-8,PUT,26000,2025-12-04
2025-12-04 12:40:00+05:30,9.5,9.7,9.45,9.55,67275,6631575,9.89,26025.0,25600.0,25600,ATM-8,PUT,26000,2025-12-04
2025-12-04 12:41:00+05:30,9.55,9.75,9.45,9.75,38475,6615150,9.89,26023.6,25600.0,25600,ATM-8,PUT,26000,2025-12-04
2025-12-04 12:42:00+05:30,9.75,10.0,9.7,10.0,54525,6615150,9.86,26017.2,25600.0,25600,ATM-8,PUT,26000,2025-12-04
2025-12-04 12:43:00+05:30,9.95,10.1,9.9,10.05,114225,6626100,9.8,26012.5,25600.0,25600,ATM-8,PUT,26000,2025-12-04
2025-12-04 12:44:00+05:30,10.0,10.2,9.95,10.05,53775,6626100,9.77,26009.55,25600.0,25600,ATM-8,PUT,26000,2025-12-04
2025-12-04 12:45:00+05:30,10.05,10.05,10.05,10.05,0,6626100,9.77,25992.1,25600.0,25600,ATM-8,PUT,26000,2025-12-04
2025-12-04 12:46:00+05:30,11.1,11.1,10.5,10.7,146475,6680700,9.6,25990.7,25600.0,25600,ATM-8,PUT,26000,2025-12-04
2025-12-04 12:47:00+05:30,10.75,10.75,10.2,10.35,150300,6680700,9.66,26000.85,25600.0,25600,ATM-8,PUT,26000,2025-12-04
2025-12-04 12:48:00+05:30,10.45,10.85,10.3,10.75,433575,6680700,9.71,25997.05,25600.0,25600,ATM-8,PUT,26000,2025-12-04
2025-12-04 12:49:00+05:30,10.8,11.0,10.55,10.9,326700,6680700,9.68,25993.35,25600.0,25600,ATM-8,PUT,26000,2025-12-04
2025-12-04 12:50:00+05:30,10.95,10.95,10.6,10.8,92625,6572925,9.69,25994.45,25600.0,25600,ATM-8,PUT,26000,2025-12-04
2025-12-04 12:51:00+05:30,10.75,11.0,10.7,11.0,106725,6572925,9.73,25995.5,25600.0,25600,ATM-8,PUT,26000,2025-12-04
2025-12-04 12:52:00+05:30,10.95,11.6,10.95,11.3,162300,6572925,9.74,25991.55,25600.0,25600,ATM-8,PUT,26000,2025-12-04
2025-12-04 12:53:00+05:30,11.3,11.45,11.0,11.15,58575,6569250,9.77,25993.85,25600.0,25600,ATM-8,PUT,26000,2025-12-04
2025-12-04 12:54:00+05:30,11.15,11.25,10.95,11.15,62475,6569250,9.71,25992.85,25600.0,25600,ATM-8,PUT,26000,2025-12-04
2025-12-04 12:55:00+05:30,11.2,11.2,10.6,10.6,104850,6569250,9.8,26004.5,25600.0,25600,ATM-8,PUT,26000,2025-12-04
2025-12-04 12:56:00+05:30,10.65,10.9,10.55,10.65,86025,6581325,9.82,26005.95,25600.0,25600,ATM-8,PUT,26000,2025-12-04
2025-12-04 12:57:00+05:30,10.75,10.8,10.5,10.6,47625,6581325,9.82,26005.95,25600.0,25600,ATM-8,PUT,26000,2025-12-04
2025-12-04 12:58:00+05:30,10.65,11.1,10.55,10.85,72750,6581325,9.82,26004.05,25600.0,25600,ATM-8,PUT,26000,2025-12-04
2025-12-04 12:59:00+05:30,10.85,10.95,10.75,10.9,22425,6594075,9.83,26002.4,25600.0,25600,ATM-8,PUT,26000,2025-12-04
2025-12-04 13:00:00+05:30,11.05,11.3,10.9,11.0,71625,6594075,9.82,26001.85,25600.0,25600,ATM-8,PUT,26000,2025-12-04
2025-12-04 13:01:00+05:30,11.0,11.0,10.8,10.8,43575,6594075,9.84,26004.2,25600.0,25600,ATM-8,PUT,26000,2025-12-04
2025-12-04 13:02:00+05:30,10.8,11.05,10.75,11.05,40050,6617850,9.86,26001.3,25600.0,25600,ATM-8,PUT,26000,2025-12-04
2025-12-04 13:03:00+05:30,10.9,10.9,10.7,10.8,48000,6617850,9.83,26002.7,25600.0,25600,ATM-8,PUT,26000,2025-12-04
2025-12-04 13:04:00+05:30,10.8,10.8,10.4,10.65,83775,6617850,9.83,26005.85,25600.0,25600,ATM-8,PUT,26000,2025-12-04
2025-12-04 13:05:00+05:30,10.7,11.1,10.55,11.05,77400,6619950,9.83,26001.05,25600.0,25600,ATM-8,PUT,26000,2025-12-04
2025-12-04 13:06:00+05:30,10.9,11.0,10.65,10.7,66600,6619950,9.82,26002.2,25600.0,25600,ATM-8,PUT,26000,2025-12-04
2025-12-04 13:07:00+05:30,10.7,10.9,10.6,10.6,54675,6619950,9.77,26003.9,25600.0,25600,ATM-8,PUT,26000,2025-12-04
2025-12-04 13:08:00+05:30,10.6,10.8,10.4,10.7,49275,6661575,9.76,25999.95,25600.0,25600,ATM-8,PUT,26000,2025-12-04
2025-12-04 13:09:00+05:30,10.65,10.9,10.6,10.9,24375,6661575,9.77,25997.95,25600.0,25600,ATM-8,PUT,26000,2025-12-04
2025-12-04 13:10:00+05:30,10.85,11.3,10.85,11.0,61350,6661575,9.71,25993.15,25600.0,25600,ATM-8,PUT,26000,2025-12-04
2025-12-04 13:11:00+05:30,11.0,11.0,10.8,10.9,47850,6667425,9.7,25994.25,25600.0,25600,ATM-8,PUT,26000,2025-12-04
2025-12-04 13:12:00+05:30,10.9,11.0,10.5,10.95,90900,6667425,9.7,25993.45,25600.0,25600,ATM-8,PUT,26000,2025-12-04
2025-12-04 13:13:00+05:30,10.95,11.2,10.8,10.9,58650,6667425,9.7,25993.8,25600.0,25600,ATM-8,PUT,26000,2025-12-04
2025-12-04 13:14:00+05:30,10.9,10.95,10.4,10.45,80550,6674850,9.73,26000.8,25600.0,25600,ATM-8,PUT,26000,2025-12-04
2025-12-04 13:15:00+05:30,10.55,10.7,10.5,10.6,46200,6674850,9.77,26002.4,25600.0,25600,ATM-8,PUT,26000,2025-12-04
2025-12-04 13:16:00+05:30,10.55,10.6,10.35,10.45,53250,6674850,9.77,26003.3,25600.0,25600,ATM-8,PUT,26000,2025-12-04
2025-12-04 13:17:00+05:30,10.4,10.8,10.35,10.65,51450,6682050,9.81,26000.85,25600.0,25600,ATM-8,PUT,26000,2025-12-04
2025-12-04 13:18:00+05:30,10.6,10.7,10.3,10.6,123900,6682050,9.76,26001.5,25600.0,25600,ATM-8,PUT,26000,2025-12-04
2025-12-04 13:19:00+05:30,10.65,11.2,10.6,10.95,76200,6682050,9.74,25995.65,25600.0,25600,ATM-8,PUT,26000,2025-12-04
2025-12-04 13:20:00+05:30,10.95,11.05,10.55,10.55,64725,6659025,9.76,26001.5,25600.0,25600,ATM-8,PUT,26000,2025-12-04
2025-12-04 13:21:00+05:30,10.6,10.75,10.55,10.6,61050,6659025,9.86,26006.85,25600.0,25600,ATM-8,PUT,26000,2025-12-04
2025-12-04 13:22:00+05:30,10.55,10.55,9.9,9.9,192600,6659025,9.85,26016.15,25600.0,25600,ATM-8,PUT,26000,2025-12-04
2025-12-04 13:23:00+05:30,10.0,10.0,9.7,9.85,178650,6624825,9.85,26017.05,25600.0,25600,ATM-8,PUT,26000,2025-12-04
2025-12-04 13:24:00+05:30,9.9,10.0,9.6,9.6,93525,6624825,9.81,26017.85,25600.0,25600,ATM-8,PUT,26000,2025-12-04
2025-12-04 13:25:00+05:30,9.6,9.9,9.5,9.9,85875,6624825,9.86,26016.25,25600.0,25600,ATM-8,PUT,26000,2025-12-04
2025-12-04 13:26:00+05:30,9.85,9.95,9.65,9.85,64575,6658950,9.87,26018.15,25600.0,25600,ATM-8,PUT,26000,2025-12-04
2025-12-04 13:27:00+05:30,9.75,9.85,9.6,9.8,29925,6658950,9.91,26018.95,25600.0,25600,ATM-8,PUT,26000,2025-12-04
2025-12-04 13:28:00+05:30,9.85,10.0,9.75,10.0,17025,6658950,9.87,26016.8,25600.0,25600,ATM-8,PUT,26000,2025-12-04
2025-12-04 13:29:00+05:30,10.0,10.0,9.75,9.85,69900,6645750,9.92,26015.7,25600.0,25600,ATM-8,PUT,26000,2025-12-04
2025-12-04 13:30:00+05:30,9.55,9.8,9.35,9.8,114450,6645750,9.82,26015.3,25600.0,25600,ATM-8,PUT,26000,2025-12-04
2025-12-04 13:31:00+05:30,9.85,10.0,9.75,9.85,56925,6645750,9.8,26013.6,25600.0,25600,ATM-8,PUT,26000,2025-12-04
2025-12-04 13:32:00+05:30,9.9,10.15,9.8,9.8,72675,6638700,9.76,26011.8,25600.0,25600,ATM-8,PUT,26000,2025-12-04
2025-12-04 13:33:00+05:30,9.95,10.1,9.9,10.05,58950,6638700,9.76,26008.95,25600.0,25600,ATM-8,PUT,26000,2025-12-04
2025-12-04 13:34:00+05:30,10.0,10.55,9.9,10.55,111375,6638700,9.77,26002.4,25600.0,25600,ATM-8,PUT,26000,2025-12-04
2025-12-04 13:35:00+05:30,10.6,10.95,10.55,10.95,170100,6676800,9.67,25990.4,25600.0,25600,ATM-8,PUT,26000,2025-12-04
2025-12-04 13:36:00+05:30,10.95,11.25,10.9,11.1,225900,6676800,9.55,25979.5,25600.0,25600,ATM-8,PUT,26000,2025-12-04
2025-12-04 13:37:00+05:30,11.0,11.45,10.9,11.05,179550,6676800,9.44,25976.3,25600.0,25600,ATM-8,PUT,26000,2025-12-04
2025-12-04 13:38:00+05:30,11.0,11.05,10.7,10.8,156375,6699375,9.48,25981.75,25600.0,25600,ATM-8,PUT,26000,2025-12-04
2025-12-04 13:39:00+05:30,10.9,11.1,10.8,10.95,65400,6699375,9.49,25980.55,25600.0,25600,ATM-8,PUT,26000,2025-12-04
2025-12-04 13:40:00+05:30,11.05,11.25,10.9,11.2,295650,6699375,9.52,25978.35,25600.0,25600,ATM-8,PUT,26000,2025-12-04
2025-12-04 13:41:00+05:30,8.8,9.6,8.75,9.5,104400,2007750,9.8,25964.95,25550.0,25600,ATM-8,PUT,26000,2025-12-04
2025-12-04 13:42:00+05:30,9.45,9.5,8.9,8.95,102600,2007750,9.77,25973.25,25550.0,25600,ATM-8,PUT,26000,2025-12-04
2025-12-04 13:43:00+05:30,8.95,9.2,8.75,9.15,78150,2007750,9.79,25972.9,25550.0,25600,ATM-8,PUT,26000,2025-12-04
2025-12-04 13:44:00+05:30,11.75,11.8,11.4,11.5,84300,6627675,9.53,25976.3,25600.0,25600,ATM-8,PUT,26000,2025-12-04
2025-12-04 13:45:00+05:30,8.95,9.1,8.95,8.95,58200,1980000,9.75,25972.8,25550.0,25600,ATM-8,PUT,26000,2025-12-04
2025-12-04 13:46:00+05:30,11.6,11.7,11.3,11.3,63150,6627675,9.5,25976.05,25600.0,25600,ATM-8,PUT,26000,2025-12-04
2025-12-04 13:47:00+05:30,11.35,11.55,11.2,11.4,79350,6603825,9.56,25978.2,25600.0,25600,ATM-8,PUT,26000,2025-12-04
2025-12-04 13:48:00+05:30,11.3,11.55,11.2,11.2,72000,6603825,9.52,25979.4,25600.0,25600,ATM-8,PUT,26000,2025-12-04
2025-12-04 13:49:00+05:30,11.15,11.3,11.0,11.15,90150,6603825,9.52,25978.65,25600.0,25600,ATM-8,PUT,26000,2025-12-04
2025-12-04 13:50:00+05:30,11.2,11.25,10.95,11.2,74175,6573075,9.52,25978.55,25600.0,25600,ATM-8,PUT,26000,2025-12-04
2025-12-04 13:51:00+05:30,11.2,11.3,11.05,11.15,124950,6573075,9.55,25980.5,25600.0,25600,ATM-8,PUT,26000,2025-12-04
2025-12-04 13:52:00+05:30,11.2,11.45,11.05,11.15,64275,6573075,9.56,25981.55,25600.0,25600,ATM-8,PUT,26000,2025-12-04
2025-12-04 13:53:00+05:30,8.7,9.05,8.65,8.95,16050,1979925,9.81,25974.85,25550.0,25600,ATM-8,PUT,26000,2025-12-04
2025-12-04 13:54:00+05:30,11.45,11.6,11.25,11.35,53550,6583200,9.51,25975.55,25600.0,25600,ATM-8,PUT,26000,2025-12-04
2025-12-04 13:55:00+05:30,8.9,9.2,8.8,9.15,115200,1979925,9.8,25971.95,25550.0,25600,ATM-8,PUT,26000,2025-12-04
2025-12-04 13:56:00+05:30,9.0,9.05,8.8,9.0,34800,1973400,9.77,25974.4,25550.0,25600,ATM-8,PUT,26000,2025-12-04
2025-12-04 13:57:00+05:30,11.65,11.95,11.45,11.55,79275,6570600,9.53,25975.8,25600.0,25600,ATM-8,PUT,26000,2025-12-04
2025-12-04 13:58:00+05:30,8.95,9.1,8.8,9.0,29025,1973400,9.8,25974.05,25550.0,25600,ATM-8,PUT,26000,2025-12-04
2025-12-04 13:59:00+05:30,9.0,9.0,8.95,9.0,17175,1974000,9.8,25973.3,25550.0,25600,ATM-8,PUT,26000,2025-12-04
2025-12-04 14:00:00+05:30,9.0,9.25,8.95,8.95,38400,1974000,9.77,25972.3,25550.0,25600,ATM-8,PUT,26000,2025-12-04
2025-12-04 14:01:00+05:30,11.55,11.65,10.75,11.05,158925,6601050,9.52,25979.95,25600.0,25600,ATM-8,PUT,26000,2025-12-04
2025-12-04 14:02:00+05:30,11.2,11.2,10.8,11.05,56775,6591075,9.55,25980.35,25600.0,25600,ATM-8,PUT,26000,2025-12-04
2025-12-04 14:03:00+05:30,11.15,11.7,11.05,11.2,69825,6591075,9.55,25978.75,25600.0,25600,ATM-8,PUT,26000,2025-12-04
2025-12-04 14:04:00+05:30,11.2,11.2,10.55,10.55,74400,6591075,9.55,25986.7,25600.0,25600,ATM-8,PUT,26000,2025-12-04
2025-12-04 14:05:00+05:30,10.6,11.25,10.6,11.0,59175,6584925,9.55,25980.35,25600.0,25600,ATM-8,PUT,26000,2025-12-04
2025-12-04 14:06:00+05:30,11.0,11.15,10.75,10.85,40800,6584925,9.53,25982.0,25600.0,25600,ATM-8,PUT,26000,2025-12-04
2025-12-04 14:07:00+05:30,10.85,10.85,10.1,10.1,130350,6584925,9.62,25998.25,25600.0,25600,ATM-8,PUT,26000,2025-12-04
2025-12-04 14:08:00+05:30,10.2,10.25,10.0,10.15,97500,6570000,9.69,26001.55,25600.0,25600,ATM-8,PUT,26000,2025-12-04
2025-12-04 14:09:00+05:30,10.15,10.25,9.9,10.0,104175,6570000,9.69,26005.6,25600.0,25600,ATM-8,PUT,26000,2025-12-04
2025-12-04 14:10:00+05:30,10.15,10.2,9.25,9.65,319725,6570000,9.86,26017.4,25600.0,25600,ATM-8,PUT,26000,2025-12-04
2025-12-04 14:11:00+05:30,9.6,10.0,9.5,9.8,152400,6564600,9.73,26007.55,25600.0,25600,ATM-8,PUT,26000,2025-12-04
2025-12-04 14:12:00+05:30,9.9,9.95,9.8,9.8,84300,6564600,9.77,26009.2,25600.0,25600,ATM-8,PUT,26000,2025-12-04
2025-12-04 14:13:00+05:30,9.85,10.0,9.75,9.9,92250,6564600,9.7,26004.15,25600.0,25600,ATM-8,PUT,26000,2025-12-04
2025-12-04 14:14:00+05:30,9.85,10.0,9.75,9.9,42675,6551925,9.69,26004.05,25600.0,25600,ATM-8,PUT,26000,2025-12-04
2025-12-04 14:15:00+05:30,9.9,10.05,9.75,10.0,38475,6551925,9.66,26001.75,25600.0,25600,ATM-8,PUT,26000,2025-12-04
2025-12-04 14:16:00+05:30,10.0,10.15,9.9,9.95,77325,6551925,9.67,26001.6,25600.0,25600,ATM-8,PUT,26000,2025-12-04
2025-12-04 14:17:00+05:30,9.9,9.95,9.4,9.4,100875,6566250,9.66,26009.45,25600.0,25600,ATM-8,PUT,26000,2025-12-04
2025-12-04 14:18:00+05:30,9.4,9.7,9.35,9.5,37725,6566250,9.66,26008.75,25600.0,25600,ATM-8,PUT,26000,2025-12-04
2025-12-04 14:19:00+05:30,9.55,9.95,9.55,9.9,55200,6566250,9.62,26001.0,25600.0,25600,ATM-8,PUT,26000,2025-12-04
2025-12-04 14:20:00+05:30,10.0,10.1,9.85,10.0,85800,6587475,9.6,25997.45,25600.0,25600,ATM-8,PUT,26000,2025-12-04
2025-12-04 14:21:00+05:30,9.95,10.4,9.95,10.05,76575,6587475,9.56,25995.0,25600.0,25600,ATM-8,PUT,26000,2025-12-04
2025-12-04 14:22:00+05:30,10.1,10.2,9.7,9.85,74775,6587475,9.53,25995.3,25600.0,25600,ATM-8,PUT,26000,2025-12-04
2025-12-04 14:23:00+05:30,9.85,9.85,9.15,9.15,144825,6571650,9.56,26007.0,25600.0,25600,ATM-8,PUT,26000,2025-12-04
2025-12-04 14:24:00+05:30,9.15,9.7,9.15,9.7,91200,6571650,9.61,26002.25,25600.0,25600,ATM-8,PUT,26000,2025-12-04
2025-12-04 14:25:00+05:30,9.65,9.7,9.5,9.55,41625,6571650,9.56,26000.7,25600.0,25600,ATM-8,PUT,26000,2025-12-04
2025-12-04 14:26:00+05:30,9.6,9.6,9.35,9.45,53775,6569250,9.61,26006.75,25600.0,25600,ATM-8,PUT,26000,2025-12-04
2025-12-04 14:27:00+05:30,9.5,9.55,9.25,9.4,32400,6569250,9.62,26007.5,25600.0,25600,ATM-8,PUT,26000,2025-12-04
2025-12-04 14:28:00+05:30,9.45,9.5,9.3,9.35,34500,6569250,9.6,26006.15,25600.0,25600,ATM-8,PUT,26000,2025-12-04
2025-12-04 14:29:00+05:30,9.35,9.35,9.0,9.05,58950,6565125,9.67,26014.0,25600.0,25600,ATM-8,PUT,26000,2025-12-04
2025-12-04 14:30:00+05:30,9.1,9.45,8.9,9.35,145275,6565125,9.76,26016.25,25600.0,25600,ATM-8,PUT,26000,2025-12-04
2025-12-04 14:31:00+05:30,9.35,9.5,9.25,9.35,41775,6565125,9.77,26015.55,25600.0,25600,ATM-8,PUT,26000,2025-12-04
2025-12-04 14:32:00+05:30,9.3,9.65,9.3,9.5,69000,6561975,9.67,26008.7,25600.0,25600,ATM-8,PUT,26000,2025-12-04
2025-12-04 14:33:00+05:30,9.6,9.6,9.25,9.35,36075,6561975,9.69,26010.1,25600.0,25600,ATM-8,PUT,26000,2025-12-04
2025-12-04 14:34:00+05:30,9.3,9.35,9.25,9.35,11925,6561975,9.64,26008.95,25600.0,25600,ATM-8,PUT,26000,2025-12-04
2025-12-04 14:35:00+05:30,9.3,9.75,9.3,9.6,33975,6561525,9.61,26003.8,25600.0,25600,ATM-8,PUT,26000,2025-12-04
2025-12-04 14:36:00+05:30,9.5,9.55,9.3,9.4,42600,6561525,9.52,26000.4,25600.0,25600,ATM-8,PUT,26000,2025-12-04
2025-12-04 14:37:00+05:30,9.4,9.45,9.25,9.35,49350,6561525,9.56,26004.1,25600.0,25600,ATM-8,PUT,26000,2025-12-04
2025-12-04 14:38:00+05:30,9.3,9.3,8.95,9.0,141675,6557550,9.64,26013.55,25600.0,25600,ATM-8,PUT,26000,2025-12-04
2025-12-04 14:39:00+05:30,9.0,9.0,8.7,8.85,447150,6557550,9.61,26013.75,25600.0,25600,ATM-8,PUT,26000,2025-12-04
2025-12-04 14:40:00+05:30,8.85,8.85,8.75,8.8,168000,6557550,9.65,26017.5,25600.0,25600,ATM-8,PUT,26000,2025-12-04
2025-12-04 14:41:00+05:30,8.8,8.85,8.7,8.8,163350,6551850,9.61,26015.45,25600.0,25600,ATM-8,PUT,26000,2025-12-04
2025-12-04 14:42:00+05:30,8.8,9.0,8.6,8.85,223500,6551850,9.61,26015.5,25600.0,25600,ATM-8,PUT,26000,2025-12-04
2025-12-04 14:43:00+05:30,8.85,9.0,8.75,8.9,131550,6551850,9.52,26007.85,25600.0,25600,ATM-8,PUT,26000,2025-12-04
2025-12-04 14:44:00+05:30,8.8,8.95,8.7,8.85,189150,6538425,9.39,26000.6,25600.0,25600,ATM-8,PUT,26000,2025-12-04
2025-12-04 14:45:00+05:30,8.8,9.25,8.75,9.1,191850,6538425,9.31,25992.35,25600.0,25600,ATM-8,PUT,26000,2025-12-04
2025-12-04 14:46:00+05:30,9.2,9.35,8.95,9.2,90975,6538425,9.28,25988.7,25600.0,25600,ATM-8,PUT,26000,2025-12-04
2025-12-04 14:47:00+05:30,9.15,9.15,8.6,8.8,161625,6545100,9.4,26001.55,25600.0,25600,ATM-8,PUT,26000,2025-12-04
2025-12-04 14:48:00+05:30,8.85,8.95,8.6,8.8,61950,6545100,9.44,26003.3,25600.0,25600,ATM-8,PUT,26000,2025-12-04
2025-12-04 14:49:00+05:30,8.8,8.95,8.75,8.85,38775,6545100,9.49,26003.65,25600.0,25600,ATM-8,PUT,26000,2025-12-04
2025-12-04 14:50:00+05:30,8.85,8.9,8.35,8.45,112950,6546000,9.53,26014.1,25600.0,25600,ATM-8,PUT,26000,2025-12-04
2025-12-04 14:51:00+05:30,8.4,8.5,8.2,8.25,132300,6546000,9.53,26018.15,25600.0,25600,ATM-8,PUT,26000,2025-12-04
2025-12-04 14:52:00+05:30,10.85,11.0,10.4,10.6,182925,2245875,9.37,26026.15,25650.0,25600,ATM-8,PUT,26000,2025-12-04
2025-12-04 14:53:00+05:30,8.0,8.15,7.95,8.05,114300,6528975,9.58,26023.0,25600.0,25600,ATM-8,PUT,26000,2025-12-04
2025-12-04 14:54:00+05:30,10.65,10.75,10.3,10.5,77175,2243175,9.34,26025.05,25650.0,25600,ATM-8,PUT,26000,2025-12-04
2025-12-04 14:55:00+05:30,10.45,10.55,10.15,10.25,120450,2243175,9.37,26029.45,25650.0,25600,ATM-8,PUT,26000,2025-12-04
2025-12-04 14:56:00+05:30,10.25,10.25,9.5,9.55,118425,2243850,9.37,26039.65,25650.0,25600,ATM-8,PUT,26000,2025-12-04
2025-12-04 14:57:00+05:30,9.75,10.05,9.65,10.0,69825,2243850,9.42,26036.45,25650.0,25600,ATM-8,PUT,26000,2025-12-04
2025-12-04 14:58:00+05:30,10.05,10.1,9.65,9.75,135750,2243850,9.44,26039.35,25650.0,25600,ATM-8,PUT,26000,2025-12-04
2025-12-04 14:59:00+05:30,9.7,9.9,9.6,9.8,97575,2254125,9.49,26043.25,25650.0,25600,ATM-8,PUT,26000,2025-12-04
2025-12-04 15:00:00+05:30,9.75,9.8,9.35,9.4,153900,2254125,9.49,26048.45,25650.0,25600,ATM-8,PUT,26000,2025-12-04
2025-12-04 15:01:00+05:30,9.45,9.7,9.25,9.45,187950,2254125,9.53,26050.5,25650.0,25600,ATM-8,PUT,26000,2025-12-04
2025-12-04 15:02:00+05:30,9.45,9.45,9.1,9.2,104100,2254425,9.56,26057.65,25650.0,25600,ATM-8,PUT,26000,2025-12-04
2025-12-04 15:03:00+05:30,9.2,9.4,9.15,9.35,73725,2254425,9.46,26047.5,25650.0,25600,ATM-8,PUT,26000,2025-12-04
2025-12-04 15:04:00+05:30,9.35,9.4,9.1,9.15,46650,2254425,9.44,26049.4,25650.0,25600,ATM-8,PUT,26000,2025-12-04
2025-12-04 15:05:00+05:30,9.25,9.3,9.1,9.15,49050,2227575,9.5,26052.75,25650.0,25600,ATM-8,PUT,26000,2025-12-04
2025-12-04 15:06:00+05:30,9.15,9.25,9.05,9.25,63900,2227575,9.51,26052.85,25650.0,25600,ATM-8,PUT,26000,2025-12-04
2025-12-04 15:07:00+05:30,9.25,9.35,9.15,9.2,181350,2227575,9.52,26052.95,25650.0,25600,ATM-8,PUT,26000,2025-12-04
2025-12-04 15:08:00+05:30,9.2,9.45,9.2,9.3,160500,2314500,9.51,26051.35,25650.0,25600,ATM-8,PUT,26000,2025-12-04
2025-12-04 15:09:00+05:30,9.25,9.3,9.15,9.25,61950,2314500,9.41,26046.6,25650.0,25600,ATM-8,PUT,26000,2025-12-04
2025-12-04 15:10:00+05:30,9.3,9.4,9.1,9.15,131250,2314500,9.48,26051.4,25650.0,25600,ATM-8,PUT,26000,2025-12-04
2025-12-04 15:11:00+05:30,9.1,9.1,8.9,9.05,153600,2252325,9.48,26053.4,25650.0,25600,ATM-8,PUT,26000,2025-12-04
2025-12-04 15:12:00+05:30,9.1,9.15,8.7,8.75,100500,2252325,9.27,26045.1,25650.0,25600,ATM-8,PUT,26000,2025-12-04
2025-12-04 15:13:00+05:30,8.75,8.85,8.5,8.6,113550,2252325,9.16,26041.35,25650.0,25600,ATM-8,PUT,26000,2025-12-04
2025-12-04 15:14:00+05:30,8.65,8.65,8.4,8.55,104475,2290200,9.11,26037.7,25650.0,25600,ATM-8,PUT,26000,2025-12-04
2025-12-04 15:15:00+05:30,8.6,8.9,8.6,8.7,131925,2290200,9.12,26036.65,25650.0,25600,ATM-8,PUT,26000,2025-12-04
2025-12-04 15:16:00+05:30,8.75,8.8,8.6,8.65,141450,2290200,9.06,26032.25,25650.0,25600,ATM-8,PUT,26000,2025-12-04
2025-12-04 15:17:00+05:30,8.7,8.9,8.45,8.9,105525,2287725,9.03,26027.65,25650.0,25600,ATM-8,PUT,26000,2025-12-04
2025-12-04 15:18:00+05:30,8.85,8.95,8.5,8.5,139275,2287725,8.99,26031.0,25650.0,25600,ATM-8,PUT,26000,2025-12-04
2025-12-04 15:19:00+05:30,8.55,8.55,7.9,8.0,230550,2287725,9.01,26040.9,25650.0,25600,ATM-8,PUT,26000,2025-12-04
2025-12-04 15:20:00+05:30,8.15,8.55,8.15,8.25,338625,2376675,8.93,26032.5,25650.0,25600,ATM-8,PUT,26000,2025-12-04
2025-12-04 15:21:00+05:30,8.3,8.6,8.25,8.45,241425,2376675,8.98,26031.0,25650.0,25600,ATM-8,PUT,26000,2025-12-04
2025-12-04 15:22:00+05:30,6.2,6.55,6.1,6.55,212550,6668250,9.19,26023.95,25600.0,25600,ATM-8,PUT,26000,2025-12-04
2025-12-04 15:23:00+05:30,8.8,8.85,8.4,8.8,263625,2534550,9.04,26032.1,25650.0,25600,ATM-8,PUT,26000,2025-12-04
2025-12-04 15:24:00+05:30,8.75,8.8,8.45,8.65,143250,2534550,9.01,26030.45,25650.0,25600,ATM-8,PUT,26000,2025-12-04
2025-12-04 15:25:00+05:30,8.7,8.7,8.35,8.65,208950,2534550,8.95,26026.4,25650.0,25600,ATM-8,PUT,26000,2025-12-04
2025-12-04 15:26:00+05:30,6.5,6.55,6.3,6.45,237075,6654900,9.17,26023.95,25600.0,25600,ATM-8,PUT,26000,2025-12-04
2025-12-04 15:27:00+05:30,6.45,6.5,6.3,6.35,164100,6654900,9.15,26018.75,25600.0,25600,ATM-8,PUT,26000,2025-12-04
2025-12-04 15:28:00+05:30,6.4,6.5,6.3,6.4,233025,6654900,9.01,26015.6,25600.0,25600,ATM-8,PUT,26000,2025-12-04
2025-12-04 15:29:00+05:30,6.4,6.55,6.3,6.4,198750,6630375,9.03,26017.1,25600.0,25600,ATM-8,PUT,26000,2025-12-04
2025-12-04 09:15:00+05:30,8.0,10.1,6.45,9.05,536025,1754550,10.91,25950.75,25450.0,25500,ATM-10,PUT,26000,2025-12-04
2025-12-04 09:16:00+05:30,9.1,9.15,8.25,8.45,261300,1754550,10.84,25955.15,25450.0,25500,ATM-10,PUT,26000,2025-12-04
2025-12-04 09:17:00+05:30,8.4,8.6,8.35,8.4,156900,1754550,10.87,25959.1,25450.0,25500,ATM-10,PUT,26000,2025-12-04
2025-12-04 09:18:00+05:30,8.3,8.55,8.3,8.4,89025,1725000,10.86,25958.5,25450.0,25500,ATM-10,PUT,26000,2025-12-04
2025-12-04 09:19:00+05:30,8.4,9.1,8.3,9.05,192675,1725000,10.9,25949.55,25450.0,25500,ATM-10,PUT,26000,2025-12-04
2025-12-04 09:20:00+05:30,9.05,9.05,8.6,8.7,127500,1725000,10.78,25948.6,25450.0,25500,ATM-10,PUT,26000,2025-12-04
2025-12-04 09:21:00+05:30,8.65,8.8,8.45,8.55,164400,1725000,10.88,25955.4,25450.0,25500,ATM-10,PUT,26000,2025-12-04
2025-12-04 09:22:00+05:30,8.45,8.75,8.25,8.25,96225,1762875,10.87,25961.85,25450.0,25500,ATM-10,PUT,26000,2025-12-04
2025-12-04 09:23:00+05:30,10.15,10.3,9.85,9.85,337650,9467325,10.84,25985.45,25500.0,25500,ATM-10,PUT,26000,2025-12-04
2025-12-04 09:24:00+05:30,9.85,9.95,9.15,9.2,417225,9467325,10.78,25992.65,25500.0,25500,ATM-10,PUT,26000,2025-12-04
2025-12-04 09:25:00+05:30,9.25,9.65,9.25,9.55,311175,9523725,10.67,25977.6,25500.0,25500,ATM-10,PUT,26000,2025-12-04
2025-12-04 09:26:00+05:30,9.5,9.6,9.2,9.35,262425,9523725,10.63,25979.2,25500.0,25500,ATM-10,PUT,26000,2025-12-04
2025-12-04 09:27:00+05:30,9.4,9.55,9.15,9.2,233400,9523725,10.72,25986.25,25500.0,25500,ATM-10,PUT,26000,2025-12-04
2025-12-04 09:28:00+05:30,9.2,9.25,8.9,8.95,240675,9772950,10.71,25990.8,25500.0,25500,ATM-10,PUT,26000,2025-12-04
2025-12-04 09:29:00+05:30,8.95,9.05,8.7,8.8,244875,9772950,10.74,25995.85,25500.0,25500,ATM-10,PUT,26000,2025-12-04
2025-12-04 09:30:00+05:30,8.75,9.0,8.7,8.75,195450,9772950,10.77,25997.05,25500.0,25500,ATM-10,PUT,26000,2025-12-04
2025-12-04 09:31:00+05:30,8.85,8.95,8.65,8.85,102750,9811650,10.78,25995.95,25500.0,25500,ATM-10,PUT,26000,2025-12-04
2025-12-04 09:32:00+05:30,8.85,9.2,8.8,9.1,180900,9811650,10.65,25983.85,25500.0,25500,ATM-10,PUT,26000,2025-12-04
2025-12-04 09:33:00+05:30,9.05,9.2,8.7,8.7,175350,9811650,10.68,25990.9,25500.0,25500,ATM-10,PUT,26000,2025-12-04
2025-12-04 09:34:00+05:30,8.75,8.8,8.25,8.25,175425,9881400,10.71,26000.8,25500.0,25500,ATM-10,PUT,26000,2025-12-04
2025-12-04 09:35:00+05:30,8.3,8.3,7.8,7.85,329475,9881400,10.83,26016.75,25500.0,25500,ATM-10,PUT,26000,2025-12-04
2025-12-04 09:36:00+05:30,7.8,7.9,7.7,7.85,270300,9881400,10.88,26021.3,25500.0,25500,ATM-10,PUT,26000,2025-12-04
2025-12-04 09:37:00+05:30,9.8,9.85,9.55,9.7,114000,1762500,10.65,26025.25,25550.0,25500,ATM-10,PUT,26000,2025-12-04
2025-12-04 09:38:00+05:30,7.65,7.8,7.6,7.8,183600,9970425,10.84,26018.65,25500.0,25500,ATM-10,PUT,26000,2025-12-04
2025-12-04 09:39:00+05:30,7.85,7.9,7.7,7.8,117750,9970425,10.77,26013.45,25500.0,25500,ATM-10,PUT,26000,2025-12-04
2025-12-04 09:40:00+05:30,7.8,8.55,7.75,8.2,690075,10019025,10.72,26003.5,25500.0,25500,ATM-10,PUT,26000,2025-12-04
2025-12-04 09:41:00+05:30,8.2,8.35,8.0,8.0,226725,10019025,10.71,26004.5,25500.0,25500,ATM-10,PUT,26000,2025-12-04
2025-12-04 09:42:00+05:30,8.0,8.05,7.75,7.9,144750,10019025,10.77,26011.85,25500.0,25500,ATM-10,PUT,26000,2025-12-04
2025-12-04 09:43:00+05:30,7.95,7.95,7.7,7.7,134325,10048275,10.79,26016.45,25500.0,25500,ATM-10,PUT,26000,2025-12-04
2025-12-04 09:44:00+05:30,9.65,9.7,9.25,9.35,62850,1732050,10.62,26028.15,25550.0,25500,ATM-10,PUT,26000,2025-12-04
2025-12-04 09:45:00+05:30,9.5,9.7,9.45,9.7,71550,1732050,10.66,26025.2,25550.0,25500,ATM-10,PUT,26000,2025-12-04
2025-12-04 09:46:00+05:30,7.8,7.85,7.55,7.7,66450,10096725,10.88,26021.95,25500.0,25500,ATM-10,PUT,26000,2025-12-04
2025-12-04 09:47:00+05:30,7.7,7.85,7.6,7.75,105900,10096725,10.88,26021.05,25500.0,25500,ATM-10,PUT,26000,2025-12-04
2025-12-04 09:48:00+05:30,7.75,7.8,7.65,7.65,113400,10096725,10.79,26017.6,25500.0,25500,ATM-10,PUT,26000,2025-12-04
2025-12-04 09:49:00+05:30,7.65,7.85,7.6,7.7,147525,10067550,10.77,26016.3,25500.0,25500,ATM-10,PUT,26000,2025-12-04
2025-12-04 09:50:00+05:30,7.7,7.8,7.6,7.65,76275,10067550,10.87,26022.5,25500.0,25500,ATM-10,PUT,26000,2025-12-04
2025-12-04 09:51:00+05:30,9.65,9.7,9.5,9.55,25725,1768950,10.61,26025.1,25550.0,25500,ATM-10,PUT,26000,2025-12-04
2025-12-04 09:52:00+05:30,9.6,9.65,9.15,9.25,82425,1787625,10.68,26032.8,25550.0,25500,ATM-10,PUT,26000,2025-12-04
2025-12-04 09:53:00+05:30,9.3,9.55,9.2,9.55,47325,1787625,10.63,26025.9,25550.0,25500,ATM-10,PUT,26000,2025-12-04
2025-12-04 09:54:00+05:30,9.55,9.65,9.4,9.45,38925,1787625,10.65,26027.9,25550.0,25500,ATM-10,PUT,26000,2025-12-04
2025-12-04 09:55:00+05:30,9.5,9.5,9.35,9.35,20025,1798950,10.7,26032.45,25550.0,25500,ATM-10,PUT,26000,2025-12-04
2025-12-04 09:56:00+05:30,9.4,9.45,9.35,9.4,17175,1798950,10.73,26033.35,25550.0,25500,ATM-10,PUT,26000,2025-12-04
2025-12-04 09:57:00+05:30,9.4,9.55,9.4,9.45,25125,1798950,10.67,26028.75,25550.0,25500,ATM-10,PUT,26000,2025-12-04
2025-12-04 09:58:00+05:30,9.5,9.6,9.25,9.35,34800,1795125,10.68,26031.05,25550.0,25500,ATM-10,PUT,26000,2025-12-04
2025-12-04 09:59:00+05:30,9.4,9.55,9.35,9.4,17025,1795125,10.66,26028.3,25550.0,25500,ATM-10,PUT,26000,2025-12-04
2025-12-04 10:00:00+05:30,9.4,9.55,9.35,9.45,17550,1795125,10.73,26031.75,25550.0,25500,ATM-10,PUT,26000,2025-12-04
2025-12-04 10:01:00+05:30,9.4,9.65,9.3,9.6,26250,1809450,10.7,26028.35,25550.0,25500,ATM-10,PUT,26000,2025-12-04
2025-12-04 10:02:00+05:30,9.65,9.8,9.4,9.6,63675,1809450,10.69,26027.3,25550.0,25500,ATM-10,PUT,26000,2025-12-04
2025-12-04 10:03:00+05:30,9.65,9.85,9.4,9.4,41700,1809450,10.62,26026.65,25550.0,25500,ATM-10,PUT,26000,2025-12-04
2025-12-04 10:04:00+05:30,9.45,9.75,9.45,9.6,45675,1794450,10.63,26025.05,25550.0,25500,ATM-10,PUT,26000,2025-12-04
2025-12-04 10:05:00+05:30,7.75,7.85,7.65,7.8,60675,9976425,10.93,26021.85,25500.0,25500,ATM-10,PUT,26000,2025-12-04
2025-12-04 10:06:00+05:30,9.65,9.65,9.3,9.35,53550,1794450,10.68,26031.9,25550.0,25500,ATM-10,PUT,26000,2025-12-04
2025-12-04 10:07:00+05:30,9.25,9.4,8.9,8.9,139275,1784325,10.7,26039.6,25550.0,25500,ATM-10,PUT,26000,2025-12-04
2025-12-04 10:08:00+05:30,9.0,9.15,8.9,9.15,52125,1784325,10.71,26036.25,25550.0,25500,ATM-10,PUT,26000,2025-12-04
2025-12-04 10:09:00+05:30,9.15,9.6,9.1,9.45,102150,1784325,10.63,26027.5,25550.0,25500,ATM-10,PUT,26000,2025-12-04
2025-12-04 10:10:00+05:30,9.45,9.6,9.4,9.45,57000,1812075,10.67,26029.0,25550.0,25500,ATM-10,PUT,26000,2025-12-04
2025-12-04 10:11:00+05:30,9.4,9.6,9.35,9.4,61275,1812075,10.66,26029.15,25550.0,25500,ATM-10,PUT,26000,2025-12-04
2025-12-04 10:12:00+05:30,9.35,9.35,9.15,9.25,69900,1812075,10.7,26034.35,25550.0,25500,ATM-10,PUT,26000,2025-12-04
2025-12-04 10:13:00+05:30,9.2,9.25,9.0,9.15,38025,1843800,10.78,26040.35,25550.0,25500,ATM-10,PUT,26000,2025-12-04
2025-12-04 10:14:00+05:30,9.15,9.2,8.9,9.0,74025,1843800,10.77,26042.75,25550.0,25500,ATM-10,PUT,26000,2025-12-04
2025-12-04 10:15:00+05:30,9.0,9.05,8.9,8.95,53475,1843800,10.77,26042.45,25550.0,25500,ATM-10,PUT,26000,2025-12-04
2025-12-04 10:16:00+05:30,9.0,9.05,8.85,8.95,51525,1883175,10.77,26043.45,25550.0,25500,ATM-10,PUT,26000,2025-12-04
2025-12-04 10:17:00+05:30,8.95,9.05,8.9,9.0,74250,1883175,10.71,26038.1,25550.0,25500,ATM-10,PUT,26000,2025-12-04
2025-12-04 10:18:00+05:30,9.0,9.0,8.7,8.7,22650,1883175,10.67,26043.7,25550.0,25500,ATM-10,PUT,26000,2025-12-04
2025-12-04 10:19:00+05:30,8.75,8.85,8.45,8.5,56400,1864725,10.71,26046.55,25550.0,25500,ATM-10,PUT,26000,2025-12-04
2025-12-04 10:20:00+05:30,8.55,8.75,8.55,8.7,87000,1864725,10.79,26048.05,25550.0,25500,ATM-10,PUT,26000,2025-12-04
2025-12-04 10:21:00+05:30,8.75,8.8,8.35,8.4,67875,1864725,10.76,26052.55,25550.0,25500,ATM-10,PUT,26000,2025-12-04
2025-12-04 10:22:00+05:30,8.35,8.45,8.2,8.4,66225,1860000,10.71,26049.05,25550.0,25500,ATM-10,PUT,26000,2025-12-04
2025-12-04 10:23:00+05:30,8.4,8.5,8.25,8.3,56250,1860000,10.72,26050.05,25550.0,25500,ATM-10,PUT,26000,2025-12-04
2025-12-04 10:24:00+05:30,8.25,8.4,8.25,8.35,38850,1860000,10.72,26050.55,25550.0,25500,ATM-10,PUT,26000,2025-12-04
2025-12-04 10:25:00+05:30,8.3,8.35,8.15,8.25,51825,1849500,10.77,26055.15,25550.0,25500,ATM-10,PUT,26000,2025-12-04
2025-12-04 10:26:00+05:30,8.15,8.2,7.95,8.1,69975,1849500,10.76,26056.0,25550.0,25500,ATM-10,PUT,26000,2025-12-04
2025-12-04 10:27:00+05:30,8.05,8.1,8.0,8.05,39000,1849500,10.76,26057.25,25550.0,25500,ATM-10,PUT,26000,2025-12-04
2025-12-04 10:28:00+05:30,8.0,8.05,7.7,7.7,94200,1875750,10.78,26065.4,25550.0,25500,ATM-10,PUT,26000,2025-12-04
2025-12-04 10:29:00+05:30,9.45,9.5,9.0,9.25,440400,6228525,10.6,26078.9,25600.0,25500,ATM-10,PUT,26000,2025-12-04
2025-12-04 10:30:00+05:30,9.25,9.4,9.2,9.35,258975,6228525,10.65,26078.7,25600.0,25500,ATM-10,PUT,26000,2025-12-04
2025-12-04 10:31:00+05:30,9.35,9.4,9.1,9.15,151875,6306375,10.69,26085.9,25600.0,25500,ATM-10,PUT,26000,2025-12-04
2025-12-04 10:32:00+05:30,9.05,9.2,8.95,9.15,728700,6306375,10.63,26082.25,25600.0,25500,ATM-10,PUT,26000,2025-12-04
2025-12-04 10:33:00+05:30,9.15,9.2,8.8,8.9,690600,6306375,10.51,26078.05,25600.0,25500,ATM-10,PUT,26000,2025-12-04
2025-12-04 10:34:00+05:30,8.95,8.95,8.75,8.8,280950,7012875,10.59,26084.65,25600.0,25500,ATM-10,PUT,26000,2025-12-04
2025-12-04 10:35:00+05:30,8.8,8.85,8.35,8.6,690600,7012875,10.59,26087.7,25600.0,25500,ATM-10,PUT,26000,2025-12-04
2025-12-04 10:36:00+05:30,8.6,8.6,8.45,8.45,110700,7012875,10.63,26092.35,25600.0,25500,ATM-10,PUT,26000,2025-12-04
2025-12-04 10:37:00+05:30,8.5,8.6,8.45,8.6,143625,7318050,10.7,26094.9,25600.0,25500,ATM-10,PUT,26000,2025-12-04
2025-12-04 10:38:00+05:30,8.55,8.6,8.4,8.45,132975,7318050,10.59,26090.8,25600.0,25500,ATM-10,PUT,26000,2025-12-04
2025-12-04 10:39:00+05:30,8.5,8.65,8.45,8.6,222000,7318050,10.61,26089.6,25600.0,25500,ATM-10,PUT,26000,2025-12-04
2025-12-04 10:40:00+05:30,8.6,8.65,8.45,8.55,211275,7367475,10.61,26090.65,25600.0,25500,ATM-10,PUT,26000,2025-12-04
2025-12-04 10:41:00+05:30,8.55,8.6,8.45,8.55,155250,7367475,10.66,26093.2,25600.0,25500,ATM-10,PUT,26000,2025-12-04
2025-12-04 10:42:00+05:30,8.55,8.65,8.45,8.6,97800,7367475,10.69,26093.55,25600.0,25500,ATM-10,PUT,26000,2025-12-04
2025-12-04 10:43:00+05:30,8.6,8.65,8.5,8.55,110625,7393350,10.68,26094.6,25600.0,25500,ATM-10,PUT,26000,2025-12-04
2025-12-04 10:44:00+05:30,8.6,8.75,8.55,8.7,78300,7393350,10.69,26092.7,25600.0,25500,ATM-10,PUT,26000,2025-12-04
2025-12-04 10:45:00+05:30,8.7,8.8,8.65,8.8,106575,7393350,10.77,26097.1,25600.0,25500,ATM-10,PUT,26000,2025-12-04
2025-12-04 10:46:00+05:30,8.8,8.95,8.75,8.9,110775,7311075,10.78,26094.7,25600.0,25500,ATM-10,PUT,26000,2025-12-04
2025-12-04 10:47:00+05:30,8.9,8.95,8.75,8.95,163800,7311075,10.69,26089.9,25600.0,25500,ATM-10,PUT,26000,2025-12-04
2025-12-04 10:48:00+05:30,8.9,9.0,8.85,8.85,81675,7311075,10.66,26087.8,25600.0,25500,ATM-10,PUT,26000,2025-12-04
2025-12-04 10:49:00+05:30,8.9,9.0,8.85,8.9,81375,7374150,10.62,26083.4,25600.0,25500,ATM-10,PUT,26000,2025-12-04
2025-12-04 10:50:00+05:30,8.9,8.95,8.85,8.9,83400,7374150,10.59,26082.9,25600.0,25500,ATM-10,PUT,26000,2025-12-04
2025-12-04 10:51:00+05:30,8.9,8.9,8.8,8.85,73950,7374150,10.6,26084.25,25600.0,25500,ATM-10,PUT,26000,2025-12-04
2025-12-04 10:52:00+05:30,8.85,8.9,8.8,8.9,75000,7352325,10.6,26082.75,25600.0,25500,ATM-10,PUT,26000,2025-12-04
2025-12-04 10:53:00+05:30,8.9,8.95,8.85,8.9,124500,7352325,10.54,26079.6,25600.0,25500,ATM-10,PUT,26000,2025-12-04
2025-12-04 10:54:00+05:30,8.9,8.9,8.75,8.75,50925,7352325,10.48,26078.05,25600.0,25500,ATM-10,PUT,26000,2025-12-04
2025-12-04 10:55:00+05:30,8.75,8.8,8.6,8.65,74850,7353900,10.48,26079.2,25600.0,25500,ATM-10,PUT,26000,2025-12-04
2025-12-04 10:56:00+05:30,8.65,8.8,8.6,8.65,76050,7353900,10.45,26078.4,25600.0,25500,ATM-10,PUT,26000,2025-12-04
2025-12-04 10:57:00+05:30,8.7,8.75,8.55,8.6,53400,7353900,10.5,26080.95,25600.0,25500,ATM-10,PUT,26000,2025-12-04
2025-12-04 10:58:00+05:30,8.65,8.7,8.5,8.6,330000,7341525,10.55,26085.5,25600.0,25500,ATM-10,PUT,26000,2025-12-04
2025-12-04 10:59:00+05:30,8.65,8.9,8.55,8.85,341100,7341525,10.48,26075.5,25600.0,25500,ATM-10,PUT,26000,2025-12-04
2025-12-04 11:00:00+05:30,8.85,8.9,8.75,8.8,64500,7341525,10.51,26076.55,25600.0,25500,ATM-10,PUT,26000,2025-12-04
2025-12-04 11:01:00+05:30,8.8,8.85,8.7,8.8,87300,7248975,10.52,26079.6,25600.0,25500,ATM-10,PUT,26000,2025-12-04
2025-12-04 11:02:00+05:30,8.8,8.85,8.65,8.8,60975,7248975,10.56,26082.1,25600.0,25500,ATM-10,PUT,26000,2025-12-04
2025-12-04 11:03:00+05:30,8.8,8.8,8.6,8.75,64425,7248975,10.56,26082.65,25600.0,25500,ATM-10,PUT,26000,2025-12-04
2025-12-04 11:04:00+05:30,8.65,8.75,8.55,8.65,32550,7258950,10.53,26083.0,25600.0,25500,ATM-10,PUT,26000,2025-12-04
2025-12-04 11:05:00+05:30,8.65,8.7,8.6,8.65,13425,7258950,10.53,26082.95,25600.0,25500,ATM-10,PUT,26000,2025-12-04
2025-12-04 11:06:00+05:30,8.65,8.65,8.55,8.6,39075,7258950,10.53,26083.9,25600.0,25500,ATM-10,PUT,26000,2025-12-04
2025-12-04 11:07:00+05:30,8.65,8.75,8.65,8.75,23325,7259400,10.54,26080.6,25600.0,25500,ATM-10,PUT,26000,2025-12-04
2025-12-04 11:08:00+05:30,8.7,8.8,8.65,8.8,41475,7259400,10.48,26076.7,25600.0,25500,ATM-10,PUT,26000,2025-12-04
2025-12-04 11:09:00+05:30,7.3,7.3,7.2,7.2,29550,1783500,10.79,26074.7,25550.0,25500,ATM-10,PUT,26000,2025-12-04
2025-12-04 11:10:00+05:30,8.7,8.8,8.55,8.6,65550,7212150,10.42,26076.0,25600.0,25500,ATM-10,PUT,26000,2025-12-04
2025-12-04 11:11:00+05:30,7.15,7.2,7.1,7.15,19050,1802925,10.75,26073.2,25550.0,25500,ATM-10,PUT,26000,2025-12-04
2025-12-04 11:12:00+05:30,7.25,7.3,7.2,7.25,17400,1802925,10.78,26073.0,25550.0,25500,ATM-10,PUT,26000,2025-12-04
2025-12-04 11:13:00+05:30,7.25,7.3,7.15,7.15,25875,1815975,10.72,26070.4,25550.0,25500,ATM-10,PUT,26000,2025-12-04
2025-12-04 11:14:00+05:30,8.75,8.75,8.65,8.65,65250,7160400,10.45,26077.05,25600.0,25500,ATM-10,PUT,26000,2025-12-04
2025-12-04 11:15:00+05:30,7.2,7.25,7.2,7.25,9300,1815975,10.76,26070.5,25550.0,25500,ATM-10,PUT,26000,2025-12-04
2025-12-04 11:16:00+05:30,7.2,7.25,7.15,7.2,21375,1827600,10.78,26073.05,25550.0,25500,ATM-10,PUT,26000,2025-12-04
2025-12-04 11:17:00+05:30,8.7,8.8,8.65,8.75,69075,7172700,10.45,26075.6,25600.0,25500,ATM-10,PUT,26000,2025-12-04
2025-12-04 11:18:00+05:30,7.25,7.3,7.2,7.3,27900,1827600,10.74,26068.0,25550.0,25500,ATM-10,PUT,26000,2025-12-04
2025-12-04 11:19:00+05:30,7.25,7.25,7.15,7.25,19500,1810575,10.74,26070.3,25550.0,25500,ATM-10,PUT,26000,2025-12-04
2025-12-04 11:20:00+05:30,7.25,7.3,7.2,7.25,44025,1810575,10.68,26065.55,25550.0,25500,ATM-10,PUT,26000,2025-12-04
2025-12-04 11:21:00+05:30,7.25,7.3,7.15,7.2,63825,1810575,10.7,26068.1,25550.0,25500,ATM-10,PUT,26000,2025-12-04
2025-12-04 11:22:00+05:30,7.25,7.25,7.15,7.15,55350,1835025,10.71,26069.4,25550.0,25500,ATM-10,PUT,26000,2025-12-04
2025-12-04 11:23:00+05:30,7.2,7.3,7.2,7.3,35775,1835025,10.66,26064.3,25550.0,25500,ATM-10,PUT,26000,2025-12-04
2025-12-04 11:24:00+05:30,7.3,7.35,7.2,7.25,44550,1835025,10.65,26063.15,25550.0,25500,ATM-10,PUT,26000,2025-12-04
2025-12-04 11:25:00+05:30,7.2,7.25,7.2,7.25,45225,1843650,10.72,26067.9,25550.0,25500,ATM-10,PUT,26000,2025-12-04
2025-12-04 11:26:00+05:30,7.3,7.35,7.2,7.25,106650,1843650,10.7,26066.15,25550.0,25500,ATM-10,PUT,26000,2025-12-04
2025-12-04 11:27:00+05:30,7.25,7.45,7.2,7.4,32175,1843650,10.68,26063.35,25550.0,25500,ATM-10,PUT,26000,2025-12-04
2025-12-04 11:28:00+05:30,7.4,7.45,7.3,7.35,53250,1887825,10.67,26062.6,25550.0,25500,ATM-10,PUT,26000,2025-12-04
2025-12-04 11:29:00+05:30,7.3,7.4,7.25,7.4,35850,1887825,10.61,26060.6,25550.0,25500,ATM-10,PUT,26000,2025-12-04
2025-12-04 11:30:00+05:30,7.55,7.55,7.35,7.4,88500,1887825,10.66,26060.35,25550.0,25500,ATM-10,PUT,26000,2025-12-04
2025-12-04 11:31:00+05:30,7.4,7.45,7.3,7.45,88950,1910775,10.66,26060.0,25550.0,25500,ATM-10,PUT,26000,2025-12-04
2025-12-04 11:32:00+05:30,7.5,7.55,7.45,7.5,31275,1910775,10.68,26060.25,25550.0,25500,ATM-10,PUT,26000,2025-12-04
2025-12-04 11:33:00+05:30,7.45,7.45,7.35,7.45,32775,1910775,10.7,26063.2,25550.0,25500,ATM-10,PUT,26000,2025-12-04
2025-12-04 11:34:00+05:30,7.5,7.6,7.4,7.55,72525,1901700,10.71,26061.3,25550.0,25500,ATM-10,PUT,26000,2025-12-04
2025-12-04 11:35:00+05:30,7.55,7.55,7.45,7.45,11175,1901700,10.67,26060.7,25550.0,25500,ATM-10,PUT,26000,2025-12-04
2025-12-04 11:36:00+05:30,7.4,7.5,7.3,7.35,11325,1901700,10.63,26060.55,25550.0,25500,ATM-10,PUT,26000,2025-12-04
2025-12-04 11:37:00+05:30,7.45,7.65,7.45,7.6,24150,1914900,10.61,26052.9,25550.0,25500,ATM-10,PUT,26000,2025-12-04
2025-12-04 11:38:00+05:30,7.6,8.1,7.5,7.9,91275,1914900,10.5,26039.35,25550.0,25500,ATM-10,PUT,26000,2025-12-04
2025-12-04 11:39:00+05:30,7.85,7.9,7.7,7.8,98325,1914900,10.37,26034.75,25550.0,25500,ATM-10,PUT,26000,2025-12-04
2025-12-04 11:40:00+05:30,7.75,7.8,7.65,7.7,100275,1948800,10.42,26038.15,25550.0,25500,ATM-10,PUT,26000,2025-12-04
2025-12-04 11:41:00+05:30,7.7,8.05,7.7,8.05,45750,1948800,10.45,26033.45,25550.0,25500,ATM-10,PUT,26000,2025-12-04
2025-12-04 11:42:00+05:30,8.0,8.25,7.9,8.15,85725,1948800,10.37,26028.2,25550.0,25500,ATM-10,PUT,26000,2025-12-04
2025-12-04 11:43:00+05:30,6.7,6.95,6.6,6.85,114750,9790425,10.71,26023.45,25500.0,25500,ATM-10,PUT,26000,2025-12-04
2025-12-04 11:44:00+05:30,8.4,8.4,8.1,8.25,61500,1962300,10.38,26028.8,25550.0,25500,ATM-10,PUT,26000,2025-12-04
2025-12-04 11:45:00+05:30,6.75,7.25,6.75,7.15,205500,9790425,10.67,26015.15,25500.0,25500,ATM-10,PUT,26000,2025-12-04
2025-12-04 11:46:00+05:30,8.65,8.75,8.3,8.35,80250,1981425,10.39,26025.5,25550.0,25500,ATM-10,PUT,26000,2025-12-04
2025-12-04 11:47:00+05:30,8.4,8.45,8.2,8.35,69975,1981425,10.43,26028.45,25550.0,25500,ATM-10,PUT,26000,2025-12-04
2025-12-04 11:48:00+05:30,8.3,8.5,8.2,8.4,67950,1981425,10.43,26025.95,25550.0,25500,ATM-10,PUT,26000,2025-12-04
2025-12-04 11:49:00+05:30,8.4,8.5,8.15,8.2,64650,1986300,10.45,26031.3,25550.0,25500,ATM-10,PUT,26000,2025-12-04
2025-12-04 11:50:00+05:30,8.25,8.35,8.15,8.2,66600,1986300,10.41,26029.6,25550.0,25500,ATM-10,PUT,26000,2025-12-04
2025-12-04 11:51:00+05:30,6.8,7.05,6.75,6.9,118800,9837825,10.73,26022.9,25500.0,25500,ATM-10,PUT,26000,2025-12-04
2025-12-04 11:52:00+05:30,6.9,7.0,6.85,7.0,47400,9820950,10.73,26021.9,25500.0,25500,ATM-10,PUT,26000,2025-12-04
2025-12-04 11:53:00+05:30,7.0,7.0,6.85,6.95,67950,9820950,10.68,26018.35,25500.0,25500,ATM-10,PUT,26000,2025-12-04
2025-12-04 11:54:00+05:30,7.05,7.05,6.9,7.0,71100,9820950,10.66,26016.7,25500.0,25500,ATM-10,PUT,26000,2025-12-04
2025-12-04 11:55:00+05:30,8.6,8.6,8.25,8.3,60675,1954125,10.4,26028.1,25550.0,25500,ATM-10,PUT,26000,2025-12-04
2025-12-04 11:56:00+05:30,8.3,8.4,8.3,8.35,16275,1954125,10.4,26025.15,25550.0,25500,ATM-10,PUT,26000,2025-12-04
2025-12-04 11:57:00+05:30,6.95,7.0,6.85,6.95,106875,9837000,10.73,26022.55,25500.0,25500,ATM-10,PUT,26000,2025-12-04
2025-12-04 11:58:00+05:30,6.95,7.05,6.95,6.95,47775,9808275,10.7,26020.0,25500.0,25500,ATM-10,PUT,26000,2025-12-04
2025-12-04 11:59:00+05:30,6.95,7.0,6.85,6.85,28650,9808275,10.73,26024.0,25500.0,25500,ATM-10,PUT,26000,2025-12-04
2025-12-04 12:00:00+05:30,6.85,6.95,6.8,6.95,46575,9808275,10.76,26024.55,25500.0,25500,ATM-10,PUT,26000,2025-12-04
2025-12-04 12:01:00+05:30,6.95,7.0,6.85,6.9,44025,9822750,10.78,26024.9,25500.0,25500,ATM-10,PUT,26000,2025-12-04
2025-12-04 12:02:00+05:30,6.9,6.95,6.7,6.95,90975,9822750,10.76,26024.6,25500.0,25500,ATM-10,PUT,26000,2025-12-04
2025-12-04 12:03:00+05:30,8.4,8.4,8.1,8.1,22500,1951050,10.4,26031.4,25550.0,25500,ATM-10,PUT,26000,2025-12-04
2025-12-04 12:04:00+05:30,8.1,8.1,7.9,7.95,56175,1941900,10.41,26032.65,25550.0,25500,ATM-10,PUT,26000,2025-12-04
2025-12-04 12:05:00+05:30,7.9,8.0,7.7,7.8,36075,1941900,10.46,26038.45,25550.0,25500,ATM-10,PUT,26000,2025-12-04
2025-12-04 12:06:00+05:30,7.8,7.95,7.75,7.9,13050,1941900,10.41,26035.45,25550.0,25500,ATM-10,PUT,26000,2025-12-04
2025-12-04 12:07:00+05:30,7.85,7.9,7.45,7.45,39975,1945650,10.4,26040.6,25550.0,25500,ATM-10,PUT,26000,2025-12-04
2025-12-04 12:08:00+05:30,7.5,7.5,7.3,7.4,45525,1945650,10.39,26042.85,25550.0,25500,ATM-10,PUT,26000,2025-12-04
2025-12-04 12:09:00+05:30,7.35,7.9,7.35,7.8,42675,1945650,10.33,26032.0,25550.0,25500,ATM-10,PUT,26000,2025-12-04
2025-12-04 12:10:00+05:30,7.75,7.95,7.75,7.9,35475,1931100,10.28,26027.7,25550.0,25500,ATM-10,PUT,26000,2025-12-04
2025-12-04 12:11:00+05:30,6.55,6.65,6.5,6.65,114225,9745800,10.66,26023.8,25500.0,25500,ATM-10,PUT,26000,2025-12-04
2025-12-04 12:12:00+05:30,8.0,8.15,7.85,7.9,30975,1931100,10.3,26027.3,25550.0,25500,ATM-10,PUT,26000,2025-12-04
2025-12-04 12:13:00+05:30,7.9,7.9,7.7,7.8,33450,1938900,10.27,26026.8,25550.0,25500,ATM-10,PUT,26000,2025-12-04
2025-12-04 12:14:00+05:30,7.75,7.8,7.6,7.7,11175,1938900,10.25,26028.15,25550.0,25500,ATM-10,PUT,26000,2025-12-04
2025-12-04 12:15:00+05:30,6.45,6.65,6.45,6.6,81600,9720000,10.56,26017.8,25500.0,25500,ATM-10,PUT,26000,2025-12-04
2025-12-04 12:16:00+05:30,6.6,6.65,6.45,6.5,92250,9743100,10.57,26021.65,25500.0,25500,ATM-10,PUT,26000,2025-12-04
2025-12-04 12:17:00+05:30,6.55,6.55,6.4,6.5,53325,9743100,10.61,26023.0,25500.0,25500,ATM-10,PUT,26000,2025-12-04
2025-12-04 12:18:00+05:30,6.55,6.55,6.45,6.5,60375,9743100,10.59,26022.65,25500.0,25500,ATM-10,PUT,26000,2025-12-04
2025-12-04 12:19:00+05:30,6.5,6.65,6.5,6.6,60450,9745275,10.56,26018.15,25500.0,25500,ATM-10,PUT,26000,2025-12-04
2025-12-04 12:20:00+05:30,6.55,6.85,6.5,6.8,151650,9745275,10.46,26006.95,25500.0,25500,ATM-10,PUT,26000,2025-12-04
2025-12-04 12:21:00+05:30,6.85,6.95,6.65,6.65,193125,9745275,10.48,26012.15,25500.0,25500,ATM-10,PUT,26000,2025-12-04
2025-12-04 12:22:00+05:30,6.7,6.8,6.6,6.65,97725,9738900,10.55,26015.1,25500.0,25500,ATM-10,PUT,26000,2025-12-04
2025-12-04 12:23:00+05:30,6.7,6.7,6.5,6.55,148650,9738900,10.52,26015.85,25500.0,25500,ATM-10,PUT,26000,2025-12-04
2025-12-04 12:24:00+05:30,6.6,6.6,6.45,6.5,34650,9738900,10.57,26019.5,25500.0,25500,ATM-10,PUT,26000,2025-12-04
2025-12-04 12:25:00+05:30,6.4,6.5,6.4,6.45,133275,9719475,10.62,26024.4,25500.0,25500,ATM-10,PUT,26000,2025-12-04
2025-12-04 12:26:00+05:30,6.45,6.5,6.35,6.35,63525,9719475,10.59,26024.5,25500.0,25500,ATM-10,PUT,26000,2025-12-04
2025-12-04 12:27:00+05:30,7.8,7.9,7.7,7.7,17550,1959000,10.22,26025.65,25550.0,25500,ATM-10,PUT,26000,2025-12-04
2025-12-04 12:28:00+05:30,7.75,7.75,7.5,7.55,92100,1952700,10.24,26028.9,25550.0,25500,ATM-10,PUT,26000,2025-12-04
2025-12-04 12:29:00+05:30,6.2,6.5,6.15,6.45,210225,9724950,10.61,26024.25,25500.0,25500,ATM-10,PUT,26000,2025-12-04
2025-12-04 12:30:00+05:30,7.8,7.9,7.7,7.7,15225,1952700,10.23,26026.8,25550.0,25500,ATM-10,PUT,26000,2025-12-04
2025-12-04 12:31:00+05:30,7.7,7.9,7.65,7.75,21150,1975500,10.25,26025.35,25550.0,25500,ATM-10,PUT,26000,2025-12-04
2025-12-04 12:32:00+05:30,6.4,6.45,6.3,6.4,28575,9729675,10.59,26024.35,25500.0,25500,ATM-10,PUT,26000,2025-12-04
2025-12-04 12:33:00+05:30,7.75,7.8,7.65,7.65,5250,1975500,10.28,26029.0,25550.0,25500,ATM-10,PUT,26000,2025-12-04
2025-12-04 12:34:00+05:30,7.7,7.7,7.65,7.7,15675,1975500,10.26,26025.9,25550.0,25500,ATM-10,PUT,26000,2025-12-04
2025-12-04 12:35:00+05:30,7.65,7.75,7.65,7.65,7275,1977675,10.26,26027.9,25550.0,25500,ATM-10,PUT,26000,2025-12-04
2025-12-04 12:36:00+05:30,7.65,7.7,7.6,7.65,25650,1977675,10.23,26026.05,25550.0,25500,ATM-10,PUT,26000,2025-12-04
2025-12-04 12:37:00+05:30,6.25,6.35,6.25,6.25,55725,9709500,10.58,26025.0,25500.0,25500,ATM-10,PUT,26000,2025-12-04
2025-12-04 12:38:00+05:30,7.7,7.75,7.6,7.6,13725,1961175,10.23,26026.65,25550.0,25500,ATM-10,PUT,26000,2025-12-04
2025-12-04 12:39:00+05:30,6.2,6.3,6.15,6.25,79125,9709500,10.56,26023.95,25500.0,25500,ATM-10,PUT,26000,2025-12-04
2025-12-04 12:40:00+05:30,6.25,6.3,6.2,6.25,123150,9709500,10.56,26025.0,25500.0,25500,ATM-10,PUT,26000,2025-12-04
2025-12-04 12:41:00+05:30,6.25,6.3,6.2,6.25,42150,9759300,10.52,26023.6,25500.0,25500,ATM-10,PUT,26000,2025-12-04
2025-12-04 12:42:00+05:30,6.35,6.45,6.3,6.45,81375,9759300,10.51,26017.2,25500.0,25500,ATM-10,PUT,26000,2025-12-04
2025-12-04 12:43:00+05:30,6.35,6.5,6.35,6.45,126450,9759300,10.44,26012.5,25500.0,25500,ATM-10,PUT,26000,2025-12-04
2025-12-04 12:44:00+05:30,6.4,6.5,6.4,6.4,90450,9799650,10.4,26009.55,25500.0,25500,ATM-10,PUT,26000,2025-12-04
2025-12-04 12:45:00+05:30,6.4,7.0,6.4,7.0,367500,9799650,10.32,25992.1,25500.0,25500,ATM-10,PUT,26000,2025-12-04
2025-12-04 12:46:00+05:30,6.85,6.85,6.6,6.75,179025,9799650,10.22,25990.7,25500.0,25500,ATM-10,PUT,26000,2025-12-04
2025-12-04 12:47:00+05:30,6.65,6.7,6.5,6.6,121875,9856500,10.3,26000.85,25500.0,25500,ATM-10,PUT,26000,2025-12-04
2025-12-04 12:48:00+05:30,6.55,6.8,6.5,6.7,155400,9856500,10.3,25997.05,25500.0,25500,ATM-10,PUT,26000,2025-12-04
2025-12-04 12:49:00+05:30,6.7,6.85,6.65,6.8,81225,9856500,10.27,25993.35,25500.0,25500,ATM-10,PUT,26000,2025-12-04
2025-12-04 12:50:00+05:30,6.8,6.85,6.65,6.75,163425,9909450,10.29,25994.45,25500.0,25500,ATM-10,PUT,26000,2025-12-04
2025-12-04 12:51:00+05:30,6.75,6.9,6.7,6.8,151875,9909450,10.3,25995.5,25500.0,25500,ATM-10,PUT,26000,2025-12-04
2025-12-04 12:52:00+05:30,6.8,7.1,6.8,7.0,117375,9909450,10.31,25991.55,25500.0,25500,ATM-10,PUT,26000,2025-12-04
2025-12-04 12:53:00+05:30,7.0,7.1,6.9,6.9,72600,9926700,10.33,25993.85,25500.0,25500,ATM-10,PUT,26000,2025-12-04
2025-12-04 12:54:00+05:30,7.0,7.0,6.8,6.95,99825,9926700,10.3,25992.85,25500.0,25500,ATM-10,PUT,26000,2025-12-04
2025-12-04 12:55:00+05:30,6.9,6.95,6.7,6.75,103125,9926700,10.42,26004.5,25500.0,25500,ATM-10,PUT,26000,2025-12-04
2025-12-04 12:56:00+05:30,6.7,6.85,6.7,6.8,49275,9918675,10.45,26005.95,25500.0,25500,ATM-10,PUT,26000,2025-12-04
2025-12-04 12:57:00+05:30,6.8,6.85,6.7,6.8,50700,9918675,10.46,26005.95,25500.0,25500,ATM-10,PUT,26000,2025-12-04
2025-12-04 12:58:00+05:30,6.8,6.95,6.7,6.85,69750,9918675,10.42,26004.05,25500.0,25500,ATM-10,PUT,26000,2025-12-04
2025-12-04 12:59:00+05:30,6.9,6.95,6.85,6.9,20925,9943950,10.44,26002.4,25500.0,25500,ATM-10,PUT,26000,2025-12-04
2025-12-04 13:00:00+05:30,6.9,7.1,6.9,6.9,59325,9943950,10.41,26001.85,25500.0,25500,ATM-10,PUT,26000,2025-12-04
2025-12-04 13:01:00+05:30,6.95,6.95,6.85,6.85,71550,9943950,10.45,26004.2,25500.0,25500,ATM-10,PUT,26000,2025-12-04
2025-12-04 13:02:00+05:30,6.85,7.0,6.8,7.0,27000,9947550,10.48,26001.3,25500.0,25500,ATM-10,PUT,26000,2025-12-04
2025-12-04 13:03:00+05:30,6.9,6.95,6.75,6.85,38850,9947550,10.45,26002.7,25500.0,25500,ATM-10,PUT,26000,2025-12-04
2025-12-04 13:04:00+05:30,6.8,6.85,6.7,6.8,61200,9947550,10.46,26005.85,25500.0,25500,ATM-10,PUT,26000,2025-12-04
2025-12-04 13:05:00+05:30,6.85,7.0,6.8,6.95,36750,9938625,10.43,26001.05,25500.0,25500,ATM-10,PUT,26000,2025-12-04
2025-12-04 13:06:00+05:30,7.0,7.0,6.8,6.8,42225,9938625,10.42,26002.2,25500.0,25500,ATM-10,PUT,26000,2025-12-04
2025-12-04 13:07:00+05:30,6.8,6.95,6.75,6.8,53400,9938625,10.42,26003.9,25500.0,25500,ATM-10,PUT,26000,2025-12-04
2025-12-04 13:08:00+05:30,6.8,6.8,6.65,6.8,57975,9919650,10.38,25999.95,25500.0,25500,ATM-10,PUT,26000,2025-12-04
2025-12-04 13:09:00+05:30,6.8,6.9,6.75,6.9,42075,9919650,10.38,25997.95,25500.0,25500,ATM-10,PUT,26000,2025-12-04
2025-12-04 13:10:00+05:30,6.9,7.05,6.85,6.95,54525,9919650,10.33,25993.15,25500.0,25500,ATM-10,PUT,26000,2025-12-04
2025-12-04 13:11:00+05:30,6.95,6.95,6.85,6.85,48150,9937650,10.31,25994.25,25500.0,25500,ATM-10,PUT,26000,2025-12-04
2025-12-04 13:12:00+05:30,6.9,6.95,6.75,6.9,85125,9937650,10.31,25993.45,25500.0,25500,ATM-10,PUT,26000,2025-12-04
2025-12-04 13:13:00+05:30,7.0,7.0,6.85,6.9,42975,9937650,10.33,25993.8,25500.0,25500,ATM-10,PUT,26000,2025-12-04
2025-12-04 13:14:00+05:30,6.9,6.9,6.65,6.75,79125,9952875,10.39,26000.8,25500.0,25500,ATM-10,PUT,26000,2025-12-04
2025-12-04 13:15:00+05:30,6.8,6.8,6.7,6.8,90900,9952875,10.42,26002.4,25500.0,25500,ATM-10,PUT,26000,2025-12-04
2025-12-04 13:16:00+05:30,6.75,6.75,6.65,6.7,30750,9952875,10.43,26003.3,25500.0,25500,ATM-10,PUT,26000,2025-12-04
2025-12-04 13:17:00+05:30,6.7,6.85,6.65,6.8,31500,9981825,10.4,26000.85,25500.0,25500,ATM-10,PUT,26000,2025-12-04
2025-12-04 13:18:00+05:30,6.75,6.8,6.6,6.8,44025,9981825,10.4,26001.5,25500.0,25500,ATM-10,PUT,26000,2025-12-04
2025-12-04 13:19:00+05:30,6.8,7.05,6.75,6.85,70800,9981825,10.33,25995.65,25500.0,25500,ATM-10,PUT,26000,2025-12-04
2025-12-04 13:20:00+05:30,6.9,6.95,6.75,6.75,48450,9990975,10.4,26001.5,25500.0,25500,ATM-10,PUT,26000,2025-12-04
2025-12-04 13:21:00+05:30,6.75,6.85,6.75,6.75,37650,9990975,10.48,26006.85,25500.0,25500,ATM-10,PUT,26000,2025-12-04
2025-12-04 13:22:00+05:30,6.75,6.8,6.4,6.4,149700,9990975,10.51,26016.15,25500.0,25500,ATM-10,PUT,26000,2025-12-04
2025-12-04 13:23:00+05:30,6.45,6.45,6.35,6.4,93375,9966600,10.52,26017.05,25500.0,25500,ATM-10,PUT,26000,2025-12-04
2025-12-04 13:24:00+05:30,6.4,6.5,6.3,6.3,76725,9966600,10.5,26017.85,25500.0,25500,ATM-10,PUT,26000,2025-12-04
2025-12-04 13:25:00+05:30,6.35,6.4,6.2,6.35,84000,9966600,10.51,26016.25,25500.0,25500,ATM-10,PUT,26000,2025-12-04
2025-12-04 13:26:00+05:30,6.4,6.45,6.3,6.4,138675,9925800,10.55,26018.15,25500.0,25500,ATM-10,PUT,26000,2025-12-04
2025-12-04 13:27:00+05:30,6.35,6.4,6.3,6.4,44925,9925800,10.56,26018.95,25500.0,25500,ATM-10,PUT,26000,2025-12-04
2025-12-04 13:28:00+05:30,6.4,6.45,6.35,6.45,38025,9925800,10.53,26016.8,25500.0,25500,ATM-10,PUT,26000,2025-12-04
2025-12-04 13:29:00+05:30,6.4,6.4,6.3,6.3,21150,9897900,10.55,26015.7,25500.0,25500,ATM-10,PUT,26000,2025-12-04
2025-12-04 13:30:00+05:30,6.35,6.35,6.15,6.3,93075,9897900,10.47,26015.3,25500.0,25500,ATM-10,PUT,26000,2025-12-04
2025-12-04 13:31:00+05:30,6.35,6.45,6.3,6.35,38475,9897900,10.45,26013.6,25500.0,25500,ATM-10,PUT,26000,2025-12-04
2025-12-04 13:32:00+05:30,6.4,6.5,6.35,6.4,84300,9895200,10.44,26011.8,25500.0,25500,ATM-10,PUT,26000,2025-12-04
2025-12-04 13:33:00+05:30,6.4,6.5,6.4,6.4,45150,9895200,10.39,26008.95,25500.0,25500,ATM-10,PUT,26000,2025-12-04
2025-12-04 13:34:00+05:30,6.45,6.7,6.4,6.7,68175,9895200,10.41,26002.4,25500.0,25500,ATM-10,PUT,26000,2025-12-04
2025-12-04 13:35:00+05:30,6.65,6.85,6.65,6.75,113625,9883650,10.24,25990.4,25500.0,25500,ATM-10,PUT,26000,2025-12-04
2025-12-04 13:36:00+05:30,6.8,6.95,6.75,6.8,116250,9883650,10.11,25979.5,25500.0,25500,ATM-10,PUT,26000,2025-12-04
2025-12-04 13:37:00+05:30,6.85,6.95,6.7,6.8,163950,9883650,10.02,25976.3,25500.0,25500,ATM-10,PUT,26000,2025-12-04
2025-12-04 13:38:00+05:30,6.8,6.85,6.65,6.7,62925,9909225,10.08,25981.75,25500.0,25500,ATM-10,PUT,26000,2025-12-04
2025-12-04 13:39:00+05:30,6.8,6.85,6.7,6.8,87000,9909225,10.1,25980.55,25500.0,25500,ATM-10,PUT,26000,2025-12-04
2025-12-04 13:40:00+05:30,6.75,6.9,6.75,6.9,146925,9909225,10.1,25978.35,25500.0,25500,ATM-10,PUT,26000,2025-12-04
2025-12-04 13:41:00+05:30,5.8,6.2,5.75,6.15,105675,1570200,10.47,25964.95,25450.0,25500,ATM-10,PUT,26000,2025-12-04
2025-12-04 13:42:00+05:30,6.1,6.15,5.85,5.95,60150,1570200,10.5,25973.25,25450.0,25500,ATM-10,PUT,26000,2025-12-04
2025-12-04 13:43:00+05:30,5.95,6.0,5.75,5.9,30075,1570200,10.46,25972.9,25450.0,25500,ATM-10,PUT,26000,2025-12-04
2025-12-04 13:44:00+05:30,7.1,7.1,6.9,6.95,335625,9855900,10.08,25976.3,25500.0,25500,ATM-10,PUT,26000,2025-12-04
2025-12-04 13:45:00+05:30,5.8,5.9,5.75,5.8,53700,1545225,10.42,25972.8,25450.0,25500,ATM-10,PUT,26000,2025-12-04
2025-12-04 13:46:00+05:30,6.95,7.0,6.85,6.85,30825,9855900,10.05,25976.05,25500.0,25500,ATM-10,PUT,26000,2025-12-04
2025-12-04 13:47:00+05:30,6.85,7.0,6.8,6.9,118650,9821400,10.1,25978.2,25500.0,25500,ATM-10,PUT,26000,2025-12-04
2025-12-04 13:48:00+05:30,6.8,6.95,6.75,6.8,141825,9821400,10.07,25979.4,25500.0,25500,ATM-10,PUT,26000,2025-12-04
2025-12-04 13:49:00+05:30,6.75,6.85,6.7,6.8,103350,9821400,10.08,25978.65,25500.0,25500,ATM-10,PUT,26000,2025-12-04
2025-12-04 13:50:00+05:30,6.8,6.85,6.75,6.85,46875,9824550,10.09,25978.55,25500.0,25500,ATM-10,PUT,26000,2025-12-04
2025-12-04 13:51:00+05:30,6.85,6.9,6.8,6.85,155100,9824550,10.13,25980.5,25500.0,25500,ATM-10,PUT,26000,2025-12-04
2025-12-04 13:52:00+05:30,6.85,7.0,6.85,6.85,93300,9824550,10.13,25981.55,25500.0,25500,ATM-10,PUT,26000,2025-12-04
2025-12-04 13:53:00+05:30,5.75,5.9,5.75,5.85,8700,1542975,10.48,25974.85,25450.0,25500,ATM-10,PUT,26000,2025-12-04
2025-12-04 13:54:00+05:30,6.95,7.05,6.9,7.0,48375,9839775,10.1,25975.55,25500.0,25500,ATM-10,PUT,26000,2025-12-04
2025-12-04 13:55:00+05:30,5.85,6.0,5.85,5.95,72075,1542975,10.48,25971.95,25450.0,25500,ATM-10,PUT,26000,2025-12-04
2025-12-04 13:56:00+05:30,5.95,5.95,5.8,5.9,5925,1543725,10.48,25974.4,25450.0,25500,ATM-10,PUT,26000,2025-12-04
2025-12-04 13:57:00+05:30,7.0,7.2,7.0,7.0,81150,9845850,10.09,25975.8,25500.0,25500,ATM-10,PUT,26000,2025-12-04
2025-12-04 13:58:00+05:30,5.85,6.0,5.85,6.0,10350,1543725,10.53,25974.05,25450.0,25500,ATM-10,PUT,26000,2025-12-04
2025-12-04 13:59:00+05:30,5.9,5.95,5.85,5.85,11850,1547700,10.48,25973.3,25450.0,25500,ATM-10,PUT,26000,2025-12-04
2025-12-04 14:00:00+05:30,5.95,6.0,5.85,5.85,26625,1547700,10.46,25972.3,25450.0,25500,ATM-10,PUT,26000,2025-12-04
2025-12-04 14:01:00+05:30,7.0,7.1,6.7,6.85,148125,9843375,10.13,25979.95,25500.0,25500,ATM-10,PUT,26000,2025-12-04
2025-12-04 14:02:00+05:30,6.85,6.85,6.7,6.85,129750,9807825,10.15,25980.35,25500.0,25500,ATM-10,PUT,26000,2025-12-04
2025-12-04 14:03:00+05:30,6.9,7.1,6.8,6.85,99675,9807825,10.11,25978.75,25500.0,25500,ATM-10,PUT,26000,2025-12-04
2025-12-04 14:04:00+05:30,6.85,6.85,6.55,6.65,77625,9807825,10.18,25986.7,25500.0,25500,ATM-10,PUT,26000,2025-12-04
2025-12-04 14:05:00+05:30,6.65,6.9,6.6,6.75,40725,9782625,10.11,25980.35,25500.0,25500,ATM-10,PUT,26000,2025-12-04
2025-12-04 14:06:00+05:30,6.8,6.8,6.65,6.7,38475,9782625,10.13,25982.0,25500.0,25500,ATM-10,PUT,26000,2025-12-04
2025-12-04 14:07:00+05:30,6.65,6.65,6.3,6.35,168075,9782625,10.25,25998.25,25500.0,25500,ATM-10,PUT,26000,2025-12-04
2025-12-04 14:08:00+05:30,6.4,6.4,6.3,6.3,96525,9736275,10.29,26001.55,25500.0,25500,ATM-10,PUT,26000,2025-12-04
2025-12-04 14:09:00+05:30,6.3,6.4,6.2,6.25,189300,9736275,10.3,26005.6,25500.0,25500,ATM-10,PUT,26000,2025-12-04
2025-12-04 14:10:00+05:30,6.35,6.35,6.0,6.15,456000,9736275,10.5,26017.4,25500.0,25500,ATM-10,PUT,26000,2025-12-04
2025-12-04 14:11:00+05:30,6.05,6.2,6.0,6.15,106350,9740475,10.34,26007.55,25500.0,25500,ATM-10,PUT,26000,2025-12-04
2025-12-04 14:12:00+05:30,6.2,6.2,6.15,6.2,33675,9740475,10.39,26009.2,25500.0,25500,ATM-10,PUT,26000,2025-12-04
2025-12-04 14:13:00+05:30,6.15,6.25,6.15,6.15,41400,9740475,10.29,26004.15,25500.0,25500,ATM-10,PUT,26000,2025-12-04
2025-12-04 14:14:00+05:30,6.2,6.2,6.1,6.2,56925,9729675,10.3,26004.05,25500.0,25500,ATM-10,PUT,26000,2025-12-04
2025-12-04 14:15:00+05:30,6.2,6.25,6.1,6.2,52575,9729675,10.26,26001.75,25500.0,25500,ATM-10,PUT,26000,2025-12-04
2025-12-04 14:16:00+05:30,6.2,6.3,6.15,6.15,45675,9729675,10.25,26001.6,25500.0,25500,ATM-10,PUT,26000,2025-12-04
2025-12-04 14:17:00+05:30,6.2,6.2,5.9,5.95,160650,9768825,10.3,26009.45,25500.0,25500,ATM-10,PUT,26000,2025-12-04
2025-12-04 14:18:00+05:30,5.9,6.05,5.9,6.0,28125,9768825,10.3,26008.75,25500.0,25500,ATM-10,PUT,26000,2025-12-04
2025-12-04 14:19:00+05:30,6.0,6.2,6.0,6.15,58350,9768825,10.23,26001.0,25500.0,25500,ATM-10,PUT,26000,2025-12-04
2025-12-04 14:20:00+05:30,6.15,6.2,6.1,6.15,43575,9763650,10.19,25997.45,25500.0,25500,ATM-10,PUT,26000,2025-12-04
2025-12-04 14:21:00+05:30,6.15,6.3,6.15,6.15,78675,9763650,10.14,25995.0,25500.0,25500,ATM-10,PUT,26000,2025-12-04
2025-12-04 14:22:00+05:30,6.15,6.25,6.0,6.05,82650,9763650,10.11,25995.3,25500.0,25500,ATM-10,PUT,26000,2025-12-04
2025-12-04 14:23:00+05:30,6.1,6.1,5.75,5.8,69900,9756525,10.2,26007.0,25500.0,25500,ATM-10,PUT,26000,2025-12-04
2025-12-04 14:24:00+05:30,5.8,6.05,5.8,6.05,89325,9756525,10.23,26002.25,25500.0,25500,ATM-10,PUT,26000,2025-12-04
2025-12-04 14:25:00+05:30,6.0,6.0,5.9,5.95,27300,9756525,10.18,26000.7,25500.0,25500,ATM-10,PUT,26000,2025-12-04
2025-12-04 14:26:00+05:30,5.95,5.95,5.85,5.95,52725,9771075,10.25,26006.75,25500.0,25500,ATM-10,PUT,26000,2025-12-04
2025-12-04 14:27:00+05:30,5.95,5.95,5.85,5.9,62850,9771075,10.25,26007.5,25500.0,25500,ATM-10,PUT,26000,2025-12-04
2025-12-04 14:28:00+05:30,5.85,5.95,5.8,5.9,52575,9771075,10.23,26006.15,25500.0,25500,ATM-10,PUT,26000,2025-12-04
2025-12-04 14:29:00+05:30,5.85,5.9,5.7,5.7,58425,9779250,10.29,26014.0,25500.0,25500,ATM-10,PUT,26000,2025-12-04
2025-12-04 14:30:00+05:30,5.7,5.95,5.65,5.9,131850,9779250,10.38,26016.25,25500.0,25500,ATM-10,PUT,26000,2025-12-04
2025-12-04 14:31:00+05:30,5.9,5.95,5.85,5.9,120975,9779250,10.39,26015.55,25500.0,25500,ATM-10,PUT,26000,2025-12-04
2025-12-04 14:32:00+05:30,5.9,6.05,5.85,5.9,124950,9827100,10.27,26008.7,25500.0,25500,ATM-10,PUT,26000,2025-12-04
2025-12-04 14:33:00+05:30,5.95,5.95,5.85,5.9,74400,9827100,10.31,26010.1,25500.0,25500,ATM-10,PUT,26000,2025-12-04
2025-12-04 14:34:00+05:30,5.9,5.9,5.85,5.85,57975,9827100,10.25,26008.95,25500.0,25500,ATM-10,PUT,26000,2025-12-04
2025-12-04 14:35:00+05:30,5.9,6.05,5.85,5.95,46950,9838500,10.2,26003.8,25500.0,25500,ATM-10,PUT,26000,2025-12-04
2025-12-04 14:36:00+05:30,5.9,5.9,5.8,5.8,31425,9838500,10.13,26000.4,25500.0,25500,ATM-10,PUT,26000,2025-12-04
2025-12-04 14:37:00+05:30,5.8,5.85,5.8,5.85,37050,9838500,10.19,26004.1,25500.0,25500,ATM-10,PUT,26000,2025-12-04
2025-12-04 14:38:00+05:30,5.75,5.8,5.7,5.75,115125,9828600,10.3,26013.55,25500.0,25500,ATM-10,PUT,26000,2025-12-04
2025-12-04 14:39:00+05:30,5.7,5.7,5.6,5.65,107475,9828600,10.28,26013.75,25500.0,25500,ATM-10,PUT,26000,2025-12-04
2025-12-04 14:40:00+05:30,5.65,5.7,5.65,5.65,31950,9828600,10.32,26017.5,25500.0,25500,ATM-10,PUT,26000,2025-12-04
2025-12-04 14:41:00+05:30,5.65,5.7,5.65,5.65,47700,9811425,10.29,26015.45,25500.0,25500,ATM-10,PUT,26000,2025-12-04
2025-12-04 14:42:00+05:30,5.7,5.75,5.6,5.65,137025,9811425,10.28,26015.5,25500.0,25500,ATM-10,PUT,26000,2025-12-04
2025-12-04 14:43:00+05:30,5.7,5.8,5.6,5.65,493725,9811425,10.17,26007.85,25500.0,25500,ATM-10,PUT,26000,2025-12-04
2025-12-04 14:44:00+05:30,5.65,5.75,5.6,5.65,155475,9612300,10.07,26000.6,25500.0,25500,ATM-10,PUT,26000,2025-12-04
2025-12-04 14:45:00+05:30,5.6,5.75,5.5,5.65,200250,9612300,9.95,25992.35,25500.0,25500,ATM-10,PUT,26000,2025-12-04
2025-12-04 14:46:00+05:30,5.65,5.75,5.6,5.65,87150,9612300,9.9,25988.7,25500.0,25500,ATM-10,PUT,26000,2025-12-04
2025-12-04 14:47:00+05:30,5.65,5.65,5.4,5.45,112575,9562575,10.04,26001.55,25500.0,25500,ATM-10,PUT,26000,2025-12-04
2025-12-04 14:48:00+05:30,5.5,5.55,5.35,5.45,100500,9562575,10.05,26003.3,25500.0,25500,ATM-10,PUT,26000,2025-12-04
2025-12-04 14:49:00+05:30,5.5,5.55,5.45,5.45,86775,9562575,10.09,26003.65,25500.0,25500,ATM-10,PUT,26000,2025-12-04
2025-12-04 14:50:00+05:30,5.45,5.5,5.35,5.4,81975,9516675,10.2,26014.1,25500.0,25500,ATM-10,PUT,26000,2025-12-04
2025-12-04 14:51:00+05:30,5.35,5.4,5.2,5.25,188175,9516675,10.19,26018.15,25500.0,25500,ATM-10,PUT,26000,2025-12-04
2025-12-04 14:52:00+05:30,6.55,6.65,6.45,6.5,91725,2001300,9.96,26026.15,25550.0,25500,ATM-10,PUT,26000,2025-12-04
2025-12-04 14:53:00+05:30,5.25,5.3,5.2,5.25,122025,9451875,10.29,26023.0,25500.0,25500,ATM-10,PUT,26000,2025-12-04
2025-12-04 14:54:00+05:30,6.5,6.55,6.35,6.45,43350,1956075,9.94,26025.05,25550.0,25500,ATM-10,PUT,26000,2025-12-04
2025-12-04 14:55:00+05:30,6.45,6.5,6.3,6.35,48675,1956075,9.98,26029.45,25550.0,25500,ATM-10,PUT,26000,2025-12-04
2025-12-04 14:56:00+05:30,6.3,6.35,6.0,6.05,60075,1955925,10.04,26039.65,25550.0,25500,ATM-10,PUT,26000,2025-12-04
2025-12-04 14:57:00+05:30,6.15,6.3,6.1,6.3,54300,1955925,10.08,26036.45,25550.0,25500,ATM-10,PUT,26000,2025-12-04
2025-12-04 14:58:00+05:30,6.3,6.35,6.1,6.1,51375,1955925,10.07,26039.35,25550.0,25500,ATM-10,PUT,26000,2025-12-04
2025-12-04 14:59:00+05:30,6.1,6.15,6.0,6.05,35850,1945875,10.1,26043.25,25550.0,25500,ATM-10,PUT,26000,2025-12-04
2025-12-04 15:00:00+05:30,6.15,6.15,5.9,5.95,141600,1945875,10.14,26048.45,25550.0,25500,ATM-10,PUT,26000,2025-12-04
2025-12-04 15:01:00+05:30,5.9,6.1,5.9,6.0,142725,1945875,10.19,26050.5,25550.0,25500,ATM-10,PUT,26000,2025-12-04
2025-12-04 15:02:00+05:30,6.0,6.0,5.8,5.85,110550,1902600,10.22,26057.65,25550.0,25500,ATM-10,PUT,26000,2025-12-04
2025-12-04 15:03:00+05:30,5.9,5.9,5.8,5.85,42450,1902600,10.09,26047.5,25550.0,25500,ATM-10,PUT,26000,2025-12-04
2025-12-04 15:04:00+05:30,5.85,5.85,5.7,5.75,66300,1902600,10.09,26049.4,25550.0,25500,ATM-10,PUT,26000,2025-12-04
2025-12-04 15:05:00+05:30,5.75,5.85,5.75,5.8,72150,1924650,10.16,26052.75,25550.0,25500,ATM-10,PUT,26000,2025-12-04
2025-12-04 15:06:00+05:30,5.8,5.9,5.75,5.85,25875,1924650,10.16,26052.85,25550.0,25500,ATM-10,PUT,26000,2025-12-04
2025-12-04 15:07:00+05:30,5.85,5.85,5.7,5.7,38775,1924650,10.13,26052.95,25550.0,25500,ATM-10,PUT,26000,2025-12-04
2025-12-04 15:08:00+05:30,5.75,5.85,5.65,5.8,102900,1918500,10.13,26051.35,25550.0,25500,ATM-10,PUT,26000,2025-12-04
2025-12-04 15:09:00+05:30,5.8,5.8,5.65,5.7,41250,1918500,10.02,26046.6,25550.0,25500,ATM-10,PUT,26000,2025-12-04
2025-12-04 15:10:00+05:30,5.65,5.75,5.55,5.55,93375,1918500,10.05,26051.4,25550.0,25500,ATM-10,PUT,26000,2025-12-04
2025-12-04 15:11:00+05:30,5.55,5.6,5.45,5.55,82800,1909950,10.07,26053.4,25550.0,25500,ATM-10,PUT,26000,2025-12-04
2025-12-04 15:12:00+05:30,5.55,5.65,5.3,5.35,105900,1909950,9.89,26045.1,25550.0,25500,ATM-10,PUT,26000,2025-12-04
2025-12-04 15:13:00+05:30,5.3,5.4,5.1,5.15,77475,1909950,9.74,26041.35,25550.0,25500,ATM-10,PUT,26000,2025-12-04
2025-12-04 15:14:00+05:30,5.15,5.15,5.0,5.1,75975,1889400,9.68,26037.7,25550.0,25500,ATM-10,PUT,26000,2025-12-04
2025-12-04 15:15:00+05:30,5.15,5.3,5.1,5.15,143475,1889400,9.68,26036.65,25550.0,25500,ATM-10,PUT,26000,2025-12-04
2025-12-04 15:16:00+05:30,5.2,5.2,5.1,5.15,86250,1889400,9.64,26032.25,25550.0,25500,ATM-10,PUT,26000,2025-12-04
2025-12-04 15:17:00+05:30,5.15,5.3,5.0,5.3,136800,1911825,9.61,26027.65,25550.0,25500,ATM-10,PUT,26000,2025-12-04
2025-12-04 15:18:00+05:30,5.25,5.3,5.15,5.15,90225,1911825,9.61,26031.0,25550.0,25500,ATM-10,PUT,26000,2025-12-04
2025-12-04 15:19:00+05:30,5.15,5.15,4.75,4.85,119250,1911825,9.64,26040.9,25550.0,25500,ATM-10,PUT,26000,2025-12-04
2025-12-04 15:20:00+05:30,4.85,5.2,4.85,5.0,155025,1939575,9.56,26032.5,25550.0,25500,ATM-10,PUT,26000,2025-12-04
2025-12-04 15:21:00+05:30,5.1,5.2,5.0,5.0,129450,1939575,9.56,26031.0,25550.0,25500,ATM-10,PUT,26000,2025-12-04
2025-12-04 15:22:00+05:30,4.15,4.3,4.05,4.3,294075,9178500,9.95,26023.95,25500.0,25500,ATM-10,PUT,26000,2025-12-04
2025-12-04 15:23:00+05:30,5.25,5.4,5.0,5.35,234975,1938000,9.67,26032.1,25550.0,25500,ATM-10,PUT,26000,2025-12-04
2025-12-04 15:24:00+05:30,5.3,5.4,5.05,5.25,139125,1938000,9.64,26030.45,25550.0,25500,ATM-10,PUT,26000,2025-12-04
2025-12-04 15:25:00+05:30,5.3,5.3,5.0,5.1,154500,1938000,9.52,26026.4,25550.0,25500,ATM-10,PUT,26000,2025-12-04
2025-12-04 15:26:00+05:30,4.2,4.3,4.05,4.05,436800,9224100,9.84,26023.95,25500.0,25500,ATM-10,PUT,26000,2025-12-04
2025-12-04 15:27:00+05:30,4.15,4.2,4.1,4.1,198750,9224100,9.87,26018.75,25500.0,25500,ATM-10,PUT,26000,2025-12-04
2025-12-04 15:28:00+05:30,4.15,4.25,4.1,4.15,399150,9224100,9.75,26015.6,25500.0,25500,ATM-10,PUT,26000,2025-12-04
2025-12-04 15:29:00+05:30,4.15,4.3,4.15,4.2,290250,9387000,9.8,26017.1,25500.0,25500,ATM-10,PUT,26000,2025-12-04
2025-12-04 09:15:00+05:30,440.0,440.0,375.0,384.85,12300,140250,0.0,25950.75,25600.0,25650,ATM-7,CALL,26000,2025-12-04
2025-12-04 09:16:00+05:30,380.0,395.05,379.0,395.0,17700,140250,1.79,25955.15,25600.0,25650,ATM-7,CALL,26000,2025-12-04
2025-12-04 09:17:00+05:30,393.15,400.0,392.55,400.0,2550,140250,6.48,25959.1,25600.0,25650,ATM-7,CALL,26000,2025-12-04
2025-12-04 09:18:00+05:30,405.85,405.85,398.7,402.2,4800,147675,7.48,25958.5,25600.0,25650,ATM-7,CALL,26000,2025-12-04
2025-12-04 09:19:00+05:30,399.5,401.35,385.95,387.7,6975,147675,0.0,25949.55,25600.0,25650,ATM-7,CALL,26000,2025-12-04
2025-12-04 09:20:00+05:30,390.15,390.4,385.55,386.7,3825,147675,0.0,25948.6,25600.0,25650,ATM-7,CALL,26000,2025-12-04
2025-12-04 09:21:00+05:30,387.4,395.0,385.0,395.0,6150,148200,0.0,25955.4,25600.0,25650,ATM-7,CALL,26000,2025-12-04
2025-12-04 09:22:00+05:30,394.5,400.1,389.6,400.1,3900,148200,0.0,25961.85,25600.0,25650,ATM-7,CALL,26000,2025-12-04
2025-12-04 09:23:00+05:30,359.75,380.0,356.65,377.45,9975,56100,6.9,25985.45,25650.0,25650,ATM-7,CALL,26000,2025-12-04
2025-12-04 09:24:00+05:30,371.8,387.5,371.8,386.65,6225,56100,7.79,25992.65,25650.0,25650,ATM-7,CALL,26000,2025-12-04
2025-12-04 09:25:00+05:30,379.15,383.25,376.2,376.2,1200,53250,8.14,25977.6,25650.0,25650,ATM-7,CALL,26000,2025-12-04
2025-12-04 09:26:00+05:30,374.95,384.25,373.7,380.8,2025,53250,8.74,25979.2,25650.0,25650,ATM-7,CALL,26000,2025-12-04
2025-12-04 09:27:00+05:30,379.2,386.05,376.5,384.65,4650,53250,8.21,25986.25,25650.0,25650,ATM-7,CALL,26000,2025-12-04
2025-12-04 09:28:00+05:30,383.45,386.4,383.45,385.8,1125,53700,7.82,25990.8,25650.0,25650,ATM-7,CALL,26000,2025-12-04
2025-12-04 09:29:00+05:30,385.7,394.0,385.7,390.6,2700,53700,7.82,25995.85,25650.0,25650,ATM-7,CALL,26000,2025-12-04
2025-12-04 09:30:00+05:30,390.3,395.0,390.0,394.35,1800,53700,8.16,25997.05,25650.0,25650,ATM-7,CALL,26000,2025-12-04
2025-12-04 09:31:00+05:30,393.1,393.95,388.9,391.7,1650,53850,7.75,25995.95,25650.0,25650,ATM-7,CALL,26000,2025-12-04
2025-12-04 09:32:00+05:30,390.6,390.6,374.9,374.9,6300,53850,6.13,25983.85,25650.0,25650,ATM-7,CALL,26000,2025-12-04
2025-12-04 09:33:00+05:30,384.2,387.4,379.15,387.4,1200,53850,7.58,25990.9,25650.0,25650,ATM-7,CALL,26000,2025-12-04
2025-12-04 09:34:00+05:30,390.75,400.35,389.5,400.3,9375,57750,8.51,26000.8,25650.0,25650,ATM-7,CALL,26000,2025-12-04
2025-12-04 09:35:00+05:30,403.8,411.7,402.8,411.7,7950,57750,7.86,26016.75,25650.0,25650,ATM-7,CALL,26000,2025-12-04
2025-12-04 09:36:00+05:30,411.5,415.55,411.15,412.0,4350,57750,6.69,26021.3,25650.0,25650,ATM-7,CALL,26000,2025-12-04
2025-12-04 09:37:00+05:30,366.2,370.75,365.0,367.65,10050,388275,6.2,26025.25,25700.0,25650,ATM-7,CALL,26000,2025-12-04
2025-12-04 09:38:00+05:30,415.0,415.0,409.35,410.2,2025,54525,6.76,26018.65,25650.0,25650,ATM-7,CALL,26000,2025-12-04
2025-12-04 09:39:00+05:30,405.8,406.9,400.35,400.35,5025,54525,0.0,26013.45,25650.0,25650,ATM-7,CALL,26000,2025-12-04
2025-12-04 09:40:00+05:30,402.4,402.4,389.6,390.45,825,53400,0.0,26003.5,25650.0,25650,ATM-7,CALL,26000,2025-12-04
2025-12-04 09:41:00+05:30,395.2,399.55,389.05,399.55,1875,53400,7.34,26004.5,25650.0,25650,ATM-7,CALL,26000,2025-12-04
2025-12-04 09:42:00+05:30,399.7,406.7,399.7,403.8,1875,53400,6.75,26011.85,25650.0,25650,ATM-7,CALL,26000,2025-12-04
2025-12-04 09:43:00+05:30,403.8,407.8,403.8,407.65,1350,53625,6.31,26016.45,25650.0,25650,ATM-7,CALL,26000,2025-12-04
2025-12-04 09:44:00+05:30,365.2,374.0,363.1,373.3,15000,394800,7.48,26028.15,25700.0,25650,ATM-7,CALL,26000,2025-12-04
2025-12-04 09:45:00+05:30,372.0,372.95,369.8,371.3,30225,394800,7.57,26025.2,25700.0,25650,ATM-7,CALL,26000,2025-12-04
2025-12-04 09:46:00+05:30,417.15,420.0,415.7,416.0,13950,50025,7.27,26021.95,25650.0,25650,ATM-7,CALL,26000,2025-12-04
2025-12-04 09:47:00+05:30,416.7,420.9,414.3,416.65,1125,50025,8.02,26021.05,25650.0,25650,ATM-7,CALL,26000,2025-12-04
2025-12-04 09:48:00+05:30,416.0,416.0,409.9,415.8,2625,50025,8.48,26017.6,25650.0,25650,ATM-7,CALL,26000,2025-12-04
2025-12-04 09:49:00+05:30,413.55,414.9,408.0,408.0,600,60450,6.7,26016.3,25650.0,25650,ATM-7,CALL,26000,2025-12-04
2025-12-04 09:50:00+05:30,408.55,410.6,405.6,410.6,375,60450,0.0,26022.5,25650.0,25650,ATM-7,CALL,26000,2025-12-04
2025-12-04 09:51:00+05:30,368.45,370.5,365.6,369.45,4950,382800,7.23,26025.1,25700.0,25650,ATM-7,CALL,26000,2025-12-04
2025-12-04 09:52:00+05:30,368.25,381.0,368.25,378.6,20475,382650,7.46,26032.8,25700.0,25650,ATM-7,CALL,26000,2025-12-04
2025-12-04 09:53:00+05:30,378.35,380.5,370.0,370.5,27300,382650,7.01,26025.9,25700.0,25650,ATM-7,CALL,26000,2025-12-04
2025-12-04 09:54:00+05:30,369.0,374.5,366.05,372.6,17025,382650,7.07,26027.9,25700.0,25650,ATM-7,CALL,26000,2025-12-04
2025-12-04 09:55:00+05:30,373.4,378.0,373.4,377.45,8325,381225,7.28,26032.45,25700.0,25650,ATM-7,CALL,26000,2025-12-04
2025-12-04 09:56:00+05:30,376.25,378.35,374.6,376.95,6450,381225,6.74,26033.35,25700.0,25650,ATM-7,CALL,26000,2025-12-04
2025-12-04 09:57:00+05:30,377.2,377.2,369.6,372.45,16350,381225,6.73,26028.75,25700.0,25650,ATM-7,CALL,26000,2025-12-04
2025-12-04 09:58:00+05:30,373.0,379.0,371.35,373.0,15750,389850,5.88,26031.05,25700.0,25650,ATM-7,CALL,26000,2025-12-04
2025-12-04 09:59:00+05:30,375.9,376.0,371.0,373.55,1200,389850,7.02,26028.3,25700.0,25650,ATM-7,CALL,26000,2025-12-04
2025-12-04 10:00:00+05:30,374.2,377.25,370.0,375.7,5100,389850,6.81,26031.75,25700.0,25650,ATM-7,CALL,26000,2025-12-04
2025-12-04 10:01:00+05:30,376.35,379.1,371.05,372.85,10575,383400,7.11,26028.35,25700.0,25650,ATM-7,CALL,26000,2025-12-04
2025-12-04 10:02:00+05:30,372.0,375.8,368.0,370.0,9750,383400,6.25,26027.3,25700.0,25650,ATM-7,CALL,26000,2025-12-04
2025-12-04 10:03:00+05:30,370.8,373.0,364.65,372.0,6750,383400,7.36,26026.65,25700.0,25650,ATM-7,CALL,26000,2025-12-04
2025-12-04 10:04:00+05:30,372.5,373.35,370.05,371.45,3450,384825,7.6,26025.05,25700.0,25650,ATM-7,CALL,26000,2025-12-04
2025-12-04 10:05:00+05:30,416.5,416.6,416.5,416.6,2325,57900,7.57,26021.85,25650.0,25650,ATM-7,CALL,26000,2025-12-04
2025-12-04 10:06:00+05:30,368.65,376.0,368.65,375.6,5400,384825,7.19,26031.9,25700.0,25650,ATM-7,CALL,26000,2025-12-04
2025-12-04 10:07:00+05:30,376.7,389.4,376.2,389.4,19350,384525,8.79,26039.6,25700.0,25650,ATM-7,CALL,26000,2025-12-04
2025-12-04 10:08:00+05:30,385.65,386.65,382.2,382.8,13200,384525,7.82,26036.25,25700.0,25650,ATM-7,CALL,26000,2025-12-04
2025-12-04 10:09:00+05:30,381.0,383.0,368.4,370.3,16725,384525,6.95,26027.5,25700.0,25650,ATM-7,CALL,26000,2025-12-04
2025-12-04 10:10:00+05:30,371.45,374.6,370.05,372.9,12600,377850,7.1,26029.0,25700.0,25650,ATM-7,CALL,26000,2025-12-04
2025-12-04 10:11:00+05:30,372.65,375.8,369.6,373.25,4650,377850,7.07,26029.15,25700.0,25650,ATM-7,CALL,26000,2025-12-04
2025-12-04 10:12:00+05:30,377.0,379.85,375.4,378.2,5925,377850,7.24,26034.35,25700.0,25650,ATM-7,CALL,26000,2025-12-04
2025-12-04 10:13:00+05:30,378.05,384.6,377.9,382.3,46800,383625,6.48,26040.35,25700.0,25650,ATM-7,CALL,26000,2025-12-04
2025-12-04 10:14:00+05:30,382.1,388.25,382.0,385.95,11625,383625,6.81,26042.75,25700.0,25650,ATM-7,CALL,26000,2025-12-04
2025-12-04 10:15:00+05:30,385.25,388.0,383.35,388.0,9525,383625,7.64,26042.45,25700.0,25650,ATM-7,CALL,26000,2025-12-04
2025-12-04 10:16:00+05:30,385.15,387.6,383.0,386.5,5175,374100,7.29,26043.45,25700.0,25650,ATM-7,CALL,26000,2025-12-04
2025-12-04 10:17:00+05:30,385.5,385.6,380.0,381.65,4050,374100,7.01,26038.1,25700.0,25650,ATM-7,CALL,26000,2025-12-04
2025-12-04 10:18:00+05:30,384.15,386.55,381.15,386.0,39750,374100,7.62,26043.7,25700.0,25650,ATM-7,CALL,26000,2025-12-04
2025-12-04 10:19:00+05:30,386.3,396.0,384.4,393.45,8925,371775,7.96,26046.55,25700.0,25650,ATM-7,CALL,26000,2025-12-04
2025-12-04 10:20:00+05:30,394.4,395.0,389.75,392.0,15300,371775,7.23,26048.05,25700.0,25650,ATM-7,CALL,26000,2025-12-04
2025-12-04 10:21:00+05:30,391.0,399.9,391.0,399.0,12675,371775,8.21,26052.55,25700.0,25650,ATM-7,CALL,26000,2025-12-04
2025-12-04 10:22:00+05:30,399.55,404.8,394.65,396.0,33600,358875,8.21,26049.05,25700.0,25650,ATM-7,CALL,26000,2025-12-04
2025-12-04 10:23:00+05:30,396.3,398.3,392.95,397.05,6750,358875,8.21,26050.05,25700.0,25650,ATM-7,CALL,26000,2025-12-04
2025-12-04 10:24:00+05:30,399.0,399.45,395.7,395.7,7725,358875,7.82,26050.55,25700.0,25650,ATM-7,CALL,26000,2025-12-04
2025-12-04 10:25:00+05:30,398.25,400.85,397.8,400.35,9225,357375,7.93,26055.15,25700.0,25650,ATM-7,CALL,26000,2025-12-04
2025-12-04 10:26:00+05:30,400.75,404.4,398.95,400.05,8775,357375,7.19,26056.0,25700.0,25650,ATM-7,CALL,26000,2025-12-04
2025-12-04 10:27:00+05:30,399.4,405.6,399.4,405.6,2850,357375,8.52,26057.25,25700.0,25650,ATM-7,CALL,26000,2025-12-04
2025-12-04 10:28:00+05:30,404.05,413.9,404.05,413.9,25500,354300,8.72,26065.4,25700.0,25650,ATM-7,CALL,26000,2025-12-04
2025-12-04 10:29:00+05:30,366.9,381.6,366.25,381.6,12225,102750,9.13,26078.9,25750.0,25650,ATM-7,CALL,26000,2025-12-04
2025-12-04 10:30:00+05:30,379.85,382.75,377.0,377.0,10200,102750,8.1,26078.7,25750.0,25650,ATM-7,CALL,26000,2025-12-04
2025-12-04 10:31:00+05:30,375.85,384.9,375.85,381.3,5850,96150,7.67,26085.9,25750.0,25650,ATM-7,CALL,26000,2025-12-04
2025-12-04 10:32:00+05:30,388.65,389.55,381.85,382.05,4875,96150,8.55,26082.25,25750.0,25650,ATM-7,CALL,26000,2025-12-04
2025-12-04 10:33:00+05:30,381.2,382.45,376.4,379.3,4050,96150,8.64,26078.05,25750.0,25650,ATM-7,CALL,26000,2025-12-04
2025-12-04 10:34:00+05:30,379.6,388.3,379.6,387.9,7350,95250,9.17,26084.65,25750.0,25650,ATM-7,CALL,26000,2025-12-04
2025-12-04 10:35:00+05:30,386.75,388.45,385.0,388.45,2775,95250,8.74,26087.7,25750.0,25650,ATM-7,CALL,26000,2025-12-04
2025-12-04 10:36:00+05:30,388.9,394.65,388.9,393.95,7500,95250,8.81,26092.35,25750.0,25650,ATM-7,CALL,26000,2025-12-04
2025-12-04 10:37:00+05:30,393.45,393.45,390.8,390.8,2175,90150,7.81,26094.9,25750.0,25650,ATM-7,CALL,26000,2025-12-04
2025-12-04 10:38:00+05:30,392.95,393.95,389.6,389.95,4125,90150,8.51,26090.8,25750.0,25650,ATM-7,CALL,26000,2025-12-04
2025-12-04 10:39:00+05:30,390.65,390.65,386.05,386.95,2175,90150,8.24,26089.6,25750.0,25650,ATM-7,CALL,26000,2025-12-04
2025-12-04 10:40:00+05:30,388.45,396.9,388.45,390.3,3675,90975,8.75,26090.65,25750.0,25650,ATM-7,CALL,26000,2025-12-04
2025-12-04 10:41:00+05:30,389.1,397.1,389.1,393.7,3150,90975,8.81,26093.2,25750.0,25650,ATM-7,CALL,26000,2025-12-04
2025-12-04 10:42:00+05:30,394.4,397.2,393.1,395.75,3225,90975,9.07,26093.55,25750.0,25650,ATM-7,CALL,26000,2025-12-04
2025-12-04 10:43:00+05:30,394.4,397.05,393.5,393.5,3600,91125,8.57,26094.6,25750.0,25650,ATM-7,CALL,26000,2025-12-04
2025-12-04 10:44:00+05:30,396.65,397.75,393.75,393.75,1950,91125,8.92,26092.7,25750.0,25650,ATM-7,CALL,26000,2025-12-04
2025-12-04 10:45:00+05:30,393.95,396.2,393.2,393.2,1425,91125,8.23,26097.1,25750.0,25650,ATM-7,CALL,26000,2025-12-04
2025-12-04 10:46:00+05:30,394.25,396.5,394.1,396.5,2400,90375,9.1,26094.7,25750.0,25650,ATM-7,CALL,26000,2025-12-04
2025-12-04 10:47:00+05:30,394.75,395.1,391.4,391.4,2175,90375,9.22,26089.9,25750.0,25650,ATM-7,CALL,26000,2025-12-04
2025-12-04 10:48:00+05:30,390.15,390.15,389.2,389.55,1350,90375,9.01,26087.8,25750.0,25650,ATM-7,CALL,26000,2025-12-04
2025-12-04 10:49:00+05:30,390.4,390.4,385.1,386.4,2775,88200,8.97,26083.4,25750.0,25650,ATM-7,CALL,26000,2025-12-04
2025-12-04 10:50:00+05:30,385.85,385.85,385.85,385.85,450,88200,9.17,26082.9,25750.0,25650,ATM-7,CALL,26000,2025-12-04
2025-12-04 10:51:00+05:30,386.4,388.15,386.0,387.6,1425,88200,9.22,26084.25,25750.0,25650,ATM-7,CALL,26000,2025-12-04
2025-12-04 10:52:00+05:30,387.5,387.5,385.2,386.55,1575,88500,9.25,26082.75,25750.0,25650,ATM-7,CALL,26000,2025-12-04
2025-12-04 10:53:00+05:30,385.0,385.5,378.5,380.1,2850,88500,8.68,26079.6,25750.0,25650,ATM-7,CALL,26000,2025-12-04
2025-12-04 10:54:00+05:30,385.0,385.4,383.0,383.75,825,88500,9.41,26078.05,25750.0,25650,ATM-7,CALL,26000,2025-12-04
2025-12-04 10:55:00+05:30,382.2,384.85,382.2,384.85,1425,88875,9.44,26079.2,25750.0,25650,ATM-7,CALL,26000,2025-12-04
2025-12-04 10:56:00+05:30,386.0,386.0,382.45,382.45,1950,88875,9.34,26078.4,25750.0,25650,ATM-7,CALL,26000,2025-12-04
2025-12-04 10:57:00+05:30,383.95,383.95,383.55,383.55,1050,88875,8.92,26080.95,25750.0,25650,ATM-7,CALL,26000,2025-12-04
2025-12-04 10:58:00+05:30,386.8,393.6,386.8,391.85,2700,89175,9.86,26085.5,25750.0,25650,ATM-7,CALL,26000,2025-12-04
2025-12-04 10:59:00+05:30,388.9,389.15,377.4,378.25,2700,89175,8.81,26075.5,25750.0,25650,ATM-7,CALL,26000,2025-12-04
2025-12-04 11:00:00+05:30,378.45,379.6,376.7,378.6,2475,89175,8.52,26076.55,25750.0,25650,ATM-7,CALL,26000,2025-12-04
2025-12-04 11:01:00+05:30,383.65,385.9,380.85,380.95,1500,89775,8.84,26079.6,25750.0,25650,ATM-7,CALL,26000,2025-12-04
2025-12-04 11:02:00+05:30,382.65,385.25,382.3,383.1,1500,89775,8.84,26082.1,25750.0,25650,ATM-7,CALL,26000,2025-12-04
2025-12-04 11:03:00+05:30,384.2,386.8,384.2,386.0,450,89775,9.18,26082.65,25750.0,25650,ATM-7,CALL,26000,2025-12-04
2025-12-04 11:04:00+05:30,384.9,384.9,384.7,384.9,225,89775,9.04,26083.0,25750.0,25650,ATM-7,CALL,26000,2025-12-04
2025-12-04 11:05:00+05:30,385.5,387.75,384.9,386.35,1950,90450,9.27,26082.95,25750.0,25650,ATM-7,CALL,26000,2025-12-04
2025-12-04 11:06:00+05:30,388.35,388.85,385.0,387.55,1050,90450,9.4,26083.9,25750.0,25650,ATM-7,CALL,26000,2025-12-04
2025-12-04 11:07:00+05:30,384.4,384.4,383.05,383.05,525,90225,8.94,26080.6,25750.0,25650,ATM-7,CALL,26000,2025-12-04
2025-12-04 11:08:00+05:30,381.0,383.25,375.5,375.5,1725,90225,8.21,26076.7,25750.0,25650,ATM-7,CALL,26000,2025-12-04
2025-12-04 11:09:00+05:30,420.0,423.1,419.0,419.0,4575,357825,7.92,26074.7,25700.0,25650,ATM-7,CALL,26000,2025-12-04
2025-12-04 11:10:00+05:30,372.3,376.0,369.95,376.0,2175,89775,8.51,26076.0,25750.0,25650,ATM-7,CALL,26000,2025-12-04
2025-12-04 11:11:00+05:30,422.65,423.35,417.8,419.35,1650,351300,8.5,26073.2,25700.0,25650,ATM-7,CALL,26000,2025-12-04
2025-12-04 11:12:00+05:30,418.4,421.65,415.05,415.05,3825,351300,7.28,26073.0,25700.0,25650,ATM-7,CALL,26000,2025-12-04
2025-12-04 11:13:00+05:30,414.4,416.3,414.0,416.3,7800,349275,7.65,26070.4,25700.0,25650,ATM-7,CALL,26000,2025-12-04
2025-12-04 11:14:00+05:30,368.8,374.85,368.8,374.85,1650,91500,8.08,26077.05,25750.0,25650,ATM-7,CALL,26000,2025-12-04
2025-12-04 11:15:00+05:30,420.9,421.5,416.55,417.2,1125,349275,8.3,26070.5,25700.0,25650,ATM-7,CALL,26000,2025-12-04
2025-12-04 11:16:00+05:30,419.05,420.3,417.0,420.0,3225,343500,8.48,26073.05,25700.0,25650,ATM-7,CALL,26000,2025-12-04
2025-12-04 11:17:00+05:30,371.4,376.0,371.4,373.45,3075,91125,8.08,26075.6,25750.0,25650,ATM-7,CALL,26000,2025-12-04
2025-12-04 11:18:00+05:30,421.0,421.35,409.9,412.2,6300,343500,7.47,26068.0,25700.0,25650,ATM-7,CALL,26000,2025-12-04
2025-12-04 11:19:00+05:30,414.45,416.1,414.1,414.9,3525,347325,8.17,26070.3,25700.0,25650,ATM-7,CALL,26000,2025-12-04
2025-12-04 11:20:00+05:30,415.55,415.55,407.5,408.95,5025,347325,7.43,26065.55,25700.0,25650,ATM-7,CALL,26000,2025-12-04
2025-12-04 11:21:00+05:30,410.75,413.85,408.95,413.6,2625,347325,8.11,26068.1,25700.0,25650,ATM-7,CALL,26000,2025-12-04
2025-12-04 11:22:00+05:30,414.0,416.3,410.45,413.3,3150,349575,7.72,26069.4,25700.0,25650,ATM-7,CALL,26000,2025-12-04
2025-12-04 11:23:00+05:30,413.25,413.25,404.6,404.75,5100,349575,6.87,26064.3,25700.0,25650,ATM-7,CALL,26000,2025-12-04
2025-12-04 11:24:00+05:30,404.95,407.7,400.0,407.7,8700,349575,7.62,26063.15,25700.0,25650,ATM-7,CALL,26000,2025-12-04
2025-12-04 11:25:00+05:30,407.95,414.6,407.0,413.85,3975,350775,8.03,26067.9,25700.0,25650,ATM-7,CALL,26000,2025-12-04
2025-12-04 11:26:00+05:30,413.7,413.7,407.25,409.45,3525,350775,7.35,26066.15,25700.0,25650,ATM-7,CALL,26000,2025-12-04
2025-12-04 11:27:00+05:30,410.45,411.7,404.3,404.3,2025,350775,6.89,26063.35,25700.0,25650,ATM-7,CALL,26000,2025-12-04
2025-12-04 11:28:00+05:30,405.5,407.15,403.0,405.6,11250,350850,7.4,26062.6,25700.0,25650,ATM-7,CALL,26000,2025-12-04
2025-12-04 11:29:00+05:30,405.55,406.05,402.0,402.0,4125,350850,7.65,26060.6,25700.0,25650,ATM-7,CALL,26000,2025-12-04
2025-12-04 11:30:00+05:30,398.4,405.0,397.95,405.0,27675,350850,7.69,26060.35,25700.0,25650,ATM-7,CALL,26000,2025-12-04
2025-12-04 11:31:00+05:30,405.0,409.9,401.5,401.5,22500,324450,6.76,26060.0,25700.0,25650,ATM-7,CALL,26000,2025-12-04
2025-12-04 11:32:00+05:30,402.75,404.5,400.8,400.95,1800,324450,6.34,26060.25,25700.0,25650,ATM-7,CALL,26000,2025-12-04
2025-12-04 11:33:00+05:30,404.75,408.35,404.75,407.45,12450,324450,8.02,26063.2,25700.0,25650,ATM-7,CALL,26000,2025-12-04
2025-12-04 11:34:00+05:30,405.7,405.7,401.0,403.7,1725,316500,7.23,26061.3,25700.0,25650,ATM-7,CALL,26000,2025-12-04
2025-12-04 11:35:00+05:30,404.0,406.8,404.0,406.8,1875,316500,8.21,26060.7,25700.0,25650,ATM-7,CALL,26000,2025-12-04
2025-12-04 11:36:00+05:30,407.9,409.0,403.2,409.0,2100,316500,8.98,26060.55,25700.0,25650,ATM-7,CALL,26000,2025-12-04
2025-12-04 11:37:00+05:30,405.0,405.85,396.95,397.3,6675,318450,7.5,26052.9,25700.0,25650,ATM-7,CALL,26000,2025-12-04
2025-12-04 11:38:00+05:30,399.35,399.35,379.6,384.85,17175,318450,7.43,26039.35,25700.0,25650,ATM-7,CALL,26000,2025-12-04
2025-12-04 11:39:00+05:30,385.6,385.95,377.6,380.1,6150,318450,7.73,26034.75,25700.0,25650,ATM-7,CALL,26000,2025-12-04
2025-12-04 11:40:00+05:30,379.0,385.65,378.05,383.25,14850,325875,7.35,26038.15,25700.0,25650,ATM-7,CALL,26000,2025-12-04
2025-12-04 11:41:00+05:30,382.6,382.6,374.0,374.0,13725,325875,5.96,26033.45,25700.0,25650,ATM-7,CALL,26000,2025-12-04
2025-12-04 11:42:00+05:30,374.7,376.95,365.85,368.95,29850,325875,6.0,26028.2,25700.0,25650,ATM-7,CALL,26000,2025-12-04
2025-12-04 11:43:00+05:30,416.1,416.1,416.0,416.0,1575,49575,7.24,26023.45,25650.0,25650,ATM-7,CALL,26000,2025-12-04
2025-12-04 11:44:00+05:30,367.95,372.0,367.95,370.0,18150,338025,6.84,26028.8,25700.0,25650,ATM-7,CALL,26000,2025-12-04
2025-12-04 11:45:00+05:30,414.45,415.25,407.85,407.85,2175,49050,7.44,26015.15,25650.0,25650,ATM-7,CALL,26000,2025-12-04
2025-12-04 11:46:00+05:30,359.2,371.6,359.1,367.45,12075,322875,6.1,26025.5,25700.0,25650,ATM-7,CALL,26000,2025-12-04
2025-12-04 11:47:00+05:30,367.95,372.3,367.8,369.3,13575,322875,6.2,26028.45,25700.0,25650,ATM-7,CALL,26000,2025-12-04
2025-12-04 11:48:00+05:30,370.05,372.0,367.3,371.95,2925,322875,7.36,26025.95,25700.0,25650,ATM-7,CALL,26000,2025-12-04
2025-12-04 11:49:00+05:30,371.8,376.35,369.95,374.0,5550,327825,6.73,26031.3,25700.0,25650,ATM-7,CALL,26000,2025-12-04
2025-12-04 11:50:00+05:30,374.0,374.5,371.15,372.35,6150,327825,6.95,26029.6,25700.0,25650,ATM-7,CALL,26000,2025-12-04
2025-12-04 11:51:00+05:30,416.95,416.95,410.0,411.8,1350,47625,0.0,26022.9,25650.0,25650,ATM-7,CALL,26000,2025-12-04
2025-12-04 11:52:00+05:30,412.05,413.95,412.05,413.95,600,47325,7.26,26021.9,25650.0,25650,ATM-7,CALL,26000,2025-12-04
2025-12-04 11:53:00+05:30,409.3,411.0,409.3,411.0,900,47325,7.22,26018.35,25650.0,25650,ATM-7,CALL,26000,2025-12-04
2025-12-04 11:54:00+05:30,410.2,410.2,410.2,410.2,75,47325,7.62,26016.7,25650.0,25650,ATM-7,CALL,26000,2025-12-04
2025-12-04 11:55:00+05:30,363.25,373.0,363.25,370.25,7500,334200,7.03,26028.1,25700.0,25650,ATM-7,CALL,26000,2025-12-04
2025-12-04 11:56:00+05:30,369.8,372.55,368.0,369.45,3825,334200,6.99,26025.15,25700.0,25650,ATM-7,CALL,26000,2025-12-04
2025-12-04 11:57:00+05:30,416.25,416.25,414.3,414.3,525,46875,7.15,26022.55,25650.0,25650,ATM-7,CALL,26000,2025-12-04
2025-12-04 11:58:00+05:30,412.1,412.1,408.4,408.4,300,46875,0.0,26020.0,25650.0,25650,ATM-7,CALL,26000,2025-12-04
2025-12-04 11:59:00+05:30,412.65,412.65,409.1,412.0,375,45375,0.0,26024.0,25650.0,25650,ATM-7,CALL,26000,2025-12-04
2025-12-04 12:00:00+05:30,415.0,416.4,414.1,414.1,225,45375,6.23,26024.55,25650.0,25650,ATM-7,CALL,26000,2025-12-04
2025-12-04 12:01:00+05:30,412.95,414.5,412.95,413.7,675,45000,0.0,26024.9,25650.0,25650,ATM-7,CALL,26000,2025-12-04
2025-12-04 12:02:00+05:30,417.4,422.0,414.75,416.3,450,45000,7.41,26024.6,25650.0,25650,ATM-7,CALL,26000,2025-12-04
2025-12-04 12:03:00+05:30,368.0,375.6,368.0,375.6,5550,347400,7.62,26031.4,25700.0,25650,ATM-7,CALL,26000,2025-12-04
2025-12-04 12:04:00+05:30,375.65,379.6,375.6,376.55,9150,341475,7.18,26032.65,25700.0,25650,ATM-7,CALL,26000,2025-12-04
2025-12-04 12:05:00+05:30,377.0,383.15,377.0,379.9,8775,341475,6.21,26038.45,25700.0,25650,ATM-7,CALL,26000,2025-12-04
2025-12-04 12:06:00+05:30,379.25,380.55,375.2,375.8,5775,341475,6.61,26035.45,25700.0,25650,ATM-7,CALL,26000,2025-12-04
2025-12-04 12:07:00+05:30,376.85,385.9,376.35,383.9,9525,342525,6.84,26040.6,25700.0,25650,ATM-7,CALL,26000,2025-12-04
2025-12-04 12:08:00+05:30,383.45,386.5,383.45,384.7,4650,342525,6.99,26042.85,25700.0,25650,ATM-7,CALL,26000,2025-12-04
2025-12-04 12:09:00+05:30,385.6,385.6,369.55,370.4,7425,342525,5.18,26032.0,25700.0,25650,ATM-7,CALL,26000,2025-12-04
2025-12-04 12:10:00+05:30,371.95,374.45,368.0,372.0,5625,338175,7.82,26027.7,25700.0,25650,ATM-7,CALL,26000,2025-12-04
2025-12-04 12:11:00+05:30,416.65,416.65,409.4,409.4,1725,43575,0.0,26023.8,25650.0,25650,ATM-7,CALL,26000,2025-12-04
2025-12-04 12:12:00+05:30,365.3,371.65,361.65,371.65,6000,338175,7.5,26027.3,25700.0,25650,ATM-7,CALL,26000,2025-12-04
2025-12-04 12:13:00+05:30,372.0,373.7,369.75,369.75,3075,336150,6.9,26026.8,25700.0,25650,ATM-7,CALL,26000,2025-12-04
2025-12-04 12:14:00+05:30,370.65,376.0,370.65,373.1,3825,336150,7.77,26028.15,25700.0,25650,ATM-7,CALL,26000,2025-12-04
2025-12-04 12:15:00+05:30,413.4,413.4,413.4,413.4,75,43125,8.36,26017.8,25650.0,25650,ATM-7,CALL,26000,2025-12-04
2025-12-04 12:16:00+05:30,408.0,408.45,407.0,407.8,525,43125,0.0,26021.65,25650.0,25650,ATM-7,CALL,26000,2025-12-04
2025-12-04 12:17:00+05:30,407.8,407.8,407.8,407.8,0,43125,0.0,26023.0,25650.0,25650,ATM-7,CALL,26000,2025-12-04
2025-12-04 12:18:00+05:30,410.45,410.45,410.45,410.45,150,42825,2.21,26022.65,25650.0,25650,ATM-7,CALL,26000,2025-12-04
2025-12-04 12:19:00+05:30,416.0,416.0,416.0,416.0,75,42825,9.06,26018.15,25650.0,25650,ATM-7,CALL,26000,2025-12-04
2025-12-04 12:20:00+05:30,410.25,410.25,395.3,395.75,900,42750,5.58,26006.95,25650.0,25650,ATM-7,CALL,26000,2025-12-04
2025-12-04 12:21:00+05:30,395.25,398.7,394.5,395.7,2100,42750,0.0,26012.15,25650.0,25650,ATM-7,CALL,26000,2025-12-04
2025-12-04 12:22:00+05:30,402.05,402.05,402.0,402.0,375,42750,0.0,26015.1,25650.0,25650,ATM-7,CALL,26000,2025-12-04
2025-12-04 12:23:00+05:30,402.0,406.0,402.0,404.75,450,42975,0.0,26015.85,25650.0,25650,ATM-7,CALL,26000,2025-12-04
2025-12-04 12:24:00+05:30,407.25,407.25,407.25,407.25,75,42975,0.0,26019.5,25650.0,25650,ATM-7,CALL,26000,2025-12-04
2025-12-04 12:25:00+05:30,409.0,414.0,409.0,414.0,525,42750,5.83,26024.4,25650.0,25650,ATM-7,CALL,26000,2025-12-04
2025-12-04 12:26:00+05:30,411.5,411.5,409.9,409.9,300,42750,0.0,26024.5,25650.0,25650,ATM-7,CALL,26000,2025-12-04
2025-12-04 12:27:00+05:30,366.55,367.3,364.0,366.0,1425,350550,6.25,26025.65,25700.0,25650,ATM-7,CALL,26000,2025-12-04
2025-12-04 12:28:00+05:30,366.9,375.05,366.75,374.95,22350,340350,7.89,26028.9,25700.0,25650,ATM-7,CALL,26000,2025-12-04
2025-12-04 12:29:00+05:30,420.85,420.85,410.95,410.95,6075,40275,0.0,26024.25,25650.0,25650,ATM-7,CALL,26000,2025-12-04
2025-12-04 12:30:00+05:30,365.15,369.45,362.8,369.45,4050,340350,7.24,26026.8,25700.0,25650,ATM-7,CALL,26000,2025-12-04
2025-12-04 12:31:00+05:30,369.45,369.45,365.5,365.5,2400,343800,5.47,26025.35,25700.0,25650,ATM-7,CALL,26000,2025-12-04
2025-12-04 12:32:00+05:30,411.4,411.4,411.4,411.4,75,42450,0.0,26024.35,25650.0,25650,ATM-7,CALL,26000,2025-12-04
2025-12-04 12:33:00+05:30,366.4,368.8,366.4,368.8,300,343800,5.59,26029.0,25700.0,25650,ATM-7,CALL,26000,2025-12-04
2025-12-04 12:34:00+05:30,370.25,371.0,367.0,367.0,4050,343800,5.84,26025.9,25700.0,25650,ATM-7,CALL,26000,2025-12-04
2025-12-04 12:35:00+05:30,367.7,371.0,366.9,370.0,2175,345675,6.68,26027.9,25700.0,25650,ATM-7,CALL,26000,2025-12-04
2025-12-04 12:36:00+05:30,369.15,369.95,366.6,368.0,1275,345675,6.7,26026.05,25700.0,25650,ATM-7,CALL,26000,2025-12-04
2025-12-04 12:37:00+05:30,413.05,413.05,413.05,413.05,0,42375,0.0,26025.0,25650.0,25650,ATM-7,CALL,26000,2025-12-04
2025-12-04 12:38:00+05:30,366.95,370.05,365.0,370.05,4800,344775,7.07,26026.65,25700.0,25650,ATM-7,CALL,26000,2025-12-04
2025-12-04 12:39:00+05:30,415.7,415.7,415.7,415.7,0,42300,7.34,26023.95,25650.0,25650,ATM-7,CALL,26000,2025-12-04
2025-12-04 12:40:00+05:30,410.0,412.05,410.0,412.05,150,42300,0.0,26025.0,25650.0,25650,ATM-7,CALL,26000,2025-12-04
2025-12-04 12:41:00+05:30,409.7,412.3,409.7,412.3,2175,41925,6.89,26023.6,25650.0,25650,ATM-7,CALL,26000,2025-12-04
2025-12-04 12:42:00+05:30,407.0,407.0,406.8,406.8,300,41925,6.6,26017.2,25650.0,25650,ATM-7,CALL,26000,2025-12-04
2025-12-04 12:43:00+05:30,400.0,400.0,397.35,397.35,750,41925,0.0,26012.5,25650.0,25650,ATM-7,CALL,26000,2025-12-04
2025-12-04 12:44:00+05:30,396.0,396.0,396.0,396.0,300,42375,0.0,26009.55,25650.0,25650,ATM-7,CALL,26000,2025-12-04
2025-12-04 12:45:00+05:30,391.0,391.0,379.1,382.8,8700,42375,6.08,25992.1,25650.0,25650,ATM-7,CALL,26000,2025-12-04
2025-12-04 12:46:00+05:30,377.5,382.3,377.5,379.0,2700,42375,0.0,25990.7,25650.0,25650,ATM-7,CALL,26000,2025-12-04
2025-12-04 12:47:00+05:30,382.15,388.9,382.15,386.05,1425,44025,0.0,26000.85,25650.0,25650,ATM-7,CALL,26000,2025-12-04
2025-12-04 12:48:00+05:30,386.0,386.0,380.4,380.4,225,44025,0.0,25997.05,25650.0,25650,ATM-7,CALL,26000,2025-12-04
2025-12-04 12:49:00+05:30,381.25,381.25,377.9,378.0,750,44025,0.0,25993.35,25650.0,25650,ATM-7,CALL,26000,2025-12-04
2025-12-04 12:50:00+05:30,380.0,382.5,380.0,382.5,225,44775,0.0,25994.45,25650.0,25650,ATM-7,CALL,26000,2025-12-04
2025-12-04 12:51:00+05:30,383.1,383.45,378.45,378.45,1350,44775,0.0,25995.5,25650.0,25650,ATM-7,CALL,26000,2025-12-04
2025-12-04 12:52:00+05:30,380.55,380.55,373.35,376.0,1650,44775,0.0,25991.55,25650.0,25650,ATM-7,CALL,26000,2025-12-04
2025-12-04 12:53:00+05:30,376.5,382.0,375.7,382.0,975,44775,0.0,25993.85,25650.0,25650,ATM-7,CALL,26000,2025-12-04
2025-12-04 12:54:00+05:30,382.0,382.0,382.0,382.0,0,44775,6.18,25992.85,25650.0,25650,ATM-7,CALL,26000,2025-12-04
2025-12-04 12:55:00+05:30,387.7,388.9,387.7,388.9,1050,44775,0.0,26004.5,25650.0,25650,ATM-7,CALL,26000,2025-12-04
2025-12-04 12:56:00+05:30,390.25,390.5,389.4,390.5,4125,44250,0.0,26005.95,25650.0,25650,ATM-7,CALL,26000,2025-12-04
2025-12-04 12:57:00+05:30,391.15,392.2,389.25,391.0,3000,44250,0.0,26005.95,25650.0,25650,ATM-7,CALL,26000,2025-12-04
2025-12-04 12:58:00+05:30,395.0,395.0,387.05,387.05,375,44250,0.0,26004.05,25650.0,25650,ATM-7,CALL,26000,2025-12-04
2025-12-04 12:59:00+05:30,387.05,387.05,387.05,387.05,0,44250,0.0,26002.4,25650.0,25650,ATM-7,CALL,26000,2025-12-04
2025-12-04 13:00:00+05:30,386.0,386.0,386.0,386.0,1350,47250,0.0,26001.85,25650.0,25650,ATM-7,CALL,26000,2025-12-04
2025-12-04 13:01:00+05:30,391.6,391.6,388.95,388.95,450,47250,0.0,26004.2,25650.0,25650,ATM-7,CALL,26000,2025-12-04
2025-12-04 13:02:00+05:30,389.6,389.6,389.05,389.05,150,49050,0.0,26001.3,25650.0,25650,ATM-7,CALL,26000,2025-12-04
2025-12-04 13:03:00+05:30,389.05,389.05,389.05,389.05,0,49050,0.0,26002.7,25650.0,25650,ATM-7,CALL,26000,2025-12-04
2025-12-04 13:04:00+05:30,396.0,396.0,396.0,396.0,825,49050,6.68,26005.85,25650.0,25650,ATM-7,CALL,26000,2025-12-04
2025-12-04 13:05:00+05:30,389.05,389.05,388.0,388.0,225,48300,4.12,26001.05,25650.0,25650,ATM-7,CALL,26000,2025-12-04
2025-12-04 13:06:00+05:30,388.75,392.65,388.75,392.65,450,48300,5.31,26002.2,25650.0,25650,ATM-7,CALL,26000,2025-12-04
2025-12-04 13:07:00+05:30,394.15,394.15,390.7,390.7,375,48300,1.71,26003.9,25650.0,25650,ATM-7,CALL,26000,2025-12-04
2025-12-04 13:08:00+05:30,390.7,390.7,390.7,390.7,0,48300,6.7,25999.95,25650.0,25650,ATM-7,CALL,26000,2025-12-04
2025-12-04 13:09:00+05:30,393.6,393.6,393.6,393.6,75,48900,8.17,25997.95,25650.0,25650,ATM-7,CALL,26000,2025-12-04
2025-12-04 13:10:00+05:30,385.15,385.15,383.0,383.0,225,48900,5.99,25993.15,25650.0,25650,ATM-7,CALL,26000,2025-12-04
2025-12-04 13:11:00+05:30,387.05,388.25,386.65,388.25,225,48900,7.77,25994.25,25650.0,25650,ATM-7,CALL,26000,2025-12-04
2025-12-04 13:12:00+05:30,392.0,393.0,386.75,386.75,300,48900,7.53,25993.45,25650.0,25650,ATM-7,CALL,26000,2025-12-04
2025-12-04 13:13:00+05:30,382.0,385.35,382.0,382.35,375,48900,4.71,25993.8,25650.0,25650,ATM-7,CALL,26000,2025-12-04
2025-12-04 13:14:00+05:30,391.55,395.65,391.55,392.1,450,48900,6.67,26000.8,25650.0,25650,ATM-7,CALL,26000,2025-12-04
2025-12-04 13:15:00+05:30,391.35,391.35,391.0,391.0,150,48900,5.61,26002.4,25650.0,25650,ATM-7,CALL,26000,2025-12-04
2025-12-04 13:16:00+05:30,391.75,391.75,391.75,391.75,75,48900,0.0,26003.3,25650.0,25650,ATM-7,CALL,26000,2025-12-04
2025-12-04 13:17:00+05:30,391.75,391.75,391.75,391.75,0,48900,6.67,26000.85,25650.0,25650,ATM-7,CALL,26000,2025-12-04
2025-12-04 13:18:00+05:30,394.4,394.4,394.4,394.4,150,48900,7.63,26001.5,25650.0,25650,ATM-7,CALL,26000,2025-12-04
2025-12-04 13:19:00+05:30,386.0,386.0,384.05,384.05,225,48900,5.45,25995.65,25650.0,25650,ATM-7,CALL,26000,2025-12-04
2025-12-04 13:20:00+05:30,384.05,384.05,384.05,384.05,0,48900,0.0,26001.5,25650.0,25650,ATM-7,CALL,26000,2025-12-04
2025-12-04 13:21:00+05:30,394.75,394.75,393.85,394.75,450,48825,0.0,26006.85,25650.0,25650,ATM-7,CALL,26000,2025-12-04
2025-12-04 13:22:00+05:30,396.2,405.0,396.2,405.0,1200,48825,5.85,26016.15,25650.0,25650,ATM-7,CALL,26000,2025-12-04
2025-12-04 13:23:00+05:30,406.3,406.8,403.7,403.7,10125,48300,0.0,26017.05,25650.0,25650,ATM-7,CALL,26000,2025-12-04
2025-12-04 13:24:00+05:30,407.2,408.7,406.0,408.7,225,48300,6.46,26017.85,25650.0,25650,ATM-7,CALL,26000,2025-12-04
2025-12-04 13:25:00+05:30,411.8,411.8,406.1,406.1,150,48300,6.0,26016.25,25650.0,25650,ATM-7,CALL,26000,2025-12-04
2025-12-04 13:26:00+05:30,407.9,411.8,407.9,410.75,9975,53700,7.53,26018.15,25650.0,25650,ATM-7,CALL,26000,2025-12-04
2025-12-04 13:27:00+05:30,413.6,413.6,410.45,410.45,600,53700,7.19,26018.95,25650.0,25650,ATM-7,CALL,26000,2025-12-04
2025-12-04 13:28:00+05:30,410.45,410.45,410.45,410.45,0,53700,8.11,26016.8,25650.0,25650,ATM-7,CALL,26000,2025-12-04
2025-12-04 13:29:00+05:30,404.8,406.0,404.8,406.0,150,51600,0.0,26015.7,25650.0,25650,ATM-7,CALL,26000,2025-12-04
2025-12-04 13:30:00+05:30,411.2,411.2,411.2,411.2,75,51600,8.49,26015.3,25650.0,25650,ATM-7,CALL,26000,2025-12-04
2025-12-04 13:31:00+05:30,404.0,404.9,400.5,400.5,525,51600,0.0,26013.6,25650.0,25650,ATM-7,CALL,26000,2025-12-04
2025-12-04 13:32:00+05:30,398.1,405.35,398.1,405.35,975,51300,8.01,26011.8,25650.0,25650,ATM-7,CALL,26000,2025-12-04
2025-12-04 13:33:00+05:30,400.0,400.75,398.8,398.8,450,51300,6.9,26008.95,25650.0,25650,ATM-7,CALL,26000,2025-12-04
2025-12-04 13:34:00+05:30,396.0,396.0,390.0,390.0,600,51300,0.0,26002.4,25650.0,25650,ATM-7,CALL,26000,2025-12-04
2025-12-04 13:35:00+05:30,385.0,385.0,379.0,379.0,1725,52200,3.53,25990.4,25650.0,25650,ATM-7,CALL,26000,2025-12-04
2025-12-04 13:36:00+05:30,377.25,377.25,372.5,374.9,975,52200,7.37,25979.5,25650.0,25650,ATM-7,CALL,26000,2025-12-04
2025-12-04 13:37:00+05:30,370.8,371.95,364.75,367.95,6975,52200,6.9,25976.3,25650.0,25650,ATM-7,CALL,26000,2025-12-04
2025-12-04 13:38:00+05:30,369.15,369.15,369.15,369.15,75,52200,2.75,25981.75,25650.0,25650,ATM-7,CALL,26000,2025-12-04
2025-12-04 13:39:00+05:30,370.7,370.7,370.0,370.0,1725,52950,6.04,25980.55,25650.0,25650,ATM-7,CALL,26000,2025-12-04
2025-12-04 13:40:00+05:30,369.0,369.0,366.4,367.5,375,52950,5.38,25978.35,25650.0,25650,ATM-7,CALL,26000,2025-12-04
2025-12-04 13:41:00+05:30,414.75,414.75,398.35,401.45,6150,162675,0.0,25964.95,25600.0,25650,ATM-7,CALL,26000,2025-12-04
2025-12-04 13:42:00+05:30,401.45,410.45,400.0,406.4,4275,162675,0.0,25973.25,25600.0,25650,ATM-7,CALL,26000,2025-12-04
2025-12-04 13:43:00+05:30,408.8,410.4,405.45,405.45,675,162675,0.0,25972.9,25600.0,25650,ATM-7,CALL,26000,2025-12-04
2025-12-04 13:44:00+05:30,361.3,364.65,361.3,364.65,225,54300,5.31,25976.3,25650.0,25650,ATM-7,CALL,26000,2025-12-04
2025-12-04 13:45:00+05:30,406.05,406.05,402.75,404.25,2025,164775,0.0,25972.8,25600.0,25650,ATM-7,CALL,26000,2025-12-04
2025-12-04 13:46:00+05:30,361.25,364.95,361.2,364.95,1800,54300,5.63,25976.05,25650.0,25650,ATM-7,CALL,26000,2025-12-04
2025-12-04 13:47:00+05:30,362.4,364.9,361.45,363.45,2550,55050,0.0,25978.2,25650.0,25650,ATM-7,CALL,26000,2025-12-04
2025-12-04 13:48:00+05:30,363.85,367.55,363.25,367.55,225,55050,5.79,25979.4,25650.0,25650,ATM-7,CALL,26000,2025-12-04
2025-12-04 13:49:00+05:30,364.6,365.35,364.6,365.35,150,55050,0.0,25978.65,25650.0,25650,ATM-7,CALL,26000,2025-12-04
2025-12-04 13:50:00+05:30,368.3,368.3,368.3,368.3,525,55950,6.12,25978.55,25650.0,25650,ATM-7,CALL,26000,2025-12-04
2025-12-04 13:51:00+05:30,366.0,370.95,365.95,370.3,4950,55950,5.92,25980.5,25650.0,25650,ATM-7,CALL,26000,2025-12-04
2025-12-04 13:52:00+05:30,367.75,367.75,366.5,367.2,750,55950,0.0,25981.55,25650.0,25650,ATM-7,CALL,26000,2025-12-04
2025-12-04 13:53:00+05:30,414.8,414.8,408.15,411.0,600,164400,0.0,25974.85,25600.0,25650,ATM-7,CALL,26000,2025-12-04
2025-12-04 13:54:00+05:30,366.05,366.05,366.05,366.05,75,55200,6.3,25975.55,25650.0,25650,ATM-7,CALL,26000,2025-12-04
2025-12-04 13:55:00+05:30,413.1,413.55,407.2,409.6,5925,164400,5.09,25971.95,25600.0,25650,ATM-7,CALL,26000,2025-12-04
2025-12-04 13:56:00+05:30,409.95,412.3,407.95,408.35,2700,167325,0.0,25974.4,25600.0,25650,ATM-7,CALL,26000,2025-12-04
2025-12-04 13:57:00+05:30,364.2,364.2,364.0,364.0,225,57075,5.59,25975.8,25650.0,25650,ATM-7,CALL,26000,2025-12-04
2025-12-04 13:58:00+05:30,410.0,415.0,409.0,409.0,8400,167325,0.0,25974.05,25600.0,25650,ATM-7,CALL,26000,2025-12-04
2025-12-04 13:59:00+05:30,410.15,411.7,410.15,410.15,1200,169050,0.0,25973.3,25600.0,25650,ATM-7,CALL,26000,2025-12-04
2025-12-04 14:00:00+05:30,409.15,409.15,405.0,405.6,450,169050,0.0,25972.3,25600.0,25650,ATM-7,CALL,26000,2025-12-04
2025-12-04 14:01:00+05:30,363.4,375.6,363.4,370.85,1125,57525,6.38,25979.95,25650.0,25650,ATM-7,CALL,26000,2025-12-04
2025-12-04 14:02:00+05:30,369.25,372.0,369.25,369.6,900,57525,4.45,25980.35,25650.0,25650,ATM-7,CALL,26000,2025-12-04
2025-12-04 14:03:00+05:30,370.65,370.65,361.25,363.35,525,57525,0.0,25978.75,25650.0,25650,ATM-7,CALL,26000,2025-12-04
2025-12-04 14:04:00+05:30,377.05,377.05,377.05,377.05,75,57525,5.91,25986.7,25650.0,25650,ATM-7,CALL,26000,2025-12-04
2025-12-04 14:05:00+05:30,376.15,376.15,371.95,371.95,2775,57225,6.26,25980.35,25650.0,25650,ATM-7,CALL,26000,2025-12-04
2025-12-04 14:06:00+05:30,371.6,371.85,371.45,371.45,225,57225,5.19,25982.0,25650.0,25650,ATM-7,CALL,26000,2025-12-04
2025-12-04 14:07:00+05:30,375.15,382.0,375.15,382.0,1650,57225,0.0,25998.25,25650.0,25650,ATM-7,CALL,26000,2025-12-04
2025-12-04 14:08:00+05:30,384.35,384.35,382.55,382.55,225,56625,0.0,26001.55,25650.0,25650,ATM-7,CALL,26000,2025-12-04
2025-12-04 14:09:00+05:30,383.2,384.5,383.15,383.95,2100,56625,0.0,26005.6,25650.0,25650,ATM-7,CALL,26000,2025-12-04
2025-12-04 14:10:00+05:30,383.0,403.8,382.2,399.4,10050,56625,0.0,26017.4,25650.0,25650,ATM-7,CALL,26000,2025-12-04
2025-12-04 14:11:00+05:30,399.4,399.8,388.0,389.05,2100,52650,0.0,26007.55,25650.0,25650,ATM-7,CALL,26000,2025-12-04
2025-12-04 14:12:00+05:30,391.75,396.75,391.75,396.0,450,52650,0.0,26009.2,25650.0,25650,ATM-7,CALL,26000,2025-12-04
2025-12-04 14:13:00+05:30,396.0,396.0,396.0,396.0,150,52650,6.99,26004.15,25650.0,25650,ATM-7,CALL,26000,2025-12-04
2025-12-04 14:14:00+05:30,391.45,397.0,391.45,397.0,825,52800,7.44,26004.05,25650.0,25650,ATM-7,CALL,26000,2025-12-04
2025-12-04 14:15:00+05:30,395.4,395.4,390.0,390.0,300,52800,5.46,26001.75,25650.0,25650,ATM-7,CALL,26000,2025-12-04
2025-12-04 14:16:00+05:30,391.25,391.25,386.85,388.0,600,52800,0.0,26001.6,25650.0,25650,ATM-7,CALL,26000,2025-12-04
2025-12-04 14:17:00+05:30,394.0,400.0,394.0,398.55,975,51975,5.72,26009.45,25650.0,25650,ATM-7,CALL,26000,2025-12-04
2025-12-04 14:18:00+05:30,400.0,400.0,397.5,398.2,300,51975,6.41,26008.75,25650.0,25650,ATM-7,CALL,26000,2025-12-04
2025-12-04 14:19:00+05:30,397.5,397.5,393.95,395.6,375,51975,8.14,26001.0,25650.0,25650,ATM-7,CALL,26000,2025-12-04
2025-12-04 14:20:00+05:30,388.0,388.0,388.0,388.0,225,51975,6.47,25997.45,25650.0,25650,ATM-7,CALL,26000,2025-12-04
2025-12-04 14:21:00+05:30,386.7,388.0,379.1,386.5,2700,51600,6.92,25995.0,25650.0,25650,ATM-7,CALL,26000,2025-12-04
2025-12-04 14:22:00+05:30,386.45,389.95,384.75,388.9,1875,51600,7.62,25995.3,25650.0,25650,ATM-7,CALL,26000,2025-12-04
2025-12-04 14:23:00+05:30,391.4,399.0,391.4,399.0,1875,50400,7.47,26007.0,25650.0,25650,ATM-7,CALL,26000,2025-12-04
2025-12-04 14:24:00+05:30,402.9,402.9,395.1,395.1,2325,50400,7.53,26002.25,25650.0,25650,ATM-7,CALL,26000,2025-12-04
2025-12-04 14:25:00+05:30,393.3,395.0,393.3,393.55,600,50400,7.36,26000.7,25650.0,25650,ATM-7,CALL,26000,2025-12-04
2025-12-04 14:26:00+05:30,393.6,398.55,393.6,398.55,975,49800,7.53,26006.75,25650.0,25650,ATM-7,CALL,26000,2025-12-04
2025-12-04 14:27:00+05:30,397.6,401.4,397.25,397.25,300,49800,6.61,26007.5,25650.0,25650,ATM-7,CALL,26000,2025-12-04
2025-12-04 14:28:00+05:30,398.25,398.25,398.25,398.25,150,49800,7.4,26006.15,25650.0,25650,ATM-7,CALL,26000,2025-12-04
2025-12-04 14:29:00+05:30,402.5,404.25,402.5,404.25,2325,50100,6.47,26014.0,25650.0,25650,ATM-7,CALL,26000,2025-12-04
2025-12-04 14:30:00+05:30,405.1,405.1,401.85,402.45,1350,50100,0.0,26016.25,25650.0,25650,ATM-7,CALL,26000,2025-12-04
2025-12-04 14:31:00+05:30,403.25,405.45,402.6,404.35,375,50100,4.41,26015.55,25650.0,25650,ATM-7,CALL,26000,2025-12-04
2025-12-04 14:32:00+05:30,406.35,406.35,398.05,398.05,675,49425,6.41,26008.7,25650.0,25650,ATM-7,CALL,26000,2025-12-04
2025-12-04 14:33:00+05:30,398.1,403.45,398.1,403.45,1800,49425,7.51,26010.1,25650.0,25650,ATM-7,CALL,26000,2025-12-04
2025-12-04 14:34:00+05:30,402.8,402.8,400.0,400.0,150,49425,7.31,26008.95,25650.0,25650,ATM-7,CALL,26000,2025-12-04
2025-12-04 14:35:00+05:30,399.9,399.9,395.9,395.9,375,50400,7.51,26003.8,25650.0,25650,ATM-7,CALL,26000,2025-12-04
2025-12-04 14:36:00+05:30,394.75,396.4,390.0,392.45,825,50400,6.99,26000.4,25650.0,25650,ATM-7,CALL,26000,2025-12-04
2025-12-04 14:37:00+05:30,392.75,393.1,392.75,393.1,300,50400,6.08,26004.1,25650.0,25650,ATM-7,CALL,26000,2025-12-04
2025-12-04 14:38:00+05:30,399.0,399.0,398.25,398.25,150,50400,0.0,26013.55,25650.0,25650,ATM-7,CALL,26000,2025-12-04
2025-12-04 14:39:00+05:30,409.5,409.5,403.0,403.0,525,50250,5.92,26013.75,25650.0,25650,ATM-7,CALL,26000,2025-12-04
2025-12-04 14:40:00+05:30,407.6,407.9,406.85,406.85,525,50250,6.52,26017.5,25650.0,25650,ATM-7,CALL,26000,2025-12-04
2025-12-04 14:41:00+05:30,408.0,409.0,405.2,405.25,1950,50475,6.88,26015.45,25650.0,25650,ATM-7,CALL,26000,2025-12-04
2025-12-04 14:42:00+05:30,405.95,410.0,399.15,402.1,1725,50475,4.63,26015.5,25650.0,25650,ATM-7,CALL,26000,2025-12-04
2025-12-04 14:43:00+05:30,402.05,402.05,402.05,402.05,75,50475,8.21,26007.85,25650.0,25650,ATM-7,CALL,26000,2025-12-04
2025-12-04 14:44:00+05:30,400.75,400.75,396.95,396.95,2025,50100,8.57,26000.6,25650.0,25650,ATM-7,CALL,26000,2025-12-04
2025-12-04 14:45:00+05:30,397.45,397.45,388.0,388.0,750,50100,8.29,25992.35,25650.0,25650,ATM-7,CALL,26000,2025-12-04
2025-12-04 14:46:00+05:30,385.55,390.5,385.55,386.4,1050,50100,8.55,25988.7,25650.0,25650,ATM-7,CALL,26000,2025-12-04
2025-12-04 14:47:00+05:30,386.6,397.6,386.6,394.65,975,50175,7.7,26001.55,25650.0,25650,ATM-7,CALL,26000,2025-12-04
2025-12-04 14:48:00+05:30,394.0,394.0,391.3,393.0,225,50175,5.91,26003.3,25650.0,25650,ATM-7,CALL,26000,2025-12-04
2025-12-04 14:49:00+05:30,392.35,393.9,392.35,393.9,225,50175,4.66,26003.65,25650.0,25650,ATM-7,CALL,26000,2025-12-04
2025-12-04 14:50:00+05:30,394.05,406.15,394.05,406.15,1050,50325,7.18,26014.1,25650.0,25650,ATM-7,CALL,26000,2025-12-04
2025-12-04 14:51:00+05:30,403.3,409.5,403.3,408.0,1575,50325,6.58,26018.15,25650.0,25650,ATM-7,CALL,26000,2025-12-04
2025-12-04 14:52:00+05:30,363.45,373.0,363.45,370.8,12450,297900,7.63,26026.15,25700.0,25650,ATM-7,CALL,26000,2025-12-04
2025-12-04 14:53:00+05:30,417.35,418.15,415.05,415.5,2400,48750,7.34,26023.0,25650.0,25650,ATM-7,CALL,26000,2025-12-04
2025-12-04 14:54:00+05:30,368.7,373.35,367.85,371.0,5550,284475,7.9,26025.05,25700.0,25650,ATM-7,CALL,26000,2025-12-04
2025-12-04 14:55:00+05:30,370.45,375.45,369.7,373.05,15900,284475,7.1,26029.45,25700.0,25650,ATM-7,CALL,26000,2025-12-04
2025-12-04 14:56:00+05:30,373.5,385.65,373.0,385.65,9825,285150,8.08,26039.65,25700.0,25650,ATM-7,CALL,26000,2025-12-04
2025-12-04 14:57:00+05:30,382.15,385.3,381.2,381.2,24525,285150,7.73,26036.45,25700.0,25650,ATM-7,CALL,26000,2025-12-04
2025-12-04 14:58:00+05:30,382.35,385.65,380.15,384.45,13950,285150,7.64,26039.35,25700.0,25650,ATM-7,CALL,26000,2025-12-04
2025-12-04 14:59:00+05:30,384.8,390.8,384.0,386.4,9975,279600,7.46,26043.25,25700.0,25650,ATM-7,CALL,26000,2025-12-04
2025-12-04 15:00:00+05:30,386.0,393.85,386.0,393.85,20625,279600,8.18,26048.45,25700.0,25650,ATM-7,CALL,26000,2025-12-04
2025-12-04 15:01:00+05:30,392.15,395.85,388.6,393.5,24675,279600,7.34,26050.5,25700.0,25650,ATM-7,CALL,26000,2025-12-04
2025-12-04 15:02:00+05:30,393.0,398.45,393.0,395.0,3300,274050,5.59,26057.65,25700.0,25650,ATM-7,CALL,26000,2025-12-04
2025-12-04 15:03:00+05:30,395.75,395.75,388.45,389.9,7200,274050,7.42,26047.5,25700.0,25650,ATM-7,CALL,26000,2025-12-04
2025-12-04 15:04:00+05:30,389.5,391.0,388.3,390.35,10425,274050,6.87,26049.4,25700.0,25650,ATM-7,CALL,26000,2025-12-04
2025-12-04 15:05:00+05:30,390.45,394.5,389.6,394.5,11775,277350,7.1,26052.75,25700.0,25650,ATM-7,CALL,26000,2025-12-04
2025-12-04 15:06:00+05:30,392.8,394.65,391.4,392.0,11850,277350,6.39,26052.85,25700.0,25650,ATM-7,CALL,26000,2025-12-04
2025-12-04 15:07:00+05:30,392.4,392.4,388.1,389.15,4125,277350,0.0,26052.95,25700.0,25650,ATM-7,CALL,26000,2025-12-04
2025-12-04 15:08:00+05:30,388.7,389.05,383.1,389.05,11100,275775,4.79,26051.35,25700.0,25650,ATM-7,CALL,26000,2025-12-04
2025-12-04 15:09:00+05:30,388.3,388.4,384.05,384.05,1800,275775,5.02,26046.6,25700.0,25650,ATM-7,CALL,26000,2025-12-04
2025-12-04 15:10:00+05:30,384.4,388.6,383.05,388.6,43275,275775,0.0,26051.4,25700.0,25650,ATM-7,CALL,26000,2025-12-04
2025-12-04 15:11:00+05:30,389.4,393.7,389.4,391.3,4050,280350,5.68,26053.4,25700.0,25650,ATM-7,CALL,26000,2025-12-04
2025-12-04 15:12:00+05:30,390.45,391.2,386.75,387.6,2400,280350,7.34,26045.1,25700.0,25650,ATM-7,CALL,26000,2025-12-04
2025-12-04 15:13:00+05:30,387.9,388.0,383.0,386.8,6450,280350,8.42,26041.35,25700.0,25650,ATM-7,CALL,26000,2025-12-04
2025-12-04 15:14:00+05:30,386.85,386.85,383.25,384.0,5625,278700,8.35,26037.7,25700.0,25650,ATM-7,CALL,26000,2025-12-04
2025-12-04 15:15:00+05:30,383.3,384.05,378.1,381.1,15225,278700,8.07,26036.65,25700.0,25650,ATM-7,CALL,26000,2025-12-04
2025-12-04 15:16:00+05:30,381.35,382.1,376.35,379.15,32100,278700,8.21,26032.25,25700.0,25650,ATM-7,CALL,26000,2025-12-04
2025-12-04 15:17:00+05:30,378.4,380.65,374.0,374.0,7800,286800,8.16,26027.65,25700.0,25650,ATM-7,CALL,26000,2025-12-04
2025-12-04 15:18:00+05:30,373.0,380.2,370.0,380.2,19050,286800,8.75,26031.0,25700.0,25650,ATM-7,CALL,26000,2025-12-04
2025-12-04 15:19:00+05:30,380.75,385.85,380.75,385.85,4050,286800,8.29,26040.9,25700.0,25650,ATM-7,CALL,26000,2025-12-04
2025-12-04 15:20:00+05:30,385.0,385.0,380.85,384.1,3750,291825,9.5,26032.5,25700.0,25650,ATM-7,CALL,26000,2025-12-04
2025-12-04 15:21:00+05:30,383.6,386.0,382.05,385.65,4725,291825,9.76,26031.0,25700.0,25650,ATM-7,CALL,26000,2025-12-04
2025-12-04 15:22:00+05:30,431.25,431.25,428.0,428.0,300,44100,10.23,26023.95,25650.0,25650,ATM-7,CALL,26000,2025-12-04
2025-12-04 15:23:00+05:30,380.0,383.3,380.0,382.95,5175,289275,9.37,26032.1,25700.0,25650,ATM-7,CALL,26000,2025-12-04
2025-12-04 15:24:00+05:30,382.65,385.4,382.4,383.0,3075,289275,9.52,26030.45,25700.0,25650,ATM-7,CALL,26000,2025-12-04
2025-12-04 15:25:00+05:30,383.5,383.75,382.0,382.0,5775,289275,9.8,26026.4,25700.0,25650,ATM-7,CALL,26000,2025-12-04
2025-12-04 15:26:00+05:30,431.8,431.8,428.05,428.05,1725,44400,10.33,26023.95,25650.0,25650,ATM-7,CALL,26000,2025-12-04
2025-12-04 15:27:00+05:30,427.4,427.4,427.4,427.4,75,43200,10.07,26018.75,25650.0,25650,ATM-7,CALL,26000,2025-12-04
2025-12-04 15:28:00+05:30,426.4,429.15,426.4,429.15,4500,43200,11.82,26015.6,25650.0,25650,ATM-7,CALL,26000,2025-12-04
2025-12-04 15:29:00+05:30,427.85,429.65,427.5,429.5,6225,38325,11.7,26017.1,25650.0,25650,ATM-7,CALL,26000,2025-12-04
2025-12-04 09:15:00+05:30,433.6,433.95,425.8,426.4,975,18600,0.0,25950.75,25550.0,25600,ATM-8,CALL,26000,2025-12-04
2025-12-04 09:16:00+05:30,425.8,440.45,425.8,440.45,675,19125,0.0,25955.15,25550.0,25600,ATM-8,CALL,26000,2025-12-04
2025-12-04 09:17:00+05:30,436.8,443.65,436.65,441.4,1500,19125,0.0,25959.1,25550.0,25600,ATM-8,CALL,26000,2025-12-04
2025-12-04 09:18:00+05:30,448.95,448.95,446.1,448.35,600,19125,6.41,25958.5,25550.0,25600,ATM-8,CALL,26000,2025-12-04
2025-12-04 09:19:00+05:30,448.0,448.0,434.95,434.95,375,20250,0.0,25949.55,25550.0,25600,ATM-8,CALL,26000,2025-12-04
2025-12-04 09:20:00+05:30,434.95,434.95,434.5,434.5,450,20250,0.0,25948.6,25550.0,25600,ATM-8,CALL,26000,2025-12-04
2025-12-04 09:21:00+05:30,432.5,441.5,432.5,441.5,1050,20550,0.0,25955.4,25550.0,25600,ATM-8,CALL,26000,2025-12-04
2025-12-04 09:22:00+05:30,438.0,438.0,437.5,437.5,825,20550,0.0,25961.85,25550.0,25600,ATM-8,CALL,26000,2025-12-04
2025-12-04 09:23:00+05:30,402.55,425.0,399.8,421.9,6900,148200,0.0,25985.45,25600.0,25600,ATM-8,CALL,26000,2025-12-04
2025-12-04 09:24:00+05:30,418.85,433.15,415.8,431.45,9075,148200,6.71,25992.65,25600.0,25600,ATM-8,CALL,26000,2025-12-04
2025-12-04 09:25:00+05:30,427.2,430.0,419.95,420.5,3825,147150,7.42,25977.6,25600.0,25600,ATM-8,CALL,26000,2025-12-04
2025-12-04 09:26:00+05:30,419.55,430.0,419.55,426.75,2550,147150,8.75,25979.2,25600.0,25600,ATM-8,CALL,26000,2025-12-04
2025-12-04 09:27:00+05:30,425.4,433.0,420.0,430.9,6150,147150,8.08,25986.25,25600.0,25600,ATM-8,CALL,26000,2025-12-04
2025-12-04 09:28:00+05:30,429.5,433.85,427.95,427.95,2550,147450,0.0,25990.8,25600.0,25600,ATM-8,CALL,26000,2025-12-04
2025-12-04 09:29:00+05:30,429.8,441.3,429.8,440.0,4650,147450,8.48,25995.85,25600.0,25600,ATM-8,CALL,26000,2025-12-04
2025-12-04 09:30:00+05:30,439.15,441.0,434.3,440.9,5775,147450,8.01,25997.05,25600.0,25600,ATM-8,CALL,26000,2025-12-04
2025-12-04 09:31:00+05:30,439.6,444.15,435.0,439.1,2625,149400,7.82,25995.95,25600.0,25600,ATM-8,CALL,26000,2025-12-04
2025-12-04 09:32:00+05:30,438.6,438.6,421.0,423.0,4650,149400,5.29,25983.85,25600.0,25600,ATM-8,CALL,26000,2025-12-04
2025-12-04 09:33:00+05:30,428.9,437.7,422.95,437.7,3675,149400,8.46,25990.9,25600.0,25600,ATM-8,CALL,26000,2025-12-04
2025-12-04 09:34:00+05:30,436.6,447.0,436.6,447.0,5925,150450,8.5,26000.8,25600.0,25600,ATM-8,CALL,26000,2025-12-04
2025-12-04 09:35:00+05:30,447.45,458.2,447.45,457.65,4500,150450,6.95,26016.75,25600.0,25600,ATM-8,CALL,26000,2025-12-04
2025-12-04 09:36:00+05:30,458.25,462.55,455.9,458.7,6450,150450,0.0,26021.3,25600.0,25600,ATM-8,CALL,26000,2025-12-04
2025-12-04 09:37:00+05:30,412.0,415.0,411.15,411.15,2475,54525,0.0,26025.25,25650.0,25600,ATM-8,CALL,26000,2025-12-04
2025-12-04 09:38:00+05:30,458.75,461.6,453.45,455.2,2100,147600,0.0,26018.65,25600.0,25600,ATM-8,CALL,26000,2025-12-04
2025-12-04 09:39:00+05:30,452.1,454.85,446.0,450.55,2250,147600,0.0,26013.45,25600.0,25600,ATM-8,CALL,26000,2025-12-04
2025-12-04 09:40:00+05:30,450.0,452.15,435.0,439.8,4050,148950,0.0,26003.5,25600.0,25600,ATM-8,CALL,26000,2025-12-04
2025-12-04 09:41:00+05:30,441.6,445.0,435.0,445.0,2775,148950,3.88,26004.5,25600.0,25600,ATM-8,CALL,26000,2025-12-04
2025-12-04 09:42:00+05:30,447.0,453.35,446.65,450.2,4500,148950,0.0,26011.85,25600.0,25600,ATM-8,CALL,26000,2025-12-04
2025-12-04 09:43:00+05:30,448.9,457.0,448.9,457.0,3675,148350,6.55,26016.45,25600.0,25600,ATM-8,CALL,26000,2025-12-04
2025-12-04 09:44:00+05:30,411.25,419.75,410.75,419.75,8400,53625,7.14,26028.15,25650.0,25600,ATM-8,CALL,26000,2025-12-04
2025-12-04 09:45:00+05:30,417.0,418.6,414.55,415.3,1425,53625,5.71,26025.2,25650.0,25600,ATM-8,CALL,26000,2025-12-04
2025-12-04 09:46:00+05:30,461.7,468.6,461.45,463.4,7050,149850,6.56,26021.95,25600.0,25600,ATM-8,CALL,26000,2025-12-04
2025-12-04 09:47:00+05:30,464.45,467.95,460.4,463.25,2100,149850,7.63,26021.05,25600.0,25600,ATM-8,CALL,26000,2025-12-04
2025-12-04 09:48:00+05:30,461.35,461.35,456.4,459.05,750,149850,7.33,26017.6,25600.0,25600,ATM-8,CALL,26000,2025-12-04
2025-12-04 09:49:00+05:30,462.45,462.45,455.0,455.0,1200,151575,0.0,26016.3,25600.0,25600,ATM-8,CALL,26000,2025-12-04
2025-12-04 09:50:00+05:30,454.85,458.3,453.0,458.25,6000,151575,0.0,26022.5,25600.0,25600,ATM-8,CALL,26000,2025-12-04
2025-12-04 09:51:00+05:30,413.6,416.0,412.75,414.6,1125,60450,5.91,26025.1,25650.0,25600,ATM-8,CALL,26000,2025-12-04
2025-12-04 09:52:00+05:30,413.4,427.75,413.4,427.75,3300,59925,8.02,26032.8,25650.0,25600,ATM-8,CALL,26000,2025-12-04
2025-12-04 09:53:00+05:30,423.2,423.2,417.2,417.2,825,59925,6.41,26025.9,25650.0,25600,ATM-8,CALL,26000,2025-12-04
2025-12-04 09:54:00+05:30,417.2,418.95,417.2,418.95,150,59925,6.27,26027.9,25650.0,25600,ATM-8,CALL,26000,2025-12-04
2025-12-04 09:55:00+05:30,416.55,419.7,416.55,419.7,600,58350,0.0,26032.45,25650.0,25600,ATM-8,CALL,26000,2025-12-04
2025-12-04 09:56:00+05:30,422.75,422.75,421.0,421.0,825,58350,0.0,26033.35,25650.0,25600,ATM-8,CALL,26000,2025-12-04
2025-12-04 09:57:00+05:30,422.35,422.35,415.55,420.3,1500,58350,5.92,26028.75,25650.0,25600,ATM-8,CALL,26000,2025-12-04
2025-12-04 09:58:00+05:30,417.05,417.05,417.05,417.05,300,58350,0.0,26031.05,25650.0,25600,ATM-8,CALL,26000,2025-12-04
2025-12-04 09:59:00+05:30,419.95,419.95,419.95,419.95,75,57525,6.17,26028.3,25650.0,25600,ATM-8,CALL,26000,2025-12-04
2025-12-04 10:00:00+05:30,420.4,421.0,416.0,420.1,1875,57525,0.0,26031.75,25650.0,25600,ATM-8,CALL,26000,2025-12-04
2025-12-04 10:01:00+05:30,422.0,422.0,417.6,417.6,825,58275,1.86,26028.35,25650.0,25600,ATM-8,CALL,26000,2025-12-04
2025-12-04 10:02:00+05:30,414.35,421.75,413.4,417.45,900,58275,4.63,26027.3,25650.0,25600,ATM-8,CALL,26000,2025-12-04
2025-12-04 10:03:00+05:30,416.95,416.95,408.55,415.55,525,58275,0.0,26026.65,25650.0,25600,ATM-8,CALL,26000,2025-12-04
2025-12-04 10:04:00+05:30,415.55,415.55,415.55,415.55,0,58275,0.0,26025.05,25650.0,25600,ATM-8,CALL,26000,2025-12-04
2025-12-04 10:05:00+05:30,462.9,465.4,457.9,459.15,1875,157350,0.0,26021.85,25600.0,25600,ATM-8,CALL,26000,2025-12-04
2025-12-04 10:06:00+05:30,416.6,420.0,415.0,420.0,1875,57900,0.0,26031.9,25650.0,25600,ATM-8,CALL,26000,2025-12-04
2025-12-04 10:07:00+05:30,421.9,436.15,420.8,436.15,4125,58950,8.97,26039.6,25650.0,25600,ATM-8,CALL,26000,2025-12-04
2025-12-04 10:08:00+05:30,430.9,432.65,430.0,432.65,525,58950,8.61,26036.25,25650.0,25600,ATM-8,CALL,26000,2025-12-04
2025-12-04 10:09:00+05:30,429.1,429.1,420.35,420.35,2175,58950,7.75,26027.5,25650.0,25600,ATM-8,CALL,26000,2025-12-04
2025-12-04 10:10:00+05:30,420.05,420.05,419.9,419.9,300,58725,6.72,26029.0,25650.0,25600,ATM-8,CALL,26000,2025-12-04
2025-12-04 10:11:00+05:30,421.95,421.95,417.1,417.1,225,58725,0.0,26029.15,25650.0,25600,ATM-8,CALL,26000,2025-12-04
2025-12-04 10:12:00+05:30,422.25,424.85,422.25,424.85,150,58725,6.74,26034.35,25650.0,25600,ATM-8,CALL,26000,2025-12-04
2025-12-04 10:13:00+05:30,424.2,424.2,424.2,424.2,375,58725,0.0,26040.35,25650.0,25600,ATM-8,CALL,26000,2025-12-04
2025-12-04 10:14:00+05:30,427.25,434.9,427.25,431.65,1275,59175,0.0,26042.75,25650.0,25600,ATM-8,CALL,26000,2025-12-04
2025-12-04 10:15:00+05:30,432.8,433.55,432.8,433.55,1050,59175,6.44,26042.45,25650.0,25600,ATM-8,CALL,26000,2025-12-04
2025-12-04 10:16:00+05:30,431.85,431.85,430.0,430.25,375,57600,0.0,26043.45,25650.0,25600,ATM-8,CALL,26000,2025-12-04
2025-12-04 10:17:00+05:30,432.15,432.15,426.3,426.95,750,57600,0.0,26038.1,25650.0,25600,ATM-8,CALL,26000,2025-12-04
2025-12-04 10:18:00+05:30,430.45,432.0,430.45,432.0,375,57600,6.98,26043.7,25650.0,25600,ATM-8,CALL,26000,2025-12-04
2025-12-04 10:19:00+05:30,433.0,441.75,433.0,439.85,2925,57375,7.66,26046.55,25650.0,25600,ATM-8,CALL,26000,2025-12-04
2025-12-04 10:20:00+05:30,436.7,440.35,436.7,437.25,450,57375,0.0,26048.05,25650.0,25600,ATM-8,CALL,26000,2025-12-04
2025-12-04 10:21:00+05:30,439.7,450.05,439.7,445.5,5925,57375,8.02,26052.55,25650.0,25600,ATM-8,CALL,26000,2025-12-04
2025-12-04 10:22:00+05:30,446.65,451.05,443.4,443.4,1725,52575,8.35,26049.05,25650.0,25600,ATM-8,CALL,26000,2025-12-04
2025-12-04 10:23:00+05:30,441.8,442.5,440.0,442.5,2100,52575,7.65,26050.05,25650.0,25600,ATM-8,CALL,26000,2025-12-04
2025-12-04 10:24:00+05:30,445.0,445.0,442.6,443.25,825,52575,7.85,26050.55,25650.0,25600,ATM-8,CALL,26000,2025-12-04
2025-12-04 10:25:00+05:30,446.0,446.0,446.0,446.0,675,54525,7.16,26055.15,25650.0,25600,ATM-8,CALL,26000,2025-12-04
2025-12-04 10:26:00+05:30,446.05,450.45,445.7,445.7,225,54525,0.0,26056.0,25650.0,25600,ATM-8,CALL,26000,2025-12-04
2025-12-04 10:27:00+05:30,446.7,451.95,446.7,450.3,450,54525,7.79,26057.25,25650.0,25600,ATM-8,CALL,26000,2025-12-04
2025-12-04 10:28:00+05:30,452.65,460.65,451.75,460.6,3300,53925,8.68,26065.4,25650.0,25600,ATM-8,CALL,26000,2025-12-04
2025-12-04 10:29:00+05:30,413.5,428.0,413.0,428.0,41175,354300,9.34,26078.9,25700.0,25600,ATM-8,CALL,26000,2025-12-04
2025-12-04 10:30:00+05:30,427.4,429.15,421.3,422.65,23475,354300,7.8,26078.7,25700.0,25600,ATM-8,CALL,26000,2025-12-04
2025-12-04 10:31:00+05:30,422.1,433.0,421.35,432.4,13425,355800,8.77,26085.9,25700.0,25600,ATM-8,CALL,26000,2025-12-04
2025-12-04 10:32:00+05:30,433.0,435.2,427.15,429.2,13725,355800,8.79,26082.25,25700.0,25600,ATM-8,CALL,26000,2025-12-04
2025-12-04 10:33:00+05:30,429.55,429.55,422.3,425.0,14025,355800,8.58,26078.05,25700.0,25600,ATM-8,CALL,26000,2025-12-04
2025-12-04 10:34:00+05:30,425.7,434.85,425.05,434.0,14775,352800,9.28,26084.65,25700.0,25600,ATM-8,CALL,26000,2025-12-04
2025-12-04 10:35:00+05:30,433.3,434.85,431.15,434.85,20925,352800,8.81,26087.7,25700.0,25600,ATM-8,CALL,26000,2025-12-04
2025-12-04 10:36:00+05:30,435.0,440.45,435.0,438.85,8625,352800,8.46,26092.35,25700.0,25600,ATM-8,CALL,26000,2025-12-04
2025-12-04 10:37:00+05:30,438.85,439.95,436.6,438.25,10050,354225,7.85,26094.9,25700.0,25600,ATM-8,CALL,26000,2025-12-04
2025-12-04 10:38:00+05:30,440.0,440.55,435.65,436.55,6525,354225,8.55,26090.8,25700.0,25600,ATM-8,CALL,26000,2025-12-04
2025-12-04 10:39:00+05:30,435.8,436.6,432.0,435.0,4875,354225,8.61,26089.6,25700.0,25600,ATM-8,CALL,26000,2025-12-04
2025-12-04 10:40:00+05:30,435.35,443.5,433.85,433.85,13950,355500,8.0,26090.65,25700.0,25600,ATM-8,CALL,26000,2025-12-04
2025-12-04 10:41:00+05:30,435.0,443.25,433.65,439.9,9450,355500,8.82,26093.2,25700.0,25600,ATM-8,CALL,26000,2025-12-04
2025-12-04 10:42:00+05:30,440.7,443.9,439.2,441.3,8475,355500,8.98,26093.55,25700.0,25600,ATM-8,CALL,26000,2025-12-04
2025-12-04 10:43:00+05:30,440.7,442.8,439.15,440.5,2400,351000,8.7,26094.6,25700.0,25600,ATM-8,CALL,26000,2025-12-04
2025-12-04 10:44:00+05:30,441.9,445.0,439.75,439.75,12300,351000,8.9,26092.7,25700.0,25600,ATM-8,CALL,26000,2025-12-04
2025-12-04 10:45:00+05:30,440.7,442.75,439.75,440.8,3675,351000,8.43,26097.1,25700.0,25600,ATM-8,CALL,26000,2025-12-04
2025-12-04 10:46:00+05:30,441.35,442.8,439.0,441.9,4575,360900,8.98,26094.7,25700.0,25600,ATM-8,CALL,26000,2025-12-04
2025-12-04 10:47:00+05:30,440.6,441.05,437.95,437.95,3675,360900,9.44,26089.9,25700.0,25600,ATM-8,CALL,26000,2025-12-04
2025-12-04 10:48:00+05:30,437.15,437.15,433.75,436.0,6675,360900,9.16,26087.8,25700.0,25600,ATM-8,CALL,26000,2025-12-04
2025-12-04 10:49:00+05:30,434.4,435.45,431.25,432.65,3675,359475,9.08,26083.4,25700.0,25600,ATM-8,CALL,26000,2025-12-04
2025-12-04 10:50:00+05:30,432.0,434.9,432.0,434.9,1950,359475,9.9,26082.9,25700.0,25600,ATM-8,CALL,26000,2025-12-04
2025-12-04 10:51:00+05:30,433.75,433.75,431.45,431.45,1725,359475,8.84,26084.25,25700.0,25600,ATM-8,CALL,26000,2025-12-04
2025-12-04 10:52:00+05:30,433.8,433.8,432.95,433.7,3225,360300,9.61,26082.75,25700.0,25600,ATM-8,CALL,26000,2025-12-04
2025-12-04 10:53:00+05:30,433.5,433.5,425.4,430.0,10275,360300,9.55,26079.6,25700.0,25600,ATM-8,CALL,26000,2025-12-04
2025-12-04 10:54:00+05:30,430.35,432.35,428.65,429.8,2175,360300,9.61,26078.05,25700.0,25600,ATM-8,CALL,26000,2025-12-04
2025-12-04 10:55:00+05:30,427.6,431.5,426.65,430.1,2025,356625,9.47,26079.2,25700.0,25600,ATM-8,CALL,26000,2025-12-04
2025-12-04 10:56:00+05:30,432.05,432.05,427.0,430.0,1800,356625,9.68,26078.4,25700.0,25600,ATM-8,CALL,26000,2025-12-04
2025-12-04 10:57:00+05:30,429.7,434.15,429.55,434.15,5100,356625,9.93,26080.95,25700.0,25600,ATM-8,CALL,26000,2025-12-04
2025-12-04 10:58:00+05:30,434.05,440.1,434.05,435.75,5100,355050,9.7,26085.5,25700.0,25600,ATM-8,CALL,26000,2025-12-04
2025-12-04 10:59:00+05:30,438.0,438.3,423.45,423.7,10350,355050,8.93,26075.5,25700.0,25600,ATM-8,CALL,26000,2025-12-04
2025-12-04 11:00:00+05:30,425.55,426.6,423.7,426.0,3675,355050,8.84,26076.55,25700.0,25600,ATM-8,CALL,26000,2025-12-04
2025-12-04 11:01:00+05:30,428.7,432.0,428.7,429.85,2550,356250,9.44,26079.6,25700.0,25600,ATM-8,CALL,26000,2025-12-04
2025-12-04 11:02:00+05:30,428.65,433.55,428.65,430.0,7125,356250,9.09,26082.1,25700.0,25600,ATM-8,CALL,26000,2025-12-04
2025-12-04 11:03:00+05:30,432.85,434.8,431.75,432.85,2625,356250,9.47,26082.65,25700.0,25600,ATM-8,CALL,26000,2025-12-04
2025-12-04 11:04:00+05:30,430.9,434.85,429.6,434.85,3675,358800,9.95,26083.0,25700.0,25600,ATM-8,CALL,26000,2025-12-04
2025-12-04 11:05:00+05:30,431.65,434.15,431.65,433.3,750,358800,9.61,26082.95,25700.0,25600,ATM-8,CALL,26000,2025-12-04
2025-12-04 11:06:00+05:30,435.0,435.95,432.0,432.1,2325,358800,9.25,26083.9,25700.0,25600,ATM-8,CALL,26000,2025-12-04
2025-12-04 11:07:00+05:30,432.15,432.15,429.0,429.0,2175,357825,8.99,26080.6,25700.0,25600,ATM-8,CALL,26000,2025-12-04
2025-12-04 11:08:00+05:30,429.3,430.05,420.75,420.75,12450,357825,7.84,26076.7,25700.0,25600,ATM-8,CALL,26000,2025-12-04
2025-12-04 11:09:00+05:30,467.75,469.85,467.0,467.0,750,49350,7.99,26074.7,25650.0,25600,ATM-8,CALL,26000,2025-12-04
2025-12-04 11:10:00+05:30,419.0,423.0,415.6,423.0,8175,351300,8.73,26076.0,25700.0,25600,ATM-8,CALL,26000,2025-12-04
2025-12-04 11:11:00+05:30,469.1,470.85,464.85,465.05,600,49500,7.93,26073.2,25650.0,25600,ATM-8,CALL,26000,2025-12-04
2025-12-04 11:12:00+05:30,465.05,465.05,465.05,465.05,0,49500,8.02,26073.0,25650.0,25600,ATM-8,CALL,26000,2025-12-04
2025-12-04 11:13:00+05:30,461.5,463.55,461.5,463.55,1500,49500,7.22,26070.4,25650.0,25600,ATM-8,CALL,26000,2025-12-04
2025-12-04 11:14:00+05:30,416.3,420.5,416.3,420.4,7350,349275,7.73,26077.05,25700.0,25600,ATM-8,CALL,26000,2025-12-04
2025-12-04 11:15:00+05:30,467.25,467.9,467.25,467.9,150,49500,9.32,26070.5,25650.0,25600,ATM-8,CALL,26000,2025-12-04
2025-12-04 11:16:00+05:30,467.9,467.9,467.9,467.9,0,49500,8.69,26073.05,25650.0,25600,ATM-8,CALL,26000,2025-12-04
2025-12-04 11:17:00+05:30,417.9,420.0,417.0,419.1,1875,343500,7.79,26075.6,25700.0,25600,ATM-8,CALL,26000,2025-12-04
2025-12-04 11:18:00+05:30,457.3,457.3,457.3,457.3,525,49125,0.0,26068.0,25650.0,25600,ATM-8,CALL,26000,2025-12-04
2025-12-04 11:19:00+05:30,461.35,461.35,461.35,461.35,75,48825,7.75,26070.3,25650.0,25600,ATM-8,CALL,26000,2025-12-04
2025-12-04 11:20:00+05:30,461.0,461.0,461.0,461.0,75,48825,8.86,26065.55,25650.0,25600,ATM-8,CALL,26000,2025-12-04
2025-12-04 11:21:00+05:30,458.5,461.8,458.15,460.8,600,48825,7.99,26068.1,25650.0,25600,ATM-8,CALL,26000,2025-12-04
2025-12-04 11:22:00+05:30,461.85,461.85,461.45,461.45,150,48825,7.8,26069.4,25650.0,25600,ATM-8,CALL,26000,2025-12-04
2025-12-04 11:23:00+05:30,460.2,460.2,451.25,451.25,600,48975,0.0,26064.3,25650.0,25600,ATM-8,CALL,26000,2025-12-04
2025-12-04 11:24:00+05:30,449.8,450.65,446.35,450.65,450,48975,0.0,26063.15,25650.0,25600,ATM-8,CALL,26000,2025-12-04
2025-12-04 11:25:00+05:30,450.65,450.65,450.65,450.65,0,48975,0.0,26067.9,25650.0,25600,ATM-8,CALL,26000,2025-12-04
2025-12-04 11:26:00+05:30,450.65,450.65,450.65,450.65,0,48975,0.0,26066.15,25650.0,25600,ATM-8,CALL,26000,2025-12-04
2025-12-04 11:27:00+05:30,458.6,458.6,452.0,452.0,450,48750,6.12,26063.35,25650.0,25600,ATM-8,CALL,26000,2025-12-04
2025-12-04 11:28:00+05:30,452.0,452.0,452.0,452.0,375,48750,6.18,26062.6,25650.0,25600,ATM-8,CALL,26000,2025-12-04
2025-12-04 11:29:00+05:30,452.55,452.55,452.55,452.55,75,48900,8.61,26060.6,25650.0,25600,ATM-8,CALL,26000,2025-12-04
2025-12-04 11:30:00+05:30,449.95,449.95,445.25,449.0,1050,48900,0.0,26060.35,25650.0,25600,ATM-8,CALL,26000,2025-12-04
2025-12-04 11:31:00+05:30,454.6,454.9,452.0,452.0,300,49050,7.59,26060.0,25650.0,25600,ATM-8,CALL,26000,2025-12-04
2025-12-04 11:32:00+05:30,449.1,451.05,447.55,447.6,450,49050,0.0,26060.25,25650.0,25600,ATM-8,CALL,26000,2025-12-04
2025-12-04 11:33:00+05:30,454.1,454.1,454.1,454.1,75,49050,7.67,26063.2,25650.0,25600,ATM-8,CALL,26000,2025-12-04
2025-12-04 11:34:00+05:30,454.1,454.1,454.1,454.1,0,49050,8.14,26061.3,25650.0,25600,ATM-8,CALL,26000,2025-12-04
2025-12-04 11:35:00+05:30,454.1,454.1,454.1,454.1,0,49050,8.21,26060.7,25650.0,25600,ATM-8,CALL,26000,2025-12-04
2025-12-04 11:36:00+05:30,453.1,453.6,450.15,450.15,225,48975,7.0,26060.55,25650.0,25600,ATM-8,CALL,26000,2025-12-04
2025-12-04 11:37:00+05:30,446.0,446.0,443.75,443.75,525,48900,6.74,26052.9,25650.0,25600,ATM-8,CALL,26000,2025-12-04
2025-12-04 11:38:00+05:30,446.1,446.1,426.0,432.0,2250,48900,7.69,26039.35,25650.0,25600,ATM-8,CALL,26000,2025-12-04
2025-12-04 11:39:00+05:30,430.9,430.9,424.7,424.7,1800,48900,6.56,26034.75,25650.0,25600,ATM-8,CALL,26000,2025-12-04
2025-12-04 11:40:00+05:30,424.7,427.2,424.7,427.2,600,48900,0.0,26038.15,25650.0,25600,ATM-8,CALL,26000,2025-12-04
2025-12-04 11:41:00+05:30,427.2,427.2,420.0,420.0,975,49575,0.0,26033.45,25650.0,25600,ATM-8,CALL,26000,2025-12-04
2025-12-04 11:42:00+05:30,419.0,419.0,413.05,415.25,3825,49575,0.0,26028.2,25650.0,25600,ATM-8,CALL,26000,2025-12-04
2025-12-04 11:43:00+05:30,465.15,465.15,461.65,461.65,1350,214200,0.0,26023.45,25600.0,25600,ATM-8,CALL,26000,2025-12-04
2025-12-04 11:44:00+05:30,414.05,418.0,414.05,416.2,2025,49050,5.36,26028.8,25650.0,25600,ATM-8,CALL,26000,2025-12-04
2025-12-04 11:45:00+05:30,463.0,463.0,449.75,450.6,7275,214200,0.0,26015.15,25600.0,25600,ATM-8,CALL,26000,2025-12-04
2025-12-04 11:46:00+05:30,405.9,417.05,404.7,417.05,4725,48300,6.63,26025.5,25650.0,25600,ATM-8,CALL,26000,2025-12-04
2025-12-04 11:47:00+05:30,413.85,416.4,413.7,415.55,1125,48300,0.0,26028.45,25650.0,25600,ATM-8,CALL,26000,2025-12-04
2025-12-04 11:48:00+05:30,415.95,415.95,414.7,414.7,600,48300,0.0,26025.95,25650.0,25600,ATM-8,CALL,26000,2025-12-04
2025-12-04 11:49:00+05:30,417.45,420.65,415.95,420.65,1050,47625,5.29,26031.3,25650.0,25600,ATM-8,CALL,26000,2025-12-04
2025-12-04 11:50:00+05:30,420.65,420.65,417.9,418.6,600,47625,5.75,26029.6,25650.0,25600,ATM-8,CALL,26000,2025-12-04
2025-12-04 11:51:00+05:30,465.15,465.15,457.45,460.0,1725,230550,0.0,26022.9,25600.0,25600,ATM-8,CALL,26000,2025-12-04
2025-12-04 11:52:00+05:30,461.9,463.0,459.3,462.1,1725,230025,7.09,26021.9,25600.0,25600,ATM-8,CALL,26000,2025-12-04
2025-12-04 11:53:00+05:30,460.5,460.5,460.5,460.5,75,230025,7.77,26018.35,25600.0,25600,ATM-8,CALL,26000,2025-12-04
2025-12-04 11:54:00+05:30,455.2,457.35,455.2,457.35,825,230025,7.16,26016.7,25600.0,25600,ATM-8,CALL,26000,2025-12-04
2025-12-04 11:55:00+05:30,411.7,418.0,411.7,418.0,750,47325,6.95,26028.1,25650.0,25600,ATM-8,CALL,26000,2025-12-04
2025-12-04 11:56:00+05:30,415.5,418.2,414.7,415.5,1575,46875,5.79,26025.15,25650.0,25600,ATM-8,CALL,26000,2025-12-04
2025-12-04 11:57:00+05:30,463.3,463.3,460.0,460.0,600,230250,0.0,26022.55,25600.0,25600,ATM-8,CALL,26000,2025-12-04
2025-12-04 11:58:00+05:30,454.0,455.75,454.0,455.75,1350,230250,0.0,26020.0,25600.0,25600,ATM-8,CALL,26000,2025-12-04
2025-12-04 11:59:00+05:30,456.0,456.25,456.0,456.25,450,228975,0.0,26024.0,25600.0,25600,ATM-8,CALL,26000,2025-12-04
2025-12-04 12:00:00+05:30,460.15,463.55,460.15,460.4,975,228975,0.0,26024.55,25600.0,25600,ATM-8,CALL,26000,2025-12-04
2025-12-04 12:01:00+05:30,459.4,461.75,459.4,460.75,450,228975,0.0,26024.9,25600.0,25600,ATM-8,CALL,26000,2025-12-04
2025-12-04 12:02:00+05:30,462.15,469.7,460.55,460.55,3600,229125,0.0,26024.6,25600.0,25600,ATM-8,CALL,26000,2025-12-04
2025-12-04 12:03:00+05:30,415.95,415.95,415.95,415.95,75,45000,0.0,26031.4,25650.0,25600,ATM-8,CALL,26000,2025-12-04
2025-12-04 12:04:00+05:30,423.95,425.2,423.0,423.0,675,44700,6.44,26032.65,25650.0,25600,ATM-8,CALL,26000,2025-12-04
2025-12-04 12:05:00+05:30,423.0,428.0,423.0,427.9,750,44700,4.96,26038.45,25650.0,25600,ATM-8,CALL,26000,2025-12-04
2025-12-04 12:06:00+05:30,424.0,424.6,421.2,421.2,1125,44700,0.0,26035.45,25650.0,25600,ATM-8,CALL,26000,2025-12-04
2025-12-04 12:07:00+05:30,421.2,421.2,421.2,421.2,0,44700,0.0,26040.6,25650.0,25600,ATM-8,CALL,26000,2025-12-04
2025-12-04 12:08:00+05:30,433.0,433.0,433.0,433.0,75,44175,7.03,26042.85,25650.0,25600,ATM-8,CALL,26000,2025-12-04
2025-12-04 12:09:00+05:30,429.6,429.6,417.0,417.0,300,44175,0.0,26032.0,25650.0,25600,ATM-8,CALL,26000,2025-12-04
2025-12-04 12:10:00+05:30,417.55,419.55,413.75,416.6,1200,43575,6.94,26027.7,25650.0,25600,ATM-8,CALL,26000,2025-12-04
2025-12-04 12:11:00+05:30,461.95,463.35,456.3,456.3,1350,153000,0.0,26023.8,25600.0,25600,ATM-8,CALL,26000,2025-12-04
2025-12-04 12:12:00+05:30,412.0,417.2,408.85,417.2,300,43575,6.71,26027.3,25650.0,25600,ATM-8,CALL,26000,2025-12-04
2025-12-04 12:13:00+05:30,416.4,418.75,416.4,418.75,225,43575,7.32,26026.8,25650.0,25600,ATM-8,CALL,26000,2025-12-04
2025-12-04 12:14:00+05:30,421.05,421.05,421.05,421.05,150,43125,8.06,26028.15,25650.0,25600,ATM-8,CALL,26000,2025-12-04
2025-12-04 12:15:00+05:30,460.2,460.2,455.75,455.75,825,153150,0.0,26017.8,25600.0,25600,ATM-8,CALL,26000,2025-12-04
2025-12-04 12:16:00+05:30,457.65,460.35,453.95,460.35,975,153150,6.7,26021.65,25600.0,25600,ATM-8,CALL,26000,2025-12-04
2025-12-04 12:17:00+05:30,458.4,463.95,458.4,463.95,675,153150,7.68,26023.0,25600.0,25600,ATM-8,CALL,26000,2025-12-04
2025-12-04 12:18:00+05:30,460.0,460.0,458.0,458.05,5925,153150,0.0,26022.65,25600.0,25600,ATM-8,CALL,26000,2025-12-04
2025-12-04 12:19:00+05:30,460.05,460.05,460.05,460.05,75,153150,8.26,26018.15,25600.0,25600,ATM-8,CALL,26000,2025-12-04
2025-12-04 12:20:00+05:30,458.85,458.85,442.45,442.45,9750,153975,0.0,26006.95,25600.0,25600,ATM-8,CALL,26000,2025-12-04
2025-12-04 12:21:00+05:30,442.25,448.0,440.0,448.0,4725,153975,0.0,26012.15,25600.0,25600,ATM-8,CALL,26000,2025-12-04
2025-12-04 12:22:00+05:30,448.9,449.85,448.8,448.9,1650,150300,0.0,26015.1,25600.0,25600,ATM-8,CALL,26000,2025-12-04
2025-12-04 12:23:00+05:30,454.05,454.05,453.35,453.35,1275,150300,0.0,26015.85,25600.0,25600,ATM-8,CALL,26000,2025-12-04
2025-12-04 12:24:00+05:30,452.65,453.25,450.65,452.85,975,150300,0.0,26019.5,25600.0,25600,ATM-8,CALL,26000,2025-12-04
2025-12-04 12:25:00+05:30,453.3,460.0,453.3,460.0,1575,150900,0.0,26024.4,25600.0,25600,ATM-8,CALL,26000,2025-12-04
2025-12-04 12:26:00+05:30,463.2,463.2,457.5,459.2,600,150900,0.0,26024.5,25600.0,25600,ATM-8,CALL,26000,2025-12-04
2025-12-04 12:27:00+05:30,411.0,411.95,410.2,411.25,525,42750,0.0,26025.65,25650.0,25600,ATM-8,CALL,26000,2025-12-04
2025-12-04 12:28:00+05:30,416.45,421.3,415.1,421.3,5850,40275,7.69,26028.9,25650.0,25600,ATM-8,CALL,26000,2025-12-04
2025-12-04 12:29:00+05:30,468.6,468.6,455.75,455.75,6600,148350,0.0,26024.25,25600.0,25600,ATM-8,CALL,26000,2025-12-04
2025-12-04 12:30:00+05:30,411.15,413.35,411.15,413.35,300,40275,0.0,26026.8,25650.0,25600,ATM-8,CALL,26000,2025-12-04
2025-12-04 12:31:00+05:30,415.45,415.45,411.8,411.8,375,40275,0.0,26025.35,25650.0,25600,ATM-8,CALL,26000,2025-12-04
2025-12-04 12:32:00+05:30,458.2,458.45,458.2,458.45,150,149400,0.0,26024.35,25600.0,25600,ATM-8,CALL,26000,2025-12-04
2025-12-04 12:33:00+05:30,414.0,414.0,414.0,414.0,75,42450,0.0,26029.0,25650.0,25600,ATM-8,CALL,26000,2025-12-04
2025-12-04 12:34:00+05:30,415.9,415.9,415.9,415.9,75,42450,5.69,26025.9,25650.0,25600,ATM-8,CALL,26000,2025-12-04
2025-12-04 12:35:00+05:30,415.9,415.9,415.9,415.9,0,42450,0.0,26027.9,25650.0,25600,ATM-8,CALL,26000,2025-12-04
2025-12-04 12:36:00+05:30,414.65,414.65,412.75,413.05,900,42375,0.0,26026.05,25650.0,25600,ATM-8,CALL,26000,2025-12-04
2025-12-04 12:37:00+05:30,456.95,461.85,456.95,461.85,150,149400,0.0,26025.0,25600.0,25600,ATM-8,CALL,26000,2025-12-04
2025-12-04 12:38:00+05:30,412.0,415.7,412.0,415.7,600,42300,5.6,26026.65,25650.0,25600,ATM-8,CALL,26000,2025-12-04
2025-12-04 12:39:00+05:30,465.0,465.0,464.75,464.75,2325,148050,7.19,26023.95,25600.0,25600,ATM-8,CALL,26000,2025-12-04
2025-12-04 12:40:00+05:30,457.8,458.85,457.8,458.85,225,148050,0.0,26025.0,25600.0,25600,ATM-8,CALL,26000,2025-12-04
2025-12-04 12:41:00+05:30,457.75,459.25,456.0,456.0,600,145350,0.0,26023.6,25600.0,25600,ATM-8,CALL,26000,2025-12-04
2025-12-04 12:42:00+05:30,455.0,455.0,449.2,449.7,975,145350,0.0,26017.2,25600.0,25600,ATM-8,CALL,26000,2025-12-04
2025-12-04 12:43:00+05:30,449.1,450.1,444.0,444.75,2850,146775,0.0,26012.5,25600.0,25600,ATM-8,CALL,26000,2025-12-04
2025-12-04 12:44:00+05:30,443.55,443.55,442.75,442.75,375,146775,0.0,26009.55,25600.0,25600,ATM-8,CALL,26000,2025-12-04
2025-12-04 12:45:00+05:30,440.0,440.0,424.95,424.95,8325,146775,0.0,25992.1,25600.0,25600,ATM-8,CALL,26000,2025-12-04
2025-12-04 12:46:00+05:30,426.2,426.25,425.45,425.45,4500,146775,0.0,25990.7,25600.0,25600,ATM-8,CALL,26000,2025-12-04
2025-12-04 12:47:00+05:30,429.0,436.1,428.85,433.05,3825,148575,0.0,26000.85,25600.0,25600,ATM-8,CALL,26000,2025-12-04
2025-12-04 12:48:00+05:30,432.0,433.3,428.2,428.2,1350,148575,0.0,25997.05,25600.0,25600,ATM-8,CALL,26000,2025-12-04
2025-12-04 12:49:00+05:30,428.45,428.45,425.0,425.1,1350,148575,0.0,25993.35,25600.0,25600,ATM-8,CALL,26000,2025-12-04
2025-12-04 12:50:00+05:30,425.05,428.8,425.05,426.3,375,150375,0.0,25994.45,25600.0,25600,ATM-8,CALL,26000,2025-12-04
2025-12-04 12:51:00+05:30,428.85,429.45,424.55,426.2,2625,150375,0.0,25995.5,25600.0,25600,ATM-8,CALL,26000,2025-12-04
2025-12-04 12:52:00+05:30,427.35,427.35,419.4,421.05,3600,150375,0.0,25991.55,25600.0,25600,ATM-8,CALL,26000,2025-12-04
2025-12-04 12:53:00+05:30,422.35,422.35,422.0,422.0,1125,148875,0.0,25993.85,25600.0,25600,ATM-8,CALL,26000,2025-12-04
2025-12-04 12:54:00+05:30,427.85,428.0,425.95,425.95,8025,148875,0.0,25992.85,25600.0,25600,ATM-8,CALL,26000,2025-12-04
2025-12-04 12:55:00+05:30,429.15,438.1,429.15,438.1,600,148875,0.0,26004.5,25600.0,25600,ATM-8,CALL,26000,2025-12-04
2025-12-04 12:56:00+05:30,436.6,439.9,435.65,439.9,2775,153825,0.0,26005.95,25600.0,25600,ATM-8,CALL,26000,2025-12-04
2025-12-04 12:57:00+05:30,437.75,439.3,436.05,439.0,2550,153825,0.0,26005.95,25600.0,25600,ATM-8,CALL,26000,2025-12-04
2025-12-04 12:58:00+05:30,438.0,441.85,434.0,434.0,1875,153825,0.0,26004.05,25600.0,25600,ATM-8,CALL,26000,2025-12-04
2025-12-04 12:59:00+05:30,437.9,439.35,436.6,437.35,750,152175,0.0,26002.4,25600.0,25600,ATM-8,CALL,26000,2025-12-04
2025-12-04 13:00:00+05:30,434.65,436.35,432.35,436.35,1650,152175,0.0,26001.85,25600.0,25600,ATM-8,CALL,26000,2025-12-04
2025-12-04 13:01:00+05:30,438.7,439.05,434.95,436.6,2100,152175,0.0,26004.2,25600.0,25600,ATM-8,CALL,26000,2025-12-04
2025-12-04 13:02:00+05:30,436.05,436.05,435.1,435.95,1725,153975,0.0,26001.3,25600.0,25600,ATM-8,CALL,26000,2025-12-04
2025-12-04 13:03:00+05:30,435.15,436.35,435.15,436.35,450,153975,0.0,26002.7,25600.0,25600,ATM-8,CALL,26000,2025-12-04
2025-12-04 13:04:00+05:30,436.95,443.45,436.95,442.7,4275,153975,0.0,26005.85,25600.0,25600,ATM-8,CALL,26000,2025-12-04
2025-12-04 13:05:00+05:30,436.45,438.1,435.95,436.0,1650,151800,0.0,26001.05,25600.0,25600,ATM-8,CALL,26000,2025-12-04
2025-12-04 13:06:00+05:30,436.05,438.0,435.7,435.95,1500,151800,0.0,26002.2,25600.0,25600,ATM-8,CALL,26000,2025-12-04
2025-12-04 13:07:00+05:30,437.5,437.5,437.5,437.5,150,151800,0.0,26003.9,25600.0,25600,ATM-8,CALL,26000,2025-12-04
2025-12-04 13:08:00+05:30,441.0,444.0,441.0,444.0,525,152925,8.61,25999.95,25600.0,25600,ATM-8,CALL,26000,2025-12-04
2025-12-04 13:09:00+05:30,439.45,439.45,437.45,437.45,150,152925,6.72,25997.95,25600.0,25600,ATM-8,CALL,26000,2025-12-04
2025-12-04 13:10:00+05:30,433.95,434.1,429.95,431.85,4500,152925,5.64,25993.15,25600.0,25600,ATM-8,CALL,26000,2025-12-04
2025-12-04 13:11:00+05:30,433.35,435.0,433.35,434.6,2025,152550,7.3,25994.25,25600.0,25600,ATM-8,CALL,26000,2025-12-04
2025-12-04 13:12:00+05:30,434.6,439.0,434.6,439.0,450,152550,8.97,25993.45,25600.0,25600,ATM-8,CALL,26000,2025-12-04
2025-12-04 13:13:00+05:30,431.0,431.0,431.0,431.0,75,152550,0.0,25993.8,25600.0,25600,ATM-8,CALL,26000,2025-12-04
2025-12-04 13:14:00+05:30,432.1,443.0,432.1,441.45,900,152025,7.09,26000.8,25600.0,25600,ATM-8,CALL,26000,2025-12-04
2025-12-04 13:15:00+05:30,438.5,440.95,437.65,438.6,600,152025,0.0,26002.4,25600.0,25600,ATM-8,CALL,26000,2025-12-04
2025-12-04 13:16:00+05:30,438.4,442.75,438.4,442.75,1050,152025,5.22,26003.3,25600.0,25600,ATM-8,CALL,26000,2025-12-04
2025-12-04 13:17:00+05:30,442.6,442.6,437.6,439.5,1050,152175,5.77,26000.85,25600.0,25600,ATM-8,CALL,26000,2025-12-04
2025-12-04 13:18:00+05:30,443.0,445.0,441.7,441.7,675,152175,7.42,26001.5,25600.0,25600,ATM-8,CALL,26000,2025-12-04
2025-12-04 13:19:00+05:30,439.6,439.6,432.55,432.55,225,152175,0.0,25995.65,25600.0,25600,ATM-8,CALL,26000,2025-12-04
2025-12-04 13:20:00+05:30,434.4,437.0,433.0,437.0,375,151725,0.0,26001.5,25600.0,25600,ATM-8,CALL,26000,2025-12-04
2025-12-04 13:21:00+05:30,440.0,441.9,440.0,441.6,375,151725,0.0,26006.85,25600.0,25600,ATM-8,CALL,26000,2025-12-04
2025-12-04 13:22:00+05:30,442.7,452.7,442.7,452.0,6525,151725,0.0,26016.15,25600.0,25600,ATM-8,CALL,26000,2025-12-04
2025-12-04 13:23:00+05:30,451.65,455.0,450.2,450.2,3450,150750,0.0,26017.05,25600.0,25600,ATM-8,CALL,26000,2025-12-04
2025-12-04 13:24:00+05:30,452.85,459.9,452.0,459.9,1650,150750,8.27,26017.85,25600.0,25600,ATM-8,CALL,26000,2025-12-04
2025-12-04 13:25:00+05:30,456.65,460.5,453.2,453.2,4500,150750,0.0,26016.25,25600.0,25600,ATM-8,CALL,26000,2025-12-04
2025-12-04 13:26:00+05:30,455.15,459.85,454.45,456.7,1425,149775,5.5,26018.15,25600.0,25600,ATM-8,CALL,26000,2025-12-04
2025-12-04 13:27:00+05:30,457.65,460.0,457.65,458.0,1200,149775,0.0,26018.95,25600.0,25600,ATM-8,CALL,26000,2025-12-04
2025-12-04 13:28:00+05:30,457.9,457.9,453.9,453.9,450,149775,0.0,26016.8,25600.0,25600,ATM-8,CALL,26000,2025-12-04
2025-12-04 13:29:00+05:30,452.25,455.25,452.25,452.7,3900,151200,0.0,26015.7,25600.0,25600,ATM-8,CALL,26000,2025-12-04
2025-12-04 13:30:00+05:30,455.85,463.0,450.8,450.8,7350,151200,0.0,26015.3,25600.0,25600,ATM-8,CALL,26000,2025-12-04
2025-12-04 13:31:00+05:30,450.0,450.65,448.85,450.2,750,151200,0.0,26013.6,25600.0,25600,ATM-8,CALL,26000,2025-12-04
2025-12-04 13:32:00+05:30,450.2,450.2,450.2,450.2,0,151200,6.54,26011.8,25600.0,25600,ATM-8,CALL,26000,2025-12-04
2025-12-04 13:33:00+05:30,448.7,448.7,445.3,446.2,450,149025,5.76,26008.95,25600.0,25600,ATM-8,CALL,26000,2025-12-04
2025-12-04 13:34:00+05:30,446.35,446.35,435.0,435.0,1725,149025,0.0,26002.4,25600.0,25600,ATM-8,CALL,26000,2025-12-04
2025-12-04 13:35:00+05:30,436.45,436.45,425.0,426.25,2850,149400,0.0,25990.4,25600.0,25600,ATM-8,CALL,26000,2025-12-04
2025-12-04 13:36:00+05:30,424.05,424.05,416.9,417.55,11850,149400,3.56,25979.5,25600.0,25600,ATM-8,CALL,26000,2025-12-04
2025-12-04 13:37:00+05:30,416.0,418.3,410.0,413.3,4800,149400,0.0,25976.3,25600.0,25600,ATM-8,CALL,26000,2025-12-04
2025-12-04 13:38:00+05:30,414.45,421.55,413.95,421.55,12750,147075,7.01,25981.75,25600.0,25600,ATM-8,CALL,26000,2025-12-04
2025-12-04 13:39:00+05:30,419.75,419.75,416.75,416.75,13125,147075,0.0,25980.55,25600.0,25600,ATM-8,CALL,26000,2025-12-04
2025-12-04 13:40:00+05:30,417.1,417.1,413.0,415.35,1875,147075,0.0,25978.35,25600.0,25600,ATM-8,CALL,26000,2025-12-04
2025-12-04 13:41:00+05:30,455.0,455.0,446.55,446.55,1275,25425,0.0,25964.95,25550.0,25600,ATM-8,CALL,26000,2025-12-04
2025-12-04 13:42:00+05:30,449.85,454.6,446.55,454.3,975,25425,0.0,25973.25,25550.0,25600,ATM-8,CALL,26000,2025-12-04
2025-12-04 13:43:00+05:30,458.0,458.0,450.85,452.6,600,25425,0.0,25972.9,25550.0,25600,ATM-8,CALL,26000,2025-12-04
2025-12-04 13:44:00+05:30,408.6,410.2,408.5,410.0,1350,164775,0.0,25976.3,25600.0,25600,ATM-8,CALL,26000,2025-12-04
2025-12-04 13:45:00+05:30,452.5,452.5,451.4,451.4,225,26625,0.0,25972.8,25550.0,25600,ATM-8,CALL,26000,2025-12-04
2025-12-04 13:46:00+05:30,404.25,410.15,404.25,410.15,825,164775,0.0,25976.05,25600.0,25600,ATM-8,CALL,26000,2025-12-04
2025-12-04 13:47:00+05:30,410.3,410.3,407.6,410.2,1050,164700,0.0,25978.2,25600.0,25600,ATM-8,CALL,26000,2025-12-04
2025-12-04 13:48:00+05:30,410.3,410.3,408.15,408.55,375,164700,0.0,25979.4,25600.0,25600,ATM-8,CALL,26000,2025-12-04
2025-12-04 13:49:00+05:30,413.3,415.2,410.2,412.15,2175,164700,0.0,25978.65,25600.0,25600,ATM-8,CALL,26000,2025-12-04
2025-12-04 13:50:00+05:30,411.55,415.35,411.0,413.65,825,165150,0.0,25978.55,25600.0,25600,ATM-8,CALL,26000,2025-12-04
2025-12-04 13:51:00+05:30,413.0,416.7,412.2,415.0,6900,165150,0.0,25980.5,25600.0,25600,ATM-8,CALL,26000,2025-12-04
2025-12-04 13:52:00+05:30,414.35,414.35,412.05,413.1,2475,165150,0.0,25981.55,25600.0,25600,ATM-8,CALL,26000,2025-12-04
2025-12-04 13:53:00+05:30,459.85,459.85,459.85,459.85,75,26325,0.0,25974.85,25550.0,25600,ATM-8,CALL,26000,2025-12-04
2025-12-04 13:54:00+05:30,412.35,412.4,410.75,412.4,375,164400,0.0,25975.55,25600.0,25600,ATM-8,CALL,26000,2025-12-04
2025-12-04 13:55:00+05:30,457.4,457.4,453.75,457.2,1650,26325,0.0,25971.95,25550.0,25600,ATM-8,CALL,26000,2025-12-04
2025-12-04 13:56:00+05:30,456.8,456.8,455.2,455.2,375,26325,0.0,25974.4,25550.0,25600,ATM-8,CALL,26000,2025-12-04
2025-12-04 13:57:00+05:30,409.5,410.0,404.0,410.0,1050,167325,0.0,25975.8,25600.0,25600,ATM-8,CALL,26000,2025-12-04
2025-12-04 13:58:00+05:30,459.05,459.05,459.05,459.05,0,26700,0.0,25974.05,25550.0,25600,ATM-8,CALL,26000,2025-12-04
2025-12-04 13:59:00+05:30,459.05,459.05,459.05,459.05,0,26700,0.0,25973.3,25550.0,25600,ATM-8,CALL,26000,2025-12-04
2025-12-04 14:00:00+05:30,459.05,459.05,459.05,459.05,0,26700,0.0,25972.3,25550.0,25600,ATM-8,CALL,26000,2025-12-04
2025-12-04 14:01:00+05:30,410.25,421.7,408.45,418.85,2475,169050,5.82,25979.95,25600.0,25600,ATM-8,CALL,26000,2025-12-04
2025-12-04 14:02:00+05:30,417.15,422.35,417.15,420.2,450,168750,6.0,25980.35,25600.0,25600,ATM-8,CALL,26000,2025-12-04
2025-12-04 14:03:00+05:30,416.4,416.4,408.8,410.0,1725,168750,0.0,25978.75,25600.0,25600,ATM-8,CALL,26000,2025-12-04
2025-12-04 14:04:00+05:30,415.35,424.8,415.35,422.75,1200,168750,0.0,25986.7,25600.0,25600,ATM-8,CALL,26000,2025-12-04
2025-12-04 14:05:00+05:30,420.95,421.6,418.05,418.45,900,167175,0.0,25980.35,25600.0,25600,ATM-8,CALL,26000,2025-12-04
2025-12-04 14:06:00+05:30,418.1,419.65,417.4,419.65,2400,167175,0.0,25982.0,25600.0,25600,ATM-8,CALL,26000,2025-12-04
2025-12-04 14:07:00+05:30,421.0,431.85,421.0,431.85,8700,167175,0.0,25998.25,25600.0,25600,ATM-8,CALL,26000,2025-12-04
2025-12-04 14:08:00+05:30,430.2,431.65,428.0,430.0,600,162225,0.0,26001.55,25600.0,25600,ATM-8,CALL,26000,2025-12-04
2025-12-04 14:09:00+05:30,429.4,431.4,429.4,430.4,3300,162225,0.0,26005.6,25600.0,25600,ATM-8,CALL,26000,2025-12-04
2025-12-04 14:10:00+05:30,431.1,452.4,430.25,445.9,13575,162225,0.0,26017.4,25600.0,25600,ATM-8,CALL,26000,2025-12-04
2025-12-04 14:11:00+05:30,444.95,449.4,436.15,439.35,3450,156825,0.0,26007.55,25600.0,25600,ATM-8,CALL,26000,2025-12-04
2025-12-04 14:12:00+05:30,438.8,443.9,438.8,443.9,1500,156825,0.0,26009.2,25600.0,25600,ATM-8,CALL,26000,2025-12-04
2025-12-04 14:13:00+05:30,442.0,445.0,437.05,440.55,26550,156825,0.0,26004.15,25600.0,25600,ATM-8,CALL,26000,2025-12-04
2025-12-04 14:14:00+05:30,441.8,441.8,439.55,441.0,750,143700,0.0,26004.05,25600.0,25600,ATM-8,CALL,26000,2025-12-04
2025-12-04 14:15:00+05:30,442.05,442.2,438.75,438.75,3600,143700,0.0,26001.75,25600.0,25600,ATM-8,CALL,26000,2025-12-04
2025-12-04 14:16:00+05:30,439.1,439.1,432.8,437.25,1350,143700,0.0,26001.6,25600.0,25600,ATM-8,CALL,26000,2025-12-04
2025-12-04 14:17:00+05:30,438.1,445.65,438.1,445.65,1650,142050,0.0,26009.45,25600.0,25600,ATM-8,CALL,26000,2025-12-04
2025-12-04 14:18:00+05:30,444.0,445.55,443.25,445.55,750,142050,0.0,26008.75,25600.0,25600,ATM-8,CALL,26000,2025-12-04
2025-12-04 14:19:00+05:30,441.0,442.2,438.1,438.1,225,142050,0.0,26001.0,25600.0,25600,ATM-8,CALL,26000,2025-12-04
2025-12-04 14:20:00+05:30,437.15,437.15,434.45,434.45,525,141225,0.0,25997.45,25600.0,25600,ATM-8,CALL,26000,2025-12-04
2025-12-04 14:21:00+05:30,434.15,434.55,425.8,432.15,3750,141225,0.0,25995.0,25600.0,25600,ATM-8,CALL,26000,2025-12-04
2025-12-04 14:22:00+05:30,434.4,436.6,432.85,434.65,1275,141225,6.69,25995.3,25600.0,25600,ATM-8,CALL,26000,2025-12-04
2025-12-04 14:23:00+05:30,435.55,448.0,435.55,447.0,4575,140700,7.44,26007.0,25600.0,25600,ATM-8,CALL,26000,2025-12-04
2025-12-04 14:24:00+05:30,450.0,450.0,442.95,442.95,2325,140700,7.5,26002.25,25600.0,25600,ATM-8,CALL,26000,2025-12-04
2025-12-04 14:25:00+05:30,441.6,441.6,438.55,438.85,1425,140700,0.0,26000.7,25600.0,25600,ATM-8,CALL,26000,2025-12-04
2025-12-04 14:26:00+05:30,439.15,445.5,439.15,445.5,825,138225,6.97,26006.75,25600.0,25600,ATM-8,CALL,26000,2025-12-04
2025-12-04 14:27:00+05:30,445.5,446.1,443.85,444.25,2625,138225,0.0,26007.5,25600.0,25600,ATM-8,CALL,26000,2025-12-04
2025-12-04 14:28:00+05:30,441.0,445.55,441.0,443.0,450,138225,0.0,26006.15,25600.0,25600,ATM-8,CALL,26000,2025-12-04
2025-12-04 14:29:00+05:30,444.85,451.9,444.85,451.65,3525,137700,0.0,26014.0,25600.0,25600,ATM-8,CALL,26000,2025-12-04
2025-12-04 14:30:00+05:30,451.35,455.4,448.0,448.2,4200,137700,0.0,26016.25,25600.0,25600,ATM-8,CALL,26000,2025-12-04
2025-12-04 14:31:00+05:30,450.5,452.0,449.7,452.0,1575,137700,0.0,26015.55,25600.0,25600,ATM-8,CALL,26000,2025-12-04
2025-12-04 14:32:00+05:30,451.9,451.9,443.65,445.0,1725,134625,0.0,26008.7,25600.0,25600,ATM-8,CALL,26000,2025-12-04
2025-12-04 14:33:00+05:30,445.2,449.5,443.95,448.6,1350,134625,0.0,26010.1,25600.0,25600,ATM-8,CALL,26000,2025-12-04
2025-12-04 14:34:00+05:30,450.25,450.25,446.15,446.15,225,134625,5.21,26008.95,25600.0,25600,ATM-8,CALL,26000,2025-12-04
2025-12-04 14:35:00+05:30,445.75,446.5,439.1,440.0,975,134025,0.0,26003.8,25600.0,25600,ATM-8,CALL,26000,2025-12-04
2025-12-04 14:36:00+05:30,440.55,440.9,438.85,438.85,525,134025,0.0,26000.4,25600.0,25600,ATM-8,CALL,26000,2025-12-04
2025-12-04 14:37:00+05:30,439.15,441.25,439.15,441.25,300,134025,0.0,26004.1,25600.0,25600,ATM-8,CALL,26000,2025-12-04
2025-12-04 14:38:00+05:30,446.0,449.9,445.0,449.9,450,134250,0.0,26013.55,25600.0,25600,ATM-8,CALL,26000,2025-12-04
2025-12-04 14:39:00+05:30,450.2,457.35,450.2,451.45,1650,134250,0.0,26013.75,25600.0,25600,ATM-8,CALL,26000,2025-12-04
2025-12-04 14:40:00+05:30,455.95,455.95,455.95,455.95,75,134250,6.61,26017.5,25600.0,25600,ATM-8,CALL,26000,2025-12-04
2025-12-04 14:41:00+05:30,453.6,456.35,453.2,453.2,2025,133575,6.18,26015.45,25600.0,25600,ATM-8,CALL,26000,2025-12-04
2025-12-04 14:42:00+05:30,453.15,453.15,449.55,449.55,750,133575,0.0,26015.5,25600.0,25600,ATM-8,CALL,26000,2025-12-04
2025-12-04 14:43:00+05:30,451.25,452.3,447.55,447.85,4425,133575,7.62,26007.85,25600.0,25600,ATM-8,CALL,26000,2025-12-04
2025-12-04 14:44:00+05:30,445.0,447.55,442.9,442.9,1950,133725,8.3,26000.6,25600.0,25600,ATM-8,CALL,26000,2025-12-04
2025-12-04 14:45:00+05:30,442.0,447.05,432.4,432.4,2625,133725,7.36,25992.35,25600.0,25600,ATM-8,CALL,26000,2025-12-04
2025-12-04 14:46:00+05:30,435.15,438.4,430.05,430.05,2100,133725,7.58,25988.7,25600.0,25600,ATM-8,CALL,26000,2025-12-04
2025-12-04 14:47:00+05:30,434.7,443.0,434.7,442.65,4200,132300,7.8,26001.55,25600.0,25600,ATM-8,CALL,26000,2025-12-04
2025-12-04 14:48:00+05:30,441.05,443.5,440.1,442.55,1575,132300,6.81,26003.3,25600.0,25600,ATM-8,CALL,26000,2025-12-04
2025-12-04 14:49:00+05:30,440.0,440.25,440.0,440.25,825,132300,0.0,26003.65,25600.0,25600,ATM-8,CALL,26000,2025-12-04
2025-12-04 14:50:00+05:30,440.4,452.7,440.4,452.7,4275,130350,5.9,26014.1,25600.0,25600,ATM-8,CALL,26000,2025-12-04
2025-12-04 14:51:00+05:30,454.55,455.8,450.6,455.05,4725,130350,0.0,26018.15,25600.0,25600,ATM-8,CALL,26000,2025-12-04
2025-12-04 14:52:00+05:30,408.0,419.4,408.0,418.85,2025,50325,7.89,26026.15,25650.0,25600,ATM-8,CALL,26000,2025-12-04
2025-12-04 14:53:00+05:30,464.75,465.15,462.6,462.6,6975,126450,6.18,26023.0,25600.0,25600,ATM-8,CALL,26000,2025-12-04
2025-12-04 14:54:00+05:30,415.5,419.5,414.5,419.5,1125,48750,8.35,26025.05,25650.0,25600,ATM-8,CALL,26000,2025-12-04
2025-12-04 14:55:00+05:30,417.25,420.0,417.25,420.0,150,48750,6.55,26029.45,25650.0,25600,ATM-8,CALL,26000,2025-12-04
2025-12-04 14:56:00+05:30,422.55,430.0,421.35,429.95,2775,49200,6.92,26039.65,25650.0,25600,ATM-8,CALL,26000,2025-12-04
2025-12-04 14:57:00+05:30,427.95,431.75,427.95,428.5,900,49200,7.85,26036.45,25650.0,25600,ATM-8,CALL,26000,2025-12-04
2025-12-04 14:58:00+05:30,428.85,432.55,428.85,432.05,2100,49200,7.65,26039.35,25650.0,25600,ATM-8,CALL,26000,2025-12-04
2025-12-04 14:59:00+05:30,435.0,439.8,435.0,435.0,1275,47250,7.77,26043.25,25650.0,25600,ATM-8,CALL,26000,2025-12-04
2025-12-04 15:00:00+05:30,434.05,440.2,434.05,440.15,2325,47250,7.87,26048.45,25650.0,25600,ATM-8,CALL,26000,2025-12-04
2025-12-04 15:01:00+05:30,437.35,442.6,435.9,442.6,2100,47250,8.12,26050.5,25650.0,25600,ATM-8,CALL,26000,2025-12-04
2025-12-04 15:02:00+05:30,442.1,445.3,441.1,443.5,2175,46500,0.0,26057.65,25650.0,25600,ATM-8,CALL,26000,2025-12-04
2025-12-04 15:03:00+05:30,443.3,443.3,436.3,437.55,1050,46500,7.24,26047.5,25650.0,25600,ATM-8,CALL,26000,2025-12-04
2025-12-04 15:04:00+05:30,437.5,437.5,436.0,436.0,675,46500,0.0,26049.4,25650.0,25600,ATM-8,CALL,26000,2025-12-04
2025-12-04 15:05:00+05:30,438.15,438.75,438.15,438.75,300,46500,0.0,26052.75,25650.0,25600,ATM-8,CALL,26000,2025-12-04
2025-12-04 15:06:00+05:30,442.25,442.25,438.6,438.6,375,47025,0.0,26052.85,25650.0,25600,ATM-8,CALL,26000,2025-12-04
2025-12-04 15:07:00+05:30,439.05,439.05,436.7,436.7,1050,47025,0.0,26052.95,25650.0,25600,ATM-8,CALL,26000,2025-12-04
2025-12-04 15:08:00+05:30,434.7,435.0,428.55,435.0,4800,50700,0.0,26051.35,25650.0,25600,ATM-8,CALL,26000,2025-12-04
2025-12-04 15:09:00+05:30,430.85,430.85,430.85,430.85,150,50700,0.0,26046.6,25650.0,25600,ATM-8,CALL,26000,2025-12-04
2025-12-04 15:10:00+05:30,430.9,430.9,430.9,430.9,525,50700,0.0,26051.4,25650.0,25600,ATM-8,CALL,26000,2025-12-04
2025-12-04 15:11:00+05:30,436.6,438.1,436.6,438.1,1050,50475,0.0,26053.4,25650.0,25600,ATM-8,CALL,26000,2025-12-04
2025-12-04 15:12:00+05:30,438.15,438.6,436.35,436.35,525,50475,7.63,26045.1,25650.0,25600,ATM-8,CALL,26000,2025-12-04
2025-12-04 15:13:00+05:30,433.9,433.9,433.9,433.9,75,50475,8.54,26041.35,25650.0,25600,ATM-8,CALL,26000,2025-12-04
2025-12-04 15:14:00+05:30,432.2,432.2,429.45,429.45,3000,50250,7.95,26037.7,25650.0,25600,ATM-8,CALL,26000,2025-12-04
2025-12-04 15:15:00+05:30,428.55,428.55,426.45,427.6,1950,50250,7.91,26036.65,25650.0,25600,ATM-8,CALL,26000,2025-12-04
2025-12-04 15:16:00+05:30,428.25,428.85,423.0,425.8,600,50250,8.18,26032.25,25650.0,25600,ATM-8,CALL,26000,2025-12-04
2025-12-04 15:17:00+05:30,424.75,425.15,422.65,422.65,1050,50025,8.69,26027.65,25650.0,25600,ATM-8,CALL,26000,2025-12-04
2025-12-04 15:18:00+05:30,421.55,428.0,418.0,428.0,9825,50025,9.16,26031.0,25650.0,25600,ATM-8,CALL,26000,2025-12-04
2025-12-04 15:19:00+05:30,428.55,433.0,428.55,433.0,375,50025,8.25,26040.9,25650.0,25600,ATM-8,CALL,26000,2025-12-04
2025-12-04 15:20:00+05:30,433.2,433.2,428.85,430.8,2625,44100,9.81,26032.5,25650.0,25600,ATM-8,CALL,26000,2025-12-04
2025-12-04 15:21:00+05:30,430.75,432.8,430.75,431.35,525,44100,9.92,26031.0,25650.0,25600,ATM-8,CALL,26000,2025-12-04
2025-12-04 15:22:00+05:30,479.05,479.7,479.05,479.7,150,115425,11.47,26023.95,25600.0,25600,ATM-8,CALL,26000,2025-12-04
2025-12-04 15:23:00+05:30,427.35,430.4,427.35,430.4,675,44400,9.93,26032.1,25650.0,25600,ATM-8,CALL,26000,2025-12-04
2025-12-04 15:24:00+05:30,429.75,431.8,429.75,430.7,1050,44400,10.05,26030.45,25650.0,25600,ATM-8,CALL,26000,2025-12-04
2025-12-04 15:25:00+05:30,430.4,430.4,429.85,429.85,225,44400,10.42,26026.4,25650.0,25600,ATM-8,CALL,26000,2025-12-04
2025-12-04 15:26:00+05:30,477.0,478.85,475.0,475.0,825,115575,10.65,26023.95,25600.0,25600,ATM-8,CALL,26000,2025-12-04
2025-12-04 15:27:00+05:30,475.0,475.7,473.85,473.85,975,115575,10.23,26018.75,25600.0,25600,ATM-8,CALL,26000,2025-12-04
2025-12-04 15:28:00+05:30,475.4,478.25,475.4,478.25,825,115575,12.7,26015.6,25600.0,25600,ATM-8,CALL,26000,2025-12-04
2025-12-04 15:29:00+05:30,476.2,477.45,474.95,475.25,3450,114150,12.02,26017.1,25600.0,25600,ATM-8,CALL,26000,2025-12-04
2025-12-04 09:15:00+05:30,14.9,19.45,11.25,18.3,803700,5674575,10.17,25950.75,25600.0,25650,ATM-7,PUT,26000,2025-12-04
2025-12-04 09:16:00+05:30,18.95,18.95,16.6,16.85,559875,5674575,10.04,25955.15,25600.0,25650,ATM-7,PUT,26000,2025-12-04
2025-12-04 09:17:00+05:30,17.15,17.4,16.45,16.5,537525,5674575,10.02,25959.1,25600.0,25650,ATM-7,PUT,26000,2025-12-04
2025-12-04 09:18:00+05:30,16.3,16.85,16.3,16.6,248400,5823525,10.04,25958.5,25600.0,25650,ATM-7,PUT,26000,2025-12-04
2025-12-04 09:19:00+05:30,16.7,18.25,16.55,18.0,482775,5823525,10.11,25949.55,25600.0,25650,ATM-7,PUT,26000,2025-12-04
2025-12-04 09:20:00+05:30,18.0,18.1,17.3,17.7,258000,5823525,10.02,25948.6,25600.0,25650,ATM-7,PUT,26000,2025-12-04
2025-12-04 09:21:00+05:30,17.5,18.15,17.15,17.25,313275,5926500,10.11,25955.4,25600.0,25650,ATM-7,PUT,26000,2025-12-04
2025-12-04 09:22:00+05:30,17.15,17.85,16.7,16.75,162600,5926500,10.11,25961.85,25600.0,25650,ATM-7,PUT,26000,2025-12-04
2025-12-04 09:23:00+05:30,21.45,21.9,20.35,20.4,275700,2181600,10.18,25985.45,25650.0,25650,ATM-7,PUT,26000,2025-12-04
2025-12-04 09:24:00+05:30,20.85,20.85,18.95,18.95,355725,2181600,10.08,25992.65,25650.0,25650,ATM-7,PUT,26000,2025-12-04
2025-12-04 09:25:00+05:30,19.45,20.05,19.15,19.8,145950,2217600,9.96,25977.6,25650.0,25650,ATM-7,PUT,26000,2025-12-04
2025-12-04 09:26:00+05:30,19.85,20.05,19.25,19.4,102375,2217600,9.94,25979.2,25650.0,25650,ATM-7,PUT,26000,2025-12-04
2025-12-04 09:27:00+05:30,19.3,19.95,18.9,19.15,118200,2217600,10.04,25986.25,25650.0,25650,ATM-7,PUT,26000,2025-12-04
2025-12-04 09:28:00+05:30,19.1,19.25,18.45,18.6,125925,2250375,10.02,25990.8,25650.0,25650,ATM-7,PUT,26000,2025-12-04
2025-12-04 09:29:00+05:30,18.7,18.8,17.95,17.95,118350,2250375,10.0,25995.85,25650.0,25650,ATM-7,PUT,26000,2025-12-04
2025-12-04 09:30:00+05:30,18.15,18.45,17.7,17.8,145650,2250375,10.02,25997.05,25650.0,25650,ATM-7,PUT,26000,2025-12-04
2025-12-04 09:31:00+05:30,18.0,18.3,17.4,18.0,105825,2270625,10.04,25995.95,25650.0,25650,ATM-7,PUT,26000,2025-12-04
2025-12-04 09:32:00+05:30,18.1,19.45,18.1,18.85,152700,2270625,9.94,25983.85,25650.0,25650,ATM-7,PUT,26000,2025-12-04
2025-12-04 09:33:00+05:30,18.65,19.2,17.85,17.85,127725,2270625,9.94,25990.9,25650.0,25650,ATM-7,PUT,26000,2025-12-04
2025-12-04 09:34:00+05:30,17.85,18.0,16.6,16.6,199800,2259450,9.91,26000.8,25650.0,25650,ATM-7,PUT,26000,2025-12-04
2025-12-04 09:35:00+05:30,16.6,16.7,15.55,15.6,259800,2259450,10.01,26016.75,25650.0,25650,ATM-7,PUT,26000,2025-12-04
2025-12-04 09:36:00+05:30,15.6,15.85,15.3,15.55,211125,2259450,10.07,26021.3,25650.0,25650,ATM-7,PUT,26000,2025-12-04
2025-12-04 09:37:00+05:30,19.9,20.1,19.35,19.8,264375,5902200,9.93,26025.25,25700.0,25650,ATM-7,PUT,26000,2025-12-04
2025-12-04 09:38:00+05:30,15.35,15.9,15.15,15.9,148875,2164875,10.09,26018.65,25650.0,25650,ATM-7,PUT,26000,2025-12-04
2025-12-04 09:39:00+05:30,15.95,16.25,15.65,15.95,193200,2164875,10.02,26013.45,25650.0,25650,ATM-7,PUT,26000,2025-12-04
2025-12-04 09:40:00+05:30,15.9,17.45,15.85,16.7,137175,2100525,9.95,26003.5,25650.0,25650,ATM-7,PUT,26000,2025-12-04
2025-12-04 09:41:00+05:30,16.65,17.3,16.35,16.35,100200,2100525,9.95,26004.5,25650.0,25650,ATM-7,PUT,26000,2025-12-04
2025-12-04 09:42:00+05:30,16.25,16.35,15.65,16.15,113250,2100525,10.02,26011.85,25650.0,25650,ATM-7,PUT,26000,2025-12-04
2025-12-04 09:43:00+05:30,16.05,16.2,15.5,15.6,81000,2132175,10.01,26016.45,25650.0,25650,ATM-7,PUT,26000,2025-12-04
2025-12-04 09:44:00+05:30,19.95,20.1,18.9,19.15,249375,5864100,9.87,26028.15,25700.0,25650,ATM-7,PUT,26000,2025-12-04
2025-12-04 09:45:00+05:30,19.35,19.6,19.15,19.55,197250,5864100,9.89,26025.2,25700.0,25650,ATM-7,PUT,26000,2025-12-04
2025-12-04 09:46:00+05:30,15.25,15.35,14.7,15.15,87150,2136375,10.04,26021.95,25650.0,25650,ATM-7,PUT,26000,2025-12-04
2025-12-04 09:47:00+05:30,15.15,15.35,14.7,15.2,47700,2136375,10.02,26021.05,25650.0,25650,ATM-7,PUT,26000,2025-12-04
2025-12-04 09:48:00+05:30,15.25,15.55,15.1,15.15,101025,2136375,9.96,26017.6,25650.0,25650,ATM-7,PUT,26000,2025-12-04
2025-12-04 09:49:00+05:30,15.25,15.85,15.0,15.55,62850,2088300,9.99,26016.3,25650.0,25650,ATM-7,PUT,26000,2025-12-04
2025-12-04 09:50:00+05:30,15.6,15.7,15.25,15.35,62025,2088300,10.07,26022.5,25650.0,25650,ATM-7,PUT,26000,2025-12-04
2025-12-04 09:51:00+05:30,19.75,20.05,19.5,19.75,90525,5904825,9.9,26025.1,25700.0,25650,ATM-7,PUT,26000,2025-12-04
2025-12-04 09:52:00+05:30,19.8,19.9,18.45,18.65,275175,5904825,9.89,26032.8,25700.0,25650,ATM-7,PUT,26000,2025-12-04
2025-12-04 09:53:00+05:30,18.75,19.6,18.65,19.6,140100,5904825,9.92,26025.9,25700.0,25650,ATM-7,PUT,26000,2025-12-04
2025-12-04 09:54:00+05:30,19.6,19.95,19.15,19.45,138675,5904825,9.93,26027.9,25700.0,25650,ATM-7,PUT,26000,2025-12-04
2025-12-04 09:55:00+05:30,19.45,19.45,18.9,19.05,145875,5937150,9.95,26032.45,25700.0,25650,ATM-7,PUT,26000,2025-12-04
2025-12-04 09:56:00+05:30,19.05,19.3,18.85,19.0,151575,5937150,9.96,26033.35,25700.0,25650,ATM-7,PUT,26000,2025-12-04
2025-12-04 09:57:00+05:30,19.0,19.65,19.0,19.35,115350,5937150,9.94,26028.75,25700.0,25650,ATM-7,PUT,26000,2025-12-04
2025-12-04 09:58:00+05:30,19.25,19.65,18.6,18.95,160200,5825775,9.91,26031.05,25700.0,25650,ATM-7,PUT,26000,2025-12-04
2025-12-04 09:59:00+05:30,19.0,19.45,18.85,19.15,84225,5825775,9.91,26028.3,25700.0,25650,ATM-7,PUT,26000,2025-12-04
2025-12-04 10:00:00+05:30,19.3,19.45,18.95,19.1,143175,5825775,9.96,26031.75,25700.0,25650,ATM-7,PUT,26000,2025-12-04
2025-12-04 10:01:00+05:30,19.0,19.7,18.8,19.65,88650,5832900,9.96,26028.35,25700.0,25650,ATM-7,PUT,26000,2025-12-04
2025-12-04 10:02:00+05:30,19.6,20.05,19.05,19.7,108000,5832900,9.96,26027.3,25700.0,25650,ATM-7,PUT,26000,2025-12-04
2025-12-04 10:03:00+05:30,19.55,20.3,19.15,19.15,139950,5832900,9.86,26026.65,25700.0,25650,ATM-7,PUT,26000,2025-12-04
2025-12-04 10:04:00+05:30,19.15,19.15,19.15,19.15,0,5832900,9.86,26025.05,25700.0,25650,ATM-7,PUT,26000,2025-12-04
2025-12-04 10:05:00+05:30,15.25,15.65,15.1,15.45,47250,2082150,10.09,26021.85,25650.0,25650,ATM-7,PUT,26000,2025-12-04
2025-12-04 10:06:00+05:30,19.8,19.85,18.85,18.9,195750,5839875,9.91,26031.9,25700.0,25650,ATM-7,PUT,26000,2025-12-04
2025-12-04 10:07:00+05:30,18.9,19.05,17.5,17.7,474675,5865675,9.87,26039.6,25700.0,25650,ATM-7,PUT,26000,2025-12-04
2025-12-04 10:08:00+05:30,17.75,18.25,17.7,18.2,167925,5865675,9.89,26036.25,25700.0,25650,ATM-7,PUT,26000,2025-12-04
2025-12-04 10:09:00+05:30,18.3,19.6,18.1,19.35,269325,5865675,9.92,26027.5,25700.0,25650,ATM-7,PUT,26000,2025-12-04
2025-12-04 10:10:00+05:30,19.25,19.5,19.0,19.1,76275,5811075,9.89,26029.0,25700.0,25650,ATM-7,PUT,26000,2025-12-04
2025-12-04 10:11:00+05:30,19.1,19.55,18.8,19.0,124650,5811075,9.89,26029.15,25700.0,25650,ATM-7,PUT,26000,2025-12-04
2025-12-04 10:12:00+05:30,18.8,18.8,18.2,18.4,120600,5811075,9.87,26034.35,25700.0,25650,ATM-7,PUT,26000,2025-12-04
2025-12-04 10:13:00+05:30,18.3,18.35,17.75,18.15,117600,5804175,9.95,26040.35,25700.0,25650,ATM-7,PUT,26000,2025-12-04
2025-12-04 10:14:00+05:30,18.1,18.25,17.25,17.7,192975,5804175,9.94,26042.75,25700.0,25650,ATM-7,PUT,26000,2025-12-04
2025-12-04 10:15:00+05:30,17.65,17.85,17.45,17.6,180900,5804175,9.93,26042.45,25700.0,25650,ATM-7,PUT,26000,2025-12-04
2025-12-04 10:16:00+05:30,17.7,18.0,17.4,17.55,305325,5854800,9.9,26043.45,25700.0,25650,ATM-7,PUT,26000,2025-12-04
2025-12-04 10:17:00+05:30,17.65,18.15,17.55,18.05,98775,5854800,9.91,26038.1,25700.0,25650,ATM-7,PUT,26000,2025-12-04
2025-12-04 10:18:00+05:30,17.9,17.95,17.3,17.3,81900,5854800,9.83,26043.7,25700.0,25650,ATM-7,PUT,26000,2025-12-04
2025-12-04 10:19:00+05:30,17.35,17.6,16.5,16.85,286650,5857125,9.87,26046.55,25700.0,25650,ATM-7,PUT,26000,2025-12-04
2025-12-04 10:20:00+05:30,16.8,17.3,16.7,17.2,185100,5857125,9.95,26048.05,25700.0,25650,ATM-7,PUT,26000,2025-12-04
2025-12-04 10:21:00+05:30,17.2,17.25,16.3,16.5,162375,5857125,9.91,26052.55,25700.0,25650,ATM-7,PUT,26000,2025-12-04
2025-12-04 10:22:00+05:30,16.5,16.65,16.0,16.55,366075,5799075,9.86,26049.05,25700.0,25650,ATM-7,PUT,26000,2025-12-04
2025-12-04 10:23:00+05:30,16.65,16.8,16.2,16.25,93000,5799075,9.83,26050.05,25700.0,25650,ATM-7,PUT,26000,2025-12-04
2025-12-04 10:24:00+05:30,16.25,16.5,16.15,16.45,66600,5799075,9.86,26050.55,25700.0,25650,ATM-7,PUT,26000,2025-12-04
2025-12-04 10:25:00+05:30,16.45,16.45,15.95,16.1,133875,5825400,9.92,26055.15,25700.0,25650,ATM-7,PUT,26000,2025-12-04
2025-12-04 10:26:00+05:30,16.0,16.1,15.6,15.85,135825,5825400,9.89,26056.0,25700.0,25650,ATM-7,PUT,26000,2025-12-04
2025-12-04 10:27:00+05:30,15.8,15.95,15.45,15.6,93150,5825400,9.86,26057.25,25700.0,25650,ATM-7,PUT,26000,2025-12-04
2025-12-04 10:28:00+05:30,15.4,15.55,14.7,14.75,233175,5848350,9.85,26065.4,25700.0,25650,ATM-7,PUT,26000,2025-12-04
2025-12-04 10:29:00+05:30,18.95,19.05,18.0,18.25,243675,4076550,9.74,26078.9,25750.0,25650,ATM-7,PUT,26000,2025-12-04
2025-12-04 10:30:00+05:30,18.35,18.65,18.1,18.55,235275,4076550,9.8,26078.7,25750.0,25650,ATM-7,PUT,26000,2025-12-04
2025-12-04 10:31:00+05:30,18.6,18.6,17.8,17.85,160425,4063725,9.81,26085.9,25750.0,25650,ATM-7,PUT,26000,2025-12-04
2025-12-04 10:32:00+05:30,17.7,18.2,17.5,18.1,190650,4063725,9.79,26082.25,25750.0,25650,ATM-7,PUT,26000,2025-12-04
2025-12-04 10:33:00+05:30,18.1,18.35,18.05,18.05,129075,4063725,9.71,26078.05,25750.0,25650,ATM-7,PUT,26000,2025-12-04
2025-12-04 10:34:00+05:30,18.0,18.1,17.45,17.6,222375,4169325,9.76,26084.65,25750.0,25650,ATM-7,PUT,26000,2025-12-04
2025-12-04 10:35:00+05:30,17.6,17.75,17.15,17.3,129450,4169325,9.77,26087.7,25750.0,25650,ATM-7,PUT,26000,2025-12-04
2025-12-04 10:36:00+05:30,17.3,17.4,17.05,17.2,149325,4169325,9.86,26092.35,25750.0,25650,ATM-7,PUT,26000,2025-12-04
2025-12-04 10:37:00+05:30,17.3,17.45,17.1,17.25,89700,4150125,9.89,26094.9,25750.0,25650,ATM-7,PUT,26000,2025-12-04
2025-12-04 10:38:00+05:30,17.15,17.2,17.0,17.15,63450,4150125,9.81,26090.8,25750.0,25650,ATM-7,PUT,26000,2025-12-04
2025-12-04 10:39:00+05:30,17.15,17.6,17.15,17.4,95850,4150125,9.81,26089.6,25750.0,25650,ATM-7,PUT,26000,2025-12-04
2025-12-04 10:40:00+05:30,17.5,17.55,16.9,17.35,126375,4153500,9.82,26090.65,25750.0,25650,ATM-7,PUT,26000,2025-12-04
2025-12-04 10:41:00+05:30,17.3,17.35,17.0,17.1,83550,4153500,9.84,26093.2,25750.0,25650,ATM-7,PUT,26000,2025-12-04
2025-12-04 10:42:00+05:30,17.1,17.2,16.75,16.95,126300,4153500,9.83,26093.55,25750.0,25650,ATM-7,PUT,26000,2025-12-04
2025-12-04 10:43:00+05:30,16.95,17.15,16.75,17.05,86325,4193550,9.85,26094.6,25750.0,25650,ATM-7,PUT,26000,2025-12-04
2025-12-04 10:44:00+05:30,17.05,17.4,16.9,17.35,88125,4193550,9.86,26092.7,25750.0,25650,ATM-7,PUT,26000,2025-12-04
2025-12-04 10:45:00+05:30,17.25,17.4,17.15,17.3,60000,4193550,9.92,26097.1,25750.0,25650,ATM-7,PUT,26000,2025-12-04
2025-12-04 10:46:00+05:30,17.3,17.65,17.3,17.55,89775,4187850,9.94,26094.7,25750.0,25650,ATM-7,PUT,26000,2025-12-04
2025-12-04 10:47:00+05:30,17.55,17.75,17.4,17.7,91575,4187850,9.85,26089.9,25750.0,25650,ATM-7,PUT,26000,2025-12-04
2025-12-04 10:48:00+05:30,17.7,17.95,17.6,17.6,80025,4187850,9.82,26087.8,25750.0,25650,ATM-7,PUT,26000,2025-12-04
2025-12-04 10:49:00+05:30,17.55,17.9,17.55,17.8,33675,4167300,9.8,26083.4,25750.0,25650,ATM-7,PUT,26000,2025-12-04
2025-12-04 10:50:00+05:30,17.75,17.85,17.6,17.7,56250,4167300,9.75,26082.9,25750.0,25650,ATM-7,PUT,26000,2025-12-04
2025-12-04 10:51:00+05:30,17.8,17.85,17.55,17.6,41250,4167300,9.76,26084.25,25750.0,25650,ATM-7,PUT,26000,2025-12-04
2025-12-04 10:52:00+05:30,17.55,17.75,17.5,17.65,69525,4163400,9.74,26082.75,25750.0,25650,ATM-7,PUT,26000,2025-12-04
2025-12-04 10:53:00+05:30,17.65,17.9,17.55,17.6,73050,4163400,9.67,26079.6,25750.0,25650,ATM-7,PUT,26000,2025-12-04
2025-12-04 10:54:00+05:30,17.65,17.75,17.5,17.65,94350,4163400,9.67,26078.05,25750.0,25650,ATM-7,PUT,26000,2025-12-04
2025-12-04 10:55:00+05:30,17.6,17.7,17.25,17.25,75675,4141800,9.61,26079.2,25750.0,25650,ATM-7,PUT,26000,2025-12-04
2025-12-04 10:56:00+05:30,17.25,17.55,17.2,17.3,71250,4141800,9.61,26078.4,25750.0,25650,ATM-7,PUT,26000,2025-12-04
2025-12-04 10:57:00+05:30,17.35,17.45,17.1,17.15,45750,4141800,9.64,26080.95,25750.0,25650,ATM-7,PUT,26000,2025-12-04
2025-12-04 10:58:00+05:30,17.1,17.1,16.6,16.9,124050,4157400,9.66,26085.5,25750.0,25650,ATM-7,PUT,26000,2025-12-04
2025-12-04 10:59:00+05:30,16.9,17.8,16.7,17.75,94725,4157400,9.62,26075.5,25750.0,25650,ATM-7,PUT,26000,2025-12-04
2025-12-04 11:00:00+05:30,17.65,17.85,17.55,17.7,73125,4157400,9.68,26076.55,25750.0,25650,ATM-7,PUT,26000,2025-12-04
2025-12-04 11:01:00+05:30,17.65,17.65,17.2,17.5,57000,4102125,9.67,26079.6,25750.0,25650,ATM-7,PUT,26000,2025-12-04
2025-12-04 11:02:00+05:30,17.45,17.65,17.15,17.55,40350,4102125,9.71,26082.1,25750.0,25650,ATM-7,PUT,26000,2025-12-04
2025-12-04 11:03:00+05:30,17.4,17.45,17.05,17.4,30075,4102125,9.71,26082.65,25750.0,25650,ATM-7,PUT,26000,2025-12-04
2025-12-04 11:04:00+05:30,17.4,17.45,16.95,17.15,47925,4101150,9.66,26083.0,25750.0,25650,ATM-7,PUT,26000,2025-12-04
2025-12-04 11:05:00+05:30,17.3,17.3,17.05,17.1,18750,4101150,9.66,26082.95,25750.0,25650,ATM-7,PUT,26000,2025-12-04
2025-12-04 11:06:00+05:30,17.05,17.3,16.85,17.25,33825,4101150,9.69,26083.9,25750.0,25650,ATM-7,PUT,26000,2025-12-04
2025-12-04 11:07:00+05:30,17.25,17.55,17.1,17.45,40275,4089525,9.69,26080.6,25750.0,25650,ATM-7,PUT,26000,2025-12-04
2025-12-04 11:08:00+05:30,17.45,17.85,17.4,17.85,115425,4089525,9.68,26076.7,25750.0,25650,ATM-7,PUT,26000,2025-12-04
2025-12-04 11:09:00+05:30,13.95,14.05,13.8,13.9,122475,5436675,9.87,26074.7,25700.0,25650,ATM-7,PUT,26000,2025-12-04
2025-12-04 11:10:00+05:30,17.9,17.95,17.5,17.55,67125,4053600,9.61,26076.0,25750.0,25650,ATM-7,PUT,26000,2025-12-04
2025-12-04 11:11:00+05:30,13.7,13.9,13.7,13.9,79125,5451750,9.84,26073.2,25700.0,25650,ATM-7,PUT,26000,2025-12-04
2025-12-04 11:12:00+05:30,13.9,14.15,13.75,14.0,69300,5451750,9.86,26073.0,25700.0,25650,ATM-7,PUT,26000,2025-12-04
2025-12-04 11:13:00+05:30,14.15,14.15,14.0,14.05,191925,5458950,9.86,26070.4,25700.0,25650,ATM-7,PUT,26000,2025-12-04
2025-12-04 11:14:00+05:30,17.9,17.9,17.45,17.5,48525,3997875,9.61,26077.05,25750.0,25650,ATM-7,PUT,26000,2025-12-04
2025-12-04 11:15:00+05:30,13.75,14.1,13.75,14.05,65700,5458950,9.85,26070.5,25700.0,25650,ATM-7,PUT,26000,2025-12-04
2025-12-04 11:16:00+05:30,13.95,14.05,13.8,13.85,41625,5386125,9.85,26073.05,25700.0,25650,ATM-7,PUT,26000,2025-12-04
2025-12-04 11:17:00+05:30,17.65,17.95,17.5,17.55,51000,3995550,9.6,26075.6,25750.0,25650,ATM-7,PUT,26000,2025-12-04
2025-12-04 11:18:00+05:30,13.8,14.3,13.75,14.05,92625,5386125,9.81,26068.0,25700.0,25650,ATM-7,PUT,26000,2025-12-04
2025-12-04 11:19:00+05:30,14.05,14.1,13.8,13.9,76800,5387175,9.79,26070.3,25700.0,25650,ATM-7,PUT,26000,2025-12-04
2025-12-04 11:20:00+05:30,13.9,14.3,13.9,14.05,135975,5387175,9.75,26065.55,25700.0,25650,ATM-7,PUT,26000,2025-12-04
2025-12-04 11:21:00+05:30,14.15,14.25,13.75,13.9,53925,5387175,9.77,26068.1,25700.0,25650,ATM-7,PUT,26000,2025-12-04
2025-12-04 11:22:00+05:30,13.9,14.1,13.75,13.95,80550,5414850,9.8,26069.4,25700.0,25650,ATM-7,PUT,26000,2025-12-04
2025-12-04 11:23:00+05:30,13.85,14.35,13.85,14.25,98175,5414850,9.74,26064.3,25700.0,25650,ATM-7,PUT,26000,2025-12-04
2025-12-04 11:24:00+05:30,14.3,14.6,14.05,14.15,154275,5414850,9.74,26063.15,25700.0,25650,ATM-7,PUT,26000,2025-12-04
2025-12-04 11:25:00+05:30,14.15,14.2,13.85,13.9,83175,5420100,9.77,26067.9,25700.0,25650,ATM-7,PUT,26000,2025-12-04
2025-12-04 11:26:00+05:30,13.95,14.35,13.95,14.15,71550,5420100,9.79,26066.15,25700.0,25650,ATM-7,PUT,26000,2025-12-04
2025-12-04 11:27:00+05:30,14.15,14.75,14.05,14.65,92925,5420100,9.81,26063.35,25700.0,25650,ATM-7,PUT,26000,2025-12-04
2025-12-04 11:28:00+05:30,14.6,14.85,14.45,14.6,135375,5390025,9.8,26062.6,25700.0,25650,ATM-7,PUT,26000,2025-12-04
2025-12-04 11:29:00+05:30,14.55,14.95,14.45,14.95,115650,5390025,9.77,26060.6,25700.0,25650,ATM-7,PUT,26000,2025-12-04
2025-12-04 11:30:00+05:30,15.1,15.25,14.55,14.7,269475,5390025,9.79,26060.35,25700.0,25650,ATM-7,PUT,26000,2025-12-04
2025-12-04 11:31:00+05:30,14.7,14.9,14.3,14.7,126225,5367150,9.77,26060.0,25700.0,25650,ATM-7,PUT,26000,2025-12-04
2025-12-04 11:32:00+05:30,14.85,15.0,14.65,14.8,190050,5367150,9.8,26060.25,25700.0,25650,ATM-7,PUT,26000,2025-12-04
2025-12-04 11:33:00+05:30,14.85,14.85,14.4,14.65,63450,5367150,9.81,26063.2,25700.0,25650,ATM-7,PUT,26000,2025-12-04
2025-12-04 11:34:00+05:30,14.65,14.95,14.45,14.75,119475,5368875,9.8,26061.3,25700.0,25650,ATM-7,PUT,26000,2025-12-04
2025-12-04 11:35:00+05:30,14.7,14.85,14.55,14.55,53850,5368875,9.77,26060.7,25700.0,25650,ATM-7,PUT,26000,2025-12-04
2025-12-04 11:36:00+05:30,14.5,14.75,14.25,14.45,68775,5368875,9.73,26060.55,25700.0,25650,ATM-7,PUT,26000,2025-12-04
2025-12-04 11:37:00+05:30,14.55,15.15,14.55,15.05,259425,5400150,9.73,26052.9,25700.0,25650,ATM-7,PUT,26000,2025-12-04
2025-12-04 11:38:00+05:30,15.0,16.65,14.75,16.05,471000,5400150,9.64,26039.35,25700.0,25650,ATM-7,PUT,26000,2025-12-04
2025-12-04 11:39:00+05:30,16.05,16.4,15.95,16.05,253950,5400150,9.55,26034.75,25700.0,25650,ATM-7,PUT,26000,2025-12-04
2025-12-04 11:40:00+05:30,16.2,16.25,15.6,15.8,261375,5556150,9.6,26038.15,25700.0,25650,ATM-7,PUT,26000,2025-12-04
2025-12-04 11:41:00+05:30,15.85,16.75,15.7,16.75,161025,5556150,9.68,26033.45,25700.0,25650,ATM-7,PUT,26000,2025-12-04
2025-12-04 11:42:00+05:30,16.65,17.3,16.55,17.1,310050,5556150,9.61,26028.2,25700.0,25650,ATM-7,PUT,26000,2025-12-04
2025-12-04 11:43:00+05:30,13.05,13.6,13.05,13.4,171000,2621475,9.8,26023.45,25650.0,25650,ATM-7,PUT,26000,2025-12-04
2025-12-04 11:44:00+05:30,17.2,17.2,16.7,16.9,239100,5509350,9.56,26028.8,25700.0,25650,ATM-7,PUT,26000,2025-12-04
2025-12-04 11:45:00+05:30,13.1,14.45,13.1,14.3,182325,2621475,9.82,26015.15,25650.0,25650,ATM-7,PUT,26000,2025-12-04
2025-12-04 11:46:00+05:30,18.15,18.4,17.05,17.3,245250,5676825,9.6,26025.5,25700.0,25650,ATM-7,PUT,26000,2025-12-04
2025-12-04 11:47:00+05:30,17.1,17.3,16.95,17.15,140625,5676825,9.61,26028.45,25700.0,25650,ATM-7,PUT,26000,2025-12-04
2025-12-04 11:48:00+05:30,17.05,17.55,16.8,17.15,186300,5676825,9.61,26025.95,25700.0,25650,ATM-7,PUT,26000,2025-12-04
2025-12-04 11:49:00+05:30,17.1,17.5,16.5,16.75,147600,5700300,9.62,26031.3,25700.0,25650,ATM-7,PUT,26000,2025-12-04
2025-12-04 11:50:00+05:30,16.7,17.05,16.65,16.75,82200,5700300,9.58,26029.6,25700.0,25650,ATM-7,PUT,26000,2025-12-04
2025-12-04 11:51:00+05:30,12.95,13.75,12.95,13.35,87375,2591850,9.8,26022.9,25650.0,25650,ATM-7,PUT,26000,2025-12-04
2025-12-04 11:52:00+05:30,13.5,13.6,13.25,13.6,32175,2599275,9.81,26021.9,25650.0,25650,ATM-7,PUT,26000,2025-12-04
2025-12-04 11:53:00+05:30,13.55,13.75,13.4,13.7,41775,2599275,9.77,26018.35,25650.0,25650,ATM-7,PUT,26000,2025-12-04
2025-12-04 11:54:00+05:30,13.8,13.9,13.6,13.9,70275,2599275,9.77,26016.7,25650.0,25650,ATM-7,PUT,26000,2025-12-04
2025-12-04 11:55:00+05:30,17.95,17.95,16.95,17.0,147675,5665875,9.58,26028.1,25700.0,25650,ATM-7,PUT,26000,2025-12-04
2025-12-04 11:56:00+05:30,17.0,17.25,16.9,17.1,122475,5665875,9.58,26025.15,25700.0,25650,ATM-7,PUT,26000,2025-12-04
2025-12-04 11:57:00+05:30,13.25,13.55,13.2,13.55,76875,2608650,9.82,26022.55,25650.0,25650,ATM-7,PUT,26000,2025-12-04
2025-12-04 11:58:00+05:30,13.5,13.8,13.45,13.55,68325,2613525,9.77,26020.0,25650.0,25650,ATM-7,PUT,26000,2025-12-04
2025-12-04 11:59:00+05:30,13.55,13.65,13.25,13.3,47100,2613525,9.8,26024.0,25650.0,25650,ATM-7,PUT,26000,2025-12-04
2025-12-04 12:00:00+05:30,13.35,13.45,13.05,13.4,136800,2613525,9.82,26024.55,25650.0,25650,ATM-7,PUT,26000,2025-12-04
2025-12-04 12:01:00+05:30,13.4,13.45,13.05,13.25,120450,2623050,9.83,26024.9,25650.0,25650,ATM-7,PUT,26000,2025-12-04
2025-12-04 12:02:00+05:30,13.25,13.55,12.7,13.4,125925,2623050,9.81,26024.6,25650.0,25650,ATM-7,PUT,26000,2025-12-04
2025-12-04 12:03:00+05:30,17.15,17.25,16.35,16.35,96600,5604525,9.53,26031.4,25700.0,25650,ATM-7,PUT,26000,2025-12-04
2025-12-04 12:04:00+05:30,16.25,16.3,15.8,16.0,166800,5590425,9.52,26032.65,25700.0,25650,ATM-7,PUT,26000,2025-12-04
2025-12-04 12:05:00+05:30,16.0,16.1,15.35,15.55,142875,5590425,9.56,26038.45,25700.0,25650,ATM-7,PUT,26000,2025-12-04
2025-12-04 12:06:00+05:30,15.6,16.0,15.5,15.85,82950,5590425,9.52,26035.45,25700.0,25650,ATM-7,PUT,26000,2025-12-04
2025-12-04 12:07:00+05:30,15.85,15.95,14.85,14.95,128925,5587125,9.51,26040.6,25700.0,25650,ATM-7,PUT,26000,2025-12-04
2025-12-04 12:08:00+05:30,14.9,14.9,14.65,14.8,109575,5587125,9.49,26042.85,25700.0,25650,ATM-7,PUT,26000,2025-12-04
2025-12-04 12:09:00+05:30,14.7,16.4,14.7,16.15,148800,5587125,9.52,26032.0,25700.0,25650,ATM-7,PUT,26000,2025-12-04
2025-12-04 12:10:00+05:30,16.0,16.55,16.0,16.3,239100,5585475,9.44,26027.7,25700.0,25650,ATM-7,PUT,26000,2025-12-04
2025-12-04 12:11:00+05:30,12.6,13.05,12.6,13.05,72600,2678775,9.74,26023.8,25650.0,25650,ATM-7,PUT,26000,2025-12-04
2025-12-04 12:12:00+05:30,16.85,17.2,16.25,16.3,141375,5585475,9.47,26027.3,25700.0,25650,ATM-7,PUT,26000,2025-12-04
2025-12-04 12:13:00+05:30,16.35,16.4,15.8,16.2,83100,5585250,9.46,26026.8,25700.0,25650,ATM-7,PUT,26000,2025-12-04
2025-12-04 12:14:00+05:30,16.15,16.15,15.65,16.0,76425,5585250,9.43,26028.15,25700.0,25650,ATM-7,PUT,26000,2025-12-04
2025-12-04 12:15:00+05:30,12.3,13.15,12.3,13.1,65250,2692125,9.66,26017.8,25650.0,25650,ATM-7,PUT,26000,2025-12-04
2025-12-04 12:16:00+05:30,13.0,13.2,12.7,12.75,69225,2676525,9.64,26021.65,25650.0,25650,ATM-7,PUT,26000,2025-12-04
2025-12-04 12:17:00+05:30,12.75,12.8,12.45,12.7,30750,2676525,9.67,26023.0,25650.0,25650,ATM-7,PUT,26000,2025-12-04
2025-12-04 12:18:00+05:30,12.8,12.85,12.6,12.75,55650,2676525,9.66,26022.65,25650.0,25650,ATM-7,PUT,26000,2025-12-04
2025-12-04 12:19:00+05:30,12.65,13.1,12.65,12.95,33450,2684475,9.61,26018.15,25650.0,25650,ATM-7,PUT,26000,2025-12-04
2025-12-04 12:20:00+05:30,13.05,13.85,12.8,13.85,258150,2684475,9.6,26006.95,25650.0,25650,ATM-7,PUT,26000,2025-12-04
2025-12-04 12:21:00+05:30,13.85,14.1,13.3,13.3,164175,2684475,9.58,26012.15,25650.0,25650,ATM-7,PUT,26000,2025-12-04
2025-12-04 12:22:00+05:30,13.3,13.5,13.15,13.25,94800,2662200,9.65,26015.1,25650.0,25650,ATM-7,PUT,26000,2025-12-04
2025-12-04 12:23:00+05:30,13.2,13.2,12.85,13.05,65025,2662200,9.61,26015.85,25650.0,25650,ATM-7,PUT,26000,2025-12-04
2025-12-04 12:24:00+05:30,13.0,13.1,12.85,12.85,64650,2662200,9.65,26019.5,25650.0,25650,ATM-7,PUT,26000,2025-12-04
2025-12-04 12:25:00+05:30,12.8,12.9,12.35,12.4,38250,2669400,9.65,26024.4,25650.0,25650,ATM-7,PUT,26000,2025-12-04
2025-12-04 12:26:00+05:30,12.4,12.65,12.3,12.4,50325,2669400,9.62,26024.5,25650.0,25650,ATM-7,PUT,26000,2025-12-04
2025-12-04 12:27:00+05:30,16.05,16.55,16.05,16.15,82950,5570250,9.42,26025.65,25700.0,25650,ATM-7,PUT,26000,2025-12-04
2025-12-04 12:28:00+05:30,16.15,16.15,15.3,15.45,307950,5563125,9.37,26028.9,25700.0,25650,ATM-7,PUT,26000,2025-12-04
2025-12-04 12:29:00+05:30,12.05,12.8,11.9,12.6,190650,2590800,9.67,26024.25,25650.0,25650,ATM-7,PUT,26000,2025-12-04
2025-12-04 12:30:00+05:30,16.35,16.7,15.95,16.0,77475,5563125,9.41,26026.8,25700.0,25650,ATM-7,PUT,26000,2025-12-04
2025-12-04 12:31:00+05:30,16.1,16.4,15.9,16.2,34800,5551650,9.44,26025.35,25700.0,25650,ATM-7,PUT,26000,2025-12-04
2025-12-04 12:32:00+05:30,12.5,12.7,12.35,12.5,29925,2592750,9.65,26024.35,25650.0,25650,ATM-7,PUT,26000,2025-12-04
2025-12-04 12:33:00+05:30,16.2,16.35,15.95,15.95,43500,5551650,9.47,26029.0,25700.0,25650,ATM-7,PUT,26000,2025-12-04
2025-12-04 12:34:00+05:30,15.9,16.3,15.8,16.2,48750,5550525,9.47,26025.9,25700.0,25650,ATM-7,PUT,26000,2025-12-04
2025-12-04 12:35:00+05:30,16.05,16.25,15.8,15.95,67500,5550525,9.44,26027.9,25700.0,25650,ATM-7,PUT,26000,2025-12-04
2025-12-04 12:36:00+05:30,15.95,16.15,15.9,15.95,38925,5550525,9.41,26026.05,25700.0,25650,ATM-7,PUT,26000,2025-12-04
2025-12-04 12:37:00+05:30,12.25,12.5,12.2,12.4,14175,2606475,9.67,26025.0,25650.0,25650,ATM-7,PUT,26000,2025-12-04
2025-12-04 12:38:00+05:30,16.1,16.35,15.75,15.85,62550,5548725,9.41,26026.65,25700.0,25650,ATM-7,PUT,26000,2025-12-04
2025-12-04 12:39:00+05:30,12.2,12.35,12.05,12.3,48900,2606475,9.61,26023.95,25650.0,25650,ATM-7,PUT,26000,2025-12-04
2025-12-04 12:40:00+05:30,12.2,12.55,12.2,12.3,48600,2581275,9.62,26025.0,25650.0,25650,ATM-7,PUT,26000,2025-12-04
2025-12-04 12:41:00+05:30,12.3,12.5,12.1,12.5,20175,2581275,9.61,26023.6,25650.0,25650,ATM-7,PUT,26000,2025-12-04
2025-12-04 12:42:00+05:30,12.65,12.95,12.5,12.95,42225,2581275,9.61,26017.2,25650.0,25650,ATM-7,PUT,26000,2025-12-04
2025-12-04 12:43:00+05:30,12.85,13.15,12.8,13.1,78000,2574150,9.56,26012.5,25650.0,25650,ATM-7,PUT,26000,2025-12-04
2025-12-04 12:44:00+05:30,13.05,13.25,12.95,13.1,71175,2574150,9.53,26009.55,25650.0,25650,ATM-7,PUT,26000,2025-12-04
2025-12-04 12:45:00+05:30,13.1,14.4,13.1,14.35,417750,2574150,9.46,25992.1,25650.0,25650,ATM-7,PUT,26000,2025-12-04
2025-12-04 12:46:00+05:30,14.45,14.45,13.7,14.05,125175,2574150,9.37,25990.7,25650.0,25650,ATM-7,PUT,26000,2025-12-04
2025-12-04 12:47:00+05:30,14.1,14.1,13.35,13.5,112200,2681925,9.42,26000.85,25650.0,25650,ATM-7,PUT,26000,2025-12-04
2025-12-04 12:48:00+05:30,13.6,14.2,13.55,14.1,55200,2681925,9.49,25997.05,25650.0,25650,ATM-7,PUT,26000,2025-12-04
2025-12-04 12:49:00+05:30,14.15,14.45,14.0,14.3,105225,2681925,9.46,25993.35,25650.0,25650,ATM-7,PUT,26000,2025-12-04
2025-12-04 12:50:00+05:30,14.4,14.45,14.0,14.2,154650,2673000,9.48,25994.45,25650.0,25650,ATM-7,PUT,26000,2025-12-04
2025-12-04 12:51:00+05:30,14.15,14.65,14.05,14.35,113325,2673000,9.5,25995.5,25650.0,25650,ATM-7,PUT,26000,2025-12-04
2025-12-04 12:52:00+05:30,14.35,15.2,14.35,14.95,140850,2673000,9.55,25991.55,25650.0,25650,ATM-7,PUT,26000,2025-12-04
2025-12-04 12:53:00+05:30,14.85,15.05,14.45,14.65,47400,2636400,9.53,25993.85,25650.0,25650,ATM-7,PUT,26000,2025-12-04
2025-12-04 12:54:00+05:30,14.55,14.85,14.3,14.65,55950,2636400,9.5,25992.85,25650.0,25650,ATM-7,PUT,26000,2025-12-04
2025-12-04 12:55:00+05:30,14.65,14.65,13.8,13.85,90600,2636400,9.56,26004.5,25650.0,25650,ATM-7,PUT,26000,2025-12-04
2025-12-04 12:56:00+05:30,13.85,14.15,13.8,13.95,67350,2630550,9.61,26005.95,25650.0,25650,ATM-7,PUT,26000,2025-12-04
2025-12-04 12:57:00+05:30,13.95,14.1,13.75,13.85,52650,2630550,9.6,26005.95,25650.0,25650,ATM-7,PUT,26000,2025-12-04
2025-12-04 12:58:00+05:30,13.9,14.4,13.75,14.15,81525,2630550,9.59,26004.05,25650.0,25650,ATM-7,PUT,26000,2025-12-04
2025-12-04 12:59:00+05:30,14.1,14.3,14.05,14.2,25875,2609625,9.6,26002.4,25650.0,25650,ATM-7,PUT,26000,2025-12-04
2025-12-04 13:00:00+05:30,14.35,14.7,14.2,14.35,67725,2609625,9.6,26001.85,25650.0,25650,ATM-7,PUT,26000,2025-12-04
2025-12-04 13:01:00+05:30,14.2,14.25,14.05,14.05,27150,2609625,9.61,26004.2,25650.0,25650,ATM-7,PUT,26000,2025-12-04
2025-12-04 13:02:00+05:30,14.15,14.35,14.0,14.25,33525,2612025,9.6,26001.3,25650.0,25650,ATM-7,PUT,26000,2025-12-04
2025-12-04 13:03:00+05:30,14.25,14.25,13.9,14.0,37425,2612025,9.59,26002.7,25650.0,25650,ATM-7,PUT,26000,2025-12-04
2025-12-04 13:04:00+05:30,14.05,14.05,13.5,13.9,60150,2612025,9.61,26005.85,25650.0,25650,ATM-7,PUT,26000,2025-12-04
2025-12-04 13:05:00+05:30,13.9,14.35,13.8,14.3,39300,2615475,9.59,26001.05,25650.0,25650,ATM-7,PUT,26000,2025-12-04
2025-12-04 13:06:00+05:30,14.25,14.25,13.75,13.95,31425,2615475,9.56,26002.2,25650.0,25650,ATM-7,PUT,26000,2025-12-04
2025-12-04 13:07:00+05:30,13.85,14.15,13.75,13.8,18300,2615475,9.55,26003.9,25650.0,25650,ATM-7,PUT,26000,2025-12-04
2025-12-04 13:08:00+05:30,13.85,14.0,13.4,13.9,42975,2625975,9.51,25999.95,25650.0,25650,ATM-7,PUT,26000,2025-12-04
2025-12-04 13:09:00+05:30,13.9,14.2,13.8,14.15,20550,2625975,9.52,25997.95,25650.0,25650,ATM-7,PUT,26000,2025-12-04
2025-12-04 13:10:00+05:30,14.15,14.75,14.1,14.35,54600,2625975,9.48,25993.15,25650.0,25650,ATM-7,PUT,26000,2025-12-04
2025-12-04 13:11:00+05:30,14.4,14.4,14.15,14.2,46275,2621025,9.46,25994.25,25650.0,25650,ATM-7,PUT,26000,2025-12-04
2025-12-04 13:12:00+05:30,14.15,14.35,13.7,14.25,42300,2621025,9.46,25993.45,25650.0,25650,ATM-7,PUT,26000,2025-12-04
2025-12-04 13:13:00+05:30,14.25,14.6,14.15,14.2,36225,2621025,9.47,25993.8,25650.0,25650,ATM-7,PUT,26000,2025-12-04
2025-12-04 13:14:00+05:30,14.15,14.25,13.45,13.75,47475,2618775,9.52,26000.8,25650.0,25650,ATM-7,PUT,26000,2025-12-04
2025-12-04 13:15:00+05:30,13.8,13.9,13.55,13.8,25050,2618775,9.53,26002.4,25650.0,25650,ATM-7,PUT,26000,2025-12-04
2025-12-04 13:16:00+05:30,13.7,13.8,13.5,13.55,28875,2618775,9.53,26003.3,25650.0,25650,ATM-7,PUT,26000,2025-12-04
2025-12-04 13:17:00+05:30,13.5,14.05,13.45,13.85,46575,2612775,9.56,26000.85,25650.0,25650,ATM-7,PUT,26000,2025-12-04
2025-12-04 13:18:00+05:30,13.8,13.85,13.35,13.75,106050,2612775,9.51,26001.5,25650.0,25650,ATM-7,PUT,26000,2025-12-04
2025-12-04 13:19:00+05:30,13.8,14.55,13.7,14.3,47700,2612775,9.51,25995.65,25650.0,25650,ATM-7,PUT,26000,2025-12-04
2025-12-04 13:20:00+05:30,14.25,14.35,13.65,13.75,33600,2613300,9.52,26001.5,25650.0,25650,ATM-7,PUT,26000,2025-12-04
2025-12-04 13:21:00+05:30,13.75,13.95,13.6,13.65,39750,2613300,9.6,26006.85,25650.0,25650,ATM-7,PUT,26000,2025-12-04
2025-12-04 13:22:00+05:30,13.6,13.7,12.7,12.8,105300,2613300,9.6,26016.15,25650.0,25650,ATM-7,PUT,26000,2025-12-04
2025-12-04 13:23:00+05:30,12.8,12.9,12.55,12.75,113925,2600700,9.6,26017.05,25650.0,25650,ATM-7,PUT,26000,2025-12-04
2025-12-04 13:24:00+05:30,12.75,12.9,12.3,12.3,82425,2600700,9.52,26017.85,25650.0,25650,ATM-7,PUT,26000,2025-12-04
2025-12-04 13:25:00+05:30,12.3,12.7,12.15,12.65,57000,2600700,9.58,26016.25,25650.0,25650,ATM-7,PUT,26000,2025-12-04
2025-12-04 13:26:00+05:30,12.7,12.85,12.4,12.7,71700,2604225,9.62,26018.15,25650.0,25650,ATM-7,PUT,26000,2025-12-04
2025-12-04 13:27:00+05:30,12.65,12.65,12.3,12.6,27675,2604225,9.61,26018.95,25650.0,25650,ATM-7,PUT,26000,2025-12-04
2025-12-04 13:28:00+05:30,12.6,12.85,12.5,12.85,28950,2604225,9.61,26016.8,25650.0,25650,ATM-7,PUT,26000,2025-12-04
2025-12-04 13:29:00+05:30,12.9,12.9,12.55,12.65,33375,2599950,9.66,26015.7,25650.0,25650,ATM-7,PUT,26000,2025-12-04
2025-12-04 13:30:00+05:30,12.35,12.65,11.95,12.55,118875,2599950,9.55,26015.3,25650.0,25650,ATM-7,PUT,26000,2025-12-04
2025-12-04 13:31:00+05:30,12.7,12.85,12.55,12.65,84225,2599950,9.52,26013.6,25650.0,25650,ATM-7,PUT,26000,2025-12-04
2025-12-04 13:32:00+05:30,12.75,13.15,12.6,12.9,54525,2584050,9.53,26011.8,25650.0,25650,ATM-7,PUT,26000,2025-12-04
2025-12-04 13:33:00+05:30,12.9,13.1,12.8,12.9,59700,2584050,9.48,26008.95,25650.0,25650,ATM-7,PUT,26000,2025-12-04
2025-12-04 13:34:00+05:30,12.95,13.8,12.8,13.8,87825,2584050,9.56,26002.4,25650.0,25650,ATM-7,PUT,26000,2025-12-04
2025-12-04 13:35:00+05:30,13.7,14.4,13.7,14.2,112275,2589375,9.43,25990.4,25650.0,25650,ATM-7,PUT,26000,2025-12-04
2025-12-04 13:36:00+05:30,14.35,14.8,14.2,14.6,155775,2589375,9.28,25979.5,25650.0,25650,ATM-7,PUT,26000,2025-12-04
2025-12-04 13:37:00+05:30,14.55,14.95,14.3,14.55,236475,2589375,9.21,25976.3,25650.0,25650,ATM-7,PUT,26000,2025-12-04
2025-12-04 13:38:00+05:30,14.5,14.55,14.0,14.2,168450,2619300,9.25,25981.75,25650.0,25650,ATM-7,PUT,26000,2025-12-04
2025-12-04 13:39:00+05:30,14.3,14.55,14.2,14.45,353175,2619300,9.27,25980.55,25650.0,25650,ATM-7,PUT,26000,2025-12-04
2025-12-04 13:40:00+05:30,14.5,14.8,14.4,14.75,52050,2619300,9.3,25978.35,25650.0,25650,ATM-7,PUT,26000,2025-12-04
2025-12-04 13:41:00+05:30,11.25,12.45,11.15,12.25,526125,6646125,9.52,25964.95,25600.0,25650,ATM-7,PUT,26000,2025-12-04
2025-12-04 13:42:00+05:30,12.2,12.2,11.4,11.55,168300,6646125,9.51,25973.25,25600.0,25650,ATM-7,PUT,26000,2025-12-04
2025-12-04 13:43:00+05:30,11.5,11.9,11.2,11.75,207075,6646125,9.53,25972.9,25600.0,25650,ATM-7,PUT,26000,2025-12-04
2025-12-04 13:44:00+05:30,15.6,15.65,15.15,15.25,45525,2369475,9.34,25976.3,25650.0,25650,ATM-7,PUT,26000,2025-12-04
2025-12-04 13:45:00+05:30,11.5,11.8,11.45,11.65,105600,6627675,9.5,25972.8,25600.0,25650,ATM-7,PUT,26000,2025-12-04
2025-12-04 13:46:00+05:30,15.55,15.55,14.95,15.0,61125,2369475,9.3,25976.05,25650.0,25650,ATM-7,PUT,26000,2025-12-04
2025-12-04 13:47:00+05:30,15.0,15.3,14.85,15.05,41100,2345250,9.35,25978.2,25650.0,25650,ATM-7,PUT,26000,2025-12-04
2025-12-04 13:48:00+05:30,15.0,15.4,14.75,14.75,53550,2345250,9.3,25979.4,25650.0,25650,ATM-7,PUT,26000,2025-12-04
2025-12-04 13:49:00+05:30,14.7,15.0,14.55,14.8,39450,2345250,9.32,25978.65,25650.0,25650,ATM-7,PUT,26000,2025-12-04
2025-12-04 13:50:00+05:30,14.8,14.95,14.55,14.8,32325,2339700,9.31,25978.55,25650.0,25650,ATM-7,PUT,26000,2025-12-04
2025-12-04 13:51:00+05:30,14.85,15.0,14.5,14.8,145575,2339700,9.35,25980.5,25650.0,25650,ATM-7,PUT,26000,2025-12-04
2025-12-04 13:52:00+05:30,14.75,15.2,14.6,14.75,37125,2339700,9.35,25981.55,25650.0,25650,ATM-7,PUT,26000,2025-12-04
2025-12-04 13:53:00+05:30,11.25,11.7,11.05,11.45,44175,6583200,9.52,25974.85,25600.0,25650,ATM-7,PUT,26000,2025-12-04
2025-12-04 13:54:00+05:30,15.1,15.35,14.85,15.0,35400,2363625,9.3,25975.55,25650.0,25650,ATM-7,PUT,26000,2025-12-04
2025-12-04 13:55:00+05:30,11.4,11.9,11.3,11.75,146775,6583200,9.52,25971.95,25600.0,25650,ATM-7,PUT,26000,2025-12-04
2025-12-04 13:56:00+05:30,11.65,11.7,11.35,11.55,142725,6570600,9.5,25974.4,25600.0,25650,ATM-7,PUT,26000,2025-12-04
2025-12-04 13:57:00+05:30,15.3,15.95,15.2,15.25,42000,2403825,9.33,25975.8,25650.0,25650,ATM-7,PUT,26000,2025-12-04
2025-12-04 13:58:00+05:30,11.5,11.65,11.3,11.65,69975,6570600,9.53,25974.05,25600.0,25650,ATM-7,PUT,26000,2025-12-04
2025-12-04 13:59:00+05:30,11.55,11.6,11.45,11.55,40575,6601050,9.52,25973.3,25600.0,25650,ATM-7,PUT,26000,2025-12-04
2025-12-04 14:00:00+05:30,11.55,12.0,11.45,11.5,102900,6601050,9.49,25972.3,25600.0,25650,ATM-7,PUT,26000,2025-12-04
2025-12-04 14:01:00+05:30,15.2,15.35,14.15,14.5,124800,2404350,9.3,25979.95,25650.0,25650,ATM-7,PUT,26000,2025-12-04
2025-12-04 14:02:00+05:30,14.55,14.6,14.15,14.6,52350,2378100,9.34,25980.35,25650.0,25650,ATM-7,PUT,26000,2025-12-04
2025-12-04 14:03:00+05:30,14.7,15.45,14.55,14.75,68100,2378100,9.33,25978.75,25650.0,25650,ATM-7,PUT,26000,2025-12-04
2025-12-04 14:04:00+05:30,14.65,14.65,13.8,13.95,70275,2378100,9.34,25986.7,25650.0,25650,ATM-7,PUT,26000,2025-12-04
2025-12-04 14:05:00+05:30,14.1,14.8,13.95,14.4,48225,2350275,9.31,25980.35,25650.0,25650,ATM-7,PUT,26000,2025-12-04
2025-12-04 14:06:00+05:30,14.5,14.7,14.2,14.35,40200,2350275,9.32,25982.0,25650.0,25650,ATM-7,PUT,26000,2025-12-04
2025-12-04 14:07:00+05:30,14.25,14.25,13.2,13.2,90075,2350275,9.39,25998.25,25650.0,25650,ATM-7,PUT,26000,2025-12-04
2025-12-04 14:08:00+05:30,13.3,13.45,13.15,13.25,87000,2338275,9.44,26001.55,25650.0,25650,ATM-7,PUT,26000,2025-12-04
2025-12-04 14:09:00+05:30,13.35,13.45,13.0,13.25,51525,2338275,9.49,26005.6,25650.0,25650,ATM-7,PUT,26000,2025-12-04
2025-12-04 14:10:00+05:30,13.3,13.35,12.1,12.6,275325,2338275,9.64,26017.4,25650.0,25650,ATM-7,PUT,26000,2025-12-04
2025-12-04 14:11:00+05:30,12.55,13.15,12.3,12.9,102000,2306175,9.51,26007.55,25650.0,25650,ATM-7,PUT,26000,2025-12-04
2025-12-04 14:12:00+05:30,12.95,13.1,12.75,12.8,25425,2306175,9.52,26009.2,25650.0,25650,ATM-7,PUT,26000,2025-12-04
2025-12-04 14:13:00+05:30,12.75,13.1,12.7,12.9,83100,2306175,9.44,26004.15,25650.0,25650,ATM-7,PUT,26000,2025-12-04
2025-12-04 14:14:00+05:30,12.85,13.0,12.75,13.0,41325,2292375,9.47,26004.05,25650.0,25650,ATM-7,PUT,26000,2025-12-04
2025-12-04 14:15:00+05:30,12.9,13.15,12.65,13.05,56325,2292375,9.42,26001.75,25650.0,25650,ATM-7,PUT,26000,2025-12-04
2025-12-04 14:16:00+05:30,13.15,13.4,12.95,13.0,77175,2292375,9.43,26001.6,25650.0,25650,ATM-7,PUT,26000,2025-12-04
2025-12-04 14:17:00+05:30,13.0,13.0,12.25,12.25,53700,2305125,9.42,26009.45,25650.0,25650,ATM-7,PUT,26000,2025-12-04
2025-12-04 14:18:00+05:30,12.2,12.65,12.2,12.45,44625,2305125,9.43,26008.75,25650.0,25650,ATM-7,PUT,26000,2025-12-04
2025-12-04 14:19:00+05:30,12.5,13.1,12.5,13.1,11850,2305125,9.42,26001.0,25650.0,25650,ATM-7,PUT,26000,2025-12-04
2025-12-04 14:20:00+05:30,13.05,13.25,13.0,13.2,61275,2306175,9.39,25997.45,25650.0,25650,ATM-7,PUT,26000,2025-12-04
2025-12-04 14:21:00+05:30,13.15,13.75,13.05,13.35,79950,2306175,9.36,25995.0,25650.0,25650,ATM-7,PUT,26000,2025-12-04
2025-12-04 14:22:00+05:30,13.2,13.4,12.8,12.95,85800,2306175,9.3,25995.3,25650.0,25650,ATM-7,PUT,26000,2025-12-04
2025-12-04 14:23:00+05:30,12.95,12.95,12.0,12.1,97350,2304300,9.33,26007.0,25650.0,25650,ATM-7,PUT,26000,2025-12-04
2025-12-04 14:24:00+05:30,11.95,12.6,11.95,12.6,98625,2304300,9.36,26002.25,25650.0,25650,ATM-7,PUT,26000,2025-12-04
2025-12-04 14:25:00+05:30,12.7,12.75,12.5,12.55,46200,2304300,9.33,26000.7,25650.0,25650,ATM-7,PUT,26000,2025-12-04
2025-12-04 14:26:00+05:30,12.6,12.6,12.15,12.4,36000,2262225,9.37,26006.75,25650.0,25650,ATM-7,PUT,26000,2025-12-04
2025-12-04 14:27:00+05:30,12.5,12.55,12.1,12.25,30600,2262225,9.37,26007.5,25650.0,25650,ATM-7,PUT,26000,2025-12-04
2025-12-04 14:28:00+05:30,12.35,12.5,12.2,12.3,35625,2262225,9.37,26006.15,25650.0,25650,ATM-7,PUT,26000,2025-12-04
2025-12-04 14:29:00+05:30,12.25,12.25,11.75,11.85,61500,2265150,9.43,26014.0,25650.0,25650,ATM-7,PUT,26000,2025-12-04
2025-12-04 14:30:00+05:30,11.85,12.35,11.55,12.25,102450,2265150,9.52,26016.25,25650.0,25650,ATM-7,PUT,26000,2025-12-04
2025-12-04 14:31:00+05:30,12.2,12.45,12.05,12.2,50700,2265150,9.52,26015.55,25650.0,25650,ATM-7,PUT,26000,2025-12-04
2025-12-04 14:32:00+05:30,12.15,12.7,12.1,12.5,65850,2237325,9.44,26008.7,25650.0,25650,ATM-7,PUT,26000,2025-12-04
2025-12-04 14:33:00+05:30,12.5,12.5,12.1,12.2,34500,2237325,9.44,26010.1,25650.0,25650,ATM-7,PUT,26000,2025-12-04
2025-12-04 14:34:00+05:30,12.1,12.3,12.1,12.2,21150,2237325,9.39,26008.95,25650.0,25650,ATM-7,PUT,26000,2025-12-04
2025-12-04 14:35:00+05:30,12.2,12.85,12.2,12.5,54450,2233275,9.36,26003.8,25650.0,25650,ATM-7,PUT,26000,2025-12-04
2025-12-04 14:36:00+05:30,12.55,12.7,12.25,12.5,45600,2233275,9.33,26000.4,25650.0,25650,ATM-7,PUT,26000,2025-12-04
2025-12-04 14:37:00+05:30,12.4,12.45,12.25,12.3,43875,2233275,9.33,26004.1,25650.0,25650,ATM-7,PUT,26000,2025-12-04
2025-12-04 14:38:00+05:30,12.25,12.25,11.75,11.8,65400,2235300,9.4,26013.55,25650.0,25650,ATM-7,PUT,26000,2025-12-04
2025-12-04 14:39:00+05:30,11.8,11.8,11.45,11.6,71250,2235300,9.37,26013.75,25650.0,25650,ATM-7,PUT,26000,2025-12-04
2025-12-04 14:40:00+05:30,11.55,11.65,11.45,11.55,23475,2235300,9.41,26017.5,25650.0,25650,ATM-7,PUT,26000,2025-12-04
2025-12-04 14:41:00+05:30,11.5,11.65,11.45,11.65,24525,2227800,9.4,26015.45,25650.0,25650,ATM-7,PUT,26000,2025-12-04
2025-12-04 14:42:00+05:30,11.55,11.95,11.25,11.8,83850,2227800,9.41,26015.5,25650.0,25650,ATM-7,PUT,26000,2025-12-04
2025-12-04 14:43:00+05:30,11.7,11.95,11.55,11.75,27450,2227800,9.27,26007.85,25650.0,25650,ATM-7,PUT,26000,2025-12-04
2025-12-04 14:44:00+05:30,11.75,11.95,11.6,11.75,87225,2235075,9.16,26000.6,25650.0,25650,ATM-7,PUT,26000,2025-12-04
2025-12-04 14:45:00+05:30,11.9,12.5,11.65,12.3,135225,2235075,9.13,25992.35,25650.0,25650,ATM-7,PUT,26000,2025-12-04
2025-12-04 14:46:00+05:30,12.35,12.55,12.05,12.3,111000,2235075,9.1,25988.7,25650.0,25650,ATM-7,PUT,26000,2025-12-04
2025-12-04 14:47:00+05:30,12.3,12.4,11.45,11.7,148275,2263200,9.18,26001.55,25650.0,25650,ATM-7,PUT,26000,2025-12-04
2025-12-04 14:48:00+05:30,11.65,12.0,11.55,11.85,70200,2263200,9.24,26003.3,25650.0,25650,ATM-7,PUT,26000,2025-12-04
2025-12-04 14:49:00+05:30,11.8,11.95,11.7,11.8,31875,2263200,9.27,26003.65,25650.0,25650,ATM-7,PUT,26000,2025-12-04
2025-12-04 14:50:00+05:30,11.8,11.95,11.1,11.15,75300,2245875,9.28,26014.1,25650.0,25650,ATM-7,PUT,26000,2025-12-04
2025-12-04 14:51:00+05:30,11.2,11.3,10.9,11.0,148875,2245875,9.33,26018.15,25650.0,25650,ATM-7,PUT,26000,2025-12-04
2025-12-04 14:52:00+05:30,14.6,14.65,13.8,14.0,207450,5805975,9.15,26026.15,25700.0,25650,ATM-7,PUT,26000,2025-12-04
2025-12-04 14:53:00+05:30,10.5,10.75,10.4,10.65,178050,2243175,9.36,26023.0,25650.0,25650,ATM-7,PUT,26000,2025-12-04
2025-12-04 14:54:00+05:30,14.15,14.25,13.65,13.85,140400,5731950,9.11,26025.05,25700.0,25650,ATM-7,PUT,26000,2025-12-04
2025-12-04 14:55:00+05:30,13.8,14.0,13.5,13.5,129975,5731950,9.12,26029.45,25700.0,25650,ATM-7,PUT,26000,2025-12-04
2025-12-04 14:56:00+05:30,13.5,13.6,12.55,12.6,287550,5698050,9.13,26039.65,25700.0,25650,ATM-7,PUT,26000,2025-12-04
2025-12-04 14:57:00+05:30,12.9,13.3,12.85,13.25,192375,5698050,9.19,26036.45,25700.0,25650,ATM-7,PUT,26000,2025-12-04
2025-12-04 14:58:00+05:30,13.25,13.35,12.75,12.85,225450,5698050,9.19,26039.35,25700.0,25650,ATM-7,PUT,26000,2025-12-04
2025-12-04 14:59:00+05:30,12.8,13.05,12.5,12.8,205350,5602575,9.24,26043.25,25700.0,25650,ATM-7,PUT,26000,2025-12-04
2025-12-04 15:00:00+05:30,13.0,13.0,12.3,12.3,224400,5602575,9.24,26048.45,25700.0,25650,ATM-7,PUT,26000,2025-12-04
2025-12-04 15:01:00+05:30,12.8,12.8,12.1,12.4,273450,5602575,9.3,26050.5,25700.0,25650,ATM-7,PUT,26000,2025-12-04
2025-12-04 15:02:00+05:30,12.35,12.35,11.85,12.0,251025,5577450,9.31,26057.65,25700.0,25650,ATM-7,PUT,26000,2025-12-04
2025-12-04 15:03:00+05:30,11.95,12.4,11.95,12.3,227775,5577450,9.22,26047.5,25700.0,25650,ATM-7,PUT,26000,2025-12-04
2025-12-04 15:04:00+05:30,12.3,12.3,11.95,12.0,163350,5577450,9.19,26049.4,25700.0,25650,ATM-7,PUT,26000,2025-12-04
2025-12-04 15:05:00+05:30,12.1,12.25,11.95,12.0,135825,5541525,9.26,26052.75,25700.0,25650,ATM-7,PUT,26000,2025-12-04
2025-12-04 15:06:00+05:30,12.0,12.25,11.85,12.25,234375,5541525,9.28,26052.85,25700.0,25650,ATM-7,PUT,26000,2025-12-04
2025-12-04 15:07:00+05:30,12.3,12.4,12.1,12.2,450300,5541525,9.31,26052.95,25700.0,25650,ATM-7,PUT,26000,2025-12-04
2025-12-04 15:08:00+05:30,12.15,12.5,12.1,12.2,313425,5702325,9.26,26051.35,25700.0,25650,ATM-7,PUT,26000,2025-12-04
2025-12-04 15:09:00+05:30,12.25,12.35,12.1,12.3,320775,5702325,9.19,26046.6,25700.0,25650,ATM-7,PUT,26000,2025-12-04
2025-12-04 15:10:00+05:30,12.3,12.5,12.1,12.1,211275,5702325,9.25,26051.4,25700.0,25650,ATM-7,PUT,26000,2025-12-04
2025-12-04 15:11:00+05:30,12.1,12.1,11.85,12.05,142575,5804250,9.26,26053.4,25700.0,25650,ATM-7,PUT,26000,2025-12-04
2025-12-04 15:12:00+05:30,12.05,12.25,11.55,11.65,844125,5804250,9.06,26045.1,25700.0,25650,ATM-7,PUT,26000,2025-12-04
2025-12-04 15:13:00+05:30,11.7,11.8,11.35,11.5,714075,5804250,8.93,26041.35,25700.0,25650,ATM-7,PUT,26000,2025-12-04
2025-12-04 15:14:00+05:30,11.6,11.6,11.3,11.4,295125,6258975,8.87,26037.7,25700.0,25650,ATM-7,PUT,26000,2025-12-04
2025-12-04 15:15:00+05:30,11.55,11.9,11.55,11.6,534825,6258975,8.88,26036.65,25700.0,25650,ATM-7,PUT,26000,2025-12-04
2025-12-04 15:16:00+05:30,11.7,11.9,11.55,11.7,297450,6258975,8.85,26032.25,25700.0,25650,ATM-7,PUT,26000,2025-12-04
2025-12-04 15:17:00+05:30,11.65,11.9,11.15,11.9,403350,6561900,8.79,26027.65,25700.0,25650,ATM-7,PUT,26000,2025-12-04
2025-12-04 15:18:00+05:30,11.85,12.05,11.4,11.4,231375,6561900,8.76,26031.0,25700.0,25650,ATM-7,PUT,26000,2025-12-04
2025-12-04 15:19:00+05:30,11.4,11.4,10.6,10.7,535425,6561900,8.78,26040.9,25700.0,25650,ATM-7,PUT,26000,2025-12-04
2025-12-04 15:20:00+05:30,10.95,11.5,10.95,11.15,499725,6714900,8.7,26032.5,25700.0,25650,ATM-7,PUT,26000,2025-12-04
2025-12-04 15:21:00+05:30,11.25,11.5,11.1,11.35,379050,6714900,8.75,26031.0,25700.0,25650,ATM-7,PUT,26000,2025-12-04
2025-12-04 15:22:00+05:30,8.4,8.75,8.2,8.75,74700,2376675,8.95,26023.95,25650.0,25650,ATM-7,PUT,26000,2025-12-04
2025-12-04 15:23:00+05:30,11.85,11.85,11.3,11.65,384375,6900000,8.79,26032.1,25700.0,25650,ATM-7,PUT,26000,2025-12-04
2025-12-04 15:24:00+05:30,11.65,11.75,11.25,11.55,293775,6900000,8.77,26030.45,25700.0,25650,ATM-7,PUT,26000,2025-12-04
2025-12-04 15:25:00+05:30,11.5,11.55,11.3,11.5,295800,6900000,8.7,26026.4,25700.0,25650,ATM-7,PUT,26000,2025-12-04
2025-12-04 15:26:00+05:30,8.65,8.8,8.45,8.55,357300,2655525,8.91,26023.95,25650.0,25650,ATM-7,PUT,26000,2025-12-04
2025-12-04 15:27:00+05:30,8.7,8.7,8.4,8.5,161925,2655525,8.91,26018.75,25650.0,25650,ATM-7,PUT,26000,2025-12-04
2025-12-04 15:28:00+05:30,8.5,8.55,8.4,8.5,111225,2655525,8.74,26015.6,25650.0,25650,ATM-7,PUT,26000,2025-12-04
2025-12-04 15:29:00+05:30,8.55,8.6,8.4,8.5,126000,2667225,8.77,26017.1,25650.0,25650,ATM-7,PUT,26000,2025-12-04
2025-12-04 09:15:00+05:30,316.1,316.15,288.65,296.75,53475,400200,6.34,25950.75,25700.0,25750,ATM-5,CALL,26000,2025-12-04
2025-12-04 09:16:00+05:30,293.25,307.95,292.1,305.35,40125,400200,7.04,25955.15,25700.0,25750,ATM-5,CALL,26000,2025-12-04
2025-12-04 09:17:00+05:30,302.85,314.7,302.85,314.7,20325,400200,8.19,25959.1,25700.0,25750,ATM-5,CALL,26000,2025-12-04
2025-12-04 09:18:00+05:30,312.95,316.05,309.35,309.35,21075,402675,7.39,25958.5,25700.0,25750,ATM-5,CALL,26000,2025-12-04
2025-12-04 09:19:00+05:30,310.7,313.25,298.65,301.1,37875,402675,7.29,25949.55,25700.0,25750,ATM-5,CALL,26000,2025-12-04
2025-12-04 09:20:00+05:30,299.0,302.5,297.7,297.95,29100,402675,7.04,25948.6,25700.0,25750,ATM-5,CALL,26000,2025-12-04
2025-12-04 09:21:00+05:30,298.95,308.0,297.2,308.0,36900,413550,7.39,25955.4,25700.0,25750,ATM-5,CALL,26000,2025-12-04
2025-12-04 09:22:00+05:30,308.0,312.15,301.0,312.15,30075,413550,7.43,25961.85,25700.0,25750,ATM-5,CALL,26000,2025-12-04
2025-12-04 09:23:00+05:30,273.75,293.1,270.65,290.95,45375,132975,7.81,25985.45,25750.0,25750,ATM-5,CALL,26000,2025-12-04
2025-12-04 09:24:00+05:30,286.9,302.1,286.45,300.0,22725,132975,8.3,25992.65,25750.0,25750,ATM-5,CALL,26000,2025-12-04
2025-12-04 09:25:00+05:30,294.0,297.75,288.0,290.05,14250,117150,8.44,25977.6,25750.0,25750,ATM-5,CALL,26000,2025-12-04
2025-12-04 09:26:00+05:30,289.55,297.7,288.7,295.25,8700,117150,8.9,25979.2,25750.0,25750,ATM-5,CALL,26000,2025-12-04
2025-12-04 09:27:00+05:30,293.85,300.4,288.15,298.35,13050,117150,8.55,25986.25,25750.0,25750,ATM-5,CALL,26000,2025-12-04
2025-12-04 09:28:00+05:30,297.5,301.05,296.2,298.55,11775,122775,8.23,25990.8,25750.0,25750,ATM-5,CALL,26000,2025-12-04
2025-12-04 09:29:00+05:30,298.85,307.95,297.1,305.0,22800,122775,8.52,25995.85,25750.0,25750,ATM-5,CALL,26000,2025-12-04
2025-12-04 09:30:00+05:30,305.5,307.2,301.35,307.15,5025,122775,8.51,25997.05,25750.0,25750,ATM-5,CALL,26000,2025-12-04
2025-12-04 09:31:00+05:30,305.15,311.0,302.0,305.6,8625,126300,8.43,25995.95,25750.0,25750,ATM-5,CALL,26000,2025-12-04
2025-12-04 09:32:00+05:30,303.0,304.35,288.9,293.9,16350,126300,8.29,25983.85,25750.0,25750,ATM-5,CALL,26000,2025-12-04
2025-12-04 09:33:00+05:30,299.65,303.45,293.3,303.45,9675,126300,8.59,25990.9,25750.0,25750,ATM-5,CALL,26000,2025-12-04
2025-12-04 09:34:00+05:30,302.6,313.55,301.75,313.35,17325,129900,8.79,26000.8,25750.0,25750,ATM-5,CALL,26000,2025-12-04
2025-12-04 09:35:00+05:30,313.05,322.25,313.05,321.6,38550,129900,8.12,26016.75,25750.0,25750,ATM-5,CALL,26000,2025-12-04
2025-12-04 09:36:00+05:30,321.85,326.65,320.8,323.05,15150,129900,7.84,26021.3,25750.0,25750,ATM-5,CALL,26000,2025-12-04
2025-12-04 09:37:00+05:30,280.45,285.0,279.65,281.4,115950,1069200,7.55,26025.25,25800.0,25750,ATM-5,CALL,26000,2025-12-04
2025-12-04 09:38:00+05:30,324.15,326.0,318.0,318.0,8250,124800,7.27,26018.65,25750.0,25750,ATM-5,CALL,26000,2025-12-04
2025-12-04 09:39:00+05:30,316.2,318.2,311.7,314.0,11100,124800,7.36,26013.45,25750.0,25750,ATM-5,CALL,26000,2025-12-04
2025-12-04 09:40:00+05:30,314.15,315.5,300.35,307.0,9000,114750,7.75,26003.5,25750.0,25750,ATM-5,CALL,26000,2025-12-04
2025-12-04 09:41:00+05:30,307.4,310.0,301.55,310.0,9000,114750,7.82,26004.5,25750.0,25750,ATM-5,CALL,26000,2025-12-04
2025-12-04 09:42:00+05:30,312.8,319.0,310.95,314.95,6600,114750,7.77,26011.85,25750.0,25750,ATM-5,CALL,26000,2025-12-04
2025-12-04 09:43:00+05:30,314.4,321.1,314.4,319.85,6225,114075,7.87,26016.45,25750.0,25750,ATM-5,CALL,26000,2025-12-04
2025-12-04 09:44:00+05:30,280.0,288.0,278.0,286.6,158775,1066950,7.99,26028.15,25800.0,25750,ATM-5,CALL,26000,2025-12-04
2025-12-04 09:45:00+05:30,285.2,287.05,283.05,284.05,57825,1066950,7.93,26025.2,25800.0,25750,ATM-5,CALL,26000,2025-12-04
2025-12-04 09:46:00+05:30,326.2,331.7,324.5,325.55,6975,108375,7.99,26021.95,25750.0,25750,ATM-5,CALL,26000,2025-12-04
2025-12-04 09:47:00+05:30,326.1,330.45,324.4,328.05,3975,108375,8.5,26021.05,25750.0,25750,ATM-5,CALL,26000,2025-12-04
2025-12-04 09:48:00+05:30,325.0,325.6,319.2,323.6,5475,108375,8.34,26017.6,25750.0,25750,ATM-5,CALL,26000,2025-12-04
2025-12-04 09:49:00+05:30,324.95,325.45,315.9,317.2,7950,107175,7.48,26016.3,25750.0,25750,ATM-5,CALL,26000,2025-12-04
2025-12-04 09:50:00+05:30,318.7,319.75,317.75,319.55,1950,107175,6.75,26022.5,25750.0,25750,ATM-5,CALL,26000,2025-12-04
2025-12-04 09:51:00+05:30,280.1,284.55,279.75,282.4,33825,1044825,7.69,26025.1,25800.0,25750,ATM-5,CALL,26000,2025-12-04
2025-12-04 09:52:00+05:30,282.2,294.6,281.95,292.0,134400,1051125,8.07,26032.8,25800.0,25750,ATM-5,CALL,26000,2025-12-04
2025-12-04 09:53:00+05:30,290.65,293.1,283.6,283.6,97875,1051125,7.71,26025.9,25800.0,25750,ATM-5,CALL,26000,2025-12-04
2025-12-04 09:54:00+05:30,284.55,287.3,279.4,285.95,53250,1051125,7.8,26027.9,25800.0,25750,ATM-5,CALL,26000,2025-12-04
2025-12-04 09:55:00+05:30,285.75,291.9,285.7,290.7,28950,1016025,7.94,26032.45,25800.0,25750,ATM-5,CALL,26000,2025-12-04
2025-12-04 09:56:00+05:30,290.0,292.1,287.65,290.0,36975,1016025,7.68,26033.35,25800.0,25750,ATM-5,CALL,26000,2025-12-04
2025-12-04 09:57:00+05:30,290.2,290.2,283.45,286.3,29850,1016025,7.73,26028.75,25800.0,25750,ATM-5,CALL,26000,2025-12-04
2025-12-04 09:58:00+05:30,287.55,292.2,284.0,288.65,29250,1015500,7.73,26031.05,25800.0,25750,ATM-5,CALL,26000,2025-12-04
2025-12-04 09:59:00+05:30,287.85,290.0,284.4,286.6,10875,1015500,7.75,26028.3,25800.0,25750,ATM-5,CALL,26000,2025-12-04
2025-12-04 10:00:00+05:30,286.7,290.0,284.75,289.25,36825,1015500,7.77,26031.75,25800.0,25750,ATM-5,CALL,26000,2025-12-04
2025-12-04 10:01:00+05:30,290.05,291.9,284.9,285.75,20475,993825,7.76,26028.35,25800.0,25750,ATM-5,CALL,26000,2025-12-04
2025-12-04 10:02:00+05:30,285.0,289.8,281.65,283.85,23925,993825,7.53,26027.3,25800.0,25750,ATM-5,CALL,26000,2025-12-04
2025-12-04 10:03:00+05:30,285.45,286.75,279.0,286.75,28950,993825,8.11,26026.65,25800.0,25750,ATM-5,CALL,26000,2025-12-04
2025-12-04 10:04:00+05:30,286.35,287.45,283.3,284.4,14475,998850,7.98,26025.05,25800.0,25750,ATM-5,CALL,26000,2025-12-04
2025-12-04 10:05:00+05:30,330.05,330.05,323.6,323.6,750,111750,7.56,26021.85,25750.0,25750,ATM-5,CALL,26000,2025-12-04
2025-12-04 10:06:00+05:30,282.6,290.15,282.6,289.8,29625,998850,8.01,26031.9,25800.0,25750,ATM-5,CALL,26000,2025-12-04
2025-12-04 10:07:00+05:30,290.05,302.0,287.9,300.65,128700,998925,8.45,26039.6,25800.0,25750,ATM-5,CALL,26000,2025-12-04
2025-12-04 10:08:00+05:30,300.0,300.0,294.1,296.55,79200,998925,8.34,26036.25,25800.0,25750,ATM-5,CALL,26000,2025-12-04
2025-12-04 10:09:00+05:30,294.6,295.75,283.0,284.3,53250,998925,7.81,26027.5,25800.0,25750,ATM-5,CALL,26000,2025-12-04
2025-12-04 10:10:00+05:30,285.1,287.75,284.05,286.05,30675,978975,7.79,26029.0,25800.0,25750,ATM-5,CALL,26000,2025-12-04
2025-12-04 10:11:00+05:30,286.2,289.25,283.05,287.0,27450,978975,7.87,26029.15,25800.0,25750,ATM-5,CALL,26000,2025-12-04
2025-12-04 10:12:00+05:30,290.0,292.8,288.5,290.25,38775,978975,7.77,26034.35,25800.0,25750,ATM-5,CALL,26000,2025-12-04
2025-12-04 10:13:00+05:30,291.8,297.0,290.5,293.85,64875,985950,7.44,26040.35,25800.0,25750,ATM-5,CALL,26000,2025-12-04
2025-12-04 10:14:00+05:30,294.45,300.4,293.4,297.5,49200,985950,7.62,26042.75,25800.0,25750,ATM-5,CALL,26000,2025-12-04
2025-12-04 10:15:00+05:30,297.55,299.7,296.0,298.6,25725,985950,7.8,26042.45,25800.0,25750,ATM-5,CALL,26000,2025-12-04
2025-12-04 10:16:00+05:30,297.6,299.55,295.2,298.8,43725,973575,7.86,26043.45,25800.0,25750,ATM-5,CALL,26000,2025-12-04
2025-12-04 10:17:00+05:30,298.0,298.1,293.4,294.15,22125,973575,7.77,26038.1,25800.0,25750,ATM-5,CALL,26000,2025-12-04
2025-12-04 10:18:00+05:30,294.05,298.8,293.45,298.8,19425,973575,8.15,26043.7,25800.0,25750,ATM-5,CALL,26000,2025-12-04
2025-12-04 10:19:00+05:30,297.5,307.0,296.8,304.25,57525,980100,8.12,26046.55,25800.0,25750,ATM-5,CALL,26000,2025-12-04
2025-12-04 10:20:00+05:30,304.25,307.6,301.7,304.0,50850,980100,7.93,26048.05,25800.0,25750,ATM-5,CALL,26000,2025-12-04
2025-12-04 10:21:00+05:30,302.9,311.1,302.9,311.1,65925,980100,8.5,26052.55,25800.0,25750,ATM-5,CALL,26000,2025-12-04
2025-12-04 10:22:00+05:30,310.1,316.0,305.65,307.15,80925,953475,8.34,26049.05,25800.0,25750,ATM-5,CALL,26000,2025-12-04
2025-12-04 10:23:00+05:30,306.25,310.0,303.75,309.5,33075,953475,8.52,26050.05,25800.0,25750,ATM-5,CALL,26000,2025-12-04
2025-12-04 10:24:00+05:30,309.5,310.3,306.95,307.05,28200,953475,8.15,26050.55,25800.0,25750,ATM-5,CALL,26000,2025-12-04
2025-12-04 10:25:00+05:30,308.5,311.2,308.25,310.1,14550,953025,8.02,26055.15,25800.0,25750,ATM-5,CALL,26000,2025-12-04
2025-12-04 10:26:00+05:30,311.05,315.15,310.05,310.3,25575,953025,7.75,26056.0,25800.0,25750,ATM-5,CALL,26000,2025-12-04
2025-12-04 10:27:00+05:30,311.25,315.4,309.4,314.25,37125,953025,8.26,26057.25,25800.0,25750,ATM-5,CALL,26000,2025-12-04
2025-12-04 10:28:00+05:30,314.35,325.0,314.35,325.0,75825,953250,8.79,26065.4,25800.0,25750,ATM-5,CALL,26000,2025-12-04
2025-12-04 10:29:00+05:30,281.0,294.9,280.75,294.55,112275,428025,8.97,26078.9,25850.0,25750,ATM-5,CALL,26000,2025-12-04
2025-12-04 10:30:00+05:30,293.55,296.6,288.4,289.85,67575,428025,8.3,26078.7,25850.0,25750,ATM-5,CALL,26000,2025-12-04
2025-12-04 10:31:00+05:30,288.6,299.25,288.6,298.3,37500,349350,8.66,26085.9,25850.0,25750,ATM-5,CALL,26000,2025-12-04
2025-12-04 10:32:00+05:30,298.65,301.45,294.1,294.5,37650,349350,8.55,26082.25,25850.0,25750,ATM-5,CALL,26000,2025-12-04
2025-12-04 10:33:00+05:30,294.7,295.5,289.0,291.85,16350,349350,8.6,26078.05,25850.0,25750,ATM-5,CALL,26000,2025-12-04
2025-12-04 10:34:00+05:30,291.65,301.5,291.5,299.15,26550,329850,8.85,26084.65,25850.0,25750,ATM-5,CALL,26000,2025-12-04
2025-12-04 10:35:00+05:30,297.85,300.9,297.0,299.85,17625,329850,8.6,26087.7,25850.0,25750,ATM-5,CALL,26000,2025-12-04
2025-12-04 10:36:00+05:30,302.05,306.8,300.4,305.9,51075,329850,8.77,26092.35,25850.0,25750,ATM-5,CALL,26000,2025-12-04
2025-12-04 10:37:00+05:30,305.3,306.05,303.0,304.2,19650,320700,8.38,26094.9,25850.0,25750,ATM-5,CALL,26000,2025-12-04
2025-12-04 10:38:00+05:30,304.6,305.45,301.25,302.5,16425,320700,8.63,26090.8,25850.0,25750,ATM-5,CALL,26000,2025-12-04
2025-12-04 10:39:00+05:30,302.1,303.1,298.5,298.6,8850,320700,8.32,26089.6,25850.0,25750,ATM-5,CALL,26000,2025-12-04
2025-12-04 10:40:00+05:30,301.35,308.7,300.6,300.6,17400,317625,8.48,26090.65,25850.0,25750,ATM-5,CALL,26000,2025-12-04
2025-12-04 10:41:00+05:30,301.15,309.05,300.8,306.95,18975,317625,8.94,26093.2,25850.0,25750,ATM-5,CALL,26000,2025-12-04
2025-12-04 10:42:00+05:30,306.6,309.5,304.45,307.05,15225,317625,8.86,26093.55,25850.0,25750,ATM-5,CALL,26000,2025-12-04
2025-12-04 10:43:00+05:30,306.7,308.4,304.4,306.75,4350,308775,8.79,26094.6,25850.0,25750,ATM-5,CALL,26000,2025-12-04
2025-12-04 10:44:00+05:30,306.25,310.5,304.6,305.7,6975,308775,8.83,26092.7,25850.0,25750,ATM-5,CALL,26000,2025-12-04
2025-12-04 10:45:00+05:30,306.5,308.1,305.2,307.0,8325,308775,8.67,26097.1,25850.0,25750,ATM-5,CALL,26000,2025-12-04
2025-12-04 10:46:00+05:30,307.2,308.0,304.85,307.7,8550,308025,8.88,26094.7,25850.0,25750,ATM-5,CALL,26000,2025-12-04
2025-12-04 10:47:00+05:30,306.0,306.75,302.75,302.75,77850,308025,8.94,26089.9,25850.0,25750,ATM-5,CALL,26000,2025-12-04
2025-12-04 10:48:00+05:30,303.05,303.05,299.7,302.7,72075,308025,9.0,26087.8,25850.0,25750,ATM-5,CALL,26000,2025-12-04
2025-12-04 10:49:00+05:30,301.0,301.0,297.45,298.05,13350,397800,8.76,26083.4,25850.0,25750,ATM-5,CALL,26000,2025-12-04
2025-12-04 10:50:00+05:30,299.15,301.5,297.35,299.7,6825,397800,9.15,26082.9,25850.0,25750,ATM-5,CALL,26000,2025-12-04
2025-12-04 10:51:00+05:30,298.0,300.6,297.65,299.2,3225,397800,8.92,26084.25,25850.0,25750,ATM-5,CALL,26000,2025-12-04
2025-12-04 10:52:00+05:30,300.4,300.4,298.0,299.5,3750,398550,9.1,26082.75,25850.0,25750,ATM-5,CALL,26000,2025-12-04
2025-12-04 10:53:00+05:30,299.6,299.6,291.15,297.3,20700,398550,9.19,26079.6,25850.0,25750,ATM-5,CALL,26000,2025-12-04
2025-12-04 10:54:00+05:30,297.1,297.6,294.25,295.35,2775,398550,9.02,26078.05,25850.0,25750,ATM-5,CALL,26000,2025-12-04
2025-12-04 10:55:00+05:30,294.45,298.3,293.65,297.0,9000,394425,9.11,26079.2,25850.0,25750,ATM-5,CALL,26000,2025-12-04
2025-12-04 10:56:00+05:30,296.8,298.45,292.5,296.0,8025,394425,9.19,26078.4,25850.0,25750,ATM-5,CALL,26000,2025-12-04
2025-12-04 10:57:00+05:30,296.0,299.35,295.65,299.35,6375,394425,9.21,26080.95,25850.0,25750,ATM-5,CALL,26000,2025-12-04
2025-12-04 10:58:00+05:30,301.75,305.15,301.55,303.0,18900,401100,9.35,26085.5,25850.0,25750,ATM-5,CALL,26000,2025-12-04
2025-12-04 10:59:00+05:30,303.6,303.75,290.2,291.3,17550,401100,8.76,26075.5,25850.0,25750,ATM-5,CALL,26000,2025-12-04
2025-12-04 11:00:00+05:30,290.8,292.95,289.45,292.45,12300,401100,8.69,26076.55,25850.0,25750,ATM-5,CALL,26000,2025-12-04
2025-12-04 11:01:00+05:30,292.7,298.2,292.2,295.1,5775,404550,8.9,26079.6,25850.0,25750,ATM-5,CALL,26000,2025-12-04
2025-12-04 11:02:00+05:30,295.8,299.0,294.55,295.0,7575,404550,8.68,26082.1,25850.0,25750,ATM-5,CALL,26000,2025-12-04
2025-12-04 11:03:00+05:30,296.95,300.35,296.4,296.4,5925,404550,8.74,26082.65,25850.0,25750,ATM-5,CALL,26000,2025-12-04
2025-12-04 11:04:00+05:30,298.1,301.1,295.0,298.7,3825,408225,9.06,26083.0,25850.0,25750,ATM-5,CALL,26000,2025-12-04
2025-12-04 11:05:00+05:30,297.6,300.0,297.4,298.9,4350,408225,9.07,26082.95,25850.0,25750,ATM-5,CALL,26000,2025-12-04
2025-12-04 11:06:00+05:30,299.0,301.6,298.0,298.3,11175,408225,8.94,26083.9,25850.0,25750,ATM-5,CALL,26000,2025-12-04
2025-12-04 11:07:00+05:30,299.0,299.5,295.0,295.7,12225,410775,8.84,26080.6,25850.0,25750,ATM-5,CALL,26000,2025-12-04
2025-12-04 11:08:00+05:30,295.55,296.0,288.5,288.5,13125,410775,8.36,26076.7,25850.0,25750,ATM-5,CALL,26000,2025-12-04
2025-12-04 11:09:00+05:30,328.6,332.95,328.1,328.1,17625,838500,8.17,26074.7,25800.0,25750,ATM-5,CALL,26000,2025-12-04
2025-12-04 11:10:00+05:30,286.0,289.65,283.0,289.65,16125,404775,8.63,26076.0,25850.0,25750,ATM-5,CALL,26000,2025-12-04
2025-12-04 11:11:00+05:30,331.4,332.1,326.4,326.85,22125,840375,8.2,26073.2,25800.0,25750,ATM-5,CALL,26000,2025-12-04
2025-12-04 11:12:00+05:30,328.25,330.15,324.05,325.6,16200,840375,8.02,26073.0,25800.0,25750,ATM-5,CALL,26000,2025-12-04
2025-12-04 11:13:00+05:30,324.2,326.1,323.4,324.6,16350,838875,8.18,26070.4,25800.0,25750,ATM-5,CALL,26000,2025-12-04
2025-12-04 11:14:00+05:30,283.7,288.0,283.1,287.3,5100,409350,8.21,26077.05,25850.0,25750,ATM-5,CALL,26000,2025-12-04
2025-12-04 11:15:00+05:30,330.7,331.0,326.0,326.0,22200,838875,8.39,26070.5,25800.0,25750,ATM-5,CALL,26000,2025-12-04
2025-12-04 11:16:00+05:30,327.3,329.55,325.2,328.7,9900,837825,8.38,26073.05,25800.0,25750,ATM-5,CALL,26000,2025-12-04
2025-12-04 11:17:00+05:30,286.2,288.75,284.35,287.1,8400,408525,8.29,26075.6,25850.0,25750,ATM-5,CALL,26000,2025-12-04
2025-12-04 11:18:00+05:30,328.7,330.05,318.85,322.15,22275,837825,7.98,26068.0,25800.0,25750,ATM-5,CALL,26000,2025-12-04
2025-12-04 11:19:00+05:30,323.4,325.75,321.95,325.4,8400,838500,8.44,26070.3,25800.0,25750,ATM-5,CALL,26000,2025-12-04
2025-12-04 11:20:00+05:30,324.0,324.0,316.5,320.8,20925,838500,8.21,26065.55,25800.0,25750,ATM-5,CALL,26000,2025-12-04
2025-12-04 11:21:00+05:30,320.15,323.9,318.5,323.0,17400,838500,8.23,26068.1,25800.0,25750,ATM-5,CALL,26000,2025-12-04
2025-12-04 11:22:00+05:30,322.55,325.8,321.0,321.8,12525,835950,7.87,26069.4,25800.0,25750,ATM-5,CALL,26000,2025-12-04
2025-12-04 11:23:00+05:30,322.45,322.9,314.0,314.6,24900,835950,7.63,26064.3,25800.0,25750,ATM-5,CALL,26000,2025-12-04
2025-12-04 11:24:00+05:30,314.85,318.35,310.0,317.7,20850,835950,8.01,26063.15,25800.0,25750,ATM-5,CALL,26000,2025-12-04
2025-12-04 11:25:00+05:30,318.3,323.7,317.0,323.25,18525,834600,8.33,26067.9,25800.0,25750,ATM-5,CALL,26000,2025-12-04
2025-12-04 11:26:00+05:30,323.0,323.0,316.25,319.3,17475,834600,7.88,26066.15,25800.0,25750,ATM-5,CALL,26000,2025-12-04
2025-12-04 11:27:00+05:30,319.65,321.0,314.3,314.3,14700,834600,7.66,26063.35,25800.0,25750,ATM-5,CALL,26000,2025-12-04
2025-12-04 11:28:00+05:30,314.15,317.9,312.5,316.3,25200,835725,7.99,26062.6,25800.0,25750,ATM-5,CALL,26000,2025-12-04
2025-12-04 11:29:00+05:30,316.0,317.45,314.15,314.95,5325,835725,8.4,26060.6,25800.0,25750,ATM-5,CALL,26000,2025-12-04
2025-12-04 11:30:00+05:30,310.0,315.55,308.45,314.75,25425,835725,7.96,26060.35,25800.0,25750,ATM-5,CALL,26000,2025-12-04
2025-12-04 11:31:00+05:30,315.45,319.6,312.0,312.0,33300,838650,7.66,26060.0,25800.0,25750,ATM-5,CALL,26000,2025-12-04
2025-12-04 11:32:00+05:30,313.35,316.2,311.0,312.3,16050,838650,7.66,26060.25,25800.0,25750,ATM-5,CALL,26000,2025-12-04
2025-12-04 11:33:00+05:30,312.4,318.55,312.0,317.8,21675,838650,8.26,26063.2,25800.0,25750,ATM-5,CALL,26000,2025-12-04
2025-12-04 11:34:00+05:30,315.75,317.9,310.65,314.55,11325,841350,7.92,26061.3,25800.0,25750,ATM-5,CALL,26000,2025-12-04
2025-12-04 11:35:00+05:30,314.85,317.05,314.1,317.05,7425,841350,8.34,26060.7,25800.0,25750,ATM-5,CALL,26000,2025-12-04
2025-12-04 11:36:00+05:30,318.7,319.3,313.2,318.45,10350,841350,8.69,26060.55,25800.0,25750,ATM-5,CALL,26000,2025-12-04
2025-12-04 11:37:00+05:30,315.7,316.7,307.05,308.45,21000,844500,8.01,26052.9,25800.0,25750,ATM-5,CALL,26000,2025-12-04
2025-12-04 11:38:00+05:30,309.3,310.55,292.9,296.7,79350,844500,7.93,26039.35,25800.0,25750,ATM-5,CALL,26000,2025-12-04
2025-12-04 11:39:00+05:30,296.0,297.5,289.1,292.75,73800,844500,8.14,26034.75,25800.0,25750,ATM-5,CALL,26000,2025-12-04
2025-12-04 11:40:00+05:30,290.85,296.7,290.3,294.3,65025,855450,7.76,26038.15,25800.0,25750,ATM-5,CALL,26000,2025-12-04
2025-12-04 11:41:00+05:30,294.0,295.0,285.75,285.75,54450,855450,7.06,26033.45,25800.0,25750,ATM-5,CALL,26000,2025-12-04
2025-12-04 11:42:00+05:30,287.3,287.55,279.9,281.0,61950,855450,7.21,26028.2,25800.0,25750,ATM-5,CALL,26000,2025-12-04
2025-12-04 11:43:00+05:30,326.25,327.5,322.55,322.55,5625,101325,7.34,26023.45,25750.0,25750,ATM-5,CALL,26000,2025-12-04
2025-12-04 11:44:00+05:30,279.9,284.2,279.8,282.75,20400,878850,7.62,26028.8,25800.0,25750,ATM-5,CALL,26000,2025-12-04
2025-12-04 11:45:00+05:30,323.95,323.95,311.35,311.35,4275,101325,6.74,26015.15,25750.0,25750,ATM-5,CALL,26000,2025-12-04
2025-12-04 11:46:00+05:30,272.75,283.05,272.75,281.05,70350,899925,7.57,26025.5,25800.0,25750,ATM-5,CALL,26000,2025-12-04
2025-12-04 11:47:00+05:30,281.45,284.45,280.35,282.4,33450,899925,7.43,26028.45,25800.0,25750,ATM-5,CALL,26000,2025-12-04
2025-12-04 11:48:00+05:30,283.0,284.75,280.0,283.6,32325,899925,7.72,26025.95,25800.0,25750,ATM-5,CALL,26000,2025-12-04
2025-12-04 11:49:00+05:30,283.85,288.35,281.45,286.05,29475,903975,7.53,26031.3,25800.0,25750,ATM-5,CALL,26000,2025-12-04
2025-12-04 11:50:00+05:30,285.95,287.05,283.5,284.2,31350,903975,7.56,26029.6,25800.0,25750,ATM-5,CALL,26000,2025-12-04
2025-12-04 11:51:00+05:30,326.9,326.9,319.5,323.5,2475,103200,7.53,26022.9,25750.0,25750,ATM-5,CALL,26000,2025-12-04
2025-12-04 11:52:00+05:30,322.8,325.2,321.3,323.25,2475,102300,7.82,26021.9,25750.0,25750,ATM-5,CALL,26000,2025-12-04
2025-12-04 11:53:00+05:30,322.0,322.1,320.0,320.25,750,102300,7.76,26018.35,25750.0,25750,ATM-5,CALL,26000,2025-12-04
2025-12-04 11:54:00+05:30,320.35,320.35,318.15,318.15,675,102300,7.71,26016.7,25750.0,25750,ATM-5,CALL,26000,2025-12-04
2025-12-04 11:55:00+05:30,276.45,285.6,276.45,282.55,31800,924675,7.64,26028.1,25800.0,25750,ATM-5,CALL,26000,2025-12-04
2025-12-04 11:56:00+05:30,282.7,284.7,280.9,281.85,23775,924675,7.62,26025.15,25800.0,25750,ATM-5,CALL,26000,2025-12-04
2025-12-04 11:57:00+05:30,325.8,326.4,320.45,320.45,3375,102375,7.19,26022.55,25750.0,25750,ATM-5,CALL,26000,2025-12-04
2025-12-04 11:58:00+05:30,321.55,321.55,318.3,319.0,3075,102525,7.33,26020.0,25750.0,25750,ATM-5,CALL,26000,2025-12-04
2025-12-04 11:59:00+05:30,321.55,322.4,317.6,322.4,825,102525,7.29,26024.0,25750.0,25750,ATM-5,CALL,26000,2025-12-04
2025-12-04 12:00:00+05:30,323.8,325.15,323.8,325.15,225,102525,7.8,26024.55,25750.0,25750,ATM-5,CALL,26000,2025-12-04
2025-12-04 12:01:00+05:30,322.05,325.45,321.0,324.05,2100,103275,7.24,26024.9,25750.0,25750,ATM-5,CALL,26000,2025-12-04
2025-12-04 12:02:00+05:30,324.95,330.4,322.2,322.2,2700,103275,7.3,26024.6,25750.0,25750,ATM-5,CALL,26000,2025-12-04
2025-12-04 12:03:00+05:30,280.4,287.0,279.55,286.35,17925,935250,7.76,26031.4,25800.0,25750,ATM-5,CALL,26000,2025-12-04
2025-12-04 12:04:00+05:30,288.4,291.1,286.3,288.5,37950,922125,7.73,26032.65,25800.0,25750,ATM-5,CALL,26000,2025-12-04
2025-12-04 12:05:00+05:30,288.25,293.95,287.6,291.5,44100,922125,7.37,26038.45,25800.0,25750,ATM-5,CALL,26000,2025-12-04
2025-12-04 12:06:00+05:30,290.75,291.0,287.05,288.15,23475,922125,7.56,26035.45,25800.0,25750,ATM-5,CALL,26000,2025-12-04
2025-12-04 12:07:00+05:30,287.7,296.85,287.7,295.4,46050,914400,7.62,26040.6,25800.0,25750,ATM-5,CALL,26000,2025-12-04
2025-12-04 12:08:00+05:30,295.05,297.15,294.15,295.45,30900,914400,7.58,26042.85,25800.0,25750,ATM-5,CALL,26000,2025-12-04
2025-12-04 12:09:00+05:30,295.55,296.8,282.25,282.85,52275,914400,7.17,26032.0,25800.0,25750,ATM-5,CALL,26000,2025-12-04
2025-12-04 12:10:00+05:30,283.45,285.9,280.1,283.65,22575,908325,7.96,26027.7,25800.0,25750,ATM-5,CALL,26000,2025-12-04
2025-12-04 12:11:00+05:30,323.95,325.5,320.0,320.0,2025,100725,6.97,26023.8,25750.0,25750,ATM-5,CALL,26000,2025-12-04
2025-12-04 12:12:00+05:30,277.85,283.55,274.0,282.75,30600,908325,7.71,26027.3,25800.0,25750,ATM-5,CALL,26000,2025-12-04
2025-12-04 12:13:00+05:30,282.0,285.75,281.5,281.7,31650,908775,7.53,26026.8,25800.0,25750,ATM-5,CALL,26000,2025-12-04
2025-12-04 12:14:00+05:30,284.55,287.4,283.65,285.0,16425,908775,7.98,26028.15,25800.0,25750,ATM-5,CALL,26000,2025-12-04
2025-12-04 12:15:00+05:30,325.75,325.75,318.15,318.15,9225,100950,7.61,26017.8,25750.0,25750,ATM-5,CALL,26000,2025-12-04
2025-12-04 12:16:00+05:30,318.5,321.3,316.0,320.5,1725,99825,7.53,26021.65,25750.0,25750,ATM-5,CALL,26000,2025-12-04
2025-12-04 12:17:00+05:30,321.2,325.4,320.8,324.1,3150,99825,7.85,26023.0,25750.0,25750,ATM-5,CALL,26000,2025-12-04
2025-12-04 12:18:00+05:30,321.0,321.0,319.85,319.85,3000,99825,7.19,26022.65,25750.0,25750,ATM-5,CALL,26000,2025-12-04
2025-12-04 12:19:00+05:30,319.35,319.35,318.0,318.0,150,100875,7.65,26018.15,25750.0,25750,ATM-5,CALL,26000,2025-12-04
2025-12-04 12:20:00+05:30,318.4,320.45,305.0,305.95,8700,100875,7.24,26006.95,25750.0,25750,ATM-5,CALL,26000,2025-12-04
2025-12-04 12:21:00+05:30,302.7,311.4,302.7,310.5,4950,100875,7.35,26012.15,25750.0,25750,ATM-5,CALL,26000,2025-12-04
2025-12-04 12:22:00+05:30,312.85,312.85,308.8,311.95,3300,102825,6.81,26015.1,25750.0,25750,ATM-5,CALL,26000,2025-12-04
2025-12-04 12:23:00+05:30,311.4,317.55,311.4,313.55,8250,102825,6.88,26015.85,25750.0,25750,ATM-5,CALL,26000,2025-12-04
2025-12-04 12:24:00+05:30,314.6,315.85,312.4,315.85,2250,102825,6.77,26019.5,25750.0,25750,ATM-5,CALL,26000,2025-12-04
2025-12-04 12:25:00+05:30,315.0,322.35,315.0,322.35,3975,104625,7.22,26024.4,25750.0,25750,ATM-5,CALL,26000,2025-12-04
2025-12-04 12:26:00+05:30,322.0,322.8,319.2,322.8,4650,104625,7.35,26024.5,25750.0,25750,ATM-5,CALL,26000,2025-12-04
2025-12-04 12:27:00+05:30,279.9,280.3,275.6,280.3,18375,912300,7.59,26025.65,25800.0,25750,ATM-5,CALL,26000,2025-12-04
2025-12-04 12:28:00+05:30,279.0,287.55,279.0,286.0,62400,911475,7.95,26028.9,25800.0,25750,ATM-5,CALL,26000,2025-12-04
2025-12-04 12:29:00+05:30,328.65,329.4,318.55,318.6,11025,102525,6.66,26024.25,25750.0,25750,ATM-5,CALL,26000,2025-12-04
2025-12-04 12:30:00+05:30,277.0,282.05,275.05,282.05,27375,911475,7.77,26026.8,25800.0,25750,ATM-5,CALL,26000,2025-12-04
2025-12-04 12:31:00+05:30,280.5,281.5,277.2,277.2,17025,916275,6.99,26025.35,25800.0,25750,ATM-5,CALL,26000,2025-12-04
2025-12-04 12:32:00+05:30,321.35,322.35,317.2,317.2,825,102825,6.27,26024.35,25750.0,25750,ATM-5,CALL,26000,2025-12-04
2025-12-04 12:33:00+05:30,277.55,281.55,277.55,281.55,8550,916275,7.24,26029.0,25800.0,25750,ATM-5,CALL,26000,2025-12-04
2025-12-04 12:34:00+05:30,282.5,283.05,278.7,278.7,17700,916275,7.1,26025.9,25800.0,25750,ATM-5,CALL,26000,2025-12-04
2025-12-04 12:35:00+05:30,279.85,283.0,279.0,281.5,8550,917550,7.39,26027.9,25800.0,25750,ATM-5,CALL,26000,2025-12-04
2025-12-04 12:36:00+05:30,281.0,282.0,278.6,280.0,7050,917550,7.44,26026.05,25800.0,25750,ATM-5,CALL,26000,2025-12-04
2025-12-04 12:37:00+05:30,322.1,325.45,319.65,323.15,1350,102975,7.19,26025.0,25750.0,25750,ATM-5,CALL,26000,2025-12-04
2025-12-04 12:38:00+05:30,279.95,282.3,276.9,280.3,15450,916500,7.37,26026.65,25800.0,25750,ATM-5,CALL,26000,2025-12-04
2025-12-04 12:39:00+05:30,327.0,327.0,321.1,321.1,450,103125,7.16,26023.95,25750.0,25750,ATM-5,CALL,26000,2025-12-04
2025-12-04 12:40:00+05:30,322.0,322.15,319.95,321.3,1650,103125,7.07,26025.0,25750.0,25750,ATM-5,CALL,26000,2025-12-04
2025-12-04 12:41:00+05:30,320.1,321.35,319.9,319.9,675,103275,7.36,26023.6,25750.0,25750,ATM-5,CALL,26000,2025-12-04
2025-12-04 12:42:00+05:30,317.0,317.45,312.0,312.0,2400,103275,6.69,26017.2,25750.0,25750,ATM-5,CALL,26000,2025-12-04
2025-12-04 12:43:00+05:30,312.5,312.5,306.45,307.6,6000,103275,6.65,26012.5,25750.0,25750,ATM-5,CALL,26000,2025-12-04
2025-12-04 12:44:00+05:30,308.45,308.45,304.1,305.15,6825,103500,6.46,26009.55,25750.0,25750,ATM-5,CALL,26000,2025-12-04
2025-12-04 12:45:00+05:30,304.1,304.1,289.1,289.1,27450,103500,6.45,25992.1,25750.0,25750,ATM-5,CALL,26000,2025-12-04
2025-12-04 12:46:00+05:30,288.25,292.75,288.25,290.75,7650,103500,7.08,25990.7,25750.0,25750,ATM-5,CALL,26000,2025-12-04
2025-12-04 12:47:00+05:30,290.1,298.8,290.1,296.25,9675,104475,6.72,26000.85,25750.0,25750,ATM-5,CALL,26000,2025-12-04
2025-12-04 12:48:00+05:30,295.0,296.05,290.8,291.4,6750,104475,6.08,25997.05,25750.0,25750,ATM-5,CALL,26000,2025-12-04
2025-12-04 12:49:00+05:30,291.75,291.75,288.55,289.9,16950,104475,6.52,25993.35,25750.0,25750,ATM-5,CALL,26000,2025-12-04
2025-12-04 12:50:00+05:30,292.05,294.15,291.8,293.0,3900,97650,6.78,25994.45,25750.0,25750,ATM-5,CALL,26000,2025-12-04
2025-12-04 12:51:00+05:30,294.5,294.9,290.6,292.45,4800,97650,6.7,25995.5,25750.0,25750,ATM-5,CALL,26000,2025-12-04
2025-12-04 12:52:00+05:30,291.1,291.3,284.9,286.25,2925,97650,6.01,25991.55,25750.0,25750,ATM-5,CALL,26000,2025-12-04
2025-12-04 12:53:00+05:30,287.2,292.65,287.2,291.2,3300,96825,6.67,25993.85,25750.0,25750,ATM-5,CALL,26000,2025-12-04
2025-12-04 12:54:00+05:30,291.1,291.15,290.3,291.15,1125,96825,7.01,25992.85,25750.0,25750,ATM-5,CALL,26000,2025-12-04
2025-12-04 12:55:00+05:30,293.0,302.0,293.0,299.25,6225,96825,6.45,26004.5,25750.0,25750,ATM-5,CALL,26000,2025-12-04
2025-12-04 12:56:00+05:30,300.3,302.85,299.05,302.85,8175,97200,7.01,26005.95,25750.0,25750,ATM-5,CALL,26000,2025-12-04
2025-12-04 12:57:00+05:30,300.9,303.4,299.9,302.8,2025,97200,6.88,26005.95,25750.0,25750,ATM-5,CALL,26000,2025-12-04
2025-12-04 12:58:00+05:30,302.0,304.45,298.0,302.0,2625,97200,7.34,26004.05,25750.0,25750,ATM-5,CALL,26000,2025-12-04
2025-12-04 12:59:00+05:30,301.6,301.6,300.2,300.2,675,98325,7.06,26002.4,25750.0,25750,ATM-5,CALL,26000,2025-12-04
2025-12-04 13:00:00+05:30,298.65,300.0,294.5,300.0,1950,98325,7.24,26001.85,25750.0,25750,ATM-5,CALL,26000,2025-12-04
2025-12-04 13:01:00+05:30,302.5,302.5,299.15,300.55,1125,98325,6.79,26004.2,25750.0,25750,ATM-5,CALL,26000,2025-12-04
2025-12-04 13:02:00+05:30,299.2,300.55,299.2,299.8,1875,99225,6.84,26001.3,25750.0,25750,ATM-5,CALL,26000,2025-12-04
2025-12-04 13:03:00+05:30,300.05,300.05,299.8,300.0,450,99225,6.75,26002.7,25750.0,25750,ATM-5,CALL,26000,2025-12-04
2025-12-04 13:04:00+05:30,301.7,307.35,301.6,306.9,4425,99225,7.66,26005.85,25750.0,25750,ATM-5,CALL,26000,2025-12-04
2025-12-04 13:05:00+05:30,302.5,302.5,299.0,301.3,2400,97125,7.55,26001.05,25750.0,25750,ATM-5,CALL,26000,2025-12-04
2025-12-04 13:06:00+05:30,300.9,304.7,299.75,303.1,2700,97125,7.22,26002.2,25750.0,25750,ATM-5,CALL,26000,2025-12-04
2025-12-04 13:07:00+05:30,304.15,304.2,300.95,302.8,750,97125,7.37,26003.9,25750.0,25750,ATM-5,CALL,26000,2025-12-04
2025-12-04 13:08:00+05:30,302.95,307.0,302.95,304.25,3600,97200,8.02,25999.95,25750.0,25750,ATM-5,CALL,26000,2025-12-04
2025-12-04 13:09:00+05:30,302.25,302.25,300.0,300.85,1575,97200,7.76,25997.95,25750.0,25750,ATM-5,CALL,26000,2025-12-04
2025-12-04 13:10:00+05:30,301.2,301.2,294.75,296.95,1800,97200,7.76,25993.15,25750.0,25750,ATM-5,CALL,26000,2025-12-04
2025-12-04 13:11:00+05:30,298.45,300.0,297.6,297.6,2625,97125,7.8,25994.25,25750.0,25750,ATM-5,CALL,26000,2025-12-04
2025-12-04 13:12:00+05:30,302.0,304.25,296.2,296.2,5025,97125,7.68,25993.45,25750.0,25750,ATM-5,CALL,26000,2025-12-04
2025-12-04 13:13:00+05:30,294.0,295.95,294.0,295.7,1425,97125,7.48,25993.8,25750.0,25750,ATM-5,CALL,26000,2025-12-04
2025-12-04 13:14:00+05:30,296.5,306.5,296.5,302.75,3375,97575,7.57,26000.8,25750.0,25750,ATM-5,CALL,26000,2025-12-04
2025-12-04 13:15:00+05:30,301.3,303.35,301.3,302.2,1500,97575,7.37,26002.4,25750.0,25750,ATM-5,CALL,26000,2025-12-04
2025-12-04 13:16:00+05:30,303.0,305.55,302.35,305.0,750,97575,7.47,26003.3,25750.0,25750,ATM-5,CALL,26000,2025-12-04
2025-12-04 13:17:00+05:30,304.9,305.6,301.15,301.15,1050,97125,7.36,26000.85,25750.0,25750,ATM-5,CALL,26000,2025-12-04
2025-12-04 13:18:00+05:30,303.4,306.3,303.4,304.6,1350,97125,7.93,26001.5,25750.0,25750,ATM-5,CALL,26000,2025-12-04
2025-12-04 13:19:00+05:30,304.1,304.1,296.35,296.75,1350,97125,7.48,25995.65,25750.0,25750,ATM-5,CALL,26000,2025-12-04
2025-12-04 13:20:00+05:30,298.5,299.8,296.75,299.8,450,97275,7.06,26001.5,25750.0,25750,ATM-5,CALL,26000,2025-12-04
2025-12-04 13:21:00+05:30,302.0,304.55,302.0,303.55,3525,97275,6.78,26006.85,25750.0,25750,ATM-5,CALL,26000,2025-12-04
2025-12-04 13:22:00+05:30,305.85,312.35,305.0,311.85,5625,97275,6.8,26016.15,25750.0,25750,ATM-5,CALL,26000,2025-12-04
2025-12-04 13:23:00+05:30,315.35,317.1,313.6,313.8,5700,96600,7.11,26017.05,25750.0,25750,ATM-5,CALL,26000,2025-12-04
2025-12-04 13:24:00+05:30,315.0,320.4,312.9,320.4,9075,96600,8.1,26017.85,25750.0,25750,ATM-5,CALL,26000,2025-12-04
2025-12-04 13:25:00+05:30,318.35,321.6,316.0,316.15,2250,96600,7.58,26016.25,25750.0,25750,ATM-5,CALL,26000,2025-12-04
2025-12-04 13:26:00+05:30,315.2,320.55,314.0,317.1,18225,95175,7.4,26018.15,25750.0,25750,ATM-5,CALL,26000,2025-12-04
2025-12-04 13:27:00+05:30,320.0,322.0,317.65,317.65,2325,95175,7.41,26018.95,25750.0,25750,ATM-5,CALL,26000,2025-12-04
2025-12-04 13:28:00+05:30,318.3,319.5,314.55,314.55,1500,95175,7.33,26016.8,25750.0,25750,ATM-5,CALL,26000,2025-12-04
2025-12-04 13:29:00+05:30,313.0,317.15,313.0,317.0,825,99000,6.98,26015.7,25750.0,25750,ATM-5,CALL,26000,2025-12-04
2025-12-04 13:30:00+05:30,315.8,324.7,314.3,314.5,5850,99000,7.44,26015.3,25750.0,25750,ATM-5,CALL,26000,2025-12-04
2025-12-04 13:31:00+05:30,312.35,314.35,310.6,311.35,5850,99000,7.26,26013.6,25750.0,25750,ATM-5,CALL,26000,2025-12-04
2025-12-04 13:32:00+05:30,307.8,313.75,307.55,310.8,3600,98925,7.46,26011.8,25750.0,25750,ATM-5,CALL,26000,2025-12-04
2025-12-04 13:33:00+05:30,308.0,309.75,307.1,308.85,1050,98925,7.65,26008.95,25750.0,25750,ATM-5,CALL,26000,2025-12-04
2025-12-04 13:34:00+05:30,308.85,308.85,298.2,298.2,18000,98925,6.56,26002.4,25750.0,25750,ATM-5,CALL,26000,2025-12-04
2025-12-04 13:35:00+05:30,299.1,299.1,289.0,290.9,5700,93750,7.15,25990.4,25750.0,25750,ATM-5,CALL,26000,2025-12-04
2025-12-04 13:36:00+05:30,287.9,287.9,282.55,283.5,7050,93750,7.34,25979.5,25750.0,25750,ATM-5,CALL,26000,2025-12-04
2025-12-04 13:37:00+05:30,282.6,283.1,276.65,278.75,3675,93750,7.37,25976.3,25750.0,25750,ATM-5,CALL,26000,2025-12-04
2025-12-04 13:38:00+05:30,279.3,285.6,279.0,285.6,3525,94575,7.68,25981.75,25750.0,25750,ATM-5,CALL,26000,2025-12-04
2025-12-04 13:39:00+05:30,280.95,281.85,280.4,280.55,1500,94575,7.04,25980.55,25750.0,25750,ATM-5,CALL,26000,2025-12-04
2025-12-04 13:40:00+05:30,281.6,281.6,278.0,280.75,1050,94575,7.31,25978.35,25750.0,25750,ATM-5,CALL,26000,2025-12-04
2025-12-04 13:41:00+05:30,323.4,323.4,308.0,310.3,30525,363300,6.34,25964.95,25700.0,25750,ATM-5,CALL,26000,2025-12-04
2025-12-04 13:42:00+05:30,310.3,318.45,310.2,315.3,19725,363300,5.99,25973.25,25700.0,25750,ATM-5,CALL,26000,2025-12-04
2025-12-04 13:43:00+05:30,317.45,319.0,313.65,314.25,24225,363300,6.17,25972.9,25700.0,25750,ATM-5,CALL,26000,2025-12-04
2025-12-04 13:44:00+05:30,271.45,275.8,271.45,275.0,1425,96000,6.77,25976.3,25750.0,25750,ATM-5,CALL,26000,2025-12-04
2025-12-04 13:45:00+05:30,317.65,317.65,312.35,314.1,10050,370425,6.12,25972.8,25700.0,25750,ATM-5,CALL,26000,2025-12-04
2025-12-04 13:46:00+05:30,271.0,276.7,271.0,276.15,4500,96000,6.98,25976.05,25750.0,25750,ATM-5,CALL,26000,2025-12-04
2025-12-04 13:47:00+05:30,275.7,276.45,273.1,276.2,2250,97200,6.64,25978.2,25750.0,25750,ATM-5,CALL,26000,2025-12-04
2025-12-04 13:48:00+05:30,275.95,278.25,273.55,278.25,2025,97200,6.97,25979.4,25750.0,25750,ATM-5,CALL,26000,2025-12-04
2025-12-04 13:49:00+05:30,279.5,280.0,274.25,277.6,3750,97200,6.77,25978.65,25750.0,25750,ATM-5,CALL,26000,2025-12-04
2025-12-04 13:50:00+05:30,276.85,280.3,276.85,278.5,5175,96825,6.99,25978.55,25750.0,25750,ATM-5,CALL,26000,2025-12-04
2025-12-04 13:51:00+05:30,278.45,282.25,277.8,280.65,9825,96825,6.99,25980.5,25750.0,25750,ATM-5,CALL,26000,2025-12-04
2025-12-04 13:52:00+05:30,279.0,281.2,276.65,281.2,2925,96825,7.04,25981.55,25750.0,25750,ATM-5,CALL,26000,2025-12-04
2025-12-04 13:53:00+05:30,322.75,324.95,316.75,317.85,13875,373800,6.32,25974.85,25700.0,25750,ATM-5,CALL,26000,2025-12-04
2025-12-04 13:54:00+05:30,277.45,279.25,276.0,277.8,7650,93975,7.27,25975.55,25750.0,25750,ATM-5,CALL,26000,2025-12-04
2025-12-04 13:55:00+05:30,321.9,321.9,315.65,317.2,7800,373800,6.94,25971.95,25700.0,25750,ATM-5,CALL,26000,2025-12-04
2025-12-04 13:56:00+05:30,318.6,320.85,317.9,318.0,4125,375375,6.87,25974.4,25700.0,25750,ATM-5,CALL,26000,2025-12-04
2025-12-04 13:57:00+05:30,275.55,276.55,269.35,275.7,3525,95400,7.04,25975.8,25750.0,25750,ATM-5,CALL,26000,2025-12-04
2025-12-04 13:58:00+05:30,320.4,323.4,317.3,319.65,2475,375375,6.99,25974.05,25700.0,25750,ATM-5,CALL,26000,2025-12-04
2025-12-04 13:59:00+05:30,320.75,320.75,319.45,319.5,1200,376950,7.04,25973.3,25700.0,25750,ATM-5,CALL,26000,2025-12-04
2025-12-04 14:00:00+05:30,316.75,320.0,314.0,320.0,6075,376950,7.34,25972.3,25700.0,25750,ATM-5,CALL,26000,2025-12-04
2025-12-04 14:01:00+05:30,276.45,287.45,275.15,284.3,9825,96225,7.62,25979.95,25750.0,25750,ATM-5,CALL,26000,2025-12-04
2025-12-04 14:02:00+05:30,280.85,285.75,280.85,281.9,2475,101250,7.09,25980.35,25750.0,25750,ATM-5,CALL,26000,2025-12-04
2025-12-04 14:03:00+05:30,281.35,282.1,272.0,278.75,3675,101250,6.83,25978.75,25750.0,25750,ATM-5,CALL,26000,2025-12-04
2025-12-04 14:04:00+05:30,280.35,288.35,280.35,286.2,4575,101250,6.88,25986.7,25750.0,25750,ATM-5,CALL,26000,2025-12-04
2025-12-04 14:05:00+05:30,286.7,286.8,278.95,281.25,2475,100500,6.94,25980.35,25750.0,25750,ATM-5,CALL,26000,2025-12-04
2025-12-04 14:06:00+05:30,282.2,284.15,282.15,283.25,825,100500,7.11,25982.0,25750.0,25750,ATM-5,CALL,26000,2025-12-04
2025-12-04 14:07:00+05:30,287.2,292.45,286.6,292.45,2850,100500,6.2,25998.25,25750.0,25750,ATM-5,CALL,26000,2025-12-04
2025-12-04 14:08:00+05:30,294.25,295.35,291.3,292.4,3975,100200,5.27,26001.55,25750.0,25750,ATM-5,CALL,26000,2025-12-04
2025-12-04 14:09:00+05:30,293.0,295.2,291.1,293.85,2475,100200,5.0,26005.6,25750.0,25750,ATM-5,CALL,26000,2025-12-04
2025-12-04 14:10:00+05:30,294.3,314.0,294.15,307.05,29250,100200,2.31,26017.4,25750.0,25750,ATM-5,CALL,26000,2025-12-04
2025-12-04 14:11:00+05:30,307.9,309.5,298.6,300.0,6375,94800,5.68,26007.55,25750.0,25750,ATM-5,CALL,26000,2025-12-04
2025-12-04 14:12:00+05:30,301.1,305.0,301.1,305.0,2625,94800,6.48,26009.2,25750.0,25750,ATM-5,CALL,26000,2025-12-04
2025-12-04 14:13:00+05:30,305.3,306.3,303.45,303.45,900,94800,7.21,26004.15,25750.0,25750,ATM-5,CALL,26000,2025-12-04
2025-12-04 14:14:00+05:30,303.35,306.0,301.85,303.0,1800,93450,7.17,26004.05,25750.0,25750,ATM-5,CALL,26000,2025-12-04
2025-12-04 14:15:00+05:30,304.85,305.9,300.0,300.6,1050,93450,7.24,26001.75,25750.0,25750,ATM-5,CALL,26000,2025-12-04
2025-12-04 14:16:00+05:30,300.0,301.55,298.6,301.35,1725,93450,7.27,26001.6,25750.0,25750,ATM-5,CALL,26000,2025-12-04
2025-12-04 14:17:00+05:30,301.6,309.8,301.6,308.0,3000,94650,7.22,26009.45,25750.0,25750,ATM-5,CALL,26000,2025-12-04
2025-12-04 14:18:00+05:30,309.0,309.15,305.0,306.3,1650,94650,7.14,26008.75,25750.0,25750,ATM-5,CALL,26000,2025-12-04
2025-12-04 14:19:00+05:30,308.0,308.0,302.25,302.25,2550,94650,7.67,26001.0,25750.0,25750,ATM-5,CALL,26000,2025-12-04
2025-12-04 14:20:00+05:30,300.0,300.85,297.45,297.95,2250,94200,7.35,25997.45,25750.0,25750,ATM-5,CALL,26000,2025-12-04
2025-12-04 14:21:00+05:30,296.95,297.95,290.25,296.5,11925,94200,7.5,25995.0,25750.0,25750,ATM-5,CALL,26000,2025-12-04
2025-12-04 14:22:00+05:30,296.2,299.95,294.0,299.3,3075,94200,7.93,25995.3,25750.0,25750,ATM-5,CALL,26000,2025-12-04
2025-12-04 14:23:00+05:30,299.95,310.6,299.1,309.25,8025,88950,7.93,26007.0,25750.0,25750,ATM-5,CALL,26000,2025-12-04
2025-12-04 14:24:00+05:30,311.95,312.95,305.1,305.1,2025,88950,7.88,26002.25,25750.0,25750,ATM-5,CALL,26000,2025-12-04
2025-12-04 14:25:00+05:30,303.75,304.3,299.5,303.85,2025,88950,7.82,26000.7,25750.0,25750,ATM-5,CALL,26000,2025-12-04
2025-12-04 14:26:00+05:30,302.4,307.9,302.4,307.7,1050,88500,7.77,26006.75,25750.0,25750,ATM-5,CALL,26000,2025-12-04
2025-12-04 14:27:00+05:30,307.4,309.5,306.4,307.2,1275,88500,7.53,26007.5,25750.0,25750,ATM-5,CALL,26000,2025-12-04
2025-12-04 14:28:00+05:30,305.55,308.05,305.0,305.0,1125,88500,7.3,26006.15,25750.0,25750,ATM-5,CALL,26000,2025-12-04
2025-12-04 14:29:00+05:30,307.25,313.35,307.25,311.9,5400,88425,7.15,26014.0,25750.0,25750,ATM-5,CALL,26000,2025-12-04
2025-12-04 14:30:00+05:30,313.35,316.65,310.3,311.05,20250,88425,6.77,26016.25,25750.0,25750,ATM-5,CALL,26000,2025-12-04
2025-12-04 14:31:00+05:30,312.0,315.45,309.0,313.0,3900,88425,7.04,26015.55,25750.0,25750,ATM-5,CALL,26000,2025-12-04
2025-12-04 14:32:00+05:30,314.15,314.45,305.0,309.3,5025,85425,7.7,26008.7,25750.0,25750,ATM-5,CALL,26000,2025-12-04
2025-12-04 14:33:00+05:30,307.6,312.15,307.4,312.15,2850,85425,7.75,26010.1,25750.0,25750,ATM-5,CALL,26000,2025-12-04
2025-12-04 14:34:00+05:30,311.45,311.85,308.55,309.3,6525,85425,7.72,26008.95,25750.0,25750,ATM-5,CALL,26000,2025-12-04
2025-12-04 14:35:00+05:30,309.0,309.3,301.3,302.5,2175,85725,7.31,26003.8,25750.0,25750,ATM-5,CALL,26000,2025-12-04
2025-12-04 14:36:00+05:30,302.9,307.3,300.0,301.65,3300,85725,7.48,26000.4,25750.0,25750,ATM-5,CALL,26000,2025-12-04
2025-12-04 14:37:00+05:30,301.1,303.2,300.45,302.75,5550,85725,7.26,26004.1,25750.0,25750,ATM-5,CALL,26000,2025-12-04
2025-12-04 14:38:00+05:30,303.2,314.9,303.2,314.9,2175,86250,7.87,26013.55,25750.0,25750,ATM-5,CALL,26000,2025-12-04
2025-12-04 14:39:00+05:30,314.7,317.65,313.5,313.5,7425,86250,7.53,26013.75,25750.0,25750,ATM-5,CALL,26000,2025-12-04
2025-12-04 14:40:00+05:30,314.6,317.0,314.6,314.85,1575,86250,7.28,26017.5,25750.0,25750,ATM-5,CALL,26000,2025-12-04
2025-12-04 14:41:00+05:30,316.8,317.3,313.1,313.1,5475,84600,7.35,26015.45,25750.0,25750,ATM-5,CALL,26000,2025-12-04
2025-12-04 14:42:00+05:30,315.4,319.95,310.0,310.5,12450,84600,6.95,26015.5,25750.0,25750,ATM-5,CALL,26000,2025-12-04
2025-12-04 14:43:00+05:30,311.85,314.0,309.05,310.95,3000,84600,8.14,26007.85,25750.0,25750,ATM-5,CALL,26000,2025-12-04
2025-12-04 14:44:00+05:30,310.6,310.6,307.8,307.8,975,81375,8.57,26000.6,25750.0,25750,ATM-5,CALL,26000,2025-12-04
2025-12-04 14:45:00+05:30,305.1,309.05,296.65,297.5,7125,81375,8.12,25992.35,25750.0,25750,ATM-5,CALL,26000,2025-12-04
2025-12-04 14:46:00+05:30,297.6,301.0,294.45,296.65,4875,81375,8.36,25988.7,25750.0,25750,ATM-5,CALL,26000,2025-12-04
2025-12-04 14:47:00+05:30,296.5,306.45,296.0,304.9,2775,83325,7.8,26001.55,25750.0,25750,ATM-5,CALL,26000,2025-12-04
2025-12-04 14:48:00+05:30,303.6,305.1,300.5,304.8,1725,83325,7.71,26003.3,25750.0,25750,ATM-5,CALL,26000,2025-12-04
2025-12-04 14:49:00+05:30,302.6,304.05,302.0,303.45,1200,83325,7.36,26003.65,25750.0,25750,ATM-5,CALL,26000,2025-12-04
2025-12-04 14:50:00+05:30,302.75,315.8,302.75,315.8,4575,83850,7.81,26014.1,25750.0,25750,ATM-5,CALL,26000,2025-12-04
2025-12-04 14:51:00+05:30,314.55,317.1,311.4,315.25,7350,83850,7.17,26018.15,25750.0,25750,ATM-5,CALL,26000,2025-12-04
2025-12-04 14:52:00+05:30,275.15,283.5,274.0,282.8,79650,912150,7.93,26026.15,25800.0,25750,ATM-5,CALL,26000,2025-12-04
2025-12-04 14:53:00+05:30,325.8,326.85,322.0,323.9,6900,78825,7.77,26023.0,25750.0,25750,ATM-5,CALL,26000,2025-12-04
2025-12-04 14:54:00+05:30,280.65,284.55,279.25,283.05,39225,912450,8.08,26025.05,25800.0,25750,ATM-5,CALL,26000,2025-12-04
2025-12-04 14:55:00+05:30,282.4,285.65,281.05,284.45,37800,912450,7.63,26029.45,25800.0,25750,ATM-5,CALL,26000,2025-12-04
2025-12-04 14:56:00+05:30,284.05,296.45,283.25,295.7,73350,897225,8.06,26039.65,25800.0,25750,ATM-5,CALL,26000,2025-12-04
2025-12-04 14:57:00+05:30,293.6,295.0,290.4,291.9,64950,897225,7.92,26036.45,25800.0,25750,ATM-5,CALL,26000,2025-12-04
2025-12-04 14:58:00+05:30,291.8,296.0,290.7,294.6,59325,897225,7.82,26039.35,25800.0,25750,ATM-5,CALL,26000,2025-12-04
2025-12-04 14:59:00+05:30,295.5,302.0,293.55,296.3,94950,911775,7.73,26043.25,25800.0,25750,ATM-5,CALL,26000,2025-12-04
2025-12-04 15:00:00+05:30,298.0,303.3,298.0,302.25,64200,911775,7.93,26048.45,25800.0,25750,ATM-5,CALL,26000,2025-12-04
2025-12-04 15:01:00+05:30,302.8,306.0,297.1,302.6,71625,911775,7.63,26050.5,25800.0,25750,ATM-5,CALL,26000,2025-12-04
2025-12-04 15:02:00+05:30,304.05,308.4,302.4,304.0,43200,889950,7.07,26057.65,25800.0,25750,ATM-5,CALL,26000,2025-12-04
2025-12-04 15:03:00+05:30,304.0,304.8,298.0,299.05,40425,889950,7.62,26047.5,25800.0,25750,ATM-5,CALL,26000,2025-12-04
2025-12-04 15:04:00+05:30,299.9,300.95,297.1,300.3,43875,889950,7.53,26049.4,25800.0,25750,ATM-5,CALL,26000,2025-12-04
2025-12-04 15:05:00+05:30,300.15,304.05,299.1,303.0,115575,893925,7.43,26052.75,25800.0,25750,ATM-5,CALL,26000,2025-12-04
2025-12-04 15:06:00+05:30,303.1,303.85,300.65,301.8,19200,893925,7.36,26052.85,25800.0,25750,ATM-5,CALL,26000,2025-12-04
2025-12-04 15:07:00+05:30,301.45,301.45,298.0,298.4,15375,893925,6.48,26052.95,25800.0,25750,ATM-5,CALL,26000,2025-12-04
2025-12-04 15:08:00+05:30,299.5,299.5,292.25,297.5,38625,877425,6.76,26051.35,25800.0,25750,ATM-5,CALL,26000,2025-12-04
2025-12-04 15:09:00+05:30,297.5,298.2,294.0,295.0,18675,877425,7.17,26046.6,25800.0,25750,ATM-5,CALL,26000,2025-12-04
2025-12-04 15:10:00+05:30,294.5,298.0,293.5,298.0,25125,877425,6.61,26051.4,25800.0,25750,ATM-5,CALL,26000,2025-12-04
2025-12-04 15:11:00+05:30,299.5,303.1,299.05,301.55,34050,870375,7.26,26053.4,25800.0,25750,ATM-5,CALL,26000,2025-12-04
2025-12-04 15:12:00+05:30,301.65,301.65,296.55,297.9,16050,870375,7.75,26045.1,25800.0,25750,ATM-5,CALL,26000,2025-12-04
2025-12-04 15:13:00+05:30,297.9,298.0,293.6,296.75,27675,870375,8.26,26041.35,25800.0,25750,ATM-5,CALL,26000,2025-12-04
2025-12-04 15:14:00+05:30,296.15,296.15,292.25,294.05,16275,855375,8.21,26037.7,25800.0,25750,ATM-5,CALL,26000,2025-12-04
2025-12-04 15:15:00+05:30,294.15,294.3,288.45,291.95,56550,855375,8.12,26036.65,25800.0,25750,ATM-5,CALL,26000,2025-12-04
2025-12-04 15:16:00+05:30,292.1,292.75,287.2,290.2,28800,855375,8.21,26032.25,25800.0,25750,ATM-5,CALL,26000,2025-12-04
2025-12-04 15:17:00+05:30,289.1,291.3,285.0,285.0,22575,835425,8.11,26027.65,25800.0,25750,ATM-5,CALL,26000,2025-12-04
2025-12-04 15:18:00+05:30,285.0,292.0,280.65,292.0,41175,835425,8.64,26031.0,25800.0,25750,ATM-5,CALL,26000,2025-12-04
2025-12-04 15:19:00+05:30,292.0,295.6,291.0,295.6,27675,835425,8.09,26040.9,25800.0,25750,ATM-5,CALL,26000,2025-12-04
2025-12-04 15:20:00+05:30,295.0,295.0,291.1,294.9,23025,815400,9.03,26032.5,25800.0,25750,ATM-5,CALL,26000,2025-12-04
2025-12-04 15:21:00+05:30,294.35,296.7,292.3,293.0,32775,815400,8.79,26031.0,25800.0,25750,ATM-5,CALL,26000,2025-12-04
2025-12-04 15:22:00+05:30,337.8,338.75,336.0,336.0,1500,79350,9.52,26023.95,25750.0,25750,ATM-5,CALL,26000,2025-12-04
2025-12-04 15:23:00+05:30,290.5,294.0,290.5,293.6,9450,800625,8.92,26032.1,25800.0,25750,ATM-5,CALL,26000,2025-12-04
2025-12-04 15:24:00+05:30,293.4,296.0,292.4,293.5,23550,800625,9.01,26030.45,25800.0,25750,ATM-5,CALL,26000,2025-12-04
2025-12-04 15:25:00+05:30,293.3,294.05,292.0,292.55,19575,800625,9.19,26026.4,25800.0,25750,ATM-5,CALL,26000,2025-12-04
2025-12-04 15:26:00+05:30,336.3,338.5,334.05,334.05,8025,75300,9.33,26023.95,25750.0,25750,ATM-5,CALL,26000,2025-12-04
2025-12-04 15:27:00+05:30,334.65,335.5,332.35,334.3,3150,75300,9.26,26018.75,25750.0,25750,ATM-5,CALL,26000,2025-12-04
2025-12-04 15:28:00+05:30,335.05,337.0,334.2,335.8,3075,75300,10.58,26015.6,25750.0,25750,ATM-5,CALL,26000,2025-12-04
2025-12-04 15:29:00+05:30,336.4,336.4,334.2,334.65,4950,76425,10.29,26017.1,25750.0,25750,ATM-5,CALL,26000,2025-12-04
2025-12-04 09:15:00+05:30,29.0,32.15,27.0,30.95,1231200,5065950,9.89,25950.75,25700.0,25750,ATM-5,PUT,26000,2025-12-04
2025-12-04 09:16:00+05:30,31.65,31.65,28.0,28.3,763425,5065950,9.69,25955.15,25700.0,25750,ATM-5,PUT,26000,2025-12-04
2025-12-04 09:17:00+05:30,28.8,29.45,27.5,27.75,503400,5065950,9.68,25959.1,25700.0,25750,ATM-5,PUT,26000,2025-12-04
2025-12-04 09:18:00+05:30,27.35,28.35,27.15,28.1,336750,5368275,9.71,25958.5,25700.0,25750,ATM-5,PUT,26000,2025-12-04
2025-12-04 09:19:00+05:30,27.95,30.75,27.65,30.25,521550,5368275,9.79,25949.55,25700.0,25750,ATM-5,PUT,26000,2025-12-04
2025-12-04 09:20:00+05:30,30.1,30.35,29.25,30.0,284100,5368275,9.71,25948.6,25700.0,25750,ATM-5,PUT,26000,2025-12-04
2025-12-04 09:21:00+05:30,29.8,30.65,28.75,28.95,448650,5574675,9.79,25955.4,25700.0,25750,ATM-5,PUT,26000,2025-12-04
2025-12-04 09:22:00+05:30,28.8,30.15,28.25,28.3,247875,5574675,9.8,25961.85,25700.0,25750,ATM-5,PUT,26000,2025-12-04
2025-12-04 09:23:00+05:30,36.15,37.2,34.2,34.3,325350,3233775,9.92,25985.45,25750.0,25750,ATM-5,PUT,26000,2025-12-04
2025-12-04 09:24:00+05:30,34.85,35.05,31.85,32.0,363150,3233775,9.79,25992.65,25750.0,25750,ATM-5,PUT,26000,2025-12-04
2025-12-04 09:25:00+05:30,32.95,34.1,32.3,33.45,294375,3312675,9.68,25977.6,25750.0,25750,ATM-5,PUT,26000,2025-12-04
2025-12-04 09:26:00+05:30,33.7,34.1,32.35,32.5,218550,3312675,9.61,25979.2,25750.0,25750,ATM-5,PUT,26000,2025-12-04
2025-12-04 09:27:00+05:30,32.6,33.65,31.7,32.1,222375,3312675,9.71,25986.25,25750.0,25750,ATM-5,PUT,26000,2025-12-04
2025-12-04 09:28:00+05:30,32.3,32.4,31.05,31.6,164100,3415275,9.74,25990.8,25750.0,25750,ATM-5,PUT,26000,2025-12-04
2025-12-04 09:29:00+05:30,31.65,31.9,30.15,30.25,230475,3415275,9.67,25995.85,25750.0,25750,ATM-5,PUT,26000,2025-12-04
2025-12-04 09:30:00+05:30,30.55,31.25,29.7,30.2,258975,3415275,9.71,25997.05,25750.0,25750,ATM-5,PUT,26000,2025-12-04
2025-12-04 09:31:00+05:30,30.35,30.9,29.25,30.4,242925,3530700,9.73,25995.95,25750.0,25750,ATM-5,PUT,26000,2025-12-04
2025-12-04 09:32:00+05:30,30.35,33.0,30.25,31.95,210450,3530700,9.62,25983.85,25750.0,25750,ATM-5,PUT,26000,2025-12-04
2025-12-04 09:33:00+05:30,31.65,32.4,29.95,29.95,156450,3530700,9.59,25990.9,25750.0,25750,ATM-5,PUT,26000,2025-12-04
2025-12-04 09:34:00+05:30,29.9,30.3,27.8,27.95,285675,3668550,9.53,26000.8,25750.0,25750,ATM-5,PUT,26000,2025-12-04
2025-12-04 09:35:00+05:30,27.8,28.2,25.85,26.1,377625,3668550,9.62,26016.75,25750.0,25750,ATM-5,PUT,26000,2025-12-04
2025-12-04 09:36:00+05:30,26.2,26.35,25.5,25.8,211125,3668550,9.67,26021.3,25750.0,25750,ATM-5,PUT,26000,2025-12-04
2025-12-04 09:37:00+05:30,33.85,34.25,33.0,33.7,315750,6170325,9.64,26025.25,25800.0,25750,ATM-5,PUT,26000,2025-12-04
2025-12-04 09:38:00+05:30,25.75,26.85,25.5,26.85,336225,3729150,9.76,26018.65,25750.0,25750,ATM-5,PUT,26000,2025-12-04
2025-12-04 09:39:00+05:30,26.95,27.5,26.35,27.0,223950,3729150,9.68,26013.45,25750.0,25750,ATM-5,PUT,26000,2025-12-04
2025-12-04 09:40:00+05:30,26.95,29.5,26.75,28.2,266325,3627375,9.61,26003.5,25750.0,25750,ATM-5,PUT,26000,2025-12-04
2025-12-04 09:41:00+05:30,28.2,29.35,27.7,27.7,207525,3627375,9.61,26004.5,25750.0,25750,ATM-5,PUT,26000,2025-12-04
2025-12-04 09:42:00+05:30,27.55,27.75,26.4,27.25,261975,3627375,9.68,26011.85,25750.0,25750,ATM-5,PUT,26000,2025-12-04
2025-12-04 09:43:00+05:30,27.1,27.3,26.1,26.2,279225,3761325,9.65,26016.45,25750.0,25750,ATM-5,PUT,26000,2025-12-04
2025-12-04 09:44:00+05:30,34.4,34.6,32.35,32.75,456825,6263250,9.59,26028.15,25800.0,25750,ATM-5,PUT,26000,2025-12-04
2025-12-04 09:45:00+05:30,33.05,33.55,32.6,33.25,295350,6263250,9.59,26025.2,25800.0,25750,ATM-5,PUT,26000,2025-12-04
2025-12-04 09:46:00+05:30,25.45,25.65,24.4,25.3,181350,3993975,9.64,26021.95,25750.0,25750,ATM-5,PUT,26000,2025-12-04
2025-12-04 09:47:00+05:30,25.3,25.65,24.45,25.35,103800,3993975,9.62,26021.05,25750.0,25750,ATM-5,PUT,26000,2025-12-04
2025-12-04 09:48:00+05:30,25.45,26.0,25.1,25.3,78375,3993975,9.56,26017.6,25750.0,25750,ATM-5,PUT,26000,2025-12-04
2025-12-04 09:49:00+05:30,25.4,26.7,25.2,26.15,83100,3982950,9.62,26016.3,25750.0,25750,ATM-5,PUT,26000,2025-12-04
2025-12-04 09:50:00+05:30,26.05,26.6,25.6,25.75,121950,3982950,9.7,26022.5,25750.0,25750,ATM-5,PUT,26000,2025-12-04
2025-12-04 09:51:00+05:30,33.8,34.25,33.2,33.7,121500,6302625,9.65,26025.1,25800.0,25750,ATM-5,PUT,26000,2025-12-04
2025-12-04 09:52:00+05:30,33.7,33.85,31.25,31.7,377100,6285375,9.6,26032.8,25800.0,25750,ATM-5,PUT,26000,2025-12-04
2025-12-04 09:53:00+05:30,32.05,33.35,31.5,33.35,316950,6285375,9.61,26025.9,25800.0,25750,ATM-5,PUT,26000,2025-12-04
2025-12-04 09:54:00+05:30,33.4,34.15,32.75,32.9,258375,6285375,9.62,26027.9,25800.0,25750,ATM-5,PUT,26000,2025-12-04
2025-12-04 09:55:00+05:30,33.25,33.25,32.1,32.25,128625,6381000,9.65,26032.45,25800.0,25750,ATM-5,PUT,26000,2025-12-04
2025-12-04 09:56:00+05:30,32.45,32.8,31.95,32.45,220425,6381000,9.7,26033.35,25800.0,25750,ATM-5,PUT,26000,2025-12-04
2025-12-04 09:57:00+05:30,32.35,33.5,32.3,32.8,492000,6381000,9.66,26028.75,25800.0,25750,ATM-5,PUT,26000,2025-12-04
2025-12-04 09:58:00+05:30,32.8,33.5,31.7,32.35,181800,6343425,9.64,26031.05,25800.0,25750,ATM-5,PUT,26000,2025-12-04
2025-12-04 09:59:00+05:30,32.45,33.3,32.15,32.7,142650,6343425,9.64,26028.3,25800.0,25750,ATM-5,PUT,26000,2025-12-04
2025-12-04 10:00:00+05:30,32.85,33.3,32.25,32.45,135000,6343425,9.68,26031.75,25800.0,25750,ATM-5,PUT,26000,2025-12-04
2025-12-04 10:01:00+05:30,32.35,33.5,32.0,33.45,150750,6392325,9.7,26028.35,25800.0,25750,ATM-5,PUT,26000,2025-12-04
2025-12-04 10:02:00+05:30,33.6,34.25,32.45,33.75,140025,6392325,9.73,26027.3,25800.0,25750,ATM-5,PUT,26000,2025-12-04
2025-12-04 10:03:00+05:30,33.35,34.6,32.8,32.8,213975,6392325,9.59,26026.65,25800.0,25750,ATM-5,PUT,26000,2025-12-04
2025-12-04 10:04:00+05:30,32.85,33.8,32.75,33.65,98850,6351600,9.65,26025.05,25800.0,25750,ATM-5,PUT,26000,2025-12-04
2025-12-04 10:05:00+05:30,25.35,26.2,24.95,25.8,71625,3983325,9.73,26021.85,25750.0,25750,ATM-5,PUT,26000,2025-12-04
2025-12-04 10:06:00+05:30,33.95,33.95,32.2,32.2,206775,6351600,9.61,26031.9,25800.0,25750,ATM-5,PUT,26000,2025-12-04
2025-12-04 10:07:00+05:30,32.0,32.5,29.6,29.8,627150,6422625,9.52,26039.6,25800.0,25750,ATM-5,PUT,26000,2025-12-04
2025-12-04 10:08:00+05:30,30.25,31.0,29.85,30.55,191850,6422625,9.53,26036.25,25800.0,25750,ATM-5,PUT,26000,2025-12-04
2025-12-04 10:09:00+05:30,30.95,33.35,30.65,32.9,304500,6422625,9.64,26027.5,25800.0,25750,ATM-5,PUT,26000,2025-12-04
2025-12-04 10:10:00+05:30,32.75,33.1,32.25,32.4,160125,6430725,9.59,26029.0,25800.0,25750,ATM-5,PUT,26000,2025-12-04
2025-12-04 10:11:00+05:30,32.45,33.3,31.9,32.2,144975,6430725,9.58,26029.15,25800.0,25750,ATM-5,PUT,26000,2025-12-04
2025-12-04 10:12:00+05:30,32.2,32.2,30.85,31.2,229950,6430725,9.56,26034.35,25800.0,25750,ATM-5,PUT,26000,2025-12-04
2025-12-04 10:13:00+05:30,31.1,31.2,30.0,30.6,164925,6423525,9.62,26040.35,25800.0,25750,ATM-5,PUT,26000,2025-12-04
2025-12-04 10:14:00+05:30,30.75,30.85,29.15,29.9,202125,6423525,9.61,26042.75,25800.0,25750,ATM-5,PUT,26000,2025-12-04
2025-12-04 10:15:00+05:30,29.85,30.15,29.45,29.7,225450,6423525,9.59,26042.45,25800.0,25750,ATM-5,PUT,26000,2025-12-04
2025-12-04 10:16:00+05:30,29.9,30.35,29.4,29.6,315075,6465675,9.56,26043.45,25800.0,25750,ATM-5,PUT,26000,2025-12-04
2025-12-04 10:17:00+05:30,29.75,30.65,29.55,30.45,176025,6465675,9.56,26038.1,25800.0,25750,ATM-5,PUT,26000,2025-12-04
2025-12-04 10:18:00+05:30,30.3,30.3,29.4,29.4,243000,6465675,9.5,26043.7,25800.0,25750,ATM-5,PUT,26000,2025-12-04
2025-12-04 10:19:00+05:30,29.4,29.8,27.75,28.3,360225,6492900,9.5,26046.55,25800.0,25750,ATM-5,PUT,26000,2025-12-04
2025-12-04 10:20:00+05:30,28.35,29.1,28.05,28.7,268650,6492900,9.58,26048.05,25800.0,25750,ATM-5,PUT,26000,2025-12-04
2025-12-04 10:21:00+05:30,28.9,28.95,27.4,27.6,258450,6492900,9.52,26052.55,25800.0,25750,ATM-5,PUT,26000,2025-12-04
2025-12-04 10:22:00+05:30,27.65,28.2,26.8,28.05,426525,6471075,9.51,26049.05,25800.0,25750,ATM-5,PUT,26000,2025-12-04
2025-12-04 10:23:00+05:30,28.15,28.4,27.4,27.5,176700,6471075,9.47,26050.05,25800.0,25750,ATM-5,PUT,26000,2025-12-04
2025-12-04 10:24:00+05:30,27.4,27.95,27.3,27.8,101325,6471075,9.51,26050.55,25800.0,25750,ATM-5,PUT,26000,2025-12-04
2025-12-04 10:25:00+05:30,27.8,27.8,27.0,27.0,216150,6516075,9.5,26055.15,25800.0,25750,ATM-5,PUT,26000,2025-12-04
2025-12-04 10:26:00+05:30,27.1,27.25,26.35,26.9,280650,6516075,9.53,26056.0,25800.0,25750,ATM-5,PUT,26000,2025-12-04
2025-12-04 10:27:00+05:30,26.85,27.05,26.05,26.45,427125,6516075,9.5,26057.25,25800.0,25750,ATM-5,PUT,26000,2025-12-04
2025-12-04 10:28:00+05:30,26.3,26.3,24.7,24.75,437925,6686925,9.44,26065.4,25800.0,25750,ATM-5,PUT,26000,2025-12-04
2025-12-04 10:29:00+05:30,32.4,32.55,30.75,30.9,443850,4663800,9.39,26078.9,25850.0,25750,ATM-5,PUT,26000,2025-12-04
2025-12-04 10:30:00+05:30,31.0,31.55,30.5,31.3,365100,4663800,9.46,26078.7,25850.0,25750,ATM-5,PUT,26000,2025-12-04
2025-12-04 10:31:00+05:30,31.45,31.45,30.05,30.15,210975,4639725,9.47,26085.9,25850.0,25750,ATM-5,PUT,26000,2025-12-04
2025-12-04 10:32:00+05:30,29.9,30.9,29.45,30.85,378450,4639725,9.47,26082.25,25850.0,25750,ATM-5,PUT,26000,2025-12-04
2025-12-04 10:33:00+05:30,30.75,31.35,30.75,30.85,308700,4639725,9.4,26078.05,25850.0,25750,ATM-5,PUT,26000,2025-12-04
2025-12-04 10:34:00+05:30,30.9,31.0,29.7,29.8,708450,4567200,9.41,26084.65,25850.0,25750,ATM-5,PUT,26000,2025-12-04
2025-12-04 10:35:00+05:30,30.0,30.15,29.4,29.7,302925,4567200,9.47,26087.7,25850.0,25750,ATM-5,PUT,26000,2025-12-04
2025-12-04 10:36:00+05:30,29.65,29.7,29.2,29.4,227100,4567200,9.55,26092.35,25850.0,25750,ATM-5,PUT,26000,2025-12-04
2025-12-04 10:37:00+05:30,29.45,29.8,29.1,29.4,133200,4454925,9.59,26094.9,25850.0,25750,ATM-5,PUT,26000,2025-12-04
2025-12-04 10:38:00+05:30,29.3,29.5,29.1,29.35,196950,4454925,9.49,26090.8,25850.0,25750,ATM-5,PUT,26000,2025-12-04
2025-12-04 10:39:00+05:30,29.35,30.15,29.35,29.85,189750,4454925,9.51,26089.6,25850.0,25750,ATM-5,PUT,26000,2025-12-04
2025-12-04 10:40:00+05:30,29.8,29.9,28.6,29.85,461100,4471425,9.52,26090.65,25850.0,25750,ATM-5,PUT,26000,2025-12-04
2025-12-04 10:41:00+05:30,29.55,29.8,28.75,28.95,131850,4471425,9.49,26093.2,25850.0,25750,ATM-5,PUT,26000,2025-12-04
2025-12-04 10:42:00+05:30,29.05,29.2,28.4,28.85,117375,4471425,9.5,26093.55,25850.0,25750,ATM-5,PUT,26000,2025-12-04
2025-12-04 10:43:00+05:30,28.9,29.15,28.45,29.0,58500,4488450,9.52,26094.6,25850.0,25750,ATM-5,PUT,26000,2025-12-04
2025-12-04 10:44:00+05:30,28.95,29.4,28.5,29.25,89850,4488450,9.52,26092.7,25850.0,25750,ATM-5,PUT,26000,2025-12-04
2025-12-04 10:45:00+05:30,29.25,29.5,29.1,29.35,97350,4488450,9.6,26097.1,25850.0,25750,ATM-5,PUT,26000,2025-12-04
2025-12-04 10:46:00+05:30,29.3,29.75,29.1,29.35,93975,4485225,9.58,26094.7,25850.0,25750,ATM-5,PUT,26000,2025-12-04
2025-12-04 10:47:00+05:30,29.45,29.95,29.3,29.95,117675,4485225,9.51,26089.9,25850.0,25750,ATM-5,PUT,26000,2025-12-04
2025-12-04 10:48:00+05:30,30.05,30.3,29.75,29.75,162000,4485225,9.47,26087.8,25850.0,25750,ATM-5,PUT,26000,2025-12-04
2025-12-04 10:49:00+05:30,29.8,30.3,29.8,30.15,113475,4517250,9.44,26083.4,25850.0,25750,ATM-5,PUT,26000,2025-12-04
2025-12-04 10:50:00+05:30,30.25,30.25,29.9,30.1,129600,4517250,9.41,26082.9,25850.0,25750,ATM-5,PUT,26000,2025-12-04
2025-12-04 10:51:00+05:30,30.15,30.3,29.75,29.8,82500,4517250,9.41,26084.25,25850.0,25750,ATM-5,PUT,26000,2025-12-04
2025-12-04 10:52:00+05:30,29.9,30.1,29.6,29.85,137250,4527750,9.39,26082.75,25850.0,25750,ATM-5,PUT,26000,2025-12-04
2025-12-04 10:53:00+05:30,29.85,30.8,29.8,29.95,236925,4527750,9.32,26079.6,25850.0,25750,ATM-5,PUT,26000,2025-12-04
2025-12-04 10:54:00+05:30,30.0,30.35,29.7,30.2,98625,4527750,9.34,26078.05,25850.0,25750,ATM-5,PUT,26000,2025-12-04
2025-12-04 10:55:00+05:30,30.15,30.3,29.55,29.65,123825,4619100,9.3,26079.2,25850.0,25750,ATM-5,PUT,26000,2025-12-04
2025-12-04 10:56:00+05:30,29.7,30.25,29.5,29.7,93000,4619100,9.26,26078.4,25850.0,25750,ATM-5,PUT,26000,2025-12-04
2025-12-04 10:57:00+05:30,29.8,29.9,29.2,29.2,83325,4619100,9.27,26080.95,25850.0,25750,ATM-5,PUT,26000,2025-12-04
2025-12-04 10:58:00+05:30,29.0,29.0,28.15,28.6,206850,4591800,9.27,26085.5,25850.0,25750,ATM-5,PUT,26000,2025-12-04
2025-12-04 10:59:00+05:30,28.65,30.5,28.45,30.45,133125,4591800,9.3,26075.5,25850.0,25750,ATM-5,PUT,26000,2025-12-04
2025-12-04 11:00:00+05:30,30.4,30.6,30.1,30.4,149325,4591800,9.36,26076.55,25850.0,25750,ATM-5,PUT,26000,2025-12-04
2025-12-04 11:01:00+05:30,30.4,30.4,29.35,29.95,71250,4547175,9.33,26079.6,25850.0,25750,ATM-5,PUT,26000,2025-12-04
2025-12-04 11:02:00+05:30,29.85,30.1,29.25,29.9,80325,4547175,9.37,26082.1,25850.0,25750,ATM-5,PUT,26000,2025-12-04
2025-12-04 11:03:00+05:30,29.85,29.85,29.15,29.8,78900,4547175,9.37,26082.65,25850.0,25750,ATM-5,PUT,26000,2025-12-04
2025-12-04 11:04:00+05:30,29.65,29.9,28.85,29.35,65175,4503225,9.32,26083.0,25850.0,25750,ATM-5,PUT,26000,2025-12-04
2025-12-04 11:05:00+05:30,29.4,29.6,29.1,29.25,32925,4503225,9.31,26082.95,25850.0,25750,ATM-5,PUT,26000,2025-12-04
2025-12-04 11:06:00+05:30,29.1,29.6,28.8,29.4,43650,4503225,9.34,26083.9,25850.0,25750,ATM-5,PUT,26000,2025-12-04
2025-12-04 11:07:00+05:30,29.4,30.05,29.3,29.95,44325,4493625,9.37,26080.6,25850.0,25750,ATM-5,PUT,26000,2025-12-04
2025-12-04 11:08:00+05:30,29.85,30.6,29.75,30.55,90300,4493625,9.35,26076.7,25850.0,25750,ATM-5,PUT,26000,2025-12-04
2025-12-04 11:09:00+05:30,23.6,23.65,23.15,23.6,193125,6390750,9.49,26074.7,25800.0,25750,ATM-5,PUT,26000,2025-12-04
2025-12-04 11:10:00+05:30,30.75,31.2,30.35,30.4,126225,4495725,9.31,26076.0,25850.0,25750,ATM-5,PUT,26000,2025-12-04
2025-12-04 11:11:00+05:30,23.1,23.7,23.05,23.45,149850,6338475,9.44,26073.2,25800.0,25750,ATM-5,PUT,26000,2025-12-04
2025-12-04 11:12:00+05:30,23.6,23.9,23.2,23.85,190275,6338475,9.49,26073.0,25800.0,25750,ATM-5,PUT,26000,2025-12-04
2025-12-04 11:13:00+05:30,23.85,24.1,23.55,23.7,205650,6353625,9.42,26070.4,25800.0,25750,ATM-5,PUT,26000,2025-12-04
2025-12-04 11:14:00+05:30,31.1,31.1,30.15,30.2,105600,4493175,9.31,26077.05,25850.0,25750,ATM-5,PUT,26000,2025-12-04
2025-12-04 11:15:00+05:30,23.05,23.75,23.05,23.55,110775,6353625,9.42,26070.5,25800.0,25750,ATM-5,PUT,26000,2025-12-04
2025-12-04 11:16:00+05:30,23.4,23.65,23.2,23.2,116700,6391575,9.42,26073.05,25800.0,25750,ATM-5,PUT,26000,2025-12-04
2025-12-04 11:17:00+05:30,30.4,31.0,30.2,30.35,96600,4461675,9.3,26075.6,25850.0,25750,ATM-5,PUT,26000,2025-12-04
2025-12-04 11:18:00+05:30,23.2,24.3,23.05,23.95,190125,6391575,9.43,26068.0,25800.0,25750,ATM-5,PUT,26000,2025-12-04
2025-12-04 11:19:00+05:30,23.8,23.9,23.45,23.6,118575,6378075,9.39,26070.3,25800.0,25750,ATM-5,PUT,26000,2025-12-04
2025-12-04 11:20:00+05:30,23.7,24.4,23.7,23.85,204675,6378075,9.35,26065.55,25800.0,25750,ATM-5,PUT,26000,2025-12-04
2025-12-04 11:21:00+05:30,24.0,24.15,23.4,23.65,158550,6378075,9.37,26068.1,25800.0,25750,ATM-5,PUT,26000,2025-12-04
2025-12-04 11:22:00+05:30,23.6,23.9,23.2,23.6,183525,6419325,9.39,26069.4,25800.0,25750,ATM-5,PUT,26000,2025-12-04
2025-12-04 11:23:00+05:30,23.65,24.5,23.5,24.4,210375,6419325,9.37,26064.3,25800.0,25750,ATM-5,PUT,26000,2025-12-04
2025-12-04 11:24:00+05:30,24.35,25.0,24.0,24.1,193875,6419325,9.35,26063.15,25800.0,25750,ATM-5,PUT,26000,2025-12-04
2025-12-04 11:25:00+05:30,24.0,24.2,23.4,23.55,134100,6370950,9.36,26067.9,25800.0,25750,ATM-5,PUT,26000,2025-12-04
2025-12-04 11:26:00+05:30,23.65,24.55,23.65,24.0,101100,6370950,9.39,26066.15,25800.0,25750,ATM-5,PUT,26000,2025-12-04
2025-12-04 11:27:00+05:30,24.05,25.15,23.85,25.0,98700,6370950,9.44,26063.35,25800.0,25750,ATM-5,PUT,26000,2025-12-04
2025-12-04 11:28:00+05:30,24.9,25.2,24.55,24.75,200925,6370350,9.41,26062.6,25800.0,25750,ATM-5,PUT,26000,2025-12-04
2025-12-04 11:29:00+05:30,24.8,24.95,24.6,24.8,94650,6370350,9.32,26060.6,25800.0,25750,ATM-5,PUT,26000,2025-12-04
2025-12-04 11:30:00+05:30,25.65,25.9,24.75,24.9,250800,6370350,9.4,26060.35,25800.0,25750,ATM-5,PUT,26000,2025-12-04
2025-12-04 11:31:00+05:30,24.85,25.35,24.1,25.05,221025,6382050,9.4,26060.0,25800.0,25750,ATM-5,PUT,26000,2025-12-04
2025-12-04 11:32:00+05:30,25.2,25.45,24.8,25.1,161100,6382050,9.41,26060.25,25800.0,25750,ATM-5,PUT,26000,2025-12-04
2025-12-04 11:33:00+05:30,25.2,25.3,24.3,24.7,122850,6382050,9.4,26063.2,25800.0,25750,ATM-5,PUT,26000,2025-12-04
2025-12-04 11:34:00+05:30,24.8,25.55,24.5,25.0,204450,6424350,9.42,26061.3,25800.0,25750,ATM-5,PUT,26000,2025-12-04
2025-12-04 11:35:00+05:30,25.0,25.15,24.6,24.6,107250,6424350,9.36,26060.7,25800.0,25750,ATM-5,PUT,26000,2025-12-04
2025-12-04 11:36:00+05:30,24.6,25.1,24.4,24.6,228450,6424350,9.33,26060.55,25800.0,25750,ATM-5,PUT,26000,2025-12-04
2025-12-04 11:37:00+05:30,24.85,25.8,24.7,25.75,339675,6502425,9.36,26052.9,25800.0,25750,ATM-5,PUT,26000,2025-12-04
2025-12-04 11:38:00+05:30,25.6,28.6,25.1,27.75,699450,6502425,9.31,26039.35,25800.0,25750,ATM-5,PUT,26000,2025-12-04
2025-12-04 11:39:00+05:30,27.7,28.75,27.5,28.05,393675,6502425,9.24,26034.75,25800.0,25750,ATM-5,PUT,26000,2025-12-04
2025-12-04 11:40:00+05:30,28.2,28.3,27.05,27.5,414300,6690375,9.27,26038.15,25800.0,25750,ATM-5,PUT,26000,2025-12-04
2025-12-04 11:41:00+05:30,27.35,29.1,27.0,29.05,574125,6690375,9.34,26033.45,25800.0,25750,ATM-5,PUT,26000,2025-12-04
2025-12-04 11:42:00+05:30,28.65,29.85,28.6,29.55,679875,6690375,9.32,26028.2,25800.0,25750,ATM-5,PUT,26000,2025-12-04
2025-12-04 11:43:00+05:30,22.0,22.7,21.9,22.5,161100,4014450,9.36,26023.45,25750.0,25750,ATM-5,PUT,26000,2025-12-04
2025-12-04 11:44:00+05:30,29.75,29.75,29.05,29.45,221025,6765225,9.26,26028.8,25800.0,25750,ATM-5,PUT,26000,2025-12-04
2025-12-04 11:45:00+05:30,22.2,24.4,22.0,24.15,319875,4014450,9.4,26015.15,25750.0,25750,ATM-5,PUT,26000,2025-12-04
2025-12-04 11:46:00+05:30,31.65,31.9,29.5,29.95,513975,6693525,9.27,26025.5,25800.0,25750,ATM-5,PUT,26000,2025-12-04
2025-12-04 11:47:00+05:30,29.7,30.05,29.35,29.75,217425,6693525,9.32,26028.45,25800.0,25750,ATM-5,PUT,26000,2025-12-04
2025-12-04 11:48:00+05:30,29.55,30.4,29.15,29.55,203100,6693525,9.27,26025.95,25800.0,25750,ATM-5,PUT,26000,2025-12-04
2025-12-04 11:49:00+05:30,29.6,30.3,28.55,28.75,253125,6718275,9.27,26031.3,25800.0,25750,ATM-5,PUT,26000,2025-12-04
2025-12-04 11:50:00+05:30,28.8,29.45,28.65,29.0,130950,6718275,9.25,26029.6,25800.0,25750,ATM-5,PUT,26000,2025-12-04
2025-12-04 11:51:00+05:30,21.9,23.1,21.9,22.45,190725,4084950,9.36,26022.9,25750.0,25750,ATM-5,PUT,26000,2025-12-04
2025-12-04 11:52:00+05:30,22.5,22.95,22.3,22.85,117975,4042875,9.37,26021.9,25750.0,25750,ATM-5,PUT,26000,2025-12-04
2025-12-04 11:53:00+05:30,22.8,23.25,22.6,23.1,63525,4042875,9.35,26018.35,25750.0,25750,ATM-5,PUT,26000,2025-12-04
2025-12-04 11:54:00+05:30,23.25,23.5,23.0,23.3,105525,4042875,9.33,26016.7,25750.0,25750,ATM-5,PUT,26000,2025-12-04
2025-12-04 11:55:00+05:30,30.9,30.9,29.0,29.4,250725,6762750,9.25,26028.1,25800.0,25750,ATM-5,PUT,26000,2025-12-04
2025-12-04 11:56:00+05:30,29.45,29.8,29.1,29.45,97650,6762750,9.24,26025.15,25800.0,25750,ATM-5,PUT,26000,2025-12-04
2025-12-04 11:57:00+05:30,22.25,22.85,22.1,22.85,50100,4042575,9.39,26022.55,25750.0,25750,ATM-5,PUT,26000,2025-12-04
2025-12-04 11:58:00+05:30,22.75,23.4,22.7,22.9,78450,4058025,9.35,26020.0,25750.0,25750,ATM-5,PUT,26000,2025-12-04
2025-12-04 11:59:00+05:30,22.8,23.1,22.45,22.45,59025,4058025,9.37,26024.0,25750.0,25750,ATM-5,PUT,26000,2025-12-04
2025-12-04 12:00:00+05:30,22.45,22.7,21.95,22.65,62850,4058025,9.39,26024.55,25750.0,25750,ATM-5,PUT,26000,2025-12-04
2025-12-04 12:01:00+05:30,22.4,22.6,22.0,22.25,65550,4093950,9.37,26024.9,25750.0,25750,ATM-5,PUT,26000,2025-12-04
2025-12-04 12:02:00+05:30,22.15,22.85,21.3,22.65,133500,4093950,9.39,26024.6,25750.0,25750,ATM-5,PUT,26000,2025-12-04
2025-12-04 12:03:00+05:30,29.85,29.85,28.05,28.1,171750,6893250,9.17,26031.4,25800.0,25750,ATM-5,PUT,26000,2025-12-04
2025-12-04 12:04:00+05:30,27.95,28.0,27.25,27.5,302550,6931650,9.16,26032.65,25800.0,25750,ATM-5,PUT,26000,2025-12-04
2025-12-04 12:05:00+05:30,27.65,27.7,26.5,26.8,359700,6931650,9.19,26038.45,25800.0,25750,ATM-5,PUT,26000,2025-12-04
2025-12-04 12:06:00+05:30,26.9,27.6,26.8,27.45,187425,6931650,9.17,26035.45,25800.0,25750,ATM-5,PUT,26000,2025-12-04
2025-12-04 12:07:00+05:30,27.4,27.5,25.55,25.85,264000,6919650,9.13,26040.6,25800.0,25750,ATM-5,PUT,26000,2025-12-04
2025-12-04 12:08:00+05:30,25.7,25.8,25.35,25.65,187425,6919650,9.12,26042.85,25800.0,25750,ATM-5,PUT,26000,2025-12-04
2025-12-04 12:09:00+05:30,25.45,28.45,25.4,28.0,234075,6919650,9.18,26032.0,25800.0,25750,ATM-5,PUT,26000,2025-12-04
2025-12-04 12:10:00+05:30,27.9,28.8,27.75,28.3,277500,6938775,9.1,26027.7,25800.0,25750,ATM-5,PUT,26000,2025-12-04
2025-12-04 12:11:00+05:30,21.35,22.35,21.35,22.25,105900,3993450,9.33,26023.8,25750.0,25750,ATM-5,PUT,26000,2025-12-04
2025-12-04 12:12:00+05:30,29.3,29.9,28.2,28.35,267450,6938775,9.13,26027.3,25800.0,25750,ATM-5,PUT,26000,2025-12-04
2025-12-04 12:13:00+05:30,28.45,28.6,27.55,28.05,162150,6998775,9.1,26026.8,25800.0,25750,ATM-5,PUT,26000,2025-12-04
2025-12-04 12:14:00+05:30,27.8,28.0,27.1,27.95,106050,6998775,9.09,26028.15,25800.0,25750,ATM-5,PUT,26000,2025-12-04
2025-12-04 12:15:00+05:30,20.85,22.45,20.85,22.4,109875,3993300,9.24,26017.8,25750.0,25750,ATM-5,PUT,26000,2025-12-04
2025-12-04 12:16:00+05:30,22.15,22.6,21.6,21.7,99000,4003725,9.19,26021.65,25750.0,25750,ATM-5,PUT,26000,2025-12-04
2025-12-04 12:17:00+05:30,21.75,21.8,21.1,21.55,73875,4003725,9.22,26023.0,25750.0,25750,ATM-5,PUT,26000,2025-12-04
2025-12-04 12:18:00+05:30,21.8,21.9,21.5,21.65,71100,4003725,9.22,26022.65,25750.0,25750,ATM-5,PUT,26000,2025-12-04
2025-12-04 12:19:00+05:30,21.55,22.35,21.4,22.25,58125,3996900,9.21,26018.15,25750.0,25750,ATM-5,PUT,26000,2025-12-04
2025-12-04 12:20:00+05:30,22.2,23.85,21.85,23.85,174525,3996900,9.21,26006.95,25750.0,25750,ATM-5,PUT,26000,2025-12-04
2025-12-04 12:21:00+05:30,24.0,24.25,22.75,22.8,296250,3996900,9.16,26012.15,25750.0,25750,ATM-5,PUT,26000,2025-12-04
2025-12-04 12:22:00+05:30,22.55,23.25,22.55,22.7,123825,3972750,9.24,26015.1,25750.0,25750,ATM-5,PUT,26000,2025-12-04
2025-12-04 12:23:00+05:30,22.6,22.7,21.95,22.15,86175,3972750,9.19,26015.85,25750.0,25750,ATM-5,PUT,26000,2025-12-04
2025-12-04 12:24:00+05:30,22.35,22.6,22.05,22.05,55125,3972750,9.24,26019.5,25750.0,25750,ATM-5,PUT,26000,2025-12-04
2025-12-04 12:25:00+05:30,22.05,22.2,21.05,21.05,77700,3974700,9.19,26024.4,25750.0,25750,ATM-5,PUT,26000,2025-12-04
2025-12-04 12:26:00+05:30,21.05,21.65,20.95,21.15,89550,3974700,9.19,26024.5,25750.0,25750,ATM-5,PUT,26000,2025-12-04
2025-12-04 12:27:00+05:30,28.0,29.0,28.0,28.15,109275,7033275,9.07,26025.65,25800.0,25750,ATM-5,PUT,26000,2025-12-04
2025-12-04 12:28:00+05:30,28.2,28.3,26.65,26.95,351750,7041375,9.01,26028.9,25800.0,25750,ATM-5,PUT,26000,2025-12-04
2025-12-04 12:29:00+05:30,20.4,21.95,20.25,21.5,262950,3966750,9.24,26024.25,25750.0,25750,ATM-5,PUT,26000,2025-12-04
2025-12-04 12:30:00+05:30,28.5,29.25,27.9,27.95,131925,7041375,9.06,26026.8,25800.0,25750,ATM-5,PUT,26000,2025-12-04
2025-12-04 12:31:00+05:30,28.05,28.8,27.8,28.75,75000,7055325,9.17,26025.35,25800.0,25750,ATM-5,PUT,26000,2025-12-04
2025-12-04 12:32:00+05:30,21.4,21.75,21.0,21.4,48900,3967200,9.22,26024.35,25750.0,25750,ATM-5,PUT,26000,2025-12-04
2025-12-04 12:33:00+05:30,28.45,28.55,27.8,27.8,90375,7055325,9.12,26029.0,25800.0,25750,ATM-5,PUT,26000,2025-12-04
2025-12-04 12:34:00+05:30,27.7,28.5,27.6,28.3,118575,7080225,9.13,26025.9,25800.0,25750,ATM-5,PUT,26000,2025-12-04
2025-12-04 12:35:00+05:30,28.1,28.5,27.55,27.95,65250,7080225,9.12,26027.9,25800.0,25750,ATM-5,PUT,26000,2025-12-04
2025-12-04 12:36:00+05:30,27.95,28.3,27.7,28.0,76725,7080225,9.08,26026.05,25800.0,25750,ATM-5,PUT,26000,2025-12-04
2025-12-04 12:37:00+05:30,20.85,21.45,20.8,21.15,44700,3961200,9.24,26025.0,25750.0,25750,ATM-5,PUT,26000,2025-12-04
2025-12-04 12:38:00+05:30,28.3,28.65,27.55,27.75,144900,7091025,9.07,26026.65,25800.0,25750,ATM-5,PUT,26000,2025-12-04
2025-12-04 12:39:00+05:30,20.8,21.0,20.35,20.9,45825,3961200,9.16,26023.95,25750.0,25750,ATM-5,PUT,26000,2025-12-04
2025-12-04 12:40:00+05:30,20.9,21.3,20.7,21.05,46875,3967950,9.19,26025.0,25750.0,25750,ATM-5,PUT,26000,2025-12-04
2025-12-04 12:41:00+05:30,21.05,21.5,20.8,21.5,45900,3967950,9.19,26023.6,25750.0,25750,ATM-5,PUT,26000,2025-12-04
2025-12-04 12:42:00+05:30,21.5,22.35,21.5,22.35,120600,3967950,9.22,26017.2,25750.0,25750,ATM-5,PUT,26000,2025-12-04
2025-12-04 12:43:00+05:30,22.2,22.75,22.15,22.5,129975,3967950,9.15,26012.5,25750.0,25750,ATM-5,PUT,26000,2025-12-04
2025-12-04 12:44:00+05:30,22.45,23.0,22.4,22.75,94800,3949575,9.15,26009.55,25750.0,25750,ATM-5,PUT,26000,2025-12-04
2025-12-04 12:45:00+05:30,22.8,25.5,22.8,25.5,522300,3949575,9.15,25992.1,25750.0,25750,ATM-5,PUT,26000,2025-12-04
2025-12-04 12:46:00+05:30,25.0,25.0,24.1,24.5,348000,3949575,8.98,25990.7,25750.0,25750,ATM-5,PUT,26000,2025-12-04
2025-12-04 12:47:00+05:30,24.55,24.55,23.25,23.65,296325,4014300,9.03,26000.85,25750.0,25750,ATM-5,PUT,26000,2025-12-04
2025-12-04 12:48:00+05:30,24.05,24.75,23.65,24.7,132975,4014300,9.13,25997.05,25750.0,25750,ATM-5,PUT,26000,2025-12-04
2025-12-04 12:49:00+05:30,24.75,25.3,24.5,25.1,195750,4014300,9.11,25993.35,25750.0,25750,ATM-5,PUT,26000,2025-12-04
2025-12-04 12:50:00+05:30,25.0,25.15,24.4,24.65,148575,4070025,9.09,25994.45,25750.0,25750,ATM-5,PUT,26000,2025-12-04
2025-12-04 12:51:00+05:30,24.5,25.45,24.35,25.1,121800,4070025,9.15,25995.5,25750.0,25750,ATM-5,PUT,26000,2025-12-04
2025-12-04 12:52:00+05:30,25.0,26.65,25.0,26.1,232125,4070025,9.21,25991.55,25750.0,25750,ATM-5,PUT,26000,2025-12-04
2025-12-04 12:53:00+05:30,26.0,26.35,25.2,25.55,170475,4059150,9.21,25993.85,25750.0,25750,ATM-5,PUT,26000,2025-12-04
2025-12-04 12:54:00+05:30,25.45,25.85,25.0,25.45,105075,4059150,9.13,25992.85,25750.0,25750,ATM-5,PUT,26000,2025-12-04
2025-12-04 12:55:00+05:30,25.55,25.55,23.75,23.95,236325,4059150,9.18,26004.5,25750.0,25750,ATM-5,PUT,26000,2025-12-04
2025-12-04 12:56:00+05:30,24.05,24.5,23.8,23.8,153300,4169775,9.18,26005.95,25750.0,25750,ATM-5,PUT,26000,2025-12-04
2025-12-04 12:57:00+05:30,24.15,24.4,23.65,23.85,68325,4169775,9.19,26005.95,25750.0,25750,ATM-5,PUT,26000,2025-12-04
2025-12-04 12:58:00+05:30,23.9,24.9,23.55,24.3,124125,4169775,9.19,26004.05,25750.0,25750,ATM-5,PUT,26000,2025-12-04
2025-12-04 12:59:00+05:30,24.2,24.6,24.0,24.45,51975,4123275,9.19,26002.4,25750.0,25750,ATM-5,PUT,26000,2025-12-04
2025-12-04 13:00:00+05:30,24.75,25.35,24.4,24.6,176850,4123275,9.19,26001.85,25750.0,25750,ATM-5,PUT,26000,2025-12-04
2025-12-04 13:01:00+05:30,24.45,24.6,24.1,24.15,96450,4123275,9.21,26004.2,25750.0,25750,ATM-5,PUT,26000,2025-12-04
2025-12-04 13:02:00+05:30,24.45,24.7,24.05,24.55,78750,4166025,9.24,26001.3,25750.0,25750,ATM-5,PUT,26000,2025-12-04
2025-12-04 13:03:00+05:30,24.4,24.5,23.9,24.3,69600,4166025,9.22,26002.7,25750.0,25750,ATM-5,PUT,26000,2025-12-04
2025-12-04 13:04:00+05:30,24.25,24.25,23.0,23.8,117375,4166025,9.19,26005.85,25750.0,25750,ATM-5,PUT,26000,2025-12-04
2025-12-04 13:05:00+05:30,23.85,24.75,23.6,24.6,86475,4184775,9.19,26001.05,25750.0,25750,ATM-5,PUT,26000,2025-12-04
2025-12-04 13:06:00+05:30,24.65,24.65,23.6,23.9,98700,4184775,9.18,26002.2,25750.0,25750,ATM-5,PUT,26000,2025-12-04
2025-12-04 13:07:00+05:30,23.8,24.3,23.6,23.7,88800,4184775,9.13,26003.9,25750.0,25750,ATM-5,PUT,26000,2025-12-04
2025-12-04 13:08:00+05:30,23.7,24.05,23.05,23.9,92400,4219275,9.1,25999.95,25750.0,25750,ATM-5,PUT,26000,2025-12-04
2025-12-04 13:09:00+05:30,23.55,24.5,23.55,24.2,49200,4219275,9.1,25997.95,25750.0,25750,ATM-5,PUT,26000,2025-12-04
2025-12-04 13:10:00+05:30,24.3,25.4,24.25,24.85,117750,4219275,9.09,25993.15,25750.0,25750,ATM-5,PUT,26000,2025-12-04
2025-12-04 13:11:00+05:30,24.65,24.7,24.35,24.6,107475,4250250,9.07,25994.25,25750.0,25750,ATM-5,PUT,26000,2025-12-04
2025-12-04 13:12:00+05:30,24.4,24.9,23.6,24.8,143175,4250250,9.08,25993.45,25750.0,25750,ATM-5,PUT,26000,2025-12-04
2025-12-04 13:13:00+05:30,24.9,25.35,24.45,24.65,105975,4250250,9.08,25993.8,25750.0,25750,ATM-5,PUT,26000,2025-12-04
2025-12-04 13:14:00+05:30,24.55,24.75,23.05,23.65,254550,4333125,9.1,26000.8,25750.0,25750,ATM-5,PUT,26000,2025-12-04
2025-12-04 13:15:00+05:30,23.65,23.9,23.25,23.75,91125,4333125,9.13,26002.4,25750.0,25750,ATM-5,PUT,26000,2025-12-04
2025-12-04 13:16:00+05:30,23.75,23.75,23.05,23.35,72300,4333125,9.13,26003.3,25750.0,25750,ATM-5,PUT,26000,2025-12-04
2025-12-04 13:17:00+05:30,23.15,24.1,23.0,23.7,96825,4247775,9.1,26000.85,25750.0,25750,ATM-5,PUT,26000,2025-12-04
2025-12-04 13:18:00+05:30,23.6,23.8,22.95,23.55,142200,4247775,9.08,26001.5,25750.0,25750,ATM-5,PUT,26000,2025-12-04
2025-12-04 13:19:00+05:30,23.7,25.15,23.45,24.7,78450,4247775,9.11,25995.65,25750.0,25750,ATM-5,PUT,26000,2025-12-04
2025-12-04 13:20:00+05:30,24.6,24.9,23.5,23.55,96450,4228425,9.09,26001.5,25750.0,25750,ATM-5,PUT,26000,2025-12-04
2025-12-04 13:21:00+05:30,23.6,23.9,23.25,23.25,57525,4228425,9.17,26006.85,25750.0,25750,ATM-5,PUT,26000,2025-12-04
2025-12-04 13:22:00+05:30,23.15,23.35,21.65,21.75,213000,4228425,9.13,26016.15,25750.0,25750,ATM-5,PUT,26000,2025-12-04
2025-12-04 13:23:00+05:30,21.8,21.9,21.2,21.45,194325,4216275,9.11,26017.05,25750.0,25750,ATM-5,PUT,26000,2025-12-04
2025-12-04 13:24:00+05:30,21.6,22.0,20.65,20.7,143400,4216275,9.06,26017.85,25750.0,25750,ATM-5,PUT,26000,2025-12-04
2025-12-04 13:25:00+05:30,20.75,21.55,20.55,21.55,114600,4216275,9.13,26016.25,25750.0,25750,ATM-5,PUT,26000,2025-12-04
2025-12-04 13:26:00+05:30,21.3,21.75,20.95,21.55,133725,4210500,9.17,26018.15,25750.0,25750,ATM-5,PUT,26000,2025-12-04
2025-12-04 13:27:00+05:30,21.4,21.45,20.8,21.25,96750,4210500,9.17,26018.95,25750.0,25750,ATM-5,PUT,26000,2025-12-04
2025-12-04 13:28:00+05:30,21.35,21.95,21.1,21.9,75675,4210500,9.17,26016.8,25750.0,25750,ATM-5,PUT,26000,2025-12-04
2025-12-04 13:29:00+05:30,21.95,21.95,21.4,21.5,70275,4185825,9.21,26015.7,25750.0,25750,ATM-5,PUT,26000,2025-12-04
2025-12-04 13:30:00+05:30,21.25,21.7,20.2,21.55,132375,4185825,9.11,26015.3,25750.0,25750,ATM-5,PUT,26000,2025-12-04
2025-12-04 13:31:00+05:30,21.75,22.05,21.4,21.85,65400,4185825,9.1,26013.6,25750.0,25750,ATM-5,PUT,26000,2025-12-04
2025-12-04 13:32:00+05:30,21.65,22.6,21.5,22.0,126675,4168500,9.09,26011.8,25750.0,25750,ATM-5,PUT,26000,2025-12-04
2025-12-04 13:33:00+05:30,22.0,22.5,22.0,22.25,70425,4168500,9.04,26008.95,25750.0,25750,ATM-5,PUT,26000,2025-12-04
2025-12-04 13:34:00+05:30,22.2,23.8,22.15,23.75,105825,4168500,9.15,26002.4,25750.0,25750,ATM-5,PUT,26000,2025-12-04
2025-12-04 13:35:00+05:30,23.8,25.2,23.75,24.8,252225,4169250,9.04,25990.4,25750.0,25750,ATM-5,PUT,26000,2025-12-04
2025-12-04 13:36:00+05:30,25.15,25.95,24.9,25.8,444750,4169250,8.93,25979.5,25750.0,25750,ATM-5,PUT,26000,2025-12-04
2025-12-04 13:37:00+05:30,25.6,26.5,25.15,25.8,330675,4169250,8.85,25976.3,25750.0,25750,ATM-5,PUT,26000,2025-12-04
2025-12-04 13:38:00+05:30,25.7,25.85,24.65,25.05,213975,4266225,8.87,25981.75,25750.0,25750,ATM-5,PUT,26000,2025-12-04
2025-12-04 13:39:00+05:30,25.4,25.95,25.2,25.7,94050,4266225,8.93,25980.55,25750.0,25750,ATM-5,PUT,26000,2025-12-04
2025-12-04 13:40:00+05:30,25.75,26.45,25.6,26.1,121200,4266225,8.94,25978.35,25750.0,25750,ATM-5,PUT,26000,2025-12-04
2025-12-04 13:41:00+05:30,19.75,22.0,19.75,21.55,622050,5550750,9.16,25964.95,25700.0,25750,ATM-5,PUT,26000,2025-12-04
2025-12-04 13:42:00+05:30,21.65,21.75,20.1,20.35,320100,5550750,9.12,25973.25,25700.0,25750,ATM-5,PUT,26000,2025-12-04
2025-12-04 13:43:00+05:30,20.2,21.1,19.85,20.85,449475,5550750,9.19,25972.9,25700.0,25750,ATM-5,PUT,26000,2025-12-04
2025-12-04 13:44:00+05:30,27.75,27.85,26.9,27.15,158175,4300350,9.02,25976.3,25750.0,25750,ATM-5,PUT,26000,2025-12-04
2025-12-04 13:45:00+05:30,20.55,21.2,20.55,20.85,423450,5409975,9.16,25972.8,25700.0,25750,ATM-5,PUT,26000,2025-12-04
2025-12-04 13:46:00+05:30,27.75,27.75,26.5,26.65,136050,4300350,8.95,25976.05,25750.0,25750,ATM-5,PUT,26000,2025-12-04
2025-12-04 13:47:00+05:30,26.65,27.2,26.45,26.65,75825,4311825,9.01,25978.2,25750.0,25750,ATM-5,PUT,26000,2025-12-04
2025-12-04 13:48:00+05:30,26.7,27.4,26.05,26.1,83325,4311825,8.94,25979.4,25750.0,25750,ATM-5,PUT,26000,2025-12-04
2025-12-04 13:49:00+05:30,26.0,26.7,25.75,26.25,90000,4311825,8.98,25978.65,25750.0,25750,ATM-5,PUT,26000,2025-12-04
2025-12-04 13:50:00+05:30,26.35,26.5,25.75,26.1,77400,4325100,8.94,25978.55,25750.0,25750,ATM-5,PUT,26000,2025-12-04
2025-12-04 13:51:00+05:30,26.2,26.55,25.5,26.15,209175,4325100,9.01,25980.5,25750.0,25750,ATM-5,PUT,26000,2025-12-04
2025-12-04 13:52:00+05:30,26.1,26.8,25.8,26.0,98475,4325100,8.99,25981.55,25750.0,25750,ATM-5,PUT,26000,2025-12-04
2025-12-04 13:53:00+05:30,19.8,20.8,19.5,20.15,82650,5418900,9.13,25974.85,25700.0,25750,ATM-5,PUT,26000,2025-12-04
2025-12-04 13:54:00+05:30,26.75,27.1,26.25,26.6,64275,4319400,8.94,25975.55,25750.0,25750,ATM-5,PUT,26000,2025-12-04
2025-12-04 13:55:00+05:30,19.95,21.05,19.95,20.65,221850,5418900,9.13,25971.95,25700.0,25750,ATM-5,PUT,26000,2025-12-04
2025-12-04 13:56:00+05:30,20.5,20.7,19.95,20.45,103800,5471625,9.13,25974.4,25700.0,25750,ATM-5,PUT,26000,2025-12-04
2025-12-04 13:57:00+05:30,26.95,28.25,26.7,26.8,101625,4323300,8.97,25975.8,25750.0,25750,ATM-5,PUT,26000,2025-12-04
2025-12-04 13:58:00+05:30,20.2,20.7,19.8,20.35,134625,5471625,9.13,25974.05,25700.0,25750,ATM-5,PUT,26000,2025-12-04
2025-12-04 13:59:00+05:30,20.35,20.45,20.1,20.4,60075,5471925,9.13,25973.3,25700.0,25750,ATM-5,PUT,26000,2025-12-04
2025-12-04 14:00:00+05:30,20.5,21.15,20.2,20.2,150225,5471925,9.09,25972.3,25700.0,25750,ATM-5,PUT,26000,2025-12-04
2025-12-04 14:01:00+05:30,26.85,27.1,24.75,26.0,210750,4351425,8.99,25979.95,25750.0,25750,ATM-5,PUT,26000,2025-12-04
2025-12-04 14:02:00+05:30,25.9,25.9,24.75,25.75,118275,4371675,8.98,25980.35,25750.0,25750,ATM-5,PUT,26000,2025-12-04
2025-12-04 14:03:00+05:30,25.7,27.25,25.4,26.05,122325,4371675,8.98,25978.75,25750.0,25750,ATM-5,PUT,26000,2025-12-04
2025-12-04 14:04:00+05:30,25.95,25.95,24.3,24.45,113325,4371675,8.94,25986.7,25750.0,25750,ATM-5,PUT,26000,2025-12-04
2025-12-04 14:05:00+05:30,24.65,26.2,24.55,25.5,135825,4363875,8.95,25980.35,25750.0,25750,ATM-5,PUT,26000,2025-12-04
2025-12-04 14:06:00+05:30,25.6,25.85,25.05,25.15,175650,4363875,8.94,25982.0,25750.0,25750,ATM-5,PUT,26000,2025-12-04
2025-12-04 14:07:00+05:30,25.1,25.1,22.95,22.95,212925,4363875,8.97,25998.25,25750.0,25750,ATM-5,PUT,26000,2025-12-04
2025-12-04 14:08:00+05:30,23.3,23.7,22.8,23.4,194175,4370775,9.1,26001.55,25750.0,25750,ATM-5,PUT,26000,2025-12-04
2025-12-04 14:09:00+05:30,23.35,23.65,22.85,23.25,267675,4370775,9.11,26005.6,25750.0,25750,ATM-5,PUT,26000,2025-12-04
2025-12-04 14:10:00+05:30,23.35,23.4,21.0,22.0,588375,4370775,9.26,26017.4,25750.0,25750,ATM-5,PUT,26000,2025-12-04
2025-12-04 14:11:00+05:30,21.7,23.15,21.35,22.6,252375,4365525,9.13,26007.55,25750.0,25750,ATM-5,PUT,26000,2025-12-04
2025-12-04 14:12:00+05:30,22.65,22.95,22.15,22.2,96900,4365525,9.12,26009.2,25750.0,25750,ATM-5,PUT,26000,2025-12-04
2025-12-04 14:13:00+05:30,22.15,22.85,21.95,22.4,136725,4365525,9.03,26004.15,25750.0,25750,ATM-5,PUT,26000,2025-12-04
2025-12-04 14:14:00+05:30,22.45,22.75,22.1,22.65,80400,4328250,9.06,26004.05,25750.0,25750,ATM-5,PUT,26000,2025-12-04
2025-12-04 14:15:00+05:30,22.4,23.1,22.05,22.8,64275,4328250,9.02,26001.75,25750.0,25750,ATM-5,PUT,26000,2025-12-04
2025-12-04 14:16:00+05:30,22.8,23.5,22.55,22.7,121500,4328250,9.02,26001.6,25750.0,25750,ATM-5,PUT,26000,2025-12-04
2025-12-04 14:17:00+05:30,22.55,22.7,21.35,21.4,168975,4311900,9.0,26009.45,25750.0,25750,ATM-5,PUT,26000,2025-12-04
2025-12-04 14:18:00+05:30,21.4,22.1,21.3,21.7,53625,4311900,9.02,26008.75,25750.0,25750,ATM-5,PUT,26000,2025-12-04
2025-12-04 14:19:00+05:30,21.7,22.95,21.7,22.95,96075,4311900,9.02,26001.0,25750.0,25750,ATM-5,PUT,26000,2025-12-04
2025-12-04 14:20:00+05:30,22.9,23.5,22.65,23.15,115275,4297650,9.0,25997.45,25750.0,25750,ATM-5,PUT,26000,2025-12-04
2025-12-04 14:21:00+05:30,23.35,24.45,23.05,23.55,154050,4297650,8.99,25995.0,25750.0,25750,ATM-5,PUT,26000,2025-12-04
2025-12-04 14:22:00+05:30,23.65,23.9,22.5,22.9,205650,4297650,8.92,25995.3,25750.0,25750,ATM-5,PUT,26000,2025-12-04
2025-12-04 14:23:00+05:30,22.85,23.0,20.95,21.1,173025,4259475,8.9,26007.0,25750.0,25750,ATM-5,PUT,26000,2025-12-04
2025-12-04 14:24:00+05:30,20.8,22.45,20.75,22.45,123825,4259475,9.0,26002.25,25750.0,25750,ATM-5,PUT,26000,2025-12-04
2025-12-04 14:25:00+05:30,22.4,22.6,21.95,21.95,53025,4259475,8.91,26000.7,25750.0,25750,ATM-5,PUT,26000,2025-12-04
2025-12-04 14:26:00+05:30,22.2,22.2,21.3,21.7,69750,4260225,8.97,26006.75,25750.0,25750,ATM-5,PUT,26000,2025-12-04
2025-12-04 14:27:00+05:30,21.8,22.0,21.1,21.5,87450,4260225,8.95,26007.5,25750.0,25750,ATM-5,PUT,26000,2025-12-04
2025-12-04 14:28:00+05:30,21.55,21.9,21.35,21.55,101325,4260225,8.94,26006.15,25750.0,25750,ATM-5,PUT,26000,2025-12-04
2025-12-04 14:29:00+05:30,21.55,21.6,20.5,20.75,129600,4317975,9.01,26014.0,25750.0,25750,ATM-5,PUT,26000,2025-12-04
2025-12-04 14:30:00+05:30,20.65,21.55,20.1,21.35,158925,4317975,9.12,26016.25,25750.0,25750,ATM-5,PUT,26000,2025-12-04
2025-12-04 14:31:00+05:30,21.25,21.7,20.85,21.05,91125,4317975,9.09,26015.55,25750.0,25750,ATM-5,PUT,26000,2025-12-04
2025-12-04 14:32:00+05:30,21.05,22.2,20.85,21.8,97425,4310775,9.03,26008.7,25750.0,25750,ATM-5,PUT,26000,2025-12-04
2025-12-04 14:33:00+05:30,21.75,21.75,21.0,21.0,43875,4310775,8.98,26010.1,25750.0,25750,ATM-5,PUT,26000,2025-12-04
2025-12-04 14:34:00+05:30,21.05,21.4,20.95,21.3,28575,4310775,8.95,26008.95,25750.0,25750,ATM-5,PUT,26000,2025-12-04
2025-12-04 14:35:00+05:30,21.4,22.65,21.3,22.15,64800,4313850,8.98,26003.8,25750.0,25750,ATM-5,PUT,26000,2025-12-04
2025-12-04 14:36:00+05:30,22.1,22.5,21.5,22.1,101550,4313850,8.93,26000.4,25750.0,25750,ATM-5,PUT,26000,2025-12-04
2025-12-04 14:37:00+05:30,22.05,22.15,21.6,21.6,93750,4313850,8.92,26004.1,25750.0,25750,ATM-5,PUT,26000,2025-12-04
2025-12-04 14:38:00+05:30,21.6,21.6,20.35,20.55,99525,4292100,8.97,26013.55,25750.0,25750,ATM-5,PUT,26000,2025-12-04
2025-12-04 14:39:00+05:30,20.6,20.6,19.85,20.2,135225,4292100,8.93,26013.75,25750.0,25750,ATM-5,PUT,26000,2025-12-04
2025-12-04 14:40:00+05:30,20.2,20.25,19.9,20.15,86475,4292100,8.98,26017.5,25750.0,25750,ATM-5,PUT,26000,2025-12-04
2025-12-04 14:41:00+05:30,20.0,20.45,19.8,20.45,97275,4254675,8.98,26015.45,25750.0,25750,ATM-5,PUT,26000,2025-12-04
2025-12-04 14:42:00+05:30,20.3,21.05,19.6,20.8,94800,4254675,9.02,26015.5,25750.0,25750,ATM-5,PUT,26000,2025-12-04
2025-12-04 14:43:00+05:30,20.65,21.2,20.25,20.75,72525,4254675,8.87,26007.85,25750.0,25750,ATM-5,PUT,26000,2025-12-04
2025-12-04 14:44:00+05:30,20.8,21.15,20.6,20.9,83775,4264950,8.75,26000.6,25750.0,25750,ATM-5,PUT,26000,2025-12-04
2025-12-04 14:45:00+05:30,21.25,22.55,20.85,22.1,233850,4264950,8.75,25992.35,25750.0,25750,ATM-5,PUT,26000,2025-12-04
2025-12-04 14:46:00+05:30,22.3,22.75,21.65,22.25,139500,4264950,8.7,25988.7,25750.0,25750,ATM-5,PUT,26000,2025-12-04
2025-12-04 14:47:00+05:30,22.1,22.45,20.55,21.0,212325,4299150,8.82,26001.55,25750.0,25750,ATM-5,PUT,26000,2025-12-04
2025-12-04 14:48:00+05:30,21.2,21.7,20.75,21.25,117375,4299150,8.86,26003.3,25750.0,25750,ATM-5,PUT,26000,2025-12-04
2025-12-04 14:49:00+05:30,21.2,21.55,21.0,21.3,66675,4299150,8.93,26003.65,25750.0,25750,ATM-5,PUT,26000,2025-12-04
2025-12-04 14:50:00+05:30,21.2,21.55,19.6,19.65,133575,4306425,8.86,26014.1,25750.0,25750,ATM-5,PUT,26000,2025-12-04
2025-12-04 14:51:00+05:30,19.8,20.1,19.35,19.4,159075,4306425,8.9,26018.15,25750.0,25750,ATM-5,PUT,26000,2025-12-04
2025-12-04 14:52:00+05:30,26.45,26.6,24.55,25.0,454050,6613500,8.78,26026.15,25800.0,25750,ATM-5,PUT,26000,2025-12-04
2025-12-04 14:53:00+05:30,18.45,18.85,18.2,18.6,184875,4220925,8.91,26023.0,25750.0,25750,ATM-5,PUT,26000,2025-12-04
2025-12-04 14:54:00+05:30,25.35,25.65,24.5,24.8,380700,6494775,8.74,26025.05,25800.0,25750,ATM-5,PUT,26000,2025-12-04
2025-12-04 14:55:00+05:30,24.75,25.2,24.2,24.3,251700,6494775,8.77,26029.45,25800.0,25750,ATM-5,PUT,26000,2025-12-04
2025-12-04 14:56:00+05:30,24.35,24.35,22.25,22.25,523425,6414675,8.72,26039.65,25800.0,25750,ATM-5,PUT,26000,2025-12-04
2025-12-04 14:57:00+05:30,22.65,23.65,22.65,23.45,399150,6414675,8.79,26036.45,25800.0,25750,ATM-5,PUT,26000,2025-12-04
2025-12-04 14:58:00+05:30,23.6,23.65,22.65,22.7,277200,6414675,8.79,26039.35,25800.0,25750,ATM-5,PUT,26000,2025-12-04
2025-12-04 14:59:00+05:30,22.8,23.1,22.0,22.9,519975,6343650,8.88,26043.25,25800.0,25750,ATM-5,PUT,26000,2025-12-04
2025-12-04 15:00:00+05:30,22.9,22.9,21.5,21.7,621600,6343650,8.82,26048.45,25800.0,25750,ATM-5,PUT,26000,2025-12-04
2025-12-04 15:01:00+05:30,21.8,22.45,21.05,21.55,705750,6343650,8.84,26050.5,25800.0,25750,ATM-5,PUT,26000,2025-12-04
2025-12-04 15:02:00+05:30,21.65,21.65,20.5,20.95,316500,6213225,8.89,26057.65,25800.0,25750,ATM-5,PUT,26000,2025-12-04
2025-12-04 15:03:00+05:30,20.95,21.9,20.8,21.7,242850,6213225,8.79,26047.5,25800.0,25750,ATM-5,PUT,26000,2025-12-04
2025-12-04 15:04:00+05:30,21.8,21.8,21.2,21.35,342075,6213225,8.79,26049.4,25800.0,25750,ATM-5,PUT,26000,2025-12-04
2025-12-04 15:05:00+05:30,21.35,21.65,21.0,21.1,541425,6428775,8.83,26052.75,25800.0,25750,ATM-5,PUT,26000,2025-12-04
2025-12-04 15:06:00+05:30,21.15,21.5,20.85,21.4,234900,6428775,8.86,26052.85,25800.0,25750,ATM-5,PUT,26000,2025-12-04
2025-12-04 15:07:00+05:30,21.6,21.8,21.45,21.5,306300,6428775,8.9,26052.95,25800.0,25750,ATM-5,PUT,26000,2025-12-04
2025-12-04 15:08:00+05:30,21.55,22.4,21.55,21.65,462675,6474900,8.87,26051.35,25800.0,25750,ATM-5,PUT,26000,2025-12-04
2025-12-04 15:09:00+05:30,21.8,22.15,21.55,22.05,152775,6474900,8.82,26046.6,25800.0,25750,ATM-5,PUT,26000,2025-12-04
2025-12-04 15:10:00+05:30,22.05,22.35,21.6,21.6,310050,6474900,8.89,26051.4,25800.0,25750,ATM-5,PUT,26000,2025-12-04
2025-12-04 15:11:00+05:30,21.65,21.65,21.1,21.4,347550,6503925,8.87,26053.4,25800.0,25750,ATM-5,PUT,26000,2025-12-04
2025-12-04 15:12:00+05:30,21.5,21.9,21.3,21.45,241350,6503925,8.73,26045.1,25800.0,25750,ATM-5,PUT,26000,2025-12-04
2025-12-04 15:13:00+05:30,21.45,21.8,21.05,21.3,264600,6503925,8.6,26041.35,25800.0,25750,ATM-5,PUT,26000,2025-12-04
2025-12-04 15:14:00+05:30,21.3,21.55,21.15,21.5,242550,6414525,8.57,26037.7,25800.0,25750,ATM-5,PUT,26000,2025-12-04
2025-12-04 15:15:00+05:30,21.55,22.35,21.5,22.0,429750,6414525,8.6,26036.65,25800.0,25750,ATM-5,PUT,26000,2025-12-04
2025-12-04 15:16:00+05:30,21.95,22.5,21.7,22.15,417675,6414525,8.55,26032.25,25800.0,25750,ATM-5,PUT,26000,2025-12-04
2025-12-04 15:17:00+05:30,22.0,22.5,21.65,22.5,207975,6411225,8.5,26027.65,25800.0,25750,ATM-5,PUT,26000,2025-12-04
2025-12-04 15:18:00+05:30,22.45,23.0,21.5,21.5,516675,6411225,8.45,26031.0,25800.0,25750,ATM-5,PUT,26000,2025-12-04
2025-12-04 15:19:00+05:30,21.65,21.65,20.3,20.5,487125,6411225,8.49,26040.9,25800.0,25750,ATM-5,PUT,26000,2025-12-04
2025-12-04 15:20:00+05:30,20.75,21.6,20.75,20.95,442800,6402750,8.36,26032.5,25800.0,25750,ATM-5,PUT,26000,2025-12-04
2025-12-04 15:21:00+05:30,21.0,21.45,20.8,21.45,206550,6402750,8.44,26031.0,25800.0,25750,ATM-5,PUT,26000,2025-12-04
2025-12-04 15:22:00+05:30,15.35,15.9,15.1,15.85,162225,3760050,8.52,26023.95,25750.0,25750,ATM-5,PUT,26000,2025-12-04
2025-12-04 15:23:00+05:30,22.15,22.15,21.35,21.9,350850,6371175,8.46,26032.1,25800.0,25750,ATM-5,PUT,26000,2025-12-04
2025-12-04 15:24:00+05:30,21.65,21.8,21.05,21.45,239250,6371175,8.41,26030.45,25800.0,25750,ATM-5,PUT,26000,2025-12-04
2025-12-04 15:25:00+05:30,21.5,21.6,21.15,21.6,267825,6371175,8.36,26026.4,25800.0,25750,ATM-5,PUT,26000,2025-12-04
2025-12-04 15:26:00+05:30,15.65,15.7,15.25,15.55,126900,3745725,8.45,26023.95,25750.0,25750,ATM-5,PUT,26000,2025-12-04
2025-12-04 15:27:00+05:30,15.65,15.7,15.3,15.4,155475,3745725,8.45,26018.75,25750.0,25750,ATM-5,PUT,26000,2025-12-04
2025-12-04 15:28:00+05:30,15.45,15.5,15.25,15.4,161400,3745725,8.26,26015.6,25750.0,25750,ATM-5,PUT,26000,2025-12-04
2025-12-04 15:29:00+05:30,15.5,15.55,15.1,15.35,210975,3728550,8.27,26017.1,25750.0,25750,ATM-5,PUT,26000,2025-12-04
2025-12-04 09:15:00+05:30,258.65,273.7,249.7,255.5,25200,96600,6.9,25950.75,25750.0,25800,ATM-4,CALL,26000,2025-12-04
2025-12-04 09:16:00+05:30,255.5,266.6,252.2,265.7,18900,96600,7.65,25955.15,25750.0,25800,ATM-4,CALL,26000,2025-12-04
2025-12-04 09:17:00+05:30,264.0,273.5,262.7,273.1,18150,96600,8.27,25959.1,25750.0,25800,ATM-4,CALL,26000,2025-12-04
2025-12-04 09:18:00+05:30,271.7,275.05,268.0,269.65,23625,117150,7.91,25958.5,25750.0,25800,ATM-4,CALL,26000,2025-12-04
2025-12-04 09:19:00+05:30,269.6,272.85,258.2,259.65,22200,117150,7.55,25949.55,25750.0,25800,ATM-4,CALL,26000,2025-12-04
2025-12-04 09:20:00+05:30,258.0,261.4,257.0,257.0,9300,117150,7.42,25948.6,25750.0,25800,ATM-4,CALL,26000,2025-12-04
2025-12-04 09:21:00+05:30,258.8,267.1,256.9,267.1,16800,117150,7.73,25955.4,25750.0,25800,ATM-4,CALL,26000,2025-12-04
2025-12-04 09:22:00+05:30,266.7,271.15,260.0,270.65,12150,132975,7.72,25961.85,25750.0,25800,ATM-4,CALL,26000,2025-12-04
2025-12-04 09:23:00+05:30,233.0,254.1,231.95,251.3,304125,1092900,8.06,25985.45,25800.0,25800,ATM-4,CALL,26000,2025-12-04
2025-12-04 09:24:00+05:30,250.0,262.0,246.8,259.4,300075,1092900,8.4,25992.65,25800.0,25800,ATM-4,CALL,26000,2025-12-04
2025-12-04 09:25:00+05:30,256.6,258.95,246.8,250.0,182250,1069575,8.49,25977.6,25800.0,25800,ATM-4,CALL,26000,2025-12-04
2025-12-04 09:26:00+05:30,250.0,257.0,247.5,254.7,70875,1069575,8.85,25979.2,25800.0,25800,ATM-4,CALL,26000,2025-12-04
2025-12-04 09:27:00+05:30,254.55,260.4,248.15,258.45,89625,1069575,8.66,25986.25,25800.0,25800,ATM-4,CALL,26000,2025-12-04
2025-12-04 09:28:00+05:30,257.65,260.9,256.25,258.15,91800,1053225,8.35,25990.8,25800.0,25800,ATM-4,CALL,26000,2025-12-04
2025-12-04 09:29:00+05:30,258.4,266.7,257.1,265.6,128925,1053225,8.73,25995.85,25800.0,25800,ATM-4,CALL,26000,2025-12-04
2025-12-04 09:30:00+05:30,265.15,267.2,261.1,264.05,98775,1053225,8.32,25997.05,25800.0,25800,ATM-4,CALL,26000,2025-12-04
2025-12-04 09:31:00+05:30,263.65,269.6,261.4,264.55,91950,1063200,8.5,25995.95,25800.0,25800,ATM-4,CALL,26000,2025-12-04
2025-12-04 09:32:00+05:30,263.7,264.55,249.8,255.45,127575,1063200,8.58,25983.85,25800.0,25800,ATM-4,CALL,26000,2025-12-04
2025-12-04 09:33:00+05:30,256.6,262.7,252.05,262.4,78900,1063200,8.59,25990.9,25800.0,25800,ATM-4,CALL,26000,2025-12-04
2025-12-04 09:34:00+05:30,262.0,272.0,261.15,272.0,133875,1077000,8.79,26000.8,25800.0,25800,ATM-4,CALL,26000,2025-12-04
2025-12-04 09:35:00+05:30,271.35,281.05,270.6,279.75,253275,1077000,8.25,26016.75,25800.0,25800,ATM-4,CALL,26000,2025-12-04
2025-12-04 09:36:00+05:30,280.2,284.85,279.3,280.95,138450,1077000,8.02,26021.3,25800.0,25800,ATM-4,CALL,26000,2025-12-04
2025-12-04 09:37:00+05:30,240.95,245.55,240.0,241.05,81600,575325,7.65,26025.25,25850.0,25800,ATM-4,CALL,26000,2025-12-04
2025-12-04 09:38:00+05:30,280.55,284.0,276.05,276.05,60375,1069200,7.59,26018.65,25800.0,25800,ATM-4,CALL,26000,2025-12-04
2025-12-04 09:39:00+05:30,274.45,277.3,270.6,272.75,69825,1069200,7.72,26013.45,25800.0,25800,ATM-4,CALL,26000,2025-12-04
2025-12-04 09:40:00+05:30,272.85,274.5,259.0,265.8,123675,1062825,7.89,26003.5,25800.0,25800,ATM-4,CALL,26000,2025-12-04
2025-12-04 09:41:00+05:30,266.2,269.9,260.0,269.9,66600,1062825,8.17,26004.5,25800.0,25800,ATM-4,CALL,26000,2025-12-04
2025-12-04 09:42:00+05:30,270.7,277.35,270.0,272.8,109425,1062825,7.9,26011.85,25800.0,25800,ATM-4,CALL,26000,2025-12-04
2025-12-04 09:43:00+05:30,273.45,279.0,272.45,278.35,52500,1066950,8.09,26016.45,25800.0,25800,ATM-4,CALL,26000,2025-12-04
2025-12-04 09:44:00+05:30,240.15,247.8,238.9,246.25,68100,574350,8.08,26028.15,25850.0,25800,ATM-4,CALL,26000,2025-12-04
2025-12-04 09:45:00+05:30,245.25,246.5,243.3,243.85,56400,574350,8.03,26025.2,25850.0,25800,ATM-4,CALL,26000,2025-12-04
2025-12-04 09:46:00+05:30,283.0,289.35,282.1,283.55,52425,1047600,8.16,26021.95,25800.0,25800,ATM-4,CALL,26000,2025-12-04
2025-12-04 09:47:00+05:30,284.5,289.55,282.05,283.6,69750,1047600,8.26,26021.05,25800.0,25800,ATM-4,CALL,26000,2025-12-04
2025-12-04 09:48:00+05:30,283.95,285.4,278.0,283.25,42300,1047600,8.5,26017.6,25800.0,25800,ATM-4,CALL,26000,2025-12-04
2025-12-04 09:49:00+05:30,282.65,283.95,274.65,276.3,57750,1044825,7.87,26016.3,25800.0,25800,ATM-4,CALL,26000,2025-12-04
2025-12-04 09:50:00+05:30,277.1,280.75,274.25,280.4,29475,1044825,7.77,26022.5,25800.0,25800,ATM-4,CALL,26000,2025-12-04
2025-12-04 09:51:00+05:30,241.6,244.1,240.5,242.75,24975,534975,7.91,26025.1,25850.0,25800,ATM-4,CALL,26000,2025-12-04
2025-12-04 09:52:00+05:30,242.3,254.1,242.15,252.2,90375,547650,8.25,26032.8,25850.0,25800,ATM-4,CALL,26000,2025-12-04
2025-12-04 09:53:00+05:30,250.2,253.0,243.8,244.6,52275,547650,8.0,26025.9,25850.0,25800,ATM-4,CALL,26000,2025-12-04
2025-12-04 09:54:00+05:30,243.6,248.0,239.75,246.15,36075,547650,8.03,26027.9,25850.0,25800,ATM-4,CALL,26000,2025-12-04
2025-12-04 09:55:00+05:30,245.95,251.5,245.75,250.0,32325,534375,8.03,26032.45,25850.0,25800,ATM-4,CALL,26000,2025-12-04
2025-12-04 09:56:00+05:30,249.85,251.5,247.9,249.9,22425,534375,7.91,26033.35,25850.0,25800,ATM-4,CALL,26000,2025-12-04
2025-12-04 09:57:00+05:30,250.3,250.3,243.2,246.5,26025,534375,7.87,26028.75,25850.0,25800,ATM-4,CALL,26000,2025-12-04
2025-12-04 09:58:00+05:30,247.15,252.0,244.0,248.5,18825,539250,7.93,26031.05,25850.0,25800,ATM-4,CALL,26000,2025-12-04
2025-12-04 09:59:00+05:30,248.35,250.0,244.8,246.9,14025,539250,7.98,26028.3,25850.0,25800,ATM-4,CALL,26000,2025-12-04
2025-12-04 10:00:00+05:30,246.5,250.6,244.8,250.45,31050,539250,8.08,26031.75,25850.0,25800,ATM-4,CALL,26000,2025-12-04
2025-12-04 10:01:00+05:30,249.75,251.8,245.2,245.85,16575,539400,7.96,26028.35,25850.0,25800,ATM-4,CALL,26000,2025-12-04
2025-12-04 10:02:00+05:30,245.45,249.55,241.65,244.9,18300,539400,7.88,26027.3,25850.0,25800,ATM-4,CALL,26000,2025-12-04
2025-12-04 10:03:00+05:30,246.1,246.1,239.45,245.75,28500,539400,8.11,26026.65,25850.0,25800,ATM-4,CALL,26000,2025-12-04
2025-12-04 10:04:00+05:30,245.75,245.75,245.75,245.75,0,539400,8.11,26025.05,25850.0,25800,ATM-4,CALL,26000,2025-12-04
2025-12-04 10:05:00+05:30,284.3,287.0,280.55,282.05,22575,998850,8.02,26021.85,25800.0,25800,ATM-4,CALL,26000,2025-12-04
2025-12-04 10:06:00+05:30,242.9,250.0,242.9,248.9,24675,532275,8.06,26031.9,25850.0,25800,ATM-4,CALL,26000,2025-12-04
2025-12-04 10:07:00+05:30,249.25,260.75,248.65,260.2,87450,516450,8.54,26039.6,25850.0,25800,ATM-4,CALL,26000,2025-12-04
2025-12-04 10:08:00+05:30,258.9,258.9,254.0,255.45,54750,516450,8.34,26036.25,25850.0,25800,ATM-4,CALL,26000,2025-12-04
2025-12-04 10:09:00+05:30,253.7,255.25,242.7,244.3,72450,516450,7.98,26027.5,25850.0,25800,ATM-4,CALL,26000,2025-12-04
2025-12-04 10:10:00+05:30,244.35,247.55,244.15,246.95,31800,510675,8.08,26029.0,25850.0,25800,ATM-4,CALL,26000,2025-12-04
2025-12-04 10:11:00+05:30,246.7,249.0,243.0,246.95,17175,510675,8.02,26029.15,25850.0,25800,ATM-4,CALL,26000,2025-12-04
2025-12-04 10:12:00+05:30,246.9,252.0,246.9,249.8,23400,510675,7.94,26034.35,25850.0,25800,ATM-4,CALL,26000,2025-12-04
2025-12-04 10:13:00+05:30,251.15,256.15,250.0,253.4,58875,522450,7.72,26040.35,25850.0,25800,ATM-4,CALL,26000,2025-12-04
2025-12-04 10:14:00+05:30,253.4,259.8,252.55,256.65,26250,522450,7.82,26042.75,25850.0,25800,ATM-4,CALL,26000,2025-12-04
2025-12-04 10:15:00+05:30,256.7,258.25,255.45,256.95,27000,522450,7.88,26042.45,25850.0,25800,ATM-4,CALL,26000,2025-12-04
2025-12-04 10:16:00+05:30,256.6,259.0,254.8,257.35,21975,492750,7.95,26043.45,25850.0,25800,ATM-4,CALL,26000,2025-12-04
2025-12-04 10:17:00+05:30,257.3,257.5,252.75,253.35,8775,492750,7.93,26038.1,25850.0,25800,ATM-4,CALL,26000,2025-12-04
2025-12-04 10:18:00+05:30,255.0,258.0,253.0,256.9,12975,492750,8.11,26043.7,25850.0,25800,ATM-4,CALL,26000,2025-12-04
2025-12-04 10:19:00+05:30,256.45,265.75,255.7,263.1,46050,491775,8.21,26046.55,25850.0,25800,ATM-4,CALL,26000,2025-12-04
2025-12-04 10:20:00+05:30,263.4,265.95,260.6,262.8,33750,491775,8.07,26048.05,25850.0,25800,ATM-4,CALL,26000,2025-12-04
2025-12-04 10:21:00+05:30,262.0,269.45,262.0,269.45,35475,491775,8.5,26052.55,25850.0,25800,ATM-4,CALL,26000,2025-12-04
2025-12-04 10:22:00+05:30,269.2,274.35,264.75,266.05,63750,461850,8.42,26049.05,25850.0,25800,ATM-4,CALL,26000,2025-12-04
2025-12-04 10:23:00+05:30,265.7,268.75,263.0,267.35,15000,461850,8.45,26050.05,25850.0,25800,ATM-4,CALL,26000,2025-12-04
2025-12-04 10:24:00+05:30,267.85,268.1,265.25,265.85,6675,461850,8.26,26050.55,25850.0,25800,ATM-4,CALL,26000,2025-12-04
2025-12-04 10:25:00+05:30,266.5,270.0,266.4,270.0,17850,454650,8.3,26055.15,25850.0,25800,ATM-4,CALL,26000,2025-12-04
2025-12-04 10:26:00+05:30,269.6,273.0,268.45,268.8,20025,454650,7.94,26056.0,25850.0,25800,ATM-4,CALL,26000,2025-12-04
2025-12-04 10:27:00+05:30,269.15,274.4,267.9,273.05,19275,454650,8.39,26057.25,25850.0,25800,ATM-4,CALL,26000,2025-12-04
2025-12-04 10:28:00+05:30,274.5,282.35,273.3,282.0,87225,428025,8.66,26065.4,25850.0,25800,ATM-4,CALL,26000,2025-12-04
2025-12-04 10:29:00+05:30,242.25,254.5,240.65,253.35,455550,2583000,8.83,26078.9,25900.0,25800,ATM-4,CALL,26000,2025-12-04
2025-12-04 10:30:00+05:30,252.3,256.0,248.25,249.2,403425,2583000,8.32,26078.7,25900.0,25800,ATM-4,CALL,26000,2025-12-04
2025-12-04 10:31:00+05:30,248.7,258.6,248.7,258.6,251550,2265975,8.76,26085.9,25900.0,25800,ATM-4,CALL,26000,2025-12-04
2025-12-04 10:32:00+05:30,258.0,260.8,253.45,254.85,215250,2265975,8.63,26082.25,25900.0,25800,ATM-4,CALL,26000,2025-12-04
2025-12-04 10:33:00+05:30,254.5,254.5,248.7,251.8,142500,2265975,8.64,26078.05,25900.0,25800,ATM-4,CALL,26000,2025-12-04
2025-12-04 10:34:00+05:30,251.5,260.25,251.2,258.55,190575,2199975,8.82,26084.65,25900.0,25800,ATM-4,CALL,26000,2025-12-04
2025-12-04 10:35:00+05:30,257.2,259.7,256.5,259.65,135375,2199975,8.67,26087.7,25900.0,25800,ATM-4,CALL,26000,2025-12-04
2025-12-04 10:36:00+05:30,261.0,266.2,259.95,264.25,301200,2199975,8.68,26092.35,25900.0,25800,ATM-4,CALL,26000,2025-12-04
2025-12-04 10:37:00+05:30,263.1,264.6,261.6,263.0,86925,2099175,8.41,26094.9,25900.0,25800,ATM-4,CALL,26000,2025-12-04
2025-12-04 10:38:00+05:30,263.2,264.45,260.4,261.6,96450,2099175,8.64,26090.8,25900.0,25800,ATM-4,CALL,26000,2025-12-04
2025-12-04 10:39:00+05:30,262.05,262.05,257.35,259.45,84750,2099175,8.55,26089.6,25900.0,25800,ATM-4,CALL,26000,2025-12-04
2025-12-04 10:40:00+05:30,260.2,268.0,259.25,260.0,156375,2069625,8.54,26090.65,25900.0,25800,ATM-4,CALL,26000,2025-12-04
2025-12-04 10:41:00+05:30,260.0,267.6,259.45,266.0,112200,2069625,8.9,26093.2,25900.0,25800,ATM-4,CALL,26000,2025-12-04
2025-12-04 10:42:00+05:30,265.0,268.0,263.2,265.65,102525,2069625,8.79,26093.55,25900.0,25800,ATM-4,CALL,26000,2025-12-04
2025-12-04 10:43:00+05:30,265.05,267.2,263.3,264.95,35475,1988100,8.69,26094.6,25900.0,25800,ATM-4,CALL,26000,2025-12-04
2025-12-04 10:44:00+05:30,265.85,269.3,263.4,264.0,92250,1988100,8.73,26092.7,25900.0,25800,ATM-4,CALL,26000,2025-12-04
2025-12-04 10:45:00+05:30,265.5,267.0,264.0,265.35,51300,1988100,8.61,26097.1,25900.0,25800,ATM-4,CALL,26000,2025-12-04
2025-12-04 10:46:00+05:30,266.0,267.0,263.4,265.3,39750,1971675,8.69,26094.7,25900.0,25800,ATM-4,CALL,26000,2025-12-04
2025-12-04 10:47:00+05:30,264.7,265.4,261.75,261.75,49200,1971675,8.87,26089.9,25900.0,25800,ATM-4,CALL,26000,2025-12-04
2025-12-04 10:48:00+05:30,261.35,261.9,258.65,261.1,108000,1971675,8.86,26087.8,25900.0,25800,ATM-4,CALL,26000,2025-12-04
2025-12-04 10:49:00+05:30,261.1,261.1,255.9,257.55,85875,1937100,8.75,26083.4,25900.0,25800,ATM-4,CALL,26000,2025-12-04
2025-12-04 10:50:00+05:30,257.55,260.5,256.6,258.45,51150,1937100,9.0,26082.9,25900.0,25800,ATM-4,CALL,26000,2025-12-04
2025-12-04 10:51:00+05:30,258.0,259.35,256.5,259.2,38700,1937100,8.94,26084.25,25900.0,25800,ATM-4,CALL,26000,2025-12-04
2025-12-04 10:52:00+05:30,259.2,259.5,257.0,258.0,33375,1956000,8.94,26082.75,25900.0,25800,ATM-4,CALL,26000,2025-12-04
2025-12-04 10:53:00+05:30,258.0,258.6,251.0,255.75,106125,1956000,9.0,26079.6,25900.0,25800,ATM-4,CALL,26000,2025-12-04
2025-12-04 10:54:00+05:30,255.15,257.6,253.8,254.0,56400,1956000,8.86,26078.05,25900.0,25800,ATM-4,CALL,26000,2025-12-04
2025-12-04 10:55:00+05:30,253.65,256.7,252.75,255.3,48600,1937925,8.91,26079.2,25900.0,25800,ATM-4,CALL,26000,2025-12-04
2025-12-04 10:56:00+05:30,255.75,257.35,251.75,255.75,66225,1937925,9.12,26078.4,25900.0,25800,ATM-4,CALL,26000,2025-12-04
2025-12-04 10:57:00+05:30,255.2,258.25,254.5,257.85,46200,1937925,9.03,26080.95,25900.0,25800,ATM-4,CALL,26000,2025-12-04
2025-12-04 10:58:00+05:30,259.6,263.95,259.6,261.95,131250,1953000,9.21,26085.5,25900.0,25800,ATM-4,CALL,26000,2025-12-04
2025-12-04 10:59:00+05:30,261.45,261.9,249.35,250.5,151800,1953000,8.68,26075.5,25900.0,25800,ATM-4,CALL,26000,2025-12-04
2025-12-04 11:00:00+05:30,250.9,252.05,249.0,251.8,90600,1953000,8.64,26076.55,25900.0,25800,ATM-4,CALL,26000,2025-12-04
2025-12-04 11:01:00+05:30,251.85,256.5,251.3,254.15,55050,1955775,8.83,26079.6,25900.0,25800,ATM-4,CALL,26000,2025-12-04
2025-12-04 11:02:00+05:30,254.2,257.95,253.55,253.75,53475,1955775,8.59,26082.1,25900.0,25800,ATM-4,CALL,26000,2025-12-04
2025-12-04 11:03:00+05:30,254.85,259.0,254.75,255.1,66075,1955775,8.64,26082.65,25900.0,25800,ATM-4,CALL,26000,2025-12-04
2025-12-04 11:04:00+05:30,255.2,260.0,254.25,257.05,43275,1950375,8.89,26083.0,25900.0,25800,ATM-4,CALL,26000,2025-12-04
2025-12-04 11:05:00+05:30,257.15,259.55,255.75,258.75,39750,1950375,9.04,26082.95,25900.0,25800,ATM-4,CALL,26000,2025-12-04
2025-12-04 11:06:00+05:30,258.4,260.1,256.6,257.2,32925,1950375,8.84,26083.9,25900.0,25800,ATM-4,CALL,26000,2025-12-04
2025-12-04 11:07:00+05:30,258.0,258.15,253.7,254.0,36150,1943250,8.68,26080.6,25900.0,25800,ATM-4,CALL,26000,2025-12-04
2025-12-04 11:08:00+05:30,254.85,255.0,247.3,247.3,66600,1943250,8.3,26076.7,25900.0,25800,ATM-4,CALL,26000,2025-12-04
2025-12-04 11:09:00+05:30,286.35,290.3,286.35,286.4,12225,410775,8.33,26074.7,25850.0,25800,ATM-4,CALL,26000,2025-12-04
2025-12-04 11:10:00+05:30,246.0,248.95,242.5,248.95,87675,1942800,8.58,26076.0,25900.0,25800,ATM-4,CALL,26000,2025-12-04
2025-12-04 11:11:00+05:30,289.4,289.75,284.1,285.45,10800,404775,8.4,26073.2,25850.0,25800,ATM-4,CALL,26000,2025-12-04
2025-12-04 11:12:00+05:30,285.85,289.3,282.4,283.55,5550,404775,8.19,26073.0,25850.0,25800,ATM-4,CALL,26000,2025-12-04
2025-12-04 11:13:00+05:30,282.0,283.95,281.3,282.25,4950,409350,8.26,26070.4,25850.0,25800,ATM-4,CALL,26000,2025-12-04
2025-12-04 11:14:00+05:30,242.75,247.7,242.25,247.65,61275,1949925,8.35,26077.05,25900.0,25800,ATM-4,CALL,26000,2025-12-04
2025-12-04 11:15:00+05:30,287.4,287.8,283.4,284.0,6075,409350,8.38,26070.5,25850.0,25800,ATM-4,CALL,26000,2025-12-04
2025-12-04 11:16:00+05:30,285.2,286.9,283.0,286.05,4500,408525,8.4,26073.05,25850.0,25800,ATM-4,CALL,26000,2025-12-04
2025-12-04 11:17:00+05:30,245.95,248.0,243.95,246.5,48150,1959750,8.36,26075.6,25900.0,25800,ATM-4,CALL,26000,2025-12-04
2025-12-04 11:18:00+05:30,286.5,287.35,276.9,279.0,12075,408525,7.99,26068.0,25850.0,25800,ATM-4,CALL,26000,2025-12-04
2025-12-04 11:19:00+05:30,279.85,283.6,279.8,282.55,8475,413025,8.4,26070.3,25850.0,25800,ATM-4,CALL,26000,2025-12-04
2025-12-04 11:20:00+05:30,281.0,281.0,274.9,276.7,74700,413025,8.05,26065.55,25850.0,25800,ATM-4,CALL,26000,2025-12-04
2025-12-04 11:21:00+05:30,278.4,281.75,276.65,280.05,67050,413025,8.21,26068.1,25850.0,25800,ATM-4,CALL,26000,2025-12-04
2025-12-04 11:22:00+05:30,279.0,283.0,277.8,279.6,7200,309975,8.02,26069.4,25850.0,25800,ATM-4,CALL,26000,2025-12-04
2025-12-04 11:23:00+05:30,280.35,280.35,272.2,272.3,19725,309975,7.79,26064.3,25850.0,25800,ATM-4,CALL,26000,2025-12-04
2025-12-04 11:24:00+05:30,270.9,275.5,268.4,275.5,17325,309975,8.1,26063.15,25850.0,25800,ATM-4,CALL,26000,2025-12-04
2025-12-04 11:25:00+05:30,275.75,282.1,275.7,282.1,14325,315300,8.51,26067.9,25850.0,25800,ATM-4,CALL,26000,2025-12-04
2025-12-04 11:26:00+05:30,280.7,280.7,275.1,279.0,3375,315300,8.26,26066.15,25850.0,25800,ATM-4,CALL,26000,2025-12-04
2025-12-04 11:27:00+05:30,277.5,278.0,272.0,272.0,5325,315300,7.81,26063.35,25850.0,25800,ATM-4,CALL,26000,2025-12-04
2025-12-04 11:28:00+05:30,271.7,275.7,270.8,275.7,8250,315675,8.27,26062.6,25850.0,25800,ATM-4,CALL,26000,2025-12-04
2025-12-04 11:29:00+05:30,273.7,274.75,271.8,273.45,4200,315675,8.46,26060.6,25850.0,25800,ATM-4,CALL,26000,2025-12-04
2025-12-04 11:30:00+05:30,268.7,273.75,266.0,272.55,22875,315675,8.06,26060.35,25850.0,25800,ATM-4,CALL,26000,2025-12-04
2025-12-04 11:31:00+05:30,273.0,277.75,270.0,270.25,15150,309300,7.86,26060.0,25850.0,25800,ATM-4,CALL,26000,2025-12-04
2025-12-04 11:32:00+05:30,270.95,274.1,269.55,270.0,5625,309300,7.8,26060.25,25850.0,25800,ATM-4,CALL,26000,2025-12-04
2025-12-04 11:33:00+05:30,270.1,276.05,270.05,275.7,10875,309300,8.3,26063.2,25850.0,25800,ATM-4,CALL,26000,2025-12-04
2025-12-04 11:34:00+05:30,274.0,275.85,269.0,272.6,8775,304200,8.05,26061.3,25850.0,25800,ATM-4,CALL,26000,2025-12-04
2025-12-04 11:35:00+05:30,272.95,275.0,272.4,274.4,3525,304200,8.3,26060.7,25850.0,25800,ATM-4,CALL,26000,2025-12-04
2025-12-04 11:36:00+05:30,276.0,277.0,271.45,277.0,6600,304200,8.73,26060.55,25850.0,25800,ATM-4,CALL,26000,2025-12-04
2025-12-04 11:37:00+05:30,274.1,274.1,265.0,266.8,15525,310575,8.11,26052.9,25850.0,25800,ATM-4,CALL,26000,2025-12-04
2025-12-04 11:38:00+05:30,266.75,268.2,250.55,256.15,50925,310575,8.21,26039.35,25850.0,25800,ATM-4,CALL,26000,2025-12-04
2025-12-04 11:39:00+05:30,255.7,256.65,248.65,251.9,31275,310575,8.2,26034.75,25850.0,25800,ATM-4,CALL,26000,2025-12-04
2025-12-04 11:40:00+05:30,250.9,255.2,249.6,253.2,31425,315225,7.89,26038.15,25850.0,25800,ATM-4,CALL,26000,2025-12-04
2025-12-04 11:41:00+05:30,253.5,253.5,245.15,245.15,22875,315225,7.38,26033.45,25850.0,25800,ATM-4,CALL,26000,2025-12-04
2025-12-04 11:42:00+05:30,246.5,247.35,239.45,241.15,47325,315225,7.39,26028.2,25850.0,25800,ATM-4,CALL,26000,2025-12-04
2025-12-04 11:43:00+05:30,282.7,284.9,279.45,280.0,33375,878850,7.61,26023.45,25800.0,25800,ATM-4,CALL,26000,2025-12-04
2025-12-04 11:44:00+05:30,239.55,243.6,239.55,242.25,18450,336600,7.77,26028.8,25850.0,25800,ATM-4,CALL,26000,2025-12-04
2025-12-04 11:45:00+05:30,282.55,282.55,269.65,270.8,97050,878850,7.41,26015.15,25800.0,25800,ATM-4,CALL,26000,2025-12-04
2025-12-04 11:46:00+05:30,232.8,242.7,232.8,240.8,23550,355500,7.76,26025.5,25850.0,25800,ATM-4,CALL,26000,2025-12-04
2025-12-04 11:47:00+05:30,240.05,243.45,240.0,241.45,22950,355500,7.58,26028.45,25850.0,25800,ATM-4,CALL,26000,2025-12-04
2025-12-04 11:48:00+05:30,242.9,243.9,239.6,243.65,22350,355500,7.92,26025.95,25850.0,25800,ATM-4,CALL,26000,2025-12-04
2025-12-04 11:49:00+05:30,243.05,247.7,241.15,246.05,16200,354675,7.79,26031.3,25850.0,25800,ATM-4,CALL,26000,2025-12-04
2025-12-04 11:50:00+05:30,245.65,246.6,242.0,244.0,14850,354675,7.77,26029.6,25850.0,25800,ATM-4,CALL,26000,2025-12-04
2025-12-04 11:51:00+05:30,285.35,285.35,276.6,280.65,26175,903975,7.72,26022.9,25800.0,25800,ATM-4,CALL,26000,2025-12-04
2025-12-04 11:52:00+05:30,279.5,282.0,278.4,278.4,13500,918150,7.65,26021.9,25800.0,25800,ATM-4,CALL,26000,2025-12-04
2025-12-04 11:53:00+05:30,278.7,280.5,276.2,276.95,17400,918150,7.8,26018.35,25800.0,25800,ATM-4,CALL,26000,2025-12-04
2025-12-04 11:54:00+05:30,276.2,278.3,275.4,276.25,17100,918150,7.93,26016.7,25800.0,25800,ATM-4,CALL,26000,2025-12-04
2025-12-04 11:55:00+05:30,235.8,244.0,235.8,242.3,20025,369975,7.82,26028.1,25850.0,25800,ATM-4,CALL,26000,2025-12-04
2025-12-04 11:56:00+05:30,242.2,244.35,240.5,241.5,11925,369975,7.79,26025.15,25850.0,25800,ATM-4,CALL,26000,2025-12-04
2025-12-04 11:57:00+05:30,282.9,283.6,278.6,278.7,10650,924675,7.55,26022.55,25800.0,25800,ATM-4,CALL,26000,2025-12-04
2025-12-04 11:58:00+05:30,279.2,279.2,273.7,276.75,29100,928500,7.62,26020.0,25800.0,25800,ATM-4,CALL,26000,2025-12-04
2025-12-04 11:59:00+05:30,277.75,279.65,275.3,279.65,16050,928500,7.55,26024.0,25800.0,25800,ATM-4,CALL,26000,2025-12-04
2025-12-04 12:00:00+05:30,279.25,283.3,278.05,278.95,17850,928500,7.44,26024.55,25800.0,25800,ATM-4,CALL,26000,2025-12-04
2025-12-04 12:01:00+05:30,279.05,282.45,278.4,282.0,11850,935250,7.63,26024.9,25800.0,25800,ATM-4,CALL,26000,2025-12-04
2025-12-04 12:02:00+05:30,282.45,287.95,277.6,278.45,46875,935250,7.41,26024.6,25800.0,25800,ATM-4,CALL,26000,2025-12-04
2025-12-04 12:03:00+05:30,239.45,246.2,239.45,245.75,8625,388125,7.9,26031.4,25850.0,25800,ATM-4,CALL,26000,2025-12-04
2025-12-04 12:04:00+05:30,246.4,250.1,245.0,247.55,40950,378150,7.86,26032.65,25850.0,25800,ATM-4,CALL,26000,2025-12-04
2025-12-04 12:05:00+05:30,246.8,252.0,246.25,250.15,28425,378150,7.56,26038.45,25850.0,25800,ATM-4,CALL,26000,2025-12-04
2025-12-04 12:06:00+05:30,249.45,250.4,246.15,246.7,15975,378150,7.66,26035.45,25850.0,25800,ATM-4,CALL,26000,2025-12-04
2025-12-04 12:07:00+05:30,247.4,255.6,246.2,254.0,34125,382575,7.77,26040.6,25850.0,25800,ATM-4,CALL,26000,2025-12-04
2025-12-04 12:08:00+05:30,253.0,255.7,252.8,254.5,23250,382575,7.79,26042.85,25850.0,25800,ATM-4,CALL,26000,2025-12-04
2025-12-04 12:09:00+05:30,254.15,255.0,241.45,242.3,31950,382575,7.44,26032.0,25850.0,25800,ATM-4,CALL,26000,2025-12-04
2025-12-04 12:10:00+05:30,243.1,245.6,240.05,242.9,17925,380925,8.02,26027.7,25850.0,25800,ATM-4,CALL,26000,2025-12-04
2025-12-04 12:11:00+05:30,281.8,282.65,276.55,276.75,34425,908325,7.24,26023.8,25800.0,25800,ATM-4,CALL,26000,2025-12-04
2025-12-04 12:12:00+05:30,236.9,242.75,233.2,241.9,26175,380925,7.81,26027.3,25850.0,25800,ATM-4,CALL,26000,2025-12-04
2025-12-04 12:13:00+05:30,241.25,244.95,241.25,241.5,13500,380400,7.73,26026.8,25850.0,25800,ATM-4,CALL,26000,2025-12-04
2025-12-04 12:14:00+05:30,243.0,247.0,243.0,243.9,7650,380400,8.0,26028.15,25850.0,25800,ATM-4,CALL,26000,2025-12-04
2025-12-04 12:15:00+05:30,284.7,284.7,274.65,274.65,31725,908775,7.65,26017.8,25800.0,25800,ATM-4,CALL,26000,2025-12-04
2025-12-04 12:16:00+05:30,276.85,279.65,273.45,277.85,24825,909600,7.73,26021.65,25800.0,25800,ATM-4,CALL,26000,2025-12-04
2025-12-04 12:17:00+05:30,278.0,282.7,278.0,279.25,19650,909600,7.68,26023.0,25800.0,25800,ATM-4,CALL,26000,2025-12-04
2025-12-04 12:18:00+05:30,278.85,280.0,277.1,280.0,9825,909600,7.88,26022.65,25800.0,25800,ATM-4,CALL,26000,2025-12-04
2025-12-04 12:19:00+05:30,280.6,281.7,275.0,276.0,12300,910275,7.88,26018.15,25800.0,25800,ATM-4,CALL,26000,2025-12-04
2025-12-04 12:20:00+05:30,277.15,278.0,262.9,263.7,70650,910275,7.47,26006.95,25800.0,25800,ATM-4,CALL,26000,2025-12-04
2025-12-04 12:21:00+05:30,262.8,269.0,261.6,269.0,45750,910275,7.67,26012.15,25800.0,25800,ATM-4,CALL,26000,2025-12-04
2025-12-04 12:22:00+05:30,269.45,270.4,266.45,268.0,23025,911475,6.97,26015.1,25800.0,25800,ATM-4,CALL,26000,2025-12-04
2025-12-04 12:23:00+05:30,269.2,274.6,269.1,271.1,27525,911475,7.38,26015.85,25800.0,25800,ATM-4,CALL,26000,2025-12-04
2025-12-04 12:24:00+05:30,271.25,274.0,269.9,274.0,25200,911475,7.29,26019.5,25800.0,25800,ATM-4,CALL,26000,2025-12-04
2025-12-04 12:25:00+05:30,273.6,279.7,273.0,279.7,40275,912300,7.52,26024.4,25800.0,25800,ATM-4,CALL,26000,2025-12-04
2025-12-04 12:26:00+05:30,280.8,280.8,275.9,279.9,21525,912300,7.57,26024.5,25800.0,25800,ATM-4,CALL,26000,2025-12-04
2025-12-04 12:27:00+05:30,239.6,239.6,235.0,239.0,12825,399900,7.65,26025.65,25850.0,25800,ATM-4,CALL,26000,2025-12-04
2025-12-04 12:28:00+05:30,239.0,246.05,239.0,245.15,40650,406425,8.02,26028.9,25850.0,25800,ATM-4,CALL,26000,2025-12-04
2025-12-04 12:29:00+05:30,286.0,286.2,275.15,277.3,46350,911475,7.33,26024.25,25800.0,25800,ATM-4,CALL,26000,2025-12-04
2025-12-04 12:30:00+05:30,237.2,241.0,235.0,241.0,12225,406425,7.82,26026.8,25850.0,25800,ATM-4,CALL,26000,2025-12-04
2025-12-04 12:31:00+05:30,241.15,241.15,237.0,237.0,9525,408375,7.32,26025.35,25850.0,25800,ATM-4,CALL,26000,2025-12-04
2025-12-04 12:32:00+05:30,277.4,280.1,274.3,277.6,10725,916275,7.36,26024.35,25800.0,25800,ATM-4,CALL,26000,2025-12-04
2025-12-04 12:33:00+05:30,238.15,241.0,237.05,241.0,5400,408375,7.48,26029.0,25850.0,25800,ATM-4,CALL,26000,2025-12-04
2025-12-04 12:34:00+05:30,241.6,242.05,238.4,238.85,9075,408375,7.44,26025.9,25850.0,25800,ATM-4,CALL,26000,2025-12-04
2025-12-04 12:35:00+05:30,239.35,242.5,238.4,241.1,18225,408000,7.61,26027.9,25850.0,25800,ATM-4,CALL,26000,2025-12-04
2025-12-04 12:36:00+05:30,240.8,241.8,238.5,239.3,11475,408000,7.61,26026.05,25850.0,25800,ATM-4,CALL,26000,2025-12-04
2025-12-04 12:37:00+05:30,278.0,282.6,276.45,278.85,12150,917550,7.27,26025.0,25800.0,25800,ATM-4,CALL,26000,2025-12-04
2025-12-04 12:38:00+05:30,238.2,241.15,236.2,240.5,9150,404625,7.66,26026.65,25850.0,25800,ATM-4,CALL,26000,2025-12-04
2025-12-04 12:39:00+05:30,281.05,283.8,278.0,278.9,13950,916500,7.53,26023.95,25800.0,25800,ATM-4,CALL,26000,2025-12-04
2025-12-04 12:40:00+05:30,279.2,280.0,276.0,277.9,9450,916500,7.3,26025.0,25800.0,25800,ATM-4,CALL,26000,2025-12-04
2025-12-04 12:41:00+05:30,277.5,278.55,275.75,275.8,10575,920550,7.39,26023.6,25800.0,25800,ATM-4,CALL,26000,2025-12-04
2025-12-04 12:42:00+05:30,273.45,275.55,269.5,269.5,35250,920550,7.11,26017.2,25800.0,25800,ATM-4,CALL,26000,2025-12-04
2025-12-04 12:43:00+05:30,269.75,269.75,264.3,264.7,44100,920550,6.99,26012.5,25800.0,25800,ATM-4,CALL,26000,2025-12-04
2025-12-04 12:44:00+05:30,265.7,266.3,261.9,263.1,40050,931800,6.98,26009.55,25800.0,25800,ATM-4,CALL,26000,2025-12-04
2025-12-04 12:45:00+05:30,262.55,262.55,247.25,247.25,141750,931800,6.85,25992.1,25800.0,25800,ATM-4,CALL,26000,2025-12-04
2025-12-04 12:46:00+05:30,247.3,251.55,247.3,249.25,49050,931800,7.33,25990.7,25800.0,25800,ATM-4,CALL,26000,2025-12-04
2025-12-04 12:47:00+05:30,248.65,256.6,248.65,254.35,54000,933525,7.08,26000.85,25800.0,25800,ATM-4,CALL,26000,2025-12-04
2025-12-04 12:48:00+05:30,254.75,254.75,249.0,250.25,30600,933525,6.75,25997.05,25800.0,25800,ATM-4,CALL,26000,2025-12-04
2025-12-04 12:49:00+05:30,251.15,251.25,247.35,248.2,22500,933525,6.92,25993.35,25800.0,25800,ATM-4,CALL,26000,2025-12-04
2025-12-04 12:50:00+05:30,248.55,252.0,248.4,252.0,30075,935025,7.22,25994.45,25800.0,25800,ATM-4,CALL,26000,2025-12-04
2025-12-04 12:51:00+05:30,252.0,253.7,248.0,249.9,27525,935025,6.95,25995.5,25800.0,25800,ATM-4,CALL,26000,2025-12-04
2025-12-04 12:52:00+05:30,250.3,250.3,244.0,245.6,24825,935025,6.73,25991.55,25800.0,25800,ATM-4,CALL,26000,2025-12-04
2025-12-04 12:53:00+05:30,246.15,251.9,244.4,249.75,22200,938475,6.93,25993.85,25800.0,25800,ATM-4,CALL,26000,2025-12-04
2025-12-04 12:54:00+05:30,249.65,251.0,248.0,249.8,17475,938475,7.31,25992.85,25800.0,25800,ATM-4,CALL,26000,2025-12-04
2025-12-04 12:55:00+05:30,249.7,260.0,249.7,258.95,64500,938475,7.17,26004.5,25800.0,25800,ATM-4,CALL,26000,2025-12-04
2025-12-04 12:56:00+05:30,259.2,261.25,257.0,259.6,36225,950850,7.15,26005.95,25800.0,25800,ATM-4,CALL,26000,2025-12-04
2025-12-04 12:57:00+05:30,259.35,261.1,257.65,261.0,31125,950850,7.26,26005.95,25800.0,25800,ATM-4,CALL,26000,2025-12-04
2025-12-04 12:58:00+05:30,260.05,262.85,256.5,259.7,31050,950850,7.5,26004.05,25800.0,25800,ATM-4,CALL,26000,2025-12-04
2025-12-04 12:59:00+05:30,260.2,260.45,258.15,258.4,15450,944250,7.36,26002.4,25800.0,25800,ATM-4,CALL,26000,2025-12-04
2025-12-04 13:00:00+05:30,258.0,258.85,253.0,258.05,35325,944250,7.47,26001.85,25800.0,25800,ATM-4,CALL,26000,2025-12-04
2025-12-04 13:01:00+05:30,258.5,261.0,257.55,259.4,22350,944250,7.27,26004.2,25800.0,25800,ATM-4,CALL,26000,2025-12-04
2025-12-04 13:02:00+05:30,258.6,260.1,256.75,257.0,15150,951225,7.19,26001.3,25800.0,25800,ATM-4,CALL,26000,2025-12-04
2025-12-04 13:03:00+05:30,259.5,259.5,257.4,257.7,5475,951225,7.08,26002.7,25800.0,25800,ATM-4,CALL,26000,2025-12-04
2025-12-04 13:04:00+05:30,258.1,264.8,258.1,260.2,37575,951225,7.19,26005.85,25800.0,25800,ATM-4,CALL,26000,2025-12-04
2025-12-04 13:05:00+05:30,260.4,262.2,256.8,257.85,17175,945000,7.5,26001.05,25800.0,25800,ATM-4,CALL,26000,2025-12-04
2025-12-04 13:06:00+05:30,257.95,262.3,257.95,260.45,26850,945000,7.38,26002.2,25800.0,25800,ATM-4,CALL,26000,2025-12-04
2025-12-04 13:07:00+05:30,262.0,262.85,259.15,261.9,14175,945000,7.72,26003.9,25800.0,25800,ATM-4,CALL,26000,2025-12-04
2025-12-04 13:08:00+05:30,261.2,265.45,260.0,260.0,16050,943650,7.77,25999.95,25800.0,25800,ATM-4,CALL,26000,2025-12-04
2025-12-04 13:09:00+05:30,262.0,262.15,257.5,258.4,8325,943650,7.79,25997.95,25800.0,25800,ATM-4,CALL,26000,2025-12-04
2025-12-04 13:10:00+05:30,258.7,258.7,252.5,255.2,26250,943650,7.85,25993.15,25800.0,25800,ATM-4,CALL,26000,2025-12-04
2025-12-04 13:11:00+05:30,255.45,258.45,255.45,257.0,11175,945075,8.02,25994.25,25800.0,25800,ATM-4,CALL,26000,2025-12-04
2025-12-04 13:12:00+05:30,257.3,261.95,254.0,254.05,25050,945075,7.73,25993.45,25800.0,25800,ATM-4,CALL,26000,2025-12-04
2025-12-04 13:13:00+05:30,254.4,255.9,250.05,254.5,29250,945075,7.7,25993.8,25800.0,25800,ATM-4,CALL,26000,2025-12-04
2025-12-04 13:14:00+05:30,254.85,264.8,254.85,260.4,53325,947550,7.67,26000.8,25800.0,25800,ATM-4,CALL,26000,2025-12-04
2025-12-04 13:15:00+05:30,259.9,263.0,259.55,260.0,23250,947550,7.55,26002.4,25800.0,25800,ATM-4,CALL,26000,2025-12-04
2025-12-04 13:16:00+05:30,261.25,264.45,260.25,262.0,16725,947550,7.53,26003.3,25800.0,25800,ATM-4,CALL,26000,2025-12-04
2025-12-04 13:17:00+05:30,263.4,264.0,258.3,260.7,24375,962775,7.75,26000.85,25800.0,25800,ATM-4,CALL,26000,2025-12-04
2025-12-04 13:18:00+05:30,260.6,265.75,260.55,261.9,23100,962775,7.91,26001.5,25800.0,25800,ATM-4,CALL,26000,2025-12-04
2025-12-04 13:19:00+05:30,262.0,262.6,253.25,256.3,27150,962775,7.81,25995.65,25800.0,25800,ATM-4,CALL,26000,2025-12-04
2025-12-04 13:20:00+05:30,256.6,261.0,254.05,260.85,16875,962775,7.73,26001.5,25800.0,25800,ATM-4,CALL,26000,2025-12-04
2025-12-04 13:21:00+05:30,260.1,263.0,259.85,263.0,38025,962775,7.38,26006.85,25800.0,25800,ATM-4,CALL,26000,2025-12-04
2025-12-04 13:22:00+05:30,264.4,271.9,263.0,271.9,74700,962775,7.56,26016.15,25800.0,25800,ATM-4,CALL,26000,2025-12-04
2025-12-04 13:23:00+05:30,271.5,274.0,269.6,272.15,81750,966300,7.53,26017.05,25800.0,25800,ATM-4,CALL,26000,2025-12-04
2025-12-04 13:24:00+05:30,271.65,277.95,269.6,277.2,50925,966300,8.08,26017.85,25800.0,25800,ATM-4,CALL,26000,2025-12-04
2025-12-04 13:25:00+05:30,276.1,279.5,272.5,273.05,52950,966300,7.61,26016.25,25800.0,25800,ATM-4,CALL,26000,2025-12-04
2025-12-04 13:26:00+05:30,273.9,278.0,271.0,274.75,33600,955575,7.66,26018.15,25800.0,25800,ATM-4,CALL,26000,2025-12-04
2025-12-04 13:27:00+05:30,275.35,278.9,274.8,275.4,43350,955575,7.51,26018.95,25800.0,25800,ATM-4,CALL,26000,2025-12-04
2025-12-04 13:28:00+05:30,275.95,277.25,270.6,270.6,14925,955575,7.36,26016.8,25800.0,25800,ATM-4,CALL,26000,2025-12-04
2025-12-04 13:29:00+05:30,271.85,275.1,270.6,272.6,22425,951450,7.06,26015.7,25800.0,25800,ATM-4,CALL,26000,2025-12-04
2025-12-04 13:30:00+05:30,276.0,281.4,270.0,270.0,48750,951450,7.36,26015.3,25800.0,25800,ATM-4,CALL,26000,2025-12-04
2025-12-04 13:31:00+05:30,269.05,272.4,267.95,271.35,32475,951450,7.82,26013.6,25800.0,25800,ATM-4,CALL,26000,2025-12-04
2025-12-04 13:32:00+05:30,270.45,271.0,264.85,268.55,37275,952050,7.67,26011.8,25800.0,25800,ATM-4,CALL,26000,2025-12-04
2025-12-04 13:33:00+05:30,268.4,268.4,264.8,265.95,24000,952050,7.7,26008.95,25800.0,25800,ATM-4,CALL,26000,2025-12-04
2025-12-04 13:34:00+05:30,266.5,267.5,256.6,256.85,53250,952050,7.08,26002.4,25800.0,25800,ATM-4,CALL,26000,2025-12-04
2025-12-04 13:35:00+05:30,257.35,257.55,248.6,249.85,70875,954225,7.5,25990.4,25800.0,25800,ATM-4,CALL,26000,2025-12-04
2025-12-04 13:36:00+05:30,247.0,247.85,240.3,241.4,111900,954225,7.4,25979.5,25800.0,25800,ATM-4,CALL,26000,2025-12-04
2025-12-04 13:37:00+05:30,241.05,241.85,235.0,238.0,71100,954225,7.55,25976.3,25800.0,25800,ATM-4,CALL,26000,2025-12-04
2025-12-04 13:38:00+05:30,238.05,244.0,237.8,243.8,41700,971775,7.71,25981.75,25800.0,25800,ATM-4,CALL,26000,2025-12-04
2025-12-04 13:39:00+05:30,242.0,242.0,239.15,240.1,24675,971775,7.37,25980.55,25800.0,25800,ATM-4,CALL,26000,2025-12-04
2025-12-04 13:40:00+05:30,240.75,240.75,236.65,238.85,32925,971775,7.37,25978.35,25800.0,25800,ATM-4,CALL,26000,2025-12-04
2025-12-04 13:41:00+05:30,279.85,279.85,265.1,267.25,12900,96975,6.81,25964.95,25750.0,25800,ATM-4,CALL,26000,2025-12-04
2025-12-04 13:42:00+05:30,268.45,275.4,268.35,272.8,8850,96975,6.76,25973.25,25750.0,25800,ATM-4,CALL,26000,2025-12-04
2025-12-04 13:43:00+05:30,274.7,275.0,270.05,271.2,2925,96975,6.76,25972.9,25750.0,25800,ATM-4,CALL,26000,2025-12-04
2025-12-04 13:44:00+05:30,231.45,235.2,231.2,234.15,28050,1010850,7.08,25976.3,25800.0,25800,ATM-4,CALL,26000,2025-12-04
2025-12-04 13:45:00+05:30,274.6,274.6,270.0,271.2,4200,96000,6.55,25972.8,25750.0,25800,ATM-4,CALL,26000,2025-12-04
2025-12-04 13:46:00+05:30,230.8,236.15,230.65,235.35,26025,1010850,7.24,25976.05,25800.0,25800,ATM-4,CALL,26000,2025-12-04
2025-12-04 13:47:00+05:30,235.9,236.6,233.0,235.65,30975,1016025,7.04,25978.2,25800.0,25800,ATM-4,CALL,26000,2025-12-04
2025-12-04 13:48:00+05:30,235.25,238.3,232.0,237.85,37350,1016025,7.31,25979.4,25800.0,25800,ATM-4,CALL,26000,2025-12-04
2025-12-04 13:49:00+05:30,237.6,239.1,234.6,235.65,28650,1016025,6.95,25978.65,25800.0,25800,ATM-4,CALL,26000,2025-12-04
2025-12-04 13:50:00+05:30,236.15,239.8,236.0,238.3,19500,1027050,7.35,25978.55,25800.0,25800,ATM-4,CALL,26000,2025-12-04
2025-12-04 13:51:00+05:30,238.0,241.1,236.95,239.5,48750,1027050,7.24,25980.5,25800.0,25800,ATM-4,CALL,26000,2025-12-04
2025-12-04 13:52:00+05:30,240.1,240.75,236.0,239.95,28425,1027050,7.16,25981.55,25800.0,25800,ATM-4,CALL,26000,2025-12-04
2025-12-04 13:53:00+05:30,279.45,280.35,273.35,277.4,4875,93975,7.29,25974.85,25750.0,25800,ATM-4,CALL,26000,2025-12-04
2025-12-04 13:54:00+05:30,237.1,239.0,235.1,237.45,22125,1024650,7.52,25975.55,25800.0,25800,ATM-4,CALL,26000,2025-12-04
2025-12-04 13:55:00+05:30,278.75,279.8,272.6,273.7,7275,93975,7.18,25971.95,25750.0,25800,ATM-4,CALL,26000,2025-12-04
2025-12-04 13:56:00+05:30,275.35,277.6,274.55,275.95,4350,95400,7.37,25974.4,25750.0,25800,ATM-4,CALL,26000,2025-12-04
2025-12-04 13:57:00+05:30,235.0,236.35,230.0,236.0,20850,1023975,7.42,25975.8,25800.0,25800,ATM-4,CALL,26000,2025-12-04
2025-12-04 13:58:00+05:30,275.4,280.9,275.4,279.0,4500,95400,7.66,25974.05,25750.0,25800,ATM-4,CALL,26000,2025-12-04
2025-12-04 13:59:00+05:30,276.75,276.75,276.5,276.5,300,96225,7.35,25973.3,25750.0,25800,ATM-4,CALL,26000,2025-12-04
2025-12-04 14:00:00+05:30,275.15,276.55,271.5,276.55,10800,96225,7.48,25972.3,25750.0,25800,ATM-4,CALL,26000,2025-12-04
2025-12-04 14:01:00+05:30,236.1,245.5,234.4,241.6,76425,1023750,7.55,25979.95,25800.0,25800,ATM-4,CALL,26000,2025-12-04
2025-12-04 14:02:00+05:30,239.8,244.8,239.8,241.4,34575,1019850,7.41,25980.35,25800.0,25800,ATM-4,CALL,26000,2025-12-04
2025-12-04 14:03:00+05:30,240.25,241.8,232.0,239.9,61050,1019850,7.41,25978.75,25800.0,25800,ATM-4,CALL,26000,2025-12-04
2025-12-04 14:04:00+05:30,240.6,247.0,240.6,245.1,76575,1019850,7.23,25986.7,25800.0,25800,ATM-4,CALL,26000,2025-12-04
2025-12-04 14:05:00+05:30,245.8,245.8,238.1,242.65,68325,1020675,7.53,25980.35,25800.0,25800,ATM-4,CALL,26000,2025-12-04
2025-12-04 14:06:00+05:30,241.45,243.1,239.4,243.1,22650,1020675,7.48,25982.0,25800.0,25800,ATM-4,CALL,26000,2025-12-04
2025-12-04 14:07:00+05:30,244.5,253.75,244.05,253.75,82725,1020675,7.19,25998.25,25800.0,25800,ATM-4,CALL,26000,2025-12-04
2025-12-04 14:08:00+05:30,252.15,253.45,249.3,252.1,59625,1004400,6.52,26001.55,25800.0,25800,ATM-4,CALL,26000,2025-12-04
2025-12-04 14:09:00+05:30,252.15,253.65,249.75,251.8,32775,1004400,6.23,26005.6,25800.0,25800,ATM-4,CALL,26000,2025-12-04
2025-12-04 14:10:00+05:30,251.2,271.3,251.2,265.0,148650,1004400,6.05,26017.4,25800.0,25800,ATM-4,CALL,26000,2025-12-04
2025-12-04 14:11:00+05:30,267.0,269.05,256.3,260.5,63825,985950,6.9,26007.55,25800.0,25800,ATM-4,CALL,26000,2025-12-04
2025-12-04 14:12:00+05:30,258.5,264.0,258.5,263.0,37125,985950,7.01,26009.2,25800.0,25800,ATM-4,CALL,26000,2025-12-04
2025-12-04 14:13:00+05:30,263.45,265.9,258.4,261.65,29700,985950,7.5,26004.15,25800.0,25800,ATM-4,CALL,26000,2025-12-04
2025-12-04 14:14:00+05:30,261.9,264.35,259.65,261.0,20400,980775,7.44,26004.05,25800.0,25800,ATM-4,CALL,26000,2025-12-04
2025-12-04 14:15:00+05:30,262.15,264.6,257.45,258.8,25275,980775,7.51,26001.75,25800.0,25800,ATM-4,CALL,26000,2025-12-04
2025-12-04 14:16:00+05:30,258.7,260.95,254.8,260.95,45825,980775,7.71,26001.6,25800.0,25800,ATM-4,CALL,26000,2025-12-04
2025-12-04 14:17:00+05:30,261.0,267.0,260.3,266.25,59325,970275,7.56,26009.45,25800.0,25800,ATM-4,CALL,26000,2025-12-04
2025-12-04 14:18:00+05:30,266.3,267.0,262.95,264.45,24675,970275,7.53,26008.75,25800.0,25800,ATM-4,CALL,26000,2025-12-04
2025-12-04 14:19:00+05:30,264.9,265.55,258.5,258.5,26250,970275,7.57,26001.0,25800.0,25800,ATM-4,CALL,26000,2025-12-04
2025-12-04 14:20:00+05:30,258.2,259.45,254.35,256.0,37425,973200,7.53,25997.45,25800.0,25800,ATM-4,CALL,26000,2025-12-04
2025-12-04 14:21:00+05:30,255.25,256.05,248.45,254.5,43875,973200,7.63,25995.0,25800.0,25800,ATM-4,CALL,26000,2025-12-04
2025-12-04 14:22:00+05:30,254.5,259.0,252.25,256.4,19350,973200,7.84,25995.3,25800.0,25800,ATM-4,CALL,26000,2025-12-04
2025-12-04 14:23:00+05:30,256.1,268.8,256.0,268.8,59850,963450,8.24,26007.0,25800.0,25800,ATM-4,CALL,26000,2025-12-04
2025-12-04 14:24:00+05:30,270.05,270.6,260.8,260.8,80925,963450,7.68,26002.25,25800.0,25800,ATM-4,CALL,26000,2025-12-04
2025-12-04 14:25:00+05:30,261.65,263.1,257.2,261.5,48225,963450,7.88,26000.7,25800.0,25800,ATM-4,CALL,26000,2025-12-04
2025-12-04 14:26:00+05:30,259.75,266.95,259.65,265.5,31050,939900,7.89,26006.75,25800.0,25800,ATM-4,CALL,26000,2025-12-04
2025-12-04 14:27:00+05:30,265.05,267.35,262.75,265.0,30225,939900,7.71,26007.5,25800.0,25800,ATM-4,CALL,26000,2025-12-04
2025-12-04 14:28:00+05:30,264.8,266.0,262.0,265.4,17100,939900,7.87,26006.15,25800.0,25800,ATM-4,CALL,26000,2025-12-04
2025-12-04 14:29:00+05:30,265.2,271.15,265.2,269.0,48000,935850,7.38,26014.0,25800.0,25800,ATM-4,CALL,26000,2025-12-04
2025-12-04 14:30:00+05:30,270.25,274.3,267.5,268.85,55125,935850,7.22,26016.25,25800.0,25800,ATM-4,CALL,26000,2025-12-04
2025-12-04 14:31:00+05:30,270.0,272.95,266.65,271.45,24600,935850,7.5,26015.55,25800.0,25800,ATM-4,CALL,26000,2025-12-04
2025-12-04 14:32:00+05:30,271.4,272.0,263.45,265.05,41400,930900,7.58,26008.7,25800.0,25800,ATM-4,CALL,26000,2025-12-04
2025-12-04 14:33:00+05:30,265.6,270.0,264.4,268.85,15300,930900,7.76,26010.1,25800.0,25800,ATM-4,CALL,26000,2025-12-04
2025-12-04 14:34:00+05:30,268.95,269.5,266.0,266.95,9375,930900,7.84,26008.95,25800.0,25800,ATM-4,CALL,26000,2025-12-04
2025-12-04 14:35:00+05:30,266.0,266.65,259.1,261.85,35250,930900,7.72,26003.8,25800.0,25800,ATM-4,CALL,26000,2025-12-04
2025-12-04 14:36:00+05:30,261.05,265.05,257.1,259.3,36300,930900,7.61,26000.4,25800.0,25800,ATM-4,CALL,26000,2025-12-04
2025-12-04 14:37:00+05:30,259.6,261.8,258.45,260.75,19725,930900,7.51,26004.1,25800.0,25800,ATM-4,CALL,26000,2025-12-04
2025-12-04 14:38:00+05:30,264.0,272.0,262.9,271.35,58875,929400,7.84,26013.55,25800.0,25800,ATM-4,CALL,26000,2025-12-04
2025-12-04 14:39:00+05:30,271.1,275.2,268.6,271.75,59700,929400,7.82,26013.75,25800.0,25800,ATM-4,CALL,26000,2025-12-04
2025-12-04 14:40:00+05:30,271.85,274.0,271.3,271.95,17475,929400,7.48,26017.5,25800.0,25800,ATM-4,CALL,26000,2025-12-04
2025-12-04 14:41:00+05:30,273.6,274.95,270.25,270.8,38325,923625,7.61,26015.45,25800.0,25800,ATM-4,CALL,26000,2025-12-04
2025-12-04 14:42:00+05:30,272.0,276.65,266.3,268.8,48825,923625,7.41,26015.5,25800.0,25800,ATM-4,CALL,26000,2025-12-04
2025-12-04 14:43:00+05:30,269.2,272.0,265.45,266.55,21150,923625,7.91,26007.85,25800.0,25800,ATM-4,CALL,26000,2025-12-04
2025-12-04 14:44:00+05:30,267.75,268.0,263.7,263.7,34950,915750,8.27,26000.6,25800.0,25800,ATM-4,CALL,26000,2025-12-04
2025-12-04 14:45:00+05:30,262.45,266.8,254.4,255.5,68625,915750,8.11,25992.35,25800.0,25800,ATM-4,CALL,26000,2025-12-04
2025-12-04 14:46:00+05:30,255.35,259.4,252.25,254.7,45375,915750,8.19,25988.7,25800.0,25800,ATM-4,CALL,26000,2025-12-04
2025-12-04 14:47:00+05:30,255.3,264.45,254.0,262.0,43425,913800,7.8,26001.55,25800.0,25800,ATM-4,CALL,26000,2025-12-04
2025-12-04 14:48:00+05:30,261.8,263.75,258.1,261.0,32850,913800,7.53,26003.3,25800.0,25800,ATM-4,CALL,26000,2025-12-04
2025-12-04 14:49:00+05:30,261.0,262.05,259.6,261.2,12375,913800,7.34,26003.65,25800.0,25800,ATM-4,CALL,26000,2025-12-04
2025-12-04 14:50:00+05:30,261.7,272.85,261.0,272.1,65175,912150,7.77,26014.1,25800.0,25800,ATM-4,CALL,26000,2025-12-04
2025-12-04 14:51:00+05:30,271.2,275.7,268.65,275.7,71625,912150,7.89,26018.15,25800.0,25800,ATM-4,CALL,26000,2025-12-04
2025-12-04 14:52:00+05:30,234.2,242.95,233.95,241.1,50550,489525,7.9,26026.15,25850.0,25800,ATM-4,CALL,26000,2025-12-04
2025-12-04 14:53:00+05:30,282.7,283.75,278.85,280.5,56325,912450,7.84,26023.0,25800.0,25800,ATM-4,CALL,26000,2025-12-04
2025-12-04 14:54:00+05:30,239.35,243.35,238.65,241.45,25350,457800,8.02,26025.05,25850.0,25800,ATM-4,CALL,26000,2025-12-04
2025-12-04 14:55:00+05:30,240.65,244.1,239.9,242.6,37125,457800,7.66,26029.45,25850.0,25800,ATM-4,CALL,26000,2025-12-04
2025-12-04 14:56:00+05:30,242.25,254.6,242.25,254.05,59925,443925,8.09,26039.65,25850.0,25800,ATM-4,CALL,26000,2025-12-04
2025-12-04 14:57:00+05:30,249.2,253.35,249.2,250.05,40350,443925,7.93,26036.45,25850.0,25800,ATM-4,CALL,26000,2025-12-04
2025-12-04 14:58:00+05:30,249.6,254.0,249.35,252.8,28350,443925,7.89,26039.35,25850.0,25800,ATM-4,CALL,26000,2025-12-04
2025-12-04 14:59:00+05:30,253.15,258.75,252.2,254.0,32400,404325,7.76,26043.25,25850.0,25800,ATM-4,CALL,26000,2025-12-04
2025-12-04 15:00:00+05:30,253.6,260.7,253.6,260.45,40650,404325,8.03,26048.45,25850.0,25800,ATM-4,CALL,26000,2025-12-04
2025-12-04 15:01:00+05:30,256.3,263.7,256.3,260.0,34125,404325,7.69,26050.5,25850.0,25800,ATM-4,CALL,26000,2025-12-04
2025-12-04 15:02:00+05:30,261.45,265.0,260.75,262.0,34650,389175,7.38,26057.65,25850.0,25800,ATM-4,CALL,26000,2025-12-04
2025-12-04 15:03:00+05:30,261.85,261.95,255.85,256.85,28275,389175,7.72,26047.5,25850.0,25800,ATM-4,CALL,26000,2025-12-04
2025-12-04 15:04:00+05:30,257.1,258.5,254.8,257.6,18975,389175,7.59,26049.4,25850.0,25800,ATM-4,CALL,26000,2025-12-04
2025-12-04 15:05:00+05:30,257.95,261.75,256.8,260.5,16500,377925,7.56,26052.75,25850.0,25800,ATM-4,CALL,26000,2025-12-04
2025-12-04 15:06:00+05:30,260.8,261.6,258.3,259.5,11025,377925,7.53,26052.85,25850.0,25800,ATM-4,CALL,26000,2025-12-04
2025-12-04 15:07:00+05:30,258.95,258.95,255.7,255.7,19650,377925,6.85,26052.95,25850.0,25800,ATM-4,CALL,26000,2025-12-04
2025-12-04 15:08:00+05:30,256.85,256.95,250.6,255.6,28125,371175,7.14,26051.35,25850.0,25800,ATM-4,CALL,26000,2025-12-04
2025-12-04 15:09:00+05:30,256.25,256.3,251.75,251.8,10425,371175,7.22,26046.6,25850.0,25800,ATM-4,CALL,26000,2025-12-04
2025-12-04 15:10:00+05:30,252.7,256.2,252.0,255.0,26250,371175,7.03,26051.4,25850.0,25800,ATM-4,CALL,26000,2025-12-04
2025-12-04 15:11:00+05:30,257.45,260.6,257.0,258.65,16950,374625,7.38,26053.4,25850.0,25800,ATM-4,CALL,26000,2025-12-04
2025-12-04 15:12:00+05:30,259.35,259.35,254.7,256.2,13650,374625,7.87,26045.1,25850.0,25800,ATM-4,CALL,26000,2025-12-04
2025-12-04 15:13:00+05:30,255.8,255.9,251.6,254.85,12075,374625,8.21,26041.35,25850.0,25800,ATM-4,CALL,26000,2025-12-04
2025-12-04 15:14:00+05:30,254.55,254.55,250.7,252.55,16800,359175,8.21,26037.7,25850.0,25800,ATM-4,CALL,26000,2025-12-04
2025-12-04 15:15:00+05:30,252.65,252.65,246.95,249.8,35700,359175,8.06,26036.65,25850.0,25800,ATM-4,CALL,26000,2025-12-04
2025-12-04 15:16:00+05:30,249.8,250.6,245.85,248.75,16950,359175,8.2,26032.25,25850.0,25800,ATM-4,CALL,26000,2025-12-04
2025-12-04 15:17:00+05:30,248.0,248.85,243.3,243.3,9450,350700,8.07,26027.65,25850.0,25800,ATM-4,CALL,26000,2025-12-04
2025-12-04 15:18:00+05:30,242.9,250.0,240.0,250.0,17250,350700,8.49,26031.0,25850.0,25800,ATM-4,CALL,26000,2025-12-04
2025-12-04 15:19:00+05:30,250.55,253.25,249.3,253.15,18000,350700,8.06,26040.9,25850.0,25800,ATM-4,CALL,26000,2025-12-04
2025-12-04 15:20:00+05:30,252.25,252.75,248.45,252.35,18225,337875,8.77,26032.5,25850.0,25800,ATM-4,CALL,26000,2025-12-04
2025-12-04 15:21:00+05:30,252.45,254.75,250.5,251.65,10275,337875,8.69,26031.0,25850.0,25800,ATM-4,CALL,26000,2025-12-04
2025-12-04 15:22:00+05:30,292.75,294.8,290.7,290.95,14175,815400,9.1,26023.95,25800.0,25800,ATM-4,CALL,26000,2025-12-04
2025-12-04 15:23:00+05:30,249.25,251.9,249.15,251.55,8700,336450,8.78,26032.1,25850.0,25800,ATM-4,CALL,26000,2025-12-04
2025-12-04 15:24:00+05:30,251.05,253.2,250.7,251.65,11700,336450,8.82,26030.45,25850.0,25800,ATM-4,CALL,26000,2025-12-04
2025-12-04 15:25:00+05:30,251.1,252.4,250.0,250.1,9075,336450,8.9,26026.4,25850.0,25800,ATM-4,CALL,26000,2025-12-04
2025-12-04 15:26:00+05:30,292.35,294.5,290.1,290.5,37650,781350,9.11,26023.95,25800.0,25800,ATM-4,CALL,26000,2025-12-04
2025-12-04 15:27:00+05:30,290.15,291.15,288.0,289.75,18825,781350,8.93,26018.75,25800.0,25800,ATM-4,CALL,26000,2025-12-04
2025-12-04 15:28:00+05:30,290.05,292.75,290.05,292.0,28725,781350,10.14,26015.6,25800.0,25800,ATM-4,CALL,26000,2025-12-04
2025-12-04 15:29:00+05:30,292.0,292.25,290.2,291.0,70200,756750,9.91,26017.1,25800.0,25800,ATM-4,CALL,26000,2025-12-04
2025-12-04 09:15:00+05:30,40.0,42.0,33.45,40.2,924975,2811450,9.8,25950.75,25750.0,25800,ATM-4,PUT,26000,2025-12-04
2025-12-04 09:16:00+05:30,40.9,41.15,36.5,37.35,515475,2811450,9.61,25955.15,25750.0,25800,ATM-4,PUT,26000,2025-12-04
2025-12-04 09:17:00+05:30,37.4,38.5,35.7,35.7,504675,2811450,9.5,25959.1,25750.0,25800,ATM-4,PUT,26000,2025-12-04
2025-12-04 09:18:00+05:30,36.05,37.0,35.95,37.0,245850,3164325,9.64,25958.5,25750.0,25800,ATM-4,PUT,26000,2025-12-04
2025-12-04 09:19:00+05:30,36.7,40.05,36.3,39.25,352500,3164325,9.68,25949.55,25750.0,25800,ATM-4,PUT,26000,2025-12-04
2025-12-04 09:20:00+05:30,39.6,39.85,38.15,39.2,294150,3164325,9.62,25948.6,25750.0,25800,ATM-4,PUT,26000,2025-12-04
2025-12-04 09:21:00+05:30,38.75,39.95,37.55,37.85,439650,3164325,9.7,25955.4,25750.0,25800,ATM-4,PUT,26000,2025-12-04
2025-12-04 09:22:00+05:30,37.8,39.45,36.8,36.9,185700,3233775,9.69,25961.85,25750.0,25800,ATM-4,PUT,26000,2025-12-04
2025-12-04 09:23:00+05:30,48.0,48.55,44.35,44.45,866925,5458725,9.84,25985.45,25800.0,25800,ATM-4,PUT,26000,2025-12-04
2025-12-04 09:24:00+05:30,44.5,45.55,41.65,41.75,704400,5458725,9.71,25992.65,25800.0,25800,ATM-4,PUT,26000,2025-12-04
2025-12-04 09:25:00+05:30,41.85,44.45,41.85,43.6,879750,5570250,9.6,25977.6,25800.0,25800,ATM-4,PUT,26000,2025-12-04
2025-12-04 09:26:00+05:30,43.85,44.55,42.15,42.5,359025,5570250,9.52,25979.2,25800.0,25800,ATM-4,PUT,26000,2025-12-04
2025-12-04 09:27:00+05:30,42.4,44.0,41.4,42.1,382275,5570250,9.65,25986.25,25800.0,25800,ATM-4,PUT,26000,2025-12-04
2025-12-04 09:28:00+05:30,41.9,42.35,40.65,41.05,375375,5942475,9.62,25990.8,25800.0,25800,ATM-4,PUT,26000,2025-12-04
2025-12-04 09:29:00+05:30,41.15,41.6,39.45,39.55,403800,5942475,9.58,25995.85,25800.0,25800,ATM-4,PUT,26000,2025-12-04
2025-12-04 09:30:00+05:30,39.65,40.7,38.75,39.15,375375,5942475,9.6,25997.05,25800.0,25800,ATM-4,PUT,26000,2025-12-04
2025-12-04 09:31:00+05:30,39.85,40.3,38.15,39.65,317850,6129750,9.62,25995.95,25800.0,25800,ATM-4,PUT,26000,2025-12-04
2025-12-04 09:32:00+05:30,39.6,43.0,39.5,41.4,505050,6129750,9.52,25983.85,25800.0,25800,ATM-4,PUT,26000,2025-12-04
2025-12-04 09:33:00+05:30,41.35,42.45,39.15,39.3,320400,6129750,9.5,25990.9,25800.0,25800,ATM-4,PUT,26000,2025-12-04
2025-12-04 09:34:00+05:30,39.15,39.55,36.5,36.55,432675,6229050,9.42,26000.8,25800.0,25800,ATM-4,PUT,26000,2025-12-04
2025-12-04 09:35:00+05:30,36.65,36.8,34.0,34.25,647025,6229050,9.52,26016.75,25800.0,25800,ATM-4,PUT,26000,2025-12-04
2025-12-04 09:36:00+05:30,34.25,34.65,33.55,34.0,419325,6229050,9.56,26021.3,25800.0,25800,ATM-4,PUT,26000,2025-12-04
2025-12-04 09:37:00+05:30,44.35,44.7,43.15,44.15,283650,3680925,9.58,26025.25,25850.0,25800,ATM-4,PUT,26000,2025-12-04
2025-12-04 09:38:00+05:30,33.65,34.8,33.25,34.8,447600,6170325,9.6,26018.65,25800.0,25800,ATM-4,PUT,26000,2025-12-04
2025-12-04 09:39:00+05:30,35.2,36.0,34.6,35.5,359325,6170325,9.59,26013.45,25800.0,25800,ATM-4,PUT,26000,2025-12-04
2025-12-04 09:40:00+05:30,35.55,38.85,35.1,37.05,476700,6411750,9.52,26003.5,25800.0,25800,ATM-4,PUT,26000,2025-12-04
2025-12-04 09:41:00+05:30,37.1,38.8,36.45,36.45,376950,6411750,9.52,26004.5,25800.0,25800,ATM-4,PUT,26000,2025-12-04
2025-12-04 09:42:00+05:30,36.35,36.35,34.8,35.9,383550,6411750,9.6,26011.85,25800.0,25800,ATM-4,PUT,26000,2025-12-04
2025-12-04 09:43:00+05:30,35.7,35.9,34.45,34.65,413700,6263250,9.56,26016.45,25800.0,25800,ATM-4,PUT,26000,2025-12-04
2025-12-04 09:44:00+05:30,44.65,45.05,42.3,42.85,237750,3839625,9.51,26028.15,25850.0,25800,ATM-4,PUT,26000,2025-12-04
2025-12-04 09:45:00+05:30,43.2,43.55,42.65,43.35,218625,3839625,9.51,26025.2,25850.0,25800,ATM-4,PUT,26000,2025-12-04
2025-12-04 09:46:00+05:30,33.4,33.85,32.0,33.25,308250,6259575,9.53,26021.95,25800.0,25800,ATM-4,PUT,26000,2025-12-04
2025-12-04 09:47:00+05:30,33.2,33.6,32.05,33.2,210750,6259575,9.51,26021.05,25800.0,25800,ATM-4,PUT,26000,2025-12-04
2025-12-04 09:48:00+05:30,33.25,34.2,32.9,33.1,197250,6259575,9.44,26017.6,25800.0,25800,ATM-4,PUT,26000,2025-12-04
2025-12-04 09:49:00+05:30,33.4,35.0,33.1,34.55,213300,6302625,9.55,26016.3,25800.0,25800,ATM-4,PUT,26000,2025-12-04
2025-12-04 09:50:00+05:30,34.45,34.95,33.7,33.9,175650,6302625,9.6,26022.5,25800.0,25800,ATM-4,PUT,26000,2025-12-04
2025-12-04 09:51:00+05:30,44.15,44.65,43.25,44.05,80400,3915900,9.56,26025.1,25850.0,25800,ATM-4,PUT,26000,2025-12-04
2025-12-04 09:52:00+05:30,43.95,44.15,40.7,41.3,231150,3898425,9.5,26032.8,25850.0,25800,ATM-4,PUT,26000,2025-12-04
2025-12-04 09:53:00+05:30,41.7,43.5,41.15,43.4,227850,3898425,9.55,26025.9,25850.0,25800,ATM-4,PUT,26000,2025-12-04
2025-12-04 09:54:00+05:30,43.65,44.5,42.6,43.2,137850,3898425,9.56,26027.9,25850.0,25800,ATM-4,PUT,26000,2025-12-04
2025-12-04 09:55:00+05:30,43.25,43.35,41.85,42.0,166950,4009125,9.56,26032.45,25850.0,25800,ATM-4,PUT,26000,2025-12-04
2025-12-04 09:56:00+05:30,42.3,42.75,41.75,42.0,130425,4009125,9.59,26033.35,25850.0,25800,ATM-4,PUT,26000,2025-12-04
2025-12-04 09:57:00+05:30,41.95,43.55,41.9,42.7,490725,4009125,9.55,26028.75,25850.0,25800,ATM-4,PUT,26000,2025-12-04
2025-12-04 09:58:00+05:30,42.65,43.5,41.2,42.1,208650,4213725,9.55,26031.05,25850.0,25800,ATM-4,PUT,26000,2025-12-04
2025-12-04 09:59:00+05:30,42.1,43.25,41.75,42.7,155250,4213725,9.56,26028.3,25850.0,25800,ATM-4,PUT,26000,2025-12-04
2025-12-04 10:00:00+05:30,42.65,43.1,41.9,42.05,151500,4213725,9.56,26031.75,25850.0,25800,ATM-4,PUT,26000,2025-12-04
2025-12-04 10:01:00+05:30,42.1,43.5,41.45,43.25,111900,4321050,9.59,26028.35,25850.0,25800,ATM-4,PUT,26000,2025-12-04
2025-12-04 10:02:00+05:30,43.45,44.35,42.1,43.55,136575,4321050,9.61,26027.3,25850.0,25800,ATM-4,PUT,26000,2025-12-04
2025-12-04 10:03:00+05:30,43.5,44.9,42.6,42.6,164475,4321050,9.48,26026.65,25850.0,25800,ATM-4,PUT,26000,2025-12-04
2025-12-04 10:04:00+05:30,42.7,43.85,42.45,43.55,76125,4345350,9.53,26025.05,25850.0,25800,ATM-4,PUT,26000,2025-12-04
2025-12-04 10:05:00+05:30,33.5,34.45,32.8,33.85,113550,6351600,9.62,26021.85,25800.0,25800,ATM-4,PUT,26000,2025-12-04
2025-12-04 10:06:00+05:30,43.95,43.95,41.65,41.8,162000,4345350,9.51,26031.9,25850.0,25800,ATM-4,PUT,26000,2025-12-04
2025-12-04 10:07:00+05:30,41.65,42.05,38.35,38.65,436950,4403475,9.39,26039.6,25850.0,25800,ATM-4,PUT,26000,2025-12-04
2025-12-04 10:08:00+05:30,39.2,40.15,38.75,39.7,218175,4403475,9.41,26036.25,25850.0,25800,ATM-4,PUT,26000,2025-12-04
2025-12-04 10:09:00+05:30,40.15,43.3,39.6,42.7,406125,4403475,9.52,26027.5,25850.0,25800,ATM-4,PUT,26000,2025-12-04
2025-12-04 10:10:00+05:30,42.55,43.0,41.9,42.15,189075,4473375,9.48,26029.0,25850.0,25800,ATM-4,PUT,26000,2025-12-04
2025-12-04 10:11:00+05:30,42.2,43.2,41.35,41.85,102000,4473375,9.47,26029.15,25850.0,25800,ATM-4,PUT,26000,2025-12-04
2025-12-04 10:12:00+05:30,41.75,41.75,40.1,40.65,186600,4473375,9.44,26034.35,25850.0,25800,ATM-4,PUT,26000,2025-12-04
2025-12-04 10:13:00+05:30,40.45,40.55,38.9,39.7,200775,4607325,9.51,26040.35,25850.0,25800,ATM-4,PUT,26000,2025-12-04
2025-12-04 10:14:00+05:30,39.75,40.0,37.85,38.9,310200,4607325,9.49,26042.75,25850.0,25800,ATM-4,PUT,26000,2025-12-04
2025-12-04 10:15:00+05:30,38.6,39.25,38.15,38.4,181875,4607325,9.44,26042.45,25850.0,25800,ATM-4,PUT,26000,2025-12-04
2025-12-04 10:16:00+05:30,39.0,39.4,38.25,38.55,162975,4744875,9.44,26043.45,25850.0,25800,ATM-4,PUT,26000,2025-12-04
2025-12-04 10:17:00+05:30,38.7,39.8,38.45,39.55,107925,4744875,9.44,26038.1,25850.0,25800,ATM-4,PUT,26000,2025-12-04
2025-12-04 10:18:00+05:30,39.2,39.55,38.05,38.2,126750,4744875,9.36,26043.7,25850.0,25800,ATM-4,PUT,26000,2025-12-04
2025-12-04 10:19:00+05:30,38.2,38.85,36.1,36.9,374100,4806525,9.37,26046.55,25850.0,25800,ATM-4,PUT,26000,2025-12-04
2025-12-04 10:20:00+05:30,36.8,37.7,36.3,37.4,435675,4806525,9.44,26048.05,25850.0,25800,ATM-4,PUT,26000,2025-12-04
2025-12-04 10:21:00+05:30,37.5,37.6,35.5,35.75,296925,4806525,9.36,26052.55,25850.0,25800,ATM-4,PUT,26000,2025-12-04
2025-12-04 10:22:00+05:30,35.8,36.7,34.75,36.45,382650,4751025,9.36,26049.05,25850.0,25800,ATM-4,PUT,26000,2025-12-04
2025-12-04 10:23:00+05:30,36.45,37.15,35.65,35.7,241575,4751025,9.31,26050.05,25850.0,25800,ATM-4,PUT,26000,2025-12-04
2025-12-04 10:24:00+05:30,35.75,36.5,35.6,36.3,81750,4751025,9.37,26050.55,25850.0,25800,ATM-4,PUT,26000,2025-12-04
2025-12-04 10:25:00+05:30,35.95,36.15,35.2,35.2,364125,4760175,9.4,26055.15,25850.0,25800,ATM-4,PUT,26000,2025-12-04
2025-12-04 10:26:00+05:30,35.25,35.55,34.05,35.2,283725,4760175,9.41,26056.0,25850.0,25800,ATM-4,PUT,26000,2025-12-04
2025-12-04 10:27:00+05:30,35.05,35.25,33.95,34.25,144675,4760175,9.33,26057.25,25850.0,25800,ATM-4,PUT,26000,2025-12-04
2025-12-04 10:28:00+05:30,34.3,34.3,32.2,32.25,316125,4663800,9.27,26065.4,25850.0,25800,ATM-4,PUT,26000,2025-12-04
2025-12-04 10:29:00+05:30,42.05,42.55,40.2,40.4,929625,10478325,9.27,26078.9,25900.0,25800,ATM-4,PUT,26000,2025-12-04
2025-12-04 10:30:00+05:30,40.35,41.15,39.75,40.85,1101750,10478325,9.37,26078.7,25900.0,25800,ATM-4,PUT,26000,2025-12-04
2025-12-04 10:31:00+05:30,40.75,40.8,39.0,39.1,682125,10275075,9.32,26085.9,25900.0,25800,ATM-4,PUT,26000,2025-12-04
2025-12-04 10:32:00+05:30,38.85,40.15,38.3,40.05,508275,10275075,9.35,26082.25,25900.0,25800,ATM-4,PUT,26000,2025-12-04
2025-12-04 10:33:00+05:30,40.1,40.9,40.0,40.15,384600,10275075,9.26,26078.05,25900.0,25800,ATM-4,PUT,26000,2025-12-04
2025-12-04 10:34:00+05:30,40.1,40.4,38.55,38.65,485625,10348350,9.26,26084.65,25900.0,25800,ATM-4,PUT,26000,2025-12-04
2025-12-04 10:35:00+05:30,38.95,39.15,38.35,38.45,366300,10348350,9.31,26087.7,25900.0,25800,ATM-4,PUT,26000,2025-12-04
2025-12-04 10:36:00+05:30,38.25,38.5,37.95,38.2,363075,10348350,9.42,26092.35,25900.0,25800,ATM-4,PUT,26000,2025-12-04
2025-12-04 10:37:00+05:30,38.4,38.8,37.8,38.05,675750,10375200,9.44,26094.9,25900.0,25800,ATM-4,PUT,26000,2025-12-04
2025-12-04 10:38:00+05:30,38.05,38.4,37.7,38.15,490425,10375200,9.35,26090.8,25900.0,25800,ATM-4,PUT,26000,2025-12-04
2025-12-04 10:39:00+05:30,38.3,39.2,38.25,38.8,291075,10375200,9.37,26089.6,25900.0,25800,ATM-4,PUT,26000,2025-12-04
2025-12-04 10:40:00+05:30,38.75,38.9,37.2,38.6,407025,10429050,9.37,26090.65,25900.0,25800,ATM-4,PUT,26000,2025-12-04
2025-12-04 10:41:00+05:30,38.65,38.9,37.45,37.8,285525,10429050,9.37,26093.2,25900.0,25800,ATM-4,PUT,26000,2025-12-04
2025-12-04 10:42:00+05:30,37.85,37.95,37.0,37.6,300150,10429050,9.37,26093.55,25900.0,25800,ATM-4,PUT,26000,2025-12-04
2025-12-04 10:43:00+05:30,37.6,38.0,37.05,37.75,160425,10549275,9.39,26094.6,25900.0,25800,ATM-4,PUT,26000,2025-12-04
2025-12-04 10:44:00+05:30,37.65,38.3,36.95,38.1,190725,10549275,9.39,26092.7,25900.0,25800,ATM-4,PUT,26000,2025-12-04
2025-12-04 10:45:00+05:30,38.05,38.35,37.8,38.15,206250,10549275,9.47,26097.1,25900.0,25800,ATM-4,PUT,26000,2025-12-04
2025-12-04 10:46:00+05:30,38.0,38.65,37.85,38.3,133200,10544400,9.46,26094.7,25900.0,25800,ATM-4,PUT,26000,2025-12-04
2025-12-04 10:47:00+05:30,38.2,38.9,38.15,38.9,261300,10544400,9.37,26089.9,25900.0,25800,ATM-4,PUT,26000,2025-12-04
2025-12-04 10:48:00+05:30,38.95,39.45,38.65,38.75,325050,10544400,9.34,26087.8,25900.0,25800,ATM-4,PUT,26000,2025-12-04
2025-12-04 10:49:00+05:30,38.6,39.4,38.6,39.25,249150,10581825,9.32,26083.4,25900.0,25800,ATM-4,PUT,26000,2025-12-04
2025-12-04 10:50:00+05:30,39.25,39.45,38.9,39.3,224775,10581825,9.27,26082.9,25900.0,25800,ATM-4,PUT,26000,2025-12-04
2025-12-04 10:51:00+05:30,39.3,39.55,38.8,38.95,175350,10581825,9.28,26084.25,25900.0,25800,ATM-4,PUT,26000,2025-12-04
2025-12-04 10:52:00+05:30,38.9,39.25,38.65,39.05,133950,10581600,9.27,26082.75,25900.0,25800,ATM-4,PUT,26000,2025-12-04
2025-12-04 10:53:00+05:30,38.9,39.95,38.8,39.2,219300,10581600,9.19,26079.6,25900.0,25800,ATM-4,PUT,26000,2025-12-04
2025-12-04 10:54:00+05:30,39.15,39.6,38.8,39.4,195750,10581600,9.21,26078.05,25900.0,25800,ATM-4,PUT,26000,2025-12-04
2025-12-04 10:55:00+05:30,39.6,39.65,38.65,38.9,154725,10586400,9.18,26079.2,25900.0,25800,ATM-4,PUT,26000,2025-12-04
2025-12-04 10:56:00+05:30,38.8,39.6,38.6,39.0,139200,10586400,9.13,26078.4,25900.0,25800,ATM-4,PUT,26000,2025-12-04
2025-12-04 10:57:00+05:30,39.1,39.2,38.25,38.25,191475,10586400,9.16,26080.95,25900.0,25800,ATM-4,PUT,26000,2025-12-04
2025-12-04 10:58:00+05:30,38.1,38.1,36.8,37.45,419025,10653150,9.13,26085.5,25900.0,25800,ATM-4,PUT,26000,2025-12-04
2025-12-04 10:59:00+05:30,37.4,40.0,37.1,39.9,363750,10653150,9.21,26075.5,25900.0,25800,ATM-4,PUT,26000,2025-12-04
2025-12-04 11:00:00+05:30,39.85,40.15,39.4,39.65,264675,10653150,9.22,26076.55,25900.0,25800,ATM-4,PUT,26000,2025-12-04
2025-12-04 11:01:00+05:30,39.65,39.7,38.4,39.05,150825,10556325,9.19,26079.6,25900.0,25800,ATM-4,PUT,26000,2025-12-04
2025-12-04 11:02:00+05:30,39.05,39.45,38.3,39.2,114075,10556325,9.26,26082.1,25900.0,25800,ATM-4,PUT,26000,2025-12-04
2025-12-04 11:03:00+05:30,39.15,39.15,38.0,39.05,140025,10556325,9.27,26082.65,25900.0,25800,ATM-4,PUT,26000,2025-12-04
2025-12-04 11:04:00+05:30,38.95,39.1,37.75,38.5,112875,10562775,9.19,26083.0,25900.0,25800,ATM-4,PUT,26000,2025-12-04
2025-12-04 11:05:00+05:30,38.45,38.7,38.05,38.1,84225,10562775,9.17,26082.95,25900.0,25800,ATM-4,PUT,26000,2025-12-04
2025-12-04 11:06:00+05:30,38.1,38.7,37.6,38.35,114225,10562775,9.21,26083.9,25900.0,25800,ATM-4,PUT,26000,2025-12-04
2025-12-04 11:07:00+05:30,38.35,39.35,38.2,39.1,82950,10575450,9.24,26080.6,25900.0,25800,ATM-4,PUT,26000,2025-12-04
2025-12-04 11:08:00+05:30,39.0,40.15,38.8,40.15,182400,10575450,9.25,26076.7,25900.0,25800,ATM-4,PUT,26000,2025-12-04
2025-12-04 11:09:00+05:30,30.9,30.9,30.35,30.9,145500,4493625,9.34,26074.7,25850.0,25800,ATM-4,PUT,26000,2025-12-04
2025-12-04 11:10:00+05:30,40.5,40.95,39.7,39.75,420750,10593150,9.18,26076.0,25900.0,25800,ATM-4,PUT,26000,2025-12-04
2025-12-04 11:11:00+05:30,30.4,31.1,30.25,30.9,100650,4495725,9.3,26073.2,25850.0,25800,ATM-4,PUT,26000,2025-12-04
2025-12-04 11:12:00+05:30,30.9,31.5,30.35,31.25,90675,4495725,9.34,26073.0,25850.0,25800,ATM-4,PUT,26000,2025-12-04
2025-12-04 11:13:00+05:30,31.6,31.6,30.9,31.15,133950,4493175,9.27,26070.4,25850.0,25800,ATM-4,PUT,26000,2025-12-04
2025-12-04 11:14:00+05:30,40.95,40.95,39.5,39.55,250950,10585800,9.19,26077.05,25900.0,25800,ATM-4,PUT,26000,2025-12-04
2025-12-04 11:15:00+05:30,30.3,31.1,30.25,31.1,62325,4493175,9.27,26070.5,25850.0,25800,ATM-4,PUT,26000,2025-12-04
2025-12-04 11:16:00+05:30,30.85,31.05,30.4,30.4,67200,4461675,9.27,26073.05,25850.0,25800,ATM-4,PUT,26000,2025-12-04
2025-12-04 11:17:00+05:30,39.8,40.5,39.45,39.7,221100,10653975,9.18,26075.6,25900.0,25800,ATM-4,PUT,26000,2025-12-04
2025-12-04 11:18:00+05:30,30.4,32.0,30.25,31.5,134925,4461675,9.28,26068.0,25850.0,25800,ATM-4,PUT,26000,2025-12-04
2025-12-04 11:19:00+05:30,31.45,31.45,30.7,31.0,84075,4440375,9.25,26070.3,25850.0,25800,ATM-4,PUT,26000,2025-12-04
2025-12-04 11:20:00+05:30,30.95,32.1,30.95,31.5,134400,4440375,9.22,26065.55,25850.0,25800,ATM-4,PUT,26000,2025-12-04
2025-12-04 11:21:00+05:30,31.6,31.7,30.75,31.2,132675,4440375,9.24,26068.1,25850.0,25800,ATM-4,PUT,26000,2025-12-04
2025-12-04 11:22:00+05:30,31.25,31.45,30.5,31.1,96450,4448475,9.26,26069.4,25850.0,25800,ATM-4,PUT,26000,2025-12-04
2025-12-04 11:23:00+05:30,31.05,32.35,30.95,32.1,124800,4448475,9.22,26064.3,25850.0,25800,ATM-4,PUT,26000,2025-12-04
2025-12-04 11:24:00+05:30,32.55,32.9,31.65,31.8,171000,4448475,9.22,26063.15,25850.0,25800,ATM-4,PUT,26000,2025-12-04
2025-12-04 11:25:00+05:30,31.75,31.85,30.85,31.0,95325,4433475,9.21,26067.9,25850.0,25800,ATM-4,PUT,26000,2025-12-04
2025-12-04 11:26:00+05:30,31.05,32.3,31.05,31.7,95250,4433475,9.27,26066.15,25850.0,25800,ATM-4,PUT,26000,2025-12-04
2025-12-04 11:27:00+05:30,31.8,32.9,31.45,32.65,100425,4433475,9.28,26063.35,25850.0,25800,ATM-4,PUT,26000,2025-12-04
2025-12-04 11:28:00+05:30,32.65,33.2,32.25,32.65,122550,4395975,9.27,26062.6,25850.0,25800,ATM-4,PUT,26000,2025-12-04
2025-12-04 11:29:00+05:30,32.6,33.05,32.35,32.65,112050,4395975,9.18,26060.6,25850.0,25800,ATM-4,PUT,26000,2025-12-04
2025-12-04 11:30:00+05:30,33.9,34.0,32.55,32.8,215475,4395975,9.27,26060.35,25850.0,25800,ATM-4,PUT,26000,2025-12-04
2025-12-04 11:31:00+05:30,32.7,33.4,31.7,33.0,136950,4386675,9.27,26060.0,25850.0,25800,ATM-4,PUT,26000,2025-12-04
2025-12-04 11:32:00+05:30,33.1,33.5,32.5,33.2,95100,4386675,9.3,26060.25,25850.0,25800,ATM-4,PUT,26000,2025-12-04
2025-12-04 11:33:00+05:30,33.2,33.2,32.0,32.4,154275,4386675,9.25,26063.2,25850.0,25800,ATM-4,PUT,26000,2025-12-04
2025-12-04 11:34:00+05:30,32.6,33.6,32.15,32.9,119400,4428225,9.27,26061.3,25850.0,25800,ATM-4,PUT,26000,2025-12-04
2025-12-04 11:35:00+05:30,32.85,33.1,32.3,32.35,43125,4428225,9.22,26060.7,25850.0,25800,ATM-4,PUT,26000,2025-12-04
2025-12-04 11:36:00+05:30,32.25,32.95,31.7,32.1,92175,4428225,9.16,26060.55,25850.0,25800,ATM-4,PUT,26000,2025-12-04
2025-12-04 11:37:00+05:30,32.35,34.15,32.35,33.8,131100,4424775,9.22,26052.9,25850.0,25800,ATM-4,PUT,26000,2025-12-04
2025-12-04 11:38:00+05:30,33.6,38.15,33.15,36.5,441450,4424775,9.22,26039.35,25850.0,25800,ATM-4,PUT,26000,2025-12-04
2025-12-04 11:39:00+05:30,36.4,37.95,36.3,37.0,767400,4424775,9.13,26034.75,25850.0,25800,ATM-4,PUT,26000,2025-12-04
2025-12-04 11:40:00+05:30,37.2,37.45,35.75,36.3,340200,4279800,9.17,26038.15,25850.0,25800,ATM-4,PUT,26000,2025-12-04
2025-12-04 11:41:00+05:30,36.2,38.55,35.95,38.55,263775,4279800,9.3,26033.45,25850.0,25800,ATM-4,PUT,26000,2025-12-04
2025-12-04 11:42:00+05:30,38.45,39.6,37.8,39.0,343875,4279800,9.19,26028.2,25850.0,25800,ATM-4,PUT,26000,2025-12-04
2025-12-04 11:43:00+05:30,29.35,30.05,29.05,29.9,396600,6765225,9.24,26023.45,25800.0,25800,ATM-4,PUT,26000,2025-12-04
2025-12-04 11:44:00+05:30,39.5,39.5,38.5,39.0,196725,4169850,9.17,26028.8,25850.0,25800,ATM-4,PUT,26000,2025-12-04
2025-12-04 11:45:00+05:30,29.5,32.25,29.25,31.9,504000,6765225,9.27,26015.15,25800.0,25800,ATM-4,PUT,26000,2025-12-04
2025-12-04 11:46:00+05:30,41.7,42.0,38.9,39.5,476475,4239525,9.18,26025.5,25850.0,25800,ATM-4,PUT,26000,2025-12-04
2025-12-04 11:47:00+05:30,39.55,39.7,38.5,39.25,183375,4239525,9.22,26028.45,25850.0,25800,ATM-4,PUT,26000,2025-12-04
2025-12-04 11:48:00+05:30,38.85,40.0,38.5,39.05,157500,4239525,9.18,26025.95,25850.0,25800,ATM-4,PUT,26000,2025-12-04
2025-12-04 11:49:00+05:30,39.1,39.95,37.75,38.15,179550,4263525,9.19,26031.3,25850.0,25800,ATM-4,PUT,26000,2025-12-04
2025-12-04 11:50:00+05:30,38.05,39.0,38.05,38.5,119925,4263525,9.17,26029.6,25850.0,25800,ATM-4,PUT,26000,2025-12-04
2025-12-04 11:51:00+05:30,28.9,30.65,28.9,29.8,259275,6718275,9.22,26022.9,25800.0,25800,ATM-4,PUT,26000,2025-12-04
2025-12-04 11:52:00+05:30,29.9,30.4,29.5,30.15,154125,6760800,9.22,26021.9,25800.0,25800,ATM-4,PUT,26000,2025-12-04
2025-12-04 11:53:00+05:30,30.25,30.8,30.0,30.65,170550,6760800,9.22,26018.35,25800.0,25800,ATM-4,PUT,26000,2025-12-04
2025-12-04 11:54:00+05:30,30.7,31.15,30.45,30.9,218775,6760800,9.21,26016.7,25800.0,25800,ATM-4,PUT,26000,2025-12-04
2025-12-04 11:55:00+05:30,40.75,40.75,38.4,38.85,219150,4282725,9.15,26028.1,25850.0,25800,ATM-4,PUT,26000,2025-12-04
2025-12-04 11:56:00+05:30,38.9,39.5,38.45,38.85,86550,4282725,9.13,26025.15,25850.0,25800,ATM-4,PUT,26000,2025-12-04
2025-12-04 11:57:00+05:30,29.4,30.35,29.15,30.35,125850,6762750,9.27,26022.55,25800.0,25800,ATM-4,PUT,26000,2025-12-04
2025-12-04 11:58:00+05:30,30.25,31.0,30.15,30.3,149100,6749400,9.21,26020.0,25800.0,25800,ATM-4,PUT,26000,2025-12-04
2025-12-04 11:59:00+05:30,30.2,30.65,29.75,29.75,128775,6749400,9.24,26024.0,25800.0,25800,ATM-4,PUT,26000,2025-12-04
2025-12-04 12:00:00+05:30,29.8,30.15,29.05,30.0,138900,6749400,9.27,26024.55,25800.0,25800,ATM-4,PUT,26000,2025-12-04
2025-12-04 12:01:00+05:30,29.85,30.0,29.0,29.25,361575,6893250,9.22,26024.9,25800.0,25800,ATM-4,PUT,26000,2025-12-04
2025-12-04 12:02:00+05:30,29.35,30.0,28.05,30.0,293475,6893250,9.26,26024.6,25800.0,25800,ATM-4,PUT,26000,2025-12-04
2025-12-04 12:03:00+05:30,39.2,39.35,37.05,37.05,126375,4352550,9.04,26031.4,25850.0,25800,ATM-4,PUT,26000,2025-12-04
2025-12-04 12:04:00+05:30,37.1,37.2,35.95,36.45,135675,4337700,9.04,26032.65,25850.0,25800,ATM-4,PUT,26000,2025-12-04
2025-12-04 12:05:00+05:30,36.6,36.6,35.05,35.55,269550,4337700,9.09,26038.45,25850.0,25800,ATM-4,PUT,26000,2025-12-04
2025-12-04 12:06:00+05:30,35.65,36.5,35.5,36.35,151275,4337700,9.06,26035.45,25850.0,25800,ATM-4,PUT,26000,2025-12-04
2025-12-04 12:07:00+05:30,36.3,36.5,33.8,34.05,209175,4275225,8.99,26040.6,25850.0,25800,ATM-4,PUT,26000,2025-12-04
2025-12-04 12:08:00+05:30,34.3,34.3,33.5,33.75,131025,4275225,8.97,26042.85,25850.0,25800,ATM-4,PUT,26000,2025-12-04
2025-12-04 12:09:00+05:30,33.65,37.65,33.65,37.25,130350,4275225,9.08,26032.0,25850.0,25800,ATM-4,PUT,26000,2025-12-04
2025-12-04 12:10:00+05:30,37.05,38.25,36.7,37.65,178500,4237425,9.0,26027.7,25850.0,25800,ATM-4,PUT,26000,2025-12-04
2025-12-04 12:11:00+05:30,28.5,29.65,28.45,29.55,241950,6938775,9.19,26023.8,25800.0,25800,ATM-4,PUT,26000,2025-12-04
2025-12-04 12:12:00+05:30,38.95,39.6,37.4,37.65,177000,4237425,9.03,26027.3,25850.0,25800,ATM-4,PUT,26000,2025-12-04
2025-12-04 12:13:00+05:30,37.75,37.9,36.55,37.35,107250,4277250,9.0,26026.8,25850.0,25800,ATM-4,PUT,26000,2025-12-04
2025-12-04 12:14:00+05:30,37.3,37.3,36.0,37.05,72525,4277250,8.98,26028.15,25850.0,25800,ATM-4,PUT,26000,2025-12-04
2025-12-04 12:15:00+05:30,27.85,30.0,27.85,29.8,294000,6998775,9.11,26017.8,25800.0,25800,ATM-4,PUT,26000,2025-12-04
2025-12-04 12:16:00+05:30,29.6,30.1,28.65,28.9,163575,6983175,9.07,26021.65,25800.0,25800,ATM-4,PUT,26000,2025-12-04
2025-12-04 12:17:00+05:30,29.0,29.1,28.05,28.6,115500,6983175,9.08,26023.0,25800.0,25800,ATM-4,PUT,26000,2025-12-04
2025-12-04 12:18:00+05:30,28.85,29.25,28.5,28.75,128775,6983175,9.08,26022.65,25800.0,25800,ATM-4,PUT,26000,2025-12-04
2025-12-04 12:19:00+05:30,28.65,29.75,28.4,29.55,108525,6975525,9.07,26018.15,25800.0,25800,ATM-4,PUT,26000,2025-12-04
2025-12-04 12:20:00+05:30,29.4,31.7,29.1,31.55,319800,6975525,9.07,26006.95,25800.0,25800,ATM-4,PUT,26000,2025-12-04
2025-12-04 12:21:00+05:30,31.85,32.1,30.3,30.4,546750,6975525,9.03,26012.15,25800.0,25800,ATM-4,PUT,26000,2025-12-04
2025-12-04 12:22:00+05:30,30.15,31.0,30.0,30.25,243825,6996975,9.12,26015.1,25800.0,25800,ATM-4,PUT,26000,2025-12-04
2025-12-04 12:23:00+05:30,30.2,30.25,29.25,29.7,206175,6996975,9.06,26015.85,25800.0,25800,ATM-4,PUT,26000,2025-12-04
2025-12-04 12:24:00+05:30,29.7,30.2,29.3,29.4,96900,6996975,9.12,26019.5,25800.0,25800,ATM-4,PUT,26000,2025-12-04
2025-12-04 12:25:00+05:30,29.35,29.6,28.25,28.25,244875,7033275,9.08,26024.4,25800.0,25800,ATM-4,PUT,26000,2025-12-04
2025-12-04 12:26:00+05:30,28.05,28.85,28.0,28.05,175500,7033275,9.04,26024.5,25800.0,25800,ATM-4,PUT,26000,2025-12-04
2025-12-04 12:27:00+05:30,37.3,38.6,37.3,37.5,68100,4406325,8.98,26025.65,25850.0,25800,ATM-4,PUT,26000,2025-12-04
2025-12-04 12:28:00+05:30,37.6,37.6,35.8,35.9,284250,4358175,8.9,26028.9,25850.0,25800,ATM-4,PUT,26000,2025-12-04
2025-12-04 12:29:00+05:30,26.95,29.1,26.95,28.85,349350,7041375,9.13,26024.25,25800.0,25800,ATM-4,PUT,26000,2025-12-04
2025-12-04 12:30:00+05:30,38.1,38.8,37.0,37.0,73875,4358175,8.94,26026.8,25850.0,25800,ATM-4,PUT,26000,2025-12-04
2025-12-04 12:31:00+05:30,37.1,38.1,36.8,38.1,75225,4372575,9.07,26025.35,25850.0,25800,ATM-4,PUT,26000,2025-12-04
2025-12-04 12:32:00+05:30,28.75,28.95,28.0,28.4,134250,7055325,9.08,26024.35,25800.0,25800,ATM-4,PUT,26000,2025-12-04
2025-12-04 12:33:00+05:30,37.7,38.0,37.0,37.05,51900,4372575,9.03,26029.0,25850.0,25800,ATM-4,PUT,26000,2025-12-04
2025-12-04 12:34:00+05:30,37.05,37.75,36.75,37.6,42825,4398600,9.03,26025.9,25850.0,25800,ATM-4,PUT,26000,2025-12-04
2025-12-04 12:35:00+05:30,37.5,37.9,36.65,37.15,35850,4398600,9.02,26027.9,25850.0,25800,ATM-4,PUT,26000,2025-12-04
2025-12-04 12:36:00+05:30,37.15,37.65,36.95,37.2,37050,4398600,8.97,26026.05,25850.0,25800,ATM-4,PUT,26000,2025-12-04
2025-12-04 12:37:00+05:30,27.75,28.7,27.7,28.25,75600,7091025,9.11,26025.0,25800.0,25800,ATM-4,PUT,26000,2025-12-04
2025-12-04 12:38:00+05:30,37.6,38.15,36.75,37.05,78975,4394550,8.98,26026.65,25850.0,25800,ATM-4,PUT,26000,2025-12-04
2025-12-04 12:39:00+05:30,27.75,28.35,27.3,28.05,102000,7091025,9.06,26023.95,25800.0,25800,ATM-4,PUT,26000,2025-12-04
2025-12-04 12:40:00+05:30,27.85,28.7,27.8,28.15,107850,7120500,9.07,26025.0,25800.0,25800,ATM-4,PUT,26000,2025-12-04
2025-12-04 12:41:00+05:30,28.25,28.6,27.85,28.6,114525,7120500,9.06,26023.6,25800.0,25800,ATM-4,PUT,26000,2025-12-04
2025-12-04 12:42:00+05:30,28.9,29.9,28.7,29.9,287775,7120500,9.1,26017.2,25800.0,25800,ATM-4,PUT,26000,2025-12-04
2025-12-04 12:43:00+05:30,29.7,30.5,29.65,30.45,314550,7120500,9.07,26012.5,25800.0,25800,ATM-4,PUT,26000,2025-12-04
2025-12-04 12:44:00+05:30,30.15,30.85,30.05,30.6,221025,7125000,9.04,26009.55,25800.0,25800,ATM-4,PUT,26000,2025-12-04
2025-12-04 12:45:00+05:30,30.6,33.95,30.6,33.95,873075,7125000,9.03,25992.1,25800.0,25800,ATM-4,PUT,26000,2025-12-04
2025-12-04 12:46:00+05:30,33.9,33.9,32.35,33.0,684675,7125000,8.89,25990.7,25800.0,25800,ATM-4,PUT,26000,2025-12-04
2025-12-04 12:47:00+05:30,33.15,33.15,31.25,32.0,378375,7190625,8.95,26000.85,25800.0,25800,ATM-4,PUT,26000,2025-12-04
2025-12-04 12:48:00+05:30,31.8,33.6,31.8,33.4,464100,7190625,9.07,25997.05,25800.0,25800,ATM-4,PUT,26000,2025-12-04
2025-12-04 12:49:00+05:30,33.3,34.2,33.1,33.75,549450,7190625,9.03,25993.35,25800.0,25800,ATM-4,PUT,26000,2025-12-04
2025-12-04 12:50:00+05:30,33.85,33.9,32.85,33.25,237075,7048050,9.02,25994.45,25800.0,25800,ATM-4,PUT,26000,2025-12-04
2025-12-04 12:51:00+05:30,33.1,34.15,32.9,33.8,246750,7048050,9.07,25995.5,25800.0,25800,ATM-4,PUT,26000,2025-12-04
2025-12-04 12:52:00+05:30,33.8,35.6,33.7,35.1,668475,7048050,9.13,25991.55,25800.0,25800,ATM-4,PUT,26000,2025-12-04
2025-12-04 12:53:00+05:30,34.8,35.45,33.75,34.15,371775,7017750,9.11,25993.85,25800.0,25800,ATM-4,PUT,26000,2025-12-04
2025-12-04 12:54:00+05:30,34.1,34.65,33.6,34.1,286350,7017750,9.03,25992.85,25800.0,25800,ATM-4,PUT,26000,2025-12-04
2025-12-04 12:55:00+05:30,34.25,34.25,31.9,32.0,346200,7017750,9.07,26004.5,25800.0,25800,ATM-4,PUT,26000,2025-12-04
2025-12-04 12:56:00+05:30,32.2,32.9,31.75,32.2,212475,7091475,9.12,26005.95,25800.0,25800,ATM-4,PUT,26000,2025-12-04
2025-12-04 12:57:00+05:30,32.1,32.6,31.65,31.8,131625,7091475,9.09,26005.95,25800.0,25800,ATM-4,PUT,26000,2025-12-04
2025-12-04 12:58:00+05:30,31.7,33.25,31.4,32.45,262125,7091475,9.08,26004.05,25800.0,25800,ATM-4,PUT,26000,2025-12-04
2025-12-04 12:59:00+05:30,32.55,32.8,32.15,32.7,80775,7026675,9.1,26002.4,25800.0,25800,ATM-4,PUT,26000,2025-12-04
2025-12-04 13:00:00+05:30,32.65,33.9,32.6,32.95,226575,7026675,9.1,26001.85,25800.0,25800,ATM-4,PUT,26000,2025-12-04
2025-12-04 13:01:00+05:30,32.9,32.9,32.25,32.45,100800,7026675,9.12,26004.2,25800.0,25800,ATM-4,PUT,26000,2025-12-04
2025-12-04 13:02:00+05:30,32.6,33.0,32.3,33.0,128925,7053750,9.13,26001.3,25800.0,25800,ATM-4,PUT,26000,2025-12-04
2025-12-04 13:03:00+05:30,32.85,32.85,32.2,32.55,113850,7053750,9.12,26002.7,25800.0,25800,ATM-4,PUT,26000,2025-12-04
2025-12-04 13:04:00+05:30,32.55,32.55,31.05,32.1,257025,7053750,9.12,26005.85,25800.0,25800,ATM-4,PUT,26000,2025-12-04
2025-12-04 13:05:00+05:30,31.9,33.2,31.75,32.95,226875,7032000,9.09,26001.05,25800.0,25800,ATM-4,PUT,26000,2025-12-04
2025-12-04 13:06:00+05:30,32.7,32.95,31.55,31.9,165825,7032000,9.07,26002.2,25800.0,25800,ATM-4,PUT,26000,2025-12-04
2025-12-04 13:07:00+05:30,31.85,32.6,31.6,31.8,120150,7032000,9.03,26003.9,25800.0,25800,ATM-4,PUT,26000,2025-12-04
2025-12-04 13:08:00+05:30,31.85,32.25,30.9,32.1,171225,7055550,9.0,25999.95,25800.0,25800,ATM-4,PUT,26000,2025-12-04
2025-12-04 13:09:00+05:30,31.9,32.7,31.65,32.45,127200,7055550,8.99,25997.95,25800.0,25800,ATM-4,PUT,26000,2025-12-04
2025-12-04 13:10:00+05:30,32.65,34.2,32.6,33.3,248550,7055550,8.99,25993.15,25800.0,25800,ATM-4,PUT,26000,2025-12-04
2025-12-04 13:11:00+05:30,33.2,33.35,32.7,32.9,133125,7066275,8.95,25994.25,25800.0,25800,ATM-4,PUT,26000,2025-12-04
2025-12-04 13:12:00+05:30,32.85,33.45,31.65,33.3,257550,7066275,8.98,25993.45,25800.0,25800,ATM-4,PUT,26000,2025-12-04
2025-12-04 13:13:00+05:30,33.3,34.15,32.85,33.2,176475,7066275,8.99,25993.8,25800.0,25800,ATM-4,PUT,26000,2025-12-04
2025-12-04 13:14:00+05:30,33.1,33.25,31.0,31.8,207825,7115175,9.0,26000.8,25800.0,25800,ATM-4,PUT,26000,2025-12-04
2025-12-04 13:15:00+05:30,31.85,32.15,31.25,31.9,120300,7115175,9.03,26002.4,25800.0,25800,ATM-4,PUT,26000,2025-12-04
2025-12-04 13:16:00+05:30,31.8,31.95,31.0,31.3,138975,7115175,9.02,26003.3,25800.0,25800,ATM-4,PUT,26000,2025-12-04
2025-12-04 13:17:00+05:30,31.15,32.35,31.0,31.95,159975,7067400,9.01,26000.85,25800.0,25800,ATM-4,PUT,26000,2025-12-04
2025-12-04 13:18:00+05:30,31.85,32.1,30.7,31.65,186075,7067400,8.98,26001.5,25800.0,25800,ATM-4,PUT,26000,2025-12-04
2025-12-04 13:19:00+05:30,31.85,33.8,31.45,32.85,224850,7067400,8.98,25995.65,25800.0,25800,ATM-4,PUT,26000,2025-12-04
2025-12-04 13:20:00+05:30,32.95,33.45,31.65,31.65,202050,7019400,8.99,26001.5,25800.0,25800,ATM-4,PUT,26000,2025-12-04
2025-12-04 13:21:00+05:30,31.7,32.15,31.15,31.15,194775,7019400,9.06,26006.85,25800.0,25800,ATM-4,PUT,26000,2025-12-04
2025-12-04 13:22:00+05:30,31.35,31.45,29.1,29.1,470550,7019400,9.02,26016.15,25800.0,25800,ATM-4,PUT,26000,2025-12-04
2025-12-04 13:23:00+05:30,29.25,29.4,28.5,28.75,302400,6929250,8.99,26017.05,25800.0,25800,ATM-4,PUT,26000,2025-12-04
2025-12-04 13:24:00+05:30,28.85,29.4,27.65,27.75,203700,6929250,8.9,26017.85,25800.0,25800,ATM-4,PUT,26000,2025-12-04
2025-12-04 13:25:00+05:30,27.9,28.9,27.45,28.55,366375,6929250,8.98,26016.25,25800.0,25800,ATM-4,PUT,26000,2025-12-04
2025-12-04 13:26:00+05:30,28.65,29.15,28.05,28.85,176025,6964950,9.04,26018.15,25800.0,25800,ATM-4,PUT,26000,2025-12-04
2025-12-04 13:27:00+05:30,28.7,28.7,27.7,28.5,107250,6964950,9.04,26018.95,25800.0,25800,ATM-4,PUT,26000,2025-12-04
2025-12-04 13:28:00+05:30,28.6,29.4,28.3,29.4,116100,6964950,9.06,26016.8,25800.0,25800,ATM-4,PUT,26000,2025-12-04
2025-12-04 13:29:00+05:30,29.4,29.4,28.5,28.85,111900,6955200,9.1,26015.7,25800.0,25800,ATM-4,PUT,26000,2025-12-04
2025-12-04 13:30:00+05:30,28.75,29.2,27.05,29.2,286500,6955200,9.02,26015.3,25800.0,25800,ATM-4,PUT,26000,2025-12-04
2025-12-04 13:31:00+05:30,29.3,29.7,28.7,29.05,224850,6955200,8.94,26013.6,25800.0,25800,ATM-4,PUT,26000,2025-12-04
2025-12-04 13:32:00+05:30,29.25,30.3,28.95,29.6,258525,6934275,8.98,26011.8,25800.0,25800,ATM-4,PUT,26000,2025-12-04
2025-12-04 13:33:00+05:30,29.65,30.25,29.5,29.95,147075,6934275,8.94,26008.95,25800.0,25800,ATM-4,PUT,26000,2025-12-04
2025-12-04 13:34:00+05:30,29.85,32.0,29.75,32.0,296550,6934275,9.06,26002.4,25800.0,25800,ATM-4,PUT,26000,2025-12-04
2025-12-04 13:35:00+05:30,31.95,33.85,31.9,33.35,564150,6992925,8.94,25990.4,25800.0,25800,ATM-4,PUT,26000,2025-12-04
2025-12-04 13:36:00+05:30,33.9,34.9,33.6,34.8,846075,6992925,8.89,25979.5,25800.0,25800,ATM-4,PUT,26000,2025-12-04
2025-12-04 13:37:00+05:30,34.7,36.05,34.2,35.0,675225,6992925,8.78,25976.3,25800.0,25800,ATM-4,PUT,26000,2025-12-04
2025-12-04 13:38:00+05:30,34.95,35.05,33.4,33.85,564525,7026975,8.78,25981.75,25800.0,25800,ATM-4,PUT,26000,2025-12-04
2025-12-04 13:39:00+05:30,34.55,35.0,34.1,34.65,377700,7026975,8.84,25980.55,25800.0,25800,ATM-4,PUT,26000,2025-12-04
2025-12-04 13:40:00+05:30,34.75,35.75,34.7,35.4,496800,7026975,8.89,25978.35,25800.0,25800,ATM-4,PUT,26000,2025-12-04
2025-12-04 13:41:00+05:30,26.3,29.35,26.2,28.85,452400,4222800,9.03,25964.95,25750.0,25800,ATM-4,PUT,26000,2025-12-04
2025-12-04 13:42:00+05:30,28.7,28.95,26.75,27.1,256650,4222800,8.95,25973.25,25750.0,25800,ATM-4,PUT,26000,2025-12-04
2025-12-04 13:43:00+05:30,27.05,28.1,26.5,27.85,252975,4222800,9.02,25972.9,25750.0,25800,ATM-4,PUT,26000,2025-12-04
2025-12-04 13:44:00+05:30,37.65,37.65,36.45,36.75,190800,6690525,8.97,25976.3,25800.0,25800,ATM-4,PUT,26000,2025-12-04
2025-12-04 13:45:00+05:30,27.1,28.2,27.1,27.75,166350,4300350,9.01,25972.8,25750.0,25800,ATM-4,PUT,26000,2025-12-04
2025-12-04 13:46:00+05:30,37.6,37.65,36.0,36.15,244200,6690525,8.9,25976.05,25800.0,25800,ATM-4,PUT,26000,2025-12-04
2025-12-04 13:47:00+05:30,36.15,36.95,35.8,36.05,190200,6720750,8.94,25978.2,25800.0,25800,ATM-4,PUT,26000,2025-12-04
2025-12-04 13:48:00+05:30,36.15,37.05,35.4,35.4,145725,6720750,8.88,25979.4,25800.0,25800,ATM-4,PUT,26000,2025-12-04
2025-12-04 13:49:00+05:30,35.25,36.35,35.0,35.8,177900,6720750,8.94,25978.65,25800.0,25800,ATM-4,PUT,26000,2025-12-04
2025-12-04 13:50:00+05:30,35.8,36.0,35.05,35.45,164175,6681000,8.89,25978.55,25800.0,25800,ATM-4,PUT,26000,2025-12-04
2025-12-04 13:51:00+05:30,35.6,35.85,34.9,35.4,320400,6681000,8.94,25980.5,25800.0,25800,ATM-4,PUT,26000,2025-12-04
2025-12-04 13:52:00+05:30,35.3,36.35,34.95,35.05,236775,6681000,8.91,25981.55,25800.0,25800,ATM-4,PUT,26000,2025-12-04
2025-12-04 13:53:00+05:30,26.2,27.45,25.85,26.7,72675,4319400,8.94,25974.85,25750.0,25800,ATM-4,PUT,26000,2025-12-04
2025-12-04 13:54:00+05:30,36.1,36.7,35.5,35.9,150675,6679950,8.88,25975.55,25800.0,25800,ATM-4,PUT,26000,2025-12-04
2025-12-04 13:55:00+05:30,26.65,27.9,26.4,27.4,226725,4319400,8.97,25971.95,25750.0,25800,ATM-4,PUT,26000,2025-12-04
2025-12-04 13:56:00+05:30,27.15,27.5,26.5,26.95,102000,4323300,8.94,25974.4,25750.0,25800,ATM-4,PUT,26000,2025-12-04
2025-12-04 13:57:00+05:30,36.8,38.0,36.15,36.3,214200,6697875,8.91,25975.8,25800.0,25800,ATM-4,PUT,26000,2025-12-04
2025-12-04 13:58:00+05:30,26.85,27.2,26.2,27.05,91725,4323300,8.98,25974.05,25750.0,25800,ATM-4,PUT,26000,2025-12-04
2025-12-04 13:59:00+05:30,26.95,27.15,26.55,26.95,33975,4351425,8.94,25973.3,25750.0,25800,ATM-4,PUT,26000,2025-12-04
2025-12-04 14:00:00+05:30,27.25,28.05,26.8,26.9,128700,4351425,8.93,25972.3,25750.0,25800,ATM-4,PUT,26000,2025-12-04
2025-12-04 14:01:00+05:30,36.15,36.8,33.45,34.65,457800,6722700,8.86,25979.95,25800.0,25800,ATM-4,PUT,26000,2025-12-04
2025-12-04 14:02:00+05:30,35.2,35.2,33.55,34.5,230400,6654900,8.87,25980.35,25800.0,25800,ATM-4,PUT,26000,2025-12-04
2025-12-04 14:03:00+05:30,34.8,37.05,34.5,35.25,318525,6654900,8.91,25978.75,25800.0,25800,ATM-4,PUT,26000,2025-12-04
2025-12-04 14:04:00+05:30,35.0,35.0,32.9,33.3,410775,6654900,8.88,25986.7,25800.0,25800,ATM-4,PUT,26000,2025-12-04
2025-12-04 14:05:00+05:30,33.05,35.4,33.05,34.35,241200,6543600,8.86,25980.35,25800.0,25800,ATM-4,PUT,26000,2025-12-04
2025-12-04 14:06:00+05:30,34.6,35.15,34.0,34.2,118725,6543600,8.87,25982.0,25800.0,25800,ATM-4,PUT,26000,2025-12-04
2025-12-04 14:07:00+05:30,34.05,34.05,31.35,31.35,438300,6543600,8.91,25998.25,25800.0,25800,ATM-4,PUT,26000,2025-12-04
2025-12-04 14:08:00+05:30,31.5,32.35,31.25,31.65,236850,6565950,9.02,26001.55,25800.0,25800,ATM-4,PUT,26000,2025-12-04
2025-12-04 14:09:00+05:30,31.85,32.25,31.1,31.65,297450,6565950,9.07,26005.6,25800.0,25800,ATM-4,PUT,26000,2025-12-04
2025-12-04 14:10:00+05:30,31.85,31.9,28.5,29.6,705225,6565950,9.17,26017.4,25800.0,25800,ATM-4,PUT,26000,2025-12-04
2025-12-04 14:11:00+05:30,29.1,31.4,28.75,30.6,342525,6474300,9.04,26007.55,25800.0,25800,ATM-4,PUT,26000,2025-12-04
2025-12-04 14:12:00+05:30,31.0,31.0,29.85,30.0,177300,6474300,9.03,26009.2,25800.0,25800,ATM-4,PUT,26000,2025-12-04
2025-12-04 14:13:00+05:30,30.0,30.85,29.7,30.3,169500,6474300,8.94,26004.15,25800.0,25800,ATM-4,PUT,26000,2025-12-04
2025-12-04 14:14:00+05:30,30.3,30.75,29.85,30.6,207750,6438675,8.97,26004.05,25800.0,25800,ATM-4,PUT,26000,2025-12-04
2025-12-04 14:15:00+05:30,30.25,31.0,29.8,30.75,189600,6438675,8.91,26001.75,25800.0,25800,ATM-4,PUT,26000,2025-12-04
2025-12-04 14:16:00+05:30,30.95,31.7,30.55,30.7,258450,6438675,8.93,26001.6,25800.0,25800,ATM-4,PUT,26000,2025-12-04
2025-12-04 14:17:00+05:30,30.4,30.7,28.85,28.9,268950,6527025,8.89,26009.45,25800.0,25800,ATM-4,PUT,26000,2025-12-04
2025-12-04 14:18:00+05:30,28.85,29.85,28.8,29.2,133125,6527025,8.89,26008.75,25800.0,25800,ATM-4,PUT,26000,2025-12-04
2025-12-04 14:19:00+05:30,29.2,31.0,29.2,31.0,183900,6527025,8.93,26001.0,25800.0,25800,ATM-4,PUT,26000,2025-12-04
2025-12-04 14:20:00+05:30,30.85,31.8,30.75,31.2,231900,6548775,8.89,25997.45,25800.0,25800,ATM-4,PUT,26000,2025-12-04
2025-12-04 14:21:00+05:30,31.4,33.05,31.2,31.9,357600,6548775,8.91,25995.0,25800.0,25800,ATM-4,PUT,26000,2025-12-04
2025-12-04 14:22:00+05:30,31.8,32.35,30.6,31.1,180600,6548775,8.83,25995.3,25800.0,25800,ATM-4,PUT,26000,2025-12-04
2025-12-04 14:23:00+05:30,30.95,31.1,28.5,28.6,282225,6570000,8.79,26007.0,25800.0,25800,ATM-4,PUT,26000,2025-12-04
2025-12-04 14:24:00+05:30,28.25,30.5,28.15,30.5,218550,6570000,8.91,26002.25,25800.0,25800,ATM-4,PUT,26000,2025-12-04
2025-12-04 14:25:00+05:30,30.15,30.8,29.85,30.05,108900,6570000,8.84,26000.7,25800.0,25800,ATM-4,PUT,26000,2025-12-04
2025-12-04 14:26:00+05:30,30.2,30.2,28.9,29.45,106425,6588750,8.87,26006.75,25800.0,25800,ATM-4,PUT,26000,2025-12-04
2025-12-04 14:27:00+05:30,29.65,29.95,28.7,29.2,169650,6588750,8.87,26007.5,25800.0,25800,ATM-4,PUT,26000,2025-12-04
2025-12-04 14:28:00+05:30,29.3,29.75,29.05,29.15,114375,6588750,8.84,26006.15,25800.0,25800,ATM-4,PUT,26000,2025-12-04
2025-12-04 14:29:00+05:30,29.25,29.35,27.9,28.2,342000,6520350,8.91,26014.0,25800.0,25800,ATM-4,PUT,26000,2025-12-04
2025-12-04 14:30:00+05:30,28.05,29.1,27.35,28.8,390525,6520350,9.01,26016.25,25800.0,25800,ATM-4,PUT,26000,2025-12-04
2025-12-04 14:31:00+05:30,28.65,29.35,28.2,28.55,149250,6520350,9.0,26015.55,25800.0,25800,ATM-4,PUT,26000,2025-12-04
2025-12-04 14:32:00+05:30,28.4,30.0,28.2,29.55,193800,6549000,8.94,26008.7,25800.0,25800,ATM-4,PUT,26000,2025-12-04
2025-12-04 14:33:00+05:30,29.55,29.7,28.5,28.65,116250,6549000,8.9,26010.1,25800.0,25800,ATM-4,PUT,26000,2025-12-04
2025-12-04 14:34:00+05:30,28.55,29.15,28.45,28.95,57900,6549000,8.87,26008.95,25800.0,25800,ATM-4,PUT,26000,2025-12-04
2025-12-04 14:35:00+05:30,29.1,30.7,29.0,29.9,171075,6586650,8.87,26003.8,25800.0,25800,ATM-4,PUT,26000,2025-12-04
2025-12-04 14:36:00+05:30,30.2,30.65,29.15,30.15,139275,6586650,8.85,26000.4,25800.0,25800,ATM-4,PUT,26000,2025-12-04
2025-12-04 14:37:00+05:30,30.2,30.2,29.55,29.55,141525,6586650,8.84,26004.1,25800.0,25800,ATM-4,PUT,26000,2025-12-04
2025-12-04 14:38:00+05:30,29.05,29.25,27.65,27.9,191325,6571725,8.86,26013.55,25800.0,25800,ATM-4,PUT,26000,2025-12-04
2025-12-04 14:39:00+05:30,27.7,27.85,26.95,27.55,279450,6571725,8.83,26013.75,25800.0,25800,ATM-4,PUT,26000,2025-12-04
2025-12-04 14:40:00+05:30,27.45,27.55,27.05,27.5,161925,6571725,8.89,26017.5,25800.0,25800,ATM-4,PUT,26000,2025-12-04
2025-12-04 14:41:00+05:30,27.15,27.8,26.9,27.75,156150,6643650,8.87,26015.45,25800.0,25800,ATM-4,PUT,26000,2025-12-04
2025-12-04 14:42:00+05:30,27.5,28.7,26.7,28.1,177600,6643650,8.9,26015.5,25800.0,25800,ATM-4,PUT,26000,2025-12-04
2025-12-04 14:43:00+05:30,27.95,28.85,27.6,28.5,177075,6643650,8.79,26007.85,25800.0,25800,ATM-4,PUT,26000,2025-12-04
2025-12-04 14:44:00+05:30,28.2,28.95,28.1,28.8,167325,6651000,8.68,26000.6,25800.0,25800,ATM-4,PUT,26000,2025-12-04
2025-12-04 14:45:00+05:30,28.95,30.9,28.4,30.45,385200,6651000,8.68,25992.35,25800.0,25800,ATM-4,PUT,26000,2025-12-04
2025-12-04 14:46:00+05:30,30.65,31.1,29.65,30.75,400275,6651000,8.68,25988.7,25800.0,25800,ATM-4,PUT,26000,2025-12-04
2025-12-04 14:47:00+05:30,30.4,30.7,28.25,28.8,386775,6649200,8.74,26001.55,25800.0,25800,ATM-4,PUT,26000,2025-12-04
2025-12-04 14:48:00+05:30,29.0,29.6,28.4,29.4,140325,6649200,8.82,26003.3,25800.0,25800,ATM-4,PUT,26000,2025-12-04
2025-12-04 14:49:00+05:30,29.2,29.55,28.95,29.15,99900,6649200,8.81,26003.65,25800.0,25800,ATM-4,PUT,26000,2025-12-04
2025-12-04 14:50:00+05:30,29.15,29.25,26.8,26.85,325500,6613500,8.77,26014.1,25800.0,25800,ATM-4,PUT,26000,2025-12-04
2025-12-04 14:51:00+05:30,27.0,27.55,26.4,26.4,258150,6613500,8.79,26018.15,25800.0,25800,ATM-4,PUT,26000,2025-12-04
2025-12-04 14:52:00+05:30,35.75,35.8,33.2,33.8,354450,3984975,8.68,26026.15,25850.0,25800,ATM-4,PUT,26000,2025-12-04
2025-12-04 14:53:00+05:30,24.85,25.7,24.75,25.4,542850,6494775,8.79,26023.0,25800.0,25800,ATM-4,PUT,26000,2025-12-04
2025-12-04 14:54:00+05:30,34.15,34.35,32.85,33.4,241050,3958125,8.61,26025.05,25850.0,25800,ATM-4,PUT,26000,2025-12-04
2025-12-04 14:55:00+05:30,33.55,33.9,32.6,32.6,182250,3958125,8.66,26029.45,25850.0,25800,ATM-4,PUT,26000,2025-12-04
2025-12-04 14:56:00+05:30,32.7,32.8,29.9,30.0,338625,4046925,8.58,26039.65,25850.0,25800,ATM-4,PUT,26000,2025-12-04
2025-12-04 14:57:00+05:30,30.7,31.55,30.45,31.55,185850,4046925,8.67,26036.45,25850.0,25800,ATM-4,PUT,26000,2025-12-04
2025-12-04 14:58:00+05:30,31.55,31.7,30.35,30.45,182100,4046925,8.64,26039.35,25850.0,25800,ATM-4,PUT,26000,2025-12-04
2025-12-04 14:59:00+05:30,30.55,30.95,29.8,30.55,255300,4071900,8.72,26043.25,25850.0,25800,ATM-4,PUT,26000,2025-12-04
2025-12-04 15:00:00+05:30,30.8,30.8,29.05,29.05,315375,4071900,8.67,26048.45,25850.0,25800,ATM-4,PUT,26000,2025-12-04
2025-12-04 15:01:00+05:30,30.2,30.25,28.4,29.0,562425,4071900,8.72,26050.5,25850.0,25800,ATM-4,PUT,26000,2025-12-04
2025-12-04 15:02:00+05:30,28.85,28.95,27.55,28.15,365550,3874725,8.73,26057.65,25850.0,25800,ATM-4,PUT,26000,2025-12-04
2025-12-04 15:03:00+05:30,28.15,29.4,27.9,29.15,164325,3874725,8.64,26047.5,25850.0,25800,ATM-4,PUT,26000,2025-12-04
2025-12-04 15:04:00+05:30,29.2,29.25,28.6,28.8,156375,3874725,8.64,26049.4,25850.0,25800,ATM-4,PUT,26000,2025-12-04
2025-12-04 15:05:00+05:30,28.65,29.15,28.3,28.3,157800,3933975,8.68,26052.75,25850.0,25800,ATM-4,PUT,26000,2025-12-04
2025-12-04 15:06:00+05:30,28.55,28.95,28.15,28.85,185850,3933975,8.72,26052.85,25850.0,25800,ATM-4,PUT,26000,2025-12-04
2025-12-04 15:07:00+05:30,29.0,29.4,29.0,29.25,89850,3933975,8.79,26052.95,25850.0,25800,ATM-4,PUT,26000,2025-12-04
2025-12-04 15:08:00+05:30,29.15,30.25,29.15,29.3,272775,3953550,8.75,26051.35,25850.0,25800,ATM-4,PUT,26000,2025-12-04
2025-12-04 15:09:00+05:30,29.55,30.05,29.3,29.9,175125,3953550,8.69,26046.6,25850.0,25800,ATM-4,PUT,26000,2025-12-04
2025-12-04 15:10:00+05:30,30.1,30.15,29.3,29.3,233325,3953550,8.76,26051.4,25850.0,25800,ATM-4,PUT,26000,2025-12-04
2025-12-04 15:11:00+05:30,29.15,29.2,28.55,29.05,134325,3970350,8.76,26053.4,25850.0,25800,ATM-4,PUT,26000,2025-12-04
2025-12-04 15:12:00+05:30,29.1,29.75,28.95,29.1,136425,3970350,8.6,26045.1,25850.0,25800,ATM-4,PUT,26000,2025-12-04
2025-12-04 15:13:00+05:30,29.15,29.75,28.8,29.05,161625,3970350,8.48,26041.35,25850.0,25800,ATM-4,PUT,26000,2025-12-04
2025-12-04 15:14:00+05:30,29.0,29.6,29.0,29.2,230175,4005525,8.43,26037.7,25850.0,25800,ATM-4,PUT,26000,2025-12-04
2025-12-04 15:15:00+05:30,29.35,30.6,29.35,30.15,327525,4005525,8.5,26036.65,25850.0,25800,ATM-4,PUT,26000,2025-12-04
2025-12-04 15:16:00+05:30,30.25,30.9,29.8,30.3,210975,4005525,8.45,26032.25,25850.0,25800,ATM-4,PUT,26000,2025-12-04
2025-12-04 15:17:00+05:30,30.4,31.0,29.9,31.0,188025,3974475,8.41,26027.65,25850.0,25800,ATM-4,PUT,26000,2025-12-04
2025-12-04 15:18:00+05:30,30.85,31.65,29.45,29.55,169950,3974475,8.34,26031.0,25850.0,25800,ATM-4,PUT,26000,2025-12-04
2025-12-04 15:19:00+05:30,29.55,29.55,28.05,28.2,258900,3974475,8.38,26040.9,25850.0,25800,ATM-4,PUT,26000,2025-12-04
2025-12-04 15:20:00+05:30,28.5,29.7,28.5,28.75,329025,3932925,8.24,26032.5,25850.0,25800,ATM-4,PUT,26000,2025-12-04
2025-12-04 15:21:00+05:30,28.9,29.5,28.55,29.5,152550,3932925,8.33,26031.0,25850.0,25800,ATM-4,PUT,26000,2025-12-04
2025-12-04 15:22:00+05:30,21.25,22.0,20.95,22.0,280125,6402750,8.4,26023.95,25800.0,25800,ATM-4,PUT,26000,2025-12-04
2025-12-04 15:23:00+05:30,30.2,30.2,29.3,29.7,206400,3969525,8.34,26032.1,25850.0,25800,ATM-4,PUT,26000,2025-12-04
2025-12-04 15:24:00+05:30,29.75,29.8,28.8,29.4,201600,3969525,8.29,26030.45,25850.0,25800,ATM-4,PUT,26000,2025-12-04
2025-12-04 15:25:00+05:30,29.45,29.6,29.05,29.55,256725,3969525,8.24,26026.4,25850.0,25800,ATM-4,PUT,26000,2025-12-04
2025-12-04 15:26:00+05:30,21.55,21.65,21.05,21.55,210075,6352500,8.33,26023.95,25800.0,25800,ATM-4,PUT,26000,2025-12-04
2025-12-04 15:27:00+05:30,21.65,21.7,21.25,21.4,446925,6352500,8.33,26018.75,25800.0,25800,ATM-4,PUT,26000,2025-12-04
2025-12-04 15:28:00+05:30,21.3,21.35,21.1,21.25,315300,6352500,8.09,26015.6,25800.0,25800,ATM-4,PUT,26000,2025-12-04
2025-12-04 15:29:00+05:30,21.45,21.45,21.05,21.25,465525,6491325,8.12,26017.1,25800.0,25800,ATM-4,PUT,26000,2025-12-04
2025-12-04 09:15:00+05:30,250.0,250.0,211.55,218.85,190500,957075,7.44,25950.75,25800.0,25850,ATM-3,CALL,26000,2025-12-04
2025-12-04 09:16:00+05:30,215.1,227.95,215.1,227.2,159825,957075,7.87,25955.15,25800.0,25850,ATM-3,CALL,26000,2025-12-04
2025-12-04 09:17:00+05:30,225.0,234.4,224.0,232.8,115200,957075,8.23,25959.1,25800.0,25850,ATM-3,CALL,26000,2025-12-04
2025-12-04 09:18:00+05:30,235.0,235.4,229.35,231.05,110400,1054425,8.09,25958.5,25800.0,25850,ATM-3,CALL,26000,2025-12-04
2025-12-04 09:19:00+05:30,231.45,233.05,220.65,221.0,107775,1054425,7.73,25949.55,25800.0,25850,ATM-3,CALL,26000,2025-12-04
2025-12-04 09:20:00+05:30,219.95,223.4,218.95,218.95,82575,1054425,7.68,25948.6,25800.0,25850,ATM-3,CALL,26000,2025-12-04
2025-12-04 09:21:00+05:30,220.95,229.0,218.8,228.65,119925,1054425,7.96,25955.4,25800.0,25850,ATM-3,CALL,26000,2025-12-04
2025-12-04 09:22:00+05:30,228.3,232.15,222.9,232.15,84375,1092900,7.96,25961.85,25800.0,25850,ATM-3,CALL,26000,2025-12-04
2025-12-04 09:23:00+05:30,197.4,216.85,196.05,213.95,290850,561675,8.2,25985.45,25850.0,25850,ATM-3,CALL,26000,2025-12-04
2025-12-04 09:24:00+05:30,213.15,224.5,210.35,221.55,255750,561675,8.48,25992.65,25850.0,25850,ATM-3,CALL,26000,2025-12-04
2025-12-04 09:25:00+05:30,220.0,221.45,210.05,213.3,134400,567375,8.6,25977.6,25850.0,25850,ATM-3,CALL,26000,2025-12-04
2025-12-04 09:26:00+05:30,212.8,219.65,211.2,217.8,75525,567375,8.9,25979.2,25850.0,25850,ATM-3,CALL,26000,2025-12-04
2025-12-04 09:27:00+05:30,217.1,222.4,211.6,220.15,88650,567375,8.64,25986.25,25850.0,25850,ATM-3,CALL,26000,2025-12-04
2025-12-04 09:28:00+05:30,219.6,223.1,218.45,221.0,71700,576150,8.45,25990.8,25850.0,25850,ATM-3,CALL,26000,2025-12-04
2025-12-04 09:29:00+05:30,220.0,228.9,219.3,227.85,128625,576150,8.79,25995.85,25850.0,25850,ATM-3,CALL,26000,2025-12-04
2025-12-04 09:30:00+05:30,227.2,228.95,223.2,226.0,104775,576150,8.43,25997.05,25850.0,25850,ATM-3,CALL,26000,2025-12-04
2025-12-04 09:31:00+05:30,225.6,231.0,223.4,225.75,102375,581700,8.5,25995.95,25850.0,25850,ATM-3,CALL,26000,2025-12-04
2025-12-04 09:32:00+05:30,224.85,226.05,212.1,217.2,122925,581700,8.55,25983.85,25850.0,25850,ATM-3,CALL,26000,2025-12-04
2025-12-04 09:33:00+05:30,219.55,224.85,214.8,224.85,65100,581700,8.68,25990.9,25850.0,25850,ATM-3,CALL,26000,2025-12-04
2025-12-04 09:34:00+05:30,225.15,233.0,222.55,232.7,134400,583275,8.79,26000.8,25850.0,25850,ATM-3,CALL,26000,2025-12-04
2025-12-04 09:35:00+05:30,231.75,241.45,231.75,239.4,205425,583275,8.25,26016.75,25850.0,25850,ATM-3,CALL,26000,2025-12-04
2025-12-04 09:36:00+05:30,239.35,245.0,239.3,241.0,137325,583275,8.11,26021.3,25850.0,25850,ATM-3,CALL,26000,2025-12-04
2025-12-04 09:37:00+05:30,203.9,208.45,203.1,204.7,437850,3611850,7.95,26025.25,25900.0,25850,ATM-3,CALL,26000,2025-12-04
2025-12-04 09:38:00+05:30,241.6,244.65,235.25,235.25,65025,575325,7.66,26018.65,25850.0,25850,ATM-3,CALL,26000,2025-12-04
2025-12-04 09:39:00+05:30,235.3,238.1,231.5,233.6,51750,575325,7.91,26013.45,25850.0,25850,ATM-3,CALL,26000,2025-12-04
2025-12-04 09:40:00+05:30,233.6,235.9,222.85,227.3,70575,545850,8.06,26003.5,25850.0,25850,ATM-3,CALL,26000,2025-12-04
2025-12-04 09:41:00+05:30,227.15,230.6,221.8,230.25,53100,545850,8.19,26004.5,25850.0,25850,ATM-3,CALL,26000,2025-12-04
2025-12-04 09:42:00+05:30,231.4,237.95,231.1,233.85,70125,545850,8.07,26011.85,25850.0,25850,ATM-3,CALL,26000,2025-12-04
2025-12-04 09:43:00+05:30,234.1,239.15,234.1,238.15,35100,574350,8.12,26016.45,25850.0,25850,ATM-3,CALL,26000,2025-12-04
2025-12-04 09:44:00+05:30,203.5,210.6,202.45,208.9,518700,3501900,8.18,26028.15,25900.0,25850,ATM-3,CALL,26000,2025-12-04
2025-12-04 09:45:00+05:30,208.25,209.45,206.1,206.85,326700,3501900,8.12,26025.2,25900.0,25850,ATM-3,CALL,26000,2025-12-04
2025-12-04 09:46:00+05:30,243.0,249.6,242.0,243.8,35850,549225,8.18,26021.95,25850.0,25850,ATM-3,CALL,26000,2025-12-04
2025-12-04 09:47:00+05:30,244.75,249.3,242.6,244.0,32100,549225,8.35,26021.05,25850.0,25850,ATM-3,CALL,26000,2025-12-04
2025-12-04 09:48:00+05:30,244.0,245.0,238.5,243.2,30075,549225,8.59,26017.6,25850.0,25850,ATM-3,CALL,26000,2025-12-04
2025-12-04 09:49:00+05:30,243.45,244.0,235.75,237.1,33150,534975,8.12,26016.3,25850.0,25850,ATM-3,CALL,26000,2025-12-04
2025-12-04 09:50:00+05:30,237.2,240.85,235.5,240.85,24750,534975,7.96,26022.5,25850.0,25850,ATM-3,CALL,26000,2025-12-04
2025-12-04 09:51:00+05:30,204.5,207.4,203.85,205.8,189150,3410100,8.1,26025.1,25900.0,25850,ATM-3,CALL,26000,2025-12-04
2025-12-04 09:52:00+05:30,205.8,216.5,205.25,214.6,621300,3525300,8.32,26032.8,25900.0,25850,ATM-3,CALL,26000,2025-12-04
2025-12-04 09:53:00+05:30,212.95,215.4,207.35,207.35,383700,3525300,8.11,26025.9,25900.0,25850,ATM-3,CALL,26000,2025-12-04
2025-12-04 09:54:00+05:30,206.1,210.6,204.2,209.2,268125,3525300,8.19,26027.9,25900.0,25850,ATM-3,CALL,26000,2025-12-04
2025-12-04 09:55:00+05:30,208.7,213.6,208.7,213.15,232200,3466575,8.21,26032.45,25900.0,25850,ATM-3,CALL,26000,2025-12-04
2025-12-04 09:56:00+05:30,211.8,213.9,210.75,212.45,164775,3466575,8.06,26033.35,25900.0,25850,ATM-3,CALL,26000,2025-12-04
2025-12-04 09:57:00+05:30,212.95,212.95,206.6,208.6,203775,3466575,7.96,26028.75,25900.0,25850,ATM-3,CALL,26000,2025-12-04
2025-12-04 09:58:00+05:30,209.0,214.35,206.6,211.0,169350,3457575,8.11,26031.05,25900.0,25850,ATM-3,CALL,26000,2025-12-04
2025-12-04 09:59:00+05:30,210.7,212.65,207.15,209.2,103950,3457575,8.07,26028.3,25900.0,25850,ATM-3,CALL,26000,2025-12-04
2025-12-04 10:00:00+05:30,209.45,212.9,206.75,212.0,150450,3457575,8.1,26031.75,25900.0,25850,ATM-3,CALL,26000,2025-12-04
2025-12-04 10:01:00+05:30,212.45,214.0,207.85,208.8,137175,3409500,8.11,26028.35,25900.0,25850,ATM-3,CALL,26000,2025-12-04
2025-12-04 10:02:00+05:30,208.5,212.0,205.35,207.35,160350,3409500,7.99,26027.3,25900.0,25850,ATM-3,CALL,26000,2025-12-04
2025-12-04 10:03:00+05:30,208.0,209.0,202.8,209.0,237000,3409500,8.25,26026.65,25900.0,25850,ATM-3,CALL,26000,2025-12-04
2025-12-04 10:04:00+05:30,208.4,210.15,206.05,207.2,88350,3355050,8.18,26025.05,25900.0,25850,ATM-3,CALL,26000,2025-12-04
2025-12-04 10:05:00+05:30,244.35,247.25,240.7,242.9,25200,532275,8.11,26021.85,25850.0,25850,ATM-3,CALL,26000,2025-12-04
2025-12-04 10:06:00+05:30,206.35,212.75,205.95,211.75,169500,3355050,8.21,26031.9,25900.0,25850,ATM-3,CALL,26000,2025-12-04
2025-12-04 10:07:00+05:30,212.1,222.7,210.4,221.4,691350,3257625,8.61,26039.6,25900.0,25850,ATM-3,CALL,26000,2025-12-04
2025-12-04 10:08:00+05:30,220.55,220.55,215.75,217.3,277575,3257625,8.36,26036.25,25900.0,25850,ATM-3,CALL,26000,2025-12-04
2025-12-04 10:09:00+05:30,216.2,217.0,206.25,207.1,307050,3257625,8.1,26027.5,25900.0,25850,ATM-3,CALL,26000,2025-12-04
2025-12-04 10:10:00+05:30,207.6,210.25,207.0,209.3,169725,3144825,8.15,26029.0,25900.0,25850,ATM-3,CALL,26000,2025-12-04
2025-12-04 10:11:00+05:30,209.7,211.55,206.0,209.65,152250,3144825,8.15,26029.15,25900.0,25850,ATM-3,CALL,26000,2025-12-04
2025-12-04 10:12:00+05:30,209.5,213.9,209.5,212.7,199575,3144825,8.11,26034.35,25900.0,25850,ATM-3,CALL,26000,2025-12-04
2025-12-04 10:13:00+05:30,213.0,218.0,212.15,215.15,249450,3175950,7.86,26040.35,25900.0,25850,ATM-3,CALL,26000,2025-12-04
2025-12-04 10:14:00+05:30,215.55,221.05,215.1,218.4,257100,3175950,7.96,26042.75,25900.0,25850,ATM-3,CALL,26000,2025-12-04
2025-12-04 10:15:00+05:30,218.45,220.25,216.85,219.3,173775,3175950,8.07,26042.45,25900.0,25850,ATM-3,CALL,26000,2025-12-04
2025-12-04 10:16:00+05:30,217.85,220.0,216.4,219.45,152625,3036675,8.15,26043.45,25900.0,25850,ATM-3,CALL,26000,2025-12-04
2025-12-04 10:17:00+05:30,218.7,219.45,214.75,215.45,126675,3036675,8.06,26038.1,25900.0,25850,ATM-3,CALL,26000,2025-12-04
2025-12-04 10:18:00+05:30,215.6,219.95,215.0,219.95,98325,3036675,8.33,26043.7,25900.0,25850,ATM-3,CALL,26000,2025-12-04
2025-12-04 10:19:00+05:30,219.15,227.25,218.0,224.95,341475,3018525,8.27,26046.55,25900.0,25850,ATM-3,CALL,26000,2025-12-04
2025-12-04 10:20:00+05:30,224.35,226.85,221.9,224.1,308700,3018525,8.16,26048.05,25900.0,25850,ATM-3,CALL,26000,2025-12-04
2025-12-04 10:21:00+05:30,223.55,230.0,223.0,229.95,297825,3018525,8.46,26052.55,25900.0,25850,ATM-3,CALL,26000,2025-12-04
2025-12-04 10:22:00+05:30,229.7,234.6,225.85,227.45,423450,2744850,8.46,26049.05,25900.0,25850,ATM-3,CALL,26000,2025-12-04
2025-12-04 10:23:00+05:30,226.95,229.6,223.95,229.0,136125,2744850,8.52,26050.05,25900.0,25850,ATM-3,CALL,26000,2025-12-04
2025-12-04 10:24:00+05:30,228.65,229.65,225.65,226.95,107775,2744850,8.3,26050.55,25900.0,25850,ATM-3,CALL,26000,2025-12-04
2025-12-04 10:25:00+05:30,228.0,230.75,227.7,230.4,132000,2672925,8.16,26055.15,25900.0,25850,ATM-3,CALL,26000,2025-12-04
2025-12-04 10:26:00+05:30,230.2,233.4,229.05,229.55,152025,2672925,8.03,26056.0,25900.0,25850,ATM-3,CALL,26000,2025-12-04
2025-12-04 10:27:00+05:30,229.5,233.8,228.9,233.4,145200,2672925,8.38,26057.25,25900.0,25850,ATM-3,CALL,26000,2025-12-04
2025-12-04 10:28:00+05:30,233.3,242.7,233.3,242.7,371700,2583000,8.69,26065.4,25900.0,25850,ATM-3,CALL,26000,2025-12-04
2025-12-04 10:29:00+05:30,203.9,216.0,203.15,214.65,577875,2511675,8.7,26078.9,25950.0,25850,ATM-3,CALL,26000,2025-12-04
2025-12-04 10:30:00+05:30,214.75,217.4,210.7,211.45,362175,2511675,8.35,26078.7,25950.0,25850,ATM-3,CALL,26000,2025-12-04
2025-12-04 10:31:00+05:30,210.25,219.9,210.25,219.4,233475,2209425,8.64,26085.9,25950.0,25850,ATM-3,CALL,26000,2025-12-04
2025-12-04 10:32:00+05:30,219.2,221.85,215.0,216.1,269550,2209425,8.58,26082.25,25950.0,25850,ATM-3,CALL,26000,2025-12-04
2025-12-04 10:33:00+05:30,216.6,216.6,210.6,213.55,190800,2209425,8.58,26078.05,25950.0,25850,ATM-3,CALL,26000,2025-12-04
2025-12-04 10:34:00+05:30,213.15,221.9,212.9,220.0,164925,2167275,8.75,26084.65,25950.0,25850,ATM-3,CALL,26000,2025-12-04
2025-12-04 10:35:00+05:30,220.1,221.0,218.0,220.75,132525,2167275,8.6,26087.7,25950.0,25850,ATM-3,CALL,26000,2025-12-04
2025-12-04 10:36:00+05:30,221.35,226.55,221.2,225.45,307350,2167275,8.64,26092.35,25950.0,25850,ATM-3,CALL,26000,2025-12-04
2025-12-04 10:37:00+05:30,225.0,226.25,222.9,224.95,111975,2062200,8.48,26094.9,25950.0,25850,ATM-3,CALL,26000,2025-12-04
2025-12-04 10:38:00+05:30,224.65,225.6,221.85,223.1,91275,2062200,8.61,26090.8,25950.0,25850,ATM-3,CALL,26000,2025-12-04
2025-12-04 10:39:00+05:30,222.65,223.3,218.7,221.4,80700,2062200,8.59,26089.6,25950.0,25850,ATM-3,CALL,26000,2025-12-04
2025-12-04 10:40:00+05:30,221.05,228.6,220.65,221.4,186525,2032125,8.52,26090.65,25950.0,25850,ATM-3,CALL,26000,2025-12-04
2025-12-04 10:41:00+05:30,221.65,228.7,220.9,226.4,124050,2032125,8.76,26093.2,25950.0,25850,ATM-3,CALL,26000,2025-12-04
2025-12-04 10:42:00+05:30,226.65,228.9,224.6,227.0,114600,2032125,8.77,26093.55,25950.0,25850,ATM-3,CALL,26000,2025-12-04
2025-12-04 10:43:00+05:30,226.0,228.3,224.25,226.3,51675,1981500,8.68,26094.6,25950.0,25850,ATM-3,CALL,26000,2025-12-04
2025-12-04 10:44:00+05:30,226.55,230.0,224.7,225.15,62025,1981500,8.64,26092.7,25950.0,25850,ATM-3,CALL,26000,2025-12-04
2025-12-04 10:45:00+05:30,226.7,227.75,225.05,226.4,50550,1981500,8.59,26097.1,25950.0,25850,ATM-3,CALL,26000,2025-12-04
2025-12-04 10:46:00+05:30,226.65,228.0,224.75,226.45,44475,1979250,8.67,26094.7,25950.0,25850,ATM-3,CALL,26000,2025-12-04
2025-12-04 10:47:00+05:30,225.85,226.3,223.05,223.2,56025,1979250,8.81,26089.9,25950.0,25850,ATM-3,CALL,26000,2025-12-04
2025-12-04 10:48:00+05:30,223.0,223.0,220.3,221.9,83700,1979250,8.74,26087.8,25950.0,25850,ATM-3,CALL,26000,2025-12-04
2025-12-04 10:49:00+05:30,222.25,222.25,218.15,218.4,66375,1969725,8.63,26083.4,25950.0,25850,ATM-3,CALL,26000,2025-12-04
2025-12-04 10:50:00+05:30,218.65,221.7,218.05,220.5,36600,1969725,8.95,26082.9,25950.0,25850,ATM-3,CALL,26000,2025-12-04
2025-12-04 10:51:00+05:30,219.85,220.7,218.0,220.2,38325,1969725,8.82,26084.25,25950.0,25850,ATM-3,CALL,26000,2025-12-04
2025-12-04 10:52:00+05:30,220.55,220.85,218.5,219.3,27450,1924800,8.83,26082.75,25950.0,25850,ATM-3,CALL,26000,2025-12-04
2025-12-04 10:53:00+05:30,219.85,220.0,212.5,217.45,107250,1924800,8.91,26079.6,25950.0,25850,ATM-3,CALL,26000,2025-12-04
2025-12-04 10:54:00+05:30,217.55,218.65,215.0,216.0,39750,1924800,8.81,26078.05,25950.0,25850,ATM-3,CALL,26000,2025-12-04
2025-12-04 10:55:00+05:30,215.55,217.9,214.0,216.8,45750,1906425,8.81,26079.2,25950.0,25850,ATM-3,CALL,26000,2025-12-04
2025-12-04 10:56:00+05:30,217.35,218.45,213.3,217.35,46350,1906425,9.0,26078.4,25950.0,25850,ATM-3,CALL,26000,2025-12-04
2025-12-04 10:57:00+05:30,216.65,219.35,215.55,218.85,30900,1906425,8.88,26080.95,25950.0,25850,ATM-3,CALL,26000,2025-12-04
2025-12-04 10:58:00+05:30,220.5,224.65,220.5,222.7,118500,1894575,9.03,26085.5,25950.0,25850,ATM-3,CALL,26000,2025-12-04
2025-12-04 10:59:00+05:30,222.6,222.85,211.8,211.9,85350,1894575,8.58,26075.5,25950.0,25850,ATM-3,CALL,26000,2025-12-04
2025-12-04 11:00:00+05:30,212.05,213.7,210.75,213.2,62325,1894575,8.55,26076.55,25950.0,25850,ATM-3,CALL,26000,2025-12-04
2025-12-04 11:01:00+05:30,213.15,217.95,212.1,215.1,53175,1791675,8.69,26079.6,25950.0,25850,ATM-3,CALL,26000,2025-12-04
2025-12-04 11:02:00+05:30,216.25,219.2,215.1,216.2,46800,1791675,8.63,26082.1,25950.0,25850,ATM-3,CALL,26000,2025-12-04
2025-12-04 11:03:00+05:30,216.7,220.0,216.6,217.05,40650,1791675,8.63,26082.65,25950.0,25850,ATM-3,CALL,26000,2025-12-04
2025-12-04 11:04:00+05:30,217.1,220.9,215.55,218.55,44775,1799775,8.79,26083.0,25950.0,25850,ATM-3,CALL,26000,2025-12-04
2025-12-04 11:05:00+05:30,218.45,220.7,217.25,219.4,32250,1799775,8.87,26082.95,25950.0,25850,ATM-3,CALL,26000,2025-12-04
2025-12-04 11:06:00+05:30,219.75,221.4,217.5,219.0,50175,1799775,8.79,26083.9,25950.0,25850,ATM-3,CALL,26000,2025-12-04
2025-12-04 11:07:00+05:30,218.75,219.3,215.05,215.95,60000,1800450,8.64,26080.6,25950.0,25850,ATM-3,CALL,26000,2025-12-04
2025-12-04 11:08:00+05:30,216.0,216.25,209.3,209.4,88875,1800450,8.32,26076.7,25950.0,25850,ATM-3,CALL,26000,2025-12-04
2025-12-04 11:09:00+05:30,248.3,250.0,245.3,245.3,73125,1943250,8.27,26074.7,25900.0,25850,ATM-3,CALL,26000,2025-12-04
2025-12-04 11:10:00+05:30,207.55,210.0,205.75,209.15,128700,1774950,8.36,26076.0,25950.0,25850,ATM-3,CALL,26000,2025-12-04
2025-12-04 11:11:00+05:30,249.2,249.2,243.5,245.2,39450,1942800,8.42,26073.2,25900.0,25850,ATM-3,CALL,26000,2025-12-04
2025-12-04 11:12:00+05:30,245.25,248.75,241.55,242.05,56775,1942800,8.1,26073.0,25900.0,25850,ATM-3,CALL,26000,2025-12-04
2025-12-04 11:13:00+05:30,241.3,243.65,240.5,242.25,60300,1949925,8.11,26070.4,25900.0,25850,ATM-3,CALL,26000,2025-12-04
2025-12-04 11:14:00+05:30,204.0,209.3,204.0,208.85,69375,1797000,8.27,26077.05,25950.0,25850,ATM-3,CALL,26000,2025-12-04
2025-12-04 11:15:00+05:30,247.55,247.85,242.3,243.55,53400,1949925,8.36,26070.5,25900.0,25850,ATM-3,CALL,26000,2025-12-04
2025-12-04 11:16:00+05:30,244.65,246.2,241.85,245.5,29700,1959750,8.39,26073.05,25900.0,25850,ATM-3,CALL,26000,2025-12-04
2025-12-04 11:17:00+05:30,207.3,209.6,205.0,207.7,36900,1802325,8.27,26075.6,25950.0,25850,ATM-3,CALL,26000,2025-12-04
2025-12-04 11:18:00+05:30,245.95,247.4,237.0,239.95,94200,1959750,8.18,26068.0,25900.0,25850,ATM-3,CALL,26000,2025-12-04
2025-12-04 11:19:00+05:30,241.15,243.05,239.65,242.9,50775,1977000,8.45,26070.3,25900.0,25850,ATM-3,CALL,26000,2025-12-04
2025-12-04 11:20:00+05:30,241.9,241.95,234.7,238.15,99150,1977000,8.26,26065.55,25900.0,25850,ATM-3,CALL,26000,2025-12-04
2025-12-04 11:21:00+05:30,236.85,241.4,236.05,239.3,74625,1977000,8.18,26068.1,25900.0,25850,ATM-3,CALL,26000,2025-12-04
2025-12-04 11:22:00+05:30,240.4,242.7,237.4,239.35,51750,1972125,8.09,26069.4,25900.0,25850,ATM-3,CALL,26000,2025-12-04
2025-12-04 11:23:00+05:30,239.65,240.15,231.95,231.95,110625,1972125,7.84,26064.3,25900.0,25850,ATM-3,CALL,26000,2025-12-04
2025-12-04 11:24:00+05:30,231.55,235.7,228.7,235.4,119325,1972125,8.12,26063.15,25900.0,25850,ATM-3,CALL,26000,2025-12-04
2025-12-04 11:25:00+05:30,235.35,241.45,235.0,240.85,74700,1976625,8.38,26067.9,25900.0,25850,ATM-3,CALL,26000,2025-12-04
2025-12-04 11:26:00+05:30,241.45,241.45,234.85,237.6,132525,1976625,8.14,26066.15,25900.0,25850,ATM-3,CALL,26000,2025-12-04
2025-12-04 11:27:00+05:30,237.4,239.0,232.0,233.25,46875,1976625,8.02,26063.35,25900.0,25850,ATM-3,CALL,26000,2025-12-04
2025-12-04 11:28:00+05:30,232.5,235.9,231.05,233.5,73125,1967700,8.06,26062.6,25900.0,25850,ATM-3,CALL,26000,2025-12-04
2025-12-04 11:29:00+05:30,234.3,235.0,231.0,231.0,29625,1967700,8.17,26060.6,25900.0,25850,ATM-3,CALL,26000,2025-12-04
2025-12-04 11:30:00+05:30,228.85,234.2,227.35,233.15,109875,1967700,8.15,26060.35,25900.0,25850,ATM-3,CALL,26000,2025-12-04
2025-12-04 11:31:00+05:30,233.7,237.6,230.75,231.9,104400,1986000,8.07,26060.0,25900.0,25850,ATM-3,CALL,26000,2025-12-04
2025-12-04 11:32:00+05:30,231.6,234.25,229.6,231.3,81150,1986000,8.01,26060.25,25900.0,25850,ATM-3,CALL,26000,2025-12-04
2025-12-04 11:33:00+05:30,231.3,236.6,230.75,235.0,73425,1986000,8.24,26063.2,25900.0,25850,ATM-3,CALL,26000,2025-12-04
2025-12-04 11:34:00+05:30,233.8,235.8,229.55,232.8,37425,2018475,8.11,26061.3,25900.0,25850,ATM-3,CALL,26000,2025-12-04
2025-12-04 11:35:00+05:30,233.15,235.5,232.3,235.5,34125,2018475,8.41,26060.7,25900.0,25850,ATM-3,CALL,26000,2025-12-04
2025-12-04 11:36:00+05:30,235.85,236.7,231.5,235.0,53250,2018475,8.45,26060.55,25900.0,25850,ATM-3,CALL,26000,2025-12-04
2025-12-04 11:37:00+05:30,233.65,234.2,225.9,226.85,86475,2042025,8.1,26052.9,25900.0,25850,ATM-3,CALL,26000,2025-12-04
2025-12-04 11:38:00+05:30,227.65,228.65,212.9,217.35,247425,2042025,8.23,26039.35,25900.0,25850,ATM-3,CALL,26000,2025-12-04
2025-12-04 11:39:00+05:30,216.65,218.35,210.85,213.5,230025,2042025,8.23,26034.75,25900.0,25850,ATM-3,CALL,26000,2025-12-04
2025-12-04 11:40:00+05:30,212.45,216.9,211.3,214.65,163425,2113800,7.96,26038.15,25900.0,25850,ATM-3,CALL,26000,2025-12-04
2025-12-04 11:41:00+05:30,214.65,215.1,207.0,207.0,178275,2113800,7.56,26033.45,25900.0,25850,ATM-3,CALL,26000,2025-12-04
2025-12-04 11:42:00+05:30,208.5,209.35,202.2,202.9,218850,2113800,7.52,26028.2,25900.0,25850,ATM-3,CALL,26000,2025-12-04
2025-12-04 11:43:00+05:30,242.05,244.4,239.0,239.65,23700,336600,7.77,26023.45,25850.0,25850,ATM-3,CALL,26000,2025-12-04
2025-12-04 11:44:00+05:30,202.55,205.8,202.55,204.25,87750,2250975,7.86,26028.8,25900.0,25850,ATM-3,CALL,26000,2025-12-04
2025-12-04 11:45:00+05:30,241.8,242.15,229.8,231.65,53100,336600,7.68,26015.15,25850.0,25850,ATM-3,CALL,26000,2025-12-04
2025-12-04 11:46:00+05:30,196.15,205.9,195.65,203.05,218850,2347650,7.79,26025.5,25900.0,25850,ATM-3,CALL,26000,2025-12-04
2025-12-04 11:47:00+05:30,202.9,205.55,202.3,204.8,163950,2347650,7.82,26028.45,25900.0,25850,ATM-3,CALL,26000,2025-12-04
2025-12-04 11:48:00+05:30,204.9,206.1,202.25,205.75,109725,2347650,7.99,26025.95,25900.0,25850,ATM-3,CALL,26000,2025-12-04
2025-12-04 11:49:00+05:30,205.75,209.3,203.35,208.0,146100,2342925,7.89,26031.3,25900.0,25850,ATM-3,CALL,26000,2025-12-04
2025-12-04 11:50:00+05:30,207.45,208.4,204.9,205.2,110400,2342925,7.79,26029.6,25900.0,25850,ATM-3,CALL,26000,2025-12-04
2025-12-04 11:51:00+05:30,244.0,244.0,236.4,240.15,22050,354675,7.82,26022.9,25850.0,25850,ATM-3,CALL,26000,2025-12-04
2025-12-04 11:52:00+05:30,239.0,242.0,238.0,238.0,12150,367725,7.77,26021.9,25850.0,25850,ATM-3,CALL,26000,2025-12-04
2025-12-04 11:53:00+05:30,238.45,240.3,235.95,237.55,9675,367725,7.99,26018.35,25850.0,25850,ATM-3,CALL,26000,2025-12-04
2025-12-04 11:54:00+05:30,236.0,238.4,235.6,236.45,12450,367725,8.05,26016.7,25850.0,25850,ATM-3,CALL,26000,2025-12-04
2025-12-04 11:55:00+05:30,198.9,205.7,198.9,204.6,129225,2447850,7.92,26028.1,25900.0,25850,ATM-3,CALL,26000,2025-12-04
2025-12-04 11:56:00+05:30,204.5,206.2,203.0,203.85,95850,2447850,7.9,26025.15,25900.0,25850,ATM-3,CALL,26000,2025-12-04
2025-12-04 11:57:00+05:30,242.05,242.4,237.7,237.7,9825,369975,7.64,26022.55,25850.0,25850,ATM-3,CALL,26000,2025-12-04
2025-12-04 11:58:00+05:30,238.8,238.8,233.9,235.6,20175,382125,7.66,26020.0,25850.0,25850,ATM-3,CALL,26000,2025-12-04
2025-12-04 11:59:00+05:30,237.0,239.1,235.25,239.1,6975,382125,7.7,26024.0,25850.0,25850,ATM-3,CALL,26000,2025-12-04
2025-12-04 12:00:00+05:30,238.0,242.0,238.0,238.2,14925,382125,7.6,26024.55,25850.0,25850,ATM-3,CALL,26000,2025-12-04
2025-12-04 12:01:00+05:30,241.1,242.0,238.6,242.0,3975,388125,7.84,26024.9,25850.0,25850,ATM-3,CALL,26000,2025-12-04
2025-12-04 12:02:00+05:30,242.0,247.0,237.3,237.3,22575,388125,7.51,26024.6,25850.0,25850,ATM-3,CALL,26000,2025-12-04
2025-12-04 12:03:00+05:30,201.9,208.5,201.9,208.5,73800,2519250,8.06,26031.4,25900.0,25850,ATM-3,CALL,26000,2025-12-04
2025-12-04 12:04:00+05:30,208.7,211.5,207.0,208.6,198825,2475075,7.87,26032.65,25900.0,25850,ATM-3,CALL,26000,2025-12-04
2025-12-04 12:05:00+05:30,208.6,213.0,207.5,211.05,181875,2475075,7.64,26038.45,25900.0,25850,ATM-3,CALL,26000,2025-12-04
2025-12-04 12:06:00+05:30,210.25,211.9,207.65,208.45,126375,2475075,7.77,26035.45,25900.0,25850,ATM-3,CALL,26000,2025-12-04
2025-12-04 12:07:00+05:30,209.0,216.5,207.75,215.0,154050,2378325,7.84,26040.6,25900.0,25850,ATM-3,CALL,26000,2025-12-04
2025-12-04 12:08:00+05:30,214.2,216.65,214.0,215.15,116850,2378325,7.82,26042.85,25900.0,25850,ATM-3,CALL,26000,2025-12-04
2025-12-04 12:09:00+05:30,215.15,215.8,203.6,204.05,202500,2378325,7.58,26032.0,25900.0,25850,ATM-3,CALL,26000,2025-12-04
2025-12-04 12:10:00+05:30,205.6,207.05,202.0,204.55,115650,2447700,8.02,26027.7,25900.0,25850,ATM-3,CALL,26000,2025-12-04
2025-12-04 12:11:00+05:30,241.85,242.2,235.85,235.85,17025,380925,7.41,26023.8,25850.0,25850,ATM-3,CALL,26000,2025-12-04
2025-12-04 12:12:00+05:30,200.5,205.0,197.1,204.0,128700,2447700,7.89,26027.3,25900.0,25850,ATM-3,CALL,26000,2025-12-04
2025-12-04 12:13:00+05:30,203.15,206.55,203.15,204.1,77850,2454300,7.89,26026.8,25900.0,25850,ATM-3,CALL,26000,2025-12-04
2025-12-04 12:14:00+05:30,204.4,208.8,204.4,205.95,75450,2454300,8.06,26028.15,25900.0,25850,ATM-3,CALL,26000,2025-12-04
2025-12-04 12:15:00+05:30,243.35,243.35,234.85,235.5,14475,380400,7.89,26017.8,25850.0,25850,ATM-3,CALL,26000,2025-12-04
2025-12-04 12:16:00+05:30,236.8,238.8,233.55,237.0,13875,381300,7.79,26021.65,25850.0,25850,ATM-3,CALL,26000,2025-12-04
2025-12-04 12:17:00+05:30,237.65,242.0,237.5,240.0,10275,381300,7.94,26023.0,25850.0,25850,ATM-3,CALL,26000,2025-12-04
2025-12-04 12:18:00+05:30,239.0,239.65,236.85,239.65,6675,381300,7.96,26022.65,25850.0,25850,ATM-3,CALL,26000,2025-12-04
2025-12-04 12:19:00+05:30,240.5,241.25,235.0,236.05,7575,384150,7.99,26018.15,25850.0,25850,ATM-3,CALL,26000,2025-12-04
2025-12-04 12:20:00+05:30,236.05,237.4,223.25,224.5,47175,384150,7.67,26006.95,25850.0,25850,ATM-3,CALL,26000,2025-12-04
2025-12-04 12:21:00+05:30,223.8,229.2,221.85,229.15,39975,384150,7.79,26012.15,25850.0,25850,ATM-3,CALL,26000,2025-12-04
2025-12-04 12:22:00+05:30,230.5,230.5,227.05,228.0,16800,394500,7.24,26015.1,25850.0,25850,ATM-3,CALL,26000,2025-12-04
2025-12-04 12:23:00+05:30,228.9,234.5,228.9,231.6,16200,394500,7.53,26015.85,25850.0,25850,ATM-3,CALL,26000,2025-12-04
2025-12-04 12:24:00+05:30,231.9,234.0,230.0,233.7,12900,394500,7.48,26019.5,25850.0,25850,ATM-3,CALL,26000,2025-12-04
2025-12-04 12:25:00+05:30,234.0,239.55,233.1,239.55,38700,399900,7.72,26024.4,25850.0,25850,ATM-3,CALL,26000,2025-12-04
2025-12-04 12:26:00+05:30,239.95,240.25,235.15,239.2,22875,399900,7.7,26024.5,25850.0,25850,ATM-3,CALL,26000,2025-12-04
2025-12-04 12:27:00+05:30,201.4,201.95,197.2,201.15,82575,2596275,7.75,26025.65,25900.0,25850,ATM-3,CALL,26000,2025-12-04
2025-12-04 12:28:00+05:30,201.0,207.7,200.25,207.7,288375,2559075,8.12,26028.9,25900.0,25850,ATM-3,CALL,26000,2025-12-04
2025-12-04 12:29:00+05:30,244.6,245.35,234.8,236.4,28050,406425,7.48,26024.25,25850.0,25850,ATM-3,CALL,26000,2025-12-04
2025-12-04 12:30:00+05:30,199.1,203.4,197.15,202.55,122325,2559075,7.86,26026.8,25900.0,25850,ATM-3,CALL,26000,2025-12-04
2025-12-04 12:31:00+05:30,203.25,203.45,199.2,199.2,83700,2582025,7.48,26025.35,25900.0,25850,ATM-3,CALL,26000,2025-12-04
2025-12-04 12:32:00+05:30,238.3,239.1,234.5,237.25,7050,408375,7.57,26024.35,25850.0,25850,ATM-3,CALL,26000,2025-12-04
2025-12-04 12:33:00+05:30,199.55,203.5,199.05,203.5,69975,2582025,7.68,26029.0,25900.0,25850,ATM-3,CALL,26000,2025-12-04
2025-12-04 12:34:00+05:30,204.0,204.0,200.5,201.15,61875,2589900,7.61,26025.9,25900.0,25850,ATM-3,CALL,26000,2025-12-04
2025-12-04 12:35:00+05:30,201.85,203.95,200.6,202.8,65175,2589900,7.7,26027.9,25900.0,25850,ATM-3,CALL,26000,2025-12-04
2025-12-04 12:36:00+05:30,202.5,203.55,200.7,202.0,21900,2589900,7.77,26026.05,25900.0,25850,ATM-3,CALL,26000,2025-12-04
2025-12-04 12:37:00+05:30,239.7,242.0,235.75,238.7,4425,408000,7.53,26025.0,25850.0,25850,ATM-3,CALL,26000,2025-12-04
2025-12-04 12:38:00+05:30,201.1,203.5,198.9,202.3,52500,2569725,7.73,26026.65,25900.0,25850,ATM-3,CALL,26000,2025-12-04
2025-12-04 12:39:00+05:30,240.0,243.0,238.0,238.0,7200,404625,7.65,26023.95,25850.0,25850,ATM-3,CALL,26000,2025-12-04
2025-12-04 12:40:00+05:30,238.55,240.0,236.4,237.0,3000,404625,7.46,26025.0,25850.0,25850,ATM-3,CALL,26000,2025-12-04
2025-12-04 12:41:00+05:30,238.15,238.15,234.5,234.5,6075,406950,7.47,26023.6,25850.0,25850,ATM-3,CALL,26000,2025-12-04
2025-12-04 12:42:00+05:30,234.0,234.5,229.05,229.05,29400,406950,7.31,26017.2,25850.0,25850,ATM-3,CALL,26000,2025-12-04
2025-12-04 12:43:00+05:30,230.0,230.0,224.6,225.2,26775,406950,7.29,26012.5,25850.0,25850,ATM-3,CALL,26000,2025-12-04
2025-12-04 12:44:00+05:30,225.95,226.8,222.25,223.6,30225,413175,7.27,26009.55,25850.0,25850,ATM-3,CALL,26000,2025-12-04
2025-12-04 12:45:00+05:30,222.5,222.5,208.1,208.1,76800,413175,7.09,25992.1,25850.0,25850,ATM-3,CALL,26000,2025-12-04
2025-12-04 12:46:00+05:30,208.25,212.4,208.25,211.0,49875,413175,7.56,25990.7,25850.0,25850,ATM-3,CALL,26000,2025-12-04
2025-12-04 12:47:00+05:30,210.05,217.25,210.05,215.25,34800,435150,7.32,26000.85,25850.0,25850,ATM-3,CALL,26000,2025-12-04
2025-12-04 12:48:00+05:30,214.6,215.5,210.15,211.0,21900,435150,7.03,25997.05,25850.0,25850,ATM-3,CALL,26000,2025-12-04
2025-12-04 12:49:00+05:30,211.25,212.2,208.25,210.4,31800,435150,7.3,25993.35,25850.0,25850,ATM-3,CALL,26000,2025-12-04
2025-12-04 12:50:00+05:30,210.0,213.25,209.25,213.1,26250,458400,7.42,25994.45,25850.0,25850,ATM-3,CALL,26000,2025-12-04
2025-12-04 12:51:00+05:30,213.75,214.55,210.0,211.4,19500,458400,7.24,25995.5,25850.0,25850,ATM-3,CALL,26000,2025-12-04
2025-12-04 12:52:00+05:30,211.2,211.55,205.35,207.45,33900,458400,7.1,25991.55,25850.0,25850,ATM-3,CALL,26000,2025-12-04
2025-12-04 12:53:00+05:30,207.6,212.5,206.55,210.75,15225,474975,7.19,25993.85,25850.0,25850,ATM-3,CALL,26000,2025-12-04
2025-12-04 12:54:00+05:30,210.55,212.35,209.3,211.3,8325,474975,7.52,25992.85,25850.0,25850,ATM-3,CALL,26000,2025-12-04
2025-12-04 12:55:00+05:30,211.35,220.25,211.35,219.4,34125,474975,7.37,26004.5,25850.0,25850,ATM-3,CALL,26000,2025-12-04
2025-12-04 12:56:00+05:30,219.0,221.45,218.25,220.45,25575,475950,7.41,26005.95,25850.0,25850,ATM-3,CALL,26000,2025-12-04
2025-12-04 12:57:00+05:30,220.15,221.6,218.35,221.2,22050,475950,7.43,26005.95,25850.0,25850,ATM-3,CALL,26000,2025-12-04
2025-12-04 12:58:00+05:30,221.35,223.0,217.6,219.7,18525,475950,7.58,26004.05,25850.0,25850,ATM-3,CALL,26000,2025-12-04
2025-12-04 12:59:00+05:30,221.0,221.05,218.3,219.2,10125,479700,7.55,26002.4,25850.0,25850,ATM-3,CALL,26000,2025-12-04
2025-12-04 13:00:00+05:30,216.65,219.7,214.55,218.2,14100,479700,7.56,26001.85,25850.0,25850,ATM-3,CALL,26000,2025-12-04
2025-12-04 13:01:00+05:30,219.3,221.5,217.9,218.75,14850,479700,7.33,26004.2,25850.0,25850,ATM-3,CALL,26000,2025-12-04
2025-12-04 13:02:00+05:30,219.05,220.25,218.05,218.05,11250,488775,7.35,26001.3,25850.0,25850,ATM-3,CALL,26000,2025-12-04
2025-12-04 13:03:00+05:30,218.4,220.45,218.0,219.2,9375,488775,7.42,26002.7,25850.0,25850,ATM-3,CALL,26000,2025-12-04
2025-12-04 13:04:00+05:30,219.25,225.05,219.05,222.7,21450,488775,7.62,26005.85,25850.0,25850,ATM-3,CALL,26000,2025-12-04
2025-12-04 13:05:00+05:30,221.25,222.95,217.75,219.35,14175,491100,7.73,26001.05,25850.0,25850,ATM-3,CALL,26000,2025-12-04
2025-12-04 13:06:00+05:30,218.65,222.85,218.65,222.2,7650,491100,7.82,26002.2,25850.0,25850,ATM-3,CALL,26000,2025-12-04
2025-12-04 13:07:00+05:30,222.05,223.2,219.8,222.2,7350,491100,7.8,26003.9,25850.0,25850,ATM-3,CALL,26000,2025-12-04
2025-12-04 13:08:00+05:30,222.2,226.2,220.95,221.3,18975,490350,7.94,25999.95,25850.0,25850,ATM-3,CALL,26000,2025-12-04
2025-12-04 13:09:00+05:30,222.2,222.6,218.95,219.8,7800,490350,7.94,25997.95,25850.0,25850,ATM-3,CALL,26000,2025-12-04
2025-12-04 13:10:00+05:30,219.5,219.65,213.65,216.95,24975,490350,8.0,25993.15,25850.0,25850,ATM-3,CALL,26000,2025-12-04
2025-12-04 13:11:00+05:30,216.95,219.4,216.95,218.1,8025,497400,8.08,25994.25,25850.0,25850,ATM-3,CALL,26000,2025-12-04
2025-12-04 13:12:00+05:30,218.15,222.2,214.7,215.15,15525,497400,7.84,25993.45,25850.0,25850,ATM-3,CALL,26000,2025-12-04
2025-12-04 13:13:00+05:30,215.0,216.85,212.0,215.8,23850,497400,7.84,25993.8,25850.0,25850,ATM-3,CALL,26000,2025-12-04
2025-12-04 13:14:00+05:30,215.9,224.85,215.55,221.35,23400,501375,7.82,26000.8,25850.0,25850,ATM-3,CALL,26000,2025-12-04
2025-12-04 13:15:00+05:30,220.9,223.45,220.2,220.85,13050,501375,7.71,26002.4,25850.0,25850,ATM-3,CALL,26000,2025-12-04
2025-12-04 13:16:00+05:30,221.7,224.55,221.1,223.15,19650,501375,7.75,26003.3,25850.0,25850,ATM-3,CALL,26000,2025-12-04
2025-12-04 13:17:00+05:30,223.85,223.9,219.7,221.9,19575,505275,7.91,26000.85,25850.0,25850,ATM-3,CALL,26000,2025-12-04
2025-12-04 13:18:00+05:30,222.2,226.0,222.0,222.8,22950,505275,8.01,26001.5,25850.0,25850,ATM-3,CALL,26000,2025-12-04
2025-12-04 13:19:00+05:30,222.8,223.45,214.5,217.4,19425,505275,7.91,25995.65,25850.0,25850,ATM-3,CALL,26000,2025-12-04
2025-12-04 13:20:00+05:30,218.0,221.5,215.2,221.5,18825,494775,7.84,26001.5,25850.0,25850,ATM-3,CALL,26000,2025-12-04
2025-12-04 13:21:00+05:30,221.5,223.0,220.5,223.0,24000,494775,7.52,26006.85,25850.0,25850,ATM-3,CALL,26000,2025-12-04
2025-12-04 13:22:00+05:30,224.05,231.35,223.45,231.35,58875,494775,7.66,26016.15,25850.0,25850,ATM-3,CALL,26000,2025-12-04
2025-12-04 13:23:00+05:30,231.65,233.7,229.65,232.05,68475,488175,7.69,26017.05,25850.0,25850,ATM-3,CALL,26000,2025-12-04
2025-12-04 13:24:00+05:30,232.45,236.7,229.3,236.7,28200,488175,8.1,26017.85,25850.0,25850,ATM-3,CALL,26000,2025-12-04
2025-12-04 13:25:00+05:30,235.9,238.4,232.5,232.95,47850,488175,7.75,26016.25,25850.0,25850,ATM-3,CALL,26000,2025-12-04
2025-12-04 13:26:00+05:30,232.55,237.2,231.55,233.8,24075,474075,7.71,26018.15,25850.0,25850,ATM-3,CALL,26000,2025-12-04
2025-12-04 13:27:00+05:30,234.15,238.2,234.15,234.95,20850,474075,7.79,26018.95,25850.0,25850,ATM-3,CALL,26000,2025-12-04
2025-12-04 13:28:00+05:30,235.5,236.55,230.85,230.85,12450,474075,7.59,26016.8,25850.0,25850,ATM-3,CALL,26000,2025-12-04
2025-12-04 13:29:00+05:30,230.9,234.75,230.85,232.3,13425,471450,7.33,26015.7,25850.0,25850,ATM-3,CALL,26000,2025-12-04
2025-12-04 13:30:00+05:30,233.0,240.25,229.8,229.8,45375,471450,7.53,26015.3,25850.0,25850,ATM-3,CALL,26000,2025-12-04
2025-12-04 13:31:00+05:30,229.4,232.35,227.65,230.9,25575,471450,7.88,26013.6,25850.0,25850,ATM-3,CALL,26000,2025-12-04
2025-12-04 13:32:00+05:30,228.85,230.85,224.5,227.6,18450,472350,7.67,26011.8,25850.0,25850,ATM-3,CALL,26000,2025-12-04
2025-12-04 13:33:00+05:30,228.15,228.15,224.9,225.5,12825,472350,7.73,26008.95,25850.0,25850,ATM-3,CALL,26000,2025-12-04
2025-12-04 13:34:00+05:30,226.2,226.65,216.6,217.75,23850,472350,7.35,26002.4,25850.0,25850,ATM-3,CALL,26000,2025-12-04
2025-12-04 13:35:00+05:30,217.9,217.9,210.25,211.15,46275,474225,7.61,25990.4,25850.0,25850,ATM-3,CALL,26000,2025-12-04
2025-12-04 13:36:00+05:30,208.85,208.95,202.55,203.0,85650,474225,7.53,25979.5,25850.0,25850,ATM-3,CALL,26000,2025-12-04
2025-12-04 13:37:00+05:30,202.6,203.8,196.95,199.25,57825,474225,7.59,25976.3,25850.0,25850,ATM-3,CALL,26000,2025-12-04
2025-12-04 13:38:00+05:30,200.7,205.5,199.75,204.95,34650,500025,7.75,25981.75,25850.0,25850,ATM-3,CALL,26000,2025-12-04
2025-12-04 13:39:00+05:30,203.8,203.8,200.5,201.65,15825,500025,7.5,25980.55,25850.0,25850,ATM-3,CALL,26000,2025-12-04
2025-12-04 13:40:00+05:30,201.4,202.0,198.9,200.3,23400,500025,7.48,25978.35,25850.0,25850,ATM-3,CALL,26000,2025-12-04
2025-12-04 13:41:00+05:30,239.0,239.0,225.35,227.8,99225,987525,7.21,25964.95,25800.0,25850,ATM-3,CALL,26000,2025-12-04
2025-12-04 13:42:00+05:30,228.1,235.05,226.95,233.35,61350,987525,7.23,25973.25,25800.0,25850,ATM-3,CALL,26000,2025-12-04
2025-12-04 13:43:00+05:30,234.05,236.0,230.0,231.3,48450,987525,7.16,25972.9,25800.0,25850,ATM-3,CALL,26000,2025-12-04
2025-12-04 13:44:00+05:30,193.9,197.95,193.7,196.9,22575,555600,7.35,25976.3,25850.0,25850,ATM-3,CALL,26000,2025-12-04
2025-12-04 13:45:00+05:30,234.6,234.6,228.75,231.0,45525,1010850,7.12,25972.8,25800.0,25850,ATM-3,CALL,26000,2025-12-04
2025-12-04 13:46:00+05:30,193.25,198.45,193.25,197.6,21750,555600,7.43,25976.05,25850.0,25850,ATM-3,CALL,26000,2025-12-04
2025-12-04 13:47:00+05:30,197.6,198.55,195.6,197.75,24000,570300,7.27,25978.2,25850.0,25850,ATM-3,CALL,26000,2025-12-04
2025-12-04 13:48:00+05:30,197.85,200.0,194.5,198.8,15675,570300,7.37,25979.4,25850.0,25850,ATM-3,CALL,26000,2025-12-04
2025-12-04 13:49:00+05:30,199.85,201.0,196.15,197.6,27150,570300,7.19,25978.65,25850.0,25850,ATM-3,CALL,26000,2025-12-04
2025-12-04 13:50:00+05:30,198.45,201.7,198.4,200.4,24975,569475,7.52,25978.55,25850.0,25850,ATM-3,CALL,26000,2025-12-04
2025-12-04 13:51:00+05:30,199.9,203.35,198.75,201.35,36375,569475,7.43,25980.5,25850.0,25850,ATM-3,CALL,26000,2025-12-04
2025-12-04 13:52:00+05:30,201.8,202.6,198.8,201.9,20400,569475,7.47,25981.55,25850.0,25850,ATM-3,CALL,26000,2025-12-04
2025-12-04 13:53:00+05:30,238.5,240.2,233.4,236.1,22200,1024650,7.42,25974.85,25800.0,25850,ATM-3,CALL,26000,2025-12-04
2025-12-04 13:54:00+05:30,198.9,201.15,197.8,200.2,12225,581250,7.71,25975.55,25850.0,25850,ATM-3,CALL,26000,2025-12-04
2025-12-04 13:55:00+05:30,238.05,238.65,232.0,233.55,26325,1024650,7.44,25971.95,25800.0,25850,ATM-3,CALL,26000,2025-12-04
2025-12-04 13:56:00+05:30,234.4,237.85,233.25,234.7,11775,1023975,7.47,25974.4,25800.0,25850,ATM-3,CALL,26000,2025-12-04
2025-12-04 13:57:00+05:30,197.6,199.1,192.25,197.75,21375,578925,7.52,25975.8,25850.0,25850,ATM-3,CALL,26000,2025-12-04
2025-12-04 13:58:00+05:30,235.5,239.95,234.3,235.6,17250,1023975,7.46,25974.05,25800.0,25850,ATM-3,CALL,26000,2025-12-04
2025-12-04 13:59:00+05:30,235.7,236.75,235.0,235.4,7875,1023750,7.48,25973.3,25800.0,25850,ATM-3,CALL,26000,2025-12-04
2025-12-04 14:00:00+05:30,235.0,235.95,231.0,235.95,20475,1023750,7.64,25972.3,25800.0,25850,ATM-3,CALL,26000,2025-12-04
2025-12-04 14:01:00+05:30,198.0,207.05,196.75,202.95,59175,575175,7.63,25979.95,25850.0,25850,ATM-3,CALL,26000,2025-12-04
2025-12-04 14:02:00+05:30,202.75,205.85,201.75,202.8,24150,582075,7.52,25980.35,25850.0,25850,ATM-3,CALL,26000,2025-12-04
2025-12-04 14:03:00+05:30,201.0,203.1,194.65,201.45,37275,582075,7.53,25978.75,25850.0,25850,ATM-3,CALL,26000,2025-12-04
2025-12-04 14:04:00+05:30,202.25,208.8,202.25,206.8,44325,582075,7.44,25986.7,25850.0,25850,ATM-3,CALL,26000,2025-12-04
2025-12-04 14:05:00+05:30,207.25,207.25,200.4,204.1,33000,572925,7.64,25980.35,25850.0,25850,ATM-3,CALL,26000,2025-12-04
2025-12-04 14:06:00+05:30,203.2,204.65,201.55,204.55,12150,572925,7.6,25982.0,25850.0,25850,ATM-3,CALL,26000,2025-12-04
2025-12-04 14:07:00+05:30,204.85,214.1,204.85,214.1,62025,572925,7.35,25998.25,25850.0,25850,ATM-3,CALL,26000,2025-12-04
2025-12-04 14:08:00+05:30,213.6,214.0,210.4,213.35,42075,568200,6.95,26001.55,25850.0,25850,ATM-3,CALL,26000,2025-12-04
2025-12-04 14:09:00+05:30,212.7,214.65,210.75,212.95,21675,568200,6.7,26005.6,25850.0,25850,ATM-3,CALL,26000,2025-12-04
2025-12-04 14:10:00+05:30,212.5,230.65,212.5,224.7,150750,568200,6.59,26017.4,25850.0,25850,ATM-3,CALL,26000,2025-12-04
2025-12-04 14:11:00+05:30,226.95,227.4,217.0,220.5,39150,560925,7.16,26007.55,25850.0,25850,ATM-3,CALL,26000,2025-12-04
2025-12-04 14:12:00+05:30,220.15,224.0,218.4,223.6,23700,560925,7.32,26009.2,25850.0,25850,ATM-3,CALL,26000,2025-12-04
2025-12-04 14:13:00+05:30,223.2,225.65,219.15,221.85,26925,560925,7.62,26004.15,25850.0,25850,ATM-3,CALL,26000,2025-12-04
2025-12-04 14:14:00+05:30,221.9,224.55,220.2,221.2,8775,548025,7.58,26004.05,25850.0,25850,ATM-3,CALL,26000,2025-12-04
2025-12-04 14:15:00+05:30,223.0,224.0,218.25,220.3,24750,548025,7.75,26001.75,25850.0,25850,ATM-3,CALL,26000,2025-12-04
2025-12-04 14:16:00+05:30,219.9,220.3,215.0,220.3,22125,548025,7.69,26001.6,25850.0,25850,ATM-3,CALL,26000,2025-12-04
2025-12-04 14:17:00+05:30,220.4,227.25,220.3,226.65,36825,540225,7.72,26009.45,25850.0,25850,ATM-3,CALL,26000,2025-12-04
2025-12-04 14:18:00+05:30,227.0,227.0,222.9,225.7,12900,540225,7.73,26008.75,25850.0,25850,ATM-3,CALL,26000,2025-12-04
2025-12-04 14:19:00+05:30,224.8,225.0,219.05,219.05,10425,540225,7.69,26001.0,25850.0,25850,ATM-3,CALL,26000,2025-12-04
2025-12-04 14:20:00+05:30,218.35,219.7,215.15,217.15,23475,539550,7.73,25997.45,25850.0,25850,ATM-3,CALL,26000,2025-12-04
2025-12-04 14:21:00+05:30,216.05,216.8,210.45,215.5,36750,539550,7.8,25995.0,25850.0,25850,ATM-3,CALL,26000,2025-12-04
2025-12-04 14:22:00+05:30,216.3,219.0,213.8,216.6,28125,539550,7.85,25995.3,25850.0,25850,ATM-3,CALL,26000,2025-12-04
2025-12-04 14:23:00+05:30,217.0,227.65,217.0,227.45,44475,536925,8.09,26007.0,25850.0,25850,ATM-3,CALL,26000,2025-12-04
2025-12-04 14:24:00+05:30,228.8,229.45,221.9,221.9,47850,536925,7.85,26002.25,25850.0,25850,ATM-3,CALL,26000,2025-12-04
2025-12-04 14:25:00+05:30,221.8,222.6,218.0,221.3,41100,536925,7.88,26000.7,25850.0,25850,ATM-3,CALL,26000,2025-12-04
2025-12-04 14:26:00+05:30,220.1,227.1,220.1,224.85,22500,546375,7.86,26006.75,25850.0,25850,ATM-3,CALL,26000,2025-12-04
2025-12-04 14:27:00+05:30,225.1,227.45,222.75,224.8,13575,546375,7.77,26007.5,25850.0,25850,ATM-3,CALL,26000,2025-12-04
2025-12-04 14:28:00+05:30,224.15,225.75,222.2,225.3,12525,546375,7.91,26006.15,25850.0,25850,ATM-3,CALL,26000,2025-12-04
2025-12-04 14:29:00+05:30,224.75,230.85,224.75,229.05,21900,548775,7.57,26014.0,25850.0,25850,ATM-3,CALL,26000,2025-12-04
2025-12-04 14:30:00+05:30,229.95,233.75,227.1,227.5,51000,548775,7.29,26016.25,25850.0,25850,ATM-3,CALL,26000,2025-12-04
2025-12-04 14:31:00+05:30,229.6,231.95,227.75,229.85,19950,548775,7.5,26015.55,25850.0,25850,ATM-3,CALL,26000,2025-12-04
2025-12-04 14:32:00+05:30,231.45,232.0,223.3,225.4,27900,553500,7.73,26008.7,25850.0,25850,ATM-3,CALL,26000,2025-12-04
2025-12-04 14:33:00+05:30,226.0,229.3,224.45,229.3,14550,553500,7.91,26010.1,25850.0,25850,ATM-3,CALL,26000,2025-12-04
2025-12-04 14:34:00+05:30,229.2,229.25,226.55,226.7,13800,553500,7.88,26008.95,25850.0,25850,ATM-3,CALL,26000,2025-12-04
2025-12-04 14:35:00+05:30,227.15,227.15,218.3,222.0,23625,549525,7.79,26003.8,25850.0,25850,ATM-3,CALL,26000,2025-12-04
2025-12-04 14:36:00+05:30,220.9,225.15,218.4,220.2,22800,549525,7.77,26000.4,25850.0,25850,ATM-3,CALL,26000,2025-12-04
2025-12-04 14:37:00+05:30,220.05,221.55,218.7,220.3,14100,549525,7.56,26004.1,25850.0,25850,ATM-3,CALL,26000,2025-12-04
2025-12-04 14:38:00+05:30,222.0,231.8,222.0,230.75,32625,540675,7.87,26013.55,25850.0,25850,ATM-3,CALL,26000,2025-12-04
2025-12-04 14:39:00+05:30,231.45,234.5,229.4,231.15,43875,540675,7.86,26013.75,25850.0,25850,ATM-3,CALL,26000,2025-12-04
2025-12-04 14:40:00+05:30,231.15,233.0,230.75,231.35,23850,540675,7.61,26017.5,25850.0,25850,ATM-3,CALL,26000,2025-12-04
2025-12-04 14:41:00+05:30,232.2,234.15,229.2,230.4,26625,523800,7.72,26015.45,25850.0,25850,ATM-3,CALL,26000,2025-12-04
2025-12-04 14:42:00+05:30,231.25,235.75,226.3,227.95,32100,523800,7.5,26015.5,25850.0,25850,ATM-3,CALL,26000,2025-12-04
2025-12-04 14:43:00+05:30,228.9,232.1,225.35,227.75,13275,523800,8.09,26007.85,25850.0,25850,ATM-3,CALL,26000,2025-12-04
2025-12-04 14:44:00+05:30,227.0,228.25,224.0,224.75,19950,516075,8.34,26000.6,25850.0,25850,ATM-3,CALL,26000,2025-12-04
2025-12-04 14:45:00+05:30,222.4,226.7,215.1,217.5,49800,516075,8.25,25992.35,25850.0,25850,ATM-3,CALL,26000,2025-12-04
2025-12-04 14:46:00+05:30,216.4,220.0,213.45,216.15,26625,516075,8.34,25988.7,25850.0,25850,ATM-3,CALL,26000,2025-12-04
2025-12-04 14:47:00+05:30,216.0,224.85,215.45,222.6,26625,503925,8.02,26001.55,25850.0,25850,ATM-3,CALL,26000,2025-12-04
2025-12-04 14:48:00+05:30,222.25,223.4,219.25,220.8,22125,503925,7.67,26003.3,25850.0,25850,ATM-3,CALL,26000,2025-12-04
2025-12-04 14:49:00+05:30,221.5,222.75,219.9,222.0,26400,503925,7.57,26003.65,25850.0,25850,ATM-3,CALL,26000,2025-12-04
2025-12-04 14:50:00+05:30,221.45,232.5,221.45,232.0,36300,489525,7.88,26014.1,25850.0,25850,ATM-3,CALL,26000,2025-12-04
2025-12-04 14:51:00+05:30,231.7,234.0,228.25,233.45,40350,489525,7.75,26018.15,25850.0,25850,ATM-3,CALL,26000,2025-12-04
2025-12-04 14:52:00+05:30,195.8,204.3,195.8,202.8,323775,2601900,7.94,26026.15,25900.0,25850,ATM-3,CALL,26000,2025-12-04
2025-12-04 14:53:00+05:30,241.75,242.1,237.65,239.75,43200,457800,7.92,26023.0,25850.0,25850,ATM-3,CALL,26000,2025-12-04
2025-12-04 14:54:00+05:30,201.1,204.9,200.05,202.95,115650,2633700,8.02,26025.05,25900.0,25850,ATM-3,CALL,26000,2025-12-04
2025-12-04 14:55:00+05:30,201.6,205.55,201.6,204.6,202500,2633700,7.87,26029.45,25900.0,25850,ATM-3,CALL,26000,2025-12-04
2025-12-04 14:56:00+05:30,204.25,214.45,203.4,214.2,331125,2612100,8.02,26039.65,25900.0,25850,ATM-3,CALL,26000,2025-12-04
2025-12-04 14:57:00+05:30,210.75,213.65,209.55,210.65,270825,2612100,7.96,26036.45,25900.0,25850,ATM-3,CALL,26000,2025-12-04
2025-12-04 14:58:00+05:30,211.0,214.55,210.0,213.2,187350,2612100,7.89,26039.35,25900.0,25850,ATM-3,CALL,26000,2025-12-04
2025-12-04 14:59:00+05:30,213.8,219.5,212.3,214.65,277800,2428650,7.82,26043.25,25900.0,25850,ATM-3,CALL,26000,2025-12-04
2025-12-04 15:00:00+05:30,217.5,221.05,217.45,221.0,353775,2428650,8.07,26048.45,25900.0,25850,ATM-3,CALL,26000,2025-12-04
2025-12-04 15:01:00+05:30,216.5,223.1,216.5,220.35,266925,2428650,7.86,26050.5,25900.0,25850,ATM-3,CALL,26000,2025-12-04
2025-12-04 15:02:00+05:30,220.7,224.85,220.0,221.1,213750,2233875,7.42,26057.65,25900.0,25850,ATM-3,CALL,26000,2025-12-04
2025-12-04 15:03:00+05:30,221.3,221.6,215.85,217.45,189525,2233875,7.8,26047.5,25900.0,25850,ATM-3,CALL,26000,2025-12-04
2025-12-04 15:04:00+05:30,216.7,218.5,215.3,218.15,107475,2233875,7.7,26049.4,25900.0,25850,ATM-3,CALL,26000,2025-12-04
2025-12-04 15:05:00+05:30,218.05,221.1,217.0,220.3,146625,2192550,7.62,26052.75,25900.0,25850,ATM-3,CALL,26000,2025-12-04
2025-12-04 15:06:00+05:30,220.65,221.1,218.0,219.0,88425,2192550,7.56,26052.85,25900.0,25850,ATM-3,CALL,26000,2025-12-04
2025-12-04 15:07:00+05:30,218.95,218.95,216.0,216.9,62025,2192550,7.22,26052.95,25900.0,25850,ATM-3,CALL,26000,2025-12-04
2025-12-04 15:08:00+05:30,217.0,217.0,211.2,216.1,179025,2111850,7.35,26051.35,25900.0,25850,ATM-3,CALL,26000,2025-12-04
2025-12-04 15:09:00+05:30,215.95,216.35,212.1,213.25,115425,2111850,7.48,26046.6,25900.0,25850,ATM-3,CALL,26000,2025-12-04
2025-12-04 15:10:00+05:30,212.95,216.4,212.35,216.2,86700,2111850,7.34,26051.4,25900.0,25850,ATM-3,CALL,26000,2025-12-04
2025-12-04 15:11:00+05:30,217.15,220.65,217.15,219.05,169050,2031825,7.53,26053.4,25900.0,25850,ATM-3,CALL,26000,2025-12-04
2025-12-04 15:12:00+05:30,218.7,218.7,215.15,217.0,70200,2031825,7.93,26045.1,25900.0,25850,ATM-3,CALL,26000,2025-12-04
2025-12-04 15:13:00+05:30,216.55,216.55,212.35,215.85,87450,2031825,8.23,26041.35,25900.0,25850,ATM-3,CALL,26000,2025-12-04
2025-12-04 15:14:00+05:30,214.55,214.55,211.8,212.75,105675,1991100,8.11,26037.7,25900.0,25850,ATM-3,CALL,26000,2025-12-04
2025-12-04 15:15:00+05:30,213.6,213.6,208.0,211.0,192525,1991100,8.08,26036.65,25900.0,25850,ATM-3,CALL,26000,2025-12-04
2025-12-04 15:16:00+05:30,210.75,211.5,207.05,209.25,137025,1991100,8.11,26032.25,25900.0,25850,ATM-3,CALL,26000,2025-12-04
2025-12-04 15:17:00+05:30,209.1,210.35,205.0,205.45,75150,1956600,8.12,26027.65,25900.0,25850,ATM-3,CALL,26000,2025-12-04
2025-12-04 15:18:00+05:30,204.95,211.2,201.45,211.05,99300,1956600,8.41,26031.0,25900.0,25850,ATM-3,CALL,26000,2025-12-04
2025-12-04 15:19:00+05:30,210.65,214.0,210.05,213.55,101250,1956600,7.99,26040.9,25900.0,25850,ATM-3,CALL,26000,2025-12-04
2025-12-04 15:20:00+05:30,213.25,213.25,210.1,212.9,80025,1928775,8.61,26032.5,25900.0,25850,ATM-3,CALL,26000,2025-12-04
2025-12-04 15:21:00+05:30,213.2,214.6,211.5,211.5,68400,1928775,8.46,26031.0,25900.0,25850,ATM-3,CALL,26000,2025-12-04
2025-12-04 15:22:00+05:30,251.5,253.15,248.55,248.55,21975,337875,8.82,26023.95,25850.0,25850,ATM-3,CALL,26000,2025-12-04
2025-12-04 15:23:00+05:30,209.9,212.6,209.9,211.85,71925,1906800,8.54,26032.1,25900.0,25850,ATM-3,CALL,26000,2025-12-04
2025-12-04 15:24:00+05:30,211.6,213.75,211.2,212.05,58800,1906800,8.63,26030.45,25900.0,25850,ATM-3,CALL,26000,2025-12-04
2025-12-04 15:25:00+05:30,211.9,212.55,210.7,210.85,51225,1906800,8.74,26026.4,25900.0,25850,ATM-3,CALL,26000,2025-12-04
2025-12-04 15:26:00+05:30,250.0,252.3,248.1,248.1,14250,323400,8.82,26023.95,25850.0,25850,ATM-3,CALL,26000,2025-12-04
2025-12-04 15:27:00+05:30,248.25,249.4,246.8,248.25,9750,323400,8.77,26018.75,25850.0,25850,ATM-3,CALL,26000,2025-12-04
2025-12-04 15:28:00+05:30,248.85,250.65,248.05,250.65,10425,323400,9.82,26015.6,25850.0,25850,ATM-3,CALL,26000,2025-12-04
2025-12-04 15:29:00+05:30,250.55,250.8,248.6,249.0,20250,317475,9.55,26017.1,25850.0,25850,ATM-3,CALL,26000,2025-12-04
2025-12-04 09:15:00+05:30,21.0,24.7,17.9,23.35,702525,1935150,9.95,25950.75,25650.0,25700,ATM-6,PUT,26000,2025-12-04
2025-12-04 09:16:00+05:30,24.0,24.2,21.4,21.8,369825,1935150,9.85,25955.15,25650.0,25700,ATM-6,PUT,26000,2025-12-04
2025-12-04 09:17:00+05:30,22.2,22.5,21.2,21.3,214125,1935150,9.83,25959.1,25650.0,25700,ATM-6,PUT,26000,2025-12-04
2025-12-04 09:18:00+05:30,21.15,21.75,21.0,21.4,163725,2076600,9.84,25958.5,25650.0,25700,ATM-6,PUT,26000,2025-12-04
2025-12-04 09:19:00+05:30,21.45,23.6,21.35,23.2,309825,2076600,9.92,25949.55,25650.0,25700,ATM-6,PUT,26000,2025-12-04
2025-12-04 09:20:00+05:30,23.25,23.25,22.5,23.0,403725,2076600,9.86,25948.6,25650.0,25700,ATM-6,PUT,26000,2025-12-04
2025-12-04 09:21:00+05:30,22.8,23.5,22.1,22.25,346200,2181600,9.93,25955.4,25650.0,25700,ATM-6,PUT,26000,2025-12-04
2025-12-04 09:22:00+05:30,22.2,23.2,21.7,21.7,184050,2181600,9.94,25961.85,25650.0,25700,ATM-6,PUT,26000,2025-12-04
2025-12-04 09:23:00+05:30,28.15,28.55,26.2,26.3,448875,5574675,10.02,25985.45,25700.0,25700,ATM-6,PUT,26000,2025-12-04
2025-12-04 09:24:00+05:30,26.75,26.95,24.4,24.55,403800,5574675,9.91,25992.65,25700.0,25700,ATM-6,PUT,26000,2025-12-04
2025-12-04 09:25:00+05:30,25.1,26.1,24.75,25.6,406650,5646675,9.79,25977.6,25700.0,25700,ATM-6,PUT,26000,2025-12-04
2025-12-04 09:26:00+05:30,25.8,26.05,24.85,24.9,241800,5646675,9.74,25979.2,25700.0,25700,ATM-6,PUT,26000,2025-12-04
2025-12-04 09:27:00+05:30,25.15,25.85,24.3,24.65,204375,5646675,9.85,25986.25,25700.0,25700,ATM-6,PUT,26000,2025-12-04
2025-12-04 09:28:00+05:30,24.75,24.95,23.8,24.2,240600,5815800,9.86,25990.8,25700.0,25700,ATM-6,PUT,26000,2025-12-04
2025-12-04 09:29:00+05:30,24.15,24.4,23.15,23.2,287475,5815800,9.81,25995.85,25700.0,25700,ATM-6,PUT,26000,2025-12-04
2025-12-04 09:30:00+05:30,23.3,23.95,22.75,23.2,222825,5815800,9.86,25997.05,25700.0,25700,ATM-6,PUT,26000,2025-12-04
2025-12-04 09:31:00+05:30,23.45,23.7,22.55,23.4,232800,5808225,9.86,25995.95,25700.0,25700,ATM-6,PUT,26000,2025-12-04
2025-12-04 09:32:00+05:30,23.45,25.2,23.3,24.45,268725,5808225,9.77,25983.85,25700.0,25700,ATM-6,PUT,26000,2025-12-04
2025-12-04 09:33:00+05:30,24.25,24.95,23.0,23.0,251400,5808225,9.74,25990.9,25700.0,25700,ATM-6,PUT,26000,2025-12-04
2025-12-04 09:34:00+05:30,23.25,23.35,21.4,21.4,342900,5845125,9.71,26000.8,25700.0,25700,ATM-6,PUT,26000,2025-12-04
2025-12-04 09:35:00+05:30,21.45,21.65,19.9,20.05,461550,5845125,9.79,26016.75,25700.0,25700,ATM-6,PUT,26000,2025-12-04
2025-12-04 09:36:00+05:30,20.15,20.3,19.6,19.95,358350,5845125,9.85,26021.3,25700.0,25700,ATM-6,PUT,26000,2025-12-04
2025-12-04 09:37:00+05:30,25.85,26.1,25.15,25.65,196950,3729150,9.75,26025.25,25750.0,25700,ATM-6,PUT,26000,2025-12-04
2025-12-04 09:38:00+05:30,19.8,20.55,19.55,20.55,233100,5902200,9.87,26018.65,25700.0,25700,ATM-6,PUT,26000,2025-12-04
2025-12-04 09:39:00+05:30,20.65,21.0,20.2,20.65,232800,5902200,9.82,26013.45,25700.0,25700,ATM-6,PUT,26000,2025-12-04
2025-12-04 09:40:00+05:30,20.6,22.75,20.45,21.6,240000,5865600,9.77,26003.5,25700.0,25700,ATM-6,PUT,26000,2025-12-04
2025-12-04 09:41:00+05:30,21.7,22.45,21.15,21.2,219150,5865600,9.76,26004.5,25700.0,25700,ATM-6,PUT,26000,2025-12-04
2025-12-04 09:42:00+05:30,21.15,21.2,20.25,20.85,195300,5865600,9.82,26011.85,25700.0,25700,ATM-6,PUT,26000,2025-12-04
2025-12-04 09:43:00+05:30,20.8,20.95,20.0,20.15,158100,5864100,9.81,26016.45,25700.0,25700,ATM-6,PUT,26000,2025-12-04
2025-12-04 09:44:00+05:30,25.95,26.15,24.5,24.9,291600,3761325,9.71,26028.15,25750.0,25700,ATM-6,PUT,26000,2025-12-04
2025-12-04 09:45:00+05:30,25.05,25.4,24.85,25.25,114150,3761325,9.7,26025.2,25750.0,25700,ATM-6,PUT,26000,2025-12-04
2025-12-04 09:46:00+05:30,19.65,19.85,18.8,19.5,136725,5870475,9.84,26021.95,25700.0,25700,ATM-6,PUT,26000,2025-12-04
2025-12-04 09:47:00+05:30,19.6,19.7,18.9,19.5,116025,5870475,9.81,26021.05,25700.0,25700,ATM-6,PUT,26000,2025-12-04
2025-12-04 09:48:00+05:30,19.5,19.95,19.35,19.35,103875,5870475,9.73,26017.6,25700.0,25700,ATM-6,PUT,26000,2025-12-04
2025-12-04 09:49:00+05:30,19.4,20.45,19.3,20.0,121500,5904825,9.77,26016.3,25700.0,25700,ATM-6,PUT,26000,2025-12-04
2025-12-04 09:50:00+05:30,20.1,20.4,19.7,19.8,130200,5904825,9.86,26022.5,25700.0,25700,ATM-6,PUT,26000,2025-12-04
2025-12-04 09:51:00+05:30,25.9,26.2,25.2,25.65,57900,3982950,9.73,26025.1,25750.0,25700,ATM-6,PUT,26000,2025-12-04
2025-12-04 09:52:00+05:30,25.65,25.8,23.85,24.15,165975,3991050,9.71,26032.8,25750.0,25700,ATM-6,PUT,26000,2025-12-04
2025-12-04 09:53:00+05:30,24.35,25.45,24.05,25.45,92025,3991050,9.73,26025.9,25750.0,25700,ATM-6,PUT,26000,2025-12-04
2025-12-04 09:54:00+05:30,25.25,26.0,24.85,25.15,99150,3991050,9.75,26027.9,25750.0,25700,ATM-6,PUT,26000,2025-12-04
2025-12-04 09:55:00+05:30,25.25,25.25,24.5,24.65,67275,3983025,9.77,26032.45,25750.0,25700,ATM-6,PUT,26000,2025-12-04
2025-12-04 09:56:00+05:30,24.7,25.0,24.4,24.65,48450,3983025,9.8,26033.35,25750.0,25700,ATM-6,PUT,26000,2025-12-04
2025-12-04 09:57:00+05:30,24.5,25.5,24.5,24.95,53775,3983025,9.76,26028.75,25750.0,25700,ATM-6,PUT,26000,2025-12-04
2025-12-04 09:58:00+05:30,24.8,25.5,24.05,24.55,76200,3987900,9.75,26031.05,25750.0,25700,ATM-6,PUT,26000,2025-12-04
2025-12-04 09:59:00+05:30,24.65,25.25,24.35,24.85,102000,3987900,9.74,26028.3,25750.0,25700,ATM-6,PUT,26000,2025-12-04
2025-12-04 10:00:00+05:30,24.95,25.25,24.55,24.7,63225,3987900,9.77,26031.75,25750.0,25700,ATM-6,PUT,26000,2025-12-04
2025-12-04 10:01:00+05:30,24.65,25.55,24.35,25.35,65475,3981675,9.77,26028.35,25750.0,25700,ATM-6,PUT,26000,2025-12-04
2025-12-04 10:02:00+05:30,25.5,26.05,24.65,25.7,93975,3981675,9.82,26027.3,25750.0,25700,ATM-6,PUT,26000,2025-12-04
2025-12-04 10:03:00+05:30,25.45,26.45,24.9,24.9,97725,3981675,9.69,26026.65,25750.0,25700,ATM-6,PUT,26000,2025-12-04
2025-12-04 10:04:00+05:30,24.9,24.9,24.9,24.9,0,3981675,9.69,26025.05,25750.0,25700,ATM-6,PUT,26000,2025-12-04
2025-12-04 10:05:00+05:30,19.6,20.2,19.35,19.85,104775,5839875,9.9,26021.85,25700.0,25700,ATM-6,PUT,26000,2025-12-04
2025-12-04 10:06:00+05:30,25.75,25.75,24.45,24.55,110475,3983325,9.73,26031.9,25750.0,25700,ATM-6,PUT,26000,2025-12-04
2025-12-04 10:07:00+05:30,24.3,24.75,22.55,22.7,312675,3981300,9.62,26039.6,25750.0,25700,ATM-6,PUT,26000,2025-12-04
2025-12-04 10:08:00+05:30,23.0,23.6,22.75,23.3,110025,3981300,9.67,26036.25,25750.0,25700,ATM-6,PUT,26000,2025-12-04
2025-12-04 10:09:00+05:30,23.55,25.3,23.3,25.0,133275,3981300,9.7,26027.5,25750.0,25700,ATM-6,PUT,26000,2025-12-04
2025-12-04 10:10:00+05:30,24.95,25.25,24.6,24.9,55800,3948075,9.73,26029.0,25750.0,25700,ATM-6,PUT,26000,2025-12-04
2025-12-04 10:11:00+05:30,24.8,25.3,24.25,24.6,85425,3948075,9.7,26029.15,25750.0,25700,ATM-6,PUT,26000,2025-12-04
2025-12-04 10:12:00+05:30,24.55,24.55,23.55,23.75,101850,3948075,9.68,26034.35,25750.0,25700,ATM-6,PUT,26000,2025-12-04
2025-12-04 10:13:00+05:30,23.6,23.75,22.85,23.4,81225,3954750,9.77,26040.35,25750.0,25700,ATM-6,PUT,26000,2025-12-04
2025-12-04 10:14:00+05:30,23.35,23.45,22.25,22.7,104550,3954750,9.71,26042.75,25750.0,25700,ATM-6,PUT,26000,2025-12-04
2025-12-04 10:15:00+05:30,22.7,22.95,22.45,22.5,97125,3954750,9.7,26042.45,25750.0,25700,ATM-6,PUT,26000,2025-12-04
2025-12-04 10:16:00+05:30,22.85,23.2,22.45,22.6,87900,3976275,9.7,26043.45,25750.0,25700,ATM-6,PUT,26000,2025-12-04
2025-12-04 10:17:00+05:30,22.65,23.4,22.55,23.15,55725,3976275,9.69,26038.1,25750.0,25700,ATM-6,PUT,26000,2025-12-04
2025-12-04 10:18:00+05:30,23.1,23.1,22.3,22.3,78600,3976275,9.61,26043.7,25750.0,25700,ATM-6,PUT,26000,2025-12-04
2025-12-04 10:19:00+05:30,22.35,22.6,21.2,21.3,145500,3992025,9.61,26046.55,25750.0,25700,ATM-6,PUT,26000,2025-12-04
2025-12-04 10:20:00+05:30,21.6,22.1,21.35,21.95,179550,3992025,9.71,26048.05,25750.0,25700,ATM-6,PUT,26000,2025-12-04
2025-12-04 10:21:00+05:30,22.05,22.1,20.9,21.05,164625,3992025,9.67,26052.55,25750.0,25700,ATM-6,PUT,26000,2025-12-04
2025-12-04 10:22:00+05:30,20.95,21.45,20.45,21.3,156600,4039800,9.64,26049.05,25750.0,25700,ATM-6,PUT,26000,2025-12-04
2025-12-04 10:23:00+05:30,21.4,21.65,20.8,20.8,98175,4039800,9.59,26050.05,25750.0,25700,ATM-6,PUT,26000,2025-12-04
2025-12-04 10:24:00+05:30,20.8,21.25,20.8,21.15,58650,4039800,9.65,26050.55,25750.0,25700,ATM-6,PUT,26000,2025-12-04
2025-12-04 10:25:00+05:30,21.15,21.15,20.5,20.6,126600,4049925,9.65,26055.15,25750.0,25700,ATM-6,PUT,26000,2025-12-04
2025-12-04 10:26:00+05:30,20.55,20.7,20.0,20.35,171000,4049925,9.66,26056.0,25750.0,25700,ATM-6,PUT,26000,2025-12-04
2025-12-04 10:27:00+05:30,20.4,20.5,19.75,19.95,158475,4049925,9.61,26057.25,25750.0,25700,ATM-6,PUT,26000,2025-12-04
2025-12-04 10:28:00+05:30,19.9,19.9,18.7,18.85,252225,4076550,9.6,26065.4,25750.0,25700,ATM-6,PUT,26000,2025-12-04
2025-12-04 10:29:00+05:30,24.9,25.1,23.65,23.85,654900,6686925,9.56,26078.9,25800.0,25700,ATM-6,PUT,26000,2025-12-04
2025-12-04 10:30:00+05:30,23.85,24.4,23.55,24.25,775800,6686925,9.64,26078.7,25800.0,25700,ATM-6,PUT,26000,2025-12-04
2025-12-04 10:31:00+05:30,24.35,24.35,23.25,23.45,434775,6500625,9.66,26085.9,25800.0,25700,ATM-6,PUT,26000,2025-12-04
2025-12-04 10:32:00+05:30,23.25,23.9,22.85,23.85,389700,6500625,9.66,26082.25,25800.0,25700,ATM-6,PUT,26000,2025-12-04
2025-12-04 10:33:00+05:30,23.75,24.15,23.75,23.75,356250,6500625,9.56,26078.05,25800.0,25700,ATM-6,PUT,26000,2025-12-04
2025-12-04 10:34:00+05:30,23.7,23.9,22.95,23.0,552600,6630825,9.59,26084.65,25800.0,25700,ATM-6,PUT,26000,2025-12-04
2025-12-04 10:35:00+05:30,23.0,23.2,22.55,22.9,286275,6630825,9.64,26087.7,25800.0,25700,ATM-6,PUT,26000,2025-12-04
2025-12-04 10:36:00+05:30,22.85,22.85,22.45,22.6,313275,6630825,9.71,26092.35,25800.0,25700,ATM-6,PUT,26000,2025-12-04
2025-12-04 10:37:00+05:30,22.75,22.95,22.4,22.5,290250,6558075,9.71,26094.9,25800.0,25700,ATM-6,PUT,26000,2025-12-04
2025-12-04 10:38:00+05:30,22.6,22.65,22.35,22.6,240750,6558075,9.66,26090.8,25800.0,25700,ATM-6,PUT,26000,2025-12-04
2025-12-04 10:39:00+05:30,22.6,23.15,22.55,23.0,217650,6558075,9.68,26089.6,25800.0,25700,ATM-6,PUT,26000,2025-12-04
2025-12-04 10:40:00+05:30,23.0,23.0,22.1,22.95,329325,6590250,9.69,26090.65,25800.0,25700,ATM-6,PUT,26000,2025-12-04
2025-12-04 10:41:00+05:30,22.8,22.85,22.15,22.35,331800,6590250,9.67,26093.2,25800.0,25700,ATM-6,PUT,26000,2025-12-04
2025-12-04 10:42:00+05:30,22.4,22.55,21.85,22.3,353100,6590250,9.68,26093.55,25800.0,25700,ATM-6,PUT,26000,2025-12-04
2025-12-04 10:43:00+05:30,22.3,22.6,22.0,22.3,149625,6514950,9.69,26094.6,25800.0,25700,ATM-6,PUT,26000,2025-12-04
2025-12-04 10:44:00+05:30,22.4,22.7,22.05,22.6,163950,6514950,9.71,26092.7,25800.0,25700,ATM-6,PUT,26000,2025-12-04
2025-12-04 10:45:00+05:30,22.55,22.7,22.4,22.7,112350,6514950,9.81,26097.1,25800.0,25700,ATM-6,PUT,26000,2025-12-04
2025-12-04 10:46:00+05:30,22.6,22.85,22.45,22.7,156600,6442125,9.75,26094.7,25800.0,25700,ATM-6,PUT,26000,2025-12-04
2025-12-04 10:47:00+05:30,22.8,23.1,22.65,22.95,193800,6442125,9.66,26089.9,25800.0,25700,ATM-6,PUT,26000,2025-12-04
2025-12-04 10:48:00+05:30,23.05,23.4,22.9,22.9,242850,6442125,9.64,26087.8,25800.0,25700,ATM-6,PUT,26000,2025-12-04
2025-12-04 10:49:00+05:30,22.95,23.3,22.9,23.15,213375,6456675,9.61,26083.4,25800.0,25700,ATM-6,PUT,26000,2025-12-04
2025-12-04 10:50:00+05:30,23.25,23.35,23.0,23.15,121425,6456675,9.58,26082.9,25800.0,25700,ATM-6,PUT,26000,2025-12-04
2025-12-04 10:51:00+05:30,23.15,23.3,22.9,22.9,103875,6456675,9.58,26084.25,25800.0,25700,ATM-6,PUT,26000,2025-12-04
2025-12-04 10:52:00+05:30,22.95,23.2,22.8,23.0,133575,6485100,9.56,26082.75,25800.0,25700,ATM-6,PUT,26000,2025-12-04
2025-12-04 10:53:00+05:30,23.0,23.55,22.9,23.05,205050,6485100,9.5,26079.6,25800.0,25700,ATM-6,PUT,26000,2025-12-04
2025-12-04 10:54:00+05:30,23.0,23.25,22.9,23.1,142575,6485100,9.49,26078.05,25800.0,25700,ATM-6,PUT,26000,2025-12-04
2025-12-04 10:55:00+05:30,23.1,23.25,22.7,22.8,153900,6445650,9.48,26079.2,25800.0,25700,ATM-6,PUT,26000,2025-12-04
2025-12-04 10:56:00+05:30,22.75,23.15,22.6,22.75,116100,6445650,9.44,26078.4,25800.0,25700,ATM-6,PUT,26000,2025-12-04
2025-12-04 10:57:00+05:30,22.85,22.9,22.45,22.5,121650,6445650,9.47,26080.95,25800.0,25700,ATM-6,PUT,26000,2025-12-04
2025-12-04 10:58:00+05:30,22.25,22.25,21.65,22.0,485775,6483300,9.46,26085.5,25800.0,25700,ATM-6,PUT,26000,2025-12-04
2025-12-04 10:59:00+05:30,22.05,23.35,21.85,23.2,568425,6483300,9.47,26075.5,25800.0,25700,ATM-6,PUT,26000,2025-12-04
2025-12-04 11:00:00+05:30,23.2,23.4,23.05,23.25,133200,6483300,9.51,26076.55,25800.0,25700,ATM-6,PUT,26000,2025-12-04
2025-12-04 11:01:00+05:30,23.2,23.2,22.55,22.95,137175,6402300,9.49,26079.6,25800.0,25700,ATM-6,PUT,26000,2025-12-04
2025-12-04 11:02:00+05:30,22.85,23.05,22.45,23.05,112125,6402300,9.55,26082.1,25800.0,25700,ATM-6,PUT,26000,2025-12-04
2025-12-04 11:03:00+05:30,22.9,22.9,22.3,22.85,110025,6402300,9.55,26082.65,25800.0,25700,ATM-6,PUT,26000,2025-12-04
2025-12-04 11:04:00+05:30,22.8,22.9,22.15,22.5,75000,6383925,9.49,26083.0,25800.0,25700,ATM-6,PUT,26000,2025-12-04
2025-12-04 11:05:00+05:30,22.6,22.7,22.3,22.35,40800,6383925,9.47,26082.95,25800.0,25700,ATM-6,PUT,26000,2025-12-04
2025-12-04 11:06:00+05:30,22.3,22.6,22.1,22.45,60900,6383925,9.5,26083.9,25800.0,25700,ATM-6,PUT,26000,2025-12-04
2025-12-04 11:07:00+05:30,22.45,23.0,22.45,22.85,67125,6390750,9.51,26080.6,25800.0,25700,ATM-6,PUT,26000,2025-12-04
2025-12-04 11:08:00+05:30,22.9,23.35,22.75,23.35,156375,6390750,9.5,26076.7,25800.0,25700,ATM-6,PUT,26000,2025-12-04
2025-12-04 11:09:00+05:30,17.9,18.0,17.7,17.9,79575,4089525,9.64,26074.7,25750.0,25700,ATM-6,PUT,26000,2025-12-04
2025-12-04 11:10:00+05:30,23.55,23.7,23.2,23.25,156900,6338475,9.47,26076.0,25800.0,25700,ATM-6,PUT,26000,2025-12-04
2025-12-04 11:11:00+05:30,17.65,17.95,17.5,17.85,90150,4053600,9.6,26073.2,25750.0,25700,ATM-6,PUT,26000,2025-12-04
2025-12-04 11:12:00+05:30,17.8,18.2,17.65,18.0,71175,4053600,9.61,26073.0,25750.0,25700,ATM-6,PUT,26000,2025-12-04
2025-12-04 11:13:00+05:30,18.2,18.2,17.85,17.95,67725,3997875,9.61,26070.4,25750.0,25700,ATM-6,PUT,26000,2025-12-04
2025-12-04 11:14:00+05:30,23.75,23.75,23.05,23.05,158775,6353625,9.46,26077.05,25800.0,25700,ATM-6,PUT,26000,2025-12-04
2025-12-04 11:15:00+05:30,17.6,18.0,17.55,18.0,52125,3997875,9.6,26070.5,25750.0,25700,ATM-6,PUT,26000,2025-12-04
2025-12-04 11:16:00+05:30,17.9,17.95,17.6,17.65,43050,3995550,9.59,26073.05,25750.0,25700,ATM-6,PUT,26000,2025-12-04
2025-12-04 11:17:00+05:30,23.2,23.6,23.0,23.15,117525,6391575,9.46,26075.6,25800.0,25700,ATM-6,PUT,26000,2025-12-04
2025-12-04 11:18:00+05:30,17.6,18.4,17.5,18.1,70200,3995550,9.58,26068.0,25750.0,25700,ATM-6,PUT,26000,2025-12-04
2025-12-04 11:19:00+05:30,18.0,18.05,17.7,17.75,36300,4000275,9.52,26070.3,25750.0,25700,ATM-6,PUT,26000,2025-12-04
2025-12-04 11:20:00+05:30,17.85,18.4,17.85,18.15,68250,4000275,9.52,26065.55,25750.0,25700,ATM-6,PUT,26000,2025-12-04
2025-12-04 11:21:00+05:30,18.2,18.3,17.7,18.0,162450,4000275,9.55,26068.1,25750.0,25700,ATM-6,PUT,26000,2025-12-04
2025-12-04 11:22:00+05:30,18.0,18.15,17.6,17.9,72000,4017900,9.55,26069.4,25750.0,25700,ATM-6,PUT,26000,2025-12-04
2025-12-04 11:23:00+05:30,17.95,18.55,17.8,18.35,77100,4017900,9.5,26064.3,25750.0,25700,ATM-6,PUT,26000,2025-12-04
2025-12-04 11:24:00+05:30,18.45,18.75,18.15,18.25,93300,4017900,9.51,26063.15,25750.0,25700,ATM-6,PUT,26000,2025-12-04
2025-12-04 11:25:00+05:30,18.15,18.25,17.7,17.85,45825,4015650,9.53,26067.9,25750.0,25700,ATM-6,PUT,26000,2025-12-04
2025-12-04 11:26:00+05:30,17.9,18.45,17.9,18.1,77250,4015650,9.52,26066.15,25750.0,25700,ATM-6,PUT,26000,2025-12-04
2025-12-04 11:27:00+05:30,18.2,18.95,18.05,18.85,56400,4015650,9.56,26063.35,25750.0,25700,ATM-6,PUT,26000,2025-12-04
2025-12-04 11:28:00+05:30,18.7,19.05,18.55,18.7,105825,4009650,9.55,26062.6,25750.0,25700,ATM-6,PUT,26000,2025-12-04
2025-12-04 11:29:00+05:30,18.65,19.05,18.6,19.05,56850,4009650,9.52,26060.6,25750.0,25700,ATM-6,PUT,26000,2025-12-04
2025-12-04 11:30:00+05:30,19.45,19.5,18.7,18.9,142425,4009650,9.55,26060.35,25750.0,25700,ATM-6,PUT,26000,2025-12-04
2025-12-04 11:31:00+05:30,18.75,19.1,18.3,19.0,106500,4002975,9.56,26060.0,25750.0,25700,ATM-6,PUT,26000,2025-12-04
2025-12-04 11:32:00+05:30,19.05,19.3,18.8,19.05,51225,4002975,9.56,26060.25,25750.0,25700,ATM-6,PUT,26000,2025-12-04
2025-12-04 11:33:00+05:30,19.1,19.1,18.4,18.85,59100,4002975,9.56,26063.2,25750.0,25700,ATM-6,PUT,26000,2025-12-04
2025-12-04 11:34:00+05:30,18.85,19.25,18.5,18.95,95625,4023525,9.56,26061.3,25750.0,25700,ATM-6,PUT,26000,2025-12-04
2025-12-04 11:35:00+05:30,18.95,19.05,18.7,18.7,25950,4023525,9.52,26060.7,25750.0,25700,ATM-6,PUT,26000,2025-12-04
2025-12-04 11:36:00+05:30,18.6,18.95,18.3,18.6,77550,4023525,9.48,26060.55,25750.0,25700,ATM-6,PUT,26000,2025-12-04
2025-12-04 11:37:00+05:30,18.7,19.55,18.65,19.45,102225,4034400,9.5,26052.9,25750.0,25700,ATM-6,PUT,26000,2025-12-04
2025-12-04 11:38:00+05:30,19.35,21.75,19.0,20.95,198300,4034400,9.44,26039.35,25750.0,25700,ATM-6,PUT,26000,2025-12-04
2025-12-04 11:39:00+05:30,20.9,21.5,20.75,21.1,263475,4034400,9.37,26034.75,25750.0,25700,ATM-6,PUT,26000,2025-12-04
2025-12-04 11:40:00+05:30,21.35,21.35,20.3,20.55,196125,4023375,9.39,26038.15,25750.0,25700,ATM-6,PUT,26000,2025-12-04
2025-12-04 11:41:00+05:30,20.65,21.9,20.45,21.9,158700,4023375,9.47,26033.45,25750.0,25700,ATM-6,PUT,26000,2025-12-04
2025-12-04 11:42:00+05:30,21.65,22.55,21.5,22.2,262050,4023375,9.43,26028.2,25750.0,25700,ATM-6,PUT,26000,2025-12-04
2025-12-04 11:43:00+05:30,17.05,17.5,16.85,17.2,467175,5509350,9.55,26023.45,25700.0,25700,ATM-6,PUT,26000,2025-12-04
2025-12-04 11:44:00+05:30,22.55,22.55,21.8,22.1,149400,4014450,9.37,26028.8,25750.0,25700,ATM-6,PUT,26000,2025-12-04
2025-12-04 11:45:00+05:30,17.0,18.55,16.85,18.35,364650,5509350,9.56,26015.15,25700.0,25700,ATM-6,PUT,26000,2025-12-04
2025-12-04 11:46:00+05:30,23.8,24.0,22.2,22.45,268125,4045725,9.41,26025.5,25750.0,25700,ATM-6,PUT,26000,2025-12-04
2025-12-04 11:47:00+05:30,22.45,22.65,22.0,22.35,172800,4045725,9.43,26028.45,25750.0,25700,ATM-6,PUT,26000,2025-12-04
2025-12-04 11:48:00+05:30,22.15,22.9,22.0,22.4,137100,4045725,9.42,26025.95,25750.0,25700,ATM-6,PUT,26000,2025-12-04
2025-12-04 11:49:00+05:30,22.25,22.8,21.6,21.7,155700,4084950,9.41,26031.3,25750.0,25700,ATM-6,PUT,26000,2025-12-04
2025-12-04 11:50:00+05:30,21.8,22.25,21.65,21.9,84450,4084950,9.39,26029.6,25750.0,25700,ATM-6,PUT,26000,2025-12-04
2025-12-04 11:51:00+05:30,16.85,17.7,16.8,17.15,144450,5700300,9.55,26022.9,25700.0,25700,ATM-6,PUT,26000,2025-12-04
2025-12-04 11:52:00+05:30,17.3,17.6,17.1,17.55,88125,5680875,9.58,26021.9,25700.0,25700,ATM-6,PUT,26000,2025-12-04
2025-12-04 11:53:00+05:30,17.45,17.75,17.3,17.65,69150,5680875,9.53,26018.35,25700.0,25700,ATM-6,PUT,26000,2025-12-04
2025-12-04 11:54:00+05:30,17.7,18.0,17.6,17.9,109425,5680875,9.53,26016.7,25700.0,25700,ATM-6,PUT,26000,2025-12-04
2025-12-04 11:55:00+05:30,23.4,23.45,21.85,22.2,129375,4042575,9.37,26028.1,25750.0,25700,ATM-6,PUT,26000,2025-12-04
2025-12-04 11:56:00+05:30,22.15,22.5,22.0,22.25,74250,4042575,9.37,26025.15,25750.0,25700,ATM-6,PUT,26000,2025-12-04
2025-12-04 11:57:00+05:30,17.1,17.55,17.05,17.5,79275,5665875,9.59,26022.55,25700.0,25700,ATM-6,PUT,26000,2025-12-04
2025-12-04 11:58:00+05:30,17.5,17.9,17.45,17.55,83700,5606625,9.55,26020.0,25700.0,25700,ATM-6,PUT,26000,2025-12-04
2025-12-04 11:59:00+05:30,17.5,17.7,17.2,17.2,55650,5606625,9.56,26024.0,25700.0,25700,ATM-6,PUT,26000,2025-12-04
2025-12-04 12:00:00+05:30,17.3,17.45,16.9,17.3,83250,5606625,9.58,26024.55,25700.0,25700,ATM-6,PUT,26000,2025-12-04
2025-12-04 12:01:00+05:30,17.35,17.45,16.85,17.05,49950,5604525,9.58,26024.9,25700.0,25700,ATM-6,PUT,26000,2025-12-04
2025-12-04 12:02:00+05:30,17.05,17.45,16.35,17.4,235800,5604525,9.6,26024.6,25700.0,25700,ATM-6,PUT,26000,2025-12-04
2025-12-04 12:03:00+05:30,22.45,22.45,21.1,21.15,68025,4093950,9.31,26031.4,25750.0,25700,ATM-6,PUT,26000,2025-12-04
2025-12-04 12:04:00+05:30,21.1,21.1,20.55,20.85,131925,4065300,9.32,26032.65,25750.0,25700,ATM-6,PUT,26000,2025-12-04
2025-12-04 12:05:00+05:30,20.85,20.9,19.9,20.25,141300,4065300,9.35,26038.45,25750.0,25700,ATM-6,PUT,26000,2025-12-04
2025-12-04 12:06:00+05:30,20.35,20.8,20.2,20.75,60150,4065300,9.33,26035.45,25750.0,25700,ATM-6,PUT,26000,2025-12-04
2025-12-04 12:07:00+05:30,20.7,20.75,19.25,19.4,107250,4033125,9.27,26040.6,25750.0,25700,ATM-6,PUT,26000,2025-12-04
2025-12-04 12:08:00+05:30,19.35,19.4,19.0,19.15,107700,4033125,9.25,26042.85,25750.0,25700,ATM-6,PUT,26000,2025-12-04
2025-12-04 12:09:00+05:30,19.25,21.35,19.1,21.15,139800,4033125,9.32,26032.0,25750.0,25700,ATM-6,PUT,26000,2025-12-04
2025-12-04 12:10:00+05:30,20.95,21.65,20.95,21.45,100950,3993450,9.26,26027.7,25750.0,25700,ATM-6,PUT,26000,2025-12-04
2025-12-04 12:11:00+05:30,16.4,17.05,16.35,17.05,146100,5585475,9.52,26023.8,25700.0,25700,ATM-6,PUT,26000,2025-12-04
2025-12-04 12:12:00+05:30,21.95,22.45,21.2,21.4,92475,3993450,9.27,26027.3,25750.0,25700,ATM-6,PUT,26000,2025-12-04
2025-12-04 12:13:00+05:30,21.5,21.5,20.6,21.0,60900,3993300,9.22,26026.8,25750.0,25700,ATM-6,PUT,26000,2025-12-04
2025-12-04 12:14:00+05:30,21.0,21.0,20.35,20.85,68625,3993300,9.21,26028.15,25750.0,25700,ATM-6,PUT,26000,2025-12-04
2025-12-04 12:15:00+05:30,16.0,17.15,16.0,17.05,114000,5585250,9.43,26017.8,25700.0,25700,ATM-6,PUT,26000,2025-12-04
2025-12-04 12:16:00+05:30,16.95,17.15,16.4,16.55,106125,5589075,9.41,26021.65,25700.0,25700,ATM-6,PUT,26000,2025-12-04
2025-12-04 12:17:00+05:30,16.5,16.6,16.15,16.45,67275,5589075,9.43,26023.0,25700.0,25700,ATM-6,PUT,26000,2025-12-04
2025-12-04 12:18:00+05:30,16.45,16.8,16.4,16.5,128325,5589075,9.42,26022.65,25700.0,25700,ATM-6,PUT,26000,2025-12-04
2025-12-04 12:19:00+05:30,16.45,17.1,16.35,16.95,61425,5591325,9.41,26018.15,25700.0,25700,ATM-6,PUT,26000,2025-12-04
2025-12-04 12:20:00+05:30,16.85,18.1,16.65,18.0,208725,5591325,9.37,26006.95,25700.0,25700,ATM-6,PUT,26000,2025-12-04
2025-12-04 12:21:00+05:30,18.15,18.5,17.3,17.3,246825,5591325,9.35,26012.15,25700.0,25700,ATM-6,PUT,26000,2025-12-04
2025-12-04 12:22:00+05:30,17.25,17.7,17.15,17.25,126300,5558250,9.42,26015.1,25700.0,25700,ATM-6,PUT,26000,2025-12-04
2025-12-04 12:23:00+05:30,17.3,17.3,16.7,16.95,123300,5558250,9.4,26015.85,25700.0,25700,ATM-6,PUT,26000,2025-12-04
2025-12-04 12:24:00+05:30,17.0,17.15,16.7,16.8,78150,5558250,9.43,26019.5,25700.0,25700,ATM-6,PUT,26000,2025-12-04
2025-12-04 12:25:00+05:30,16.8,16.85,16.1,16.15,84600,5570250,9.42,26024.4,25700.0,25700,ATM-6,PUT,26000,2025-12-04
2025-12-04 12:26:00+05:30,16.05,16.55,16.0,16.15,82500,5570250,9.4,26024.5,25700.0,25700,ATM-6,PUT,26000,2025-12-04
2025-12-04 12:27:00+05:30,21.15,21.65,21.1,21.15,45075,3974700,9.21,26025.65,25750.0,25700,ATM-6,PUT,26000,2025-12-04
2025-12-04 12:28:00+05:30,21.1,21.2,20.15,20.2,240750,3966750,9.15,26028.9,25750.0,25700,ATM-6,PUT,26000,2025-12-04
2025-12-04 12:29:00+05:30,15.55,16.7,15.45,16.35,331500,5563125,9.43,26024.25,25700.0,25700,ATM-6,PUT,26000,2025-12-04
2025-12-04 12:30:00+05:30,21.45,21.95,20.9,20.9,49650,3966750,9.19,26026.8,25750.0,25700,ATM-6,PUT,26000,2025-12-04
2025-12-04 12:31:00+05:30,21.0,21.6,20.85,21.45,39900,3967200,9.27,26025.35,25750.0,25700,ATM-6,PUT,26000,2025-12-04
2025-12-04 12:32:00+05:30,16.35,16.5,16.05,16.25,66825,5551650,9.42,26024.35,25700.0,25700,ATM-6,PUT,26000,2025-12-04
2025-12-04 12:33:00+05:30,21.35,21.4,20.85,20.85,33975,3967200,9.26,26029.0,25750.0,25700,ATM-6,PUT,26000,2025-12-04
2025-12-04 12:34:00+05:30,20.85,21.25,20.7,21.2,43125,3967650,9.26,26025.9,25750.0,25700,ATM-6,PUT,26000,2025-12-04
2025-12-04 12:35:00+05:30,21.15,21.2,20.7,20.85,37875,3967650,9.24,26027.9,25750.0,25700,ATM-6,PUT,26000,2025-12-04
2025-12-04 12:36:00+05:30,20.9,21.2,20.8,21.0,50025,3967650,9.21,26026.05,25750.0,25700,ATM-6,PUT,26000,2025-12-04
2025-12-04 12:37:00+05:30,16.0,16.4,15.85,16.1,69150,5548725,9.43,26025.0,25700.0,25700,ATM-6,PUT,26000,2025-12-04
2025-12-04 12:38:00+05:30,21.15,21.45,20.6,20.75,39075,3961200,9.19,26026.65,25750.0,25700,ATM-6,PUT,26000,2025-12-04
2025-12-04 12:39:00+05:30,15.85,16.05,15.55,16.0,73800,5548725,9.37,26023.95,25700.0,25700,ATM-6,PUT,26000,2025-12-04
2025-12-04 12:40:00+05:30,15.9,16.4,15.85,16.05,81825,5548725,9.4,26025.0,25700.0,25700,ATM-6,PUT,26000,2025-12-04
2025-12-04 12:41:00+05:30,16.0,16.2,15.85,16.2,40650,5559225,9.37,26023.6,25700.0,25700,ATM-6,PUT,26000,2025-12-04
2025-12-04 12:42:00+05:30,16.5,16.95,16.35,16.95,146250,5559225,9.4,26017.2,25700.0,25700,ATM-6,PUT,26000,2025-12-04
2025-12-04 12:43:00+05:30,16.85,17.25,16.75,17.05,166200,5536575,9.33,26012.5,25700.0,25700,ATM-6,PUT,26000,2025-12-04
2025-12-04 12:44:00+05:30,17.0,17.4,17.0,17.15,123075,5536575,9.32,26009.55,25700.0,25700,ATM-6,PUT,26000,2025-12-04
2025-12-04 12:45:00+05:30,17.25,19.1,17.25,19.0,551700,5536575,9.27,25992.1,25700.0,25700,ATM-6,PUT,26000,2025-12-04
2025-12-04 12:46:00+05:30,18.8,18.85,18.1,18.5,272550,5536575,9.16,25990.7,25700.0,25700,ATM-6,PUT,26000,2025-12-04
2025-12-04 12:47:00+05:30,18.65,18.65,17.5,17.95,315075,5522250,9.24,26000.85,25700.0,25700,ATM-6,PUT,26000,2025-12-04
2025-12-04 12:48:00+05:30,17.85,18.8,17.8,18.5,165225,5522250,9.27,25997.05,25700.0,25700,ATM-6,PUT,26000,2025-12-04
2025-12-04 12:49:00+05:30,18.55,19.15,18.45,18.9,175275,5522250,9.27,25993.35,25700.0,25700,ATM-6,PUT,26000,2025-12-04
2025-12-04 12:50:00+05:30,18.95,19.1,18.5,18.8,165975,5544075,9.28,25994.45,25700.0,25700,ATM-6,PUT,26000,2025-12-04
2025-12-04 12:51:00+05:30,18.5,19.3,18.45,19.0,121050,5544075,9.32,25995.5,25700.0,25700,ATM-6,PUT,26000,2025-12-04
2025-12-04 12:52:00+05:30,19.0,20.05,18.95,19.7,291975,5544075,9.36,25991.55,25700.0,25700,ATM-6,PUT,26000,2025-12-04
2025-12-04 12:53:00+05:30,19.65,19.95,19.0,19.25,235725,5532825,9.36,25993.85,25700.0,25700,ATM-6,PUT,26000,2025-12-04
2025-12-04 12:54:00+05:30,19.25,19.55,18.9,19.3,129900,5532825,9.31,25992.85,25700.0,25700,ATM-6,PUT,26000,2025-12-04
2025-12-04 12:55:00+05:30,19.25,19.25,18.05,18.1,211425,5532825,9.35,26004.5,25700.0,25700,ATM-6,PUT,26000,2025-12-04
2025-12-04 12:56:00+05:30,18.25,18.6,18.05,18.3,164775,5579100,9.4,26005.95,25700.0,25700,ATM-6,PUT,26000,2025-12-04
2025-12-04 12:57:00+05:30,18.3,18.55,17.95,18.1,102975,5579100,9.39,26005.95,25700.0,25700,ATM-6,PUT,26000,2025-12-04
2025-12-04 12:58:00+05:30,18.1,19.0,17.9,18.55,182475,5579100,9.39,26004.05,25700.0,25700,ATM-6,PUT,26000,2025-12-04
2025-12-04 12:59:00+05:30,18.55,18.65,18.3,18.6,165450,5533950,9.39,26002.4,25700.0,25700,ATM-6,PUT,26000,2025-12-04
2025-12-04 13:00:00+05:30,18.9,19.3,18.6,18.7,179925,5533950,9.37,26001.85,25700.0,25700,ATM-6,PUT,26000,2025-12-04
2025-12-04 13:01:00+05:30,18.65,18.7,18.35,18.35,109950,5533950,9.39,26004.2,25700.0,25700,ATM-6,PUT,26000,2025-12-04
2025-12-04 13:02:00+05:30,18.65,18.75,18.3,18.7,146250,5633250,9.42,26001.3,25700.0,25700,ATM-6,PUT,26000,2025-12-04
2025-12-04 13:03:00+05:30,18.6,18.65,18.2,18.4,139350,5633250,9.39,26002.7,25700.0,25700,ATM-6,PUT,26000,2025-12-04
2025-12-04 13:04:00+05:30,18.4,18.4,17.55,18.15,153150,5633250,9.39,26005.85,25700.0,25700,ATM-6,PUT,26000,2025-12-04
2025-12-04 13:05:00+05:30,18.15,18.85,17.95,18.7,91425,5671050,9.37,26001.05,25700.0,25700,ATM-6,PUT,26000,2025-12-04
2025-12-04 13:06:00+05:30,18.75,18.75,17.95,18.2,112800,5671050,9.37,26002.2,25700.0,25700,ATM-6,PUT,26000,2025-12-04
2025-12-04 13:07:00+05:30,18.1,18.55,17.9,18.15,101250,5671050,9.34,26003.9,25700.0,25700,ATM-6,PUT,26000,2025-12-04
2025-12-04 13:08:00+05:30,18.1,18.35,17.6,18.2,137250,5696100,9.3,25999.95,25700.0,25700,ATM-6,PUT,26000,2025-12-04
2025-12-04 13:09:00+05:30,18.1,18.6,18.0,18.5,113250,5696100,9.31,25997.95,25700.0,25700,ATM-6,PUT,26000,2025-12-04
2025-12-04 13:10:00+05:30,18.5,19.35,18.4,18.9,144300,5696100,9.27,25993.15,25700.0,25700,ATM-6,PUT,26000,2025-12-04
2025-12-04 13:11:00+05:30,18.8,18.8,18.5,18.65,97500,5733225,9.25,25994.25,25700.0,25700,ATM-6,PUT,26000,2025-12-04
2025-12-04 13:12:00+05:30,18.55,18.9,17.9,18.8,151425,5733225,9.26,25993.45,25700.0,25700,ATM-6,PUT,26000,2025-12-04
2025-12-04 13:13:00+05:30,18.8,19.25,18.5,18.6,198450,5733225,9.25,25993.8,25700.0,25700,ATM-6,PUT,26000,2025-12-04
2025-12-04 13:14:00+05:30,18.6,18.75,17.5,17.85,143250,5784075,9.27,26000.8,25700.0,25700,ATM-6,PUT,26000,2025-12-04
2025-12-04 13:15:00+05:30,18.1,18.2,17.7,18.1,60225,5784075,9.33,26002.4,25700.0,25700,ATM-6,PUT,26000,2025-12-04
2025-12-04 13:16:00+05:30,17.95,18.05,17.6,17.7,67875,5784075,9.31,26003.3,25700.0,25700,ATM-6,PUT,26000,2025-12-04
2025-12-04 13:17:00+05:30,17.6,18.35,17.6,18.0,86175,5777100,9.28,26000.85,25700.0,25700,ATM-6,PUT,26000,2025-12-04
2025-12-04 13:18:00+05:30,18.0,18.1,17.45,18.0,141900,5777100,9.28,26001.5,25700.0,25700,ATM-6,PUT,26000,2025-12-04
2025-12-04 13:19:00+05:30,18.05,19.1,17.9,18.7,131025,5777100,9.28,25995.65,25700.0,25700,ATM-6,PUT,26000,2025-12-04
2025-12-04 13:20:00+05:30,18.5,18.9,17.85,17.95,129750,5767350,9.3,26001.5,25700.0,25700,ATM-6,PUT,26000,2025-12-04
2025-12-04 13:21:00+05:30,18.0,18.2,17.75,17.75,88050,5767350,9.37,26006.85,25700.0,25700,ATM-6,PUT,26000,2025-12-04
2025-12-04 13:22:00+05:30,17.7,17.85,16.55,16.6,183900,5767350,9.36,26016.15,25700.0,25700,ATM-6,PUT,26000,2025-12-04
2025-12-04 13:23:00+05:30,16.65,16.75,16.25,16.45,183750,5746050,9.34,26017.05,25700.0,25700,ATM-6,PUT,26000,2025-12-04
2025-12-04 13:24:00+05:30,16.45,16.85,15.9,15.95,149475,5746050,9.27,26017.85,25700.0,25700,ATM-6,PUT,26000,2025-12-04
2025-12-04 13:25:00+05:30,15.95,16.5,15.75,16.45,166650,5746050,9.34,26016.25,25700.0,25700,ATM-6,PUT,26000,2025-12-04
2025-12-04 13:26:00+05:30,16.5,16.65,16.05,16.4,134475,5744850,9.37,26018.15,25700.0,25700,ATM-6,PUT,26000,2025-12-04
2025-12-04 13:27:00+05:30,16.4,16.4,15.9,16.35,82275,5744850,9.4,26018.95,25700.0,25700,ATM-6,PUT,26000,2025-12-04
2025-12-04 13:28:00+05:30,16.35,16.7,16.15,16.7,73350,5744850,9.37,26016.8,25700.0,25700,ATM-6,PUT,26000,2025-12-04
2025-12-04 13:29:00+05:30,16.7,16.75,16.25,16.4,77250,5730600,9.41,26015.7,25700.0,25700,ATM-6,PUT,26000,2025-12-04
2025-12-04 13:30:00+05:30,16.4,16.6,15.45,16.6,246525,5730600,9.35,26015.3,25700.0,25700,ATM-6,PUT,26000,2025-12-04
2025-12-04 13:31:00+05:30,16.55,16.75,16.3,16.45,125025,5730600,9.27,26013.6,25700.0,25700,ATM-6,PUT,26000,2025-12-04
2025-12-04 13:32:00+05:30,16.5,17.1,16.4,16.75,102225,5743575,9.3,26011.8,25700.0,25700,ATM-6,PUT,26000,2025-12-04
2025-12-04 13:33:00+05:30,16.8,17.05,16.7,16.85,82350,5743575,9.25,26008.95,25700.0,25700,ATM-6,PUT,26000,2025-12-04
2025-12-04 13:34:00+05:30,16.85,18.1,16.8,18.1,272625,5743575,9.35,26002.4,25700.0,25700,ATM-6,PUT,26000,2025-12-04
2025-12-04 13:35:00+05:30,18.0,19.05,18.0,18.75,198525,5684700,9.22,25990.4,25700.0,25700,ATM-6,PUT,26000,2025-12-04
2025-12-04 13:36:00+05:30,18.95,19.55,18.8,19.3,396225,5684700,9.12,25979.5,25700.0,25700,ATM-6,PUT,26000,2025-12-04
2025-12-04 13:37:00+05:30,19.2,20.1,18.95,19.4,432300,5684700,9.03,25976.3,25700.0,25700,ATM-6,PUT,26000,2025-12-04
2025-12-04 13:38:00+05:30,19.25,19.35,18.6,18.8,196725,5644350,9.04,25981.75,25700.0,25700,ATM-6,PUT,26000,2025-12-04
2025-12-04 13:39:00+05:30,19.0,19.5,18.85,19.3,169125,5644350,9.1,25980.55,25700.0,25700,ATM-6,PUT,26000,2025-12-04
2025-12-04 13:40:00+05:30,19.25,19.85,19.2,19.65,141150,5644350,9.12,25978.35,25700.0,25700,ATM-6,PUT,26000,2025-12-04
2025-12-04 13:41:00+05:30,14.75,16.5,14.75,16.25,470250,2437575,9.34,25964.95,25650.0,25700,ATM-6,PUT,26000,2025-12-04
2025-12-04 13:42:00+05:30,16.1,16.25,15.15,15.3,180975,2437575,9.3,25973.25,25650.0,25700,ATM-6,PUT,26000,2025-12-04
2025-12-04 13:43:00+05:30,15.2,15.8,14.9,15.6,62700,2437575,9.35,25972.9,25650.0,25700,ATM-6,PUT,26000,2025-12-04
2025-12-04 13:44:00+05:30,20.85,20.9,20.25,20.4,300150,5409975,9.18,25976.3,25700.0,25700,ATM-6,PUT,26000,2025-12-04
2025-12-04 13:45:00+05:30,15.25,15.8,15.25,15.6,193200,2369475,9.35,25972.8,25650.0,25700,ATM-6,PUT,26000,2025-12-04
2025-12-04 13:46:00+05:30,20.8,20.85,19.95,19.95,175650,5409975,9.11,25976.05,25700.0,25700,ATM-6,PUT,26000,2025-12-04
2025-12-04 13:47:00+05:30,20.1,20.45,19.85,20.05,104250,5384175,9.17,25978.2,25700.0,25700,ATM-6,PUT,26000,2025-12-04
2025-12-04 13:48:00+05:30,20.05,20.6,19.65,19.65,132450,5384175,9.12,25979.4,25700.0,25700,ATM-6,PUT,26000,2025-12-04
2025-12-04 13:49:00+05:30,19.6,20.15,19.4,19.85,99225,5384175,9.16,25978.65,25700.0,25700,ATM-6,PUT,26000,2025-12-04
2025-12-04 13:50:00+05:30,19.85,19.95,19.5,19.7,88275,5417325,9.13,25978.55,25700.0,25700,ATM-6,PUT,26000,2025-12-04
2025-12-04 13:51:00+05:30,19.85,19.95,19.4,19.6,196275,5417325,9.16,25980.5,25700.0,25700,ATM-6,PUT,26000,2025-12-04
2025-12-04 13:52:00+05:30,19.7,20.25,19.45,19.7,120975,5417325,9.18,25981.55,25700.0,25700,ATM-6,PUT,26000,2025-12-04
2025-12-04 13:53:00+05:30,14.8,15.5,14.6,15.1,50925,2363625,9.3,25974.85,25650.0,25700,ATM-6,PUT,26000,2025-12-04
2025-12-04 13:54:00+05:30,20.1,20.45,19.8,20.0,111450,5418900,9.12,25975.55,25700.0,25700,ATM-6,PUT,26000,2025-12-04
2025-12-04 13:55:00+05:30,15.0,15.85,14.95,15.5,259800,2363625,9.31,25971.95,25650.0,25700,ATM-6,PUT,26000,2025-12-04
2025-12-04 13:56:00+05:30,15.4,15.55,15.0,15.35,51225,2403825,9.31,25974.4,25650.0,25700,ATM-6,PUT,26000,2025-12-04
2025-12-04 13:57:00+05:30,20.65,21.2,20.15,20.2,128325,5471625,9.13,25975.8,25700.0,25700,ATM-6,PUT,26000,2025-12-04
2025-12-04 13:58:00+05:30,15.25,15.5,14.9,15.2,57975,2403825,9.3,25974.05,25650.0,25700,ATM-6,PUT,26000,2025-12-04
2025-12-04 13:59:00+05:30,15.3,15.3,15.15,15.25,27375,2404350,9.3,25973.3,25650.0,25700,ATM-6,PUT,26000,2025-12-04
2025-12-04 14:00:00+05:30,15.3,15.8,15.2,15.2,52500,2404350,9.27,25972.3,25650.0,25700,ATM-6,PUT,26000,2025-12-04
2025-12-04 14:01:00+05:30,20.2,20.45,18.75,19.3,261900,5471925,9.11,25979.95,25700.0,25700,ATM-6,PUT,26000,2025-12-04
2025-12-04 14:02:00+05:30,19.65,19.65,18.75,19.5,176700,5489625,9.17,25980.35,25700.0,25700,ATM-6,PUT,26000,2025-12-04
2025-12-04 14:03:00+05:30,19.55,20.65,19.3,19.65,193350,5489625,9.15,25978.75,25700.0,25700,ATM-6,PUT,26000,2025-12-04
2025-12-04 14:04:00+05:30,19.6,19.6,18.4,18.55,132825,5489625,9.15,25986.7,25700.0,25700,ATM-6,PUT,26000,2025-12-04
2025-12-04 14:05:00+05:30,18.5,19.8,18.5,19.2,136500,5427675,9.13,25980.35,25700.0,25700,ATM-6,PUT,26000,2025-12-04
2025-12-04 14:06:00+05:30,19.4,19.55,18.95,19.0,74250,5427675,9.12,25982.0,25700.0,25700,ATM-6,PUT,26000,2025-12-04
2025-12-04 14:07:00+05:30,19.05,19.05,17.4,17.4,338850,5427675,9.17,25998.25,25700.0,25700,ATM-6,PUT,26000,2025-12-04
2025-12-04 14:08:00+05:30,17.7,18.0,17.45,17.75,172200,5450775,9.27,26001.55,25700.0,25700,ATM-6,PUT,26000,2025-12-04
2025-12-04 14:09:00+05:30,17.65,18.0,17.35,17.6,150450,5450775,9.3,26005.6,25700.0,25700,ATM-6,PUT,26000,2025-12-04
2025-12-04 14:10:00+05:30,17.7,17.75,16.0,16.8,438675,5450775,9.47,26017.4,25700.0,25700,ATM-6,PUT,26000,2025-12-04
2025-12-04 14:11:00+05:30,16.55,17.5,16.2,17.15,363075,5425350,9.33,26007.55,25700.0,25700,ATM-6,PUT,26000,2025-12-04
2025-12-04 14:12:00+05:30,17.15,17.35,16.75,16.9,112500,5425350,9.33,26009.2,25700.0,25700,ATM-6,PUT,26000,2025-12-04
2025-12-04 14:13:00+05:30,16.9,17.35,16.65,17.0,92850,5425350,9.24,26004.15,25700.0,25700,ATM-6,PUT,26000,2025-12-04
2025-12-04 14:14:00+05:30,17.05,17.25,16.8,17.25,94275,5430300,9.27,26004.05,25700.0,25700,ATM-6,PUT,26000,2025-12-04
2025-12-04 14:15:00+05:30,17.0,17.45,16.8,17.35,94650,5430300,9.22,26001.75,25700.0,25700,ATM-6,PUT,26000,2025-12-04
2025-12-04 14:16:00+05:30,17.25,17.85,17.15,17.2,155625,5430300,9.22,26001.6,25700.0,25700,ATM-6,PUT,26000,2025-12-04
2025-12-04 14:17:00+05:30,17.25,17.25,16.25,16.25,154050,5438625,9.21,26009.45,25700.0,25700,ATM-6,PUT,26000,2025-12-04
2025-12-04 14:18:00+05:30,16.15,16.75,16.05,16.45,57600,5438625,9.22,26008.75,25700.0,25700,ATM-6,PUT,26000,2025-12-04
2025-12-04 14:19:00+05:30,16.45,17.35,16.45,17.35,73575,5438625,9.22,26001.0,25700.0,25700,ATM-6,PUT,26000,2025-12-04
2025-12-04 14:20:00+05:30,17.25,17.7,17.25,17.5,155175,5425350,9.18,25997.45,25700.0,25700,ATM-6,PUT,26000,2025-12-04
2025-12-04 14:21:00+05:30,17.45,18.35,17.45,17.75,167925,5425350,9.17,25995.0,25700.0,25700,ATM-6,PUT,26000,2025-12-04
2025-12-04 14:22:00+05:30,17.8,17.95,17.0,17.25,124275,5425350,9.1,25995.3,25700.0,25700,ATM-6,PUT,26000,2025-12-04
2025-12-04 14:23:00+05:30,17.2,17.25,15.9,16.0,206700,5468625,9.12,26007.0,25700.0,25700,ATM-6,PUT,26000,2025-12-04
2025-12-04 14:24:00+05:30,15.8,17.05,15.75,17.05,155850,5468625,9.21,26002.25,25700.0,25700,ATM-6,PUT,26000,2025-12-04
2025-12-04 14:25:00+05:30,16.9,17.05,16.6,16.6,80025,5468625,9.11,26000.7,25700.0,25700,ATM-6,PUT,26000,2025-12-04
2025-12-04 14:26:00+05:30,16.85,16.85,16.2,16.45,121500,5506275,9.18,26006.75,25700.0,25700,ATM-6,PUT,26000,2025-12-04
2025-12-04 14:27:00+05:30,16.5,16.7,16.05,16.4,76950,5506275,9.19,26007.5,25700.0,25700,ATM-6,PUT,26000,2025-12-04
2025-12-04 14:28:00+05:30,16.35,16.6,16.2,16.3,59325,5506275,9.16,26006.15,25700.0,25700,ATM-6,PUT,26000,2025-12-04
2025-12-04 14:29:00+05:30,16.4,16.4,15.55,15.75,216375,5522625,9.22,26014.0,25700.0,25700,ATM-6,PUT,26000,2025-12-04
2025-12-04 14:30:00+05:30,15.7,16.35,15.3,16.2,210300,5522625,9.32,26016.25,25700.0,25700,ATM-6,PUT,26000,2025-12-04
2025-12-04 14:31:00+05:30,16.05,16.4,15.9,16.1,87975,5522625,9.32,26015.55,25700.0,25700,ATM-6,PUT,26000,2025-12-04
2025-12-04 14:32:00+05:30,16.05,16.85,15.9,16.5,116175,5523975,9.22,26008.7,25700.0,25700,ATM-6,PUT,26000,2025-12-04
2025-12-04 14:33:00+05:30,16.55,16.55,15.95,15.95,80250,5523975,9.19,26010.1,25700.0,25700,ATM-6,PUT,26000,2025-12-04
2025-12-04 14:34:00+05:30,16.0,16.25,15.95,16.15,38475,5523975,9.18,26008.95,25700.0,25700,ATM-6,PUT,26000,2025-12-04
2025-12-04 14:35:00+05:30,16.25,17.2,16.2,16.7,101775,5527275,9.17,26003.8,25700.0,25700,ATM-6,PUT,26000,2025-12-04
2025-12-04 14:36:00+05:30,16.7,16.9,16.25,16.65,88950,5527275,9.13,26000.4,25700.0,25700,ATM-6,PUT,26000,2025-12-04
2025-12-04 14:37:00+05:30,16.7,16.7,16.35,16.4,109350,5527275,9.13,26004.1,25700.0,25700,ATM-6,PUT,26000,2025-12-04
2025-12-04 14:38:00+05:30,16.35,16.35,15.5,15.5,144225,5559525,9.17,26013.55,25700.0,25700,ATM-6,PUT,26000,2025-12-04
2025-12-04 14:39:00+05:30,15.65,15.65,15.1,15.35,155625,5559525,9.16,26013.75,25700.0,25700,ATM-6,PUT,26000,2025-12-04
2025-12-04 14:40:00+05:30,15.35,15.4,15.1,15.3,44850,5559525,9.19,26017.5,25700.0,25700,ATM-6,PUT,26000,2025-12-04
2025-12-04 14:41:00+05:30,15.25,15.45,15.1,15.4,92400,5610300,9.18,26015.45,25700.0,25700,ATM-6,PUT,26000,2025-12-04
2025-12-04 14:42:00+05:30,15.35,15.9,14.9,15.55,148050,5610300,9.19,26015.5,25700.0,25700,ATM-6,PUT,26000,2025-12-04
2025-12-04 14:43:00+05:30,15.6,15.95,15.3,15.75,86925,5610300,9.1,26007.85,25700.0,25700,ATM-6,PUT,26000,2025-12-04
2025-12-04 14:44:00+05:30,15.75,15.95,15.55,15.75,94650,5609400,8.97,26000.6,25700.0,25700,ATM-6,PUT,26000,2025-12-04
2025-12-04 14:45:00+05:30,15.85,16.9,15.75,16.65,304350,5609400,8.94,25992.35,25700.0,25700,ATM-6,PUT,26000,2025-12-04
2025-12-04 14:46:00+05:30,16.6,17.0,16.25,16.7,189600,5609400,8.91,25988.7,25700.0,25700,ATM-6,PUT,26000,2025-12-04
2025-12-04 14:47:00+05:30,16.65,16.8,15.4,15.7,213000,5765400,9.01,26001.55,25700.0,25700,ATM-6,PUT,26000,2025-12-04
2025-12-04 14:48:00+05:30,15.7,16.2,15.55,16.0,138075,5765400,9.07,26003.3,25700.0,25700,ATM-6,PUT,26000,2025-12-04
2025-12-04 14:49:00+05:30,16.0,16.15,15.75,15.95,75975,5765400,9.11,26003.65,25700.0,25700,ATM-6,PUT,26000,2025-12-04
2025-12-04 14:50:00+05:30,15.95,16.0,14.75,14.85,190125,5805975,9.09,26014.1,25700.0,25700,ATM-6,PUT,26000,2025-12-04
2025-12-04 14:51:00+05:30,14.85,15.15,14.6,14.7,189675,5805975,9.13,26018.15,25700.0,25700,ATM-6,PUT,26000,2025-12-04
2025-12-04 14:52:00+05:30,19.45,19.45,18.15,18.35,203175,4306425,8.9,26026.15,25750.0,25700,ATM-6,PUT,26000,2025-12-04
2025-12-04 14:53:00+05:30,13.9,14.25,13.75,14.15,298575,5731950,9.13,26023.0,25700.0,25700,ATM-6,PUT,26000,2025-12-04
2025-12-04 14:54:00+05:30,18.7,18.75,17.9,18.2,94950,4220925,8.86,26025.05,25750.0,25700,ATM-6,PUT,26000,2025-12-04
2025-12-04 14:55:00+05:30,18.45,18.45,17.7,17.7,105825,4220925,8.89,26029.45,25750.0,25700,ATM-6,PUT,26000,2025-12-04
2025-12-04 14:56:00+05:30,17.7,17.9,16.35,16.35,189825,4191375,8.86,26039.65,25750.0,25700,ATM-6,PUT,26000,2025-12-04
2025-12-04 14:57:00+05:30,16.55,17.3,16.55,17.3,149100,4191375,8.94,26036.45,25750.0,25700,ATM-6,PUT,26000,2025-12-04
2025-12-04 14:58:00+05:30,17.3,17.4,16.65,16.7,166800,4191375,8.93,26039.35,25750.0,25700,ATM-6,PUT,26000,2025-12-04
2025-12-04 14:59:00+05:30,16.75,17.0,16.25,16.85,236925,4157550,9.01,26043.25,25750.0,25700,ATM-6,PUT,26000,2025-12-04
2025-12-04 15:00:00+05:30,16.95,16.95,15.95,16.05,293175,4157550,8.98,26048.45,25750.0,25700,ATM-6,PUT,26000,2025-12-04
2025-12-04 15:01:00+05:30,16.55,16.65,15.65,16.05,258075,4157550,9.01,26050.5,25750.0,25700,ATM-6,PUT,26000,2025-12-04
2025-12-04 15:02:00+05:30,15.95,16.0,15.25,15.55,183000,4048575,9.03,26057.65,25750.0,25700,ATM-6,PUT,26000,2025-12-04
2025-12-04 15:03:00+05:30,15.6,16.15,15.45,16.0,145500,4048575,8.94,26047.5,25750.0,25700,ATM-6,PUT,26000,2025-12-04
2025-12-04 15:04:00+05:30,16.1,16.1,15.65,15.75,108450,4048575,8.94,26049.4,25750.0,25700,ATM-6,PUT,26000,2025-12-04
2025-12-04 15:05:00+05:30,15.85,15.95,15.5,15.55,107625,4027800,8.98,26052.75,25750.0,25700,ATM-6,PUT,26000,2025-12-04
2025-12-04 15:06:00+05:30,15.6,16.0,15.45,15.95,163200,4027800,9.03,26052.85,25750.0,25700,ATM-6,PUT,26000,2025-12-04
2025-12-04 15:07:00+05:30,16.05,16.15,15.9,15.95,133875,4027800,9.06,26052.95,25750.0,25700,ATM-6,PUT,26000,2025-12-04
2025-12-04 15:08:00+05:30,16.0,16.5,16.0,16.1,281625,3965400,9.03,26051.35,25750.0,25700,ATM-6,PUT,26000,2025-12-04
2025-12-04 15:09:00+05:30,16.2,16.35,15.95,16.3,62100,3965400,8.97,26046.6,25750.0,25700,ATM-6,PUT,26000,2025-12-04
2025-12-04 15:10:00+05:30,16.3,16.5,15.95,15.95,158475,3965400,9.02,26051.4,25750.0,25700,ATM-6,PUT,26000,2025-12-04
2025-12-04 15:11:00+05:30,15.95,15.95,15.65,15.8,134250,3945225,9.02,26053.4,25750.0,25700,ATM-6,PUT,26000,2025-12-04
2025-12-04 15:12:00+05:30,15.9,16.15,15.65,15.65,123225,3945225,8.85,26045.1,25750.0,25700,ATM-6,PUT,26000,2025-12-04
2025-12-04 15:13:00+05:30,15.7,15.85,15.35,15.45,147225,3945225,8.72,26041.35,25750.0,25700,ATM-6,PUT,26000,2025-12-04
2025-12-04 15:14:00+05:30,15.4,15.65,15.4,15.6,177975,3894225,8.69,26037.7,25750.0,25700,ATM-6,PUT,26000,2025-12-04
2025-12-04 15:15:00+05:30,15.65,16.25,15.65,15.9,299175,3894225,8.7,26036.65,25750.0,25700,ATM-6,PUT,26000,2025-12-04
2025-12-04 15:16:00+05:30,16.05,16.3,15.75,15.95,194925,3894225,8.67,26032.25,25750.0,25700,ATM-6,PUT,26000,2025-12-04
2025-12-04 15:17:00+05:30,16.0,16.35,15.6,16.35,131850,3775125,8.63,26027.65,25750.0,25700,ATM-6,PUT,26000,2025-12-04
2025-12-04 15:18:00+05:30,16.25,16.55,15.55,15.55,228525,3775125,8.58,26031.0,25750.0,25700,ATM-6,PUT,26000,2025-12-04
2025-12-04 15:19:00+05:30,15.55,15.55,14.6,14.75,234600,3775125,8.61,26040.9,25750.0,25700,ATM-6,PUT,26000,2025-12-04
2025-12-04 15:20:00+05:30,15.0,15.6,15.0,15.15,298575,3760050,8.51,26032.5,25750.0,25700,ATM-6,PUT,26000,2025-12-04
2025-12-04 15:21:00+05:30,15.2,15.55,15.05,15.45,151200,3760050,8.55,26031.0,25750.0,25700,ATM-6,PUT,26000,2025-12-04
2025-12-04 15:22:00+05:30,11.4,11.75,11.1,11.75,145875,6714900,8.73,26023.95,25700.0,25700,ATM-6,PUT,26000,2025-12-04
2025-12-04 15:23:00+05:30,16.0,16.0,15.45,15.7,192975,3762300,8.58,26032.1,25750.0,25700,ATM-6,PUT,26000,2025-12-04
2025-12-04 15:24:00+05:30,15.75,15.8,15.25,15.5,172800,3762300,8.55,26030.45,25750.0,25700,ATM-6,PUT,26000,2025-12-04
2025-12-04 15:25:00+05:30,15.65,15.65,15.3,15.65,146025,3762300,8.5,26026.4,25750.0,25700,ATM-6,PUT,26000,2025-12-04
2025-12-04 15:26:00+05:30,11.55,11.6,11.2,11.5,241725,6956100,8.68,26023.95,25700.0,25700,ATM-6,PUT,26000,2025-12-04
2025-12-04 15:27:00+05:30,11.5,11.6,11.3,11.4,187500,6956100,8.7,26018.75,25700.0,25700,ATM-6,PUT,26000,2025-12-04
2025-12-04 15:28:00+05:30,11.3,11.4,11.2,11.3,323925,6956100,8.48,26015.6,25700.0,25700,ATM-6,PUT,26000,2025-12-04
2025-12-04 15:29:00+05:30,11.3,11.55,11.15,11.35,472800,7019550,8.51,26017.1,25700.0,25700,ATM-6,PUT,26000,2025-12-04
2025-12-04 09:15:00+05:30,225.0,225.0,177.45,184.0,205800,431100,7.7,25950.75,25850.0,25900,ATM-2,CALL,26000,2025-12-04
2025-12-04 09:16:00+05:30,179.85,191.4,179.85,191.05,162225,431100,7.98,25955.15,25850.0,25900,ATM-2,CALL,26000,2025-12-04
2025-12-04 09:17:00+05:30,190.2,198.2,188.4,196.65,119025,431100,8.32,25959.1,25850.0,25900,ATM-2,CALL,26000,2025-12-04
2025-12-04 09:18:00+05:30,199.5,199.5,193.95,194.1,90450,431100,8.11,25958.5,25850.0,25900,ATM-2,CALL,26000,2025-12-04
2025-12-04 09:19:00+05:30,195.8,197.1,185.55,186.9,111600,494550,8.01,25949.55,25850.0,25900,ATM-2,CALL,26000,2025-12-04
2025-12-04 09:20:00+05:30,184.55,187.75,183.5,183.5,115725,494550,7.82,25948.6,25850.0,25900,ATM-2,CALL,26000,2025-12-04
2025-12-04 09:21:00+05:30,185.3,193.45,183.9,193.0,124875,494550,8.11,25955.4,25850.0,25900,ATM-2,CALL,26000,2025-12-04
2025-12-04 09:22:00+05:30,192.5,196.25,186.5,196.25,94575,561675,8.11,25961.85,25850.0,25900,ATM-2,CALL,26000,2025-12-04
2025-12-04 09:23:00+05:30,166.0,181.85,163.7,179.85,1089750,3345900,8.33,25985.45,25900.0,25900,ATM-2,CALL,26000,2025-12-04
2025-12-04 09:24:00+05:30,176.8,189.95,176.35,187.1,1042500,3469875,8.58,25992.65,25900.0,25900,ATM-2,CALL,26000,2025-12-04
2025-12-04 09:25:00+05:30,182.1,186.6,176.9,178.95,703800,3469875,8.63,25977.6,25900.0,25900,ATM-2,CALL,26000,2025-12-04
2025-12-04 09:26:00+05:30,178.5,184.8,177.35,183.0,416700,3469875,8.87,25979.2,25900.0,25900,ATM-2,CALL,26000,2025-12-04
2025-12-04 09:27:00+05:30,181.25,187.35,177.6,186.1,463275,3469875,8.73,25986.25,25900.0,25900,ATM-2,CALL,26000,2025-12-04
2025-12-04 09:28:00+05:30,185.25,187.8,184.0,186.2,445050,3669900,8.52,25990.8,25900.0,25900,ATM-2,CALL,26000,2025-12-04
2025-12-04 09:29:00+05:30,185.1,193.25,184.25,192.0,725100,3669900,8.76,25995.85,25900.0,25900,ATM-2,CALL,26000,2025-12-04
2025-12-04 09:30:00+05:30,190.95,193.05,188.3,192.15,560400,3669900,8.61,25997.05,25900.0,25900,ATM-2,CALL,26000,2025-12-04
2025-12-04 09:31:00+05:30,191.75,195.4,188.25,190.3,452700,3826275,8.52,25995.95,25900.0,25900,ATM-2,CALL,26000,2025-12-04
2025-12-04 09:32:00+05:30,190.55,190.55,178.05,183.0,629175,3826275,8.64,25983.85,25900.0,25900,ATM-2,CALL,26000,2025-12-04
2025-12-04 09:33:00+05:30,184.45,189.8,179.7,189.8,357750,3826275,8.72,25990.9,25900.0,25900,ATM-2,CALL,26000,2025-12-04
2025-12-04 09:34:00+05:30,189.05,197.0,187.8,196.2,634200,3810900,8.74,26000.8,25900.0,25900,ATM-2,CALL,26000,2025-12-04
2025-12-04 09:35:00+05:30,195.85,205.0,195.85,203.65,1067625,3810900,8.41,26016.75,25900.0,25900,ATM-2,CALL,26000,2025-12-04
2025-12-04 09:36:00+05:30,202.45,208.0,202.45,204.05,626925,3810900,8.2,26021.3,25900.0,25900,ATM-2,CALL,26000,2025-12-04
2025-12-04 09:37:00+05:30,170.65,174.0,169.5,170.65,536400,3837300,8.0,26025.25,25950.0,25900,ATM-2,CALL,26000,2025-12-04
2025-12-04 09:38:00+05:30,204.6,207.0,199.3,199.35,339225,3611850,7.9,26018.65,25900.0,25900,ATM-2,CALL,26000,2025-12-04
2025-12-04 09:39:00+05:30,199.0,201.2,195.25,197.35,389850,3611850,8.05,26013.45,25900.0,25900,ATM-2,CALL,26000,2025-12-04
2025-12-04 09:40:00+05:30,197.45,199.0,187.35,191.6,459675,3447975,8.17,26003.5,25900.0,25900,ATM-2,CALL,26000,2025-12-04
2025-12-04 09:41:00+05:30,191.75,195.0,186.7,195.0,325275,3447975,8.34,26004.5,25900.0,25900,ATM-2,CALL,26000,2025-12-04
2025-12-04 09:42:00+05:30,196.35,201.3,194.9,197.95,453075,3447975,8.21,26011.85,25900.0,25900,ATM-2,CALL,26000,2025-12-04
2025-12-04 09:43:00+05:30,197.25,202.9,197.25,202.25,260175,3501900,8.29,26016.45,25900.0,25900,ATM-2,CALL,26000,2025-12-04
2025-12-04 09:44:00+05:30,169.4,175.95,168.25,174.15,710025,3719550,8.17,26028.15,25950.0,25900,ATM-2,CALL,26000,2025-12-04
2025-12-04 09:45:00+05:30,174.05,174.55,171.9,172.6,374550,3719550,8.21,26025.2,25950.0,25900,ATM-2,CALL,26000,2025-12-04
2025-12-04 09:46:00+05:30,206.5,211.8,205.35,207.15,357675,3398625,8.36,26021.95,25900.0,25900,ATM-2,CALL,26000,2025-12-04
2025-12-04 09:47:00+05:30,207.4,211.65,205.65,207.05,216225,3398625,8.43,26021.05,25900.0,25900,ATM-2,CALL,26000,2025-12-04
2025-12-04 09:48:00+05:30,206.6,208.2,201.95,206.35,258375,3398625,8.54,26017.6,25900.0,25900,ATM-2,CALL,26000,2025-12-04
2025-12-04 09:49:00+05:30,205.5,207.0,198.9,201.1,250200,3410100,8.27,26016.3,25900.0,25900,ATM-2,CALL,26000,2025-12-04
2025-12-04 09:50:00+05:30,200.6,203.8,199.3,203.75,178725,3410100,8.08,26022.5,25900.0,25900,ATM-2,CALL,26000,2025-12-04
2025-12-04 09:51:00+05:30,169.9,173.0,169.55,171.45,254850,3595125,8.11,26025.1,25950.0,25900,ATM-2,CALL,26000,2025-12-04
2025-12-04 09:52:00+05:30,171.55,181.4,171.4,179.25,718125,3647475,8.33,26032.8,25950.0,25900,ATM-2,CALL,26000,2025-12-04
2025-12-04 09:53:00+05:30,177.55,180.15,172.35,172.35,407400,3647475,8.12,26025.9,25950.0,25900,ATM-2,CALL,26000,2025-12-04
2025-12-04 09:54:00+05:30,172.55,175.75,169.1,174.7,278850,3647475,8.21,26027.9,25950.0,25900,ATM-2,CALL,26000,2025-12-04
2025-12-04 09:55:00+05:30,173.9,178.95,173.9,178.15,243525,3490800,8.26,26032.45,25950.0,25900,ATM-2,CALL,26000,2025-12-04
2025-12-04 09:56:00+05:30,177.45,179.15,175.9,177.65,200400,3490800,8.14,26033.35,25950.0,25900,ATM-2,CALL,26000,2025-12-04
2025-12-04 09:57:00+05:30,178.0,178.0,171.9,174.4,225975,3490800,8.12,26028.75,25950.0,25900,ATM-2,CALL,26000,2025-12-04
2025-12-04 09:58:00+05:30,175.5,179.0,172.6,176.2,174525,3487875,8.12,26031.05,25950.0,25900,ATM-2,CALL,26000,2025-12-04
2025-12-04 09:59:00+05:30,176.15,177.8,173.15,174.85,111825,3487875,8.16,26028.3,25950.0,25900,ATM-2,CALL,26000,2025-12-04
2025-12-04 10:00:00+05:30,175.05,177.8,173.15,177.7,176775,3487875,8.21,26031.75,25950.0,25900,ATM-2,CALL,26000,2025-12-04
2025-12-04 10:01:00+05:30,177.15,178.8,173.5,174.0,164250,3449925,8.15,26028.35,25950.0,25900,ATM-2,CALL,26000,2025-12-04
2025-12-04 10:02:00+05:30,173.55,176.85,170.9,173.05,196125,3449925,8.09,26027.3,25950.0,25900,ATM-2,CALL,26000,2025-12-04
2025-12-04 10:03:00+05:30,173.9,174.55,168.75,174.55,236850,3449925,8.3,26026.65,25950.0,25900,ATM-2,CALL,26000,2025-12-04
2025-12-04 10:04:00+05:30,174.35,175.4,171.8,172.75,126000,3377925,8.21,26025.05,25950.0,25900,ATM-2,CALL,26000,2025-12-04
2025-12-04 10:05:00+05:30,207.25,210.0,204.0,205.55,115725,3355050,8.26,26021.85,25900.0,25900,ATM-2,CALL,26000,2025-12-04
2025-12-04 10:06:00+05:30,171.4,177.8,171.4,176.8,202800,3377925,8.24,26031.9,25950.0,25900,ATM-2,CALL,26000,2025-12-04
2025-12-04 10:07:00+05:30,177.0,186.8,175.7,185.5,726000,3293550,8.46,26039.6,25950.0,25900,ATM-2,CALL,26000,2025-12-04
2025-12-04 10:08:00+05:30,184.1,184.5,180.35,181.7,325800,3293550,8.36,26036.25,25950.0,25900,ATM-2,CALL,26000,2025-12-04
2025-12-04 10:09:00+05:30,180.85,181.45,171.15,172.8,307500,3293550,8.17,26027.5,25950.0,25900,ATM-2,CALL,26000,2025-12-04
2025-12-04 10:10:00+05:30,172.95,175.35,172.3,174.4,148500,3224475,8.18,26029.0,25950.0,25900,ATM-2,CALL,26000,2025-12-04
2025-12-04 10:11:00+05:30,174.7,176.85,171.65,174.75,132825,3224475,8.18,26029.15,25950.0,25900,ATM-2,CALL,26000,2025-12-04
2025-12-04 10:12:00+05:30,174.5,178.95,174.5,177.45,191025,3224475,8.15,26034.35,25950.0,25900,ATM-2,CALL,26000,2025-12-04
2025-12-04 10:13:00+05:30,178.2,182.65,177.05,179.8,205800,3247800,7.95,26040.35,25950.0,25900,ATM-2,CALL,26000,2025-12-04
2025-12-04 10:14:00+05:30,180.45,185.5,179.2,182.9,278475,3247800,8.05,26042.75,25950.0,25900,ATM-2,CALL,26000,2025-12-04
2025-12-04 10:15:00+05:30,182.8,184.5,181.6,183.0,182400,3247800,8.07,26042.45,25950.0,25900,ATM-2,CALL,26000,2025-12-04
2025-12-04 10:16:00+05:30,182.8,184.0,180.65,183.15,156750,3153675,8.12,26043.45,25950.0,25900,ATM-2,CALL,26000,2025-12-04
2025-12-04 10:17:00+05:30,183.15,183.55,179.0,179.75,132375,3153675,8.09,26038.1,25950.0,25900,ATM-2,CALL,26000,2025-12-04
2025-12-04 10:18:00+05:30,180.95,184.05,179.4,184.05,128400,3153675,8.32,26043.7,25950.0,25900,ATM-2,CALL,26000,2025-12-04
2025-12-04 10:19:00+05:30,182.5,190.65,182.0,188.6,324900,3091725,8.27,26046.55,25950.0,25900,ATM-2,CALL,26000,2025-12-04
2025-12-04 10:20:00+05:30,188.4,190.8,186.25,188.25,321600,3091725,8.21,26048.05,25950.0,25900,ATM-2,CALL,26000,2025-12-04
2025-12-04 10:21:00+05:30,187.05,194.05,187.05,193.4,303075,3091725,8.45,26052.55,25950.0,25900,ATM-2,CALL,26000,2025-12-04
2025-12-04 10:22:00+05:30,192.9,197.95,189.75,190.95,530475,2659800,8.44,26049.05,25950.0,25900,ATM-2,CALL,26000,2025-12-04
2025-12-04 10:23:00+05:30,190.8,193.05,188.0,192.3,176325,2659800,8.48,26050.05,25950.0,25900,ATM-2,CALL,26000,2025-12-04
2025-12-04 10:24:00+05:30,192.1,193.0,190.05,191.05,97800,2659800,8.36,26050.55,25950.0,25900,ATM-2,CALL,26000,2025-12-04
2025-12-04 10:25:00+05:30,190.8,194.0,190.8,194.0,129525,2562300,8.34,26055.15,25950.0,25900,ATM-2,CALL,26000,2025-12-04
2025-12-04 10:26:00+05:30,193.35,196.55,192.6,193.45,163575,2562300,8.14,26056.0,25950.0,25900,ATM-2,CALL,26000,2025-12-04
2025-12-04 10:27:00+05:30,193.4,197.0,192.0,196.4,94725,2562300,8.36,26057.25,25950.0,25900,ATM-2,CALL,26000,2025-12-04
2025-12-04 10:28:00+05:30,196.35,205.0,196.35,205.0,322650,2511675,8.63,26065.4,25950.0,25900,ATM-2,CALL,26000,2025-12-04
2025-12-04 10:29:00+05:30,169.0,180.45,168.6,179.7,2071875,11242125,8.68,26078.9,26000.0,25900,ATM-2,CALL,26000,2025-12-04
2025-12-04 10:30:00+05:30,178.3,181.55,174.9,175.5,1570950,11242125,8.21,26078.7,26000.0,25900,ATM-2,CALL,26000,2025-12-04
2025-12-04 10:31:00+05:30,175.25,183.75,175.25,183.25,1218750,10150350,8.55,26085.9,26000.0,25900,ATM-2,CALL,26000,2025-12-04
2025-12-04 10:32:00+05:30,183.55,185.7,179.4,180.15,950175,10150350,8.46,26082.25,26000.0,25900,ATM-2,CALL,26000,2025-12-04
2025-12-04 10:33:00+05:30,180.15,180.15,175.25,178.0,649125,10150350,8.51,26078.05,26000.0,25900,ATM-2,CALL,26000,2025-12-04
2025-12-04 10:34:00+05:30,177.8,185.75,177.5,184.0,745050,9726225,8.66,26084.65,26000.0,25900,ATM-2,CALL,26000,2025-12-04
2025-12-04 10:35:00+05:30,183.7,184.6,182.0,184.6,541800,9726225,8.52,26087.7,26000.0,25900,ATM-2,CALL,26000,2025-12-04
2025-12-04 10:36:00+05:30,184.85,190.0,184.85,189.0,1027800,9726225,8.58,26092.35,26000.0,25900,ATM-2,CALL,26000,2025-12-04
2025-12-04 10:37:00+05:30,188.95,189.7,186.95,189.0,508200,9498975,8.49,26094.9,26000.0,25900,ATM-2,CALL,26000,2025-12-04
2025-12-04 10:38:00+05:30,188.6,189.0,185.5,186.5,414975,9498975,8.49,26090.8,26000.0,25900,ATM-2,CALL,26000,2025-12-04
2025-12-04 10:39:00+05:30,186.45,186.95,182.45,185.25,565950,9498975,8.52,26089.6,26000.0,25900,ATM-2,CALL,26000,2025-12-04
2025-12-04 10:40:00+05:30,185.0,191.7,184.7,185.65,755400,9307050,8.5,26090.65,26000.0,25900,ATM-2,CALL,26000,2025-12-04
2025-12-04 10:41:00+05:30,184.85,192.0,184.85,190.25,476700,9307050,8.69,26093.2,26000.0,25900,ATM-2,CALL,26000,2025-12-04
2025-12-04 10:42:00+05:30,189.0,192.0,188.0,189.7,461625,9307050,8.61,26093.55,26000.0,25900,ATM-2,CALL,26000,2025-12-04
2025-12-04 10:43:00+05:30,190.0,191.3,188.35,189.7,217575,9134175,8.59,26094.6,26000.0,25900,ATM-2,CALL,26000,2025-12-04
2025-12-04 10:44:00+05:30,190.35,193.15,188.05,188.5,500550,9134175,8.58,26092.7,26000.0,25900,ATM-2,CALL,26000,2025-12-04
2025-12-04 10:45:00+05:30,189.3,191.45,188.45,189.9,243825,9134175,8.52,26097.1,26000.0,25900,ATM-2,CALL,26000,2025-12-04
2025-12-04 10:46:00+05:30,190.5,191.2,188.45,190.0,213000,9015225,8.55,26094.7,26000.0,25900,ATM-2,CALL,26000,2025-12-04
2025-12-04 10:47:00+05:30,190.05,190.05,186.7,187.2,287250,9015225,8.74,26089.9,26000.0,25900,ATM-2,CALL,26000,2025-12-04
2025-12-04 10:48:00+05:30,186.55,186.8,184.2,186.15,371625,9015225,8.69,26087.8,26000.0,25900,ATM-2,CALL,26000,2025-12-04
2025-12-04 10:49:00+05:30,186.2,186.2,181.6,183.0,288375,8879550,8.6,26083.4,26000.0,25900,ATM-2,CALL,26000,2025-12-04
2025-12-04 10:50:00+05:30,183.05,185.6,182.1,183.65,208200,8879550,8.77,26082.9,26000.0,25900,ATM-2,CALL,26000,2025-12-04
2025-12-04 10:51:00+05:30,183.35,184.55,182.2,184.0,175350,8879550,8.69,26084.25,26000.0,25900,ATM-2,CALL,26000,2025-12-04
2025-12-04 10:52:00+05:30,184.3,184.5,182.4,183.6,141450,8801175,8.75,26082.75,26000.0,25900,ATM-2,CALL,26000,2025-12-04
2025-12-04 10:53:00+05:30,183.3,183.95,176.9,181.4,608775,8801175,8.77,26079.6,26000.0,25900,ATM-2,CALL,26000,2025-12-04
2025-12-04 10:54:00+05:30,180.85,182.2,179.4,179.95,258375,8801175,8.68,26078.05,26000.0,25900,ATM-2,CALL,26000,2025-12-04
2025-12-04 10:55:00+05:30,179.5,182.15,178.3,181.35,238275,8714025,8.74,26079.2,26000.0,25900,ATM-2,CALL,26000,2025-12-04
2025-12-04 10:56:00+05:30,181.15,182.45,177.65,180.7,234825,8714025,8.79,26078.4,26000.0,25900,ATM-2,CALL,26000,2025-12-04
2025-12-04 10:57:00+05:30,180.45,183.05,179.6,182.9,196200,8714025,8.76,26080.95,26000.0,25900,ATM-2,CALL,26000,2025-12-04
2025-12-04 10:58:00+05:30,184.05,187.9,184.05,186.15,679275,8711175,8.87,26085.5,26000.0,25900,ATM-2,CALL,26000,2025-12-04
2025-12-04 10:59:00+05:30,186.25,186.5,175.7,176.35,494550,8711175,8.5,26075.5,26000.0,25900,ATM-2,CALL,26000,2025-12-04
2025-12-04 11:00:00+05:30,176.55,178.0,175.05,177.3,288600,8711175,8.46,26076.55,26000.0,25900,ATM-2,CALL,26000,2025-12-04
2025-12-04 11:01:00+05:30,177.3,182.05,177.25,179.7,263100,8670000,8.61,26079.6,26000.0,25900,ATM-2,CALL,26000,2025-12-04
2025-12-04 11:02:00+05:30,180.1,182.8,179.0,180.0,174525,8670000,8.52,26082.1,26000.0,25900,ATM-2,CALL,26000,2025-12-04
2025-12-04 11:03:00+05:30,180.3,184.0,180.2,180.35,175500,8670000,8.48,26082.65,26000.0,25900,ATM-2,CALL,26000,2025-12-04
2025-12-04 11:04:00+05:30,181.0,184.65,179.45,182.95,184575,8707650,8.73,26083.0,26000.0,25900,ATM-2,CALL,26000,2025-12-04
2025-12-04 11:05:00+05:30,181.85,184.0,181.0,183.05,121650,8707650,8.73,26082.95,26000.0,25900,ATM-2,CALL,26000,2025-12-04
2025-12-04 11:06:00+05:30,183.25,184.95,181.8,182.55,196275,8707650,8.64,26083.9,26000.0,25900,ATM-2,CALL,26000,2025-12-04
2025-12-04 11:07:00+05:30,182.6,183.15,179.4,179.75,157425,8715675,8.54,26080.6,26000.0,25900,ATM-2,CALL,26000,2025-12-04
2025-12-04 11:08:00+05:30,180.0,180.55,173.95,174.3,333150,8715675,8.3,26076.7,26000.0,25900,ATM-2,CALL,26000,2025-12-04
2025-12-04 11:09:00+05:30,209.85,211.15,207.2,207.4,84525,1800450,8.3,26074.7,25950.0,25900,ATM-2,CALL,26000,2025-12-04
2025-12-04 11:10:00+05:30,172.1,175.35,169.9,175.1,461175,8722500,8.44,26076.0,26000.0,25900,ATM-2,CALL,26000,2025-12-04
2025-12-04 11:11:00+05:30,210.75,210.95,205.65,207.0,70875,1774950,8.36,26073.2,25950.0,25900,ATM-2,CALL,26000,2025-12-04
2025-12-04 11:12:00+05:30,206.8,210.1,203.85,204.8,48675,1774950,8.18,26073.0,25950.0,25900,ATM-2,CALL,26000,2025-12-04
2025-12-04 11:13:00+05:30,204.45,205.65,203.05,203.8,58500,1797000,8.24,26070.4,25950.0,25900,ATM-2,CALL,26000,2025-12-04
2025-12-04 11:14:00+05:30,169.4,173.6,169.25,173.45,320925,8712225,8.24,26077.05,26000.0,25900,ATM-2,CALL,26000,2025-12-04
2025-12-04 11:15:00+05:30,208.85,209.15,204.65,205.05,55800,1797000,8.35,26070.5,25950.0,25900,ATM-2,CALL,26000,2025-12-04
2025-12-04 11:16:00+05:30,206.65,208.0,204.25,207.65,35175,1802325,8.38,26073.05,25950.0,25900,ATM-2,CALL,26000,2025-12-04
2025-12-04 11:17:00+05:30,171.85,174.35,170.55,172.8,164550,8790300,8.27,26075.6,26000.0,25900,ATM-2,CALL,26000,2025-12-04
2025-12-04 11:18:00+05:30,208.35,208.95,199.15,200.95,94350,1802325,8.06,26068.0,25950.0,25900,ATM-2,CALL,26000,2025-12-04
2025-12-04 11:19:00+05:30,201.65,205.05,201.65,205.0,52275,1798125,8.42,26070.3,25950.0,25900,ATM-2,CALL,26000,2025-12-04
2025-12-04 11:20:00+05:30,204.45,204.45,197.0,200.4,74325,1798125,8.24,26065.55,25950.0,25900,ATM-2,CALL,26000,2025-12-04
2025-12-04 11:21:00+05:30,199.6,203.6,198.05,201.75,59550,1798125,8.19,26068.1,25950.0,25900,ATM-2,CALL,26000,2025-12-04
2025-12-04 11:22:00+05:30,201.95,204.6,200.1,201.55,48750,1800225,8.1,26069.4,25950.0,25900,ATM-2,CALL,26000,2025-12-04
2025-12-04 11:23:00+05:30,200.95,202.0,194.55,195.1,73275,1800225,7.93,26064.3,25950.0,25900,ATM-2,CALL,26000,2025-12-04
2025-12-04 11:24:00+05:30,195.1,198.05,191.1,197.5,88575,1800225,8.1,26063.15,25950.0,25900,ATM-2,CALL,26000,2025-12-04
2025-12-04 11:25:00+05:30,197.6,203.4,197.6,203.35,57075,1810500,8.38,26067.9,25950.0,25900,ATM-2,CALL,26000,2025-12-04
2025-12-04 11:26:00+05:30,203.55,203.55,197.45,199.65,49275,1810500,8.11,26066.15,25950.0,25900,ATM-2,CALL,26000,2025-12-04
2025-12-04 11:27:00+05:30,199.4,201.0,195.0,196.25,34050,1810500,8.08,26063.35,25950.0,25900,ATM-2,CALL,26000,2025-12-04
2025-12-04 11:28:00+05:30,196.05,198.15,194.0,196.5,38775,1829025,8.11,26062.6,25950.0,25900,ATM-2,CALL,26000,2025-12-04
2025-12-04 11:29:00+05:30,197.1,197.65,193.65,193.65,46350,1829025,8.15,26060.6,25950.0,25900,ATM-2,CALL,26000,2025-12-04
2025-12-04 11:30:00+05:30,194.25,196.7,190.6,195.5,108450,1829025,8.11,26060.35,25950.0,25900,ATM-2,CALL,26000,2025-12-04
2025-12-04 11:31:00+05:30,195.5,199.95,194.0,194.55,80700,1849425,8.09,26060.0,25950.0,25900,ATM-2,CALL,26000,2025-12-04
2025-12-04 11:32:00+05:30,194.25,197.0,192.65,194.15,37425,1849425,8.03,26060.25,25950.0,25900,ATM-2,CALL,26000,2025-12-04
2025-12-04 11:33:00+05:30,193.7,198.85,193.7,197.0,40425,1849425,8.17,26063.2,25950.0,25900,ATM-2,CALL,26000,2025-12-04
2025-12-04 11:34:00+05:30,197.05,198.4,193.45,196.05,49050,1870575,8.15,26061.3,25950.0,25900,ATM-2,CALL,26000,2025-12-04
2025-12-04 11:35:00+05:30,195.9,198.15,195.3,198.15,24525,1870575,8.36,26060.7,25950.0,25900,ATM-2,CALL,26000,2025-12-04
2025-12-04 11:36:00+05:30,198.95,199.3,194.9,198.45,51675,1870575,8.48,26060.55,25950.0,25900,ATM-2,CALL,26000,2025-12-04
2025-12-04 11:37:00+05:30,196.9,196.95,189.15,190.45,85350,1885425,8.15,26052.9,25950.0,25900,ATM-2,CALL,26000,2025-12-04
2025-12-04 11:38:00+05:30,191.55,191.8,178.4,180.65,226575,1885425,8.08,26039.35,25950.0,25900,ATM-2,CALL,26000,2025-12-04
2025-12-04 11:39:00+05:30,180.55,181.7,175.2,177.8,159225,1885425,8.21,26034.75,25950.0,25900,ATM-2,CALL,26000,2025-12-04
2025-12-04 11:40:00+05:30,176.95,181.1,175.55,178.55,123225,1897725,7.98,26038.15,25950.0,25900,ATM-2,CALL,26000,2025-12-04
2025-12-04 11:41:00+05:30,179.1,179.55,172.2,172.4,135675,1897725,7.72,26033.45,25950.0,25900,ATM-2,CALL,26000,2025-12-04
2025-12-04 11:42:00+05:30,173.05,174.25,167.3,168.8,240900,1897725,7.7,26028.2,25950.0,25900,ATM-2,CALL,26000,2025-12-04
2025-12-04 11:43:00+05:30,203.55,206.55,202.05,202.45,125250,2250975,7.91,26023.45,25900.0,25900,ATM-2,CALL,26000,2025-12-04
2025-12-04 11:44:00+05:30,167.2,170.9,167.2,169.35,76800,1971000,7.91,26028.8,25950.0,25900,ATM-2,CALL,26000,2025-12-04
2025-12-04 11:45:00+05:30,204.2,204.6,193.75,194.9,315300,2250975,7.82,26015.15,25900.0,25900,ATM-2,CALL,26000,2025-12-04
2025-12-04 11:46:00+05:30,162.4,170.0,162.4,168.1,158625,2030925,7.9,26025.5,25950.0,25900,ATM-2,CALL,26000,2025-12-04
2025-12-04 11:47:00+05:30,167.75,170.6,167.55,169.5,121500,2030925,7.86,26028.45,25950.0,25900,ATM-2,CALL,26000,2025-12-04
2025-12-04 11:48:00+05:30,169.3,171.0,167.5,171.0,125100,2030925,8.03,26025.95,25950.0,25900,ATM-2,CALL,26000,2025-12-04
2025-12-04 11:49:00+05:30,170.55,174.05,168.85,172.65,149850,2107800,7.93,26031.3,25950.0,25900,ATM-2,CALL,26000,2025-12-04
2025-12-04 11:50:00+05:30,172.6,173.3,169.15,171.05,157875,2107800,7.93,26029.6,25950.0,25900,ATM-2,CALL,26000,2025-12-04
2025-12-04 11:51:00+05:30,206.45,206.45,199.0,202.5,144600,2342925,7.92,26022.9,25900.0,25900,ATM-2,CALL,26000,2025-12-04
2025-12-04 11:52:00+05:30,202.9,204.15,200.55,201.0,70650,2383875,7.93,26021.9,25900.0,25900,ATM-2,CALL,26000,2025-12-04
2025-12-04 11:53:00+05:30,200.95,202.7,199.05,199.6,83100,2383875,8.0,26018.35,25900.0,25900,ATM-2,CALL,26000,2025-12-04
2025-12-04 11:54:00+05:30,199.75,200.95,198.4,199.1,69375,2383875,8.09,26016.7,25900.0,25900,ATM-2,CALL,26000,2025-12-04
2025-12-04 11:55:00+05:30,164.6,171.25,164.6,169.6,244050,2270400,7.96,26028.1,25950.0,25900,ATM-2,CALL,26000,2025-12-04
2025-12-04 11:56:00+05:30,169.25,171.25,168.15,169.05,70950,2270400,7.95,26025.15,25950.0,25900,ATM-2,CALL,26000,2025-12-04
2025-12-04 11:57:00+05:30,204.05,205.15,200.4,200.45,71250,2447850,7.82,26022.55,25900.0,25900,ATM-2,CALL,26000,2025-12-04
2025-12-04 11:58:00+05:30,200.4,201.75,196.65,199.4,100950,2471925,7.89,26020.0,25900.0,25900,ATM-2,CALL,26000,2025-12-04
2025-12-04 11:59:00+05:30,200.0,201.9,197.7,201.65,67200,2471925,7.82,26024.0,25900.0,25900,ATM-2,CALL,26000,2025-12-04
2025-12-04 12:00:00+05:30,200.85,204.9,200.5,201.4,92700,2471925,7.81,26024.55,25900.0,25900,ATM-2,CALL,26000,2025-12-04
2025-12-04 12:01:00+05:30,201.3,204.55,200.9,204.55,41025,2519250,7.96,26024.9,25900.0,25900,ATM-2,CALL,26000,2025-12-04
2025-12-04 12:02:00+05:30,204.05,208.85,200.1,200.65,134850,2519250,7.75,26024.6,25900.0,25900,ATM-2,CALL,26000,2025-12-04
2025-12-04 12:03:00+05:30,167.1,172.25,166.9,172.2,106650,2349375,7.99,26031.4,25950.0,25900,ATM-2,CALL,26000,2025-12-04
2025-12-04 12:04:00+05:30,172.75,175.95,172.0,173.55,249075,2263650,7.94,26032.65,25950.0,25900,ATM-2,CALL,26000,2025-12-04
2025-12-04 12:05:00+05:30,173.4,177.6,173.2,175.85,140550,2263650,7.81,26038.45,25950.0,25900,ATM-2,CALL,26000,2025-12-04
2025-12-04 12:06:00+05:30,175.45,175.45,172.45,173.2,118950,2263650,7.85,26035.45,25950.0,25900,ATM-2,CALL,26000,2025-12-04
2025-12-04 12:07:00+05:30,173.0,180.05,172.75,178.3,149025,2253900,7.82,26040.6,25950.0,25900,ATM-2,CALL,26000,2025-12-04
2025-12-04 12:08:00+05:30,178.3,180.2,177.95,178.8,112500,2253900,7.84,26042.85,25950.0,25900,ATM-2,CALL,26000,2025-12-04
2025-12-04 12:09:00+05:30,179.2,179.95,168.9,169.4,177000,2253900,7.7,26032.0,25950.0,25900,ATM-2,CALL,26000,2025-12-04
2025-12-04 12:10:00+05:30,170.1,171.65,167.15,170.05,117825,2267175,8.08,26027.7,25950.0,25900,ATM-2,CALL,26000,2025-12-04
2025-12-04 12:11:00+05:30,204.7,204.7,198.4,198.4,128700,2447700,7.58,26023.8,25900.0,25900,ATM-2,CALL,26000,2025-12-04
2025-12-04 12:12:00+05:30,164.9,169.75,162.6,169.0,106650,2267175,7.93,26027.3,25950.0,25900,ATM-2,CALL,26000,2025-12-04
2025-12-04 12:13:00+05:30,168.2,171.45,168.0,169.05,72000,2255925,7.92,26026.8,25950.0,25900,ATM-2,CALL,26000,2025-12-04
2025-12-04 12:14:00+05:30,170.1,173.05,169.65,170.5,60450,2255925,8.03,26028.15,25950.0,25900,ATM-2,CALL,26000,2025-12-04
2025-12-04 12:15:00+05:30,206.15,206.15,197.6,198.4,118800,2454300,7.99,26017.8,25900.0,25900,ATM-2,CALL,26000,2025-12-04
2025-12-04 12:16:00+05:30,198.5,201.1,196.1,200.5,132075,2496375,7.98,26021.65,25900.0,25900,ATM-2,CALL,26000,2025-12-04
2025-12-04 12:17:00+05:30,199.85,204.2,199.85,201.25,62175,2496375,7.9,26023.0,25900.0,25900,ATM-2,CALL,26000,2025-12-04
2025-12-04 12:18:00+05:30,199.65,202.05,199.4,202.05,40725,2496375,8.03,26022.65,25900.0,25900,ATM-2,CALL,26000,2025-12-04
2025-12-04 12:19:00+05:30,202.5,203.5,197.4,198.25,59025,2517450,8.01,26018.15,25900.0,25900,ATM-2,CALL,26000,2025-12-04
2025-12-04 12:20:00+05:30,198.65,200.0,186.65,187.85,261225,2517450,7.77,26006.95,25900.0,25900,ATM-2,CALL,26000,2025-12-04
2025-12-04 12:21:00+05:30,187.45,192.2,184.95,192.2,247275,2517450,7.88,26012.15,25900.0,25900,ATM-2,CALL,26000,2025-12-04
2025-12-04 12:22:00+05:30,192.55,193.0,189.6,192.25,159675,2498925,7.56,26015.1,25900.0,25900,ATM-2,CALL,26000,2025-12-04
2025-12-04 12:23:00+05:30,192.3,196.8,192.2,194.8,115875,2498925,7.71,26015.85,25900.0,25900,ATM-2,CALL,26000,2025-12-04
2025-12-04 12:24:00+05:30,194.45,196.5,193.0,196.1,63750,2498925,7.65,26019.5,25900.0,25900,ATM-2,CALL,26000,2025-12-04
2025-12-04 12:25:00+05:30,196.0,202.0,195.2,202.0,163950,2596275,7.85,26024.4,25900.0,25900,ATM-2,CALL,26000,2025-12-04
2025-12-04 12:26:00+05:30,202.0,202.05,197.2,201.6,102975,2596275,7.86,26024.5,25900.0,25900,ATM-2,CALL,26000,2025-12-04
2025-12-04 12:27:00+05:30,166.4,166.75,163.45,165.95,57225,2347425,7.77,26025.65,25950.0,25900,ATM-2,CALL,26000,2025-12-04
2025-12-04 12:28:00+05:30,166.0,172.2,165.4,171.8,303675,2401425,8.07,26028.9,25950.0,25900,ATM-2,CALL,26000,2025-12-04
2025-12-04 12:29:00+05:30,207.7,207.7,197.25,199.25,218400,2559075,7.67,26024.25,25900.0,25900,ATM-2,CALL,26000,2025-12-04
2025-12-04 12:30:00+05:30,164.65,167.75,162.8,167.7,76575,2401425,7.9,26026.8,25950.0,25900,ATM-2,CALL,26000,2025-12-04
2025-12-04 12:31:00+05:30,167.45,168.3,164.7,165.0,57375,2355600,7.64,26025.35,25950.0,25900,ATM-2,CALL,26000,2025-12-04
2025-12-04 12:32:00+05:30,200.15,201.35,197.45,200.15,49875,2582025,7.75,26024.35,25900.0,25900,ATM-2,CALL,26000,2025-12-04
2025-12-04 12:33:00+05:30,165.4,168.1,164.2,168.1,49125,2355600,7.72,26029.0,25950.0,25900,ATM-2,CALL,26000,2025-12-04
2025-12-04 12:34:00+05:30,168.5,168.85,165.5,166.35,63825,2356575,7.7,26025.9,25950.0,25900,ATM-2,CALL,26000,2025-12-04
2025-12-04 12:35:00+05:30,166.8,169.2,166.25,167.55,61650,2356575,7.73,26027.9,25950.0,25900,ATM-2,CALL,26000,2025-12-04
2025-12-04 12:36:00+05:30,167.6,168.55,165.6,166.95,43575,2356575,7.82,26026.05,25950.0,25900,ATM-2,CALL,26000,2025-12-04
2025-12-04 12:37:00+05:30,202.55,203.75,198.75,200.6,67125,2569725,7.64,26025.0,25900.0,25900,ATM-2,CALL,26000,2025-12-04
2025-12-04 12:38:00+05:30,165.85,168.5,164.15,167.3,41250,2357850,7.8,26026.65,25950.0,25900,ATM-2,CALL,26000,2025-12-04
2025-12-04 12:39:00+05:30,202.05,204.9,199.55,199.9,76950,2569725,7.72,26023.95,25900.0,25900,ATM-2,CALL,26000,2025-12-04
2025-12-04 12:40:00+05:30,200.3,202.05,198.65,200.0,60900,2573400,7.68,26025.0,25900.0,25900,ATM-2,CALL,26000,2025-12-04
2025-12-04 12:41:00+05:30,200.55,201.1,197.65,197.65,62325,2573400,7.68,26023.6,25900.0,25900,ATM-2,CALL,26000,2025-12-04
2025-12-04 12:42:00+05:30,195.9,197.05,192.15,192.15,164250,2573400,7.51,26017.2,25900.0,25900,ATM-2,CALL,26000,2025-12-04
2025-12-04 12:43:00+05:30,192.4,192.65,188.1,189.45,196200,2629425,7.57,26012.5,25900.0,25900,ATM-2,CALL,26000,2025-12-04
2025-12-04 12:44:00+05:30,189.5,189.8,186.25,186.65,100650,2629425,7.43,26009.55,25900.0,25900,ATM-2,CALL,26000,2025-12-04
2025-12-04 12:45:00+05:30,186.0,186.55,172.35,172.35,406275,2629425,7.27,25992.1,25900.0,25900,ATM-2,CALL,26000,2025-12-04
2025-12-04 12:46:00+05:30,173.25,176.95,173.25,175.25,248250,2696250,7.66,25990.7,25900.0,25900,ATM-2,CALL,26000,2025-12-04
2025-12-04 12:47:00+05:30,175.0,181.5,175.0,179.8,235200,2696250,7.53,26000.85,25900.0,25900,ATM-2,CALL,26000,2025-12-04
2025-12-04 12:48:00+05:30,179.2,179.5,175.1,176.4,115950,2696250,7.36,25997.05,25900.0,25900,ATM-2,CALL,26000,2025-12-04
2025-12-04 12:49:00+05:30,176.35,176.8,173.6,174.8,103500,2698575,7.46,25993.35,25900.0,25900,ATM-2,CALL,26000,2025-12-04
2025-12-04 12:50:00+05:30,174.65,178.0,174.4,177.1,107250,2698575,7.55,25994.45,25900.0,25900,ATM-2,CALL,26000,2025-12-04
2025-12-04 12:51:00+05:30,177.8,178.4,174.4,175.8,91200,2698575,7.44,25995.5,25900.0,25900,ATM-2,CALL,26000,2025-12-04
2025-12-04 12:52:00+05:30,175.75,176.1,170.5,172.3,132975,2698575,7.33,25991.55,25900.0,25900,ATM-2,CALL,26000,2025-12-04
2025-12-04 12:53:00+05:30,172.55,176.95,171.65,175.1,117450,2760000,7.38,25993.85,25900.0,25900,ATM-2,CALL,26000,2025-12-04
2025-12-04 12:54:00+05:30,175.6,176.75,173.65,175.8,86925,2760000,7.65,25992.85,25900.0,25900,ATM-2,CALL,26000,2025-12-04
2025-12-04 12:55:00+05:30,175.45,184.5,175.45,183.05,218775,2760000,7.53,26004.5,25900.0,25900,ATM-2,CALL,26000,2025-12-04
2025-12-04 12:56:00+05:30,183.55,185.55,182.0,183.85,153075,2808000,7.53,26005.95,25900.0,25900,ATM-2,CALL,26000,2025-12-04
2025-12-04 12:57:00+05:30,184.05,185.35,182.0,184.8,87750,2808000,7.58,26005.95,25900.0,25900,ATM-2,CALL,26000,2025-12-04
2025-12-04 12:58:00+05:30,184.95,186.75,181.3,183.7,107325,2808000,7.73,26004.05,25900.0,25900,ATM-2,CALL,26000,2025-12-04
2025-12-04 12:59:00+05:30,183.7,185.0,182.55,182.7,43200,2805375,7.65,26002.4,25900.0,25900,ATM-2,CALL,26000,2025-12-04
2025-12-04 13:00:00+05:30,182.55,183.6,178.7,183.0,129825,2805375,7.77,26001.85,25900.0,25900,ATM-2,CALL,26000,2025-12-04
2025-12-04 13:01:00+05:30,183.0,185.0,181.95,183.4,72375,2805375,7.59,26004.2,25900.0,25900,ATM-2,CALL,26000,2025-12-04
2025-12-04 13:02:00+05:30,182.7,184.0,181.55,181.85,50475,2831925,7.59,26001.3,25900.0,25900,ATM-2,CALL,26000,2025-12-04
2025-12-04 13:03:00+05:30,181.9,184.0,181.6,183.0,42375,2831925,7.58,26002.7,25900.0,25900,ATM-2,CALL,26000,2025-12-04
2025-12-04 13:04:00+05:30,182.7,188.55,182.7,185.0,129225,2831925,7.63,26005.85,25900.0,25900,ATM-2,CALL,26000,2025-12-04
2025-12-04 13:05:00+05:30,185.2,186.65,181.95,182.3,117225,2809650,7.75,26001.05,25900.0,25900,ATM-2,CALL,26000,2025-12-04
2025-12-04 13:06:00+05:30,182.9,186.2,182.45,185.9,42750,2809650,7.8,26002.2,25900.0,25900,ATM-2,CALL,26000,2025-12-04
2025-12-04 13:07:00+05:30,185.95,186.85,183.7,185.65,44400,2809650,7.87,26003.9,25900.0,25900,ATM-2,CALL,26000,2025-12-04
2025-12-04 13:08:00+05:30,185.6,189.0,184.15,185.35,93900,2790225,8.02,25999.95,25900.0,25900,ATM-2,CALL,26000,2025-12-04
2025-12-04 13:09:00+05:30,185.3,186.7,182.55,183.5,68250,2790225,7.99,25997.95,25900.0,25900,ATM-2,CALL,26000,2025-12-04
2025-12-04 13:10:00+05:30,183.5,183.5,178.1,180.55,117675,2790225,8.01,25993.15,25900.0,25900,ATM-2,CALL,26000,2025-12-04
2025-12-04 13:11:00+05:30,180.8,183.3,180.8,182.05,54450,2809875,8.11,25994.25,25900.0,25900,ATM-2,CALL,26000,2025-12-04
2025-12-04 13:12:00+05:30,182.1,186.45,179.4,179.4,157575,2809875,7.92,25993.45,25900.0,25900,ATM-2,CALL,26000,2025-12-04
2025-12-04 13:13:00+05:30,180.4,180.9,176.9,180.55,101175,2809875,7.96,25993.8,25900.0,25900,ATM-2,CALL,26000,2025-12-04
2025-12-04 13:14:00+05:30,180.25,188.35,179.9,185.1,172350,2841750,7.91,26000.8,25900.0,25900,ATM-2,CALL,26000,2025-12-04
2025-12-04 13:15:00+05:30,184.6,187.0,183.55,184.5,69375,2841750,7.81,26002.4,25900.0,25900,ATM-2,CALL,26000,2025-12-04
2025-12-04 13:16:00+05:30,185.05,188.25,184.65,186.6,57375,2841750,7.84,26003.3,25900.0,25900,ATM-2,CALL,26000,2025-12-04
2025-12-04 13:17:00+05:30,187.3,187.7,183.6,185.45,66450,2817975,7.96,26000.85,25900.0,25900,ATM-2,CALL,26000,2025-12-04
2025-12-04 13:18:00+05:30,185.05,189.25,184.45,186.2,120675,2817975,8.03,26001.5,25900.0,25900,ATM-2,CALL,26000,2025-12-04
2025-12-04 13:19:00+05:30,186.0,187.0,179.2,181.9,113775,2817975,8.02,25995.65,25900.0,25900,ATM-2,CALL,26000,2025-12-04
2025-12-04 13:20:00+05:30,182.0,185.3,179.45,184.8,71775,2777925,7.88,26001.5,25900.0,25900,ATM-2,CALL,26000,2025-12-04
2025-12-04 13:21:00+05:30,184.8,187.25,184.3,187.25,86400,2777925,7.73,26006.85,25900.0,25900,ATM-2,CALL,26000,2025-12-04
2025-12-04 13:22:00+05:30,187.3,194.65,186.75,194.65,275100,2777925,7.82,26016.15,25900.0,25900,ATM-2,CALL,26000,2025-12-04
2025-12-04 13:23:00+05:30,194.5,196.1,192.25,194.85,248250,2736825,7.8,26017.05,25900.0,25900,ATM-2,CALL,26000,2025-12-04
2025-12-04 13:24:00+05:30,194.6,199.55,192.0,199.15,183150,2736825,8.12,26017.85,25900.0,25900,ATM-2,CALL,26000,2025-12-04
2025-12-04 13:25:00+05:30,198.7,200.4,195.0,195.5,241050,2736825,7.82,26016.25,25900.0,25900,ATM-2,CALL,26000,2025-12-04
2025-12-04 13:26:00+05:30,195.6,199.4,193.85,196.6,140025,2740575,7.82,26018.15,25900.0,25900,ATM-2,CALL,26000,2025-12-04
2025-12-04 13:27:00+05:30,197.0,200.55,196.9,197.5,135000,2740575,7.87,26018.95,25900.0,25900,ATM-2,CALL,26000,2025-12-04
2025-12-04 13:28:00+05:30,197.85,198.7,193.5,193.5,112350,2740575,7.7,26016.8,25900.0,25900,ATM-2,CALL,26000,2025-12-04
2025-12-04 13:29:00+05:30,193.55,197.05,193.05,195.55,57450,2803800,7.57,26015.7,25900.0,25900,ATM-2,CALL,26000,2025-12-04
2025-12-04 13:30:00+05:30,195.75,202.9,192.2,192.2,271050,2803800,7.63,26015.3,25900.0,25900,ATM-2,CALL,26000,2025-12-04
2025-12-04 13:31:00+05:30,192.45,194.55,190.65,193.4,176850,2803800,7.91,26013.6,25900.0,25900,ATM-2,CALL,26000,2025-12-04
2025-12-04 13:32:00+05:30,193.35,193.6,187.75,191.4,143100,2785125,7.85,26011.8,25900.0,25900,ATM-2,CALL,26000,2025-12-04
2025-12-04 13:33:00+05:30,191.35,191.35,188.2,189.2,101625,2785125,7.87,26008.95,25900.0,25900,ATM-2,CALL,26000,2025-12-04
2025-12-04 13:34:00+05:30,189.25,189.95,180.85,181.45,201375,2785125,7.51,26002.4,25900.0,25900,ATM-2,CALL,26000,2025-12-04
2025-12-04 13:35:00+05:30,181.7,181.7,174.0,174.65,403275,2785875,7.67,25990.4,25900.0,25900,ATM-2,CALL,26000,2025-12-04
2025-12-04 13:36:00+05:30,173.8,173.9,168.0,168.0,304800,2785875,7.75,25979.5,25900.0,25900,ATM-2,CALL,26000,2025-12-04
2025-12-04 13:37:00+05:30,168.6,168.9,163.25,165.35,325050,2785875,7.76,25976.3,25900.0,25900,ATM-2,CALL,26000,2025-12-04
2025-12-04 13:38:00+05:30,165.5,170.35,165.35,168.3,182850,2880525,7.69,25981.75,25900.0,25900,ATM-2,CALL,26000,2025-12-04
2025-12-04 13:39:00+05:30,168.0,168.0,166.35,167.1,100425,2880525,7.65,25980.55,25900.0,25900,ATM-2,CALL,26000,2025-12-04
2025-12-04 13:40:00+05:30,167.2,167.4,164.45,166.2,131700,2880525,7.67,25978.35,25900.0,25900,ATM-2,CALL,26000,2025-12-04
2025-12-04 13:41:00+05:30,200.6,200.6,188.4,190.45,60375,530625,7.39,25964.95,25850.0,25900,ATM-2,CALL,26000,2025-12-04
2025-12-04 13:42:00+05:30,190.6,197.1,189.3,195.65,45825,530625,7.41,25973.25,25850.0,25900,ATM-2,CALL,26000,2025-12-04
2025-12-04 13:43:00+05:30,195.9,198.0,192.6,194.0,27675,530625,7.38,25972.9,25850.0,25900,ATM-2,CALL,26000,2025-12-04
2025-12-04 13:44:00+05:30,160.0,163.4,159.7,162.65,115875,3044850,7.52,25976.3,25900.0,25900,ATM-2,CALL,26000,2025-12-04
2025-12-04 13:45:00+05:30,196.7,196.7,192.05,193.5,21975,555600,7.33,25972.8,25850.0,25900,ATM-2,CALL,26000,2025-12-04
2025-12-04 13:46:00+05:30,159.95,163.9,159.3,163.35,109275,3044850,7.59,25976.05,25900.0,25900,ATM-2,CALL,26000,2025-12-04
2025-12-04 13:47:00+05:30,163.2,164.0,161.1,163.4,93450,3093675,7.46,25978.2,25900.0,25900,ATM-2,CALL,26000,2025-12-04
2025-12-04 13:48:00+05:30,163.05,165.5,160.1,165.0,249525,3093675,7.59,25979.4,25900.0,25900,ATM-2,CALL,26000,2025-12-04
2025-12-04 13:49:00+05:30,165.15,166.0,162.25,163.7,105525,3093675,7.43,25978.65,25900.0,25900,ATM-2,CALL,26000,2025-12-04
2025-12-04 13:50:00+05:30,163.75,166.9,163.65,166.0,140400,3104775,7.67,25978.55,25900.0,25900,ATM-2,CALL,26000,2025-12-04
2025-12-04 13:51:00+05:30,165.45,168.2,164.35,166.7,229425,3104775,7.58,25980.5,25900.0,25900,ATM-2,CALL,26000,2025-12-04
2025-12-04 13:52:00+05:30,167.1,167.75,164.0,167.0,123675,3104775,7.6,25981.55,25900.0,25900,ATM-2,CALL,26000,2025-12-04
2025-12-04 13:53:00+05:30,201.2,202.05,196.05,199.0,19425,581250,7.64,25974.85,25850.0,25900,ATM-2,CALL,26000,2025-12-04
2025-12-04 13:54:00+05:30,164.7,166.4,163.15,165.95,88800,3256275,7.82,25975.55,25900.0,25900,ATM-2,CALL,26000,2025-12-04
2025-12-04 13:55:00+05:30,200.4,201.0,195.35,195.9,39300,581250,7.59,25971.95,25850.0,25900,ATM-2,CALL,26000,2025-12-04
2025-12-04 13:56:00+05:30,197.1,200.0,195.8,197.55,18825,578925,7.66,25974.4,25850.0,25900,ATM-2,CALL,26000,2025-12-04
2025-12-04 13:57:00+05:30,163.0,164.25,158.8,163.95,148725,3299175,7.7,25975.8,25900.0,25900,ATM-2,CALL,26000,2025-12-04
2025-12-04 13:58:00+05:30,198.5,201.65,196.65,197.75,25275,578925,7.6,25974.05,25850.0,25900,ATM-2,CALL,26000,2025-12-04
2025-12-04 13:59:00+05:30,197.35,199.1,197.05,198.25,18000,575175,7.68,25973.3,25850.0,25900,ATM-2,CALL,26000,2025-12-04
2025-12-04 14:00:00+05:30,197.1,198.5,193.5,198.0,19050,575175,7.73,25972.3,25850.0,25900,ATM-2,CALL,26000,2025-12-04
2025-12-04 14:01:00+05:30,163.75,171.6,162.5,167.9,250275,3281925,7.72,25979.95,25900.0,25900,ATM-2,CALL,26000,2025-12-04
2025-12-04 14:02:00+05:30,166.35,170.6,166.35,166.35,156000,3282225,7.51,25980.35,25900.0,25900,ATM-2,CALL,26000,2025-12-04
2025-12-04 14:03:00+05:30,166.15,167.95,161.05,166.45,181050,3282225,7.63,25978.75,25900.0,25900,ATM-2,CALL,26000,2025-12-04
2025-12-04 14:04:00+05:30,166.55,173.2,166.55,171.7,233700,3282225,7.61,25986.7,25900.0,25900,ATM-2,CALL,26000,2025-12-04
2025-12-04 14:05:00+05:30,171.65,171.75,165.4,168.05,151950,3268425,7.65,25980.35,25900.0,25900,ATM-2,CALL,26000,2025-12-04
2025-12-04 14:06:00+05:30,168.1,169.75,166.45,169.75,89175,3268425,7.73,25982.0,25900.0,25900,ATM-2,CALL,26000,2025-12-04
2025-12-04 14:07:00+05:30,169.35,178.8,169.35,178.8,344325,3268425,7.57,25998.25,25900.0,25900,ATM-2,CALL,26000,2025-12-04
2025-12-04 14:08:00+05:30,177.45,178.15,174.75,177.4,397125,3239175,7.19,26001.55,25900.0,25900,ATM-2,CALL,26000,2025-12-04
2025-12-04 14:09:00+05:30,176.8,178.5,175.0,176.95,145575,3239175,7.01,26005.6,25900.0,25900,ATM-2,CALL,26000,2025-12-04
2025-12-04 14:10:00+05:30,176.7,194.2,176.25,187.95,560550,3239175,6.95,26017.4,25900.0,25900,ATM-2,CALL,26000,2025-12-04
2025-12-04 14:11:00+05:30,188.4,191.3,180.6,183.35,256875,3148575,7.31,26007.55,25900.0,25900,ATM-2,CALL,26000,2025-12-04
2025-12-04 14:12:00+05:30,183.3,187.0,182.65,186.55,125850,3148575,7.47,26009.2,25900.0,25900,ATM-2,CALL,26000,2025-12-04
2025-12-04 14:13:00+05:30,186.25,188.55,182.5,185.0,142350,3148575,7.71,26004.15,25900.0,25900,ATM-2,CALL,26000,2025-12-04
2025-12-04 14:14:00+05:30,185.05,187.65,183.4,183.9,101025,3182475,7.62,26004.05,25900.0,25900,ATM-2,CALL,26000,2025-12-04
2025-12-04 14:15:00+05:30,186.05,187.75,181.2,183.25,130425,3182475,7.77,26001.75,25900.0,25900,ATM-2,CALL,26000,2025-12-04
2025-12-04 14:16:00+05:30,183.1,184.35,178.7,183.85,155400,3182475,7.77,26001.6,25900.0,25900,ATM-2,CALL,26000,2025-12-04
2025-12-04 14:17:00+05:30,184.15,189.9,183.8,189.35,205950,3131850,7.77,26009.45,25900.0,25900,ATM-2,CALL,26000,2025-12-04
2025-12-04 14:18:00+05:30,189.0,189.8,186.0,188.05,108300,3131850,7.75,26008.75,25900.0,25900,ATM-2,CALL,26000,2025-12-04
2025-12-04 14:19:00+05:30,188.25,188.35,182.35,182.35,103950,3131850,7.75,26001.0,25900.0,25900,ATM-2,CALL,26000,2025-12-04
2025-12-04 14:20:00+05:30,182.3,183.0,179.1,181.0,133275,3129450,7.82,25997.45,25900.0,25900,ATM-2,CALL,26000,2025-12-04
2025-12-04 14:21:00+05:30,179.5,180.3,174.35,179.15,226200,3129450,7.84,25995.0,25900.0,25900,ATM-2,CALL,26000,2025-12-04
2025-12-04 14:22:00+05:30,179.05,182.35,177.5,180.65,125925,3129450,7.93,25995.3,25900.0,25900,ATM-2,CALL,26000,2025-12-04
2025-12-04 14:23:00+05:30,181.05,190.9,180.45,190.9,244650,3082200,8.15,26007.0,25900.0,25900,ATM-2,CALL,26000,2025-12-04
2025-12-04 14:24:00+05:30,192.1,192.8,184.5,184.5,236850,3082200,7.84,26002.25,25900.0,25900,ATM-2,CALL,26000,2025-12-04
2025-12-04 14:25:00+05:30,185.4,186.25,181.5,185.7,117150,3082200,8.02,26000.7,25900.0,25900,ATM-2,CALL,26000,2025-12-04
2025-12-04 14:26:00+05:30,184.0,190.05,184.0,188.4,104550,3073725,7.96,26006.75,25900.0,25900,ATM-2,CALL,26000,2025-12-04
2025-12-04 14:27:00+05:30,188.05,190.5,186.0,188.2,99600,3073725,7.87,26007.5,25900.0,25900,ATM-2,CALL,26000,2025-12-04
2025-12-04 14:28:00+05:30,188.15,188.9,185.75,188.65,79425,3073725,7.98,26006.15,25900.0,25900,ATM-2,CALL,26000,2025-12-04
2025-12-04 14:29:00+05:30,188.6,193.45,187.8,191.8,170625,3084150,7.69,26014.0,25900.0,25900,ATM-2,CALL,26000,2025-12-04
2025-12-04 14:30:00+05:30,192.0,196.35,190.05,191.1,282900,3084150,7.53,26016.25,25900.0,25900,ATM-2,CALL,26000,2025-12-04
2025-12-04 14:31:00+05:30,192.8,194.4,190.3,193.25,96675,3084150,7.7,26015.55,25900.0,25900,ATM-2,CALL,26000,2025-12-04
2025-12-04 14:32:00+05:30,193.95,194.1,186.8,188.9,120225,3017850,7.85,26008.7,25900.0,25900,ATM-2,CALL,26000,2025-12-04
2025-12-04 14:33:00+05:30,188.3,192.35,187.6,191.85,89025,3017850,7.93,26010.1,25900.0,25900,ATM-2,CALL,26000,2025-12-04
2025-12-04 14:34:00+05:30,191.9,192.0,188.5,189.9,60675,3017850,7.96,26008.95,25900.0,25900,ATM-2,CALL,26000,2025-12-04
2025-12-04 14:35:00+05:30,189.0,189.75,183.25,184.3,116700,3030225,7.76,26003.8,25900.0,25900,ATM-2,CALL,26000,2025-12-04
2025-12-04 14:36:00+05:30,184.45,188.1,182.0,183.6,166650,3030225,7.82,26000.4,25900.0,25900,ATM-2,CALL,26000,2025-12-04
2025-12-04 14:37:00+05:30,183.9,185.0,182.4,184.25,78150,3030225,7.72,26004.1,25900.0,25900,ATM-2,CALL,26000,2025-12-04
2025-12-04 14:38:00+05:30,185.0,193.35,185.0,193.35,172800,2971425,7.92,26013.55,25900.0,25900,ATM-2,CALL,26000,2025-12-04
2025-12-04 14:39:00+05:30,192.6,197.05,191.2,193.3,203175,2971425,7.87,26013.75,25900.0,25900,ATM-2,CALL,26000,2025-12-04
2025-12-04 14:40:00+05:30,193.45,195.65,193.25,193.5,78675,2971425,7.68,26017.5,25900.0,25900,ATM-2,CALL,26000,2025-12-04
2025-12-04 14:41:00+05:30,193.9,196.55,192.65,193.0,101775,2786550,7.8,26015.45,25900.0,25900,ATM-2,CALL,26000,2025-12-04
2025-12-04 14:42:00+05:30,193.3,198.1,189.05,191.1,150375,2786550,7.66,26015.5,25900.0,25900,ATM-2,CALL,26000,2025-12-04
2025-12-04 14:43:00+05:30,191.75,194.1,188.3,190.0,174975,2786550,8.03,26007.85,25900.0,25900,ATM-2,CALL,26000,2025-12-04
2025-12-04 14:44:00+05:30,190.9,191.05,187.0,187.0,80550,2690400,8.21,26000.6,25900.0,25900,ATM-2,CALL,26000,2025-12-04
2025-12-04 14:45:00+05:30,187.05,188.7,179.4,180.9,251775,2690400,8.2,25992.35,25900.0,25900,ATM-2,CALL,26000,2025-12-04
2025-12-04 14:46:00+05:30,179.6,183.35,177.4,179.55,166350,2690400,8.27,25988.7,25900.0,25900,ATM-2,CALL,26000,2025-12-04
2025-12-04 14:47:00+05:30,180.4,187.8,179.05,186.0,208950,2626575,7.96,26001.55,25900.0,25900,ATM-2,CALL,26000,2025-12-04
2025-12-04 14:48:00+05:30,185.35,187.0,182.7,183.5,70125,2626575,7.7,26003.3,25900.0,25900,ATM-2,CALL,26000,2025-12-04
2025-12-04 14:49:00+05:30,184.65,185.85,183.55,185.1,68850,2626575,7.67,26003.65,25900.0,25900,ATM-2,CALL,26000,2025-12-04
2025-12-04 14:50:00+05:30,185.0,195.0,184.3,194.2,208800,2601900,7.9,26014.1,25900.0,25900,ATM-2,CALL,26000,2025-12-04
2025-12-04 14:51:00+05:30,194.65,196.65,190.8,196.65,229425,2601900,7.91,26018.15,25900.0,25900,ATM-2,CALL,26000,2025-12-04
2025-12-04 14:52:00+05:30,161.7,168.4,161.35,167.5,315075,2669400,7.95,26026.15,25950.0,25900,ATM-2,CALL,26000,2025-12-04
2025-12-04 14:53:00+05:30,202.5,203.8,199.55,201.1,283500,2633700,7.91,26023.0,25900.0,25900,ATM-2,CALL,26000,2025-12-04
2025-12-04 14:54:00+05:30,165.75,168.75,164.65,167.6,148275,2615325,8.01,26025.05,25950.0,25900,ATM-2,CALL,26000,2025-12-04
2025-12-04 14:55:00+05:30,167.2,169.75,165.8,168.75,218175,2615325,7.79,26029.45,25950.0,25900,ATM-2,CALL,26000,2025-12-04
2025-12-04 14:56:00+05:30,168.4,177.9,168.4,177.5,335550,2499300,7.99,26039.65,25950.0,25900,ATM-2,CALL,26000,2025-12-04
2025-12-04 14:57:00+05:30,174.9,177.4,173.45,174.5,280500,2499300,7.92,26036.45,25950.0,25900,ATM-2,CALL,26000,2025-12-04
2025-12-04 14:58:00+05:30,174.25,177.95,173.65,176.9,171375,2499300,7.9,26039.35,25950.0,25900,ATM-2,CALL,26000,2025-12-04
2025-12-04 14:59:00+05:30,177.4,183.0,176.2,178.55,236550,2349375,7.88,26043.25,25950.0,25900,ATM-2,CALL,26000,2025-12-04
2025-12-04 15:00:00+05:30,179.05,183.6,179.05,183.6,247800,2349375,8.01,26048.45,25950.0,25900,ATM-2,CALL,26000,2025-12-04
2025-12-04 15:01:00+05:30,182.8,185.7,180.0,183.3,292575,2349375,7.86,26050.5,25950.0,25900,ATM-2,CALL,26000,2025-12-04
2025-12-04 15:02:00+05:30,182.0,187.0,182.0,184.05,176025,2183625,7.52,26057.65,25950.0,25900,ATM-2,CALL,26000,2025-12-04
2025-12-04 15:03:00+05:30,183.6,184.6,178.85,179.8,241350,2183625,7.73,26047.5,25950.0,25900,ATM-2,CALL,26000,2025-12-04
2025-12-04 15:04:00+05:30,180.45,181.4,178.05,180.55,133425,2183625,7.67,26049.4,25950.0,25900,ATM-2,CALL,26000,2025-12-04
2025-12-04 15:05:00+05:30,180.95,183.95,179.65,182.6,99000,2086650,7.58,26052.75,25950.0,25900,ATM-2,CALL,26000,2025-12-04
2025-12-04 15:06:00+05:30,183.25,183.7,181.0,181.95,85050,2086650,7.62,26052.85,25950.0,25900,ATM-2,CALL,26000,2025-12-04
2025-12-04 15:07:00+05:30,181.45,181.45,179.0,179.65,63825,2086650,7.31,26052.95,25950.0,25900,ATM-2,CALL,26000,2025-12-04
2025-12-04 15:08:00+05:30,179.75,180.0,174.5,179.3,178200,2053500,7.44,26051.35,25950.0,25900,ATM-2,CALL,26000,2025-12-04
2025-12-04 15:09:00+05:30,179.25,179.5,175.5,176.65,75450,2053500,7.55,26046.6,25950.0,25900,ATM-2,CALL,26000,2025-12-04
2025-12-04 15:10:00+05:30,176.45,179.6,175.7,179.6,106950,2053500,7.46,26051.4,25950.0,25900,ATM-2,CALL,26000,2025-12-04
2025-12-04 15:11:00+05:30,180.4,183.4,180.05,182.2,125325,1999725,7.62,26053.4,25950.0,25900,ATM-2,CALL,26000,2025-12-04
2025-12-04 15:12:00+05:30,182.15,182.15,178.4,179.35,83550,1999725,7.84,26045.1,25950.0,25900,ATM-2,CALL,26000,2025-12-04
2025-12-04 15:13:00+05:30,179.5,179.5,175.7,178.65,89625,1999725,8.11,26041.35,25950.0,25900,ATM-2,CALL,26000,2025-12-04
2025-12-04 15:14:00+05:30,178.2,178.4,175.1,176.75,109875,1946775,8.11,26037.7,25950.0,25900,ATM-2,CALL,26000,2025-12-04
2025-12-04 15:15:00+05:30,176.95,177.0,172.25,174.9,165000,1946775,8.02,26036.65,25950.0,25900,ATM-2,CALL,26000,2025-12-04
2025-12-04 15:16:00+05:30,174.85,175.5,171.2,173.4,93000,1946775,8.1,26032.25,25950.0,25900,ATM-2,CALL,26000,2025-12-04
2025-12-04 15:17:00+05:30,173.2,174.05,168.4,168.4,92850,1900125,7.98,26027.65,25950.0,25900,ATM-2,CALL,26000,2025-12-04
2025-12-04 15:18:00+05:30,168.4,174.6,166.1,174.6,138225,1900125,8.3,26031.0,25950.0,25900,ATM-2,CALL,26000,2025-12-04
2025-12-04 15:19:00+05:30,175.0,177.5,174.05,177.5,103350,1900125,8.01,26040.9,25950.0,25900,ATM-2,CALL,26000,2025-12-04
2025-12-04 15:20:00+05:30,176.3,176.65,174.0,176.4,115500,1832175,8.46,26032.5,25950.0,25900,ATM-2,CALL,26000,2025-12-04
2025-12-04 15:21:00+05:30,176.65,178.4,175.25,175.3,78300,1832175,8.38,26031.0,25950.0,25900,ATM-2,CALL,26000,2025-12-04
2025-12-04 15:22:00+05:30,211.55,213.3,209.4,209.4,38775,1928775,8.66,26023.95,25900.0,25900,ATM-2,CALL,26000,2025-12-04
2025-12-04 15:23:00+05:30,174.0,176.0,173.75,175.35,50850,1758000,8.45,26032.1,25950.0,25900,ATM-2,CALL,26000,2025-12-04
2025-12-04 15:24:00+05:30,175.0,177.0,174.6,175.7,86850,1758000,8.45,26030.45,25950.0,25900,ATM-2,CALL,26000,2025-12-04
2025-12-04 15:25:00+05:30,176.25,176.25,174.2,175.05,79425,1758000,8.61,26026.4,25950.0,25900,ATM-2,CALL,26000,2025-12-04
2025-12-04 15:26:00+05:30,210.95,212.5,208.95,209.0,99225,1864200,8.66,26023.95,25900.0,25900,ATM-2,CALL,26000,2025-12-04
2025-12-04 15:27:00+05:30,209.25,209.85,207.2,208.75,56175,1864200,8.58,26018.75,25900.0,25900,ATM-2,CALL,26000,2025-12-04
2025-12-04 15:28:00+05:30,208.15,210.95,208.15,210.4,86400,1864200,9.41,26015.6,25900.0,25900,ATM-2,CALL,26000,2025-12-04
2025-12-04 15:29:00+05:30,210.15,210.45,208.95,210.0,102300,1835475,9.27,26017.1,25900.0,25900,ATM-2,CALL,26000,2025-12-04
2025-12-04 09:15:00+05:30,51.0,73.65,51.0,67.05,1191300,2585475,9.74,25950.75,25850.0,25900,ATM-2,PUT,26000,2025-12-04
2025-12-04 09:16:00+05:30,69.2,69.2,62.0,62.95,702375,2585475,9.52,25955.15,25850.0,25900,ATM-2,PUT,26000,2025-12-04
2025-12-04 09:17:00+05:30,63.9,64.6,60.5,61.25,493950,2585475,9.46,25959.1,25850.0,25900,ATM-2,PUT,26000,2025-12-04
2025-12-04 09:18:00+05:30,59.75,62.2,59.75,62.1,391650,2585475,9.52,25958.5,25850.0,25900,ATM-2,PUT,26000,2025-12-04
2025-12-04 09:19:00+05:30,61.55,67.1,61.4,66.3,504900,2959875,9.65,25949.55,25850.0,25900,ATM-2,PUT,26000,2025-12-04
2025-12-04 09:20:00+05:30,66.65,66.65,64.55,65.95,390675,2959875,9.56,25948.6,25850.0,25900,ATM-2,PUT,26000,2025-12-04
2025-12-04 09:21:00+05:30,65.4,67.1,63.75,63.75,431250,2959875,9.62,25955.4,25850.0,25900,ATM-2,PUT,26000,2025-12-04
2025-12-04 09:22:00+05:30,63.75,66.3,62.0,62.0,274575,3108150,9.6,25961.85,25850.0,25900,ATM-2,PUT,26000,2025-12-04
2025-12-04 09:23:00+05:30,77.95,79.9,72.95,73.1,1518150,8255325,9.77,25985.45,25900.0,25900,ATM-2,PUT,26000,2025-12-04
2025-12-04 09:24:00+05:30,74.7,74.95,69.0,69.0,1424400,8685300,9.61,25992.65,25900.0,25900,ATM-2,PUT,26000,2025-12-04
2025-12-04 09:25:00+05:30,71.0,73.05,69.75,72.55,1178325,8685300,9.53,25977.6,25900.0,25900,ATM-2,PUT,26000,2025-12-04
2025-12-04 09:26:00+05:30,72.8,73.35,70.05,70.25,734850,8685300,9.4,25979.2,25900.0,25900,ATM-2,PUT,26000,2025-12-04
2025-12-04 09:27:00+05:30,71.1,72.95,68.65,69.35,786075,8685300,9.52,25986.25,25900.0,25900,ATM-2,PUT,26000,2025-12-04
2025-12-04 09:28:00+05:30,69.8,70.0,67.35,68.35,612450,9408150,9.53,25990.8,25900.0,25900,ATM-2,PUT,26000,2025-12-04
2025-12-04 09:29:00+05:30,68.85,69.4,65.6,65.9,922950,9408150,9.47,25995.85,25900.0,25900,ATM-2,PUT,26000,2025-12-04
2025-12-04 09:30:00+05:30,66.7,67.65,64.75,66.2,654000,9408150,9.56,25997.05,25900.0,25900,ATM-2,PUT,26000,2025-12-04
2025-12-04 09:31:00+05:30,65.8,67.35,63.15,66.05,609225,9537675,9.52,25995.95,25900.0,25900,ATM-2,PUT,26000,2025-12-04
2025-12-04 09:32:00+05:30,66.2,71.6,66.05,68.95,975750,9537675,9.41,25983.85,25900.0,25900,ATM-2,PUT,26000,2025-12-04
2025-12-04 09:33:00+05:30,68.4,70.65,65.5,65.55,521400,9537675,9.37,25990.9,25900.0,25900,ATM-2,PUT,26000,2025-12-04
2025-12-04 09:34:00+05:30,65.95,66.4,61.3,61.65,916725,9680925,9.3,26000.8,25900.0,25900,ATM-2,PUT,26000,2025-12-04
2025-12-04 09:35:00+05:30,61.9,61.9,57.45,57.8,1184475,9680925,9.37,26016.75,25900.0,25900,ATM-2,PUT,26000,2025-12-04
2025-12-04 09:36:00+05:30,58.55,58.55,56.6,57.6,708750,9680925,9.44,26021.3,25900.0,25900,ATM-2,PUT,26000,2025-12-04
2025-12-04 09:37:00+05:30,73.55,74.3,71.65,73.2,532650,6628425,9.51,26025.25,25950.0,25900,ATM-2,PUT,26000,2025-12-04
2025-12-04 09:38:00+05:30,57.35,59.4,56.3,59.4,597375,9675525,9.52,26018.65,25900.0,25900,ATM-2,PUT,26000,2025-12-04
2025-12-04 09:39:00+05:30,59.25,61.1,58.6,60.0,709125,9675525,9.48,26013.45,25900.0,25900,ATM-2,PUT,26000,2025-12-04
2025-12-04 09:40:00+05:30,59.9,64.7,59.45,62.4,770100,9910125,9.42,26003.5,25900.0,25900,ATM-2,PUT,26000,2025-12-04
2025-12-04 09:41:00+05:30,62.25,64.85,61.2,61.2,732150,9910125,9.37,26004.5,25900.0,25900,ATM-2,PUT,26000,2025-12-04
2025-12-04 09:42:00+05:30,60.75,61.35,58.8,60.5,688050,9910125,9.48,26011.85,25900.0,25900,ATM-2,PUT,26000,2025-12-04
2025-12-04 09:43:00+05:30,60.4,60.4,58.2,58.4,331650,9816600,9.43,26016.45,25900.0,25900,ATM-2,PUT,26000,2025-12-04
2025-12-04 09:44:00+05:30,74.1,74.75,70.1,70.95,518925,6579300,9.4,26028.15,25950.0,25900,ATM-2,PUT,26000,2025-12-04
2025-12-04 09:45:00+05:30,71.25,72.0,70.6,71.85,434100,6579300,9.4,26025.2,25950.0,25900,ATM-2,PUT,26000,2025-12-04
2025-12-04 09:46:00+05:30,56.3,56.6,54.1,56.05,438750,9957300,9.37,26021.95,25900.0,25900,ATM-2,PUT,26000,2025-12-04
2025-12-04 09:47:00+05:30,56.0,56.6,54.05,56.1,346650,9957300,9.35,26021.05,25900.0,25900,ATM-2,PUT,26000,2025-12-04
2025-12-04 09:48:00+05:30,56.25,57.6,55.8,56.1,351900,9957300,9.27,26017.6,25900.0,25900,ATM-2,PUT,26000,2025-12-04
2025-12-04 09:49:00+05:30,56.4,59.15,55.95,58.0,396525,10081125,9.37,26016.3,25900.0,25900,ATM-2,PUT,26000,2025-12-04
2025-12-04 09:50:00+05:30,58.3,59.2,57.15,57.45,319575,10081125,9.49,26022.5,25900.0,25900,ATM-2,PUT,26000,2025-12-04
2025-12-04 09:51:00+05:30,73.5,73.9,71.55,72.65,224625,6815100,9.48,26025.1,25950.0,25900,ATM-2,PUT,26000,2025-12-04
2025-12-04 09:52:00+05:30,72.6,72.85,67.45,68.2,637275,6761550,9.33,26032.8,25950.0,25900,ATM-2,PUT,26000,2025-12-04
2025-12-04 09:53:00+05:30,69.2,71.8,68.0,71.8,359100,6761550,9.44,26025.9,25950.0,25900,ATM-2,PUT,26000,2025-12-04
2025-12-04 09:54:00+05:30,71.65,73.7,70.55,71.3,372750,6761550,9.44,26027.9,25950.0,25900,ATM-2,PUT,26000,2025-12-04
2025-12-04 09:55:00+05:30,71.4,71.4,69.25,69.6,188700,6824400,9.44,26032.45,25950.0,25900,ATM-2,PUT,26000,2025-12-04
2025-12-04 09:56:00+05:30,69.9,70.85,68.9,69.7,177675,6824400,9.49,26033.35,25950.0,25900,ATM-2,PUT,26000,2025-12-04
2025-12-04 09:57:00+05:30,69.6,72.15,69.55,70.85,177450,6824400,9.48,26028.75,25950.0,25900,ATM-2,PUT,26000,2025-12-04
2025-12-04 09:58:00+05:30,70.75,72.1,68.4,70.0,172950,6826125,9.46,26031.05,25950.0,25900,ATM-2,PUT,26000,2025-12-04
2025-12-04 09:59:00+05:30,70.1,71.7,69.35,70.7,115275,6826125,9.44,26028.3,25950.0,25900,ATM-2,PUT,26000,2025-12-04
2025-12-04 10:00:00+05:30,70.6,71.35,69.4,69.7,210075,6826125,9.46,26031.75,25950.0,25900,ATM-2,PUT,26000,2025-12-04
2025-12-04 10:01:00+05:30,69.7,71.9,68.8,71.7,185175,6883350,9.5,26028.35,25950.0,25900,ATM-2,PUT,26000,2025-12-04
2025-12-04 10:02:00+05:30,71.95,73.2,69.85,72.0,248775,6883350,9.51,26027.3,25950.0,25900,ATM-2,PUT,26000,2025-12-04
2025-12-04 10:03:00+05:30,71.65,74.35,70.7,70.7,303075,6883350,9.36,26026.65,25950.0,25900,ATM-2,PUT,26000,2025-12-04
2025-12-04 10:04:00+05:30,70.95,72.6,70.55,72.05,141525,6974250,9.43,26025.05,25950.0,25900,ATM-2,PUT,26000,2025-12-04
2025-12-04 10:05:00+05:30,56.3,57.9,55.35,57.1,304650,10071825,9.49,26021.85,25900.0,25900,ATM-2,PUT,26000,2025-12-04
2025-12-04 10:06:00+05:30,72.5,72.6,69.3,69.55,278250,6974250,9.4,26031.9,25950.0,25900,ATM-2,PUT,26000,2025-12-04
2025-12-04 10:07:00+05:30,69.35,69.95,63.9,64.25,820500,7071675,9.19,26039.6,25950.0,25900,ATM-2,PUT,26000,2025-12-04
2025-12-04 10:08:00+05:30,65.2,66.55,64.7,65.95,317550,7071675,9.24,26036.25,25950.0,25900,ATM-2,PUT,26000,2025-12-04
2025-12-04 10:09:00+05:30,66.65,71.55,66.0,70.65,475650,7071675,9.35,26027.5,25950.0,25900,ATM-2,PUT,26000,2025-12-04
2025-12-04 10:10:00+05:30,70.5,71.45,69.65,70.25,220575,6937575,9.39,26029.0,25950.0,25900,ATM-2,PUT,26000,2025-12-04
2025-12-04 10:11:00+05:30,70.0,71.7,68.95,69.55,254550,6937575,9.34,26029.15,25950.0,25900,ATM-2,PUT,26000,2025-12-04
2025-12-04 10:12:00+05:30,69.7,69.7,67.0,67.8,187050,6937575,9.32,26034.35,25950.0,25900,ATM-2,PUT,26000,2025-12-04
2025-12-04 10:13:00+05:30,67.4,67.8,65.25,66.3,200175,6936975,9.39,26040.35,25950.0,25900,ATM-2,PUT,26000,2025-12-04
2025-12-04 10:14:00+05:30,66.5,66.8,63.45,64.95,293250,6936975,9.35,26042.75,25950.0,25900,ATM-2,PUT,26000,2025-12-04
2025-12-04 10:15:00+05:30,64.6,65.55,63.85,64.65,259500,6936975,9.32,26042.45,25950.0,25900,ATM-2,PUT,26000,2025-12-04
2025-12-04 10:16:00+05:30,64.85,65.8,64.0,64.45,205125,7050375,9.28,26043.45,25950.0,25900,ATM-2,PUT,26000,2025-12-04
2025-12-04 10:17:00+05:30,64.6,66.45,64.2,66.2,216225,7050375,9.32,26038.1,25950.0,25900,ATM-2,PUT,26000,2025-12-04
2025-12-04 10:18:00+05:30,65.7,66.2,64.0,64.0,152775,7050375,9.19,26043.7,25950.0,25900,ATM-2,PUT,26000,2025-12-04
2025-12-04 10:19:00+05:30,64.55,64.9,60.6,61.9,403425,7094700,9.19,26046.55,25950.0,25900,ATM-2,PUT,26000,2025-12-04
2025-12-04 10:20:00+05:30,61.85,63.2,60.95,62.15,369750,7094700,9.26,26048.05,25950.0,25900,ATM-2,PUT,26000,2025-12-04
2025-12-04 10:21:00+05:30,62.4,62.65,59.5,59.8,416550,7094700,9.15,26052.55,25950.0,25900,ATM-2,PUT,26000,2025-12-04
2025-12-04 10:22:00+05:30,59.8,61.25,58.25,60.8,456675,7022100,9.15,26049.05,25950.0,25900,ATM-2,PUT,26000,2025-12-04
2025-12-04 10:23:00+05:30,61.05,62.0,59.9,59.9,259950,7022100,9.1,26050.05,25950.0,25900,ATM-2,PUT,26000,2025-12-04
2025-12-04 10:24:00+05:30,60.05,61.15,59.65,60.85,167925,7022100,9.19,26050.55,25950.0,25900,ATM-2,PUT,26000,2025-12-04
2025-12-04 10:25:00+05:30,60.65,60.65,59.1,59.3,184575,7120050,9.18,26055.15,25950.0,25900,ATM-2,PUT,26000,2025-12-04
2025-12-04 10:26:00+05:30,59.3,59.75,57.75,59.3,221175,7120050,9.24,26056.0,25950.0,25900,ATM-2,PUT,26000,2025-12-04
2025-12-04 10:27:00+05:30,59.1,59.6,57.25,57.85,237825,7120050,9.13,26057.25,25950.0,25900,ATM-2,PUT,26000,2025-12-04
2025-12-04 10:28:00+05:30,57.75,57.75,54.2,54.3,533775,7071675,9.03,26065.4,25950.0,25900,ATM-2,PUT,26000,2025-12-04
2025-12-04 10:29:00+05:30,70.55,70.75,66.45,66.8,1724025,14750025,9.06,26078.9,26000.0,25900,ATM-2,PUT,26000,2025-12-04
2025-12-04 10:30:00+05:30,66.75,67.9,65.65,67.5,1573050,14750025,9.18,26078.7,26000.0,25900,ATM-2,PUT,26000,2025-12-04
2025-12-04 10:31:00+05:30,67.5,67.5,64.4,64.5,1048125,14945850,9.08,26085.9,26000.0,25900,ATM-2,PUT,26000,2025-12-04
2025-12-04 10:32:00+05:30,64.1,66.2,63.4,66.0,1145100,14945850,9.11,26082.25,26000.0,25900,ATM-2,PUT,26000,2025-12-04
2025-12-04 10:33:00+05:30,65.95,67.5,65.95,66.65,951825,14945850,9.06,26078.05,26000.0,25900,ATM-2,PUT,26000,2025-12-04
2025-12-04 10:34:00+05:30,66.6,66.85,63.8,63.95,1303125,15337575,9.02,26084.65,26000.0,25900,ATM-2,PUT,26000,2025-12-04
2025-12-04 10:35:00+05:30,64.35,64.75,63.5,63.85,701775,15337575,9.1,26087.7,26000.0,25900,ATM-2,PUT,26000,2025-12-04
2025-12-04 10:36:00+05:30,63.5,63.9,62.8,63.35,810825,15337575,9.22,26092.35,26000.0,25900,ATM-2,PUT,26000,2025-12-04
2025-12-04 10:37:00+05:30,63.4,64.25,62.45,62.8,904350,15675675,9.21,26094.9,26000.0,25900,ATM-2,PUT,26000,2025-12-04
2025-12-04 10:38:00+05:30,62.9,63.7,62.4,63.3,621975,15675675,9.15,26090.8,26000.0,25900,ATM-2,PUT,26000,2025-12-04
2025-12-04 10:39:00+05:30,63.3,64.8,63.3,64.15,549900,15675675,9.16,26089.6,26000.0,25900,ATM-2,PUT,26000,2025-12-04
2025-12-04 10:40:00+05:30,64.0,64.25,61.5,63.95,810375,16061325,9.17,26090.65,26000.0,25900,ATM-2,PUT,26000,2025-12-04
2025-12-04 10:41:00+05:30,64.25,64.45,61.85,62.4,577275,16061325,9.13,26093.2,26000.0,25900,ATM-2,PUT,26000,2025-12-04
2025-12-04 10:42:00+05:30,62.55,62.7,61.1,62.15,743325,16061325,9.13,26093.55,26000.0,25900,ATM-2,PUT,26000,2025-12-04
2025-12-04 10:43:00+05:30,61.95,63.0,61.4,62.45,419700,16354425,9.16,26094.6,26000.0,25900,ATM-2,PUT,26000,2025-12-04
2025-12-04 10:44:00+05:30,62.25,63.3,61.05,63.05,474150,16354425,9.18,26092.7,26000.0,25900,ATM-2,PUT,26000,2025-12-04
2025-12-04 10:45:00+05:30,62.8,63.25,62.45,62.7,294675,16354425,9.27,26097.1,26000.0,25900,ATM-2,PUT,26000,2025-12-04
2025-12-04 10:46:00+05:30,62.8,63.5,62.25,62.9,287025,16618800,9.22,26094.7,26000.0,25900,ATM-2,PUT,26000,2025-12-04
2025-12-04 10:47:00+05:30,63.0,64.15,62.9,64.15,512775,16618800,9.13,26089.9,26000.0,25900,ATM-2,PUT,26000,2025-12-04
2025-12-04 10:48:00+05:30,64.15,64.7,63.65,63.65,545100,16618800,9.08,26087.8,26000.0,25900,ATM-2,PUT,26000,2025-12-04
2025-12-04 10:49:00+05:30,63.55,65.05,63.55,64.95,514725,16780350,9.1,26083.4,26000.0,25900,ATM-2,PUT,26000,2025-12-04
2025-12-04 10:50:00+05:30,64.7,65.2,64.05,64.8,485925,16780350,9.03,26082.9,26000.0,25900,ATM-2,PUT,26000,2025-12-04
2025-12-04 10:51:00+05:30,64.8,65.25,64.15,64.35,322125,16780350,9.04,26084.25,26000.0,25900,ATM-2,PUT,26000,2025-12-04
2025-12-04 10:52:00+05:30,64.15,64.9,63.95,64.4,359325,16753500,9.01,26082.75,26000.0,25900,ATM-2,PUT,26000,2025-12-04
2025-12-04 10:53:00+05:30,64.45,66.55,64.2,64.7,566850,16753500,8.93,26079.6,26000.0,25900,ATM-2,PUT,26000,2025-12-04
2025-12-04 10:54:00+05:30,64.9,65.7,64.3,65.55,430650,16753500,8.99,26078.05,26000.0,25900,ATM-2,PUT,26000,2025-12-04
2025-12-04 10:55:00+05:30,65.5,65.95,64.3,64.75,439800,16914150,8.94,26079.2,26000.0,25900,ATM-2,PUT,26000,2025-12-04
2025-12-04 10:56:00+05:30,64.55,65.75,64.2,64.7,374625,16914150,8.89,26078.4,26000.0,25900,ATM-2,PUT,26000,2025-12-04
2025-12-04 10:57:00+05:30,64.8,65.1,63.5,63.65,310200,16914150,8.91,26080.95,26000.0,25900,ATM-2,PUT,26000,2025-12-04
2025-12-04 10:58:00+05:30,62.95,62.95,61.15,62.1,832725,16874250,8.87,26085.5,26000.0,25900,ATM-2,PUT,26000,2025-12-04
2025-12-04 10:59:00+05:30,62.1,66.45,61.75,66.2,558525,16874250,8.98,26075.5,26000.0,25900,ATM-2,PUT,26000,2025-12-04
2025-12-04 11:00:00+05:30,66.15,66.6,65.5,65.8,630225,16874250,9.01,26076.55,26000.0,25900,ATM-2,PUT,26000,2025-12-04
2025-12-04 11:01:00+05:30,65.7,65.85,63.7,65.0,382650,16900050,8.97,26079.6,26000.0,25900,ATM-2,PUT,26000,2025-12-04
2025-12-04 11:02:00+05:30,64.7,65.25,63.45,64.85,255375,16900050,9.02,26082.1,26000.0,25900,ATM-2,PUT,26000,2025-12-04
2025-12-04 11:03:00+05:30,64.8,64.85,63.0,64.75,228375,16900050,9.03,26082.65,26000.0,25900,ATM-2,PUT,26000,2025-12-04
2025-12-04 11:04:00+05:30,64.45,64.95,62.75,63.7,256575,16969950,8.94,26083.0,26000.0,25900,ATM-2,PUT,26000,2025-12-04
2025-12-04 11:05:00+05:30,63.95,64.45,63.2,63.4,179400,16969950,8.92,26082.95,26000.0,25900,ATM-2,PUT,26000,2025-12-04
2025-12-04 11:06:00+05:30,63.2,64.3,62.55,63.85,238275,16969950,8.98,26083.9,26000.0,25900,ATM-2,PUT,26000,2025-12-04
2025-12-04 11:07:00+05:30,63.75,65.1,63.65,64.9,208125,16964025,9.01,26080.6,26000.0,25900,ATM-2,PUT,26000,2025-12-04
2025-12-04 11:08:00+05:30,64.8,66.6,64.6,66.5,420150,16964025,9.02,26076.7,26000.0,25900,ATM-2,PUT,26000,2025-12-04
2025-12-04 11:09:00+05:30,51.95,52.25,51.2,52.2,199725,7188225,9.1,26074.7,25950.0,25900,ATM-2,PUT,26000,2025-12-04
2025-12-04 11:10:00+05:30,67.2,68.2,66.2,66.2,783150,16907400,8.97,26076.0,26000.0,25900,ATM-2,PUT,26000,2025-12-04
2025-12-04 11:11:00+05:30,51.25,52.65,51.05,52.2,123150,7205475,9.04,26073.2,25950.0,25900,ATM-2,PUT,26000,2025-12-04
2025-12-04 11:12:00+05:30,52.25,53.25,51.3,52.9,153900,7205475,9.11,26073.0,25950.0,25900,ATM-2,PUT,26000,2025-12-04
2025-12-04 11:13:00+05:30,53.5,53.5,52.45,52.95,192525,7183200,9.06,26070.4,25950.0,25900,ATM-2,PUT,26000,2025-12-04
2025-12-04 11:14:00+05:30,68.0,68.0,65.8,66.05,496500,16756200,8.99,26077.05,26000.0,25900,ATM-2,PUT,26000,2025-12-04
2025-12-04 11:15:00+05:30,51.1,52.7,51.0,52.5,120750,7183200,9.03,26070.5,25950.0,25900,ATM-2,PUT,26000,2025-12-04
2025-12-04 11:16:00+05:30,52.05,52.65,51.5,51.5,101925,7100475,9.01,26073.05,25950.0,25900,ATM-2,PUT,26000,2025-12-04
2025-12-04 11:17:00+05:30,66.6,67.5,66.0,66.45,285075,16653000,8.98,26075.6,26000.0,25900,ATM-2,PUT,26000,2025-12-04
2025-12-04 11:18:00+05:30,51.4,54.3,51.2,53.4,223275,7100475,9.07,26068.0,25950.0,25900,ATM-2,PUT,26000,2025-12-04
2025-12-04 11:19:00+05:30,53.1,53.25,52.15,52.3,151650,7089675,8.98,26070.3,25950.0,25900,ATM-2,PUT,26000,2025-12-04
2025-12-04 11:20:00+05:30,52.4,54.5,52.4,53.4,203400,7089675,8.98,26065.55,25950.0,25900,ATM-2,PUT,26000,2025-12-04
2025-12-04 11:21:00+05:30,53.55,53.95,52.1,52.85,154200,7089675,9.0,26068.1,25950.0,25900,ATM-2,PUT,26000,2025-12-04
2025-12-04 11:22:00+05:30,52.6,53.3,51.75,52.85,132900,7165350,9.03,26069.4,25950.0,25900,ATM-2,PUT,26000,2025-12-04
2025-12-04 11:23:00+05:30,52.8,54.85,52.4,54.65,219675,7165350,9.02,26064.3,25950.0,25900,ATM-2,PUT,26000,2025-12-04
2025-12-04 11:24:00+05:30,54.65,56.1,53.9,54.15,340200,7165350,9.0,26063.15,25950.0,25900,ATM-2,PUT,26000,2025-12-04
2025-12-04 11:25:00+05:30,54.15,54.25,52.4,52.6,173700,7090500,8.99,26067.9,25950.0,25900,ATM-2,PUT,26000,2025-12-04
2025-12-04 11:26:00+05:30,52.75,54.85,52.75,53.85,122700,7090500,9.04,26066.15,25950.0,25900,ATM-2,PUT,26000,2025-12-04
2025-12-04 11:27:00+05:30,53.85,56.05,53.35,55.6,173775,7090500,9.1,26063.35,25950.0,25900,ATM-2,PUT,26000,2025-12-04
2025-12-04 11:28:00+05:30,55.7,56.3,54.65,55.4,308550,7122225,9.08,26062.6,25950.0,25900,ATM-2,PUT,26000,2025-12-04
2025-12-04 11:29:00+05:30,55.3,55.95,54.8,55.95,114675,7122225,9.0,26060.6,25950.0,25900,ATM-2,PUT,26000,2025-12-04
2025-12-04 11:30:00+05:30,56.15,57.5,55.0,55.45,407475,7122225,9.03,26060.35,25950.0,25900,ATM-2,PUT,26000,2025-12-04
2025-12-04 11:31:00+05:30,55.4,56.25,53.8,55.95,287700,7206300,9.07,26060.0,25950.0,25900,ATM-2,PUT,26000,2025-12-04
2025-12-04 11:32:00+05:30,55.85,56.6,54.9,56.2,153300,7206300,9.09,26060.25,25950.0,25900,ATM-2,PUT,26000,2025-12-04
2025-12-04 11:33:00+05:30,56.3,56.35,54.05,55.1,168225,7206300,9.04,26063.2,25950.0,25900,ATM-2,PUT,26000,2025-12-04
2025-12-04 11:34:00+05:30,55.35,56.55,54.6,55.45,181650,7194675,9.04,26061.3,25950.0,25900,ATM-2,PUT,26000,2025-12-04
2025-12-04 11:35:00+05:30,55.6,56.0,54.75,54.75,71700,7194675,8.98,26060.7,25950.0,25900,ATM-2,PUT,26000,2025-12-04
2025-12-04 11:36:00+05:30,54.75,55.85,54.2,54.25,173400,7194675,8.9,26060.55,25950.0,25900,ATM-2,PUT,26000,2025-12-04
2025-12-04 11:37:00+05:30,54.9,57.7,54.9,56.9,280500,7188675,8.97,26052.9,25950.0,25900,ATM-2,PUT,26000,2025-12-04
2025-12-04 11:38:00+05:30,56.8,63.25,56.55,62.15,843675,7188675,9.03,26039.35,25950.0,25900,ATM-2,PUT,26000,2025-12-04
2025-12-04 11:39:00+05:30,62.0,64.1,61.55,62.95,777450,7188675,8.97,26034.75,25950.0,25900,ATM-2,PUT,26000,2025-12-04
2025-12-04 11:40:00+05:30,63.15,63.65,60.9,61.75,485025,6855150,9.0,26038.15,25950.0,25900,ATM-2,PUT,26000,2025-12-04
2025-12-04 11:41:00+05:30,61.65,65.35,61.35,65.15,348675,6855150,9.13,26033.45,25950.0,25900,ATM-2,PUT,26000,2025-12-04
2025-12-04 11:42:00+05:30,64.9,67.6,64.2,66.35,616275,6855150,9.08,26028.2,25950.0,25900,ATM-2,PUT,26000,2025-12-04
2025-12-04 11:43:00+05:30,51.0,52.1,50.5,51.85,483525,10299525,9.08,26023.45,25900.0,25900,ATM-2,PUT,26000,2025-12-04
2025-12-04 11:44:00+05:30,67.3,67.3,65.75,66.45,317625,6782100,9.06,26028.8,25950.0,25900,ATM-2,PUT,26000,2025-12-04
2025-12-04 11:45:00+05:30,51.3,56.05,51.05,55.05,1151850,10299525,9.13,26015.15,25900.0,25900,ATM-2,PUT,26000,2025-12-04
2025-12-04 11:46:00+05:30,70.75,71.2,65.95,67.0,646425,6627375,9.09,26025.5,25950.0,25900,ATM-2,PUT,26000,2025-12-04
2025-12-04 11:47:00+05:30,66.9,67.4,65.75,66.5,287025,6627375,9.09,26028.45,25950.0,25900,ATM-2,PUT,26000,2025-12-04
2025-12-04 11:48:00+05:30,66.2,67.55,65.55,66.15,274575,6627375,9.03,26025.95,25950.0,25900,ATM-2,PUT,26000,2025-12-04
2025-12-04 11:49:00+05:30,66.2,67.45,64.0,64.9,438000,6605550,9.06,26031.3,25950.0,25900,ATM-2,PUT,26000,2025-12-04
2025-12-04 11:50:00+05:30,64.75,66.15,64.45,65.2,213900,6605550,9.02,26029.6,25950.0,25900,ATM-2,PUT,26000,2025-12-04
2025-12-04 11:51:00+05:30,50.2,53.0,50.05,51.75,370800,10092000,9.07,26022.9,25900.0,25900,ATM-2,PUT,26000,2025-12-04
2025-12-04 11:52:00+05:30,51.85,52.5,51.05,52.45,181575,10075725,9.08,26021.9,25900.0,25900,ATM-2,PUT,26000,2025-12-04
2025-12-04 11:53:00+05:30,52.25,53.3,51.95,53.05,236700,10075725,9.06,26018.35,25900.0,25900,ATM-2,PUT,26000,2025-12-04
2025-12-04 11:54:00+05:30,53.15,53.8,52.7,53.5,354600,10075725,9.04,26016.7,25900.0,25900,ATM-2,PUT,26000,2025-12-04
2025-12-04 11:55:00+05:30,69.35,69.35,65.25,66.1,299925,6587775,9.02,26028.1,25950.0,25900,ATM-2,PUT,26000,2025-12-04
2025-12-04 11:56:00+05:30,66.25,66.95,65.2,66.3,221175,6587775,9.02,26025.15,25950.0,25900,ATM-2,PUT,26000,2025-12-04
2025-12-04 11:57:00+05:30,51.05,52.65,50.55,52.5,208200,10027800,9.11,26022.55,25900.0,25900,ATM-2,PUT,26000,2025-12-04
2025-12-04 11:58:00+05:30,52.4,53.55,52.15,52.7,349350,10012650,9.07,26020.0,25900.0,25900,ATM-2,PUT,26000,2025-12-04
2025-12-04 11:59:00+05:30,52.5,53.25,51.9,51.95,227925,10012650,9.1,26024.0,25900.0,25900,ATM-2,PUT,26000,2025-12-04
2025-12-04 12:00:00+05:30,51.95,52.35,50.5,52.25,322275,10012650,9.13,26024.55,25900.0,25900,ATM-2,PUT,26000,2025-12-04
2025-12-04 12:01:00+05:30,52.0,52.3,50.65,50.85,212400,10079925,9.04,26024.9,25900.0,25900,ATM-2,PUT,26000,2025-12-04
2025-12-04 12:02:00+05:30,51.0,52.4,48.85,51.75,537750,10079925,9.08,26024.6,25900.0,25900,ATM-2,PUT,26000,2025-12-04
2025-12-04 12:03:00+05:30,66.6,66.85,63.55,63.6,175275,6504825,8.91,26031.4,25950.0,25900,ATM-2,PUT,26000,2025-12-04
2025-12-04 12:04:00+05:30,63.35,63.55,61.55,62.65,392250,6409575,8.91,26032.65,25950.0,25900,ATM-2,PUT,26000,2025-12-04
2025-12-04 12:05:00+05:30,62.85,62.9,60.1,61.2,311700,6409575,8.95,26038.45,25950.0,25900,ATM-2,PUT,26000,2025-12-04
2025-12-04 12:06:00+05:30,61.3,62.8,61.1,62.35,188700,6409575,8.91,26035.45,25950.0,25900,ATM-2,PUT,26000,2025-12-04
2025-12-04 12:07:00+05:30,62.45,62.6,58.45,59.1,279975,6354375,8.85,26040.6,25950.0,25900,ATM-2,PUT,26000,2025-12-04
2025-12-04 12:08:00+05:30,59.25,59.3,58.15,59.0,207825,6354375,8.86,26042.85,25950.0,25900,ATM-2,PUT,26000,2025-12-04
2025-12-04 12:09:00+05:30,58.6,64.7,58.35,64.0,375600,6354375,8.97,26032.0,25950.0,25900,ATM-2,PUT,26000,2025-12-04
2025-12-04 12:10:00+05:30,63.75,65.5,63.3,64.15,347250,6390150,8.83,26027.7,25950.0,25900,ATM-2,PUT,26000,2025-12-04
2025-12-04 12:11:00+05:30,49.55,51.95,49.55,51.85,367800,9922125,9.08,26023.8,25900.0,25900,ATM-2,PUT,26000,2025-12-04
2025-12-04 12:12:00+05:30,66.15,67.85,64.15,64.5,338475,6390150,8.89,26027.3,25950.0,25900,ATM-2,PUT,26000,2025-12-04
2025-12-04 12:13:00+05:30,64.85,64.95,63.0,64.2,175425,6488850,8.87,26026.8,25950.0,25900,ATM-2,PUT,26000,2025-12-04
2025-12-04 12:14:00+05:30,63.65,63.95,62.05,63.6,171675,6488850,8.82,26028.15,25950.0,25900,ATM-2,PUT,26000,2025-12-04
2025-12-04 12:15:00+05:30,48.8,52.3,48.8,52.1,397050,10090050,8.94,26017.8,25900.0,25900,ATM-2,PUT,26000,2025-12-04
2025-12-04 12:16:00+05:30,51.9,52.55,50.3,50.85,500400,10050750,8.92,26021.65,25900.0,25900,ATM-2,PUT,26000,2025-12-04
2025-12-04 12:17:00+05:30,50.75,50.9,49.25,50.3,217725,10050750,8.92,26023.0,25900.0,25900,ATM-2,PUT,26000,2025-12-04
2025-12-04 12:18:00+05:30,50.8,51.25,50.2,50.3,185100,10050750,8.9,26022.65,25900.0,25900,ATM-2,PUT,26000,2025-12-04
2025-12-04 12:19:00+05:30,50.25,52.1,49.75,51.8,262200,10044375,8.91,26018.15,25900.0,25900,ATM-2,PUT,26000,2025-12-04
2025-12-04 12:20:00+05:30,51.55,55.6,50.85,55.45,621525,10044375,8.95,26006.95,25900.0,25900,ATM-2,PUT,26000,2025-12-04
2025-12-04 12:21:00+05:30,55.4,56.5,53.1,53.1,878625,10044375,8.86,26012.15,25900.0,25900,ATM-2,PUT,26000,2025-12-04
2025-12-04 12:22:00+05:30,52.9,54.3,52.75,53.05,486075,9825525,8.98,26015.1,25900.0,25900,ATM-2,PUT,26000,2025-12-04
2025-12-04 12:23:00+05:30,53.05,53.1,51.3,52.05,311025,9825525,8.9,26015.85,25900.0,25900,ATM-2,PUT,26000,2025-12-04
2025-12-04 12:24:00+05:30,52.35,53.05,51.6,51.6,278175,9825525,8.97,26019.5,25900.0,25900,ATM-2,PUT,26000,2025-12-04
2025-12-04 12:25:00+05:30,51.8,52.1,49.35,49.45,372225,9761175,8.89,26024.4,25900.0,25900,ATM-2,PUT,26000,2025-12-04
2025-12-04 12:26:00+05:30,49.35,50.9,49.1,49.4,311475,9761175,8.87,26024.5,25900.0,25900,ATM-2,PUT,26000,2025-12-04
2025-12-04 12:27:00+05:30,64.25,66.15,64.25,64.75,174450,6435675,8.87,26025.65,25950.0,25900,ATM-2,PUT,26000,2025-12-04
2025-12-04 12:28:00+05:30,64.75,64.9,62.0,62.2,474675,6375675,8.75,26028.9,25950.0,25900,ATM-2,PUT,26000,2025-12-04
2025-12-04 12:29:00+05:30,47.9,51.3,47.55,50.55,395700,9747375,8.97,26024.25,25900.0,25900,ATM-2,PUT,26000,2025-12-04
2025-12-04 12:30:00+05:30,65.6,66.8,63.9,64.1,139200,6375675,8.83,26026.8,25950.0,25900,ATM-2,PUT,26000,2025-12-04
2025-12-04 12:31:00+05:30,64.2,65.9,63.75,65.35,150975,6362325,8.94,26025.35,25950.0,25900,ATM-2,PUT,26000,2025-12-04
2025-12-04 12:32:00+05:30,50.4,51.0,49.35,50.0,147000,9785175,8.92,26024.35,25900.0,25900,ATM-2,PUT,26000,2025-12-04
2025-12-04 12:33:00+05:30,65.25,65.65,64.1,64.1,137250,6362325,8.94,26029.0,25950.0,25900,ATM-2,PUT,26000,2025-12-04
2025-12-04 12:34:00+05:30,64.0,65.4,63.5,64.8,124575,6393225,8.93,26025.9,25950.0,25900,ATM-2,PUT,26000,2025-12-04
2025-12-04 12:35:00+05:30,64.6,65.2,63.6,64.2,97275,6393225,8.91,26027.9,25950.0,25900,ATM-2,PUT,26000,2025-12-04
2025-12-04 12:36:00+05:30,64.15,65.0,63.7,64.15,88125,6393225,8.84,26026.05,25950.0,25900,ATM-2,PUT,26000,2025-12-04
2025-12-04 12:37:00+05:30,49.05,50.7,48.8,49.8,168150,9712575,8.95,26025.0,25900.0,25900,ATM-2,PUT,26000,2025-12-04
2025-12-04 12:38:00+05:30,64.9,65.8,63.5,64.0,116250,6418350,8.86,26026.65,25950.0,25900,ATM-2,PUT,26000,2025-12-04
2025-12-04 12:39:00+05:30,48.95,50.0,48.05,49.85,196875,9712575,8.91,26023.95,25900.0,25900,ATM-2,PUT,26000,2025-12-04
2025-12-04 12:40:00+05:30,49.6,50.4,49.0,49.95,173175,9713550,8.94,26025.0,25900.0,25900,ATM-2,PUT,26000,2025-12-04
2025-12-04 12:41:00+05:30,49.85,50.8,49.35,50.8,157350,9713550,8.94,26023.6,25900.0,25900,ATM-2,PUT,26000,2025-12-04
2025-12-04 12:42:00+05:30,51.0,52.75,50.6,52.75,389925,9713550,8.99,26017.2,25900.0,25900,ATM-2,PUT,26000,2025-12-04
2025-12-04 12:43:00+05:30,52.3,54.05,52.25,53.35,502200,9694125,8.92,26012.5,25900.0,25900,ATM-2,PUT,26000,2025-12-04
2025-12-04 12:44:00+05:30,53.35,54.6,53.2,54.1,320925,9694125,8.94,26009.55,25900.0,25900,ATM-2,PUT,26000,2025-12-04
2025-12-04 12:45:00+05:30,54.25,60.3,54.2,60.3,1414725,9694125,9.02,25992.1,25900.0,25900,ATM-2,PUT,26000,2025-12-04
2025-12-04 12:46:00+05:30,59.7,59.7,57.65,58.8,903900,9570000,8.83,25990.7,25900.0,25900,ATM-2,PUT,26000,2025-12-04
2025-12-04 12:47:00+05:30,59.1,59.1,55.65,56.6,933975,9570000,8.87,26000.85,25900.0,25900,ATM-2,PUT,26000,2025-12-04
2025-12-04 12:48:00+05:30,56.7,59.4,56.7,58.75,487650,9570000,9.0,25997.05,25900.0,25900,ATM-2,PUT,26000,2025-12-04
2025-12-04 12:49:00+05:30,58.75,60.3,58.55,59.75,708750,9566100,8.98,25993.35,25900.0,25900,ATM-2,PUT,26000,2025-12-04
2025-12-04 12:50:00+05:30,59.75,59.95,58.25,58.75,471825,9566100,8.94,25994.45,25900.0,25900,ATM-2,PUT,26000,2025-12-04
2025-12-04 12:51:00+05:30,58.5,60.1,58.05,59.3,447450,9566100,8.99,25995.5,25900.0,25900,ATM-2,PUT,26000,2025-12-04
2025-12-04 12:52:00+05:30,59.45,62.45,59.25,61.25,716250,9566100,9.07,25991.55,25900.0,25900,ATM-2,PUT,26000,2025-12-04
2025-12-04 12:53:00+05:30,61.05,61.9,59.1,59.9,589500,9703125,9.04,25993.85,25900.0,25900,ATM-2,PUT,26000,2025-12-04
2025-12-04 12:54:00+05:30,59.95,60.95,59.15,59.95,418800,9703125,8.95,25992.85,25900.0,25900,ATM-2,PUT,26000,2025-12-04
2025-12-04 12:55:00+05:30,60.15,60.15,55.95,56.45,866250,9703125,8.99,26004.5,25900.0,25900,ATM-2,PUT,26000,2025-12-04
2025-12-04 12:56:00+05:30,56.45,57.55,55.65,56.3,515775,9912225,9.0,26005.95,25900.0,25900,ATM-2,PUT,26000,2025-12-04
2025-12-04 12:57:00+05:30,56.45,57.1,55.4,55.5,279900,9912225,8.94,26005.95,25900.0,25900,ATM-2,PUT,26000,2025-12-04
2025-12-04 12:58:00+05:30,55.6,57.95,55.0,56.75,397125,9912225,8.95,26004.05,25900.0,25900,ATM-2,PUT,26000,2025-12-04
2025-12-04 12:59:00+05:30,56.65,57.35,56.15,57.15,189000,9810375,8.99,26002.4,25900.0,25900,ATM-2,PUT,26000,2025-12-04
2025-12-04 13:00:00+05:30,57.2,59.05,56.9,57.25,546675,9810375,8.95,26001.85,25900.0,25900,ATM-2,PUT,26000,2025-12-04
2025-12-04 13:01:00+05:30,57.2,57.5,56.2,56.8,207300,9810375,9.01,26004.2,25900.0,25900,ATM-2,PUT,26000,2025-12-04
2025-12-04 13:02:00+05:30,57.05,57.6,56.3,57.4,272625,9909675,9.03,26001.3,25900.0,25900,ATM-2,PUT,26000,2025-12-04
2025-12-04 13:03:00+05:30,57.4,57.55,56.45,57.05,170775,9909675,9.03,26002.7,25900.0,25900,ATM-2,PUT,26000,2025-12-04
2025-12-04 13:04:00+05:30,56.7,56.75,54.3,56.15,376575,9909675,9.0,26005.85,25900.0,25900,ATM-2,PUT,26000,2025-12-04
2025-12-04 13:05:00+05:30,56.15,57.85,55.55,57.8,353925,10084650,9.0,26001.05,25900.0,25900,ATM-2,PUT,26000,2025-12-04
2025-12-04 13:06:00+05:30,57.35,57.5,55.65,55.95,210375,10084650,8.94,26002.2,25900.0,25900,ATM-2,PUT,26000,2025-12-04
2025-12-04 13:07:00+05:30,55.5,56.95,55.5,56.0,228375,10084650,8.92,26003.9,25900.0,25900,ATM-2,PUT,26000,2025-12-04
2025-12-04 13:08:00+05:30,55.85,56.45,54.15,56.0,294900,10053675,8.84,25999.95,25900.0,25900,ATM-2,PUT,26000,2025-12-04
2025-12-04 13:09:00+05:30,55.8,57.3,55.45,57.0,197475,10053675,8.87,25997.95,25900.0,25900,ATM-2,PUT,26000,2025-12-04
2025-12-04 13:10:00+05:30,57.1,59.75,57.05,58.4,563775,10053675,8.87,25993.15,25900.0,25900,ATM-2,PUT,26000,2025-12-04
2025-12-04 13:11:00+05:30,58.2,58.4,57.45,58.1,229050,10042275,8.86,25994.25,25900.0,25900,ATM-2,PUT,26000,2025-12-04
2025-12-04 13:12:00+05:30,57.65,58.65,55.75,58.5,371775,10042275,8.88,25993.45,25900.0,25900,ATM-2,PUT,26000,2025-12-04
2025-12-04 13:13:00+05:30,58.3,59.95,57.9,58.0,518850,10042275,8.86,25993.8,25900.0,25900,ATM-2,PUT,26000,2025-12-04
2025-12-04 13:14:00+05:30,58.1,58.3,54.4,55.6,493425,10097700,8.85,26000.8,25900.0,25900,ATM-2,PUT,26000,2025-12-04
2025-12-04 13:15:00+05:30,55.9,56.5,54.95,56.1,256050,10097700,8.91,26002.4,25900.0,25900,ATM-2,PUT,26000,2025-12-04
2025-12-04 13:16:00+05:30,56.05,56.2,54.5,55.25,207900,10097700,8.91,26003.3,25900.0,25900,ATM-2,PUT,26000,2025-12-04
2025-12-04 13:17:00+05:30,54.9,56.95,54.5,55.95,233775,10127625,8.94,26000.85,25900.0,25900,ATM-2,PUT,26000,2025-12-04
2025-12-04 13:18:00+05:30,55.85,56.1,53.65,55.65,305625,10127625,8.84,26001.5,25900.0,25900,ATM-2,PUT,26000,2025-12-04
2025-12-04 13:19:00+05:30,55.55,58.95,55.15,57.7,403650,10127625,8.87,25995.65,25900.0,25900,ATM-2,PUT,26000,2025-12-04
2025-12-04 13:20:00+05:30,57.65,58.6,55.45,55.6,371175,10062000,8.85,26001.5,25900.0,25900,ATM-2,PUT,26000,2025-12-04
2025-12-04 13:21:00+05:30,55.7,56.25,54.7,54.7,336300,10062000,8.93,26006.85,25900.0,25900,ATM-2,PUT,26000,2025-12-04
2025-12-04 13:22:00+05:30,54.9,55.1,51.2,51.3,706425,10062000,8.86,26016.15,25900.0,25900,ATM-2,PUT,26000,2025-12-04
2025-12-04 13:23:00+05:30,51.15,51.9,50.2,50.95,569175,9906150,8.84,26017.05,25900.0,25900,ATM-2,PUT,26000,2025-12-04
2025-12-04 13:24:00+05:30,51.05,52.0,48.95,49.0,426075,9906150,8.69,26017.85,25900.0,25900,ATM-2,PUT,26000,2025-12-04
2025-12-04 13:25:00+05:30,49.45,50.9,48.5,50.7,401475,9906150,8.83,26016.25,25900.0,25900,ATM-2,PUT,26000,2025-12-04
2025-12-04 13:26:00+05:30,50.6,51.4,49.3,50.7,357150,9864000,8.87,26018.15,25900.0,25900,ATM-2,PUT,26000,2025-12-04
2025-12-04 13:27:00+05:30,50.55,50.55,48.95,50.4,301875,9864000,8.9,26018.95,25900.0,25900,ATM-2,PUT,26000,2025-12-04
2025-12-04 13:28:00+05:30,50.3,51.75,49.75,51.75,208575,9864000,8.91,26016.8,25900.0,25900,ATM-2,PUT,26000,2025-12-04
2025-12-04 13:29:00+05:30,51.7,51.8,50.15,51.0,232350,9888375,8.95,26015.7,25900.0,25900,ATM-2,PUT,26000,2025-12-04
2025-12-04 13:30:00+05:30,50.75,51.55,47.8,51.55,494775,9888375,8.87,26015.3,25900.0,25900,ATM-2,PUT,26000,2025-12-04
2025-12-04 13:31:00+05:30,51.6,52.2,50.8,51.05,372450,9888375,8.76,26013.6,25900.0,25900,ATM-2,PUT,26000,2025-12-04
2025-12-04 13:32:00+05:30,51.35,53.45,51.05,52.15,384000,9934725,8.81,26011.8,25900.0,25900,ATM-2,PUT,26000,2025-12-04
2025-12-04 13:33:00+05:30,52.1,53.3,52.1,52.8,247425,9934725,8.78,26008.95,25900.0,25900,ATM-2,PUT,26000,2025-12-04
2025-12-04 13:34:00+05:30,52.7,56.6,52.65,56.3,517275,9934725,8.94,26002.4,25900.0,25900,ATM-2,PUT,26000,2025-12-04
2025-12-04 13:35:00+05:30,56.15,59.35,56.15,58.85,857850,9893700,8.86,25990.4,25900.0,25900,ATM-2,PUT,26000,2025-12-04
2025-12-04 13:36:00+05:30,59.3,61.6,59.25,61.55,1367625,9893700,8.82,25979.5,25900.0,25900,ATM-2,PUT,26000,2025-12-04
2025-12-04 13:37:00+05:30,61.3,63.6,60.55,61.9,1133625,9893700,8.69,25976.3,25900.0,25900,ATM-2,PUT,26000,2025-12-04
2025-12-04 13:38:00+05:30,61.7,61.95,59.4,60.2,624075,9739875,8.69,25981.75,25900.0,25900,ATM-2,PUT,26000,2025-12-04
2025-12-04 13:39:00+05:30,60.8,61.9,60.55,61.6,462300,9739875,8.79,25980.55,25900.0,25900,ATM-2,PUT,26000,2025-12-04
2025-12-04 13:40:00+05:30,61.7,63.1,61.35,62.25,594225,9739875,8.79,25978.35,25900.0,25900,ATM-2,PUT,26000,2025-12-04
2025-12-04 13:41:00+05:30,47.2,52.15,47.2,51.45,690600,4071375,8.91,25964.95,25850.0,25900,ATM-2,PUT,26000,2025-12-04
2025-12-04 13:42:00+05:30,51.15,51.75,48.05,48.8,337050,4071375,8.84,25973.25,25850.0,25900,ATM-2,PUT,26000,2025-12-04
2025-12-04 13:43:00+05:30,48.6,50.55,47.75,50.1,243525,4071375,8.95,25972.9,25850.0,25900,ATM-2,PUT,26000,2025-12-04
2025-12-04 13:44:00+05:30,65.75,65.85,64.05,64.75,375000,9490950,8.94,25976.3,25900.0,25900,ATM-2,PUT,26000,2025-12-04
2025-12-04 13:45:00+05:30,49.05,50.9,49.05,50.2,289575,4070100,8.97,25972.8,25850.0,25900,ATM-2,PUT,26000,2025-12-04
2025-12-04 13:46:00+05:30,65.95,66.2,63.4,63.7,486000,9490950,8.84,25976.05,25900.0,25900,ATM-2,PUT,26000,2025-12-04
2025-12-04 13:47:00+05:30,63.6,65.0,63.25,63.85,282825,9401250,8.92,25978.2,25900.0,25900,ATM-2,PUT,26000,2025-12-04
2025-12-04 13:48:00+05:30,64.0,65.3,62.4,62.7,342450,9401250,8.83,25979.4,25900.0,25900,ATM-2,PUT,26000,2025-12-04
2025-12-04 13:49:00+05:30,62.5,64.15,61.9,63.35,427200,9401250,8.9,25978.65,25900.0,25900,ATM-2,PUT,26000,2025-12-04
2025-12-04 13:50:00+05:30,63.35,63.5,62.0,62.65,253125,9342300,8.83,25978.55,25900.0,25900,ATM-2,PUT,26000,2025-12-04
2025-12-04 13:51:00+05:30,62.75,63.25,61.6,62.3,470400,9342300,8.87,25980.5,25900.0,25900,ATM-2,PUT,26000,2025-12-04
2025-12-04 13:52:00+05:30,62.2,63.95,61.6,61.95,350550,9342300,8.85,25981.55,25900.0,25900,ATM-2,PUT,26000,2025-12-04
2025-12-04 13:53:00+05:30,47.45,49.3,46.6,48.15,95025,4034550,8.83,25974.85,25850.0,25900,ATM-2,PUT,26000,2025-12-04
2025-12-04 13:54:00+05:30,63.45,64.35,62.7,63.1,377325,9258000,8.79,25975.55,25900.0,25900,ATM-2,PUT,26000,2025-12-04
2025-12-04 13:55:00+05:30,47.8,50.05,47.65,49.25,269850,4034550,8.84,25971.95,25850.0,25900,ATM-2,PUT,26000,2025-12-04
2025-12-04 13:56:00+05:30,49.05,49.45,47.8,48.7,131325,4062075,8.82,25974.4,25850.0,25900,ATM-2,PUT,26000,2025-12-04
2025-12-04 13:57:00+05:30,65.0,66.5,63.45,63.8,441525,9322575,8.83,25975.8,25900.0,25900,ATM-2,PUT,26000,2025-12-04
2025-12-04 13:58:00+05:30,48.35,49.1,47.1,48.85,144450,4062075,8.87,25974.05,25850.0,25900,ATM-2,PUT,26000,2025-12-04
2025-12-04 13:59:00+05:30,48.7,48.85,48.1,48.65,60975,4075725,8.84,25973.3,25850.0,25900,ATM-2,PUT,26000,2025-12-04
2025-12-04 14:00:00+05:30,48.65,50.65,48.25,48.4,158025,4075725,8.79,25972.3,25850.0,25900,ATM-2,PUT,26000,2025-12-04
2025-12-04 14:01:00+05:30,64.1,64.7,59.25,61.15,793575,9478425,8.77,25979.95,25900.0,25900,ATM-2,PUT,26000,2025-12-04
2025-12-04 14:02:00+05:30,62.1,62.1,59.4,61.7,557400,9366525,8.85,25980.35,25900.0,25900,ATM-2,PUT,26000,2025-12-04
2025-12-04 14:03:00+05:30,61.65,64.9,61.15,62.05,533850,9366525,8.83,25978.75,25900.0,25900,ATM-2,PUT,26000,2025-12-04
2025-12-04 14:04:00+05:30,62.05,62.05,58.35,59.0,492000,9366525,8.79,25986.7,25900.0,25900,ATM-2,PUT,26000,2025-12-04
2025-12-04 14:05:00+05:30,59.0,62.6,58.9,61.25,554400,9286950,8.82,25980.35,25900.0,25900,ATM-2,PUT,26000,2025-12-04
2025-12-04 14:06:00+05:30,61.45,62.1,60.25,60.55,257550,9286950,8.79,25982.0,25900.0,25900,ATM-2,PUT,26000,2025-12-04
2025-12-04 14:07:00+05:30,60.35,60.55,55.45,55.9,733500,9286950,8.81,25998.25,25900.0,25900,ATM-2,PUT,26000,2025-12-04
2025-12-04 14:08:00+05:30,56.45,57.5,55.75,56.4,505725,9081525,8.94,26001.55,25900.0,25900,ATM-2,PUT,26000,2025-12-04
2025-12-04 14:09:00+05:30,56.5,57.4,55.55,56.45,386550,9081525,9.02,26005.6,25900.0,25900,ATM-2,PUT,26000,2025-12-04
2025-12-04 14:10:00+05:30,56.4,57.0,50.6,52.75,1229925,9081525,9.1,26017.4,25900.0,25900,ATM-2,PUT,26000,2025-12-04
2025-12-04 14:11:00+05:30,52.7,55.5,51.25,54.35,591900,8987175,8.94,26007.55,25900.0,25900,ATM-2,PUT,26000,2025-12-04
2025-12-04 14:12:00+05:30,54.55,54.85,53.0,53.15,347475,8987175,8.9,26009.2,25900.0,25900,ATM-2,PUT,26000,2025-12-04
2025-12-04 14:13:00+05:30,53.3,54.75,52.35,53.7,245250,8987175,8.79,26004.15,25900.0,25900,ATM-2,PUT,26000,2025-12-04
2025-12-04 14:14:00+05:30,53.65,54.35,52.65,54.05,201975,9018975,8.82,26004.05,25900.0,25900,ATM-2,PUT,26000,2025-12-04
2025-12-04 14:15:00+05:30,53.45,55.15,52.7,54.45,265650,9018975,8.77,26001.75,25900.0,25900,ATM-2,PUT,26000,2025-12-04
2025-12-04 14:16:00+05:30,54.85,56.05,54.0,54.05,499500,9018975,8.76,26001.6,25900.0,25900,ATM-2,PUT,26000,2025-12-04
2025-12-04 14:17:00+05:30,54.2,54.2,51.35,51.45,399600,9110625,8.73,26009.45,25900.0,25900,ATM-2,PUT,26000,2025-12-04
2025-12-04 14:18:00+05:30,51.25,52.95,51.2,52.0,165300,9110625,8.75,26008.75,25900.0,25900,ATM-2,PUT,26000,2025-12-04
2025-12-04 14:19:00+05:30,51.9,54.75,51.9,54.75,248175,9110625,8.78,26001.0,25900.0,25900,ATM-2,PUT,26000,2025-12-04
2025-12-04 14:20:00+05:30,54.8,56.2,54.35,55.4,427725,9132375,8.76,25997.45,25900.0,25900,ATM-2,PUT,26000,2025-12-04
2025-12-04 14:21:00+05:30,56.0,58.4,55.5,56.4,624000,9132375,8.78,25995.0,25900.0,25900,ATM-2,PUT,26000,2025-12-04
2025-12-04 14:22:00+05:30,56.4,57.2,54.5,55.3,344850,9132375,8.69,25995.3,25900.0,25900,ATM-2,PUT,26000,2025-12-04
2025-12-04 14:23:00+05:30,55.4,55.5,51.0,51.0,432225,9198450,8.61,26007.0,25900.0,25900,ATM-2,PUT,26000,2025-12-04
2025-12-04 14:24:00+05:30,50.9,54.2,50.4,54.2,382950,9198450,8.78,26002.25,25900.0,25900,ATM-2,PUT,26000,2025-12-04
2025-12-04 14:25:00+05:30,53.5,54.75,53.25,53.3,230400,9198450,8.67,26000.7,25900.0,25900,ATM-2,PUT,26000,2025-12-04
2025-12-04 14:26:00+05:30,53.65,53.8,51.55,52.5,215325,9236550,8.73,26006.75,25900.0,25900,ATM-2,PUT,26000,2025-12-04
2025-12-04 14:27:00+05:30,52.55,53.5,51.3,52.4,201525,9236550,8.75,26007.5,25900.0,25900,ATM-2,PUT,26000,2025-12-04
2025-12-04 14:28:00+05:30,52.5,53.2,51.9,52.15,150900,9236550,8.69,26006.15,25900.0,25900,ATM-2,PUT,26000,2025-12-04
2025-12-04 14:29:00+05:30,52.35,52.4,50.0,50.65,368550,9256425,8.79,26014.0,25900.0,25900,ATM-2,PUT,26000,2025-12-04
2025-12-04 14:30:00+05:30,50.5,51.8,48.95,51.3,566175,9256425,8.88,26016.25,25900.0,25900,ATM-2,PUT,26000,2025-12-04
2025-12-04 14:31:00+05:30,50.75,51.65,50.05,50.6,258300,9256425,8.84,26015.55,25900.0,25900,ATM-2,PUT,26000,2025-12-04
2025-12-04 14:32:00+05:30,50.6,53.25,50.25,52.5,301050,9136425,8.79,26008.7,25900.0,25900,ATM-2,PUT,26000,2025-12-04
2025-12-04 14:33:00+05:30,52.35,52.85,50.75,50.9,169275,9136425,8.73,26010.1,25900.0,25900,ATM-2,PUT,26000,2025-12-04
2025-12-04 14:34:00+05:30,50.9,52.1,50.9,51.75,127875,9136425,8.72,26008.95,25900.0,25900,ATM-2,PUT,26000,2025-12-04
2025-12-04 14:35:00+05:30,52.05,54.2,51.75,53.85,305100,9212550,8.78,26003.8,25900.0,25900,ATM-2,PUT,26000,2025-12-04
2025-12-04 14:36:00+05:30,53.8,54.45,52.1,53.95,287100,9212550,8.74,26000.4,25900.0,25900,ATM-2,PUT,26000,2025-12-04
2025-12-04 14:37:00+05:30,54.0,54.05,53.0,53.1,255450,9212550,8.73,26004.1,25900.0,25900,ATM-2,PUT,26000,2025-12-04
2025-12-04 14:38:00+05:30,52.5,52.5,49.75,49.9,339675,9198075,8.69,26013.55,25900.0,25900,ATM-2,PUT,26000,2025-12-04
2025-12-04 14:39:00+05:30,50.3,50.35,48.25,49.3,397125,9198075,8.66,26013.75,25900.0,25900,ATM-2,PUT,26000,2025-12-04
2025-12-04 14:40:00+05:30,49.45,49.45,48.7,49.3,152250,9198075,8.74,26017.5,25900.0,25900,ATM-2,PUT,26000,2025-12-04
2025-12-04 14:41:00+05:30,49.15,49.9,48.4,49.65,276600,9140175,8.7,26015.45,25900.0,25900,ATM-2,PUT,26000,2025-12-04
2025-12-04 14:42:00+05:30,49.7,51.4,47.85,50.75,321300,9140175,8.79,26015.5,25900.0,25900,ATM-2,PUT,26000,2025-12-04
2025-12-04 14:43:00+05:30,50.3,51.7,49.5,51.0,233475,9140175,8.63,26007.85,25900.0,25900,ATM-2,PUT,26000,2025-12-04
2025-12-04 14:44:00+05:30,50.65,52.05,50.65,52.05,264750,9113700,8.54,26000.6,25900.0,25900,ATM-2,PUT,26000,2025-12-04
2025-12-04 14:45:00+05:30,52.45,55.5,51.55,54.9,710250,9113700,8.55,25992.35,25900.0,25900,ATM-2,PUT,26000,2025-12-04
2025-12-04 14:46:00+05:30,55.35,56.25,53.65,55.6,584550,9113700,8.54,25988.7,25900.0,25900,ATM-2,PUT,26000,2025-12-04
2025-12-04 14:47:00+05:30,55.1,55.7,51.35,52.45,497625,9105450,8.64,26001.55,25900.0,25900,ATM-2,PUT,26000,2025-12-04
2025-12-04 14:48:00+05:30,52.6,53.85,51.8,53.15,302700,9105450,8.75,26003.3,25900.0,25900,ATM-2,PUT,26000,2025-12-04
2025-12-04 14:49:00+05:30,52.95,53.5,52.4,52.8,165225,9105450,8.77,26003.65,25900.0,25900,ATM-2,PUT,26000,2025-12-04
2025-12-04 14:50:00+05:30,52.9,53.65,48.5,48.7,480675,9016425,8.61,26014.1,25900.0,25900,ATM-2,PUT,26000,2025-12-04
2025-12-04 14:51:00+05:30,48.85,49.9,48.0,48.1,465675,9016425,8.66,26018.15,25900.0,25900,ATM-2,PUT,26000,2025-12-04
2025-12-04 14:52:00+05:30,63.15,63.45,59.0,59.65,648525,5988000,8.52,26026.15,25950.0,25900,ATM-2,PUT,26000,2025-12-04
2025-12-04 14:53:00+05:30,45.3,46.35,44.95,45.6,474150,8847000,8.59,26023.0,25900.0,25900,ATM-2,PUT,26000,2025-12-04
2025-12-04 14:54:00+05:30,60.45,60.85,58.5,59.45,271425,5874300,8.48,26025.05,25950.0,25900,ATM-2,PUT,26000,2025-12-04
2025-12-04 14:55:00+05:30,59.65,60.1,57.8,58.25,331275,5874300,8.5,26029.45,25950.0,25900,ATM-2,PUT,26000,2025-12-04
2025-12-04 14:56:00+05:30,58.25,58.25,53.55,53.75,519375,5852175,8.41,26039.65,25950.0,25900,ATM-2,PUT,26000,2025-12-04
2025-12-04 14:57:00+05:30,54.9,56.1,54.4,55.8,448050,5852175,8.5,26036.45,25950.0,25900,ATM-2,PUT,26000,2025-12-04
2025-12-04 14:58:00+05:30,55.75,56.35,54.1,54.25,368100,5852175,8.46,26039.35,25950.0,25900,ATM-2,PUT,26000,2025-12-04
2025-12-04 14:59:00+05:30,54.4,55.0,52.7,54.5,372075,5816325,8.57,26043.25,25950.0,25900,ATM-2,PUT,26000,2025-12-04
2025-12-04 15:00:00+05:30,54.4,54.4,51.7,51.7,590775,5816325,8.45,26048.45,25950.0,25900,ATM-2,PUT,26000,2025-12-04
2025-12-04 15:01:00+05:30,52.25,53.55,50.6,51.35,459975,5816325,8.5,26050.5,25950.0,25900,ATM-2,PUT,26000,2025-12-04
2025-12-04 15:02:00+05:30,51.65,51.65,49.2,50.25,437100,5701425,8.55,26057.65,25950.0,25900,ATM-2,PUT,26000,2025-12-04
2025-12-04 15:03:00+05:30,50.1,52.25,50.0,52.1,324600,5701425,8.45,26047.5,25950.0,25900,ATM-2,PUT,26000,2025-12-04
2025-12-04 15:04:00+05:30,51.9,52.25,51.25,51.55,306900,5701425,8.46,26049.4,25950.0,25900,ATM-2,PUT,26000,2025-12-04
2025-12-04 15:05:00+05:30,51.7,52.2,50.75,51.1,255225,5656950,8.52,26052.75,25950.0,25900,ATM-2,PUT,26000,2025-12-04
2025-12-04 15:06:00+05:30,51.1,51.95,50.6,51.75,245325,5656950,8.55,26052.85,25950.0,25900,ATM-2,PUT,26000,2025-12-04
2025-12-04 15:07:00+05:30,51.95,52.7,51.95,52.5,188625,5656950,8.66,26052.95,25950.0,25900,ATM-2,PUT,26000,2025-12-04
2025-12-04 15:08:00+05:30,52.5,54.4,52.4,52.65,364425,5540475,8.61,26051.35,25950.0,25900,ATM-2,PUT,26000,2025-12-04
2025-12-04 15:09:00+05:30,52.9,53.95,52.5,53.75,250875,5540475,8.57,26046.6,25950.0,25900,ATM-2,PUT,26000,2025-12-04
2025-12-04 15:10:00+05:30,53.65,54.4,52.85,52.85,349800,5540475,8.64,26051.4,25950.0,25900,ATM-2,PUT,26000,2025-12-04
2025-12-04 15:11:00+05:30,52.75,52.75,51.3,52.25,274125,5473425,8.61,26053.4,25950.0,25900,ATM-2,PUT,26000,2025-12-04
2025-12-04 15:12:00+05:30,52.35,53.4,52.05,52.75,189750,5473425,8.45,26045.1,25950.0,25900,ATM-2,PUT,26000,2025-12-04
2025-12-04 15:13:00+05:30,52.7,54.0,52.45,52.75,261975,5473425,8.32,26041.35,25950.0,25900,ATM-2,PUT,26000,2025-12-04
2025-12-04 15:14:00+05:30,53.25,54.0,53.1,53.4,367350,5398800,8.3,26037.7,25950.0,25900,ATM-2,PUT,26000,2025-12-04
2025-12-04 15:15:00+05:30,53.8,55.7,53.6,55.0,557550,5398800,8.39,26036.65,25950.0,25900,ATM-2,PUT,26000,2025-12-04
2025-12-04 15:16:00+05:30,54.95,56.2,54.55,55.15,360975,5398800,8.33,26032.25,25950.0,25900,ATM-2,PUT,26000,2025-12-04
2025-12-04 15:17:00+05:30,55.4,56.55,54.4,56.55,297900,5141025,8.3,26027.65,25950.0,25900,ATM-2,PUT,26000,2025-12-04
2025-12-04 15:18:00+05:30,56.65,57.55,53.95,54.05,378000,5141025,8.19,26031.0,25950.0,25900,ATM-2,PUT,26000,2025-12-04
2025-12-04 15:19:00+05:30,53.8,53.95,52.0,52.1,381150,5141025,8.25,26040.9,25950.0,25900,ATM-2,PUT,26000,2025-12-04
2025-12-04 15:20:00+05:30,52.4,54.2,52.3,52.65,471600,5026800,8.06,26032.5,25950.0,25900,ATM-2,PUT,26000,2025-12-04
2025-12-04 15:21:00+05:30,52.65,53.85,52.15,53.8,317775,5026800,8.16,26031.0,25950.0,25900,ATM-2,PUT,26000,2025-12-04
2025-12-04 15:22:00+05:30,39.95,40.9,39.4,40.8,318675,8592900,8.17,26023.95,25900.0,25900,ATM-2,PUT,26000,2025-12-04
2025-12-04 15:23:00+05:30,54.6,54.65,53.3,53.75,212925,4890825,8.11,26032.1,25950.0,25900,ATM-2,PUT,26000,2025-12-04
2025-12-04 15:24:00+05:30,53.8,53.8,52.3,53.1,321900,4890825,8.06,26030.45,25950.0,25900,ATM-2,PUT,26000,2025-12-04
2025-12-04 15:25:00+05:30,53.3,53.75,52.9,53.4,323475,4890825,8.0,26026.4,25950.0,25900,ATM-2,PUT,26000,2025-12-04
2025-12-04 15:26:00+05:30,40.25,40.25,39.3,40.15,336300,8337075,8.09,26023.95,25900.0,25900,ATM-2,PUT,26000,2025-12-04
2025-12-04 15:27:00+05:30,40.25,40.4,39.65,39.95,616725,8337075,8.09,26018.75,25900.0,25900,ATM-2,PUT,26000,2025-12-04
2025-12-04 15:28:00+05:30,40.0,40.0,39.3,39.8,546600,8337075,7.82,26015.6,25900.0,25900,ATM-2,PUT,26000,2025-12-04
2025-12-04 15:29:00+05:30,39.6,39.8,39.1,39.4,722325,7919925,7.82,26017.1,25900.0,25900,ATM-2,PUT,26000,2025-12-04
2025-12-04 09:15:00+05:30,181.0,185.0,146.6,152.75,894450,2549925,7.91,25950.75,25900.0,25950,ATM-1,CALL,26000,2025-12-04
2025-12-04 09:16:00+05:30,149.55,159.05,148.7,157.5,815700,2549925,8.01,25955.15,25900.0,25950,ATM-1,CALL,26000,2025-12-04
2025-12-04 09:17:00+05:30,156.35,165.3,156.2,163.9,692325,2549925,8.4,25959.1,25900.0,25950,ATM-1,CALL,26000,2025-12-04
2025-12-04 09:18:00+05:30,165.3,165.95,161.0,161.35,486000,3013800,8.21,25958.5,25900.0,25950,ATM-1,CALL,26000,2025-12-04
2025-12-04 09:19:00+05:30,162.2,164.0,154.0,154.0,483600,3013800,8.06,25949.55,25900.0,25950,ATM-1,CALL,26000,2025-12-04
2025-12-04 09:20:00+05:30,152.75,156.05,151.65,151.65,391050,3013800,7.96,25948.6,25900.0,25950,ATM-1,CALL,26000,2025-12-04
2025-12-04 09:21:00+05:30,152.8,161.0,151.6,160.6,462675,3345900,8.23,25955.4,25900.0,25950,ATM-1,CALL,26000,2025-12-04
2025-12-04 09:22:00+05:30,160.15,163.6,155.1,163.6,410250,3345900,8.24,25961.85,25900.0,25950,ATM-1,CALL,26000,2025-12-04
2025-12-04 09:23:00+05:30,136.3,151.1,134.0,148.6,1818150,4068375,8.39,25985.45,25950.0,25950,ATM-1,CALL,26000,2025-12-04
2025-12-04 09:24:00+05:30,146.0,158.15,146.0,155.65,1555950,4068375,8.64,25992.65,25950.0,25950,ATM-1,CALL,26000,2025-12-04
2025-12-04 09:25:00+05:30,151.4,154.15,146.15,148.0,1003650,3831750,8.66,25977.6,25950.0,25950,ATM-1,CALL,26000,2025-12-04
2025-12-04 09:26:00+05:30,147.55,153.65,146.45,151.6,481200,3831750,8.86,25979.2,25950.0,25950,ATM-1,CALL,26000,2025-12-04
2025-12-04 09:27:00+05:30,149.95,155.5,146.9,154.15,559875,3831750,8.73,25986.25,25950.0,25950,ATM-1,CALL,26000,2025-12-04
2025-12-04 09:28:00+05:30,153.3,155.9,152.1,154.25,565200,3895575,8.55,25990.8,25950.0,25950,ATM-1,CALL,26000,2025-12-04
2025-12-04 09:29:00+05:30,153.9,160.9,153.0,160.1,1023225,3895575,8.79,25995.85,25950.0,25950,ATM-1,CALL,26000,2025-12-04
2025-12-04 09:30:00+05:30,159.4,160.95,155.8,159.85,790200,3895575,8.64,25997.05,25950.0,25950,ATM-1,CALL,26000,2025-12-04
2025-12-04 09:31:00+05:30,158.35,162.95,156.1,158.1,611775,4166925,8.58,25995.95,25950.0,25950,ATM-1,CALL,26000,2025-12-04
2025-12-04 09:32:00+05:30,158.1,158.3,147.0,151.15,847275,4166925,8.63,25983.85,25950.0,25950,ATM-1,CALL,26000,2025-12-04
2025-12-04 09:33:00+05:30,152.25,157.35,148.8,157.2,532575,4166925,8.69,25990.9,25950.0,25950,ATM-1,CALL,26000,2025-12-04
2025-12-04 09:34:00+05:30,157.25,164.0,155.5,163.5,948375,4146375,8.7,26000.8,25950.0,25950,ATM-1,CALL,26000,2025-12-04
2025-12-04 09:35:00+05:30,162.75,171.0,162.75,170.0,1451250,4146375,8.45,26016.75,25950.0,25950,ATM-1,CALL,26000,2025-12-04
2025-12-04 09:36:00+05:30,170.0,173.9,169.05,170.5,694950,4146375,8.29,26021.3,25950.0,25950,ATM-1,CALL,26000,2025-12-04
2025-12-04 09:37:00+05:30,140.0,143.25,139.3,140.15,1715325,14565000,8.1,26025.25,26000.0,25950,ATM-1,CALL,26000,2025-12-04
2025-12-04 09:38:00+05:30,170.85,172.65,165.2,165.2,468900,3837300,8.02,26018.65,25950.0,25950,ATM-1,CALL,26000,2025-12-04
2025-12-04 09:39:00+05:30,165.4,167.75,161.9,164.1,394275,3837300,8.14,26013.45,25950.0,25950,ATM-1,CALL,26000,2025-12-04
2025-12-04 09:40:00+05:30,163.75,165.6,153.75,158.75,567525,3652050,8.23,26003.5,25950.0,25950,ATM-1,CALL,26000,2025-12-04
2025-12-04 09:41:00+05:30,158.25,162.7,154.4,162.7,369375,3652050,8.44,26004.5,25950.0,25950,ATM-1,CALL,26000,2025-12-04
2025-12-04 09:42:00+05:30,162.5,167.7,162.0,164.0,576450,3652050,8.21,26011.85,25950.0,25950,ATM-1,CALL,26000,2025-12-04
2025-12-04 09:43:00+05:30,164.35,169.7,163.55,169.7,324450,3719550,8.44,26016.45,25950.0,25950,ATM-1,CALL,26000,2025-12-04
2025-12-04 09:44:00+05:30,139.6,144.9,138.25,143.2,2127375,14634300,8.27,26028.15,26000.0,25950,ATM-1,CALL,26000,2025-12-04
2025-12-04 09:45:00+05:30,142.75,143.95,141.1,141.55,1348575,14634300,8.24,26025.2,26000.0,25950,ATM-1,CALL,26000,2025-12-04
2025-12-04 09:46:00+05:30,172.0,176.8,171.4,172.45,400575,3662625,8.36,26021.95,25950.0,25950,ATM-1,CALL,26000,2025-12-04
2025-12-04 09:47:00+05:30,172.65,177.3,171.6,172.9,296775,3662625,8.45,26021.05,25950.0,25950,ATM-1,CALL,26000,2025-12-04
2025-12-04 09:48:00+05:30,172.75,173.7,168.3,172.0,283950,3662625,8.59,26017.6,25950.0,25950,ATM-1,CALL,26000,2025-12-04
2025-12-04 09:49:00+05:30,172.1,172.45,165.35,166.85,267225,3595125,8.27,26016.3,25950.0,25950,ATM-1,CALL,26000,2025-12-04
2025-12-04 09:50:00+05:30,167.3,170.0,165.45,169.3,208125,3595125,8.11,26022.5,25950.0,25950,ATM-1,CALL,26000,2025-12-04
2025-12-04 09:51:00+05:30,139.65,142.2,139.25,140.3,873300,13957950,8.15,26025.1,26000.0,25950,ATM-1,CALL,26000,2025-12-04
2025-12-04 09:52:00+05:30,140.85,149.5,140.5,147.4,2288625,14339025,8.34,26032.8,26000.0,25950,ATM-1,CALL,26000,2025-12-04
2025-12-04 09:53:00+05:30,145.85,148.5,141.6,141.6,1408425,14339025,8.24,26025.9,26000.0,25950,ATM-1,CALL,26000,2025-12-04
2025-12-04 09:54:00+05:30,141.7,144.85,139.05,143.4,1033425,14339025,8.27,26027.9,26000.0,25950,ATM-1,CALL,26000,2025-12-04
2025-12-04 09:55:00+05:30,142.8,147.2,142.8,146.6,939750,14011800,8.29,26032.45,26000.0,25950,ATM-1,CALL,26000,2025-12-04
2025-12-04 09:56:00+05:30,146.1,147.5,144.6,146.6,721200,14011800,8.23,26033.35,26000.0,25950,ATM-1,CALL,26000,2025-12-04
2025-12-04 09:57:00+05:30,146.45,146.5,141.0,143.45,802875,14011800,8.16,26028.75,26000.0,25950,ATM-1,CALL,26000,2025-12-04
2025-12-04 09:58:00+05:30,143.3,147.5,141.8,144.6,667425,14019150,8.17,26031.05,26000.0,25950,ATM-1,CALL,26000,2025-12-04
2025-12-04 09:59:00+05:30,144.55,146.3,142.0,144.35,459675,14019150,8.27,26028.3,26000.0,25950,ATM-1,CALL,26000,2025-12-04
2025-12-04 10:00:00+05:30,144.0,146.7,142.1,146.0,628575,14019150,8.24,26031.75,26000.0,25950,ATM-1,CALL,26000,2025-12-04
2025-12-04 10:01:00+05:30,146.0,147.5,142.55,142.8,637875,13822350,8.2,26028.35,26000.0,25950,ATM-1,CALL,26000,2025-12-04
2025-12-04 10:02:00+05:30,142.95,145.45,140.2,142.25,722925,13822350,8.17,26027.3,26000.0,25950,ATM-1,CALL,26000,2025-12-04
2025-12-04 10:03:00+05:30,142.55,143.9,138.3,143.45,842475,13822350,8.34,26026.65,26000.0,25950,ATM-1,CALL,26000,2025-12-04
2025-12-04 10:04:00+05:30,143.25,144.3,141.1,141.9,425925,13607475,8.29,26025.05,26000.0,25950,ATM-1,CALL,26000,2025-12-04
2025-12-04 10:05:00+05:30,172.85,175.7,169.8,171.65,159225,3377925,8.26,26021.85,25950.0,25950,ATM-1,CALL,26000,2025-12-04
2025-12-04 10:06:00+05:30,141.0,146.35,140.9,145.35,715725,13607475,8.27,26031.9,26000.0,25950,ATM-1,CALL,26000,2025-12-04
2025-12-04 10:07:00+05:30,145.8,154.0,144.9,153.4,2533200,13465875,8.49,26039.6,26000.0,25950,ATM-1,CALL,26000,2025-12-04
2025-12-04 10:08:00+05:30,152.45,152.45,148.2,149.1,1296075,13465875,8.33,26036.25,26000.0,25950,ATM-1,CALL,26000,2025-12-04
2025-12-04 10:09:00+05:30,148.9,149.6,140.55,141.95,1288650,13465875,8.23,26027.5,26000.0,25950,ATM-1,CALL,26000,2025-12-04
2025-12-04 10:10:00+05:30,142.05,144.2,141.6,143.6,624750,13297050,8.26,26029.0,26000.0,25950,ATM-1,CALL,26000,2025-12-04
2025-12-04 10:11:00+05:30,143.55,145.5,140.8,143.55,671925,13297050,8.23,26029.15,26000.0,25950,ATM-1,CALL,26000,2025-12-04
2025-12-04 10:12:00+05:30,143.75,147.15,143.75,145.55,687375,13297050,8.17,26034.35,26000.0,25950,ATM-1,CALL,26000,2025-12-04
2025-12-04 10:13:00+05:30,146.05,150.3,145.65,148.3,790125,13411725,8.06,26040.35,26000.0,25950,ATM-1,CALL,26000,2025-12-04
2025-12-04 10:14:00+05:30,147.9,153.0,147.5,150.8,1001475,13411725,8.11,26042.75,26000.0,25950,ATM-1,CALL,26000,2025-12-04
2025-12-04 10:15:00+05:30,150.8,151.85,149.55,151.05,757200,13411725,8.15,26042.45,26000.0,25950,ATM-1,CALL,26000,2025-12-04
2025-12-04 10:16:00+05:30,149.55,151.6,148.65,150.95,648600,13139550,8.18,26043.45,26000.0,25950,ATM-1,CALL,26000,2025-12-04
2025-12-04 10:17:00+05:30,150.6,151.0,147.45,147.85,479475,13139550,8.14,26038.1,26000.0,25950,ATM-1,CALL,26000,2025-12-04
2025-12-04 10:18:00+05:30,148.9,151.6,147.8,151.6,435300,13139550,8.32,26043.7,26000.0,25950,ATM-1,CALL,26000,2025-12-04
2025-12-04 10:19:00+05:30,151.0,157.5,150.0,155.55,1329000,12990375,8.3,26046.55,26000.0,25950,ATM-1,CALL,26000,2025-12-04
2025-12-04 10:20:00+05:30,155.3,156.9,153.25,155.0,1175175,12990375,8.21,26048.05,26000.0,25950,ATM-1,CALL,26000,2025-12-04
2025-12-04 10:21:00+05:30,154.35,159.9,154.25,159.9,1007850,12990375,8.42,26052.55,26000.0,25950,ATM-1,CALL,26000,2025-12-04
2025-12-04 10:22:00+05:30,159.9,163.95,156.5,157.5,1869600,11855850,8.39,26049.05,26000.0,25950,ATM-1,CALL,26000,2025-12-04
2025-12-04 10:23:00+05:30,157.25,159.6,154.75,158.85,677700,11855850,8.44,26050.05,26000.0,25950,ATM-1,CALL,26000,2025-12-04
2025-12-04 10:24:00+05:30,158.45,159.45,156.7,157.8,374925,11855850,8.35,26050.55,26000.0,25950,ATM-1,CALL,26000,2025-12-04
2025-12-04 10:25:00+05:30,157.6,160.6,157.6,160.6,479775,11395800,8.34,26055.15,26000.0,25950,ATM-1,CALL,26000,2025-12-04
2025-12-04 10:26:00+05:30,160.3,162.3,159.3,159.85,612300,11395800,8.16,26056.0,26000.0,25950,ATM-1,CALL,26000,2025-12-04
2025-12-04 10:27:00+05:30,159.45,163.45,158.85,162.35,550575,11395800,8.33,26057.25,26000.0,25950,ATM-1,CALL,26000,2025-12-04
2025-12-04 10:28:00+05:30,162.8,170.0,162.55,169.75,1532475,11242125,8.51,26065.4,26000.0,25950,ATM-1,CALL,26000,2025-12-04
2025-12-04 10:29:00+05:30,138.45,148.65,138.0,147.55,1772775,5563200,8.61,26078.9,26050.0,25950,ATM-1,CALL,26000,2025-12-04
2025-12-04 10:30:00+05:30,147.15,149.45,143.3,144.15,1152900,5563200,8.25,26078.7,26050.0,25950,ATM-1,CALL,26000,2025-12-04
2025-12-04 10:31:00+05:30,143.2,151.65,143.2,151.55,882225,4632825,8.57,26085.9,26050.0,25950,ATM-1,CALL,26000,2025-12-04
2025-12-04 10:32:00+05:30,151.15,153.75,147.4,148.75,720600,4632825,8.52,26082.25,26050.0,25950,ATM-1,CALL,26000,2025-12-04
2025-12-04 10:33:00+05:30,148.8,148.8,143.9,146.6,511200,4632825,8.52,26078.05,26050.0,25950,ATM-1,CALL,26000,2025-12-04
2025-12-04 10:34:00+05:30,146.55,152.8,145.7,151.65,554775,4344750,8.61,26084.65,26050.0,25950,ATM-1,CALL,26000,2025-12-04
2025-12-04 10:35:00+05:30,150.3,152.45,150.3,152.4,476025,4344750,8.52,26087.7,26050.0,25950,ATM-1,CALL,26000,2025-12-04
2025-12-04 10:36:00+05:30,152.2,157.9,152.2,157.05,885525,4344750,8.61,26092.35,26050.0,25950,ATM-1,CALL,26000,2025-12-04
2025-12-04 10:37:00+05:30,156.75,157.25,154.75,156.55,474750,4171650,8.5,26094.9,26050.0,25950,ATM-1,CALL,26000,2025-12-04
2025-12-04 10:38:00+05:30,156.3,156.65,153.35,154.5,554250,4171650,8.55,26090.8,26050.0,25950,ATM-1,CALL,26000,2025-12-04
2025-12-04 10:39:00+05:30,154.4,154.95,150.7,152.75,323175,4171650,8.5,26089.6,26050.0,25950,ATM-1,CALL,26000,2025-12-04
2025-12-04 10:40:00+05:30,152.9,159.0,152.3,153.9,464550,4224975,8.55,26090.65,26050.0,25950,ATM-1,CALL,26000,2025-12-04
2025-12-04 10:41:00+05:30,153.65,159.4,153.0,157.35,331050,4224975,8.66,26093.2,26050.0,25950,ATM-1,CALL,26000,2025-12-04
2025-12-04 10:42:00+05:30,157.55,159.5,155.55,157.45,368400,4224975,8.63,26093.55,26050.0,25950,ATM-1,CALL,26000,2025-12-04
2025-12-04 10:43:00+05:30,157.0,158.8,156.15,157.3,181875,4137075,8.6,26094.6,26050.0,25950,ATM-1,CALL,26000,2025-12-04
2025-12-04 10:44:00+05:30,157.85,160.75,156.05,156.7,422025,4137075,8.63,26092.7,26050.0,25950,ATM-1,CALL,26000,2025-12-04
2025-12-04 10:45:00+05:30,157.15,158.75,156.0,157.6,205500,4137075,8.55,26097.1,26050.0,25950,ATM-1,CALL,26000,2025-12-04
2025-12-04 10:46:00+05:30,157.85,159.0,156.05,157.7,197175,4022775,8.61,26094.7,26050.0,25950,ATM-1,CALL,26000,2025-12-04
2025-12-04 10:47:00+05:30,157.15,157.8,154.55,154.85,243975,4022775,8.7,26089.9,26050.0,25950,ATM-1,CALL,26000,2025-12-04
2025-12-04 10:48:00+05:30,154.45,154.65,152.2,153.75,319050,4022775,8.64,26087.8,26050.0,25950,ATM-1,CALL,26000,2025-12-04
2025-12-04 10:49:00+05:30,153.75,153.75,149.75,151.0,298275,3893175,8.59,26083.4,26050.0,25950,ATM-1,CALL,26000,2025-12-04
2025-12-04 10:50:00+05:30,151.2,153.4,150.25,152.2,180525,3893175,8.78,26082.9,26050.0,25950,ATM-1,CALL,26000,2025-12-04
2025-12-04 10:51:00+05:30,151.7,152.5,150.4,151.95,139800,3893175,8.68,26084.25,26050.0,25950,ATM-1,CALL,26000,2025-12-04
2025-12-04 10:52:00+05:30,152.4,152.4,150.8,151.7,152550,3947550,8.73,26082.75,26050.0,25950,ATM-1,CALL,26000,2025-12-04
2025-12-04 10:53:00+05:30,151.25,151.95,145.55,149.85,399150,3947550,8.76,26079.6,26050.0,25950,ATM-1,CALL,26000,2025-12-04
2025-12-04 10:54:00+05:30,149.45,150.6,147.8,148.3,224175,3947550,8.66,26078.05,26050.0,25950,ATM-1,CALL,26000,2025-12-04
2025-12-04 10:55:00+05:30,148.35,150.7,146.7,149.3,215325,4013175,8.69,26079.2,26050.0,25950,ATM-1,CALL,26000,2025-12-04
2025-12-04 10:56:00+05:30,149.75,150.8,146.3,149.2,247200,4013175,8.74,26078.4,26050.0,25950,ATM-1,CALL,26000,2025-12-04
2025-12-04 10:57:00+05:30,149.05,151.4,148.4,151.4,160875,4013175,8.77,26080.95,26050.0,25950,ATM-1,CALL,26000,2025-12-04
2025-12-04 10:58:00+05:30,152.1,155.5,152.0,154.2,633000,4097250,8.84,26085.5,26050.0,25950,ATM-1,CALL,26000,2025-12-04
2025-12-04 10:59:00+05:30,154.0,154.3,144.85,145.25,470475,4097250,8.52,26075.5,26050.0,25950,ATM-1,CALL,26000,2025-12-04
2025-12-04 11:00:00+05:30,145.25,146.65,144.0,146.05,269550,4097250,8.49,26076.55,26050.0,25950,ATM-1,CALL,26000,2025-12-04
2025-12-04 11:01:00+05:30,146.0,150.25,145.7,147.9,299850,4248900,8.58,26079.6,26050.0,25950,ATM-1,CALL,26000,2025-12-04
2025-12-04 11:02:00+05:30,148.15,150.95,147.5,148.45,224175,4248900,8.52,26082.1,26050.0,25950,ATM-1,CALL,26000,2025-12-04
2025-12-04 11:03:00+05:30,148.6,151.8,148.5,148.9,230775,4248900,8.51,26082.65,26050.0,25950,ATM-1,CALL,26000,2025-12-04
2025-12-04 11:04:00+05:30,149.2,152.3,147.85,149.95,207300,4306200,8.61,26083.0,26050.0,25950,ATM-1,CALL,26000,2025-12-04
2025-12-04 11:05:00+05:30,150.25,151.75,149.55,151.3,156600,4306200,8.72,26082.95,26050.0,25950,ATM-1,CALL,26000,2025-12-04
2025-12-04 11:06:00+05:30,151.55,152.9,149.95,150.95,198675,4306200,8.66,26083.9,26050.0,25950,ATM-1,CALL,26000,2025-12-04
2025-12-04 11:07:00+05:30,150.75,151.05,147.9,148.5,140025,4293600,8.57,26080.6,26050.0,25950,ATM-1,CALL,26000,2025-12-04
2025-12-04 11:08:00+05:30,148.65,148.7,143.05,143.2,308475,4293600,8.34,26076.7,26050.0,25950,ATM-1,CALL,26000,2025-12-04
2025-12-04 11:09:00+05:30,174.0,175.65,171.9,171.9,329400,8715675,8.21,26074.7,26000.0,25950,ATM-1,CALL,26000,2025-12-04
2025-12-04 11:10:00+05:30,141.1,143.9,139.0,143.9,478950,4182900,8.45,26076.0,26050.0,25950,ATM-1,CALL,26000,2025-12-04
2025-12-04 11:11:00+05:30,174.7,175.3,170.45,171.4,217200,8722500,8.29,26073.2,26000.0,25950,ATM-1,CALL,26000,2025-12-04
2025-12-04 11:12:00+05:30,171.45,174.8,168.8,169.55,272775,8722500,8.14,26073.0,26000.0,25950,ATM-1,CALL,26000,2025-12-04
2025-12-04 11:13:00+05:30,169.75,170.7,168.0,168.8,285600,8712225,8.07,26070.4,26000.0,25950,ATM-1,CALL,26000,2025-12-04
2025-12-04 11:14:00+05:30,137.9,142.8,137.9,142.4,198450,4336500,8.27,26077.05,26050.0,25950,ATM-1,CALL,26000,2025-12-04
2025-12-04 11:15:00+05:30,173.55,173.8,169.4,170.5,211650,8712225,8.35,26070.5,26000.0,25950,ATM-1,CALL,26000,2025-12-04
2025-12-04 11:16:00+05:30,170.75,172.6,169.35,172.05,153225,8790300,8.3,26073.05,26000.0,25950,ATM-1,CALL,26000,2025-12-04
2025-12-04 11:17:00+05:30,140.85,143.0,139.6,141.45,175125,4445850,8.25,26075.6,26050.0,25950,ATM-1,CALL,26000,2025-12-04
2025-12-04 11:18:00+05:30,172.65,173.4,164.3,166.9,441450,8790300,8.11,26068.0,26000.0,25950,ATM-1,CALL,26000,2025-12-04
2025-12-04 11:19:00+05:30,167.1,169.85,167.0,169.65,201000,8750400,8.33,26070.3,26000.0,25950,ATM-1,CALL,26000,2025-12-04
2025-12-04 11:20:00+05:30,168.9,168.9,162.95,165.5,396000,8750400,8.19,26065.55,26000.0,25950,ATM-1,CALL,26000,2025-12-04
2025-12-04 11:21:00+05:30,165.2,168.3,163.7,167.5,284325,8750400,8.21,26068.1,26000.0,25950,ATM-1,CALL,26000,2025-12-04
2025-12-04 11:22:00+05:30,167.0,169.4,165.0,166.45,225750,8789175,8.06,26069.4,26000.0,25950,ATM-1,CALL,26000,2025-12-04
2025-12-04 11:23:00+05:30,166.95,167.2,160.55,160.55,375975,8789175,7.92,26064.3,26000.0,25950,ATM-1,CALL,26000,2025-12-04
2025-12-04 11:24:00+05:30,159.6,163.95,157.75,163.05,501975,8789175,8.09,26063.15,26000.0,25950,ATM-1,CALL,26000,2025-12-04
2025-12-04 11:25:00+05:30,163.35,168.5,163.0,168.0,416550,8843850,8.29,26067.9,26000.0,25950,ATM-1,CALL,26000,2025-12-04
2025-12-04 11:26:00+05:30,168.0,168.2,163.65,165.3,345750,8843850,8.12,26066.15,26000.0,25950,ATM-1,CALL,26000,2025-12-04
2025-12-04 11:27:00+05:30,165.25,166.5,161.6,162.2,172575,8843850,8.1,26063.35,26000.0,25950,ATM-1,CALL,26000,2025-12-04
2025-12-04 11:28:00+05:30,161.9,163.95,160.25,162.3,251625,8861100,8.11,26062.6,26000.0,25950,ATM-1,CALL,26000,2025-12-04
2025-12-04 11:29:00+05:30,162.35,163.3,158.9,158.9,185475,8861100,8.07,26060.6,26000.0,25950,ATM-1,CALL,26000,2025-12-04
2025-12-04 11:30:00+05:30,158.8,162.4,156.4,161.7,430725,8861100,8.15,26060.35,26000.0,25950,ATM-1,CALL,26000,2025-12-04
2025-12-04 11:31:00+05:30,161.8,165.3,159.8,160.4,443175,8928375,8.07,26060.0,26000.0,25950,ATM-1,CALL,26000,2025-12-04
2025-12-04 11:32:00+05:30,160.3,162.85,158.75,159.95,177825,8928375,8.02,26060.25,26000.0,25950,ATM-1,CALL,26000,2025-12-04
2025-12-04 11:33:00+05:30,160.2,164.6,159.95,163.0,179175,8928375,8.18,26063.2,26000.0,25950,ATM-1,CALL,26000,2025-12-04
2025-12-04 11:34:00+05:30,162.4,163.95,159.7,161.3,164250,9020475,8.09,26061.3,26000.0,25950,ATM-1,CALL,26000,2025-12-04
2025-12-04 11:35:00+05:30,161.5,163.6,161.05,163.6,111600,9020475,8.3,26060.7,26000.0,25950,ATM-1,CALL,26000,2025-12-04
2025-12-04 11:36:00+05:30,164.45,165.25,160.65,164.15,243675,9020475,8.43,26060.55,26000.0,25950,ATM-1,CALL,26000,2025-12-04
2025-12-04 11:37:00+05:30,162.9,162.9,155.7,157.45,383250,9097200,8.2,26052.9,26000.0,25950,ATM-1,CALL,26000,2025-12-04
2025-12-04 11:38:00+05:30,157.8,158.25,144.55,147.9,1093125,9097200,8.08,26039.35,26000.0,25950,ATM-1,CALL,26000,2025-12-04
2025-12-04 11:39:00+05:30,148.4,149.3,143.35,145.2,821850,9097200,8.18,26034.75,26000.0,25950,ATM-1,CALL,26000,2025-12-04
2025-12-04 11:40:00+05:30,144.55,148.3,143.4,146.8,641550,9326850,8.06,26038.15,26000.0,25950,ATM-1,CALL,26000,2025-12-04
2025-12-04 11:41:00+05:30,146.55,147.05,140.35,140.35,501300,9326850,7.77,26033.45,26000.0,25950,ATM-1,CALL,26000,2025-12-04
2025-12-04 11:42:00+05:30,141.25,142.3,136.5,136.95,1048350,9326850,7.73,26028.2,26000.0,25950,ATM-1,CALL,26000,2025-12-04
2025-12-04 11:43:00+05:30,168.75,171.5,167.55,167.75,115725,1971000,7.95,26023.45,25950.0,25950,ATM-1,CALL,26000,2025-12-04
2025-12-04 11:44:00+05:30,136.4,139.4,136.0,138.0,516300,9580800,7.95,26028.8,26000.0,25950,ATM-1,CALL,26000,2025-12-04
2025-12-04 11:45:00+05:30,168.95,169.55,159.8,160.35,213450,1971000,7.84,26015.15,25950.0,25950,ATM-1,CALL,26000,2025-12-04
2025-12-04 11:46:00+05:30,130.7,139.2,130.7,136.75,894750,9857325,7.89,26025.5,26000.0,25950,ATM-1,CALL,26000,2025-12-04
2025-12-04 11:47:00+05:30,137.0,139.1,136.6,138.0,707175,9857325,7.9,26028.45,26000.0,25950,ATM-1,CALL,26000,2025-12-04
2025-12-04 11:48:00+05:30,138.7,139.4,136.2,138.9,517875,9857325,8.02,26025.95,26000.0,25950,ATM-1,CALL,26000,2025-12-04
2025-12-04 11:49:00+05:30,138.85,142.0,137.5,140.7,692475,10108350,7.95,26031.3,26000.0,25950,ATM-1,CALL,26000,2025-12-04
2025-12-04 11:50:00+05:30,141.2,141.45,138.5,139.3,561075,10108350,7.96,26029.6,26000.0,25950,ATM-1,CALL,26000,2025-12-04
2025-12-04 11:51:00+05:30,170.4,170.7,165.25,168.25,153075,2107800,8.01,26022.9,25950.0,25950,ATM-1,CALL,26000,2025-12-04
2025-12-04 11:52:00+05:30,167.6,169.1,165.8,165.8,48225,2166675,7.91,26021.9,25950.0,25950,ATM-1,CALL,26000,2025-12-04
2025-12-04 11:53:00+05:30,166.4,167.75,164.65,165.3,69525,2166675,8.03,26018.35,25950.0,25950,ATM-1,CALL,26000,2025-12-04
2025-12-04 11:54:00+05:30,164.6,166.25,163.65,164.75,75750,2166675,8.11,26016.7,25950.0,25950,ATM-1,CALL,26000,2025-12-04
2025-12-04 11:55:00+05:30,134.0,140.1,134.0,138.4,571350,10434300,8.01,26028.1,26000.0,25950,ATM-1,CALL,26000,2025-12-04
2025-12-04 11:56:00+05:30,138.55,139.6,136.8,137.45,350850,10434300,7.96,26025.15,26000.0,25950,ATM-1,CALL,26000,2025-12-04
2025-12-04 11:57:00+05:30,169.45,169.8,165.9,166.45,49425,2270400,7.9,26022.55,25950.0,25950,ATM-1,CALL,26000,2025-12-04
2025-12-04 11:58:00+05:30,166.75,166.75,162.5,164.6,80625,2328750,7.91,26020.0,25950.0,25950,ATM-1,CALL,26000,2025-12-04
2025-12-04 11:59:00+05:30,165.05,167.0,163.75,167.0,62025,2328750,7.89,26024.0,25950.0,25950,ATM-1,CALL,26000,2025-12-04
2025-12-04 12:00:00+05:30,166.25,169.35,165.8,166.6,106875,2328750,7.86,26024.55,25950.0,25950,ATM-1,CALL,26000,2025-12-04
2025-12-04 12:01:00+05:30,167.05,169.3,166.15,169.3,43500,2349375,7.96,26024.9,25950.0,25950,ATM-1,CALL,26000,2025-12-04
2025-12-04 12:02:00+05:30,168.95,173.4,165.6,165.6,149550,2349375,7.77,26024.6,25950.0,25950,ATM-1,CALL,26000,2025-12-04
2025-12-04 12:03:00+05:30,135.8,140.9,135.8,140.9,460650,10886775,8.05,26031.4,26000.0,25950,ATM-1,CALL,26000,2025-12-04
2025-12-04 12:04:00+05:30,141.2,143.7,140.35,141.6,915600,10986375,7.96,26032.65,26000.0,25950,ATM-1,CALL,26000,2025-12-04
2025-12-04 12:05:00+05:30,141.5,144.55,141.3,143.5,901200,10986375,7.81,26038.45,26000.0,25950,ATM-1,CALL,26000,2025-12-04
2025-12-04 12:06:00+05:30,143.15,143.8,140.6,141.2,511950,10986375,7.89,26035.45,26000.0,25950,ATM-1,CALL,26000,2025-12-04
2025-12-04 12:07:00+05:30,141.05,147.0,140.75,145.85,752700,11013675,7.87,26040.6,26000.0,25950,ATM-1,CALL,26000,2025-12-04
2025-12-04 12:08:00+05:30,146.15,147.35,145.5,146.55,633225,11013675,7.91,26042.85,26000.0,25950,ATM-1,CALL,26000,2025-12-04
2025-12-04 12:09:00+05:30,146.55,146.8,137.65,138.0,953475,11013675,7.77,26032.0,26000.0,25950,ATM-1,CALL,26000,2025-12-04
2025-12-04 12:10:00+05:30,138.55,139.95,136.3,138.3,650850,11102025,8.08,26027.7,26000.0,25950,ATM-1,CALL,26000,2025-12-04
2025-12-04 12:11:00+05:30,169.2,169.2,163.9,164.25,98775,2267175,7.71,26023.8,25950.0,25950,ATM-1,CALL,26000,2025-12-04
2025-12-04 12:12:00+05:30,133.95,138.4,132.05,137.75,680025,11102025,7.98,26027.3,26000.0,25950,ATM-1,CALL,26000,2025-12-04
2025-12-04 12:13:00+05:30,136.85,139.7,136.85,137.6,411000,11100600,7.96,26026.8,26000.0,25950,ATM-1,CALL,26000,2025-12-04
2025-12-04 12:14:00+05:30,138.2,141.6,138.2,138.95,386250,11100600,8.06,26028.15,26000.0,25950,ATM-1,CALL,26000,2025-12-04
2025-12-04 12:15:00+05:30,170.25,170.55,163.0,163.85,94350,2255925,8.0,26017.8,25950.0,25950,ATM-1,CALL,26000,2025-12-04
2025-12-04 12:16:00+05:30,164.4,166.7,161.95,165.5,68775,2264850,7.96,26021.65,25950.0,25950,ATM-1,CALL,26000,2025-12-04
2025-12-04 12:17:00+05:30,166.0,169.05,165.25,166.55,60150,2264850,7.93,26023.0,25950.0,25950,ATM-1,CALL,26000,2025-12-04
2025-12-04 12:18:00+05:30,165.0,167.1,164.75,167.1,45675,2264850,8.03,26022.65,25950.0,25950,ATM-1,CALL,26000,2025-12-04
2025-12-04 12:19:00+05:30,167.6,168.65,163.05,164.1,58575,2272800,8.05,26018.15,25950.0,25950,ATM-1,CALL,26000,2025-12-04
2025-12-04 12:20:00+05:30,164.0,165.45,153.45,154.25,250875,2272800,7.82,26006.95,25950.0,25950,ATM-1,CALL,26000,2025-12-04
2025-12-04 12:21:00+05:30,153.55,158.0,152.0,158.0,259725,2272800,7.89,26012.15,25950.0,25950,ATM-1,CALL,26000,2025-12-04
2025-12-04 12:22:00+05:30,158.85,159.0,155.8,157.85,102750,2332725,7.62,26015.1,25950.0,25950,ATM-1,CALL,26000,2025-12-04
2025-12-04 12:23:00+05:30,158.3,162.5,158.05,160.2,120450,2332725,7.8,26015.85,25950.0,25950,ATM-1,CALL,26000,2025-12-04
2025-12-04 12:24:00+05:30,160.4,161.9,158.6,161.75,69675,2332725,7.7,26019.5,25950.0,25950,ATM-1,CALL,26000,2025-12-04
2025-12-04 12:25:00+05:30,161.6,166.75,161.05,166.75,121500,2347425,7.86,26024.4,25950.0,25950,ATM-1,CALL,26000,2025-12-04
2025-12-04 12:26:00+05:30,166.95,167.3,162.75,166.35,93975,2347425,7.87,26024.5,25950.0,25950,ATM-1,CALL,26000,2025-12-04
2025-12-04 12:27:00+05:30,134.7,135.45,132.25,134.6,345075,11879625,7.82,26025.65,26000.0,25950,ATM-1,CALL,26000,2025-12-04
2025-12-04 12:28:00+05:30,134.95,140.45,134.5,140.45,891825,12107175,8.11,26028.9,26000.0,25950,ATM-1,CALL,26000,2025-12-04
2025-12-04 12:29:00+05:30,170.55,171.45,162.9,164.55,170025,2401425,7.73,26024.25,25950.0,25950,ATM-1,CALL,26000,2025-12-04
2025-12-04 12:30:00+05:30,133.7,136.8,132.0,136.35,419325,12107175,7.94,26026.8,26000.0,25950,ATM-1,CALL,26000,2025-12-04
2025-12-04 12:31:00+05:30,136.2,136.8,133.3,133.3,267675,12206400,7.67,26025.35,26000.0,25950,ATM-1,CALL,26000,2025-12-04
2025-12-04 12:32:00+05:30,164.35,166.6,162.55,165.25,59025,2355600,7.8,26024.35,25950.0,25950,ATM-1,CALL,26000,2025-12-04
2025-12-04 12:33:00+05:30,133.9,137.0,133.3,137.0,307425,12206400,7.81,26029.0,26000.0,25950,ATM-1,CALL,26000,2025-12-04
2025-12-04 12:34:00+05:30,136.95,137.6,134.75,135.15,376500,12280575,7.77,26025.9,26000.0,25950,ATM-1,CALL,26000,2025-12-04
2025-12-04 12:35:00+05:30,135.55,137.65,134.7,136.3,266475,12280575,7.81,26027.9,26000.0,25950,ATM-1,CALL,26000,2025-12-04
2025-12-04 12:36:00+05:30,136.75,137.05,134.8,136.0,209100,12280575,7.9,26026.05,26000.0,25950,ATM-1,CALL,26000,2025-12-04
2025-12-04 12:37:00+05:30,167.25,169.0,164.0,165.35,80025,2357850,7.68,26025.0,25950.0,25950,ATM-1,CALL,26000,2025-12-04
2025-12-04 12:38:00+05:30,134.85,137.0,133.5,135.9,183675,12281475,7.84,26026.65,26000.0,25950,ATM-1,CALL,26000,2025-12-04
2025-12-04 12:39:00+05:30,167.2,169.8,165.1,165.7,64725,2357850,7.77,26023.95,25950.0,25950,ATM-1,CALL,26000,2025-12-04
2025-12-04 12:40:00+05:30,165.6,167.2,163.95,165.6,46650,2363850,7.77,26025.0,25950.0,25950,ATM-1,CALL,26000,2025-12-04
2025-12-04 12:41:00+05:30,165.55,166.15,162.6,162.6,42600,2363850,7.7,26023.6,25950.0,25950,ATM-1,CALL,26000,2025-12-04
2025-12-04 12:42:00+05:30,162.0,162.75,158.35,158.35,163125,2363850,7.63,26017.2,25950.0,25950,ATM-1,CALL,26000,2025-12-04
2025-12-04 12:43:00+05:30,158.35,158.7,154.5,155.4,252075,2416800,7.64,26012.5,25950.0,25950,ATM-1,CALL,26000,2025-12-04
2025-12-04 12:44:00+05:30,155.55,155.95,152.6,153.15,119550,2416800,7.55,26009.55,25950.0,25950,ATM-1,CALL,26000,2025-12-04
2025-12-04 12:45:00+05:30,152.9,152.9,140.0,140.0,431925,2416800,7.38,25992.1,25950.0,25950,ATM-1,CALL,26000,2025-12-04
2025-12-04 12:46:00+05:30,141.8,144.4,141.35,143.25,207300,2485725,7.76,25990.7,25950.0,25950,ATM-1,CALL,26000,2025-12-04
2025-12-04 12:47:00+05:30,142.7,148.3,142.7,147.1,196350,2485725,7.64,26000.85,25950.0,25950,ATM-1,CALL,26000,2025-12-04
2025-12-04 12:48:00+05:30,146.2,146.75,143.0,143.5,127425,2485725,7.44,25997.05,25950.0,25950,ATM-1,CALL,26000,2025-12-04
2025-12-04 12:49:00+05:30,143.85,144.4,141.45,142.75,96225,2485725,7.59,25993.35,25950.0,25950,ATM-1,CALL,26000,2025-12-04
2025-12-04 12:50:00+05:30,142.5,145.55,142.15,144.75,106050,2528850,7.65,25994.45,25950.0,25950,ATM-1,CALL,26000,2025-12-04
2025-12-04 12:51:00+05:30,145.1,145.9,142.6,143.4,99225,2528850,7.55,25995.5,25950.0,25950,ATM-1,CALL,26000,2025-12-04
2025-12-04 12:52:00+05:30,143.5,143.7,139.1,140.4,171300,2528850,7.47,25991.55,25950.0,25950,ATM-1,CALL,26000,2025-12-04
2025-12-04 12:53:00+05:30,140.8,144.7,139.8,143.1,120150,2605575,7.53,25993.85,25950.0,25950,ATM-1,CALL,26000,2025-12-04
2025-12-04 12:54:00+05:30,143.25,144.05,141.9,143.5,78450,2605575,7.73,25992.85,25950.0,25950,ATM-1,CALL,26000,2025-12-04
2025-12-04 12:55:00+05:30,143.4,151.0,143.4,149.85,245700,2605575,7.62,26004.5,25950.0,25950,ATM-1,CALL,26000,2025-12-04
2025-12-04 12:56:00+05:30,150.3,152.35,148.8,150.55,160050,2604975,7.63,26005.95,25950.0,25950,ATM-1,CALL,26000,2025-12-04
2025-12-04 12:57:00+05:30,150.5,152.0,149.2,151.85,107100,2604975,7.7,26005.95,25950.0,25950,ATM-1,CALL,26000,2025-12-04
2025-12-04 12:58:00+05:30,151.6,152.95,148.3,150.55,144600,2604975,7.79,26004.05,25950.0,25950,ATM-1,CALL,26000,2025-12-04
2025-12-04 12:59:00+05:30,150.65,151.7,149.45,149.45,66525,2635575,7.71,26002.4,25950.0,25950,ATM-1,CALL,26000,2025-12-04
2025-12-04 13:00:00+05:30,149.45,150.15,146.0,149.8,109050,2635575,7.82,26001.85,25950.0,25950,ATM-1,CALL,26000,2025-12-04
2025-12-04 13:01:00+05:30,150.05,151.6,148.8,149.95,76950,2635575,7.65,26004.2,25950.0,25950,ATM-1,CALL,26000,2025-12-04
2025-12-04 13:02:00+05:30,149.6,151.0,148.55,149.1,63075,2644650,7.64,26001.3,25950.0,25950,ATM-1,CALL,26000,2025-12-04
2025-12-04 13:03:00+05:30,149.15,150.75,148.7,149.6,45600,2644650,7.64,26002.7,25950.0,25950,ATM-1,CALL,26000,2025-12-04
2025-12-04 13:04:00+05:30,149.75,154.65,149.75,151.6,138000,2644650,7.7,26005.85,25950.0,25950,ATM-1,CALL,26000,2025-12-04
2025-12-04 13:05:00+05:30,151.6,153.15,148.65,149.0,91125,2640750,7.77,26001.05,25950.0,25950,ATM-1,CALL,26000,2025-12-04
2025-12-04 13:06:00+05:30,149.5,152.7,149.45,152.15,45525,2640750,7.82,26002.2,25950.0,25950,ATM-1,CALL,26000,2025-12-04
2025-12-04 13:07:00+05:30,153.0,153.2,150.65,152.0,60150,2640750,7.88,26003.9,25950.0,25950,ATM-1,CALL,26000,2025-12-04
2025-12-04 13:08:00+05:30,151.95,155.2,150.9,152.0,110400,2664600,8.03,25999.95,25950.0,25950,ATM-1,CALL,26000,2025-12-04
2025-12-04 13:09:00+05:30,152.65,152.75,149.55,150.55,54075,2664600,8.02,25997.95,25950.0,25950,ATM-1,CALL,26000,2025-12-04
2025-12-04 13:10:00+05:30,150.5,150.5,145.6,148.2,128775,2664600,8.06,25993.15,25950.0,25950,ATM-1,CALL,26000,2025-12-04
2025-12-04 13:11:00+05:30,148.15,150.15,148.15,149.05,72375,2659725,8.11,25994.25,25950.0,25950,ATM-1,CALL,26000,2025-12-04
2025-12-04 13:12:00+05:30,149.85,153.0,146.65,146.65,136050,2659725,7.94,25993.45,25950.0,25950,ATM-1,CALL,26000,2025-12-04
2025-12-04 13:13:00+05:30,147.15,148.2,144.55,147.65,133275,2659725,7.98,25993.8,25950.0,25950,ATM-1,CALL,26000,2025-12-04
2025-12-04 13:14:00+05:30,147.25,154.8,147.15,151.2,182025,2643600,7.89,26000.8,25950.0,25950,ATM-1,CALL,26000,2025-12-04
2025-12-04 13:15:00+05:30,151.3,153.5,150.5,151.5,90525,2643600,7.88,26002.4,25950.0,25950,ATM-1,CALL,26000,2025-12-04
2025-12-04 13:16:00+05:30,151.95,154.65,151.3,153.2,122700,2643600,7.89,26003.3,25950.0,25950,ATM-1,CALL,26000,2025-12-04
2025-12-04 13:17:00+05:30,153.85,154.25,150.0,152.1,91125,2665050,7.86,26000.85,25950.0,25950,ATM-1,CALL,26000,2025-12-04
2025-12-04 13:18:00+05:30,151.8,155.35,151.2,152.4,90975,2665050,8.02,26001.5,25950.0,25950,ATM-1,CALL,26000,2025-12-04
2025-12-04 13:19:00+05:30,152.6,153.45,146.3,148.3,124950,2665050,7.98,25995.65,25950.0,25950,ATM-1,CALL,26000,2025-12-04
2025-12-04 13:20:00+05:30,148.6,152.15,146.7,151.65,86400,2654850,7.93,26001.5,25950.0,25950,ATM-1,CALL,26000,2025-12-04
2025-12-04 13:21:00+05:30,151.6,153.65,150.75,153.65,93525,2654850,7.79,26006.85,25950.0,25950,ATM-1,CALL,26000,2025-12-04
2025-12-04 13:22:00+05:30,153.55,160.3,153.1,160.3,288675,2654850,7.86,26016.15,25950.0,25950,ATM-1,CALL,26000,2025-12-04
2025-12-04 13:23:00+05:30,159.9,161.6,158.35,160.3,231750,2638500,7.82,26017.05,25950.0,25950,ATM-1,CALL,26000,2025-12-04
2025-12-04 13:24:00+05:30,160.35,164.8,158.1,164.3,161250,2638500,8.11,26017.85,25950.0,25950,ATM-1,CALL,26000,2025-12-04
2025-12-04 13:25:00+05:30,163.7,165.45,160.1,160.55,289575,2638500,7.82,26016.25,25950.0,25950,ATM-1,CALL,26000,2025-12-04
2025-12-04 13:26:00+05:30,160.8,164.6,159.6,162.0,128325,2655750,7.86,26018.15,25950.0,25950,ATM-1,CALL,26000,2025-12-04
2025-12-04 13:27:00+05:30,162.2,165.25,161.95,162.8,140325,2655750,7.82,26018.95,25950.0,25950,ATM-1,CALL,26000,2025-12-04
2025-12-04 13:28:00+05:30,162.8,164.0,159.25,159.25,102825,2655750,7.76,26016.8,25950.0,25950,ATM-1,CALL,26000,2025-12-04
2025-12-04 13:29:00+05:30,159.5,162.3,159.5,160.9,80775,2698500,7.64,26015.7,25950.0,25950,ATM-1,CALL,26000,2025-12-04
2025-12-04 13:30:00+05:30,161.95,167.2,158.8,158.8,230400,2698500,7.76,26015.3,25950.0,25950,ATM-1,CALL,26000,2025-12-04
2025-12-04 13:31:00+05:30,157.7,160.3,156.45,158.05,144900,2698500,7.84,26013.6,25950.0,25950,ATM-1,CALL,26000,2025-12-04
2025-12-04 13:32:00+05:30,158.5,159.0,154.05,157.1,124050,2701425,7.86,26011.8,25950.0,25950,ATM-1,CALL,26000,2025-12-04
2025-12-04 13:33:00+05:30,156.55,156.75,154.4,155.1,85125,2701425,7.88,26008.95,25950.0,25950,ATM-1,CALL,26000,2025-12-04
2025-12-04 13:34:00+05:30,155.25,155.7,147.8,148.2,180450,2701425,7.59,26002.4,25950.0,25950,ATM-1,CALL,26000,2025-12-04
2025-12-04 13:35:00+05:30,148.65,148.65,141.6,142.15,234675,2651925,7.72,25990.4,25950.0,25950,ATM-1,CALL,26000,2025-12-04
2025-12-04 13:36:00+05:30,141.05,141.3,136.0,136.25,304875,2651925,7.71,25979.5,25950.0,25950,ATM-1,CALL,26000,2025-12-04
2025-12-04 13:37:00+05:30,136.9,136.9,131.65,133.55,282375,2651925,7.77,25976.3,25950.0,25950,ATM-1,CALL,26000,2025-12-04
2025-12-04 13:38:00+05:30,133.7,138.15,133.7,136.95,199875,2649525,7.77,25981.75,25950.0,25950,ATM-1,CALL,26000,2025-12-04
2025-12-04 13:39:00+05:30,135.6,136.25,134.75,135.8,120825,2649525,7.73,25980.55,25950.0,25950,ATM-1,CALL,26000,2025-12-04
2025-12-04 13:40:00+05:30,135.25,135.95,133.0,134.65,155775,2649525,7.72,25978.35,25950.0,25950,ATM-1,CALL,26000,2025-12-04
2025-12-04 13:41:00+05:30,165.95,166.0,154.6,156.85,418950,2941875,7.55,25964.95,25900.0,25950,ATM-1,CALL,26000,2025-12-04
2025-12-04 13:42:00+05:30,157.0,162.4,156.15,161.4,282225,2941875,7.56,25973.25,25900.0,25950,ATM-1,CALL,26000,2025-12-04
2025-12-04 13:43:00+05:30,161.75,163.5,158.5,159.75,166800,2941875,7.52,25972.9,25900.0,25950,ATM-1,CALL,26000,2025-12-04
2025-12-04 13:44:00+05:30,129.3,132.4,128.95,131.6,171075,2956575,7.61,25976.3,25950.0,25950,ATM-1,CALL,26000,2025-12-04
2025-12-04 13:45:00+05:30,162.25,162.5,158.2,159.3,120525,3044850,7.47,25972.8,25900.0,25950,ATM-1,CALL,26000,2025-12-04
2025-12-04 13:46:00+05:30,129.35,132.55,128.75,132.4,160875,2956575,7.68,25976.05,25950.0,25950,ATM-1,CALL,26000,2025-12-04
2025-12-04 13:47:00+05:30,132.0,133.0,130.3,132.25,140100,3023550,7.56,25978.2,25950.0,25950,ATM-1,CALL,26000,2025-12-04
2025-12-04 13:48:00+05:30,132.25,133.75,129.65,133.75,182100,3023550,7.67,25979.4,25950.0,25950,ATM-1,CALL,26000,2025-12-04
2025-12-04 13:49:00+05:30,134.0,134.7,131.55,132.6,154875,3023550,7.55,25978.65,25950.0,25950,ATM-1,CALL,26000,2025-12-04
2025-12-04 13:50:00+05:30,133.0,135.3,132.45,134.1,186675,3026100,7.7,25978.55,25950.0,25950,ATM-1,CALL,26000,2025-12-04
2025-12-04 13:51:00+05:30,133.75,135.95,133.05,135.2,215175,3026100,7.67,25980.5,25950.0,25950,ATM-1,CALL,26000,2025-12-04
2025-12-04 13:52:00+05:30,135.3,136.3,132.75,135.5,185925,3026100,7.68,25981.55,25950.0,25950,ATM-1,CALL,26000,2025-12-04
2025-12-04 13:53:00+05:30,165.75,167.65,161.9,164.55,154200,3256275,7.75,25974.85,25900.0,25950,ATM-1,CALL,26000,2025-12-04
2025-12-04 13:54:00+05:30,132.7,134.75,132.3,134.55,83475,3039000,7.87,25975.55,25950.0,25950,ATM-1,CALL,26000,2025-12-04
2025-12-04 13:55:00+05:30,165.45,166.2,160.9,162.45,130425,3256275,7.77,25971.95,25900.0,25950,ATM-1,CALL,26000,2025-12-04
2025-12-04 13:56:00+05:30,162.4,165.45,161.8,162.85,82950,3299175,7.73,25974.4,25900.0,25950,ATM-1,CALL,26000,2025-12-04
2025-12-04 13:57:00+05:30,131.2,133.3,128.3,132.8,198825,3060975,7.77,25975.8,25950.0,25950,ATM-1,CALL,26000,2025-12-04
2025-12-04 13:58:00+05:30,163.95,166.95,162.0,163.35,93975,3299175,7.71,25974.05,25900.0,25950,ATM-1,CALL,26000,2025-12-04
2025-12-04 13:59:00+05:30,162.9,164.5,162.35,163.0,44850,3281925,7.7,25973.3,25900.0,25950,ATM-1,CALL,26000,2025-12-04
2025-12-04 14:00:00+05:30,162.75,163.9,159.45,163.4,237525,3281925,7.8,25972.3,25900.0,25950,ATM-1,CALL,26000,2025-12-04
2025-12-04 14:01:00+05:30,132.4,139.6,131.15,135.75,349575,3060675,7.73,25979.95,25950.0,25950,ATM-1,CALL,26000,2025-12-04
2025-12-04 14:02:00+05:30,135.3,138.55,134.85,134.85,182400,3050475,7.6,25980.35,25950.0,25950,ATM-1,CALL,26000,2025-12-04
2025-12-04 14:03:00+05:30,135.2,136.7,129.55,134.5,262275,3050475,7.66,25978.75,25950.0,25950,ATM-1,CALL,26000,2025-12-04
2025-12-04 14:04:00+05:30,135.1,140.7,135.1,139.25,323475,3050475,7.65,25986.7,25950.0,25950,ATM-1,CALL,26000,2025-12-04
2025-12-04 14:05:00+05:30,139.75,139.75,134.5,136.7,239475,3113925,7.73,25980.35,25950.0,25950,ATM-1,CALL,26000,2025-12-04
2025-12-04 14:06:00+05:30,136.15,137.9,135.0,137.2,103875,3113925,7.73,25982.0,25950.0,25950,ATM-1,CALL,26000,2025-12-04
2025-12-04 14:07:00+05:30,137.7,145.7,137.7,144.9,403875,3113925,7.57,25998.25,25950.0,25950,ATM-1,CALL,26000,2025-12-04
2025-12-04 14:08:00+05:30,144.15,145.25,142.2,144.7,314025,3093300,7.39,26001.55,25950.0,25950,ATM-1,CALL,26000,2025-12-04
2025-12-04 14:09:00+05:30,144.2,145.55,142.5,144.25,234900,3093300,7.19,26005.6,25950.0,25950,ATM-1,CALL,26000,2025-12-04
2025-12-04 14:10:00+05:30,143.9,159.7,143.6,154.15,766350,3093300,7.17,26017.4,25950.0,25950,ATM-1,CALL,26000,2025-12-04
2025-12-04 14:11:00+05:30,154.65,156.7,147.45,150.8,323625,3090600,7.51,26007.55,25950.0,25950,ATM-1,CALL,26000,2025-12-04
2025-12-04 14:12:00+05:30,150.0,153.4,149.0,152.65,152700,3090600,7.55,26009.2,25950.0,25950,ATM-1,CALL,26000,2025-12-04
2025-12-04 14:13:00+05:30,153.1,154.25,149.2,151.3,175575,3090600,7.75,26004.15,25950.0,25950,ATM-1,CALL,26000,2025-12-04
2025-12-04 14:14:00+05:30,151.6,153.85,150.0,151.0,126675,3088575,7.73,26004.05,25950.0,25950,ATM-1,CALL,26000,2025-12-04
2025-12-04 14:15:00+05:30,152.2,153.75,148.75,150.2,139050,3088575,7.84,26001.75,25950.0,25950,ATM-1,CALL,26000,2025-12-04
2025-12-04 14:16:00+05:30,149.0,150.5,146.1,150.3,192375,3088575,7.81,26001.6,25950.0,25950,ATM-1,CALL,26000,2025-12-04
2025-12-04 14:17:00+05:30,150.25,155.65,150.25,155.3,262275,3010125,7.82,26009.45,25950.0,25950,ATM-1,CALL,26000,2025-12-04
2025-12-04 14:18:00+05:30,155.25,155.4,152.45,153.95,146250,3010125,7.77,26008.75,25950.0,25950,ATM-1,CALL,26000,2025-12-04
2025-12-04 14:19:00+05:30,154.1,154.2,149.0,149.05,125025,3010125,7.8,26001.0,25950.0,25950,ATM-1,CALL,26000,2025-12-04
2025-12-04 14:20:00+05:30,149.05,149.05,146.25,147.75,143925,3037800,7.85,25997.45,25950.0,25950,ATM-1,CALL,26000,2025-12-04
2025-12-04 14:21:00+05:30,146.95,147.4,141.9,146.15,273225,3037800,7.87,25995.0,25950.0,25950,ATM-1,CALL,26000,2025-12-04
2025-12-04 14:22:00+05:30,147.2,149.15,144.9,147.4,132600,3037800,7.93,25995.3,25950.0,25950,ATM-1,CALL,26000,2025-12-04
2025-12-04 14:23:00+05:30,147.4,156.55,147.4,156.55,259425,2937300,8.1,26007.0,25950.0,25950,ATM-1,CALL,26000,2025-12-04
2025-12-04 14:24:00+05:30,157.4,158.0,150.9,150.9,261900,2937300,7.86,26002.25,25950.0,25950,ATM-1,CALL,26000,2025-12-04
2025-12-04 14:25:00+05:30,151.6,152.45,148.6,151.35,123000,2937300,7.96,26000.7,25950.0,25950,ATM-1,CALL,26000,2025-12-04
2025-12-04 14:26:00+05:30,150.45,155.35,150.45,154.5,109575,2977875,7.96,26006.75,25950.0,25950,ATM-1,CALL,26000,2025-12-04
2025-12-04 14:27:00+05:30,153.5,156.25,152.5,154.25,109125,2977875,7.88,26007.5,25950.0,25950,ATM-1,CALL,26000,2025-12-04
2025-12-04 14:28:00+05:30,153.4,154.95,152.0,154.1,77175,2977875,7.93,26006.15,25950.0,25950,ATM-1,CALL,26000,2025-12-04
2025-12-04 14:29:00+05:30,154.0,159.0,154.0,157.5,234600,2997600,7.73,26014.0,25950.0,25950,ATM-1,CALL,26000,2025-12-04
2025-12-04 14:30:00+05:30,158.05,161.4,156.0,156.95,310725,2997600,7.63,26016.25,25950.0,25950,ATM-1,CALL,26000,2025-12-04
2025-12-04 14:31:00+05:30,157.95,160.0,156.3,158.6,114600,2997600,7.73,26015.55,25950.0,25950,ATM-1,CALL,26000,2025-12-04
2025-12-04 14:32:00+05:30,159.3,159.65,153.0,155.15,150450,2980950,7.9,26008.7,25950.0,25950,ATM-1,CALL,26000,2025-12-04
2025-12-04 14:33:00+05:30,154.65,158.2,153.85,157.8,97650,2980950,7.96,26010.1,25950.0,25950,ATM-1,CALL,26000,2025-12-04
2025-12-04 14:34:00+05:30,157.6,157.6,155.05,155.55,49350,2980950,7.94,26008.95,25950.0,25950,ATM-1,CALL,26000,2025-12-04
2025-12-04 14:35:00+05:30,155.25,155.85,149.0,151.5,137700,2978175,7.86,26003.8,25950.0,25950,ATM-1,CALL,26000,2025-12-04
2025-12-04 14:36:00+05:30,151.15,154.55,148.75,149.7,118500,2978175,7.82,26000.4,25950.0,25950,ATM-1,CALL,26000,2025-12-04
2025-12-04 14:37:00+05:30,150.05,151.55,149.4,150.9,89400,2978175,7.77,26004.1,25950.0,25950,ATM-1,CALL,26000,2025-12-04
2025-12-04 14:38:00+05:30,151.2,159.25,151.2,159.25,142050,2964300,7.96,26013.55,25950.0,25950,ATM-1,CALL,26000,2025-12-04
2025-12-04 14:39:00+05:30,157.9,162.3,157.1,159.0,202575,2964300,7.9,26013.75,25950.0,25950,ATM-1,CALL,26000,2025-12-04
2025-12-04 14:40:00+05:30,159.1,161.2,158.75,159.05,98250,2964300,7.73,26017.5,25950.0,25950,ATM-1,CALL,26000,2025-12-04
2025-12-04 14:41:00+05:30,160.0,161.55,158.05,158.6,127650,2892375,7.82,26015.45,25950.0,25950,ATM-1,CALL,26000,2025-12-04
2025-12-04 14:42:00+05:30,159.25,163.35,155.45,157.7,214125,2892375,7.79,26015.5,25950.0,25950,ATM-1,CALL,26000,2025-12-04
2025-12-04 14:43:00+05:30,157.1,159.5,154.45,156.2,88575,2892375,8.06,26007.85,25950.0,25950,ATM-1,CALL,26000,2025-12-04
2025-12-04 14:44:00+05:30,156.8,157.0,152.85,152.85,91950,2796975,8.15,26000.6,25950.0,25950,ATM-1,CALL,26000,2025-12-04
2025-12-04 14:45:00+05:30,153.0,155.35,146.6,147.7,247200,2796975,8.16,25992.35,25950.0,25950,ATM-1,CALL,26000,2025-12-04
2025-12-04 14:46:00+05:30,147.25,149.95,144.9,146.8,199575,2796975,8.24,25988.7,25950.0,25950,ATM-1,CALL,26000,2025-12-04
2025-12-04 14:47:00+05:30,147.65,153.75,146.3,152.1,172350,2673750,8.02,26001.55,25950.0,25950,ATM-1,CALL,26000,2025-12-04
2025-12-04 14:48:00+05:30,151.75,153.0,149.6,152.0,151050,2673750,7.92,26003.3,25950.0,25950,ATM-1,CALL,26000,2025-12-04
2025-12-04 14:49:00+05:30,151.25,152.25,150.4,151.7,71850,2673750,7.73,26003.65,25950.0,25950,ATM-1,CALL,26000,2025-12-04
2025-12-04 14:50:00+05:30,152.1,160.15,151.55,159.85,235650,2669400,7.96,26014.1,25950.0,25950,ATM-1,CALL,26000,2025-12-04
2025-12-04 14:51:00+05:30,159.35,161.8,157.0,161.8,196875,2669400,7.93,26018.15,25950.0,25950,ATM-1,CALL,26000,2025-12-04
2025-12-04 14:52:00+05:30,130.75,136.65,130.3,135.8,1438350,12766500,7.96,26026.15,26000.0,25950,ATM-1,CALL,26000,2025-12-04
2025-12-04 14:53:00+05:30,167.3,168.5,164.3,166.4,288900,2615325,7.96,26023.0,25950.0,25950,ATM-1,CALL,26000,2025-12-04
2025-12-04 14:54:00+05:30,134.25,137.4,133.5,135.3,799125,12655050,7.96,26025.05,26000.0,25950,ATM-1,CALL,26000,2025-12-04
2025-12-04 14:55:00+05:30,135.65,137.75,134.45,136.4,827850,12655050,7.79,26029.45,26000.0,25950,ATM-1,CALL,26000,2025-12-04
2025-12-04 14:56:00+05:30,136.7,144.95,136.3,144.75,1556850,12434250,7.99,26039.65,26000.0,25950,ATM-1,CALL,26000,2025-12-04
2025-12-04 14:57:00+05:30,142.15,144.0,140.95,141.5,1494825,12434250,7.91,26036.45,26000.0,25950,ATM-1,CALL,26000,2025-12-04
2025-12-04 14:58:00+05:30,141.8,144.5,141.15,143.85,895725,12434250,7.89,26039.35,26000.0,25950,ATM-1,CALL,26000,2025-12-04
2025-12-04 14:59:00+05:30,143.95,149.4,143.15,145.15,1404750,11834700,7.86,26043.25,26000.0,25950,ATM-1,CALL,26000,2025-12-04
2025-12-04 15:00:00+05:30,145.1,150.05,145.1,149.6,1545825,11834700,7.96,26048.45,26000.0,25950,ATM-1,CALL,26000,2025-12-04
2025-12-04 15:01:00+05:30,146.15,151.85,146.15,149.1,1298325,11834700,7.82,26050.5,26000.0,25950,ATM-1,CALL,26000,2025-12-04
2025-12-04 15:02:00+05:30,148.35,152.7,148.35,149.4,1089750,11199075,7.51,26057.65,26000.0,25950,ATM-1,CALL,26000,2025-12-04
2025-12-04 15:03:00+05:30,149.65,149.75,145.0,145.9,916350,11199075,7.71,26047.5,26000.0,25950,ATM-1,CALL,26000,2025-12-04
2025-12-04 15:04:00+05:30,145.9,147.3,144.5,147.0,606675,11199075,7.7,26049.4,26000.0,25950,ATM-1,CALL,26000,2025-12-04
2025-12-04 15:05:00+05:30,147.35,149.65,146.15,149.2,537675,10890750,7.68,26052.75,26000.0,25950,ATM-1,CALL,26000,2025-12-04
2025-12-04 15:06:00+05:30,148.95,149.55,147.35,147.95,485475,10890750,7.62,26052.85,26000.0,25950,ATM-1,CALL,26000,2025-12-04
2025-12-04 15:07:00+05:30,147.45,147.55,145.15,146.5,422475,10890750,7.43,26052.95,26000.0,25950,ATM-1,CALL,26000,2025-12-04
2025-12-04 15:08:00+05:30,146.25,146.8,141.4,146.0,843150,10681575,7.53,26051.35,26000.0,25950,ATM-1,CALL,26000,2025-12-04
2025-12-04 15:09:00+05:30,145.5,145.5,142.15,143.6,518700,10681575,7.6,26046.6,26000.0,25950,ATM-1,CALL,26000,2025-12-04
2025-12-04 15:10:00+05:30,143.4,146.55,142.45,146.55,567675,10681575,7.56,26051.4,26000.0,25950,ATM-1,CALL,26000,2025-12-04
2025-12-04 15:11:00+05:30,146.4,149.3,146.4,148.3,600375,10365150,7.64,26053.4,26000.0,25950,ATM-1,CALL,26000,2025-12-04
2025-12-04 15:12:00+05:30,148.0,148.05,144.65,146.05,574950,10365150,7.85,26045.1,26000.0,25950,ATM-1,CALL,26000,2025-12-04
2025-12-04 15:13:00+05:30,146.2,146.4,142.85,145.2,575100,10365150,8.05,26041.35,26000.0,25950,ATM-1,CALL,26000,2025-12-04
2025-12-04 15:14:00+05:30,145.25,145.25,142.2,143.5,441450,10075500,8.05,26037.7,26000.0,25950,ATM-1,CALL,26000,2025-12-04
2025-12-04 15:15:00+05:30,143.75,144.0,139.4,142.25,865500,10075500,8.03,26036.65,26000.0,25950,ATM-1,CALL,26000,2025-12-04
2025-12-04 15:16:00+05:30,142.1,142.6,138.7,140.85,507600,10075500,8.07,26032.25,26000.0,25950,ATM-1,CALL,26000,2025-12-04
2025-12-04 15:17:00+05:30,140.2,141.3,136.35,136.35,369825,9855675,7.96,26027.65,26000.0,25950,ATM-1,CALL,26000,2025-12-04
2025-12-04 15:18:00+05:30,136.85,141.75,133.85,141.75,673425,9855675,8.21,26031.0,26000.0,25950,ATM-1,CALL,26000,2025-12-04
2025-12-04 15:19:00+05:30,141.35,144.05,141.1,143.95,626850,9855675,7.96,26040.9,26000.0,25950,ATM-1,CALL,26000,2025-12-04
2025-12-04 15:20:00+05:30,143.0,143.5,141.0,143.3,552375,9843150,8.36,26032.5,26000.0,25950,ATM-1,CALL,26000,2025-12-04
2025-12-04 15:21:00+05:30,143.3,144.75,141.9,141.95,379125,9843150,8.25,26031.0,26000.0,25950,ATM-1,CALL,26000,2025-12-04
2025-12-04 15:22:00+05:30,175.2,177.2,173.4,173.4,86100,1832175,8.52,26023.95,25950.0,25950,ATM-1,CALL,26000,2025-12-04
2025-12-04 15:23:00+05:30,140.8,142.85,140.8,142.15,288300,9794325,8.29,26032.1,26000.0,25950,ATM-1,CALL,26000,2025-12-04
2025-12-04 15:24:00+05:30,142.35,143.8,141.75,142.55,353925,9794325,8.36,26030.45,26000.0,25950,ATM-1,CALL,26000,2025-12-04
2025-12-04 15:25:00+05:30,142.25,143.0,141.3,141.3,393375,9794325,8.43,26026.4,26000.0,25950,ATM-1,CALL,26000,2025-12-04
2025-12-04 15:26:00+05:30,174.8,176.0,172.1,172.1,70125,1726500,8.45,26023.95,25950.0,25950,ATM-1,CALL,26000,2025-12-04
2025-12-04 15:27:00+05:30,172.5,173.35,170.7,172.4,78975,1726500,8.32,26018.75,25950.0,25950,ATM-1,CALL,26000,2025-12-04
2025-12-04 15:28:00+05:30,172.0,174.45,172.0,174.3,100650,1726500,9.17,26015.6,25950.0,25950,ATM-1,CALL,26000,2025-12-04
2025-12-04 15:29:00+05:30,174.6,174.6,172.8,173.85,122325,1679625,9.04,26017.1,25950.0,25950,ATM-1,CALL,26000,2025-12-04
2025-12-04 09:15:00+05:30,38.85,54.6,38.85,52.3,1477275,4997175,9.76,25950.75,25800.0,25850,ATM-3,PUT,26000,2025-12-04
2025-12-04 09:16:00+05:30,53.6,53.6,47.6,48.25,826875,4997175,9.52,25955.15,25800.0,25850,ATM-3,PUT,26000,2025-12-04
2025-12-04 09:17:00+05:30,49.0,50.0,46.95,46.95,844875,4997175,9.46,25959.1,25800.0,25850,ATM-3,PUT,26000,2025-12-04
2025-12-04 09:18:00+05:30,46.75,48.2,46.55,47.8,446850,5368875,9.52,25958.5,25800.0,25850,ATM-3,PUT,26000,2025-12-04
2025-12-04 09:19:00+05:30,47.8,52.2,47.45,51.4,698400,5368875,9.66,25949.55,25800.0,25850,ATM-3,PUT,26000,2025-12-04
2025-12-04 09:20:00+05:30,51.3,51.9,49.85,51.1,508275,5368875,9.59,25948.6,25800.0,25850,ATM-3,PUT,26000,2025-12-04
2025-12-04 09:21:00+05:30,50.75,52.05,49.2,49.5,662925,5368875,9.66,25955.4,25800.0,25850,ATM-3,PUT,26000,2025-12-04
2025-12-04 09:22:00+05:30,49.4,51.4,48.1,48.1,436575,5458725,9.64,25961.85,25800.0,25850,ATM-3,PUT,26000,2025-12-04
2025-12-04 09:23:00+05:30,61.8,62.7,57.2,57.5,573750,3108150,9.81,25985.45,25850.0,25850,ATM-3,PUT,26000,2025-12-04
2025-12-04 09:24:00+05:30,57.6,58.55,53.9,53.9,500025,3108150,9.65,25992.65,25850.0,25850,ATM-3,PUT,26000,2025-12-04
2025-12-04 09:25:00+05:30,54.4,57.5,54.4,56.4,483825,3307200,9.53,25977.6,25850.0,25850,ATM-3,PUT,26000,2025-12-04
2025-12-04 09:26:00+05:30,56.65,57.8,54.65,54.9,263400,3307200,9.44,25979.2,25850.0,25850,ATM-3,PUT,26000,2025-12-04
2025-12-04 09:27:00+05:30,55.2,57.0,53.65,54.2,340275,3307200,9.56,25986.25,25850.0,25850,ATM-3,PUT,26000,2025-12-04
2025-12-04 09:28:00+05:30,54.25,54.95,52.7,53.4,243300,3576450,9.59,25990.8,25850.0,25850,ATM-3,PUT,26000,2025-12-04
2025-12-04 09:29:00+05:30,53.4,54.05,51.1,51.25,287700,3576450,9.51,25995.85,25850.0,25850,ATM-3,PUT,26000,2025-12-04
2025-12-04 09:30:00+05:30,51.35,52.8,50.35,51.5,301650,3576450,9.6,25997.05,25850.0,25850,ATM-3,PUT,26000,2025-12-04
2025-12-04 09:31:00+05:30,51.85,52.45,49.65,51.5,197775,3581925,9.56,25995.95,25850.0,25850,ATM-3,PUT,26000,2025-12-04
2025-12-04 09:32:00+05:30,51.7,55.8,51.25,53.85,398700,3581925,9.47,25983.85,25850.0,25850,ATM-3,PUT,26000,2025-12-04
2025-12-04 09:33:00+05:30,53.45,55.0,50.95,51.05,253275,3581925,9.43,25990.9,25850.0,25850,ATM-3,PUT,26000,2025-12-04
2025-12-04 09:34:00+05:30,51.05,51.6,47.5,47.7,337425,3693300,9.36,26000.8,25850.0,25850,ATM-3,PUT,26000,2025-12-04
2025-12-04 09:35:00+05:30,47.65,47.8,44.4,44.95,513075,3693300,9.46,26016.75,25850.0,25850,ATM-3,PUT,26000,2025-12-04
2025-12-04 09:36:00+05:30,45.1,45.2,43.75,44.45,421875,3693300,9.5,26021.3,25850.0,25850,ATM-3,PUT,26000,2025-12-04
2025-12-04 09:37:00+05:30,57.5,57.8,55.9,57.25,594900,9675525,9.53,26025.25,25900.0,25850,ATM-3,PUT,26000,2025-12-04
2025-12-04 09:38:00+05:30,44.1,45.9,43.55,45.85,246825,3680925,9.59,26018.65,25850.0,25850,ATM-3,PUT,26000,2025-12-04
2025-12-04 09:39:00+05:30,45.8,47.15,45.3,46.65,263325,3680925,9.55,26013.45,25850.0,25850,ATM-3,PUT,26000,2025-12-04
2025-12-04 09:40:00+05:30,46.3,50.3,45.95,48.3,309150,3819000,9.46,26003.5,25850.0,25850,ATM-3,PUT,26000,2025-12-04
2025-12-04 09:41:00+05:30,48.45,50.25,47.35,47.35,304950,3819000,9.43,26004.5,25850.0,25850,ATM-3,PUT,26000,2025-12-04
2025-12-04 09:42:00+05:30,46.9,47.5,45.35,46.7,192825,3819000,9.52,26011.85,25850.0,25850,ATM-3,PUT,26000,2025-12-04
2025-12-04 09:43:00+05:30,46.6,46.95,45.0,45.05,94575,3839625,9.47,26016.45,25850.0,25850,ATM-3,PUT,26000,2025-12-04
2025-12-04 09:44:00+05:30,57.85,58.45,54.8,55.45,631425,9816600,9.47,26028.15,25900.0,25850,ATM-3,PUT,26000,2025-12-04
2025-12-04 09:45:00+05:30,55.85,56.4,55.1,56.05,558900,9816600,9.43,26025.2,25900.0,25850,ATM-3,PUT,26000,2025-12-04
2025-12-04 09:46:00+05:30,43.8,43.8,41.75,43.3,181500,3875325,9.46,26021.95,25850.0,25850,ATM-3,PUT,26000,2025-12-04
2025-12-04 09:47:00+05:30,43.25,43.8,41.65,43.35,142500,3875325,9.42,26021.05,25850.0,25850,ATM-3,PUT,26000,2025-12-04
2025-12-04 09:48:00+05:30,43.3,44.6,43.0,43.2,131775,3875325,9.34,26017.6,25850.0,25850,ATM-3,PUT,26000,2025-12-04
2025-12-04 09:49:00+05:30,43.55,45.6,43.1,44.9,150825,3915900,9.44,26016.3,25850.0,25850,ATM-3,PUT,26000,2025-12-04
2025-12-04 09:50:00+05:30,45.15,45.65,44.15,44.25,134475,3915900,9.52,26022.5,25850.0,25850,ATM-3,PUT,26000,2025-12-04
2025-12-04 09:51:00+05:30,57.15,57.95,56.05,56.9,230325,10081125,9.5,26025.1,25900.0,25850,ATM-3,PUT,26000,2025-12-04
2025-12-04 09:52:00+05:30,57.0,57.1,52.7,53.35,553800,10010775,9.41,26032.8,25900.0,25850,ATM-3,PUT,26000,2025-12-04
2025-12-04 09:53:00+05:30,53.9,56.25,53.15,56.25,349800,10010775,9.49,26025.9,25900.0,25850,ATM-3,PUT,26000,2025-12-04
2025-12-04 09:54:00+05:30,56.45,57.5,55.2,55.65,357525,10010775,9.48,26027.9,25900.0,25850,ATM-3,PUT,26000,2025-12-04
2025-12-04 09:55:00+05:30,56.0,56.0,54.05,54.35,221325,9956925,9.49,26032.45,25900.0,25850,ATM-3,PUT,26000,2025-12-04
2025-12-04 09:56:00+05:30,54.8,55.35,54.0,54.6,187050,9956925,9.55,26033.35,25900.0,25850,ATM-3,PUT,26000,2025-12-04
2025-12-04 09:57:00+05:30,54.5,56.3,54.35,55.55,250050,9956925,9.52,26028.75,25900.0,25850,ATM-3,PUT,26000,2025-12-04
2025-12-04 09:58:00+05:30,55.4,56.45,53.35,54.8,233100,9970275,9.5,26031.05,25900.0,25850,ATM-3,PUT,26000,2025-12-04
2025-12-04 09:59:00+05:30,54.7,56.0,54.25,55.4,125700,9970275,9.5,26028.3,25900.0,25850,ATM-3,PUT,26000,2025-12-04
2025-12-04 10:00:00+05:30,55.25,56.1,54.45,54.65,254850,9970275,9.52,26031.75,25900.0,25850,ATM-3,PUT,26000,2025-12-04
2025-12-04 10:01:00+05:30,54.5,56.35,53.8,56.05,262950,10040925,9.53,26028.35,25900.0,25850,ATM-3,PUT,26000,2025-12-04
2025-12-04 10:02:00+05:30,56.35,57.6,54.65,56.6,348675,10040925,9.58,26027.3,25900.0,25850,ATM-3,PUT,26000,2025-12-04
2025-12-04 10:03:00+05:30,56.2,58.2,55.35,55.4,391950,10040925,9.43,26026.65,25900.0,25850,ATM-3,PUT,26000,2025-12-04
2025-12-04 10:04:00+05:30,55.5,56.8,55.2,56.35,190125,10071825,9.47,26025.05,25900.0,25850,ATM-3,PUT,26000,2025-12-04
2025-12-04 10:05:00+05:30,43.35,44.6,42.55,43.95,133050,4345350,9.52,26021.85,25850.0,25850,ATM-3,PUT,26000,2025-12-04
2025-12-04 10:06:00+05:30,56.9,57.05,54.1,54.45,329625,10071825,9.46,26031.9,25900.0,25850,ATM-3,PUT,26000,2025-12-04
2025-12-04 10:07:00+05:30,54.0,54.85,49.85,50.15,990600,10137375,9.28,26039.6,25900.0,25850,ATM-3,PUT,26000,2025-12-04
2025-12-04 10:08:00+05:30,50.75,52.05,50.4,51.5,365700,10137375,9.32,26036.25,25900.0,25850,ATM-3,PUT,26000,2025-12-04
2025-12-04 10:09:00+05:30,51.95,55.9,51.55,55.35,546225,10137375,9.42,26027.5,25900.0,25850,ATM-3,PUT,26000,2025-12-04
2025-12-04 10:10:00+05:30,55.35,55.8,54.35,54.8,292725,10088625,9.43,26029.0,25900.0,25850,ATM-3,PUT,26000,2025-12-04
2025-12-04 10:11:00+05:30,54.75,56.1,53.95,54.4,261750,10088625,9.41,26029.15,25900.0,25850,ATM-3,PUT,26000,2025-12-04
2025-12-04 10:12:00+05:30,54.4,54.4,52.25,52.9,247050,10088625,9.39,26034.35,25900.0,25850,ATM-3,PUT,26000,2025-12-04
2025-12-04 10:13:00+05:30,52.5,52.8,50.85,51.7,320100,10112700,9.44,26040.35,25900.0,25850,ATM-3,PUT,26000,2025-12-04
2025-12-04 10:14:00+05:30,51.75,52.15,49.35,50.65,444300,10112700,9.43,26042.75,25900.0,25850,ATM-3,PUT,26000,2025-12-04
2025-12-04 10:15:00+05:30,50.4,51.0,49.75,50.35,276525,10112700,9.39,26042.45,25900.0,25850,ATM-3,PUT,26000,2025-12-04
2025-12-04 10:16:00+05:30,50.45,51.4,49.75,50.35,384900,10347375,9.39,26043.45,25900.0,25850,ATM-3,PUT,26000,2025-12-04
2025-12-04 10:17:00+05:30,50.3,52.0,50.05,51.55,283575,10347375,9.37,26038.1,25900.0,25850,ATM-3,PUT,26000,2025-12-04
2025-12-04 10:18:00+05:30,51.35,51.8,49.8,49.8,198900,10347375,9.27,26043.7,25900.0,25850,ATM-3,PUT,26000,2025-12-04
2025-12-04 10:19:00+05:30,49.95,50.6,47.15,48.1,451350,10525125,9.27,26046.55,25900.0,25850,ATM-3,PUT,26000,2025-12-04
2025-12-04 10:20:00+05:30,48.15,49.05,47.45,48.6,643050,10525125,9.36,26048.05,25900.0,25850,ATM-3,PUT,26000,2025-12-04
2025-12-04 10:21:00+05:30,48.8,48.85,46.15,46.7,571125,10525125,9.27,26052.55,25900.0,25850,ATM-3,PUT,26000,2025-12-04
2025-12-04 10:22:00+05:30,46.6,47.75,45.35,47.4,692475,10538100,9.27,26049.05,25900.0,25850,ATM-3,PUT,26000,2025-12-04
2025-12-04 10:23:00+05:30,47.7,48.2,46.55,46.7,382575,10538100,9.22,26050.05,25900.0,25850,ATM-3,PUT,26000,2025-12-04
2025-12-04 10:24:00+05:30,46.55,47.65,46.5,47.2,203100,10538100,9.27,26050.55,25900.0,25850,ATM-3,PUT,26000,2025-12-04
2025-12-04 10:25:00+05:30,47.0,47.05,45.9,46.0,587025,10540575,9.32,26055.15,25900.0,25850,ATM-3,PUT,26000,2025-12-04
2025-12-04 10:26:00+05:30,45.9,46.25,44.65,45.95,482700,10540575,9.32,26056.0,25900.0,25850,ATM-3,PUT,26000,2025-12-04
2025-12-04 10:27:00+05:30,45.8,46.1,44.3,44.65,301800,10540575,9.22,26057.25,25900.0,25850,ATM-3,PUT,26000,2025-12-04
2025-12-04 10:28:00+05:30,44.65,44.65,41.85,41.9,702375,10478325,9.13,26065.4,25900.0,25850,ATM-3,PUT,26000,2025-12-04
2025-12-04 10:29:00+05:30,54.55,55.0,51.75,52.0,827025,7071675,9.15,26078.9,25950.0,25850,ATM-3,PUT,26000,2025-12-04
2025-12-04 10:30:00+05:30,52.1,52.85,51.05,52.45,924075,7071675,9.24,26078.7,25950.0,25850,ATM-3,PUT,26000,2025-12-04
2025-12-04 10:31:00+05:30,52.65,52.7,50.15,50.3,421050,7271775,9.18,26085.9,25950.0,25850,ATM-3,PUT,26000,2025-12-04
2025-12-04 10:32:00+05:30,50.1,51.6,49.25,51.45,682725,7271775,9.19,26082.25,25950.0,25850,ATM-3,PUT,26000,2025-12-04
2025-12-04 10:33:00+05:30,51.4,52.65,51.4,51.9,393975,7271775,9.15,26078.05,25950.0,25850,ATM-3,PUT,26000,2025-12-04
2025-12-04 10:34:00+05:30,51.75,52.0,49.7,49.7,379875,7064475,9.11,26084.65,25950.0,25850,ATM-3,PUT,26000,2025-12-04
2025-12-04 10:35:00+05:30,49.9,50.3,49.4,49.7,235200,7064475,9.19,26087.7,25950.0,25850,ATM-3,PUT,26000,2025-12-04
2025-12-04 10:36:00+05:30,49.1,49.7,48.9,49.3,295800,7064475,9.3,26092.35,25950.0,25850,ATM-3,PUT,26000,2025-12-04
2025-12-04 10:37:00+05:30,49.45,49.9,48.6,48.85,293100,7075725,9.3,26094.9,25950.0,25850,ATM-3,PUT,26000,2025-12-04
2025-12-04 10:38:00+05:30,48.85,49.5,48.65,49.1,144975,7075725,9.21,26090.8,25950.0,25850,ATM-3,PUT,26000,2025-12-04
2025-12-04 10:39:00+05:30,49.15,50.4,49.15,49.85,224325,7075725,9.22,26089.6,25950.0,25850,ATM-3,PUT,26000,2025-12-04
2025-12-04 10:40:00+05:30,49.9,49.95,47.85,49.8,272400,7134000,9.26,26090.65,25950.0,25850,ATM-3,PUT,26000,2025-12-04
2025-12-04 10:41:00+05:30,49.75,50.15,48.05,48.55,211650,7134000,9.22,26093.2,25950.0,25850,ATM-3,PUT,26000,2025-12-04
2025-12-04 10:42:00+05:30,48.5,48.95,47.6,48.4,206700,7134000,9.22,26093.55,25950.0,25850,ATM-3,PUT,26000,2025-12-04
2025-12-04 10:43:00+05:30,48.35,49.0,47.55,48.55,107700,7187925,9.25,26094.6,25950.0,25850,ATM-3,PUT,26000,2025-12-04
2025-12-04 10:44:00+05:30,48.35,49.2,47.5,48.85,168225,7187925,9.24,26092.7,25950.0,25850,ATM-3,PUT,26000,2025-12-04
2025-12-04 10:45:00+05:30,48.95,49.25,48.5,48.8,95700,7187925,9.36,26097.1,25950.0,25850,ATM-3,PUT,26000,2025-12-04
2025-12-04 10:46:00+05:30,48.8,49.55,48.5,48.95,143925,7210425,9.32,26094.7,25950.0,25850,ATM-3,PUT,26000,2025-12-04
2025-12-04 10:47:00+05:30,49.15,49.8,48.85,49.75,160425,7210425,9.21,26089.9,25950.0,25850,ATM-3,PUT,26000,2025-12-04
2025-12-04 10:48:00+05:30,49.8,50.45,49.5,49.55,250275,7210425,9.18,26087.8,25950.0,25850,ATM-3,PUT,26000,2025-12-04
2025-12-04 10:49:00+05:30,49.5,50.7,49.5,50.45,182700,7288800,9.18,26083.4,25950.0,25850,ATM-3,PUT,26000,2025-12-04
2025-12-04 10:50:00+05:30,50.3,50.6,49.75,50.4,164550,7288800,9.13,26082.9,25950.0,25850,ATM-3,PUT,26000,2025-12-04
2025-12-04 10:51:00+05:30,50.45,50.7,49.8,50.0,106500,7288800,9.13,26084.25,25950.0,25850,ATM-3,PUT,26000,2025-12-04
2025-12-04 10:52:00+05:30,49.9,50.35,49.65,49.95,86550,7255050,9.09,26082.75,25950.0,25850,ATM-3,PUT,26000,2025-12-04
2025-12-04 10:53:00+05:30,49.95,51.7,49.95,50.3,203475,7255050,9.03,26079.6,25950.0,25850,ATM-3,PUT,26000,2025-12-04
2025-12-04 10:54:00+05:30,50.25,50.95,49.85,50.8,121275,7255050,9.07,26078.05,25950.0,25850,ATM-3,PUT,26000,2025-12-04
2025-12-04 10:55:00+05:30,50.8,51.1,49.9,50.1,137100,7286250,9.03,26079.2,25950.0,25850,ATM-3,PUT,26000,2025-12-04
2025-12-04 10:56:00+05:30,50.1,50.95,49.7,50.15,93675,7286250,9.0,26078.4,25950.0,25850,ATM-3,PUT,26000,2025-12-04
2025-12-04 10:57:00+05:30,50.15,50.4,49.25,49.35,95925,7286250,9.01,26080.95,25950.0,25850,ATM-3,PUT,26000,2025-12-04
2025-12-04 10:58:00+05:30,48.95,48.95,47.35,48.15,333750,7206750,8.98,26085.5,25950.0,25850,ATM-3,PUT,26000,2025-12-04
2025-12-04 10:59:00+05:30,48.05,51.65,47.9,51.2,206400,7206750,9.04,26075.5,25950.0,25850,ATM-3,PUT,26000,2025-12-04
2025-12-04 11:00:00+05:30,51.15,51.7,50.75,51.15,182700,7206750,9.1,26076.55,25950.0,25850,ATM-3,PUT,26000,2025-12-04
2025-12-04 11:01:00+05:30,51.05,51.15,49.4,50.3,179325,7145625,9.03,26079.6,25950.0,25850,ATM-3,PUT,26000,2025-12-04
2025-12-04 11:02:00+05:30,50.25,50.55,49.15,50.3,97350,7145625,9.1,26082.1,25950.0,25850,ATM-3,PUT,26000,2025-12-04
2025-12-04 11:03:00+05:30,50.3,50.3,49.0,50.0,136800,7145625,9.1,26082.65,25950.0,25850,ATM-3,PUT,26000,2025-12-04
2025-12-04 11:04:00+05:30,50.0,50.35,48.55,49.55,108225,7127925,9.04,26083.0,25950.0,25850,ATM-3,PUT,26000,2025-12-04
2025-12-04 11:05:00+05:30,49.45,49.8,48.85,49.05,68850,7127925,9.01,26082.95,25950.0,25850,ATM-3,PUT,26000,2025-12-04
2025-12-04 11:06:00+05:30,49.0,49.75,48.4,49.4,151500,7127925,9.06,26083.9,25950.0,25850,ATM-3,PUT,26000,2025-12-04
2025-12-04 11:07:00+05:30,49.3,50.5,49.25,50.25,95175,7188225,9.08,26080.6,25950.0,25850,ATM-3,PUT,26000,2025-12-04
2025-12-04 11:08:00+05:30,50.2,51.7,50.05,51.65,131625,7188225,9.1,26076.7,25950.0,25850,ATM-3,PUT,26000,2025-12-04
2025-12-04 11:09:00+05:30,40.1,40.55,39.65,40.5,283050,10575450,9.22,26074.7,25900.0,25850,ATM-3,PUT,26000,2025-12-04
2025-12-04 11:10:00+05:30,52.2,52.7,51.35,51.35,277275,7205475,9.04,26076.0,25950.0,25850,ATM-3,PUT,26000,2025-12-04
2025-12-04 11:11:00+05:30,39.9,40.8,39.6,40.5,224175,10593150,9.19,26073.2,25900.0,25850,ATM-3,PUT,26000,2025-12-04
2025-12-04 11:12:00+05:30,40.5,41.3,39.75,41.05,209925,10593150,9.24,26073.0,25900.0,25850,ATM-3,PUT,26000,2025-12-04
2025-12-04 11:13:00+05:30,41.15,41.5,40.5,40.75,263325,10585800,9.16,26070.4,25900.0,25850,ATM-3,PUT,26000,2025-12-04
2025-12-04 11:14:00+05:30,52.55,52.7,50.95,51.05,210600,7183200,9.04,26077.05,25950.0,25850,ATM-3,PUT,26000,2025-12-04
2025-12-04 11:15:00+05:30,39.65,40.8,39.55,40.65,297450,10585800,9.17,26070.5,25900.0,25850,ATM-3,PUT,26000,2025-12-04
2025-12-04 11:16:00+05:30,40.5,40.7,39.8,39.9,218400,10653975,9.15,26073.05,25900.0,25850,ATM-3,PUT,26000,2025-12-04
2025-12-04 11:17:00+05:30,51.65,52.3,51.05,51.45,107250,7100475,9.04,26075.6,25950.0,25850,ATM-3,PUT,26000,2025-12-04
2025-12-04 11:18:00+05:30,39.8,41.85,39.65,41.15,385350,10653975,9.17,26068.0,25900.0,25850,ATM-3,PUT,26000,2025-12-04
2025-12-04 11:19:00+05:30,40.95,41.2,40.35,40.55,170850,10568175,9.12,26070.3,25900.0,25850,ATM-3,PUT,26000,2025-12-04
2025-12-04 11:20:00+05:30,40.7,42.15,40.7,41.2,309300,10568175,9.1,26065.55,25900.0,25850,ATM-3,PUT,26000,2025-12-04
2025-12-04 11:21:00+05:30,41.3,41.6,40.25,40.55,299475,10568175,9.09,26068.1,25900.0,25850,ATM-3,PUT,26000,2025-12-04
2025-12-04 11:22:00+05:30,41.0,41.3,39.95,40.8,210300,10695375,9.15,26069.4,25900.0,25850,ATM-3,PUT,26000,2025-12-04
2025-12-04 11:23:00+05:30,40.8,42.4,40.5,42.1,291075,10695375,9.12,26064.3,25900.0,25850,ATM-3,PUT,26000,2025-12-04
2025-12-04 11:24:00+05:30,42.35,43.3,41.6,41.75,444000,10695375,9.11,26063.15,25900.0,25850,ATM-3,PUT,26000,2025-12-04
2025-12-04 11:25:00+05:30,41.65,41.85,40.4,40.7,259425,10732950,9.1,26067.9,25900.0,25850,ATM-3,PUT,26000,2025-12-04
2025-12-04 11:26:00+05:30,40.75,42.2,40.75,41.75,195675,10732950,9.18,26066.15,25900.0,25850,ATM-3,PUT,26000,2025-12-04
2025-12-04 11:27:00+05:30,41.6,43.45,41.25,42.85,201975,10732950,9.19,26063.35,25900.0,25850,ATM-3,PUT,26000,2025-12-04
2025-12-04 11:28:00+05:30,43.0,43.65,42.35,43.0,439350,10643100,9.19,26062.6,25900.0,25850,ATM-3,PUT,26000,2025-12-04
2025-12-04 11:29:00+05:30,42.75,43.05,42.4,43.0,170850,10643100,9.09,26060.6,25900.0,25850,ATM-3,PUT,26000,2025-12-04
2025-12-04 11:30:00+05:30,44.3,44.75,42.6,42.95,515175,10643100,9.16,26060.35,25900.0,25850,ATM-3,PUT,26000,2025-12-04
2025-12-04 11:31:00+05:30,43.05,43.7,41.7,43.35,420375,10660950,9.18,26060.0,25900.0,25850,ATM-3,PUT,26000,2025-12-04
2025-12-04 11:32:00+05:30,43.4,43.9,42.55,43.6,217500,10660950,9.21,26060.25,25900.0,25850,ATM-3,PUT,26000,2025-12-04
2025-12-04 11:33:00+05:30,43.4,43.6,41.85,42.65,226875,10660950,9.16,26063.2,25900.0,25850,ATM-3,PUT,26000,2025-12-04
2025-12-04 11:34:00+05:30,42.7,44.0,42.2,43.05,269175,10654425,9.18,26061.3,25900.0,25850,ATM-3,PUT,26000,2025-12-04
2025-12-04 11:35:00+05:30,43.05,43.25,42.35,42.35,137625,10654425,9.1,26060.7,25900.0,25850,ATM-3,PUT,26000,2025-12-04
2025-12-04 11:36:00+05:30,42.3,43.1,41.95,42.5,253350,10654425,9.08,26060.55,25900.0,25850,ATM-3,PUT,26000,2025-12-04
2025-12-04 11:37:00+05:30,42.65,44.6,42.45,44.15,420450,10545525,9.1,26052.9,25900.0,25850,ATM-3,PUT,26000,2025-12-04
2025-12-04 11:38:00+05:30,44.15,49.65,43.55,48.1,1040925,10545525,9.12,26039.35,25900.0,25850,ATM-3,PUT,26000,2025-12-04
2025-12-04 11:39:00+05:30,47.95,49.45,47.5,48.9,904425,10545525,9.07,26034.75,25900.0,25850,ATM-3,PUT,26000,2025-12-04
2025-12-04 11:40:00+05:30,48.95,49.2,46.95,47.65,712575,10455225,9.08,26038.15,25900.0,25850,ATM-3,PUT,26000,2025-12-04
2025-12-04 11:41:00+05:30,47.55,50.45,47.2,50.45,450225,10455225,9.22,26033.45,25900.0,25850,ATM-3,PUT,26000,2025-12-04
2025-12-04 11:42:00+05:30,50.1,52.0,49.45,51.35,950250,10455225,9.13,26028.2,25900.0,25850,ATM-3,PUT,26000,2025-12-04
2025-12-04 11:43:00+05:30,39.0,39.9,38.5,39.6,251175,4169850,9.15,26023.45,25850.0,25850,ATM-3,PUT,26000,2025-12-04
2025-12-04 11:44:00+05:30,51.95,51.95,50.55,51.3,442500,10299525,9.11,26028.8,25900.0,25850,ATM-3,PUT,26000,2025-12-04
2025-12-04 11:45:00+05:30,39.15,42.7,38.95,42.25,510825,4169850,9.21,26015.15,25850.0,25850,ATM-3,PUT,26000,2025-12-04
2025-12-04 11:46:00+05:30,54.85,55.45,51.0,51.85,909675,10014075,9.15,26025.5,25900.0,25850,ATM-3,PUT,26000,2025-12-04
2025-12-04 11:47:00+05:30,51.95,52.1,50.75,51.1,354525,10014075,9.12,26028.45,25900.0,25850,ATM-3,PUT,26000,2025-12-04
2025-12-04 11:48:00+05:30,51.3,52.2,50.5,51.35,357975,10014075,9.12,26025.95,25900.0,25850,ATM-3,PUT,26000,2025-12-04
2025-12-04 11:49:00+05:30,51.4,52.4,49.45,50.05,398250,10092000,9.12,26031.3,25900.0,25850,ATM-3,PUT,26000,2025-12-04
2025-12-04 11:50:00+05:30,49.95,51.05,49.95,50.4,236625,10092000,9.09,26029.6,25900.0,25850,ATM-3,PUT,26000,2025-12-04
2025-12-04 11:51:00+05:30,38.25,40.55,38.25,39.35,155175,4263525,9.13,26022.9,25850.0,25850,ATM-3,PUT,26000,2025-12-04
2025-12-04 11:52:00+05:30,39.5,40.1,39.0,39.95,109950,4272450,9.13,26021.9,25850.0,25850,ATM-3,PUT,26000,2025-12-04
2025-12-04 11:53:00+05:30,39.8,40.6,39.55,40.3,108750,4272450,9.11,26018.35,25850.0,25850,ATM-3,PUT,26000,2025-12-04
2025-12-04 11:54:00+05:30,40.6,41.05,40.1,40.9,137775,4272450,9.12,26016.7,25850.0,25850,ATM-3,PUT,26000,2025-12-04
2025-12-04 11:55:00+05:30,53.5,53.5,50.65,51.05,405900,10027800,9.09,26028.1,25900.0,25850,ATM-3,PUT,26000,2025-12-04
2025-12-04 11:56:00+05:30,50.95,51.7,50.4,51.2,210150,10027800,9.08,26025.15,25900.0,25850,ATM-3,PUT,26000,2025-12-04
2025-12-04 11:57:00+05:30,38.7,40.0,38.7,39.85,87525,4282725,9.15,26022.55,25850.0,25850,ATM-3,PUT,26000,2025-12-04
2025-12-04 11:58:00+05:30,39.95,40.9,39.85,40.15,96075,4297950,9.13,26020.0,25850.0,25850,ATM-3,PUT,26000,2025-12-04
2025-12-04 11:59:00+05:30,39.9,40.6,39.35,39.35,154050,4297950,9.13,26024.0,25850.0,25850,ATM-3,PUT,26000,2025-12-04
2025-12-04 12:00:00+05:30,39.65,39.85,38.45,39.65,142275,4297950,9.17,26024.55,25850.0,25850,ATM-3,PUT,26000,2025-12-04
2025-12-04 12:01:00+05:30,39.55,39.8,38.55,38.7,98775,4352550,9.12,26024.9,25850.0,25850,ATM-3,PUT,26000,2025-12-04
2025-12-04 12:02:00+05:30,38.9,39.75,37.15,39.65,211200,4352550,9.17,26024.6,25850.0,25850,ATM-3,PUT,26000,2025-12-04
2025-12-04 12:03:00+05:30,51.8,51.8,48.65,48.7,249825,10079925,8.95,26031.4,25900.0,25850,ATM-3,PUT,26000,2025-12-04
2025-12-04 12:04:00+05:30,48.45,49.1,47.4,48.2,373800,9998850,8.98,26032.65,25900.0,25850,ATM-3,PUT,26000,2025-12-04
2025-12-04 12:05:00+05:30,48.1,48.5,46.05,46.85,346500,9998850,9.01,26038.45,25900.0,25850,ATM-3,PUT,26000,2025-12-04
2025-12-04 12:06:00+05:30,46.75,48.2,46.75,48.0,196425,9998850,8.99,26035.45,25900.0,25850,ATM-3,PUT,26000,2025-12-04
2025-12-04 12:07:00+05:30,47.75,48.2,44.7,45.15,394200,9892875,8.92,26040.6,25900.0,25850,ATM-3,PUT,26000,2025-12-04
2025-12-04 12:08:00+05:30,45.05,45.35,44.3,44.7,251625,9892875,8.88,26042.85,25900.0,25850,ATM-3,PUT,26000,2025-12-04
2025-12-04 12:09:00+05:30,44.95,49.75,44.7,49.4,329925,9892875,9.03,26032.0,25900.0,25850,ATM-3,PUT,26000,2025-12-04
2025-12-04 12:10:00+05:30,48.9,50.55,48.65,49.65,387750,9922125,8.93,26027.7,25900.0,25850,ATM-3,PUT,26000,2025-12-04
2025-12-04 12:11:00+05:30,37.45,39.1,37.45,39.1,153300,4237425,9.1,26023.8,25850.0,25850,ATM-3,PUT,26000,2025-12-04
2025-12-04 12:12:00+05:30,50.9,52.2,49.3,49.75,504300,9922125,8.97,26027.3,25900.0,25850,ATM-3,PUT,26000,2025-12-04
2025-12-04 12:13:00+05:30,50.0,50.0,48.45,49.3,188175,10090050,8.93,26026.8,25900.0,25850,ATM-3,PUT,26000,2025-12-04
2025-12-04 12:14:00+05:30,49.05,49.05,47.6,48.95,192900,10090050,8.9,26028.15,25900.0,25850,ATM-3,PUT,26000,2025-12-04
2025-12-04 12:15:00+05:30,36.95,39.75,36.95,39.5,156600,4277250,9.01,26017.8,25850.0,25850,ATM-3,PUT,26000,2025-12-04
2025-12-04 12:16:00+05:30,39.35,39.8,38.15,38.45,108000,4293000,8.98,26021.65,25850.0,25850,ATM-3,PUT,26000,2025-12-04
2025-12-04 12:17:00+05:30,38.4,38.7,37.2,38.0,91500,4293000,8.98,26023.0,25850.0,25850,ATM-3,PUT,26000,2025-12-04
2025-12-04 12:18:00+05:30,38.45,38.85,38.0,38.25,79275,4293000,8.99,26022.65,25850.0,25850,ATM-3,PUT,26000,2025-12-04
2025-12-04 12:19:00+05:30,38.05,39.55,37.75,39.2,93900,4298400,8.97,26018.15,25850.0,25850,ATM-3,PUT,26000,2025-12-04
2025-12-04 12:20:00+05:30,39.15,42.15,38.45,42.05,269775,4298400,9.0,26006.95,25850.0,25850,ATM-3,PUT,26000,2025-12-04
2025-12-04 12:21:00+05:30,42.1,42.9,40.15,40.15,376875,4298400,8.92,26012.15,25850.0,25850,ATM-3,PUT,26000,2025-12-04
2025-12-04 12:22:00+05:30,39.85,41.05,39.75,40.15,232425,4389225,9.03,26015.1,25850.0,25850,ATM-3,PUT,26000,2025-12-04
2025-12-04 12:23:00+05:30,40.0,40.15,38.75,39.45,152325,4389225,8.99,26015.85,25850.0,25850,ATM-3,PUT,26000,2025-12-04
2025-12-04 12:24:00+05:30,39.6,40.1,39.0,39.05,72750,4389225,9.02,26019.5,25850.0,25850,ATM-3,PUT,26000,2025-12-04
2025-12-04 12:25:00+05:30,39.2,39.35,37.3,37.3,166800,4406325,8.94,26024.4,25850.0,25850,ATM-3,PUT,26000,2025-12-04
2025-12-04 12:26:00+05:30,37.1,38.3,37.1,37.5,82500,4406325,8.95,26024.5,25850.0,25850,ATM-3,PUT,26000,2025-12-04
2025-12-04 12:27:00+05:30,49.3,51.0,49.25,49.65,177375,9761175,8.92,26025.65,25900.0,25850,ATM-3,PUT,26000,2025-12-04
2025-12-04 12:28:00+05:30,49.6,49.75,47.35,47.45,442575,9747375,8.81,26028.9,25900.0,25850,ATM-3,PUT,26000,2025-12-04
2025-12-04 12:29:00+05:30,35.85,38.8,35.85,38.15,255975,4358175,9.01,26024.25,25850.0,25850,ATM-3,PUT,26000,2025-12-04
2025-12-04 12:30:00+05:30,50.45,51.3,49.0,49.1,161250,9747375,8.88,26026.8,25900.0,25850,ATM-3,PUT,26000,2025-12-04
2025-12-04 12:31:00+05:30,49.35,50.5,48.8,50.5,176775,9785175,9.03,26025.35,25900.0,25850,ATM-3,PUT,26000,2025-12-04
2025-12-04 12:32:00+05:30,38.1,38.65,37.35,37.7,84300,4372575,8.97,26024.35,25850.0,25850,ATM-3,PUT,26000,2025-12-04
2025-12-04 12:33:00+05:30,49.9,50.4,49.05,49.05,112125,9785175,8.97,26029.0,25900.0,25850,ATM-3,PUT,26000,2025-12-04
2025-12-04 12:34:00+05:30,48.75,50.15,48.65,49.95,207150,9684900,9.0,26025.9,25900.0,25850,ATM-3,PUT,26000,2025-12-04
2025-12-04 12:35:00+05:30,49.6,49.9,48.75,49.25,123150,9684900,8.95,26027.9,25900.0,25850,ATM-3,PUT,26000,2025-12-04
2025-12-04 12:36:00+05:30,49.2,49.9,48.9,49.1,74700,9684900,8.89,26026.05,25900.0,25850,ATM-3,PUT,26000,2025-12-04
2025-12-04 12:37:00+05:30,37.0,38.25,36.8,37.65,50700,4394550,9.02,26025.0,25850.0,25850,ATM-3,PUT,26000,2025-12-04
2025-12-04 12:38:00+05:30,49.8,50.55,48.75,49.1,161925,9712575,8.92,26026.65,25900.0,25850,ATM-3,PUT,26000,2025-12-04
2025-12-04 12:39:00+05:30,37.0,37.65,36.25,37.5,63750,4394550,8.95,26023.95,25850.0,25850,ATM-3,PUT,26000,2025-12-04
2025-12-04 12:40:00+05:30,37.3,38.1,36.9,37.5,90450,4394550,8.98,26025.0,25850.0,25850,ATM-3,PUT,26000,2025-12-04
2025-12-04 12:41:00+05:30,37.6,38.45,37.25,38.45,48600,4412175,9.0,26023.6,25850.0,25850,ATM-3,PUT,26000,2025-12-04
2025-12-04 12:42:00+05:30,38.7,39.8,38.2,39.75,137850,4412175,9.01,26017.2,25850.0,25850,ATM-3,PUT,26000,2025-12-04
2025-12-04 12:43:00+05:30,39.5,40.75,39.4,40.25,193425,4412175,8.95,26012.5,25850.0,25850,ATM-3,PUT,26000,2025-12-04
2025-12-04 12:44:00+05:30,40.2,41.2,40.0,40.8,126225,4426200,8.97,26009.55,25850.0,25850,ATM-3,PUT,26000,2025-12-04
2025-12-04 12:45:00+05:30,40.75,45.4,40.75,45.4,595875,4426200,9.0,25992.1,25850.0,25850,ATM-3,PUT,26000,2025-12-04
2025-12-04 12:46:00+05:30,45.35,45.35,43.4,44.2,426300,4426200,8.83,25990.7,25850.0,25850,ATM-3,PUT,26000,2025-12-04
2025-12-04 12:47:00+05:30,44.35,44.35,41.75,42.7,514875,4422000,8.89,26000.85,25850.0,25850,ATM-3,PUT,26000,2025-12-04
2025-12-04 12:48:00+05:30,42.6,44.65,42.6,44.5,196800,4422000,9.02,25997.05,25850.0,25850,ATM-3,PUT,26000,2025-12-04
2025-12-04 12:49:00+05:30,44.2,45.65,44.2,45.0,309750,4422000,8.97,25993.35,25850.0,25850,ATM-3,PUT,26000,2025-12-04
2025-12-04 12:50:00+05:30,45.15,45.25,43.95,44.35,258900,4491600,8.95,25994.45,25850.0,25850,ATM-3,PUT,26000,2025-12-04
2025-12-04 12:51:00+05:30,44.0,45.6,43.65,44.95,144900,4491600,9.01,25995.5,25850.0,25850,ATM-3,PUT,26000,2025-12-04
2025-12-04 12:52:00+05:30,44.95,47.4,44.8,46.5,415425,4491600,9.08,25991.55,25850.0,25850,ATM-3,PUT,26000,2025-12-04
2025-12-04 12:53:00+05:30,46.45,47.15,44.85,45.5,238425,4399200,9.07,25993.85,25850.0,25850,ATM-3,PUT,26000,2025-12-04
2025-12-04 12:54:00+05:30,45.4,46.2,44.7,45.4,141975,4399200,8.98,25992.85,25850.0,25850,ATM-3,PUT,26000,2025-12-04
2025-12-04 12:55:00+05:30,45.55,45.55,42.2,42.55,241875,4399200,9.0,26004.5,25850.0,25850,ATM-3,PUT,26000,2025-12-04
2025-12-04 12:56:00+05:30,42.75,43.5,42.1,42.5,126750,4399200,9.02,26005.95,25850.0,25850,ATM-3,PUT,26000,2025-12-04
2025-12-04 12:57:00+05:30,42.8,43.25,42.0,42.3,105000,4399200,9.01,26005.95,25850.0,25850,ATM-3,PUT,26000,2025-12-04
2025-12-04 12:58:00+05:30,42.15,43.95,41.6,43.0,172875,4399200,8.99,26004.05,25850.0,25850,ATM-3,PUT,26000,2025-12-04
2025-12-04 12:59:00+05:30,43.1,43.35,42.6,43.3,65625,4366650,9.02,26002.4,25850.0,25850,ATM-3,PUT,26000,2025-12-04
2025-12-04 13:00:00+05:30,43.25,44.8,43.25,43.5,188775,4366650,9.0,26001.85,25850.0,25850,ATM-3,PUT,26000,2025-12-04
2025-12-04 13:01:00+05:30,43.35,43.6,42.7,43.1,70050,4366650,9.04,26004.2,25850.0,25850,ATM-3,PUT,26000,2025-12-04
2025-12-04 13:02:00+05:30,43.45,43.8,42.8,43.7,71550,4389000,9.08,26001.3,25850.0,25850,ATM-3,PUT,26000,2025-12-04
2025-12-04 13:03:00+05:30,43.45,43.6,42.75,43.2,43650,4389000,9.04,26002.7,25850.0,25850,ATM-3,PUT,26000,2025-12-04
2025-12-04 13:04:00+05:30,43.05,43.05,41.15,42.35,176700,4389000,9.02,26005.85,25850.0,25850,ATM-3,PUT,26000,2025-12-04
2025-12-04 13:05:00+05:30,42.5,44.1,42.05,43.7,105825,4386375,9.01,26001.05,25850.0,25850,ATM-3,PUT,26000,2025-12-04
2025-12-04 13:06:00+05:30,43.7,43.7,42.05,42.5,137475,4386375,9.0,26002.2,25850.0,25850,ATM-3,PUT,26000,2025-12-04
2025-12-04 13:07:00+05:30,42.25,43.25,42.0,42.35,79125,4386375,8.94,26003.9,25850.0,25850,ATM-3,PUT,26000,2025-12-04
2025-12-04 13:08:00+05:30,42.25,42.8,41.0,42.5,110850,4416600,8.9,25999.95,25850.0,25850,ATM-3,PUT,26000,2025-12-04
2025-12-04 13:09:00+05:30,42.3,43.65,42.05,43.25,92925,4416600,8.93,25997.95,25850.0,25850,ATM-3,PUT,26000,2025-12-04
2025-12-04 13:10:00+05:30,43.15,45.3,43.15,44.05,196875,4416600,8.89,25993.15,25850.0,25850,ATM-3,PUT,26000,2025-12-04
2025-12-04 13:11:00+05:30,44.2,44.2,43.5,43.7,102000,4356900,8.87,25994.25,25850.0,25850,ATM-3,PUT,26000,2025-12-04
2025-12-04 13:12:00+05:30,43.8,44.45,42.15,44.15,217200,4356900,8.89,25993.45,25850.0,25850,ATM-3,PUT,26000,2025-12-04
2025-12-04 13:13:00+05:30,44.35,45.35,43.65,43.95,163125,4356900,8.9,25993.8,25850.0,25850,ATM-3,PUT,26000,2025-12-04
2025-12-04 13:14:00+05:30,43.95,44.1,41.15,41.95,166875,4422300,8.88,26000.8,25850.0,25850,ATM-3,PUT,26000,2025-12-04
2025-12-04 13:15:00+05:30,42.25,42.65,41.6,42.4,97425,4422300,8.94,26002.4,25850.0,25850,ATM-3,PUT,26000,2025-12-04
2025-12-04 13:16:00+05:30,42.2,42.5,41.25,41.55,66225,4422300,8.92,26003.3,25850.0,25850,ATM-3,PUT,26000,2025-12-04
2025-12-04 13:17:00+05:30,41.65,42.95,41.25,42.35,87600,4409850,8.97,26000.85,25850.0,25850,ATM-3,PUT,26000,2025-12-04
2025-12-04 13:18:00+05:30,42.0,42.4,40.6,41.9,142725,4409850,8.87,26001.5,25850.0,25850,ATM-3,PUT,26000,2025-12-04
2025-12-04 13:19:00+05:30,42.1,44.65,41.75,43.6,118350,4409850,8.89,25995.65,25850.0,25850,ATM-3,PUT,26000,2025-12-04
2025-12-04 13:20:00+05:30,43.55,44.3,41.85,42.15,104775,4378200,8.91,26001.5,25850.0,25850,ATM-3,PUT,26000,2025-12-04
2025-12-04 13:21:00+05:30,42.1,42.5,41.35,41.4,89400,4378200,8.97,26006.85,25850.0,25850,ATM-3,PUT,26000,2025-12-04
2025-12-04 13:22:00+05:30,41.2,41.65,38.65,38.65,300600,4378200,8.91,26016.15,25850.0,25850,ATM-3,PUT,26000,2025-12-04
2025-12-04 13:23:00+05:30,38.9,39.15,37.85,38.25,266100,4373100,8.88,26017.05,25850.0,25850,ATM-3,PUT,26000,2025-12-04
2025-12-04 13:24:00+05:30,38.45,39.25,36.9,37.1,187800,4373100,8.82,26017.85,25850.0,25850,ATM-3,PUT,26000,2025-12-04
2025-12-04 13:25:00+05:30,37.2,38.4,36.4,38.0,216000,4373100,8.87,26016.25,25850.0,25850,ATM-3,PUT,26000,2025-12-04
2025-12-04 13:26:00+05:30,38.2,38.8,37.2,38.15,101850,4382400,8.92,26018.15,25850.0,25850,ATM-3,PUT,26000,2025-12-04
2025-12-04 13:27:00+05:30,38.2,38.2,36.9,37.9,71700,4382400,8.91,26018.95,25850.0,25850,ATM-3,PUT,26000,2025-12-04
2025-12-04 13:28:00+05:30,37.85,39.0,37.5,39.0,74475,4382400,8.94,26016.8,25850.0,25850,ATM-3,PUT,26000,2025-12-04
2025-12-04 13:29:00+05:30,39.0,39.1,37.95,38.3,80700,4371450,8.99,26015.7,25850.0,25850,ATM-3,PUT,26000,2025-12-04
2025-12-04 13:30:00+05:30,37.3,38.8,35.9,38.8,277875,4371450,8.91,26015.3,25850.0,25850,ATM-3,PUT,26000,2025-12-04
2025-12-04 13:31:00+05:30,38.9,39.45,38.1,38.5,142200,4371450,8.83,26013.6,25850.0,25850,ATM-3,PUT,26000,2025-12-04
2025-12-04 13:32:00+05:30,38.6,40.3,38.45,39.3,160875,4313175,8.86,26011.8,25850.0,25850,ATM-3,PUT,26000,2025-12-04
2025-12-04 13:33:00+05:30,39.25,40.2,39.25,39.85,95400,4313175,8.84,26008.95,25850.0,25850,ATM-3,PUT,26000,2025-12-04
2025-12-04 13:34:00+05:30,39.8,42.55,39.6,42.5,172425,4313175,8.97,26002.4,25850.0,25850,ATM-3,PUT,26000,2025-12-04
2025-12-04 13:35:00+05:30,42.45,45.0,42.45,45.0,295725,4347675,8.92,25990.4,25850.0,25850,ATM-3,PUT,26000,2025-12-04
2025-12-04 13:36:00+05:30,44.85,46.65,44.6,46.2,372525,4347675,8.79,25979.5,25850.0,25850,ATM-3,PUT,26000,2025-12-04
2025-12-04 13:37:00+05:30,46.25,47.95,45.6,46.6,486000,4347675,8.69,25976.3,25850.0,25850,ATM-3,PUT,26000,2025-12-04
2025-12-04 13:38:00+05:30,46.45,46.7,44.7,45.0,440700,4324425,8.68,25981.75,25850.0,25850,ATM-3,PUT,26000,2025-12-04
2025-12-04 13:39:00+05:30,45.35,46.95,45.35,46.45,524325,4324425,8.79,25980.55,25850.0,25850,ATM-3,PUT,26000,2025-12-04
2025-12-04 13:40:00+05:30,46.45,47.7,46.3,47.05,222075,4324425,8.81,25978.35,25850.0,25850,ATM-3,PUT,26000,2025-12-04
2025-12-04 13:41:00+05:30,35.7,39.4,35.55,38.8,1335075,6834600,8.97,25964.95,25800.0,25850,ATM-3,PUT,26000,2025-12-04
2025-12-04 13:42:00+05:30,38.65,38.85,36.15,36.6,509775,6834600,8.89,25973.25,25800.0,25850,ATM-3,PUT,26000,2025-12-04
2025-12-04 13:43:00+05:30,36.4,37.85,35.7,37.75,426975,6834600,8.97,25972.9,25800.0,25850,ATM-3,PUT,26000,2025-12-04
2025-12-04 13:44:00+05:30,50.0,50.05,48.6,49.05,104325,4070100,8.93,25976.3,25850.0,25850,ATM-3,PUT,26000,2025-12-04
2025-12-04 13:45:00+05:30,36.75,38.25,36.75,37.7,295650,6690525,8.97,25972.8,25800.0,25850,ATM-3,PUT,26000,2025-12-04
2025-12-04 13:46:00+05:30,50.05,50.15,47.95,48.15,158700,4070100,8.85,25976.05,25850.0,25850,ATM-3,PUT,26000,2025-12-04
2025-12-04 13:47:00+05:30,48.2,49.15,47.95,48.3,163050,4049325,8.92,25978.2,25850.0,25850,ATM-3,PUT,26000,2025-12-04
2025-12-04 13:48:00+05:30,48.3,49.35,47.3,47.35,108225,4049325,8.83,25979.4,25850.0,25850,ATM-3,PUT,26000,2025-12-04
2025-12-04 13:49:00+05:30,47.2,48.55,46.8,48.0,143400,4049325,8.91,25978.65,25850.0,25850,ATM-3,PUT,26000,2025-12-04
2025-12-04 13:50:00+05:30,48.05,48.1,46.9,47.25,90825,4053525,8.83,25978.55,25850.0,25850,ATM-3,PUT,26000,2025-12-04
2025-12-04 13:51:00+05:30,47.45,47.9,46.6,47.15,235350,4053525,8.88,25980.5,25850.0,25850,ATM-3,PUT,26000,2025-12-04
2025-12-04 13:52:00+05:30,47.2,48.5,46.7,46.75,146175,4053525,8.85,25981.55,25850.0,25850,ATM-3,PUT,26000,2025-12-04
2025-12-04 13:53:00+05:30,35.55,37.1,34.9,36.15,230025,6679950,8.89,25974.85,25800.0,25850,ATM-3,PUT,26000,2025-12-04
2025-12-04 13:54:00+05:30,48.25,48.95,47.45,47.85,117525,4034550,8.82,25975.55,25850.0,25850,ATM-3,PUT,26000,2025-12-04
2025-12-04 13:55:00+05:30,35.95,37.7,35.75,37.0,426150,6679950,8.9,25971.95,25800.0,25850,ATM-3,PUT,26000,2025-12-04
2025-12-04 13:56:00+05:30,36.9,37.05,35.7,36.6,177375,6697875,8.89,25974.4,25800.0,25850,ATM-3,PUT,26000,2025-12-04
2025-12-04 13:57:00+05:30,49.75,50.55,48.2,48.45,147000,4062075,8.86,25975.8,25850.0,25850,ATM-3,PUT,26000,2025-12-04
2025-12-04 13:58:00+05:30,36.2,36.85,35.45,36.3,299025,6697875,8.88,25974.05,25800.0,25850,ATM-3,PUT,26000,2025-12-04
2025-12-04 13:59:00+05:30,36.25,36.6,36.0,36.6,91950,6722700,8.91,25973.3,25800.0,25850,ATM-3,PUT,26000,2025-12-04
2025-12-04 14:00:00+05:30,36.7,37.9,36.25,36.25,255975,6722700,8.84,25972.3,25800.0,25850,ATM-3,PUT,26000,2025-12-04
2025-12-04 14:01:00+05:30,48.8,49.0,44.9,46.5,321600,4075725,8.82,25979.95,25850.0,25850,ATM-3,PUT,26000,2025-12-04
2025-12-04 14:02:00+05:30,46.45,46.45,44.9,46.2,170475,4054500,8.82,25980.35,25850.0,25850,ATM-3,PUT,26000,2025-12-04
2025-12-04 14:03:00+05:30,46.55,49.45,46.2,47.15,181575,4054500,8.86,25978.75,25850.0,25850,ATM-3,PUT,26000,2025-12-04
2025-12-04 14:04:00+05:30,46.75,47.0,44.05,44.55,157425,4054500,8.82,25986.7,25850.0,25850,ATM-3,PUT,26000,2025-12-04
2025-12-04 14:05:00+05:30,44.5,47.45,44.5,46.15,187350,3993600,8.82,25980.35,25850.0,25850,ATM-3,PUT,26000,2025-12-04
2025-12-04 14:06:00+05:30,46.25,46.65,45.5,45.6,153450,3993600,8.79,25982.0,25850.0,25850,ATM-3,PUT,26000,2025-12-04
2025-12-04 14:07:00+05:30,45.65,45.65,41.9,42.2,310350,3993600,8.85,25998.25,25850.0,25850,ATM-3,PUT,26000,2025-12-04
2025-12-04 14:08:00+05:30,42.4,43.3,41.9,42.4,278700,3967500,8.94,26001.55,25850.0,25850,ATM-3,PUT,26000,2025-12-04
2025-12-04 14:09:00+05:30,42.5,43.2,41.85,42.45,143400,3967500,9.01,26005.6,25850.0,25850,ATM-3,PUT,26000,2025-12-04
2025-12-04 14:10:00+05:30,42.7,42.7,38.0,39.8,617100,3967500,9.12,26017.4,25850.0,25850,ATM-3,PUT,26000,2025-12-04
2025-12-04 14:11:00+05:30,39.45,41.8,38.8,40.8,259125,3895125,8.97,26007.55,25850.0,25850,ATM-3,PUT,26000,2025-12-04
2025-12-04 14:12:00+05:30,40.9,41.5,40.0,40.2,141375,3895125,8.95,26009.2,25850.0,25850,ATM-3,PUT,26000,2025-12-04
2025-12-04 14:13:00+05:30,39.85,41.25,39.4,40.45,159675,3895125,8.85,26004.15,25850.0,25850,ATM-3,PUT,26000,2025-12-04
2025-12-04 14:14:00+05:30,40.4,41.0,39.7,40.8,123075,3852675,8.88,26004.05,25850.0,25850,ATM-3,PUT,26000,2025-12-04
2025-12-04 14:15:00+05:30,40.3,41.6,39.75,41.2,134400,3852675,8.84,26001.75,25850.0,25850,ATM-3,PUT,26000,2025-12-04
2025-12-04 14:16:00+05:30,41.0,42.5,40.65,40.85,210975,3852675,8.82,26001.6,25850.0,25850,ATM-3,PUT,26000,2025-12-04
2025-12-04 14:17:00+05:30,40.75,40.8,38.65,38.7,192750,3880650,8.79,26009.45,25850.0,25850,ATM-3,PUT,26000,2025-12-04
2025-12-04 14:18:00+05:30,38.6,39.9,38.4,39.35,119250,3880650,8.83,26008.75,25850.0,25850,ATM-3,PUT,26000,2025-12-04
2025-12-04 14:19:00+05:30,39.1,41.45,39.1,41.45,120225,3880650,8.84,26001.0,25850.0,25850,ATM-3,PUT,26000,2025-12-04
2025-12-04 14:20:00+05:30,41.75,42.45,41.05,41.7,182700,3887550,8.79,25997.45,25850.0,25850,ATM-3,PUT,26000,2025-12-04
2025-12-04 14:21:00+05:30,41.7,43.95,41.7,42.55,177825,3887550,8.81,25995.0,25850.0,25850,ATM-3,PUT,26000,2025-12-04
2025-12-04 14:22:00+05:30,42.4,43.3,41.05,41.6,144450,3887550,8.74,25995.3,25850.0,25850,ATM-3,PUT,26000,2025-12-04
2025-12-04 14:23:00+05:30,41.65,41.8,38.3,38.3,231675,3907650,8.68,26007.0,25850.0,25850,ATM-3,PUT,26000,2025-12-04
2025-12-04 14:24:00+05:30,38.1,40.5,37.85,40.5,181950,3907650,8.79,26002.25,25850.0,25850,ATM-3,PUT,26000,2025-12-04
2025-12-04 14:25:00+05:30,40.35,41.25,40.05,40.15,82200,3907650,8.74,26000.7,25850.0,25850,ATM-3,PUT,26000,2025-12-04
2025-12-04 14:26:00+05:30,40.6,40.6,38.75,39.4,64725,3908625,8.77,26006.75,25850.0,25850,ATM-3,PUT,26000,2025-12-04
2025-12-04 14:27:00+05:30,39.4,40.1,38.5,39.2,66300,3908625,8.78,26007.5,25850.0,25850,ATM-3,PUT,26000,2025-12-04
2025-12-04 14:28:00+05:30,39.25,40.0,39.0,39.25,58275,3908625,8.76,26006.15,25850.0,25850,ATM-3,PUT,26000,2025-12-04
2025-12-04 14:29:00+05:30,39.45,39.45,37.45,37.9,182325,3930150,8.83,26014.0,25850.0,25850,ATM-3,PUT,26000,2025-12-04
2025-12-04 14:30:00+05:30,37.6,38.85,36.6,38.4,322650,3930150,8.91,26016.25,25850.0,25850,ATM-3,PUT,26000,2025-12-04
2025-12-04 14:31:00+05:30,38.3,39.3,37.8,38.15,87150,3930150,8.9,26015.55,25850.0,25850,ATM-3,PUT,26000,2025-12-04
2025-12-04 14:32:00+05:30,38.1,40.1,37.8,39.55,137625,3868800,8.85,26008.7,25850.0,25850,ATM-3,PUT,26000,2025-12-04
2025-12-04 14:33:00+05:30,39.5,39.55,38.1,38.1,64500,3868800,8.77,26010.1,25850.0,25850,ATM-3,PUT,26000,2025-12-04
2025-12-04 14:34:00+05:30,38.3,39.05,38.25,39.05,27300,3868800,8.79,26008.95,25850.0,25850,ATM-3,PUT,26000,2025-12-04
2025-12-04 14:35:00+05:30,38.9,41.2,38.8,40.1,76275,3878475,8.79,26003.8,25850.0,25850,ATM-3,PUT,26000,2025-12-04
2025-12-04 14:36:00+05:30,40.35,40.85,39.05,40.45,113100,3878475,8.77,26000.4,25850.0,25850,ATM-3,PUT,26000,2025-12-04
2025-12-04 14:37:00+05:30,40.5,40.75,39.8,39.9,138750,3878475,8.78,26004.1,25850.0,25850,ATM-3,PUT,26000,2025-12-04
2025-12-04 14:38:00+05:30,39.2,39.25,37.1,37.3,165825,3910425,8.75,26013.55,25850.0,25850,ATM-3,PUT,26000,2025-12-04
2025-12-04 14:39:00+05:30,37.05,37.45,36.2,37.0,179850,3910425,8.73,26013.75,25850.0,25850,ATM-3,PUT,26000,2025-12-04
2025-12-04 14:40:00+05:30,36.8,37.0,36.3,36.8,76200,3910425,8.78,26017.5,25850.0,25850,ATM-3,PUT,26000,2025-12-04
2025-12-04 14:41:00+05:30,36.6,37.45,36.15,37.3,110250,3913275,8.78,26015.45,25850.0,25850,ATM-3,PUT,26000,2025-12-04
2025-12-04 14:42:00+05:30,37.1,38.55,35.75,37.9,132000,3913275,8.83,26015.5,25850.0,25850,ATM-3,PUT,26000,2025-12-04
2025-12-04 14:43:00+05:30,37.65,38.85,37.0,37.95,105900,3913275,8.66,26007.85,25850.0,25850,ATM-3,PUT,26000,2025-12-04
2025-12-04 14:44:00+05:30,38.25,38.8,37.9,38.35,98550,3930375,8.54,26000.6,25850.0,25850,ATM-3,PUT,26000,2025-12-04
2025-12-04 14:45:00+05:30,39.1,41.55,38.65,41.25,281100,3930375,8.61,25992.35,25850.0,25850,ATM-3,PUT,26000,2025-12-04
2025-12-04 14:46:00+05:30,41.05,42.15,39.9,41.6,261300,3930375,8.58,25988.7,25850.0,25850,ATM-3,PUT,26000,2025-12-04
2025-12-04 14:47:00+05:30,41.55,41.75,38.25,39.0,252900,4028100,8.63,26001.55,25850.0,25850,ATM-3,PUT,26000,2025-12-04
2025-12-04 14:48:00+05:30,39.3,40.25,38.6,39.5,92850,4028100,8.73,26003.3,25850.0,25850,ATM-3,PUT,26000,2025-12-04
2025-12-04 14:49:00+05:30,39.35,39.95,39.05,39.5,68850,4028100,8.75,26003.65,25850.0,25850,ATM-3,PUT,26000,2025-12-04
2025-12-04 14:50:00+05:30,39.4,40.05,36.2,36.35,185925,3984975,8.68,26014.1,25850.0,25850,ATM-3,PUT,26000,2025-12-04
2025-12-04 14:51:00+05:30,36.35,37.2,35.75,35.85,199200,3984975,8.7,26018.15,25850.0,25850,ATM-3,PUT,26000,2025-12-04
2025-12-04 14:52:00+05:30,48.05,48.2,44.8,45.15,776175,9016425,8.59,26026.15,25900.0,25850,ATM-3,PUT,26000,2025-12-04
2025-12-04 14:53:00+05:30,33.8,34.4,33.35,33.95,519300,3958125,8.66,26023.0,25850.0,25850,ATM-3,PUT,26000,2025-12-04
2025-12-04 14:54:00+05:30,45.9,46.2,44.1,44.9,330000,8847000,8.54,26025.05,25900.0,25850,ATM-3,PUT,26000,2025-12-04
2025-12-04 14:55:00+05:30,45.7,45.7,43.7,44.05,292350,8847000,8.6,26029.45,25900.0,25850,ATM-3,PUT,26000,2025-12-04
2025-12-04 14:56:00+05:30,44.25,44.25,40.35,40.35,609600,8904075,8.48,26039.65,25900.0,25850,ATM-3,PUT,26000,2025-12-04
2025-12-04 14:57:00+05:30,41.5,42.55,41.1,42.25,447900,8904075,8.58,26036.45,25900.0,25850,ATM-3,PUT,26000,2025-12-04
2025-12-04 14:58:00+05:30,42.25,42.6,40.9,41.15,376725,8904075,8.57,26039.35,25900.0,25850,ATM-3,PUT,26000,2025-12-04
2025-12-04 14:59:00+05:30,40.95,41.65,39.8,41.45,548400,8793825,8.67,26043.25,25900.0,25850,ATM-3,PUT,26000,2025-12-04
2025-12-04 15:00:00+05:30,40.7,40.8,39.1,39.1,563250,8793825,8.57,26048.45,25900.0,25850,ATM-3,PUT,26000,2025-12-04
2025-12-04 15:01:00+05:30,40.4,40.4,38.15,38.7,911175,8793825,8.57,26050.5,25900.0,25850,ATM-3,PUT,26000,2025-12-04
2025-12-04 15:02:00+05:30,38.5,38.6,36.95,37.65,577575,8842050,8.61,26057.65,25900.0,25850,ATM-3,PUT,26000,2025-12-04
2025-12-04 15:03:00+05:30,37.8,39.4,37.6,39.2,390975,8842050,8.55,26047.5,25900.0,25850,ATM-3,PUT,26000,2025-12-04
2025-12-04 15:04:00+05:30,39.3,39.3,38.6,38.8,378750,8842050,8.55,26049.4,25900.0,25850,ATM-3,PUT,26000,2025-12-04
2025-12-04 15:05:00+05:30,38.9,39.3,38.2,38.35,266625,8905200,8.61,26052.75,25900.0,25850,ATM-3,PUT,26000,2025-12-04
2025-12-04 15:06:00+05:30,38.4,39.1,38.0,38.95,262725,8905200,8.64,26052.85,25900.0,25850,ATM-3,PUT,26000,2025-12-04
2025-12-04 15:07:00+05:30,39.0,39.65,39.0,39.45,213450,8905200,8.72,26052.95,25900.0,25850,ATM-3,PUT,26000,2025-12-04
2025-12-04 15:08:00+05:30,39.4,40.8,39.4,39.6,484950,8830050,8.68,26051.35,25900.0,25850,ATM-3,PUT,26000,2025-12-04
2025-12-04 15:09:00+05:30,39.75,40.55,39.6,40.4,259875,8830050,8.63,26046.6,25900.0,25850,ATM-3,PUT,26000,2025-12-04
2025-12-04 15:10:00+05:30,40.5,40.75,39.7,39.95,521475,8830050,8.72,26051.4,25900.0,25850,ATM-3,PUT,26000,2025-12-04
2025-12-04 15:11:00+05:30,39.65,39.65,38.6,39.2,325950,8740800,8.68,26053.4,25900.0,25850,ATM-3,PUT,26000,2025-12-04
2025-12-04 15:12:00+05:30,39.45,40.2,39.2,39.5,238950,8740800,8.52,26045.1,25900.0,25850,ATM-3,PUT,26000,2025-12-04
2025-12-04 15:13:00+05:30,39.6,40.45,39.15,39.6,314025,8740800,8.41,26041.35,25900.0,25850,ATM-3,PUT,26000,2025-12-04
2025-12-04 15:14:00+05:30,39.7,40.35,39.65,39.85,373125,8780925,8.36,26037.7,25900.0,25850,ATM-3,PUT,26000,2025-12-04
2025-12-04 15:15:00+05:30,40.25,41.75,40.2,41.05,738225,8780925,8.44,26036.65,25900.0,25850,ATM-3,PUT,26000,2025-12-04
2025-12-04 15:16:00+05:30,41.1,42.15,40.8,41.3,462825,8780925,8.4,26032.25,25900.0,25850,ATM-3,PUT,26000,2025-12-04
2025-12-04 15:17:00+05:30,41.5,42.2,40.6,42.1,301875,8577375,8.34,26027.65,25900.0,25850,ATM-3,PUT,26000,2025-12-04
2025-12-04 15:18:00+05:30,42.1,43.1,40.25,40.25,486675,8577375,8.25,26031.0,25900.0,25850,ATM-3,PUT,26000,2025-12-04
2025-12-04 15:19:00+05:30,40.3,40.3,38.65,38.8,587250,8577375,8.32,26040.9,25900.0,25850,ATM-3,PUT,26000,2025-12-04
2025-12-04 15:20:00+05:30,39.05,40.55,39.05,39.4,466275,8592900,8.16,26032.5,25900.0,25850,ATM-3,PUT,26000,2025-12-04
2025-12-04 15:21:00+05:30,39.4,40.15,38.9,40.15,382800,8592900,8.24,26031.0,25900.0,25850,ATM-3,PUT,26000,2025-12-04
2025-12-04 15:22:00+05:30,29.4,30.1,28.9,30.05,242775,3932925,8.27,26023.95,25850.0,25850,ATM-3,PUT,26000,2025-12-04
2025-12-04 15:23:00+05:30,40.85,40.95,39.95,40.3,253875,8509575,8.24,26032.1,25900.0,25850,ATM-3,PUT,26000,2025-12-04
2025-12-04 15:24:00+05:30,40.2,40.4,39.2,39.65,300825,8509575,8.17,26030.45,25900.0,25850,ATM-3,PUT,26000,2025-12-04
2025-12-04 15:25:00+05:30,40.05,40.2,39.4,40.15,402600,8509575,8.12,26026.4,25900.0,25850,ATM-3,PUT,26000,2025-12-04
2025-12-04 15:26:00+05:30,29.6,29.6,28.9,29.55,157125,3931950,8.2,26023.95,25850.0,25850,ATM-3,PUT,26000,2025-12-04
2025-12-04 15:27:00+05:30,29.65,29.7,29.1,29.5,230550,3931950,8.21,26018.75,25850.0,25850,ATM-3,PUT,26000,2025-12-04
2025-12-04 15:28:00+05:30,29.15,29.35,29.0,29.25,231000,3931950,7.95,26015.6,25850.0,25850,ATM-3,PUT,26000,2025-12-04
2025-12-04 15:29:00+05:30,29.25,29.5,28.7,29.0,234600,3865950,7.96,26017.1,25850.0,25850,ATM-3,PUT,26000,2025-12-04
2025-12-04 09:15:00+05:30,158.0,158.0,119.5,123.95,1224750,2839500,8.0,25950.75,25950.0,26000,ATM,CALL,26000,2025-12-04
2025-12-04 09:16:00+05:30,120.75,130.2,120.75,129.55,1210575,2839500,8.19,25955.15,25950.0,26000,ATM,CALL,26000,2025-12-04
2025-12-04 09:17:00+05:30,127.85,135.3,127.55,134.45,847875,2839500,8.45,25959.1,25950.0,26000,ATM,CALL,26000,2025-12-04
2025-12-04 09:18:00+05:30,135.6,136.35,131.45,132.9,693750,3490275,8.35,25958.5,25950.0,26000,ATM,CALL,26000,2025-12-04
2025-12-04 09:19:00+05:30,132.85,134.5,125.7,126.45,760425,3490275,8.23,25949.55,25950.0,26000,ATM,CALL,26000,2025-12-04
2025-12-04 09:20:00+05:30,125.2,127.3,123.95,123.95,738375,3490275,8.11,25948.6,25950.0,26000,ATM,CALL,26000,2025-12-04
2025-12-04 09:21:00+05:30,124.4,131.2,123.45,130.85,813525,4068375,8.26,25955.4,25950.0,26000,ATM,CALL,26000,2025-12-04
2025-12-04 09:22:00+05:30,131.1,133.75,127.05,133.45,526125,4068375,8.27,25961.85,25950.0,26000,ATM,CALL,26000,2025-12-04
2025-12-04 09:23:00+05:30,109.75,123.3,108.65,121.7,3099750,12215475,8.51,25985.45,26000.0,26000,ATM,CALL,26000,2025-12-04
2025-12-04 09:24:00+05:30,118.3,129.7,118.3,127.2,3332250,12215475,8.67,25992.65,26000.0,26000,ATM,CALL,26000,2025-12-04
2025-12-04 09:25:00+05:30,122.8,126.7,118.2,120.4,2107950,12743400,8.68,25977.6,26000.0,26000,ATM,CALL,26000,2025-12-04
2025-12-04 09:26:00+05:30,120.45,125.2,119.55,123.45,1253325,12743400,8.85,25979.2,26000.0,26000,ATM,CALL,26000,2025-12-04
2025-12-04 09:27:00+05:30,122.55,126.85,119.0,125.85,1419450,12743400,8.74,25986.25,26000.0,26000,ATM,CALL,26000,2025-12-04
2025-12-04 09:28:00+05:30,125.45,127.65,124.05,126.2,1298475,13501275,8.61,25990.8,26000.0,26000,ATM,CALL,26000,2025-12-04
2025-12-04 09:29:00+05:30,125.45,131.95,124.8,130.95,2566800,13501275,8.79,25995.85,26000.0,26000,ATM,CALL,26000,2025-12-04
2025-12-04 09:30:00+05:30,130.35,131.05,127.65,129.65,1884975,13501275,8.58,25997.05,26000.0,26000,ATM,CALL,26000,2025-12-04
2025-12-04 09:31:00+05:30,131.0,133.65,127.85,129.3,1576800,14418900,8.6,25995.95,26000.0,26000,ATM,CALL,26000,2025-12-04
2025-12-04 09:32:00+05:30,129.0,129.7,119.6,123.55,2015550,14418900,8.68,25983.85,26000.0,26000,ATM,CALL,26000,2025-12-04
2025-12-04 09:33:00+05:30,124.7,128.6,120.9,128.6,1379325,14418900,8.7,25990.9,26000.0,26000,ATM,CALL,26000,2025-12-04
2025-12-04 09:34:00+05:30,128.7,134.4,127.15,133.9,1999575,14481150,8.7,26000.8,26000.0,26000,ATM,CALL,26000,2025-12-04
2025-12-04 09:35:00+05:30,134.25,140.65,134.25,139.35,3785325,14481150,8.45,26016.75,26000.0,26000,ATM,CALL,26000,2025-12-04
2025-12-04 09:36:00+05:30,139.65,143.0,138.75,139.9,2180250,14481150,8.33,26021.3,26000.0,26000,ATM,CALL,26000,2025-12-04
2025-12-04 09:37:00+05:30,113.8,116.0,112.95,113.65,893475,5457150,8.24,26025.25,26050.0,26000,ATM,CALL,26000,2025-12-04
2025-12-04 09:38:00+05:30,140.3,141.9,135.15,135.15,1366500,14565000,8.05,26018.65,26000.0,26000,ATM,CALL,26000,2025-12-04
2025-12-04 09:39:00+05:30,135.3,137.1,132.15,133.8,1238700,14565000,8.17,26013.45,26000.0,26000,ATM,CALL,26000,2025-12-04
2025-12-04 09:40:00+05:30,134.05,135.8,126.2,129.6,1569450,14211300,8.29,26003.5,26000.0,26000,ATM,CALL,26000,2025-12-04
2025-12-04 09:41:00+05:30,129.45,133.0,126.0,133.0,1181625,14211300,8.45,26004.5,26000.0,26000,ATM,CALL,26000,2025-12-04
2025-12-04 09:42:00+05:30,133.25,138.0,132.75,134.3,1842225,14211300,8.29,26011.85,26000.0,26000,ATM,CALL,26000,2025-12-04
2025-12-04 09:43:00+05:30,134.85,138.85,134.25,138.35,1035450,14634300,8.39,26016.45,26000.0,26000,ATM,CALL,26000,2025-12-04
2025-12-04 09:44:00+05:30,112.7,117.95,111.9,116.5,1196100,5889825,8.36,26028.15,26050.0,26000,ATM,CALL,26000,2025-12-04
2025-12-04 09:45:00+05:30,115.8,116.6,114.05,114.8,865725,5889825,8.34,26025.2,26050.0,26000,ATM,CALL,26000,2025-12-04
2025-12-04 09:46:00+05:30,141.5,145.6,140.6,141.55,1237875,14317725,8.38,26021.95,26000.0,26000,ATM,CALL,26000,2025-12-04
2025-12-04 09:47:00+05:30,141.7,145.8,140.7,141.9,881175,14317725,8.45,26021.05,26000.0,26000,ATM,CALL,26000,2025-12-04
2025-12-04 09:48:00+05:30,141.85,142.7,137.55,140.8,1127625,14317725,8.49,26017.6,26000.0,26000,ATM,CALL,26000,2025-12-04
2025-12-04 09:49:00+05:30,140.75,141.8,135.45,136.65,812625,13957950,8.27,26016.3,26000.0,26000,ATM,CALL,26000,2025-12-04
2025-12-04 09:50:00+05:30,136.25,139.45,135.2,139.45,696375,13957950,8.23,26022.5,26000.0,26000,ATM,CALL,26000,2025-12-04
2025-12-04 09:51:00+05:30,112.95,114.8,112.5,114.05,555150,5885100,8.3,26025.1,26050.0,26000,ATM,CALL,26000,2025-12-04
2025-12-04 09:52:00+05:30,114.0,121.75,113.9,119.45,1514400,6186825,8.36,26032.8,26050.0,26000,ATM,CALL,26000,2025-12-04
2025-12-04 09:53:00+05:30,118.55,120.6,114.45,114.65,860025,6186825,8.27,26025.9,26050.0,26000,ATM,CALL,26000,2025-12-04
2025-12-04 09:54:00+05:30,114.35,117.3,112.55,116.15,543825,6186825,8.3,26027.9,26050.0,26000,ATM,CALL,26000,2025-12-04
2025-12-04 09:55:00+05:30,115.9,119.9,115.9,118.8,636825,6219825,8.34,26032.45,26050.0,26000,ATM,CALL,26000,2025-12-04
2025-12-04 09:56:00+05:30,118.35,119.8,117.25,118.55,481575,6219825,8.27,26033.35,26050.0,26000,ATM,CALL,26000,2025-12-04
2025-12-04 09:57:00+05:30,118.65,118.7,114.15,116.25,621750,6219825,8.25,26028.75,26050.0,26000,ATM,CALL,26000,2025-12-04
2025-12-04 09:58:00+05:30,116.7,119.6,114.85,117.45,364725,6235425,8.29,26031.05,26050.0,26000,ATM,CALL,26000,2025-12-04
2025-12-04 09:59:00+05:30,117.25,118.9,115.0,116.35,323775,6235425,8.27,26028.3,26050.0,26000,ATM,CALL,26000,2025-12-04
2025-12-04 10:00:00+05:30,116.75,118.85,115.0,118.7,493125,6235425,8.33,26031.75,26050.0,26000,ATM,CALL,26000,2025-12-04
2025-12-04 10:01:00+05:30,118.2,119.7,115.3,115.8,430050,6364200,8.27,26028.35,26050.0,26000,ATM,CALL,26000,2025-12-04
2025-12-04 10:02:00+05:30,115.7,118.1,113.45,115.0,466200,6364200,8.24,26027.3,26050.0,26000,ATM,CALL,26000,2025-12-04
2025-12-04 10:03:00+05:30,115.75,116.45,112.0,116.25,470775,6364200,8.4,26026.65,26050.0,26000,ATM,CALL,26000,2025-12-04
2025-12-04 10:04:00+05:30,116.2,117.0,114.25,114.85,248325,6346200,8.35,26025.05,26050.0,26000,ATM,CALL,26000,2025-12-04
2025-12-04 10:05:00+05:30,142.05,144.0,139.15,140.95,508500,13607475,8.3,26021.85,26000.0,26000,ATM,CALL,26000,2025-12-04
2025-12-04 10:06:00+05:30,114.05,118.3,114.0,118.0,417225,6346200,8.35,26031.9,26050.0,26000,ATM,CALL,26000,2025-12-04
2025-12-04 10:07:00+05:30,118.0,125.5,117.65,124.4,1667175,6292500,8.54,26039.6,26050.0,26000,ATM,CALL,26000,2025-12-04
2025-12-04 10:08:00+05:30,123.0,123.5,120.15,121.05,799800,6292500,8.38,26036.25,26050.0,26000,ATM,CALL,26000,2025-12-04
2025-12-04 10:09:00+05:30,119.8,121.05,113.55,114.4,876675,6292500,8.26,26027.5,26050.0,26000,ATM,CALL,26000,2025-12-04
2025-12-04 10:10:00+05:30,114.35,116.8,114.35,115.9,452175,6243975,8.29,26029.0,26050.0,26000,ATM,CALL,26000,2025-12-04
2025-12-04 10:11:00+05:30,116.0,117.55,114.0,116.2,448950,6243975,8.3,26029.15,26050.0,26000,ATM,CALL,26000,2025-12-04
2025-12-04 10:12:00+05:30,116.0,119.15,116.0,118.0,517050,6243975,8.25,26034.35,26050.0,26000,ATM,CALL,26000,2025-12-04
2025-12-04 10:13:00+05:30,118.55,122.25,117.8,120.0,605925,6395100,8.11,26040.35,26050.0,26000,ATM,CALL,26000,2025-12-04
2025-12-04 10:14:00+05:30,119.8,124.15,119.65,122.2,685500,6395100,8.17,26042.75,26050.0,26000,ATM,CALL,26000,2025-12-04
2025-12-04 10:15:00+05:30,122.1,123.25,121.1,122.8,536100,6395100,8.21,26042.45,26050.0,26000,ATM,CALL,26000,2025-12-04
2025-12-04 10:16:00+05:30,122.15,123.15,120.3,122.5,459000,6309825,8.21,26043.45,26050.0,26000,ATM,CALL,26000,2025-12-04
2025-12-04 10:17:00+05:30,122.0,122.5,119.25,119.3,348900,6309825,8.16,26038.1,26050.0,26000,ATM,CALL,26000,2025-12-04
2025-12-04 10:18:00+05:30,120.25,122.95,119.8,122.6,283050,6309825,8.32,26043.7,26050.0,26000,ATM,CALL,26000,2025-12-04
2025-12-04 10:19:00+05:30,122.9,128.3,121.6,126.15,879600,6321150,8.32,26046.55,26050.0,26000,ATM,CALL,26000,2025-12-04
2025-12-04 10:20:00+05:30,126.45,128.0,124.35,125.85,1049325,6321150,8.24,26048.05,26050.0,26000,ATM,CALL,26000,2025-12-04
2025-12-04 10:21:00+05:30,125.5,130.55,125.35,130.45,847725,6321150,8.44,26052.55,26050.0,26000,ATM,CALL,26000,2025-12-04
2025-12-04 10:22:00+05:30,129.8,133.95,127.1,128.15,1409775,5710275,8.41,26049.05,26050.0,26000,ATM,CALL,26000,2025-12-04
2025-12-04 10:23:00+05:30,127.6,129.9,125.85,129.1,486300,5710275,8.43,26050.05,26050.0,26000,ATM,CALL,26000,2025-12-04
2025-12-04 10:24:00+05:30,129.25,129.8,127.4,128.2,320025,5710275,8.35,26050.55,26050.0,26000,ATM,CALL,26000,2025-12-04
2025-12-04 10:25:00+05:30,129.05,130.8,128.7,130.5,510300,5728200,8.33,26055.15,26050.0,26000,ATM,CALL,26000,2025-12-04
2025-12-04 10:26:00+05:30,130.65,132.95,129.75,130.05,658500,5728200,8.19,26056.0,26050.0,26000,ATM,CALL,26000,2025-12-04
2025-12-04 10:27:00+05:30,129.95,133.1,129.45,132.8,512625,5728200,8.38,26057.25,26050.0,26000,ATM,CALL,26000,2025-12-04
2025-12-04 10:28:00+05:30,132.65,139.8,132.65,139.25,1189500,5563200,8.52,26065.4,26050.0,26000,ATM,CALL,26000,2025-12-04
2025-12-04 10:29:00+05:30,111.55,120.0,110.8,119.5,2569575,9918825,8.6,26078.9,26100.0,26000,ATM,CALL,26000,2025-12-04
2025-12-04 10:30:00+05:30,119.4,121.0,115.6,115.85,2156175,9918825,8.24,26078.7,26100.0,26000,ATM,CALL,26000,2025-12-04
2025-12-04 10:31:00+05:30,115.65,122.8,115.65,122.05,1527600,9217275,8.49,26085.9,26100.0,26000,ATM,CALL,26000,2025-12-04
2025-12-04 10:32:00+05:30,122.2,124.5,119.25,120.2,1325025,9217275,8.48,26082.25,26100.0,26000,ATM,CALL,26000,2025-12-04
2025-12-04 10:33:00+05:30,119.55,119.7,115.9,117.95,885825,9217275,8.46,26078.05,26100.0,26000,ATM,CALL,26000,2025-12-04
2025-12-04 10:34:00+05:30,118.2,124.0,117.65,122.7,1164075,9187275,8.58,26084.65,26100.0,26000,ATM,CALL,26000,2025-12-04
2025-12-04 10:35:00+05:30,121.6,123.5,121.4,123.2,824550,9187275,8.48,26087.7,26100.0,26000,ATM,CALL,26000,2025-12-04
2025-12-04 10:36:00+05:30,123.65,128.35,123.65,127.65,1715025,9187275,8.59,26092.35,26100.0,26000,ATM,CALL,26000,2025-12-04
2025-12-04 10:37:00+05:30,127.15,127.6,125.5,126.65,950925,8912850,8.44,26094.9,26100.0,26000,ATM,CALL,26000,2025-12-04
2025-12-04 10:38:00+05:30,126.95,127.25,124.35,125.55,747150,8912850,8.54,26090.8,26100.0,26000,ATM,CALL,26000,2025-12-04
2025-12-04 10:39:00+05:30,125.3,125.4,122.15,123.75,667350,8912850,8.48,26089.6,26100.0,26000,ATM,CALL,26000,2025-12-04
2025-12-04 10:40:00+05:30,124.35,129.3,123.75,124.95,1117350,8848050,8.52,26090.65,26100.0,26000,ATM,CALL,26000,2025-12-04
2025-12-04 10:41:00+05:30,124.5,129.75,123.95,128.0,833325,8848050,8.63,26093.2,26100.0,26000,ATM,CALL,26000,2025-12-04
2025-12-04 10:42:00+05:30,128.35,129.25,126.2,127.85,638925,8848050,8.58,26093.55,26100.0,26000,ATM,CALL,26000,2025-12-04
2025-12-04 10:43:00+05:30,127.8,129.1,126.85,127.85,375075,8781525,8.57,26094.6,26100.0,26000,ATM,CALL,26000,2025-12-04
2025-12-04 10:44:00+05:30,128.0,130.9,126.7,126.8,864525,8781525,8.55,26092.7,26100.0,26000,ATM,CALL,26000,2025-12-04
2025-12-04 10:45:00+05:30,127.4,129.25,126.9,128.35,425550,8781525,8.55,26097.1,26100.0,26000,ATM,CALL,26000,2025-12-04
2025-12-04 10:46:00+05:30,128.35,129.15,126.7,128.05,461625,8785425,8.57,26094.7,26100.0,26000,ATM,CALL,26000,2025-12-04
2025-12-04 10:47:00+05:30,127.8,128.25,125.35,125.35,562200,8785425,8.64,26089.9,26100.0,26000,ATM,CALL,26000,2025-12-04
2025-12-04 10:48:00+05:30,125.4,125.45,123.3,124.4,702525,8785425,8.59,26087.8,26100.0,26000,ATM,CALL,26000,2025-12-04
2025-12-04 10:49:00+05:30,124.55,124.55,121.1,122.2,609600,8667000,8.55,26083.4,26100.0,26000,ATM,CALL,26000,2025-12-04
2025-12-04 10:50:00+05:30,122.15,124.3,121.3,122.8,353325,8667000,8.68,26082.9,26100.0,26000,ATM,CALL,26000,2025-12-04
2025-12-04 10:51:00+05:30,122.55,123.5,121.65,123.4,296550,8667000,8.66,26084.25,26100.0,26000,ATM,CALL,26000,2025-12-04
2025-12-04 10:52:00+05:30,123.5,123.5,121.85,122.3,290775,8770950,8.63,26082.75,26100.0,26000,ATM,CALL,26000,2025-12-04
2025-12-04 10:53:00+05:30,122.35,122.55,117.4,120.8,864900,8770950,8.67,26079.6,26100.0,26000,ATM,CALL,26000,2025-12-04
2025-12-04 10:54:00+05:30,120.6,121.65,119.0,119.8,442500,8770950,8.61,26078.05,26100.0,26000,ATM,CALL,26000,2025-12-04
2025-12-04 10:55:00+05:30,119.25,121.6,118.2,120.85,467700,8799375,8.64,26079.2,26100.0,26000,ATM,CALL,26000,2025-12-04
2025-12-04 10:56:00+05:30,121.0,121.8,117.9,120.8,510525,8799375,8.69,26078.4,26100.0,26000,ATM,CALL,26000,2025-12-04
2025-12-04 10:57:00+05:30,120.35,122.1,119.5,122.1,353250,8799375,8.67,26080.95,26100.0,26000,ATM,CALL,26000,2025-12-04
2025-12-04 10:58:00+05:30,122.95,125.85,122.6,124.6,1113525,9098775,8.74,26085.5,26100.0,26000,ATM,CALL,26000,2025-12-04
2025-12-04 10:59:00+05:30,124.5,124.75,116.3,116.65,935850,9098775,8.45,26075.5,26100.0,26000,ATM,CALL,26000,2025-12-04
2025-12-04 11:00:00+05:30,116.6,118.2,115.75,117.35,661875,9098775,8.43,26076.55,26100.0,26000,ATM,CALL,26000,2025-12-04
2025-12-04 11:01:00+05:30,117.5,121.1,117.35,119.0,490050,9519375,8.51,26079.6,26100.0,26000,ATM,CALL,26000,2025-12-04
2025-12-04 11:02:00+05:30,119.25,121.8,118.65,119.35,428175,9519375,8.45,26082.1,26100.0,26000,ATM,CALL,26000,2025-12-04
2025-12-04 11:03:00+05:30,119.65,122.5,119.65,119.9,453525,9519375,8.45,26082.65,26100.0,26000,ATM,CALL,26000,2025-12-04
2025-12-04 11:04:00+05:30,120.05,123.2,119.3,121.2,380325,9690150,8.57,26083.0,26100.0,26000,ATM,CALL,26000,2025-12-04
2025-12-04 11:05:00+05:30,121.2,122.85,120.5,122.25,312150,9690150,8.64,26082.95,26100.0,26000,ATM,CALL,26000,2025-12-04
2025-12-04 11:06:00+05:30,122.35,123.55,121.15,121.9,433500,9690150,8.6,26083.9,26100.0,26000,ATM,CALL,26000,2025-12-04
2025-12-04 11:07:00+05:30,121.45,122.05,119.25,119.25,330675,9741975,8.48,26080.6,26100.0,26000,ATM,CALL,26000,2025-12-04
2025-12-04 11:08:00+05:30,119.7,119.95,114.7,114.7,696300,9741975,8.3,26076.7,26100.0,26000,ATM,CALL,26000,2025-12-04
2025-12-04 11:09:00+05:30,143.15,144.5,140.8,140.8,296025,4293600,8.26,26074.7,26050.0,26000,ATM,CALL,26000,2025-12-04
2025-12-04 11:10:00+05:30,113.2,115.75,111.7,115.75,816150,9720300,8.42,26076.0,26100.0,26000,ATM,CALL,26000,2025-12-04
2025-12-04 11:11:00+05:30,143.9,143.9,139.9,140.95,281700,4182900,8.35,26073.2,26050.0,26000,ATM,CALL,26000,2025-12-04
2025-12-04 11:12:00+05:30,140.9,143.35,138.25,138.85,274425,4182900,8.2,26073.0,26050.0,26000,ATM,CALL,26000,2025-12-04
2025-12-04 11:13:00+05:30,138.65,139.5,137.25,138.25,218925,4336500,8.26,26070.4,26050.0,26000,ATM,CALL,26000,2025-12-04
2025-12-04 11:14:00+05:30,111.0,114.5,110.75,114.15,481500,9883650,8.26,26077.05,26100.0,26000,ATM,CALL,26000,2025-12-04
2025-12-04 11:15:00+05:30,142.15,142.4,138.7,139.3,195750,4336500,8.3,26070.5,26050.0,26000,ATM,CALL,26000,2025-12-04
2025-12-04 11:16:00+05:30,139.45,141.55,138.35,140.7,141375,4445850,8.3,26073.05,26050.0,26000,ATM,CALL,26000,2025-12-04
2025-12-04 11:17:00+05:30,112.7,114.7,111.7,113.4,354900,10116000,8.24,26075.6,26100.0,26000,ATM,CALL,26000,2025-12-04
2025-12-04 11:18:00+05:30,141.3,142.25,134.2,136.4,412425,4445850,8.17,26068.0,26050.0,26000,ATM,CALL,26000,2025-12-04
2025-12-04 11:19:00+05:30,137.25,138.85,136.6,138.4,198975,4437750,8.3,26070.3,26050.0,26000,ATM,CALL,26000,2025-12-04
2025-12-04 11:20:00+05:30,138.3,138.3,132.85,134.8,366825,4437750,8.2,26065.55,26050.0,26000,ATM,CALL,26000,2025-12-04
2025-12-04 11:21:00+05:30,134.2,137.45,133.15,136.1,218775,4437750,8.19,26068.1,26050.0,26000,ATM,CALL,26000,2025-12-04
2025-12-04 11:22:00+05:30,136.75,138.4,134.6,136.15,207825,4449450,8.14,26069.4,26050.0,26000,ATM,CALL,26000,2025-12-04
2025-12-04 11:23:00+05:30,136.4,136.8,130.4,130.8,352725,4449450,8.01,26064.3,26050.0,26000,ATM,CALL,26000,2025-12-04
2025-12-04 11:24:00+05:30,129.8,133.3,127.95,133.0,492675,4449450,8.15,26063.15,26050.0,26000,ATM,CALL,26000,2025-12-04
2025-12-04 11:25:00+05:30,133.45,137.8,132.7,137.5,286950,4508775,8.32,26067.9,26050.0,26000,ATM,CALL,26000,2025-12-04
2025-12-04 11:26:00+05:30,137.85,137.85,133.0,134.85,226125,4508775,8.17,26066.15,26050.0,26000,ATM,CALL,26000,2025-12-04
2025-12-04 11:27:00+05:30,134.9,135.8,131.1,132.0,183600,4508775,8.12,26063.35,26050.0,26000,ATM,CALL,26000,2025-12-04
2025-12-04 11:28:00+05:30,131.4,133.7,130.4,132.05,213075,4637475,8.14,26062.6,26050.0,26000,ATM,CALL,26000,2025-12-04
2025-12-04 11:29:00+05:30,132.8,133.0,129.0,129.0,134175,4637475,8.11,26060.6,26050.0,26000,ATM,CALL,26000,2025-12-04
2025-12-04 11:30:00+05:30,128.25,132.25,127.1,131.5,395175,4637475,8.17,26060.35,26050.0,26000,ATM,CALL,26000,2025-12-04
2025-12-04 11:31:00+05:30,131.25,135.2,129.75,130.7,413775,4784325,8.15,26060.0,26050.0,26000,ATM,CALL,26000,2025-12-04
2025-12-04 11:32:00+05:30,130.05,132.7,129.25,130.5,195225,4784325,8.11,26060.25,26050.0,26000,ATM,CALL,26000,2025-12-04
2025-12-04 11:33:00+05:30,130.35,134.5,130.25,133.05,197775,4784325,8.23,26063.2,26050.0,26000,ATM,CALL,26000,2025-12-04
2025-12-04 11:34:00+05:30,133.0,133.95,129.5,131.7,202425,4920600,8.17,26061.3,26050.0,26000,ATM,CALL,26000,2025-12-04
2025-12-04 11:35:00+05:30,131.55,133.65,131.35,133.65,129675,4920600,8.35,26060.7,26050.0,26000,ATM,CALL,26000,2025-12-04
2025-12-04 11:36:00+05:30,133.9,134.7,130.7,133.35,210450,4920600,8.38,26060.55,26050.0,26000,ATM,CALL,26000,2025-12-04
2025-12-04 11:37:00+05:30,132.65,132.75,126.15,127.2,368775,4983825,8.17,26052.9,26050.0,26000,ATM,CALL,26000,2025-12-04
2025-12-04 11:38:00+05:30,127.7,128.8,116.9,120.25,1205250,4983825,8.19,26039.35,26050.0,26000,ATM,CALL,26000,2025-12-04
2025-12-04 11:39:00+05:30,119.8,120.7,115.65,117.4,711525,4983825,8.24,26034.75,26050.0,26000,ATM,CALL,26000,2025-12-04
2025-12-04 11:40:00+05:30,116.85,119.9,116.0,118.1,581175,4913925,8.08,26038.15,26050.0,26000,ATM,CALL,26000,2025-12-04
2025-12-04 11:41:00+05:30,118.7,118.7,112.75,112.75,495375,4913925,7.86,26033.45,26050.0,26000,ATM,CALL,26000,2025-12-04
2025-12-04 11:42:00+05:30,113.7,114.95,109.4,110.4,801300,4913925,7.88,26028.2,26050.0,26000,ATM,CALL,26000,2025-12-04
2025-12-04 11:43:00+05:30,138.75,140.0,136.05,136.2,621900,9580800,7.96,26023.45,26000.0,26000,ATM,CALL,26000,2025-12-04
2025-12-04 11:44:00+05:30,109.3,112.25,109.3,111.35,389775,5192025,8.07,26028.8,26050.0,26000,ATM,CALL,26000,2025-12-04
2025-12-04 11:45:00+05:30,138.1,138.15,129.55,130.1,1065075,9580800,7.9,26015.15,26000.0,26000,ATM,CALL,26000,2025-12-04
2025-12-04 11:46:00+05:30,105.95,111.75,105.8,110.2,615900,5396700,8.0,26025.5,26050.0,26000,ATM,CALL,26000,2025-12-04
2025-12-04 11:47:00+05:30,109.85,111.85,109.8,111.1,462300,5396700,8.01,26028.45,26050.0,26000,ATM,CALL,26000,2025-12-04
2025-12-04 11:48:00+05:30,111.3,112.1,109.3,112.1,432150,5396700,8.11,26025.95,26050.0,26000,ATM,CALL,26000,2025-12-04
2025-12-04 11:49:00+05:30,112.05,114.7,110.55,113.5,405825,5749500,8.05,26031.3,26050.0,26000,ATM,CALL,26000,2025-12-04
2025-12-04 11:50:00+05:30,113.65,113.9,111.05,112.1,521400,5749500,8.03,26029.6,26050.0,26000,ATM,CALL,26000,2025-12-04
2025-12-04 11:51:00+05:30,139.5,139.5,133.9,136.55,568650,10108350,8.0,26022.9,26000.0,26000,ATM,CALL,26000,2025-12-04
2025-12-04 11:52:00+05:30,136.8,137.6,134.8,134.85,280950,10380225,7.96,26021.9,26000.0,26000,ATM,CALL,26000,2025-12-04
2025-12-04 11:53:00+05:30,135.15,136.45,133.6,134.55,254700,10380225,8.08,26018.35,26000.0,26000,ATM,CALL,26000,2025-12-04
2025-12-04 11:54:00+05:30,134.05,135.35,133.0,134.0,319800,10380225,8.12,26016.7,26000.0,26000,ATM,CALL,26000,2025-12-04
2025-12-04 11:55:00+05:30,107.0,112.2,107.0,111.1,450000,6090300,8.07,26028.1,26050.0,26000,ATM,CALL,26000,2025-12-04
2025-12-04 11:56:00+05:30,111.25,112.4,110.3,110.9,221400,6090300,8.08,26025.15,26050.0,26000,ATM,CALL,26000,2025-12-04
2025-12-04 11:57:00+05:30,138.15,138.55,135.05,135.35,372825,10434300,7.95,26022.55,26000.0,26000,ATM,CALL,26000,2025-12-04
2025-12-04 11:58:00+05:30,135.6,135.85,132.15,134.1,451800,10671525,7.98,26020.0,26000.0,26000,ATM,CALL,26000,2025-12-04
2025-12-04 11:59:00+05:30,134.7,136.0,133.1,135.95,330225,10671525,7.94,26024.0,26000.0,26000,ATM,CALL,26000,2025-12-04
2025-12-04 12:00:00+05:30,135.45,138.3,135.05,135.9,537450,10671525,7.94,26024.55,26000.0,26000,ATM,CALL,26000,2025-12-04
2025-12-04 12:01:00+05:30,136.15,138.15,135.5,138.15,250725,10886775,8.02,26024.9,26000.0,26000,ATM,CALL,26000,2025-12-04
2025-12-04 12:02:00+05:30,137.65,141.45,134.4,135.45,839250,10886775,7.91,26024.6,26000.0,26000,ATM,CALL,26000,2025-12-04
2025-12-04 12:03:00+05:30,108.85,113.85,108.85,113.85,325650,6382650,8.15,26031.4,26050.0,26000,ATM,CALL,26000,2025-12-04
2025-12-04 12:04:00+05:30,113.55,115.9,112.85,113.85,695775,6295875,8.02,26032.65,26050.0,26000,ATM,CALL,26000,2025-12-04
2025-12-04 12:05:00+05:30,113.5,116.8,113.5,115.45,603000,6295875,7.89,26038.45,26050.0,26000,ATM,CALL,26000,2025-12-04
2025-12-04 12:06:00+05:30,115.35,115.65,113.0,113.6,432300,6295875,7.96,26035.45,26050.0,26000,ATM,CALL,26000,2025-12-04
2025-12-04 12:07:00+05:30,113.45,118.6,113.1,117.65,509625,6280050,7.96,26040.6,26050.0,26000,ATM,CALL,26000,2025-12-04
2025-12-04 12:08:00+05:30,117.85,118.95,117.25,118.4,554625,6280050,8.0,26042.85,26050.0,26000,ATM,CALL,26000,2025-12-04
2025-12-04 12:09:00+05:30,118.35,118.65,110.15,110.6,692100,6280050,7.87,26032.0,26050.0,26000,ATM,CALL,26000,2025-12-04
2025-12-04 12:10:00+05:30,111.2,112.75,109.55,111.1,434325,6288150,8.12,26027.7,26050.0,26000,ATM,CALL,26000,2025-12-04
2025-12-04 12:11:00+05:30,137.65,137.65,133.5,133.6,536100,11102025,7.8,26023.8,26000.0,26000,ATM,CALL,26000,2025-12-04
2025-12-04 12:12:00+05:30,106.95,111.15,105.15,110.45,433875,6288150,8.03,26027.3,26050.0,26000,ATM,CALL,26000,2025-12-04
2025-12-04 12:13:00+05:30,110.4,112.35,110.0,110.8,405450,6261300,8.06,26026.8,26050.0,26000,ATM,CALL,26000,2025-12-04
2025-12-04 12:14:00+05:30,111.45,114.0,111.25,111.9,253650,6261300,8.14,26028.15,26050.0,26000,ATM,CALL,26000,2025-12-04
2025-12-04 12:15:00+05:30,139.45,139.45,132.5,133.1,558300,11100600,8.02,26017.8,26000.0,26000,ATM,CALL,26000,2025-12-04
2025-12-04 12:16:00+05:30,133.6,135.2,131.65,134.7,451725,11237325,8.02,26021.65,26000.0,26000,ATM,CALL,26000,2025-12-04
2025-12-04 12:17:00+05:30,134.6,137.5,134.15,135.4,369900,11237325,7.98,26023.0,26000.0,26000,ATM,CALL,26000,2025-12-04
2025-12-04 12:18:00+05:30,133.8,136.15,133.8,135.8,241500,11237325,8.05,26022.65,26000.0,26000,ATM,CALL,26000,2025-12-04
2025-12-04 12:19:00+05:30,136.15,137.1,132.6,133.15,326175,11376450,8.06,26018.15,26000.0,26000,ATM,CALL,26000,2025-12-04
2025-12-04 12:20:00+05:30,133.6,134.5,124.2,124.4,1585725,11376450,7.87,26006.95,26000.0,26000,ATM,CALL,26000,2025-12-04
2025-12-04 12:21:00+05:30,124.55,127.8,122.85,127.8,1148325,11376450,7.93,26012.15,26000.0,26000,ATM,CALL,26000,2025-12-04
2025-12-04 12:22:00+05:30,127.95,128.45,126.05,127.7,591675,11552475,7.71,26015.1,26000.0,26000,ATM,CALL,26000,2025-12-04
2025-12-04 12:23:00+05:30,127.85,131.9,127.85,129.8,548850,11552475,7.86,26015.85,26000.0,26000,ATM,CALL,26000,2025-12-04
2025-12-04 12:24:00+05:30,129.75,131.55,128.8,131.2,337350,11552475,7.8,26019.5,26000.0,26000,ATM,CALL,26000,2025-12-04
2025-12-04 12:25:00+05:30,131.0,135.65,130.6,135.65,741825,11879625,7.91,26024.4,26000.0,26000,ATM,CALL,26000,2025-12-04
2025-12-04 12:26:00+05:30,135.95,136.25,132.1,135.2,481575,11879625,7.88,26024.5,26000.0,26000,ATM,CALL,26000,2025-12-04
2025-12-04 12:27:00+05:30,108.35,108.7,106.0,107.9,216975,6365775,7.92,26025.65,26050.0,26000,ATM,CALL,26000,2025-12-04
2025-12-04 12:28:00+05:30,108.15,112.7,107.8,112.7,682875,6492600,8.15,26028.9,26050.0,26000,ATM,CALL,26000,2025-12-04
2025-12-04 12:29:00+05:30,139.2,139.75,131.9,133.5,917175,12107175,7.8,26024.25,26000.0,26000,ATM,CALL,26000,2025-12-04
2025-12-04 12:30:00+05:30,107.0,109.7,105.6,109.35,266550,6492600,8.01,26026.8,26050.0,26000,ATM,CALL,26000,2025-12-04
2025-12-04 12:31:00+05:30,109.35,109.75,107.25,107.3,185325,6599325,7.82,26025.35,26050.0,26000,ATM,CALL,26000,2025-12-04
2025-12-04 12:32:00+05:30,133.85,135.45,131.85,134.2,233550,12206400,7.85,26024.35,26000.0,26000,ATM,CALL,26000,2025-12-04
2025-12-04 12:33:00+05:30,107.6,109.85,107.0,109.85,213075,6599325,7.9,26029.0,26050.0,26000,ATM,CALL,26000,2025-12-04
2025-12-04 12:34:00+05:30,110.1,110.5,108.1,108.4,248625,6674400,7.88,26025.9,26050.0,26000,ATM,CALL,26000,2025-12-04
2025-12-04 12:35:00+05:30,108.75,110.6,108.35,109.6,184650,6674400,7.93,26027.9,26050.0,26000,ATM,CALL,26000,2025-12-04
2025-12-04 12:36:00+05:30,109.9,110.5,108.35,108.8,137250,6674400,7.96,26026.05,26050.0,26000,ATM,CALL,26000,2025-12-04
2025-12-04 12:37:00+05:30,136.15,137.45,133.05,135.05,338025,12281475,7.82,26025.0,26000.0,26000,ATM,CALL,26000,2025-12-04
2025-12-04 12:38:00+05:30,108.0,110.0,106.8,109.25,177150,6683550,7.96,26026.65,26050.0,26000,ATM,CALL,26000,2025-12-04
2025-12-04 12:39:00+05:30,135.95,138.4,134.2,134.2,357450,12281475,7.85,26023.95,26000.0,26000,ATM,CALL,26000,2025-12-04
2025-12-04 12:40:00+05:30,134.55,136.0,132.65,134.3,326925,12301125,7.82,26025.0,26000.0,26000,ATM,CALL,26000,2025-12-04
2025-12-04 12:41:00+05:30,134.2,135.0,132.6,132.6,256275,12301125,7.84,26023.6,26000.0,26000,ATM,CALL,26000,2025-12-04
2025-12-04 12:42:00+05:30,131.0,131.8,127.65,127.65,865350,12301125,7.68,26017.2,26000.0,26000,ATM,CALL,26000,2025-12-04
2025-12-04 12:43:00+05:30,128.05,128.3,124.7,125.9,783000,12239475,7.76,26012.5,26000.0,26000,ATM,CALL,26000,2025-12-04
2025-12-04 12:44:00+05:30,125.75,125.9,123.15,123.4,618075,12239475,7.64,26009.55,26000.0,26000,ATM,CALL,26000,2025-12-04
2025-12-04 12:45:00+05:30,123.9,123.9,111.7,111.7,2001150,12239475,7.48,25992.1,26000.0,26000,ATM,CALL,26000,2025-12-04
2025-12-04 12:46:00+05:30,113.25,115.9,113.25,114.5,1183800,12239475,7.8,25990.7,26000.0,26000,ATM,CALL,26000,2025-12-04
2025-12-04 12:47:00+05:30,114.35,119.3,114.35,118.0,1005000,12450075,7.71,26000.85,26000.0,26000,ATM,CALL,26000,2025-12-04
2025-12-04 12:48:00+05:30,118.0,118.0,114.75,115.4,631125,12450075,7.59,25997.05,26000.0,26000,ATM,CALL,26000,2025-12-04
2025-12-04 12:49:00+05:30,115.3,116.0,113.65,114.3,421950,12450075,7.68,25993.35,26000.0,26000,ATM,CALL,26000,2025-12-04
2025-12-04 12:50:00+05:30,114.35,116.85,114.1,116.2,420900,12659325,7.73,25994.45,26000.0,26000,ATM,CALL,26000,2025-12-04
2025-12-04 12:51:00+05:30,116.85,117.4,114.25,115.5,399525,12659325,7.69,25995.5,26000.0,26000,ATM,CALL,26000,2025-12-04
2025-12-04 12:52:00+05:30,115.45,115.55,111.4,112.75,681975,12659325,7.62,25991.55,26000.0,26000,ATM,CALL,26000,2025-12-04
2025-12-04 12:53:00+05:30,112.9,116.15,111.7,115.0,445125,12787200,7.66,25993.85,26000.0,26000,ATM,CALL,26000,2025-12-04
2025-12-04 12:54:00+05:30,114.7,115.9,113.65,115.3,303600,12787200,7.82,25992.85,26000.0,26000,ATM,CALL,26000,2025-12-04
2025-12-04 12:55:00+05:30,115.0,121.6,115.0,120.8,1117875,12787200,7.73,26004.5,26000.0,26000,ATM,CALL,26000,2025-12-04
2025-12-04 12:56:00+05:30,120.75,122.7,119.9,121.5,696450,12885375,7.73,26005.95,26000.0,26000,ATM,CALL,26000,2025-12-04
2025-12-04 12:57:00+05:30,121.7,122.5,120.15,122.4,449250,12885375,7.77,26005.95,26000.0,26000,ATM,CALL,26000,2025-12-04
2025-12-04 12:58:00+05:30,121.95,123.4,119.05,121.15,716550,12885375,7.85,26004.05,26000.0,26000,ATM,CALL,26000,2025-12-04
2025-12-04 12:59:00+05:30,121.35,122.4,120.4,120.45,330225,12959700,7.8,26002.4,26000.0,26000,ATM,CALL,26000,2025-12-04
2025-12-04 13:00:00+05:30,119.35,121.0,117.05,120.5,557700,12959700,7.87,26001.85,26000.0,26000,ATM,CALL,26000,2025-12-04
2025-12-04 13:01:00+05:30,120.5,122.25,119.9,121.2,429150,12959700,7.77,26004.2,26000.0,26000,ATM,CALL,26000,2025-12-04
2025-12-04 13:02:00+05:30,120.75,121.3,119.55,119.8,278400,13016700,7.71,26001.3,26000.0,26000,ATM,CALL,26000,2025-12-04
2025-12-04 13:03:00+05:30,120.3,121.5,119.8,120.4,190650,13016700,7.73,26002.7,26000.0,26000,ATM,CALL,26000,2025-12-04
2025-12-04 13:04:00+05:30,120.5,124.9,120.5,122.3,646875,13016700,7.79,26005.85,26000.0,26000,ATM,CALL,26000,2025-12-04
2025-12-04 13:05:00+05:30,122.1,123.6,119.55,120.2,467700,12976575,7.87,26001.05,26000.0,26000,ATM,CALL,26000,2025-12-04
2025-12-04 13:06:00+05:30,120.3,123.3,120.3,122.9,240075,12976575,7.9,26002.2,26000.0,26000,ATM,CALL,26000,2025-12-04
2025-12-04 13:07:00+05:30,123.1,123.8,121.4,122.5,236700,12976575,7.93,26003.9,26000.0,26000,ATM,CALL,26000,2025-12-04
2025-12-04 13:08:00+05:30,122.9,125.5,121.75,122.4,419025,13013925,8.05,25999.95,26000.0,26000,ATM,CALL,26000,2025-12-04
2025-12-04 13:09:00+05:30,122.6,123.6,120.7,121.3,254325,13013925,8.05,25997.95,26000.0,26000,ATM,CALL,26000,2025-12-04
2025-12-04 13:10:00+05:30,121.35,121.35,117.1,119.0,644175,13013925,8.07,25993.15,26000.0,26000,ATM,CALL,26000,2025-12-04
2025-12-04 13:11:00+05:30,119.35,121.15,119.05,120.0,354675,12922800,8.11,25994.25,26000.0,26000,ATM,CALL,26000,2025-12-04
2025-12-04 13:12:00+05:30,120.2,123.45,118.15,118.55,495450,12922800,8.03,25993.45,26000.0,26000,ATM,CALL,26000,2025-12-04
2025-12-04 13:13:00+05:30,118.5,119.4,116.05,118.65,533475,12922800,8.01,25993.8,26000.0,26000,ATM,CALL,26000,2025-12-04
2025-12-04 13:14:00+05:30,118.6,124.9,118.4,121.8,639225,12976350,7.94,26000.8,26000.0,26000,ATM,CALL,26000,2025-12-04
2025-12-04 13:15:00+05:30,121.95,123.9,121.1,122.1,413400,12976350,7.93,26002.4,26000.0,26000,ATM,CALL,26000,2025-12-04
2025-12-04 13:16:00+05:30,122.75,124.75,122.15,123.3,326175,12976350,7.91,26003.3,26000.0,26000,ATM,CALL,26000,2025-12-04
2025-12-04 13:17:00+05:30,123.9,124.4,121.25,122.35,321450,13037550,8.0,26000.85,26000.0,26000,ATM,CALL,26000,2025-12-04
2025-12-04 13:18:00+05:30,122.0,125.35,122.0,123.0,483825,13037550,8.05,26001.5,26000.0,26000,ATM,CALL,26000,2025-12-04
2025-12-04 13:19:00+05:30,123.0,123.85,117.6,119.35,608325,13037550,8.02,25995.65,26000.0,26000,ATM,CALL,26000,2025-12-04
2025-12-04 13:20:00+05:30,119.2,122.7,118.0,122.0,324975,13086600,7.95,26001.5,26000.0,26000,ATM,CALL,26000,2025-12-04
2025-12-04 13:21:00+05:30,122.05,124.2,121.45,123.9,416175,13086600,7.85,26006.85,26000.0,26000,ATM,CALL,26000,2025-12-04
2025-12-04 13:22:00+05:30,124.2,129.4,123.45,129.25,1176975,13086600,7.86,26016.15,26000.0,26000,ATM,CALL,26000,2025-12-04
2025-12-04 13:23:00+05:30,129.5,130.6,127.8,129.6,1173900,13224675,7.87,26017.05,26000.0,26000,ATM,CALL,26000,2025-12-04
2025-12-04 13:24:00+05:30,129.35,133.15,127.75,132.7,759450,13224675,8.06,26017.85,26000.0,26000,ATM,CALL,26000,2025-12-04
2025-12-04 13:25:00+05:30,132.15,134.0,129.75,130.15,1138800,13224675,7.89,26016.25,26000.0,26000,ATM,CALL,26000,2025-12-04
2025-12-04 13:26:00+05:30,129.7,133.35,128.8,131.0,631275,13279425,7.89,26018.15,26000.0,26000,ATM,CALL,26000,2025-12-04
2025-12-04 13:27:00+05:30,131.65,134.15,131.2,131.75,587025,13279425,7.92,26018.95,26000.0,26000,ATM,CALL,26000,2025-12-04
2025-12-04 13:28:00+05:30,132.0,132.9,128.6,128.6,393000,13279425,7.81,26016.8,26000.0,26000,ATM,CALL,26000,2025-12-04
2025-12-04 13:29:00+05:30,129.0,131.45,128.75,129.95,321000,13338225,7.69,26015.7,26000.0,26000,ATM,CALL,26000,2025-12-04
2025-12-04 13:30:00+05:30,130.4,135.8,127.7,127.7,1167600,13338225,7.77,26015.3,26000.0,26000,ATM,CALL,26000,2025-12-04
2025-12-04 13:31:00+05:30,127.65,129.35,126.0,128.3,586950,13338225,7.93,26013.6,26000.0,26000,ATM,CALL,26000,2025-12-04
2025-12-04 13:32:00+05:30,128.25,128.7,123.95,126.55,612900,13232700,7.88,26011.8,26000.0,26000,ATM,CALL,26000,2025-12-04
2025-12-04 13:33:00+05:30,126.8,126.8,124.0,125.0,367950,13232700,7.91,26008.95,26000.0,26000,ATM,CALL,26000,2025-12-04
2025-12-04 13:34:00+05:30,125.1,125.65,118.9,119.0,856050,13232700,7.67,26002.4,26000.0,26000,ATM,CALL,26000,2025-12-04
2025-12-04 13:35:00+05:30,119.3,119.3,113.45,113.9,1266300,13087125,7.8,25990.4,26000.0,26000,ATM,CALL,26000,2025-12-04
2025-12-04 13:36:00+05:30,113.2,113.2,108.25,108.9,1400850,13087125,7.87,25979.5,26000.0,26000,ATM,CALL,26000,2025-12-04
2025-12-04 13:37:00+05:30,108.5,108.95,104.75,106.4,1164900,13087125,7.84,25976.3,26000.0,26000,ATM,CALL,26000,2025-12-04
2025-12-04 13:38:00+05:30,106.75,110.5,106.4,109.65,730575,13102725,7.87,25981.75,26000.0,26000,ATM,CALL,26000,2025-12-04
2025-12-04 13:39:00+05:30,109.2,109.2,107.45,108.1,566700,13102725,7.79,25980.55,26000.0,26000,ATM,CALL,26000,2025-12-04
2025-12-04 13:40:00+05:30,108.2,108.2,105.8,107.0,616050,13102725,7.77,25978.35,26000.0,26000,ATM,CALL,26000,2025-12-04
2025-12-04 13:41:00+05:30,134.3,134.3,124.7,126.1,512475,2750700,7.6,25964.95,25950.0,26000,ATM,CALL,26000,2025-12-04
2025-12-04 13:42:00+05:30,126.05,131.4,125.5,130.7,351600,2750700,7.66,25973.25,25950.0,26000,ATM,CALL,26000,2025-12-04
2025-12-04 13:43:00+05:30,131.0,132.2,127.95,129.05,216825,2750700,7.61,25972.9,25950.0,26000,ATM,CALL,26000,2025-12-04
2025-12-04 13:44:00+05:30,102.65,105.4,102.55,104.75,507600,13900875,7.71,25976.3,26000.0,26000,ATM,CALL,26000,2025-12-04
2025-12-04 13:45:00+05:30,131.35,131.35,127.75,129.05,263625,2956575,7.61,25972.8,25950.0,26000,ATM,CALL,26000,2025-12-04
2025-12-04 13:46:00+05:30,102.25,105.55,102.1,105.25,471075,13900875,7.75,25976.05,26000.0,26000,ATM,CALL,26000,2025-12-04
2025-12-04 13:47:00+05:30,105.25,105.95,103.6,105.4,430500,14155275,7.67,25978.2,26000.0,26000,ATM,CALL,26000,2025-12-04
2025-12-04 13:48:00+05:30,105.4,106.7,103.0,106.7,523575,14155275,7.77,25979.4,26000.0,26000,ATM,CALL,26000,2025-12-04
2025-12-04 13:49:00+05:30,107.0,107.65,104.55,105.85,559950,14155275,7.68,25978.65,26000.0,26000,ATM,CALL,26000,2025-12-04
2025-12-04 13:50:00+05:30,105.9,107.75,105.45,106.9,517500,14297325,7.77,25978.55,26000.0,26000,ATM,CALL,26000,2025-12-04
2025-12-04 13:51:00+05:30,106.65,109.05,105.8,107.95,689550,14297325,7.76,25980.5,26000.0,26000,ATM,CALL,26000,2025-12-04
2025-12-04 13:52:00+05:30,108.0,108.85,105.85,107.75,406200,14297325,7.69,25981.55,26000.0,26000,ATM,CALL,26000,2025-12-04
2025-12-04 13:53:00+05:30,134.25,135.75,130.8,133.2,145500,3039000,7.79,25974.85,25950.0,26000,ATM,CALL,26000,2025-12-04
2025-12-04 13:54:00+05:30,105.9,107.4,105.05,107.1,281175,14416575,7.91,25975.55,26000.0,26000,ATM,CALL,26000,2025-12-04
2025-12-04 13:55:00+05:30,134.4,134.8,130.3,131.25,159525,3039000,7.8,25971.95,25950.0,26000,ATM,CALL,26000,2025-12-04
2025-12-04 13:56:00+05:30,131.75,133.95,130.7,132.25,107775,3060975,7.82,25974.4,25950.0,26000,ATM,CALL,26000,2025-12-04
2025-12-04 13:57:00+05:30,105.3,105.95,101.5,105.7,499200,14467050,7.82,25975.8,26000.0,26000,ATM,CALL,26000,2025-12-04
2025-12-04 13:58:00+05:30,132.45,135.6,131.35,132.6,160950,3060975,7.8,25974.05,25950.0,26000,ATM,CALL,26000,2025-12-04
2025-12-04 13:59:00+05:30,132.15,133.25,131.7,131.95,73575,3060675,7.76,25973.3,25950.0,26000,ATM,CALL,26000,2025-12-04
2025-12-04 14:00:00+05:30,131.7,132.8,129.0,132.0,142875,3060675,7.82,25972.3,25950.0,26000,ATM,CALL,26000,2025-12-04
2025-12-04 14:01:00+05:30,105.1,111.35,104.6,107.05,1031850,14408925,7.71,25979.95,26000.0,26000,ATM,CALL,26000,2025-12-04
2025-12-04 14:02:00+05:30,108.15,110.65,107.5,107.5,555225,14369475,7.7,25980.35,26000.0,26000,ATM,CALL,26000,2025-12-04
2025-12-04 14:03:00+05:30,108.1,108.9,103.25,107.4,666825,14369475,7.77,25978.75,26000.0,26000,ATM,CALL,26000,2025-12-04
2025-12-04 14:04:00+05:30,107.45,112.7,107.45,111.05,906150,14369475,7.72,25986.7,26000.0,26000,ATM,CALL,26000,2025-12-04
2025-12-04 14:05:00+05:30,111.65,111.65,107.15,108.9,729225,14480850,7.8,25980.35,26000.0,26000,ATM,CALL,26000,2025-12-04
2025-12-04 14:06:00+05:30,108.9,110.0,107.6,109.7,309750,14480850,7.82,25982.0,26000.0,26000,ATM,CALL,26000,2025-12-04
2025-12-04 14:07:00+05:30,109.8,116.95,109.75,116.95,1307550,14480850,7.73,25998.25,26000.0,26000,ATM,CALL,26000,2025-12-04
2025-12-04 14:08:00+05:30,115.7,116.55,113.85,116.15,1078575,14415750,7.51,26001.55,26000.0,26000,ATM,CALL,26000,2025-12-04
2025-12-04 14:09:00+05:30,115.0,116.8,114.3,115.6,784350,14415750,7.39,26005.6,26000.0,26000,ATM,CALL,26000,2025-12-04
2025-12-04 14:10:00+05:30,115.35,129.0,115.1,124.6,3137550,14415750,7.37,26017.4,26000.0,26000,ATM,CALL,26000,2025-12-04
2025-12-04 14:11:00+05:30,124.8,127.15,118.35,121.25,1526625,14145900,7.61,26007.55,26000.0,26000,ATM,CALL,26000,2025-12-04
2025-12-04 14:12:00+05:30,120.7,123.85,120.0,122.65,713325,14145900,7.62,26009.2,26000.0,26000,ATM,CALL,26000,2025-12-04
2025-12-04 14:13:00+05:30,122.55,124.75,119.85,121.5,785100,14145900,7.79,26004.15,26000.0,26000,ATM,CALL,26000,2025-12-04
2025-12-04 14:14:00+05:30,121.9,123.55,120.55,121.3,459900,14109600,7.79,26004.05,26000.0,26000,ATM,CALL,26000,2025-12-04
2025-12-04 14:15:00+05:30,122.0,123.55,119.3,120.65,692175,14109600,7.88,26001.75,26000.0,26000,ATM,CALL,26000,2025-12-04
2025-12-04 14:16:00+05:30,119.35,121.05,117.2,121.05,797850,14109600,7.88,26001.6,26000.0,26000,ATM,CALL,26000,2025-12-04
2025-12-04 14:17:00+05:30,121.0,125.35,120.6,125.0,1062150,13816575,7.85,26009.45,26000.0,26000,ATM,CALL,26000,2025-12-04
2025-12-04 14:18:00+05:30,124.9,125.25,122.7,124.45,458625,13816575,7.89,26008.75,26000.0,26000,ATM,CALL,26000,2025-12-04
2025-12-04 14:19:00+05:30,124.2,124.2,119.7,119.7,537300,13816575,7.85,26001.0,26000.0,26000,ATM,CALL,26000,2025-12-04
2025-12-04 14:20:00+05:30,119.45,120.3,117.25,118.65,610725,13833450,7.9,25997.45,26000.0,26000,ATM,CALL,26000,2025-12-04
2025-12-04 14:21:00+05:30,118.3,118.3,113.45,116.85,1061700,13833450,7.88,25995.0,26000.0,26000,ATM,CALL,26000,2025-12-04
2025-12-04 14:22:00+05:30,117.8,120.2,116.35,118.0,461100,13833450,7.95,25995.3,26000.0,26000,ATM,CALL,26000,2025-12-04
2025-12-04 14:23:00+05:30,118.35,126.3,118.35,126.05,1107450,13727925,8.08,26007.0,26000.0,26000,ATM,CALL,26000,2025-12-04
2025-12-04 14:24:00+05:30,127.5,127.75,122.85,123.0,925725,13727925,8.02,26002.25,26000.0,26000,ATM,CALL,26000,2025-12-04
2025-12-04 14:25:00+05:30,121.8,122.8,119.7,122.4,581700,13727925,8.02,26000.7,26000.0,26000,ATM,CALL,26000,2025-12-04
2025-12-04 14:26:00+05:30,121.35,125.85,121.25,124.8,574125,13722375,8.01,26006.75,26000.0,26000,ATM,CALL,26000,2025-12-04
2025-12-04 14:27:00+05:30,124.5,126.0,122.75,124.25,514425,13722375,7.92,26007.5,26000.0,26000,ATM,CALL,26000,2025-12-04
2025-12-04 14:28:00+05:30,124.2,125.0,122.15,124.4,368325,13722375,7.98,26006.15,26000.0,26000,ATM,CALL,26000,2025-12-04
2025-12-04 14:29:00+05:30,124.15,128.45,124.15,127.4,987600,13712400,7.82,26014.0,26000.0,26000,ATM,CALL,26000,2025-12-04
2025-12-04 14:30:00+05:30,127.6,130.7,126.0,127.0,1380825,13712400,7.73,26016.25,26000.0,26000,ATM,CALL,26000,2025-12-04
2025-12-04 14:31:00+05:30,127.4,129.45,126.35,128.65,521775,13712400,7.84,26015.55,26000.0,26000,ATM,CALL,26000,2025-12-04
2025-12-04 14:32:00+05:30,128.9,128.9,122.85,124.4,647925,13525875,7.88,26008.7,26000.0,26000,ATM,CALL,26000,2025-12-04
2025-12-04 14:33:00+05:30,124.95,127.6,124.0,127.6,371250,13525875,8.0,26010.1,26000.0,26000,ATM,CALL,26000,2025-12-04
2025-12-04 14:34:00+05:30,126.85,127.0,124.85,125.4,286575,13525875,7.96,26008.95,26000.0,26000,ATM,CALL,26000,2025-12-04
2025-12-04 14:35:00+05:30,125.35,125.65,119.65,121.6,604575,13450050,7.88,26003.8,26000.0,26000,ATM,CALL,26000,2025-12-04
2025-12-04 14:36:00+05:30,121.55,124.45,119.4,120.3,526200,13450050,7.87,26000.4,26000.0,26000,ATM,CALL,26000,2025-12-04
2025-12-04 14:37:00+05:30,120.4,122.0,120.15,121.4,353400,13450050,7.84,26004.1,26000.0,26000,ATM,CALL,26000,2025-12-04
2025-12-04 14:38:00+05:30,121.7,129.0,121.7,128.0,779550,13385850,7.93,26013.55,26000.0,26000,ATM,CALL,26000,2025-12-04
2025-12-04 14:39:00+05:30,128.5,130.9,126.85,128.2,928500,13385850,7.91,26013.75,26000.0,26000,ATM,CALL,26000,2025-12-04
2025-12-04 14:40:00+05:30,128.45,130.2,128.15,128.5,501375,13385850,7.8,26017.5,26000.0,26000,ATM,CALL,26000,2025-12-04
2025-12-04 14:41:00+05:30,129.55,130.75,127.8,128.35,722475,13240200,7.9,26015.45,26000.0,26000,ATM,CALL,26000,2025-12-04
2025-12-04 14:42:00+05:30,128.6,132.2,125.45,126.85,723450,13240200,7.81,26015.5,26000.0,26000,ATM,CALL,26000,2025-12-04
2025-12-04 14:43:00+05:30,126.6,129.1,124.55,126.2,493425,13240200,8.08,26007.85,26000.0,26000,ATM,CALL,26000,2025-12-04
2025-12-04 14:44:00+05:30,125.65,126.35,123.1,123.4,440700,13106025,8.18,26000.6,26000.0,26000,ATM,CALL,26000,2025-12-04
2025-12-04 14:45:00+05:30,122.6,125.4,117.9,119.0,1439325,13106025,8.19,25992.35,26000.0,26000,ATM,CALL,26000,2025-12-04
2025-12-04 14:46:00+05:30,118.4,120.9,116.3,117.75,830850,13106025,8.17,25988.7,26000.0,26000,ATM,CALL,26000,2025-12-04
2025-12-04 14:47:00+05:30,118.6,124.4,117.7,122.65,835950,12728025,8.0,26001.55,26000.0,26000,ATM,CALL,26000,2025-12-04
2025-12-04 14:48:00+05:30,122.3,123.35,120.2,121.45,533250,12728025,7.85,26003.3,26000.0,26000,ATM,CALL,26000,2025-12-04
2025-12-04 14:49:00+05:30,121.95,123.05,120.8,122.0,282750,12728025,7.8,26003.65,26000.0,26000,ATM,CALL,26000,2025-12-04
2025-12-04 14:50:00+05:30,122.3,129.6,121.45,129.3,980100,12766500,7.96,26014.1,26000.0,26000,ATM,CALL,26000,2025-12-04
2025-12-04 14:51:00+05:30,129.05,131.0,126.65,131.0,1040700,12766500,7.95,26018.15,26000.0,26000,ATM,CALL,26000,2025-12-04
2025-12-04 14:52:00+05:30,104.35,109.6,103.95,108.6,946650,6470625,8.02,26026.15,26050.0,26000,ATM,CALL,26000,2025-12-04
2025-12-04 14:53:00+05:30,136.1,136.4,133.2,134.25,1183725,12655050,7.92,26023.0,26000.0,26000,ATM,CALL,26000,2025-12-04
2025-12-04 14:54:00+05:30,107.0,109.25,106.4,107.9,442800,6359925,8.01,26025.05,26050.0,26000,ATM,CALL,26000,2025-12-04
2025-12-04 14:55:00+05:30,108.3,109.95,107.2,108.85,554475,6359925,7.9,26029.45,26050.0,26000,ATM,CALL,26000,2025-12-04
2025-12-04 14:56:00+05:30,108.5,115.85,108.5,115.8,1140150,6255975,8.0,26039.65,26050.0,26000,ATM,CALL,26000,2025-12-04
2025-12-04 14:57:00+05:30,113.75,115.6,112.95,113.3,1049700,6255975,7.96,26036.45,26050.0,26000,ATM,CALL,26000,2025-12-04
2025-12-04 14:58:00+05:30,113.55,115.9,112.65,115.2,612075,6255975,7.93,26039.35,26050.0,26000,ATM,CALL,26000,2025-12-04
2025-12-04 14:59:00+05:30,115.3,119.6,114.8,116.65,1045650,5894775,7.93,26043.25,26050.0,26000,ATM,CALL,26000,2025-12-04
2025-12-04 15:00:00+05:30,116.3,120.85,116.3,120.45,1123125,5894775,7.99,26048.45,26050.0,26000,ATM,CALL,26000,2025-12-04
2025-12-04 15:01:00+05:30,117.6,122.0,117.6,119.8,989850,5894775,7.87,26050.5,26050.0,26000,ATM,CALL,26000,2025-12-04
2025-12-04 15:02:00+05:30,120.0,122.8,119.65,120.3,731325,5616300,7.63,26057.65,26050.0,26000,ATM,CALL,26000,2025-12-04
2025-12-04 15:03:00+05:30,119.95,120.4,116.35,117.3,708300,5616300,7.81,26047.5,26050.0,26000,ATM,CALL,26000,2025-12-04
2025-12-04 15:04:00+05:30,116.9,118.35,115.7,118.2,423225,5616300,7.79,26049.4,26050.0,26000,ATM,CALL,26000,2025-12-04
2025-12-04 15:05:00+05:30,118.15,120.55,117.25,119.85,393900,5510250,7.75,26052.75,26050.0,26000,ATM,CALL,26000,2025-12-04
2025-12-04 15:06:00+05:30,119.95,120.5,118.4,119.0,421875,5510250,7.73,26052.85,26050.0,26000,ATM,CALL,26000,2025-12-04
2025-12-04 15:07:00+05:30,119.05,119.05,116.8,117.8,347400,5510250,7.57,26052.95,26050.0,26000,ATM,CALL,26000,2025-12-04
2025-12-04 15:08:00+05:30,117.75,117.75,113.4,117.4,665175,5468100,7.65,26051.35,26050.0,26000,ATM,CALL,26000,2025-12-04
2025-12-04 15:09:00+05:30,116.7,117.0,114.15,115.3,369225,5468100,7.72,26046.6,26050.0,26000,ATM,CALL,26000,2025-12-04
2025-12-04 15:10:00+05:30,115.2,117.55,114.2,117.55,328350,5468100,7.61,26051.4,26050.0,26000,ATM,CALL,26000,2025-12-04
2025-12-04 15:11:00+05:30,118.25,120.25,118.0,119.65,565050,5342400,7.76,26053.4,26050.0,26000,ATM,CALL,26000,2025-12-04
2025-12-04 15:12:00+05:30,119.75,119.75,116.25,117.85,395475,5342400,7.95,26045.1,26050.0,26000,ATM,CALL,26000,2025-12-04
2025-12-04 15:13:00+05:30,117.6,117.6,114.4,116.8,365775,5342400,8.1,26041.35,26050.0,26000,ATM,CALL,26000,2025-12-04
2025-12-04 15:14:00+05:30,116.0,116.0,113.95,115.05,410475,5198175,8.08,26037.7,26050.0,26000,ATM,CALL,26000,2025-12-04
2025-12-04 15:15:00+05:30,115.05,115.35,111.55,114.15,635100,5198175,8.06,26036.65,26050.0,26000,ATM,CALL,26000,2025-12-04
2025-12-04 15:16:00+05:30,113.8,114.45,111.1,112.8,390675,5198175,8.07,26032.25,26050.0,26000,ATM,CALL,26000,2025-12-04
2025-12-04 15:17:00+05:30,112.65,113.05,109.2,109.5,368850,5139375,8.06,26027.65,26050.0,26000,ATM,CALL,26000,2025-12-04
2025-12-04 15:18:00+05:30,108.75,113.6,106.6,113.55,487275,5139375,8.23,26031.0,26050.0,26000,ATM,CALL,26000,2025-12-04
2025-12-04 15:19:00+05:30,113.6,115.5,113.05,115.35,515925,5139375,7.99,26040.9,26050.0,26000,ATM,CALL,26000,2025-12-04
2025-12-04 15:20:00+05:30,115.15,115.2,113.05,114.85,378750,5086200,8.34,26032.5,26050.0,26000,ATM,CALL,26000,2025-12-04
2025-12-04 15:21:00+05:30,114.9,116.35,113.6,113.6,310650,5086200,8.24,26031.0,26050.0,26000,ATM,CALL,26000,2025-12-04
2025-12-04 15:22:00+05:30,141.6,143.55,140.4,140.4,322275,9843150,8.39,26023.95,26000.0,26000,ATM,CALL,26000,2025-12-04
2025-12-04 15:23:00+05:30,112.15,114.55,112.15,114.1,243975,4961025,8.3,26032.1,26050.0,26000,ATM,CALL,26000,2025-12-04
2025-12-04 15:24:00+05:30,114.0,115.25,113.5,113.9,299325,4961025,8.3,26030.45,26050.0,26000,ATM,CALL,26000,2025-12-04
2025-12-04 15:25:00+05:30,114.25,114.6,113.0,113.05,284025,4961025,8.38,26026.4,26050.0,26000,ATM,CALL,26000,2025-12-04
2025-12-04 15:26:00+05:30,141.55,142.8,139.4,139.4,430050,9512325,8.34,26023.95,26000.0,26000,ATM,CALL,26000,2025-12-04
2025-12-04 15:27:00+05:30,139.3,140.3,138.05,139.2,381225,9512325,8.29,26018.75,26000.0,26000,ATM,CALL,26000,2025-12-04
2025-12-04 15:28:00+05:30,139.55,141.4,139.55,141.05,414900,9512325,8.93,26015.6,26000.0,26000,ATM,CALL,26000,2025-12-04
2025-12-04 15:29:00+05:30,140.95,141.5,140.0,140.75,705675,9202950,8.83,26017.1,26000.0,26000,ATM,CALL,26000,2025-12-04
2025-12-04 09:15:00+05:30,17.85,17.9,10.35,12.3,1285725,6633975,9.32,25950.75,26400.0,26450,ATM+9,CALL,26000,2025-12-04
2025-12-04 09:16:00+05:30,12.2,13.15,12.05,13.05,827250,6633975,9.37,25955.15,26400.0,26450,ATM+9,CALL,26000,2025-12-04
2025-12-04 09:17:00+05:30,12.95,14.1,12.7,13.9,577050,6633975,9.48,25959.1,26400.0,26450,ATM+9,CALL,26000,2025-12-04
2025-12-04 09:18:00+05:30,14.25,14.25,13.4,13.45,479550,6873525,9.4,25958.5,26400.0,26450,ATM+9,CALL,26000,2025-12-04
2025-12-04 09:19:00+05:30,13.55,13.85,12.55,12.75,304200,6873525,9.42,25949.55,26400.0,26450,ATM+9,CALL,26000,2025-12-04
2025-12-04 09:20:00+05:30,12.7,12.9,12.35,12.4,414150,6873525,9.39,25948.6,26400.0,26450,ATM+9,CALL,26000,2025-12-04
2025-12-04 09:21:00+05:30,12.45,13.5,12.3,13.5,379200,6919425,9.44,25955.4,26400.0,26450,ATM+9,CALL,26000,2025-12-04
2025-12-04 09:22:00+05:30,13.45,13.8,12.95,13.7,278325,6919425,9.4,25961.85,26400.0,26450,ATM+9,CALL,26000,2025-12-04
2025-12-04 09:23:00+05:30,10.85,12.75,10.7,12.3,464625,2777925,9.59,25985.45,26450.0,26450,ATM+9,CALL,26000,2025-12-04
2025-12-04 09:24:00+05:30,12.05,13.5,12.05,13.0,434025,2777925,9.61,25992.65,26450.0,26450,ATM+9,CALL,26000,2025-12-04
2025-12-04 09:25:00+05:30,12.4,12.95,11.7,11.9,295425,2890125,9.61,25977.6,26450.0,26450,ATM+9,CALL,26000,2025-12-04
2025-12-04 09:26:00+05:30,11.85,12.7,11.85,12.35,275550,2890125,9.68,25979.2,26450.0,26450,ATM+9,CALL,26000,2025-12-04
2025-12-04 09:27:00+05:30,12.3,12.75,11.85,12.5,158625,2890125,9.59,25986.25,26450.0,26450,ATM+9,CALL,26000,2025-12-04
2025-12-04 09:28:00+05:30,12.4,12.75,12.3,12.65,180225,2952300,9.56,25990.8,26450.0,26450,ATM+9,CALL,26000,2025-12-04
2025-12-04 09:29:00+05:30,12.6,13.3,12.45,13.15,179025,2952300,9.56,25995.85,26450.0,26450,ATM+9,CALL,26000,2025-12-04
2025-12-04 09:30:00+05:30,13.2,13.2,12.75,12.85,143550,2952300,9.47,25997.05,26450.0,26450,ATM+9,CALL,26000,2025-12-04
2025-12-04 09:31:00+05:30,13.0,13.25,12.65,12.7,89925,2992050,9.47,25995.95,26450.0,26450,ATM+9,CALL,26000,2025-12-04
2025-12-04 09:32:00+05:30,12.8,12.8,11.6,11.95,195600,2992050,9.52,25983.85,26450.0,26450,ATM+9,CALL,26000,2025-12-04
2025-12-04 09:33:00+05:30,12.2,12.8,11.85,12.7,130125,2992050,9.52,25990.9,26450.0,26450,ATM+9,CALL,26000,2025-12-04
2025-12-04 09:34:00+05:30,12.75,13.35,12.5,13.35,163200,2985675,9.49,26000.8,26450.0,26450,ATM+9,CALL,26000,2025-12-04
2025-12-04 09:35:00+05:30,13.3,14.3,13.3,14.2,235575,2985675,9.37,26016.75,26450.0,26450,ATM+9,CALL,26000,2025-12-04
2025-12-04 09:36:00+05:30,14.25,14.55,14.05,14.25,237075,2985675,9.32,26021.3,26450.0,26450,ATM+9,CALL,26000,2025-12-04
2025-12-04 09:37:00+05:30,11.0,11.2,10.65,10.7,428475,9671025,9.4,26025.25,26500.0,26450,ATM+9,CALL,26000,2025-12-04
2025-12-04 09:38:00+05:30,13.85,14.05,13.05,13.05,232425,3006075,9.16,26018.65,26450.0,26450,ATM+9,CALL,26000,2025-12-04
2025-12-04 09:39:00+05:30,13.0,13.25,12.75,13.1,111225,3006075,9.24,26013.45,26450.0,26450,ATM+9,CALL,26000,2025-12-04
2025-12-04 09:40:00+05:30,13.0,13.25,12.3,12.7,164700,2969850,9.35,26003.5,26450.0,26450,ATM+9,CALL,26000,2025-12-04
2025-12-04 09:41:00+05:30,12.65,12.95,12.3,12.95,114000,2969850,9.35,26004.5,26450.0,26450,ATM+9,CALL,26000,2025-12-04
2025-12-04 09:42:00+05:30,13.0,13.5,13.0,13.15,123600,2969850,9.27,26011.85,26450.0,26450,ATM+9,CALL,26000,2025-12-04
2025-12-04 09:43:00+05:30,13.2,13.7,13.2,13.55,89100,2986050,9.27,26016.45,26450.0,26450,ATM+9,CALL,26000,2025-12-04
2025-12-04 09:44:00+05:30,10.6,11.2,10.5,11.0,304125,9819150,9.42,26028.15,26500.0,26450,ATM+9,CALL,26000,2025-12-04
2025-12-04 09:45:00+05:30,10.95,10.95,10.5,10.55,221925,9819150,9.37,26025.2,26500.0,26450,ATM+9,CALL,26000,2025-12-04
2025-12-04 09:46:00+05:30,13.55,14.2,13.45,13.5,114900,3011175,9.16,26021.95,26450.0,26450,ATM+9,CALL,26000,2025-12-04
2025-12-04 09:47:00+05:30,13.6,14.25,13.55,13.65,100125,3011175,9.21,26021.05,26450.0,26450,ATM+9,CALL,26000,2025-12-04
2025-12-04 09:48:00+05:30,13.7,13.85,13.15,13.6,92700,3011175,9.25,26017.6,26450.0,26450,ATM+9,CALL,26000,2025-12-04
2025-12-04 09:49:00+05:30,13.5,13.6,13.0,13.1,103800,3027000,9.21,26016.3,26450.0,26450,ATM+9,CALL,26000,2025-12-04
2025-12-04 09:50:00+05:30,13.1,13.6,13.1,13.55,57150,3027000,9.18,26022.5,26450.0,26450,ATM+9,CALL,26000,2025-12-04
2025-12-04 09:51:00+05:30,10.5,10.65,10.45,10.55,85500,9806100,9.39,26025.1,26500.0,26450,ATM+9,CALL,26000,2025-12-04
2025-12-04 09:52:00+05:30,10.55,11.15,10.5,10.95,182775,9805350,9.33,26032.8,26500.0,26450,ATM+9,CALL,26000,2025-12-04
2025-12-04 09:53:00+05:30,10.85,10.9,10.25,10.25,438825,9805350,9.28,26025.9,26500.0,26450,ATM+9,CALL,26000,2025-12-04
2025-12-04 09:54:00+05:30,10.3,10.7,10.2,10.6,451500,9805350,9.34,26027.9,26500.0,26450,ATM+9,CALL,26000,2025-12-04
2025-12-04 09:55:00+05:30,10.55,10.85,10.5,10.75,125925,9611325,9.3,26032.45,26500.0,26450,ATM+9,CALL,26000,2025-12-04
2025-12-04 09:56:00+05:30,10.7,10.85,10.6,10.75,114150,9611325,9.27,26033.35,26500.0,26450,ATM+9,CALL,26000,2025-12-04
2025-12-04 09:57:00+05:30,10.7,10.7,10.3,10.45,219825,9611325,9.28,26028.75,26500.0,26450,ATM+9,CALL,26000,2025-12-04
2025-12-04 09:58:00+05:30,10.4,10.75,10.35,10.6,255675,9568200,9.27,26031.05,26500.0,26450,ATM+9,CALL,26000,2025-12-04
2025-12-04 09:59:00+05:30,10.6,10.75,10.45,10.5,115875,9568200,9.3,26028.3,26500.0,26450,ATM+9,CALL,26000,2025-12-04
2025-12-04 10:00:00+05:30,10.5,10.75,10.4,10.7,148650,9568200,9.28,26031.75,26500.0,26450,ATM+9,CALL,26000,2025-12-04
2025-12-04 10:01:00+05:30,10.7,10.85,10.4,10.55,152550,9518025,9.33,26028.35,26500.0,26450,ATM+9,CALL,26000,2025-12-04
2025-12-04 10:02:00+05:30,10.5,10.75,10.35,10.4,135225,9518025,9.3,26027.3,26500.0,26450,ATM+9,CALL,26000,2025-12-04
2025-12-04 10:03:00+05:30,10.45,10.6,10.2,10.6,152250,9518025,9.37,26026.65,26500.0,26450,ATM+9,CALL,26000,2025-12-04
2025-12-04 10:04:00+05:30,10.55,10.6,10.35,10.4,77550,9536250,9.35,26025.05,26500.0,26450,ATM+9,CALL,26000,2025-12-04
2025-12-04 10:05:00+05:30,13.45,13.8,13.25,13.3,49200,2937525,9.13,26021.85,26450.0,26450,ATM+9,CALL,26000,2025-12-04
2025-12-04 10:06:00+05:30,10.3,10.75,10.3,10.7,256950,9536250,9.32,26031.9,26500.0,26450,ATM+9,CALL,26000,2025-12-04
2025-12-04 10:07:00+05:30,10.75,11.2,10.6,11.15,297075,9460125,9.28,26039.6,26500.0,26450,ATM+9,CALL,26000,2025-12-04
2025-12-04 10:08:00+05:30,11.0,11.0,10.5,10.55,170100,9460125,9.19,26036.25,26500.0,26450,ATM+9,CALL,26000,2025-12-04
2025-12-04 10:09:00+05:30,10.5,10.65,10.0,10.15,256575,9460125,9.27,26027.5,26500.0,26450,ATM+9,CALL,26000,2025-12-04
2025-12-04 10:10:00+05:30,10.2,10.55,10.1,10.55,300075,9449100,9.33,26029.0,26500.0,26450,ATM+9,CALL,26000,2025-12-04
2025-12-04 10:11:00+05:30,10.45,10.65,10.35,10.55,162075,9449100,9.32,26029.15,26500.0,26450,ATM+9,CALL,26000,2025-12-04
2025-12-04 10:12:00+05:30,10.55,10.7,10.5,10.65,128100,9449100,9.27,26034.35,26500.0,26450,ATM+9,CALL,26000,2025-12-04
2025-12-04 10:13:00+05:30,10.6,11.0,10.6,10.7,217350,9555975,9.17,26040.35,26500.0,26450,ATM+9,CALL,26000,2025-12-04
2025-12-04 10:14:00+05:30,10.7,11.0,10.6,10.75,151650,9555975,9.13,26042.75,26500.0,26450,ATM+9,CALL,26000,2025-12-04
2025-12-04 10:15:00+05:30,10.75,10.8,10.6,10.8,139200,9555975,9.13,26042.45,26500.0,26450,ATM+9,CALL,26000,2025-12-04
2025-12-04 10:16:00+05:30,10.75,10.75,10.5,10.6,130725,9523125,9.12,26043.45,26500.0,26450,ATM+9,CALL,26000,2025-12-04
2025-12-04 10:17:00+05:30,10.6,10.65,10.35,10.35,233100,9523125,9.13,26038.1,26500.0,26450,ATM+9,CALL,26000,2025-12-04
2025-12-04 10:18:00+05:30,10.4,10.7,10.4,10.7,134925,9523125,9.17,26043.7,26500.0,26450,ATM+9,CALL,26000,2025-12-04
2025-12-04 10:19:00+05:30,10.65,11.15,10.55,10.95,193425,9630975,9.11,26046.55,26500.0,26450,ATM+9,CALL,26000,2025-12-04
2025-12-04 10:20:00+05:30,10.95,11.0,10.6,10.7,149625,9630975,9.03,26048.05,26500.0,26450,ATM+9,CALL,26000,2025-12-04
2025-12-04 10:21:00+05:30,10.7,10.95,10.55,10.9,365475,9630975,9.02,26052.55,26500.0,26450,ATM+9,CALL,26000,2025-12-04
2025-12-04 10:22:00+05:30,10.9,11.6,10.75,10.8,452625,9492075,9.06,26049.05,26500.0,26450,ATM+9,CALL,26000,2025-12-04
2025-12-04 10:23:00+05:30,10.75,11.0,10.65,11.0,164400,9492075,9.08,26050.05,26500.0,26450,ATM+9,CALL,26000,2025-12-04
2025-12-04 10:24:00+05:30,10.95,11.05,10.8,10.9,139350,9492075,9.04,26050.55,26500.0,26450,ATM+9,CALL,26000,2025-12-04
2025-12-04 10:25:00+05:30,10.95,11.2,10.95,11.15,143775,9530175,9.03,26055.15,26500.0,26450,ATM+9,CALL,26000,2025-12-04
2025-12-04 10:26:00+05:30,11.05,11.3,11.05,11.05,248025,9530175,8.97,26056.0,26500.0,26450,ATM+9,CALL,26000,2025-12-04
2025-12-04 10:27:00+05:30,11.05,11.3,11.0,11.2,147900,9530175,8.99,26057.25,26500.0,26450,ATM+9,CALL,26000,2025-12-04
2025-12-04 10:28:00+05:30,11.3,12.2,11.3,12.1,406425,9475350,9.03,26065.4,26500.0,26450,ATM+9,CALL,26000,2025-12-04
2025-12-04 10:29:00+05:30,9.0,9.9,8.9,9.75,312825,2009400,9.16,26078.9,26550.0,26450,ATM+9,CALL,26000,2025-12-04
2025-12-04 10:30:00+05:30,9.65,9.85,9.35,9.45,265275,2009400,9.08,26078.7,26550.0,26450,ATM+9,CALL,26000,2025-12-04
2025-12-04 10:31:00+05:30,9.4,10.5,9.35,10.5,220725,2155425,9.19,26085.9,26550.0,26450,ATM+9,CALL,26000,2025-12-04
2025-12-04 10:32:00+05:30,10.5,11.45,10.4,10.5,439950,2155425,9.26,26082.25,26550.0,26450,ATM+9,CALL,26000,2025-12-04
2025-12-04 10:33:00+05:30,10.45,10.45,10.0,10.3,154275,2155425,9.27,26078.05,26550.0,26450,ATM+9,CALL,26000,2025-12-04
2025-12-04 10:34:00+05:30,10.25,10.9,10.2,10.7,166875,2272950,9.26,26084.65,26550.0,26450,ATM+9,CALL,26000,2025-12-04
2025-12-04 10:35:00+05:30,10.55,10.75,10.45,10.6,116100,2272950,9.19,26087.7,26550.0,26450,ATM+9,CALL,26000,2025-12-04
2025-12-04 10:36:00+05:30,10.6,11.2,10.6,11.1,161475,2272950,9.19,26092.35,26550.0,26450,ATM+9,CALL,26000,2025-12-04
2025-12-04 10:37:00+05:30,11.1,11.2,10.9,11.0,133875,2315625,9.15,26094.9,26550.0,26450,ATM+9,CALL,26000,2025-12-04
2025-12-04 10:38:00+05:30,11.05,11.2,10.8,10.9,102600,2315625,9.19,26090.8,26550.0,26450,ATM+9,CALL,26000,2025-12-04
2025-12-04 10:39:00+05:30,10.85,11.0,10.55,10.8,149175,2315625,9.21,26089.6,26550.0,26450,ATM+9,CALL,26000,2025-12-04
2025-12-04 10:40:00+05:30,10.75,11.45,10.75,10.75,126450,2324550,9.19,26090.65,26550.0,26450,ATM+9,CALL,26000,2025-12-04
2025-12-04 10:41:00+05:30,10.95,11.3,10.85,11.1,63525,2324550,9.19,26093.2,26550.0,26450,ATM+9,CALL,26000,2025-12-04
2025-12-04 10:42:00+05:30,11.1,11.2,10.8,10.95,64350,2324550,9.16,26093.55,26550.0,26450,ATM+9,CALL,26000,2025-12-04
2025-12-04 10:43:00+05:30,10.95,11.05,10.8,10.85,60975,2337375,9.13,26094.6,26550.0,26450,ATM+9,CALL,26000,2025-12-04
2025-12-04 10:44:00+05:30,10.85,11.05,10.65,10.7,65550,2337375,9.13,26092.7,26550.0,26450,ATM+9,CALL,26000,2025-12-04
2025-12-04 10:45:00+05:30,10.75,10.9,10.65,10.8,52050,2337375,9.1,26097.1,26550.0,26450,ATM+9,CALL,26000,2025-12-04
2025-12-04 10:46:00+05:30,10.8,10.9,10.65,10.8,45075,2348250,9.12,26094.7,26550.0,26450,ATM+9,CALL,26000,2025-12-04
2025-12-04 10:47:00+05:30,10.7,10.8,10.4,10.45,100425,2348250,9.15,26089.9,26550.0,26450,ATM+9,CALL,26000,2025-12-04
2025-12-04 10:48:00+05:30,10.35,10.4,10.05,10.25,64500,2348250,9.12,26087.8,26550.0,26450,ATM+9,CALL,26000,2025-12-04
2025-12-04 10:49:00+05:30,10.2,10.25,9.95,10.05,101925,2330100,9.13,26083.4,26550.0,26450,ATM+9,CALL,26000,2025-12-04
2025-12-04 10:50:00+05:30,10.0,10.25,9.95,10.15,54525,2330100,9.19,26082.9,26550.0,26450,ATM+9,CALL,26000,2025-12-04
2025-12-04 10:51:00+05:30,10.15,10.25,10.0,10.25,29400,2330100,9.18,26084.25,26550.0,26450,ATM+9,CALL,26000,2025-12-04
2025-12-04 10:52:00+05:30,10.2,10.2,10.0,10.1,74175,2341950,9.17,26082.75,26550.0,26450,ATM+9,CALL,26000,2025-12-04
2025-12-04 10:53:00+05:30,10.1,10.1,9.7,9.95,146325,2341950,9.19,26079.6,26550.0,26450,ATM+9,CALL,26000,2025-12-04
2025-12-04 10:54:00+05:30,9.95,10.05,9.8,9.9,31275,2341950,9.19,26078.05,26550.0,26450,ATM+9,CALL,26000,2025-12-04
2025-12-04 10:55:00+05:30,9.9,10.15,9.8,10.15,39900,2323800,9.24,26079.2,26550.0,26450,ATM+9,CALL,26000,2025-12-04
2025-12-04 10:56:00+05:30,10.15,10.2,9.7,9.85,47550,2323800,9.21,26078.4,26550.0,26450,ATM+9,CALL,26000,2025-12-04
2025-12-04 10:57:00+05:30,9.85,9.95,9.7,9.9,24675,2323800,9.15,26080.95,26550.0,26450,ATM+9,CALL,26000,2025-12-04
2025-12-04 10:58:00+05:30,10.05,10.3,10.05,10.15,56025,2333475,9.16,26085.5,26550.0,26450,ATM+9,CALL,26000,2025-12-04
2025-12-04 10:59:00+05:30,10.2,10.2,9.45,9.55,64275,2333475,9.16,26075.5,26550.0,26450,ATM+9,CALL,26000,2025-12-04
2025-12-04 11:00:00+05:30,9.5,9.65,9.45,9.55,58725,2333475,9.13,26076.55,26550.0,26450,ATM+9,CALL,26000,2025-12-04
2025-12-04 11:01:00+05:30,9.55,10.0,9.55,9.6,44775,2353575,9.13,26079.6,26550.0,26450,ATM+9,CALL,26000,2025-12-04
2025-12-04 11:02:00+05:30,9.65,9.8,9.55,9.55,50625,2353575,9.08,26082.1,26550.0,26450,ATM+9,CALL,26000,2025-12-04
2025-12-04 11:03:00+05:30,9.6,9.8,9.55,9.65,28725,2353575,9.08,26082.65,26550.0,26450,ATM+9,CALL,26000,2025-12-04
2025-12-04 11:04:00+05:30,9.6,9.9,9.55,9.75,34125,2381175,9.11,26083.0,26550.0,26450,ATM+9,CALL,26000,2025-12-04
2025-12-04 11:05:00+05:30,9.75,9.9,9.6,9.85,45900,2381175,9.13,26082.95,26550.0,26450,ATM+9,CALL,26000,2025-12-04
2025-12-04 11:06:00+05:30,9.95,10.05,9.8,9.85,43800,2381175,9.12,26083.9,26550.0,26450,ATM+9,CALL,26000,2025-12-04
2025-12-04 11:07:00+05:30,9.9,9.9,9.65,9.65,28950,2363325,9.12,26080.6,26550.0,26450,ATM+9,CALL,26000,2025-12-04
2025-12-04 11:08:00+05:30,9.7,9.7,9.3,9.3,51000,2363325,9.11,26076.7,26550.0,26450,ATM+9,CALL,26000,2025-12-04
2025-12-04 11:09:00+05:30,12.35,12.6,12.15,12.2,205725,8732175,8.92,26074.7,26500.0,26450,ATM+9,CALL,26000,2025-12-04
2025-12-04 11:10:00+05:30,9.15,9.3,8.9,9.3,69075,2366625,9.12,26076.0,26550.0,26450,ATM+9,CALL,26000,2025-12-04
2025-12-04 11:11:00+05:30,12.5,12.5,12.0,12.05,166500,8777400,8.92,26073.2,26500.0,26450,ATM+9,CALL,26000,2025-12-04
2025-12-04 11:12:00+05:30,12.1,12.4,11.7,11.7,127350,8777400,8.86,26073.0,26500.0,26450,ATM+9,CALL,26000,2025-12-04
2025-12-04 11:13:00+05:30,11.7,11.75,11.5,11.6,153075,8801400,8.88,26070.4,26500.0,26450,ATM+9,CALL,26000,2025-12-04
2025-12-04 11:14:00+05:30,8.65,9.0,8.65,8.95,26175,2380275,9.03,26077.05,26550.0,26450,ATM+9,CALL,26000,2025-12-04
2025-12-04 11:15:00+05:30,12.0,12.05,11.55,11.7,204000,8801400,8.88,26070.5,26500.0,26450,ATM+9,CALL,26000,2025-12-04
2025-12-04 11:16:00+05:30,11.8,11.8,11.55,11.65,109650,8857800,8.83,26073.05,26500.0,26450,ATM+9,CALL,26000,2025-12-04
2025-12-04 11:17:00+05:30,8.65,8.85,8.55,8.7,42525,2383350,8.99,26075.6,26550.0,26450,ATM+9,CALL,26000,2025-12-04
2025-12-04 11:18:00+05:30,11.8,11.85,10.9,11.1,172200,8857800,8.81,26068.0,26500.0,26450,ATM+9,CALL,26000,2025-12-04
2025-12-04 11:19:00+05:30,11.15,11.3,11.05,11.15,188175,8868600,8.81,26070.3,26500.0,26450,ATM+9,CALL,26000,2025-12-04
2025-12-04 11:20:00+05:30,11.2,11.2,10.6,10.85,209400,8868600,8.81,26065.55,26500.0,26450,ATM+9,CALL,26000,2025-12-04
2025-12-04 11:21:00+05:30,10.8,11.2,10.7,11.05,214275,8868600,8.81,26068.1,26500.0,26450,ATM+9,CALL,26000,2025-12-04
2025-12-04 11:22:00+05:30,11.1,11.3,10.9,11.0,294150,8821125,8.78,26069.4,26500.0,26450,ATM+9,CALL,26000,2025-12-04
2025-12-04 11:23:00+05:30,11.05,11.1,10.4,10.4,236400,8821125,8.77,26064.3,26500.0,26450,ATM+9,CALL,26000,2025-12-04
2025-12-04 11:24:00+05:30,10.35,10.85,10.2,10.75,210975,8821125,8.83,26063.15,26500.0,26450,ATM+9,CALL,26000,2025-12-04
2025-12-04 11:25:00+05:30,10.8,11.35,10.7,11.3,122700,8860950,8.87,26067.9,26500.0,26450,ATM+9,CALL,26000,2025-12-04
2025-12-04 11:26:00+05:30,11.25,11.25,10.8,10.9,127125,8860950,8.81,26066.15,26500.0,26450,ATM+9,CALL,26000,2025-12-04
2025-12-04 11:27:00+05:30,10.95,11.05,10.6,10.6,98625,8860950,8.82,26063.35,26500.0,26450,ATM+9,CALL,26000,2025-12-04
2025-12-04 11:28:00+05:30,10.7,10.85,10.4,10.75,121350,8861700,8.85,26062.6,26500.0,26450,ATM+9,CALL,26000,2025-12-04
2025-12-04 11:29:00+05:30,10.7,10.75,10.5,10.55,70575,8861700,8.89,26060.6,26500.0,26450,ATM+9,CALL,26000,2025-12-04
2025-12-04 11:30:00+05:30,10.3,10.8,10.2,10.65,297750,8861700,8.86,26060.35,26500.0,26450,ATM+9,CALL,26000,2025-12-04
2025-12-04 11:31:00+05:30,10.65,11.0,10.6,10.65,155475,8825250,8.88,26060.0,26500.0,26450,ATM+9,CALL,26000,2025-12-04
2025-12-04 11:32:00+05:30,10.65,10.85,10.4,10.6,109800,8825250,8.86,26060.25,26500.0,26450,ATM+9,CALL,26000,2025-12-04
2025-12-04 11:33:00+05:30,10.65,11.1,10.6,10.9,75975,8825250,8.89,26063.2,26500.0,26450,ATM+9,CALL,26000,2025-12-04
2025-12-04 11:34:00+05:30,10.9,11.0,10.5,10.7,100125,8834625,8.87,26061.3,26500.0,26450,ATM+9,CALL,26000,2025-12-04
2025-12-04 11:35:00+05:30,10.7,10.85,10.65,10.75,123525,8834625,8.89,26060.7,26500.0,26450,ATM+9,CALL,26000,2025-12-04
2025-12-04 11:36:00+05:30,10.8,10.95,10.55,10.75,139275,8834625,8.91,26060.55,26500.0,26450,ATM+9,CALL,26000,2025-12-04
2025-12-04 11:37:00+05:30,10.65,10.65,10.05,10.1,217650,8870250,8.88,26052.9,26500.0,26450,ATM+9,CALL,26000,2025-12-04
2025-12-04 11:38:00+05:30,10.15,10.3,9.4,9.55,360150,8870250,8.99,26039.35,26500.0,26450,ATM+9,CALL,26000,2025-12-04
2025-12-04 11:39:00+05:30,9.6,9.6,9.2,9.45,298650,8870250,9.04,26034.75,26500.0,26450,ATM+9,CALL,26000,2025-12-04
2025-12-04 11:40:00+05:30,9.35,9.8,9.25,9.6,408375,8769225,9.01,26038.15,26500.0,26450,ATM+9,CALL,26000,2025-12-04
2025-12-04 11:41:00+05:30,9.6,9.65,8.95,8.95,267300,8769225,8.94,26033.45,26500.0,26450,ATM+9,CALL,26000,2025-12-04
2025-12-04 11:42:00+05:30,9.1,9.15,8.9,8.9,678000,8769225,9.01,26028.2,26500.0,26450,ATM+9,CALL,26000,2025-12-04
2025-12-04 11:43:00+05:30,11.9,12.1,11.6,11.65,146850,2655375,8.87,26023.45,26450.0,26450,ATM+9,CALL,26000,2025-12-04
2025-12-04 11:44:00+05:30,8.9,9.1,8.8,8.8,820650,8802450,9.03,26028.8,26500.0,26450,ATM+9,CALL,26000,2025-12-04
2025-12-04 11:45:00+05:30,11.65,11.65,10.95,11.1,240825,2655375,8.91,26015.15,26450.0,26450,ATM+9,CALL,26000,2025-12-04
2025-12-04 11:46:00+05:30,8.55,8.75,8.45,8.65,939525,9410325,9.02,26025.5,26500.0,26450,ATM+9,CALL,26000,2025-12-04
2025-12-04 11:47:00+05:30,8.75,8.75,8.5,8.55,416100,9410325,8.94,26028.45,26500.0,26450,ATM+9,CALL,26000,2025-12-04
2025-12-04 11:48:00+05:30,8.6,8.65,8.4,8.55,227625,9410325,8.97,26025.95,26500.0,26450,ATM+9,CALL,26000,2025-12-04
2025-12-04 11:49:00+05:30,8.65,8.9,8.55,8.8,183225,9464550,8.95,26031.3,26500.0,26450,ATM+9,CALL,26000,2025-12-04
2025-12-04 11:50:00+05:30,8.8,8.85,8.7,8.75,163875,9464550,8.98,26029.6,26500.0,26450,ATM+9,CALL,26000,2025-12-04
2025-12-04 11:51:00+05:30,11.65,11.65,11.15,11.4,135750,2658600,8.82,26022.9,26450.0,26450,ATM+9,CALL,26000,2025-12-04
2025-12-04 11:52:00+05:30,11.35,11.5,11.2,11.3,48300,2642775,8.84,26021.9,26450.0,26450,ATM+9,CALL,26000,2025-12-04
2025-12-04 11:53:00+05:30,11.3,11.4,11.1,11.1,32625,2642775,8.85,26018.35,26450.0,26450,ATM+9,CALL,26000,2025-12-04
2025-12-04 11:54:00+05:30,11.15,11.3,11.0,11.15,48300,2642775,8.9,26016.7,26450.0,26450,ATM+9,CALL,26000,2025-12-04
2025-12-04 11:55:00+05:30,8.5,8.85,8.5,8.8,126675,9408225,9.03,26028.1,26500.0,26450,ATM+9,CALL,26000,2025-12-04
2025-12-04 11:56:00+05:30,8.75,8.85,8.7,8.7,86700,9408225,9.03,26025.15,26500.0,26450,ATM+9,CALL,26000,2025-12-04
2025-12-04 11:57:00+05:30,11.55,11.6,11.35,11.4,38100,2628375,8.84,26022.55,26450.0,26450,ATM+9,CALL,26000,2025-12-04
2025-12-04 11:58:00+05:30,11.4,11.45,11.15,11.3,200325,2736075,8.87,26020.0,26450.0,26450,ATM+9,CALL,26000,2025-12-04
2025-12-04 11:59:00+05:30,11.4,11.65,11.35,11.65,78225,2736075,8.87,26024.0,26450.0,26450,ATM+9,CALL,26000,2025-12-04
2025-12-04 12:00:00+05:30,11.55,11.85,11.5,11.55,55125,2736075,8.85,26024.55,26450.0,26450,ATM+9,CALL,26000,2025-12-04
2025-12-04 12:01:00+05:30,11.6,11.7,11.45,11.7,25200,2746875,8.85,26024.9,26450.0,26450,ATM+9,CALL,26000,2025-12-04
2025-12-04 12:02:00+05:30,11.65,12.05,11.45,11.45,87750,2746875,8.84,26024.6,26450.0,26450,ATM+9,CALL,26000,2025-12-04
2025-12-04 12:03:00+05:30,8.75,9.05,8.7,9.0,85125,9455025,9.03,26031.4,26500.0,26450,ATM+9,CALL,26000,2025-12-04
2025-12-04 12:04:00+05:30,9.0,9.25,8.95,9.05,133275,9481275,9.0,26032.65,26500.0,26450,ATM+9,CALL,26000,2025-12-04
2025-12-04 12:05:00+05:30,9.0,9.25,8.95,9.15,131700,9481275,8.92,26038.45,26500.0,26450,ATM+9,CALL,26000,2025-12-04
2025-12-04 12:06:00+05:30,9.1,9.15,9.0,9.0,53175,9481275,8.98,26035.45,26500.0,26450,ATM+9,CALL,26000,2025-12-04
2025-12-04 12:07:00+05:30,9.05,9.45,8.95,9.45,141975,9507750,8.94,26040.6,26500.0,26450,ATM+9,CALL,26000,2025-12-04
2025-12-04 12:08:00+05:30,9.4,9.5,9.3,9.35,126525,9507750,8.92,26042.85,26500.0,26450,ATM+9,CALL,26000,2025-12-04
2025-12-04 12:09:00+05:30,9.4,9.45,8.8,8.95,197625,9507750,9.02,26032.0,26500.0,26450,ATM+9,CALL,26000,2025-12-04
2025-12-04 12:10:00+05:30,8.9,8.95,8.7,8.8,163125,9541050,9.07,26027.7,26500.0,26450,ATM+9,CALL,26000,2025-12-04
2025-12-04 12:11:00+05:30,11.55,11.55,11.1,11.15,109950,2699025,8.79,26023.8,26450.0,26450,ATM+9,CALL,26000,2025-12-04
2025-12-04 12:12:00+05:30,8.5,8.75,8.35,8.75,119850,9541050,9.03,26027.3,26500.0,26450,ATM+9,CALL,26000,2025-12-04
2025-12-04 12:13:00+05:30,8.75,8.95,8.75,8.8,71775,9536325,9.04,26026.8,26500.0,26450,ATM+9,CALL,26000,2025-12-04
2025-12-04 12:14:00+05:30,8.8,9.05,8.8,8.85,69450,9536325,9.06,26028.15,26500.0,26450,ATM+9,CALL,26000,2025-12-04
2025-12-04 12:15:00+05:30,11.75,11.75,11.15,11.15,53250,2659500,8.9,26017.8,26450.0,26450,ATM+9,CALL,26000,2025-12-04
2025-12-04 12:16:00+05:30,11.25,11.4,11.0,11.3,46350,2652450,8.87,26021.65,26450.0,26450,ATM+9,CALL,26000,2025-12-04
2025-12-04 12:17:00+05:30,11.35,11.6,11.3,11.5,27075,2652450,8.88,26023.0,26450.0,26450,ATM+9,CALL,26000,2025-12-04
2025-12-04 12:18:00+05:30,11.25,11.5,11.25,11.5,54675,2652450,8.89,26022.65,26450.0,26450,ATM+9,CALL,26000,2025-12-04
2025-12-04 12:19:00+05:30,11.4,11.55,11.15,11.3,30675,2657025,8.93,26018.15,26450.0,26450,ATM+9,CALL,26000,2025-12-04
2025-12-04 12:20:00+05:30,11.25,11.35,10.4,10.5,164175,2657025,8.95,26006.95,26450.0,26450,ATM+9,CALL,26000,2025-12-04
2025-12-04 12:21:00+05:30,10.4,10.7,10.35,10.65,166800,2657025,8.91,26012.15,26450.0,26450,ATM+9,CALL,26000,2025-12-04
2025-12-04 12:22:00+05:30,10.8,10.8,10.55,10.7,149775,2642400,8.85,26015.1,26450.0,26450,ATM+9,CALL,26000,2025-12-04
2025-12-04 12:23:00+05:30,10.65,11.05,10.65,10.9,90000,2642400,8.88,26015.85,26450.0,26450,ATM+9,CALL,26000,2025-12-04
2025-12-04 12:24:00+05:30,10.9,11.05,10.8,11.0,44475,2642400,8.83,26019.5,26450.0,26450,ATM+9,CALL,26000,2025-12-04
2025-12-04 12:25:00+05:30,11.0,11.3,11.0,11.3,38550,2653725,8.81,26024.4,26450.0,26450,ATM+9,CALL,26000,2025-12-04
2025-12-04 12:26:00+05:30,11.35,11.35,11.0,11.2,80325,2653725,8.79,26024.5,26450.0,26450,ATM+9,CALL,26000,2025-12-04
2025-12-04 12:27:00+05:30,8.45,8.55,8.35,8.5,92250,9488850,9.02,26025.65,26500.0,26450,ATM+9,CALL,26000,2025-12-04
2025-12-04 12:28:00+05:30,8.5,9.15,8.5,8.95,323250,9559875,9.07,26028.9,26500.0,26450,ATM+9,CALL,26000,2025-12-04
2025-12-04 12:29:00+05:30,11.7,11.8,11.0,11.15,294300,2813700,8.81,26024.25,26450.0,26450,ATM+9,CALL,26000,2025-12-04
2025-12-04 12:30:00+05:30,8.5,8.8,8.5,8.8,72000,9559875,9.09,26026.8,26500.0,26450,ATM+9,CALL,26000,2025-12-04
2025-12-04 12:31:00+05:30,8.8,8.8,8.6,8.7,41700,9503625,9.04,26025.35,26500.0,26450,ATM+9,CALL,26000,2025-12-04
2025-12-04 12:32:00+05:30,11.4,11.55,11.2,11.35,143850,2857950,8.84,26024.35,26450.0,26450,ATM+9,CALL,26000,2025-12-04
2025-12-04 12:33:00+05:30,8.7,8.85,8.6,8.85,83625,9503625,9.03,26029.0,26500.0,26450,ATM+9,CALL,26000,2025-12-04
2025-12-04 12:34:00+05:30,8.85,8.95,8.75,8.75,53400,9479325,9.04,26025.9,26500.0,26450,ATM+9,CALL,26000,2025-12-04
2025-12-04 12:35:00+05:30,8.75,8.9,8.7,8.8,27750,9479325,9.04,26027.9,26500.0,26450,ATM+9,CALL,26000,2025-12-04
2025-12-04 12:36:00+05:30,8.8,8.9,8.7,8.75,54450,9479325,9.07,26026.05,26500.0,26450,ATM+9,CALL,26000,2025-12-04
2025-12-04 12:37:00+05:30,11.6,11.65,11.4,11.4,75375,3044625,8.82,26025.0,26450.0,26450,ATM+9,CALL,26000,2025-12-04
2025-12-04 12:38:00+05:30,8.65,8.85,8.55,8.75,133650,9480450,9.06,26026.65,26500.0,26450,ATM+9,CALL,26000,2025-12-04
2025-12-04 12:39:00+05:30,11.55,11.75,11.4,11.5,42900,3044625,8.88,26023.95,26450.0,26450,ATM+9,CALL,26000,2025-12-04
2025-12-04 12:40:00+05:30,11.55,11.6,11.35,11.45,103425,3076500,8.85,26025.0,26450.0,26450,ATM+9,CALL,26000,2025-12-04
2025-12-04 12:41:00+05:30,11.4,11.55,11.2,11.2,46275,3076500,8.86,26023.6,26450.0,26450,ATM+9,CALL,26000,2025-12-04
2025-12-04 12:42:00+05:30,11.1,11.15,10.9,10.9,185850,3076500,8.89,26017.2,26450.0,26450,ATM+9,CALL,26000,2025-12-04
2025-12-04 12:43:00+05:30,11.0,11.0,10.7,10.8,138375,3076500,8.94,26012.5,26450.0,26450,ATM+9,CALL,26000,2025-12-04
2025-12-04 12:44:00+05:30,10.8,10.9,10.55,10.6,85200,3033450,8.93,26009.55,26450.0,26450,ATM+9,CALL,26000,2025-12-04
2025-12-04 12:45:00+05:30,10.55,10.55,9.6,9.6,322875,3033450,9.01,25992.1,26450.0,26450,ATM+9,CALL,26000,2025-12-04
2025-12-04 12:46:00+05:30,9.8,10.1,9.8,9.9,139800,3033450,9.11,25990.7,26450.0,26450,ATM+9,CALL,26000,2025-12-04
2025-12-04 12:47:00+05:30,9.9,10.3,9.9,10.25,132450,3121500,9.04,26000.85,26450.0,26450,ATM+9,CALL,26000,2025-12-04
2025-12-04 12:48:00+05:30,10.2,10.2,9.85,9.9,56550,3121500,9.01,25997.05,26450.0,26450,ATM+9,CALL,26000,2025-12-04
2025-12-04 12:49:00+05:30,9.95,9.95,9.7,9.8,92025,3121500,9.04,25993.35,26450.0,26450,ATM+9,CALL,26000,2025-12-04
2025-12-04 12:50:00+05:30,9.85,10.0,9.8,9.9,78750,3176700,9.03,25994.45,26450.0,26450,ATM+9,CALL,26000,2025-12-04
2025-12-04 12:51:00+05:30,9.95,10.05,9.8,9.85,81825,3176700,9.03,25995.5,26450.0,26450,ATM+9,CALL,26000,2025-12-04
2025-12-04 12:52:00+05:30,9.95,9.95,9.65,9.8,137700,3176700,9.07,25991.55,26450.0,26450,ATM+9,CALL,26000,2025-12-04
2025-12-04 12:53:00+05:30,9.8,9.95,9.65,9.85,99000,3170100,9.04,25993.85,26450.0,26450,ATM+9,CALL,26000,2025-12-04
2025-12-04 12:54:00+05:30,9.85,9.95,9.8,9.85,44175,3170100,9.09,25992.85,26450.0,26450,ATM+9,CALL,26000,2025-12-04
2025-12-04 12:55:00+05:30,9.9,10.35,9.85,10.3,77175,3170100,8.98,26004.5,26450.0,26450,ATM+9,CALL,26000,2025-12-04
2025-12-04 12:56:00+05:30,10.25,10.25,10.05,10.2,92550,3195600,8.94,26005.95,26450.0,26450,ATM+9,CALL,26000,2025-12-04
2025-12-04 12:57:00+05:30,10.2,10.3,10.1,10.2,41475,3195600,8.94,26005.95,26450.0,26450,ATM+9,CALL,26000,2025-12-04
2025-12-04 12:58:00+05:30,10.2,10.25,9.9,10.1,62850,3195600,8.98,26004.05,26450.0,26450,ATM+9,CALL,26000,2025-12-04
2025-12-04 12:59:00+05:30,10.1,10.15,10.0,10.05,36225,3169200,8.97,26002.4,26450.0,26450,ATM+9,CALL,26000,2025-12-04
2025-12-04 13:00:00+05:30,9.95,10.1,9.8,10.1,30150,3169200,9.01,26001.85,26450.0,26450,ATM+9,CALL,26000,2025-12-04
2025-12-04 13:01:00+05:30,10.1,10.2,10.05,10.15,15525,3169200,8.95,26004.2,26450.0,26450,ATM+9,CALL,26000,2025-12-04
2025-12-04 13:02:00+05:30,10.1,10.15,9.95,10.05,23925,3162375,8.98,26001.3,26450.0,26450,ATM+9,CALL,26000,2025-12-04
2025-12-04 13:03:00+05:30,10.1,10.15,10.05,10.15,14550,3162375,8.97,26002.7,26450.0,26450,ATM+9,CALL,26000,2025-12-04
2025-12-04 13:04:00+05:30,10.2,10.45,10.15,10.25,63225,3162375,8.95,26005.85,26450.0,26450,ATM+9,CALL,26000,2025-12-04
2025-12-04 13:05:00+05:30,10.25,10.35,10.0,10.05,26700,3150525,9.01,26001.05,26450.0,26450,ATM+9,CALL,26000,2025-12-04
2025-12-04 13:06:00+05:30,10.2,10.4,10.1,10.3,46650,3150525,9.02,26002.2,26450.0,26450,ATM+9,CALL,26000,2025-12-04
2025-12-04 13:07:00+05:30,10.35,10.35,10.15,10.25,52500,3150525,9.0,26003.9,26450.0,26450,ATM+9,CALL,26000,2025-12-04
2025-12-04 13:08:00+05:30,10.3,10.5,10.15,10.2,38100,3147675,9.03,25999.95,26450.0,26450,ATM+9,CALL,26000,2025-12-04
2025-12-04 13:09:00+05:30,10.25,10.3,10.1,10.15,22650,3147675,9.06,25997.95,26450.0,26450,ATM+9,CALL,26000,2025-12-04
2025-12-04 13:10:00+05:30,10.15,10.15,9.9,10.05,35925,3147675,9.12,25993.15,26450.0,26450,ATM+9,CALL,26000,2025-12-04
2025-12-04 13:11:00+05:30,10.1,10.25,10.1,10.2,41475,3143475,9.13,25994.25,26450.0,26450,ATM+9,CALL,26000,2025-12-04
2025-12-04 13:12:00+05:30,10.3,10.5,10.1,10.1,83925,3143475,9.13,25993.45,26450.0,26450,ATM+9,CALL,26000,2025-12-04
2025-12-04 13:13:00+05:30,10.1,10.2,9.9,10.05,65775,3143475,9.11,25993.8,26450.0,26450,ATM+9,CALL,26000,2025-12-04
2025-12-04 13:14:00+05:30,10.05,10.45,10.05,10.25,45150,3140325,9.03,26000.8,26450.0,26450,ATM+9,CALL,26000,2025-12-04
2025-12-04 13:15:00+05:30,10.25,10.35,10.1,10.2,72975,3140325,9.01,26002.4,26450.0,26450,ATM+9,CALL,26000,2025-12-04
2025-12-04 13:16:00+05:30,10.3,10.45,10.25,10.35,20850,3140325,9.0,26003.3,26450.0,26450,ATM+9,CALL,26000,2025-12-04
2025-12-04 13:17:00+05:30,10.45,10.45,10.1,10.15,43275,3131625,9.02,26000.85,26450.0,26450,ATM+9,CALL,26000,2025-12-04
2025-12-04 13:18:00+05:30,10.1,10.35,10.1,10.2,31725,3131625,9.03,26001.5,26450.0,26450,ATM+9,CALL,26000,2025-12-04
2025-12-04 13:19:00+05:30,10.15,10.2,9.8,9.9,31650,3131625,9.06,25995.65,26450.0,26450,ATM+9,CALL,26000,2025-12-04
2025-12-04 13:20:00+05:30,10.0,10.15,9.9,10.15,39900,3152775,9.01,26001.5,26450.0,26450,ATM+9,CALL,26000,2025-12-04
2025-12-04 13:21:00+05:30,10.15,10.25,10.0,10.25,40425,3152775,8.94,26006.85,26450.0,26450,ATM+9,CALL,26000,2025-12-04
2025-12-04 13:22:00+05:30,10.3,10.8,10.25,10.8,83925,3152775,8.9,26016.15,26450.0,26450,ATM+9,CALL,26000,2025-12-04
2025-12-04 13:23:00+05:30,10.8,10.85,10.5,10.6,66375,3159000,8.85,26017.05,26450.0,26450,ATM+9,CALL,26000,2025-12-04
2025-12-04 13:24:00+05:30,10.6,10.95,10.5,10.95,47025,3159000,8.9,26017.85,26450.0,26450,ATM+9,CALL,26000,2025-12-04
2025-12-04 13:25:00+05:30,10.85,11.1,10.65,10.65,82725,3159000,8.85,26016.25,26450.0,26450,ATM+9,CALL,26000,2025-12-04
2025-12-04 13:26:00+05:30,10.7,10.95,10.55,10.8,64500,3172050,8.86,26018.15,26450.0,26450,ATM+9,CALL,26000,2025-12-04
2025-12-04 13:27:00+05:30,10.9,11.15,10.85,10.95,52650,3172050,8.86,26018.95,26450.0,26450,ATM+9,CALL,26000,2025-12-04
2025-12-04 13:28:00+05:30,10.95,11.0,10.6,10.6,21525,3172050,8.86,26016.8,26450.0,26450,ATM+9,CALL,26000,2025-12-04
2025-12-04 13:29:00+05:30,10.65,10.9,10.65,10.75,22275,3173175,8.81,26015.7,26450.0,26450,ATM+9,CALL,26000,2025-12-04
2025-12-04 13:30:00+05:30,10.75,11.25,10.6,10.6,94800,3173175,8.87,26015.3,26450.0,26450,ATM+9,CALL,26000,2025-12-04
2025-12-04 13:31:00+05:30,10.55,10.65,10.4,10.55,50850,3173175,8.9,26013.6,26450.0,26450,ATM+9,CALL,26000,2025-12-04
2025-12-04 13:32:00+05:30,10.55,10.55,10.2,10.45,49875,3175725,8.92,26011.8,26450.0,26450,ATM+9,CALL,26000,2025-12-04
2025-12-04 13:33:00+05:30,10.3,10.35,10.1,10.25,34575,3175725,8.93,26008.95,26450.0,26450,ATM+9,CALL,26000,2025-12-04
2025-12-04 13:34:00+05:30,10.25,10.3,9.85,9.9,59775,3175725,8.94,26002.4,26450.0,26450,ATM+9,CALL,26000,2025-12-04
2025-12-04 13:35:00+05:30,9.9,9.9,9.5,9.5,92850,3195450,9.04,25990.4,26450.0,26450,ATM+9,CALL,26000,2025-12-04
2025-12-04 13:36:00+05:30,9.45,9.5,9.2,9.25,121050,3195450,9.16,25979.5,26450.0,26450,ATM+9,CALL,26000,2025-12-04
2025-12-04 13:37:00+05:30,9.25,9.25,8.85,9.0,411225,3195450,9.19,25976.3,26450.0,26450,ATM+9,CALL,26000,2025-12-04
2025-12-04 13:38:00+05:30,9.0,9.15,8.8,9.05,523125,3302925,9.11,25981.75,26450.0,26450,ATM+9,CALL,26000,2025-12-04
2025-12-04 13:39:00+05:30,9.05,9.05,8.9,8.95,104625,3302925,9.11,25980.55,26450.0,26450,ATM+9,CALL,26000,2025-12-04
2025-12-04 13:40:00+05:30,8.9,8.9,8.65,8.8,246675,3302925,9.1,25978.35,26450.0,26450,ATM+9,CALL,26000,2025-12-04
2025-12-04 13:41:00+05:30,11.5,11.55,10.55,10.7,452100,7110825,8.9,25964.95,26400.0,26450,ATM+9,CALL,26000,2025-12-04
2025-12-04 13:42:00+05:30,10.75,11.3,10.65,11.15,230400,7110825,8.87,25973.25,26400.0,26450,ATM+9,CALL,26000,2025-12-04
2025-12-04 13:43:00+05:30,11.15,11.2,10.9,11.0,90525,7110825,8.85,25972.9,26400.0,26450,ATM+9,CALL,26000,2025-12-04
2025-12-04 13:44:00+05:30,8.4,8.6,8.4,8.55,29775,4020225,9.09,25976.3,26450.0,26450,ATM+9,CALL,26000,2025-12-04
2025-12-04 13:45:00+05:30,11.3,11.3,10.9,11.1,145200,7007250,8.9,25972.8,26400.0,26450,ATM+9,CALL,26000,2025-12-04
2025-12-04 13:46:00+05:30,8.45,8.55,8.4,8.55,85725,4020225,9.09,25976.05,26450.0,26450,ATM+9,CALL,26000,2025-12-04
2025-12-04 13:47:00+05:30,8.5,8.6,8.4,8.55,88650,4048725,9.06,25978.2,26450.0,26450,ATM+9,CALL,26000,2025-12-04
2025-12-04 13:48:00+05:30,8.5,8.65,8.4,8.65,80700,4048725,9.08,25979.4,26450.0,26450,ATM+9,CALL,26000,2025-12-04
2025-12-04 13:49:00+05:30,8.65,8.7,8.45,8.6,56100,4048725,9.06,25978.65,26450.0,26450,ATM+9,CALL,26000,2025-12-04
2025-12-04 13:50:00+05:30,8.6,8.75,8.55,8.6,44625,4037250,9.06,25978.55,26450.0,26450,ATM+9,CALL,26000,2025-12-04
2025-12-04 13:51:00+05:30,8.6,8.85,8.6,8.8,115800,4037250,9.07,25980.5,26450.0,26450,ATM+9,CALL,26000,2025-12-04
2025-12-04 13:52:00+05:30,8.8,8.8,8.6,8.7,36150,4037250,9.04,25981.55,26450.0,26450,ATM+9,CALL,26000,2025-12-04
2025-12-04 13:53:00+05:30,11.55,11.6,11.15,11.35,47700,6968175,8.89,25974.85,26400.0,26450,ATM+9,CALL,26000,2025-12-04
2025-12-04 13:54:00+05:30,8.55,8.7,8.5,8.6,41025,4013400,9.11,25975.55,26450.0,26450,ATM+9,CALL,26000,2025-12-04
2025-12-04 13:55:00+05:30,11.4,11.5,11.05,11.1,174000,6968175,8.91,25971.95,26400.0,26450,ATM+9,CALL,26000,2025-12-04
2025-12-04 13:56:00+05:30,11.15,11.35,11.1,11.2,60150,6980550,8.91,25974.4,26400.0,26450,ATM+9,CALL,26000,2025-12-04
2025-12-04 13:57:00+05:30,8.4,8.45,8.2,8.45,33300,4052400,9.09,25975.8,26450.0,26450,ATM+9,CALL,26000,2025-12-04
2025-12-04 13:58:00+05:30,11.25,11.5,11.1,11.25,57000,6980550,8.9,25974.05,26400.0,26450,ATM+9,CALL,26000,2025-12-04
2025-12-04 13:59:00+05:30,11.2,11.3,11.15,11.15,45000,6952200,8.88,25973.3,26400.0,26450,ATM+9,CALL,26000,2025-12-04
2025-12-04 14:00:00+05:30,11.2,11.3,10.95,11.3,90975,6952200,8.93,25972.3,26400.0,26450,ATM+9,CALL,26000,2025-12-04
2025-12-04 14:01:00+05:30,8.5,8.8,8.4,8.6,66900,4056000,9.03,25979.95,26450.0,26450,ATM+9,CALL,26000,2025-12-04
2025-12-04 14:02:00+05:30,8.6,8.8,8.5,8.5,30825,4038900,8.99,25980.35,26450.0,26450,ATM+9,CALL,26000,2025-12-04
2025-12-04 14:03:00+05:30,8.5,8.55,8.2,8.45,40125,4038900,9.01,25978.75,26450.0,26450,ATM+9,CALL,26000,2025-12-04
2025-12-04 14:04:00+05:30,8.45,8.8,8.45,8.75,61500,4038900,8.94,25986.7,26450.0,26450,ATM+9,CALL,26000,2025-12-04
2025-12-04 14:05:00+05:30,8.65,8.7,8.45,8.6,40050,4019250,9.02,25980.35,26450.0,26450,ATM+9,CALL,26000,2025-12-04
2025-12-04 14:06:00+05:30,8.55,8.65,8.5,8.6,19650,4019250,9.0,25982.0,26450.0,26450,ATM+9,CALL,26000,2025-12-04
2025-12-04 14:07:00+05:30,8.55,9.05,8.55,9.0,94425,4019250,8.84,25998.25,26450.0,26450,ATM+9,CALL,26000,2025-12-04
2025-12-04 14:08:00+05:30,8.95,9.05,8.85,8.95,53925,4029150,8.77,26001.55,26450.0,26450,ATM+9,CALL,26000,2025-12-04
2025-12-04 14:09:00+05:30,8.85,9.0,8.8,8.9,106875,4029150,8.72,26005.6,26450.0,26450,ATM+9,CALL,26000,2025-12-04
2025-12-04 14:10:00+05:30,8.95,10.3,8.9,9.8,355575,4029150,8.67,26017.4,26450.0,26450,ATM+9,CALL,26000,2025-12-04
2025-12-04 14:11:00+05:30,9.85,9.9,9.2,9.35,136350,4041900,8.75,26007.55,26450.0,26450,ATM+9,CALL,26000,2025-12-04
2025-12-04 14:12:00+05:30,9.35,9.6,9.3,9.5,46875,4041900,8.75,26009.2,26450.0,26450,ATM+9,CALL,26000,2025-12-04
2025-12-04 14:13:00+05:30,9.45,9.6,9.25,9.3,58125,4041900,8.79,26004.15,26450.0,26450,ATM+9,CALL,26000,2025-12-04
2025-12-04 14:14:00+05:30,9.35,9.5,9.25,9.3,30750,4039050,8.81,26004.05,26450.0,26450,ATM+9,CALL,26000,2025-12-04
2025-12-04 14:15:00+05:30,9.45,9.55,9.15,9.2,50400,4039050,8.84,26001.75,26450.0,26450,ATM+9,CALL,26000,2025-12-04
2025-12-04 14:16:00+05:30,9.2,9.25,8.95,9.25,51150,4039050,8.84,26001.6,26450.0,26450,ATM+9,CALL,26000,2025-12-04
2025-12-04 14:17:00+05:30,9.25,9.7,9.25,9.65,86775,4030200,8.79,26009.45,26450.0,26450,ATM+9,CALL,26000,2025-12-04
2025-12-04 14:18:00+05:30,9.75,9.75,9.45,9.65,38475,4030200,8.83,26008.75,26450.0,26450,ATM+9,CALL,26000,2025-12-04
2025-12-04 14:19:00+05:30,9.6,9.65,9.2,9.2,17250,4030200,8.85,26001.0,26450.0,26450,ATM+9,CALL,26000,2025-12-04
2025-12-04 14:20:00+05:30,9.2,9.25,9.0,9.15,61050,4039575,8.89,25997.45,26450.0,26450,ATM+9,CALL,26000,2025-12-04
2025-12-04 14:21:00+05:30,9.0,9.05,8.8,8.95,365175,4039575,8.89,25995.0,26450.0,26450,ATM+9,CALL,26000,2025-12-04
2025-12-04 14:22:00+05:30,9.0,9.25,8.95,9.0,228525,4039575,8.9,25995.3,26450.0,26450,ATM+9,CALL,26000,2025-12-04
2025-12-04 14:23:00+05:30,9.0,9.7,9.0,9.6,84075,3987450,8.84,26007.0,26450.0,26450,ATM+9,CALL,26000,2025-12-04
2025-12-04 14:24:00+05:30,9.75,9.8,9.25,9.25,82125,3987450,8.84,26002.25,26450.0,26450,ATM+9,CALL,26000,2025-12-04
2025-12-04 14:25:00+05:30,9.25,9.4,9.15,9.3,39150,3987450,8.87,26000.7,26450.0,26450,ATM+9,CALL,26000,2025-12-04
2025-12-04 14:26:00+05:30,9.3,9.65,9.25,9.55,35925,3960750,8.84,26006.75,26450.0,26450,ATM+9,CALL,26000,2025-12-04
2025-12-04 14:27:00+05:30,9.45,9.65,9.35,9.5,32775,3960750,8.82,26007.5,26450.0,26450,ATM+9,CALL,26000,2025-12-04
2025-12-04 14:28:00+05:30,9.5,9.6,9.3,9.55,28425,3960750,8.84,26006.15,26450.0,26450,ATM+9,CALL,26000,2025-12-04
2025-12-04 14:29:00+05:30,9.5,10.0,9.5,9.9,134175,3970875,8.78,26014.0,26450.0,26450,ATM+9,CALL,26000,2025-12-04
2025-12-04 14:30:00+05:30,9.95,10.15,9.6,9.65,123825,3970875,8.69,26016.25,26450.0,26450,ATM+9,CALL,26000,2025-12-04
2025-12-04 14:31:00+05:30,9.75,9.95,9.6,9.8,45150,3970875,8.73,26015.55,26450.0,26450,ATM+9,CALL,26000,2025-12-04
2025-12-04 14:32:00+05:30,9.8,9.85,9.35,9.5,122850,3945600,8.79,26008.7,26450.0,26450,ATM+9,CALL,26000,2025-12-04
2025-12-04 14:33:00+05:30,9.55,9.75,9.45,9.7,53775,3945600,8.79,26010.1,26450.0,26450,ATM+9,CALL,26000,2025-12-04
2025-12-04 14:34:00+05:30,9.65,9.75,9.5,9.55,24375,3945600,8.81,26008.95,26450.0,26450,ATM+9,CALL,26000,2025-12-04
2025-12-04 14:35:00+05:30,9.55,9.55,9.15,9.25,39600,3892050,8.83,26003.8,26450.0,26450,ATM+9,CALL,26000,2025-12-04
2025-12-04 14:36:00+05:30,9.2,9.4,9.05,9.1,36450,3892050,8.83,26000.4,26450.0,26450,ATM+9,CALL,26000,2025-12-04
2025-12-04 14:37:00+05:30,9.1,9.3,9.1,9.2,37500,3892050,8.81,26004.1,26450.0,26450,ATM+9,CALL,26000,2025-12-04
2025-12-04 14:38:00+05:30,9.35,9.7,9.25,9.7,97275,3892050,8.76,26013.55,26450.0,26450,ATM+9,CALL,26000,2025-12-04
2025-12-04 14:39:00+05:30,9.7,9.85,9.5,9.6,96975,3892050,8.73,26013.75,26450.0,26450,ATM+9,CALL,26000,2025-12-04
2025-12-04 14:40:00+05:30,9.6,9.6,9.6,9.6,0,3892050,8.73,26017.5,26450.0,26450,ATM+9,CALL,26000,2025-12-04
2025-12-04 14:41:00+05:30,9.7,9.8,9.55,9.55,60825,3848925,8.69,26015.45,26450.0,26450,ATM+9,CALL,26000,2025-12-04
2025-12-04 14:42:00+05:30,9.6,9.9,9.3,9.3,96150,3848925,8.66,26015.5,26450.0,26450,ATM+9,CALL,26000,2025-12-04
2025-12-04 14:43:00+05:30,9.3,9.55,9.2,9.4,187350,3848925,8.79,26007.85,26450.0,26450,ATM+9,CALL,26000,2025-12-04
2025-12-04 14:44:00+05:30,9.45,9.5,9.2,9.2,159900,3718200,8.87,26000.6,26450.0,26450,ATM+9,CALL,26000,2025-12-04
2025-12-04 14:45:00+05:30,9.25,9.5,9.0,9.1,107025,3718200,8.99,25992.35,26450.0,26450,ATM+9,CALL,26000,2025-12-04
2025-12-04 14:46:00+05:30,9.05,9.15,8.75,8.95,64725,3718200,9.01,25988.7,26450.0,26450,ATM+9,CALL,26000,2025-12-04
2025-12-04 14:47:00+05:30,9.0,9.45,8.95,9.3,55650,3682200,8.86,26001.55,26450.0,26450,ATM+9,CALL,26000,2025-12-04
2025-12-04 14:48:00+05:30,9.25,9.35,9.15,9.2,46050,3682200,8.82,26003.3,26450.0,26450,ATM+9,CALL,26000,2025-12-04
2025-12-04 14:49:00+05:30,9.2,9.25,9.1,9.15,20700,3682200,8.77,26003.65,26450.0,26450,ATM+9,CALL,26000,2025-12-04
2025-12-04 14:50:00+05:30,9.2,9.65,9.2,9.6,67650,3690975,8.73,26014.1,26450.0,26450,ATM+9,CALL,26000,2025-12-04
2025-12-04 14:51:00+05:30,9.55,9.7,9.3,9.6,53550,3690975,8.66,26018.15,26450.0,26450,ATM+9,CALL,26000,2025-12-04
2025-12-04 14:52:00+05:30,7.35,7.75,7.3,7.65,207600,10620450,8.88,26026.15,26500.0,26450,ATM+9,CALL,26000,2025-12-04
2025-12-04 14:53:00+05:30,10.1,10.15,9.8,9.9,178275,3686550,8.63,26023.0,26450.0,26450,ATM+9,CALL,26000,2025-12-04
2025-12-04 14:54:00+05:30,7.45,7.6,7.35,7.5,116625,10599975,8.86,26025.05,26500.0,26450,ATM+9,CALL,26000,2025-12-04
2025-12-04 14:55:00+05:30,7.45,7.65,7.4,7.55,111825,10599975,8.79,26029.45,26500.0,26450,ATM+9,CALL,26000,2025-12-04
2025-12-04 14:56:00+05:30,7.6,8.1,7.55,8.05,287700,10666125,8.76,26039.65,26500.0,26450,ATM+9,CALL,26000,2025-12-04
2025-12-04 14:57:00+05:30,7.9,7.9,7.6,7.7,289575,10666125,8.73,26036.45,26500.0,26450,ATM+9,CALL,26000,2025-12-04
2025-12-04 14:58:00+05:30,7.7,7.95,7.6,7.95,185025,10666125,8.73,26039.35,26500.0,26450,ATM+9,CALL,26000,2025-12-04
2025-12-04 14:59:00+05:30,7.9,8.4,7.85,8.05,247050,10698825,8.7,26043.25,26500.0,26450,ATM+9,CALL,26000,2025-12-04
2025-12-04 15:00:00+05:30,8.05,8.2,8.0,8.15,260475,10698825,8.64,26048.45,26500.0,26450,ATM+9,CALL,26000,2025-12-04
2025-12-04 15:01:00+05:30,8.15,8.15,7.85,7.9,275100,10698825,8.55,26050.5,26500.0,26450,ATM+9,CALL,26000,2025-12-04
2025-12-04 15:02:00+05:30,7.95,8.1,7.85,8.05,193350,10715100,8.5,26057.65,26500.0,26450,ATM+9,CALL,26000,2025-12-04
2025-12-04 15:03:00+05:30,8.0,8.0,7.7,7.85,563250,10715100,8.6,26047.5,26500.0,26450,ATM+9,CALL,26000,2025-12-04
2025-12-04 15:04:00+05:30,7.95,8.15,7.7,8.15,481950,10715100,8.64,26049.4,26500.0,26450,ATM+9,CALL,26000,2025-12-04
2025-12-04 15:05:00+05:30,8.15,8.45,7.9,8.4,327000,10310475,8.64,26052.75,26500.0,26450,ATM+9,CALL,26000,2025-12-04
2025-12-04 15:06:00+05:30,8.4,8.5,8.25,8.35,189150,10310475,8.64,26052.85,26500.0,26450,ATM+9,CALL,26000,2025-12-04
2025-12-04 15:07:00+05:30,8.35,8.35,8.1,8.2,509025,10310475,8.58,26052.95,26500.0,26450,ATM+9,CALL,26000,2025-12-04
2025-12-04 15:08:00+05:30,8.15,8.15,7.9,8.05,248925,10366500,8.59,26051.35,26500.0,26450,ATM+9,CALL,26000,2025-12-04
2025-12-04 15:09:00+05:30,8.05,8.1,7.8,7.9,227850,10366500,8.64,26046.6,26500.0,26450,ATM+9,CALL,26000,2025-12-04
2025-12-04 15:10:00+05:30,7.9,8.0,7.8,7.95,266550,10366500,8.55,26051.4,26500.0,26450,ATM+9,CALL,26000,2025-12-04
2025-12-04 15:11:00+05:30,8.0,8.1,7.95,8.05,437550,10443075,8.55,26053.4,26500.0,26450,ATM+9,CALL,26000,2025-12-04
2025-12-04 15:12:00+05:30,8.0,8.0,7.65,7.65,513000,10443075,8.59,26045.1,26500.0,26450,ATM+9,CALL,26000,2025-12-04
2025-12-04 15:13:00+05:30,7.55,7.55,7.15,7.35,1416750,10443075,8.6,26041.35,26500.0,26450,ATM+9,CALL,26000,2025-12-04
2025-12-04 15:14:00+05:30,7.3,7.3,7.1,7.1,417075,10621350,8.58,26037.7,26500.0,26450,ATM+9,CALL,26000,2025-12-04
2025-12-04 15:15:00+05:30,7.15,7.25,6.95,7.15,570525,10621350,8.61,26036.65,26500.0,26450,ATM+9,CALL,26000,2025-12-04
2025-12-04 15:16:00+05:30,7.1,7.15,6.8,6.95,456300,10621350,8.61,26032.25,26500.0,26450,ATM+9,CALL,26000,2025-12-04
2025-12-04 15:17:00+05:30,7.0,7.0,6.75,6.75,301725,10712100,8.55,26027.65,26500.0,26450,ATM+9,CALL,26000,2025-12-04
2025-12-04 15:18:00+05:30,6.8,6.95,6.6,6.9,283275,10712100,8.61,26031.0,26500.0,26450,ATM+9,CALL,26000,2025-12-04
2025-12-04 15:19:00+05:30,6.95,7.05,6.85,7.0,474000,10712100,8.51,26040.9,26500.0,26450,ATM+9,CALL,26000,2025-12-04
2025-12-04 15:20:00+05:30,6.95,7.0,6.85,6.9,346725,10954650,8.63,26032.5,26500.0,26450,ATM+9,CALL,26000,2025-12-04
2025-12-04 15:21:00+05:30,6.9,6.95,6.75,6.75,341100,10954650,8.57,26031.0,26500.0,26450,ATM+9,CALL,26000,2025-12-04
2025-12-04 15:22:00+05:30,9.55,9.7,9.4,9.45,132075,2837700,8.52,26023.95,26450.0,26450,ATM+9,CALL,26000,2025-12-04
2025-12-04 15:23:00+05:30,6.75,6.85,6.5,6.5,745050,11257575,8.19,26032.1,26500.0,26450,ATM+9,CALL,26000,2025-12-04
2025-12-04 15:24:00+05:30,6.5,6.6,6.4,6.55,557025,11257575,8.25,26030.45,26500.0,26450,ATM+9,CALL,26000,2025-12-04
2025-12-04 15:25:00+05:30,6.6,6.65,6.5,6.55,404700,11257575,8.26,26026.4,26500.0,26450,ATM+9,CALL,26000,2025-12-04
2025-12-04 15:26:00+05:30,9.3,9.35,9.1,9.1,156600,2910000,8.45,26023.95,26450.0,26450,ATM+9,CALL,26000,2025-12-04
2025-12-04 15:27:00+05:30,9.15,9.2,8.85,9.0,132300,2910000,8.43,26018.75,26450.0,26450,ATM+9,CALL,26000,2025-12-04
2025-12-04 15:28:00+05:30,9.05,9.3,9.0,9.25,180525,2910000,8.64,26015.6,26450.0,26450,ATM+9,CALL,26000,2025-12-04
2025-12-04 15:29:00+05:30,9.3,9.6,9.2,9.5,449775,3116925,8.69,26017.1,26450.0,26450,ATM+9,CALL,26000,2025-12-04
2025-12-04 09:15:00+05:30,437.05,500.45,437.05,491.05,6825,69750,13.3,25950.75,26450.0,26500,ATM+10,PUT,26000,2025-12-04
2025-12-04 09:16:00+05:30,496.6,498.55,480.15,481.45,1725,69750,12.63,25955.15,26450.0,26500,ATM+10,PUT,26000,2025-12-04
2025-12-04 09:17:00+05:30,481.85,484.5,478.45,480.1,2100,69750,12.78,25959.1,26450.0,26500,ATM+10,PUT,26000,2025-12-04
2025-12-04 09:18:00+05:30,476.8,476.8,474.3,476.75,450,68850,12.24,25958.5,26450.0,26500,ATM+10,PUT,26000,2025-12-04
2025-12-04 09:19:00+05:30,478.05,489.5,478.05,488.35,1050,68850,12.85,25949.55,26450.0,26500,ATM+10,PUT,26000,2025-12-04
2025-12-04 09:20:00+05:30,490.0,491.15,486.75,491.15,1950,68850,13.0,25948.6,26450.0,26500,ATM+10,PUT,26000,2025-12-04
2025-12-04 09:21:00+05:30,488.65,491.7,482.4,483.05,2025,68850,12.96,25955.4,26450.0,26500,ATM+10,PUT,26000,2025-12-04
2025-12-04 09:22:00+05:30,481.8,488.5,481.8,484.35,375,67500,13.63,25961.85,26450.0,26500,ATM+10,PUT,26000,2025-12-04
2025-12-04 09:23:00+05:30,520.0,522.65,500.0,502.85,7275,557850,12.98,25985.45,26500.0,26500,ATM+10,PUT,26000,2025-12-04
2025-12-04 09:24:00+05:30,505.4,505.6,491.0,492.6,6225,557850,12.28,25992.65,26500.0,26500,ATM+10,PUT,26000,2025-12-04
2025-12-04 09:25:00+05:30,495.0,504.75,490.4,501.95,4350,563100,11.95,25977.6,26500.0,26500,ATM+10,PUT,26000,2025-12-04
2025-12-04 09:26:00+05:30,503.35,503.55,496.0,496.4,7650,563100,11.26,25979.2,26500.0,26500,ATM+10,PUT,26000,2025-12-04
2025-12-04 09:27:00+05:30,500.0,501.7,491.35,495.1,5100,563100,12.11,25986.25,26500.0,26500,ATM+10,PUT,26000,2025-12-04
2025-12-04 09:28:00+05:30,492.7,495.0,490.0,492.4,3450,568875,12.12,25990.8,26500.0,26500,ATM+10,PUT,26000,2025-12-04
2025-12-04 09:29:00+05:30,493.95,493.95,484.1,485.0,7425,568875,11.65,25995.85,26500.0,26500,ATM+10,PUT,26000,2025-12-04
2025-12-04 09:30:00+05:30,484.95,488.15,481.1,483.35,3000,568875,11.75,25997.05,26500.0,26500,ATM+10,PUT,26000,2025-12-04
2025-12-04 09:31:00+05:30,485.35,488.35,479.2,484.4,4575,571950,11.77,25995.95,26500.0,26500,ATM+10,PUT,26000,2025-12-04
2025-12-04 09:32:00+05:30,485.1,501.15,485.1,497.35,5400,571950,12.07,25983.85,26500.0,26500,ATM+10,PUT,26000,2025-12-04
2025-12-04 09:33:00+05:30,494.95,500.2,490.0,490.0,3075,571950,12.11,25990.9,26500.0,26500,ATM+10,PUT,26000,2025-12-04
2025-12-04 09:34:00+05:30,484.0,484.0,475.0,475.0,3450,576975,10.96,26000.8,26500.0,26500,ATM+10,PUT,26000,2025-12-04
2025-12-04 09:35:00+05:30,475.25,475.35,463.9,466.15,7875,576975,11.78,26016.75,26500.0,26500,ATM+10,PUT,26000,2025-12-04
2025-12-04 09:36:00+05:30,464.8,466.65,460.6,463.0,9000,576975,11.79,26021.3,26500.0,26500,ATM+10,PUT,26000,2025-12-04
2025-12-04 09:37:00+05:30,510.5,510.5,510.5,510.5,150,19875,12.94,26025.25,26550.0,26500,ATM+10,PUT,26000,2025-12-04
2025-12-04 09:38:00+05:30,463.45,468.45,459.9,468.3,3750,577350,12.3,26018.65,26500.0,26500,ATM+10,PUT,26000,2025-12-04
2025-12-04 09:39:00+05:30,470.0,475.0,466.8,473.35,12825,577350,12.42,26013.45,26500.0,26500,ATM+10,PUT,26000,2025-12-04
2025-12-04 09:40:00+05:30,472.95,486.0,470.25,481.6,7500,577425,12.29,26003.5,26500.0,26500,ATM+10,PUT,26000,2025-12-04
2025-12-04 09:41:00+05:30,480.4,487.0,476.8,476.8,8250,577425,11.94,26004.5,26500.0,26500,ATM+10,PUT,26000,2025-12-04
2025-12-04 09:42:00+05:30,475.0,476.25,468.3,472.1,4425,577425,12.03,26011.85,26500.0,26500,ATM+10,PUT,26000,2025-12-04
2025-12-04 09:43:00+05:30,472.75,472.75,466.15,466.15,3825,575325,11.78,26016.45,26500.0,26500,ATM+10,PUT,26000,2025-12-04
2025-12-04 09:44:00+05:30,511.3,511.5,506.65,506.65,300,19275,12.78,26028.15,26550.0,26500,ATM+10,PUT,26000,2025-12-04
2025-12-04 09:45:00+05:30,506.65,506.65,506.65,506.65,75,19275,12.4,26025.2,26550.0,26500,ATM+10,PUT,26000,2025-12-04
2025-12-04 09:46:00+05:30,460.4,461.15,454.0,458.05,8100,576075,11.41,26021.95,26500.0,26500,ATM+10,PUT,26000,2025-12-04
2025-12-04 09:47:00+05:30,458.0,460.0,456.0,458.5,2925,576075,11.22,26021.05,26500.0,26500,ATM+10,PUT,26000,2025-12-04
2025-12-04 09:48:00+05:30,461.45,465.25,460.0,464.0,2250,576075,11.72,26017.6,26500.0,26500,ATM+10,PUT,26000,2025-12-04
2025-12-04 09:49:00+05:30,460.6,468.15,460.0,468.15,5325,580875,11.89,26016.3,26500.0,26500,ATM+10,PUT,26000,2025-12-04
2025-12-04 09:50:00+05:30,467.55,469.3,463.35,463.35,2100,580875,12.04,26022.5,26500.0,26500,ATM+10,PUT,26000,2025-12-04
2025-12-04 09:51:00+05:30,508.55,510.45,508.4,508.7,675,18150,12.59,26025.1,26550.0,26500,ATM+10,PUT,26000,2025-12-04
2025-12-04 09:52:00+05:30,507.55,508.4,494.0,495.7,1275,17925,11.76,26032.8,26550.0,26500,ATM+10,PUT,26000,2025-12-04
2025-12-04 09:53:00+05:30,497.4,503.55,497.05,503.55,975,17925,12.05,26025.9,26550.0,26500,ATM+10,PUT,26000,2025-12-04
2025-12-04 09:54:00+05:30,504.8,504.8,504.8,504.8,75,17925,12.46,26027.9,26550.0,26500,ATM+10,PUT,26000,2025-12-04
2025-12-04 09:55:00+05:30,504.8,504.8,504.8,504.8,0,17925,13.1,26032.45,26550.0,26500,ATM+10,PUT,26000,2025-12-04
2025-12-04 09:56:00+05:30,500.5,501.05,496.9,496.9,525,16500,12.08,26033.35,26550.0,26500,ATM+10,PUT,26000,2025-12-04
2025-12-04 09:57:00+05:30,499.75,505.45,499.75,505.1,750,16500,12.82,26028.75,26550.0,26500,ATM+10,PUT,26000,2025-12-04
2025-12-04 09:58:00+05:30,505.1,505.1,505.1,505.1,0,16500,12.98,26031.05,26550.0,26500,ATM+10,PUT,26000,2025-12-04
2025-12-04 09:59:00+05:30,501.35,503.15,501.35,503.15,750,16350,12.44,26028.3,26550.0,26500,ATM+10,PUT,26000,2025-12-04
2025-12-04 10:00:00+05:30,502.75,502.75,499.3,499.3,600,16350,12.29,26031.75,26550.0,26500,ATM+10,PUT,26000,2025-12-04
2025-12-04 10:01:00+05:30,500.2,504.5,500.2,504.5,375,16575,12.5,26028.35,26550.0,26500,ATM+10,PUT,26000,2025-12-04
2025-12-04 10:02:00+05:30,508.1,508.2,502.9,502.9,375,16575,12.2,26027.3,26550.0,26500,ATM+10,PUT,26000,2025-12-04
2025-12-04 10:03:00+05:30,510.9,510.9,510.9,510.9,75,16575,13.22,26026.65,26550.0,26500,ATM+10,PUT,26000,2025-12-04
2025-12-04 10:04:00+05:30,510.9,510.9,510.9,510.9,0,16575,13.22,26025.05,26550.0,26500,ATM+10,PUT,26000,2025-12-04
2025-12-04 10:05:00+05:30,457.15,462.2,457.15,462.2,3600,586125,12.01,26021.85,26500.0,26500,ATM+10,PUT,26000,2025-12-04
2025-12-04 10:06:00+05:30,504.25,506.8,499.9,499.9,900,16050,12.15,26031.9,26550.0,26500,ATM+10,PUT,26000,2025-12-04
2025-12-04 10:07:00+05:30,499.9,499.9,499.9,499.9,0,16050,13.3,26039.6,26550.0,26500,ATM+10,PUT,26000,2025-12-04
2025-12-04 10:08:00+05:30,488.0,488.45,488.0,488.45,150,16050,10.96,26036.25,26550.0,26500,ATM+10,PUT,26000,2025-12-04
2025-12-04 10:09:00+05:30,507.55,507.55,506.0,506.0,225,16050,12.46,26027.5,26550.0,26500,ATM+10,PUT,26000,2025-12-04
2025-12-04 10:10:00+05:30,506.0,506.0,506.0,506.0,0,16050,12.75,26029.0,26550.0,26500,ATM+10,PUT,26000,2025-12-04
2025-12-04 10:11:00+05:30,500.45,504.95,499.6,504.75,450,15900,12.63,26029.15,26550.0,26500,ATM+10,PUT,26000,2025-12-04
2025-12-04 10:12:00+05:30,499.25,499.6,496.8,497.3,675,15900,12.09,26034.35,26550.0,26500,ATM+10,PUT,26000,2025-12-04
2025-12-04 10:13:00+05:30,492.55,492.55,492.55,492.55,75,15825,12.27,26040.35,26550.0,26500,ATM+10,PUT,26000,2025-12-04
2025-12-04 10:14:00+05:30,489.8,489.8,489.8,489.8,300,15825,12.24,26042.75,26550.0,26500,ATM+10,PUT,26000,2025-12-04
2025-12-04 10:15:00+05:30,489.8,489.8,489.8,489.8,0,15825,12.22,26042.45,26550.0,26500,ATM+10,PUT,26000,2025-12-04
2025-12-04 10:16:00+05:30,489.15,489.15,488.7,489.15,375,15900,12.01,26043.45,26550.0,26500,ATM+10,PUT,26000,2025-12-04
2025-12-04 10:17:00+05:30,488.85,491.55,488.85,491.55,375,15900,11.81,26038.1,26550.0,26500,ATM+10,PUT,26000,2025-12-04
2025-12-04 10:18:00+05:30,491.55,491.55,491.55,491.55,0,15900,12.15,26043.7,26550.0,26500,ATM+10,PUT,26000,2025-12-04
2025-12-04 10:19:00+05:30,488.6,488.6,482.0,482.0,900,15900,11.54,26046.55,26550.0,26500,ATM+10,PUT,26000,2025-12-04
2025-12-04 10:20:00+05:30,482.3,482.3,482.3,482.3,75,15900,11.77,26048.05,26550.0,26500,ATM+10,PUT,26000,2025-12-04
2025-12-04 10:21:00+05:30,481.3,481.3,474.95,474.95,450,15900,11.08,26052.55,26550.0,26500,ATM+10,PUT,26000,2025-12-04
2025-12-04 10:22:00+05:30,474.25,475.9,468.45,475.9,2850,14625,10.72,26049.05,26550.0,26500,ATM+10,PUT,26000,2025-12-04
2025-12-04 10:23:00+05:30,479.5,479.5,479.5,479.5,150,14625,11.54,26050.05,26550.0,26500,ATM+10,PUT,26000,2025-12-04
2025-12-04 10:24:00+05:30,479.5,479.5,479.5,479.5,0,14625,11.57,26050.55,26550.0,26500,ATM+10,PUT,26000,2025-12-04
2025-12-04 10:25:00+05:30,479.5,479.5,479.5,479.5,0,14625,12.43,26055.15,26550.0,26500,ATM+10,PUT,26000,2025-12-04
2025-12-04 10:26:00+05:30,472.6,472.6,471.2,471.2,1275,13650,11.19,26056.0,26550.0,26500,ATM+10,PUT,26000,2025-12-04
2025-12-04 10:27:00+05:30,471.9,471.9,471.3,471.3,225,13650,11.32,26057.25,26550.0,26500,ATM+10,PUT,26000,2025-12-04
2025-12-04 10:28:00+05:30,466.8,468.3,466.8,468.3,150,13650,11.96,26065.4,26550.0,26500,ATM+10,PUT,26000,2025-12-04
2025-12-04 10:29:00+05:30,499.15,499.15,496.35,496.35,300,107175,11.0,26078.9,26600.0,26500,ATM+10,PUT,26000,2025-12-04
2025-12-04 10:30:00+05:30,493.0,494.65,491.75,494.65,1200,107175,10.99,26078.7,26600.0,26500,ATM+10,PUT,26000,2025-12-04
2025-12-04 10:31:00+05:30,494.1,494.1,491.0,491.0,750,107400,11.26,26085.9,26600.0,26500,ATM+10,PUT,26000,2025-12-04
2025-12-04 10:32:00+05:30,487.0,494.25,487.0,493.85,4575,107400,11.2,26082.25,26600.0,26500,ATM+10,PUT,26000,2025-12-04
2025-12-04 10:33:00+05:30,494.0,498.5,494.0,497.3,4050,107400,11.24,26078.05,26600.0,26500,ATM+10,PUT,26000,2025-12-04
2025-12-04 10:34:00+05:30,494.25,494.25,487.0,487.0,975,103950,10.34,26084.65,26600.0,26500,ATM+10,PUT,26000,2025-12-04
2025-12-04 10:35:00+05:30,487.0,488.35,485.9,485.9,1125,103950,10.73,26087.7,26600.0,26500,ATM+10,PUT,26000,2025-12-04
2025-12-04 10:36:00+05:30,483.45,483.65,483.45,483.65,450,103950,11.25,26092.35,26600.0,26500,ATM+10,PUT,26000,2025-12-04
2025-12-04 10:37:00+05:30,482.55,483.3,481.45,482.2,1125,102975,11.26,26094.9,26600.0,26500,ATM+10,PUT,26000,2025-12-04
2025-12-04 10:38:00+05:30,482.0,483.9,482.0,483.2,375,102975,10.72,26090.8,26600.0,26500,ATM+10,PUT,26000,2025-12-04
2025-12-04 10:39:00+05:30,485.1,487.85,485.1,487.2,675,102975,11.15,26089.6,26600.0,26500,ATM+10,PUT,26000,2025-12-04
2025-12-04 10:40:00+05:30,485.4,485.45,477.75,483.35,2775,102075,10.6,26090.65,26600.0,26500,ATM+10,PUT,26000,2025-12-04
2025-12-04 10:41:00+05:30,486.35,486.35,478.55,479.0,975,102075,10.34,26093.2,26600.0,26500,ATM+10,PUT,26000,2025-12-04
2025-12-04 10:42:00+05:30,477.0,480.7,477.0,480.7,675,102075,10.81,26093.55,26600.0,26500,ATM+10,PUT,26000,2025-12-04
2025-12-04 10:43:00+05:30,478.1,480.2,476.7,480.2,300,102150,10.77,26094.6,26600.0,26500,ATM+10,PUT,26000,2025-12-04
2025-12-04 10:44:00+05:30,479.05,481.05,476.15,481.05,975,102150,10.72,26092.7,26600.0,26500,ATM+10,PUT,26000,2025-12-04
2025-12-04 10:45:00+05:30,480.1,480.1,479.0,479.0,300,102150,10.78,26097.1,26600.0,26500,ATM+10,PUT,26000,2025-12-04
2025-12-04 10:46:00+05:30,478.5,479.5,478.5,479.5,675,101850,10.81,26094.7,26600.0,26500,ATM+10,PUT,26000,2025-12-04
2025-12-04 10:47:00+05:30,479.65,483.0,479.3,483.0,1350,101850,10.23,26089.9,26600.0,26500,ATM+10,PUT,26000,2025-12-04
2025-12-04 10:48:00+05:30,484.0,486.0,484.0,486.0,975,101850,10.7,26087.8,26600.0,26500,ATM+10,PUT,26000,2025-12-04
2025-12-04 10:49:00+05:30,487.0,488.85,487.0,488.85,150,100875,10.69,26083.4,26600.0,26500,ATM+10,PUT,26000,2025-12-04
2025-12-04 10:50:00+05:30,488.9,489.4,486.35,487.0,1125,100875,9.93,26082.9,26600.0,26500,ATM+10,PUT,26000,2025-12-04
2025-12-04 10:51:00+05:30,490.0,490.0,485.65,485.65,1725,100875,9.96,26084.25,26600.0,26500,ATM+10,PUT,26000,2025-12-04
2025-12-04 10:52:00+05:30,486.95,487.6,486.7,486.7,3300,101175,9.92,26082.75,26600.0,26500,ATM+10,PUT,26000,2025-12-04
2025-12-04 10:53:00+05:30,488.95,495.1,488.95,492.95,300,101175,10.54,26079.6,26600.0,26500,ATM+10,PUT,26000,2025-12-04
2025-12-04 10:54:00+05:30,490.25,490.9,490.25,490.9,825,101175,9.99,26078.05,26600.0,26500,ATM+10,PUT,26000,2025-12-04
2025-12-04 10:55:00+05:30,492.0,492.05,490.25,490.25,300,100875,10.07,26079.2,26600.0,26500,ATM+10,PUT,26000,2025-12-04
2025-12-04 10:56:00+05:30,488.6,493.8,488.4,493.8,450,100875,10.44,26078.4,26600.0,26500,ATM+10,PUT,26000,2025-12-04
2025-12-04 10:57:00+05:30,490.15,490.15,488.15,488.15,150,100875,9.99,26080.95,26600.0,26500,ATM+10,PUT,26000,2025-12-04
2025-12-04 10:58:00+05:30,486.9,486.9,484.0,484.0,150,100875,9.68,26085.5,26600.0,26500,ATM+10,PUT,26000,2025-12-04
2025-12-04 10:59:00+05:30,484.0,484.0,484.0,484.0,0,100875,0.0,26075.5,26600.0,26500,ATM+10,PUT,26000,2025-12-04
2025-12-04 11:00:00+05:30,495.0,495.0,495.0,495.0,150,101175,10.83,26076.55,26600.0,26500,ATM+10,PUT,26000,2025-12-04
2025-12-04 11:01:00+05:30,495.55,495.55,489.2,489.7,525,101175,9.92,26079.6,26600.0,26500,ATM+10,PUT,26000,2025-12-04
2025-12-04 11:02:00+05:30,490.2,492.3,490.2,492.3,525,101325,10.86,26082.1,26600.0,26500,ATM+10,PUT,26000,2025-12-04
2025-12-04 11:03:00+05:30,488.0,488.0,488.0,488.0,75,101325,10.19,26082.65,26600.0,26500,ATM+10,PUT,26000,2025-12-04
2025-12-04 11:04:00+05:30,484.45,484.45,484.45,484.45,75,101325,8.79,26083.0,26600.0,26500,ATM+10,PUT,26000,2025-12-04
2025-12-04 11:05:00+05:30,487.0,487.95,487.0,487.95,525,101325,10.13,26082.95,26600.0,26500,ATM+10,PUT,26000,2025-12-04
2025-12-04 11:06:00+05:30,487.95,487.95,487.95,487.95,0,101325,10.25,26083.9,26600.0,26500,ATM+10,PUT,26000,2025-12-04
2025-12-04 11:07:00+05:30,489.35,489.35,489.35,489.35,75,101325,10.13,26080.6,26600.0,26500,ATM+10,PUT,26000,2025-12-04
2025-12-04 11:08:00+05:30,492.0,492.0,492.0,492.0,450,101625,9.85,26076.7,26600.0,26500,ATM+10,PUT,26000,2025-12-04
2025-12-04 11:09:00+05:30,450.85,451.0,449.35,451.0,300,15150,10.46,26074.7,26550.0,26500,ATM+10,PUT,26000,2025-12-04
2025-12-04 11:10:00+05:30,502.9,502.9,498.35,498.35,1200,101625,11.01,26076.0,26600.0,26500,ATM+10,PUT,26000,2025-12-04
2025-12-04 11:11:00+05:30,451.2,451.2,451.2,451.2,75,15075,10.19,26073.2,26550.0,26500,ATM+10,PUT,26000,2025-12-04
2025-12-04 11:12:00+05:30,451.2,451.2,451.2,451.2,0,15075,10.15,26073.0,26550.0,26500,ATM+10,PUT,26000,2025-12-04
2025-12-04 11:13:00+05:30,451.2,451.2,451.2,451.2,0,15075,9.75,26070.4,26550.0,26500,ATM+10,PUT,26000,2025-12-04
2025-12-04 11:14:00+05:30,502.9,502.9,498.0,498.0,300,101850,11.12,26077.05,26600.0,26500,ATM+10,PUT,26000,2025-12-04
2025-12-04 11:15:00+05:30,451.2,451.2,451.2,451.2,0,15075,9.93,26070.5,26550.0,26500,ATM+10,PUT,26000,2025-12-04
2025-12-04 11:16:00+05:30,451.2,451.2,451.2,451.2,0,15075,10.32,26073.05,26550.0,26500,ATM+10,PUT,26000,2025-12-04
2025-12-04 11:17:00+05:30,497.35,497.35,497.35,497.35,0,101850,10.72,26075.6,26600.0,26500,ATM+10,PUT,26000,2025-12-04
2025-12-04 11:18:00+05:30,451.45,451.45,451.45,451.45,0,15225,9.55,26068.0,26550.0,26500,ATM+10,PUT,26000,2025-12-04
2025-12-04 11:19:00+05:30,456.6,456.6,456.6,456.6,75,15225,10.62,26070.3,26550.0,26500,ATM+10,PUT,26000,2025-12-04
2025-12-04 11:20:00+05:30,458.0,458.0,458.0,458.0,150,15225,10.27,26065.55,26550.0,26500,ATM+10,PUT,26000,2025-12-04
2025-12-04 11:21:00+05:30,457.9,457.9,457.9,457.9,75,15225,10.66,26068.1,26550.0,26500,ATM+10,PUT,26000,2025-12-04
2025-12-04 11:22:00+05:30,458.05,458.5,456.0,456.0,225,15225,10.51,26069.4,26550.0,26500,ATM+10,PUT,26000,2025-12-04
2025-12-04 11:23:00+05:30,456.0,456.0,456.0,456.0,0,15225,9.32,26064.3,26550.0,26500,ATM+10,PUT,26000,2025-12-04
2025-12-04 11:24:00+05:30,463.25,463.25,463.25,463.25,150,15000,10.91,26063.15,26550.0,26500,ATM+10,PUT,26000,2025-12-04
2025-12-04 11:25:00+05:30,463.0,463.0,463.0,463.0,75,15000,11.44,26067.9,26550.0,26500,ATM+10,PUT,26000,2025-12-04
2025-12-04 11:26:00+05:30,463.0,463.0,463.0,463.0,0,15000,11.27,26066.15,26550.0,26500,ATM+10,PUT,26000,2025-12-04
2025-12-04 11:27:00+05:30,459.4,463.0,459.4,463.0,525,15000,10.63,26063.35,26550.0,26500,ATM+10,PUT,26000,2025-12-04
2025-12-04 11:28:00+05:30,466.4,466.4,466.4,466.4,75,15000,11.22,26062.6,26550.0,26500,ATM+10,PUT,26000,2025-12-04
2025-12-04 11:29:00+05:30,466.1,466.1,466.1,466.1,225,15525,10.44,26060.6,26550.0,26500,ATM+10,PUT,26000,2025-12-04
2025-12-04 11:30:00+05:30,470.7,470.7,468.05,468.05,525,15525,11.26,26060.35,26550.0,26500,ATM+10,PUT,26000,2025-12-04
2025-12-04 11:31:00+05:30,463.7,469.6,462.55,469.6,675,15375,11.43,26060.0,26550.0,26500,ATM+10,PUT,26000,2025-12-04
2025-12-04 11:32:00+05:30,469.45,469.45,469.1,469.1,300,15375,11.34,26060.25,26550.0,26500,ATM+10,PUT,26000,2025-12-04
2025-12-04 11:33:00+05:30,466.7,467.7,466.35,466.35,300,15375,11.18,26063.2,26550.0,26500,ATM+10,PUT,26000,2025-12-04
2025-12-04 11:34:00+05:30,466.35,466.35,466.35,466.35,0,15375,10.99,26061.3,26550.0,26500,ATM+10,PUT,26000,2025-12-04
2025-12-04 11:35:00+05:30,466.35,466.35,466.35,466.35,0,15375,10.96,26060.7,26550.0,26500,ATM+10,PUT,26000,2025-12-04
2025-12-04 11:36:00+05:30,468.65,468.75,468.65,468.75,150,15450,11.18,26060.55,26550.0,26500,ATM+10,PUT,26000,2025-12-04
2025-12-04 11:37:00+05:30,473.95,473.95,473.95,473.95,75,15300,11.14,26052.9,26550.0,26500,ATM+10,PUT,26000,2025-12-04
2025-12-04 11:38:00+05:30,474.7,475.7,474.7,475.25,225,15300,7.52,26039.35,26550.0,26500,ATM+10,PUT,26000,2025-12-04
2025-12-04 11:39:00+05:30,494.95,494.95,492.5,492.5,450,15300,11.37,26034.75,26550.0,26500,ATM+10,PUT,26000,2025-12-04
2025-12-04 11:40:00+05:30,495.3,495.3,486.5,486.5,2625,15450,11.09,26038.15,26550.0,26500,ATM+10,PUT,26000,2025-12-04
2025-12-04 11:41:00+05:30,488.5,494.8,488.5,493.0,675,15450,11.51,26033.45,26550.0,26500,ATM+10,PUT,26000,2025-12-04
2025-12-04 11:42:00+05:30,500.8,503.35,500.8,501.7,375,15450,12.01,26028.2,26550.0,26500,ATM+10,PUT,26000,2025-12-04
2025-12-04 11:43:00+05:30,454.75,457.75,454.3,456.75,5025,597525,11.31,26023.45,26500.0,26500,ATM+10,PUT,26000,2025-12-04
2025-12-04 11:44:00+05:30,503.9,503.9,503.9,503.9,0,15450,12.22,26028.8,26550.0,26500,ATM+10,PUT,26000,2025-12-04
2025-12-04 11:45:00+05:30,455.6,470.5,455.45,467.85,33300,597525,11.81,26015.15,26500.0,26500,ATM+10,PUT,26000,2025-12-04
2025-12-04 11:46:00+05:30,515.0,519.65,505.9,505.9,1350,14925,12.31,26025.5,26550.0,26500,ATM+10,PUT,26000,2025-12-04
2025-12-04 11:47:00+05:30,505.3,505.5,502.0,502.0,825,14925,12.06,26028.45,26550.0,26500,ATM+10,PUT,26000,2025-12-04
2025-12-04 11:48:00+05:30,502.65,503.95,501.8,503.95,375,14925,12.25,26025.95,26550.0,26500,ATM+10,PUT,26000,2025-12-04
2025-12-04 11:49:00+05:30,503.95,503.95,503.95,503.95,0,14925,12.85,26031.3,26550.0,26500,ATM+10,PUT,26000,2025-12-04
2025-12-04 11:50:00+05:30,503.95,503.95,503.95,503.95,0,14925,12.53,26029.6,26550.0,26500,ATM+10,PUT,26000,2025-12-04
2025-12-04 11:51:00+05:30,454.4,460.65,454.4,459.4,3075,612300,11.72,26022.9,26500.0,26500,ATM+10,PUT,26000,2025-12-04
2025-12-04 11:52:00+05:30,457.55,460.0,455.25,459.1,3375,604725,11.39,26021.9,26500.0,26500,ATM+10,PUT,26000,2025-12-04
2025-12-04 11:53:00+05:30,458.95,461.2,457.25,461.2,2250,604725,11.31,26018.35,26500.0,26500,ATM+10,PUT,26000,2025-12-04
2025-12-04 11:54:00+05:30,460.55,463.0,460.45,463.0,3525,604725,11.31,26016.7,26500.0,26500,ATM+10,PUT,26000,2025-12-04
2025-12-04 11:55:00+05:30,506.65,506.65,506.65,506.65,0,14700,12.62,26028.1,26550.0,26500,ATM+10,PUT,26000,2025-12-04
2025-12-04 11:56:00+05:30,503.05,505.5,502.75,502.75,600,14700,11.87,26025.15,26550.0,26500,ATM+10,PUT,26000,2025-12-04
2025-12-04 11:57:00+05:30,455.35,460.0,454.5,460.0,2475,601500,11.69,26022.55,26500.0,26500,ATM+10,PUT,26000,2025-12-04
2025-12-04 11:58:00+05:30,458.7,464.95,458.7,461.9,4050,602850,11.6,26020.0,26500.0,26500,ATM+10,PUT,26000,2025-12-04
2025-12-04 11:59:00+05:30,460.65,463.0,457.9,457.9,2250,602850,11.5,26024.0,26500.0,26500,ATM+10,PUT,26000,2025-12-04
2025-12-04 12:00:00+05:30,458.3,458.3,454.35,457.55,2850,602850,11.47,26024.55,26500.0,26500,ATM+10,PUT,26000,2025-12-04
2025-12-04 12:01:00+05:30,455.2,459.75,455.2,457.05,900,602850,11.67,26024.9,26500.0,26500,ATM+10,PUT,26000,2025-12-04
2025-12-04 12:02:00+05:30,456.45,460.0,449.0,460.0,4275,598350,11.81,26024.6,26500.0,26500,ATM+10,PUT,26000,2025-12-04
2025-12-04 12:03:00+05:30,504.6,504.6,504.6,504.6,0,15225,12.77,26031.4,26550.0,26500,ATM+10,PUT,26000,2025-12-04
2025-12-04 12:04:00+05:30,504.6,504.6,504.6,504.6,0,15225,13.12,26032.65,26550.0,26500,ATM+10,PUT,26000,2025-12-04
2025-12-04 12:05:00+05:30,504.6,504.6,504.6,504.6,0,15225,13.87,26038.45,26550.0,26500,ATM+10,PUT,26000,2025-12-04
2025-12-04 12:06:00+05:30,494.35,496.9,494.2,496.9,900,15300,12.07,26035.45,26550.0,26500,ATM+10,PUT,26000,2025-12-04
2025-12-04 12:07:00+05:30,496.1,496.1,495.75,495.75,150,15300,12.95,26040.6,26550.0,26500,ATM+10,PUT,26000,2025-12-04
2025-12-04 12:08:00+05:30,495.75,495.75,495.75,495.75,0,15300,13.0,26042.85,26550.0,26500,ATM+10,PUT,26000,2025-12-04
2025-12-04 12:09:00+05:30,498.0,498.0,498.0,498.0,75,16275,11.78,26032.0,26550.0,26500,ATM+10,PUT,26000,2025-12-04
2025-12-04 12:10:00+05:30,498.0,498.0,498.0,498.0,0,16275,10.89,26027.7,26550.0,26500,ATM+10,PUT,26000,2025-12-04
2025-12-04 12:11:00+05:30,453.75,460.8,453.75,460.8,5250,600300,11.86,26023.8,26500.0,26500,ATM+10,PUT,26000,2025-12-04
2025-12-04 12:12:00+05:30,503.2,503.2,503.2,503.2,0,16275,12.03,26027.3,26550.0,26500,ATM+10,PUT,26000,2025-12-04
2025-12-04 12:13:00+05:30,498.25,498.25,498.25,498.25,225,16275,11.17,26026.8,26550.0,26500,ATM+10,PUT,26000,2025-12-04
2025-12-04 12:14:00+05:30,498.25,498.25,498.25,498.25,0,16275,11.19,26028.15,26550.0,26500,ATM+10,PUT,26000,2025-12-04
2025-12-04 12:15:00+05:30,454.55,462.0,454.4,462.0,2100,599775,11.27,26017.8,26500.0,26500,ATM+10,PUT,26000,2025-12-04
2025-12-04 12:16:00+05:30,462.4,464.35,458.85,458.85,4425,601650,11.19,26021.65,26500.0,26500,ATM+10,PUT,26000,2025-12-04
2025-12-04 12:17:00+05:30,457.15,458.25,454.95,454.95,2775,601650,10.85,26023.0,26500.0,26500,ATM+10,PUT,26000,2025-12-04
2025-12-04 12:18:00+05:30,460.0,460.0,458.2,458.45,450,601650,11.31,26022.65,26500.0,26500,ATM+10,PUT,26000,2025-12-04
2025-12-04 12:19:00+05:30,456.1,462.0,456.1,462.0,600,599250,11.21,26018.15,26500.0,26500,ATM+10,PUT,26000,2025-12-04
2025-12-04 12:20:00+05:30,461.2,476.0,459.35,474.15,5100,599250,11.62,26006.95,26500.0,26500,ATM+10,PUT,26000,2025-12-04
2025-12-04 12:21:00+05:30,475.15,478.85,471.6,473.2,30450,599250,12.09,26012.15,26500.0,26500,ATM+10,PUT,26000,2025-12-04
2025-12-04 12:22:00+05:30,467.9,470.3,467.45,469.75,3975,599250,12.17,26015.1,26500.0,26500,ATM+10,PUT,26000,2025-12-04
2025-12-04 12:23:00+05:30,469.6,469.6,462.1,466.0,2550,594675,11.79,26015.85,26500.0,26500,ATM+10,PUT,26000,2025-12-04
2025-12-04 12:24:00+05:30,466.0,468.0,463.8,464.65,600,594675,11.93,26019.5,26500.0,26500,ATM+10,PUT,26000,2025-12-04
2025-12-04 12:25:00+05:30,462.5,462.5,459.1,461.5,1500,594675,12.13,26024.4,26500.0,26500,ATM+10,PUT,26000,2025-12-04
2025-12-04 12:26:00+05:30,458.6,460.1,457.25,457.25,1950,594075,11.47,26024.5,26500.0,26500,ATM+10,PUT,26000,2025-12-04
2025-12-04 12:27:00+05:30,504.65,507.45,504.65,507.0,600,17850,12.4,26025.65,26550.0,26500,ATM+10,PUT,26000,2025-12-04
2025-12-04 12:28:00+05:30,502.55,502.55,497.9,497.9,1800,17850,11.39,26028.9,26550.0,26500,ATM+10,PUT,26000,2025-12-04
2025-12-04 12:29:00+05:30,453.05,461.7,453.0,461.7,6525,597900,12.0,26024.25,26500.0,26500,ATM+10,PUT,26000,2025-12-04
2025-12-04 12:30:00+05:30,502.7,502.7,502.7,502.7,150,19050,11.74,26026.8,26550.0,26500,ATM+10,PUT,26000,2025-12-04
2025-12-04 12:31:00+05:30,502.8,505.6,502.8,505.6,675,19050,12.31,26025.35,26550.0,26500,ATM+10,PUT,26000,2025-12-04
2025-12-04 12:32:00+05:30,458.4,462.25,457.8,462.25,1425,596325,12.11,26024.35,26500.0,26500,ATM+10,PUT,26000,2025-12-04
2025-12-04 12:33:00+05:30,503.0,503.0,503.0,503.0,75,19200,12.35,26029.0,26550.0,26500,ATM+10,PUT,26000,2025-12-04
2025-12-04 12:34:00+05:30,503.0,503.0,503.0,503.0,0,19200,12.02,26025.9,26550.0,26500,ATM+10,PUT,26000,2025-12-04
2025-12-04 12:35:00+05:30,503.0,503.0,503.0,503.0,0,19200,12.19,26027.9,26550.0,26500,ATM+10,PUT,26000,2025-12-04
2025-12-04 12:36:00+05:30,504.95,505.2,504.25,504.85,1050,19350,12.18,26026.05,26550.0,26500,ATM+10,PUT,26000,2025-12-04
2025-12-04 12:37:00+05:30,460.0,460.0,455.0,456.0,300,594900,11.34,26025.0,26500.0,26500,ATM+10,PUT,26000,2025-12-04
2025-12-04 12:38:00+05:30,504.85,504.85,504.85,504.85,0,19350,12.32,26026.65,26550.0,26500,ATM+10,PUT,26000,2025-12-04
2025-12-04 12:39:00+05:30,452.85,457.7,452.85,457.7,450,594900,11.44,26023.95,26500.0,26500,ATM+10,PUT,26000,2025-12-04
2025-12-04 12:40:00+05:30,455.6,457.7,455.6,457.7,150,594900,11.53,26025.0,26500.0,26500,ATM+10,PUT,26000,2025-12-04
2025-12-04 12:41:00+05:30,460.45,460.45,457.7,460.0,525,594900,11.46,26023.6,26500.0,26500,ATM+10,PUT,26000,2025-12-04
2025-12-04 12:42:00+05:30,462.0,466.6,462.0,463.8,1200,594900,11.36,26017.2,26500.0,26500,ATM+10,PUT,26000,2025-12-04
2025-12-04 12:43:00+05:30,467.5,473.0,466.95,470.35,2700,594900,11.76,26012.5,26500.0,26500,ATM+10,PUT,26000,2025-12-04
2025-12-04 12:44:00+05:30,472.0,476.0,472.0,475.65,2925,593925,12.34,26009.55,26500.0,26500,ATM+10,PUT,26000,2025-12-04
2025-12-04 12:45:00+05:30,478.4,494.25,478.4,494.25,50250,593925,12.87,25992.1,26500.0,26500,ATM+10,PUT,26000,2025-12-04
2025-12-04 12:46:00+05:30,493.25,493.25,488.25,491.3,4950,593925,12.16,25990.7,26500.0,26500,ATM+10,PUT,26000,2025-12-04
2025-12-04 12:47:00+05:30,491.05,491.05,481.75,485.8,11625,578025,12.43,26000.85,26500.0,26500,ATM+10,PUT,26000,2025-12-04
2025-12-04 12:48:00+05:30,484.3,490.25,484.3,490.2,1950,578025,12.82,25997.05,26500.0,26500,ATM+10,PUT,26000,2025-12-04
2025-12-04 12:49:00+05:30,491.05,494.25,489.8,493.75,2475,578025,12.86,25993.35,26500.0,26500,ATM+10,PUT,26000,2025-12-04
2025-12-04 12:50:00+05:30,492.6,492.6,487.8,490.25,5325,573825,12.59,25994.45,26500.0,26500,ATM+10,PUT,26000,2025-12-04
2025-12-04 12:51:00+05:30,488.5,489.4,488.05,489.4,300,573825,12.44,25995.5,26500.0,26500,ATM+10,PUT,26000,2025-12-04
2025-12-04 12:52:00+05:30,491.5,498.9,491.3,497.05,4575,573825,13.16,25991.55,26500.0,26500,ATM+10,PUT,26000,2025-12-04
2025-12-04 12:53:00+05:30,495.0,497.2,489.0,491.45,6975,571875,12.75,25993.85,26500.0,26500,ATM+10,PUT,26000,2025-12-04
2025-12-04 12:54:00+05:30,490.95,491.9,490.2,491.9,1125,571875,12.38,25992.85,26500.0,26500,ATM+10,PUT,26000,2025-12-04
2025-12-04 12:55:00+05:30,486.0,486.0,478.9,482.0,2175,571875,12.47,26004.5,26500.0,26500,ATM+10,PUT,26000,2025-12-04
2025-12-04 12:56:00+05:30,480.1,482.25,480.1,480.55,2025,571275,12.38,26005.95,26500.0,26500,ATM+10,PUT,26000,2025-12-04
2025-12-04 12:57:00+05:30,480.65,481.8,478.8,481.6,600,571275,12.63,26005.95,26500.0,26500,ATM+10,PUT,26000,2025-12-04
2025-12-04 12:58:00+05:30,478.1,480.35,475.9,480.35,1425,571275,11.95,26004.05,26500.0,26500,ATM+10,PUT,26000,2025-12-04
2025-12-04 12:59:00+05:30,480.0,481.55,480.0,481.0,1875,572550,12.02,26002.4,26500.0,26500,ATM+10,PUT,26000,2025-12-04
2025-12-04 13:00:00+05:30,484.0,486.4,481.75,481.75,2175,572550,11.94,26001.85,26500.0,26500,ATM+10,PUT,26000,2025-12-04
2025-12-04 13:01:00+05:30,480.0,482.75,479.35,482.55,1425,572550,12.52,26004.2,26500.0,26500,ATM+10,PUT,26000,2025-12-04
2025-12-04 13:02:00+05:30,481.5,482.7,479.95,481.3,1575,573975,12.04,26001.3,26500.0,26500,ATM+10,PUT,26000,2025-12-04
2025-12-04 13:03:00+05:30,482.45,482.95,481.9,482.95,1200,573975,12.54,26002.7,26500.0,26500,ATM+10,PUT,26000,2025-12-04
2025-12-04 13:04:00+05:30,479.5,479.5,477.4,477.4,375,573975,11.96,26005.85,26500.0,26500,ATM+10,PUT,26000,2025-12-04
2025-12-04 13:05:00+05:30,478.95,483.2,478.8,481.7,450,574950,11.87,26001.05,26500.0,26500,ATM+10,PUT,26000,2025-12-04
2025-12-04 13:06:00+05:30,482.35,482.35,477.65,479.15,975,574950,11.82,26002.2,26500.0,26500,ATM+10,PUT,26000,2025-12-04
2025-12-04 13:07:00+05:30,477.15,478.0,476.2,476.2,1650,574950,11.38,26003.9,26500.0,26500,ATM+10,PUT,26000,2025-12-04
2025-12-04 13:08:00+05:30,476.55,477.9,472.25,477.9,1275,574425,11.23,25999.95,26500.0,26500,ATM+10,PUT,26000,2025-12-04
2025-12-04 13:09:00+05:30,480.0,480.0,479.1,479.1,225,574425,11.13,25997.95,26500.0,26500,ATM+10,PUT,26000,2025-12-04
2025-12-04 13:10:00+05:30,482.65,489.15,482.65,485.3,975,574425,11.51,25993.15,26500.0,26500,ATM+10,PUT,26000,2025-12-04
2025-12-04 13:11:00+05:30,483.5,485.25,482.0,482.4,1425,574575,11.07,25994.25,26500.0,26500,ATM+10,PUT,26000,2025-12-04
2025-12-04 13:12:00+05:30,480.0,486.6,478.25,486.6,1125,574575,11.7,25993.45,26500.0,26500,ATM+10,PUT,26000,2025-12-04
2025-12-04 13:13:00+05:30,490.55,490.55,484.55,484.55,525,574575,11.48,25993.8,26500.0,26500,ATM+10,PUT,26000,2025-12-04
2025-12-04 13:14:00+05:30,484.85,484.85,473.5,479.2,975,574500,11.69,26000.8,26500.0,26500,ATM+10,PUT,26000,2025-12-04
2025-12-04 13:15:00+05:30,478.25,480.0,478.25,480.0,150,574500,11.92,26002.4,26500.0,26500,ATM+10,PUT,26000,2025-12-04
2025-12-04 13:16:00+05:30,477.55,478.8,474.35,476.55,1275,574500,11.72,26003.3,26500.0,26500,ATM+10,PUT,26000,2025-12-04
2025-12-04 13:17:00+05:30,475.85,480.0,475.35,480.0,1500,574050,12.11,26000.85,26500.0,26500,ATM+10,PUT,26000,2025-12-04
2025-12-04 13:18:00+05:30,477.25,477.25,470.7,476.35,750,574050,11.13,26001.5,26500.0,26500,ATM+10,PUT,26000,2025-12-04
2025-12-04 13:19:00+05:30,478.1,486.6,478.1,486.55,825,574050,12.0,25995.65,26500.0,26500,ATM+10,PUT,26000,2025-12-04
2025-12-04 13:20:00+05:30,485.75,485.75,480.7,480.7,450,574200,11.94,26001.5,26500.0,26500,ATM+10,PUT,26000,2025-12-04
2025-12-04 13:21:00+05:30,477.3,478.35,475.0,475.0,975,574200,11.83,26006.85,26500.0,26500,ATM+10,PUT,26000,2025-12-04
2025-12-04 13:22:00+05:30,475.05,475.05,466.45,466.45,2625,574200,11.72,26016.15,26500.0,26500,ATM+10,PUT,26000,2025-12-04
2025-12-04 13:23:00+05:30,462.0,465.85,461.7,465.85,1800,573750,11.69,26017.05,26500.0,26500,ATM+10,PUT,26000,2025-12-04
2025-12-04 13:24:00+05:30,466.1,466.1,458.0,458.0,2775,573750,10.54,26017.85,26500.0,26500,ATM+10,PUT,26000,2025-12-04
2025-12-04 13:25:00+05:30,458.15,462.3,456.05,462.3,1650,573750,11.18,26016.25,26500.0,26500,ATM+10,PUT,26000,2025-12-04
2025-12-04 13:26:00+05:30,464.0,464.0,462.3,462.35,225,573600,11.42,26018.15,26500.0,26500,ATM+10,PUT,26000,2025-12-04
2025-12-04 13:27:00+05:30,458.95,460.95,456.55,460.95,750,573600,11.27,26018.95,26500.0,26500,ATM+10,PUT,26000,2025-12-04
2025-12-04 13:28:00+05:30,460.35,465.5,460.35,465.5,1050,573600,11.59,26016.8,26500.0,26500,ATM+10,PUT,26000,2025-12-04
2025-12-04 13:29:00+05:30,464.1,464.1,460.9,463.45,225,573600,11.89,26015.7,26500.0,26500,ATM+10,PUT,26000,2025-12-04
2025-12-04 13:30:00+05:30,460.0,465.75,453.05,465.75,3000,573600,11.53,26015.3,26500.0,26500,ATM+10,PUT,26000,2025-12-04
2025-12-04 13:31:00+05:30,467.0,469.5,464.1,467.95,1500,573600,11.54,26013.6,26500.0,26500,ATM+10,PUT,26000,2025-12-04
2025-12-04 13:32:00+05:30,470.0,473.0,465.4,465.4,1500,573975,10.82,26011.8,26500.0,26500,ATM+10,PUT,26000,2025-12-04
2025-12-04 13:33:00+05:30,468.25,469.0,468.25,469.0,300,573975,10.93,26008.95,26500.0,26500,ATM+10,PUT,26000,2025-12-04
2025-12-04 13:34:00+05:30,473.0,481.05,472.6,481.05,1500,573975,12.15,26002.4,26500.0,26500,ATM+10,PUT,26000,2025-12-04
2025-12-04 13:35:00+05:30,482.7,492.0,482.7,490.95,5100,574350,12.04,25990.4,26500.0,26500,ATM+10,PUT,26000,2025-12-04
2025-12-04 13:36:00+05:30,493.1,500.1,493.1,499.65,6600,574350,11.87,25979.5,26500.0,26500,ATM+10,PUT,26000,2025-12-04
2025-12-04 13:37:00+05:30,499.7,505.8,498.6,505.0,7650,574350,12.18,25976.3,26500.0,26500,ATM+10,PUT,26000,2025-12-04
2025-12-04 13:38:00+05:30,503.65,503.65,497.4,497.4,2025,574425,11.72,25981.75,26500.0,26500,ATM+10,PUT,26000,2025-12-04
2025-12-04 13:39:00+05:30,499.0,501.95,499.0,501.0,1650,574425,12.17,25980.55,26500.0,26500,ATM+10,PUT,26000,2025-12-04
2025-12-04 13:40:00+05:30,501.5,504.75,501.0,501.0,1350,574425,11.93,25978.35,26500.0,26500,ATM+10,PUT,26000,2025-12-04
2025-12-04 13:41:00+05:30,460.0,470.45,460.0,468.6,1425,70650,12.17,25964.95,26450.0,26500,ATM+10,PUT,26000,2025-12-04
2025-12-04 13:42:00+05:30,469.95,469.95,460.95,460.95,750,70650,11.88,25973.25,26450.0,26500,ATM+10,PUT,26000,2025-12-04
2025-12-04 13:43:00+05:30,459.6,465.1,459.6,465.1,300,70650,12.46,25972.9,26450.0,26500,ATM+10,PUT,26000,2025-12-04
2025-12-04 13:44:00+05:30,511.9,511.9,507.85,508.15,1575,598125,12.72,25976.3,26500.0,26500,ATM+10,PUT,26000,2025-12-04
2025-12-04 13:45:00+05:30,463.45,463.45,463.45,463.45,0,70650,12.03,25972.8,26450.0,26500,ATM+10,PUT,26000,2025-12-04
2025-12-04 13:46:00+05:30,510.0,510.0,508.5,508.5,300,598125,12.76,25976.05,26500.0,26500,ATM+10,PUT,26000,2025-12-04
2025-12-04 13:47:00+05:30,508.0,510.0,507.0,507.1,975,599025,12.85,25978.2,26500.0,26500,ATM+10,PUT,26000,2025-12-04
2025-12-04 13:48:00+05:30,511.5,511.5,504.3,504.3,1575,599025,12.42,25979.4,26500.0,26500,ATM+10,PUT,26000,2025-12-04
2025-12-04 13:49:00+05:30,505.3,508.8,504.3,505.7,1275,599025,12.74,25978.65,26500.0,26500,ATM+10,PUT,26000,2025-12-04
2025-12-04 13:50:00+05:30,504.3,506.0,502.55,504.0,2100,598950,12.4,25978.55,26500.0,26500,ATM+10,PUT,26000,2025-12-04
2025-12-04 13:51:00+05:30,506.1,506.1,500.0,501.45,2625,598950,12.33,25980.5,26500.0,26500,ATM+10,PUT,26000,2025-12-04
2025-12-04 13:52:00+05:30,505.0,505.95,501.75,501.75,1575,598950,12.42,25981.55,26500.0,26500,ATM+10,PUT,26000,2025-12-04
2025-12-04 13:53:00+05:30,453.85,453.85,453.85,453.85,0,71025,10.96,25974.85,26450.0,26500,ATM+10,PUT,26000,2025-12-04
2025-12-04 13:54:00+05:30,504.95,508.05,504.95,506.2,975,597450,12.36,25975.55,26500.0,26500,ATM+10,PUT,26000,2025-12-04
2025-12-04 13:55:00+05:30,456.7,460.9,455.65,460.9,1950,70725,11.62,25971.95,26450.0,26500,ATM+10,PUT,26000,2025-12-04
2025-12-04 13:56:00+05:30,461.7,461.7,457.0,458.8,300,69150,11.45,25974.4,26450.0,26500,ATM+10,PUT,26000,2025-12-04
2025-12-04 13:57:00+05:30,511.2,513.75,507.5,509.5,1350,603825,12.8,25975.8,26500.0,26500,ATM+10,PUT,26000,2025-12-04
2025-12-04 13:58:00+05:30,454.35,454.35,454.35,454.35,150,69150,10.89,25974.05,26450.0,26500,ATM+10,PUT,26000,2025-12-04
2025-12-04 13:59:00+05:30,454.35,454.35,454.35,454.35,0,69150,10.82,25973.3,26450.0,26500,ATM+10,PUT,26000,2025-12-04
2025-12-04 14:00:00+05:30,454.35,454.35,454.35,454.35,0,69150,10.66,25972.3,26450.0,26500,ATM+10,PUT,26000,2025-12-04
2025-12-04 14:01:00+05:30,506.3,509.35,495.0,498.55,10950,603750,11.79,25979.95,26500.0,26500,ATM+10,PUT,26000,2025-12-04
2025-12-04 14:02:00+05:30,500.2,500.3,495.2,500.3,2700,597450,12.27,25980.35,26500.0,26500,ATM+10,PUT,26000,2025-12-04
2025-12-04 14:03:00+05:30,501.65,506.15,501.65,503.55,675,597450,12.54,25978.75,26500.0,26500,ATM+10,PUT,26000,2025-12-04
2025-12-04 14:04:00+05:30,495.0,495.0,492.05,493.85,1200,597450,12.11,25986.7,26500.0,26500,ATM+10,PUT,26000,2025-12-04
2025-12-04 14:05:00+05:30,494.05,501.5,494.05,500.95,975,595350,12.41,25980.35,26500.0,26500,ATM+10,PUT,26000,2025-12-04
2025-12-04 14:06:00+05:30,498.9,500.95,497.75,497.75,900,595350,12.05,25982.0,26500.0,26500,ATM+10,PUT,26000,2025-12-04
2025-12-04 14:07:00+05:30,492.0,492.95,483.55,483.55,2175,595350,11.95,25998.25,26500.0,26500,ATM+10,PUT,26000,2025-12-04
2025-12-04 14:08:00+05:30,485.25,486.95,483.3,485.85,3150,593475,12.78,26001.55,26500.0,26500,ATM+10,PUT,26000,2025-12-04
2025-12-04 14:09:00+05:30,488.5,488.5,484.65,485.75,1575,593475,13.04,26005.6,26500.0,26500,ATM+10,PUT,26000,2025-12-04
2025-12-04 14:10:00+05:30,479.55,479.95,464.05,471.5,15675,593475,12.87,26017.4,26500.0,26500,ATM+10,PUT,26000,2025-12-04
2025-12-04 14:11:00+05:30,470.0,480.95,468.0,476.0,2925,595575,12.17,26007.55,26500.0,26500,ATM+10,PUT,26000,2025-12-04
2025-12-04 14:12:00+05:30,478.6,478.6,474.65,474.8,1125,595575,12.27,26009.2,26500.0,26500,ATM+10,PUT,26000,2025-12-04
2025-12-04 14:13:00+05:30,474.65,476.6,472.0,476.6,675,595575,11.78,26004.15,26500.0,26500,ATM+10,PUT,26000,2025-12-04
2025-12-04 14:14:00+05:30,476.6,476.6,473.0,473.0,450,596100,11.12,26004.05,26500.0,26500,ATM+10,PUT,26000,2025-12-04
2025-12-04 14:15:00+05:30,474.3,476.05,471.75,475.95,3675,596100,11.14,26001.75,26500.0,26500,ATM+10,PUT,26000,2025-12-04
2025-12-04 14:16:00+05:30,480.0,483.5,478.35,478.35,2025,596100,11.68,26001.6,26500.0,26500,ATM+10,PUT,26000,2025-12-04
2025-12-04 14:17:00+05:30,475.3,475.3,468.0,469.85,975,597075,11.39,26009.45,26500.0,26500,ATM+10,PUT,26000,2025-12-04
2025-12-04 14:18:00+05:30,472.9,472.9,472.45,472.45,450,597075,11.55,26008.75,26500.0,26500,ATM+10,PUT,26000,2025-12-04
2025-12-04 14:19:00+05:30,476.5,476.5,474.1,474.55,300,597075,10.74,26001.0,26500.0,26500,ATM+10,PUT,26000,2025-12-04
2025-12-04 14:20:00+05:30,479.45,482.85,479.45,481.95,1050,597000,11.64,25997.45,26500.0,26500,ATM+10,PUT,26000,2025-12-04
2025-12-04 14:21:00+05:30,482.7,491.45,481.6,484.4,7050,597000,11.65,25995.0,26500.0,26500,ATM+10,PUT,26000,2025-12-04
2025-12-04 14:22:00+05:30,482.15,485.0,480.0,480.55,2700,597000,11.01,25995.3,26500.0,26500,ATM+10,PUT,26000,2025-12-04
2025-12-04 14:23:00+05:30,481.0,481.0,467.0,467.0,3825,597525,10.34,26007.0,26500.0,26500,ATM+10,PUT,26000,2025-12-04
2025-12-04 14:24:00+05:30,465.15,472.0,465.15,472.0,2850,597525,10.56,26002.25,26500.0,26500,ATM+10,PUT,26000,2025-12-04
2025-12-04 14:25:00+05:30,476.35,477.0,473.9,476.0,1950,597525,11.14,26000.7,26500.0,26500,ATM+10,PUT,26000,2025-12-04
2025-12-04 14:26:00+05:30,476.0,476.0,470.0,470.4,1800,595200,10.89,26006.75,26500.0,26500,ATM+10,PUT,26000,2025-12-04
2025-12-04 14:27:00+05:30,470.1,470.1,470.1,470.1,150,595200,11.01,26007.5,26500.0,26500,ATM+10,PUT,26000,2025-12-04
2025-12-04 14:28:00+05:30,470.1,470.1,470.1,470.1,0,595200,10.85,26006.15,26500.0,26500,ATM+10,PUT,26000,2025-12-04
2025-12-04 14:29:00+05:30,470.1,470.1,462.3,465.5,3300,595500,11.38,26014.0,26500.0,26500,ATM+10,PUT,26000,2025-12-04
2025-12-04 14:30:00+05:30,462.0,466.45,460.0,466.45,42675,595500,11.69,26016.25,26500.0,26500,ATM+10,PUT,26000,2025-12-04
2025-12-04 14:31:00+05:30,465.5,466.65,464.0,464.55,1125,595500,11.49,26015.55,26500.0,26500,ATM+10,PUT,26000,2025-12-04
2025-12-04 14:32:00+05:30,463.0,473.6,463.0,472.75,5325,559950,11.66,26008.7,26500.0,26500,ATM+10,PUT,26000,2025-12-04
2025-12-04 14:33:00+05:30,470.45,470.45,465.75,466.65,1125,559950,11.06,26010.1,26500.0,26500,ATM+10,PUT,26000,2025-12-04
2025-12-04 14:34:00+05:30,466.65,466.65,466.65,466.65,0,559950,10.56,26008.95,26500.0,26500,ATM+10,PUT,26000,2025-12-04
2025-12-04 14:35:00+05:30,469.75,478.0,469.75,476.75,525,563550,11.59,26003.8,26500.0,26500,ATM+10,PUT,26000,2025-12-04
2025-12-04 14:36:00+05:30,474.4,479.2,471.55,477.25,2925,563550,11.36,26000.4,26500.0,26500,ATM+10,PUT,26000,2025-12-04
2025-12-04 14:37:00+05:30,477.9,477.9,475.2,475.2,825,563550,11.41,26004.1,26500.0,26500,ATM+10,PUT,26000,2025-12-04
2025-12-04 14:38:00+05:30,469.95,470.0,463.6,463.6,7800,561375,10.89,26013.55,26500.0,26500,ATM+10,PUT,26000,2025-12-04
2025-12-04 14:39:00+05:30,464.2,464.2,459.0,464.2,1725,561375,11.1,26013.75,26500.0,26500,ATM+10,PUT,26000,2025-12-04
2025-12-04 14:40:00+05:30,463.15,463.15,460.2,461.6,1275,561375,11.11,26017.5,26500.0,26500,ATM+10,PUT,26000,2025-12-04
2025-12-04 14:41:00+05:30,461.25,463.9,458.85,463.9,1275,563325,11.15,26015.45,26500.0,26500,ATM+10,PUT,26000,2025-12-04
2025-12-04 14:42:00+05:30,461.0,468.1,457.0,466.0,1575,563325,11.4,26015.5,26500.0,26500,ATM+10,PUT,26000,2025-12-04
2025-12-04 14:43:00+05:30,469.0,469.0,467.55,467.55,900,563325,10.56,26007.85,26500.0,26500,ATM+10,PUT,26000,2025-12-04
2025-12-04 14:44:00+05:30,466.15,471.6,466.15,471.55,1725,564075,10.05,26000.6,26500.0,26500,ATM+10,PUT,26000,2025-12-04
2025-12-04 14:45:00+05:30,470.05,481.15,469.8,481.15,6975,564075,10.47,25992.35,26500.0,26500,ATM+10,PUT,26000,2025-12-04
2025-12-04 14:46:00+05:30,484.0,485.0,477.9,481.05,5325,564075,9.82,25988.7,26500.0,26500,ATM+10,PUT,26000,2025-12-04
2025-12-04 14:47:00+05:30,480.2,480.2,472.0,472.0,1950,561750,10.63,26001.55,26500.0,26500,ATM+10,PUT,26000,2025-12-04
2025-12-04 14:48:00+05:30,473.95,475.15,471.25,475.0,4425,561750,11.28,26003.3,26500.0,26500,ATM+10,PUT,26000,2025-12-04
2025-12-04 14:49:00+05:30,475.0,475.0,474.7,474.7,150,561750,11.64,26003.65,26500.0,26500,ATM+10,PUT,26000,2025-12-04
2025-12-04 14:50:00+05:30,473.85,473.85,462.6,463.25,1575,558075,11.07,26014.1,26500.0,26500,ATM+10,PUT,26000,2025-12-04
2025-12-04 14:51:00+05:30,461.8,462.1,459.35,460.0,8400,558075,11.01,26018.15,26500.0,26500,ATM+10,PUT,26000,2025-12-04
2025-12-04 14:52:00+05:30,504.25,504.25,503.35,503.35,225,24825,12.0,26026.15,26550.0,26500,ATM+10,PUT,26000,2025-12-04
2025-12-04 14:53:00+05:30,450.0,453.8,447.95,452.3,5775,564300,10.61,26023.0,26500.0,26500,ATM+10,PUT,26000,2025-12-04
2025-12-04 14:54:00+05:30,495.95,495.95,495.95,495.95,150,24375,10.35,26025.05,26550.0,26500,ATM+10,PUT,26000,2025-12-04
2025-12-04 14:55:00+05:30,493.9,493.9,493.9,493.9,150,24375,10.97,26029.45,26550.0,26500,ATM+10,PUT,26000,2025-12-04
2025-12-04 14:56:00+05:30,494.35,494.35,494.35,494.35,675,24375,12.55,26039.65,26550.0,26500,ATM+10,PUT,26000,2025-12-04
2025-12-04 14:57:00+05:30,485.5,486.45,483.2,486.45,375,24600,10.54,26036.45,26550.0,26500,ATM+10,PUT,26000,2025-12-04
2025-12-04 14:58:00+05:30,486.45,486.45,483.9,483.9,1800,24600,10.81,26039.35,26550.0,26500,ATM+10,PUT,26000,2025-12-04
2025-12-04 14:59:00+05:30,478.9,478.9,478.9,478.9,450,24600,10.3,26043.25,26550.0,26500,ATM+10,PUT,26000,2025-12-04
2025-12-04 15:00:00+05:30,481.45,481.45,473.75,476.0,1875,24300,10.67,26048.45,26550.0,26500,ATM+10,PUT,26000,2025-12-04
2025-12-04 15:01:00+05:30,478.85,479.25,474.65,476.0,525,24300,11.14,26050.5,26550.0,26500,ATM+10,PUT,26000,2025-12-04
2025-12-04 15:02:00+05:30,470.1,470.8,470.1,470.8,375,22950,11.03,26057.65,26550.0,26500,ATM+10,PUT,26000,2025-12-04
2025-12-04 15:03:00+05:30,471.0,480.1,471.0,480.1,300,22950,11.23,26047.5,26550.0,26500,ATM+10,PUT,26000,2025-12-04
2025-12-04 15:04:00+05:30,477.0,477.0,477.0,477.0,75,22950,11.01,26049.4,26550.0,26500,ATM+10,PUT,26000,2025-12-04
2025-12-04 15:05:00+05:30,477.0,477.0,477.0,477.0,0,22950,11.6,26052.75,26550.0,26500,ATM+10,PUT,26000,2025-12-04
2025-12-04 15:06:00+05:30,476.05,476.05,476.05,476.05,75,22875,11.29,26052.85,26550.0,26500,ATM+10,PUT,26000,2025-12-04
2025-12-04 15:07:00+05:30,475.5,478.35,475.5,477.25,450,22875,11.69,26052.95,26550.0,26500,ATM+10,PUT,26000,2025-12-04
2025-12-04 15:08:00+05:30,480.0,480.75,480.0,480.75,1125,22875,11.91,26051.35,26550.0,26500,ATM+10,PUT,26000,2025-12-04
2025-12-04 15:09:00+05:30,483.4,483.4,483.4,483.4,75,22350,11.58,26046.6,26550.0,26500,ATM+10,PUT,26000,2025-12-04
2025-12-04 15:10:00+05:30,481.4,481.4,481.4,481.4,75,22350,12.05,26051.4,26550.0,26500,ATM+10,PUT,26000,2025-12-04
2025-12-04 15:11:00+05:30,476.45,476.45,476.45,476.45,150,22350,11.43,26053.4,26550.0,26500,ATM+10,PUT,26000,2025-12-04
2025-12-04 15:12:00+05:30,476.1,476.15,475.95,476.15,300,22200,10.05,26045.1,26550.0,26500,ATM+10,PUT,26000,2025-12-04
2025-12-04 15:13:00+05:30,478.9,478.9,478.9,478.9,225,22200,9.52,26041.35,26550.0,26500,ATM+10,PUT,26000,2025-12-04
2025-12-04 15:14:00+05:30,478.9,478.9,478.9,478.9,0,22200,7.88,26037.7,26550.0,26500,ATM+10,PUT,26000,2025-12-04
2025-12-04 15:15:00+05:30,487.35,487.35,485.5,485.5,225,22350,10.11,26036.65,26550.0,26500,ATM+10,PUT,26000,2025-12-04
2025-12-04 15:16:00+05:30,484.0,484.0,483.55,483.55,300,22350,8.3,26032.25,26550.0,26500,ATM+10,PUT,26000,2025-12-04
2025-12-04 15:17:00+05:30,487.3,487.4,487.3,487.4,375,22350,7.43,26027.65,26550.0,26500,ATM+10,PUT,26000,2025-12-04
2025-12-04 15:18:00+05:30,493.05,495.45,493.05,494.45,300,22275,11.17,26031.0,26550.0,26500,ATM+10,PUT,26000,2025-12-04
2025-12-04 15:19:00+05:30,478.65,481.0,478.65,481.0,525,22275,10.05,26040.9,26550.0,26500,ATM+10,PUT,26000,2025-12-04
2025-12-04 15:20:00+05:30,483.7,484.15,483.7,484.1,450,22275,7.47,26032.5,26550.0,26500,ATM+10,PUT,26000,2025-12-04
2025-12-04 15:21:00+05:30,482.7,482.7,477.8,480.0,600,22425,0.0,26031.0,26550.0,26500,ATM+10,PUT,26000,2025-12-04
2025-12-04 15:22:00+05:30,433.25,435.0,432.55,435.0,9375,556500,0.0,26023.95,26500.0,26500,ATM+10,PUT,26000,2025-12-04
2025-12-04 15:23:00+05:30,485.05,485.1,481.25,481.25,825,22800,4.41,26032.1,26550.0,26500,ATM+10,PUT,26000,2025-12-04
2025-12-04 15:24:00+05:30,482.55,483.05,481.2,483.05,375,22800,6.36,26030.45,26550.0,26500,ATM+10,PUT,26000,2025-12-04
2025-12-04 15:25:00+05:30,482.85,482.85,482.4,482.4,150,22800,0.0,26026.4,26550.0,26500,ATM+10,PUT,26000,2025-12-04
2025-12-04 15:26:00+05:30,434.25,436.25,432.15,436.25,3975,561600,4.22,26023.95,26500.0,26500,ATM+10,PUT,26000,2025-12-04
2025-12-04 15:27:00+05:30,436.95,438.15,436.45,437.25,3150,561600,6.02,26018.75,26500.0,26500,ATM+10,PUT,26000,2025-12-04
2025-12-04 15:28:00+05:30,436.85,437.1,433.85,433.85,6450,561600,0.0,26015.6,26500.0,26500,ATM+10,PUT,26000,2025-12-04
2025-12-04 15:29:00+05:30,434.0,436.35,434.0,435.2,4800,557925,0.0,26017.1,26500.0,26500,ATM+10,PUT,26000,2025-12-04
