datetime,open,high,low,close,volume,oi,iv,spot,api_strike,strike,strike_label,option_type,atm,date
2025-12-02 09:15:00+05:30,0.95,1.5,0.95,1.2,2769150,5961000,20.596742,26110.2,25700.0,25700,ATM-8,PUT,26100,2025-12-02
2025-12-02 09:16:00+05:30,1.2,1.2,1.1,1.1,2116050,6179850,20.709308,26118.7,25700.0,25700,ATM-8,PUT,26100,2025-12-02
2025-12-02 09:17:00+05:30,1.35,1.4,1.3,1.35,1387800,3201375,19.522692,26127.05,25750.0,25700,ATM-8,PUT,26100,2025-12-02
2025-12-02 09:18:00+05:30,1.3,1.35,1.2,1.3,958725,3201375,20.205982,26145.25,25750.0,25700,ATM-8,PUT,26100,2025-12-02
2025-12-02 09:19:00+05:30,1.3,1.3,1.2,1.3,833175,3431925,20.059627,26141.5,25750.0,25700,ATM-8,PUT,26100,2025-12-02
2025-12-02 09:20:00+05:30,1.3,1.35,1.25,1.25,828000,3431925,20.168312,26146.45,25750.0,25700,ATM-8,PUT,26100,2025-12-02
2025-12-02 09:21:00+05:30,1.25,1.35,1.25,1.3,594525,3431925,20.259409,26145.5,25750.0,25700,ATM-8,PUT,26100,2025-12-02
2025-12-02 09:22:00+05:30,1.3,1.35,1.25,1.25,612900,3625800,20.164769,26145.7,25750.0,25700,ATM-8,PUT,26100,2025-12-02
2025-12-02 09:23:00+05:30,1.3,1.3,1.25,1.3,513075,3625800,20.545253,26151.5,25750.0,25700,ATM-8,PUT,26100,2025-12-02
2025-12-02 09:24:00+05:30,1.25,1.3,1.25,1.25,221325,3625800,20.118555,26143.95,25750.0,25700,ATM-8,PUT,26100,2025-12-02
2025-12-02 09:25:00+05:30,1.3,1.3,1.25,1.3,152700,3756375,20.301811,26145.15,25750.0,25700,ATM-8,PUT,26100,2025-12-02
2025-12-02 09:26:00+05:30,1.25,1.3,1.25,1.25,249300,3756375,20.29053,26147.3,25750.0,25700,ATM-8,PUT,26100,2025-12-02
2025-12-02 09:27:00+05:30,1.3,1.35,1.25,1.25,393900,3756375,20.352064,26148.4,25750.0,25700,ATM-8,PUT,26100,2025-12-02
2025-12-02 09:28:00+05:30,1.35,1.4,1.25,1.35,568350,3684975,20.369386,26143.05,25750.0,25700,ATM-8,PUT,26100,2025-12-02
2025-12-02 09:29:00+05:30,1.35,1.35,1.3,1.35,453375,3684975,19.826199,26130.2,25750.0,25700,ATM-8,PUT,26100,2025-12-02
2025-12-02 09:30:00+05:30,1.2,1.25,1.15,1.2,440475,6855525,21.322846,26122.1,25700.0,25700,ATM-8,PUT,26100,2025-12-02
2025-12-02 09:31:00+05:30,1.3,1.3,1.15,1.15,992400,6984300,21.04072,26118.15,25700.0,25700,ATM-8,PUT,26100,2025-12-02
2025-12-02 09:32:00+05:30,1.35,1.35,1.25,1.25,484575,3932100,19.718578,26132.0,25750.0,25700,ATM-8,PUT,26100,2025-12-02
2025-12-02 09:33:00+05:30,1.1,1.1,1.05,1.1,558900,6984300,21.057774,26121.0,25700.0,25700,ATM-8,PUT,26100,2025-12-02
2025-12-02 09:34:00+05:30,1.05,1.1,1.0,1.05,378375,7236300,20.678444,26114.9,25700.0,25700,ATM-8,PUT,26100,2025-12-02
2025-12-02 09:35:00+05:30,1.0,1.05,1.0,1.05,700275,7236300,20.741751,26116.05,25700.0,25700,ATM-8,PUT,26100,2025-12-02
2025-12-02 09:36:00+05:30,1.05,1.1,1.05,1.1,357975,7236300,20.819899,26114.3,25700.0,25700,ATM-8,PUT,26100,2025-12-02
2025-12-02 09:37:00+05:30,1.1,1.1,1.05,1.1,365775,7121625,21.095337,26120.45,25700.0,25700,ATM-8,PUT,26100,2025-12-02
2025-12-02 09:38:00+05:30,1.05,1.1,1.05,1.1,124350,7121625,20.593194,26108.25,25700.0,25700,ATM-8,PUT,26100,2025-12-02
2025-12-02 09:39:00+05:30,1.1,1.1,1.05,1.1,242175,7121625,20.63365,26108.85,25700.0,25700,ATM-8,PUT,26100,2025-12-02
2025-12-02 09:40:00+05:30,1.1,1.1,1.05,1.05,511200,7234500,20.347322,26104.95,25700.0,25700,ATM-8,PUT,26100,2025-12-02
2025-12-02 09:41:00+05:30,1.05,1.1,0.95,1.0,944025,7234500,19.827324,26095.6,25700.0,25700,ATM-8,PUT,26100,2025-12-02
2025-12-02 09:42:00+05:30,1.0,1.0,0.95,1.0,825300,7234500,19.551412,26088.75,25700.0,25700,ATM-8,PUT,26100,2025-12-02
2025-12-02 09:43:00+05:30,0.95,1.0,0.95,0.95,445950,7419975,19.53457,26091.35,25700.0,25700,ATM-8,PUT,26100,2025-12-02
2025-12-02 09:44:00+05:30,0.95,1.0,0.95,0.95,379950,7419975,19.039021,26079.3,25700.0,25700,ATM-8,PUT,26100,2025-12-02
2025-12-02 09:45:00+05:30,0.95,1.0,0.95,0.95,657675,7419975,19.353754,26086.4,25700.0,25700,ATM-8,PUT,26100,2025-12-02
2025-12-02 09:46:00+05:30,0.95,1.0,0.95,1.0,357450,7436475,19.593674,26088.4,25700.0,25700,ATM-8,PUT,26100,2025-12-02
2025-12-02 09:47:00+05:30,0.95,1.0,0.95,1.0,185700,7436475,19.854884,26094.2,25700.0,25700,ATM-8,PUT,26100,2025-12-02
2025-12-02 09:48:00+05:30,0.95,1.05,0.95,1.0,328575,7436475,19.370688,26082.5,25700.0,25700,ATM-8,PUT,26100,2025-12-02
2025-12-02 09:49:00+05:30,0.9,0.9,0.85,0.9,59625,3805500,20.826082,26072.65,25650.0,25700,ATM-8,PUT,26100,2025-12-02
2025-12-02 09:50:00+05:30,0.9,0.9,0.85,0.85,94575,3805500,20.653417,26072.0,25650.0,25700,ATM-8,PUT,26100,2025-12-02
2025-12-02 09:51:00+05:30,0.9,0.9,0.85,0.85,131850,3805500,20.643654,26071.4,25650.0,25700,ATM-8,PUT,26100,2025-12-02
2025-12-02 09:52:00+05:30,0.9,0.95,0.85,0.9,395700,3773925,20.800958,26070.95,25650.0,25700,ATM-8,PUT,26100,2025-12-02
2025-12-02 09:53:00+05:30,0.9,0.95,0.85,0.9,357225,3773925,20.833175,26071.35,25650.0,25700,ATM-8,PUT,26100,2025-12-02
2025-12-02 09:54:00+05:30,1.1,1.1,1.0,1.0,188775,7524300,19.207551,26076.7,25700.0,25700,ATM-8,PUT,26100,2025-12-02
2025-12-02 09:55:00+05:30,1.05,1.05,1.0,1.0,292875,7636050,19.619078,26085.95,25700.0,25700,ATM-8,PUT,26100,2025-12-02
2025-12-02 09:56:00+05:30,1.0,1.05,1.0,1.05,167025,7636050,19.658398,26083.35,25700.0,25700,ATM-8,PUT,26100,2025-12-02
2025-12-02 09:57:00+05:30,1.05,1.05,1.0,1.0,131625,7636050,19.631086,26085.55,25700.0,25700,ATM-8,PUT,26100,2025-12-02
2025-12-02 09:58:00+05:30,1.05,1.05,1.0,1.0,125700,7755750,19.475797,26081.6,25700.0,25700,ATM-8,PUT,26100,2025-12-02
2025-12-02 09:59:00+05:30,1.05,1.05,1.0,1.0,123675,7755750,19.210083,26075.1,25700.0,25700,ATM-8,PUT,26100,2025-12-02
2025-12-02 10:00:00+05:30,0.95,0.95,0.9,0.9,27075,3765600,20.990563,26072.5,25650.0,25700,ATM-8,PUT,26100,2025-12-02
2025-12-02 10:01:00+05:30,1.05,1.1,1.0,1.05,363075,7747650,19.449791,26076.85,25700.0,25700,ATM-8,PUT,26100,2025-12-02
2025-12-02 10:02:00+05:30,0.95,0.95,0.9,0.95,25800,3744150,21.153061,26071.9,25650.0,25700,ATM-8,PUT,26100,2025-12-02
2025-12-02 10:03:00+05:30,0.9,0.95,0.85,0.85,77100,3744150,20.782836,26070.3,25650.0,25700,ATM-8,PUT,26100,2025-12-02
2025-12-02 10:04:00+05:30,1.0,1.1,1.0,1.05,362925,7729350,19.650298,26080.45,25700.0,25700,ATM-8,PUT,26100,2025-12-02
2025-12-02 10:05:00+05:30,1.1,1.1,1.05,1.05,204900,7729350,19.649843,26080.1,25700.0,25700,ATM-8,PUT,26100,2025-12-02
2025-12-02 10:06:00+05:30,1.1,1.1,1.05,1.1,44175,7729350,19.6482,26076.7,25700.0,25700,ATM-8,PUT,26100,2025-12-02
2025-12-02 10:07:00+05:30,0.9,0.95,0.9,0.9,12450,3761550,21.097197,26072.4,25650.0,25700,ATM-8,PUT,26100,2025-12-02
2025-12-02 10:08:00+05:30,0.9,0.95,0.9,0.95,68550,3761550,21.289583,26072.85,25650.0,25700,ATM-8,PUT,26100,2025-12-02
2025-12-02 10:09:00+05:30,0.9,0.95,0.9,0.95,20850,3761550,21.320655,26073.2,25650.0,25700,ATM-8,PUT,26100,2025-12-02
2025-12-02 10:10:00+05:30,0.95,0.95,0.85,0.9,343200,3776850,20.753739,26063.2,25650.0,25700,ATM-8,PUT,26100,2025-12-02
2025-12-02 10:11:00+05:30,0.9,0.95,0.9,0.95,150150,3776850,20.720915,26058.45,25650.0,25700,ATM-8,PUT,26100,2025-12-02
2025-12-02 10:12:00+05:30,0.95,0.95,0.85,0.9,187650,3776850,20.514069,26056.85,25650.0,25700,ATM-8,PUT,26100,2025-12-02
2025-12-02 10:13:00+05:30,0.9,0.9,0.85,0.9,43650,3854025,20.604613,26058.6,25650.0,25700,ATM-8,PUT,26100,2025-12-02
2025-12-02 10:14:00+05:30,0.85,0.9,0.85,0.9,52575,3854025,20.624674,26058.7,25650.0,25700,ATM-8,PUT,26100,2025-12-02
2025-12-02 10:15:00+05:30,0.85,0.9,0.85,0.85,238275,3854025,20.422499,26057.35,25650.0,25700,ATM-8,PUT,26100,2025-12-02
2025-12-02 10:16:00+05:30,0.9,0.9,0.85,0.9,92700,3871350,20.72272,26060.25,25650.0,25700,ATM-8,PUT,26100,2025-12-02
2025-12-02 10:17:00+05:30,0.9,0.9,0.85,0.85,115650,3871350,20.118518,26049.5,25650.0,25700,ATM-8,PUT,26100,2025-12-02
2025-12-02 10:18:00+05:30,0.9,0.95,0.85,0.85,270900,3871350,20.347813,26054.5,25650.0,25700,ATM-8,PUT,26100,2025-12-02
2025-12-02 10:19:00+05:30,0.85,0.9,0.85,0.85,53475,3972975,20.707356,26062.55,25650.0,25700,ATM-8,PUT,26100,2025-12-02
2025-12-02 10:20:00+05:30,0.9,0.9,0.8,0.8,74775,3972975,20.673464,26065.35,25650.0,25700,ATM-8,PUT,26100,2025-12-02
2025-12-02 10:21:00+05:30,0.85,0.9,0.8,0.9,161775,3972975,21.163601,26068.65,25650.0,25700,ATM-8,PUT,26100,2025-12-02
2025-12-02 10:22:00+05:30,0.9,0.9,0.85,0.85,37950,3962400,21.274134,26074.7,25650.0,25700,ATM-8,PUT,26100,2025-12-02
2025-12-02 10:23:00+05:30,0.9,0.95,0.85,0.9,188625,3962400,21.329585,26071.75,25650.0,25700,ATM-8,PUT,26100,2025-12-02
2025-12-02 10:24:00+05:30,0.9,0.95,0.9,0.9,45750,3962400,21.318236,26071.1,25650.0,25700,ATM-8,PUT,26100,2025-12-02
2025-12-02 10:25:00+05:30,0.9,0.95,0.9,0.95,119025,3975975,21.629985,26074.25,25650.0,25700,ATM-8,PUT,26100,2025-12-02
2025-12-02 10:26:00+05:30,0.95,0.95,0.9,0.9,14025,3975975,21.364417,26071.4,25650.0,25700,ATM-8,PUT,26100,2025-12-02
2025-12-02 10:27:00+05:30,0.9,0.95,0.85,0.85,262050,3975975,21.138695,26069.6,25650.0,25700,ATM-8,PUT,26100,2025-12-02
2025-12-02 10:28:00+05:30,0.85,0.95,0.85,0.9,314550,3983625,21.335265,26069.95,25650.0,25700,ATM-8,PUT,26100,2025-12-02
2025-12-02 10:29:00+05:30,1.05,1.05,1.0,1.05,294225,8160825,19.957687,26078.8,25700.0,25700,ATM-8,PUT,26100,2025-12-02
2025-12-02 10:30:00+05:30,1.05,1.1,1.0,1.05,410850,8160825,19.933375,26077.9,25700.0,25700,ATM-8,PUT,26100,2025-12-02
2025-12-02 10:31:00+05:30,1.1,1.1,1.0,1.05,226275,8465250,20.224342,26084.1,25700.0,25700,ATM-8,PUT,26100,2025-12-02
2025-12-02 10:32:00+05:30,1.0,1.05,1.0,1.0,317850,8465250,19.989398,26081.6,25700.0,25700,ATM-8,PUT,26100,2025-12-02
2025-12-02 10:33:00+05:30,0.95,1.0,0.9,0.9,513750,8465250,19.76557,26082.85,25700.0,25700,ATM-8,PUT,26100,2025-12-02
2025-12-02 10:34:00+05:30,0.9,0.95,0.9,0.9,74025,8571000,19.960407,26086.95,25700.0,25700,ATM-8,PUT,26100,2025-12-02
2025-12-02 10:35:00+05:30,0.95,1.05,0.9,1.05,639450,8571000,20.55266,26090.05,25700.0,25700,ATM-8,PUT,26100,2025-12-02
2025-12-02 10:36:00+05:30,1.0,1.05,0.95,0.95,203550,8571000,20.240215,26089.15,25700.0,25700,ATM-8,PUT,26100,2025-12-02
2025-12-02 10:37:00+05:30,1.0,1.0,0.95,1.0,79800,8502975,20.155004,26083.55,25700.0,25700,ATM-8,PUT,26100,2025-12-02
2025-12-02 10:38:00+05:30,1.0,1.05,0.95,0.95,585750,8502975,20.062881,26084.4,25700.0,25700,ATM-8,PUT,26100,2025-12-02
2025-12-02 10:39:00+05:30,0.95,1.0,0.95,1.0,135000,8502975,20.167032,26083.1,25700.0,25700,ATM-8,PUT,26100,2025-12-02
2025-12-02 10:40:00+05:30,0.95,1.0,0.95,1.0,205425,8746125,20.176433,26082.95,25700.0,25700,ATM-8,PUT,26100,2025-12-02
2025-12-02 10:41:00+05:30,0.95,1.0,0.95,1.0,301950,8746125,20.441531,26088.55,25700.0,25700,ATM-8,PUT,26100,2025-12-02
2025-12-02 10:42:00+05:30,0.95,1.0,0.95,0.95,275400,8746125,20.257492,26087.35,25700.0,25700,ATM-8,PUT,26100,2025-12-02
2025-12-02 10:43:00+05:30,1.0,1.0,0.9,0.9,110850,8956125,19.865856,26081.55,25700.0,25700,ATM-8,PUT,26100,2025-12-02
2025-12-02 10:44:00+05:30,0.85,0.85,0.8,0.85,41175,4084800,21.644382,26074.65,25650.0,25700,ATM-8,PUT,26100,2025-12-02
2025-12-02 10:45:00+05:30,0.95,1.0,0.9,0.95,271050,8956125,19.817721,26076.35,25700.0,25700,ATM-8,PUT,26100,2025-12-02
2025-12-02 10:46:00+05:30,0.8,0.85,0.8,0.8,42000,4080150,21.294245,26069.8,25650.0,25700,ATM-8,PUT,26100,2025-12-02
2025-12-02 10:47:00+05:30,0.85,0.85,0.8,0.85,11175,4080150,21.568392,26071.7,25650.0,25700,ATM-8,PUT,26100,2025-12-02
2025-12-02 10:48:00+05:30,0.85,0.85,0.8,0.8,15450,4080150,21.525525,26074.35,25650.0,25700,ATM-8,PUT,26100,2025-12-02
2025-12-02 10:49:00+05:30,0.95,0.95,0.9,0.9,94275,9175800,19.764724,26077.1,25700.0,25700,ATM-8,PUT,26100,2025-12-02
2025-12-02 10:50:00+05:30,0.95,0.95,0.9,0.9,156375,9175800,20.358977,26090.15,25700.0,25700,ATM-8,PUT,26100,2025-12-02
2025-12-02 10:51:00+05:30,0.95,0.95,0.9,0.9,520425,9175800,20.55684,26094.25,25700.0,25700,ATM-8,PUT,26100,2025-12-02
2025-12-02 10:52:00+05:30,0.85,0.95,0.85,0.85,807525,9301500,20.583852,26098.15,25700.0,25700,ATM-8,PUT,26100,2025-12-02
2025-12-02 10:53:00+05:30,0.85,0.9,0.85,0.9,382800,9301500,20.676589,26096.2,25700.0,25700,ATM-8,PUT,26100,2025-12-02
2025-12-02 10:54:00+05:30,0.85,0.9,0.85,0.85,174600,9301500,20.353202,26092.15,25700.0,25700,ATM-8,PUT,26100,2025-12-02
2025-12-02 10:55:00+05:30,0.85,0.9,0.8,0.85,208725,9374925,20.33673,26091.4,25700.0,25700,ATM-8,PUT,26100,2025-12-02
2025-12-02 10:56:00+05:30,0.85,0.9,0.8,0.85,561600,9374925,20.393104,26092.3,25700.0,25700,ATM-8,PUT,26100,2025-12-02
2025-12-02 10:57:00+05:30,0.85,0.85,0.8,0.85,53700,9374925,20.354575,26091.05,25700.0,25700,ATM-8,PUT,26100,2025-12-02
2025-12-02 10:58:00+05:30,0.8,0.85,0.8,0.8,33525,9402750,20.131288,26089.4,25700.0,25700,ATM-8,PUT,26100,2025-12-02
2025-12-02 10:59:00+05:30,0.8,0.85,0.8,0.85,65775,9402750,20.704197,26098.2,25700.0,25700,ATM-8,PUT,26100,2025-12-02
2025-12-02 11:00:00+05:30,0.85,0.9,0.8,0.85,525525,9402750,20.471304,26092.55,25700.0,25700,ATM-8,PUT,26100,2025-12-02
2025-12-02 11:01:00+05:30,0.9,0.9,0.85,0.85,165225,9406875,20.186484,26085.75,25700.0,25700,ATM-8,PUT,26100,2025-12-02
2025-12-02 11:02:00+05:30,0.85,0.9,0.85,0.85,47625,9406875,20.540559,26093.35,25700.0,25700,ATM-8,PUT,26100,2025-12-02
2025-12-02 11:03:00+05:30,0.85,0.9,0.85,0.9,134625,9406875,20.833746,26095.9,25700.0,25700,ATM-8,PUT,26100,2025-12-02
2025-12-02 11:04:00+05:30,0.9,0.9,0.8,0.8,105825,9426975,20.612951,26098.05,25700.0,25700,ATM-8,PUT,26100,2025-12-02
2025-12-02 11:05:00+05:30,0.85,0.9,0.8,0.85,235125,9426975,20.658417,26094.85,25700.0,25700,ATM-8,PUT,26100,2025-12-02
2025-12-02 11:06:00+05:30,0.9,0.9,0.85,0.85,128250,9426975,20.708926,26095.6,25700.0,25700,ATM-8,PUT,26100,2025-12-02
2025-12-02 11:07:00+05:30,0.8,0.85,0.8,0.85,103725,9431550,20.710628,26095.25,25700.0,25700,ATM-8,PUT,26100,2025-12-02
2025-12-02 11:08:00+05:30,0.85,0.85,0.8,0.8,37650,9431550,20.455986,26092.95,25700.0,25700,ATM-8,PUT,26100,2025-12-02
2025-12-02 11:09:00+05:30,0.85,0.85,0.8,0.8,40050,9431550,20.641471,26096.75,25700.0,25700,ATM-8,PUT,26100,2025-12-02
2025-12-02 11:10:00+05:30,0.8,0.85,0.8,0.85,69000,9404400,20.762637,26095.25,25700.0,25700,ATM-8,PUT,26100,2025-12-02
2025-12-02 11:11:00+05:30,0.85,0.9,0.8,0.85,411300,9404400,20.728688,26094.1,25700.0,25700,ATM-8,PUT,26100,2025-12-02
2025-12-02 11:12:00+05:30,0.85,0.85,0.8,0.85,205800,9404400,20.64547,26091.85,25700.0,25700,ATM-8,PUT,26100,2025-12-02
2025-12-02 11:13:00+05:30,0.85,0.85,0.8,0.85,95250,9336225,20.362491,26085.15,25700.0,25700,ATM-8,PUT,26100,2025-12-02
2025-12-02 11:14:00+05:30,0.8,0.85,0.8,0.8,80775,9336225,20.015104,26080.75,25700.0,25700,ATM-8,PUT,26100,2025-12-02
2025-12-02 11:15:00+05:30,0.85,0.85,0.8,0.8,134025,9336225,20.047665,26081.1,25700.0,25700,ATM-8,PUT,26100,2025-12-02
2025-12-02 11:16:00+05:30,0.8,0.85,0.8,0.8,214350,9352050,19.833928,26075.95,25700.0,25700,ATM-8,PUT,26100,2025-12-02
2025-12-02 11:17:00+05:30,0.8,0.85,0.8,0.8,50625,9352050,20.021154,26079.75,25700.0,25700,ATM-8,PUT,26100,2025-12-02
2025-12-02 11:18:00+05:30,0.8,0.85,0.8,0.85,120975,9352050,20.257123,26080.9,25700.0,25700,ATM-8,PUT,26100,2025-12-02
2025-12-02 11:19:00+05:30,0.85,0.85,0.8,0.8,83625,9503100,20.120264,26081.2,25700.0,25700,ATM-8,PUT,26100,2025-12-02
2025-12-02 11:20:00+05:30,0.85,0.85,0.8,0.8,26400,9503100,19.928411,26076.55,25700.0,25700,ATM-8,PUT,26100,2025-12-02
2025-12-02 11:21:00+05:30,0.85,0.85,0.8,0.85,25275,9503100,20.055335,26075.3,25700.0,25700,ATM-8,PUT,26100,2025-12-02
2025-12-02 11:22:00+05:30,0.75,0.75,0.7,0.7,8250,4225875,21.601476,26070.8,25650.0,25700,ATM-8,PUT,26100,2025-12-02
2025-12-02 11:23:00+05:30,0.75,0.75,0.7,0.7,35625,4225875,21.688128,26072.35,25650.0,25700,ATM-8,PUT,26100,2025-12-02
2025-12-02 11:24:00+05:30,0.85,0.9,0.85,0.85,297150,9447375,20.413325,26082.05,25700.0,25700,ATM-8,PUT,26100,2025-12-02
2025-12-02 11:25:00+05:30,0.9,0.9,0.75,0.75,340575,9433200,20.160119,26083.7,25700.0,25700,ATM-8,PUT,26100,2025-12-02
2025-12-02 11:26:00+05:30,0.75,0.8,0.7,0.75,631200,9433200,19.888171,26077.25,25700.0,25700,ATM-8,PUT,26100,2025-12-02
2025-12-02 11:27:00+05:30,0.7,0.7,0.65,0.7,13350,4225050,21.789458,26072.95,25650.0,25700,ATM-8,PUT,26100,2025-12-02
2025-12-02 11:28:00+05:30,0.7,0.7,0.65,0.65,10425,4242075,21.530467,26071.35,25650.0,25700,ATM-8,PUT,26100,2025-12-02
2025-12-02 11:29:00+05:30,0.65,0.7,0.65,0.7,11775,4242075,21.62599,26068.4,25650.0,25700,ATM-8,PUT,26100,2025-12-02
2025-12-02 11:30:00+05:30,0.7,0.75,0.65,0.75,193125,4242075,21.767936,26066.75,25650.0,25700,ATM-8,PUT,26100,2025-12-02
2025-12-02 11:31:00+05:30,0.7,0.75,0.7,0.7,12750,4234725,21.619306,26067.4,25650.0,25700,ATM-8,PUT,26100,2025-12-02
2025-12-02 11:32:00+05:30,0.75,0.75,0.65,0.7,209475,4234725,21.664725,26068.0,25650.0,25700,ATM-8,PUT,26100,2025-12-02
2025-12-02 11:33:00+05:30,0.65,0.7,0.65,0.65,31950,4234725,21.481095,26068.1,25650.0,25700,ATM-8,PUT,26100,2025-12-02
2025-12-02 11:34:00+05:30,0.7,0.7,0.65,0.7,50775,4253475,21.644818,26066.7,25650.0,25700,ATM-8,PUT,26100,2025-12-02
2025-12-02 11:35:00+05:30,0.7,0.7,0.65,0.65,58950,4253475,21.461277,26066.8,25650.0,25700,ATM-8,PUT,26100,2025-12-02
2025-12-02 11:36:00+05:30,0.65,0.7,0.65,0.65,27675,4253475,21.427109,26065.6,25650.0,25700,ATM-8,PUT,26100,2025-12-02
2025-12-02 11:37:00+05:30,0.65,0.7,0.65,0.7,25950,4200525,21.730808,26067.35,25650.0,25700,ATM-8,PUT,26100,2025-12-02
2025-12-02 11:38:00+05:30,0.65,0.7,0.65,0.65,26025,4200525,21.794453,26073.05,25650.0,25700,ATM-8,PUT,26100,2025-12-02
2025-12-02 11:39:00+05:30,0.65,0.7,0.65,0.65,7500,4200525,21.760599,26071.85,25650.0,25700,ATM-8,PUT,26100,2025-12-02
2025-12-02 11:40:00+05:30,0.65,0.7,0.65,0.65,17325,4195575,21.726659,26070.65,25650.0,25700,ATM-8,PUT,26100,2025-12-02
2025-12-02 11:41:00+05:30,0.7,0.7,0.65,0.65,12900,4195575,21.448468,26063.95,25650.0,25700,ATM-8,PUT,26100,2025-12-02
2025-12-02 11:42:00+05:30,0.65,0.7,0.65,0.7,6975,4195575,21.674749,26063.95,25650.0,25700,ATM-8,PUT,26100,2025-12-02
2025-12-02 11:43:00+05:30,0.7,0.7,0.65,0.65,5550,4195575,21.493236,26064.1,25650.0,25700,ATM-8,PUT,26100,2025-12-02
2025-12-02 11:44:00+05:30,0.7,0.7,0.65,0.7,8400,4196325,21.684188,26063.3,25650.0,25700,ATM-8,PUT,26100,2025-12-02
2025-12-02 11:45:00+05:30,0.7,0.7,0.65,0.65,14775,4196325,21.446786,26062.2,25650.0,25700,ATM-8,PUT,26100,2025-12-02
2025-12-02 11:46:00+05:30,0.7,0.75,0.65,0.75,199350,4191150,21.850564,26061.75,25650.0,25700,ATM-8,PUT,26100,2025-12-02
2025-12-02 11:47:00+05:30,0.7,0.75,0.7,0.75,16350,4191150,21.833843,26060.95,25650.0,25700,ATM-8,PUT,26100,2025-12-02
2025-12-02 11:48:00+05:30,0.75,0.75,0.7,0.75,14325,4191150,21.946485,26063.0,25650.0,25700,ATM-8,PUT,26100,2025-12-02
2025-12-02 11:49:00+05:30,0.75,0.75,0.65,0.7,87450,4194975,22.040512,26069.05,25650.0,25700,ATM-8,PUT,26100,2025-12-02
2025-12-02 11:50:00+05:30,0.75,0.75,0.65,0.65,36825,4194975,21.61929,26063.9,25650.0,25700,ATM-8,PUT,26100,2025-12-02
2025-12-02 11:51:00+05:30,0.7,0.7,0.65,0.65,20625,4194975,21.585013,26062.7,25650.0,25700,ATM-8,PUT,26100,2025-12-02
2025-12-02 11:52:00+05:30,0.65,0.7,0.65,0.7,33600,4192350,21.700081,26060.2,25650.0,25700,ATM-8,PUT,26100,2025-12-02
2025-12-02 11:53:00+05:30,0.7,0.7,0.65,0.65,11850,4192350,21.399175,26057.7,25650.0,25700,ATM-8,PUT,26100,2025-12-02
2025-12-02 11:54:00+05:30,0.65,0.7,0.6,0.65,342675,4192350,21.217994,26053.25,25650.0,25700,ATM-8,PUT,26100,2025-12-02
2025-12-02 11:55:00+05:30,0.7,0.7,0.65,0.65,15225,4108500,20.984274,26047.65,25650.0,25700,ATM-8,PUT,26100,2025-12-02
2025-12-02 11:56:00+05:30,0.65,0.7,0.65,0.65,51075,4108500,20.96263,26046.75,25650.0,25700,ATM-8,PUT,26100,2025-12-02
2025-12-02 11:57:00+05:30,0.65,0.7,0.65,0.65,12825,4108500,21.056459,26048.4,25650.0,25700,ATM-8,PUT,26100,2025-12-02
2025-12-02 11:58:00+05:30,0.65,0.7,0.65,0.65,12375,4112625,21.234288,26051.9,25650.0,25700,ATM-8,PUT,26100,2025-12-02
2025-12-02 11:59:00+05:30,0.7,0.7,0.6,0.6,55125,4112625,21.119371,26053.75,25650.0,25700,ATM-8,PUT,26100,2025-12-02
2025-12-02 12:00:00+05:30,0.6,0.7,0.6,0.7,114300,4112625,21.246435,26046.8,25650.0,25700,ATM-8,PUT,26100,2025-12-02
2025-12-02 12:01:00+05:30,0.65,0.7,0.65,0.65,29925,4103850,20.963161,26044.65,25650.0,25700,ATM-8,PUT,26100,2025-12-02
2025-12-02 12:02:00+05:30,0.65,0.7,0.65,0.65,63525,4103850,21.282763,26051.25,25650.0,25700,ATM-8,PUT,26100,2025-12-02
2025-12-02 12:03:00+05:30,0.65,0.7,0.6,0.65,168300,4103850,21.502475,26055.65,25650.0,25700,ATM-8,PUT,26100,2025-12-02
2025-12-02 12:04:00+05:30,0.7,0.7,0.65,0.7,21600,4092525,21.584222,26052.45,25650.0,25700,ATM-8,PUT,26100,2025-12-02
2025-12-02 12:05:00+05:30,0.7,0.7,0.65,0.7,35400,4092525,21.144316,26042.45,25650.0,25700,ATM-8,PUT,26100,2025-12-02
2025-12-02 12:06:00+05:30,0.65,0.7,0.65,0.65,8625,4092525,21.149233,26046.6,25650.0,25700,ATM-8,PUT,26100,2025-12-02
2025-12-02 12:07:00+05:30,0.65,0.7,0.65,0.65,50550,4096500,21.591357,26055.85,25650.0,25700,ATM-8,PUT,26100,2025-12-02
2025-12-02 12:08:00+05:30,0.6,0.7,0.6,0.65,142875,4096500,21.415082,26051.55,25650.0,25700,ATM-8,PUT,26100,2025-12-02
2025-12-02 12:09:00+05:30,0.65,0.7,0.65,0.65,79200,4096500,21.585921,26054.85,25650.0,25700,ATM-8,PUT,26100,2025-12-02
2025-12-02 12:10:00+05:30,0.65,0.7,0.65,0.7,28575,4096500,21.716455,26052.7,25650.0,25700,ATM-8,PUT,26100,2025-12-02
2025-12-02 12:11:00+05:30,0.7,0.7,0.65,0.7,18675,4129125,21.89137,26056.05,25650.0,25700,ATM-8,PUT,26100,2025-12-02
2025-12-02 12:12:00+05:30,0.65,0.7,0.65,0.65,19500,4129125,21.81839,26058.6,25650.0,25700,ATM-8,PUT,26100,2025-12-02
2025-12-02 12:13:00+05:30,0.65,0.7,0.65,0.7,4725,4129125,21.953312,26056.5,25650.0,25700,ATM-8,PUT,26100,2025-12-02
2025-12-02 12:14:00+05:30,0.65,0.7,0.65,0.65,13200,4132275,21.535684,26051.55,25650.0,25700,ATM-8,PUT,26100,2025-12-02
2025-12-02 12:15:00+05:30,0.7,0.7,0.65,0.7,14850,4132275,21.818666,26052.7,25650.0,25700,ATM-8,PUT,26100,2025-12-02
2025-12-02 12:16:00+05:30,0.7,0.75,0.65,0.7,99450,4132275,21.681464,26049.3,25650.0,25700,ATM-8,PUT,26100,2025-12-02
2025-12-02 12:17:00+05:30,0.7,0.75,0.7,0.7,35850,4141350,22.235678,26060.8,25650.0,25700,ATM-8,PUT,26100,2025-12-02
2025-12-02 12:18:00+05:30,0.7,0.7,0.65,0.65,5925,4141350,21.935388,26058.45,25650.0,25700,ATM-8,PUT,26100,2025-12-02
2025-12-02 12:19:00+05:30,0.65,0.7,0.65,0.65,18150,4141350,21.86402,26056.45,25650.0,25700,ATM-8,PUT,26100,2025-12-02
2025-12-02 12:20:00+05:30,0.65,0.7,0.65,0.7,3900,4139250,22.173656,26058.1,25650.0,25700,ATM-8,PUT,26100,2025-12-02
2025-12-02 12:21:00+05:30,0.7,0.7,0.65,0.7,37275,4139250,22.187838,26057.95,25650.0,25700,ATM-8,PUT,26100,2025-12-02
2025-12-02 12:22:00+05:30,0.65,0.7,0.65,0.65,13200,4139250,22.083872,26059.85,25650.0,25700,ATM-8,PUT,26100,2025-12-02
2025-12-02 12:23:00+05:30,0.65,0.7,0.65,0.65,121350,4095750,22.021793,26058.05,25650.0,25700,ATM-8,PUT,26100,2025-12-02
2025-12-02 12:24:00+05:30,0.65,0.7,0.65,0.65,54825,4095750,22.364572,26065.0,25650.0,25700,ATM-8,PUT,26100,2025-12-02
2025-12-02 12:25:00+05:30,0.65,0.7,0.65,0.7,67200,4095750,22.497237,26062.75,25650.0,25700,ATM-8,PUT,26100,2025-12-02
2025-12-02 12:26:00+05:30,0.7,0.7,0.65,0.65,11850,4077450,22.303385,26062.75,25650.0,25700,ATM-8,PUT,26100,2025-12-02
2025-12-02 12:27:00+05:30,0.65,0.7,0.65,0.65,7575,4077450,22.269262,26061.55,25650.0,25700,ATM-8,PUT,26100,2025-12-02
2025-12-02 12:28:00+05:30,0.7,0.7,0.65,0.7,71550,4077450,22.417287,26059.65,25650.0,25700,ATM-8,PUT,26100,2025-12-02
2025-12-02 12:29:00+05:30,0.65,0.7,0.65,0.65,5175,4086075,22.540222,26066.45,25650.0,25700,ATM-8,PUT,26100,2025-12-02
2025-12-02 12:30:00+05:30,0.65,0.7,0.65,0.7,13050,4086075,22.768017,26066.2,25650.0,25700,ATM-8,PUT,26100,2025-12-02
2025-12-02 12:31:00+05:30,0.7,0.7,0.65,0.65,10800,4086075,22.446668,26063.5,25650.0,25700,ATM-8,PUT,26100,2025-12-02
2025-12-02 12:32:00+05:30,0.65,0.7,0.65,0.65,57525,4084950,22.568771,26065.65,25650.0,25700,ATM-8,PUT,26100,2025-12-02
2025-12-02 12:33:00+05:30,0.65,0.7,0.65,0.65,68550,4084950,22.903035,26072.35,25650.0,25700,ATM-8,PUT,26100,2025-12-02
2025-12-02 12:34:00+05:30,0.65,0.7,0.6,0.6,235800,4084950,22.757709,26073.75,25650.0,25700,ATM-8,PUT,26100,2025-12-02
2025-12-02 12:35:00+05:30,0.6,0.65,0.6,0.65,210900,9191025,21.089757,26083.6,25700.0,25700,ATM-8,PUT,26100,2025-12-02
2025-12-02 12:36:00+05:30,0.65,0.7,0.6,0.65,458475,9191025,20.924167,26079.65,25700.0,25700,ATM-8,PUT,26100,2025-12-02
2025-12-02 12:37:00+05:30,0.65,0.7,0.65,0.7,66600,9191025,21.06468,26077.85,25700.0,25700,ATM-8,PUT,26100,2025-12-02
2025-12-02 12:38:00+05:30,0.6,0.65,0.6,0.65,35400,4067475,23.011219,26072.25,25650.0,25700,ATM-8,PUT,26100,2025-12-02
2025-12-02 12:39:00+05:30,0.65,0.65,0.6,0.65,7725,4067475,23.036327,26072.3,25650.0,25700,ATM-8,PUT,26100,2025-12-02
2025-12-02 12:40:00+05:30,0.6,0.65,0.6,0.6,15075,4067475,22.876419,26073.4,25650.0,25700,ATM-8,PUT,26100,2025-12-02
2025-12-02 12:41:00+05:30,0.65,0.65,0.6,0.6,5325,4067625,22.573059,26066.4,25650.0,25700,ATM-8,PUT,26100,2025-12-02
2025-12-02 12:42:00+05:30,0.6,0.65,0.6,0.6,104175,4067625,22.406383,26062.35,25650.0,25700,ATM-8,PUT,26100,2025-12-02
2025-12-02 12:43:00+05:30,0.6,0.6,0.6,0.6,15600,4067625,22.393625,26061.6,25650.0,25700,ATM-8,PUT,26100,2025-12-02
2025-12-02 12:44:00+05:30,0.65,0.65,0.6,0.65,15525,4049550,22.599588,26060.6,25650.0,25700,ATM-8,PUT,26100,2025-12-02
2025-12-02 12:45:00+05:30,0.65,0.65,0.6,0.6,51825,4049550,22.354067,26059.8,25650.0,25700,ATM-8,PUT,26100,2025-12-02
2025-12-02 12:46:00+05:30,0.6,0.65,0.55,0.55,116250,4049550,21.915665,26055.15,25650.0,25700,ATM-8,PUT,26100,2025-12-02
2025-12-02 12:47:00+05:30,0.6,0.6,0.55,0.55,3750,4038450,21.982028,26056.1,25650.0,25700,ATM-8,PUT,26100,2025-12-02
2025-12-02 12:48:00+05:30,0.6,0.6,0.55,0.6,10725,4038450,22.183758,26054.75,25650.0,25700,ATM-8,PUT,26100,2025-12-02
2025-12-02 12:49:00+05:30,0.55,0.6,0.5,0.5,152325,4038450,21.456566,26049.4,25650.0,25700,ATM-8,PUT,26100,2025-12-02
2025-12-02 12:50:00+05:30,0.5,0.55,0.5,0.5,16950,4033350,21.517708,26050.25,25650.0,25700,ATM-8,PUT,26100,2025-12-02
2025-12-02 12:51:00+05:30,0.5,0.6,0.5,0.6,164475,4033350,22.04547,26050.4,25650.0,25700,ATM-8,PUT,26100,2025-12-02
2025-12-02 12:52:00+05:30,0.6,0.6,0.55,0.55,5100,4033350,21.795437,26049.75,25650.0,25700,ATM-8,PUT,26100,2025-12-02
2025-12-02 12:53:00+05:30,0.55,0.6,0.55,0.55,18525,4040325,21.796427,26049.3,25650.0,25700,ATM-8,PUT,26100,2025-12-02
2025-12-02 12:54:00+05:30,0.55,0.6,0.55,0.55,150150,4040325,21.564288,26043.9,25650.0,25700,ATM-8,PUT,26100,2025-12-02
2025-12-02 12:55:00+05:30,0.55,0.55,0.5,0.55,24750,4040325,21.612294,26044.45,25650.0,25700,ATM-8,PUT,26100,2025-12-02
2025-12-02 12:56:00+05:30,0.55,0.6,0.5,0.55,209025,4053375,21.459511,26040.75,25650.0,25700,ATM-8,PUT,26100,2025-12-02
2025-12-02 12:57:00+05:30,0.55,0.6,0.55,0.55,106125,4053375,21.386826,26038.75,25650.0,25700,ATM-8,PUT,26100,2025-12-02
2025-12-02 12:58:00+05:30,0.55,0.6,0.55,0.55,22275,4053375,21.513082,26040.95,25650.0,25700,ATM-8,PUT,26100,2025-12-02
2025-12-02 12:59:00+05:30,0.55,0.6,0.55,0.6,40875,4062600,21.786891,26041.2,25650.0,25700,ATM-8,PUT,26100,2025-12-02
2025-12-02 13:00:00+05:30,0.55,0.6,0.55,0.6,218625,4062600,21.79744,26040.95,25650.0,25700,ATM-8,PUT,26100,2025-12-02
2025-12-02 13:01:00+05:30,0.55,0.6,0.55,0.55,15225,4062600,21.415749,26037.5,25650.0,25700,ATM-8,PUT,26100,2025-12-02
2025-12-02 13:02:00+05:30,0.55,0.6,0.55,0.6,15225,4061400,21.756196,26039.15,25650.0,25700,ATM-8,PUT,26100,2025-12-02
2025-12-02 13:03:00+05:30,0.6,0.6,0.55,0.55,9750,4061400,21.517382,26038.7,25650.0,25700,ATM-8,PUT,26100,2025-12-02
2025-12-02 13:04:00+05:30,0.55,0.6,0.55,0.55,43875,4061400,21.759131,26043.3,25650.0,25700,ATM-8,PUT,26100,2025-12-02
2025-12-02 13:05:00+05:30,0.55,0.6,0.55,0.6,67200,4063950,21.619347,26034.9,25650.0,25700,ATM-8,PUT,26100,2025-12-02
2025-12-02 13:06:00+05:30,0.6,0.6,0.55,0.55,27975,4063950,21.415007,26035.15,25650.0,25700,ATM-8,PUT,26100,2025-12-02
2025-12-02 13:07:00+05:30,0.6,0.6,0.5,0.5,50475,4063950,21.38901,26039.5,25650.0,25700,ATM-8,PUT,26100,2025-12-02
2025-12-02 13:08:00+05:30,0.5,0.55,0.5,0.5,14775,4074825,21.598831,26043.45,25650.0,25700,ATM-8,PUT,26100,2025-12-02
2025-12-02 13:09:00+05:30,0.55,0.55,0.5,0.5,41175,4074825,22.00307,26051.5,25650.0,25700,ATM-8,PUT,26100,2025-12-02
2025-12-02 13:10:00+05:30,0.5,0.55,0.5,0.55,77175,4074825,21.682917,26038.85,25650.0,25700,ATM-8,PUT,26100,2025-12-02
2025-12-02 13:11:00+05:30,0.5,0.55,0.5,0.5,43050,4076925,21.431645,26038.5,25650.0,25700,ATM-8,PUT,26100,2025-12-02
2025-12-02 13:12:00+05:30,0.5,0.55,0.5,0.5,16050,4076925,21.425785,26037.9,25650.0,25700,ATM-8,PUT,26100,2025-12-02
2025-12-02 13:13:00+05:30,0.5,0.55,0.5,0.55,329325,4076925,21.785628,26039.55,25650.0,25700,ATM-8,PUT,26100,2025-12-02
2025-12-02 13:14:00+05:30,0.5,0.55,0.5,0.55,40275,4075425,21.627893,26035.8,25650.0,25700,ATM-8,PUT,26100,2025-12-02
2025-12-02 13:15:00+05:30,0.5,0.55,0.5,0.55,27225,4075425,21.682349,26036.45,25650.0,25700,ATM-8,PUT,26100,2025-12-02
2025-12-02 13:16:00+05:30,0.5,0.55,0.5,0.55,31875,4075425,21.543401,26033.1,25650.0,25700,ATM-8,PUT,26100,2025-12-02
2025-12-02 13:17:00+05:30,0.55,0.55,0.5,0.5,80025,4057050,21.309899,26033.1,25650.0,25700,ATM-8,PUT,26100,2025-12-02
2025-12-02 13:18:00+05:30,0.55,0.55,0.5,0.55,31275,4057050,21.684172,26035.05,25650.0,25700,ATM-8,PUT,26100,2025-12-02
2025-12-02 13:19:00+05:30,0.5,0.55,0.45,0.5,197625,4057050,21.447113,26035.0,25650.0,25700,ATM-8,PUT,26100,2025-12-02
2025-12-02 13:20:00+05:30,0.5,0.5,0.45,0.45,24525,4052550,21.143334,26033.95,25650.0,25700,ATM-8,PUT,26100,2025-12-02
2025-12-02 13:21:00+05:30,0.45,0.5,0.45,0.45,31875,4052550,21.180516,26034.25,25650.0,25700,ATM-8,PUT,26100,2025-12-02
2025-12-02 13:22:00+05:30,0.45,0.5,0.45,0.45,8475,4052550,21.425357,26038.9,25650.0,25700,ATM-8,PUT,26100,2025-12-02
2025-12-02 13:23:00+05:30,0.45,0.5,0.45,0.5,13875,4040475,22.036685,26045.3,25650.0,25700,ATM-8,PUT,26100,2025-12-02
2025-12-02 13:24:00+05:30,0.45,0.5,0.45,0.5,20475,4040475,22.082355,26045.75,25650.0,25700,ATM-8,PUT,26100,2025-12-02
2025-12-02 13:25:00+05:30,0.5,0.5,0.45,0.45,25350,4040475,21.631625,26041.75,25650.0,25700,ATM-8,PUT,26100,2025-12-02
2025-12-02 13:26:00+05:30,0.45,0.5,0.45,0.5,19425,4020825,21.934846,26041.7,25650.0,25700,ATM-8,PUT,26100,2025-12-02
2025-12-02 13:27:00+05:30,0.5,0.5,0.45,0.45,24300,4020825,21.571083,26039.5,25650.0,25700,ATM-8,PUT,26100,2025-12-02
2025-12-02 13:28:00+05:30,0.5,0.5,0.45,0.5,11100,4020825,21.822866,26038.4,25650.0,25700,ATM-8,PUT,26100,2025-12-02
2025-12-02 13:29:00+05:30,0.5,0.5,0.45,0.5,28050,4019250,21.698691,26035.35,25650.0,25700,ATM-8,PUT,26100,2025-12-02
2025-12-02 13:30:00+05:30,0.45,0.5,0.45,0.5,8100,4019250,21.683681,26034.55,25650.0,25700,ATM-8,PUT,26100,2025-12-02
2025-12-02 13:31:00+05:30,0.5,0.5,0.45,0.45,16875,4019250,21.425195,26034.5,25650.0,25700,ATM-8,PUT,26100,2025-12-02
2025-12-02 13:32:00+05:30,0.5,0.5,0.45,0.5,268875,4025625,21.829163,26036.55,25650.0,25700,ATM-8,PUT,26100,2025-12-02
2025-12-02 13:33:00+05:30,0.5,0.55,0.45,0.45,50850,4025625,21.726316,26039.75,25650.0,25700,ATM-8,PUT,26100,2025-12-02
2025-12-02 13:34:00+05:30,0.5,0.5,0.45,0.45,2475,4025625,21.78915,26040.55,25650.0,25700,ATM-8,PUT,26100,2025-12-02
2025-12-02 13:35:00+05:30,0.45,0.5,0.45,0.5,34650,4032150,22.002366,26038.6,25650.0,25700,ATM-8,PUT,26100,2025-12-02
2025-12-02 13:36:00+05:30,0.45,0.5,0.45,0.45,16575,4032150,21.309185,26029.65,25650.0,25700,ATM-8,PUT,26100,2025-12-02
2025-12-02 13:37:00+05:30,0.5,0.5,0.45,0.5,44325,4032150,21.683662,26031.1,25650.0,25700,ATM-8,PUT,26100,2025-12-02
2025-12-02 13:38:00+05:30,0.45,0.5,0.45,0.45,16350,4006350,22.049245,26043.9,25650.0,25700,ATM-8,PUT,26100,2025-12-02
2025-12-02 13:39:00+05:30,0.5,0.5,0.45,0.45,5850,4006350,21.656154,26035.3,25650.0,25700,ATM-8,PUT,26100,2025-12-02
2025-12-02 13:40:00+05:30,0.45,0.5,0.45,0.45,10950,4006350,21.746296,26036.65,25650.0,25700,ATM-8,PUT,26100,2025-12-02
2025-12-02 13:41:00+05:30,0.45,0.5,0.45,0.45,11250,4014750,21.709891,26035.4,25650.0,25700,ATM-8,PUT,26100,2025-12-02
2025-12-02 13:42:00+05:30,0.5,0.5,0.45,0.5,3375,4014750,21.941894,26033.85,25650.0,25700,ATM-8,PUT,26100,2025-12-02
2025-12-02 13:43:00+05:30,0.45,0.5,0.45,0.45,27150,4014750,21.614903,26032.45,25650.0,25700,ATM-8,PUT,26100,2025-12-02
2025-12-02 13:44:00+05:30,0.45,0.5,0.45,0.5,34200,4012650,22.130213,26036.65,25650.0,25700,ATM-8,PUT,26100,2025-12-02
2025-12-02 13:45:00+05:30,0.45,0.5,0.45,0.5,7050,4012650,22.103519,26035.6,25650.0,25700,ATM-8,PUT,26100,2025-12-02
2025-12-02 13:46:00+05:30,0.5,0.5,0.45,0.5,110100,4012650,22.037079,26033.75,25650.0,25700,ATM-8,PUT,26100,2025-12-02
2025-12-02 13:47:00+05:30,0.5,0.5,0.45,0.45,39375,3919125,22.069701,26039.7,25650.0,25700,ATM-8,PUT,26100,2025-12-02
2025-12-02 13:48:00+05:30,0.45,0.5,0.45,0.5,22950,3919125,22.625939,26044.6,25650.0,25700,ATM-8,PUT,26100,2025-12-02
2025-12-02 13:49:00+05:30,0.45,0.5,0.45,0.45,77325,3919125,22.208935,26041.5,25650.0,25700,ATM-8,PUT,26100,2025-12-02
2025-12-02 13:50:00+05:30,0.45,0.5,0.45,0.45,83550,3956925,22.227171,26041.35,25650.0,25700,ATM-8,PUT,26100,2025-12-02
2025-12-02 13:51:00+05:30,0.45,0.5,0.45,0.45,94500,3956925,22.557992,26047.55,25650.0,25700,ATM-8,PUT,26100,2025-12-02
2025-12-02 13:52:00+05:30,0.45,0.5,0.45,0.45,36525,3956925,22.648109,26048.85,25650.0,25700,ATM-8,PUT,26100,2025-12-02
2025-12-02 13:53:00+05:30,0.45,0.5,0.45,0.5,74100,4068375,22.739687,26044.25,25650.0,25700,ATM-8,PUT,26100,2025-12-02
2025-12-02 13:54:00+05:30,0.45,0.5,0.45,0.45,78825,4068375,22.392343,26042.6,25650.0,25700,ATM-8,PUT,26100,2025-12-02
2025-12-02 13:55:00+05:30,0.4,0.45,0.4,0.4,28575,4068375,21.939076,26039.25,25650.0,25700,ATM-8,PUT,26100,2025-12-02
2025-12-02 13:56:00+05:30,0.45,0.45,0.4,0.45,35400,4124550,22.882434,26051.45,25650.0,25700,ATM-8,PUT,26100,2025-12-02
2025-12-02 13:57:00+05:30,0.45,0.45,0.4,0.45,53400,4124550,23.077381,26054.85,25650.0,25700,ATM-8,PUT,26100,2025-12-02
2025-12-02 13:58:00+05:30,0.45,0.45,0.4,0.45,37350,4124550,23.262774,26058.05,25650.0,25700,ATM-8,PUT,26100,2025-12-02
2025-12-02 13:59:00+05:30,0.45,0.45,0.4,0.45,41550,4133475,23.359415,26059.45,25650.0,25700,ATM-8,PUT,26100,2025-12-02
2025-12-02 14:00:00+05:30,0.4,0.45,0.4,0.45,67800,4133475,22.915954,26049.95,25650.0,25700,ATM-8,PUT,26100,2025-12-02
2025-12-02 14:01:00+05:30,0.45,0.45,0.4,0.45,113550,4133475,22.537492,26041.8,25650.0,25700,ATM-8,PUT,26100,2025-12-02
2025-12-02 14:02:00+05:30,0.45,0.45,0.4,0.45,18750,4108275,22.77365,26046.0,25650.0,25700,ATM-8,PUT,26100,2025-12-02
2025-12-02 14:03:00+05:30,0.4,0.45,0.4,0.4,37200,4108275,22.768662,26051.85,25650.0,25700,ATM-8,PUT,26100,2025-12-02
2025-12-02 14:04:00+05:30,0.45,0.45,0.4,0.4,25200,4108275,22.943688,26054.85,25650.0,25700,ATM-8,PUT,26100,2025-12-02
2025-12-02 14:05:00+05:30,0.45,0.45,0.4,0.4,27450,4103475,23.00322,26055.5,25650.0,25700,ATM-8,PUT,26100,2025-12-02
2025-12-02 14:06:00+05:30,0.4,0.45,0.4,0.45,19050,4103475,22.617102,26040.7,25650.0,25700,ATM-8,PUT,26100,2025-12-02
2025-12-02 14:07:00+05:30,0.45,0.45,0.4,0.4,28350,4103475,22.332736,26040.85,25650.0,25700,ATM-8,PUT,26100,2025-12-02
2025-12-02 14:08:00+05:30,0.45,0.45,0.35,0.35,262950,4079925,22.943205,26059.9,25650.0,25700,ATM-8,PUT,26100,2025-12-02
2025-12-02 14:09:00+05:30,0.35,0.4,0.35,0.35,60825,4079925,22.924512,26058.95,25650.0,25700,ATM-8,PUT,26100,2025-12-02
2025-12-02 14:10:00+05:30,0.35,0.4,0.35,0.35,71925,4079925,22.851857,26056.9,25650.0,25700,ATM-8,PUT,26100,2025-12-02
2025-12-02 14:11:00+05:30,0.35,0.4,0.35,0.4,64050,4055175,23.078324,26053.65,25650.0,25700,ATM-8,PUT,26100,2025-12-02
2025-12-02 14:12:00+05:30,0.4,0.4,0.35,0.35,27150,4055175,22.698676,26052.65,25650.0,25700,ATM-8,PUT,26100,2025-12-02
2025-12-02 14:13:00+05:30,0.4,0.4,0.35,0.35,40650,4055175,22.748488,26053.1,25650.0,25700,ATM-8,PUT,26100,2025-12-02
2025-12-02 14:14:00+05:30,0.35,0.4,0.3,0.35,366825,4028850,22.379211,26045.05,25650.0,25700,ATM-8,PUT,26100,2025-12-02
2025-12-02 14:15:00+05:30,0.3,0.35,0.3,0.3,56250,4028850,22.067525,26046.15,25650.0,25700,ATM-8,PUT,26100,2025-12-02
2025-12-02 14:16:00+05:30,0.3,0.35,0.3,0.3,51975,4028850,21.994604,26044.1,25650.0,25700,ATM-8,PUT,26100,2025-12-02
2025-12-02 14:17:00+05:30,0.3,0.35,0.3,0.3,31725,4019400,21.830992,26040.2,25650.0,25700,ATM-8,PUT,26100,2025-12-02
2025-12-02 14:18:00+05:30,0.3,0.35,0.3,0.3,15900,4019400,22.012165,26043.35,25650.0,25700,ATM-8,PUT,26100,2025-12-02
2025-12-02 14:19:00+05:30,0.35,0.35,0.3,0.35,387375,4019400,22.415496,26043.0,25650.0,25700,ATM-8,PUT,26100,2025-12-02
2025-12-02 14:20:00+05:30,0.35,0.35,0.25,0.3,68400,4019400,21.880184,26039.55,25650.0,25700,ATM-8,PUT,26100,2025-12-02
2025-12-02 14:21:00+05:30,0.3,0.3,0.25,0.25,93525,4019400,21.332578,26036.8,25650.0,25700,ATM-8,PUT,26100,2025-12-02
2025-12-02 14:22:00+05:30,0.25,0.35,0.25,0.25,432750,4019400,21.216093,26033.85,25650.0,25700,ATM-8,PUT,26100,2025-12-02
2025-12-02 14:23:00+05:30,0.3,0.3,0.25,0.25,78075,3975900,21.203747,26033.05,25650.0,25700,ATM-8,PUT,26100,2025-12-02
2025-12-02 14:24:00+05:30,0.3,0.35,0.25,0.35,583125,3975900,21.996957,26031.85,25650.0,25700,ATM-8,PUT,26100,2025-12-02
2025-12-02 14:25:00+05:30,0.35,0.4,0.3,0.3,263700,3975900,22.219943,26043.65,25650.0,25700,ATM-8,PUT,26100,2025-12-02
2025-12-02 14:26:00+05:30,0.35,0.5,0.3,0.4,814800,3580275,22.927448,26042.15,25650.0,25700,ATM-8,PUT,26100,2025-12-02
2025-12-02 14:27:00+05:30,0.4,0.45,0.35,0.35,652650,3580275,22.337012,26036.95,25650.0,25700,ATM-8,PUT,26100,2025-12-02
2025-12-02 14:28:00+05:30,0.35,0.45,0.35,0.4,115575,3580275,22.786741,26038.25,25650.0,25700,ATM-8,PUT,26100,2025-12-02
2025-12-02 14:29:00+05:30,0.4,0.4,0.35,0.35,73500,3591750,22.617922,26041.4,25650.0,25700,ATM-8,PUT,26100,2025-12-02
2025-12-02 14:30:00+05:30,0.35,0.45,0.35,0.45,129600,3591750,23.135396,26037.55,25650.0,25700,ATM-8,PUT,26100,2025-12-02
2025-12-02 14:31:00+05:30,0.4,0.45,0.4,0.4,30825,3591750,22.756133,26035.95,25650.0,25700,ATM-8,PUT,26100,2025-12-02
2025-12-02 14:32:00+05:30,0.4,0.45,0.35,0.35,106875,3625125,22.370683,26034.8,25650.0,25700,ATM-8,PUT,26100,2025-12-02
2025-12-02 14:33:00+05:30,0.4,0.4,0.35,0.4,148425,3625125,22.752861,26034.75,25650.0,25700,ATM-8,PUT,26100,2025-12-02
2025-12-02 14:34:00+05:30,0.35,0.4,0.3,0.35,381600,3625125,22.600831,26038.2,25650.0,25700,ATM-8,PUT,26100,2025-12-02
2025-12-02 14:35:00+05:30,0.4,0.4,0.35,0.35,118875,3539550,22.599434,26037.6,25650.0,25700,ATM-8,PUT,26100,2025-12-02
2025-12-02 14:36:00+05:30,0.35,0.4,0.25,0.3,343275,7072950,23.700824,26016.1,25600.0,25700,ATM-8,PUT,26100,2025-12-02
2025-12-02 14:37:00+05:30,0.25,0.3,0.25,0.3,184350,7072950,23.08865,26003.25,25600.0,25700,ATM-8,PUT,26100,2025-12-02
2025-12-02 14:38:00+05:30,0.3,0.3,0.25,0.3,174375,7020450,23.404471,26008.95,25600.0,25700,ATM-8,PUT,26100,2025-12-02
2025-12-02 14:39:00+05:30,0.3,0.3,0.25,0.3,63075,7020450,23.674487,26013.7,25600.0,25700,ATM-8,PUT,26100,2025-12-02
2025-12-02 14:40:00+05:30,0.3,0.3,0.25,0.3,86325,7020450,23.510877,26009.85,25600.0,25700,ATM-8,PUT,26100,2025-12-02
2025-12-02 14:41:00+05:30,0.3,0.3,0.25,0.3,42375,6980925,23.551844,26010.05,25600.0,25700,ATM-8,PUT,26100,2025-12-02
2025-12-02 14:42:00+05:30,0.3,0.3,0.25,0.25,64950,6980925,23.16561,26011.15,25600.0,25700,ATM-8,PUT,26100,2025-12-02
2025-12-02 14:43:00+05:30,0.3,0.3,0.25,0.3,363225,6980925,23.477645,26007.35,25600.0,25700,ATM-8,PUT,26100,2025-12-02
2025-12-02 14:44:00+05:30,0.3,0.3,0.25,0.3,52800,6931650,23.642499,26010.0,25600.0,25700,ATM-8,PUT,26100,2025-12-02
2025-12-02 14:45:00+05:30,0.3,0.3,0.25,0.25,44850,6931650,23.17452,26009.4,25600.0,25700,ATM-8,PUT,26100,2025-12-02
2025-12-02 14:46:00+05:30,0.3,0.3,0.25,0.3,78675,6931650,23.782409,26011.5,25600.0,25700,ATM-8,PUT,26100,2025-12-02
2025-12-02 14:47:00+05:30,0.3,0.3,0.25,0.3,45525,6881175,23.825609,26011.75,25600.0,25700,ATM-8,PUT,26100,2025-12-02
2025-12-02 14:48:00+05:30,0.3,0.3,0.25,0.3,68250,6881175,24.111968,26016.75,25600.0,25700,ATM-8,PUT,26100,2025-12-02
2025-12-02 14:49:00+05:30,0.25,0.3,0.25,0.25,104100,6881175,23.727656,26018.05,25600.0,25700,ATM-8,PUT,26100,2025-12-02
2025-12-02 14:50:00+05:30,0.3,0.3,0.25,0.25,86850,6865425,23.687313,26016.55,25600.0,25700,ATM-8,PUT,26100,2025-12-02
2025-12-02 14:51:00+05:30,0.25,0.3,0.25,0.3,39675,6865425,24.313621,26018.75,25600.0,25700,ATM-8,PUT,26100,2025-12-02
2025-12-02 14:52:00+05:30,0.25,0.3,0.25,0.25,62025,6865425,23.941054,26020.3,25600.0,25700,ATM-8,PUT,26100,2025-12-02
2025-12-02 14:53:00+05:30,0.3,0.3,0.25,0.3,144750,6947100,24.409043,26019.35,25600.0,25700,ATM-8,PUT,26100,2025-12-02
2025-12-02 14:54:00+05:30,0.3,0.3,0.15,0.15,621375,6947100,22.322836,26010.8,25600.0,25700,ATM-8,PUT,26100,2025-12-02
2025-12-02 14:55:00+05:30,0.15,0.2,0.15,0.2,244950,6947100,22.959733,26009.45,25600.0,25700,ATM-8,PUT,26100,2025-12-02
2025-12-02 14:56:00+05:30,0.15,0.2,0.15,0.2,266025,7360275,22.898839,26007.65,25600.0,25700,ATM-8,PUT,26100,2025-12-02
2025-12-02 14:57:00+05:30,0.15,0.2,0.15,0.15,418200,7360275,21.901952,26000.2,25600.0,25700,ATM-8,PUT,26100,2025-12-02
2025-12-02 14:58:00+05:30,0.15,0.2,0.1,0.15,1317825,7360275,22.42521,26010.45,25600.0,25700,ATM-8,PUT,26100,2025-12-02
2025-12-02 14:59:00+05:30,0.15,0.2,0.15,0.15,217125,7224225,22.840266,26018.75,25600.0,25700,ATM-8,PUT,26100,2025-12-02
2025-12-02 15:00:00+05:30,0.15,0.15,0.1,0.15,479925,7224225,22.532884,26011.85,25600.0,25700,ATM-8,PUT,26100,2025-12-02
2025-12-02 15:01:00+05:30,0.2,0.2,0.1,0.1,589575,7224225,22.164998,26021.95,25600.0,25700,ATM-8,PUT,26100,2025-12-02
2025-12-02 15:02:00+05:30,0.15,0.15,0.1,0.1,404250,6996225,22.214578,26022.35,25600.0,25700,ATM-8,PUT,26100,2025-12-02
2025-12-02 15:03:00+05:30,0.15,0.15,0.1,0.1,896550,6996225,22.148909,26020.3,25600.0,25700,ATM-8,PUT,26100,2025-12-02
2025-12-02 15:04:00+05:30,0.15,0.15,0.1,0.1,412650,6996225,22.335537,26023.6,25600.0,25700,ATM-8,PUT,26100,2025-12-02
2025-12-02 15:05:00+05:30,0.1,0.15,0.1,0.1,275400,6665250,22.331367,26022.85,25600.0,25700,ATM-8,PUT,26100,2025-12-02
2025-12-02 15:06:00+05:30,0.15,0.15,0.1,0.1,255000,6665250,22.258746,26020.65,25600.0,25700,ATM-8,PUT,26100,2025-12-02
2025-12-02 15:07:00+05:30,0.1,0.15,0.1,0.1,119625,6665250,22.477188,26024.6,25600.0,25700,ATM-8,PUT,26100,2025-12-02
2025-12-02 15:08:00+05:30,0.15,0.15,0.1,0.15,731625,3009075,21.016483,26026.8,25650.0,25700,ATM-8,PUT,26100,2025-12-02
2025-12-02 15:09:00+05:30,0.15,0.15,0.05,0.1,268425,3009075,20.203361,26026.45,25650.0,25700,ATM-8,PUT,26100,2025-12-02
2025-12-02 15:10:00+05:30,0.05,0.1,0.05,0.05,202425,3009075,19.178466,26030.5,25650.0,25700,ATM-8,PUT,26100,2025-12-02
2025-12-02 15:11:00+05:30,0.1,0.1,0.05,0.05,66450,2922975,19.328639,26033.2,25650.0,25700,ATM-8,PUT,26100,2025-12-02
2025-12-02 15:12:00+05:30,0.05,0.1,0.05,0.05,226875,2922975,19.365406,26033.4,25650.0,25700,ATM-8,PUT,26100,2025-12-02
2025-12-02 15:13:00+05:30,0.05,0.1,0.05,0.05,113850,2922975,19.591536,26037.75,25650.0,25700,ATM-8,PUT,26100,2025-12-02
2025-12-02 15:14:00+05:30,0.05,0.1,0.05,0.05,38025,2893950,19.573975,26036.75,25650.0,25700,ATM-8,PUT,26100,2025-12-02
2025-12-02 15:15:00+05:30,0.05,0.1,0.05,0.05,200400,2893950,19.467249,26033.8,25650.0,25700,ATM-8,PUT,26100,2025-12-02
2025-12-02 15:16:00+05:30,0.05,0.1,0.05,0.1,116475,2893950,20.936195,26037.4,25650.0,25700,ATM-8,PUT,26100,2025-12-02
2025-12-02 15:17:00+05:30,0.05,0.1,0.05,0.05,64350,2728125,19.746107,26038.65,25650.0,25700,ATM-8,PUT,26100,2025-12-02
2025-12-02 15:18:00+05:30,0.1,0.1,0.05,0.1,258900,2728125,20.771716,26032.75,25650.0,25700,ATM-8,PUT,26100,2025-12-02
2025-12-02 15:19:00+05:30,0.1,0.1,0.05,0.05,103950,2728125,19.801353,26038.6,25650.0,25700,ATM-8,PUT,26100,2025-12-02
2025-12-02 15:20:00+05:30,0.1,0.1,0.05,0.05,150075,2418750,20.117915,26044.85,25650.0,25700,ATM-8,PUT,26100,2025-12-02
2025-12-02 15:21:00+05:30,0.05,0.05,0.05,0.05,16575,2418750,19.930862,26040.15,25650.0,25700,ATM-8,PUT,26100,2025-12-02
2025-12-02 15:22:00+05:30,0.05,0.05,0.05,0.05,6900,2418750,19.987855,26040.75,25650.0,25700,ATM-8,PUT,26100,2025-12-02
2025-12-02 15:23:00+05:30,0.05,0.05,0.05,0.05,12375,2382600,20.368419,26048.35,25650.0,25700,ATM-8,PUT,26100,2025-12-02
2025-12-02 15:24:00+05:30,0.05,0.05,0.05,0.05,2700,2382600,20.516367,26050.9,25650.0,25700,ATM-8,PUT,26100,2025-12-02
2025-12-02 15:25:00+05:30,0.05,0.05,0.05,0.05,4425,2382600,20.736429,26055.0,25650.0,25700,ATM-8,PUT,26100,2025-12-02
2025-12-02 15:26:00+05:30,0.05,0.05,0.05,0.05,10575,2369175,20.621417,26051.85,25650.0,25700,ATM-8,PUT,26100,2025-12-02
2025-12-02 15:27:00+05:30,0.05,0.05,0.05,0.05,10950,2369175,20.814534,26055.35,25650.0,25700,ATM-8,PUT,26100,2025-12-02
2025-12-02 15:28:00+05:30,0.05,0.05,0.05,0.05,7350,2369175,20.882869,26056.15,25650.0,25700,ATM-8,PUT,26100,2025-12-02
2025-12-02 15:29:00+05:30,0.05,0.05,0.05,0.05,2400,2349150,20.953838,26057.0,25650.0,25700,ATM-8,PUT,26100,2025-12-02
2025-12-02 09:15:00+05:30,435.5,447.45,423.3,423.3,79800,96300,30.315369,26110.2,25700.0,25700,ATM-8,CALL,26100,2025-12-02
2025-12-02 09:16:00+05:30,422.4,434.9,422.4,432.9,4500,159825,31.616123,26118.7,25700.0,25700,ATM-8,CALL,26100,2025-12-02
2025-12-02 09:17:00+05:30,382.65,387.0,380.0,387.0,1800,65325,25.983699,26127.05,25750.0,25700,ATM-8,CALL,26100,2025-12-02
2025-12-02 09:18:00+05:30,389.5,404.9,386.0,403.4,4125,65325,25.217445,26145.25,25750.0,25700,ATM-8,CALL,26100,2025-12-02
2025-12-02 09:19:00+05:30,399.55,414.25,399.55,401.3,3450,62775,26.657434,26141.5,25750.0,25700,ATM-8,CALL,26100,2025-12-02
2025-12-02 09:20:00+05:30,402.4,410.5,399.2,410.3,2175,62775,30.153179,26146.45,25750.0,25700,ATM-8,CALL,26100,2025-12-02
2025-12-02 09:21:00+05:30,405.2,410.3,396.35,410.0,2625,62775,30.577195,26145.5,25750.0,25700,ATM-8,CALL,26100,2025-12-02
2025-12-02 09:22:00+05:30,408.1,414.15,405.45,409.0,1500,59550,29.766193,26145.7,25750.0,25700,ATM-8,CALL,26100,2025-12-02
2025-12-02 09:23:00+05:30,402.6,414.1,402.6,414.1,1725,59550,29.594362,26151.5,25750.0,25700,ATM-8,CALL,26100,2025-12-02
2025-12-02 09:24:00+05:30,409.85,414.1,405.1,407.05,525,59550,29.571595,26143.95,25750.0,25700,ATM-8,CALL,26100,2025-12-02
2025-12-02 09:25:00+05:30,404.35,409.95,404.35,408.65,1725,58725,29.954081,26145.15,25750.0,25700,ATM-8,CALL,26100,2025-12-02
2025-12-02 09:26:00+05:30,407.45,408.65,403.3,408.55,1425,58725,28.375266,26147.3,25750.0,25700,ATM-8,CALL,26100,2025-12-02
2025-12-02 09:27:00+05:30,409.95,416.7,406.2,412.9,1575,58725,30.894002,26148.4,25750.0,25700,ATM-8,CALL,26100,2025-12-02
2025-12-02 09:28:00+05:30,411.85,414.25,408.45,408.45,1125,57075,31.220159,26143.05,25750.0,25700,ATM-8,CALL,26100,2025-12-02
2025-12-02 09:29:00+05:30,405.4,408.45,395.0,395.0,3525,57075,30.100196,26130.2,25750.0,25700,ATM-8,CALL,26100,2025-12-02
2025-12-02 09:30:00+05:30,447.65,447.65,439.75,440.15,2175,106350,34.752976,26122.1,25700.0,25700,ATM-8,CALL,26100,2025-12-02
2025-12-02 09:31:00+05:30,427.35,440.15,425.65,429.0,8850,103950,29.348455,26118.15,25700.0,25700,ATM-8,CALL,26100,2025-12-02
2025-12-02 09:32:00+05:30,379.85,392.85,378.75,392.85,1875,57000,27.358893,26132.0,25750.0,25700,ATM-8,CALL,26100,2025-12-02
2025-12-02 09:33:00+05:30,444.75,447.05,435.7,435.7,8550,103950,32.548352,26121.0,25700.0,25700,ATM-8,CALL,26100,2025-12-02
2025-12-02 09:34:00+05:30,432.55,435.7,426.75,426.75,8400,107925,30.084491,26114.9,25700.0,25700,ATM-8,CALL,26100,2025-12-02
2025-12-02 09:35:00+05:30,427.5,432.3,426.75,429.55,525,107925,31.451767,26116.05,25700.0,25700,ATM-8,CALL,26100,2025-12-02
2025-12-02 09:36:00+05:30,428.45,429.55,421.0,421.0,2775,107925,24.911848,26114.3,25700.0,25700,ATM-8,CALL,26100,2025-12-02
2025-12-02 09:37:00+05:30,431.6,434.7,421.0,432.2,1125,102600,30.384958,26120.45,25700.0,25700,ATM-8,CALL,26100,2025-12-02
2025-12-02 09:38:00+05:30,431.1,432.2,421.05,421.55,450,102600,30.941118,26108.25,25700.0,25700,ATM-8,CALL,26100,2025-12-02
2025-12-02 09:39:00+05:30,421.55,427.9,421.55,426.9,825,102600,34.212254,26108.85,25700.0,25700,ATM-8,CALL,26100,2025-12-02
2025-12-02 09:40:00+05:30,427.0,428.6,412.95,416.2,2325,102300,29.199327,26104.95,25700.0,25700,ATM-8,CALL,26100,2025-12-02
2025-12-02 09:41:00+05:30,418.0,419.8,407.6,407.6,2775,102300,29.31369,26095.6,25700.0,25700,ATM-8,CALL,26100,2025-12-02
2025-12-02 09:42:00+05:30,407.3,412.05,398.35,398.4,8625,102300,26.976999,26088.75,25700.0,25700,ATM-8,CALL,26100,2025-12-02
2025-12-02 09:43:00+05:30,396.55,405.95,396.25,405.95,4650,101400,31.031379,26091.35,25700.0,25700,ATM-8,CALL,26100,2025-12-02
2025-12-02 09:44:00+05:30,404.6,405.95,392.2,393.1,4500,101400,29.799,26079.3,25700.0,25700,ATM-8,CALL,26100,2025-12-02
2025-12-02 09:45:00+05:30,389.85,400.15,389.85,397.8,5025,101400,28.423264,26086.4,25700.0,25700,ATM-8,CALL,26100,2025-12-02
2025-12-02 09:46:00+05:30,399.0,401.05,396.95,399.85,1950,105225,28.599706,26088.4,25700.0,25700,ATM-8,CALL,26100,2025-12-02
2025-12-02 09:47:00+05:30,400.5,407.0,399.85,406.5,3225,105225,29.621305,26094.2,25700.0,25700,ATM-8,CALL,26100,2025-12-02
2025-12-02 09:48:00+05:30,404.2,406.5,387.0,390.05,3150,105225,24.668467,26082.5,25700.0,25700,ATM-8,CALL,26100,2025-12-02
2025-12-02 09:49:00+05:30,439.35,440.6,429.65,431.8,1500,30825,28.529433,26072.65,25650.0,25700,ATM-8,CALL,26100,2025-12-02
2025-12-02 09:50:00+05:30,430.8,433.35,430.5,430.5,1125,30825,27.848447,26072.0,25650.0,25700,ATM-8,CALL,26100,2025-12-02
2025-12-02 09:51:00+05:30,434.15,434.15,430.0,431.1,975,30825,29.053785,26071.4,25650.0,25700,ATM-8,CALL,26100,2025-12-02
2025-12-02 09:52:00+05:30,430.45,431.1,428.6,430.45,525,31350,28.863199,26070.95,25650.0,25700,ATM-8,CALL,26100,2025-12-02
2025-12-02 09:53:00+05:30,431.7,435.85,430.45,433.35,750,31350,31.128356,26071.35,25650.0,25700,ATM-8,CALL,26100,2025-12-02
2025-12-02 09:54:00+05:30,386.0,388.65,384.55,385.95,2400,102525,26.249284,26076.7,25700.0,25700,ATM-8,CALL,26100,2025-12-02
2025-12-02 09:55:00+05:30,386.0,397.6,385.95,392.55,4050,103725,23.854455,26085.95,25700.0,25700,ATM-8,CALL,26100,2025-12-02
2025-12-02 09:56:00+05:30,394.05,396.45,389.95,389.95,1875,103725,23.749666,26083.35,25700.0,25700,ATM-8,CALL,26100,2025-12-02
2025-12-02 09:57:00+05:30,393.0,395.0,389.95,393.3,750,103725,25.26446,26085.55,25700.0,25700,ATM-8,CALL,26100,2025-12-02
2025-12-02 09:58:00+05:30,392.55,394.0,389.05,389.05,375,103200,24.747235,26081.6,25700.0,25700,ATM-8,CALL,26100,2025-12-02
2025-12-02 09:59:00+05:30,384.65,389.05,383.0,383.75,1200,103200,25.706409,26075.1,25700.0,25700,ATM-8,CALL,26100,2025-12-02
2025-12-02 10:00:00+05:30,437.9,437.9,432.55,435.25,150,30900,31.98647,26072.5,25650.0,25700,ATM-8,CALL,26100,2025-12-02
2025-12-02 10:01:00+05:30,385.3,391.6,383.35,390.5,825,103350,29.984877,26076.85,25700.0,25700,ATM-8,CALL,26100,2025-12-02
2025-12-02 10:02:00+05:30,436.65,436.65,436.65,436.65,0,30900,33.509934,26071.9,25650.0,25700,ATM-8,CALL,26100,2025-12-02
2025-12-02 10:03:00+05:30,430.1,436.65,430.1,430.1,75,30525,29.407505,26070.3,25650.0,25700,ATM-8,CALL,26100,2025-12-02
2025-12-02 10:04:00+05:30,387.5,395.3,385.2,390.1,25425,112500,27.067026,26080.45,25700.0,25700,ATM-8,CALL,26100,2025-12-02
2025-12-02 10:05:00+05:30,393.2,395.55,389.8,391.55,2175,112500,28.612318,26080.1,25700.0,25700,ATM-8,CALL,26100,2025-12-02
2025-12-02 10:06:00+05:30,390.3,391.55,386.0,388.0,2400,112500,28.323798,26076.7,25700.0,25700,ATM-8,CALL,26100,2025-12-02
2025-12-02 10:07:00+05:30,435.0,440.05,435.0,437.4,300,30450,33.86287,26072.4,25650.0,25700,ATM-8,CALL,26100,2025-12-02
2025-12-02 10:08:00+05:30,429.3,437.4,429.3,429.3,75,30450,25.85864,26072.85,25650.0,25700,ATM-8,CALL,26100,2025-12-02
2025-12-02 10:09:00+05:30,435.15,435.15,429.3,435.15,75,30450,31.632421,26073.2,25650.0,25700,ATM-8,CALL,26100,2025-12-02
2025-12-02 10:10:00+05:30,424.9,435.15,424.4,425.3,675,30300,31.215459,26063.2,25650.0,25700,ATM-8,CALL,26100,2025-12-02
2025-12-02 10:11:00+05:30,421.15,425.3,417.4,417.7,375,30300,28.44846,26058.45,25650.0,25700,ATM-8,CALL,26100,2025-12-02
2025-12-02 10:12:00+05:30,419.9,419.9,417.6,417.85,525,30300,29.992983,26056.85,25650.0,25700,ATM-8,CALL,26100,2025-12-02
2025-12-02 10:13:00+05:30,418.0,418.0,417.85,418.0,225,30825,28.65636,26058.6,25650.0,25700,ATM-8,CALL,26100,2025-12-02
2025-12-02 10:14:00+05:30,421.1,421.1,418.0,419.6,450,30825,30.064712,26058.7,25650.0,25700,ATM-8,CALL,26100,2025-12-02
2025-12-02 10:15:00+05:30,419.6,419.6,419.6,419.6,0,30825,31.140279,26057.35,25650.0,25700,ATM-8,CALL,26100,2025-12-02
2025-12-02 10:16:00+05:30,420.25,420.25,419.6,420.25,150,30750,29.397161,26060.25,25650.0,25700,ATM-8,CALL,26100,2025-12-02
2025-12-02 10:17:00+05:30,418.95,420.25,410.0,410.0,525,30750,29.27986,26049.5,25650.0,25700,ATM-8,CALL,26100,2025-12-02
2025-12-02 10:18:00+05:30,414.6,414.6,410.0,414.6,75,30750,29.225514,26054.5,25650.0,25700,ATM-8,CALL,26100,2025-12-02
2025-12-02 10:19:00+05:30,426.7,426.7,414.6,426.7,225,30675,33.013636,26062.55,25650.0,25700,ATM-8,CALL,26100,2025-12-02
2025-12-02 10:20:00+05:30,427.0,431.8,426.0,430.7,1350,30675,34.073229,26065.35,25650.0,25700,ATM-8,CALL,26100,2025-12-02
2025-12-02 10:21:00+05:30,433.5,433.5,430.7,433.5,75,30675,33.945214,26068.65,25650.0,25700,ATM-8,CALL,26100,2025-12-02
2025-12-02 10:22:00+05:30,431.6,433.5,431.6,431.6,75,30675,26.942871,26074.7,25650.0,25700,ATM-8,CALL,26100,2025-12-02
2025-12-02 10:23:00+05:30,435.3,437.05,431.6,437.05,525,29925,34.513206,26071.75,25650.0,25700,ATM-8,CALL,26100,2025-12-02
2025-12-02 10:24:00+05:30,437.05,437.05,437.05,437.05,0,29925,34.96079,26071.1,25650.0,25700,ATM-8,CALL,26100,2025-12-02
2025-12-02 10:25:00+05:30,436.25,437.05,434.85,434.85,225,30150,30.97614,26074.25,25650.0,25700,ATM-8,CALL,26100,2025-12-02
2025-12-02 10:26:00+05:30,434.85,434.85,434.85,434.85,0,30150,33.215134,26071.4,25650.0,25700,ATM-8,CALL,26100,2025-12-02
2025-12-02 10:27:00+05:30,433.4,434.85,433.4,433.4,75,30150,33.405789,26069.6,25650.0,25700,ATM-8,CALL,26100,2025-12-02
2025-12-02 10:28:00+05:30,433.4,433.4,433.4,433.4,0,30150,33.189178,26069.95,25650.0,25700,ATM-8,CALL,26100,2025-12-02
2025-12-02 10:29:00+05:30,387.5,394.0,384.05,392.0,2925,140700,30.522301,26078.8,25700.0,25700,ATM-8,CALL,26100,2025-12-02
2025-12-02 10:30:00+05:30,391.25,394.15,391.0,392.0,2550,140700,31.149183,26077.9,25700.0,25700,ATM-8,CALL,26100,2025-12-02
2025-12-02 10:31:00+05:30,390.2,399.35,388.0,398.4,2625,144525,31.695358,26084.1,25700.0,25700,ATM-8,CALL,26100,2025-12-02
2025-12-02 10:32:00+05:30,400.65,401.45,395.6,396.55,4650,144525,32.02693,26081.6,25700.0,25700,ATM-8,CALL,26100,2025-12-02
2025-12-02 10:33:00+05:30,392.2,396.55,390.0,395.7,825,144525,30.611954,26082.85,25700.0,25700,ATM-8,CALL,26100,2025-12-02
2025-12-02 10:34:00+05:30,397.0,400.65,395.7,400.0,1800,139575,31.035625,26086.95,25700.0,25700,ATM-8,CALL,26100,2025-12-02
2025-12-02 10:35:00+05:30,404.4,404.4,397.2,403.95,4725,139575,31.881395,26090.05,25700.0,25700,ATM-8,CALL,26100,2025-12-02
2025-12-02 10:36:00+05:30,401.7,403.95,398.5,398.5,1875,139575,28.094762,26089.15,25700.0,25700,ATM-8,CALL,26100,2025-12-02
2025-12-02 10:37:00+05:30,397.3,398.5,393.8,397.65,1050,138675,31.690201,26083.55,25700.0,25700,ATM-8,CALL,26100,2025-12-02
2025-12-02 10:38:00+05:30,397.65,400.85,395.4,395.4,750,138675,29.361493,26084.4,25700.0,25700,ATM-8,CALL,26100,2025-12-02
2025-12-02 10:39:00+05:30,396.3,398.0,395.4,396.3,225,138675,31.059641,26083.1,25700.0,25700,ATM-8,CALL,26100,2025-12-02
2025-12-02 10:40:00+05:30,396.0,401.0,396.0,397.85,1050,138375,32.306455,26082.95,25700.0,25700,ATM-8,CALL,26100,2025-12-02
2025-12-02 10:41:00+05:30,397.7,404.0,396.25,401.6,1725,138375,31.330811,26088.55,25700.0,25700,ATM-8,CALL,26100,2025-12-02
2025-12-02 10:42:00+05:30,406.0,411.45,399.65,400.8,3150,138375,31.588633,26087.35,25700.0,25700,ATM-8,CALL,26100,2025-12-02
2025-12-02 10:43:00+05:30,395.0,400.8,390.8,390.8,2325,138750,27.762693,26081.55,25700.0,25700,ATM-8,CALL,26100,2025-12-02
2025-12-02 10:44:00+05:30,437.0,442.95,437.0,437.55,150,29625,33.519687,26074.65,25650.0,25700,ATM-8,CALL,26100,2025-12-02
2025-12-02 10:45:00+05:30,381.3,387.4,381.3,387.1,2850,138750,28.8745,26076.35,25700.0,25700,ATM-8,CALL,26100,2025-12-02
2025-12-02 10:46:00+05:30,433.0,437.55,432.05,432.05,375,29625,32.766176,26069.8,25650.0,25700,ATM-8,CALL,26100,2025-12-02
2025-12-02 10:47:00+05:30,432.95,432.95,429.0,429.0,450,29475,27.999389,26071.7,25650.0,25700,ATM-8,CALL,26100,2025-12-02
2025-12-02 10:48:00+05:30,431.65,431.65,429.0,431.65,75,29475,28.167953,26074.35,25650.0,25700,ATM-8,CALL,26100,2025-12-02
2025-12-02 10:49:00+05:30,388.0,389.4,385.6,389.4,150,142350,30.294629,26077.1,25700.0,25700,ATM-8,CALL,26100,2025-12-02
2025-12-02 10:50:00+05:30,388.85,404.4,388.85,404.4,6225,142350,32.583272,26090.15,25700.0,25700,ATM-8,CALL,26100,2025-12-02
2025-12-02 10:51:00+05:30,405.05,409.0,402.15,409.0,2850,142350,33.226422,26094.25,25700.0,25700,ATM-8,CALL,26100,2025-12-02
2025-12-02 10:52:00+05:30,406.5,412.7,405.7,410.85,1800,139950,31.957918,26098.15,25700.0,25700,ATM-8,CALL,26100,2025-12-02
2025-12-02 10:53:00+05:30,409.5,410.85,406.9,407.25,1650,139950,30.514237,26096.2,25700.0,25700,ATM-8,CALL,26100,2025-12-02
2025-12-02 10:54:00+05:30,405.0,407.25,403.15,403.15,600,139950,30.26348,26092.15,25700.0,25700,ATM-8,CALL,26100,2025-12-02
2025-12-02 10:55:00+05:30,405.1,405.1,403.15,405.1,375,140850,32.405475,26091.4,25700.0,25700,ATM-8,CALL,26100,2025-12-02
2025-12-02 10:56:00+05:30,402.4,405.1,402.4,402.4,150,140850,29.531173,26092.3,25700.0,25700,ATM-8,CALL,26100,2025-12-02
2025-12-02 10:57:00+05:30,403.4,405.05,402.4,404.3,525,140850,32.104832,26091.05,25700.0,25700,ATM-8,CALL,26100,2025-12-02
2025-12-02 10:58:00+05:30,397.9,404.3,397.6,400.85,675,140850,30.599759,26089.4,25700.0,25700,ATM-8,CALL,26100,2025-12-02
2025-12-02 10:59:00+05:30,405.8,405.8,400.85,405.8,300,141075,27.385043,26098.2,25700.0,25700,ATM-8,CALL,26100,2025-12-02
2025-12-02 11:00:00+05:30,409.6,411.7,405.1,405.1,9750,141075,31.742272,26092.55,25700.0,25700,ATM-8,CALL,26100,2025-12-02
2025-12-02 11:01:00+05:30,404.05,405.1,394.5,394.5,52500,95025,28.000661,26085.75,25700.0,25700,ATM-8,CALL,26100,2025-12-02
2025-12-02 11:02:00+05:30,400.25,406.15,394.5,402.8,1350,95025,29.152785,26093.35,25700.0,25700,ATM-8,CALL,26100,2025-12-02
2025-12-02 11:03:00+05:30,402.2,408.0,402.2,405.0,2700,95025,28.983059,26095.9,25700.0,25700,ATM-8,CALL,26100,2025-12-02
2025-12-02 11:04:00+05:30,409.05,409.05,405.0,406.8,375,93450,28.777782,26098.05,25700.0,25700,ATM-8,CALL,26100,2025-12-02
2025-12-02 11:05:00+05:30,405.9,406.8,405.9,405.9,75,93450,30.788678,26094.85,25700.0,25700,ATM-8,CALL,26100,2025-12-02
2025-12-02 11:06:00+05:30,406.5,406.75,405.0,405.0,825,93450,29.348999,26095.6,25700.0,25700,ATM-8,CALL,26100,2025-12-02
2025-12-02 11:07:00+05:30,406.85,406.85,404.4,406.25,1200,93600,30.82874,26095.25,25700.0,25700,ATM-8,CALL,26100,2025-12-02
2025-12-02 11:08:00+05:30,402.6,406.25,402.6,403.45,1125,93600,30.281539,26092.95,25700.0,25700,ATM-8,CALL,26100,2025-12-02
2025-12-02 11:09:00+05:30,406.25,409.2,403.45,409.2,225,93600,32.191044,26096.75,25700.0,25700,ATM-8,CALL,26100,2025-12-02
2025-12-02 11:10:00+05:30,403.65,409.2,403.65,403.65,75,93375,28.427381,26095.25,25700.0,25700,ATM-8,CALL,26100,2025-12-02
2025-12-02 11:11:00+05:30,407.55,407.55,403.65,406.8,225,93375,32.291173,26094.1,25700.0,25700,ATM-8,CALL,26100,2025-12-02
2025-12-02 11:12:00+05:30,406.8,406.8,406.8,406.8,0,93375,33.876204,26091.85,25700.0,25700,ATM-8,CALL,26100,2025-12-02
2025-12-02 11:13:00+05:30,400.4,406.8,389.1,389.15,3150,93075,21.211769,26085.15,25700.0,25700,ATM-8,CALL,26100,2025-12-02
2025-12-02 11:14:00+05:30,388.0,389.15,386.4,387.1,1500,93075,25.305283,26080.75,25700.0,25700,ATM-8,CALL,26100,2025-12-02
2025-12-02 11:15:00+05:30,389.3,389.3,384.8,386.15,3375,93075,23.347775,26081.1,25700.0,25700,ATM-8,CALL,26100,2025-12-02
2025-12-02 11:16:00+05:30,391.2,391.2,384.9,386.1,1050,93075,29.200817,26075.95,25700.0,25700,ATM-8,CALL,26100,2025-12-02
2025-12-02 11:17:00+05:30,383.3,386.1,383.3,385.9,1350,92925,25.061122,26079.75,25700.0,25700,ATM-8,CALL,26100,2025-12-02
2025-12-02 11:18:00+05:30,390.15,393.2,385.9,387.65,2175,92925,25.950969,26080.9,25700.0,25700,ATM-8,CALL,26100,2025-12-02
2025-12-02 11:19:00+05:30,387.9,391.75,387.65,391.75,1425,92250,29.958522,26081.2,25700.0,25700,ATM-8,CALL,26100,2025-12-02
2025-12-02 11:20:00+05:30,387.5,391.75,387.5,387.5,1425,92250,30.058178,26076.55,25700.0,25700,ATM-8,CALL,26100,2025-12-02
2025-12-02 11:21:00+05:30,384.5,387.5,384.0,386.35,1425,92250,30.098094,26075.3,25700.0,25700,ATM-8,CALL,26100,2025-12-02
2025-12-02 11:22:00+05:30,433.45,436.0,431.15,431.15,900,27075,32.277658,26070.8,25650.0,25700,ATM-8,CALL,26100,2025-12-02
2025-12-02 11:23:00+05:30,431.15,431.15,431.15,431.15,0,27075,30.842787,26072.35,25650.0,25700,ATM-8,CALL,26100,2025-12-02
2025-12-02 11:24:00+05:30,385.25,394.55,382.0,393.2,4200,92700,30.682784,26082.05,25700.0,25700,ATM-8,CALL,26100,2025-12-02
2025-12-02 11:25:00+05:30,393.0,396.8,393.0,394.15,3975,90000,30.199578,26083.7,25700.0,25700,ATM-8,CALL,26100,2025-12-02
2025-12-02 11:26:00+05:30,394.0,394.85,383.85,384.35,2325,90000,26.413453,26077.25,25700.0,25700,ATM-8,CALL,26100,2025-12-02
2025-12-02 11:27:00+05:30,431.7,442.8,430.0,431.15,300,26625,30.342211,26072.95,25650.0,25700,ATM-8,CALL,26100,2025-12-02
2025-12-02 11:28:00+05:30,428.25,431.15,428.25,428.25,75,26550,28.696066,26071.35,25650.0,25700,ATM-8,CALL,26100,2025-12-02
2025-12-02 11:29:00+05:30,426.0,428.25,426.0,426.0,300,26550,29.448749,26068.4,25650.0,25700,ATM-8,CALL,26100,2025-12-02
2025-12-02 11:30:00+05:30,426.0,426.0,426.0,426.0,0,26550,31.216266,26066.75,25650.0,25700,ATM-8,CALL,26100,2025-12-02
2025-12-02 11:31:00+05:30,422.85,426.0,422.85,424.2,1125,26550,28.442486,26067.4,25650.0,25700,ATM-8,CALL,26100,2025-12-02
2025-12-02 11:32:00+05:30,423.8,424.2,421.6,421.6,150,25650,22.170298,26068.0,25650.0,25700,ATM-8,CALL,26100,2025-12-02
2025-12-02 11:33:00+05:30,421.6,421.6,421.6,421.6,0,25650,21.838834,26068.1,25650.0,25700,ATM-8,CALL,26100,2025-12-02
2025-12-02 11:34:00+05:30,421.75,421.75,420.05,420.05,225,25650,21.18807,26066.7,25650.0,25700,ATM-8,CALL,26100,2025-12-02
2025-12-02 11:35:00+05:30,421.0,421.0,420.05,421.0,150,25425,23.989905,26066.8,25650.0,25700,ATM-8,CALL,26100,2025-12-02
2025-12-02 11:36:00+05:30,421.0,421.0,421.0,421.0,0,25425,26.403195,26065.6,25650.0,25700,ATM-8,CALL,26100,2025-12-02
2025-12-02 11:37:00+05:30,421.0,421.0,421.0,421.0,0,25425,22.498056,26067.35,25650.0,25700,ATM-8,CALL,26100,2025-12-02
2025-12-02 11:38:00+05:30,428.95,428.95,421.0,428.95,75,25425,27.671595,26073.05,25650.0,25700,ATM-8,CALL,26100,2025-12-02
2025-12-02 11:39:00+05:30,428.95,428.95,428.95,428.95,0,25425,29.334222,26071.85,25650.0,25700,ATM-8,CALL,26100,2025-12-02
2025-12-02 11:40:00+05:30,425.0,428.95,425.0,425.0,75,25425,24.705371,26070.65,25650.0,25700,ATM-8,CALL,26100,2025-12-02
2025-12-02 11:41:00+05:30,415.0,425.0,415.0,415.85,750,25425,0.0,26063.95,25650.0,25700,ATM-8,CALL,26100,2025-12-02
2025-12-02 11:42:00+05:30,418.9,418.9,415.85,418.9,75,25425,25.698124,26063.95,25650.0,25700,ATM-8,CALL,26100,2025-12-02
2025-12-02 11:43:00+05:30,418.9,418.9,418.9,418.9,0,25425,25.446233,26064.1,25650.0,25700,ATM-8,CALL,26100,2025-12-02
2025-12-02 11:44:00+05:30,421.0,421.0,418.9,421.0,600,25350,29.760829,26063.3,25650.0,25700,ATM-8,CALL,26100,2025-12-02
2025-12-02 11:45:00+05:30,421.0,421.0,421.0,421.0,0,25350,30.968292,26062.2,25650.0,25700,ATM-8,CALL,26100,2025-12-02
2025-12-02 11:46:00+05:30,418.0,421.0,418.0,418.0,150,25350,27.846515,26061.75,25650.0,25700,ATM-8,CALL,26100,2025-12-02
2025-12-02 11:47:00+05:30,420.55,420.55,414.1,414.1,750,25350,20.503417,26060.95,25650.0,25700,ATM-8,CALL,26100,2025-12-02
2025-12-02 11:48:00+05:30,417.6,417.6,414.1,417.6,150,25350,25.14467,26063.0,25650.0,25700,ATM-8,CALL,26100,2025-12-02
2025-12-02 11:49:00+05:30,422.7,422.7,417.6,422.7,600,25350,23.015518,26069.05,25650.0,25700,ATM-8,CALL,26100,2025-12-02
2025-12-02 11:50:00+05:30,425.45,425.45,422.7,425.45,75,25500,33.897235,26063.9,25650.0,25700,ATM-8,CALL,26100,2025-12-02
2025-12-02 11:51:00+05:30,422.15,425.45,421.95,421.95,150,25500,31.669372,26062.7,25650.0,25700,ATM-8,CALL,26100,2025-12-02
2025-12-02 11:52:00+05:30,421.95,421.95,421.95,421.95,0,25500,33.913017,26060.2,25650.0,25700,ATM-8,CALL,26100,2025-12-02
2025-12-02 11:53:00+05:30,418.5,421.95,417.85,417.85,150,25275,32.33193,26057.7,25650.0,25700,ATM-8,CALL,26100,2025-12-02
2025-12-02 11:54:00+05:30,410.05,417.85,410.05,410.05,75,25275,28.391843,26053.25,25650.0,25700,ATM-8,CALL,26100,2025-12-02
2025-12-02 11:55:00+05:30,410.05,410.35,410.05,410.35,375,25275,34.029736,26047.65,25650.0,25700,ATM-8,CALL,26100,2025-12-02
2025-12-02 11:56:00+05:30,406.1,410.35,406.1,409.0,825,25275,33.634348,26046.75,25650.0,25700,ATM-8,CALL,26100,2025-12-02
2025-12-02 11:57:00+05:30,411.4,411.4,409.0,410.15,150,25275,33.348141,26048.4,25650.0,25700,ATM-8,CALL,26100,2025-12-02
2025-12-02 11:58:00+05:30,410.6,410.6,410.15,410.6,75,25275,30.685807,26051.9,25650.0,25700,ATM-8,CALL,26100,2025-12-02
2025-12-02 11:59:00+05:30,415.0,415.0,410.6,415.0,600,25650,33.313862,26053.75,25650.0,25700,ATM-8,CALL,26100,2025-12-02
2025-12-02 12:00:00+05:30,415.0,415.0,415.0,415.0,0,25650,38.210092,26046.8,25650.0,25700,ATM-8,CALL,26100,2025-12-02
2025-12-02 12:01:00+05:30,405.1,415.0,401.7,407.35,3150,23775,34.048588,26044.65,25650.0,25700,ATM-8,CALL,26100,2025-12-02
2025-12-02 12:02:00+05:30,407.35,407.35,407.35,407.35,0,23775,27.569978,26051.25,25650.0,25700,ATM-8,CALL,26100,2025-12-02
2025-12-02 12:03:00+05:30,419.25,419.25,407.35,417.0,225,23775,33.6627,26055.65,25650.0,25700,ATM-8,CALL,26100,2025-12-02
2025-12-02 12:04:00+05:30,416.05,417.0,416.05,416.05,75,23775,35.388138,26052.45,25650.0,25700,ATM-8,CALL,26100,2025-12-02
2025-12-02 12:05:00+05:30,407.65,416.05,407.65,407.65,150,23850,35.992003,26042.45,25650.0,25700,ATM-8,CALL,26100,2025-12-02
2025-12-02 12:06:00+05:30,407.35,410.4,407.35,410.05,300,23850,34.960424,26046.6,25650.0,25700,ATM-8,CALL,26100,2025-12-02
2025-12-02 12:07:00+05:30,410.05,410.05,410.05,410.05,0,23850,24.531084,26055.85,25650.0,25700,ATM-8,CALL,26100,2025-12-02
2025-12-02 12:08:00+05:30,410.05,410.05,410.05,410.05,0,23850,30.785357,26051.55,25650.0,25700,ATM-8,CALL,26100,2025-12-02
2025-12-02 12:09:00+05:30,410.05,410.05,410.05,410.05,0,23850,26.561406,26054.85,25650.0,25700,ATM-8,CALL,26100,2025-12-02
2025-12-02 12:10:00+05:30,410.05,410.05,410.05,410.05,0,23850,29.587516,26052.7,25650.0,25700,ATM-8,CALL,26100,2025-12-02
2025-12-02 12:11:00+05:30,410.05,410.05,410.05,410.05,0,23850,24.187904,26056.05,25650.0,25700,ATM-8,CALL,26100,2025-12-02
2025-12-02 12:12:00+05:30,410.05,410.05,410.05,410.05,0,23850,0.0,26058.6,25650.0,25700,ATM-8,CALL,26100,2025-12-02
2025-12-02 12:13:00+05:30,421.75,421.75,410.05,418.75,600,23850,34.866412,26056.5,25650.0,25700,ATM-8,CALL,26100,2025-12-02
2025-12-02 12:14:00+05:30,412.65,418.75,412.55,412.55,525,23400,33.481678,26051.55,25650.0,25700,ATM-8,CALL,26100,2025-12-02
2025-12-02 12:15:00+05:30,415.95,415.95,412.55,415.95,225,23400,35.530464,26052.7,25650.0,25700,ATM-8,CALL,26100,2025-12-02
2025-12-02 12:16:00+05:30,415.95,415.95,415.95,415.95,0,23400,37.929628,26049.3,25650.0,25700,ATM-8,CALL,26100,2025-12-02
2025-12-02 12:17:00+05:30,423.0,423.0,415.95,423.0,150,23175,35.249159,26060.8,25650.0,25700,ATM-8,CALL,26100,2025-12-02
2025-12-02 12:18:00+05:30,422.7,423.0,422.45,422.45,150,23175,36.627735,26058.45,25650.0,25700,ATM-8,CALL,26100,2025-12-02
2025-12-02 12:19:00+05:30,422.45,422.45,422.45,422.45,0,23175,38.064688,26056.45,25650.0,25700,ATM-8,CALL,26100,2025-12-02
2025-12-02 12:20:00+05:30,425.0,425.0,422.45,425.0,150,23175,38.873172,26058.1,25650.0,25700,ATM-8,CALL,26100,2025-12-02
2025-12-02 12:21:00+05:30,425.0,425.0,425.0,425.0,0,23175,39.011133,26057.95,25650.0,25700,ATM-8,CALL,26100,2025-12-02
2025-12-02 12:22:00+05:30,425.0,425.0,425.0,425.0,0,23175,37.776009,26059.85,25650.0,25700,ATM-8,CALL,26100,2025-12-02
2025-12-02 12:23:00+05:30,422.65,425.0,422.65,422.65,75,23025,37.26984,26058.05,25650.0,25700,ATM-8,CALL,26100,2025-12-02
2025-12-02 12:24:00+05:30,423.7,430.0,422.65,427.35,225,23025,35.918252,26065.0,25650.0,25700,ATM-8,CALL,26100,2025-12-02
2025-12-02 12:25:00+05:30,423.9,427.35,423.9,423.9,150,23025,34.737026,26062.75,25650.0,25700,ATM-8,CALL,26100,2025-12-02
2025-12-02 12:26:00+05:30,423.9,423.9,423.9,423.9,0,23025,34.774993,26062.75,25650.0,25700,ATM-8,CALL,26100,2025-12-02
2025-12-02 12:27:00+05:30,425.0,425.0,423.05,423.05,375,23025,35.057031,26061.55,25650.0,25700,ATM-8,CALL,26100,2025-12-02
2025-12-02 12:28:00+05:30,423.05,423.05,423.05,423.05,0,23025,36.61216,26059.65,25650.0,25700,ATM-8,CALL,26100,2025-12-02
2025-12-02 12:29:00+05:30,425.65,425.65,423.05,425.65,525,23025,33.191454,26066.45,25650.0,25700,ATM-8,CALL,26100,2025-12-02
2025-12-02 12:30:00+05:30,425.65,425.65,425.65,425.65,0,23025,33.476631,26066.2,25650.0,25700,ATM-8,CALL,26100,2025-12-02
2025-12-02 12:31:00+05:30,425.7,426.5,425.65,426.5,450,23025,36.652175,26063.5,25650.0,25700,ATM-8,CALL,26100,2025-12-02
2025-12-02 12:32:00+05:30,430.7,430.7,426.5,430.7,1125,23700,38.498081,26065.65,25650.0,25700,ATM-8,CALL,26100,2025-12-02
2025-12-02 12:33:00+05:30,430.7,430.7,430.7,430.7,0,23700,32.761494,26072.35,25650.0,25700,ATM-8,CALL,26100,2025-12-02
2025-12-02 12:34:00+05:30,438.0,438.0,430.7,438.0,1500,23700,38.492045,26073.75,25650.0,25700,ATM-8,CALL,26100,2025-12-02
2025-12-02 12:35:00+05:30,387.0,399.0,387.0,399.0,2550,137625,36.612437,26083.6,25700.0,25700,ATM-8,CALL,26100,2025-12-02
2025-12-02 12:36:00+05:30,397.65,399.0,390.4,391.45,6450,137625,33.514599,26079.65,25700.0,25700,ATM-8,CALL,26100,2025-12-02
2025-12-02 12:37:00+05:30,390.75,391.45,390.05,390.9,750,137625,34.476564,26077.85,25700.0,25700,ATM-8,CALL,26100,2025-12-02
2025-12-02 12:38:00+05:30,434.35,440.75,434.35,434.35,225,22725,36.726161,26072.25,25650.0,25700,ATM-8,CALL,26100,2025-12-02
2025-12-02 12:39:00+05:30,434.35,434.35,434.35,434.35,0,22725,36.725284,26072.3,25650.0,25700,ATM-8,CALL,26100,2025-12-02
2025-12-02 12:40:00+05:30,434.35,434.35,434.35,434.35,0,22725,35.816862,26073.4,25650.0,25700,ATM-8,CALL,26100,2025-12-02
2025-12-02 12:41:00+05:30,434.0,434.35,427.0,427.0,225,22800,35.069955,26066.4,25650.0,25700,ATM-8,CALL,26100,2025-12-02
2025-12-02 12:42:00+05:30,427.0,427.0,427.0,427.0,0,22800,38.376456,26062.35,25650.0,25700,ATM-8,CALL,26100,2025-12-02
2025-12-02 12:43:00+05:30,427.0,427.0,427.0,427.0,0,22800,38.954813,26061.6,25650.0,25700,ATM-8,CALL,26100,2025-12-02
2025-12-02 12:44:00+05:30,421.35,427.0,421.35,421.35,75,22575,34.960073,26060.6,25650.0,25700,ATM-8,CALL,26100,2025-12-02
2025-12-02 12:45:00+05:30,421.35,421.35,421.35,421.35,0,22575,35.696067,26059.8,25650.0,25700,ATM-8,CALL,26100,2025-12-02
2025-12-02 12:46:00+05:30,421.35,421.35,421.35,421.35,0,22575,39.242533,26055.15,25650.0,25700,ATM-8,CALL,26100,2025-12-02
2025-12-02 12:47:00+05:30,414.8,421.35,414.8,417.3,675,22500,35.211097,26056.1,25650.0,25700,ATM-8,CALL,26100,2025-12-02
2025-12-02 12:48:00+05:30,419.25,419.25,417.3,419.25,75,22500,37.988602,26054.75,25650.0,25700,ATM-8,CALL,26100,2025-12-02
2025-12-02 12:49:00+05:30,410.0,419.25,410.0,412.4,525,22500,36.43663,26049.4,25650.0,25700,ATM-8,CALL,26100,2025-12-02
2025-12-02 12:50:00+05:30,412.4,412.4,412.4,412.4,0,22500,35.80295,26050.25,25650.0,25700,ATM-8,CALL,26100,2025-12-02
2025-12-02 12:51:00+05:30,412.4,412.4,412.4,412.4,0,22500,35.72123,26050.4,25650.0,25700,ATM-8,CALL,26100,2025-12-02
2025-12-02 12:52:00+05:30,412.4,412.4,412.4,412.4,0,22500,36.285581,26049.75,25650.0,25700,ATM-8,CALL,26100,2025-12-02
2025-12-02 12:53:00+05:30,412.4,412.4,412.4,412.4,0,22500,36.678954,26049.3,25650.0,25700,ATM-8,CALL,26100,2025-12-02
2025-12-02 12:54:00+05:30,409.65,412.4,409.65,409.65,375,21975,38.455446,26043.9,25650.0,25700,ATM-8,CALL,26100,2025-12-02
2025-12-02 12:55:00+05:30,402.6,409.65,402.6,402.6,75,21975,31.649344,26044.45,25650.0,25700,ATM-8,CALL,26100,2025-12-02
2025-12-02 12:56:00+05:30,403.95,403.95,396.1,399.25,1200,22350,31.849349,26040.75,25650.0,25700,ATM-8,CALL,26100,2025-12-02
2025-12-02 12:57:00+05:30,398.85,399.25,395.65,395.65,300,22350,29.850118,26038.75,25650.0,25700,ATM-8,CALL,26100,2025-12-02
2025-12-02 12:58:00+05:30,400.7,400.7,395.65,400.7,75,22350,33.256916,26040.95,25650.0,25700,ATM-8,CALL,26100,2025-12-02
2025-12-02 12:59:00+05:30,399.6,402.7,399.6,402.7,300,23175,34.981264,26041.2,25650.0,25700,ATM-8,CALL,26100,2025-12-02
2025-12-02 13:00:00+05:30,402.15,402.7,402.15,402.15,150,23175,34.73101,26040.95,25650.0,25700,ATM-8,CALL,26100,2025-12-02
2025-12-02 13:01:00+05:30,402.05,402.15,399.2,399.2,225,23175,34.993117,26037.5,25650.0,25700,ATM-8,CALL,26100,2025-12-02
2025-12-02 13:02:00+05:30,399.2,399.2,399.2,399.2,0,23175,33.596066,26039.15,25650.0,25700,ATM-8,CALL,26100,2025-12-02
2025-12-02 13:03:00+05:30,399.2,399.2,399.2,399.2,0,23175,34.043993,26038.7,25650.0,25700,ATM-8,CALL,26100,2025-12-02
2025-12-02 13:04:00+05:30,399.2,399.2,399.2,399.2,0,23175,28.985221,26043.3,25650.0,25700,ATM-8,CALL,26100,2025-12-02
2025-12-02 13:05:00+05:30,391.3,399.2,391.3,391.75,1500,23100,29.848721,26034.9,25650.0,25700,ATM-8,CALL,26100,2025-12-02
2025-12-02 13:06:00+05:30,391.75,391.75,391.75,391.75,225,23100,29.569649,26035.15,25650.0,25700,ATM-8,CALL,26100,2025-12-02
2025-12-02 13:07:00+05:30,397.9,402.75,391.75,402.75,1725,23100,36.718685,26039.5,25650.0,25700,ATM-8,CALL,26100,2025-12-02
2025-12-02 13:08:00+05:30,404.2,404.2,402.75,404.2,525,23100,34.803152,26043.45,25650.0,25700,ATM-8,CALL,26100,2025-12-02
2025-12-02 13:09:00+05:30,406.95,408.05,404.2,408.05,150,22575,30.607986,26051.5,25650.0,25700,ATM-8,CALL,26100,2025-12-02
2025-12-02 13:10:00+05:30,410.25,410.25,401.7,401.7,675,22575,36.463659,26038.85,25650.0,25700,ATM-8,CALL,26100,2025-12-02
2025-12-02 13:11:00+05:30,401.7,401.7,401.7,401.7,0,22575,36.7783,26038.5,25650.0,25700,ATM-8,CALL,26100,2025-12-02
2025-12-02 13:12:00+05:30,401.7,401.7,396.3,399.0,300,22800,34.925125,26037.9,25650.0,25700,ATM-8,CALL,26100,2025-12-02
2025-12-02 13:13:00+05:30,399.0,399.0,399.0,399.0,0,22800,33.457278,26039.55,25650.0,25700,ATM-8,CALL,26100,2025-12-02
2025-12-02 13:14:00+05:30,394.0,399.0,394.0,394.0,75,22800,31.895559,26035.8,25650.0,25700,ATM-8,CALL,26100,2025-12-02
2025-12-02 13:15:00+05:30,395.35,395.35,394.0,395.05,150,22800,32.426311,26036.45,25650.0,25700,ATM-8,CALL,26100,2025-12-02
2025-12-02 13:16:00+05:30,397.0,397.0,395.05,395.05,150,22800,35.537046,26033.1,25650.0,25700,ATM-8,CALL,26100,2025-12-02
2025-12-02 13:17:00+05:30,393.45,395.05,393.45,393.45,300,22800,34.094513,26033.1,25650.0,25700,ATM-8,CALL,26100,2025-12-02
2025-12-02 13:18:00+05:30,397.35,397.35,393.45,397.35,75,22875,36.066672,26035.05,25650.0,25700,ATM-8,CALL,26100,2025-12-02
2025-12-02 13:19:00+05:30,396.45,397.35,396.45,396.45,75,22875,35.344722,26035.0,25650.0,25700,ATM-8,CALL,26100,2025-12-02
2025-12-02 13:20:00+05:30,396.95,396.95,396.45,396.95,75,22875,36.680203,26033.95,25650.0,25700,ATM-8,CALL,26100,2025-12-02
2025-12-02 13:21:00+05:30,390.0,396.95,390.0,390.0,150,22725,28.865909,26034.25,25650.0,25700,ATM-8,CALL,26100,2025-12-02
2025-12-02 13:22:00+05:30,401.75,404.1,390.0,404.1,225,22725,38.918689,26038.9,25650.0,25700,ATM-8,CALL,26100,2025-12-02
2025-12-02 13:23:00+05:30,404.1,404.1,404.1,404.1,0,22725,33.55111,26045.3,25650.0,25700,ATM-8,CALL,26100,2025-12-02
2025-12-02 13:24:00+05:30,404.1,404.1,404.1,404.1,0,22725,33.115163,26045.75,25650.0,25700,ATM-8,CALL,26100,2025-12-02
2025-12-02 13:25:00+05:30,405.4,405.4,404.1,405.4,225,22575,38.005638,26041.75,25650.0,25700,ATM-8,CALL,26100,2025-12-02
2025-12-02 13:26:00+05:30,405.4,405.4,405.4,405.4,0,22575,38.089607,26041.7,25650.0,25700,ATM-8,CALL,26100,2025-12-02
2025-12-02 13:27:00+05:30,405.4,405.4,405.4,405.4,0,22575,39.740424,26039.5,25650.0,25700,ATM-8,CALL,26100,2025-12-02
2025-12-02 13:28:00+05:30,405.4,405.4,405.4,405.4,0,22575,40.539327,26038.4,25650.0,25700,ATM-8,CALL,26100,2025-12-02
2025-12-02 13:29:00+05:30,399.15,405.4,399.15,399.15,75,22500,37.853877,26035.35,25650.0,25700,ATM-8,CALL,26100,2025-12-02
2025-12-02 13:30:00+05:30,399.15,399.15,399.15,399.15,0,22500,38.494987,26034.55,25650.0,25700,ATM-8,CALL,26100,2025-12-02
2025-12-02 13:31:00+05:30,394.8,399.15,394.8,394.8,75,22500,34.73227,26034.5,25650.0,25700,ATM-8,CALL,26100,2025-12-02
2025-12-02 13:32:00+05:30,396.0,396.0,394.8,396.0,75,22425,34.050465,26036.55,25650.0,25700,ATM-8,CALL,26100,2025-12-02
2025-12-02 13:33:00+05:30,397.0,398.95,396.0,398.95,150,22425,34.043435,26039.75,25650.0,25700,ATM-8,CALL,26100,2025-12-02
2025-12-02 13:34:00+05:30,402.3,403.9,398.95,403.9,300,22425,38.080739,26040.55,25650.0,25700,ATM-8,CALL,26100,2025-12-02
2025-12-02 13:35:00+05:30,402.0,403.9,402.0,402.0,75,22200,38.02952,26038.6,25650.0,25700,ATM-8,CALL,26100,2025-12-02
2025-12-02 13:36:00+05:30,390.0,402.0,390.0,390.0,150,22200,34.665155,26029.65,25650.0,25700,ATM-8,CALL,26100,2025-12-02
2025-12-02 13:37:00+05:30,390.25,391.25,390.0,391.25,150,22200,34.610892,26031.1,25650.0,25700,ATM-8,CALL,26100,2025-12-02
2025-12-02 13:38:00+05:30,393.05,397.8,391.25,397.8,525,22350,26.614175,26043.9,25650.0,25700,ATM-8,CALL,26100,2025-12-02
2025-12-02 13:39:00+05:30,404.45,404.45,396.95,396.95,450,22350,36.429788,26035.3,25650.0,25700,ATM-8,CALL,26100,2025-12-02
2025-12-02 13:40:00+05:30,396.9,396.95,396.2,396.2,300,22350,34.50978,26036.65,25650.0,25700,ATM-8,CALL,26100,2025-12-02
2025-12-02 13:41:00+05:30,397.05,397.05,396.2,396.65,600,22350,36.154774,26035.4,25650.0,25700,ATM-8,CALL,26100,2025-12-02
2025-12-02 13:42:00+05:30,394.0,396.65,394.0,394.0,150,22350,35.021431,26033.85,25650.0,25700,ATM-8,CALL,26100,2025-12-02
2025-12-02 13:43:00+05:30,396.1,396.1,394.0,396.1,150,22350,38.170442,26032.45,25650.0,25700,ATM-8,CALL,26100,2025-12-02
2025-12-02 13:44:00+05:30,396.1,396.1,396.1,396.1,0,22350,34.581771,26036.65,25650.0,25700,ATM-8,CALL,26100,2025-12-02
2025-12-02 13:45:00+05:30,396.1,396.1,396.1,396.1,0,22350,35.627014,26035.6,25650.0,25700,ATM-8,CALL,26100,2025-12-02
2025-12-02 13:46:00+05:30,392.65,396.1,392.65,392.95,225,22725,34.20619,26033.75,25650.0,25700,ATM-8,CALL,26100,2025-12-02
2025-12-02 13:47:00+05:30,400.0,403.7,392.95,402.15,975,22875,37.845245,26039.7,25650.0,25700,ATM-8,CALL,26100,2025-12-02
2025-12-02 13:48:00+05:30,403.85,404.9,402.15,404.9,225,22875,36.192295,26044.6,25650.0,25700,ATM-8,CALL,26100,2025-12-02
2025-12-02 13:49:00+05:30,404.95,404.95,404.9,404.95,300,22875,38.953272,26041.5,25650.0,25700,ATM-8,CALL,26100,2025-12-02
2025-12-02 13:50:00+05:30,407.0,407.0,404.95,407.0,75,22725,40.813671,26041.35,25650.0,25700,ATM-8,CALL,26100,2025-12-02
2025-12-02 13:51:00+05:30,411.2,413.05,407.0,410.0,450,22725,38.606154,26047.55,25650.0,25700,ATM-8,CALL,26100,2025-12-02
2025-12-02 13:52:00+05:30,410.0,410.0,410.0,410.0,0,22725,37.525006,26048.85,25650.0,25700,ATM-8,CALL,26100,2025-12-02
2025-12-02 13:53:00+05:30,410.0,410.0,410.0,410.0,0,22725,41.267363,26044.25,25650.0,25700,ATM-8,CALL,26100,2025-12-02
2025-12-02 13:54:00+05:30,410.0,410.0,410.0,410.0,0,22725,42.47712,26042.6,25650.0,25700,ATM-8,CALL,26100,2025-12-02
2025-12-02 13:55:00+05:30,400.0,410.0,399.5,399.5,375,22875,36.095643,26039.25,25650.0,25700,ATM-8,CALL,26100,2025-12-02
2025-12-02 13:56:00+05:30,415.0,416.0,399.5,414.0,375,22950,39.229134,26051.45,25650.0,25700,ATM-8,CALL,26100,2025-12-02
2025-12-02 13:57:00+05:30,410.0,417.15,410.0,417.15,2100,22950,39.296042,26054.85,25650.0,25700,ATM-8,CALL,26100,2025-12-02
2025-12-02 13:58:00+05:30,417.0,422.0,417.0,420.0,225,22950,39.249167,26058.05,25650.0,25700,ATM-8,CALL,26100,2025-12-02
2025-12-02 13:59:00+05:30,420.0,420.0,415.45,415.45,1050,24150,32.4064,26059.45,25650.0,25700,ATM-8,CALL,26100,2025-12-02
2025-12-02 14:00:00+05:30,415.0,415.45,408.2,411.8,675,24150,38.670816,26049.95,25650.0,25700,ATM-8,CALL,26100,2025-12-02
2025-12-02 14:01:00+05:30,410.8,411.8,410.8,410.8,75,24150,43.98747,26041.8,25650.0,25700,ATM-8,CALL,26100,2025-12-02
2025-12-02 14:02:00+05:30,410.8,410.8,410.8,410.8,0,24150,41.096897,26046.0,25650.0,25700,ATM-8,CALL,26100,2025-12-02
2025-12-02 14:03:00+05:30,414.15,414.15,410.8,414.15,150,23925,39.384501,26051.85,25650.0,25700,ATM-8,CALL,26100,2025-12-02
2025-12-02 14:04:00+05:30,414.15,414.15,414.15,414.15,0,23925,36.608908,26054.85,25650.0,25700,ATM-8,CALL,26100,2025-12-02
2025-12-02 14:05:00+05:30,411.5,414.15,411.5,411.5,225,24000,32.432188,26055.5,25650.0,25700,ATM-8,CALL,26100,2025-12-02
2025-12-02 14:06:00+05:30,411.5,411.5,411.5,411.5,0,24000,45.475079,26040.7,25650.0,25700,ATM-8,CALL,26100,2025-12-02
2025-12-02 14:07:00+05:30,411.5,411.5,411.5,411.5,0,24000,45.439475,26040.85,25650.0,25700,ATM-8,CALL,26100,2025-12-02
2025-12-02 14:08:00+05:30,411.5,411.5,411.5,411.5,0,24000,0.0,26059.9,25650.0,25700,ATM-8,CALL,26100,2025-12-02
2025-12-02 14:09:00+05:30,421.0,421.0,411.5,418.0,600,23850,36.859886,26058.95,25650.0,25700,ATM-8,CALL,26100,2025-12-02
2025-12-02 14:10:00+05:30,416.45,418.0,415.0,416.55,300,23850,37.438086,26056.9,25650.0,25700,ATM-8,CALL,26100,2025-12-02
2025-12-02 14:11:00+05:30,418.0,418.65,415.8,415.8,600,23925,39.793715,26053.65,25650.0,25700,ATM-8,CALL,26100,2025-12-02
2025-12-02 14:12:00+05:30,415.0,415.8,414.35,415.35,450,23925,40.287661,26052.65,25650.0,25700,ATM-8,CALL,26100,2025-12-02
2025-12-02 14:13:00+05:30,415.0,416.0,415.0,416.0,150,23925,40.559014,26053.1,25650.0,25700,ATM-8,CALL,26100,2025-12-02
2025-12-02 14:14:00+05:30,414.0,416.0,408.2,408.5,375,23475,40.504864,26045.05,25650.0,25700,ATM-8,CALL,26100,2025-12-02
2025-12-02 14:15:00+05:30,404.8,408.5,404.8,406.1,2025,23475,37.253327,26046.15,25650.0,25700,ATM-8,CALL,26100,2025-12-02
2025-12-02 14:16:00+05:30,410.0,410.0,406.1,407.65,525,23475,40.629921,26044.1,25650.0,25700,ATM-8,CALL,26100,2025-12-02
2025-12-02 14:17:00+05:30,405.0,407.65,405.0,405.0,150,23550,41.46475,26040.2,25650.0,25700,ATM-8,CALL,26100,2025-12-02
2025-12-02 14:18:00+05:30,405.0,405.0,405.0,405.0,0,23550,38.925678,26043.35,25650.0,25700,ATM-8,CALL,26100,2025-12-02
2025-12-02 14:19:00+05:30,404.35,407.6,404.35,407.6,150,23550,41.622894,26043.0,25650.0,25700,ATM-8,CALL,26100,2025-12-02
2025-12-02 14:20:00+05:30,409.55,409.55,407.6,409.0,150,23550,45.234531,26039.55,25650.0,25700,ATM-8,CALL,26100,2025-12-02
2025-12-02 14:21:00+05:30,398.65,409.0,396.35,396.75,600,24000,36.886691,26036.8,25650.0,25700,ATM-8,CALL,26100,2025-12-02
2025-12-02 14:22:00+05:30,396.75,396.75,396.75,396.75,0,24000,39.593551,26033.85,25650.0,25700,ATM-8,CALL,26100,2025-12-02
2025-12-02 14:23:00+05:30,390.0,396.75,389.65,389.65,375,24225,32.691038,26033.05,25650.0,25700,ATM-8,CALL,26100,2025-12-02
2025-12-02 14:24:00+05:30,392.15,392.15,389.65,392.15,75,24225,37.04548,26031.85,25650.0,25700,ATM-8,CALL,26100,2025-12-02
2025-12-02 14:25:00+05:30,395.9,400.0,392.15,400.0,750,24225,33.138854,26043.65,25650.0,25700,ATM-8,CALL,26100,2025-12-02
2025-12-02 14:26:00+05:30,397.75,400.0,397.75,397.75,75,24225,31.929358,26042.15,25650.0,25700,ATM-8,CALL,26100,2025-12-02
2025-12-02 14:27:00+05:30,390.0,397.75,388.6,388.6,2175,24150,0.0,26036.95,25650.0,25700,ATM-8,CALL,26100,2025-12-02
2025-12-02 14:28:00+05:30,388.6,388.6,388.6,388.6,0,24150,0.0,26038.25,25650.0,25700,ATM-8,CALL,26100,2025-12-02
2025-12-02 14:29:00+05:30,393.3,395.0,388.6,395.0,1350,24150,28.004769,26041.4,25650.0,25700,ATM-8,CALL,26100,2025-12-02
2025-12-02 14:30:00+05:30,393.0,395.0,387.65,388.0,375,24975,0.0,26037.55,25650.0,25700,ATM-8,CALL,26100,2025-12-02
2025-12-02 14:31:00+05:30,385.7,388.1,383.55,387.85,900,24975,15.799727,26035.95,25650.0,25700,ATM-8,CALL,26100,2025-12-02
2025-12-02 14:32:00+05:30,387.85,387.85,387.85,387.85,0,24975,26.164154,26034.8,25650.0,25700,ATM-8,CALL,26100,2025-12-02
2025-12-02 14:33:00+05:30,392.55,392.55,387.85,392.55,75,24300,34.887919,26034.75,25650.0,25700,ATM-8,CALL,26100,2025-12-02
2025-12-02 14:34:00+05:30,392.55,392.55,392.55,392.55,0,24300,29.781884,26038.2,25650.0,25700,ATM-8,CALL,26100,2025-12-02
2025-12-02 14:35:00+05:30,399.0,399.0,392.55,399.0,225,24300,39.171612,26037.6,25650.0,25700,ATM-8,CALL,26100,2025-12-02
2025-12-02 14:36:00+05:30,437.65,440.0,417.45,417.45,2850,182925,0.0,26016.1,25600.0,25700,ATM-8,CALL,26100,2025-12-02
2025-12-02 14:37:00+05:30,416.65,417.45,401.6,411.4,6975,182925,36.917717,26003.25,25600.0,25700,ATM-8,CALL,26100,2025-12-02
2025-12-02 14:38:00+05:30,409.6,415.7,409.6,415.7,2325,182475,35.490842,26008.95,25600.0,25700,ATM-8,CALL,26100,2025-12-02
2025-12-02 14:39:00+05:30,414.5,419.95,412.0,414.15,2025,182475,0.0,26013.7,25600.0,25700,ATM-8,CALL,26100,2025-12-02
2025-12-02 14:40:00+05:30,417.95,417.95,406.9,408.65,4275,182475,0.0,26009.85,25600.0,25700,ATM-8,CALL,26100,2025-12-02
2025-12-02 14:41:00+05:30,410.0,411.0,408.65,411.0,300,182025,0.0,26010.05,25600.0,25700,ATM-8,CALL,26100,2025-12-02
2025-12-02 14:42:00+05:30,409.0,414.15,409.0,414.15,675,182025,28.090464,26011.15,25600.0,25700,ATM-8,CALL,26100,2025-12-02
2025-12-02 14:43:00+05:30,412.35,414.15,412.35,412.35,75,182025,32.798674,26007.35,25600.0,25700,ATM-8,CALL,26100,2025-12-02
2025-12-02 14:44:00+05:30,411.8,413.8,411.8,413.8,150,182025,30.458173,26010.0,25600.0,25700,ATM-8,CALL,26100,2025-12-02
2025-12-02 14:45:00+05:30,405.0,413.8,405.0,409.85,4650,182475,0.0,26009.4,25600.0,25700,ATM-8,CALL,26100,2025-12-02
2025-12-02 14:46:00+05:30,410.25,411.05,409.85,411.0,975,182475,0.0,26011.5,25600.0,25700,ATM-8,CALL,26100,2025-12-02
2025-12-02 14:47:00+05:30,412.0,412.7,410.9,410.9,450,183750,0.0,26011.75,25600.0,25700,ATM-8,CALL,26100,2025-12-02
2025-12-02 14:48:00+05:30,411.0,419.85,410.25,419.85,1125,183750,29.084234,26016.75,25600.0,25700,ATM-8,CALL,26100,2025-12-02
2025-12-02 14:49:00+05:30,415.0,420.0,411.0,420.0,2325,183750,22.466526,26018.05,25600.0,25700,ATM-8,CALL,26100,2025-12-02
2025-12-02 14:50:00+05:30,421.65,425.6,420.0,425.45,1500,181350,39.541893,26016.55,25600.0,25700,ATM-8,CALL,26100,2025-12-02
2025-12-02 14:51:00+05:30,417.95,425.45,417.95,425.0,300,181350,36.127959,26018.75,25600.0,25700,ATM-8,CALL,26100,2025-12-02
2025-12-02 14:52:00+05:30,429.4,429.4,418.7,418.7,450,181350,0.0,26020.3,25600.0,25700,ATM-8,CALL,26100,2025-12-02
2025-12-02 14:53:00+05:30,420.0,420.0,417.05,417.05,1050,180825,0.0,26019.35,25600.0,25700,ATM-8,CALL,26100,2025-12-02
2025-12-02 14:54:00+05:30,415.0,417.05,409.0,409.0,1200,180825,0.0,26010.8,25600.0,25700,ATM-8,CALL,26100,2025-12-02
2025-12-02 14:55:00+05:30,411.9,411.9,406.15,406.15,2250,180825,0.0,26009.45,25600.0,25700,ATM-8,CALL,26100,2025-12-02
2025-12-02 14:56:00+05:30,409.75,410.7,406.15,409.75,525,180825,24.242198,26007.65,25600.0,25700,ATM-8,CALL,26100,2025-12-02
2025-12-02 14:57:00+05:30,409.8,409.8,408.0,408.0,450,182025,37.417619,26000.2,25600.0,25700,ATM-8,CALL,26100,2025-12-02
2025-12-02 14:58:00+05:30,407.75,408.0,397.45,401.75,4725,182025,0.0,26010.45,25600.0,25700,ATM-8,CALL,26100,2025-12-02
2025-12-02 14:59:00+05:30,406.95,407.6,401.75,405.55,4050,181050,0.0,26018.75,25600.0,25700,ATM-8,CALL,26100,2025-12-02
2025-12-02 15:00:00+05:30,411.95,421.95,405.55,412.05,2550,181050,0.0,26011.85,25600.0,25700,ATM-8,CALL,26100,2025-12-02
2025-12-02 15:01:00+05:30,411.0,422.0,411.0,419.55,825,181050,0.0,26021.95,25600.0,25700,ATM-8,CALL,26100,2025-12-02
2025-12-02 15:02:00+05:30,416.0,422.0,412.05,422.0,4800,181125,0.0,26022.35,25600.0,25700,ATM-8,CALL,26100,2025-12-02
2025-12-02 15:03:00+05:30,420.0,422.0,420.0,420.0,375,181125,0.0,26020.3,25600.0,25700,ATM-8,CALL,26100,2025-12-02
2025-12-02 15:04:00+05:30,421.0,423.45,420.0,421.3,1350,181125,0.0,26023.6,25600.0,25700,ATM-8,CALL,26100,2025-12-02
2025-12-02 15:05:00+05:30,421.75,422.0,420.5,420.9,1125,181125,0.0,26022.85,25600.0,25700,ATM-8,CALL,26100,2025-12-02
2025-12-02 15:06:00+05:30,419.8,420.9,417.65,419.15,1425,175800,0.0,26020.65,25600.0,25700,ATM-8,CALL,26100,2025-12-02
2025-12-02 15:07:00+05:30,420.0,420.0,418.8,420.0,1650,175800,0.0,26024.6,25600.0,25700,ATM-8,CALL,26100,2025-12-02
2025-12-02 15:08:00+05:30,369.5,369.5,369.5,369.5,0,26700,0.0,26026.8,25650.0,25700,ATM-8,CALL,26100,2025-12-02
2025-12-02 15:09:00+05:30,373.5,374.35,369.5,374.05,375,26925,0.0,26026.45,25650.0,25700,ATM-8,CALL,26100,2025-12-02
2025-12-02 15:10:00+05:30,372.35,376.0,372.35,375.4,2550,26925,0.0,26030.5,25650.0,25700,ATM-8,CALL,26100,2025-12-02
2025-12-02 15:11:00+05:30,379.85,379.85,375.15,377.7,3450,27975,0.0,26033.2,25650.0,25700,ATM-8,CALL,26100,2025-12-02
2025-12-02 15:12:00+05:30,376.95,377.9,376.8,377.85,3525,27975,0.0,26033.4,25650.0,25700,ATM-8,CALL,26100,2025-12-02
2025-12-02 15:13:00+05:30,380.85,380.85,377.85,380.85,300,27975,0.0,26037.75,25650.0,25700,ATM-8,CALL,26100,2025-12-02
2025-12-02 15:14:00+05:30,381.0,381.0,378.4,378.4,2475,28200,0.0,26036.75,25650.0,25700,ATM-8,CALL,26100,2025-12-02
2025-12-02 15:15:00+05:30,379.25,380.2,375.8,375.8,1800,28200,0.0,26033.8,25650.0,25700,ATM-8,CALL,26100,2025-12-02
2025-12-02 15:16:00+05:30,376.8,377.2,375.65,377.2,375,28200,0.0,26037.4,25650.0,25700,ATM-8,CALL,26100,2025-12-02
2025-12-02 15:17:00+05:30,377.2,378.95,377.2,377.85,2925,28125,0.0,26038.65,25650.0,25700,ATM-8,CALL,26100,2025-12-02
2025-12-02 15:18:00+05:30,377.2,377.85,377.2,377.2,1275,28125,0.0,26032.75,25650.0,25700,ATM-8,CALL,26100,2025-12-02
2025-12-02 15:19:00+05:30,376.15,378.45,376.15,378.45,1500,28125,0.0,26038.6,25650.0,25700,ATM-8,CALL,26100,2025-12-02
2025-12-02 15:20:00+05:30,381.0,381.0,378.45,380.9,300,28125,0.0,26044.85,25650.0,25700,ATM-8,CALL,26100,2025-12-02
2025-12-02 15:21:00+05:30,380.15,380.9,380.0,380.0,225,27000,0.0,26040.15,25650.0,25700,ATM-8,CALL,26100,2025-12-02
2025-12-02 15:22:00+05:30,379.75,380.0,379.75,380.0,525,27000,0.0,26040.75,25650.0,25700,ATM-8,CALL,26100,2025-12-02
2025-12-02 15:23:00+05:30,381.95,381.95,380.0,381.5,1275,27000,0.0,26048.35,25650.0,25700,ATM-8,CALL,26100,2025-12-02
2025-12-02 15:24:00+05:30,381.85,381.85,381.4,381.4,450,26100,0.0,26050.9,25650.0,25700,ATM-8,CALL,26100,2025-12-02
2025-12-02 15:25:00+05:30,382.85,383.25,381.4,382.0,1425,26100,0.0,26055.0,25650.0,25700,ATM-8,CALL,26100,2025-12-02
2025-12-02 15:26:00+05:30,382.0,383.3,382.0,383.15,375,26100,0.0,26051.85,25650.0,25700,ATM-8,CALL,26100,2025-12-02
2025-12-02 15:27:00+05:30,383.15,383.15,383.15,383.15,0,26100,0.0,26055.35,25650.0,25700,ATM-8,CALL,26100,2025-12-02
2025-12-02 15:28:00+05:30,382.0,383.15,381.6,381.6,1650,25950,0.0,26056.15,25650.0,25700,ATM-8,CALL,26100,2025-12-02
2025-12-02 15:29:00+05:30,381.75,381.75,381.6,381.65,2325,25950,0.0,26057.0,25650.0,25700,ATM-8,CALL,26100,2025-12-02
2025-12-02 09:15:00+05:30,355.0,355.0,325.65,325.65,51300,175500,26.010032,26110.2,25800.0,25800,ATM-6,CALL,26100,2025-12-02
2025-12-02 09:16:00+05:30,322.05,338.75,322.05,333.8,33825,205650,26.328212,26118.7,25800.0,25800,ATM-6,CALL,26100,2025-12-02
2025-12-02 09:17:00+05:30,283.0,288.8,279.75,288.1,23025,113325,21.272001,26127.05,25850.0,25800,ATM-6,CALL,26100,2025-12-02
2025-12-02 09:18:00+05:30,291.45,305.6,287.0,300.9,17100,113325,17.25285,26145.25,25850.0,25800,ATM-6,CALL,26100,2025-12-02
2025-12-02 09:19:00+05:30,301.35,312.85,298.5,302.45,17400,122250,22.054387,26141.5,25850.0,25800,ATM-6,CALL,26100,2025-12-02
2025-12-02 09:20:00+05:30,302.6,312.9,299.0,309.15,25275,122250,23.548028,26146.45,25850.0,25800,ATM-6,CALL,26100,2025-12-02
2025-12-02 09:21:00+05:30,307.6,309.85,297.05,309.85,14400,122250,24.546885,26145.5,25850.0,25800,ATM-6,CALL,26100,2025-12-02
2025-12-02 09:22:00+05:30,310.0,314.7,304.6,309.7,10875,121575,24.365772,26145.7,25850.0,25800,ATM-6,CALL,26100,2025-12-02
2025-12-02 09:23:00+05:30,307.15,316.6,303.9,312.7,10425,121575,22.872922,26151.5,25850.0,25800,ATM-6,CALL,26100,2025-12-02
2025-12-02 09:24:00+05:30,312.25,313.1,305.35,305.35,5700,121575,22.606572,26143.95,25850.0,25800,ATM-6,CALL,26100,2025-12-02
2025-12-02 09:25:00+05:30,305.7,313.0,303.65,308.9,3150,121200,24.239474,26145.15,25850.0,25800,ATM-6,CALL,26100,2025-12-02
2025-12-02 09:26:00+05:30,307.3,313.15,303.55,312.7,8775,121200,25.381484,26147.3,25850.0,25800,ATM-6,CALL,26100,2025-12-02
2025-12-02 09:27:00+05:30,314.0,316.25,307.15,310.3,7350,121200,23.265203,26148.4,25850.0,25800,ATM-6,CALL,26100,2025-12-02
2025-12-02 09:28:00+05:30,312.9,315.2,308.25,308.25,4575,119325,25.048279,26143.05,25850.0,25800,ATM-6,CALL,26100,2025-12-02
2025-12-02 09:29:00+05:30,306.0,308.25,295.0,295.0,12075,119325,24.053499,26130.2,25850.0,25800,ATM-6,CALL,26100,2025-12-02
2025-12-02 09:30:00+05:30,348.35,351.0,339.55,339.55,15300,209175,28.219018,26122.1,25800.0,25800,ATM-6,CALL,26100,2025-12-02
2025-12-02 09:31:00+05:30,324.65,339.55,324.65,328.3,37425,221250,23.220845,26118.15,25800.0,25800,ATM-6,CALL,26100,2025-12-02
2025-12-02 09:32:00+05:30,280.55,297.3,280.0,297.3,20250,124800,24.513581,26132.0,25850.0,25800,ATM-6,CALL,26100,2025-12-02
2025-12-02 09:33:00+05:30,347.7,349.8,333.5,333.5,13950,221250,25.151653,26121.0,25800.0,25800,ATM-6,CALL,26100,2025-12-02
2025-12-02 09:34:00+05:30,333.7,333.7,326.75,327.9,14625,231825,25.157291,26114.9,25800.0,25800,ATM-6,CALL,26100,2025-12-02
2025-12-02 09:35:00+05:30,327.8,333.8,327.0,328.2,8775,231825,24.666698,26116.05,25800.0,25800,ATM-6,CALL,26100,2025-12-02
2025-12-02 09:36:00+05:30,327.9,330.9,320.05,330.55,27225,231825,27.185304,26114.3,25800.0,25800,ATM-6,CALL,26100,2025-12-02
2025-12-02 09:37:00+05:30,334.0,336.0,330.55,333.85,10125,243150,25.812158,26120.45,25800.0,25800,ATM-6,CALL,26100,2025-12-02
2025-12-02 09:38:00+05:30,334.0,334.0,321.75,322.45,14625,243150,25.623812,26108.25,25800.0,25800,ATM-6,CALL,26100,2025-12-02
2025-12-02 09:39:00+05:30,323.35,329.0,322.45,326.0,11475,243150,27.43271,26108.85,25800.0,25800,ATM-6,CALL,26100,2025-12-02
2025-12-02 09:40:00+05:30,327.8,330.0,315.35,315.35,14025,260250,22.864189,26104.95,25800.0,25800,ATM-6,CALL,26100,2025-12-02
2025-12-02 09:41:00+05:30,317.1,320.35,306.9,308.95,38325,260250,24.393195,26095.6,25800.0,25800,ATM-6,CALL,26100,2025-12-02
2025-12-02 09:42:00+05:30,307.75,312.7,296.0,296.0,52500,260250,19.294249,26088.75,25800.0,25800,ATM-6,CALL,26100,2025-12-02
2025-12-02 09:43:00+05:30,297.8,306.4,296.0,305.55,20775,293850,24.71048,26091.35,25800.0,25800,ATM-6,CALL,26100,2025-12-02
2025-12-02 09:44:00+05:30,306.05,306.05,293.0,293.65,32850,293850,24.085983,26079.3,25800.0,25800,ATM-6,CALL,26100,2025-12-02
2025-12-02 09:45:00+05:30,293.0,301.5,292.35,300.0,68925,293850,24.081006,26086.4,25800.0,25800,ATM-6,CALL,26100,2025-12-02
2025-12-02 09:46:00+05:30,298.9,301.4,297.95,301.35,22725,382800,23.809518,26088.4,25800.0,25800,ATM-6,CALL,26100,2025-12-02
2025-12-02 09:47:00+05:30,300.8,308.3,300.8,306.0,29850,382800,23.406067,26094.2,25800.0,25800,ATM-6,CALL,26100,2025-12-02
2025-12-02 09:48:00+05:30,304.85,306.0,286.65,289.9,41850,382800,19.228719,26082.5,25800.0,25800,ATM-6,CALL,26100,2025-12-02
2025-12-02 09:49:00+05:30,341.15,341.15,330.0,332.45,4275,66900,23.613654,26072.65,25750.0,25800,ATM-6,CALL,26100,2025-12-02
2025-12-02 09:50:00+05:30,332.8,334.3,328.0,332.75,3675,66900,24.355406,26072.0,25750.0,25800,ATM-6,CALL,26100,2025-12-02
2025-12-02 09:51:00+05:30,332.7,333.6,329.65,331.65,1725,66900,23.95152,26071.4,25750.0,25800,ATM-6,CALL,26100,2025-12-02
2025-12-02 09:52:00+05:30,331.1,332.95,327.0,331.85,1950,70425,24.454042,26070.95,25750.0,25800,ATM-6,CALL,26100,2025-12-02
2025-12-02 09:53:00+05:30,333.95,335.85,331.7,331.7,1875,70425,24.071363,26071.35,25750.0,25800,ATM-6,CALL,26100,2025-12-02
2025-12-02 09:54:00+05:30,284.0,291.4,283.3,287.2,13500,463875,21.605879,26076.7,25800.0,25800,ATM-6,CALL,26100,2025-12-02
2025-12-02 09:55:00+05:30,287.0,299.05,284.6,297.15,32475,498825,22.666968,26085.95,25800.0,25800,ATM-6,CALL,26100,2025-12-02
2025-12-02 09:56:00+05:30,295.0,297.15,290.5,291.0,13950,498825,19.66746,26083.35,25800.0,25800,ATM-6,CALL,26100,2025-12-02
2025-12-02 09:57:00+05:30,293.0,296.05,291.0,292.2,6000,498825,18.78369,26085.55,25800.0,25800,ATM-6,CALL,26100,2025-12-02
2025-12-02 09:58:00+05:30,293.85,296.8,289.9,292.0,17100,492750,21.894906,26081.6,25800.0,25800,ATM-6,CALL,26100,2025-12-02
2025-12-02 09:59:00+05:30,291.0,292.4,283.6,288.75,18675,492750,23.711123,26075.1,25800.0,25800,ATM-6,CALL,26100,2025-12-02
2025-12-02 10:00:00+05:30,338.25,338.4,334.5,334.5,675,72075,25.534403,26072.5,25750.0,25800,ATM-6,CALL,26100,2025-12-02
2025-12-02 10:01:00+05:30,287.3,293.9,285.55,290.0,27000,518025,23.547702,26076.85,25800.0,25800,ATM-6,CALL,26100,2025-12-02
2025-12-02 10:02:00+05:30,336.25,337.0,335.0,335.25,300,71175,26.481688,26071.9,25750.0,25800,ATM-6,CALL,26100,2025-12-02
2025-12-02 10:03:00+05:30,335.25,335.25,329.0,334.65,10875,71175,27.064877,26070.3,25750.0,25800,ATM-6,CALL,26100,2025-12-02
2025-12-02 10:04:00+05:30,287.05,296.05,285.0,295.0,42600,526125,24.696704,26080.45,25800.0,25800,ATM-6,CALL,26100,2025-12-02
2025-12-02 10:05:00+05:30,295.0,296.5,291.0,293.9,17325,526125,24.238602,26080.1,25800.0,25800,ATM-6,CALL,26100,2025-12-02
2025-12-02 10:06:00+05:30,290.75,293.9,285.35,288.85,8625,526125,22.993222,26076.7,25800.0,25800,ATM-6,CALL,26100,2025-12-02
2025-12-02 10:07:00+05:30,338.05,338.05,327.55,332.25,1350,65850,24.033132,26072.4,25750.0,25800,ATM-6,CALL,26100,2025-12-02
2025-12-02 10:08:00+05:30,329.55,336.75,329.55,336.75,1125,65850,27.045421,26072.85,25750.0,25800,ATM-6,CALL,26100,2025-12-02
2025-12-02 10:09:00+05:30,334.1,336.75,334.1,334.2,600,65850,25.037853,26073.2,25750.0,25800,ATM-6,CALL,26100,2025-12-02
2025-12-02 10:10:00+05:30,326.35,334.2,319.05,323.15,3750,66825,23.659354,26063.2,25750.0,25800,ATM-6,CALL,26100,2025-12-02
2025-12-02 10:11:00+05:30,323.0,323.15,315.2,318.3,3525,66825,23.329272,26058.45,25750.0,25800,ATM-6,CALL,26100,2025-12-02
2025-12-02 10:12:00+05:30,318.9,320.0,317.0,319.85,1725,66825,25.567831,26056.85,25750.0,25800,ATM-6,CALL,26100,2025-12-02
2025-12-02 10:13:00+05:30,320.9,321.0,318.5,318.7,900,71025,23.582259,26058.6,25750.0,25800,ATM-6,CALL,26100,2025-12-02
2025-12-02 10:14:00+05:30,320.0,321.2,318.7,319.1,900,71025,23.846532,26058.7,25750.0,25800,ATM-6,CALL,26100,2025-12-02
2025-12-02 10:15:00+05:30,319.1,320.8,317.8,317.85,2550,71025,23.868026,26057.35,25750.0,25800,ATM-6,CALL,26100,2025-12-02
2025-12-02 10:16:00+05:30,316.85,323.65,316.85,321.2,1800,69900,24.403473,26060.25,25750.0,25800,ATM-6,CALL,26100,2025-12-02
2025-12-02 10:17:00+05:30,313.95,321.2,309.6,309.6,2100,69900,23.144005,26049.5,25750.0,25800,ATM-6,CALL,26100,2025-12-02
2025-12-02 10:18:00+05:30,310.75,317.15,309.6,317.15,2700,69900,25.324768,26054.5,25750.0,25800,ATM-6,CALL,26100,2025-12-02
2025-12-02 10:19:00+05:30,317.05,326.35,317.05,325.8,1050,71250,26.24471,26062.55,25750.0,25800,ATM-6,CALL,26100,2025-12-02
2025-12-02 10:20:00+05:30,325.2,332.1,325.2,330.1,6075,71250,27.420285,26065.35,25750.0,25800,ATM-6,CALL,26100,2025-12-02
2025-12-02 10:21:00+05:30,329.2,334.45,328.4,330.25,3975,71250,25.498152,26068.65,25750.0,25800,ATM-6,CALL,26100,2025-12-02
2025-12-02 10:22:00+05:30,331.4,338.4,330.15,338.4,1500,65475,27.362372,26074.7,25750.0,25800,ATM-6,CALL,26100,2025-12-02
2025-12-02 10:23:00+05:30,337.2,338.4,335.3,335.3,450,65475,27.105065,26071.75,25750.0,25800,ATM-6,CALL,26100,2025-12-02
2025-12-02 10:24:00+05:30,332.65,335.3,332.65,332.65,225,65475,25.676758,26071.1,25750.0,25800,ATM-6,CALL,26100,2025-12-02
2025-12-02 10:25:00+05:30,332.65,338.0,332.65,336.9,375,65250,26.685683,26074.25,25750.0,25800,ATM-6,CALL,26100,2025-12-02
2025-12-02 10:26:00+05:30,335.0,336.9,329.55,331.5,975,65250,24.612293,26071.4,25750.0,25800,ATM-6,CALL,26100,2025-12-02
2025-12-02 10:27:00+05:30,334.3,334.3,331.5,334.0,975,65250,27.632251,26069.6,25750.0,25800,ATM-6,CALL,26100,2025-12-02
2025-12-02 10:28:00+05:30,335.0,335.0,332.35,332.85,900,64725,26.672156,26069.95,25750.0,25800,ATM-6,CALL,26100,2025-12-02
2025-12-02 10:29:00+05:30,284.65,294.55,284.3,292.25,33000,566850,24.459416,26078.8,25800.0,25800,ATM-6,CALL,26100,2025-12-02
2025-12-02 10:30:00+05:30,291.05,293.8,290.05,293.2,19800,566850,25.558403,26077.9,25800.0,25800,ATM-6,CALL,26100,2025-12-02
2025-12-02 10:31:00+05:30,291.0,300.1,287.4,300.1,40725,554325,26.395709,26084.1,25800.0,25800,ATM-6,CALL,26100,2025-12-02
2025-12-02 10:32:00+05:30,298.6,301.95,292.7,292.7,27375,554325,23.111746,26081.6,25800.0,25800,ATM-6,CALL,26100,2025-12-02
2025-12-02 10:33:00+05:30,293.2,297.4,288.65,297.4,12900,554325,25.49409,26082.85,25800.0,25800,ATM-6,CALL,26100,2025-12-02
2025-12-02 10:34:00+05:30,298.0,302.65,297.4,300.6,23475,546525,25.213583,26086.95,25800.0,25800,ATM-6,CALL,26100,2025-12-02
2025-12-02 10:35:00+05:30,300.15,304.5,296.5,302.5,30450,546525,24.63866,26090.05,25800.0,25800,ATM-6,CALL,26100,2025-12-02
2025-12-02 10:36:00+05:30,301.9,302.8,299.0,299.0,18375,546525,22.705996,26089.15,25800.0,25800,ATM-6,CALL,26100,2025-12-02
2025-12-02 10:37:00+05:30,297.5,299.05,292.7,298.35,19275,540825,25.784989,26083.55,25800.0,25800,ATM-6,CALL,26100,2025-12-02
2025-12-02 10:38:00+05:30,299.9,301.75,296.15,297.65,12375,540825,24.886455,26084.4,25800.0,25800,ATM-6,CALL,26100,2025-12-02
2025-12-02 10:39:00+05:30,297.0,298.4,296.0,297.25,9000,540825,25.401072,26083.1,25800.0,25800,ATM-6,CALL,26100,2025-12-02
2025-12-02 10:40:00+05:30,298.6,303.1,296.5,297.6,11625,539400,25.724756,26082.95,25800.0,25800,ATM-6,CALL,26100,2025-12-02
2025-12-02 10:41:00+05:30,299.0,304.3,297.2,303.0,19275,539400,25.984909,26088.55,25800.0,25800,ATM-6,CALL,26100,2025-12-02
2025-12-02 10:42:00+05:30,302.45,308.05,296.6,296.6,47250,539400,22.245109,26087.35,25800.0,25800,ATM-6,CALL,26100,2025-12-02
2025-12-02 10:43:00+05:30,297.9,299.0,291.7,291.85,18750,508650,22.756447,26081.55,25800.0,25800,ATM-6,CALL,26100,2025-12-02
2025-12-02 10:44:00+05:30,339.65,341.2,335.4,335.7,1425,59025,25.989811,26074.65,25750.0,25800,ATM-6,CALL,26100,2025-12-02
2025-12-02 10:45:00+05:30,286.6,288.9,282.3,287.5,9825,508650,23.111782,26076.35,25800.0,25800,ATM-6,CALL,26100,2025-12-02
2025-12-02 10:46:00+05:30,333.2,337.05,329.05,329.05,600,59100,24.270252,26069.8,25750.0,25800,ATM-6,CALL,26100,2025-12-02
2025-12-02 10:47:00+05:30,330.8,333.0,329.05,332.05,750,59100,25.332123,26071.7,25750.0,25800,ATM-6,CALL,26100,2025-12-02
2025-12-02 10:48:00+05:30,334.55,337.3,332.05,335.4,900,59100,26.070825,26074.35,25750.0,25800,ATM-6,CALL,26100,2025-12-02
2025-12-02 10:49:00+05:30,286.85,289.75,286.0,287.4,10500,508950,22.619637,26077.1,25800.0,25800,ATM-6,CALL,26100,2025-12-02
2025-12-02 10:50:00+05:30,290.0,304.5,287.4,304.3,47925,508950,26.114571,26090.15,25800.0,25800,ATM-6,CALL,26100,2025-12-02
2025-12-02 10:51:00+05:30,303.9,309.6,302.0,307.8,29775,508950,26.013301,26094.25,25800.0,25800,ATM-6,CALL,26100,2025-12-02
2025-12-02 10:52:00+05:30,307.2,313.0,307.0,310.0,35850,486975,25.117365,26098.15,25800.0,25800,ATM-6,CALL,26100,2025-12-02
2025-12-02 10:53:00+05:30,307.9,310.65,305.7,307.75,12300,486975,24.80439,26096.2,25800.0,25800,ATM-6,CALL,26100,2025-12-02
2025-12-02 10:54:00+05:30,307.45,307.9,303.6,305.0,11250,486975,25.486018,26092.15,25800.0,25800,ATM-6,CALL,26100,2025-12-02
2025-12-02 10:55:00+05:30,305.0,305.95,301.1,304.2,13275,489600,25.428783,26091.4,25800.0,25800,ATM-6,CALL,26100,2025-12-02
2025-12-02 10:56:00+05:30,303.95,304.7,300.15,304.25,6300,489600,24.920706,26092.3,25800.0,25800,ATM-6,CALL,26100,2025-12-02
2025-12-02 10:57:00+05:30,303.95,306.6,299.75,299.75,12900,489600,22.324248,26091.05,25800.0,25800,ATM-6,CALL,26100,2025-12-02
2025-12-02 10:58:00+05:30,298.9,302.45,297.65,299.5,10350,487200,23.411538,26089.4,25800.0,25800,ATM-6,CALL,26100,2025-12-02
2025-12-02 10:59:00+05:30,299.45,310.95,299.45,310.6,19575,487200,25.67915,26098.2,25800.0,25800,ATM-6,CALL,26100,2025-12-02
2025-12-02 11:00:00+05:30,310.25,312.0,302.0,302.0,17025,487200,23.121406,26092.55,25800.0,25800,ATM-6,CALL,26100,2025-12-02
2025-12-02 11:01:00+05:30,302.8,305.15,294.3,298.0,22425,483825,24.838584,26085.75,25800.0,25800,ATM-6,CALL,26100,2025-12-02
2025-12-02 11:02:00+05:30,299.5,307.0,298.0,303.55,13800,483825,23.822316,26093.35,25800.0,25800,ATM-6,CALL,26100,2025-12-02
2025-12-02 11:03:00+05:30,304.5,308.15,303.55,306.3,10200,483825,24.157846,26095.9,25800.0,25800,ATM-6,CALL,26100,2025-12-02
2025-12-02 11:04:00+05:30,308.15,310.05,306.3,307.0,8400,485400,23.114349,26098.05,25800.0,25800,ATM-6,CALL,26100,2025-12-02
2025-12-02 11:05:00+05:30,307.6,308.5,303.05,304.25,5175,485400,23.33309,26094.85,25800.0,25800,ATM-6,CALL,26100,2025-12-02
2025-12-02 11:06:00+05:30,308.0,308.0,304.25,305.7,2925,485400,23.974092,26095.6,25800.0,25800,ATM-6,CALL,26100,2025-12-02
2025-12-02 11:07:00+05:30,305.85,308.65,303.75,306.3,6825,487200,24.712126,26095.25,25800.0,25800,ATM-6,CALL,26100,2025-12-02
2025-12-02 11:08:00+05:30,306.35,306.4,302.1,302.1,4800,487200,23.078709,26092.95,25800.0,25800,ATM-6,CALL,26100,2025-12-02
2025-12-02 11:09:00+05:30,302.6,309.45,300.95,308.0,15300,487200,25.003686,26096.75,25800.0,25800,ATM-6,CALL,26100,2025-12-02
2025-12-02 11:10:00+05:30,307.15,308.0,304.0,307.0,4500,479475,25.30199,26095.25,25800.0,25800,ATM-6,CALL,26100,2025-12-02
2025-12-02 11:11:00+05:30,308.0,308.0,301.0,305.15,9225,479475,24.738142,26094.1,25800.0,25800,ATM-6,CALL,26100,2025-12-02
2025-12-02 11:12:00+05:30,305.8,305.8,302.5,302.5,3525,479475,24.319028,26091.85,25800.0,25800,ATM-6,CALL,26100,2025-12-02
2025-12-02 11:13:00+05:30,302.0,302.5,289.2,289.9,21825,483375,17.837977,26085.15,25800.0,25800,ATM-6,CALL,26100,2025-12-02
2025-12-02 11:14:00+05:30,290.15,292.1,286.1,287.35,19125,483375,20.06564,26080.75,25800.0,25800,ATM-6,CALL,26100,2025-12-02
2025-12-02 11:15:00+05:30,289.2,293.0,285.1,292.45,20250,483375,24.241772,26081.1,25800.0,25800,ATM-6,CALL,26100,2025-12-02
2025-12-02 11:16:00+05:30,292.75,292.75,284.9,286.2,15300,497400,23.121523,26075.95,25800.0,25800,ATM-6,CALL,26100,2025-12-02
2025-12-02 11:17:00+05:30,288.0,291.5,284.0,291.35,10050,497400,24.384414,26079.75,25800.0,25800,ATM-6,CALL,26100,2025-12-02
2025-12-02 11:18:00+05:30,290.0,293.9,288.0,288.0,10275,497400,20.695182,26080.9,25800.0,25800,ATM-6,CALL,26100,2025-12-02
2025-12-02 11:19:00+05:30,289.0,292.0,288.0,289.1,6075,505950,21.521062,26081.2,25800.0,25800,ATM-6,CALL,26100,2025-12-02
2025-12-02 11:20:00+05:30,288.5,289.9,284.35,286.4,6600,505950,22.93989,26076.55,25800.0,25800,ATM-6,CALL,26100,2025-12-02
2025-12-02 11:21:00+05:30,287.3,287.3,283.9,286.35,7875,505950,23.799172,26075.3,25800.0,25800,ATM-6,CALL,26100,2025-12-02
2025-12-02 11:22:00+05:30,334.4,335.0,328.95,330.0,1425,58125,25.178566,26070.8,25750.0,25800,ATM-6,CALL,26100,2025-12-02
2025-12-02 11:23:00+05:30,328.3,331.9,328.3,331.75,525,58125,25.475322,26072.35,25750.0,25800,ATM-6,CALL,26100,2025-12-02
2025-12-02 11:24:00+05:30,284.9,295.4,283.85,294.0,22725,511575,24.952263,26082.05,25800.0,25800,ATM-6,CALL,26100,2025-12-02
2025-12-02 11:25:00+05:30,293.75,297.4,293.75,294.7,26325,525750,24.391487,26083.7,25800.0,25800,ATM-6,CALL,26100,2025-12-02
2025-12-02 11:26:00+05:30,295.4,297.0,284.5,285.3,19725,525750,21.588443,26077.25,25800.0,25800,ATM-6,CALL,26100,2025-12-02
2025-12-02 11:27:00+05:30,332.5,337.5,331.0,331.0,675,57750,24.348873,26072.95,25750.0,25800,ATM-6,CALL,26100,2025-12-02
2025-12-02 11:28:00+05:30,333.85,333.85,328.35,329.4,1425,57750,24.281548,26071.35,25750.0,25800,ATM-6,CALL,26100,2025-12-02
2025-12-02 11:29:00+05:30,329.95,329.95,324.35,326.55,375,57750,24.233742,26068.4,25750.0,25800,ATM-6,CALL,26100,2025-12-02
2025-12-02 11:30:00+05:30,327.0,327.0,319.9,324.05,1950,57750,23.291897,26066.75,25750.0,25800,ATM-6,CALL,26100,2025-12-02
2025-12-02 11:31:00+05:30,325.1,325.85,323.1,323.85,600,56925,22.38863,26067.4,25750.0,25800,ATM-6,CALL,26100,2025-12-02
2025-12-02 11:32:00+05:30,324.7,325.8,320.0,320.7,1125,56925,0.0,26068.0,25750.0,25800,ATM-6,CALL,26100,2025-12-02
2025-12-02 11:33:00+05:30,324.2,324.2,320.7,324.2,150,56925,22.044131,26068.1,25750.0,25800,ATM-6,CALL,26100,2025-12-02
2025-12-02 11:34:00+05:30,321.75,324.2,319.4,321.55,600,56925,20.182727,26066.7,25750.0,25800,ATM-6,CALL,26100,2025-12-02
2025-12-02 11:35:00+05:30,322.75,323.9,321.55,322.05,375,57375,20.848872,26066.8,25750.0,25800,ATM-6,CALL,26100,2025-12-02
2025-12-02 11:36:00+05:30,322.0,322.35,315.95,320.8,2100,57375,20.735054,26065.6,25750.0,25800,ATM-6,CALL,26100,2025-12-02
2025-12-02 11:37:00+05:30,322.45,325.25,320.8,325.25,1275,58575,24.130965,26067.35,25750.0,25800,ATM-6,CALL,26100,2025-12-02
2025-12-02 11:38:00+05:30,323.95,332.0,322.9,332.0,3600,58575,25.50884,26073.05,25750.0,25800,ATM-6,CALL,26100,2025-12-02
2025-12-02 11:39:00+05:30,331.4,334.45,328.65,328.65,3000,58575,23.257845,26071.85,25750.0,25800,ATM-6,CALL,26100,2025-12-02
2025-12-02 11:40:00+05:30,329.45,329.45,325.0,325.2,1200,58575,20.016575,26070.65,25750.0,25800,ATM-6,CALL,26100,2025-12-02
2025-12-02 11:41:00+05:30,324.0,325.2,314.0,317.05,2550,56550,15.672023,26063.95,25750.0,25800,ATM-6,CALL,26100,2025-12-02
2025-12-02 11:42:00+05:30,318.4,319.6,317.05,318.75,2700,56550,20.163154,26063.95,25750.0,25800,ATM-6,CALL,26100,2025-12-02
2025-12-02 11:43:00+05:30,321.15,321.15,318.75,319.05,150,56250,20.444391,26064.1,25750.0,25800,ATM-6,CALL,26100,2025-12-02
2025-12-02 11:44:00+05:30,322.75,322.75,319.0,319.0,1425,56250,21.535092,26063.3,25750.0,25800,ATM-6,CALL,26100,2025-12-02
2025-12-02 11:45:00+05:30,318.2,321.9,318.0,321.9,825,56250,25.703746,26062.2,25750.0,25800,ATM-6,CALL,26100,2025-12-02
2025-12-02 11:46:00+05:30,320.0,321.9,319.5,319.7,675,57225,24.086302,26061.75,25750.0,25800,ATM-6,CALL,26100,2025-12-02
2025-12-02 11:47:00+05:30,320.05,320.05,315.0,319.05,1200,57225,24.213452,26060.95,25750.0,25800,ATM-6,CALL,26100,2025-12-02
2025-12-02 11:48:00+05:30,318.05,322.35,318.05,321.0,375,57225,24.263594,26063.0,25750.0,25800,ATM-6,CALL,26100,2025-12-02
2025-12-02 11:49:00+05:30,322.9,329.45,321.0,329.45,2475,57225,26.83479,26069.05,25750.0,25800,ATM-6,CALL,26100,2025-12-02
2025-12-02 11:50:00+05:30,326.05,329.45,322.05,322.05,1650,56700,24.5193,26063.9,25750.0,25800,ATM-6,CALL,26100,2025-12-02
2025-12-02 11:51:00+05:30,321.9,322.1,318.85,318.85,375,56700,22.271377,26062.7,25750.0,25800,ATM-6,CALL,26100,2025-12-02
2025-12-02 11:52:00+05:30,317.4,319.6,313.8,319.0,2025,56700,24.967897,26060.2,25750.0,25800,ATM-6,CALL,26100,2025-12-02
2025-12-02 11:53:00+05:30,317.7,319.0,316.0,316.0,150,56475,24.371476,26057.7,25750.0,25800,ATM-6,CALL,26100,2025-12-02
2025-12-02 11:54:00+05:30,313.0,316.0,307.1,312.05,3075,56475,24.594682,26053.25,25750.0,25800,ATM-6,CALL,26100,2025-12-02
2025-12-02 11:55:00+05:30,311.5,312.05,310.05,310.95,1725,57600,27.809626,26047.65,25750.0,25800,ATM-6,CALL,26100,2025-12-02
2025-12-02 11:56:00+05:30,310.5,310.95,307.0,307.5,1575,57600,25.890894,26046.75,25750.0,25800,ATM-6,CALL,26100,2025-12-02
2025-12-02 11:57:00+05:30,309.8,311.4,307.5,309.7,1875,57600,26.454343,26048.4,25750.0,25800,ATM-6,CALL,26100,2025-12-02
2025-12-02 11:58:00+05:30,310.2,314.55,309.7,314.55,900,57600,27.719512,26051.9,25750.0,25800,ATM-6,CALL,26100,2025-12-02
2025-12-02 11:59:00+05:30,314.5,316.0,314.5,315.2,1500,59775,26.975666,26053.75,25750.0,25800,ATM-6,CALL,26100,2025-12-02
2025-12-02 12:00:00+05:30,315.15,315.2,309.7,309.7,2850,59775,27.614382,26046.8,25750.0,25800,ATM-6,CALL,26100,2025-12-02
2025-12-02 12:01:00+05:30,308.9,309.9,304.9,307.25,2700,59775,27.284107,26044.65,25750.0,25800,ATM-6,CALL,26100,2025-12-02
2025-12-02 12:02:00+05:30,305.0,320.5,305.0,316.0,5025,58275,29.248022,26051.25,25750.0,25800,ATM-6,CALL,26100,2025-12-02
2025-12-02 12:03:00+05:30,315.1,322.0,313.95,319.45,7650,58275,28.934277,26055.65,25750.0,25800,ATM-6,CALL,26100,2025-12-02
2025-12-02 12:04:00+05:30,318.0,319.45,314.2,314.2,7050,58275,27.262647,26052.45,25750.0,25800,ATM-6,CALL,26100,2025-12-02
2025-12-02 12:05:00+05:30,310.95,314.2,306.9,307.05,1500,68550,28.627881,26042.45,25750.0,25800,ATM-6,CALL,26100,2025-12-02
2025-12-02 12:06:00+05:30,307.85,312.25,307.05,311.15,1500,68550,28.912907,26046.6,25750.0,25800,ATM-6,CALL,26100,2025-12-02
2025-12-02 12:07:00+05:30,311.2,319.05,311.15,319.0,2400,69450,28.609707,26055.85,25750.0,25800,ATM-6,CALL,26100,2025-12-02
2025-12-02 12:08:00+05:30,319.5,323.0,313.55,313.55,1800,69450,27.507832,26051.55,25750.0,25800,ATM-6,CALL,26100,2025-12-02
2025-12-02 12:09:00+05:30,316.4,316.4,313.55,316.4,150,69450,27.413739,26054.85,25750.0,25800,ATM-6,CALL,26100,2025-12-02
2025-12-02 12:10:00+05:30,318.15,319.35,315.75,315.75,525,69450,28.414539,26052.7,25750.0,25800,ATM-6,CALL,26100,2025-12-02
2025-12-02 12:11:00+05:30,318.0,320.0,315.75,320.0,1125,70425,29.309364,26056.05,25750.0,25800,ATM-6,CALL,26100,2025-12-02
2025-12-02 12:12:00+05:30,318.75,320.65,318.65,319.8,9750,70425,27.475692,26058.6,25750.0,25800,ATM-6,CALL,26100,2025-12-02
2025-12-02 12:13:00+05:30,320.45,321.8,319.8,319.8,825,70425,28.943494,26056.5,25750.0,25800,ATM-6,CALL,26100,2025-12-02
2025-12-02 12:14:00+05:30,317.8,319.8,310.9,316.8,3675,64275,29.969809,26051.55,25750.0,25800,ATM-6,CALL,26100,2025-12-02
2025-12-02 12:15:00+05:30,315.55,316.8,315.25,316.5,525,64275,29.097282,26052.7,25750.0,25800,ATM-6,CALL,26100,2025-12-02
2025-12-02 12:16:00+05:30,312.15,316.5,312.15,312.15,1125,64275,28.219522,26049.3,25750.0,25800,ATM-6,CALL,26100,2025-12-02
2025-12-02 12:17:00+05:30,313.3,324.45,312.15,323.85,5100,65625,29.179904,26060.8,25750.0,25800,ATM-6,CALL,26100,2025-12-02
2025-12-02 12:18:00+05:30,322.0,323.85,319.3,320.65,3375,65625,28.420422,26058.45,25750.0,25800,ATM-6,CALL,26100,2025-12-02
2025-12-02 12:19:00+05:30,320.7,321.8,319.1,321.4,525,65625,30.273172,26056.45,25750.0,25800,ATM-6,CALL,26100,2025-12-02
2025-12-02 12:20:00+05:30,319.85,322.25,319.85,322.25,225,65850,29.872321,26058.1,25750.0,25800,ATM-6,CALL,26100,2025-12-02
2025-12-02 12:21:00+05:30,321.35,322.25,320.0,322.0,300,65850,29.823942,26057.95,25750.0,25800,ATM-6,CALL,26100,2025-12-02
2025-12-02 12:22:00+05:30,322.0,324.0,322.0,323.65,600,65850,29.811648,26059.85,25750.0,25800,ATM-6,CALL,26100,2025-12-02
2025-12-02 12:23:00+05:30,321.55,323.65,321.2,321.2,525,65850,29.252758,26058.05,25750.0,25800,ATM-6,CALL,26100,2025-12-02
2025-12-02 12:24:00+05:30,330.0,330.35,321.2,327.7,3975,65850,29.428038,26065.0,25750.0,25800,ATM-6,CALL,26100,2025-12-02
2025-12-02 12:25:00+05:30,325.85,327.7,323.15,323.9,2025,65850,28.104004,26062.75,25750.0,25800,ATM-6,CALL,26100,2025-12-02
2025-12-02 12:26:00+05:30,326.0,327.0,321.25,326.85,1425,66375,30.354767,26062.75,25750.0,25800,ATM-6,CALL,26100,2025-12-02
2025-12-02 12:27:00+05:30,324.8,326.85,322.35,325.0,900,66375,29.839558,26061.55,25750.0,25800,ATM-6,CALL,26100,2025-12-02
2025-12-02 12:28:00+05:30,324.05,325.0,324.05,324.05,75,66375,30.413355,26059.65,25750.0,25800,ATM-6,CALL,26100,2025-12-02
2025-12-02 12:29:00+05:30,327.65,329.4,324.05,329.4,825,65325,29.875346,26066.45,25750.0,25800,ATM-6,CALL,26100,2025-12-02
2025-12-02 12:30:00+05:30,329.35,329.4,327.3,329.0,2700,65325,29.778568,26066.2,25750.0,25800,ATM-6,CALL,26100,2025-12-02
2025-12-02 12:31:00+05:30,327.3,330.0,324.5,324.5,1800,65325,28.219249,26063.5,25750.0,25800,ATM-6,CALL,26100,2025-12-02
2025-12-02 12:32:00+05:30,327.2,330.65,324.5,329.75,825,63075,30.756053,26065.65,25750.0,25800,ATM-6,CALL,26100,2025-12-02
2025-12-02 12:33:00+05:30,329.75,335.55,329.75,334.4,3525,63075,29.720261,26072.35,25750.0,25800,ATM-6,CALL,26100,2025-12-02
2025-12-02 12:34:00+05:30,336.4,339.0,334.4,337.0,4350,63075,30.767721,26073.75,25750.0,25800,ATM-6,CALL,26100,2025-12-02
2025-12-02 12:35:00+05:30,287.95,299.8,287.45,297.65,65100,594750,28.490257,26083.6,25800.0,25800,ATM-6,CALL,26100,2025-12-02
2025-12-02 12:36:00+05:30,298.0,298.0,290.95,292.4,22800,594750,27.334232,26079.65,25800.0,25800,ATM-6,CALL,26100,2025-12-02
2025-12-02 12:37:00+05:30,291.2,292.9,289.3,291.8,17400,594750,28.072636,26077.85,25800.0,25800,ATM-6,CALL,26100,2025-12-02
2025-12-02 12:38:00+05:30,336.1,339.0,332.4,334.55,900,57600,30.074999,26072.25,25750.0,25800,ATM-6,CALL,26100,2025-12-02
2025-12-02 12:39:00+05:30,335.65,337.0,332.3,337.0,750,57600,31.890066,26072.3,25750.0,25800,ATM-6,CALL,26100,2025-12-02
2025-12-02 12:40:00+05:30,332.9,337.0,332.9,333.55,150,57600,28.443018,26073.4,25750.0,25800,ATM-6,CALL,26100,2025-12-02
2025-12-02 12:41:00+05:30,333.85,333.85,326.1,329.0,1275,57225,30.00444,26066.4,25750.0,25800,ATM-6,CALL,26100,2025-12-02
2025-12-02 12:42:00+05:30,328.35,329.0,322.8,322.8,900,57225,28.032996,26062.35,25750.0,25800,ATM-6,CALL,26100,2025-12-02
2025-12-02 12:43:00+05:30,323.7,325.95,321.9,323.05,5850,57225,28.840482,26061.6,25750.0,25800,ATM-6,CALL,26100,2025-12-02
2025-12-02 12:44:00+05:30,322.15,324.3,320.45,320.45,1725,59475,27.460999,26060.6,25750.0,25800,ATM-6,CALL,26100,2025-12-02
2025-12-02 12:45:00+05:30,321.15,322.75,320.45,321.7,2025,59475,29.139887,26059.8,25750.0,25800,ATM-6,CALL,26100,2025-12-02
2025-12-02 12:46:00+05:30,319.55,321.85,316.0,316.6,2550,59475,28.496707,26055.15,25750.0,25800,ATM-6,CALL,26100,2025-12-02
2025-12-02 12:47:00+05:30,315.5,320.65,315.0,320.65,1125,57450,30.904358,26056.1,25750.0,25800,ATM-6,CALL,26100,2025-12-02
2025-12-02 12:48:00+05:30,318.55,320.65,316.0,316.0,750,57450,28.373838,26054.75,25750.0,25800,ATM-6,CALL,26100,2025-12-02
2025-12-02 12:49:00+05:30,315.0,316.0,310.0,310.8,2625,57450,28.158009,26049.4,25750.0,25800,ATM-6,CALL,26100,2025-12-02
2025-12-02 12:50:00+05:30,311.45,313.95,310.8,312.5,1275,57675,28.911477,26050.25,25750.0,25800,ATM-6,CALL,26100,2025-12-02
2025-12-02 12:51:00+05:30,315.75,315.75,312.5,314.7,225,57675,30.455096,26050.4,25750.0,25800,ATM-6,CALL,26100,2025-12-02
2025-12-02 12:52:00+05:30,313.95,314.7,310.05,311.8,675,57675,28.788945,26049.75,25750.0,25800,ATM-6,CALL,26100,2025-12-02
2025-12-02 12:53:00+05:30,312.3,313.0,309.0,309.85,450,58050,27.588058,26049.3,25750.0,25800,ATM-6,CALL,26100,2025-12-02
2025-12-02 12:54:00+05:30,311.45,311.45,304.95,305.3,3525,58050,27.937977,26043.9,25750.0,25800,ATM-6,CALL,26100,2025-12-02
2025-12-02 12:55:00+05:30,300.0,306.45,300.0,304.75,6825,58050,27.111115,26044.45,25750.0,25800,ATM-6,CALL,26100,2025-12-02
2025-12-02 12:56:00+05:30,305.1,305.1,296.15,298.85,12675,59625,24.901507,26040.75,25750.0,25800,ATM-6,CALL,26100,2025-12-02
2025-12-02 12:57:00+05:30,299.4,299.4,293.6,297.35,4800,59625,25.280891,26038.75,25750.0,25800,ATM-6,CALL,26100,2025-12-02
2025-12-02 12:58:00+05:30,298.6,301.9,297.35,301.65,3750,59625,27.298366,26040.95,25750.0,25800,ATM-6,CALL,26100,2025-12-02
2025-12-02 12:59:00+05:30,302.75,302.75,300.75,301.65,2625,68400,27.141126,26041.2,25750.0,25800,ATM-6,CALL,26100,2025-12-02
2025-12-02 13:00:00+05:30,301.2,303.0,300.0,302.3,2625,68400,27.886971,26040.95,25750.0,25800,ATM-6,CALL,26100,2025-12-02
2025-12-02 13:01:00+05:30,302.3,302.3,295.0,295.0,3075,68400,24.235696,26037.5,25750.0,25800,ATM-6,CALL,26100,2025-12-02
2025-12-02 13:02:00+05:30,295.4,299.65,295.0,299.4,1575,70725,26.928341,26039.15,25750.0,25800,ATM-6,CALL,26100,2025-12-02
2025-12-02 13:03:00+05:30,299.3,299.4,297.0,297.6,375,70725,25.741854,26038.7,25750.0,25800,ATM-6,CALL,26100,2025-12-02
2025-12-02 13:04:00+05:30,302.15,305.65,297.6,302.95,3450,70725,26.760499,26043.3,25750.0,25800,ATM-6,CALL,26100,2025-12-02
2025-12-02 13:05:00+05:30,305.0,306.0,291.9,292.9,7875,68850,24.692902,26034.9,25750.0,25800,ATM-6,CALL,26100,2025-12-02
2025-12-02 13:06:00+05:30,294.2,296.15,291.75,296.15,2025,68850,27.395128,26035.15,25750.0,25800,ATM-6,CALL,26100,2025-12-02
2025-12-02 13:07:00+05:30,298.15,304.8,296.15,304.8,6300,68850,30.900377,26039.5,25750.0,25800,ATM-6,CALL,26100,2025-12-02
2025-12-02 13:08:00+05:30,301.8,307.65,301.75,306.2,7800,68400,29.412554,26043.45,25750.0,25800,ATM-6,CALL,26100,2025-12-02
2025-12-02 13:09:00+05:30,306.25,316.75,304.35,313.6,7575,68400,29.528243,26051.5,25750.0,25800,ATM-6,CALL,26100,2025-12-02
2025-12-02 13:10:00+05:30,313.15,313.95,302.0,304.0,3900,68400,30.856813,26038.85,25750.0,25800,ATM-6,CALL,26100,2025-12-02
2025-12-02 13:11:00+05:30,303.95,304.0,302.25,303.0,2100,65775,30.417977,26038.5,25750.0,25800,ATM-6,CALL,26100,2025-12-02
2025-12-02 13:12:00+05:30,302.75,303.0,298.05,300.55,1800,65775,29.072439,26037.9,25750.0,25800,ATM-6,CALL,26100,2025-12-02
2025-12-02 13:13:00+05:30,300.65,302.5,300.55,302.5,600,65775,29.45138,26039.55,25750.0,25800,ATM-6,CALL,26100,2025-12-02
2025-12-02 13:14:00+05:30,300.0,302.5,294.0,294.35,3000,66975,25.565784,26035.8,25750.0,25800,ATM-6,CALL,26100,2025-12-02
2025-12-02 13:15:00+05:30,296.9,298.8,294.35,298.75,1950,66975,28.805676,26036.45,25750.0,25800,ATM-6,CALL,26100,2025-12-02
2025-12-02 13:16:00+05:30,296.95,298.75,295.55,295.55,1575,66975,28.709125,26033.1,25750.0,25800,ATM-6,CALL,26100,2025-12-02
2025-12-02 13:17:00+05:30,294.15,296.9,292.0,296.85,975,68775,29.697289,26033.1,25750.0,25800,ATM-6,CALL,26100,2025-12-02
2025-12-02 13:18:00+05:30,296.85,300.0,296.85,298.75,5100,68775,29.842486,26035.05,25750.0,25800,ATM-6,CALL,26100,2025-12-02
2025-12-02 13:19:00+05:30,298.75,299.2,295.8,297.65,1350,68775,29.102882,26035.0,25750.0,25800,ATM-6,CALL,26100,2025-12-02
2025-12-02 13:20:00+05:30,298.2,298.2,292.7,294.75,1200,69675,27.611486,26033.95,25750.0,25800,ATM-6,CALL,26100,2025-12-02
2025-12-02 13:21:00+05:30,295.8,299.0,289.2,299.0,6075,69675,30.631483,26034.25,25750.0,25800,ATM-6,CALL,26100,2025-12-02
2025-12-02 13:22:00+05:30,304.15,304.15,299.0,303.65,4800,69675,31.02155,26038.9,25750.0,25800,ATM-6,CALL,26100,2025-12-02
2025-12-02 13:23:00+05:30,301.15,308.8,301.15,308.0,3375,70800,30.040863,26045.3,25750.0,25800,ATM-6,CALL,26100,2025-12-02
2025-12-02 13:24:00+05:30,309.25,309.55,307.45,308.55,3375,70800,30.186692,26045.75,25750.0,25800,ATM-6,CALL,26100,2025-12-02
2025-12-02 13:25:00+05:30,305.85,308.55,302.8,305.05,2175,70800,30.302665,26041.75,25750.0,25800,ATM-6,CALL,26100,2025-12-02
2025-12-02 13:26:00+05:30,305.0,310.0,302.85,304.65,2250,70200,30.073801,26041.7,25750.0,25800,ATM-6,CALL,26100,2025-12-02
2025-12-02 13:27:00+05:30,304.45,305.7,302.8,303.45,2925,70200,30.683639,26039.5,25750.0,25800,ATM-6,CALL,26100,2025-12-02
2025-12-02 13:28:00+05:30,302.55,303.45,299.75,299.8,2025,70200,28.696373,26038.4,25750.0,25800,ATM-6,CALL,26100,2025-12-02
2025-12-02 13:29:00+05:30,298.85,300.6,294.9,295.6,2025,70350,27.55798,26035.35,25750.0,25800,ATM-6,CALL,26100,2025-12-02
2025-12-02 13:30:00+05:30,296.85,298.15,294.35,295.0,1725,70350,27.705091,26034.55,25750.0,25800,ATM-6,CALL,26100,2025-12-02
2025-12-02 13:31:00+05:30,298.05,298.05,295.0,298.0,750,70350,30.126206,26034.5,25750.0,25800,ATM-6,CALL,26100,2025-12-02
2025-12-02 13:32:00+05:30,298.0,298.0,296.55,297.1,750,70875,28.002972,26036.55,25750.0,25800,ATM-6,CALL,26100,2025-12-02
2025-12-02 13:33:00+05:30,299.0,302.9,297.1,302.4,2475,70875,29.957956,26039.75,25750.0,25800,ATM-6,CALL,26100,2025-12-02
2025-12-02 13:34:00+05:30,303.1,303.85,302.4,303.6,825,70875,30.359084,26040.55,25750.0,25800,ATM-6,CALL,26100,2025-12-02
2025-12-02 13:35:00+05:30,303.0,304.35,299.8,299.95,1650,70800,28.921135,26038.6,25750.0,25800,ATM-6,CALL,26100,2025-12-02
2025-12-02 13:36:00+05:30,294.8,299.95,290.0,290.95,2400,70800,28.25901,26029.65,25750.0,25800,ATM-6,CALL,26100,2025-12-02
2025-12-02 13:37:00+05:30,292.5,293.8,290.95,292.0,1875,70800,28.075374,26031.1,25750.0,25800,ATM-6,CALL,26100,2025-12-02
2025-12-02 13:38:00+05:30,292.65,309.5,292.0,309.5,3075,73200,32.61394,26043.9,25750.0,25800,ATM-6,CALL,26100,2025-12-02
2025-12-02 13:39:00+05:30,305.7,309.5,297.55,297.55,3525,73200,29.538659,26035.3,25750.0,25800,ATM-6,CALL,26100,2025-12-02
2025-12-02 13:40:00+05:30,299.1,300.7,296.3,300.7,375,73200,31.030331,26036.65,25750.0,25800,ATM-6,CALL,26100,2025-12-02
2025-12-02 13:41:00+05:30,298.6,300.7,296.3,296.3,750,72825,28.533785,26035.4,25750.0,25800,ATM-6,CALL,26100,2025-12-02
2025-12-02 13:42:00+05:30,296.9,297.1,296.3,297.1,300,72825,30.303246,26033.85,25750.0,25800,ATM-6,CALL,26100,2025-12-02
2025-12-02 13:43:00+05:30,294.15,297.1,289.9,296.0,5625,72825,30.456576,26032.45,25750.0,25800,ATM-6,CALL,26100,2025-12-02
2025-12-02 13:44:00+05:30,295.7,299.7,295.7,299.7,450,71100,30.442737,26036.65,25750.0,25800,ATM-6,CALL,26100,2025-12-02
2025-12-02 13:45:00+05:30,297.0,299.7,295.2,295.2,1425,71100,27.567699,26035.6,25750.0,25800,ATM-6,CALL,26100,2025-12-02
2025-12-02 13:46:00+05:30,292.65,297.7,288.0,297.7,4050,71100,30.965951,26033.75,25750.0,25800,ATM-6,CALL,26100,2025-12-02
2025-12-02 13:47:00+05:30,297.4,303.3,297.4,303.3,2100,72600,31.206377,26039.7,25750.0,25800,ATM-6,CALL,26100,2025-12-02
2025-12-02 13:48:00+05:30,302.65,308.45,302.65,307.1,3825,72600,30.77651,26044.6,25750.0,25800,ATM-6,CALL,26100,2025-12-02
2025-12-02 13:49:00+05:30,308.65,308.65,303.8,307.0,3600,72600,32.802099,26041.5,25750.0,25800,ATM-6,CALL,26100,2025-12-02
2025-12-02 13:50:00+05:30,308.0,308.0,304.95,304.95,900,73650,31.452521,26041.35,25750.0,25800,ATM-6,CALL,26100,2025-12-02
2025-12-02 13:51:00+05:30,307.2,313.8,304.95,310.8,5250,73650,31.703606,26047.55,25750.0,25800,ATM-6,CALL,26100,2025-12-02
2025-12-02 13:52:00+05:30,309.95,312.0,307.25,312.0,1275,73650,31.766506,26048.85,25750.0,25800,ATM-6,CALL,26100,2025-12-02
2025-12-02 13:53:00+05:30,309.1,312.0,304.95,305.35,375,71025,29.80488,26044.25,25750.0,25800,ATM-6,CALL,26100,2025-12-02
2025-12-02 13:54:00+05:30,306.35,309.9,305.35,307.85,375,71025,32.919826,26042.6,25750.0,25800,ATM-6,CALL,26100,2025-12-02
2025-12-02 13:55:00+05:30,304.9,307.85,298.6,300.75,1800,71025,29.841871,26039.25,25750.0,25800,ATM-6,CALL,26100,2025-12-02
2025-12-02 13:56:00+05:30,301.35,316.55,300.75,311.5,6300,69225,29.532983,26051.45,25750.0,25800,ATM-6,CALL,26100,2025-12-02
2025-12-02 13:57:00+05:30,310.7,317.1,310.7,316.25,2100,69225,31.006823,26054.85,25750.0,25800,ATM-6,CALL,26100,2025-12-02
2025-12-02 13:58:00+05:30,316.0,320.0,313.95,318.35,8175,69225,30.320565,26058.05,25750.0,25800,ATM-6,CALL,26100,2025-12-02
2025-12-02 13:59:00+05:30,318.95,320.0,316.05,316.5,3150,61950,27.1491,26059.45,25750.0,25800,ATM-6,CALL,26100,2025-12-02
2025-12-02 14:00:00+05:30,314.0,316.5,309.25,311.9,4500,61950,31.219561,26049.95,25750.0,25800,ATM-6,CALL,26100,2025-12-02
2025-12-02 14:01:00+05:30,309.85,311.9,300.55,302.75,4800,61950,29.807502,26041.8,25750.0,25800,ATM-6,CALL,26100,2025-12-02
2025-12-02 14:02:00+05:30,303.45,310.35,301.85,310.0,2775,62775,32.609326,26046.0,25750.0,25800,ATM-6,CALL,26100,2025-12-02
2025-12-02 14:03:00+05:30,315.0,316.65,310.0,313.0,3000,62775,30.812986,26051.85,25750.0,25800,ATM-6,CALL,26100,2025-12-02
2025-12-02 14:04:00+05:30,317.0,317.0,313.0,317.0,1275,62775,31.922763,26054.85,25750.0,25800,ATM-6,CALL,26100,2025-12-02
2025-12-02 14:05:00+05:30,316.25,317.0,310.0,311.4,2250,61275,25.673573,26055.5,25750.0,25800,ATM-6,CALL,26100,2025-12-02
2025-12-02 14:06:00+05:30,307.0,311.4,303.6,308.8,1725,61275,35.247555,26040.7,25750.0,25800,ATM-6,CALL,26100,2025-12-02
2025-12-02 14:07:00+05:30,304.15,308.8,304.15,307.0,1950,61275,33.974551,26040.85,25750.0,25800,ATM-6,CALL,26100,2025-12-02
2025-12-02 14:08:00+05:30,309.0,323.9,307.0,320.85,3075,61425,31.449825,26059.9,25750.0,25800,ATM-6,CALL,26100,2025-12-02
2025-12-02 14:09:00+05:30,321.95,323.2,317.9,318.9,5100,61425,30.512955,26058.95,25750.0,25800,ATM-6,CALL,26100,2025-12-02
2025-12-02 14:10:00+05:30,319.15,321.55,314.6,316.15,825,61425,29.735839,26056.9,25750.0,25800,ATM-6,CALL,26100,2025-12-02
2025-12-02 14:11:00+05:30,317.5,317.75,315.55,315.55,1125,59700,31.920668,26053.65,25750.0,25800,ATM-6,CALL,26100,2025-12-02
2025-12-02 14:12:00+05:30,315.0,316.8,314.2,314.2,450,59700,31.591338,26052.65,25750.0,25800,ATM-6,CALL,26100,2025-12-02
2025-12-02 14:13:00+05:30,316.0,316.0,314.0,314.0,375,59700,31.105096,26053.1,25750.0,25800,ATM-6,CALL,26100,2025-12-02
2025-12-02 14:14:00+05:30,310.35,314.0,306.0,306.0,5100,60450,30.579971,26045.05,25750.0,25800,ATM-6,CALL,26100,2025-12-02
2025-12-02 14:15:00+05:30,305.9,309.15,305.0,308.0,10650,60450,31.472195,26046.15,25750.0,25800,ATM-6,CALL,26100,2025-12-02
2025-12-02 14:16:00+05:30,308.75,309.65,305.6,306.8,975,60450,32.049992,26044.1,25750.0,25800,ATM-6,CALL,26100,2025-12-02
2025-12-02 14:17:00+05:30,305.9,307.6,302.4,303.3,3600,66525,32.102657,26040.2,25750.0,25800,ATM-6,CALL,26100,2025-12-02
2025-12-02 14:18:00+05:30,306.1,306.4,303.3,306.4,1950,66525,32.356576,26043.35,25750.0,25800,ATM-6,CALL,26100,2025-12-02
2025-12-02 14:19:00+05:30,305.35,306.4,303.15,305.6,2025,66525,32.013317,26043.0,25750.0,25800,ATM-6,CALL,26100,2025-12-02
2025-12-02 14:20:00+05:30,311.0,311.0,304.55,304.6,1725,66225,33.661911,26039.55,25750.0,25800,ATM-6,CALL,26100,2025-12-02
2025-12-02 14:21:00+05:30,301.95,304.6,294.6,296.65,7650,66225,29.260686,26036.8,25750.0,25800,ATM-6,CALL,26100,2025-12-02
2025-12-02 14:22:00+05:30,296.85,296.85,290.85,292.3,3225,66225,27.737733,26033.85,25750.0,25800,ATM-6,CALL,26100,2025-12-02
2025-12-02 14:23:00+05:30,289.05,293.0,289.05,290.7,3750,66000,26.888402,26033.05,25750.0,25800,ATM-6,CALL,26100,2025-12-02
2025-12-02 14:24:00+05:30,287.0,293.7,287.0,293.2,1125,66000,30.321722,26031.85,25750.0,25800,ATM-6,CALL,26100,2025-12-02
2025-12-02 14:25:00+05:30,295.0,301.1,293.2,301.1,2625,66000,27.512173,26043.65,25750.0,25800,ATM-6,CALL,26100,2025-12-02
2025-12-02 14:26:00+05:30,299.2,301.1,293.0,293.6,2700,67575,0.0,26042.15,25750.0,25800,ATM-6,CALL,26100,2025-12-02
2025-12-02 14:27:00+05:30,292.4,293.6,284.6,289.2,5325,67575,17.035686,26036.95,25750.0,25800,ATM-6,CALL,26100,2025-12-02
2025-12-02 14:28:00+05:30,290.7,291.75,289.2,291.75,5775,67575,21.3967,26038.25,25750.0,25800,ATM-6,CALL,26100,2025-12-02
2025-12-02 14:29:00+05:30,292.8,298.0,291.65,298.0,3900,70350,26.523403,26041.4,25750.0,25800,ATM-6,CALL,26100,2025-12-02
2025-12-02 14:30:00+05:30,295.85,298.0,287.8,288.75,7350,70350,0.0,26037.55,25750.0,25800,ATM-6,CALL,26100,2025-12-02
2025-12-02 14:31:00+05:30,284.05,289.25,284.05,289.15,1725,70350,20.658527,26035.95,25750.0,25800,ATM-6,CALL,26100,2025-12-02
2025-12-02 14:32:00+05:30,289.75,290.05,287.15,287.55,2550,73950,19.337627,26034.8,25750.0,25800,ATM-6,CALL,26100,2025-12-02
2025-12-02 14:33:00+05:30,287.55,292.75,285.9,292.65,2175,73950,27.676925,26034.75,25750.0,25800,ATM-6,CALL,26100,2025-12-02
2025-12-02 14:34:00+05:30,291.6,298.7,290.3,298.55,10200,73950,30.372023,26038.2,25750.0,25800,ATM-6,CALL,26100,2025-12-02
2025-12-02 14:35:00+05:30,298.65,298.65,289.55,290.8,6075,72000,20.913862,26037.6,25750.0,25800,ATM-6,CALL,26100,2025-12-02
2025-12-02 14:36:00+05:30,339.6,340.3,314.25,316.7,60600,129900,0.0,26016.1,25700.0,25800,ATM-6,CALL,26100,2025-12-02
2025-12-02 14:37:00+05:30,318.25,318.25,306.9,310.45,62250,129900,28.471273,26003.25,25700.0,25800,ATM-6,CALL,26100,2025-12-02
2025-12-02 14:38:00+05:30,309.0,315.9,309.0,312.8,15075,146100,23.881856,26008.95,25700.0,25800,ATM-6,CALL,26100,2025-12-02
2025-12-02 14:39:00+05:30,315.1,320.05,311.85,314.05,21525,146100,0.0,26013.7,25700.0,25800,ATM-6,CALL,26100,2025-12-02
2025-12-02 14:40:00+05:30,314.55,317.0,306.5,310.45,9600,146100,0.0,26009.85,25700.0,25800,ATM-6,CALL,26100,2025-12-02
2025-12-02 14:41:00+05:30,310.25,313.3,309.0,310.5,7500,133350,0.0,26010.05,25700.0,25800,ATM-6,CALL,26100,2025-12-02
2025-12-02 14:42:00+05:30,309.9,312.4,309.2,312.25,9375,133350,0.0,26011.15,25700.0,25800,ATM-6,CALL,26100,2025-12-02
2025-12-02 14:43:00+05:30,309.15,312.25,307.85,309.25,6150,133350,15.509553,26007.35,25700.0,25800,ATM-6,CALL,26100,2025-12-02
2025-12-02 14:44:00+05:30,307.0,313.7,307.0,309.0,5925,142050,0.0,26010.0,25700.0,25800,ATM-6,CALL,26100,2025-12-02
2025-12-02 14:45:00+05:30,309.0,313.6,304.55,309.0,7350,142050,0.0,26009.4,25700.0,25800,ATM-6,CALL,26100,2025-12-02
2025-12-02 14:46:00+05:30,309.0,311.95,309.0,310.5,975,142050,0.0,26011.5,25700.0,25800,ATM-6,CALL,26100,2025-12-02
2025-12-02 14:47:00+05:30,310.8,313.0,310.15,310.95,3525,139500,0.0,26011.75,25700.0,25800,ATM-6,CALL,26100,2025-12-02
2025-12-02 14:48:00+05:30,311.65,320.85,310.05,318.0,6075,139500,0.0,26016.75,25700.0,25800,ATM-6,CALL,26100,2025-12-02
2025-12-02 14:49:00+05:30,317.15,320.0,308.4,320.0,3750,139500,17.475441,26018.05,25700.0,25800,ATM-6,CALL,26100,2025-12-02
2025-12-02 14:50:00+05:30,321.45,330.0,320.0,321.75,13800,133575,27.293969,26016.55,25700.0,25800,ATM-6,CALL,26100,2025-12-02
2025-12-02 14:51:00+05:30,318.05,326.3,316.9,326.3,6975,133575,30.64744,26018.75,25700.0,25800,ATM-6,CALL,26100,2025-12-02
2025-12-02 14:52:00+05:30,325.2,327.0,324.0,324.0,975,133575,24.887207,26020.3,25700.0,25800,ATM-6,CALL,26100,2025-12-02
2025-12-02 14:53:00+05:30,319.6,324.0,315.95,317.6,600,133650,0.0,26019.35,25700.0,25800,ATM-6,CALL,26100,2025-12-02
2025-12-02 14:54:00+05:30,316.7,317.6,309.05,313.05,15600,133650,19.820586,26010.8,25700.0,25800,ATM-6,CALL,26100,2025-12-02
2025-12-02 14:55:00+05:30,311.85,313.05,305.7,311.65,6750,133650,19.525443,26009.45,25700.0,25800,ATM-6,CALL,26100,2025-12-02
2025-12-02 14:56:00+05:30,311.2,311.65,308.0,310.35,2250,141825,21.629792,26007.65,25700.0,25800,ATM-6,CALL,26100,2025-12-02
2025-12-02 14:57:00+05:30,309.55,310.35,307.1,308.25,975,141825,30.142632,26000.2,25700.0,25800,ATM-6,CALL,26100,2025-12-02
2025-12-02 14:58:00+05:30,308.05,309.0,296.85,300.65,57975,141825,0.0,26010.45,25700.0,25800,ATM-6,CALL,26100,2025-12-02
2025-12-02 14:59:00+05:30,302.35,307.0,300.65,305.45,5325,118650,0.0,26018.75,25700.0,25800,ATM-6,CALL,26100,2025-12-02
2025-12-02 15:00:00+05:30,310.0,322.8,305.45,309.45,12150,118650,0.0,26011.85,25700.0,25800,ATM-6,CALL,26100,2025-12-02
2025-12-02 15:01:00+05:30,309.6,321.65,309.45,321.1,5925,118650,0.0,26021.95,25700.0,25800,ATM-6,CALL,26100,2025-12-02
2025-12-02 15:02:00+05:30,316.95,321.65,314.25,321.65,11325,117225,0.0,26022.35,25700.0,25800,ATM-6,CALL,26100,2025-12-02
2025-12-02 15:03:00+05:30,320.5,321.65,317.8,317.8,4650,117225,0.0,26020.3,25700.0,25800,ATM-6,CALL,26100,2025-12-02
2025-12-02 15:04:00+05:30,321.15,322.8,317.8,321.15,5475,117225,0.0,26023.6,25700.0,25800,ATM-6,CALL,26100,2025-12-02
2025-12-02 15:05:00+05:30,322.0,322.15,317.35,319.8,4875,112800,0.0,26022.85,25700.0,25800,ATM-6,CALL,26100,2025-12-02
2025-12-02 15:06:00+05:30,320.6,321.0,316.8,318.65,2850,112800,0.0,26020.65,25700.0,25800,ATM-6,CALL,26100,2025-12-02
2025-12-02 15:07:00+05:30,319.65,321.05,317.9,321.05,1650,112800,0.0,26024.6,25700.0,25800,ATM-6,CALL,26100,2025-12-02
2025-12-02 15:08:00+05:30,270.6,271.5,270.0,271.25,1350,65550,0.0,26026.8,25750.0,25800,ATM-6,CALL,26100,2025-12-02
2025-12-02 15:09:00+05:30,274.3,276.9,271.25,272.75,7500,65550,0.0,26026.45,25750.0,25800,ATM-6,CALL,26100,2025-12-02
2025-12-02 15:10:00+05:30,272.4,276.7,272.4,275.25,3525,65550,0.0,26030.5,25750.0,25800,ATM-6,CALL,26100,2025-12-02
2025-12-02 15:11:00+05:30,276.3,280.0,275.25,278.6,9750,57900,0.0,26033.2,25750.0,25800,ATM-6,CALL,26100,2025-12-02
2025-12-02 15:12:00+05:30,278.1,278.6,277.1,278.0,2325,57900,0.0,26033.4,25750.0,25800,ATM-6,CALL,26100,2025-12-02
2025-12-02 15:13:00+05:30,278.3,282.0,278.0,280.2,6150,57900,0.0,26037.75,25750.0,25800,ATM-6,CALL,26100,2025-12-02
2025-12-02 15:14:00+05:30,281.4,282.1,278.45,278.65,1800,54450,0.0,26036.75,25750.0,25800,ATM-6,CALL,26100,2025-12-02
2025-12-02 15:15:00+05:30,279.6,280.4,276.95,276.95,5700,54450,0.0,26033.8,25750.0,25800,ATM-6,CALL,26100,2025-12-02
2025-12-02 15:16:00+05:30,276.1,279.6,276.1,279.6,2625,54450,0.0,26037.4,25750.0,25800,ATM-6,CALL,26100,2025-12-02
2025-12-02 15:17:00+05:30,278.15,279.6,277.85,278.3,1200,54525,0.0,26038.65,25750.0,25800,ATM-6,CALL,26100,2025-12-02
2025-12-02 15:18:00+05:30,278.05,278.3,275.2,277.1,1050,54525,0.0,26032.75,25750.0,25800,ATM-6,CALL,26100,2025-12-02
2025-12-02 15:19:00+05:30,277.7,279.05,277.1,279.05,1125,54525,0.0,26038.6,25750.0,25800,ATM-6,CALL,26100,2025-12-02
2025-12-02 15:20:00+05:30,279.05,280.7,279.05,280.35,2025,54525,0.0,26044.85,25750.0,25800,ATM-6,CALL,26100,2025-12-02
2025-12-02 15:21:00+05:30,280.35,280.35,279.4,279.4,825,54600,0.0,26040.15,25750.0,25800,ATM-6,CALL,26100,2025-12-02
2025-12-02 15:22:00+05:30,279.4,280.35,279.2,280.35,1875,54600,0.0,26040.75,25750.0,25800,ATM-6,CALL,26100,2025-12-02
2025-12-02 15:23:00+05:30,281.0,282.55,280.35,282.15,5550,54600,0.0,26048.35,25750.0,25800,ATM-6,CALL,26100,2025-12-02
2025-12-02 15:24:00+05:30,282.05,282.4,281.65,281.75,1425,51600,0.0,26050.9,25750.0,25800,ATM-6,CALL,26100,2025-12-02
2025-12-02 15:25:00+05:30,282.5,282.7,281.75,282.05,2400,51600,0.0,26055.0,25750.0,25800,ATM-6,CALL,26100,2025-12-02
2025-12-02 15:26:00+05:30,282.65,282.95,282.05,282.15,1200,49425,0.0,26051.85,25750.0,25800,ATM-6,CALL,26100,2025-12-02
2025-12-02 15:27:00+05:30,282.75,282.75,282.1,282.1,900,49425,0.0,26055.35,25750.0,25800,ATM-6,CALL,26100,2025-12-02
2025-12-02 15:28:00+05:30,282.25,282.95,282.05,282.35,3375,49425,0.0,26056.15,25750.0,25800,ATM-6,CALL,26100,2025-12-02
2025-12-02 15:29:00+05:30,282.2,282.6,281.75,281.75,3075,49425,0.0,26057.0,25750.0,25800,ATM-6,CALL,26100,2025-12-02
2025-12-02 09:15:00+05:30,287.8,299.3,279.55,279.55,16575,106800,24.938966,26110.2,25850.0,25850,ATM-5,CALL,26100,2025-12-02
2025-12-02 09:16:00+05:30,273.15,289.0,273.15,283.1,10050,113325,22.871903,26118.7,25850.0,25850,ATM-5,CALL,26100,2025-12-02
2025-12-02 09:17:00+05:30,234.0,240.6,231.65,240.35,66150,435000,19.690333,26127.05,25900.0,25850,ATM-5,CALL,26100,2025-12-02
2025-12-02 09:18:00+05:30,241.15,258.8,237.6,252.9,156525,435000,16.888713,26145.25,25900.0,25850,ATM-5,CALL,26100,2025-12-02
2025-12-02 09:19:00+05:30,253.1,266.35,249.3,253.75,111900,488475,19.979669,26141.5,25900.0,25850,ATM-5,CALL,26100,2025-12-02
2025-12-02 09:20:00+05:30,253.05,263.65,251.0,261.25,93300,488475,21.766413,26146.45,25900.0,25850,ATM-5,CALL,26100,2025-12-02
2025-12-02 09:21:00+05:30,260.45,263.05,248.05,260.6,85500,488475,21.889348,26145.5,25900.0,25850,ATM-5,CALL,26100,2025-12-02
2025-12-02 09:22:00+05:30,262.0,266.45,253.7,260.2,80175,501375,21.590364,26145.7,25900.0,25850,ATM-5,CALL,26100,2025-12-02
2025-12-02 09:23:00+05:30,259.0,267.7,254.7,263.35,50325,501375,20.390825,26151.5,25900.0,25850,ATM-5,CALL,26100,2025-12-02
2025-12-02 09:24:00+05:30,263.15,264.4,256.85,257.9,46425,501375,21.210208,26143.95,25900.0,25850,ATM-5,CALL,26100,2025-12-02
2025-12-02 09:25:00+05:30,258.15,263.45,254.75,259.55,55500,504750,21.554658,26145.15,25900.0,25850,ATM-5,CALL,26100,2025-12-02
2025-12-02 09:26:00+05:30,258.1,265.3,255.0,264.8,54075,504750,23.351643,26147.3,25900.0,25850,ATM-5,CALL,26100,2025-12-02
2025-12-02 09:27:00+05:30,261.95,267.9,258.3,264.25,54825,504750,22.584001,26148.4,25900.0,25850,ATM-5,CALL,26100,2025-12-02
2025-12-02 09:28:00+05:30,264.6,266.3,259.35,259.8,38775,495075,22.73432,26143.05,25900.0,25850,ATM-5,CALL,26100,2025-12-02
2025-12-02 09:29:00+05:30,258.5,259.8,245.0,246.7,90750,495075,21.799882,26130.2,25900.0,25850,ATM-5,CALL,26100,2025-12-02
2025-12-02 09:30:00+05:30,297.5,299.2,278.55,278.55,19875,119325,17.335059,26122.1,25850.0,25850,ATM-5,CALL,26100,2025-12-02
2025-12-02 09:31:00+05:30,277.4,282.95,275.05,280.35,18525,124800,21.782302,26118.15,25850.0,25850,ATM-5,CALL,26100,2025-12-02
2025-12-02 09:32:00+05:30,232.05,250.0,230.55,249.0,92400,512175,22.223297,26132.0,25900.0,25850,ATM-5,CALL,26100,2025-12-02
2025-12-02 09:33:00+05:30,297.0,297.3,283.15,283.75,9450,124800,22.33827,26121.0,25850.0,25850,ATM-5,CALL,26100,2025-12-02
2025-12-02 09:34:00+05:30,284.3,284.3,276.75,277.6,7725,123975,21.962221,26114.9,25850.0,25850,ATM-5,CALL,26100,2025-12-02
2025-12-02 09:35:00+05:30,278.1,283.3,277.6,278.45,2400,123975,21.860724,26116.05,25850.0,25850,ATM-5,CALL,26100,2025-12-02
2025-12-02 09:36:00+05:30,280.6,280.6,270.9,280.15,10575,123975,23.804046,26114.3,25850.0,25850,ATM-5,CALL,26100,2025-12-02
2025-12-02 09:37:00+05:30,285.0,286.8,280.15,284.6,2325,126000,23.235583,26120.45,25850.0,25850,ATM-5,CALL,26100,2025-12-02
2025-12-02 09:38:00+05:30,285.0,285.0,272.0,274.85,5550,126000,23.866848,26108.25,25850.0,25850,ATM-5,CALL,26100,2025-12-02
2025-12-02 09:39:00+05:30,273.85,279.55,272.25,276.5,2625,126000,24.476738,26108.85,25850.0,25850,ATM-5,CALL,26100,2025-12-02
2025-12-02 09:40:00+05:30,276.3,280.15,265.8,266.25,5925,126675,20.583348,26104.95,25850.0,25850,ATM-5,CALL,26100,2025-12-02
2025-12-02 09:41:00+05:30,267.75,270.25,256.3,260.25,14850,126675,22.060672,26095.6,25850.0,25850,ATM-5,CALL,26100,2025-12-02
2025-12-02 09:42:00+05:30,259.0,263.35,247.35,247.35,24825,126675,17.752772,26088.75,25850.0,25850,ATM-5,CALL,26100,2025-12-02
2025-12-02 09:43:00+05:30,246.95,256.8,246.95,255.95,12525,139275,21.802627,26091.35,25850.0,25850,ATM-5,CALL,26100,2025-12-02
2025-12-02 09:44:00+05:30,257.5,257.5,243.95,244.4,10125,139275,21.327494,26079.3,25850.0,25850,ATM-5,CALL,26100,2025-12-02
2025-12-02 09:45:00+05:30,242.9,251.8,242.9,250.15,19050,139275,21.049512,26086.4,25850.0,25850,ATM-5,CALL,26100,2025-12-02
2025-12-02 09:46:00+05:30,249.8,252.5,248.25,252.5,7200,151425,21.391917,26088.4,25850.0,25850,ATM-5,CALL,26100,2025-12-02
2025-12-02 09:47:00+05:30,252.1,258.95,251.7,257.35,23250,151425,21.221396,26094.2,25850.0,25850,ATM-5,CALL,26100,2025-12-02
2025-12-02 09:48:00+05:30,255.8,257.35,238.0,239.9,31500,151425,16.510479,26082.5,25850.0,25850,ATM-5,CALL,26100,2025-12-02
2025-12-02 09:49:00+05:30,290.15,292.65,281.6,283.0,49200,399525,21.165974,26072.65,25800.0,25850,ATM-5,CALL,26100,2025-12-02
2025-12-02 09:50:00+05:30,282.05,286.45,280.0,281.35,39900,399525,20.391679,26072.0,25800.0,25850,ATM-5,CALL,26100,2025-12-02
2025-12-02 09:51:00+05:30,282.85,285.4,280.0,281.9,26700,399525,21.240759,26071.4,25800.0,25850,ATM-5,CALL,26100,2025-12-02
2025-12-02 09:52:00+05:30,283.4,284.25,278.45,282.6,69225,463875,22.033731,26070.95,25800.0,25850,ATM-5,CALL,26100,2025-12-02
2025-12-02 09:53:00+05:30,282.95,288.8,280.85,283.3,22950,463875,22.277365,26071.35,25800.0,25850,ATM-5,CALL,26100,2025-12-02
2025-12-02 09:54:00+05:30,235.0,242.1,233.75,238.45,8400,178500,19.422426,26076.7,25850.0,25850,ATM-5,CALL,26100,2025-12-02
2025-12-02 09:55:00+05:30,238.5,248.9,235.5,247.85,13950,184125,20.099386,26085.95,25850.0,25850,ATM-5,CALL,26100,2025-12-02
2025-12-02 09:56:00+05:30,247.6,248.05,240.85,240.85,8475,184125,16.777123,26083.35,25850.0,25850,ATM-5,CALL,26100,2025-12-02
2025-12-02 09:57:00+05:30,240.95,247.0,240.85,245.35,10275,184125,18.717923,26085.55,25850.0,25850,ATM-5,CALL,26100,2025-12-02
2025-12-02 09:58:00+05:30,245.5,247.4,240.75,241.8,10575,185325,18.78099,26081.6,25850.0,25850,ATM-5,CALL,26100,2025-12-02
2025-12-02 09:59:00+05:30,241.45,242.8,234.0,239.2,13800,185325,20.784479,26075.1,25850.0,25850,ATM-5,CALL,26100,2025-12-02
2025-12-02 10:00:00+05:30,289.8,291.1,282.65,288.35,18525,492750,24.866629,26072.5,25800.0,25850,ATM-5,CALL,26100,2025-12-02
2025-12-02 10:01:00+05:30,238.1,244.6,235.7,241.2,16650,190275,21.072203,26076.85,25850.0,25850,ATM-5,CALL,26100,2025-12-02
2025-12-02 10:02:00+05:30,288.9,290.0,283.6,286.45,7500,518025,24.118356,26071.9,25800.0,25850,ATM-5,CALL,26100,2025-12-02
2025-12-02 10:03:00+05:30,285.05,286.45,280.4,285.0,16650,518025,24.127146,26070.3,25800.0,25850,ATM-5,CALL,26100,2025-12-02
2025-12-02 10:04:00+05:30,238.35,246.65,237.0,245.5,18825,192900,21.745355,26080.45,25850.0,25850,ATM-5,CALL,26100,2025-12-02
2025-12-02 10:05:00+05:30,245.15,246.8,243.2,243.55,5775,192900,20.845528,26080.1,25850.0,25850,ATM-5,CALL,26100,2025-12-02
2025-12-02 10:06:00+05:30,241.4,243.55,236.0,239.15,11250,192900,20.060447,26076.7,25850.0,25850,ATM-5,CALL,26100,2025-12-02
2025-12-02 10:07:00+05:30,288.2,289.3,280.45,284.05,13425,543825,22.41839,26072.4,25800.0,25850,ATM-5,CALL,26100,2025-12-02
2025-12-02 10:08:00+05:30,284.35,287.65,280.0,284.25,16500,543825,22.29464,26072.85,25800.0,25850,ATM-5,CALL,26100,2025-12-02
2025-12-02 10:09:00+05:30,285.0,287.75,284.25,284.75,10425,543825,22.438849,26073.2,25800.0,25850,ATM-5,CALL,26100,2025-12-02
2025-12-02 10:10:00+05:30,282.85,284.75,270.7,274.25,80775,549075,21.514859,26063.2,25800.0,25850,ATM-5,CALL,26100,2025-12-02
2025-12-02 10:11:00+05:30,273.4,274.25,266.8,269.25,49950,549075,21.076218,26058.45,25800.0,25850,ATM-5,CALL,26100,2025-12-02
2025-12-02 10:12:00+05:30,269.8,271.2,268.0,270.75,18750,549075,22.989073,26056.85,25800.0,25850,ATM-5,CALL,26100,2025-12-02
2025-12-02 10:13:00+05:30,272.0,273.1,268.5,269.65,27525,594525,21.297379,26058.6,25800.0,25850,ATM-5,CALL,26100,2025-12-02
2025-12-02 10:14:00+05:30,271.8,272.2,269.0,269.55,15675,594525,21.184489,26058.7,25800.0,25850,ATM-5,CALL,26100,2025-12-02
2025-12-02 10:15:00+05:30,269.55,272.4,267.4,268.5,21750,594525,21.329681,26057.35,25800.0,25850,ATM-5,CALL,26100,2025-12-02
2025-12-02 10:16:00+05:30,267.7,274.6,267.0,270.0,32025,610500,20.519488,26060.25,25800.0,25850,ATM-5,CALL,26100,2025-12-02
2025-12-02 10:17:00+05:30,269.75,270.05,261.4,261.8,60525,610500,21.643539,26049.5,25800.0,25850,ATM-5,CALL,26100,2025-12-02
2025-12-02 10:18:00+05:30,261.4,268.75,261.0,268.55,35175,610500,23.051665,26054.5,25800.0,25850,ATM-5,CALL,26100,2025-12-02
2025-12-02 10:19:00+05:30,266.25,277.65,266.25,277.65,37125,635175,24.204854,26062.55,25800.0,25850,ATM-5,CALL,26100,2025-12-02
2025-12-02 10:20:00+05:30,276.65,283.3,275.35,280.5,62850,635175,24.436231,26065.35,25800.0,25850,ATM-5,CALL,26100,2025-12-02
2025-12-02 10:21:00+05:30,280.5,285.0,279.25,281.9,40875,635175,23.521732,26068.65,25800.0,25850,ATM-5,CALL,26100,2025-12-02
2025-12-02 10:22:00+05:30,281.0,289.0,280.65,289.0,34950,606900,24.574062,26074.7,25800.0,25850,ATM-5,CALL,26100,2025-12-02
2025-12-02 10:23:00+05:30,289.65,289.65,285.45,285.45,24450,606900,24.040536,26071.75,25800.0,25850,ATM-5,CALL,26100,2025-12-02
2025-12-02 10:24:00+05:30,284.3,285.45,281.0,283.4,16050,606900,23.125824,26071.1,25800.0,25850,ATM-5,CALL,26100,2025-12-02
2025-12-02 10:25:00+05:30,285.55,288.9,283.3,288.15,9900,583800,24.366085,26074.25,25800.0,25850,ATM-5,CALL,26100,2025-12-02
2025-12-02 10:26:00+05:30,286.9,288.15,281.05,285.85,9450,583800,24.542418,26071.4,25800.0,25850,ATM-5,CALL,26100,2025-12-02
2025-12-02 10:27:00+05:30,285.8,286.0,283.5,283.95,3750,583800,24.388757,26069.6,25800.0,25850,ATM-5,CALL,26100,2025-12-02
2025-12-02 10:28:00+05:30,285.0,286.4,282.6,284.6,29625,566850,24.613504,26069.95,25800.0,25850,ATM-5,CALL,26100,2025-12-02
2025-12-02 10:29:00+05:30,234.65,245.5,234.4,243.4,21075,213825,21.872889,26078.8,25850.0,25850,ATM-5,CALL,26100,2025-12-02
2025-12-02 10:30:00+05:30,242.3,245.05,240.0,240.95,19275,213825,20.941462,26077.9,25850.0,25850,ATM-5,CALL,26100,2025-12-02
2025-12-02 10:31:00+05:30,241.2,249.9,237.35,249.5,20700,198975,22.708912,26084.1,25850.0,25850,ATM-5,CALL,26100,2025-12-02
2025-12-02 10:32:00+05:30,249.45,252.25,243.0,243.0,15975,198975,20.19411,26081.6,25850.0,25850,ATM-5,CALL,26100,2025-12-02
2025-12-02 10:33:00+05:30,241.35,248.1,238.9,247.05,12375,198975,21.993436,26082.85,25850.0,25850,ATM-5,CALL,26100,2025-12-02
2025-12-02 10:34:00+05:30,248.0,252.45,247.05,251.0,13500,188175,22.196286,26086.95,25850.0,25850,ATM-5,CALL,26100,2025-12-02
2025-12-02 10:35:00+05:30,250.75,255.15,246.6,252.75,18975,188175,21.60944,26090.05,25850.0,25850,ATM-5,CALL,26100,2025-12-02
2025-12-02 10:36:00+05:30,252.65,253.2,248.75,249.05,16500,188175,19.712894,26089.15,25850.0,25850,ATM-5,CALL,26100,2025-12-02
2025-12-02 10:37:00+05:30,248.45,249.05,242.75,248.75,14850,189750,22.684891,26083.55,25850.0,25850,ATM-5,CALL,26100,2025-12-02
2025-12-02 10:38:00+05:30,250.0,251.9,246.75,249.9,10875,189750,22.928462,26084.4,25850.0,25850,ATM-5,CALL,26100,2025-12-02
2025-12-02 10:39:00+05:30,246.75,249.9,246.3,246.75,6000,189750,21.811493,26083.1,25850.0,25850,ATM-5,CALL,26100,2025-12-02
2025-12-02 10:40:00+05:30,246.95,253.6,246.1,247.15,16575,192525,22.141571,26082.95,25850.0,25850,ATM-5,CALL,26100,2025-12-02
2025-12-02 10:41:00+05:30,248.0,255.2,246.55,252.0,14100,192525,22.090024,26088.55,25850.0,25850,ATM-5,CALL,26100,2025-12-02
2025-12-02 10:42:00+05:30,252.25,259.4,248.2,248.2,22950,192525,20.381883,26087.35,25850.0,25850,ATM-5,CALL,26100,2025-12-02
2025-12-02 10:43:00+05:30,247.75,249.4,241.0,241.0,22800,188475,19.056322,26081.55,25850.0,25850,ATM-5,CALL,26100,2025-12-02
2025-12-02 10:44:00+05:30,289.15,291.85,284.4,286.55,46125,508650,23.509898,26074.65,25800.0,25850,ATM-5,CALL,26100,2025-12-02
2025-12-02 10:45:00+05:30,236.9,238.6,231.95,238.6,16275,188475,20.647419,26076.35,25850.0,25850,ATM-5,CALL,26100,2025-12-02
2025-12-02 10:46:00+05:30,286.6,287.5,280.0,281.5,18675,510075,23.114337,26069.8,25800.0,25850,ATM-5,CALL,26100,2025-12-02
2025-12-02 10:47:00+05:30,282.35,283.3,279.95,282.55,11025,510075,22.654024,26071.7,25800.0,25850,ATM-5,CALL,26100,2025-12-02
2025-12-02 10:48:00+05:30,282.5,287.8,282.4,286.3,14925,510075,23.614486,26074.35,25800.0,25850,ATM-5,CALL,26100,2025-12-02
2025-12-02 10:49:00+05:30,237.75,240.6,236.35,239.15,19050,206175,20.649857,26077.1,25850.0,25850,ATM-5,CALL,26100,2025-12-02
2025-12-02 10:50:00+05:30,238.45,256.2,238.45,255.3,32775,206175,23.374799,26090.15,25850.0,25850,ATM-5,CALL,26100,2025-12-02
2025-12-02 10:51:00+05:30,253.85,259.95,252.25,258.3,39000,206175,23.032154,26094.25,25850.0,25850,ATM-5,CALL,26100,2025-12-02
2025-12-02 10:52:00+05:30,256.85,263.6,256.2,260.15,27525,195450,22.031558,26098.15,25850.0,25850,ATM-5,CALL,26100,2025-12-02
2025-12-02 10:53:00+05:30,258.0,260.8,256.35,257.0,11700,195450,21.120422,26096.2,25850.0,25850,ATM-5,CALL,26100,2025-12-02
2025-12-02 10:54:00+05:30,257.2,257.55,253.7,255.15,6450,195450,22.321912,26092.15,25850.0,25850,ATM-5,CALL,26100,2025-12-02
2025-12-02 10:55:00+05:30,253.5,255.35,251.3,254.25,8925,191250,22.201001,26091.4,25850.0,25850,ATM-5,CALL,26100,2025-12-02
2025-12-02 10:56:00+05:30,254.65,255.3,250.4,255.3,5325,191250,22.374151,26092.3,25850.0,25850,ATM-5,CALL,26100,2025-12-02
2025-12-02 10:57:00+05:30,254.75,256.3,249.0,249.0,7950,191250,18.702281,26091.05,25850.0,25850,ATM-5,CALL,26100,2025-12-02
2025-12-02 10:58:00+05:30,248.7,252.3,248.2,249.15,12150,191550,20.048386,26089.4,25850.0,25850,ATM-5,CALL,26100,2025-12-02
2025-12-02 10:59:00+05:30,254.2,261.6,249.15,261.6,9000,191550,23.073256,26098.2,25850.0,25850,ATM-5,CALL,26100,2025-12-02
2025-12-02 11:00:00+05:30,261.0,262.15,252.4,252.4,15600,191550,20.356875,26092.55,25850.0,25850,ATM-5,CALL,26100,2025-12-02
2025-12-02 11:01:00+05:30,251.45,255.7,244.9,245.6,18225,193050,19.955439,26085.75,25850.0,25850,ATM-5,CALL,26100,2025-12-02
2025-12-02 11:02:00+05:30,250.25,256.5,245.6,254.6,7125,193050,21.436159,26093.35,25850.0,25850,ATM-5,CALL,26100,2025-12-02
2025-12-02 11:03:00+05:30,255.1,258.65,254.6,258.0,7800,193050,22.186225,26095.9,25850.0,25850,ATM-5,CALL,26100,2025-12-02
2025-12-02 11:04:00+05:30,258.65,260.55,256.85,256.85,6000,191250,19.965366,26098.05,25850.0,25850,ATM-5,CALL,26100,2025-12-02
2025-12-02 11:05:00+05:30,257.25,258.65,253.55,254.8,19350,191250,20.675636,26094.85,25850.0,25850,ATM-5,CALL,26100,2025-12-02
2025-12-02 11:06:00+05:30,256.95,257.9,254.8,256.25,3375,191250,21.248025,26095.6,25850.0,25850,ATM-5,CALL,26100,2025-12-02
2025-12-02 11:07:00+05:30,256.35,258.25,254.45,256.9,4800,192300,21.933215,26095.25,25850.0,25850,ATM-5,CALL,26100,2025-12-02
2025-12-02 11:08:00+05:30,257.4,257.4,253.05,254.1,4125,192300,21.469076,26092.95,25850.0,25850,ATM-5,CALL,26100,2025-12-02
2025-12-02 11:09:00+05:30,251.75,259.5,251.75,258.05,7950,192300,21.836274,26096.75,25850.0,25850,ATM-5,CALL,26100,2025-12-02
2025-12-02 11:10:00+05:30,256.7,258.05,254.6,257.05,3825,187800,22.09788,26095.25,25850.0,25850,ATM-5,CALL,26100,2025-12-02
2025-12-02 11:11:00+05:30,257.15,257.15,251.3,255.45,3600,187800,21.743166,26094.1,25850.0,25850,ATM-5,CALL,26100,2025-12-02
2025-12-02 11:12:00+05:30,256.25,256.25,252.55,252.55,2325,187800,21.172104,26091.85,25850.0,25850,ATM-5,CALL,26100,2025-12-02
2025-12-02 11:13:00+05:30,252.0,252.55,239.0,239.7,13350,189525,14.919722,26085.15,25850.0,25850,ATM-5,CALL,26100,2025-12-02
2025-12-02 11:14:00+05:30,241.4,241.75,236.5,238.25,17325,189525,18.032983,26080.75,25850.0,25850,ATM-5,CALL,26100,2025-12-02
2025-12-02 11:15:00+05:30,239.9,242.9,234.95,242.65,9600,189525,21.117739,26081.1,25850.0,25850,ATM-5,CALL,26100,2025-12-02
2025-12-02 11:16:00+05:30,243.2,243.7,235.7,236.7,12750,198675,20.268451,26075.95,25850.0,25850,ATM-5,CALL,26100,2025-12-02
2025-12-02 11:17:00+05:30,239.0,241.9,233.0,240.5,12225,198675,20.534877,26079.75,25850.0,25850,ATM-5,CALL,26100,2025-12-02
2025-12-02 11:18:00+05:30,240.3,243.9,238.4,239.7,8175,198675,19.202265,26080.9,25850.0,25850,ATM-5,CALL,26100,2025-12-02
2025-12-02 11:19:00+05:30,240.0,242.4,238.8,238.8,5850,205725,18.246024,26081.2,25850.0,25850,ATM-5,CALL,26100,2025-12-02
2025-12-02 11:20:00+05:30,239.05,240.65,234.9,237.0,7200,205725,20.182989,26076.55,25850.0,25850,ATM-5,CALL,26100,2025-12-02
2025-12-02 11:21:00+05:30,236.95,237.45,234.05,236.4,6825,205725,20.564791,26075.3,25850.0,25850,ATM-5,CALL,26100,2025-12-02
2025-12-02 11:22:00+05:30,286.0,286.35,278.65,278.8,24975,511575,21.068491,26070.8,25800.0,25850,ATM-5,CALL,26100,2025-12-02
2025-12-02 11:23:00+05:30,279.8,284.75,278.7,284.75,10650,511575,24.611428,26072.35,25800.0,25850,ATM-5,CALL,26100,2025-12-02
2025-12-02 11:24:00+05:30,234.45,245.0,232.45,243.2,21600,207675,21.103844,26082.05,25850.0,25850,ATM-5,CALL,26100,2025-12-02
2025-12-02 11:25:00+05:30,244.5,247.5,243.0,245.0,12225,211650,21.334754,26083.7,25850.0,25850,ATM-5,CALL,26100,2025-12-02
2025-12-02 11:26:00+05:30,244.75,247.0,234.45,234.7,15075,211650,18.015288,26077.25,25850.0,25850,ATM-5,CALL,26100,2025-12-02
2025-12-02 11:27:00+05:30,285.0,285.3,280.4,284.5,24375,525750,24.155087,26072.95,25800.0,25850,ATM-5,CALL,26100,2025-12-02
2025-12-02 11:28:00+05:30,283.65,284.7,278.7,280.0,12450,531675,21.81537,26071.35,25800.0,25850,ATM-5,CALL,26100,2025-12-02
2025-12-02 11:29:00+05:30,281.3,281.95,274.25,275.45,34800,531675,20.171188,26068.4,25800.0,25850,ATM-5,CALL,26100,2025-12-02
2025-12-02 11:30:00+05:30,277.1,277.7,270.0,274.75,23850,531675,21.007233,26066.75,25800.0,25850,ATM-5,CALL,26100,2025-12-02
2025-12-02 11:31:00+05:30,275.65,276.2,273.6,275.6,13500,543450,21.2495,26067.4,25800.0,25850,ATM-5,CALL,26100,2025-12-02
2025-12-02 11:32:00+05:30,275.8,277.0,270.8,273.3,22950,543450,18.186237,26068.0,25800.0,25850,ATM-5,CALL,26100,2025-12-02
2025-12-02 11:33:00+05:30,274.2,276.15,272.8,272.8,13050,543450,17.335829,26068.1,25800.0,25850,ATM-5,CALL,26100,2025-12-02
2025-12-02 11:34:00+05:30,273.3,273.3,269.55,272.0,23025,567150,18.160535,26066.7,25800.0,25850,ATM-5,CALL,26100,2025-12-02
2025-12-02 11:35:00+05:30,272.8,274.2,271.7,273.2,9150,567150,19.526102,26066.8,25800.0,25850,ATM-5,CALL,26100,2025-12-02
2025-12-02 11:36:00+05:30,274.0,274.65,266.9,271.75,15450,567150,19.198871,26065.6,25800.0,25850,ATM-5,CALL,26100,2025-12-02
2025-12-02 11:37:00+05:30,272.2,276.0,271.75,276.0,16125,578250,21.779526,26067.35,25800.0,25850,ATM-5,CALL,26100,2025-12-02
2025-12-02 11:38:00+05:30,275.6,283.5,274.0,283.5,18675,578250,23.617626,26073.05,25800.0,25850,ATM-5,CALL,26100,2025-12-02
2025-12-02 11:39:00+05:30,282.45,285.2,278.7,279.15,26025,578250,20.851986,26071.85,25800.0,25850,ATM-5,CALL,26100,2025-12-02
2025-12-02 11:40:00+05:30,279.85,280.45,274.15,274.15,17775,575850,15.15417,26070.65,25800.0,25850,ATM-5,CALL,26100,2025-12-02
2025-12-02 11:41:00+05:30,274.5,274.5,265.45,267.4,25200,575850,14.720119,26063.95,25800.0,25850,ATM-5,CALL,26100,2025-12-02
2025-12-02 11:42:00+05:30,268.0,271.35,267.4,268.55,20925,575850,17.164111,26063.95,25800.0,25850,ATM-5,CALL,26100,2025-12-02
2025-12-02 11:43:00+05:30,270.4,272.8,268.55,270.2,7875,584850,19.213686,26064.1,25800.0,25850,ATM-5,CALL,26100,2025-12-02
2025-12-02 11:44:00+05:30,271.0,272.9,268.5,268.5,4200,584850,18.064717,26063.3,25800.0,25850,ATM-5,CALL,26100,2025-12-02
2025-12-02 11:45:00+05:30,269.15,271.75,268.35,271.75,5025,584850,22.392473,26062.2,25800.0,25850,ATM-5,CALL,26100,2025-12-02
2025-12-02 11:46:00+05:30,272.7,272.7,269.0,270.0,8850,584850,21.295367,26061.75,25800.0,25850,ATM-5,CALL,26100,2025-12-02
2025-12-02 11:47:00+05:30,270.3,272.0,264.65,269.7,18450,591075,21.702672,26060.95,25800.0,25850,ATM-5,CALL,26100,2025-12-02
2025-12-02 11:48:00+05:30,269.15,274.0,267.05,270.6,22125,591075,20.822761,26063.0,25800.0,25850,ATM-5,CALL,26100,2025-12-02
2025-12-02 11:49:00+05:30,272.25,280.25,270.6,279.8,38775,593025,23.859543,26069.05,25800.0,25850,ATM-5,CALL,26100,2025-12-02
2025-12-02 11:50:00+05:30,278.75,279.8,272.0,272.75,35025,593025,22.043201,26063.9,25800.0,25850,ATM-5,CALL,26100,2025-12-02
2025-12-02 11:51:00+05:30,273.0,273.5,268.0,271.6,40350,593025,22.034081,26062.7,25800.0,25850,ATM-5,CALL,26100,2025-12-02
2025-12-02 11:52:00+05:30,271.75,271.75,264.0,268.9,23175,607575,21.731319,26060.2,25800.0,25850,ATM-5,CALL,26100,2025-12-02
2025-12-02 11:53:00+05:30,270.0,270.5,266.0,266.0,9375,607575,21.252481,26057.7,25800.0,25850,ATM-5,CALL,26100,2025-12-02
2025-12-02 11:54:00+05:30,261.1,266.0,258.35,262.4,51150,607575,21.713489,26053.25,25800.0,25850,ATM-5,CALL,26100,2025-12-02
2025-12-02 11:55:00+05:30,262.0,263.95,260.0,261.0,29175,633450,24.369417,26047.65,25800.0,25850,ATM-5,CALL,26100,2025-12-02
2025-12-02 11:56:00+05:30,261.45,261.45,256.7,259.95,52425,633450,24.235543,26046.75,25800.0,25850,ATM-5,CALL,26100,2025-12-02
2025-12-02 11:57:00+05:30,260.25,262.2,259.65,260.8,18825,633450,23.848603,26048.4,25800.0,25850,ATM-5,CALL,26100,2025-12-02
2025-12-02 11:58:00+05:30,260.75,266.25,259.75,264.3,26925,640275,24.11347,26051.9,25800.0,25850,ATM-5,CALL,26100,2025-12-02
2025-12-02 11:59:00+05:30,264.4,266.75,263.45,266.0,20625,640275,24.163561,26053.75,25800.0,25850,ATM-5,CALL,26100,2025-12-02
2025-12-02 12:00:00+05:30,265.0,266.0,258.55,258.95,23100,640275,23.645379,26046.8,25800.0,25850,ATM-5,CALL,26100,2025-12-02
2025-12-02 12:01:00+05:30,258.85,261.3,256.3,257.8,30900,642000,24.18309,26044.65,25800.0,25850,ATM-5,CALL,26100,2025-12-02
2025-12-02 12:02:00+05:30,257.7,267.65,255.55,266.4,50250,642000,25.928791,26051.25,25800.0,25850,ATM-5,CALL,26100,2025-12-02
2025-12-02 12:03:00+05:30,266.0,272.85,264.9,266.4,95400,642000,23.328105,26055.65,25800.0,25850,ATM-5,CALL,26100,2025-12-02
2025-12-02 12:04:00+05:30,266.1,270.0,265.1,265.75,60750,634650,24.902459,26052.45,25800.0,25850,ATM-5,CALL,26100,2025-12-02
2025-12-02 12:05:00+05:30,264.3,265.75,257.6,257.6,47775,634650,25.374921,26042.45,25800.0,25850,ATM-5,CALL,26100,2025-12-02
2025-12-02 12:06:00+05:30,258.45,263.4,257.6,261.55,28050,634650,25.579865,26046.6,25800.0,25850,ATM-5,CALL,26100,2025-12-02
2025-12-02 12:07:00+05:30,261.4,270.45,261.4,270.2,60225,673575,25.895689,26055.85,25800.0,25850,ATM-5,CALL,26100,2025-12-02
2025-12-02 12:08:00+05:30,270.0,274.0,264.0,266.0,39450,673575,25.679569,26051.55,25800.0,25850,ATM-5,CALL,26100,2025-12-02
2025-12-02 12:09:00+05:30,266.65,269.0,265.55,268.2,16350,673575,25.235166,26054.85,25800.0,25850,ATM-5,CALL,26100,2025-12-02
2025-12-02 12:10:00+05:30,268.2,270.7,266.0,268.0,8625,673575,26.341761,26052.7,25800.0,25850,ATM-5,CALL,26100,2025-12-02
2025-12-02 12:11:00+05:30,267.05,271.6,267.05,269.85,12675,664650,25.666654,26056.05,25800.0,25850,ATM-5,CALL,26100,2025-12-02
2025-12-02 12:12:00+05:30,269.9,273.4,269.4,273.1,16800,664650,26.323406,26058.6,25800.0,25850,ATM-5,CALL,26100,2025-12-02
2025-12-02 12:13:00+05:30,273.05,273.8,269.25,269.25,15375,664650,25.057782,26056.5,25800.0,25850,ATM-5,CALL,26100,2025-12-02
2025-12-02 12:14:00+05:30,270.0,270.0,261.0,266.6,36825,672000,26.215572,26051.55,25800.0,25850,ATM-5,CALL,26100,2025-12-02
2025-12-02 12:15:00+05:30,266.0,267.2,265.1,265.75,6825,672000,25.046497,26052.7,25800.0,25850,ATM-5,CALL,26100,2025-12-02
2025-12-02 12:16:00+05:30,268.7,270.75,261.9,262.8,55575,672000,25.128628,26049.3,25800.0,25850,ATM-5,CALL,26100,2025-12-02
2025-12-02 12:17:00+05:30,265.55,275.75,262.8,275.4,76050,644400,26.684475,26060.8,25800.0,25850,ATM-5,CALL,26100,2025-12-02
2025-12-02 12:18:00+05:30,273.95,275.4,270.2,271.8,16200,644400,25.732754,26058.45,25800.0,25850,ATM-5,CALL,26100,2025-12-02
2025-12-02 12:19:00+05:30,271.15,273.4,269.15,271.6,7725,644400,26.772965,26056.45,25800.0,25850,ATM-5,CALL,26100,2025-12-02
2025-12-02 12:20:00+05:30,271.55,275.2,268.65,271.6,45450,668250,25.862847,26058.1,25800.0,25850,ATM-5,CALL,26100,2025-12-02
2025-12-02 12:21:00+05:30,271.15,273.2,269.15,272.25,19425,668250,26.401333,26057.95,25800.0,25850,ATM-5,CALL,26100,2025-12-02
2025-12-02 12:22:00+05:30,272.2,275.75,272.2,273.9,13200,668250,26.404346,26059.85,25800.0,25850,ATM-5,CALL,26100,2025-12-02
2025-12-02 12:23:00+05:30,273.95,273.95,271.8,272.85,12075,625875,26.784067,26058.05,25800.0,25850,ATM-5,CALL,26100,2025-12-02
2025-12-02 12:24:00+05:30,273.0,281.7,272.1,278.5,35025,625875,26.46509,26065.0,25800.0,25850,ATM-5,CALL,26100,2025-12-02
2025-12-02 12:25:00+05:30,278.4,278.5,273.9,275.1,11175,625875,25.546482,26062.75,25800.0,25850,ATM-5,CALL,26100,2025-12-02
2025-12-02 12:26:00+05:30,277.3,278.75,272.6,275.9,10800,610800,26.12663,26062.75,25800.0,25850,ATM-5,CALL,26100,2025-12-02
2025-12-02 12:27:00+05:30,276.3,277.7,272.75,276.2,9600,610800,27.058136,26061.55,25800.0,25850,ATM-5,CALL,26100,2025-12-02
2025-12-02 12:28:00+05:30,276.55,277.05,273.45,274.0,9450,610800,26.756518,26059.65,25800.0,25850,ATM-5,CALL,26100,2025-12-02
2025-12-02 12:29:00+05:30,274.9,280.75,274.0,279.5,27450,611400,26.406276,26066.45,25800.0,25850,ATM-5,CALL,26100,2025-12-02
2025-12-02 12:30:00+05:30,280.0,280.5,277.3,279.9,12150,611400,26.858494,26066.2,25800.0,25850,ATM-5,CALL,26100,2025-12-02
2025-12-02 12:31:00+05:30,280.5,280.95,275.0,275.65,13650,611400,25.626408,26063.5,25800.0,25850,ATM-5,CALL,26100,2025-12-02
2025-12-02 12:32:00+05:30,276.45,281.15,275.65,279.35,14175,604575,26.877804,26065.65,25800.0,25850,ATM-5,CALL,26100,2025-12-02
2025-12-02 12:33:00+05:30,280.0,287.95,279.25,287.15,34575,604575,28.117839,26072.35,25800.0,25850,ATM-5,CALL,26100,2025-12-02
2025-12-02 12:34:00+05:30,287.0,289.7,284.9,289.0,22425,604575,28.542025,26073.75,25800.0,25850,ATM-5,CALL,26100,2025-12-02
2025-12-02 12:35:00+05:30,239.05,249.7,237.2,249.7,24975,309300,26.051575,26083.6,25850.0,25850,ATM-5,CALL,26100,2025-12-02
2025-12-02 12:36:00+05:30,249.0,249.7,240.8,241.95,22125,309300,23.412119,26079.65,25850.0,25850,ATM-5,CALL,26100,2025-12-02
2025-12-02 12:37:00+05:30,242.5,242.85,239.3,239.55,10650,309300,22.902837,26077.85,25850.0,25850,ATM-5,CALL,26100,2025-12-02
2025-12-02 12:38:00+05:30,291.5,291.8,282.2,284.7,21375,578325,26.658739,26072.25,25800.0,25850,ATM-5,CALL,26100,2025-12-02
2025-12-02 12:39:00+05:30,285.05,287.3,281.3,285.9,10800,578325,27.49704,26072.3,25800.0,25850,ATM-5,CALL,26100,2025-12-02
2025-12-02 12:40:00+05:30,286.0,287.8,282.7,285.85,10125,578325,26.799627,26073.4,25800.0,25850,ATM-5,CALL,26100,2025-12-02
2025-12-02 12:41:00+05:30,285.05,285.9,276.95,277.45,27750,574800,25.304431,26066.4,25800.0,25850,ATM-5,CALL,26100,2025-12-02
2025-12-02 12:42:00+05:30,277.55,278.8,271.1,275.75,24375,574800,26.734258,26062.35,25800.0,25850,ATM-5,CALL,26100,2025-12-02
2025-12-02 12:43:00+05:30,275.05,276.45,271.7,273.75,7500,574800,25.837926,26061.6,25800.0,25850,ATM-5,CALL,26100,2025-12-02
2025-12-02 12:44:00+05:30,272.6,275.0,268.65,270.05,33675,573975,23.720938,26060.6,25800.0,25850,ATM-5,CALL,26100,2025-12-02
2025-12-02 12:45:00+05:30,271.95,273.4,269.25,270.9,26025,573975,24.99791,26059.8,25800.0,25850,ATM-5,CALL,26100,2025-12-02
2025-12-02 12:46:00+05:30,270.85,272.2,265.5,265.9,16725,573975,24.436357,26055.15,25800.0,25850,ATM-5,CALL,26100,2025-12-02
2025-12-02 12:47:00+05:30,267.3,271.15,264.85,271.15,21600,559050,27.511596,26056.1,25800.0,25850,ATM-5,CALL,26100,2025-12-02
2025-12-02 12:48:00+05:30,271.5,271.5,266.55,266.55,15675,559050,25.244008,26054.75,25800.0,25850,ATM-5,CALL,26100,2025-12-02
2025-12-02 12:49:00+05:30,264.2,266.55,260.0,262.2,28125,559050,25.591286,26049.4,25800.0,25850,ATM-5,CALL,26100,2025-12-02
2025-12-02 12:50:00+05:30,261.9,264.3,261.5,263.5,10950,568800,25.98886,26050.25,25800.0,25850,ATM-5,CALL,26100,2025-12-02
2025-12-02 12:51:00+05:30,264.5,265.5,262.85,265.45,6300,568800,27.206496,26050.4,25800.0,25850,ATM-5,CALL,26100,2025-12-02
2025-12-02 12:52:00+05:30,264.8,265.45,260.75,262.05,19350,568800,25.357006,26049.75,25800.0,25850,ATM-5,CALL,26100,2025-12-02
2025-12-02 12:53:00+05:30,262.9,262.9,259.0,260.5,13950,570075,24.560516,26049.3,25800.0,25850,ATM-5,CALL,26100,2025-12-02
2025-12-02 12:54:00+05:30,261.55,261.55,251.4,251.4,26475,570075,21.149152,26043.9,25800.0,25850,ATM-5,CALL,26100,2025-12-02
2025-12-02 12:55:00+05:30,249.85,256.2,249.85,253.5,42525,570075,22.590662,26044.45,25800.0,25850,ATM-5,CALL,26100,2025-12-02
2025-12-02 12:56:00+05:30,254.85,255.0,246.0,249.4,50025,573150,22.026512,26040.75,25800.0,25850,ATM-5,CALL,26100,2025-12-02
2025-12-02 12:57:00+05:30,250.5,250.5,243.75,247.0,105450,573150,21.570217,26038.75,25800.0,25850,ATM-5,CALL,26100,2025-12-02
2025-12-02 12:58:00+05:30,247.3,252.0,247.0,252.0,42375,573150,23.994556,26040.95,25800.0,25850,ATM-5,CALL,26100,2025-12-02
2025-12-02 12:59:00+05:30,252.6,252.9,250.75,251.45,23775,654750,23.437016,26041.2,25800.0,25850,ATM-5,CALL,26100,2025-12-02
2025-12-02 13:00:00+05:30,251.35,253.3,250.3,252.85,15300,654750,24.666239,26040.95,25800.0,25850,ATM-5,CALL,26100,2025-12-02
2025-12-02 13:01:00+05:30,252.5,253.5,244.65,244.65,38475,654750,20.573654,26037.5,25800.0,25850,ATM-5,CALL,26100,2025-12-02
2025-12-02 13:02:00+05:30,246.45,251.4,244.65,250.25,23925,676950,24.014993,26039.15,25800.0,25850,ATM-5,CALL,26100,2025-12-02
2025-12-02 13:03:00+05:30,249.0,250.25,246.85,250.25,14550,676950,24.338253,26038.7,25800.0,25850,ATM-5,CALL,26100,2025-12-02
2025-12-02 13:04:00+05:30,250.1,256.0,249.45,254.55,47550,676950,24.483223,26043.3,25800.0,25850,ATM-5,CALL,26100,2025-12-02
2025-12-02 13:05:00+05:30,254.7,256.7,242.5,243.4,108000,709500,21.738058,26034.9,25800.0,25850,ATM-5,CALL,26100,2025-12-02
2025-12-02 13:06:00+05:30,244.2,247.65,242.8,246.05,57900,709500,23.691152,26035.15,25800.0,25850,ATM-5,CALL,26100,2025-12-02
2025-12-02 13:07:00+05:30,248.7,254.9,246.05,254.45,38925,709500,26.805303,26039.5,25800.0,25850,ATM-5,CALL,26100,2025-12-02
2025-12-02 13:08:00+05:30,252.0,257.45,252.0,256.8,29700,708075,26.092077,26043.45,25800.0,25850,ATM-5,CALL,26100,2025-12-02
2025-12-02 13:09:00+05:30,256.95,267.85,254.4,263.95,89550,708075,26.100883,26051.5,25800.0,25850,ATM-5,CALL,26100,2025-12-02
2025-12-02 13:10:00+05:30,262.85,263.95,252.0,254.0,43275,708075,26.975209,26038.85,25800.0,25850,ATM-5,CALL,26100,2025-12-02
2025-12-02 13:11:00+05:30,255.65,255.65,252.45,252.45,13500,658425,26.207557,26038.5,25800.0,25850,ATM-5,CALL,26100,2025-12-02
2025-12-02 13:12:00+05:30,252.85,252.85,247.25,250.4,23325,658425,25.214568,26037.9,25800.0,25850,ATM-5,CALL,26100,2025-12-02
2025-12-02 13:13:00+05:30,250.35,253.9,250.35,252.75,25275,658425,25.849145,26039.55,25800.0,25850,ATM-5,CALL,26100,2025-12-02
2025-12-02 13:14:00+05:30,252.55,252.75,244.0,246.15,30750,652575,23.551744,26035.8,25800.0,25850,ATM-5,CALL,26100,2025-12-02
2025-12-02 13:15:00+05:30,246.75,249.0,245.6,248.95,13350,652575,25.195846,26036.45,25800.0,25850,ATM-5,CALL,26100,2025-12-02
2025-12-02 13:16:00+05:30,249.25,249.6,244.15,244.35,13425,652575,24.085903,26033.1,25800.0,25850,ATM-5,CALL,26100,2025-12-02
2025-12-02 13:17:00+05:30,244.6,247.45,243.4,247.0,14325,656550,25.944423,26033.1,25800.0,25850,ATM-5,CALL,26100,2025-12-02
2025-12-02 13:18:00+05:30,246.95,250.85,246.5,248.65,13650,656550,25.927878,26035.05,25800.0,25850,ATM-5,CALL,26100,2025-12-02
2025-12-02 13:19:00+05:30,249.4,249.4,247.6,248.2,6075,656550,25.686932,26035.0,25800.0,25850,ATM-5,CALL,26100,2025-12-02
2025-12-02 13:20:00+05:30,248.0,248.95,243.0,245.3,36825,673500,24.339979,26033.95,25800.0,25850,ATM-5,CALL,26100,2025-12-02
2025-12-02 13:21:00+05:30,246.05,251.65,239.65,251.65,40125,673500,28.342096,26034.25,25800.0,25850,ATM-5,CALL,26100,2025-12-02
2025-12-02 13:22:00+05:30,251.1,254.9,250.55,252.05,66150,673500,26.045266,26038.9,25800.0,25850,ATM-5,CALL,26100,2025-12-02
2025-12-02 13:23:00+05:30,252.7,261.0,251.9,261.0,38100,702150,28.252212,26045.3,25800.0,25850,ATM-5,CALL,26100,2025-12-02
2025-12-02 13:24:00+05:30,260.2,261.0,257.15,257.15,17700,702150,25.375911,26045.75,25800.0,25850,ATM-5,CALL,26100,2025-12-02
2025-12-02 13:25:00+05:30,257.0,258.25,252.8,255.6,20550,702150,26.834592,26041.75,25800.0,25850,ATM-5,CALL,26100,2025-12-02
2025-12-02 13:26:00+05:30,255.7,259.85,253.3,254.6,17850,696300,26.214136,26041.7,25800.0,25850,ATM-5,CALL,26100,2025-12-02
2025-12-02 13:27:00+05:30,254.95,256.7,252.5,253.8,13125,696300,27.023635,26039.5,25800.0,25850,ATM-5,CALL,26100,2025-12-02
2025-12-02 13:28:00+05:30,253.75,255.5,247.75,249.05,42975,696300,24.386501,26038.4,25800.0,25850,ATM-5,CALL,26100,2025-12-02
2025-12-02 13:29:00+05:30,249.45,250.25,244.9,246.5,23850,674850,24.568324,26035.35,25800.0,25850,ATM-5,CALL,26100,2025-12-02
2025-12-02 13:30:00+05:30,246.6,248.75,244.35,246.6,36825,674850,25.195216,26034.55,25800.0,25850,ATM-5,CALL,26100,2025-12-02
2025-12-02 13:31:00+05:30,247.9,249.8,245.45,248.15,22500,674850,26.329879,26034.5,25800.0,25850,ATM-5,CALL,26100,2025-12-02
2025-12-02 13:32:00+05:30,247.65,249.0,245.85,249.0,8625,712425,25.695281,26036.55,25800.0,25850,ATM-5,CALL,26100,2025-12-02
2025-12-02 13:33:00+05:30,248.45,253.35,247.35,252.7,24225,712425,26.324692,26039.75,25800.0,25850,ATM-5,CALL,26100,2025-12-02
2025-12-02 13:34:00+05:30,252.45,255.6,251.75,254.45,13050,712425,27.070649,26040.55,25800.0,25850,ATM-5,CALL,26100,2025-12-02
2025-12-02 13:35:00+05:30,253.4,254.75,249.2,250.55,11100,707100,25.59011,26038.6,25800.0,25850,ATM-5,CALL,26100,2025-12-02
2025-12-02 13:36:00+05:30,248.95,250.55,240.7,240.9,63075,707100,24.427382,26029.65,25800.0,25850,ATM-5,CALL,26100,2025-12-02
2025-12-02 13:37:00+05:30,240.8,244.8,240.8,243.0,17625,707100,25.042916,26031.1,25800.0,25850,ATM-5,CALL,26100,2025-12-02
2025-12-02 13:38:00+05:30,243.0,260.0,241.8,259.15,34200,706500,28.366456,26043.9,25800.0,25850,ATM-5,CALL,26100,2025-12-02
2025-12-02 13:39:00+05:30,258.7,259.15,247.0,252.15,62475,706500,28.71375,26035.3,25800.0,25850,ATM-5,CALL,26100,2025-12-02
2025-12-02 13:40:00+05:30,250.6,252.4,246.1,250.0,20325,706500,26.589927,26036.65,25800.0,25850,ATM-5,CALL,26100,2025-12-02
2025-12-02 13:41:00+05:30,249.1,251.05,246.2,248.6,10425,698325,26.42157,26035.4,25800.0,25850,ATM-5,CALL,26100,2025-12-02
2025-12-02 13:42:00+05:30,248.25,250.0,244.0,244.15,14175,698325,24.207189,26033.85,25800.0,25850,ATM-5,CALL,26100,2025-12-02
2025-12-02 13:43:00+05:30,245.1,246.15,240.85,246.15,16575,698325,26.595968,26032.45,25800.0,25850,ATM-5,CALL,26100,2025-12-02
2025-12-02 13:44:00+05:30,246.75,250.35,245.65,248.6,13500,709725,25.731738,26036.65,25800.0,25850,ATM-5,CALL,26100,2025-12-02
2025-12-02 13:45:00+05:30,247.4,249.85,245.25,245.4,8250,709725,24.032024,26035.6,25800.0,25850,ATM-5,CALL,26100,2025-12-02
2025-12-02 13:46:00+05:30,245.0,248.7,239.85,248.7,39375,709725,27.631078,26033.75,25800.0,25850,ATM-5,CALL,26100,2025-12-02
2025-12-02 13:47:00+05:30,249.4,253.85,248.1,253.25,60600,707850,27.205608,26039.7,25800.0,25850,ATM-5,CALL,26100,2025-12-02
2025-12-02 13:48:00+05:30,254.05,258.95,253.25,257.95,33825,707850,27.489029,26044.6,25800.0,25850,ATM-5,CALL,26100,2025-12-02
2025-12-02 13:49:00+05:30,258.4,258.85,254.0,257.7,16950,707850,29.17696,26041.5,25800.0,25850,ATM-5,CALL,26100,2025-12-02
2025-12-02 13:50:00+05:30,257.2,259.35,255.05,255.35,10200,721125,27.750665,26041.35,25800.0,25850,ATM-5,CALL,26100,2025-12-02
2025-12-02 13:51:00+05:30,255.85,264.95,255.35,260.95,55875,721125,27.863294,26047.55,25800.0,25850,ATM-5,CALL,26100,2025-12-02
2025-12-02 13:52:00+05:30,261.2,263.75,258.05,262.6,14700,721125,28.248089,26048.85,25800.0,25850,ATM-5,CALL,26100,2025-12-02
2025-12-02 13:53:00+05:30,261.35,262.6,254.5,255.5,15600,704175,26.093299,26044.25,25800.0,25850,ATM-5,CALL,26100,2025-12-02
2025-12-02 13:54:00+05:30,256.35,260.95,254.3,256.0,13425,704175,27.576803,26042.6,25800.0,25850,ATM-5,CALL,26100,2025-12-02
2025-12-02 13:55:00+05:30,255.45,256.0,249.75,252.7,47550,704175,27.379556,26039.25,25800.0,25850,ATM-5,CALL,26100,2025-12-02
2025-12-02 13:56:00+05:30,252.5,268.25,251.15,263.4,75525,693375,27.287967,26051.45,25800.0,25850,ATM-5,CALL,26100,2025-12-02
2025-12-02 13:57:00+05:30,261.65,267.4,260.5,266.55,41400,693375,27.396009,26054.85,25800.0,25850,ATM-5,CALL,26100,2025-12-02
2025-12-02 13:58:00+05:30,265.0,270.6,263.85,269.35,55800,693375,27.365922,26058.05,25800.0,25850,ATM-5,CALL,26100,2025-12-02
2025-12-02 13:59:00+05:30,269.25,270.0,265.35,266.0,13500,672975,23.110464,26059.45,25800.0,25850,ATM-5,CALL,26100,2025-12-02
2025-12-02 14:00:00+05:30,264.0,266.35,258.35,261.8,57300,672975,27.238234,26049.95,25800.0,25850,ATM-5,CALL,26100,2025-12-02
2025-12-02 14:01:00+05:30,261.1,261.8,250.15,252.4,60450,672975,25.668829,26041.8,25800.0,25850,ATM-5,CALL,26100,2025-12-02
2025-12-02 14:02:00+05:30,252.25,260.7,251.8,260.05,26175,665775,28.595307,26046.0,25800.0,25850,ATM-5,CALL,26100,2025-12-02
2025-12-02 14:03:00+05:30,260.1,267.3,260.05,265.0,37350,665775,28.463881,26051.85,25800.0,25850,ATM-5,CALL,26100,2025-12-02
2025-12-02 14:04:00+05:30,267.3,268.75,263.65,266.8,22050,665775,27.842904,26054.85,25800.0,25850,ATM-5,CALL,26100,2025-12-02
2025-12-02 14:05:00+05:30,267.4,267.4,259.8,261.45,13275,661200,22.337086,26055.5,25800.0,25850,ATM-5,CALL,26100,2025-12-02
2025-12-02 14:06:00+05:30,263.0,263.0,253.6,258.0,52575,661200,30.453837,26040.7,25800.0,25850,ATM-5,CALL,26100,2025-12-02
2025-12-02 14:07:00+05:30,256.95,260.0,254.0,260.0,15600,661200,31.647591,26040.85,25800.0,25850,ATM-5,CALL,26100,2025-12-02
2025-12-02 14:08:00+05:30,258.75,274.0,258.15,271.8,44025,645600,28.349242,26059.9,25800.0,25850,ATM-5,CALL,26100,2025-12-02
2025-12-02 14:09:00+05:30,271.7,273.0,267.5,269.1,57000,645600,26.891981,26058.95,25800.0,25850,ATM-5,CALL,26100,2025-12-02
2025-12-02 14:10:00+05:30,269.1,273.6,263.65,265.65,19950,645600,25.534032,26056.9,25800.0,25850,ATM-5,CALL,26100,2025-12-02
2025-12-02 14:11:00+05:30,267.0,268.85,265.05,266.9,41700,648750,28.985463,26053.65,25800.0,25850,ATM-5,CALL,26100,2025-12-02
2025-12-02 14:12:00+05:30,265.45,267.0,263.0,264.45,13125,648750,27.852501,26052.65,25800.0,25850,ATM-5,CALL,26100,2025-12-02
2025-12-02 14:13:00+05:30,265.45,266.7,263.1,264.15,5250,648750,27.332758,26053.1,25800.0,25850,ATM-5,CALL,26100,2025-12-02
2025-12-02 14:14:00+05:30,264.65,264.65,255.55,256.75,80925,630825,27.247664,26045.05,25800.0,25850,ATM-5,CALL,26100,2025-12-02
2025-12-02 14:15:00+05:30,257.65,259.95,254.5,258.1,30525,630825,27.564366,26046.15,25800.0,25850,ATM-5,CALL,26100,2025-12-02
2025-12-02 14:16:00+05:30,260.0,260.3,254.5,256.0,13875,630825,27.399718,26044.1,25800.0,25850,ATM-5,CALL,26100,2025-12-02
2025-12-02 14:17:00+05:30,257.05,258.25,252.5,253.0,21600,633900,27.795188,26040.2,25800.0,25850,ATM-5,CALL,26100,2025-12-02
2025-12-02 14:18:00+05:30,253.9,257.9,253.0,257.9,13950,633900,29.33865,26043.35,25800.0,25850,ATM-5,CALL,26100,2025-12-02
2025-12-02 14:19:00+05:30,257.2,258.0,253.05,258.0,11850,633900,29.65859,26043.0,25800.0,25850,ATM-5,CALL,26100,2025-12-02
2025-12-02 14:20:00+05:30,259.9,260.7,251.65,251.9,16275,630225,27.522756,26039.55,25800.0,25850,ATM-5,CALL,26100,2025-12-02
2025-12-02 14:21:00+05:30,251.9,253.7,245.15,246.0,37125,630225,24.809759,26036.8,25800.0,25850,ATM-5,CALL,26100,2025-12-02
2025-12-02 14:22:00+05:30,246.9,246.9,240.75,242.3,45075,630225,23.948795,26033.85,25800.0,25850,ATM-5,CALL,26100,2025-12-02
2025-12-02 14:23:00+05:30,244.1,244.1,239.35,239.35,19800,641175,21.765108,26033.05,25800.0,25850,ATM-5,CALL,26100,2025-12-02
2025-12-02 14:24:00+05:30,236.1,244.75,236.1,243.9,53550,641175,26.82045,26031.85,25800.0,25850,ATM-5,CALL,26100,2025-12-02
2025-12-02 14:25:00+05:30,246.0,251.3,242.9,249.6,31575,641175,22.1799,26043.65,25800.0,25850,ATM-5,CALL,26100,2025-12-02
2025-12-02 14:26:00+05:30,249.4,249.6,242.3,243.0,22275,653925,0.0,26042.15,25800.0,25850,ATM-5,CALL,26100,2025-12-02
2025-12-02 14:27:00+05:30,244.0,244.7,235.95,239.9,39225,653925,16.905434,26036.95,25800.0,25850,ATM-5,CALL,26100,2025-12-02
2025-12-02 14:28:00+05:30,240.5,244.0,239.3,242.9,12150,653925,20.203082,26038.25,25800.0,25850,ATM-5,CALL,26100,2025-12-02
2025-12-02 14:29:00+05:30,241.0,247.85,241.0,247.85,16650,669000,22.733028,26041.4,25800.0,25850,ATM-5,CALL,26100,2025-12-02
2025-12-02 14:30:00+05:30,245.9,247.85,238.0,239.3,24450,669000,0.0,26037.55,25800.0,25850,ATM-5,CALL,26100,2025-12-02
2025-12-02 14:31:00+05:30,238.4,240.7,234.35,240.25,24075,669000,19.618772,26035.95,25800.0,25850,ATM-5,CALL,26100,2025-12-02
2025-12-02 14:32:00+05:30,241.05,241.05,237.85,238.05,10575,681675,17.656985,26034.8,25800.0,25850,ATM-5,CALL,26100,2025-12-02
2025-12-02 14:33:00+05:30,237.5,243.75,235.95,242.85,32325,681675,24.074475,26034.75,25800.0,25850,ATM-5,CALL,26100,2025-12-02
2025-12-02 14:34:00+05:30,241.5,248.6,240.35,248.45,21675,681675,26.288683,26038.2,25800.0,25850,ATM-5,CALL,26100,2025-12-02
2025-12-02 14:35:00+05:30,248.45,248.45,238.4,240.0,46875,690075,15.470513,26037.6,25800.0,25850,ATM-5,CALL,26100,2025-12-02
2025-12-02 14:36:00+05:30,291.7,291.7,263.85,267.35,24750,72000,0.0,26016.1,25750.0,25850,ATM-5,CALL,26100,2025-12-02
2025-12-02 14:37:00+05:30,267.25,267.95,254.5,260.0,18750,72000,24.263868,26003.25,25750.0,25850,ATM-5,CALL,26100,2025-12-02
2025-12-02 14:38:00+05:30,258.6,266.65,258.6,265.0,14400,86550,23.893562,26008.95,25750.0,25850,ATM-5,CALL,26100,2025-12-02
2025-12-02 14:39:00+05:30,262.2,269.7,262.15,263.65,4575,86550,0.0,26013.7,25750.0,25850,ATM-5,CALL,26100,2025-12-02
2025-12-02 14:40:00+05:30,264.4,267.0,256.45,260.85,6600,86550,0.0,26009.85,25750.0,25850,ATM-5,CALL,26100,2025-12-02
2025-12-02 14:41:00+05:30,260.4,263.15,259.0,261.05,4425,87075,0.0,26010.05,25750.0,25850,ATM-5,CALL,26100,2025-12-02
2025-12-02 14:42:00+05:30,259.55,265.0,259.0,263.35,7200,87075,16.143923,26011.15,25750.0,25850,ATM-5,CALL,26100,2025-12-02
2025-12-02 14:43:00+05:30,263.95,263.95,257.0,259.9,4050,87075,17.524113,26007.35,25750.0,25850,ATM-5,CALL,26100,2025-12-02
2025-12-02 14:44:00+05:30,257.3,263.65,257.3,260.75,4050,88350,0.0,26010.0,25750.0,25850,ATM-5,CALL,26100,2025-12-02
2025-12-02 14:45:00+05:30,259.05,263.6,254.9,258.85,11625,88350,0.0,26009.4,25750.0,25850,ATM-5,CALL,26100,2025-12-02
2025-12-02 14:46:00+05:30,259.1,261.2,258.0,260.75,975,88350,0.0,26011.5,25750.0,25850,ATM-5,CALL,26100,2025-12-02
2025-12-02 14:47:00+05:30,262.2,262.6,260.15,261.85,1950,89775,0.0,26011.75,25750.0,25850,ATM-5,CALL,26100,2025-12-02
2025-12-02 14:48:00+05:30,261.0,270.3,260.4,267.45,7950,89775,0.0,26016.75,25750.0,25850,ATM-5,CALL,26100,2025-12-02
2025-12-02 14:49:00+05:30,267.0,271.0,258.0,271.0,6225,89775,19.627293,26018.05,25750.0,25850,ATM-5,CALL,26100,2025-12-02
2025-12-02 14:50:00+05:30,272.05,279.6,270.3,270.3,17025,81150,21.391525,26016.55,25750.0,25850,ATM-5,CALL,26100,2025-12-02
2025-12-02 14:51:00+05:30,270.0,274.75,265.9,273.9,4425,81150,23.893407,26018.75,25750.0,25850,ATM-5,CALL,26100,2025-12-02
2025-12-02 14:52:00+05:30,274.45,278.0,268.0,268.0,7650,81150,0.0,26020.3,25750.0,25850,ATM-5,CALL,26100,2025-12-02
2025-12-02 14:53:00+05:30,268.2,268.55,266.65,268.55,450,77175,0.0,26019.35,25750.0,25850,ATM-5,CALL,26100,2025-12-02
2025-12-02 14:54:00+05:30,267.6,268.55,258.4,262.65,11550,77175,13.66264,26010.8,25750.0,25850,ATM-5,CALL,26100,2025-12-02
2025-12-02 14:55:00+05:30,260.0,263.05,254.5,261.4,10875,77175,15.017799,26009.45,25750.0,25850,ATM-5,CALL,26100,2025-12-02
2025-12-02 14:56:00+05:30,260.9,261.4,257.0,260.05,1275,81750,17.557678,26007.65,25750.0,25850,ATM-5,CALL,26100,2025-12-02
2025-12-02 14:57:00+05:30,259.25,260.05,257.0,257.15,2700,81750,25.057882,26000.2,25750.0,25850,ATM-5,CALL,26100,2025-12-02
2025-12-02 14:58:00+05:30,258.65,258.65,247.15,251.0,11625,81750,0.0,26010.45,25750.0,25850,ATM-5,CALL,26100,2025-12-02
2025-12-02 14:59:00+05:30,252.3,258.35,251.0,256.45,4725,81750,0.0,26018.75,25750.0,25850,ATM-5,CALL,26100,2025-12-02
2025-12-02 15:00:00+05:30,258.55,272.5,256.45,260.35,8625,78600,0.0,26011.85,25750.0,25850,ATM-5,CALL,26100,2025-12-02
2025-12-02 15:01:00+05:30,259.7,272.6,259.7,270.7,10125,78600,0.0,26021.95,25750.0,25850,ATM-5,CALL,26100,2025-12-02
2025-12-02 15:02:00+05:30,269.8,271.15,263.5,270.6,6750,73875,0.0,26022.35,25750.0,25850,ATM-5,CALL,26100,2025-12-02
2025-12-02 15:03:00+05:30,271.1,271.2,267.6,268.35,5700,73875,0.0,26020.3,25750.0,25850,ATM-5,CALL,26100,2025-12-02
2025-12-02 15:04:00+05:30,268.75,273.15,268.35,271.1,3975,73875,0.0,26023.6,25750.0,25850,ATM-5,CALL,26100,2025-12-02
2025-12-02 15:05:00+05:30,271.9,272.75,268.7,269.4,2925,67350,0.0,26022.85,25750.0,25850,ATM-5,CALL,26100,2025-12-02
2025-12-02 15:06:00+05:30,269.3,269.9,267.0,268.75,2325,67350,0.0,26020.65,25750.0,25850,ATM-5,CALL,26100,2025-12-02
2025-12-02 15:07:00+05:30,269.7,270.9,267.55,270.3,2475,67350,0.0,26024.6,25750.0,25850,ATM-5,CALL,26100,2025-12-02
2025-12-02 15:08:00+05:30,220.6,223.0,219.8,223.0,25350,433050,0.0,26026.8,25800.0,25850,ATM-5,CALL,26100,2025-12-02
2025-12-02 15:09:00+05:30,223.65,226.55,222.25,223.45,41250,433050,0.0,26026.45,25800.0,25850,ATM-5,CALL,26100,2025-12-02
2025-12-02 15:10:00+05:30,222.4,226.75,222.4,225.95,35325,433050,0.0,26030.5,25800.0,25850,ATM-5,CALL,26100,2025-12-02
2025-12-02 15:11:00+05:30,227.0,229.75,225.95,228.0,38250,375150,0.0,26033.2,25800.0,25850,ATM-5,CALL,26100,2025-12-02
2025-12-02 15:12:00+05:30,227.8,228.35,226.7,228.35,30225,375150,0.0,26033.4,25800.0,25850,ATM-5,CALL,26100,2025-12-02
2025-12-02 15:13:00+05:30,228.1,232.0,227.6,231.0,37800,375150,0.0,26037.75,25800.0,25850,ATM-5,CALL,26100,2025-12-02
2025-12-02 15:14:00+05:30,231.25,232.0,228.3,229.25,35325,342825,0.0,26036.75,25800.0,25850,ATM-5,CALL,26100,2025-12-02
2025-12-02 15:15:00+05:30,229.05,230.0,226.1,226.1,34725,342825,0.0,26033.8,25800.0,25850,ATM-5,CALL,26100,2025-12-02
2025-12-02 15:16:00+05:30,226.7,229.95,225.75,228.65,28650,342825,0.0,26037.4,25800.0,25850,ATM-5,CALL,26100,2025-12-02
2025-12-02 15:17:00+05:30,228.85,228.9,227.7,228.5,7950,314250,0.0,26038.65,25800.0,25850,ATM-5,CALL,26100,2025-12-02
2025-12-02 15:18:00+05:30,228.0,228.5,225.2,227.1,25275,314250,0.0,26032.75,25800.0,25850,ATM-5,CALL,26100,2025-12-02
2025-12-02 15:19:00+05:30,227.2,229.8,227.1,229.6,28725,314250,0.0,26038.6,25800.0,25850,ATM-5,CALL,26100,2025-12-02
2025-12-02 15:20:00+05:30,229.9,231.0,229.05,230.2,25575,284475,0.0,26044.85,25800.0,25850,ATM-5,CALL,26100,2025-12-02
2025-12-02 15:21:00+05:30,231.3,231.3,229.45,229.45,30600,284475,0.0,26040.15,25800.0,25850,ATM-5,CALL,26100,2025-12-02
2025-12-02 15:22:00+05:30,229.5,230.9,229.4,230.9,11025,284475,0.0,26040.75,25800.0,25850,ATM-5,CALL,26100,2025-12-02
2025-12-02 15:23:00+05:30,231.0,232.35,230.9,232.0,16875,256575,0.0,26048.35,25800.0,25850,ATM-5,CALL,26100,2025-12-02
2025-12-02 15:24:00+05:30,232.05,232.3,231.35,232.2,22200,256575,0.0,26050.9,25800.0,25850,ATM-5,CALL,26100,2025-12-02
2025-12-02 15:25:00+05:30,232.15,232.95,232.1,232.15,26625,256575,0.0,26055.0,25800.0,25850,ATM-5,CALL,26100,2025-12-02
2025-12-02 15:26:00+05:30,232.15,232.8,232.1,232.6,13275,227550,0.0,26051.85,25800.0,25850,ATM-5,CALL,26100,2025-12-02
2025-12-02 15:27:00+05:30,232.6,233.0,232.0,232.25,28650,227550,43.877058,26055.35,25800.0,25850,ATM-5,CALL,26100,2025-12-02
2025-12-02 15:28:00+05:30,232.25,232.7,231.9,232.7,14175,227550,48.47833,26056.15,25800.0,25850,ATM-5,CALL,26100,2025-12-02
2025-12-02 15:29:00+05:30,232.15,232.75,231.7,232.0,36075,227550,0.0,26057.0,25800.0,25850,ATM-5,CALL,26100,2025-12-02
2025-12-02 09:15:00+05:30,1.65,1.8,1.45,1.45,2766525,2883225,18.974627,26110.2,25750.0,25750,ATM-7,PUT,26100,2025-12-02
2025-12-02 09:16:00+05:30,1.45,1.5,1.35,1.35,1112925,3201375,19.148335,26118.7,25750.0,25750,ATM-7,PUT,26100,2025-12-02
2025-12-02 09:17:00+05:30,1.7,1.8,1.7,1.7,2411625,7064925,17.961929,26127.05,25800.0,25750,ATM-7,PUT,26100,2025-12-02
2025-12-02 09:18:00+05:30,1.7,1.8,1.55,1.6,2342025,7064925,18.610368,26145.25,25800.0,25750,ATM-7,PUT,26100,2025-12-02
2025-12-02 09:19:00+05:30,1.6,1.7,1.6,1.7,2379525,7782225,18.63778,26141.5,25800.0,25750,ATM-7,PUT,26100,2025-12-02
2025-12-02 09:20:00+05:30,1.65,1.75,1.6,1.6,1836975,7782225,18.689966,26146.45,25800.0,25750,ATM-7,PUT,26100,2025-12-02
2025-12-02 09:21:00+05:30,1.65,1.65,1.55,1.6,1339650,7782225,18.660779,26145.5,25800.0,25750,ATM-7,PUT,26100,2025-12-02
2025-12-02 09:22:00+05:30,1.6,1.65,1.55,1.6,1065150,8413950,18.682849,26145.7,25800.0,25750,ATM-7,PUT,26100,2025-12-02
2025-12-02 09:23:00+05:30,1.6,1.65,1.55,1.6,1313625,8413950,18.95465,26151.5,25800.0,25750,ATM-7,PUT,26100,2025-12-02
2025-12-02 09:24:00+05:30,1.6,1.7,1.6,1.65,1156425,8413950,18.723402,26143.95,25800.0,25750,ATM-7,PUT,26100,2025-12-02
2025-12-02 09:25:00+05:30,1.65,1.7,1.6,1.6,646950,8712825,18.697938,26145.15,25800.0,25750,ATM-7,PUT,26100,2025-12-02
2025-12-02 09:26:00+05:30,1.6,1.65,1.6,1.65,602400,8712825,18.900342,26147.3,25800.0,25750,ATM-7,PUT,26100,2025-12-02
2025-12-02 09:27:00+05:30,1.65,1.65,1.6,1.6,557475,8712825,18.869938,26148.4,25800.0,25750,ATM-7,PUT,26100,2025-12-02
2025-12-02 09:28:00+05:30,1.65,1.7,1.6,1.65,558300,8943975,18.73611,26143.05,25800.0,25750,ATM-7,PUT,26100,2025-12-02
2025-12-02 09:29:00+05:30,1.65,1.7,1.6,1.7,1215750,8943975,18.257917,26130.2,25800.0,25750,ATM-7,PUT,26100,2025-12-02
2025-12-02 09:30:00+05:30,1.3,1.45,1.3,1.45,772200,3684975,19.701543,26122.1,25750.0,25750,ATM-7,PUT,26100,2025-12-02
2025-12-02 09:31:00+05:30,1.45,1.45,1.3,1.35,949500,3932100,19.328641,26118.15,25750.0,25750,ATM-7,PUT,26100,2025-12-02
2025-12-02 09:32:00+05:30,1.75,1.75,1.6,1.65,911475,9249225,18.289852,26132.0,25800.0,25750,ATM-7,PUT,26100,2025-12-02
2025-12-02 09:33:00+05:30,1.3,1.3,1.25,1.3,296475,3932100,19.370153,26121.0,25750.0,25750,ATM-7,PUT,26100,2025-12-02
2025-12-02 09:34:00+05:30,1.3,1.3,1.25,1.3,257925,4082550,19.117831,26114.9,25750.0,25750,ATM-7,PUT,26100,2025-12-02
2025-12-02 09:35:00+05:30,1.25,1.3,1.25,1.3,201000,4082550,19.181862,26116.05,25750.0,25750,ATM-7,PUT,26100,2025-12-02
2025-12-02 09:36:00+05:30,1.3,1.3,1.2,1.25,306375,4082550,19.006432,26114.3,25750.0,25750,ATM-7,PUT,26100,2025-12-02
2025-12-02 09:37:00+05:30,1.25,1.3,1.2,1.3,328950,4193700,19.401974,26120.45,25750.0,25750,ATM-7,PUT,26100,2025-12-02
2025-12-02 09:38:00+05:30,1.3,1.3,1.2,1.25,443925,4193700,18.769587,26108.25,25750.0,25750,ATM-7,PUT,26100,2025-12-02
2025-12-02 09:39:00+05:30,1.3,1.3,1.2,1.25,326550,4193700,18.80944,26108.85,25750.0,25750,ATM-7,PUT,26100,2025-12-02
2025-12-02 09:40:00+05:30,1.25,1.25,1.2,1.2,547650,4189500,18.538142,26104.95,25750.0,25750,ATM-7,PUT,26100,2025-12-02
2025-12-02 09:41:00+05:30,1.2,1.25,1.15,1.15,357000,4189500,18.027196,26095.6,25750.0,25750,ATM-7,PUT,26100,2025-12-02
2025-12-02 09:42:00+05:30,1.1,1.25,1.1,1.25,771450,4189500,17.965776,26088.75,25750.0,25750,ATM-7,PUT,26100,2025-12-02
2025-12-02 09:43:00+05:30,1.25,1.25,1.15,1.15,672075,4282725,17.867645,26091.35,25750.0,25750,ATM-7,PUT,26100,2025-12-02
2025-12-02 09:44:00+05:30,1.2,1.25,1.15,1.2,781575,4282725,17.46399,26079.3,25750.0,25750,ATM-7,PUT,26100,2025-12-02
2025-12-02 09:45:00+05:30,1.15,1.2,1.1,1.15,377775,4282725,17.676611,26086.4,25750.0,25750,ATM-7,PUT,26100,2025-12-02
2025-12-02 09:46:00+05:30,1.2,1.25,1.15,1.15,881250,4163850,17.777338,26088.4,25750.0,25750,ATM-7,PUT,26100,2025-12-02
2025-12-02 09:47:00+05:30,1.2,1.25,1.15,1.15,411900,4163850,18.044859,26094.2,25750.0,25750,ATM-7,PUT,26100,2025-12-02
2025-12-02 09:48:00+05:30,1.15,1.25,1.15,1.2,496200,4163850,17.656818,26082.5,25750.0,25750,ATM-7,PUT,26100,2025-12-02
2025-12-02 09:49:00+05:30,1.05,1.05,0.95,1.0,526350,7418775,18.963274,26072.65,25700.0,25750,ATM-7,PUT,26100,2025-12-02
2025-12-02 09:50:00+05:30,1.0,1.05,0.95,1.0,811050,7418775,18.94936,26072.0,25700.0,25750,ATM-7,PUT,26100,2025-12-02
2025-12-02 09:51:00+05:30,1.0,1.05,1.0,1.0,748350,7418775,18.937533,26071.4,25700.0,25750,ATM-7,PUT,26100,2025-12-02
2025-12-02 09:52:00+05:30,1.0,1.1,1.0,1.05,652800,7524300,19.06526,26070.95,25700.0,25750,ATM-7,PUT,26100,2025-12-02
2025-12-02 09:53:00+05:30,1.0,1.05,1.0,1.05,170475,7524300,19.096681,26071.35,25700.0,25750,ATM-7,PUT,26100,2025-12-02
2025-12-02 09:54:00+05:30,1.3,1.35,1.2,1.2,286950,4207950,17.476765,26076.7,25750.0,25750,ATM-7,PUT,26100,2025-12-02
2025-12-02 09:55:00+05:30,1.25,1.25,1.2,1.2,120300,4304400,17.901542,26085.95,25750.0,25750,ATM-7,PUT,26100,2025-12-02
2025-12-02 09:56:00+05:30,1.2,1.25,1.15,1.25,275400,4304400,17.910077,26083.35,25750.0,25750,ATM-7,PUT,26100,2025-12-02
2025-12-02 09:57:00+05:30,1.25,1.25,1.2,1.25,78525,4304400,18.021803,26085.55,25750.0,25750,ATM-7,PUT,26100,2025-12-02
2025-12-02 09:58:00+05:30,1.2,1.3,1.2,1.25,313725,4473900,17.85826,26081.6,25750.0,25750,ATM-7,PUT,26100,2025-12-02
2025-12-02 09:59:00+05:30,1.25,1.3,1.2,1.25,466575,4473900,17.579621,26075.1,25750.0,25750,ATM-7,PUT,26100,2025-12-02
2025-12-02 10:00:00+05:30,1.05,1.05,1.0,1.0,210000,7755750,19.112053,26072.5,25700.0,25750,ATM-7,PUT,26100,2025-12-02
2025-12-02 10:01:00+05:30,1.25,1.35,1.25,1.3,375150,4395225,17.791867,26076.85,25750.0,25750,ATM-7,PUT,26100,2025-12-02
2025-12-02 10:02:00+05:30,1.05,1.1,1.0,1.05,492000,7747650,19.249039,26071.9,25700.0,25750,ATM-7,PUT,26100,2025-12-02
2025-12-02 10:03:00+05:30,1.1,1.1,1.0,1.0,159675,7747650,19.059651,26070.3,25700.0,25750,ATM-7,PUT,26100,2025-12-02
2025-12-02 10:04:00+05:30,1.25,1.3,1.2,1.25,166950,4562775,17.88674,26080.45,25750.0,25750,ATM-7,PUT,26100,2025-12-02
2025-12-02 10:05:00+05:30,1.25,1.3,1.2,1.25,460650,4562775,17.884382,26080.1,25750.0,25750,ATM-7,PUT,26100,2025-12-02
2025-12-02 10:06:00+05:30,1.25,1.3,1.25,1.25,118650,4562775,17.744345,26076.7,25750.0,25750,ATM-7,PUT,26100,2025-12-02
2025-12-02 10:07:00+05:30,1.1,1.1,1.05,1.05,76950,7816125,19.343439,26072.4,25700.0,25750,ATM-7,PUT,26100,2025-12-02
2025-12-02 10:08:00+05:30,1.1,1.15,1.05,1.1,205725,7816125,19.50879,26072.85,25700.0,25750,ATM-7,PUT,26100,2025-12-02
2025-12-02 10:09:00+05:30,1.15,1.15,1.1,1.1,157425,7816125,19.538938,26073.2,25700.0,25750,ATM-7,PUT,26100,2025-12-02
2025-12-02 10:10:00+05:30,1.15,1.15,1.05,1.1,307275,7842075,19.112844,26063.2,25700.0,25750,ATM-7,PUT,26100,2025-12-02
2025-12-02 10:11:00+05:30,1.05,1.15,1.05,1.1,711525,7842075,18.917233,26058.45,25700.0,25750,ATM-7,PUT,26100,2025-12-02
2025-12-02 10:12:00+05:30,1.1,1.1,1.0,1.05,621150,7842075,18.732918,26056.85,25700.0,25750,ATM-7,PUT,26100,2025-12-02
2025-12-02 10:13:00+05:30,1.05,1.1,1.0,1.05,572550,7950525,18.824427,26058.6,25700.0,25750,ATM-7,PUT,26100,2025-12-02
2025-12-02 10:14:00+05:30,1.0,1.05,1.0,1.05,151425,7950525,18.843233,26058.7,25700.0,25750,ATM-7,PUT,26100,2025-12-02
2025-12-02 10:15:00+05:30,1.0,1.05,1.0,1.0,193350,7950525,18.665761,26057.35,25700.0,25750,ATM-7,PUT,26100,2025-12-02
2025-12-02 10:16:00+05:30,1.0,1.05,1.0,1.05,273900,7961550,18.940578,26060.25,25700.0,25750,ATM-7,PUT,26100,2025-12-02
2025-12-02 10:17:00+05:30,1.0,1.1,1.0,1.1,629175,7961550,18.605352,26049.5,25700.0,25750,ATM-7,PUT,26100,2025-12-02
2025-12-02 10:18:00+05:30,1.1,1.1,1.05,1.05,399900,7961550,18.714895,26054.5,25700.0,25750,ATM-7,PUT,26100,2025-12-02
2025-12-02 10:19:00+05:30,1.0,1.05,1.0,1.0,190125,8048325,18.952208,26062.55,25700.0,25750,ATM-7,PUT,26100,2025-12-02
2025-12-02 10:20:00+05:30,1.05,1.05,0.95,0.95,539325,8048325,18.950991,26065.35,25700.0,25750,ATM-7,PUT,26100,2025-12-02
2025-12-02 10:21:00+05:30,0.95,1.05,0.95,1.05,275100,8048325,19.385665,26068.65,25700.0,25750,ATM-7,PUT,26100,2025-12-02
2025-12-02 10:22:00+05:30,1.05,1.05,1.0,1.0,208575,8092200,19.531193,26074.7,25700.0,25750,ATM-7,PUT,26100,2025-12-02
2025-12-02 10:23:00+05:30,0.95,1.05,0.95,1.05,428925,8092200,19.552944,26071.75,25700.0,25750,ATM-7,PUT,26100,2025-12-02
2025-12-02 10:24:00+05:30,1.05,1.1,1.0,1.0,375375,8092200,19.402913,26071.1,25700.0,25750,ATM-7,PUT,26100,2025-12-02
2025-12-02 10:25:00+05:30,1.0,1.1,1.0,1.1,265725,8151600,19.827183,26074.25,25700.0,25750,ATM-7,PUT,26100,2025-12-02
2025-12-02 10:26:00+05:30,1.05,1.1,1.0,1.0,98325,8151600,19.446383,26071.4,25700.0,25750,ATM-7,PUT,26100,2025-12-02
2025-12-02 10:27:00+05:30,1.05,1.05,1.0,1.0,143325,8151600,19.38199,26069.6,25700.0,25750,ATM-7,PUT,26100,2025-12-02
2025-12-02 10:28:00+05:30,1.0,1.05,0.95,1.0,299175,8160825,19.412605,26069.95,25700.0,25750,ATM-7,PUT,26100,2025-12-02
2025-12-02 10:29:00+05:30,1.05,1.15,1.05,1.15,339225,4824975,17.927987,26078.8,25750.0,25750,ATM-7,PUT,26100,2025-12-02
2025-12-02 10:30:00+05:30,1.15,1.2,1.1,1.15,311100,4824975,17.901002,26077.9,25750.0,25750,ATM-7,PUT,26100,2025-12-02
2025-12-02 10:31:00+05:30,1.1,1.15,1.1,1.15,176925,4900275,18.197555,26084.1,25750.0,25750,ATM-7,PUT,26100,2025-12-02
2025-12-02 10:32:00+05:30,1.1,1.15,1.05,1.05,176925,4900275,17.854189,26081.6,25750.0,25750,ATM-7,PUT,26100,2025-12-02
2025-12-02 10:33:00+05:30,1.05,1.1,1.05,1.1,94875,4900275,18.048687,26082.85,25750.0,25750,ATM-7,PUT,26100,2025-12-02
2025-12-02 10:34:00+05:30,1.1,1.1,1.0,1.05,316050,4974075,18.123876,26086.95,25750.0,25750,ATM-7,PUT,26100,2025-12-02
2025-12-02 10:35:00+05:30,1.0,1.1,1.0,1.05,210750,4974075,18.27804,26090.05,25750.0,25750,ATM-7,PUT,26100,2025-12-02
2025-12-02 10:36:00+05:30,1.1,1.1,1.0,1.05,186150,4974075,18.251887,26089.15,25750.0,25750,ATM-7,PUT,26100,2025-12-02
2025-12-02 10:37:00+05:30,1.0,1.1,1.0,1.1,120525,4946850,18.137602,26083.55,25750.0,25750,ATM-7,PUT,26100,2025-12-02
2025-12-02 10:38:00+05:30,1.1,1.1,1.05,1.05,328350,4946850,18.065789,26084.4,25750.0,25750,ATM-7,PUT,26100,2025-12-02
2025-12-02 10:39:00+05:30,1.05,1.1,1.05,1.1,31650,4946850,18.145842,26083.1,25750.0,25750,ATM-7,PUT,26100,2025-12-02
2025-12-02 10:40:00+05:30,1.05,1.1,1.05,1.05,101250,4963350,18.028699,26082.95,25750.0,25750,ATM-7,PUT,26100,2025-12-02
2025-12-02 10:41:00+05:30,1.1,1.1,1.05,1.05,278925,4963350,18.297257,26088.55,25750.0,25750,ATM-7,PUT,26100,2025-12-02
2025-12-02 10:42:00+05:30,1.1,1.1,1.05,1.1,208050,4963350,18.383353,26087.35,25750.0,25750,ATM-7,PUT,26100,2025-12-02
2025-12-02 10:43:00+05:30,1.1,1.1,1.0,1.0,332775,5056050,17.879527,26081.55,25750.0,25750,ATM-7,PUT,26100,2025-12-02
2025-12-02 10:44:00+05:30,0.95,1.0,0.9,1.0,456450,8956125,19.870325,26074.65,25700.0,25750,ATM-7,PUT,26100,2025-12-02
2025-12-02 10:45:00+05:30,1.1,1.1,1.05,1.1,85050,5056050,17.923269,26076.35,25750.0,25750,ATM-7,PUT,26100,2025-12-02
2025-12-02 10:46:00+05:30,0.95,0.95,0.9,0.95,105225,9177150,19.541668,26069.8,25700.0,25750,ATM-7,PUT,26100,2025-12-02
2025-12-02 10:47:00+05:30,0.9,0.95,0.9,0.9,67575,9177150,19.493436,26071.7,25700.0,25750,ATM-7,PUT,26100,2025-12-02
2025-12-02 10:48:00+05:30,0.95,0.95,0.9,0.95,93750,9177150,19.776397,26074.35,25700.0,25750,ATM-7,PUT,26100,2025-12-02
2025-12-02 10:49:00+05:30,1.1,1.1,1.05,1.1,179250,5065875,18.015572,26077.1,25750.0,25750,ATM-7,PUT,26100,2025-12-02
2025-12-02 10:50:00+05:30,1.1,1.1,1.0,1.0,202575,5065875,18.371492,26090.15,25750.0,25750,ATM-7,PUT,26100,2025-12-02
2025-12-02 10:51:00+05:30,1.05,1.05,1.0,1.05,282975,5065875,18.705119,26094.25,25750.0,25750,ATM-7,PUT,26100,2025-12-02
2025-12-02 10:52:00+05:30,1.05,1.05,1.0,1.05,147750,5061900,18.898245,26098.15,25750.0,25750,ATM-7,PUT,26100,2025-12-02
2025-12-02 10:53:00+05:30,1.05,1.05,1.0,1.05,206400,5061900,18.824567,26096.2,25750.0,25750,ATM-7,PUT,26100,2025-12-02
2025-12-02 10:54:00+05:30,1.0,1.05,1.0,1.05,115425,5061900,18.654673,26092.15,25750.0,25750,ATM-7,PUT,26100,2025-12-02
2025-12-02 10:55:00+05:30,1.0,1.05,0.95,0.95,263775,5084850,18.366518,26091.4,25750.0,25750,ATM-7,PUT,26100,2025-12-02
2025-12-02 10:56:00+05:30,1.0,1.0,0.95,1.0,121350,5084850,18.559364,26092.3,25750.0,25750,ATM-7,PUT,26100,2025-12-02
2025-12-02 10:57:00+05:30,0.95,1.0,0.95,1.0,67650,5084850,18.517487,26091.05,25750.0,25750,ATM-7,PUT,26100,2025-12-02
2025-12-02 10:58:00+05:30,0.95,1.0,0.95,0.95,104625,5111025,18.32076,26089.4,25750.0,25750,ATM-7,PUT,26100,2025-12-02
2025-12-02 10:59:00+05:30,0.95,1.0,0.9,0.9,270150,5111025,18.591735,26098.2,25750.0,25750,ATM-7,PUT,26100,2025-12-02
2025-12-02 11:00:00+05:30,0.95,1.0,0.9,0.9,626925,5111025,18.351853,26092.55,25750.0,25750,ATM-7,PUT,26100,2025-12-02
2025-12-02 11:01:00+05:30,0.95,1.0,0.9,1.0,181800,5070000,18.335445,26085.75,25750.0,25750,ATM-7,PUT,26100,2025-12-02
2025-12-02 11:02:00+05:30,1.0,1.0,0.95,1.0,58350,5070000,18.699114,26093.35,25750.0,25750,ATM-7,PUT,26100,2025-12-02
2025-12-02 11:03:00+05:30,0.95,1.0,0.95,1.0,50625,5070000,18.831452,26095.9,25750.0,25750,ATM-7,PUT,26100,2025-12-02
2025-12-02 11:04:00+05:30,1.0,1.0,0.9,0.95,65475,5091675,18.806091,26098.05,25750.0,25750,ATM-7,PUT,26100,2025-12-02
2025-12-02 11:05:00+05:30,0.95,1.0,0.9,0.95,180600,5091675,18.675772,26094.85,25750.0,25750,ATM-7,PUT,26100,2025-12-02
2025-12-02 11:06:00+05:30,1.0,1.0,0.9,0.95,306300,5091675,18.725506,26095.6,25750.0,25750,ATM-7,PUT,26100,2025-12-02
2025-12-02 11:07:00+05:30,0.95,1.0,0.9,0.95,91575,5118075,18.725107,26095.25,25750.0,25750,ATM-7,PUT,26100,2025-12-02
2025-12-02 11:08:00+05:30,0.95,0.95,0.9,0.9,15300,5118075,18.492,26092.95,25750.0,25750,ATM-7,PUT,26100,2025-12-02
2025-12-02 11:09:00+05:30,0.9,0.95,0.9,0.9,41325,5118075,18.680432,26096.75,25750.0,25750,ATM-7,PUT,26100,2025-12-02
2025-12-02 11:10:00+05:30,0.95,1.0,0.9,0.95,127275,5121225,18.772048,26095.25,25750.0,25750,ATM-7,PUT,26100,2025-12-02
2025-12-02 11:11:00+05:30,0.95,1.05,0.95,1.0,180825,5121225,18.874237,26094.1,25750.0,25750,ATM-7,PUT,26100,2025-12-02
2025-12-02 11:12:00+05:30,1.0,1.05,0.95,0.95,144975,5121225,18.647376,26091.85,25750.0,25750,ATM-7,PUT,26100,2025-12-02
2025-12-02 11:13:00+05:30,1.0,1.0,0.9,0.95,189525,5217900,18.354496,26085.15,25750.0,25750,ATM-7,PUT,26100,2025-12-02
2025-12-02 11:14:00+05:30,0.95,0.95,0.9,0.9,273300,5217900,18.025884,26080.75,25750.0,25750,ATM-7,PUT,26100,2025-12-02
2025-12-02 11:15:00+05:30,0.9,1.0,0.9,0.95,174375,5217900,18.198231,26081.1,25750.0,25750,ATM-7,PUT,26100,2025-12-02
2025-12-02 11:16:00+05:30,1.0,1.0,0.95,1.0,150675,5214825,18.109998,26075.95,25750.0,25750,ATM-7,PUT,26100,2025-12-02
2025-12-02 11:17:00+05:30,0.95,1.0,0.95,1.0,84450,5214825,18.302614,26079.75,25750.0,25750,ATM-7,PUT,26100,2025-12-02
2025-12-02 11:18:00+05:30,1.0,1.0,0.9,0.9,111825,5214825,18.093833,26080.9,25750.0,25750,ATM-7,PUT,26100,2025-12-02
2025-12-02 11:19:00+05:30,0.9,0.95,0.9,0.9,36300,5257050,18.123026,26081.2,25750.0,25750,ATM-7,PUT,26100,2025-12-02
2025-12-02 11:20:00+05:30,0.9,0.95,0.9,0.9,111900,5257050,17.92353,26076.55,25750.0,25750,ATM-7,PUT,26100,2025-12-02
2025-12-02 11:21:00+05:30,0.9,0.95,0.9,0.9,33750,5257050,17.88091,26075.3,25750.0,25750,ATM-7,PUT,26100,2025-12-02
2025-12-02 11:22:00+05:30,0.85,0.85,0.8,0.85,787650,9447375,19.868186,26070.8,25700.0,25750,ATM-7,PUT,26100,2025-12-02
2025-12-02 11:23:00+05:30,0.85,0.85,0.8,0.85,267450,9447375,19.955646,26072.35,25700.0,25750,ATM-7,PUT,26100,2025-12-02
2025-12-02 11:24:00+05:30,0.9,0.95,0.9,0.95,43950,5248575,18.38228,26082.05,25750.0,25750,ATM-7,PUT,26100,2025-12-02
2025-12-02 11:25:00+05:30,0.9,0.95,0.85,0.9,134400,5256525,18.332058,26083.7,25750.0,25750,ATM-7,PUT,26100,2025-12-02
2025-12-02 11:26:00+05:30,0.85,0.9,0.85,0.85,93600,5256525,17.901763,26077.25,25750.0,25750,ATM-7,PUT,26100,2025-12-02
2025-12-02 11:27:00+05:30,0.75,0.8,0.75,0.75,50175,9433200,19.711926,26072.95,25700.0,25750,ATM-7,PUT,26100,2025-12-02
2025-12-02 11:28:00+05:30,0.75,0.85,0.75,0.8,273750,9225600,19.83002,26071.35,25700.0,25750,ATM-7,PUT,26100,2025-12-02
2025-12-02 11:29:00+05:30,0.8,0.85,0.8,0.85,99450,9225600,19.878423,26068.4,25700.0,25750,ATM-7,PUT,26100,2025-12-02
2025-12-02 11:30:00+05:30,0.85,0.85,0.8,0.85,66150,9225600,19.820091,26066.75,25700.0,25750,ATM-7,PUT,26100,2025-12-02
2025-12-02 11:31:00+05:30,0.8,0.85,0.8,0.8,109875,9290175,19.701806,26067.4,25700.0,25750,ATM-7,PUT,26100,2025-12-02
2025-12-02 11:32:00+05:30,0.8,0.85,0.75,0.8,152775,9290175,19.746266,26068.0,25700.0,25750,ATM-7,PUT,26100,2025-12-02
2025-12-02 11:33:00+05:30,0.75,0.8,0.75,0.75,56550,9290175,19.595179,26068.1,25700.0,25750,ATM-7,PUT,26100,2025-12-02
2025-12-02 11:34:00+05:30,0.75,0.8,0.75,0.8,27300,9328875,19.721361,26066.7,25700.0,25750,ATM-7,PUT,26100,2025-12-02
2025-12-02 11:35:00+05:30,0.8,0.8,0.75,0.8,36150,9328875,19.743188,26066.8,25700.0,25750,ATM-7,PUT,26100,2025-12-02
2025-12-02 11:36:00+05:30,0.75,0.8,0.75,0.75,65475,9328875,19.533027,26065.6,25700.0,25750,ATM-7,PUT,26100,2025-12-02
2025-12-02 11:37:00+05:30,0.75,0.8,0.75,0.8,38775,9299925,19.803005,26067.35,25700.0,25750,ATM-7,PUT,26100,2025-12-02
2025-12-02 11:38:00+05:30,0.75,0.8,0.75,0.75,94725,9299925,19.906283,26073.05,25700.0,25750,ATM-7,PUT,26100,2025-12-02
2025-12-02 11:39:00+05:30,0.75,0.8,0.75,0.75,94500,9299925,19.869246,26071.85,25700.0,25750,ATM-7,PUT,26100,2025-12-02
2025-12-02 11:40:00+05:30,0.8,0.8,0.75,0.75,39900,9292800,19.832115,26070.65,25700.0,25750,ATM-7,PUT,26100,2025-12-02
2025-12-02 11:41:00+05:30,0.75,0.8,0.75,0.75,31800,9292800,19.543808,26063.95,25700.0,25750,ATM-7,PUT,26100,2025-12-02
2025-12-02 11:42:00+05:30,0.75,0.8,0.75,0.8,75150,9292800,19.734074,26063.95,25700.0,25750,ATM-7,PUT,26100,2025-12-02
2025-12-02 11:43:00+05:30,0.8,0.8,0.75,0.75,34125,9314400,19.585331,26064.1,25700.0,25750,ATM-7,PUT,26100,2025-12-02
2025-12-02 11:44:00+05:30,0.8,0.8,0.75,0.8,22875,9314400,19.739194,26063.3,25700.0,25750,ATM-7,PUT,26100,2025-12-02
2025-12-02 11:45:00+05:30,0.75,0.8,0.75,0.75,19875,9314400,19.533016,26062.2,25700.0,25750,ATM-7,PUT,26100,2025-12-02
2025-12-02 11:46:00+05:30,0.75,0.8,0.75,0.8,17025,9327675,19.702678,26061.75,25700.0,25750,ATM-7,PUT,26100,2025-12-02
2025-12-02 11:47:00+05:30,0.8,0.8,0.75,0.75,55350,9327675,19.510445,26060.95,25700.0,25750,ATM-7,PUT,26100,2025-12-02
2025-12-02 11:48:00+05:30,0.75,0.8,0.75,0.75,22275,9327675,19.622244,26063.0,25700.0,25750,ATM-7,PUT,26100,2025-12-02
2025-12-02 11:49:00+05:30,0.75,0.8,0.75,0.75,105675,9280200,19.918152,26069.05,25700.0,25750,ATM-7,PUT,26100,2025-12-02
2025-12-02 11:50:00+05:30,0.75,0.8,0.75,0.8,39525,9280200,19.873174,26063.9,25700.0,25750,ATM-7,PUT,26100,2025-12-02
2025-12-02 11:51:00+05:30,0.75,0.8,0.75,0.75,164475,9280200,19.661392,26062.7,25700.0,25750,ATM-7,PUT,26100,2025-12-02
2025-12-02 11:52:00+05:30,0.75,0.75,0.7,0.7,506850,9612825,19.382319,26060.2,25700.0,25750,ATM-7,PUT,26100,2025-12-02
2025-12-02 11:53:00+05:30,0.7,0.75,0.7,0.75,17700,9612825,19.465592,26057.7,25700.0,25750,ATM-7,PUT,26100,2025-12-02
2025-12-02 11:54:00+05:30,0.7,0.75,0.65,0.75,1109550,9612825,19.276849,26053.25,25700.0,25750,ATM-7,PUT,26100,2025-12-02
2025-12-02 11:55:00+05:30,0.75,0.75,0.7,0.7,61350,9542625,18.856399,26047.65,25700.0,25750,ATM-7,PUT,26100,2025-12-02
2025-12-02 11:56:00+05:30,0.7,0.75,0.65,0.65,284325,9542625,18.645725,26046.75,25700.0,25750,ATM-7,PUT,26100,2025-12-02
2025-12-02 11:57:00+05:30,0.7,0.75,0.65,0.7,455625,9542625,18.925393,26048.4,25700.0,25750,ATM-7,PUT,26100,2025-12-02
2025-12-02 11:58:00+05:30,0.7,0.75,0.65,0.7,145800,9470925,19.10468,26051.9,25700.0,25750,ATM-7,PUT,26100,2025-12-02
2025-12-02 11:59:00+05:30,0.7,0.7,0.65,0.65,39450,9470925,19.018607,26053.75,25700.0,25750,ATM-7,PUT,26100,2025-12-02
2025-12-02 12:00:00+05:30,0.65,0.7,0.65,0.7,465900,9470925,18.903046,26046.8,25700.0,25750,ATM-7,PUT,26100,2025-12-02
2025-12-02 12:01:00+05:30,0.7,0.75,0.7,0.7,52875,9455025,18.820441,26044.65,25700.0,25750,ATM-7,PUT,26100,2025-12-02
2025-12-02 12:02:00+05:30,0.7,0.75,0.7,0.7,65100,9455025,19.144583,26051.25,25700.0,25750,ATM-7,PUT,26100,2025-12-02
2025-12-02 12:03:00+05:30,0.7,0.75,0.65,0.7,366225,9455025,19.3666,26055.65,25700.0,25750,ATM-7,PUT,26100,2025-12-02
2025-12-02 12:04:00+05:30,0.7,0.75,0.7,0.7,102600,9454350,19.235705,26052.45,25700.0,25750,ATM-7,PUT,26100,2025-12-02
2025-12-02 12:05:00+05:30,0.75,0.75,0.7,0.75,30225,9454350,18.964572,26042.45,25700.0,25750,ATM-7,PUT,26100,2025-12-02
2025-12-02 12:06:00+05:30,0.7,0.75,0.7,0.75,134400,9454350,19.177443,26046.6,25700.0,25750,ATM-7,PUT,26100,2025-12-02
2025-12-02 12:07:00+05:30,0.7,0.75,0.65,0.65,94200,9493950,19.256313,26055.85,25700.0,25750,ATM-7,PUT,26100,2025-12-02
2025-12-02 12:08:00+05:30,0.7,0.7,0.65,0.7,208500,9493950,19.265116,26051.55,25700.0,25750,ATM-7,PUT,26100,2025-12-02
2025-12-02 12:09:00+05:30,0.7,0.7,0.65,0.7,56475,9493950,19.437177,26054.85,25700.0,25750,ATM-7,PUT,26100,2025-12-02
2025-12-02 12:10:00+05:30,0.65,0.7,0.65,0.7,234600,9493950,19.354797,26052.7,25700.0,25750,ATM-7,PUT,26100,2025-12-02
2025-12-02 12:11:00+05:30,0.7,0.75,0.65,0.75,144750,9475050,19.712695,26056.05,25700.0,25750,ATM-7,PUT,26100,2025-12-02
2025-12-02 12:12:00+05:30,0.7,0.75,0.7,0.7,65925,9475050,19.667199,26058.6,25700.0,25750,ATM-7,PUT,26100,2025-12-02
2025-12-02 12:13:00+05:30,0.7,0.75,0.7,0.75,23025,9447675,19.770925,26056.5,25700.0,25750,ATM-7,PUT,26100,2025-12-02
2025-12-02 12:14:00+05:30,0.7,0.75,0.7,0.75,102975,9447675,19.555513,26051.55,25700.0,25750,ATM-7,PUT,26100,2025-12-02
2025-12-02 12:15:00+05:30,0.75,0.75,0.7,0.75,30375,9447675,19.628386,26052.7,25700.0,25750,ATM-7,PUT,26100,2025-12-02
2025-12-02 12:16:00+05:30,0.7,0.8,0.7,0.75,370575,9447675,19.485721,26049.3,25700.0,25750,ATM-7,PUT,26100,2025-12-02
2025-12-02 12:17:00+05:30,0.75,0.75,0.7,0.7,46425,9421800,19.863364,26060.8,25700.0,25750,ATM-7,PUT,26100,2025-12-02
2025-12-02 12:18:00+05:30,0.75,0.75,0.7,0.7,26550,9421800,19.771668,26058.45,25700.0,25750,ATM-7,PUT,26100,2025-12-02
2025-12-02 12:19:00+05:30,0.75,0.75,0.7,0.75,20475,9421800,19.880859,26056.45,25700.0,25750,ATM-7,PUT,26100,2025-12-02
2025-12-02 12:20:00+05:30,0.75,0.75,0.7,0.75,17250,9368625,19.978133,26058.1,25700.0,25750,ATM-7,PUT,26100,2025-12-02
2025-12-02 12:21:00+05:30,0.7,0.75,0.7,0.7,106425,9368625,19.804566,26057.95,25700.0,25750,ATM-7,PUT,26100,2025-12-02
2025-12-02 12:22:00+05:30,0.7,0.75,0.7,0.7,57600,9368625,19.913156,26059.85,25700.0,25750,ATM-7,PUT,26100,2025-12-02
2025-12-02 12:23:00+05:30,0.75,0.75,0.7,0.75,66225,9399450,20.03306,26058.05,25700.0,25750,ATM-7,PUT,26100,2025-12-02
2025-12-02 12:24:00+05:30,0.7,0.75,0.7,0.7,118050,9399450,20.19467,26065.0,25700.0,25750,ATM-7,PUT,26100,2025-12-02
2025-12-02 12:25:00+05:30,0.7,0.75,0.7,0.7,56025,9399450,20.107734,26062.75,25700.0,25750,ATM-7,PUT,26100,2025-12-02
2025-12-02 12:26:00+05:30,0.75,0.75,0.7,0.7,17625,9277350,20.12705,26062.75,25700.0,25750,ATM-7,PUT,26100,2025-12-02
2025-12-02 12:27:00+05:30,0.75,0.75,0.7,0.75,25500,9277350,20.277408,26061.55,25700.0,25750,ATM-7,PUT,26100,2025-12-02
2025-12-02 12:28:00+05:30,0.7,0.75,0.7,0.7,38400,9277350,20.018813,26059.65,25700.0,25750,ATM-7,PUT,26100,2025-12-02
2025-12-02 12:29:00+05:30,0.7,0.75,0.7,0.75,60675,9230700,20.550928,26066.45,25700.0,25750,ATM-7,PUT,26100,2025-12-02
2025-12-02 12:30:00+05:30,0.75,0.75,0.7,0.7,33375,9230700,20.368955,26066.2,25700.0,25750,ATM-7,PUT,26100,2025-12-02
2025-12-02 12:31:00+05:30,0.75,0.75,0.65,0.7,342000,9230700,20.260361,26063.5,25700.0,25750,ATM-7,PUT,26100,2025-12-02
2025-12-02 12:32:00+05:30,0.65,0.7,0.65,0.65,164025,9220275,20.182895,26065.65,25700.0,25750,ATM-7,PUT,26100,2025-12-02
2025-12-02 12:33:00+05:30,0.65,0.7,0.65,0.65,94575,9220275,20.518882,26072.35,25700.0,25750,ATM-7,PUT,26100,2025-12-02
2025-12-02 12:34:00+05:30,0.65,0.7,0.6,0.65,634725,9220275,20.605075,26073.75,25700.0,25750,ATM-7,PUT,26100,2025-12-02
2025-12-02 12:35:00+05:30,0.7,0.75,0.7,0.7,135225,5924175,18.868559,26083.6,25750.0,25750,ATM-7,PUT,26100,2025-12-02
2025-12-02 12:36:00+05:30,0.75,0.75,0.7,0.7,408900,5924175,18.696557,26079.65,25750.0,25750,ATM-7,PUT,26100,2025-12-02
2025-12-02 12:37:00+05:30,0.75,0.8,0.7,0.75,426075,5924175,18.805437,26077.85,25750.0,25750,ATM-7,PUT,26100,2025-12-02
2025-12-02 12:38:00+05:30,0.7,0.7,0.65,0.65,99300,9053700,20.615121,26072.25,25700.0,25750,ATM-7,PUT,26100,2025-12-02
2025-12-02 12:39:00+05:30,0.65,0.7,0.65,0.65,61725,9053700,20.637861,26072.3,25700.0,25750,ATM-7,PUT,26100,2025-12-02
2025-12-02 12:40:00+05:30,0.65,0.7,0.65,0.7,82200,9053700,20.914438,26073.4,25700.0,25750,ATM-7,PUT,26100,2025-12-02
2025-12-02 12:41:00+05:30,0.7,0.7,0.65,0.65,60000,9078525,20.398063,26066.4,25700.0,25750,ATM-7,PUT,26100,2025-12-02
2025-12-02 12:42:00+05:30,0.7,0.7,0.65,0.65,44025,9078525,20.225141,26062.35,25700.0,25750,ATM-7,PUT,26100,2025-12-02
2025-12-02 12:43:00+05:30,0.65,0.7,0.65,0.65,56775,9078525,20.209426,26061.6,25700.0,25750,ATM-7,PUT,26100,2025-12-02
2025-12-02 12:44:00+05:30,0.65,0.7,0.65,0.65,38625,9093150,20.181756,26060.6,25700.0,25750,ATM-7,PUT,26100,2025-12-02
2025-12-02 12:45:00+05:30,0.7,0.7,0.6,0.6,208575,9093150,19.952953,26059.8,25700.0,25750,ATM-7,PUT,26100,2025-12-02
2025-12-02 12:46:00+05:30,0.65,0.65,0.6,0.6,65775,9093150,19.751516,26055.15,25700.0,25750,ATM-7,PUT,26100,2025-12-02
2025-12-02 12:47:00+05:30,0.65,0.65,0.6,0.6,73650,9056475,19.81666,26056.1,25700.0,25750,ATM-7,PUT,26100,2025-12-02
2025-12-02 12:48:00+05:30,0.65,0.65,0.6,0.6,194175,9056475,19.772132,26054.75,25700.0,25750,ATM-7,PUT,26100,2025-12-02
2025-12-02 12:49:00+05:30,0.6,0.6,0.55,0.6,176550,9056475,19.536106,26049.4,25700.0,25750,ATM-7,PUT,26100,2025-12-02
2025-12-02 12:50:00+05:30,0.6,0.6,0.55,0.55,187425,9009975,19.376439,26050.25,25700.0,25750,ATM-7,PUT,26100,2025-12-02
2025-12-02 12:51:00+05:30,0.55,0.6,0.55,0.55,43725,9009975,19.403238,26050.4,25700.0,25750,ATM-7,PUT,26100,2025-12-02
2025-12-02 12:52:00+05:30,0.55,0.6,0.55,0.6,14025,9009975,19.612288,26049.75,25700.0,25750,ATM-7,PUT,26100,2025-12-02
2025-12-02 12:53:00+05:30,0.55,0.6,0.55,0.6,62100,8996025,19.610554,26049.3,25700.0,25750,ATM-7,PUT,26100,2025-12-02
2025-12-02 12:54:00+05:30,0.6,0.65,0.55,0.6,496875,8996025,19.370389,26043.9,25700.0,25750,ATM-7,PUT,26100,2025-12-02
2025-12-02 12:55:00+05:30,0.55,0.6,0.55,0.6,78075,8996025,19.416713,26044.45,25700.0,25750,ATM-7,PUT,26100,2025-12-02
2025-12-02 12:56:00+05:30,0.6,0.6,0.55,0.6,70725,8988000,19.257663,26040.75,25700.0,25750,ATM-7,PUT,26100,2025-12-02
2025-12-02 12:57:00+05:30,0.55,0.6,0.55,0.55,83100,8988000,18.963732,26038.75,25700.0,25750,ATM-7,PUT,26100,2025-12-02
2025-12-02 12:58:00+05:30,0.55,0.6,0.55,0.6,51000,8988000,19.306868,26040.95,25700.0,25750,ATM-7,PUT,26100,2025-12-02
2025-12-02 12:59:00+05:30,0.55,0.6,0.55,0.55,421650,9005025,19.120573,26041.2,25700.0,25750,ATM-7,PUT,26100,2025-12-02
2025-12-02 13:00:00+05:30,0.6,0.6,0.55,0.6,119775,9005025,19.346671,26040.95,25700.0,25750,ATM-7,PUT,26100,2025-12-02
2025-12-02 13:01:00+05:30,0.6,0.6,0.55,0.55,58500,9005025,18.981687,26037.5,25700.0,25750,ATM-7,PUT,26100,2025-12-02
2025-12-02 13:02:00+05:30,0.55,0.6,0.55,0.6,50175,8952150,19.299069,26039.15,25700.0,25750,ATM-7,PUT,26100,2025-12-02
2025-12-02 13:03:00+05:30,0.6,0.6,0.55,0.55,30300,8952150,19.079012,26038.7,25700.0,25750,ATM-7,PUT,26100,2025-12-02
2025-12-02 13:04:00+05:30,0.55,0.6,0.55,0.6,55950,8952150,19.541555,26043.3,25700.0,25750,ATM-7,PUT,26100,2025-12-02
2025-12-02 13:05:00+05:30,0.6,0.6,0.55,0.6,27225,8917575,19.151529,26034.9,25700.0,25750,ATM-7,PUT,26100,2025-12-02
2025-12-02 13:06:00+05:30,0.55,0.6,0.55,0.55,60525,8917575,18.966514,26035.15,25700.0,25750,ATM-7,PUT,26100,2025-12-02
2025-12-02 13:07:00+05:30,0.55,0.6,0.5,0.5,316800,8917575,18.964122,26039.5,25700.0,25750,ATM-7,PUT,26100,2025-12-02
2025-12-02 13:08:00+05:30,0.5,0.55,0.5,0.55,216900,8927850,19.409455,26043.45,25700.0,25750,ATM-7,PUT,26100,2025-12-02
2025-12-02 13:09:00+05:30,0.5,0.55,0.5,0.55,70425,8927850,19.820207,26051.5,25700.0,25750,ATM-7,PUT,26100,2025-12-02
2025-12-02 13:10:00+05:30,0.55,0.55,0.5,0.5,61950,8927850,18.992606,26038.85,25700.0,25750,ATM-7,PUT,26100,2025-12-02
2025-12-02 13:11:00+05:30,0.55,0.55,0.5,0.55,44625,9029925,19.22972,26038.5,25700.0,25750,ATM-7,PUT,26100,2025-12-02
2025-12-02 13:12:00+05:30,0.55,0.55,0.5,0.5,83100,9029925,18.986877,26037.9,25700.0,25750,ATM-7,PUT,26100,2025-12-02
2025-12-02 13:13:00+05:30,0.55,0.6,0.5,0.55,341325,9029925,19.321767,26039.55,25700.0,25750,ATM-7,PUT,26100,2025-12-02
2025-12-02 13:14:00+05:30,0.6,0.6,0.55,0.6,20925,8975100,19.378226,26035.8,25700.0,25750,ATM-7,PUT,26100,2025-12-02
2025-12-02 13:15:00+05:30,0.6,0.6,0.55,0.6,15300,8975100,19.430982,26036.45,25700.0,25750,ATM-7,PUT,26100,2025-12-02
2025-12-02 13:16:00+05:30,0.6,0.6,0.55,0.55,26850,8975100,19.067168,26033.1,25700.0,25750,ATM-7,PUT,26100,2025-12-02
2025-12-02 13:17:00+05:30,0.6,0.6,0.55,0.55,49950,8974200,19.087543,26033.1,25700.0,25750,ATM-7,PUT,26100,2025-12-02
2025-12-02 13:18:00+05:30,0.55,0.6,0.5,0.5,64125,8974200,18.969807,26035.05,25700.0,25750,ATM-7,PUT,26100,2025-12-02
2025-12-02 13:19:00+05:30,0.55,0.55,0.45,0.45,589575,8974200,18.736728,26035.0,25700.0,25750,ATM-7,PUT,26100,2025-12-02
2025-12-02 13:20:00+05:30,0.5,0.5,0.45,0.45,96900,8992800,18.706159,26033.95,25700.0,25750,ATM-7,PUT,26100,2025-12-02
2025-12-02 13:21:00+05:30,0.5,0.5,0.45,0.5,82650,8992800,18.992066,26034.25,25700.0,25750,ATM-7,PUT,26100,2025-12-02
2025-12-02 13:22:00+05:30,0.5,0.5,0.45,0.5,77025,8992800,19.239917,26038.9,25700.0,25750,ATM-7,PUT,26100,2025-12-02
2025-12-02 13:23:00+05:30,0.5,0.55,0.5,0.5,606075,8923575,19.573381,26045.3,25700.0,25750,ATM-7,PUT,26100,2025-12-02
2025-12-02 13:24:00+05:30,0.55,0.55,0.5,0.55,39525,8923575,19.857314,26045.75,25700.0,25750,ATM-7,PUT,26100,2025-12-02
2025-12-02 13:25:00+05:30,0.55,0.55,0.5,0.5,128325,8923575,19.442257,26041.75,25700.0,25750,ATM-7,PUT,26100,2025-12-02
2025-12-02 13:26:00+05:30,0.5,0.55,0.5,0.55,66375,8957025,19.700314,26041.7,25700.0,25750,ATM-7,PUT,26100,2025-12-02
2025-12-02 13:27:00+05:30,0.55,0.55,0.5,0.55,31800,8957025,19.612776,26039.5,25700.0,25750,ATM-7,PUT,26100,2025-12-02
2025-12-02 13:28:00+05:30,0.55,0.55,0.5,0.5,12675,8957025,19.341362,26038.4,25700.0,25750,ATM-7,PUT,26100,2025-12-02
2025-12-02 13:29:00+05:30,0.5,0.55,0.45,0.5,124200,8941350,19.212368,26035.35,25700.0,25750,ATM-7,PUT,26100,2025-12-02
2025-12-02 13:30:00+05:30,0.5,0.5,0.45,0.45,27750,8941350,18.940209,26034.55,25700.0,25750,ATM-7,PUT,26100,2025-12-02
2025-12-02 13:31:00+05:30,0.45,0.5,0.45,0.45,38550,8941350,18.958613,26034.5,25700.0,25750,ATM-7,PUT,26100,2025-12-02
2025-12-02 13:32:00+05:30,0.45,0.5,0.45,0.5,436575,8907225,19.335316,26036.55,25700.0,25750,ATM-7,PUT,26100,2025-12-02
2025-12-02 13:33:00+05:30,0.5,0.55,0.45,0.5,103800,8907225,19.515025,26039.75,25700.0,25750,ATM-7,PUT,26100,2025-12-02
2025-12-02 13:34:00+05:30,0.5,0.5,0.45,0.5,48300,8907225,19.576303,26040.55,25700.0,25750,ATM-7,PUT,26100,2025-12-02
2025-12-02 13:35:00+05:30,0.5,0.5,0.45,0.5,35475,8882850,19.501481,26038.6,25700.0,25750,ATM-7,PUT,26100,2025-12-02
2025-12-02 13:36:00+05:30,0.5,0.55,0.45,0.45,533850,8882850,18.825432,26029.65,25700.0,25750,ATM-7,PUT,26100,2025-12-02
2025-12-02 13:37:00+05:30,0.5,0.5,0.45,0.45,65850,8882850,18.917956,26031.1,25700.0,25750,ATM-7,PUT,26100,2025-12-02
2025-12-02 13:38:00+05:30,0.5,0.55,0.45,0.45,387600,8901075,19.569332,26043.9,25700.0,25750,ATM-7,PUT,26100,2025-12-02
2025-12-02 13:39:00+05:30,0.5,0.55,0.45,0.5,508425,8901075,19.424534,26035.3,25700.0,25750,ATM-7,PUT,26100,2025-12-02
2025-12-02 13:40:00+05:30,0.5,0.5,0.45,0.5,54075,8901075,19.513736,26036.65,25700.0,25750,ATM-7,PUT,26100,2025-12-02
2025-12-02 13:41:00+05:30,0.5,0.5,0.45,0.5,32025,8883900,19.473294,26035.4,25700.0,25750,ATM-7,PUT,26100,2025-12-02
2025-12-02 13:42:00+05:30,0.5,0.55,0.45,0.5,370350,8883900,19.417778,26033.85,25700.0,25750,ATM-7,PUT,26100,2025-12-02
2025-12-02 13:43:00+05:30,0.5,0.5,0.45,0.5,285150,8883900,19.369634,26032.45,25700.0,25750,ATM-7,PUT,26100,2025-12-02
2025-12-02 13:44:00+05:30,0.45,0.55,0.45,0.5,333075,8923125,19.602228,26036.65,25700.0,25750,ATM-7,PUT,26100,2025-12-02
2025-12-02 13:45:00+05:30,0.5,0.5,0.45,0.45,100275,8923125,19.313196,26035.6,25700.0,25750,ATM-7,PUT,26100,2025-12-02
2025-12-02 13:46:00+05:30,0.5,0.5,0.45,0.45,59100,8923125,19.243225,26033.75,25700.0,25750,ATM-7,PUT,26100,2025-12-02
2025-12-02 13:47:00+05:30,0.45,0.5,0.45,0.45,69600,8927400,19.561285,26039.7,25700.0,25750,ATM-7,PUT,26100,2025-12-02
2025-12-02 13:48:00+05:30,0.45,0.5,0.45,0.45,87300,8927400,19.827349,26044.6,25700.0,25750,ATM-7,PUT,26100,2025-12-02
2025-12-02 13:49:00+05:30,0.45,0.5,0.45,0.45,309975,8927400,19.695881,26041.5,25700.0,25750,ATM-7,PUT,26100,2025-12-02
2025-12-02 13:50:00+05:30,0.45,0.5,0.45,0.45,279750,8921325,19.711089,26041.35,25700.0,25750,ATM-7,PUT,26100,2025-12-02
2025-12-02 13:51:00+05:30,0.5,0.5,0.45,0.45,392850,8921325,20.04304,26047.55,25700.0,25750,ATM-7,PUT,26100,2025-12-02
2025-12-02 13:52:00+05:30,0.45,0.5,0.45,0.45,118725,8921325,20.131056,26048.85,25700.0,25750,ATM-7,PUT,26100,2025-12-02
2025-12-02 13:53:00+05:30,0.45,0.5,0.4,0.45,660750,8835525,19.92466,26044.25,25700.0,25750,ATM-7,PUT,26100,2025-12-02
2025-12-02 13:54:00+05:30,0.45,0.5,0.4,0.4,324900,8835525,19.578891,26042.6,25700.0,25750,ATM-7,PUT,26100,2025-12-02
2025-12-02 13:55:00+05:30,0.4,0.45,0.4,0.45,100875,8835525,19.720415,26039.25,25700.0,25750,ATM-7,PUT,26100,2025-12-02
2025-12-02 13:56:00+05:30,0.4,0.45,0.4,0.4,83325,8783775,20.063073,26051.45,25700.0,25750,ATM-7,PUT,26100,2025-12-02
2025-12-02 13:57:00+05:30,0.45,0.45,0.4,0.45,168975,8783775,20.549318,26054.85,25700.0,25750,ATM-7,PUT,26100,2025-12-02
2025-12-02 13:58:00+05:30,0.4,0.45,0.4,0.45,107475,8783775,20.733744,26058.05,25700.0,25750,ATM-7,PUT,26100,2025-12-02
2025-12-02 13:59:00+05:30,0.4,0.45,0.4,0.45,391650,8723775,20.828265,26059.45,25700.0,25750,ATM-7,PUT,26100,2025-12-02
2025-12-02 14:00:00+05:30,0.45,0.5,0.4,0.5,1022700,8723775,20.646533,26049.95,25700.0,25750,ATM-7,PUT,26100,2025-12-02
2025-12-02 14:01:00+05:30,0.5,0.5,0.4,0.45,430725,8723775,19.988776,26041.8,25700.0,25750,ATM-7,PUT,26100,2025-12-02
2025-12-02 14:02:00+05:30,0.45,0.45,0.4,0.4,64425,8669175,19.93363,26046.0,25700.0,25750,ATM-7,PUT,26100,2025-12-02
2025-12-02 14:03:00+05:30,0.4,0.45,0.4,0.45,136875,8669175,20.544149,26051.85,25700.0,25750,ATM-7,PUT,26100,2025-12-02
2025-12-02 14:04:00+05:30,0.45,0.45,0.4,0.45,71025,8669175,20.720109,26054.85,25700.0,25750,ATM-7,PUT,26100,2025-12-02
2025-12-02 14:05:00+05:30,0.4,0.45,0.4,0.45,304575,8613675,20.777731,26055.5,25700.0,25750,ATM-7,PUT,26100,2025-12-02
2025-12-02 14:06:00+05:30,0.4,0.45,0.4,0.4,350250,8613675,19.762877,26040.7,25700.0,25750,ATM-7,PUT,26100,2025-12-02
2025-12-02 14:07:00+05:30,0.45,0.45,0.4,0.4,48900,8613675,19.794116,26040.85,25700.0,25750,ATM-7,PUT,26100,2025-12-02
2025-12-02 14:08:00+05:30,0.45,0.45,0.35,0.4,763050,8658300,20.774406,26059.9,25700.0,25750,ATM-7,PUT,26100,2025-12-02
2025-12-02 14:09:00+05:30,0.4,0.45,0.35,0.4,595425,8658300,20.751885,26058.95,25700.0,25750,ATM-7,PUT,26100,2025-12-02
2025-12-02 14:10:00+05:30,0.35,0.4,0.35,0.4,159450,8658300,20.674025,26056.9,25700.0,25750,ATM-7,PUT,26100,2025-12-02
2025-12-02 14:11:00+05:30,0.4,0.4,0.35,0.35,38850,8639175,20.209429,26053.65,25700.0,25750,ATM-7,PUT,26100,2025-12-02
2025-12-02 14:12:00+05:30,0.35,0.4,0.35,0.35,68925,8639175,20.184247,26052.65,25700.0,25750,ATM-7,PUT,26100,2025-12-02
2025-12-02 14:13:00+05:30,0.4,0.4,0.35,0.4,67125,8639175,20.557838,26053.1,25700.0,25750,ATM-7,PUT,26100,2025-12-02
2025-12-02 14:14:00+05:30,0.35,0.4,0.35,0.35,200925,8626650,19.853798,26045.05,25700.0,25750,ATM-7,PUT,26100,2025-12-02
2025-12-02 14:15:00+05:30,0.35,0.4,0.3,0.35,290700,8626650,19.933169,26046.15,25700.0,25750,ATM-7,PUT,26100,2025-12-02
2025-12-02 14:16:00+05:30,0.35,0.35,0.3,0.3,72675,8626650,19.498607,26044.1,25700.0,25750,ATM-7,PUT,26100,2025-12-02
2025-12-02 14:17:00+05:30,0.35,0.35,0.3,0.35,235125,8612850,19.68332,26040.2,25700.0,25750,ATM-7,PUT,26100,2025-12-02
2025-12-02 14:18:00+05:30,0.35,0.4,0.3,0.35,676725,8612850,19.866065,26043.35,25700.0,25750,ATM-7,PUT,26100,2025-12-02
2025-12-02 14:19:00+05:30,0.35,0.35,0.3,0.3,182775,8612850,19.51625,26043.0,25700.0,25750,ATM-7,PUT,26100,2025-12-02
2025-12-02 14:20:00+05:30,0.3,0.35,0.3,0.3,155100,8595825,19.368854,26039.55,25700.0,25750,ATM-7,PUT,26100,2025-12-02
2025-12-02 14:21:00+05:30,0.35,0.35,0.3,0.3,51825,8595825,19.2559,26036.8,25700.0,25750,ATM-7,PUT,26100,2025-12-02
2025-12-02 14:22:00+05:30,0.3,0.35,0.3,0.35,153000,8595825,19.483945,26033.85,25700.0,25750,ATM-7,PUT,26100,2025-12-02
2025-12-02 14:23:00+05:30,0.35,0.35,0.3,0.35,91275,8482050,19.467652,26033.05,25700.0,25750,ATM-7,PUT,26100,2025-12-02
2025-12-02 14:24:00+05:30,0.35,0.35,0.3,0.3,341550,8482050,19.080211,26031.85,25700.0,25750,ATM-7,PUT,26100,2025-12-02
2025-12-02 14:25:00+05:30,0.35,0.35,0.3,0.3,166875,8482050,19.695294,26043.65,25700.0,25750,ATM-7,PUT,26100,2025-12-02
2025-12-02 14:26:00+05:30,0.3,0.4,0.3,0.35,796575,8407350,20.004242,26042.15,25700.0,25750,ATM-7,PUT,26100,2025-12-02
2025-12-02 14:27:00+05:30,0.4,0.4,0.3,0.35,468600,8407350,19.764712,26036.95,25700.0,25750,ATM-7,PUT,26100,2025-12-02
2025-12-02 14:28:00+05:30,0.35,0.4,0.3,0.4,728925,8407350,20.178996,26038.25,25700.0,25750,ATM-7,PUT,26100,2025-12-02
2025-12-02 14:29:00+05:30,0.4,0.4,0.35,0.35,204975,8330250,20.041988,26041.4,25700.0,25750,ATM-7,PUT,26100,2025-12-02
2025-12-02 14:30:00+05:30,0.35,0.4,0.35,0.35,487575,8330250,19.870721,26037.55,25700.0,25750,ATM-7,PUT,26100,2025-12-02
2025-12-02 14:31:00+05:30,0.35,0.4,0.35,0.35,247800,8330250,19.814007,26035.95,25700.0,25750,ATM-7,PUT,26100,2025-12-02
2025-12-02 14:32:00+05:30,0.35,0.4,0.35,0.4,134400,8150100,20.102735,26034.8,25700.0,25750,ATM-7,PUT,26100,2025-12-02
2025-12-02 14:33:00+05:30,0.35,0.4,0.35,0.35,156300,8150100,19.803087,26034.75,25700.0,25750,ATM-7,PUT,26100,2025-12-02
2025-12-02 14:34:00+05:30,0.35,0.4,0.35,0.4,491250,8150100,20.331535,26038.2,25700.0,25750,ATM-7,PUT,26100,2025-12-02
2025-12-02 14:35:00+05:30,0.35,0.4,0.35,0.4,189750,8208075,20.326383,26037.6,25700.0,25750,ATM-7,PUT,26100,2025-12-02
2025-12-02 14:36:00+05:30,0.4,0.4,0.25,0.25,541575,3539550,20.717946,26016.1,25650.0,25750,ATM-7,PUT,26100,2025-12-02
2025-12-02 14:37:00+05:30,0.25,0.3,0.25,0.25,420675,3539550,20.104844,26003.25,25650.0,25750,ATM-7,PUT,26100,2025-12-02
2025-12-02 14:38:00+05:30,0.3,0.3,0.25,0.25,152550,3221175,20.415468,26008.95,25650.0,25750,ATM-7,PUT,26100,2025-12-02
2025-12-02 14:39:00+05:30,0.25,0.3,0.25,0.25,97800,3221175,20.680277,26013.7,25650.0,25750,ATM-7,PUT,26100,2025-12-02
2025-12-02 14:40:00+05:30,0.25,0.3,0.25,0.3,276675,3221175,20.941714,26009.85,25650.0,25750,ATM-7,PUT,26100,2025-12-02
2025-12-02 14:41:00+05:30,0.25,0.3,0.25,0.25,51075,3029850,20.550741,26010.05,25650.0,25750,ATM-7,PUT,26100,2025-12-02
2025-12-02 14:42:00+05:30,0.25,0.3,0.25,0.3,10950,3029850,21.06293,26011.15,25650.0,25750,ATM-7,PUT,26100,2025-12-02
2025-12-02 14:43:00+05:30,0.25,0.35,0.25,0.3,256350,3029850,20.896715,26007.35,25650.0,25750,ATM-7,PUT,26100,2025-12-02
2025-12-02 14:44:00+05:30,0.3,0.35,0.25,0.3,234075,3014175,21.059755,26010.0,25650.0,25750,ATM-7,PUT,26100,2025-12-02
2025-12-02 14:45:00+05:30,0.3,0.35,0.25,0.25,96450,3014175,20.630087,26009.4,25650.0,25750,ATM-7,PUT,26100,2025-12-02
2025-12-02 14:46:00+05:30,0.25,0.3,0.25,0.3,22950,3014175,21.193531,26011.5,25650.0,25750,ATM-7,PUT,26100,2025-12-02
2025-12-02 14:47:00+05:30,0.25,0.3,0.25,0.3,12300,3021225,21.233532,26011.75,25650.0,25750,ATM-7,PUT,26100,2025-12-02
2025-12-02 14:48:00+05:30,0.3,0.3,0.25,0.3,33075,3021225,21.519318,26016.75,25650.0,25750,ATM-7,PUT,26100,2025-12-02
2025-12-02 14:49:00+05:30,0.3,0.35,0.25,0.3,52500,3021225,21.614888,26018.05,25650.0,25750,ATM-7,PUT,26100,2025-12-02
2025-12-02 14:50:00+05:30,0.3,0.3,0.25,0.3,66150,3032100,21.569294,26016.55,25650.0,25750,ATM-7,PUT,26100,2025-12-02
2025-12-02 14:51:00+05:30,0.3,0.35,0.25,0.25,147000,3032100,21.269487,26018.75,25650.0,25750,ATM-7,PUT,26100,2025-12-02
2025-12-02 14:52:00+05:30,0.3,0.3,0.25,0.25,81825,3032100,21.378628,26020.3,25650.0,25750,ATM-7,PUT,26100,2025-12-02
2025-12-02 14:53:00+05:30,0.3,0.3,0.25,0.3,18375,3019425,21.800127,26019.35,25650.0,25750,ATM-7,PUT,26100,2025-12-02
2025-12-02 14:54:00+05:30,0.3,0.3,0.2,0.2,174600,3019425,20.466097,26010.8,25650.0,25750,ATM-7,PUT,26100,2025-12-02
2025-12-02 14:55:00+05:30,0.25,0.25,0.2,0.2,122850,3019425,20.428343,26009.45,25650.0,25750,ATM-7,PUT,26100,2025-12-02
2025-12-02 14:56:00+05:30,0.25,0.25,0.2,0.25,32175,2999475,20.867289,26007.65,25650.0,25750,ATM-7,PUT,26100,2025-12-02
2025-12-02 14:57:00+05:30,0.25,0.25,0.2,0.2,114600,2999475,20.018587,26000.2,25650.0,25750,ATM-7,PUT,26100,2025-12-02
2025-12-02 14:58:00+05:30,0.2,0.25,0.2,0.25,210450,2999475,21.065991,26010.45,25650.0,25750,ATM-7,PUT,26100,2025-12-02
2025-12-02 14:59:00+05:30,0.2,0.25,0.15,0.2,237450,2799675,20.986352,26018.75,25650.0,25750,ATM-7,PUT,26100,2025-12-02
2025-12-02 15:00:00+05:30,0.15,0.25,0.15,0.2,248250,2799675,20.664619,26011.85,25650.0,25750,ATM-7,PUT,26100,2025-12-02
2025-12-02 15:01:00+05:30,0.2,0.25,0.2,0.2,192000,2799675,21.201606,26021.95,25650.0,25750,ATM-7,PUT,26100,2025-12-02
2025-12-02 15:02:00+05:30,0.2,0.2,0.15,0.15,172200,3087525,20.62218,26022.35,25650.0,25750,ATM-7,PUT,26100,2025-12-02
2025-12-02 15:03:00+05:30,0.15,0.15,0.1,0.15,287325,3087525,20.549995,26020.3,25650.0,25750,ATM-7,PUT,26100,2025-12-02
2025-12-02 15:04:00+05:30,0.15,0.2,0.1,0.15,494025,3087525,20.741245,26023.6,25650.0,25750,ATM-7,PUT,26100,2025-12-02
2025-12-02 15:05:00+05:30,0.15,0.2,0.1,0.15,113175,3068700,20.733253,26022.85,25650.0,25750,ATM-7,PUT,26100,2025-12-02
2025-12-02 15:06:00+05:30,0.15,0.15,0.1,0.15,59625,3068700,20.65375,26020.65,25650.0,25750,ATM-7,PUT,26100,2025-12-02
2025-12-02 15:07:00+05:30,0.1,0.15,0.1,0.1,38625,3068700,20.05802,26024.6,25650.0,25750,ATM-7,PUT,26100,2025-12-02
2025-12-02 15:08:00+05:30,0.1,0.15,0.05,0.1,1473750,7404975,17.749173,26026.8,25700.0,25750,ATM-7,PUT,26100,2025-12-02
2025-12-02 15:09:00+05:30,0.1,0.1,0.05,0.1,123225,7404975,17.757244,26026.45,25700.0,25750,ATM-7,PUT,26100,2025-12-02
2025-12-02 15:10:00+05:30,0.1,0.1,0.05,0.05,91725,7404975,16.858806,26030.5,25700.0,25750,ATM-7,PUT,26100,2025-12-02
2025-12-02 15:11:00+05:30,0.05,0.1,0.05,0.05,170025,7326525,17.006937,26033.2,25700.0,25750,ATM-7,PUT,26100,2025-12-02
2025-12-02 15:12:00+05:30,0.05,0.1,0.05,0.05,378975,7326525,17.040449,26033.4,25700.0,25750,ATM-7,PUT,26100,2025-12-02
2025-12-02 15:13:00+05:30,0.05,0.1,0.05,0.05,1070850,7326525,17.265274,26037.75,25700.0,25750,ATM-7,PUT,26100,2025-12-02
2025-12-02 15:14:00+05:30,0.05,0.1,0.05,0.05,726000,6166575,17.243877,26036.75,25700.0,25750,ATM-7,PUT,26100,2025-12-02
2025-12-02 15:15:00+05:30,0.05,0.05,0.05,0.05,282900,6166575,17.132363,26033.8,25700.0,25750,ATM-7,PUT,26100,2025-12-02
2025-12-02 15:16:00+05:30,0.05,0.05,0.05,0.05,404850,6166575,17.323759,26037.4,25700.0,25750,ATM-7,PUT,26100,2025-12-02
2025-12-02 15:17:00+05:30,0.05,0.05,0.05,0.05,395625,5575050,17.406698,26038.65,25700.0,25750,ATM-7,PUT,26100,2025-12-02
2025-12-02 15:18:00+05:30,0.05,0.05,0.05,0.05,25725,5575050,17.15812,26032.75,25700.0,25750,ATM-7,PUT,26100,2025-12-02
2025-12-02 15:19:00+05:30,0.05,0.05,0.05,0.05,50475,5575050,17.455043,26038.6,25700.0,25750,ATM-7,PUT,26100,2025-12-02
2025-12-02 15:20:00+05:30,0.05,0.05,0.05,0.05,14925,5502450,17.771065,26044.85,25700.0,25750,ATM-7,PUT,26100,2025-12-02
2025-12-02 15:21:00+05:30,0.05,0.05,0.05,0.05,15675,5502450,17.578348,26040.15,25700.0,25750,ATM-7,PUT,26100,2025-12-02
2025-12-02 15:22:00+05:30,0.05,0.05,0.05,0.05,13350,5502450,17.632135,26040.75,25700.0,25750,ATM-7,PUT,26100,2025-12-02
2025-12-02 15:23:00+05:30,0.05,0.05,0.05,0.05,27075,5502450,18.012728,26048.35,25700.0,25750,ATM-7,PUT,26100,2025-12-02
2025-12-02 15:24:00+05:30,0.05,0.05,0.05,0.05,38250,5451675,18.158332,26050.9,25700.0,25750,ATM-7,PUT,26100,2025-12-02
2025-12-02 15:25:00+05:30,0.05,0.05,0.05,0.05,20475,5451675,18.376727,26055.0,25700.0,25750,ATM-7,PUT,26100,2025-12-02
2025-12-02 15:26:00+05:30,0.05,0.05,0.05,0.05,1575,5398050,18.256744,26051.85,25700.0,25750,ATM-7,PUT,26100,2025-12-02
2025-12-02 15:27:00+05:30,0.05,0.05,0.05,0.05,17475,5398050,18.447892,26055.35,25700.0,25750,ATM-7,PUT,26100,2025-12-02
2025-12-02 15:28:00+05:30,0.05,0.05,0.05,0.05,46950,5398050,18.513013,26056.15,25700.0,25750,ATM-7,PUT,26100,2025-12-02
2025-12-02 15:29:00+05:30,0.05,0.05,0.05,0.05,8025,5398050,18.580768,26057.0,25700.0,25750,ATM-7,PUT,26100,2025-12-02
2025-12-02 09:15:00+05:30,2.1,2.55,2.0,2.0,3414525,6631500,17.653363,26110.2,25800.0,25800,ATM-6,PUT,26100,2025-12-02
2025-12-02 09:16:00+05:30,1.95,2.05,1.7,1.75,2964975,7064925,17.656921,26118.7,25800.0,25800,ATM-6,PUT,26100,2025-12-02
2025-12-02 09:17:00+05:30,2.25,2.35,2.15,2.2,2054475,5433600,16.375818,26127.05,25850.0,25800,ATM-6,PUT,26100,2025-12-02
2025-12-02 09:18:00+05:30,2.15,2.3,1.95,2.05,2103075,5433600,17.035787,26145.25,25850.0,25800,ATM-6,PUT,26100,2025-12-02
2025-12-02 09:19:00+05:30,2.05,2.15,1.95,2.1,2023425,5823900,16.943821,26141.5,25850.0,25800,ATM-6,PUT,26100,2025-12-02
2025-12-02 09:20:00+05:30,2.05,2.15,1.95,1.95,1265100,5823900,16.967754,26146.45,25850.0,25800,ATM-6,PUT,26100,2025-12-02
2025-12-02 09:21:00+05:30,2.0,2.05,1.9,1.95,856950,5823900,16.935462,26145.5,25850.0,25800,ATM-6,PUT,26100,2025-12-02
2025-12-02 09:22:00+05:30,1.9,2.0,1.9,1.95,1365525,6130875,16.956679,26145.7,25850.0,25800,ATM-6,PUT,26100,2025-12-02
2025-12-02 09:23:00+05:30,1.95,2.0,1.9,1.95,998850,6130875,17.238552,26151.5,25850.0,25800,ATM-6,PUT,26100,2025-12-02
2025-12-02 09:24:00+05:30,2.0,2.1,1.95,2.05,1005000,6130875,17.046737,26143.95,25850.0,25800,ATM-6,PUT,26100,2025-12-02
2025-12-02 09:25:00+05:30,2.05,2.1,2.0,2.0,592050,6283650,17.041585,26145.15,25850.0,25800,ATM-6,PUT,26100,2025-12-02
2025-12-02 09:26:00+05:30,2.05,2.1,2.0,2.0,965775,6283650,17.15436,26147.3,25850.0,25800,ATM-6,PUT,26100,2025-12-02
2025-12-02 09:27:00+05:30,2.0,2.05,1.95,2.0,781425,6283650,17.21804,26148.4,25850.0,25800,ATM-6,PUT,26100,2025-12-02
2025-12-02 09:28:00+05:30,2.0,2.05,1.95,2.0,498975,6362175,16.979258,26143.05,25850.0,25800,ATM-6,PUT,26100,2025-12-02
2025-12-02 09:29:00+05:30,2.05,2.2,2.0,2.15,1142850,6362175,16.597068,26130.2,25850.0,25800,ATM-6,PUT,26100,2025-12-02
2025-12-02 09:30:00+05:30,1.65,1.75,1.65,1.75,1106250,8943975,17.987953,26122.1,25800.0,25800,ATM-6,PUT,26100,2025-12-02
2025-12-02 09:31:00+05:30,1.95,1.95,1.7,1.75,1978050,9249225,17.819718,26118.15,25800.0,25800,ATM-6,PUT,26100,2025-12-02
2025-12-02 09:32:00+05:30,2.3,2.35,2.0,2.05,1107675,6392550,16.577725,26132.0,25850.0,25800,ATM-6,PUT,26100,2025-12-02
2025-12-02 09:33:00+05:30,1.65,1.7,1.6,1.6,573900,9249225,17.713736,26121.0,25800.0,25800,ATM-6,PUT,26100,2025-12-02
2025-12-02 09:34:00+05:30,1.65,1.7,1.6,1.65,853950,9289350,17.537063,26114.9,25800.0,25800,ATM-6,PUT,26100,2025-12-02
2025-12-02 09:35:00+05:30,1.65,1.7,1.6,1.7,788250,9289350,17.688977,26116.05,25800.0,25800,ATM-6,PUT,26100,2025-12-02
2025-12-02 09:36:00+05:30,1.65,1.75,1.55,1.6,979725,9289350,17.446658,26114.3,25800.0,25800,ATM-6,PUT,26100,2025-12-02
2025-12-02 09:37:00+05:30,1.6,1.65,1.55,1.6,890925,9185325,17.73966,26120.45,25800.0,25800,ATM-6,PUT,26100,2025-12-02
2025-12-02 09:38:00+05:30,1.55,1.65,1.55,1.6,837450,9185325,17.194996,26108.25,25800.0,25800,ATM-6,PUT,26100,2025-12-02
2025-12-02 09:39:00+05:30,1.65,1.65,1.55,1.65,1193475,9185325,17.322318,26108.85,25800.0,25800,ATM-6,PUT,26100,2025-12-02
2025-12-02 09:40:00+05:30,1.6,1.65,1.5,1.6,1593300,9204450,17.068369,26104.95,25800.0,25800,ATM-6,PUT,26100,2025-12-02
2025-12-02 09:41:00+05:30,1.55,1.65,1.55,1.6,1458825,9204450,16.649909,26095.6,25800.0,25800,ATM-6,PUT,26100,2025-12-02
2025-12-02 09:42:00+05:30,1.55,1.8,1.55,1.8,1278150,9204450,16.6725,26088.75,25800.0,25800,ATM-6,PUT,26100,2025-12-02
2025-12-02 09:43:00+05:30,1.8,1.8,1.6,1.65,1703775,9310200,16.56201,26091.35,25800.0,25800,ATM-6,PUT,26100,2025-12-02
2025-12-02 09:44:00+05:30,1.6,1.75,1.6,1.7,1146375,9310200,16.092808,26079.3,25800.0,25800,ATM-6,PUT,26100,2025-12-02
2025-12-02 09:45:00+05:30,1.75,1.75,1.55,1.6,1585575,9310200,16.271429,26086.4,25800.0,25800,ATM-6,PUT,26100,2025-12-02
2025-12-02 09:46:00+05:30,1.65,1.7,1.6,1.6,1197000,8786925,16.376305,26088.4,25800.0,25800,ATM-6,PUT,26100,2025-12-02
2025-12-02 09:47:00+05:30,1.65,1.65,1.55,1.6,966300,8786925,16.657765,26094.2,25800.0,25800,ATM-6,PUT,26100,2025-12-02
2025-12-02 09:48:00+05:30,1.6,1.8,1.6,1.7,1109850,8786925,16.290383,26082.5,25800.0,25800,ATM-6,PUT,26100,2025-12-02
2025-12-02 09:49:00+05:30,1.2,1.2,1.15,1.15,444450,4296225,17.121508,26072.65,25750.0,25800,ATM-6,PUT,26100,2025-12-02
2025-12-02 09:50:00+05:30,1.2,1.3,1.15,1.2,1061850,4296225,17.21631,26072.0,25750.0,25800,ATM-6,PUT,26100,2025-12-02
2025-12-02 09:51:00+05:30,1.25,1.3,1.2,1.25,194850,4296225,17.310262,26071.4,25750.0,25800,ATM-6,PUT,26100,2025-12-02
2025-12-02 09:52:00+05:30,1.3,1.35,1.25,1.3,401475,4207950,17.408154,26070.95,25750.0,25800,ATM-6,PUT,26100,2025-12-02
2025-12-02 09:53:00+05:30,1.35,1.35,1.25,1.35,430950,4207950,17.541975,26071.35,25750.0,25800,ATM-6,PUT,26100,2025-12-02
2025-12-02 09:54:00+05:30,1.95,1.95,1.75,1.75,607200,8960400,16.167661,26076.7,25800.0,25800,ATM-6,PUT,26100,2025-12-02
2025-12-02 09:55:00+05:30,1.8,1.85,1.7,1.7,358350,9012375,16.53739,26085.95,25800.0,25800,ATM-6,PUT,26100,2025-12-02
2025-12-02 09:56:00+05:30,1.7,1.75,1.6,1.75,903750,9012375,16.507759,26083.35,25800.0,25800,ATM-6,PUT,26100,2025-12-02
2025-12-02 09:57:00+05:30,1.75,1.75,1.7,1.7,465375,9012375,16.542971,26085.55,25800.0,25800,ATM-6,PUT,26100,2025-12-02
2025-12-02 09:58:00+05:30,1.7,1.85,1.7,1.8,465075,9212850,16.528453,26081.6,25800.0,25800,ATM-6,PUT,26100,2025-12-02
2025-12-02 09:59:00+05:30,1.75,1.95,1.75,1.85,447000,9212850,16.306808,26075.1,25800.0,25800,ATM-6,PUT,26100,2025-12-02
2025-12-02 10:00:00+05:30,1.25,1.3,1.2,1.25,356025,4473900,17.475629,26072.5,25750.0,25800,ATM-6,PUT,26100,2025-12-02
2025-12-02 10:01:00+05:30,1.9,1.95,1.8,1.85,321150,9523050,16.415329,26076.85,25800.0,25800,ATM-6,PUT,26100,2025-12-02
2025-12-02 10:02:00+05:30,1.25,1.3,1.25,1.3,437400,4395225,17.580987,26071.9,25750.0,25800,ATM-6,PUT,26100,2025-12-02
2025-12-02 10:03:00+05:30,1.3,1.35,1.25,1.3,147000,4395225,17.521495,26070.3,25750.0,25800,ATM-6,PUT,26100,2025-12-02
2025-12-02 10:04:00+05:30,1.85,1.9,1.75,1.8,360375,9546300,16.547389,26080.45,25800.0,25800,ATM-6,PUT,26100,2025-12-02
2025-12-02 10:05:00+05:30,1.8,1.85,1.75,1.8,496200,9546300,16.542964,26080.1,25800.0,25800,ATM-6,PUT,26100,2025-12-02
2025-12-02 10:06:00+05:30,1.85,1.9,1.8,1.8,457950,9546300,16.391827,26076.7,25800.0,25800,ATM-6,PUT,26100,2025-12-02
2025-12-02 10:07:00+05:30,1.3,1.3,1.25,1.25,217875,4597950,17.56306,26072.4,25750.0,25800,ATM-6,PUT,26100,2025-12-02
2025-12-02 10:08:00+05:30,1.25,1.35,1.25,1.3,350400,4597950,17.70372,26072.85,25750.0,25800,ATM-6,PUT,26100,2025-12-02
2025-12-02 10:09:00+05:30,1.25,1.3,1.25,1.3,240525,4597950,17.733028,26073.2,25750.0,25800,ATM-6,PUT,26100,2025-12-02
2025-12-02 10:10:00+05:30,1.25,1.4,1.25,1.35,781800,4681725,17.392195,26063.2,25750.0,25800,ATM-6,PUT,26100,2025-12-02
2025-12-02 10:11:00+05:30,1.35,1.4,1.3,1.3,690150,4681725,17.084842,26058.45,25750.0,25800,ATM-6,PUT,26100,2025-12-02
2025-12-02 10:12:00+05:30,1.35,1.35,1.25,1.3,310725,4681725,17.024265,26056.85,25750.0,25800,ATM-6,PUT,26100,2025-12-02
2025-12-02 10:13:00+05:30,1.25,1.3,1.2,1.25,257625,4673775,17.013286,26058.6,25750.0,25800,ATM-6,PUT,26100,2025-12-02
2025-12-02 10:14:00+05:30,1.2,1.25,1.15,1.25,720225,4673775,17.030844,26058.7,25750.0,25800,ATM-6,PUT,26100,2025-12-02
2025-12-02 10:15:00+05:30,1.2,1.25,1.15,1.2,288450,4673775,16.874956,26057.35,25750.0,25800,ATM-6,PUT,26100,2025-12-02
2025-12-02 10:16:00+05:30,1.2,1.25,1.15,1.2,336300,4752600,17.02022,26060.25,25750.0,25800,ATM-6,PUT,26100,2025-12-02
2025-12-02 10:17:00+05:30,1.2,1.25,1.15,1.25,986850,4752600,16.646728,26049.5,25750.0,25800,ATM-6,PUT,26100,2025-12-02
2025-12-02 10:18:00+05:30,1.25,1.25,1.2,1.2,515400,4752600,16.783212,26054.5,25750.0,25800,ATM-6,PUT,26100,2025-12-02
2025-12-02 10:19:00+05:30,1.2,1.25,1.15,1.15,358200,4769100,17.053144,26062.55,25750.0,25800,ATM-6,PUT,26100,2025-12-02
2025-12-02 10:20:00+05:30,1.2,1.2,1.05,1.1,568125,4769100,17.078367,26065.35,25750.0,25800,ATM-6,PUT,26100,2025-12-02
2025-12-02 10:21:00+05:30,1.1,1.15,1.1,1.15,384900,4769100,17.356851,26068.65,25750.0,25800,ATM-6,PUT,26100,2025-12-02
2025-12-02 10:22:00+05:30,1.15,1.15,1.1,1.1,139350,4770150,17.527437,26074.7,25750.0,25800,ATM-6,PUT,26100,2025-12-02
2025-12-02 10:23:00+05:30,1.1,1.15,1.05,1.15,349125,4770150,17.524614,26071.75,25750.0,25800,ATM-6,PUT,26100,2025-12-02
2025-12-02 10:24:00+05:30,1.1,1.15,1.1,1.15,50775,4770150,17.508626,26071.1,25750.0,25800,ATM-6,PUT,26100,2025-12-02
2025-12-02 10:25:00+05:30,1.15,1.15,1.1,1.15,261975,4770075,17.665539,26074.25,25750.0,25800,ATM-6,PUT,26100,2025-12-02
2025-12-02 10:26:00+05:30,1.15,1.15,1.1,1.15,349200,4770075,17.549515,26071.4,25750.0,25800,ATM-6,PUT,26100,2025-12-02
2025-12-02 10:27:00+05:30,1.15,1.15,1.05,1.05,274575,4770075,17.243915,26069.6,25750.0,25800,ATM-6,PUT,26100,2025-12-02
2025-12-02 10:28:00+05:30,1.1,1.15,1.05,1.05,255375,4824975,17.273168,26069.95,25750.0,25800,ATM-6,PUT,26100,2025-12-02
2025-12-02 10:29:00+05:30,1.45,1.45,1.4,1.45,656175,10001100,16.187075,26078.8,25800.0,25800,ATM-6,PUT,26100,2025-12-02
2025-12-02 10:30:00+05:30,1.45,1.5,1.4,1.45,414975,10001100,16.156743,26077.9,25800.0,25800,ATM-6,PUT,26100,2025-12-02
2025-12-02 10:31:00+05:30,1.5,1.5,1.35,1.4,284850,10029900,16.371558,26084.1,25800.0,25800,ATM-6,PUT,26100,2025-12-02
2025-12-02 10:32:00+05:30,1.4,1.4,1.35,1.4,391200,10029900,16.265531,26081.6,25800.0,25800,ATM-6,PUT,26100,2025-12-02
2025-12-02 10:33:00+05:30,1.35,1.4,1.3,1.3,293400,10029900,16.144122,26082.85,25800.0,25800,ATM-6,PUT,26100,2025-12-02
2025-12-02 10:34:00+05:30,1.35,1.35,1.25,1.35,664350,10203525,16.448924,26086.95,25800.0,25800,ATM-6,PUT,26100,2025-12-02
2025-12-02 10:35:00+05:30,1.35,1.35,1.3,1.3,532275,10203525,16.508904,26090.05,25800.0,25800,ATM-6,PUT,26100,2025-12-02
2025-12-02 10:36:00+05:30,1.3,1.35,1.3,1.35,287100,10203525,16.579041,26089.15,25800.0,25800,ATM-6,PUT,26100,2025-12-02
2025-12-02 10:37:00+05:30,1.3,1.35,1.3,1.35,186600,10319400,16.326513,26083.55,25800.0,25800,ATM-6,PUT,26100,2025-12-02
2025-12-02 10:38:00+05:30,1.35,1.35,1.3,1.35,198375,10319400,16.379788,26084.4,25800.0,25800,ATM-6,PUT,26100,2025-12-02
2025-12-02 10:39:00+05:30,1.35,1.4,1.3,1.4,394350,10319400,16.427133,26083.1,25800.0,25800,ATM-6,PUT,26100,2025-12-02
2025-12-02 10:40:00+05:30,1.4,1.4,1.3,1.35,382800,10394850,16.336738,26082.95,25800.0,25800,ATM-6,PUT,26100,2025-12-02
2025-12-02 10:41:00+05:30,1.35,1.4,1.3,1.3,325800,10394850,16.516519,26088.55,25800.0,25800,ATM-6,PUT,26100,2025-12-02
2025-12-02 10:42:00+05:30,1.3,1.35,1.25,1.25,394425,10394850,16.370786,26087.35,25800.0,25800,ATM-6,PUT,26100,2025-12-02
2025-12-02 10:43:00+05:30,1.3,1.35,1.25,1.3,723900,10438950,16.210464,26081.55,25800.0,25800,ATM-6,PUT,26100,2025-12-02
2025-12-02 10:44:00+05:30,1.0,1.1,1.0,1.05,144075,5056050,17.707711,26074.65,25750.0,25800,ATM-6,PUT,26100,2025-12-02
2025-12-02 10:45:00+05:30,1.3,1.35,1.3,1.3,359475,10438950,15.988424,26076.35,25800.0,25800,ATM-6,PUT,26100,2025-12-02
2025-12-02 10:46:00+05:30,1.05,1.1,1.05,1.05,85950,5027775,17.513945,26069.8,25750.0,25800,ATM-6,PUT,26100,2025-12-02
2025-12-02 10:47:00+05:30,1.05,1.1,1.05,1.1,76125,5027775,17.737908,26071.7,25750.0,25800,ATM-6,PUT,26100,2025-12-02
2025-12-02 10:48:00+05:30,1.05,1.1,1.05,1.1,123150,5027775,17.874374,26074.35,25750.0,25800,ATM-6,PUT,26100,2025-12-02
2025-12-02 10:49:00+05:30,1.35,1.35,1.3,1.35,225675,10458900,16.173672,26077.1,25800.0,25800,ATM-6,PUT,26100,2025-12-02
2025-12-02 10:50:00+05:30,1.35,1.35,1.25,1.25,419025,10458900,16.608917,26090.15,25800.0,25800,ATM-6,PUT,26100,2025-12-02
2025-12-02 10:51:00+05:30,1.25,1.3,1.2,1.25,661800,10458900,16.816757,26094.25,25800.0,25800,ATM-6,PUT,26100,2025-12-02
2025-12-02 10:52:00+05:30,1.25,1.25,1.15,1.2,1032375,10790025,16.907248,26098.15,25800.0,25800,ATM-6,PUT,26100,2025-12-02
2025-12-02 10:53:00+05:30,1.2,1.25,1.2,1.2,348150,10790025,16.828953,26096.2,25800.0,25800,ATM-6,PUT,26100,2025-12-02
2025-12-02 10:54:00+05:30,1.2,1.25,1.2,1.25,167925,10790025,16.757902,26092.15,25800.0,25800,ATM-6,PUT,26100,2025-12-02
2025-12-02 10:55:00+05:30,1.25,1.25,1.2,1.25,317325,10829925,16.735835,26091.4,25800.0,25800,ATM-6,PUT,26100,2025-12-02
2025-12-02 10:56:00+05:30,1.2,1.25,1.2,1.2,205725,10829925,16.685405,26092.3,25800.0,25800,ATM-6,PUT,26100,2025-12-02
2025-12-02 10:57:00+05:30,1.2,1.25,1.2,1.2,234825,10829925,16.639717,26091.05,25800.0,25800,ATM-6,PUT,26100,2025-12-02
2025-12-02 10:58:00+05:30,1.2,1.25,1.2,1.2,210975,10878375,16.574952,26089.4,25800.0,25800,ATM-6,PUT,26100,2025-12-02
2025-12-02 10:59:00+05:30,1.2,1.25,1.15,1.15,489150,10878375,16.894837,26098.2,25800.0,25800,ATM-6,PUT,26100,2025-12-02
2025-12-02 11:00:00+05:30,1.2,1.2,1.15,1.2,471900,10878375,16.751989,26092.55,25800.0,25800,ATM-6,PUT,26100,2025-12-02
2025-12-02 11:01:00+05:30,1.2,1.25,1.15,1.25,340950,10995150,16.547609,26085.75,25800.0,25800,ATM-6,PUT,26100,2025-12-02
2025-12-02 11:02:00+05:30,1.2,1.25,1.15,1.2,763800,10995150,16.817601,26093.35,25800.0,25800,ATM-6,PUT,26100,2025-12-02
2025-12-02 11:03:00+05:30,1.2,1.2,1.15,1.15,208200,10995150,16.841663,26095.9,25800.0,25800,ATM-6,PUT,26100,2025-12-02
2025-12-02 11:04:00+05:30,1.15,1.2,1.15,1.15,89625,11342475,16.957391,26098.05,25800.0,25800,ATM-6,PUT,26100,2025-12-02
2025-12-02 11:05:00+05:30,1.15,1.2,1.15,1.2,547200,11342475,16.930899,26094.85,25800.0,25800,ATM-6,PUT,26100,2025-12-02
2025-12-02 11:06:00+05:30,1.2,1.2,1.15,1.15,148275,11342475,16.869228,26095.6,25800.0,25800,ATM-6,PUT,26100,2025-12-02
2025-12-02 11:07:00+05:30,1.2,1.2,1.15,1.2,139425,11296425,16.978092,26095.25,25800.0,25800,ATM-6,PUT,26100,2025-12-02
2025-12-02 11:08:00+05:30,1.2,1.2,1.15,1.2,97875,11296425,16.88219,26092.95,25800.0,25800,ATM-6,PUT,26100,2025-12-02
2025-12-02 11:09:00+05:30,1.15,1.2,1.15,1.2,184950,11296425,17.078105,26096.75,25800.0,25800,ATM-6,PUT,26100,2025-12-02
2025-12-02 11:10:00+05:30,1.2,1.25,1.15,1.25,478200,11351700,17.12941,26095.25,25800.0,25800,ATM-6,PUT,26100,2025-12-02
2025-12-02 11:11:00+05:30,1.25,1.3,1.2,1.2,659100,11351700,16.979654,26094.1,25800.0,25800,ATM-6,PUT,26100,2025-12-02
2025-12-02 11:12:00+05:30,1.2,1.25,1.2,1.25,99675,11351700,16.994093,26091.85,25800.0,25800,ATM-6,PUT,26100,2025-12-02
2025-12-02 11:13:00+05:30,1.2,1.25,1.2,1.2,474975,11425800,16.577394,26085.15,25800.0,25800,ATM-6,PUT,26100,2025-12-02
2025-12-02 11:14:00+05:30,1.2,1.25,1.15,1.15,988575,11425800,16.270057,26080.75,25800.0,25800,ATM-6,PUT,26100,2025-12-02
2025-12-02 11:15:00+05:30,1.15,1.2,1.15,1.2,523200,11425800,16.409458,26081.1,25800.0,25800,ATM-6,PUT,26100,2025-12-02
2025-12-02 11:16:00+05:30,1.15,1.2,1.15,1.15,144225,11573250,16.065852,26075.95,25800.0,25800,ATM-6,PUT,26100,2025-12-02
2025-12-02 11:17:00+05:30,1.2,1.2,1.15,1.2,313875,11573250,16.371694,26079.75,25800.0,25800,ATM-6,PUT,26100,2025-12-02
2025-12-02 11:18:00+05:30,1.2,1.2,1.1,1.15,226800,11573250,16.332256,26080.9,25800.0,25800,ATM-6,PUT,26100,2025-12-02
2025-12-02 11:19:00+05:30,1.1,1.15,1.1,1.15,153375,11506350,16.360574,26081.2,25800.0,25800,ATM-6,PUT,26100,2025-12-02
2025-12-02 11:20:00+05:30,1.1,1.2,1.1,1.15,392325,11506350,16.149362,26076.55,25800.0,25800,ATM-6,PUT,26100,2025-12-02
2025-12-02 11:21:00+05:30,1.15,1.2,1.15,1.15,169050,11506350,16.102439,26075.3,25800.0,25800,ATM-6,PUT,26100,2025-12-02
2025-12-02 11:22:00+05:30,0.95,1.0,0.9,1.0,207750,5248575,17.960782,26070.8,25750.0,25800,ATM-6,PUT,26100,2025-12-02
2025-12-02 11:23:00+05:30,0.95,1.0,0.9,0.9,149550,5248575,17.774495,26072.35,25750.0,25800,ATM-6,PUT,26100,2025-12-02
2025-12-02 11:24:00+05:30,1.2,1.2,1.1,1.1,254325,11597475,16.358587,26082.05,25800.0,25800,ATM-6,PUT,26100,2025-12-02
2025-12-02 11:25:00+05:30,1.15,1.15,1.1,1.15,659925,11698650,16.565805,26083.7,25800.0,25800,ATM-6,PUT,26100,2025-12-02
2025-12-02 11:26:00+05:30,1.1,1.15,1.1,1.1,223500,11698650,16.154387,26077.25,25800.0,25800,ATM-6,PUT,26100,2025-12-02
2025-12-02 11:27:00+05:30,0.9,0.95,0.85,0.95,157575,5256525,18.003857,26072.95,25750.0,25800,ATM-6,PUT,26100,2025-12-02
2025-12-02 11:28:00+05:30,0.95,0.95,0.9,0.9,85800,5259225,17.804357,26071.35,25750.0,25800,ATM-6,PUT,26100,2025-12-02
2025-12-02 11:29:00+05:30,0.9,0.95,0.9,0.95,38100,5259225,17.821011,26068.4,25750.0,25800,ATM-6,PUT,26100,2025-12-02
2025-12-02 11:30:00+05:30,0.9,1.0,0.9,0.95,436950,5259225,17.758714,26066.75,25750.0,25800,ATM-6,PUT,26100,2025-12-02
2025-12-02 11:31:00+05:30,0.95,1.0,0.9,0.9,281025,5378175,17.665601,26067.4,25750.0,25800,ATM-6,PUT,26100,2025-12-02
2025-12-02 11:32:00+05:30,0.9,0.95,0.9,0.95,82125,5378175,17.848523,26068.0,25750.0,25800,ATM-6,PUT,26100,2025-12-02
2025-12-02 11:33:00+05:30,0.95,0.95,0.85,0.85,462975,5378175,17.584401,26068.1,25750.0,25800,ATM-6,PUT,26100,2025-12-02
2025-12-02 11:34:00+05:30,0.85,0.9,0.85,0.9,189525,5419200,17.678814,26066.7,25750.0,25800,ATM-6,PUT,26100,2025-12-02
2025-12-02 11:35:00+05:30,0.9,0.9,0.85,0.9,28500,5419200,17.698957,26066.8,25750.0,25800,ATM-6,PUT,26100,2025-12-02
2025-12-02 11:36:00+05:30,0.85,0.9,0.85,0.9,50550,5419200,17.657957,26065.6,25750.0,25800,ATM-6,PUT,26100,2025-12-02
2025-12-02 11:37:00+05:30,0.9,0.9,0.85,0.85,37875,5493525,17.610781,26067.35,25750.0,25800,ATM-6,PUT,26100,2025-12-02
2025-12-02 11:38:00+05:30,0.85,0.9,0.85,0.85,39900,5493525,17.893129,26073.05,25750.0,25800,ATM-6,PUT,26100,2025-12-02
2025-12-02 11:39:00+05:30,0.85,0.9,0.8,0.85,119625,5493525,17.852694,26071.85,25750.0,25800,ATM-6,PUT,26100,2025-12-02
2025-12-02 11:40:00+05:30,0.8,0.9,0.8,0.9,176625,5538075,17.958588,26070.65,25750.0,25800,ATM-6,PUT,26100,2025-12-02
2025-12-02 11:41:00+05:30,0.85,0.9,0.85,0.85,18375,5538075,17.513008,26063.95,25750.0,25800,ATM-6,PUT,26100,2025-12-02
2025-12-02 11:42:00+05:30,0.9,0.9,0.85,0.85,56100,5538075,17.528465,26063.95,25750.0,25800,ATM-6,PUT,26100,2025-12-02
2025-12-02 11:43:00+05:30,0.85,0.9,0.85,0.9,14325,5541750,17.69596,26064.1,25750.0,25800,ATM-6,PUT,26100,2025-12-02
2025-12-02 11:44:00+05:30,0.85,0.9,0.85,0.85,58650,5541750,17.528917,26063.3,25750.0,25800,ATM-6,PUT,26100,2025-12-02
2025-12-02 11:45:00+05:30,0.85,0.9,0.85,0.9,45900,5541750,17.637064,26062.2,25750.0,25800,ATM-6,PUT,26100,2025-12-02
2025-12-02 11:46:00+05:30,0.9,0.9,0.85,0.85,18300,5544225,17.486769,26061.75,25750.0,25800,ATM-6,PUT,26100,2025-12-02
2025-12-02 11:47:00+05:30,0.85,0.9,0.85,0.9,30675,5544225,17.608956,26060.95,25750.0,25800,ATM-6,PUT,26100,2025-12-02
2025-12-02 11:48:00+05:30,0.85,0.9,0.85,0.85,74475,5544225,17.577241,26063.0,25750.0,25800,ATM-6,PUT,26100,2025-12-02
2025-12-02 11:49:00+05:30,0.9,0.9,0.85,0.85,30900,5577825,17.879515,26069.05,25750.0,25800,ATM-6,PUT,26100,2025-12-02
2025-12-02 11:50:00+05:30,0.85,0.9,0.8,0.85,126300,5577825,17.651459,26063.9,25750.0,25800,ATM-6,PUT,26100,2025-12-02
2025-12-02 11:51:00+05:30,0.8,0.85,0.8,0.8,96825,5577825,17.459123,26062.7,25750.0,25800,ATM-6,PUT,26100,2025-12-02
2025-12-02 11:52:00+05:30,0.8,0.9,0.8,0.9,153150,5585775,17.652147,26060.2,25750.0,25800,ATM-6,PUT,26100,2025-12-02
2025-12-02 11:53:00+05:30,0.9,0.9,0.8,0.8,34350,5585775,17.253932,26057.7,25750.0,25800,ATM-6,PUT,26100,2025-12-02
2025-12-02 11:54:00+05:30,0.85,0.85,0.8,0.85,176850,5585775,17.206998,26053.25,25750.0,25800,ATM-6,PUT,26100,2025-12-02
2025-12-02 11:55:00+05:30,0.8,0.85,0.8,0.85,63750,5545650,16.954263,26047.65,25750.0,25800,ATM-6,PUT,26100,2025-12-02
2025-12-02 11:56:00+05:30,0.8,0.85,0.75,0.75,544050,5545650,16.626488,26046.75,25750.0,25800,ATM-6,PUT,26100,2025-12-02
2025-12-02 11:57:00+05:30,0.75,0.8,0.75,0.75,54900,5545650,16.719787,26048.4,25750.0,25800,ATM-6,PUT,26100,2025-12-02
2025-12-02 11:58:00+05:30,0.75,0.8,0.75,0.75,101175,5690325,16.900919,26051.9,25750.0,25800,ATM-6,PUT,26100,2025-12-02
2025-12-02 11:59:00+05:30,0.8,0.8,0.75,0.75,71550,5690325,17.004021,26053.75,25750.0,25800,ATM-6,PUT,26100,2025-12-02
2025-12-02 12:00:00+05:30,0.75,0.8,0.75,0.8,576300,5690325,16.843116,26046.8,25750.0,25800,ATM-6,PUT,26100,2025-12-02
2025-12-02 12:01:00+05:30,0.8,0.85,0.8,0.85,191925,5781525,16.902323,26044.65,25750.0,25800,ATM-6,PUT,26100,2025-12-02
2025-12-02 12:02:00+05:30,0.8,0.85,0.75,0.8,241500,5781525,17.087278,26051.25,25750.0,25800,ATM-6,PUT,26100,2025-12-02
2025-12-02 12:03:00+05:30,0.75,0.85,0.75,0.8,129450,5781525,17.313705,26055.65,25750.0,25800,ATM-6,PUT,26100,2025-12-02
2025-12-02 12:04:00+05:30,0.8,0.85,0.8,0.8,25800,5791575,17.17628,26052.45,25750.0,25800,ATM-6,PUT,26100,2025-12-02
2025-12-02 12:05:00+05:30,0.85,0.85,0.8,0.8,18600,5791575,16.71112,26042.45,25750.0,25800,ATM-6,PUT,26100,2025-12-02
2025-12-02 12:06:00+05:30,0.85,0.85,0.8,0.8,65025,5791575,16.926585,26046.6,25750.0,25800,ATM-6,PUT,26100,2025-12-02
2025-12-02 12:07:00+05:30,0.8,0.85,0.75,0.75,50100,5809350,17.229656,26055.85,25750.0,25800,ATM-6,PUT,26100,2025-12-02
2025-12-02 12:08:00+05:30,0.8,0.8,0.75,0.75,28800,5809350,17.040249,26051.55,25750.0,25800,ATM-6,PUT,26100,2025-12-02
2025-12-02 12:09:00+05:30,0.75,0.8,0.75,0.8,21525,5809350,17.371498,26054.85,25750.0,25800,ATM-6,PUT,26100,2025-12-02
2025-12-02 12:10:00+05:30,0.8,0.85,0.75,0.75,222375,5809350,17.127007,26052.7,25750.0,25800,ATM-6,PUT,26100,2025-12-02
2025-12-02 12:11:00+05:30,0.8,0.85,0.75,0.85,222225,5817300,17.613663,26056.05,25750.0,25800,ATM-6,PUT,26100,2025-12-02
2025-12-02 12:12:00+05:30,0.85,0.85,0.8,0.8,50850,5817300,17.601033,26058.6,25750.0,25800,ATM-6,PUT,26100,2025-12-02
2025-12-02 12:13:00+05:30,0.8,0.85,0.75,0.85,114675,5817300,17.668531,26056.5,25750.0,25800,ATM-6,PUT,26100,2025-12-02
2025-12-02 12:14:00+05:30,0.8,0.85,0.8,0.85,31050,5810925,17.444013,26051.55,25750.0,25800,ATM-6,PUT,26100,2025-12-02
2025-12-02 12:15:00+05:30,0.85,0.9,0.85,0.9,180750,5810925,17.662217,26052.7,25750.0,25800,ATM-6,PUT,26100,2025-12-02
2025-12-02 12:16:00+05:30,0.9,0.95,0.85,0.9,398550,5810925,17.51169,26049.3,25750.0,25800,ATM-6,PUT,26100,2025-12-02
2025-12-02 12:17:00+05:30,0.9,0.9,0.8,0.85,212925,5839500,17.944762,26060.8,25750.0,25800,ATM-6,PUT,26100,2025-12-02
2025-12-02 12:18:00+05:30,0.85,0.85,0.8,0.85,459750,5839500,17.847081,26058.45,25750.0,25800,ATM-6,PUT,26100,2025-12-02
2025-12-02 12:19:00+05:30,0.85,0.85,0.8,0.8,158625,5839500,17.613055,26056.45,25750.0,25800,ATM-6,PUT,26100,2025-12-02
2025-12-02 12:20:00+05:30,0.85,0.85,0.75,0.8,55650,6036825,17.709968,26058.1,25750.0,25800,ATM-6,PUT,26100,2025-12-02
2025-12-02 12:21:00+05:30,0.8,0.8,0.75,0.8,165675,6036825,17.71952,26057.95,25750.0,25800,ATM-6,PUT,26100,2025-12-02
2025-12-02 12:22:00+05:30,0.75,0.8,0.75,0.8,46350,6036825,17.828841,26059.85,25750.0,25800,ATM-6,PUT,26100,2025-12-02
2025-12-02 12:23:00+05:30,0.8,0.8,0.75,0.8,54675,6094275,17.758237,26058.05,25750.0,25800,ATM-6,PUT,26100,2025-12-02
2025-12-02 12:24:00+05:30,0.8,0.8,0.75,0.8,51150,6094275,18.113703,26065.0,25750.0,25800,ATM-6,PUT,26100,2025-12-02
2025-12-02 12:25:00+05:30,0.8,0.85,0.75,0.8,492750,6094275,18.021505,26062.75,25750.0,25800,ATM-6,PUT,26100,2025-12-02
2025-12-02 12:26:00+05:30,0.8,0.85,0.75,0.75,87525,5997375,17.875929,26062.75,25750.0,25800,ATM-6,PUT,26100,2025-12-02
2025-12-02 12:27:00+05:30,0.75,0.8,0.75,0.8,219300,5997375,17.997573,26061.55,25750.0,25800,ATM-6,PUT,26100,2025-12-02
2025-12-02 12:28:00+05:30,0.8,0.8,0.75,0.8,31875,5997375,17.921962,26059.65,25750.0,25800,ATM-6,PUT,26100,2025-12-02
2025-12-02 12:29:00+05:30,0.75,0.8,0.75,0.75,88500,5940525,18.107401,26066.45,25750.0,25800,ATM-6,PUT,26100,2025-12-02
2025-12-02 12:30:00+05:30,0.75,0.8,0.75,0.8,33675,5940525,18.277435,26066.2,25750.0,25800,ATM-6,PUT,26100,2025-12-02
2025-12-02 12:31:00+05:30,0.8,0.8,0.75,0.8,29250,5940525,18.162893,26063.5,25750.0,25800,ATM-6,PUT,26100,2025-12-02
2025-12-02 12:32:00+05:30,0.8,0.8,0.75,0.8,55650,5931750,18.285971,26065.65,25750.0,25800,ATM-6,PUT,26100,2025-12-02
2025-12-02 12:33:00+05:30,0.75,0.8,0.75,0.75,242700,5931750,18.464855,26072.35,25750.0,25800,ATM-6,PUT,26100,2025-12-02
2025-12-02 12:34:00+05:30,0.8,0.8,0.7,0.7,167475,5931750,18.375541,26073.75,25750.0,25800,ATM-6,PUT,26100,2025-12-02
2025-12-02 12:35:00+05:30,0.85,0.9,0.85,0.85,378150,11552850,16.869701,26083.6,25800.0,25800,ATM-6,PUT,26100,2025-12-02
2025-12-02 12:36:00+05:30,0.9,0.9,0.85,0.9,329550,11552850,16.829246,26079.65,25800.0,25800,ATM-6,PUT,26100,2025-12-02
2025-12-02 12:37:00+05:30,0.85,0.9,0.85,0.9,468375,11552850,16.754762,26077.85,25800.0,25800,ATM-6,PUT,26100,2025-12-02
2025-12-02 12:38:00+05:30,0.75,0.8,0.75,0.75,187725,5926725,18.550687,26072.25,25750.0,25800,ATM-6,PUT,26100,2025-12-02
2025-12-02 12:39:00+05:30,0.75,0.8,0.75,0.75,77700,5926725,18.571429,26072.3,25750.0,25800,ATM-6,PUT,26100,2025-12-02
2025-12-02 12:40:00+05:30,0.8,0.8,0.75,0.8,92025,5926725,18.812343,26073.4,25750.0,25800,ATM-6,PUT,26100,2025-12-02
2025-12-02 12:41:00+05:30,0.8,0.8,0.75,0.8,339450,5983800,18.485355,26066.4,25750.0,25800,ATM-6,PUT,26100,2025-12-02
2025-12-02 12:42:00+05:30,0.75,0.8,0.75,0.75,85425,5983800,18.137818,26062.35,25750.0,25800,ATM-6,PUT,26100,2025-12-02
2025-12-02 12:43:00+05:30,0.75,0.8,0.75,0.8,17775,5983800,18.284075,26061.6,25750.0,25800,ATM-6,PUT,26100,2025-12-02
2025-12-02 12:44:00+05:30,0.8,0.8,0.75,0.8,61125,5977725,18.25261,26060.6,25750.0,25800,ATM-6,PUT,26100,2025-12-02
2025-12-02 12:45:00+05:30,0.75,0.8,0.7,0.7,51000,5977725,17.893761,26059.8,25750.0,25800,ATM-6,PUT,26100,2025-12-02
2025-12-02 12:46:00+05:30,0.75,0.75,0.7,0.75,91950,5977725,17.853916,26055.15,25750.0,25800,ATM-6,PUT,26100,2025-12-02
2025-12-02 12:47:00+05:30,0.7,0.75,0.7,0.75,107025,6024075,17.91894,26056.1,25750.0,25800,ATM-6,PUT,26100,2025-12-02
2025-12-02 12:48:00+05:30,0.75,0.75,0.65,0.7,64050,6024075,17.698848,26054.75,25750.0,25800,ATM-6,PUT,26100,2025-12-02
2025-12-02 12:49:00+05:30,0.7,0.7,0.65,0.65,47475,6024075,17.274857,26049.4,25750.0,25800,ATM-6,PUT,26100,2025-12-02
2025-12-02 12:50:00+05:30,0.7,0.7,0.65,0.65,48525,6018900,17.333993,26050.25,25750.0,25800,ATM-6,PUT,26100,2025-12-02
2025-12-02 12:51:00+05:30,0.65,0.7,0.65,0.7,54000,6018900,17.537156,26050.4,25750.0,25800,ATM-6,PUT,26100,2025-12-02
2025-12-02 12:52:00+05:30,0.7,0.7,0.65,0.7,136575,6018900,17.522639,26049.75,25750.0,25800,ATM-6,PUT,26100,2025-12-02
2025-12-02 12:53:00+05:30,0.7,0.7,0.65,0.7,49500,6047100,17.51804,26049.3,25750.0,25800,ATM-6,PUT,26100,2025-12-02
2025-12-02 12:54:00+05:30,0.65,0.7,0.65,0.7,77700,6047100,17.267116,26043.9,25750.0,25800,ATM-6,PUT,26100,2025-12-02
2025-12-02 12:55:00+05:30,0.7,0.7,0.65,0.7,113400,6047100,17.31214,26044.45,25750.0,25800,ATM-6,PUT,26100,2025-12-02
2025-12-02 12:56:00+05:30,0.7,0.7,0.65,0.65,132450,6053025,16.969602,26040.75,25750.0,25800,ATM-6,PUT,26100,2025-12-02
2025-12-02 12:57:00+05:30,0.7,0.7,0.65,0.65,148800,6053025,16.887618,26038.75,25750.0,25800,ATM-6,PUT,26100,2025-12-02
2025-12-02 12:58:00+05:30,0.65,0.7,0.65,0.7,41850,6053025,17.190077,26040.95,25750.0,25800,ATM-6,PUT,26100,2025-12-02
2025-12-02 12:59:00+05:30,0.7,0.7,0.65,0.7,179625,6005100,17.220255,26041.2,25750.0,25800,ATM-6,PUT,26100,2025-12-02
2025-12-02 13:00:00+05:30,0.7,0.7,0.65,0.7,60600,6005100,17.225448,26040.95,25750.0,25800,ATM-6,PUT,26100,2025-12-02
2025-12-02 13:01:00+05:30,0.65,0.7,0.65,0.65,91350,6005100,16.894781,26037.5,25750.0,25800,ATM-6,PUT,26100,2025-12-02
2025-12-02 13:02:00+05:30,0.7,0.7,0.65,0.7,67050,5990775,17.170453,26039.15,25750.0,25800,ATM-6,PUT,26100,2025-12-02
2025-12-02 13:03:00+05:30,0.65,0.7,0.65,0.7,68100,5990775,17.165528,26038.7,25750.0,25800,ATM-6,PUT,26100,2025-12-02
2025-12-02 13:04:00+05:30,0.7,0.7,0.6,0.6,46500,5990775,17.050195,26043.3,25750.0,25800,ATM-6,PUT,26100,2025-12-02
2025-12-02 13:05:00+05:30,0.6,0.7,0.6,0.7,420825,5979525,17.00916,26034.9,25750.0,25800,ATM-6,PUT,26100,2025-12-02
2025-12-02 13:06:00+05:30,0.7,0.7,0.65,0.65,109725,5979525,16.864605,26035.15,25750.0,25800,ATM-6,PUT,26100,2025-12-02
2025-12-02 13:07:00+05:30,0.7,0.7,0.6,0.65,98700,5979525,17.100753,26039.5,25750.0,25800,ATM-6,PUT,26100,2025-12-02
2025-12-02 13:08:00+05:30,0.6,0.65,0.6,0.6,120750,6015600,17.128948,26043.45,25750.0,25800,ATM-6,PUT,26100,2025-12-02
2025-12-02 13:09:00+05:30,0.6,0.6,0.55,0.55,189675,6015600,17.344445,26051.5,25750.0,25800,ATM-6,PUT,26100,2025-12-02
2025-12-02 13:10:00+05:30,0.55,0.6,0.55,0.6,357900,6015600,16.935371,26038.85,25750.0,25800,ATM-6,PUT,26100,2025-12-02
2025-12-02 13:11:00+05:30,0.55,0.6,0.55,0.55,58350,6035325,16.738429,26038.5,25750.0,25800,ATM-6,PUT,26100,2025-12-02
2025-12-02 13:12:00+05:30,0.55,0.6,0.55,0.55,38400,6035325,16.726365,26037.9,25750.0,25800,ATM-6,PUT,26100,2025-12-02
2025-12-02 13:13:00+05:30,0.6,0.65,0.55,0.6,243375,6035325,17.024143,26039.55,25750.0,25800,ATM-6,PUT,26100,2025-12-02
2025-12-02 13:14:00+05:30,0.6,0.65,0.6,0.65,184425,6046950,17.039972,26035.8,25750.0,25800,ATM-6,PUT,26100,2025-12-02
2025-12-02 13:15:00+05:30,0.6,0.65,0.6,0.6,39300,6046950,16.904568,26036.45,25750.0,25800,ATM-6,PUT,26100,2025-12-02
2025-12-02 13:16:00+05:30,0.65,0.65,0.6,0.65,35550,6046950,16.939089,26033.1,25750.0,25800,ATM-6,PUT,26100,2025-12-02
2025-12-02 13:17:00+05:30,0.65,0.65,0.6,0.65,76050,6040500,16.957154,26033.1,25750.0,25800,ATM-6,PUT,26100,2025-12-02
2025-12-02 13:18:00+05:30,0.65,0.65,0.55,0.55,118500,6040500,16.69092,26035.05,25750.0,25800,ATM-6,PUT,26100,2025-12-02
2025-12-02 13:19:00+05:30,0.6,0.6,0.55,0.55,265125,6040500,16.706324,26035.0,25750.0,25800,ATM-6,PUT,26100,2025-12-02
2025-12-02 13:20:00+05:30,0.55,0.6,0.5,0.55,249300,6013350,16.671636,26033.95,25750.0,25800,ATM-6,PUT,26100,2025-12-02
2025-12-02 13:21:00+05:30,0.55,0.6,0.55,0.55,149325,6013350,16.70466,26034.25,25750.0,25800,ATM-6,PUT,26100,2025-12-02
2025-12-02 13:22:00+05:30,0.6,0.6,0.5,0.55,232800,6013350,16.956034,26038.9,25750.0,25800,ATM-6,PUT,26100,2025-12-02
2025-12-02 13:23:00+05:30,0.55,0.6,0.55,0.55,81150,6006900,17.295171,26045.3,25750.0,25800,ATM-6,PUT,26100,2025-12-02
2025-12-02 13:24:00+05:30,0.55,0.6,0.55,0.6,28950,6006900,17.539849,26045.75,25750.0,25800,ATM-6,PUT,26100,2025-12-02
2025-12-02 13:25:00+05:30,0.55,0.6,0.55,0.55,37125,6006900,17.154491,26041.75,25750.0,25800,ATM-6,PUT,26100,2025-12-02
2025-12-02 13:26:00+05:30,0.6,0.6,0.55,0.6,27450,6015375,17.372611,26041.7,25750.0,25800,ATM-6,PUT,26100,2025-12-02
2025-12-02 13:27:00+05:30,0.6,0.6,0.55,0.55,26850,6015375,17.078528,26039.5,25750.0,25800,ATM-6,PUT,26100,2025-12-02
2025-12-02 13:28:00+05:30,0.6,0.6,0.55,0.55,43800,6015375,17.041657,26038.4,25750.0,25800,ATM-6,PUT,26100,2025-12-02
2025-12-02 13:29:00+05:30,0.6,0.6,0.5,0.55,67650,6012600,16.906118,26035.35,25750.0,25800,ATM-6,PUT,26100,2025-12-02
2025-12-02 13:30:00+05:30,0.55,0.55,0.5,0.55,54600,6012600,16.884165,26034.55,25750.0,25800,ATM-6,PUT,26100,2025-12-02
2025-12-02 13:31:00+05:30,0.55,0.55,0.45,0.55,1033575,6012600,16.900179,26034.5,25750.0,25800,ATM-6,PUT,26100,2025-12-02
2025-12-02 13:32:00+05:30,0.5,0.55,0.5,0.55,93750,6338775,17.022898,26036.55,25750.0,25800,ATM-6,PUT,26100,2025-12-02
2025-12-02 13:33:00+05:30,0.55,0.55,0.45,0.5,187650,6338775,16.988726,26039.75,25750.0,25800,ATM-6,PUT,26100,2025-12-02
2025-12-02 13:34:00+05:30,0.5,0.55,0.45,0.45,343425,6338775,16.816412,26040.55,25750.0,25800,ATM-6,PUT,26100,2025-12-02
2025-12-02 13:35:00+05:30,0.5,0.55,0.45,0.55,448200,6318675,17.183928,26038.6,25750.0,25800,ATM-6,PUT,26100,2025-12-02
2025-12-02 13:36:00+05:30,0.55,0.55,0.5,0.55,48300,6318675,16.746376,26029.65,25750.0,25800,ATM-6,PUT,26100,2025-12-02
2025-12-02 13:37:00+05:30,0.55,0.55,0.5,0.5,84075,6318675,16.627142,26031.1,25750.0,25800,ATM-6,PUT,26100,2025-12-02
2025-12-02 13:38:00+05:30,0.55,0.55,0.5,0.5,61800,6309000,17.293013,26043.9,25750.0,25800,ATM-6,PUT,26100,2025-12-02
2025-12-02 13:39:00+05:30,0.55,0.55,0.5,0.5,43875,6309000,16.877401,26035.3,25750.0,25800,ATM-6,PUT,26100,2025-12-02
2025-12-02 13:40:00+05:30,0.55,0.55,0.5,0.55,37725,6309000,17.18042,26036.65,25750.0,25800,ATM-6,PUT,26100,2025-12-02
2025-12-02 13:41:00+05:30,0.55,0.55,0.5,0.55,18900,6322200,17.135653,26035.4,25750.0,25800,ATM-6,PUT,26100,2025-12-02
2025-12-02 13:42:00+05:30,0.5,0.55,0.5,0.55,45450,6322200,17.07539,26033.85,25750.0,25800,ATM-6,PUT,26100,2025-12-02
2025-12-02 13:43:00+05:30,0.55,0.55,0.5,0.5,23325,6322200,16.808455,26032.45,25750.0,25800,ATM-6,PUT,26100,2025-12-02
2025-12-02 13:44:00+05:30,0.5,0.55,0.5,0.55,69750,6328650,17.258186,26036.65,25750.0,25800,ATM-6,PUT,26100,2025-12-02
2025-12-02 13:45:00+05:30,0.55,0.55,0.5,0.5,123075,6328650,17.00744,26035.6,25750.0,25800,ATM-6,PUT,26100,2025-12-02
2025-12-02 13:46:00+05:30,0.55,0.55,0.5,0.55,155925,6328650,17.147902,26033.75,25750.0,25800,ATM-6,PUT,26100,2025-12-02
2025-12-02 13:47:00+05:30,0.55,0.55,0.45,0.45,195000,6274950,17.021369,26039.7,25750.0,25800,ATM-6,PUT,26100,2025-12-02
2025-12-02 13:48:00+05:30,0.45,0.5,0.45,0.5,76275,6274950,17.52564,26044.6,25750.0,25800,ATM-6,PUT,26100,2025-12-02
2025-12-02 13:49:00+05:30,0.5,0.55,0.45,0.5,633525,6274950,17.387358,26041.5,25750.0,25800,ATM-6,PUT,26100,2025-12-02
2025-12-02 13:50:00+05:30,0.45,0.55,0.45,0.5,116475,6254025,17.39967,26041.35,25750.0,25800,ATM-6,PUT,26100,2025-12-02
2025-12-02 13:51:00+05:30,0.55,0.55,0.5,0.55,97125,6254025,17.961005,26047.55,25750.0,25800,ATM-6,PUT,26100,2025-12-02
2025-12-02 13:52:00+05:30,0.5,0.55,0.5,0.5,56025,6254025,17.824189,26048.85,25750.0,25800,ATM-6,PUT,26100,2025-12-02
2025-12-02 13:53:00+05:30,0.55,0.55,0.5,0.5,69075,6223950,17.608981,26044.25,25750.0,25800,ATM-6,PUT,26100,2025-12-02
2025-12-02 13:54:00+05:30,0.5,0.55,0.45,0.45,202350,6223950,17.306849,26042.6,25750.0,25800,ATM-6,PUT,26100,2025-12-02
2025-12-02 13:55:00+05:30,0.45,0.5,0.45,0.45,463950,6223950,17.156297,26039.25,25750.0,25800,ATM-6,PUT,26100,2025-12-02
2025-12-02 13:56:00+05:30,0.45,0.5,0.45,0.5,111225,6123075,18.040837,26051.45,25750.0,25800,ATM-6,PUT,26100,2025-12-02
2025-12-02 13:57:00+05:30,0.5,0.5,0.45,0.5,51900,6123075,18.236677,26054.85,25750.0,25800,ATM-6,PUT,26100,2025-12-02
2025-12-02 13:58:00+05:30,0.45,0.5,0.45,0.5,157725,6123075,18.422511,26058.05,25750.0,25800,ATM-6,PUT,26100,2025-12-02
2025-12-02 13:59:00+05:30,0.5,0.55,0.45,0.55,410175,6050100,18.748052,26059.45,25750.0,25800,ATM-6,PUT,26100,2025-12-02
2025-12-02 14:00:00+05:30,0.5,0.55,0.5,0.5,140625,6050100,18.0483,26049.95,25750.0,25800,ATM-6,PUT,26100,2025-12-02
2025-12-02 14:01:00+05:30,0.5,0.5,0.45,0.45,61050,6050100,17.408356,26041.8,25750.0,25800,ATM-6,PUT,26100,2025-12-02
2025-12-02 14:02:00+05:30,0.5,0.5,0.45,0.45,73500,6046650,17.644519,26046.0,25750.0,25800,ATM-6,PUT,26100,2025-12-02
2025-12-02 14:03:00+05:30,0.45,0.5,0.45,0.45,96450,6046650,17.965475,26051.85,25750.0,25800,ATM-6,PUT,26100,2025-12-02
2025-12-02 14:04:00+05:30,0.45,0.5,0.45,0.5,310575,6046650,18.388004,26054.85,25750.0,25800,ATM-6,PUT,26100,2025-12-02
2025-12-02 14:05:00+05:30,0.5,0.55,0.45,0.5,313575,6066525,18.443658,26055.5,25750.0,25800,ATM-6,PUT,26100,2025-12-02
2025-12-02 14:06:00+05:30,0.45,0.5,0.45,0.45,440775,6066525,17.455339,26040.7,25750.0,25800,ATM-6,PUT,26100,2025-12-02
2025-12-02 14:07:00+05:30,0.5,0.5,0.45,0.5,178200,6066525,17.724495,26040.85,25750.0,25800,ATM-6,PUT,26100,2025-12-02
2025-12-02 14:08:00+05:30,0.5,0.5,0.4,0.45,645675,6123000,18.487452,26059.9,25750.0,25800,ATM-6,PUT,26100,2025-12-02
2025-12-02 14:09:00+05:30,0.45,0.5,0.45,0.45,160050,6123000,18.460865,26058.95,25750.0,25800,ATM-6,PUT,26100,2025-12-02
2025-12-02 14:10:00+05:30,0.45,0.45,0.4,0.45,187425,6123000,18.377451,26056.9,25750.0,25800,ATM-6,PUT,26100,2025-12-02
2025-12-02 14:11:00+05:30,0.4,0.45,0.4,0.4,60225,6201450,17.963134,26053.65,25750.0,25800,ATM-6,PUT,26100,2025-12-02
2025-12-02 14:12:00+05:30,0.4,0.45,0.4,0.45,70275,6201450,18.202168,26052.65,25750.0,25800,ATM-6,PUT,26100,2025-12-02
2025-12-02 14:13:00+05:30,0.4,0.45,0.4,0.4,40950,6201450,17.97864,26053.1,25750.0,25800,ATM-6,PUT,26100,2025-12-02
2025-12-02 14:14:00+05:30,0.4,0.45,0.35,0.35,185250,6247500,17.298641,26045.05,25750.0,25800,ATM-6,PUT,26100,2025-12-02
2025-12-02 14:15:00+05:30,0.35,0.4,0.35,0.35,95175,6247500,17.375685,26046.15,25750.0,25800,ATM-6,PUT,26100,2025-12-02
2025-12-02 14:16:00+05:30,0.4,0.4,0.35,0.35,83100,6247500,17.292631,26044.1,25750.0,25800,ATM-6,PUT,26100,2025-12-02
2025-12-02 14:17:00+05:30,0.4,0.4,0.35,0.4,88050,6250125,17.401074,26040.2,25750.0,25800,ATM-6,PUT,26100,2025-12-02
2025-12-02 14:18:00+05:30,0.4,0.45,0.35,0.35,566250,6250125,17.296882,26043.35,25750.0,25800,ATM-6,PUT,26100,2025-12-02
2025-12-02 14:19:00+05:30,0.35,0.4,0.3,0.35,440625,6250125,17.300351,26043.0,25750.0,25800,ATM-6,PUT,26100,2025-12-02
2025-12-02 14:20:00+05:30,0.4,0.4,0.35,0.4,114375,6056550,17.431784,26039.55,25750.0,25800,ATM-6,PUT,26100,2025-12-02
2025-12-02 14:21:00+05:30,0.35,0.4,0.35,0.35,183300,6056550,17.025056,26036.8,25750.0,25800,ATM-6,PUT,26100,2025-12-02
2025-12-02 14:22:00+05:30,0.35,0.4,0.35,0.35,92175,6056550,16.894354,26033.85,25750.0,25800,ATM-6,PUT,26100,2025-12-02
2025-12-02 14:23:00+05:30,0.4,0.4,0.35,0.35,69150,5973000,16.874147,26033.05,25750.0,25800,ATM-6,PUT,26100,2025-12-02
2025-12-02 14:24:00+05:30,0.35,0.4,0.35,0.4,71100,5973000,17.116252,26031.85,25750.0,25800,ATM-6,PUT,26100,2025-12-02
2025-12-02 14:25:00+05:30,0.4,0.4,0.3,0.4,211125,5973000,17.754908,26043.65,25750.0,25800,ATM-6,PUT,26100,2025-12-02
2025-12-02 14:26:00+05:30,0.4,0.4,0.35,0.35,217500,5950050,17.408076,26042.15,25750.0,25800,ATM-6,PUT,26100,2025-12-02
2025-12-02 14:27:00+05:30,0.4,0.4,0.35,0.4,110850,5950050,17.448665,26036.95,25750.0,25800,ATM-6,PUT,26100,2025-12-02
2025-12-02 14:28:00+05:30,0.4,0.4,0.35,0.35,297600,5950050,17.250105,26038.25,25750.0,25800,ATM-6,PUT,26100,2025-12-02
2025-12-02 14:29:00+05:30,0.35,0.45,0.35,0.4,159525,5932050,17.726583,26041.4,25750.0,25800,ATM-6,PUT,26100,2025-12-02
2025-12-02 14:30:00+05:30,0.35,0.45,0.35,0.45,329175,5932050,17.81172,26037.55,25750.0,25800,ATM-6,PUT,26100,2025-12-02
2025-12-02 14:31:00+05:30,0.4,0.45,0.4,0.4,66000,5932050,17.484538,26035.95,25750.0,25800,ATM-6,PUT,26100,2025-12-02
2025-12-02 14:32:00+05:30,0.4,0.45,0.35,0.4,252525,5903175,17.446147,26034.8,25750.0,25800,ATM-6,PUT,26100,2025-12-02
2025-12-02 14:33:00+05:30,0.4,0.45,0.35,0.4,174150,5903175,17.465775,26034.75,25750.0,25800,ATM-6,PUT,26100,2025-12-02
2025-12-02 14:34:00+05:30,0.4,0.45,0.4,0.45,262650,5903175,17.937739,26038.2,25750.0,25800,ATM-6,PUT,26100,2025-12-02
2025-12-02 14:35:00+05:30,0.45,0.45,0.4,0.45,139050,5994975,17.928598,26037.6,25750.0,25800,ATM-6,PUT,26100,2025-12-02
2025-12-02 14:36:00+05:30,0.4,0.4,0.3,0.3,414075,8208075,18.569838,26016.1,25700.0,25800,ATM-6,PUT,26100,2025-12-02
2025-12-02 14:37:00+05:30,0.35,0.35,0.3,0.3,944175,8208075,17.933966,26003.25,25700.0,25800,ATM-6,PUT,26100,2025-12-02
2025-12-02 14:38:00+05:30,0.3,0.35,0.25,0.3,625875,8446725,18.250667,26008.95,25700.0,25800,ATM-6,PUT,26100,2025-12-02
2025-12-02 14:39:00+05:30,0.3,0.3,0.25,0.3,607200,8446725,18.519869,26013.7,25700.0,25800,ATM-6,PUT,26100,2025-12-02
2025-12-02 14:40:00+05:30,0.3,0.3,0.25,0.3,226425,8446725,18.344671,26009.85,25700.0,25800,ATM-6,PUT,26100,2025-12-02
2025-12-02 14:41:00+05:30,0.3,0.3,0.25,0.3,416025,8344650,18.379051,26010.05,25700.0,25800,ATM-6,PUT,26100,2025-12-02
2025-12-02 14:42:00+05:30,0.3,0.3,0.25,0.3,429675,8344650,18.459934,26011.15,25700.0,25800,ATM-6,PUT,26100,2025-12-02
2025-12-02 14:43:00+05:30,0.3,0.3,0.25,0.25,171375,8344650,17.903735,26007.35,25700.0,25800,ATM-6,PUT,26100,2025-12-02
2025-12-02 14:44:00+05:30,0.25,0.3,0.25,0.25,107325,8241150,18.062397,26010.0,25700.0,25800,ATM-6,PUT,26100,2025-12-02
2025-12-02 14:45:00+05:30,0.3,0.3,0.25,0.3,80625,8241150,18.445394,26009.4,25700.0,25800,ATM-6,PUT,26100,2025-12-02
2025-12-02 14:46:00+05:30,0.25,0.3,0.25,0.3,72450,8241150,18.576723,26011.5,25700.0,25800,ATM-6,PUT,26100,2025-12-02
2025-12-02 14:47:00+05:30,0.3,0.3,0.25,0.25,100050,8167200,18.223842,26011.75,25700.0,25800,ATM-6,PUT,26100,2025-12-02
2025-12-02 14:48:00+05:30,0.3,0.3,0.25,0.3,200325,8167200,18.899234,26016.75,25700.0,25800,ATM-6,PUT,26100,2025-12-02
2025-12-02 14:49:00+05:30,0.25,0.3,0.25,0.25,235125,8167200,18.595927,26018.05,25700.0,25800,ATM-6,PUT,26100,2025-12-02
2025-12-02 14:50:00+05:30,0.3,0.3,0.25,0.25,380100,8033100,18.546142,26016.55,25700.0,25800,ATM-6,PUT,26100,2025-12-02
2025-12-02 14:51:00+05:30,0.25,0.3,0.25,0.25,277050,8033100,18.68375,26018.75,25700.0,25800,ATM-6,PUT,26100,2025-12-02
2025-12-02 14:52:00+05:30,0.25,0.3,0.25,0.25,186900,8033100,18.790184,26020.3,25700.0,25800,ATM-6,PUT,26100,2025-12-02
2025-12-02 14:53:00+05:30,0.25,0.3,0.25,0.3,92325,7970475,19.163862,26019.35,25700.0,25800,ATM-6,PUT,26100,2025-12-02
2025-12-02 14:54:00+05:30,0.3,0.3,0.2,0.2,476325,7970475,17.913528,26010.8,25700.0,25800,ATM-6,PUT,26100,2025-12-02
2025-12-02 14:55:00+05:30,0.2,0.25,0.2,0.2,159300,7970475,17.871111,26009.45,25700.0,25800,ATM-6,PUT,26100,2025-12-02
2025-12-02 14:56:00+05:30,0.2,0.25,0.2,0.2,126675,7911225,17.801638,26007.65,25700.0,25800,ATM-6,PUT,26100,2025-12-02
2025-12-02 14:57:00+05:30,0.2,0.25,0.2,0.25,267900,7911225,17.892835,26000.2,25700.0,25800,ATM-6,PUT,26100,2025-12-02
2025-12-02 14:58:00+05:30,0.25,0.25,0.2,0.2,411300,7911225,17.991245,26010.45,25700.0,25800,ATM-6,PUT,26100,2025-12-02
2025-12-02 14:59:00+05:30,0.2,0.25,0.2,0.25,149625,7916550,18.888738,26018.75,25700.0,25800,ATM-6,PUT,26100,2025-12-02
2025-12-02 15:00:00+05:30,0.25,0.25,0.2,0.2,630450,7916550,18.094407,26011.85,25700.0,25800,ATM-6,PUT,26100,2025-12-02
2025-12-02 15:01:00+05:30,0.2,0.2,0.15,0.15,414450,7916550,18.070108,26021.95,25700.0,25800,ATM-6,PUT,26100,2025-12-02
2025-12-02 15:02:00+05:30,0.2,0.2,0.15,0.15,156300,7829325,18.115022,26022.35,25700.0,25800,ATM-6,PUT,26100,2025-12-02
2025-12-02 15:03:00+05:30,0.15,0.2,0.15,0.15,231000,7829325,18.038072,26020.3,25700.0,25800,ATM-6,PUT,26100,2025-12-02
2025-12-02 15:04:00+05:30,0.2,0.2,0.15,0.2,265575,7829325,18.796574,26023.6,25700.0,25800,ATM-6,PUT,26100,2025-12-02
2025-12-02 15:05:00+05:30,0.15,0.2,0.1,0.1,306150,7899675,17.483976,26022.85,25700.0,25800,ATM-6,PUT,26100,2025-12-02
2025-12-02 15:06:00+05:30,0.15,0.15,0.1,0.1,362400,7899675,17.402187,26020.65,25700.0,25800,ATM-6,PUT,26100,2025-12-02
2025-12-02 15:07:00+05:30,0.1,0.15,0.1,0.1,94875,7899675,17.617827,26024.6,25700.0,25800,ATM-6,PUT,26100,2025-12-02
2025-12-02 15:08:00+05:30,0.1,0.15,0.1,0.15,505050,5179425,15.936775,26026.8,25750.0,25800,ATM-6,PUT,26100,2025-12-02
2025-12-02 15:09:00+05:30,0.1,0.15,0.1,0.15,167625,5179425,15.941416,26026.45,25750.0,25800,ATM-6,PUT,26100,2025-12-02
2025-12-02 15:10:00+05:30,0.1,0.15,0.1,0.1,273150,5179425,15.50639,26030.5,25750.0,25800,ATM-6,PUT,26100,2025-12-02
2025-12-02 15:11:00+05:30,0.15,0.15,0.1,0.15,221475,4775175,16.330599,26033.2,25750.0,25800,ATM-6,PUT,26100,2025-12-02
2025-12-02 15:12:00+05:30,0.1,0.15,0.05,0.05,157875,4775175,14.694108,26033.4,25750.0,25800,ATM-6,PUT,26100,2025-12-02
2025-12-02 15:13:00+05:30,0.1,0.1,0.05,0.05,97725,4775175,14.917995,26037.75,25750.0,25800,ATM-6,PUT,26100,2025-12-02
2025-12-02 15:14:00+05:30,0.05,0.1,0.05,0.1,51900,4757475,15.90363,26036.75,25750.0,25800,ATM-6,PUT,26100,2025-12-02
2025-12-02 15:15:00+05:30,0.1,0.1,0.05,0.05,140175,4757475,14.776038,26033.8,25750.0,25800,ATM-6,PUT,26100,2025-12-02
2025-12-02 15:16:00+05:30,0.05,0.1,0.05,0.1,182025,4757475,15.981655,26037.4,25750.0,25800,ATM-6,PUT,26100,2025-12-02
2025-12-02 15:17:00+05:30,0.05,0.1,0.05,0.05,166575,4710075,15.046228,26038.65,25750.0,25800,ATM-6,PUT,26100,2025-12-02
2025-12-02 15:18:00+05:30,0.1,0.1,0.05,0.05,83400,4710075,14.79084,26032.75,25750.0,25800,ATM-6,PUT,26100,2025-12-02
2025-12-02 15:19:00+05:30,0.05,0.1,0.05,0.05,227700,4710075,15.087607,26038.6,25750.0,25800,ATM-6,PUT,26100,2025-12-02
2025-12-02 15:20:00+05:30,0.05,0.1,0.05,0.05,531600,4189500,15.403611,26044.85,25750.0,25800,ATM-6,PUT,26100,2025-12-02
2025-12-02 15:21:00+05:30,0.05,0.05,0.05,0.05,178650,4189500,15.204782,26040.15,25750.0,25800,ATM-6,PUT,26100,2025-12-02
2025-12-02 15:22:00+05:30,0.05,0.05,0.05,0.05,24975,4189500,15.255387,26040.75,25750.0,25800,ATM-6,PUT,26100,2025-12-02
2025-12-02 15:23:00+05:30,0.05,0.05,0.05,0.05,14325,4038750,15.636641,26048.35,25750.0,25800,ATM-6,PUT,26100,2025-12-02
2025-12-02 15:24:00+05:30,0.05,0.05,0.05,0.05,14625,4038750,15.780087,26050.9,25750.0,25800,ATM-6,PUT,26100,2025-12-02
2025-12-02 15:25:00+05:30,0.05,0.05,0.05,0.05,11625,4038750,15.997124,26055.0,25750.0,25800,ATM-6,PUT,26100,2025-12-02
2025-12-02 15:26:00+05:30,0.05,0.05,0.05,0.05,14625,4038750,15.871879,26051.85,25750.0,25800,ATM-6,PUT,26100,2025-12-02
2025-12-02 15:27:00+05:30,0.05,0.05,0.05,0.05,20625,4018875,16.061317,26055.35,25750.0,25800,ATM-6,PUT,26100,2025-12-02
2025-12-02 15:28:00+05:30,0.05,0.05,0.05,0.05,21000,4018875,16.123259,26056.15,25750.0,25800,ATM-6,PUT,26100,2025-12-02
2025-12-02 15:29:00+05:30,0.05,0.05,0.05,0.05,12450,4018875,16.187839,26057.0,25750.0,25800,ATM-6,PUT,26100,2025-12-02
2025-12-02 09:15:00+05:30,230.0,250.3,225.15,226.3,153675,419025,20.070951,26110.2,25900.0,25900,ATM-4,CALL,26100,2025-12-02
2025-12-02 09:16:00+05:30,223.8,240.5,223.8,234.2,121725,435000,20.330573,26118.7,25900.0,25900,ATM-4,CALL,26100,2025-12-02
2025-12-02 09:17:00+05:30,188.75,194.2,185.7,194.2,129150,370425,18.372635,26127.05,25950.0,25900,ATM-4,CALL,26100,2025-12-02
2025-12-02 09:18:00+05:30,194.95,212.1,190.0,205.7,226575,370425,16.088277,26145.25,25950.0,25900,ATM-4,CALL,26100,2025-12-02
2025-12-02 09:19:00+05:30,205.0,217.0,201.9,205.95,136275,461925,18.072619,26141.5,25950.0,25900,ATM-4,CALL,26100,2025-12-02
2025-12-02 09:20:00+05:30,205.95,215.2,203.35,213.5,106275,461925,19.668899,26146.45,25950.0,25900,ATM-4,CALL,26100,2025-12-02
2025-12-02 09:21:00+05:30,211.75,215.0,201.0,213.45,108075,461925,20.037538,26145.5,25950.0,25900,ATM-4,CALL,26100,2025-12-02
2025-12-02 09:22:00+05:30,215.2,217.35,206.6,213.4,107250,471525,19.952665,26145.7,25950.0,25900,ATM-4,CALL,26100,2025-12-02
2025-12-02 09:23:00+05:30,210.65,218.15,207.0,214.65,85575,471525,18.088506,26151.5,25950.0,25900,ATM-4,CALL,26100,2025-12-02
2025-12-02 09:24:00+05:30,214.55,217.2,209.35,211.0,66975,471525,19.567171,26143.95,25950.0,25900,ATM-4,CALL,26100,2025-12-02
2025-12-02 09:25:00+05:30,209.45,215.1,207.05,211.45,43725,499350,19.308399,26145.15,25950.0,25900,ATM-4,CALL,26100,2025-12-02
2025-12-02 09:26:00+05:30,210.95,217.25,206.85,216.75,64200,499350,20.917101,26147.3,25950.0,25900,ATM-4,CALL,26100,2025-12-02
2025-12-02 09:27:00+05:30,213.75,219.5,210.75,216.5,65925,499350,20.399864,26148.4,25950.0,25900,ATM-4,CALL,26100,2025-12-02
2025-12-02 09:28:00+05:30,216.05,218.7,211.4,211.85,53775,482475,20.37078,26143.05,25950.0,25900,ATM-4,CALL,26100,2025-12-02
2025-12-02 09:29:00+05:30,209.45,211.85,197.5,199.3,115725,482475,19.634497,26130.2,25950.0,25900,ATM-4,CALL,26100,2025-12-02
2025-12-02 09:30:00+05:30,249.35,250.0,230.6,231.4,91200,495075,17.103438,26122.1,25900.0,25900,ATM-4,CALL,26100,2025-12-02
2025-12-02 09:31:00+05:30,229.9,234.9,227.3,230.55,127425,512175,18.861568,26118.15,25900.0,25900,ATM-4,CALL,26100,2025-12-02
2025-12-02 09:32:00+05:30,184.85,202.9,183.75,201.45,125325,509475,19.960127,26132.0,25950.0,25900,ATM-4,CALL,26100,2025-12-02
2025-12-02 09:33:00+05:30,248.6,249.0,234.5,235.4,66075,512175,20.187252,26121.0,25900.0,25900,ATM-4,CALL,26100,2025-12-02
2025-12-02 09:34:00+05:30,235.8,235.95,228.65,229.55,68925,539625,19.949739,26114.9,25900.0,25900,ATM-4,CALL,26100,2025-12-02
2025-12-02 09:35:00+05:30,229.0,235.85,229.0,230.75,59550,539625,20.066385,26116.05,25900.0,25900,ATM-4,CALL,26100,2025-12-02
2025-12-02 09:36:00+05:30,231.0,233.0,223.0,232.15,107400,539625,21.546674,26114.3,25900.0,25900,ATM-4,CALL,26100,2025-12-02
2025-12-02 09:37:00+05:30,232.75,238.0,232.15,235.85,66900,574800,20.748991,26120.45,25900.0,25900,ATM-4,CALL,26100,2025-12-02
2025-12-02 09:38:00+05:30,235.25,236.8,223.25,224.1,86250,574800,20.203351,26108.25,25900.0,25900,ATM-4,CALL,26100,2025-12-02
2025-12-02 09:39:00+05:30,226.0,231.45,224.1,227.5,58650,574800,21.610263,26108.85,25900.0,25900,ATM-4,CALL,26100,2025-12-02
2025-12-02 09:40:00+05:30,228.25,231.2,217.7,217.7,69900,635850,18.388824,26104.95,25900.0,25900,ATM-4,CALL,26100,2025-12-02
2025-12-02 09:41:00+05:30,219.7,222.25,208.9,212.7,144375,635850,20.02069,26095.6,25900.0,25900,ATM-4,CALL,26100,2025-12-02
2025-12-02 09:42:00+05:30,209.6,215.05,199.75,199.9,210825,635850,16.496694,26088.75,25900.0,25900,ATM-4,CALL,26100,2025-12-02
2025-12-02 09:43:00+05:30,201.45,209.15,199.9,208.35,149625,791625,19.719171,26091.35,25900.0,25900,ATM-4,CALL,26100,2025-12-02
2025-12-02 09:44:00+05:30,207.95,209.65,196.15,196.7,185850,791625,19.096208,26079.3,25900.0,25900,ATM-4,CALL,26100,2025-12-02
2025-12-02 09:45:00+05:30,195.0,204.0,195.0,202.75,136125,791625,19.108787,26086.4,25900.0,25900,ATM-4,CALL,26100,2025-12-02
2025-12-02 09:46:00+05:30,202.1,205.0,200.4,205.0,72150,937425,19.37937,26088.4,25900.0,25900,ATM-4,CALL,26100,2025-12-02
2025-12-02 09:47:00+05:30,203.55,210.55,203.55,207.95,190275,937425,18.358193,26094.2,25900.0,25900,ATM-4,CALL,26100,2025-12-02
2025-12-02 09:48:00+05:30,207.7,208.15,191.15,192.35,185850,937425,15.414613,26082.5,25900.0,25900,ATM-4,CALL,26100,2025-12-02
2025-12-02 09:49:00+05:30,241.25,243.6,230.3,234.1,17475,163500,18.903705,26072.65,25850.0,25900,ATM-4,CALL,26100,2025-12-02
2025-12-02 09:50:00+05:30,233.1,237.3,231.8,235.4,16725,163500,20.034414,26072.0,25850.0,25900,ATM-4,CALL,26100,2025-12-02
2025-12-02 09:51:00+05:30,232.7,236.45,230.7,232.65,11175,163500,18.736505,26071.4,25850.0,25900,ATM-4,CALL,26100,2025-12-02
2025-12-02 09:52:00+05:30,233.7,235.1,229.45,233.15,12675,178500,19.30656,26070.95,25850.0,25900,ATM-4,CALL,26100,2025-12-02
2025-12-02 09:53:00+05:30,234.15,239.0,232.4,233.75,18975,178500,19.467398,26071.35,25850.0,25900,ATM-4,CALL,26100,2025-12-02
2025-12-02 09:54:00+05:30,186.9,194.45,186.5,191.25,118875,1169175,17.723645,26076.7,25900.0,25900,ATM-4,CALL,26100,2025-12-02
2025-12-02 09:55:00+05:30,190.95,201.0,189.2,200.0,194925,1213125,18.102191,26085.95,25900.0,25900,ATM-4,CALL,26100,2025-12-02
2025-12-02 09:56:00+05:30,198.4,200.15,193.0,193.65,104475,1213125,15.860973,26083.35,25900.0,25900,ATM-4,CALL,26100,2025-12-02
2025-12-02 09:57:00+05:30,194.1,199.95,193.65,196.55,65100,1213125,16.432948,26085.55,25900.0,25900,ATM-4,CALL,26100,2025-12-02
2025-12-02 09:58:00+05:30,196.65,199.5,193.0,194.55,89775,1175550,17.287556,26081.6,25900.0,25900,ATM-4,CALL,26100,2025-12-02
2025-12-02 09:59:00+05:30,193.75,196.1,186.95,192.0,148575,1175550,18.8169,26075.1,25900.0,25900,ATM-4,CALL,26100,2025-12-02
2025-12-02 10:00:00+05:30,239.4,240.55,234.6,238.0,10500,185325,21.391308,26072.5,25850.0,25900,ATM-4,CALL,26100,2025-12-02
2025-12-02 10:01:00+05:30,190.6,197.3,188.9,193.35,109275,1203750,18.784673,26076.85,25900.0,25900,ATM-4,CALL,26100,2025-12-02
2025-12-02 10:02:00+05:30,240.0,241.2,234.65,235.8,12825,190275,20.521757,26071.9,25850.0,25900,ATM-4,CALL,26100,2025-12-02
2025-12-02 10:03:00+05:30,235.65,237.0,231.0,237.0,14625,190275,21.921446,26070.3,25850.0,25900,ATM-4,CALL,26100,2025-12-02
2025-12-02 10:04:00+05:30,191.25,199.55,189.55,198.65,180675,1310925,19.8714,26080.45,25900.0,25900,ATM-4,CALL,26100,2025-12-02
2025-12-02 10:05:00+05:30,197.0,199.35,194.4,196.05,167550,1310925,18.813253,26080.1,25900.0,25900,ATM-4,CALL,26100,2025-12-02
2025-12-02 10:06:00+05:30,194.7,196.05,188.9,191.8,119175,1310925,18.183453,26076.7,25900.0,25900,ATM-4,CALL,26100,2025-12-02
2025-12-02 10:07:00+05:30,239.4,240.2,232.0,234.15,12975,193575,19.38385,26072.4,25850.0,25900,ATM-4,CALL,26100,2025-12-02
2025-12-02 10:08:00+05:30,234.5,238.0,230.95,235.3,10725,193575,19.85414,26072.85,25850.0,25900,ATM-4,CALL,26100,2025-12-02
2025-12-02 10:09:00+05:30,235.75,237.6,234.0,234.0,5700,193575,18.866477,26073.2,25850.0,25900,ATM-4,CALL,26100,2025-12-02
2025-12-02 10:10:00+05:30,232.85,234.3,221.15,223.8,40725,195900,18.141577,26063.2,25850.0,25900,ATM-4,CALL,26100,2025-12-02
2025-12-02 10:11:00+05:30,223.55,224.15,217.35,220.4,26250,195900,18.698524,26058.45,25850.0,25900,ATM-4,CALL,26100,2025-12-02
2025-12-02 10:12:00+05:30,220.6,222.4,218.75,220.5,10500,195900,19.58476,26056.85,25850.0,25900,ATM-4,CALL,26100,2025-12-02
2025-12-02 10:13:00+05:30,222.65,224.35,219.65,220.0,9450,202875,18.409969,26058.6,25850.0,25900,ATM-4,CALL,26100,2025-12-02
2025-12-02 10:14:00+05:30,222.0,222.9,220.0,220.1,15525,202875,18.433249,26058.7,25850.0,25900,ATM-4,CALL,26100,2025-12-02
2025-12-02 10:15:00+05:30,220.5,222.0,219.15,219.15,8025,202875,18.607482,26057.35,25850.0,25900,ATM-4,CALL,26100,2025-12-02
2025-12-02 10:16:00+05:30,219.35,225.2,217.95,219.45,19575,215850,17.116404,26060.25,25850.0,25900,ATM-4,CALL,26100,2025-12-02
2025-12-02 10:17:00+05:30,219.75,220.2,210.8,211.9,32175,215850,18.490122,26049.5,25850.0,25900,ATM-4,CALL,26100,2025-12-02
2025-12-02 10:18:00+05:30,212.1,218.75,211.4,218.3,31650,215850,19.618194,26054.5,25850.0,25900,ATM-4,CALL,26100,2025-12-02
2025-12-02 10:19:00+05:30,218.15,227.8,217.7,227.4,42525,231225,20.738694,26062.55,25850.0,25900,ATM-4,CALL,26100,2025-12-02
2025-12-02 10:20:00+05:30,227.1,234.0,226.15,230.65,31050,231225,21.184341,26065.35,25850.0,25900,ATM-4,CALL,26100,2025-12-02
2025-12-02 10:21:00+05:30,230.9,234.7,229.65,231.65,15675,231225,20.145178,26068.65,25850.0,25900,ATM-4,CALL,26100,2025-12-02
2025-12-02 10:22:00+05:30,232.0,239.2,231.35,239.2,17775,223200,21.410061,26074.7,25850.0,25900,ATM-4,CALL,26100,2025-12-02
2025-12-02 10:23:00+05:30,239.6,239.65,236.0,236.1,19125,223200,21.151443,26071.75,25850.0,25900,ATM-4,CALL,26100,2025-12-02
2025-12-02 10:24:00+05:30,234.2,236.1,231.75,234.6,16050,223200,20.64837,26071.1,25850.0,25900,ATM-4,CALL,26100,2025-12-02
2025-12-02 10:25:00+05:30,234.55,239.0,233.9,237.8,8550,214350,20.901174,26074.25,25850.0,25900,ATM-4,CALL,26100,2025-12-02
2025-12-02 10:26:00+05:30,235.6,237.8,230.75,236.1,9675,214350,21.378964,26071.4,25850.0,25900,ATM-4,CALL,26100,2025-12-02
2025-12-02 10:27:00+05:30,236.1,237.3,233.85,235.0,5850,214350,21.657087,26069.6,25850.0,25900,ATM-4,CALL,26100,2025-12-02
2025-12-02 10:28:00+05:30,234.45,238.1,233.95,234.4,5475,213825,21.183263,26069.95,25850.0,25900,ATM-4,CALL,26100,2025-12-02
2025-12-02 10:29:00+05:30,187.5,197.4,186.6,195.0,209700,1621725,19.247649,26078.8,25900.0,25900,ATM-4,CALL,26100,2025-12-02
2025-12-02 10:30:00+05:30,193.15,195.9,192.15,192.6,180825,1621725,18.460534,26077.9,25900.0,25900,ATM-4,CALL,26100,2025-12-02
2025-12-02 10:31:00+05:30,192.65,202.0,189.65,200.7,230850,1552200,19.850977,26084.1,25900.0,25900,ATM-4,CALL,26100,2025-12-02
2025-12-02 10:32:00+05:30,200.95,203.85,194.65,194.65,175050,1552200,17.884333,26081.6,25900.0,25900,ATM-4,CALL,26100,2025-12-02
2025-12-02 10:33:00+05:30,194.4,200.05,191.4,199.45,134625,1552200,19.798056,26082.85,25900.0,25900,ATM-4,CALL,26100,2025-12-02
2025-12-02 10:34:00+05:30,199.8,203.65,199.45,202.85,137700,1449750,19.761812,26086.95,25900.0,25900,ATM-4,CALL,26100,2025-12-02
2025-12-02 10:35:00+05:30,202.45,206.5,198.45,203.9,172125,1449750,18.936894,26090.05,25900.0,25900,ATM-4,CALL,26100,2025-12-02
2025-12-02 10:36:00+05:30,203.5,205.1,200.55,200.55,137475,1449750,17.516019,26089.15,25900.0,25900,ATM-4,CALL,26100,2025-12-02
2025-12-02 10:37:00+05:30,199.85,201.1,195.25,200.3,119100,1384275,19.992264,26083.55,25900.0,25900,ATM-4,CALL,26100,2025-12-02
2025-12-02 10:38:00+05:30,201.65,203.4,198.05,199.85,85950,1384275,19.429544,26084.4,25900.0,25900,ATM-4,CALL,26100,2025-12-02
2025-12-02 10:39:00+05:30,199.55,201.3,198.0,198.3,30450,1384275,19.230224,26083.1,25900.0,25900,ATM-4,CALL,26100,2025-12-02
2025-12-02 10:40:00+05:30,198.45,204.95,198.3,199.3,130050,1385175,19.809228,26082.95,25900.0,25900,ATM-4,CALL,26100,2025-12-02
2025-12-02 10:41:00+05:30,199.6,205.55,198.7,203.65,89250,1385175,19.595273,26088.55,25900.0,25900,ATM-4,CALL,26100,2025-12-02
2025-12-02 10:42:00+05:30,204.3,210.45,198.8,198.8,222150,1385175,17.528501,26087.35,25900.0,25900,ATM-4,CALL,26100,2025-12-02
2025-12-02 10:43:00+05:30,199.4,200.95,192.0,192.0,185250,1326150,16.56302,26081.55,25900.0,25900,ATM-4,CALL,26100,2025-12-02
2025-12-02 10:44:00+05:30,239.25,241.8,234.75,237.1,17175,188475,20.640551,26074.65,25850.0,25900,ATM-4,CALL,26100,2025-12-02
2025-12-02 10:45:00+05:30,189.2,191.6,185.1,189.85,104175,1326150,17.985499,26076.35,25900.0,25900,ATM-4,CALL,26100,2025-12-02
2025-12-02 10:46:00+05:30,236.1,238.6,230.05,231.15,11100,196350,19.679162,26069.8,25850.0,25900,ATM-4,CALL,26100,2025-12-02
2025-12-02 10:47:00+05:30,231.8,234.0,230.15,232.95,14100,196350,19.755379,26071.7,25850.0,25900,ATM-4,CALL,26100,2025-12-02
2025-12-02 10:48:00+05:30,233.3,238.4,232.8,236.35,10800,196350,20.421047,26074.35,25850.0,25900,ATM-4,CALL,26100,2025-12-02
2025-12-02 10:49:00+05:30,188.9,192.2,187.75,190.4,71775,1350750,17.99849,26077.1,25900.0,25900,ATM-4,CALL,26100,2025-12-02
2025-12-02 10:50:00+05:30,190.55,206.45,190.2,206.45,254400,1350750,20.481901,26090.15,25900.0,25900,ATM-4,CALL,26100,2025-12-02
2025-12-02 10:51:00+05:30,205.1,210.9,203.15,209.25,276900,1350750,20.124588,26094.25,25900.0,25900,ATM-4,CALL,26100,2025-12-02
2025-12-02 10:52:00+05:30,208.05,213.8,207.9,210.35,193950,1306050,18.858505,26098.15,25900.0,25900,ATM-4,CALL,26100,2025-12-02
2025-12-02 10:53:00+05:30,209.8,211.9,207.75,208.75,137550,1306050,18.950236,26096.2,25900.0,25900,ATM-4,CALL,26100,2025-12-02
2025-12-02 10:54:00+05:30,208.8,209.75,205.0,206.15,83850,1306050,19.502361,26092.15,25900.0,25900,ATM-4,CALL,26100,2025-12-02
2025-12-02 10:55:00+05:30,205.95,207.3,203.0,205.0,97500,1339725,19.25121,26091.4,25900.0,25900,ATM-4,CALL,26100,2025-12-02
2025-12-02 10:56:00+05:30,205.9,206.55,202.0,205.5,53100,1339725,19.109796,26092.3,25900.0,25900,ATM-4,CALL,26100,2025-12-02
2025-12-02 10:57:00+05:30,205.8,207.9,201.5,201.5,58275,1339725,17.412158,26091.05,25900.0,25900,ATM-4,CALL,26100,2025-12-02
2025-12-02 10:58:00+05:30,200.3,203.5,199.25,200.3,82200,1320375,17.603658,26089.4,25900.0,25900,ATM-4,CALL,26100,2025-12-02
2025-12-02 10:59:00+05:30,201.6,212.45,200.3,212.45,151200,1320375,20.150115,26098.2,25900.0,25900,ATM-4,CALL,26100,2025-12-02
2025-12-02 11:00:00+05:30,211.5,213.5,204.1,204.6,120825,1320375,18.54081,26092.55,25900.0,25900,ATM-4,CALL,26100,2025-12-02
2025-12-02 11:01:00+05:30,203.9,206.75,196.4,198.25,180900,1325175,18.358933,26085.75,25900.0,25900,ATM-4,CALL,26100,2025-12-02
2025-12-02 11:02:00+05:30,200.45,208.25,198.25,204.8,120150,1325175,18.271863,26093.35,25900.0,25900,ATM-4,CALL,26100,2025-12-02
2025-12-02 11:03:00+05:30,205.95,210.3,204.8,209.05,75750,1325175,19.4573,26095.9,25900.0,25900,ATM-4,CALL,26100,2025-12-02
2025-12-02 11:04:00+05:30,209.4,211.25,207.75,207.75,74700,1320075,17.49269,26098.05,25900.0,25900,ATM-4,CALL,26100,2025-12-02
2025-12-02 11:05:00+05:30,208.3,210.25,204.55,205.75,75000,1320075,18.085669,26094.85,25900.0,25900,ATM-4,CALL,26100,2025-12-02
2025-12-02 11:06:00+05:30,206.1,209.0,205.75,207.7,39225,1320075,18.885009,26095.6,25900.0,25900,ATM-4,CALL,26100,2025-12-02
2025-12-02 11:07:00+05:30,206.85,209.35,205.45,208.9,45900,1332675,19.768693,26095.25,25900.0,25900,ATM-4,CALL,26100,2025-12-02
2025-12-02 11:08:00+05:30,208.45,208.9,204.0,205.05,43050,1332675,18.743021,26092.95,25900.0,25900,ATM-4,CALL,26100,2025-12-02
2025-12-02 11:09:00+05:30,204.3,211.0,201.9,210.2,78075,1332675,19.798897,26096.75,25900.0,25900,ATM-4,CALL,26100,2025-12-02
2025-12-02 11:10:00+05:30,209.3,210.2,205.5,208.8,40650,1333500,19.770364,26095.25,25900.0,25900,ATM-4,CALL,26100,2025-12-02
2025-12-02 11:11:00+05:30,208.1,209.45,202.45,208.0,46950,1333500,19.903812,26094.1,25900.0,25900,ATM-4,CALL,26100,2025-12-02
2025-12-02 11:12:00+05:30,208.15,208.15,203.75,203.75,25275,1333500,18.623803,26091.85,25900.0,25900,ATM-4,CALL,26100,2025-12-02
2025-12-02 11:13:00+05:30,202.55,203.85,191.1,192.35,174675,1333875,14.990028,26085.15,25900.0,25900,ATM-4,CALL,26100,2025-12-02
2025-12-02 11:14:00+05:30,192.05,193.75,188.05,190.3,190200,1333875,16.449649,26080.75,25900.0,25900,ATM-4,CALL,26100,2025-12-02
2025-12-02 11:15:00+05:30,190.1,194.65,186.5,194.65,159225,1333875,18.874416,26081.1,25900.0,25900,ATM-4,CALL,26100,2025-12-02
2025-12-02 11:16:00+05:30,195.0,195.0,187.0,187.8,84675,1351575,17.579983,26075.95,25900.0,25900,ATM-4,CALL,26100,2025-12-02
2025-12-02 11:17:00+05:30,189.75,192.85,185.3,192.0,127500,1351575,18.090579,26079.75,25900.0,25900,ATM-4,CALL,26100,2025-12-02
2025-12-02 11:18:00+05:30,191.35,194.7,189.95,190.95,95325,1351575,16.854427,26080.9,25900.0,25900,ATM-4,CALL,26100,2025-12-02
2025-12-02 11:19:00+05:30,190.9,193.3,189.0,190.15,120450,1395825,16.157424,26081.2,25900.0,25900,ATM-4,CALL,26100,2025-12-02
2025-12-02 11:20:00+05:30,189.95,191.75,186.1,188.55,77850,1395825,17.778881,26076.55,25900.0,25900,ATM-4,CALL,26100,2025-12-02
2025-12-02 11:21:00+05:30,188.45,189.2,185.25,187.75,75000,1395825,17.966091,26075.3,25900.0,25900,ATM-4,CALL,26100,2025-12-02
2025-12-02 11:22:00+05:30,234.95,236.4,229.4,229.4,23475,207675,18.498539,26070.8,25850.0,25900,ATM-4,CALL,26100,2025-12-02
2025-12-02 11:23:00+05:30,229.9,234.45,229.4,232.45,4425,207675,19.728294,26072.35,25850.0,25900,ATM-4,CALL,26100,2025-12-02
2025-12-02 11:24:00+05:30,185.95,196.0,185.05,194.9,179625,1410000,18.72069,26082.05,25900.0,25900,ATM-4,CALL,26100,2025-12-02
2025-12-02 11:25:00+05:30,195.35,198.4,194.45,196.1,108150,1413150,18.598265,26083.7,25900.0,25900,ATM-4,CALL,26100,2025-12-02
2025-12-02 11:26:00+05:30,196.1,198.0,186.65,186.7,127125,1413150,16.358942,26077.25,25900.0,25900,ATM-4,CALL,26100,2025-12-02
2025-12-02 11:27:00+05:30,234.0,234.7,231.15,234.5,15300,211650,20.831849,26072.95,25850.0,25900,ATM-4,CALL,26100,2025-12-02
2025-12-02 11:28:00+05:30,233.0,234.65,229.45,229.6,10650,213900,18.372086,26071.35,25850.0,25900,ATM-4,CALL,26100,2025-12-02
2025-12-02 11:29:00+05:30,230.2,231.5,224.4,225.05,16200,213900,16.809568,26068.4,25850.0,25900,ATM-4,CALL,26100,2025-12-02
2025-12-02 11:30:00+05:30,226.0,227.75,221.85,224.75,15975,213900,17.922723,26066.75,25850.0,25900,ATM-4,CALL,26100,2025-12-02
2025-12-02 11:31:00+05:30,225.3,226.95,223.05,225.65,9450,212550,18.185755,26067.4,25850.0,25900,ATM-4,CALL,26100,2025-12-02
2025-12-02 11:32:00+05:30,225.8,226.45,219.3,223.3,10650,212550,15.40105,26068.0,25850.0,25900,ATM-4,CALL,26100,2025-12-02
2025-12-02 11:33:00+05:30,224.7,226.4,223.3,223.75,6750,212550,15.833819,26068.1,25850.0,25900,ATM-4,CALL,26100,2025-12-02
2025-12-02 11:34:00+05:30,224.0,224.0,220.3,222.0,7500,219225,15.367013,26066.7,25850.0,25900,ATM-4,CALL,26100,2025-12-02
2025-12-02 11:35:00+05:30,222.3,224.4,222.0,223.2,7125,219225,16.587023,26066.8,25850.0,25900,ATM-4,CALL,26100,2025-12-02
2025-12-02 11:36:00+05:30,224.15,224.15,217.15,221.95,16800,219225,16.486064,26065.6,25850.0,25900,ATM-4,CALL,26100,2025-12-02
2025-12-02 11:37:00+05:30,222.0,226.0,221.95,226.0,8775,229500,18.618238,26067.35,25850.0,25900,ATM-4,CALL,26100,2025-12-02
2025-12-02 11:38:00+05:30,226.35,233.8,224.25,233.8,16275,229500,20.537446,26073.05,25850.0,25900,ATM-4,CALL,26100,2025-12-02
2025-12-02 11:39:00+05:30,232.0,235.25,228.6,229.5,13350,229500,18.121069,26071.85,25850.0,25900,ATM-4,CALL,26100,2025-12-02
2025-12-02 11:40:00+05:30,229.9,230.55,224.1,224.1,14850,231675,12.600257,26070.65,25850.0,25900,ATM-4,CALL,26100,2025-12-02
2025-12-02 11:41:00+05:30,223.25,224.65,215.3,217.65,21900,231675,12.889129,26063.95,25850.0,25900,ATM-4,CALL,26100,2025-12-02
2025-12-02 11:42:00+05:30,218.45,221.05,217.65,219.95,7125,231675,16.147865,26063.95,25850.0,25900,ATM-4,CALL,26100,2025-12-02
2025-12-02 11:43:00+05:30,222.15,222.15,219.75,220.3,34050,253650,16.382235,26064.1,25850.0,25900,ATM-4,CALL,26100,2025-12-02
2025-12-02 11:44:00+05:30,221.0,223.55,219.9,220.05,46200,253650,16.890288,26063.3,25850.0,25900,ATM-4,CALL,26100,2025-12-02
2025-12-02 11:45:00+05:30,219.45,222.25,218.25,222.25,14775,253650,19.479774,26062.2,25850.0,25900,ATM-4,CALL,26100,2025-12-02
2025-12-02 11:46:00+05:30,221.5,222.55,218.75,220.25,4425,253650,18.325242,26061.75,25850.0,25900,ATM-4,CALL,26100,2025-12-02
2025-12-02 11:47:00+05:30,220.45,221.85,217.85,219.1,8325,302175,18.016487,26060.95,25850.0,25900,ATM-4,CALL,26100,2025-12-02
2025-12-02 11:48:00+05:30,219.1,224.95,217.15,222.4,11850,302175,19.128452,26063.0,25850.0,25900,ATM-4,CALL,26100,2025-12-02
2025-12-02 11:49:00+05:30,221.6,230.0,221.6,229.2,20550,304200,20.089299,26069.05,25850.0,25900,ATM-4,CALL,26100,2025-12-02
2025-12-02 11:50:00+05:30,227.15,229.2,222.0,222.8,14325,304200,18.854226,26063.9,25850.0,25900,ATM-4,CALL,26100,2025-12-02
2025-12-02 11:51:00+05:30,222.35,224.45,218.25,221.35,20775,304200,18.604713,26062.7,25850.0,25900,ATM-4,CALL,26100,2025-12-02
2025-12-02 11:52:00+05:30,222.15,222.15,214.25,218.7,10500,316800,18.34687,26060.2,25850.0,25900,ATM-4,CALL,26100,2025-12-02
2025-12-02 11:53:00+05:30,219.5,221.35,216.2,216.2,5850,316800,18.205649,26057.7,25850.0,25900,ATM-4,CALL,26100,2025-12-02
2025-12-02 11:54:00+05:30,213.35,216.2,208.7,213.05,35700,316800,18.892289,26053.25,25850.0,25900,ATM-4,CALL,26100,2025-12-02
2025-12-02 11:55:00+05:30,212.5,213.4,210.6,211.05,19425,326250,20.813193,26047.65,25850.0,25900,ATM-4,CALL,26100,2025-12-02
2025-12-02 11:56:00+05:30,211.05,211.05,206.75,210.0,47175,326250,20.682041,26046.75,25850.0,25900,ATM-4,CALL,26100,2025-12-02
2025-12-02 11:57:00+05:30,210.1,212.2,209.25,210.5,13050,326250,20.129945,26048.4,25850.0,25900,ATM-4,CALL,26100,2025-12-02
2025-12-02 11:58:00+05:30,210.7,216.3,209.65,214.95,21225,330675,20.977927,26051.9,25850.0,25900,ATM-4,CALL,26100,2025-12-02
2025-12-02 11:59:00+05:30,215.3,217.05,212.8,215.8,31200,330675,20.519865,26053.75,25850.0,25900,ATM-4,CALL,26100,2025-12-02
2025-12-02 12:00:00+05:30,215.5,215.8,208.75,209.4,26925,330675,20.38521,26046.8,25850.0,25900,ATM-4,CALL,26100,2025-12-02
2025-12-02 12:01:00+05:30,209.0,211.9,205.0,208.15,38775,348075,20.783915,26044.65,25850.0,25900,ATM-4,CALL,26100,2025-12-02
2025-12-02 12:02:00+05:30,207.95,218.35,205.3,215.75,42600,348075,21.864948,26051.25,25850.0,25900,ATM-4,CALL,26100,2025-12-02
2025-12-02 12:03:00+05:30,216.3,223.0,214.6,215.3,74250,348075,19.133914,26055.65,25850.0,25900,ATM-4,CALL,26100,2025-12-02
2025-12-02 12:04:00+05:30,216.75,220.2,215.1,215.95,16575,348075,21.418703,26052.45,25850.0,25900,ATM-4,CALL,26100,2025-12-02
2025-12-02 12:05:00+05:30,214.6,215.95,207.65,207.65,18900,351000,21.667938,26042.45,25850.0,25900,ATM-4,CALL,26100,2025-12-02
2025-12-02 12:06:00+05:30,207.35,214.15,207.35,211.05,39375,351000,21.583258,26046.6,25850.0,25900,ATM-4,CALL,26100,2025-12-02
2025-12-02 12:07:00+05:30,211.7,220.5,211.05,219.55,23475,351000,21.853028,26055.85,25850.0,25900,ATM-4,CALL,26100,2025-12-02
2025-12-02 12:08:00+05:30,220.55,223.8,214.0,215.95,56700,367800,21.967864,26051.55,25850.0,25900,ATM-4,CALL,26100,2025-12-02
2025-12-02 12:09:00+05:30,216.7,219.6,215.95,219.6,6525,367800,22.436226,26054.85,25850.0,25900,ATM-4,CALL,26100,2025-12-02
2025-12-02 12:10:00+05:30,218.4,220.25,215.9,218.2,14250,367800,22.721633,26052.7,25850.0,25900,ATM-4,CALL,26100,2025-12-02
2025-12-02 12:11:00+05:30,217.65,221.45,217.35,219.9,10425,355275,22.049373,26056.05,25850.0,25900,ATM-4,CALL,26100,2025-12-02
2025-12-02 12:12:00+05:30,219.8,224.0,219.75,224.0,14700,355275,23.157037,26058.6,25850.0,25900,ATM-4,CALL,26100,2025-12-02
2025-12-02 12:13:00+05:30,223.0,224.0,219.75,220.4,9300,355275,22.159036,26056.5,25850.0,25900,ATM-4,CALL,26100,2025-12-02
2025-12-02 12:14:00+05:30,220.0,220.4,211.2,216.65,25050,357225,22.506493,26051.55,25850.0,25900,ATM-4,CALL,26100,2025-12-02
2025-12-02 12:15:00+05:30,216.0,217.7,215.5,216.35,5850,357225,21.778173,26052.7,25850.0,25900,ATM-4,CALL,26100,2025-12-02
2025-12-02 12:16:00+05:30,219.6,221.3,212.55,214.3,22650,357225,22.328142,26049.3,25850.0,25900,ATM-4,CALL,26100,2025-12-02
2025-12-02 12:17:00+05:30,213.8,225.35,213.8,224.8,58425,359325,22.630712,26060.8,25850.0,25900,ATM-4,CALL,26100,2025-12-02
2025-12-02 12:18:00+05:30,224.05,225.35,220.0,221.5,28575,359325,21.907846,26058.45,25850.0,25900,ATM-4,CALL,26100,2025-12-02
2025-12-02 12:19:00+05:30,222.05,222.55,219.65,222.2,7950,359325,23.363791,26056.45,25850.0,25900,ATM-4,CALL,26100,2025-12-02
2025-12-02 12:20:00+05:30,221.8,225.65,219.1,222.25,10725,350475,22.592703,26058.1,25850.0,25900,ATM-4,CALL,26100,2025-12-02
2025-12-02 12:21:00+05:30,222.25,223.2,219.25,222.55,20175,350475,22.869916,26057.95,25850.0,25900,ATM-4,CALL,26100,2025-12-02
2025-12-02 12:22:00+05:30,223.0,225.6,222.55,223.95,10650,350475,22.741869,26059.85,25850.0,25900,ATM-4,CALL,26100,2025-12-02
2025-12-02 12:23:00+05:30,223.0,223.95,221.3,222.6,4200,342825,22.897524,26058.05,25850.0,25900,ATM-4,CALL,26100,2025-12-02
2025-12-02 12:24:00+05:30,225.0,231.0,222.6,228.6,32400,342825,22.870237,26065.0,25850.0,25900,ATM-4,CALL,26100,2025-12-02
2025-12-02 12:25:00+05:30,228.6,228.6,224.0,226.8,10275,342825,23.001689,26062.75,25850.0,25900,ATM-4,CALL,26100,2025-12-02
2025-12-02 12:26:00+05:30,226.45,228.25,222.5,225.65,13500,332775,22.320998,26062.75,25850.0,25900,ATM-4,CALL,26100,2025-12-02
2025-12-02 12:27:00+05:30,226.7,227.85,222.9,226.75,8175,332775,23.639421,26061.55,25850.0,25900,ATM-4,CALL,26100,2025-12-02
2025-12-02 12:28:00+05:30,226.75,227.25,223.85,224.0,7125,332775,23.024169,26059.65,25850.0,25900,ATM-4,CALL,26100,2025-12-02
2025-12-02 12:29:00+05:30,225.45,230.7,224.0,229.1,32100,328650,22.506449,26066.45,25850.0,25900,ATM-4,CALL,26100,2025-12-02
2025-12-02 12:30:00+05:30,227.75,230.45,227.65,229.8,10650,328650,23.109424,26066.2,25850.0,25900,ATM-4,CALL,26100,2025-12-02
2025-12-02 12:31:00+05:30,229.0,230.95,225.05,225.4,13350,328650,21.85565,26063.5,25850.0,25900,ATM-4,CALL,26100,2025-12-02
2025-12-02 12:32:00+05:30,226.4,231.4,225.4,228.7,12975,319725,22.776731,26065.65,25850.0,25900,ATM-4,CALL,26100,2025-12-02
2025-12-02 12:33:00+05:30,228.85,238.45,228.7,237.55,35100,319725,24.613363,26072.35,25850.0,25900,ATM-4,CALL,26100,2025-12-02
2025-12-02 12:34:00+05:30,236.55,239.5,234.95,237.7,27525,319725,23.988449,26073.75,25850.0,25900,ATM-4,CALL,26100,2025-12-02
2025-12-02 12:35:00+05:30,188.65,200.4,188.25,199.3,354675,1709850,21.91405,26083.6,25900.0,25900,ATM-4,CALL,26100,2025-12-02
2025-12-02 12:36:00+05:30,200.1,200.1,191.35,192.1,223050,1709850,19.78091,26079.65,25900.0,25900,ATM-4,CALL,26100,2025-12-02
2025-12-02 12:37:00+05:30,191.35,193.25,190.4,192.3,115650,1709850,20.822261,26077.85,25900.0,25900,ATM-4,CALL,26100,2025-12-02
2025-12-02 12:38:00+05:30,241.5,241.8,232.95,234.9,19125,293625,23.157883,26072.25,25850.0,25900,ATM-4,CALL,26100,2025-12-02
2025-12-02 12:39:00+05:30,236.15,236.85,231.35,236.85,11400,293625,24.38142,26072.3,25850.0,25900,ATM-4,CALL,26100,2025-12-02
2025-12-02 12:40:00+05:30,235.0,237.0,233.25,235.3,4200,293625,22.796262,26073.4,25850.0,25900,ATM-4,CALL,26100,2025-12-02
2025-12-02 12:41:00+05:30,233.2,235.3,226.95,228.6,16650,286500,22.512848,26066.4,25850.0,25900,ATM-4,CALL,26100,2025-12-02
2025-12-02 12:42:00+05:30,227.25,228.6,221.9,225.65,31500,286500,22.94376,26062.35,25850.0,25900,ATM-4,CALL,26100,2025-12-02
2025-12-02 12:43:00+05:30,224.0,226.5,222.4,223.55,13050,286500,22.047377,26061.6,25850.0,25900,ATM-4,CALL,26100,2025-12-02
2025-12-02 12:44:00+05:30,222.75,224.75,219.35,220.85,29250,285375,20.831797,26060.6,25850.0,25900,ATM-4,CALL,26100,2025-12-02
2025-12-02 12:45:00+05:30,221.6,223.5,219.7,221.9,7425,285375,22.063953,26059.8,25850.0,25900,ATM-4,CALL,26100,2025-12-02
2025-12-02 12:46:00+05:30,220.55,222.5,215.5,216.15,18075,285375,21.013556,26055.15,25850.0,25900,ATM-4,CALL,26100,2025-12-02
2025-12-02 12:47:00+05:30,218.25,221.25,214.25,220.8,18975,279375,23.449426,26056.1,25850.0,25900,ATM-4,CALL,26100,2025-12-02
2025-12-02 12:48:00+05:30,220.75,221.6,216.2,216.2,15375,279375,21.337287,26054.75,25850.0,25900,ATM-4,CALL,26100,2025-12-02
2025-12-02 12:49:00+05:30,214.25,216.6,209.4,213.45,24825,279375,22.598331,26049.4,25850.0,25900,ATM-4,CALL,26100,2025-12-02
2025-12-02 12:50:00+05:30,212.75,214.8,211.25,213.7,17400,282825,22.326615,26050.25,25850.0,25900,ATM-4,CALL,26100,2025-12-02
2025-12-02 12:51:00+05:30,214.9,215.55,212.85,215.25,17700,282825,23.200257,26050.4,25850.0,25900,ATM-4,CALL,26100,2025-12-02
2025-12-02 12:52:00+05:30,214.9,215.25,210.5,212.5,13500,282825,21.905625,26049.75,25850.0,25900,ATM-4,CALL,26100,2025-12-02
2025-12-02 12:53:00+05:30,211.5,213.35,209.0,211.75,27375,291375,21.707186,26049.3,25850.0,25900,ATM-4,CALL,26100,2025-12-02
2025-12-02 12:54:00+05:30,212.35,212.35,202.0,202.0,53625,291375,18.263051,26043.9,25850.0,25900,ATM-4,CALL,26100,2025-12-02
2025-12-02 12:55:00+05:30,202.0,206.75,201.7,203.7,42975,291375,19.212849,26044.45,25850.0,25900,ATM-4,CALL,26100,2025-12-02
2025-12-02 12:56:00+05:30,204.9,205.5,198.0,199.2,40050,311625,18.365612,26040.75,25850.0,25900,ATM-4,CALL,26100,2025-12-02
2025-12-02 12:57:00+05:30,200.0,201.35,192.95,197.6,58950,311625,18.55323,26038.75,25850.0,25900,ATM-4,CALL,26100,2025-12-02
2025-12-02 12:58:00+05:30,197.85,202.55,197.6,202.0,42375,311625,20.292054,26040.95,25850.0,25900,ATM-4,CALL,26100,2025-12-02
2025-12-02 12:59:00+05:30,203.6,203.7,201.0,201.25,21525,343275,19.649366,26041.2,25850.0,25900,ATM-4,CALL,26100,2025-12-02
2025-12-02 13:00:00+05:30,200.6,203.35,200.0,202.5,22800,343275,20.670438,26040.95,25850.0,25900,ATM-4,CALL,26100,2025-12-02
2025-12-02 13:01:00+05:30,202.5,203.3,194.95,194.95,26700,343275,17.441137,26037.5,25850.0,25900,ATM-4,CALL,26100,2025-12-02
2025-12-02 13:02:00+05:30,194.9,202.35,194.9,200.85,23700,355350,20.680501,26039.15,25850.0,25900,ATM-4,CALL,26100,2025-12-02
2025-12-02 13:03:00+05:30,200.0,200.85,197.5,199.5,6000,355350,20.076294,26038.7,25850.0,25900,ATM-4,CALL,26100,2025-12-02
2025-12-02 13:04:00+05:30,200.15,206.4,199.5,204.8,28125,355350,20.913716,26043.3,25850.0,25900,ATM-4,CALL,26100,2025-12-02
2025-12-02 13:05:00+05:30,205.1,206.6,191.9,193.3,84300,348150,18.115696,26034.9,25850.0,25900,ATM-4,CALL,26100,2025-12-02
2025-12-02 13:06:00+05:30,194.0,197.3,191.1,195.1,37425,348150,19.298553,26035.15,25850.0,25900,ATM-4,CALL,26100,2025-12-02
2025-12-02 13:07:00+05:30,198.95,204.55,195.1,204.55,36750,348150,22.875283,26039.5,25850.0,25900,ATM-4,CALL,26100,2025-12-02
2025-12-02 13:08:00+05:30,204.55,207.5,202.0,206.75,32250,347100,22.173301,26043.45,25850.0,25900,ATM-4,CALL,26100,2025-12-02
2025-12-02 13:09:00+05:30,206.35,217.2,204.75,213.3,46500,347100,21.861063,26051.5,25850.0,25900,ATM-4,CALL,26100,2025-12-02
2025-12-02 13:10:00+05:30,213.75,213.75,202.0,203.0,52275,347100,22.376052,26038.85,25850.0,25900,ATM-4,CALL,26100,2025-12-02
2025-12-02 13:11:00+05:30,204.55,205.3,202.2,202.65,26850,334050,22.374492,26038.5,25850.0,25900,ATM-4,CALL,26100,2025-12-02
2025-12-02 13:12:00+05:30,203.0,203.0,197.4,201.05,23625,334050,21.749121,26037.9,25850.0,25900,ATM-4,CALL,26100,2025-12-02
2025-12-02 13:13:00+05:30,200.65,202.6,200.65,201.7,6600,334050,21.276432,26039.55,25850.0,25900,ATM-4,CALL,26100,2025-12-02
2025-12-02 13:14:00+05:30,201.65,201.7,193.9,196.65,32625,339900,20.15885,26035.8,25850.0,25900,ATM-4,CALL,26100,2025-12-02
2025-12-02 13:15:00+05:30,196.65,199.2,195.7,198.95,21450,339900,21.308276,26036.45,25850.0,25900,ATM-4,CALL,26100,2025-12-02
2025-12-02 13:16:00+05:30,200.0,200.0,194.35,194.45,22725,339900,20.334082,26033.1,25850.0,25900,ATM-4,CALL,26100,2025-12-02
2025-12-02 13:17:00+05:30,195.0,197.5,193.7,196.9,15450,352500,21.890703,26033.1,25850.0,25900,ATM-4,CALL,26100,2025-12-02
2025-12-02 13:18:00+05:30,197.55,200.85,196.9,198.75,26250,352500,22.013853,26035.05,25850.0,25900,ATM-4,CALL,26100,2025-12-02
2025-12-02 13:19:00+05:30,199.8,199.8,197.4,199.35,15375,352500,22.424145,26035.0,25850.0,25900,ATM-4,CALL,26100,2025-12-02
2025-12-02 13:20:00+05:30,198.4,199.35,192.95,195.6,20325,376725,20.69644,26033.95,25850.0,25900,ATM-4,CALL,26100,2025-12-02
2025-12-02 13:21:00+05:30,196.2,201.6,189.95,201.6,47475,376725,24.116345,26034.25,25850.0,25900,ATM-4,CALL,26100,2025-12-02
2025-12-02 13:22:00+05:30,200.6,205.2,200.25,202.65,36300,376725,22.460914,26038.9,25850.0,25900,ATM-4,CALL,26100,2025-12-02
2025-12-02 13:23:00+05:30,201.6,209.95,201.6,209.95,41850,358200,23.549027,26045.3,25850.0,25900,ATM-4,CALL,26100,2025-12-02
2025-12-02 13:24:00+05:30,210.7,210.7,207.05,207.1,32325,358200,21.514794,26045.75,25850.0,25900,ATM-4,CALL,26100,2025-12-02
2025-12-02 13:25:00+05:30,205.5,207.65,203.0,205.85,22950,358200,22.986106,26041.75,25850.0,25900,ATM-4,CALL,26100,2025-12-02
2025-12-02 13:26:00+05:30,205.0,209.95,203.45,205.0,23400,360900,22.517872,26041.7,25850.0,25900,ATM-4,CALL,26100,2025-12-02
2025-12-02 13:27:00+05:30,204.8,206.4,202.9,204.5,24525,360900,23.396189,26039.5,25850.0,25900,ATM-4,CALL,26100,2025-12-02
2025-12-02 13:28:00+05:30,203.15,205.4,197.9,198.8,25500,360900,20.399368,26038.4,25850.0,25900,ATM-4,CALL,26100,2025-12-02
2025-12-02 13:29:00+05:30,197.2,200.45,195.05,195.6,38175,365175,20.086116,26035.35,25850.0,25900,ATM-4,CALL,26100,2025-12-02
2025-12-02 13:30:00+05:30,196.2,199.0,194.05,197.25,28725,365175,21.677246,26034.55,25850.0,25900,ATM-4,CALL,26100,2025-12-02
2025-12-02 13:31:00+05:30,198.0,200.0,196.45,198.2,10275,365175,22.319846,26034.5,25850.0,25900,ATM-4,CALL,26100,2025-12-02
2025-12-02 13:32:00+05:30,198.25,199.4,195.4,197.6,8625,375600,20.809434,26036.55,25850.0,25900,ATM-4,CALL,26100,2025-12-02
2025-12-02 13:33:00+05:30,198.8,203.5,197.5,202.9,23475,375600,22.461024,26039.75,25850.0,25900,ATM-4,CALL,26100,2025-12-02
2025-12-02 13:34:00+05:30,202.45,205.25,201.7,205.1,29250,375600,23.41524,26040.55,25850.0,25900,ATM-4,CALL,26100,2025-12-02
2025-12-02 13:35:00+05:30,203.95,205.1,199.3,200.0,13725,376500,21.286541,26038.6,25850.0,25900,ATM-4,CALL,26100,2025-12-02
2025-12-02 13:36:00+05:30,199.0,200.0,190.25,191.05,60675,376500,20.605968,26029.65,25850.0,25900,ATM-4,CALL,26100,2025-12-02
2025-12-02 13:37:00+05:30,190.85,194.6,190.65,193.0,15975,376500,21.075791,26031.1,25850.0,25900,ATM-4,CALL,26100,2025-12-02
2025-12-02 13:38:00+05:30,192.95,210.0,192.25,209.25,35400,377700,24.28909,26043.9,25850.0,25900,ATM-4,CALL,26100,2025-12-02
2025-12-02 13:39:00+05:30,207.9,209.25,196.9,200.35,41025,377700,23.421189,26035.3,25850.0,25900,ATM-4,CALL,26100,2025-12-02
2025-12-02 13:40:00+05:30,199.5,202.55,195.45,200.95,11850,377700,23.114885,26036.65,25850.0,25900,ATM-4,CALL,26100,2025-12-02
2025-12-02 13:41:00+05:30,199.05,201.05,196.35,198.2,14175,363825,22.110577,26035.4,25850.0,25900,ATM-4,CALL,26100,2025-12-02
2025-12-02 13:42:00+05:30,197.95,200.0,194.05,194.05,11775,363825,20.270994,26033.85,25850.0,25900,ATM-4,CALL,26100,2025-12-02
2025-12-02 13:43:00+05:30,194.95,196.3,190.6,196.3,19425,363825,22.578316,26032.45,25850.0,25900,ATM-4,CALL,26100,2025-12-02
2025-12-02 13:44:00+05:30,196.15,200.2,195.9,199.9,17625,368325,22.58224,26036.65,25850.0,25900,ATM-4,CALL,26100,2025-12-02
2025-12-02 13:45:00+05:30,197.9,199.9,194.75,194.75,8775,368325,19.712727,26035.6,25850.0,25900,ATM-4,CALL,26100,2025-12-02
2025-12-02 13:46:00+05:30,194.9,198.9,189.25,198.9,33975,368325,23.555015,26033.75,25850.0,25900,ATM-4,CALL,26100,2025-12-02
2025-12-02 13:47:00+05:30,199.9,203.75,198.0,203.3,33000,374025,23.140594,26039.7,25850.0,25900,ATM-4,CALL,26100,2025-12-02
2025-12-02 13:48:00+05:30,203.85,209.45,203.25,209.15,39300,374025,24.167639,26044.6,25850.0,25900,ATM-4,CALL,26100,2025-12-02
2025-12-02 13:49:00+05:30,207.95,209.15,204.0,205.75,18900,374025,23.754315,26041.5,25850.0,25900,ATM-4,CALL,26100,2025-12-02
2025-12-02 13:50:00+05:30,207.75,208.85,205.45,205.45,20400,377475,23.679148,26041.35,25850.0,25900,ATM-4,CALL,26100,2025-12-02
2025-12-02 13:51:00+05:30,205.85,214.9,205.45,211.2,55575,377475,23.94099,26047.55,25850.0,25900,ATM-4,CALL,26100,2025-12-02
2025-12-02 13:52:00+05:30,211.35,213.8,208.2,211.25,16725,377475,23.260281,26048.85,25850.0,25900,ATM-4,CALL,26100,2025-12-02
2025-12-02 13:53:00+05:30,211.4,212.05,205.0,205.2,21525,371325,21.923027,26044.25,25850.0,25900,ATM-4,CALL,26100,2025-12-02
2025-12-02 13:54:00+05:30,206.4,211.4,204.45,206.0,15375,371325,23.463308,26042.6,25850.0,25900,ATM-4,CALL,26100,2025-12-02
2025-12-02 13:55:00+05:30,205.45,206.0,199.75,202.6,37350,371325,23.183337,26039.25,25850.0,25900,ATM-4,CALL,26100,2025-12-02
2025-12-02 13:56:00+05:30,202.55,218.1,200.95,212.55,67800,378525,22.689047,26051.45,25850.0,25900,ATM-4,CALL,26100,2025-12-02
2025-12-02 13:57:00+05:30,213.9,217.6,210.0,217.1,50325,378525,23.797077,26054.85,25850.0,25900,ATM-4,CALL,26100,2025-12-02
2025-12-02 13:58:00+05:30,215.0,220.65,214.0,219.6,42075,378525,23.596188,26058.05,25850.0,25900,ATM-4,CALL,26100,2025-12-02
2025-12-02 13:59:00+05:30,219.4,220.2,215.5,215.5,23400,352125,19.062904,26059.45,25850.0,25900,ATM-4,CALL,26100,2025-12-02
2025-12-02 14:00:00+05:30,214.8,216.45,209.25,212.1,48225,352125,23.424389,26049.95,25850.0,25900,ATM-4,CALL,26100,2025-12-02
2025-12-02 14:01:00+05:30,212.55,212.55,199.8,202.9,56475,352125,22.066256,26041.8,25850.0,25900,ATM-4,CALL,26100,2025-12-02
2025-12-02 14:02:00+05:30,202.95,210.5,201.65,210.5,22800,354075,24.694786,26046.0,25850.0,25900,ATM-4,CALL,26100,2025-12-02
2025-12-02 14:03:00+05:30,214.25,217.2,210.5,213.2,42825,354075,23.112344,26051.85,25850.0,25900,ATM-4,CALL,26100,2025-12-02
2025-12-02 14:04:00+05:30,217.35,218.45,213.2,216.6,25500,354075,23.668962,26054.85,25850.0,25900,ATM-4,CALL,26100,2025-12-02
2025-12-02 14:05:00+05:30,217.05,217.55,210.0,211.5,15300,355725,18.899365,26055.5,25850.0,25900,ATM-4,CALL,26100,2025-12-02
2025-12-02 14:06:00+05:30,212.7,213.0,203.75,207.3,25050,355725,25.641072,26040.7,25850.0,25900,ATM-4,CALL,26100,2025-12-02
2025-12-02 14:07:00+05:30,206.85,210.0,204.6,210.0,26100,355725,27.146544,26040.85,25850.0,25900,ATM-4,CALL,26100,2025-12-02
2025-12-02 14:08:00+05:30,208.8,224.15,208.8,221.85,73050,363375,24.348149,26059.9,25850.0,25900,ATM-4,CALL,26100,2025-12-02
2025-12-02 14:09:00+05:30,222.3,223.25,217.95,219.0,52950,363375,22.897728,26058.95,25850.0,25900,ATM-4,CALL,26100,2025-12-02
2025-12-02 14:10:00+05:30,219.15,223.75,213.45,215.85,25575,363375,21.889633,26056.9,25850.0,25900,ATM-4,CALL,26100,2025-12-02
2025-12-02 14:11:00+05:30,217.15,219.15,215.1,216.3,14400,364875,24.420711,26053.65,25850.0,25900,ATM-4,CALL,26100,2025-12-02
2025-12-02 14:12:00+05:30,216.5,217.05,212.9,216.5,16050,364875,25.172175,26052.65,25850.0,25900,ATM-4,CALL,26100,2025-12-02
2025-12-02 14:13:00+05:30,215.0,217.0,213.75,214.6,11475,364875,23.63626,26053.1,25850.0,25900,ATM-4,CALL,26100,2025-12-02
2025-12-02 14:14:00+05:30,214.9,214.9,206.0,206.65,34950,366750,23.079029,26045.05,25850.0,25900,ATM-4,CALL,26100,2025-12-02
2025-12-02 14:15:00+05:30,205.9,209.25,204.15,207.95,62475,366750,23.341734,26046.15,25850.0,25900,ATM-4,CALL,26100,2025-12-02
2025-12-02 14:16:00+05:30,208.5,211.0,205.15,205.95,20325,366750,23.238534,26044.1,25850.0,25900,ATM-4,CALL,26100,2025-12-02
2025-12-02 14:17:00+05:30,206.7,208.45,202.5,203.3,18900,376350,23.787927,26040.2,25850.0,25900,ATM-4,CALL,26100,2025-12-02
2025-12-02 14:18:00+05:30,203.0,209.0,203.0,207.75,22875,376350,24.932551,26043.35,25850.0,25900,ATM-4,CALL,26100,2025-12-02
2025-12-02 14:19:00+05:30,207.85,207.95,203.2,207.95,20325,376350,25.282958,26043.0,25850.0,25900,ATM-4,CALL,26100,2025-12-02
2025-12-02 14:20:00+05:30,211.45,211.65,201.0,202.3,28350,392100,23.597601,26039.55,25850.0,25900,ATM-4,CALL,26100,2025-12-02
2025-12-02 14:21:00+05:30,203.35,203.55,195.15,195.15,48375,392100,20.160018,26036.8,25850.0,25900,ATM-4,CALL,26100,2025-12-02
2025-12-02 14:22:00+05:30,196.6,197.05,191.0,192.45,46275,392100,20.161836,26033.85,25850.0,25900,ATM-4,CALL,26100,2025-12-02
2025-12-02 14:23:00+05:30,194.1,194.15,189.2,189.2,27000,400650,17.934639,26033.05,25850.0,25900,ATM-4,CALL,26100,2025-12-02
2025-12-02 14:24:00+05:30,188.0,194.8,186.7,193.55,58650,400650,22.359639,26031.85,25850.0,25900,ATM-4,CALL,26100,2025-12-02
2025-12-02 14:25:00+05:30,196.5,201.0,193.0,199.45,47175,400650,18.399831,26043.65,25850.0,25900,ATM-4,CALL,26100,2025-12-02
2025-12-02 14:26:00+05:30,199.0,199.45,192.6,192.85,28875,409350,0.0,26042.15,25850.0,25900,ATM-4,CALL,26100,2025-12-02
2025-12-02 14:27:00+05:30,193.65,194.15,186.65,190.1,49425,409350,14.288151,26036.95,25850.0,25900,ATM-4,CALL,26100,2025-12-02
2025-12-02 14:28:00+05:30,190.65,194.3,189.6,192.1,13050,409350,15.628129,26038.25,25850.0,25900,ATM-4,CALL,26100,2025-12-02
2025-12-02 14:29:00+05:30,190.4,198.35,190.4,198.35,22200,413700,19.508943,26041.4,25850.0,25900,ATM-4,CALL,26100,2025-12-02
2025-12-02 14:30:00+05:30,196.05,198.35,188.35,188.35,31950,413700,0.0,26037.55,25850.0,25900,ATM-4,CALL,26100,2025-12-02
2025-12-02 14:31:00+05:30,189.35,190.9,186.0,190.25,53475,413700,16.211455,26035.95,25850.0,25900,ATM-4,CALL,26100,2025-12-02
2025-12-02 14:32:00+05:30,190.3,190.55,187.9,188.9,14700,417825,15.879479,26034.8,25850.0,25900,ATM-4,CALL,26100,2025-12-02
2025-12-02 14:33:00+05:30,187.0,193.2,185.8,190.75,38775,417825,18.184954,26034.75,25850.0,25900,ATM-4,CALL,26100,2025-12-02
2025-12-02 14:34:00+05:30,191.35,198.4,190.7,198.0,43725,417825,21.824469,26038.2,25850.0,25900,ATM-4,CALL,26100,2025-12-02
2025-12-02 14:35:00+05:30,198.55,198.55,188.8,189.35,31875,399150,0.0,26037.6,25850.0,25900,ATM-4,CALL,26100,2025-12-02
2025-12-02 14:36:00+05:30,241.7,241.7,214.3,217.0,152550,690075,0.0,26016.1,25800.0,25900,ATM-4,CALL,26100,2025-12-02
2025-12-02 14:37:00+05:30,218.95,218.95,205.4,210.85,164325,690075,21.315538,26003.25,25800.0,25900,ATM-4,CALL,26100,2025-12-02
2025-12-02 14:38:00+05:30,209.05,216.35,209.05,215.25,88650,738375,20.49039,26008.95,25800.0,25900,ATM-4,CALL,26100,2025-12-02
2025-12-02 14:39:00+05:30,215.0,220.7,211.2,213.7,75075,738375,0.0,26013.7,25800.0,25900,ATM-4,CALL,26100,2025-12-02
2025-12-02 14:40:00+05:30,214.95,217.4,206.5,211.45,80850,738375,0.0,26009.85,25800.0,25900,ATM-4,CALL,26100,2025-12-02
2025-12-02 14:41:00+05:30,210.65,213.8,208.5,211.25,39450,777975,0.0,26010.05,25800.0,25900,ATM-4,CALL,26100,2025-12-02
2025-12-02 14:42:00+05:30,209.95,215.0,208.85,214.05,46200,777975,15.72067,26011.15,25800.0,25900,ATM-4,CALL,26100,2025-12-02
2025-12-02 14:43:00+05:30,214.25,214.25,206.95,209.65,202650,777975,13.683153,26007.35,25800.0,25900,ATM-4,CALL,26100,2025-12-02
2025-12-02 14:44:00+05:30,209.85,214.1,207.0,210.8,45375,679275,0.0,26010.0,25800.0,25900,ATM-4,CALL,26100,2025-12-02
2025-12-02 14:45:00+05:30,210.85,213.85,205.7,209.25,69375,679275,0.0,26009.4,25800.0,25900,ATM-4,CALL,26100,2025-12-02
2025-12-02 14:46:00+05:30,209.55,212.25,208.25,211.1,20250,679275,0.0,26011.5,25800.0,25900,ATM-4,CALL,26100,2025-12-02
2025-12-02 14:47:00+05:30,212.05,213.15,210.05,212.5,23025,684150,0.0,26011.75,25800.0,25900,ATM-4,CALL,26100,2025-12-02
2025-12-02 14:48:00+05:30,211.6,221.45,210.25,218.0,98625,684150,0.0,26016.75,25800.0,25900,ATM-4,CALL,26100,2025-12-02
2025-12-02 14:49:00+05:30,217.65,222.0,208.3,222.0,72450,684150,18.447737,26018.05,25800.0,25900,ATM-4,CALL,26100,2025-12-02
2025-12-02 14:50:00+05:30,222.2,230.0,218.7,218.8,128325,594825,14.267587,26016.55,25800.0,25900,ATM-4,CALL,26100,2025-12-02
2025-12-02 14:51:00+05:30,219.4,225.55,216.7,224.2,43575,594825,20.670154,26018.75,25800.0,25900,ATM-4,CALL,26100,2025-12-02
2025-12-02 14:52:00+05:30,222.15,228.1,218.3,220.0,35775,594825,0.0,26020.3,25800.0,25900,ATM-4,CALL,26100,2025-12-02
2025-12-02 14:53:00+05:30,220.45,221.95,215.95,217.35,34200,572925,0.0,26019.35,25800.0,25900,ATM-4,CALL,26100,2025-12-02
2025-12-02 14:54:00+05:30,218.6,218.75,208.05,212.85,66375,572925,13.127114,26010.8,25800.0,25900,ATM-4,CALL,26100,2025-12-02
2025-12-02 14:55:00+05:30,210.85,213.0,204.6,212.65,65400,572925,16.733275,26009.45,25800.0,25900,ATM-4,CALL,26100,2025-12-02
2025-12-02 14:56:00+05:30,211.05,212.65,206.45,210.3,36450,589800,15.353193,26007.65,25800.0,25900,ATM-4,CALL,26100,2025-12-02
2025-12-02 14:57:00+05:30,209.7,210.75,207.5,208.95,19950,589800,22.802967,26000.2,25800.0,25900,ATM-4,CALL,26100,2025-12-02
2025-12-02 14:58:00+05:30,208.4,209.45,197.4,201.65,95325,589800,0.0,26010.45,25800.0,25900,ATM-4,CALL,26100,2025-12-02
2025-12-02 14:59:00+05:30,202.9,208.15,201.65,205.6,61125,593925,0.0,26018.75,25800.0,25900,ATM-4,CALL,26100,2025-12-02
2025-12-02 15:00:00+05:30,212.6,222.65,205.6,208.7,140925,593925,0.0,26011.85,25800.0,25900,ATM-4,CALL,26100,2025-12-02
2025-12-02 15:01:00+05:30,209.25,222.9,208.7,220.85,86925,593925,0.0,26021.95,25800.0,25900,ATM-4,CALL,26100,2025-12-02
2025-12-02 15:02:00+05:30,220.05,221.8,210.9,221.1,57825,504450,0.0,26022.35,25800.0,25900,ATM-4,CALL,26100,2025-12-02
2025-12-02 15:03:00+05:30,221.45,221.45,217.45,218.65,48000,504450,0.0,26020.3,25800.0,25900,ATM-4,CALL,26100,2025-12-02
2025-12-02 15:04:00+05:30,219.6,223.0,218.65,220.2,41100,504450,0.0,26023.6,25800.0,25900,ATM-4,CALL,26100,2025-12-02
2025-12-02 15:05:00+05:30,222.15,222.25,218.0,219.35,30525,453900,0.0,26022.85,25800.0,25900,ATM-4,CALL,26100,2025-12-02
2025-12-02 15:06:00+05:30,220.95,220.95,216.3,219.7,42975,453900,0.0,26020.65,25800.0,25900,ATM-4,CALL,26100,2025-12-02
2025-12-02 15:07:00+05:30,219.8,221.0,217.1,220.1,21675,453900,0.0,26024.6,25800.0,25900,ATM-4,CALL,26100,2025-12-02
2025-12-02 15:08:00+05:30,170.45,172.95,169.75,172.3,24900,398175,0.0,26026.8,25850.0,25900,ATM-4,CALL,26100,2025-12-02
2025-12-02 15:09:00+05:30,174.5,176.3,172.25,173.35,40650,398175,0.0,26026.45,25850.0,25900,ATM-4,CALL,26100,2025-12-02
2025-12-02 15:10:00+05:30,173.0,176.6,172.4,176.5,30300,398175,0.0,26030.5,25850.0,25900,ATM-4,CALL,26100,2025-12-02
2025-12-02 15:11:00+05:30,177.7,179.55,176.5,178.45,43800,385725,0.0,26033.2,25850.0,25900,ATM-4,CALL,26100,2025-12-02
2025-12-02 15:12:00+05:30,178.3,178.45,176.7,178.45,26925,385725,0.0,26033.4,25850.0,25900,ATM-4,CALL,26100,2025-12-02
2025-12-02 15:13:00+05:30,178.5,182.25,177.65,181.0,36600,385725,0.0,26037.75,25850.0,25900,ATM-4,CALL,26100,2025-12-02
2025-12-02 15:14:00+05:30,181.3,182.0,178.4,179.6,33000,364425,0.0,26036.75,25850.0,25900,ATM-4,CALL,26100,2025-12-02
2025-12-02 15:15:00+05:30,179.5,179.9,176.6,176.7,69675,364425,0.0,26033.8,25850.0,25900,ATM-4,CALL,26100,2025-12-02
2025-12-02 15:16:00+05:30,176.95,179.65,175.6,179.05,28800,364425,0.0,26037.4,25850.0,25900,ATM-4,CALL,26100,2025-12-02
2025-12-02 15:17:00+05:30,179.0,179.25,177.95,178.55,13350,333375,0.0,26038.65,25850.0,25900,ATM-4,CALL,26100,2025-12-02
2025-12-02 15:18:00+05:30,178.25,178.55,175.3,177.7,17475,333375,0.0,26032.75,25850.0,25900,ATM-4,CALL,26100,2025-12-02
2025-12-02 15:19:00+05:30,177.35,179.45,177.3,179.45,12150,333375,0.0,26038.6,25850.0,25900,ATM-4,CALL,26100,2025-12-02
2025-12-02 15:20:00+05:30,179.5,181.45,179.45,180.55,29400,315450,0.0,26044.85,25850.0,25900,ATM-4,CALL,26100,2025-12-02
2025-12-02 15:21:00+05:30,181.1,181.1,179.3,179.35,15525,315450,0.0,26040.15,25850.0,25900,ATM-4,CALL,26100,2025-12-02
2025-12-02 15:22:00+05:30,179.5,180.5,179.35,180.5,15975,315450,0.0,26040.75,25850.0,25900,ATM-4,CALL,26100,2025-12-02
2025-12-02 15:23:00+05:30,181.0,182.4,180.5,182.0,11775,298650,0.0,26048.35,25850.0,25900,ATM-4,CALL,26100,2025-12-02
2025-12-02 15:24:00+05:30,182.25,182.4,181.3,181.95,42675,298650,0.0,26050.9,25850.0,25900,ATM-4,CALL,26100,2025-12-02
2025-12-02 15:25:00+05:30,182.2,183.0,181.95,182.25,19125,298650,0.0,26055.0,25850.0,25900,ATM-4,CALL,26100,2025-12-02
2025-12-02 15:26:00+05:30,182.65,182.85,182.25,182.85,9225,298650,0.0,26051.85,25850.0,25900,ATM-4,CALL,26100,2025-12-02
2025-12-02 15:27:00+05:30,182.8,182.95,182.05,182.3,18450,271200,0.0,26055.35,25850.0,25900,ATM-4,CALL,26100,2025-12-02
2025-12-02 15:28:00+05:30,182.6,182.7,182.1,182.3,36300,271200,0.0,26056.15,25850.0,25900,ATM-4,CALL,26100,2025-12-02
2025-12-02 15:29:00+05:30,182.35,182.45,181.75,181.8,28050,271200,0.0,26057.0,25850.0,25900,ATM-4,CALL,26100,2025-12-02
2025-12-02 09:15:00+05:30,11.0,11.0,4.6,4.65,4443075,8402850,15.343211,26110.2,25900.0,25900,ATM-4,PUT,26100,2025-12-02
2025-12-02 09:16:00+05:30,4.8,4.8,3.75,3.9,4282500,9147225,15.204207,26118.7,25900.0,25900,ATM-4,PUT,26100,2025-12-02
2025-12-02 09:17:00+05:30,6.85,7.05,6.2,6.2,2548350,7041000,14.517939,26127.05,25950.0,25900,ATM-4,PUT,26100,2025-12-02
2025-12-02 09:18:00+05:30,6.25,6.7,5.3,5.55,2808300,7041000,15.160818,26145.25,25950.0,25900,ATM-4,PUT,26100,2025-12-02
2025-12-02 09:19:00+05:30,5.6,5.95,5.3,5.6,2193075,8201175,14.990846,26141.5,25950.0,25900,ATM-4,PUT,26100,2025-12-02
2025-12-02 09:20:00+05:30,5.55,5.75,5.15,5.3,2375775,8201175,15.077529,26146.45,25950.0,25900,ATM-4,PUT,26100,2025-12-02
2025-12-02 09:21:00+05:30,5.3,5.6,5.0,5.1,1478775,8201175,14.893323,26145.5,25950.0,25900,ATM-4,PUT,26100,2025-12-02
2025-12-02 09:22:00+05:30,5.1,5.45,4.95,5.05,1563975,8720550,14.879317,26145.7,25950.0,25900,ATM-4,PUT,26100,2025-12-02
2025-12-02 09:23:00+05:30,5.2,5.4,5.05,5.25,1872375,8720550,15.359486,26151.5,25950.0,25900,ATM-4,PUT,26100,2025-12-02
2025-12-02 09:24:00+05:30,5.3,5.55,5.1,5.35,990000,8720550,15.012437,26143.95,25950.0,25900,ATM-4,PUT,26100,2025-12-02
2025-12-02 09:25:00+05:30,5.4,5.55,5.05,5.2,1188450,8747250,14.986175,26145.15,25950.0,25900,ATM-4,PUT,26100,2025-12-02
2025-12-02 09:26:00+05:30,5.2,5.4,5.0,5.0,1396350,8747250,14.975283,26147.3,25950.0,25900,ATM-4,PUT,26100,2025-12-02
2025-12-02 09:27:00+05:30,5.1,5.2,4.75,4.85,1457025,8747250,14.938078,26148.4,25950.0,25900,ATM-4,PUT,26100,2025-12-02
2025-12-02 09:28:00+05:30,4.85,5.1,4.75,5.1,1095450,9216375,14.827705,26143.05,25950.0,25900,ATM-4,PUT,26100,2025-12-02
2025-12-02 09:29:00+05:30,5.15,5.75,5.1,5.6,2014650,9216375,14.440934,26130.2,25950.0,25900,ATM-4,PUT,26100,2025-12-02
2025-12-02 09:30:00+05:30,3.25,4.05,3.2,4.05,2278875,11387400,15.665957,26122.1,25900.0,25900,ATM-4,PUT,26100,2025-12-02
2025-12-02 09:31:00+05:30,4.15,4.25,3.8,3.8,2484225,11904300,15.248377,26118.15,25900.0,25900,ATM-4,PUT,26100,2025-12-02
2025-12-02 09:32:00+05:30,6.65,6.8,5.25,5.4,2085825,9454500,14.442861,26132.0,25950.0,25900,ATM-4,PUT,26100,2025-12-02
2025-12-02 09:33:00+05:30,3.2,3.55,3.15,3.55,1064625,11904300,15.197437,26121.0,25900.0,25900,ATM-4,PUT,26100,2025-12-02
2025-12-02 09:34:00+05:30,3.5,3.9,3.5,3.75,1024725,11962050,15.062727,26114.9,25900.0,25900,ATM-4,PUT,26100,2025-12-02
2025-12-02 09:35:00+05:30,3.8,3.9,3.6,3.8,940650,11962050,15.179091,26116.05,25900.0,25900,ATM-4,PUT,26100,2025-12-02
2025-12-02 09:36:00+05:30,3.75,4.05,3.55,3.55,1501800,11962050,14.873727,26114.3,25900.0,25900,ATM-4,PUT,26100,2025-12-02
2025-12-02 09:37:00+05:30,3.55,3.6,3.35,3.5,898200,12066900,15.165595,26120.45,25900.0,25900,ATM-4,PUT,26100,2025-12-02
2025-12-02 09:38:00+05:30,3.45,3.9,3.4,3.85,1070850,12066900,14.833464,26108.25,25900.0,25900,ATM-4,PUT,26100,2025-12-02
2025-12-02 09:39:00+05:30,3.75,3.85,3.5,3.6,1289100,12066900,14.658581,26108.85,25900.0,25900,ATM-4,PUT,26100,2025-12-02
2025-12-02 09:40:00+05:30,3.5,3.85,3.3,3.85,1439100,12515625,14.675277,26104.95,25900.0,25900,ATM-4,PUT,26100,2025-12-02
2025-12-02 09:41:00+05:30,3.8,4.25,3.65,3.95,2260950,12515625,14.256928,26095.6,25900.0,25900,ATM-4,PUT,26100,2025-12-02
2025-12-02 09:42:00+05:30,4.05,5.15,3.9,5.1,2940900,12515625,14.757173,26088.75,25900.0,25900,ATM-4,PUT,26100,2025-12-02
2025-12-02 09:43:00+05:30,5.05,5.1,4.25,4.4,3150900,12729900,14.398263,26091.35,25900.0,25900,ATM-4,PUT,26100,2025-12-02
2025-12-02 09:44:00+05:30,4.4,5.05,4.25,4.9,2368425,12729900,14.090094,26079.3,25900.0,25900,ATM-4,PUT,26100,2025-12-02
2025-12-02 09:45:00+05:30,4.9,4.9,4.45,4.45,2083425,12729900,14.177404,26086.4,25900.0,25900,ATM-4,PUT,26100,2025-12-02
2025-12-02 09:46:00+05:30,4.55,4.6,4.2,4.2,1742775,12753300,14.107937,26088.4,25900.0,25900,ATM-4,PUT,26100,2025-12-02
2025-12-02 09:47:00+05:30,4.35,4.35,3.9,4.1,1786200,12753300,14.363232,26094.2,25900.0,25900,ATM-4,PUT,26100,2025-12-02
2025-12-02 09:48:00+05:30,4.1,5.05,4.05,4.9,2479575,12753300,14.316307,26082.5,25900.0,25900,ATM-4,PUT,26100,2025-12-02
2025-12-02 09:49:00+05:30,2.5,2.7,2.5,2.7,1173375,7159350,14.639971,26072.65,25850.0,25900,ATM-4,PUT,26100,2025-12-02
2025-12-02 09:50:00+05:30,2.7,3.1,2.65,2.9,1202025,7159350,14.829055,26072.0,25850.0,25900,ATM-4,PUT,26100,2025-12-02
2025-12-02 09:51:00+05:30,2.95,3.15,2.9,3.05,1462725,7159350,14.962199,26071.4,25850.0,25900,ATM-4,PUT,26100,2025-12-02
2025-12-02 09:52:00+05:30,3.0,3.15,2.95,3.1,1072800,7102725,14.999739,26070.95,25850.0,25900,ATM-4,PUT,26100,2025-12-02
2025-12-02 09:53:00+05:30,3.1,3.1,2.8,3.05,973875,7102725,14.981503,26071.35,25850.0,25900,ATM-4,PUT,26100,2025-12-02
2025-12-02 09:54:00+05:30,5.6,5.6,4.75,4.95,2003850,13498125,14.076362,26076.7,25900.0,25900,ATM-4,PUT,26100,2025-12-02
2025-12-02 09:55:00+05:30,4.9,5.05,4.25,4.3,1755075,13664025,14.139985,26085.95,25900.0,25900,ATM-4,PUT,26100,2025-12-02
2025-12-02 09:56:00+05:30,4.45,4.95,4.3,4.85,1277475,13664025,14.413372,26083.35,25900.0,25900,ATM-4,PUT,26100,2025-12-02
2025-12-02 09:57:00+05:30,4.85,4.85,4.45,4.7,1172400,13664025,14.441251,26085.55,25900.0,25900,ATM-4,PUT,26100,2025-12-02
2025-12-02 09:58:00+05:30,4.75,5.0,4.5,4.9,1395075,13692375,14.3688,26081.6,25900.0,25900,ATM-4,PUT,26100,2025-12-02
2025-12-02 09:59:00+05:30,4.95,5.5,4.85,5.05,1371525,13692375,14.104296,26075.1,25900.0,25900,ATM-4,PUT,26100,2025-12-02
2025-12-02 10:00:00+05:30,2.7,2.9,2.6,2.75,506550,7467300,14.805258,26072.5,25850.0,25900,ATM-4,PUT,26100,2025-12-02
2025-12-02 10:01:00+05:30,5.25,5.45,4.8,5.15,1280625,13889250,14.298448,26076.85,25900.0,25900,ATM-4,PUT,26100,2025-12-02
2025-12-02 10:02:00+05:30,2.75,2.9,2.7,2.9,353250,7515600,14.955463,26071.9,25850.0,25900,ATM-4,PUT,26100,2025-12-02
2025-12-02 10:03:00+05:30,2.85,3.0,2.75,2.8,605475,7515600,14.77672,26070.3,25850.0,25900,ATM-4,PUT,26100,2025-12-02
2025-12-02 10:04:00+05:30,5.05,5.1,4.5,4.5,1525275,14010675,14.070723,26080.45,25900.0,25900,ATM-4,PUT,26100,2025-12-02
2025-12-02 10:05:00+05:30,4.7,4.85,4.45,4.75,1437075,14010675,14.246356,26080.1,25900.0,25900,ATM-4,PUT,26100,2025-12-02
2025-12-02 10:06:00+05:30,4.85,5.15,4.75,5.0,886725,14010675,14.237139,26076.7,25900.0,25900,ATM-4,PUT,26100,2025-12-02
2025-12-02 10:07:00+05:30,2.75,2.85,2.6,2.75,741525,7666350,14.877434,26072.4,25850.0,25900,ATM-4,PUT,26100,2025-12-02
2025-12-02 10:08:00+05:30,2.8,2.95,2.75,2.8,502425,7666350,14.966296,26072.85,25850.0,25900,ATM-4,PUT,26100,2025-12-02
2025-12-02 10:09:00+05:30,2.85,2.9,2.75,2.85,343425,7666350,15.049565,26073.2,25850.0,25900,ATM-4,PUT,26100,2025-12-02
2025-12-02 10:10:00+05:30,2.85,3.3,2.85,3.2,1685925,7642875,14.884608,26063.2,25850.0,25900,ATM-4,PUT,26100,2025-12-02
2025-12-02 10:11:00+05:30,3.15,3.35,3.05,3.2,1161525,7642875,14.638591,26058.45,25850.0,25900,ATM-4,PUT,26100,2025-12-02
2025-12-02 10:12:00+05:30,3.15,3.2,3.0,3.0,738900,7642875,14.366333,26056.85,25850.0,25900,ATM-4,PUT,26100,2025-12-02
2025-12-02 10:13:00+05:30,3.0,3.05,2.9,2.95,704250,7776300,14.421002,26058.6,25850.0,25900,ATM-4,PUT,26100,2025-12-02
2025-12-02 10:14:00+05:30,2.85,2.95,2.8,2.85,722775,7776300,14.334903,26058.7,25850.0,25900,ATM-4,PUT,26100,2025-12-02
2025-12-02 10:15:00+05:30,2.85,2.9,2.7,2.85,921750,7776300,14.273483,26057.35,25850.0,25900,ATM-4,PUT,26100,2025-12-02
2025-12-02 10:16:00+05:30,2.8,2.85,2.55,2.7,1241100,8085000,14.281418,26060.25,25850.0,25900,ATM-4,PUT,26100,2025-12-02
2025-12-02 10:17:00+05:30,2.7,3.05,2.65,2.9,905400,8085000,13.923098,26049.5,25850.0,25900,ATM-4,PUT,26100,2025-12-02
2025-12-02 10:18:00+05:30,2.8,2.95,2.7,2.7,924225,8085000,13.996706,26054.5,25850.0,25900,ATM-4,PUT,26100,2025-12-02
2025-12-02 10:19:00+05:30,2.7,2.8,2.4,2.45,1149900,8149950,14.159325,26062.55,25850.0,25900,ATM-4,PUT,26100,2025-12-02
2025-12-02 10:20:00+05:30,2.4,2.45,2.25,2.3,1597350,8149950,14.141714,26065.35,25850.0,25900,ATM-4,PUT,26100,2025-12-02
2025-12-02 10:21:00+05:30,2.4,2.45,2.25,2.3,821250,8149950,14.323867,26068.65,25850.0,25900,ATM-4,PUT,26100,2025-12-02
2025-12-02 10:22:00+05:30,2.3,2.35,2.1,2.1,781800,8084175,14.398046,26074.7,25850.0,25900,ATM-4,PUT,26100,2025-12-02
2025-12-02 10:23:00+05:30,2.1,2.2,2.0,2.1,1276350,8084175,14.258137,26071.75,25850.0,25900,ATM-4,PUT,26100,2025-12-02
2025-12-02 10:24:00+05:30,2.1,2.2,2.1,2.15,530850,8084175,14.299101,26071.1,25850.0,25900,ATM-4,PUT,26100,2025-12-02
2025-12-02 10:25:00+05:30,2.1,2.2,2.05,2.05,965775,7952850,14.343495,26074.25,25850.0,25900,ATM-4,PUT,26100,2025-12-02
2025-12-02 10:26:00+05:30,2.1,2.2,2.05,2.1,457125,7952850,14.273186,26071.4,25850.0,25900,ATM-4,PUT,26100,2025-12-02
2025-12-02 10:27:00+05:30,2.1,2.15,2.05,2.1,367950,7952850,14.191649,26069.6,25850.0,25900,ATM-4,PUT,26100,2025-12-02
2025-12-02 10:28:00+05:30,2.1,2.15,2.05,2.05,609825,8072250,14.156464,26069.95,25850.0,25900,ATM-4,PUT,26100,2025-12-02
2025-12-02 10:29:00+05:30,4.0,4.05,3.5,3.55,2119800,15418800,13.475051,26078.8,25900.0,25900,ATM-4,PUT,26100,2025-12-02
2025-12-02 10:30:00+05:30,3.6,3.8,3.5,3.65,1708500,15418800,13.519182,26077.9,25900.0,25900,ATM-4,PUT,26100,2025-12-02
2025-12-02 10:31:00+05:30,3.65,3.75,3.2,3.25,1534350,15413925,13.530439,26084.1,25900.0,25900,ATM-4,PUT,26100,2025-12-02
2025-12-02 10:32:00+05:30,3.15,3.35,3.1,3.35,1393125,15413925,13.490302,26081.6,25900.0,25900,ATM-4,PUT,26100,2025-12-02
2025-12-02 10:33:00+05:30,3.35,3.5,3.15,3.15,1089225,15413925,13.389201,26082.85,25900.0,25900,ATM-4,PUT,26100,2025-12-02
2025-12-02 10:34:00+05:30,3.2,3.2,2.95,3.0,1723875,15248025,13.486775,26086.95,25900.0,25900,ATM-4,PUT,26100,2025-12-02
2025-12-02 10:35:00+05:30,3.1,3.2,2.9,3.0,1477575,15248025,13.66934,26090.05,25900.0,25900,ATM-4,PUT,26100,2025-12-02
2025-12-02 10:36:00+05:30,3.05,3.15,3.0,3.1,966825,15248025,13.726231,26089.15,25900.0,25900,ATM-4,PUT,26100,2025-12-02
2025-12-02 10:37:00+05:30,3.1,3.35,3.1,3.2,1300350,15223575,13.516802,26083.55,25900.0,25900,ATM-4,PUT,26100,2025-12-02
2025-12-02 10:38:00+05:30,3.15,3.35,3.05,3.3,821850,15223575,13.667201,26084.4,25900.0,25900,ATM-4,PUT,26100,2025-12-02
2025-12-02 10:39:00+05:30,3.3,3.4,3.2,3.35,539175,15223575,13.649555,26083.1,25900.0,25900,ATM-4,PUT,26100,2025-12-02
2025-12-02 10:40:00+05:30,3.35,3.35,3.05,3.2,1421700,15412575,13.514774,26082.95,25900.0,25900,ATM-4,PUT,26100,2025-12-02
2025-12-02 10:41:00+05:30,3.2,3.3,2.9,2.95,1672650,15412575,13.6015,26088.55,25900.0,25900,ATM-4,PUT,26100,2025-12-02
2025-12-02 10:42:00+05:30,2.95,3.0,2.7,3.0,1723950,15412575,13.594077,26087.35,25900.0,25900,ATM-4,PUT,26100,2025-12-02
2025-12-02 10:43:00+05:30,3.0,3.3,2.95,3.3,1469550,15305025,13.559005,26081.55,25900.0,25900,ATM-4,PUT,26100,2025-12-02
2025-12-02 10:44:00+05:30,1.75,1.8,1.65,1.75,626250,8063625,14.163415,26074.65,25850.0,25900,ATM-4,PUT,26100,2025-12-02
2025-12-02 10:45:00+05:30,3.45,3.65,3.35,3.35,1563750,15305025,13.327852,26076.35,25900.0,25900,ATM-4,PUT,26100,2025-12-02
2025-12-02 10:46:00+05:30,1.7,1.85,1.7,1.75,644550,8156175,13.938984,26069.8,25850.0,25900,ATM-4,PUT,26100,2025-12-02
2025-12-02 10:47:00+05:30,1.75,1.8,1.7,1.75,325500,8156175,14.047047,26071.7,25850.0,25900,ATM-4,PUT,26100,2025-12-02
2025-12-02 10:48:00+05:30,1.8,1.8,1.65,1.7,370050,8156175,14.119958,26074.35,25850.0,25900,ATM-4,PUT,26100,2025-12-02
2025-12-02 10:49:00+05:30,3.1,3.25,3.0,3.1,994275,15773625,13.185464,26077.1,25900.0,25900,ATM-4,PUT,26100,2025-12-02
2025-12-02 10:50:00+05:30,3.15,3.15,2.55,2.6,2514975,15773625,13.429762,26090.15,25900.0,25900,ATM-4,PUT,26100,2025-12-02
2025-12-02 10:51:00+05:30,2.55,2.6,2.4,2.4,3048150,15773625,13.446148,26094.25,25900.0,25900,ATM-4,PUT,26100,2025-12-02
2025-12-02 10:52:00+05:30,2.45,2.45,2.3,2.35,2453250,15014625,13.611276,26098.15,25900.0,25900,ATM-4,PUT,26100,2025-12-02
2025-12-02 10:53:00+05:30,2.35,2.5,2.3,2.45,1047000,15014625,13.629872,26096.2,25900.0,25900,ATM-4,PUT,26100,2025-12-02
2025-12-02 10:54:00+05:30,2.4,2.55,2.4,2.5,900750,15014625,13.474979,26092.15,25900.0,25900,ATM-4,PUT,26100,2025-12-02
2025-12-02 10:55:00+05:30,2.5,2.55,2.4,2.45,838125,14779500,13.389776,26091.4,25900.0,25900,ATM-4,PUT,26100,2025-12-02
2025-12-02 10:56:00+05:30,2.5,2.55,2.4,2.45,885000,14779500,13.449861,26092.3,25900.0,25900,ATM-4,PUT,26100,2025-12-02
2025-12-02 10:57:00+05:30,2.45,2.5,2.4,2.5,624900,14779500,13.447253,26091.05,25900.0,25900,ATM-4,PUT,26100,2025-12-02
2025-12-02 10:58:00+05:30,2.45,2.6,2.45,2.5,685650,14748450,13.367361,26089.4,25900.0,25900,ATM-4,PUT,26100,2025-12-02
2025-12-02 10:59:00+05:30,2.5,2.55,2.25,2.25,1534275,14748450,13.57424,26098.2,25900.0,25900,ATM-4,PUT,26100,2025-12-02
2025-12-02 11:00:00+05:30,2.25,2.4,2.2,2.4,1546425,14748450,13.451375,26092.55,25900.0,25900,ATM-4,PUT,26100,2025-12-02
2025-12-02 11:01:00+05:30,2.35,2.65,2.35,2.6,1653300,14603325,13.305143,26085.75,25900.0,25900,ATM-4,PUT,26100,2025-12-02
2025-12-02 11:02:00+05:30,2.5,2.6,2.4,2.5,1433250,14603325,13.6289,26093.35,25900.0,25900,ATM-4,PUT,26100,2025-12-02
2025-12-02 11:03:00+05:30,2.45,2.5,2.35,2.35,1150050,14603325,13.610643,26095.9,25900.0,25900,ATM-4,PUT,26100,2025-12-02
2025-12-02 11:04:00+05:30,2.4,2.45,2.35,2.4,801525,14566650,13.79678,26098.05,25900.0,25900,ATM-4,PUT,26100,2025-12-02
2025-12-02 11:05:00+05:30,2.45,2.6,2.35,2.55,1341750,14566650,13.800604,26094.85,25900.0,25900,ATM-4,PUT,26100,2025-12-02
2025-12-02 11:06:00+05:30,2.6,2.6,2.45,2.5,585300,14566650,13.797974,26095.6,25900.0,25900,ATM-4,PUT,26100,2025-12-02
2025-12-02 11:07:00+05:30,2.55,2.6,2.45,2.5,769200,14406375,13.790025,26095.25,25900.0,25900,ATM-4,PUT,26100,2025-12-02
2025-12-02 11:08:00+05:30,2.5,2.65,2.45,2.65,635400,14406375,13.837865,26092.95,25900.0,25900,ATM-4,PUT,26100,2025-12-02
2025-12-02 11:09:00+05:30,2.65,2.7,2.45,2.55,622500,14406375,13.951586,26096.75,25900.0,25900,ATM-4,PUT,26100,2025-12-02
2025-12-02 11:10:00+05:30,2.55,2.65,2.55,2.55,563100,14403975,13.879883,26095.25,25900.0,25900,ATM-4,PUT,26100,2025-12-02
2025-12-02 11:11:00+05:30,2.55,2.7,2.55,2.55,885150,14403975,13.827443,26094.1,25900.0,25900,ATM-4,PUT,26100,2025-12-02
2025-12-02 11:12:00+05:30,2.6,2.7,2.55,2.7,511575,14403975,13.87564,26091.85,25900.0,25900,ATM-4,PUT,26100,2025-12-02
2025-12-02 11:13:00+05:30,2.7,3.0,2.65,2.95,1066500,14531250,13.764291,26085.15,25900.0,25900,ATM-4,PUT,26100,2025-12-02
2025-12-02 11:14:00+05:30,2.95,3.05,2.85,2.85,1719525,14531250,13.423546,26080.75,25900.0,25900,ATM-4,PUT,26100,2025-12-02
2025-12-02 11:15:00+05:30,2.9,3.0,2.7,2.75,972300,14531250,13.353291,26081.1,25900.0,25900,ATM-4,PUT,26100,2025-12-02
2025-12-02 11:16:00+05:30,2.7,2.95,2.7,2.85,1436325,14746275,13.170098,26075.95,25900.0,25900,ATM-4,PUT,26100,2025-12-02
2025-12-02 11:17:00+05:30,2.8,2.95,2.7,2.75,1203450,14746275,13.298523,26079.75,25900.0,25900,ATM-4,PUT,26100,2025-12-02
2025-12-02 11:18:00+05:30,2.8,2.8,2.5,2.75,1100775,14746275,13.375442,26080.9,25900.0,25900,ATM-4,PUT,26100,2025-12-02
2025-12-02 11:19:00+05:30,2.7,2.8,2.6,2.65,998475,14725350,13.299952,26081.2,25900.0,25900,ATM-4,PUT,26100,2025-12-02
2025-12-02 11:20:00+05:30,2.7,2.85,2.6,2.75,1225425,14725350,13.14842,26076.55,25900.0,25900,ATM-4,PUT,26100,2025-12-02
2025-12-02 11:21:00+05:30,2.75,2.95,2.75,2.85,563250,14725350,13.187889,26075.3,25900.0,25900,ATM-4,PUT,26100,2025-12-02
2025-12-02 11:22:00+05:30,1.45,1.6,1.45,1.55,425925,8340150,14.102892,26070.8,25850.0,25900,ATM-4,PUT,26100,2025-12-02
2025-12-02 11:23:00+05:30,1.6,1.6,1.45,1.45,232875,8340150,14.031616,26072.35,25850.0,25900,ATM-4,PUT,26100,2025-12-02
2025-12-02 11:24:00+05:30,2.85,2.85,2.35,2.4,1739550,14925525,13.133623,26082.05,25900.0,25900,ATM-4,PUT,26100,2025-12-02
2025-12-02 11:25:00+05:30,2.4,2.45,2.25,2.35,1306950,15119925,13.181385,26083.7,25900.0,25900,ATM-4,PUT,26100,2025-12-02
2025-12-02 11:26:00+05:30,2.3,2.7,2.25,2.65,1555725,15119925,13.152507,26077.25,25900.0,25900,ATM-4,PUT,26100,2025-12-02
2025-12-02 11:27:00+05:30,1.45,1.55,1.4,1.5,801375,8288925,14.193443,26072.95,25850.0,25900,ATM-4,PUT,26100,2025-12-02
2025-12-02 11:28:00+05:30,1.5,1.55,1.45,1.5,754275,8163300,14.122806,26071.35,25850.0,25900,ATM-4,PUT,26100,2025-12-02
2025-12-02 11:29:00+05:30,1.5,1.6,1.45,1.6,723075,8163300,14.141318,26068.4,25850.0,25900,ATM-4,PUT,26100,2025-12-02
2025-12-02 11:30:00+05:30,1.55,1.7,1.5,1.6,873225,8163300,14.067,26066.75,25850.0,25900,ATM-4,PUT,26100,2025-12-02
2025-12-02 11:31:00+05:30,1.6,1.65,1.55,1.55,601050,8110200,14.034364,26067.4,25850.0,25900,ATM-4,PUT,26100,2025-12-02
2025-12-02 11:32:00+05:30,1.55,1.65,1.5,1.55,529125,8110200,14.077827,26068.0,25850.0,25900,ATM-4,PUT,26100,2025-12-02
2025-12-02 11:33:00+05:30,1.6,1.6,1.5,1.6,560925,8110200,14.174428,26068.1,25850.0,25900,ATM-4,PUT,26100,2025-12-02
2025-12-02 11:34:00+05:30,1.55,1.6,1.5,1.55,657300,8076525,14.03409,26066.7,25850.0,25900,ATM-4,PUT,26100,2025-12-02
2025-12-02 11:35:00+05:30,1.55,1.55,1.45,1.5,964650,8076525,13.970955,26066.8,25850.0,25900,ATM-4,PUT,26100,2025-12-02
2025-12-02 11:36:00+05:30,1.5,1.6,1.45,1.55,663600,8076525,14.000729,26065.6,25850.0,25900,ATM-4,PUT,26100,2025-12-02
2025-12-02 11:37:00+05:30,1.5,1.55,1.45,1.5,198675,8098725,14.024042,26067.35,25850.0,25900,ATM-4,PUT,26100,2025-12-02
2025-12-02 11:38:00+05:30,1.45,1.55,1.35,1.35,778950,8098725,14.077547,26073.05,25850.0,25900,ATM-4,PUT,26100,2025-12-02
2025-12-02 11:39:00+05:30,1.35,1.4,1.35,1.4,179925,8098725,14.115181,26071.85,25850.0,25900,ATM-4,PUT,26100,2025-12-02
2025-12-02 11:40:00+05:30,1.4,1.4,1.35,1.35,442500,8057100,13.978275,26070.65,25850.0,25900,ATM-4,PUT,26100,2025-12-02
2025-12-02 11:41:00+05:30,1.4,1.5,1.35,1.45,494250,8057100,13.812515,26063.95,25850.0,25900,ATM-4,PUT,26100,2025-12-02
2025-12-02 11:42:00+05:30,1.45,1.55,1.45,1.5,266100,8057100,13.906678,26063.95,25850.0,25900,ATM-4,PUT,26100,2025-12-02
2025-12-02 11:43:00+05:30,1.45,1.5,1.45,1.5,231825,8001975,13.926836,26064.1,25850.0,25900,ATM-4,PUT,26100,2025-12-02
2025-12-02 11:44:00+05:30,1.45,1.5,1.4,1.5,694200,8001975,13.896918,26063.3,25850.0,25900,ATM-4,PUT,26100,2025-12-02
2025-12-02 11:45:00+05:30,1.45,1.5,1.4,1.45,288150,8001975,13.769157,26062.2,25850.0,25900,ATM-4,PUT,26100,2025-12-02
2025-12-02 11:46:00+05:30,1.45,1.5,1.4,1.45,370425,8156025,13.757624,26061.75,25850.0,25900,ATM-4,PUT,26100,2025-12-02
2025-12-02 11:47:00+05:30,1.4,1.55,1.4,1.45,498000,8156025,13.727615,26060.95,25850.0,25900,ATM-4,PUT,26100,2025-12-02
2025-12-02 11:48:00+05:30,1.4,1.5,1.35,1.4,662850,8156025,13.764037,26063.0,25850.0,25900,ATM-4,PUT,26100,2025-12-02
2025-12-02 11:49:00+05:30,1.4,1.4,1.3,1.3,702000,8273850,13.917157,26069.05,25850.0,25900,ATM-4,PUT,26100,2025-12-02
2025-12-02 11:50:00+05:30,1.3,1.4,1.3,1.35,707175,8273850,13.749731,26063.9,25850.0,25900,ATM-4,PUT,26100,2025-12-02
2025-12-02 11:51:00+05:30,1.35,1.45,1.35,1.45,672225,8273850,13.869243,26062.7,25850.0,25900,ATM-4,PUT,26100,2025-12-02
2025-12-02 11:52:00+05:30,1.4,1.55,1.4,1.45,1103625,8070825,13.749124,26060.2,25850.0,25900,ATM-4,PUT,26100,2025-12-02
2025-12-02 11:53:00+05:30,1.45,1.5,1.4,1.45,617100,8070825,13.628599,26057.7,25850.0,25900,ATM-4,PUT,26100,2025-12-02
2025-12-02 11:54:00+05:30,1.5,1.55,1.4,1.45,2020875,8070825,13.403623,26053.25,25850.0,25900,ATM-4,PUT,26100,2025-12-02
2025-12-02 11:55:00+05:30,1.45,1.5,1.4,1.45,816225,7922475,13.115912,26047.65,25850.0,25900,ATM-4,PUT,26100,2025-12-02
2025-12-02 11:56:00+05:30,1.45,1.5,1.4,1.4,1058850,7922475,12.998636,26046.75,25850.0,25900,ATM-4,PUT,26100,2025-12-02
2025-12-02 11:57:00+05:30,1.45,1.45,1.35,1.4,839025,7922475,13.098607,26048.4,25850.0,25900,ATM-4,PUT,26100,2025-12-02
2025-12-02 11:58:00+05:30,1.4,1.45,1.3,1.35,663300,7972725,13.213634,26051.9,25850.0,25900,ATM-4,PUT,26100,2025-12-02
2025-12-02 11:59:00+05:30,1.35,1.4,1.3,1.35,1042650,7972725,13.323962,26053.75,25850.0,25900,ATM-4,PUT,26100,2025-12-02
2025-12-02 12:00:00+05:30,1.35,1.5,1.3,1.5,1018425,7972725,13.208882,26046.8,25850.0,25900,ATM-4,PUT,26100,2025-12-02
2025-12-02 12:01:00+05:30,1.5,1.6,1.45,1.55,868875,7798425,13.181746,26044.65,25850.0,25900,ATM-4,PUT,26100,2025-12-02
2025-12-02 12:02:00+05:30,1.5,1.6,1.35,1.45,1150500,7798425,13.393336,26051.25,25850.0,25900,ATM-4,PUT,26100,2025-12-02
2025-12-02 12:03:00+05:30,1.4,1.45,1.3,1.4,1211850,7798425,13.558974,26055.65,25850.0,25900,ATM-4,PUT,26100,2025-12-02
2025-12-02 12:04:00+05:30,1.4,1.45,1.4,1.4,87750,7798425,13.399816,26052.45,25850.0,25900,ATM-4,PUT,26100,2025-12-02
2025-12-02 12:05:00+05:30,1.4,1.55,1.4,1.55,444675,7792650,13.109475,26042.45,25850.0,25900,ATM-4,PUT,26100,2025-12-02
2025-12-02 12:06:00+05:30,1.55,1.55,1.45,1.5,359100,7792650,13.270507,26046.6,25850.0,25900,ATM-4,PUT,26100,2025-12-02
2025-12-02 12:07:00+05:30,1.5,1.55,1.35,1.35,437175,7792650,13.533949,26055.85,25850.0,25900,ATM-4,PUT,26100,2025-12-02
2025-12-02 12:08:00+05:30,1.4,1.45,1.35,1.45,197475,7619025,13.483462,26051.55,25850.0,25900,ATM-4,PUT,26100,2025-12-02
2025-12-02 12:09:00+05:30,1.4,1.45,1.35,1.4,467400,7619025,13.590848,26054.85,25850.0,25900,ATM-4,PUT,26100,2025-12-02
2025-12-02 12:10:00+05:30,1.4,1.45,1.35,1.4,272100,7619025,13.487486,26052.7,25850.0,25900,ATM-4,PUT,26100,2025-12-02
2025-12-02 12:11:00+05:30,1.45,1.45,1.4,1.45,129300,7650525,13.764841,26056.05,25850.0,25900,ATM-4,PUT,26100,2025-12-02
2025-12-02 12:12:00+05:30,1.4,1.45,1.35,1.35,296400,7650525,13.744245,26058.6,25850.0,25900,ATM-4,PUT,26100,2025-12-02
2025-12-02 12:13:00+05:30,1.4,1.45,1.35,1.45,83100,7650525,13.814867,26056.5,25850.0,25900,ATM-4,PUT,26100,2025-12-02
2025-12-02 12:14:00+05:30,1.45,1.5,1.4,1.4,441375,7724025,13.475367,26051.55,25850.0,25900,ATM-4,PUT,26100,2025-12-02
2025-12-02 12:15:00+05:30,1.45,1.5,1.4,1.45,256425,7724025,13.633962,26052.7,25850.0,25900,ATM-4,PUT,26100,2025-12-02
2025-12-02 12:16:00+05:30,1.4,1.55,1.35,1.5,859125,7724025,13.542365,26049.3,25850.0,25900,ATM-4,PUT,26100,2025-12-02
2025-12-02 12:17:00+05:30,1.5,1.5,1.35,1.4,346875,7780800,14.014614,26060.8,25850.0,25900,ATM-4,PUT,26100,2025-12-02
2025-12-02 12:18:00+05:30,1.4,1.45,1.35,1.4,285675,7780800,13.900559,26058.45,25850.0,25900,ATM-4,PUT,26100,2025-12-02
2025-12-02 12:19:00+05:30,1.4,1.4,1.3,1.3,564450,7780800,13.629817,26056.45,25850.0,25900,ATM-4,PUT,26100,2025-12-02
2025-12-02 12:20:00+05:30,1.35,1.35,1.3,1.35,464175,7800900,13.820619,26058.1,25850.0,25900,ATM-4,PUT,26100,2025-12-02
2025-12-02 12:21:00+05:30,1.35,1.35,1.3,1.35,67650,7800900,13.82557,26057.95,25850.0,25900,ATM-4,PUT,26100,2025-12-02
2025-12-02 12:22:00+05:30,1.35,1.35,1.3,1.3,162075,7800900,13.851735,26059.85,25850.0,25900,ATM-4,PUT,26100,2025-12-02
2025-12-02 12:23:00+05:30,1.3,1.35,1.3,1.35,81600,7835625,13.857237,26058.05,25850.0,25900,ATM-4,PUT,26100,2025-12-02
2025-12-02 12:24:00+05:30,1.3,1.35,1.2,1.2,553950,7835625,13.966386,26065.0,25850.0,25900,ATM-4,PUT,26100,2025-12-02
2025-12-02 12:25:00+05:30,1.25,1.3,1.2,1.25,566850,7835625,13.95489,26062.75,25850.0,25900,ATM-4,PUT,26100,2025-12-02
2025-12-02 12:26:00+05:30,1.2,1.3,1.15,1.2,974775,7697175,13.872933,26062.75,25850.0,25900,ATM-4,PUT,26100,2025-12-02
2025-12-02 12:27:00+05:30,1.15,1.25,1.15,1.25,148725,7697175,13.917065,26061.55,25850.0,25900,ATM-4,PUT,26100,2025-12-02
2025-12-02 12:28:00+05:30,1.2,1.25,1.2,1.2,60450,7697175,13.733428,26059.65,25850.0,25900,ATM-4,PUT,26100,2025-12-02
2025-12-02 12:29:00+05:30,1.25,1.25,1.15,1.15,706125,7608750,14.01193,26066.45,25850.0,25900,ATM-4,PUT,26100,2025-12-02
2025-12-02 12:30:00+05:30,1.2,1.2,1.15,1.15,115500,7608750,14.012096,26066.2,25850.0,25900,ATM-4,PUT,26100,2025-12-02
2025-12-02 12:31:00+05:30,1.2,1.2,1.15,1.2,434475,7608750,13.979967,26063.5,25850.0,25900,ATM-4,PUT,26100,2025-12-02
2025-12-02 12:32:00+05:30,1.15,1.2,1.1,1.15,242025,7563900,14.0098,26065.65,25850.0,25900,ATM-4,PUT,26100,2025-12-02
2025-12-02 12:33:00+05:30,1.1,1.15,1.1,1.1,425100,7563900,14.276801,26072.35,25850.0,25900,ATM-4,PUT,26100,2025-12-02
2025-12-02 12:34:00+05:30,1.15,1.15,1.05,1.1,923400,7563900,14.364844,26073.75,25850.0,25900,ATM-4,PUT,26100,2025-12-02
2025-12-02 12:35:00+05:30,1.65,1.65,1.5,1.55,2297775,14704800,12.960123,26083.6,25900.0,25900,ATM-4,PUT,26100,2025-12-02
2025-12-02 12:36:00+05:30,1.5,1.6,1.5,1.6,941100,14704800,12.823252,26079.65,25900.0,25900,ATM-4,PUT,26100,2025-12-02
2025-12-02 12:37:00+05:30,1.6,1.65,1.55,1.6,607950,14704800,12.732765,26077.85,25900.0,25900,ATM-4,PUT,26100,2025-12-02
2025-12-02 12:38:00+05:30,1.0,1.1,1.0,1.1,872475,7417575,14.341239,26072.25,25850.0,25900,ATM-4,PUT,26100,2025-12-02
2025-12-02 12:39:00+05:30,1.1,1.1,1.05,1.05,140550,7417575,14.250606,26072.3,25850.0,25900,ATM-4,PUT,26100,2025-12-02
2025-12-02 12:40:00+05:30,1.1,1.1,1.05,1.05,81075,7417575,14.322897,26073.4,25850.0,25900,ATM-4,PUT,26100,2025-12-02
2025-12-02 12:41:00+05:30,1.1,1.15,1.05,1.15,553275,7334925,14.17381,26066.4,25850.0,25900,ATM-4,PUT,26100,2025-12-02
2025-12-02 12:42:00+05:30,1.1,1.15,1.1,1.15,191025,7334925,13.969321,26062.35,25850.0,25900,ATM-4,PUT,26100,2025-12-02
2025-12-02 12:43:00+05:30,1.15,1.15,1.1,1.1,622950,7334925,13.84085,26061.6,25850.0,25900,ATM-4,PUT,26100,2025-12-02
2025-12-02 12:44:00+05:30,1.1,1.15,1.05,1.05,803475,7369125,13.696289,26060.6,25850.0,25900,ATM-4,PUT,26100,2025-12-02
2025-12-02 12:45:00+05:30,1.05,1.1,1.05,1.1,157350,7369125,13.771233,26059.8,25850.0,25900,ATM-4,PUT,26100,2025-12-02
2025-12-02 12:46:00+05:30,1.05,1.1,1.0,1.0,414825,7369125,13.32433,26055.15,25850.0,25900,ATM-4,PUT,26100,2025-12-02
2025-12-02 12:47:00+05:30,1.05,1.05,1.0,1.0,293550,7341300,13.388527,26056.1,25850.0,25900,ATM-4,PUT,26100,2025-12-02
2025-12-02 12:48:00+05:30,0.95,1.05,0.95,1.0,412050,7341300,13.329439,26054.75,25850.0,25900,ATM-4,PUT,26100,2025-12-02
2025-12-02 12:49:00+05:30,1.05,1.1,1.0,1.1,1095825,7341300,13.260846,26049.4,25850.0,25900,ATM-4,PUT,26100,2025-12-02
2025-12-02 12:50:00+05:30,1.1,1.1,1.0,1.1,474450,7364850,13.32051,26050.25,25850.0,25900,ATM-4,PUT,26100,2025-12-02
2025-12-02 12:51:00+05:30,1.1,1.1,1.0,1.05,436950,7364850,13.240085,26050.4,25850.0,25900,ATM-4,PUT,26100,2025-12-02
2025-12-02 12:52:00+05:30,1.05,1.05,1.0,1.05,430650,7364850,13.218032,26049.75,25850.0,25900,ATM-4,PUT,26100,2025-12-02
2025-12-02 12:53:00+05:30,1.05,1.1,1.0,1.05,824775,7391475,13.206831,26049.3,25850.0,25900,ATM-4,PUT,26100,2025-12-02
2025-12-02 12:54:00+05:30,1.05,1.25,1.0,1.25,1144575,7391475,13.310867,26043.9,25850.0,25900,ATM-4,PUT,26100,2025-12-02
2025-12-02 12:55:00+05:30,1.2,1.25,1.1,1.15,1062450,7391475,13.166906,26044.45,25850.0,25900,ATM-4,PUT,26100,2025-12-02
2025-12-02 12:56:00+05:30,1.15,1.3,1.1,1.25,1420125,7381050,13.161191,26040.75,25850.0,25900,ATM-4,PUT,26100,2025-12-02
2025-12-02 12:57:00+05:30,1.25,1.3,1.2,1.2,851775,7381050,12.970609,26038.75,25850.0,25900,ATM-4,PUT,26100,2025-12-02
2025-12-02 12:58:00+05:30,1.25,1.25,1.15,1.2,380850,7381050,13.107008,26040.95,25850.0,25900,ATM-4,PUT,26100,2025-12-02
2025-12-02 12:59:00+05:30,1.1,1.2,1.05,1.05,1281000,7514250,12.842393,26041.2,25850.0,25900,ATM-4,PUT,26100,2025-12-02
2025-12-02 13:00:00+05:30,1.1,1.1,1.0,1.05,352950,7514250,12.841746,26040.95,25850.0,25900,ATM-4,PUT,26100,2025-12-02
2025-12-02 13:01:00+05:30,1.05,1.15,1.05,1.15,1052475,7514250,12.859536,26037.5,25850.0,25900,ATM-4,PUT,26100,2025-12-02
2025-12-02 13:02:00+05:30,1.15,1.15,1.05,1.1,326100,7507350,12.868188,26039.15,25850.0,25900,ATM-4,PUT,26100,2025-12-02
2025-12-02 13:03:00+05:30,1.1,1.15,1.05,1.1,359850,7507350,12.856325,26038.7,25850.0,25900,ATM-4,PUT,26100,2025-12-02
2025-12-02 13:04:00+05:30,1.15,1.15,0.95,1.05,947025,7507350,13.024674,26043.3,25850.0,25900,ATM-4,PUT,26100,2025-12-02
2025-12-02 13:05:00+05:30,1.05,1.2,0.95,1.15,1530975,7481550,12.766284,26034.9,25850.0,25900,ATM-4,PUT,26100,2025-12-02
2025-12-02 13:06:00+05:30,1.2,1.2,1.1,1.1,901500,7481550,12.697479,26035.15,25850.0,25900,ATM-4,PUT,26100,2025-12-02
2025-12-02 13:07:00+05:30,1.1,1.15,1.0,1.0,547500,7481550,12.750818,26039.5,25850.0,25900,ATM-4,PUT,26100,2025-12-02
2025-12-02 13:08:00+05:30,1.05,1.05,0.85,0.85,1173750,7620975,12.647525,26043.45,25850.0,25900,ATM-4,PUT,26100,2025-12-02
2025-12-02 13:09:00+05:30,0.9,0.9,0.85,0.9,623625,7620975,13.214496,26051.5,25850.0,25900,ATM-4,PUT,26100,2025-12-02
2025-12-02 13:10:00+05:30,0.9,0.95,0.85,0.95,1211700,7620975,12.648033,26038.85,25850.0,25900,ATM-4,PUT,26100,2025-12-02
2025-12-02 13:11:00+05:30,0.85,0.95,0.85,0.9,941325,7422225,12.531814,26038.5,25850.0,25900,ATM-4,PUT,26100,2025-12-02
2025-12-02 13:12:00+05:30,0.9,0.95,0.85,0.9,321750,7422225,12.512014,26037.9,25850.0,25900,ATM-4,PUT,26100,2025-12-02
2025-12-02 13:13:00+05:30,0.9,0.95,0.85,0.95,370125,7422225,12.7266,26039.55,25850.0,25900,ATM-4,PUT,26100,2025-12-02
2025-12-02 13:14:00+05:30,0.95,1.0,0.9,0.95,298875,7417500,12.5321,26035.8,25850.0,25900,ATM-4,PUT,26100,2025-12-02
2025-12-02 13:15:00+05:30,0.95,1.0,0.95,0.95,209025,7417500,12.581433,26036.45,25850.0,25900,ATM-4,PUT,26100,2025-12-02
2025-12-02 13:16:00+05:30,1.0,1.0,0.95,1.0,408825,7417500,12.513525,26033.1,25850.0,25900,ATM-4,PUT,26100,2025-12-02
2025-12-02 13:17:00+05:30,0.95,1.05,0.95,1.05,1209750,7646700,12.628994,26033.1,25850.0,25900,ATM-4,PUT,26100,2025-12-02
2025-12-02 13:18:00+05:30,1.05,1.05,0.95,0.95,178500,7646700,12.543407,26035.05,25850.0,25900,ATM-4,PUT,26100,2025-12-02
2025-12-02 13:19:00+05:30,0.95,1.0,0.95,0.95,91050,7646700,12.553983,26035.0,25850.0,25900,ATM-4,PUT,26100,2025-12-02
2025-12-02 13:20:00+05:30,0.95,1.1,0.95,1.0,1116375,7662375,12.614687,26033.95,25850.0,25900,ATM-4,PUT,26100,2025-12-02
2025-12-02 13:21:00+05:30,1.0,1.05,0.9,0.95,954750,7662375,12.538843,26034.25,25850.0,25900,ATM-4,PUT,26100,2025-12-02
2025-12-02 13:22:00+05:30,0.9,0.95,0.85,0.9,502425,7662375,12.700945,26038.9,25850.0,25900,ATM-4,PUT,26100,2025-12-02
2025-12-02 13:23:00+05:30,0.9,0.95,0.8,0.85,1067850,7695675,12.951511,26045.3,25850.0,25900,ATM-4,PUT,26100,2025-12-02
2025-12-02 13:24:00+05:30,0.8,0.85,0.8,0.85,159225,7695675,12.990235,26045.75,25850.0,25900,ATM-4,PUT,26100,2025-12-02
2025-12-02 13:25:00+05:30,0.85,0.9,0.8,0.85,917625,7695675,12.783663,26041.75,25850.0,25900,ATM-4,PUT,26100,2025-12-02
2025-12-02 13:26:00+05:30,0.85,0.9,0.8,0.8,197625,7692525,12.673285,26041.7,25850.0,25900,ATM-4,PUT,26100,2025-12-02
2025-12-02 13:27:00+05:30,0.8,0.85,0.8,0.8,83625,7692525,12.566023,26039.5,25850.0,25900,ATM-4,PUT,26100,2025-12-02
2025-12-02 13:28:00+05:30,0.8,0.9,0.8,0.85,998250,7692525,12.639444,26038.4,25850.0,25900,ATM-4,PUT,26100,2025-12-02
2025-12-02 13:29:00+05:30,0.8,0.85,0.8,0.8,401400,7738575,12.364163,26035.35,25850.0,25900,ATM-4,PUT,26100,2025-12-02
2025-12-02 13:30:00+05:30,0.85,0.85,0.8,0.8,505650,7738575,12.333354,26034.55,25850.0,25900,ATM-4,PUT,26100,2025-12-02
2025-12-02 13:31:00+05:30,0.8,0.85,0.8,0.8,420000,7738575,12.34404,26034.5,25850.0,25900,ATM-4,PUT,26100,2025-12-02
2025-12-02 13:32:00+05:30,0.8,0.85,0.8,0.8,172275,7749225,12.471314,26036.55,25850.0,25900,ATM-4,PUT,26100,2025-12-02
2025-12-02 13:33:00+05:30,0.85,0.85,0.75,0.75,836700,7749225,12.535959,26039.75,25850.0,25900,ATM-4,PUT,26100,2025-12-02
2025-12-02 13:34:00+05:30,0.8,0.8,0.7,0.7,448875,7749225,12.461332,26040.55,25850.0,25900,ATM-4,PUT,26100,2025-12-02
2025-12-02 13:35:00+05:30,0.75,0.8,0.7,0.8,823275,7555425,12.626551,26038.6,25850.0,25900,ATM-4,PUT,26100,2025-12-02
2025-12-02 13:36:00+05:30,0.75,0.8,0.75,0.8,207450,7555425,12.141197,26029.65,25850.0,25900,ATM-4,PUT,26100,2025-12-02
2025-12-02 13:37:00+05:30,0.8,0.8,0.75,0.8,554250,7555425,12.23584,26031.1,25850.0,25900,ATM-4,PUT,26100,2025-12-02
2025-12-02 13:38:00+05:30,0.8,0.8,0.7,0.7,786750,7604700,12.700083,26043.9,25850.0,25900,ATM-4,PUT,26100,2025-12-02
2025-12-02 13:39:00+05:30,0.7,0.8,0.7,0.75,588750,7604700,12.372841,26035.3,25850.0,25900,ATM-4,PUT,26100,2025-12-02
2025-12-02 13:40:00+05:30,0.75,0.8,0.75,0.8,184500,7604700,12.587831,26036.65,25850.0,25900,ATM-4,PUT,26100,2025-12-02
2025-12-02 13:41:00+05:30,0.8,0.85,0.75,0.8,273300,7613100,12.531857,26035.4,25850.0,25900,ATM-4,PUT,26100,2025-12-02
2025-12-02 13:42:00+05:30,0.8,0.9,0.8,0.85,1051875,7613100,12.579352,26033.85,25850.0,25900,ATM-4,PUT,26100,2025-12-02
2025-12-02 13:43:00+05:30,0.9,0.95,0.85,0.85,521550,7613100,12.514145,26032.45,25850.0,25900,ATM-4,PUT,26100,2025-12-02
2025-12-02 13:44:00+05:30,0.9,0.9,0.8,0.85,245850,7798425,12.766316,26036.65,25850.0,25900,ATM-4,PUT,26100,2025-12-02
2025-12-02 13:45:00+05:30,0.85,0.85,0.75,0.75,264750,7798425,12.473171,26035.6,25850.0,25900,ATM-4,PUT,26100,2025-12-02
2025-12-02 13:46:00+05:30,0.75,0.85,0.75,0.75,974625,7798425,12.383712,26033.75,25850.0,25900,ATM-4,PUT,26100,2025-12-02
2025-12-02 13:47:00+05:30,0.75,0.8,0.7,0.75,368475,7828875,12.730801,26039.7,25850.0,25900,ATM-4,PUT,26100,2025-12-02
2025-12-02 13:48:00+05:30,0.75,0.75,0.7,0.75,282600,7828875,13.018899,26044.6,25850.0,25900,ATM-4,PUT,26100,2025-12-02
2025-12-02 13:49:00+05:30,0.7,0.8,0.7,0.8,626550,7828875,12.990088,26041.5,25850.0,25900,ATM-4,PUT,26100,2025-12-02
2025-12-02 13:50:00+05:30,0.8,0.85,0.75,0.85,468000,7749675,13.12108,26041.35,25850.0,25900,ATM-4,PUT,26100,2025-12-02
2025-12-02 13:51:00+05:30,0.8,0.85,0.75,0.8,493950,7749675,13.36093,26047.55,25850.0,25900,ATM-4,PUT,26100,2025-12-02
2025-12-02 13:52:00+05:30,0.75,0.8,0.75,0.75,255300,7749675,13.316409,26048.85,25850.0,25900,ATM-4,PUT,26100,2025-12-02
2025-12-02 13:53:00+05:30,0.75,0.85,0.75,0.85,317175,7543575,13.331581,26044.25,25850.0,25900,ATM-4,PUT,26100,2025-12-02
2025-12-02 13:54:00+05:30,0.85,0.85,0.75,0.75,296925,7543575,12.996461,26042.6,25850.0,25900,ATM-4,PUT,26100,2025-12-02
2025-12-02 13:55:00+05:30,0.8,0.85,0.75,0.85,334125,7543575,13.076706,26039.25,25850.0,25900,ATM-4,PUT,26100,2025-12-02
2025-12-02 13:56:00+05:30,0.8,0.85,0.7,0.75,543525,7749525,13.523939,26051.45,25850.0,25900,ATM-4,PUT,26100,2025-12-02
2025-12-02 13:57:00+05:30,0.7,0.75,0.7,0.7,324075,7749525,13.587971,26054.85,25850.0,25900,ATM-4,PUT,26100,2025-12-02
2025-12-02 13:58:00+05:30,0.75,0.75,0.7,0.75,438975,7749525,13.925539,26058.05,25850.0,25900,ATM-4,PUT,26100,2025-12-02
2025-12-02 13:59:00+05:30,0.75,0.75,0.7,0.7,246150,7969350,13.87555,26059.45,25850.0,25900,ATM-4,PUT,26100,2025-12-02
2025-12-02 14:00:00+05:30,0.75,0.75,0.7,0.7,201000,7969350,13.362074,26049.95,25850.0,25900,ATM-4,PUT,26100,2025-12-02
2025-12-02 14:01:00+05:30,0.7,0.75,0.65,0.65,620025,7969350,12.77674,26041.8,25850.0,25900,ATM-4,PUT,26100,2025-12-02
2025-12-02 14:02:00+05:30,0.65,0.7,0.65,0.65,165750,7863000,13.026102,26046.0,25850.0,25900,ATM-4,PUT,26100,2025-12-02
2025-12-02 14:03:00+05:30,0.65,0.7,0.6,0.65,686325,7863000,13.367241,26051.85,25850.0,25900,ATM-4,PUT,26100,2025-12-02
2025-12-02 14:04:00+05:30,0.65,0.65,0.6,0.65,224550,7863000,13.549886,26054.85,25850.0,25900,ATM-4,PUT,26100,2025-12-02
2025-12-02 14:05:00+05:30,0.65,0.7,0.6,0.65,917850,7984200,13.602131,26055.5,25850.0,25900,ATM-4,PUT,26100,2025-12-02
2025-12-02 14:06:00+05:30,0.7,0.7,0.6,0.65,348975,7984200,12.790679,26040.7,25850.0,25900,ATM-4,PUT,26100,2025-12-02
2025-12-02 14:07:00+05:30,0.6,0.65,0.6,0.6,192375,7984200,12.662842,26040.85,25850.0,25900,ATM-4,PUT,26100,2025-12-02
2025-12-02 14:08:00+05:30,0.65,0.65,0.55,0.6,785025,7943850,13.734931,26059.9,25850.0,25900,ATM-4,PUT,26100,2025-12-02
2025-12-02 14:09:00+05:30,0.6,0.6,0.55,0.6,278175,7943850,13.698919,26058.95,25850.0,25900,ATM-4,PUT,26100,2025-12-02
2025-12-02 14:10:00+05:30,0.55,0.6,0.5,0.5,723075,7943850,13.253356,26056.9,25850.0,25900,ATM-4,PUT,26100,2025-12-02
2025-12-02 14:11:00+05:30,0.5,0.55,0.5,0.5,243225,7829775,13.092419,26053.65,25850.0,25900,ATM-4,PUT,26100,2025-12-02
2025-12-02 14:12:00+05:30,0.55,0.55,0.5,0.55,153000,7829775,13.231159,26052.65,25850.0,25900,ATM-4,PUT,26100,2025-12-02
2025-12-02 14:13:00+05:30,0.55,0.55,0.5,0.55,205275,7829775,13.271998,26053.1,25850.0,25900,ATM-4,PUT,26100,2025-12-02
2025-12-02 14:14:00+05:30,0.5,0.55,0.45,0.5,890850,7731300,12.668558,26045.05,25850.0,25900,ATM-4,PUT,26100,2025-12-02
2025-12-02 14:15:00+05:30,0.5,0.55,0.5,0.5,619275,7731300,12.74445,26046.15,25850.0,25900,ATM-4,PUT,26100,2025-12-02
2025-12-02 14:16:00+05:30,0.55,0.55,0.5,0.55,262050,7731300,12.820494,26044.1,25850.0,25900,ATM-4,PUT,26100,2025-12-02
2025-12-02 14:17:00+05:30,0.5,0.55,0.5,0.55,147225,7690050,12.618402,26040.2,25850.0,25900,ATM-4,PUT,26100,2025-12-02
2025-12-02 14:18:00+05:30,0.5,0.55,0.5,0.5,543750,7690050,12.636531,26043.35,25850.0,25900,ATM-4,PUT,26100,2025-12-02
2025-12-02 14:19:00+05:30,0.55,0.55,0.5,0.55,222900,7690050,12.806121,26043.0,25850.0,25900,ATM-4,PUT,26100,2025-12-02
2025-12-02 14:20:00+05:30,0.55,0.55,0.45,0.5,1120950,7598475,12.456745,26039.55,25850.0,25900,ATM-4,PUT,26100,2025-12-02
2025-12-02 14:21:00+05:30,0.55,0.55,0.5,0.55,258600,7598475,12.489292,26036.8,25850.0,25900,ATM-4,PUT,26100,2025-12-02
2025-12-02 14:22:00+05:30,0.55,0.6,0.5,0.55,1531200,7598475,12.338258,26033.85,25850.0,25900,ATM-4,PUT,26100,2025-12-02
2025-12-02 14:23:00+05:30,0.55,0.6,0.55,0.6,337050,7597350,12.467062,26033.05,25850.0,25900,ATM-4,PUT,26100,2025-12-02
2025-12-02 14:24:00+05:30,0.6,0.6,0.5,0.55,1196325,7597350,12.255595,26031.85,25850.0,25900,ATM-4,PUT,26100,2025-12-02
2025-12-02 14:25:00+05:30,0.55,0.6,0.5,0.5,475800,7597350,12.763084,26043.65,25850.0,25900,ATM-4,PUT,26100,2025-12-02
2025-12-02 14:26:00+05:30,0.55,0.55,0.5,0.55,191475,7629675,12.869702,26042.15,25850.0,25900,ATM-4,PUT,26100,2025-12-02
2025-12-02 14:27:00+05:30,0.55,0.55,0.5,0.55,422625,7629675,12.591359,26036.95,25850.0,25900,ATM-4,PUT,26100,2025-12-02
2025-12-02 14:28:00+05:30,0.55,0.55,0.45,0.5,410700,7629675,12.508328,26038.25,25850.0,25900,ATM-4,PUT,26100,2025-12-02
2025-12-02 14:29:00+05:30,0.5,0.55,0.45,0.45,1020675,7651350,12.514406,26041.4,25850.0,25900,ATM-4,PUT,26100,2025-12-02
2025-12-02 14:30:00+05:30,0.45,0.55,0.45,0.5,516975,7651350,12.500504,26037.55,25850.0,25900,ATM-4,PUT,26100,2025-12-02
2025-12-02 14:31:00+05:30,0.55,0.55,0.5,0.5,801525,7651350,12.425989,26035.95,25850.0,25900,ATM-4,PUT,26100,2025-12-02
2025-12-02 14:32:00+05:30,0.5,0.55,0.5,0.5,278400,7607925,12.376748,26034.8,25850.0,25900,ATM-4,PUT,26100,2025-12-02
2025-12-02 14:33:00+05:30,0.55,0.55,0.45,0.5,387900,7607925,12.389622,26034.75,25850.0,25900,ATM-4,PUT,26100,2025-12-02
2025-12-02 14:34:00+05:30,0.45,0.55,0.45,0.5,627075,7607925,12.600944,26038.2,25850.0,25900,ATM-4,PUT,26100,2025-12-02
2025-12-02 14:35:00+05:30,0.5,0.55,0.45,0.5,595350,7573950,12.583012,26037.6,25850.0,25900,ATM-4,PUT,26100,2025-12-02
2025-12-02 14:36:00+05:30,0.45,0.5,0.4,0.4,1171500,10790400,13.806545,26016.1,25800.0,25900,ATM-4,PUT,26100,2025-12-02
2025-12-02 14:37:00+05:30,0.45,0.5,0.4,0.4,1424625,10790400,13.118605,26003.25,25800.0,25900,ATM-4,PUT,26100,2025-12-02
2025-12-02 14:38:00+05:30,0.45,0.45,0.35,0.35,1291500,10607775,13.214688,26008.95,25800.0,25900,ATM-4,PUT,26100,2025-12-02
2025-12-02 14:39:00+05:30,0.35,0.4,0.35,0.35,604725,10607775,13.4903,26013.7,25800.0,25900,ATM-4,PUT,26100,2025-12-02
2025-12-02 14:40:00+05:30,0.4,0.4,0.35,0.35,592275,10607775,13.297936,26009.85,25800.0,25900,ATM-4,PUT,26100,2025-12-02
2025-12-02 14:41:00+05:30,0.35,0.4,0.35,0.35,392400,10589925,13.326179,26010.05,25800.0,25900,ATM-4,PUT,26100,2025-12-02
2025-12-02 14:42:00+05:30,0.4,0.4,0.35,0.35,276525,10589925,13.403477,26011.15,25800.0,25900,ATM-4,PUT,26100,2025-12-02
2025-12-02 14:43:00+05:30,0.35,0.4,0.35,0.35,583800,10589925,13.213505,26007.35,25800.0,25900,ATM-4,PUT,26100,2025-12-02
2025-12-02 14:44:00+05:30,0.35,0.4,0.35,0.35,558825,10599600,13.375784,26010.0,25800.0,25900,ATM-4,PUT,26100,2025-12-02
2025-12-02 14:45:00+05:30,0.35,0.4,0.35,0.35,301950,10599600,13.362807,26009.4,25800.0,25900,ATM-4,PUT,26100,2025-12-02
2025-12-02 14:46:00+05:30,0.35,0.4,0.3,0.3,499200,10599600,13.229972,26011.5,25800.0,25900,ATM-4,PUT,26100,2025-12-02
2025-12-02 14:47:00+05:30,0.3,0.35,0.3,0.3,142350,10816050,13.260333,26011.75,25800.0,25900,ATM-4,PUT,26100,2025-12-02
2025-12-02 14:48:00+05:30,0.3,0.35,0.3,0.35,509850,10816050,13.817504,26016.75,25800.0,25900,ATM-4,PUT,26100,2025-12-02
2025-12-02 14:49:00+05:30,0.35,0.35,0.3,0.3,371250,10816050,13.63667,26018.05,25800.0,25900,ATM-4,PUT,26100,2025-12-02
2025-12-02 14:50:00+05:30,0.35,0.35,0.25,0.25,1002675,10419525,13.272556,26016.55,25800.0,25900,ATM-4,PUT,26100,2025-12-02
2025-12-02 14:51:00+05:30,0.25,0.3,0.25,0.25,568425,10419525,13.407148,26018.75,25800.0,25900,ATM-4,PUT,26100,2025-12-02
2025-12-02 14:52:00+05:30,0.25,0.3,0.25,0.25,488250,10419525,13.508782,26020.3,25800.0,25900,ATM-4,PUT,26100,2025-12-02
2025-12-02 14:53:00+05:30,0.25,0.3,0.25,0.3,330525,10564050,13.781302,26019.35,25800.0,25900,ATM-4,PUT,26100,2025-12-02
2025-12-02 14:54:00+05:30,0.25,0.3,0.25,0.25,982350,10564050,13.048936,26010.8,25800.0,25900,ATM-4,PUT,26100,2025-12-02
2025-12-02 14:55:00+05:30,0.25,0.3,0.25,0.3,850125,10564050,13.2936,26009.45,25800.0,25900,ATM-4,PUT,26100,2025-12-02
2025-12-02 14:56:00+05:30,0.25,0.3,0.25,0.3,740700,10800150,13.211253,26007.65,25800.0,25900,ATM-4,PUT,26100,2025-12-02
2025-12-02 14:57:00+05:30,0.3,0.35,0.25,0.35,678825,10800150,13.079128,26000.2,25800.0,25900,ATM-4,PUT,26100,2025-12-02
2025-12-02 14:58:00+05:30,0.3,0.4,0.3,0.3,870450,10800150,13.399744,26010.45,25800.0,25900,ATM-4,PUT,26100,2025-12-02
2025-12-02 14:59:00+05:30,0.3,0.35,0.25,0.25,537975,10839150,13.553588,26018.75,25800.0,25900,ATM-4,PUT,26100,2025-12-02
2025-12-02 15:00:00+05:30,0.25,0.3,0.25,0.25,658350,10839150,13.197944,26011.85,25800.0,25900,ATM-4,PUT,26100,2025-12-02
2025-12-02 15:01:00+05:30,0.3,0.3,0.2,0.2,696000,10839150,13.400729,26021.95,25800.0,25900,ATM-4,PUT,26100,2025-12-02
2025-12-02 15:02:00+05:30,0.2,0.25,0.2,0.2,547800,10690500,13.440305,26022.35,25800.0,25900,ATM-4,PUT,26100,2025-12-02
2025-12-02 15:03:00+05:30,0.25,0.25,0.15,0.2,775125,10690500,13.350571,26020.3,25800.0,25900,ATM-4,PUT,26100,2025-12-02
2025-12-02 15:04:00+05:30,0.15,0.2,0.15,0.15,444675,10690500,13.10845,26023.6,25800.0,25900,ATM-4,PUT,26100,2025-12-02
2025-12-02 15:05:00+05:30,0.2,0.2,0.1,0.15,1150725,10329225,13.087999,26022.85,25800.0,25900,ATM-4,PUT,26100,2025-12-02
2025-12-02 15:06:00+05:30,0.15,0.15,0.1,0.15,472500,10329225,12.992644,26020.65,25800.0,25900,ATM-4,PUT,26100,2025-12-02
2025-12-02 15:07:00+05:30,0.15,0.15,0.1,0.1,239475,10329225,12.653464,26024.6,25800.0,25900,ATM-4,PUT,26100,2025-12-02
2025-12-02 15:08:00+05:30,0.1,0.15,0.1,0.1,570300,6989850,10.238524,26026.8,25850.0,25900,ATM-4,PUT,26100,2025-12-02
2025-12-02 15:09:00+05:30,0.1,0.15,0.1,0.1,435150,6989850,10.234983,26026.45,25850.0,25900,ATM-4,PUT,26100,2025-12-02
2025-12-02 15:10:00+05:30,0.1,0.15,0.1,0.15,362775,6989850,10.937704,26030.5,25850.0,25900,ATM-4,PUT,26100,2025-12-02
2025-12-02 15:11:00+05:30,0.15,0.15,0.05,0.1,669900,6610725,10.608876,26033.2,25850.0,25900,ATM-4,PUT,26100,2025-12-02
2025-12-02 15:12:00+05:30,0.05,0.1,0.05,0.05,420750,6610725,9.912528,26033.4,25850.0,25900,ATM-4,PUT,26100,2025-12-02
2025-12-02 15:13:00+05:30,0.05,0.1,0.05,0.05,208725,6610725,10.136424,26037.75,25850.0,25900,ATM-4,PUT,26100,2025-12-02
2025-12-02 15:14:00+05:30,0.1,0.1,0.05,0.05,405000,6625350,10.102571,26036.75,25850.0,25900,ATM-4,PUT,26100,2025-12-02
2025-12-02 15:15:00+05:30,0.05,0.1,0.05,0.05,442875,6625350,9.974285,26033.8,25850.0,25900,ATM-4,PUT,26100,2025-12-02
2025-12-02 15:16:00+05:30,0.05,0.1,0.05,0.05,425775,6625350,10.163009,26037.4,25850.0,25900,ATM-4,PUT,26100,2025-12-02
2025-12-02 15:17:00+05:30,0.05,0.1,0.05,0.1,216600,6265800,10.980146,26038.65,25850.0,25900,ATM-4,PUT,26100,2025-12-02
2025-12-02 15:18:00+05:30,0.05,0.1,0.05,0.05,325725,6265800,9.966278,26032.75,25850.0,25900,ATM-4,PUT,26100,2025-12-02
2025-12-02 15:19:00+05:30,0.05,0.1,0.05,0.05,244800,6265800,10.265331,26038.6,25850.0,25900,ATM-4,PUT,26100,2025-12-02
2025-12-02 15:20:00+05:30,0.05,0.05,0.05,0.05,577875,5347425,10.583945,26044.85,25850.0,25900,ATM-4,PUT,26100,2025-12-02
2025-12-02 15:21:00+05:30,0.05,0.05,0.05,0.05,100425,5347425,10.370689,26040.15,25850.0,25900,ATM-4,PUT,26100,2025-12-02
2025-12-02 15:22:00+05:30,0.05,0.05,0.05,0.05,70050,5347425,10.415069,26040.75,25850.0,25900,ATM-4,PUT,26100,2025-12-02
2025-12-02 15:23:00+05:30,0.05,0.05,0.05,0.05,83850,5347425,10.800827,26048.35,25850.0,25900,ATM-4,PUT,26100,2025-12-02
2025-12-02 15:24:00+05:30,0.05,0.05,0.05,0.05,15900,5226225,10.940898,26050.9,25850.0,25900,ATM-4,PUT,26100,2025-12-02
2025-12-02 15:25:00+05:30,0.05,0.05,0.05,0.05,74100,5226225,11.156766,26055.0,25850.0,25900,ATM-4,PUT,26100,2025-12-02
2025-12-02 15:26:00+05:30,0.05,0.05,0.05,0.05,167925,5226225,11.019591,26051.85,25850.0,25900,ATM-4,PUT,26100,2025-12-02
2025-12-02 15:27:00+05:30,0.05,0.05,0.05,0.05,24975,5005500,11.206908,26055.35,25850.0,25900,ATM-4,PUT,26100,2025-12-02
2025-12-02 15:28:00+05:30,0.05,0.05,0.05,0.05,38100,5005500,11.26269,26056.15,25850.0,25900,ATM-4,PUT,26100,2025-12-02
2025-12-02 15:29:00+05:30,0.05,0.05,0.05,0.05,37950,5005500,11.321133,26057.0,25850.0,25900,ATM-4,PUT,26100,2025-12-02
2025-12-02 09:15:00+05:30,204.0,205.8,182.0,182.0,177450,282075,19.115043,26110.2,25950.0,25950,ATM-3,CALL,26100,2025-12-02
2025-12-02 09:16:00+05:30,179.9,193.6,177.95,187.4,209700,370425,18.464174,26118.7,25950.0,25950,ATM-3,CALL,26100,2025-12-02
2025-12-02 09:17:00+05:30,142.6,148.85,140.9,148.4,637050,3393750,16.493343,26127.05,26000.0,25950,ATM-3,CALL,26100,2025-12-02
2025-12-02 09:18:00+05:30,149.2,163.6,145.75,159.85,1416225,3393750,15.063733,26145.25,26000.0,25950,ATM-3,CALL,26100,2025-12-02
2025-12-02 09:19:00+05:30,159.15,170.85,157.05,160.45,983925,4002075,16.656537,26141.5,26000.0,25950,ATM-3,CALL,26100,2025-12-02
2025-12-02 09:20:00+05:30,160.3,170.0,158.0,167.65,801900,4002075,17.916237,26146.45,26000.0,25950,ATM-3,CALL,26100,2025-12-02
2025-12-02 09:21:00+05:30,166.05,169.0,155.9,167.75,720525,4002075,18.264731,26145.5,26000.0,25950,ATM-3,CALL,26100,2025-12-02
2025-12-02 09:22:00+05:30,169.0,171.95,160.8,166.65,580125,4135200,17.79273,26145.7,26000.0,25950,ATM-3,CALL,26100,2025-12-02
2025-12-02 09:23:00+05:30,164.6,172.45,161.7,168.6,531750,4135200,16.652839,26151.5,26000.0,25950,ATM-3,CALL,26100,2025-12-02
2025-12-02 09:24:00+05:30,168.95,171.1,163.2,165.15,474450,4135200,17.790078,26143.95,26000.0,25950,ATM-3,CALL,26100,2025-12-02
2025-12-02 09:25:00+05:30,164.5,170.35,161.65,166.05,426750,4226925,17.775963,26145.15,26000.0,25950,ATM-3,CALL,26100,2025-12-02
2025-12-02 09:26:00+05:30,165.0,171.0,161.3,171.0,441000,4226925,19.022629,26147.3,26000.0,25950,ATM-3,CALL,26100,2025-12-02
2025-12-02 09:27:00+05:30,167.5,173.05,164.9,170.45,481350,4226925,18.491415,26148.4,26000.0,25950,ATM-3,CALL,26100,2025-12-02
2025-12-02 09:28:00+05:30,169.8,172.05,165.3,165.3,402675,4278225,18.184753,26143.05,26000.0,25950,ATM-3,CALL,26100,2025-12-02
2025-12-02 09:29:00+05:30,164.0,165.3,152.4,153.2,910200,4278225,17.506589,26130.2,26000.0,25950,ATM-3,CALL,26100,2025-12-02
2025-12-02 09:30:00+05:30,201.6,202.4,183.15,183.15,147150,482475,15.207276,26122.1,25950.0,25950,ATM-3,CALL,26100,2025-12-02
2025-12-02 09:31:00+05:30,181.45,187.95,180.0,183.75,155100,509475,17.272108,26118.15,25950.0,25950,ATM-3,CALL,26100,2025-12-02
2025-12-02 09:32:00+05:30,140.45,157.2,139.5,155.6,1264125,4597800,17.908507,26132.0,26000.0,25950,ATM-3,CALL,26100,2025-12-02
2025-12-02 09:33:00+05:30,199.85,201.45,187.7,187.7,90450,509475,17.999136,26121.0,25950.0,25950,ATM-3,CALL,26100,2025-12-02
2025-12-02 09:34:00+05:30,188.6,188.6,181.5,182.95,72750,579750,18.190194,26114.9,25950.0,25950,ATM-3,CALL,26100,2025-12-02
2025-12-02 09:35:00+05:30,182.9,188.4,182.75,184.45,66150,579750,18.43719,26116.05,25950.0,25950,ATM-3,CALL,26100,2025-12-02
2025-12-02 09:36:00+05:30,183.2,186.1,176.75,185.6,112950,579750,19.538947,26114.3,25950.0,25950,ATM-3,CALL,26100,2025-12-02
2025-12-02 09:37:00+05:30,186.5,190.7,185.6,187.55,78825,657675,18.202265,26120.45,25950.0,25950,ATM-3,CALL,26100,2025-12-02
2025-12-02 09:38:00+05:30,188.2,189.05,176.7,176.75,120525,657675,17.973726,26108.25,25950.0,25950,ATM-3,CALL,26100,2025-12-02
2025-12-02 09:39:00+05:30,178.85,183.5,176.75,180.8,59175,657675,19.448395,26108.85,25950.0,25950,ATM-3,CALL,26100,2025-12-02
2025-12-02 09:40:00+05:30,181.35,184.5,171.5,171.5,129675,718725,16.926962,26104.95,25950.0,25950,ATM-3,CALL,26100,2025-12-02
2025-12-02 09:41:00+05:30,172.8,176.0,162.95,165.9,167850,718725,17.841381,26095.6,25950.0,25950,ATM-3,CALL,26100,2025-12-02
2025-12-02 09:42:00+05:30,164.65,168.75,154.25,154.25,174900,718725,15.357928,26088.75,25950.0,25950,ATM-3,CALL,26100,2025-12-02
2025-12-02 09:43:00+05:30,155.2,163.25,154.25,161.6,131475,776325,17.535494,26091.35,25950.0,25950,ATM-3,CALL,26100,2025-12-02
2025-12-02 09:44:00+05:30,161.85,163.25,151.05,151.4,175275,776325,17.351151,26079.3,25950.0,25950,ATM-3,CALL,26100,2025-12-02
2025-12-02 09:45:00+05:30,151.05,158.05,151.05,156.9,144450,776325,17.292559,26086.4,25950.0,25950,ATM-3,CALL,26100,2025-12-02
2025-12-02 09:46:00+05:30,156.65,159.0,154.8,159.0,86550,903900,17.496744,26088.4,25950.0,25950,ATM-3,CALL,26100,2025-12-02
2025-12-02 09:47:00+05:30,157.65,164.55,157.65,162.35,172950,903900,16.948397,26094.2,25950.0,25950,ATM-3,CALL,26100,2025-12-02
2025-12-02 09:48:00+05:30,161.25,162.35,145.3,147.35,220275,903900,14.709781,26082.5,25950.0,25950,ATM-3,CALL,26100,2025-12-02
2025-12-02 09:49:00+05:30,194.65,195.85,185.4,186.9,240750,970275,17.227955,26072.65,25900.0,25950,ATM-3,CALL,26100,2025-12-02
2025-12-02 09:50:00+05:30,186.15,189.8,184.35,185.65,181650,970275,16.899412,26072.0,25900.0,25950,ATM-3,CALL,26100,2025-12-02
2025-12-02 09:51:00+05:30,186.85,189.15,183.9,185.1,91200,970275,16.899669,26071.4,25900.0,25950,ATM-3,CALL,26100,2025-12-02
2025-12-02 09:52:00+05:30,186.2,187.8,182.0,186.7,109275,1169175,17.88263,26070.95,25900.0,25950,ATM-3,CALL,26100,2025-12-02
2025-12-02 09:53:00+05:30,186.8,191.9,185.85,186.5,124650,1169175,17.639799,26071.35,25900.0,25950,ATM-3,CALL,26100,2025-12-02
2025-12-02 09:54:00+05:30,141.65,148.6,141.65,145.7,134850,1077900,16.096046,26076.7,25950.0,25950,ATM-3,CALL,26100,2025-12-02
2025-12-02 09:55:00+05:30,145.8,155.05,143.75,154.05,190275,1086750,16.437021,26085.95,25950.0,25950,ATM-3,CALL,26100,2025-12-02
2025-12-02 09:56:00+05:30,153.8,154.1,148.25,148.3,134025,1086750,14.917703,26083.35,25950.0,25950,ATM-3,CALL,26100,2025-12-02
2025-12-02 09:57:00+05:30,149.35,153.95,148.3,151.05,86025,1086750,15.33031,26085.55,25950.0,25950,ATM-3,CALL,26100,2025-12-02
2025-12-02 09:58:00+05:30,151.15,153.8,148.1,149.05,78000,1065000,15.888515,26081.6,25950.0,25950,ATM-3,CALL,26100,2025-12-02
2025-12-02 09:59:00+05:30,148.6,150.75,142.1,145.95,136425,1065000,16.764775,26075.1,25950.0,25950,ATM-3,CALL,26100,2025-12-02
2025-12-02 10:00:00+05:30,192.25,194.1,187.1,190.85,109125,1175550,19.306884,26072.5,25900.0,25950,ATM-3,CALL,26100,2025-12-02
2025-12-02 10:01:00+05:30,145.8,151.6,144.5,147.45,142125,1096275,16.832485,26076.85,25950.0,25950,ATM-3,CALL,26100,2025-12-02
2025-12-02 10:02:00+05:30,192.45,193.35,187.25,188.3,87375,1203750,18.409771,26071.9,25900.0,25950,ATM-3,CALL,26100,2025-12-02
2025-12-02 10:03:00+05:30,188.5,189.6,184.0,189.55,193425,1203750,19.594217,26070.3,25900.0,25950,ATM-3,CALL,26100,2025-12-02
2025-12-02 10:04:00+05:30,145.65,153.5,144.6,152.8,234450,1133775,17.829545,26080.45,25950.0,25950,ATM-3,CALL,26100,2025-12-02
2025-12-02 10:05:00+05:30,151.3,153.5,148.85,150.1,138000,1133775,16.905779,26080.1,25950.0,25950,ATM-3,CALL,26100,2025-12-02
2025-12-02 10:06:00+05:30,148.55,150.1,143.75,146.45,126300,1133775,16.560128,26076.7,25950.0,25950,ATM-3,CALL,26100,2025-12-02
2025-12-02 10:07:00+05:30,191.55,193.3,185.65,187.1,109950,1424850,17.708933,26072.4,25900.0,25950,ATM-3,CALL,26100,2025-12-02
2025-12-02 10:08:00+05:30,187.5,190.8,184.6,187.6,106050,1424850,17.780041,26072.85,25900.0,25950,ATM-3,CALL,26100,2025-12-02
2025-12-02 10:09:00+05:30,188.35,191.0,187.0,187.7,49050,1424850,17.695886,26073.2,25900.0,25950,ATM-3,CALL,26100,2025-12-02
2025-12-02 10:10:00+05:30,186.5,187.7,174.1,177.3,274050,1463475,16.830077,26063.2,25900.0,25950,ATM-3,CALL,26100,2025-12-02
2025-12-02 10:11:00+05:30,177.5,178.0,170.95,173.4,260700,1463475,16.928276,26058.45,25900.0,25950,ATM-3,CALL,26100,2025-12-02
2025-12-02 10:12:00+05:30,173.8,175.55,171.95,174.2,117075,1463475,17.931338,26056.85,25900.0,25950,ATM-3,CALL,26100,2025-12-02
2025-12-02 10:13:00+05:30,176.0,177.0,172.85,173.7,198600,1600425,17.040192,26058.6,25900.0,25950,ATM-3,CALL,26100,2025-12-02
2025-12-02 10:14:00+05:30,173.75,175.9,172.4,173.85,108300,1600425,17.086122,26058.7,25900.0,25950,ATM-3,CALL,26100,2025-12-02
2025-12-02 10:15:00+05:30,173.25,175.95,171.7,172.25,112650,1600425,16.887892,26057.35,25900.0,25950,ATM-3,CALL,26100,2025-12-02
2025-12-02 10:16:00+05:30,172.45,178.0,171.05,172.95,168375,1688700,16.010998,26060.25,25900.0,25950,ATM-3,CALL,26100,2025-12-02
2025-12-02 10:17:00+05:30,172.35,173.7,165.05,165.25,277500,1688700,16.757449,26049.5,25900.0,25950,ATM-3,CALL,26100,2025-12-02
2025-12-02 10:18:00+05:30,165.9,172.3,165.25,171.0,229275,1688700,17.47374,26054.5,25900.0,25950,ATM-3,CALL,26100,2025-12-02
2025-12-02 10:19:00+05:30,171.05,180.1,169.8,179.35,244050,1800675,18.205671,26062.55,25900.0,25950,ATM-3,CALL,26100,2025-12-02
2025-12-02 10:20:00+05:30,179.2,185.6,178.7,183.4,397125,1800675,18.989865,26065.35,25900.0,25950,ATM-3,CALL,26100,2025-12-02
2025-12-02 10:21:00+05:30,183.2,187.8,181.6,184.65,164325,1800675,18.300205,26068.65,25900.0,25950,ATM-3,CALL,26100,2025-12-02
2025-12-02 10:22:00+05:30,184.4,191.7,183.5,191.6,187200,1744725,19.170233,26074.7,25900.0,25950,ATM-3,CALL,26100,2025-12-02
2025-12-02 10:23:00+05:30,191.0,191.6,187.4,187.4,206175,1744725,18.384046,26071.75,25900.0,25950,ATM-3,CALL,26100,2025-12-02
2025-12-02 10:24:00+05:30,186.9,187.7,183.2,187.0,212175,1744725,18.474958,26071.1,25900.0,25950,ATM-3,CALL,26100,2025-12-02
2025-12-02 10:25:00+05:30,187.3,191.6,186.0,190.35,89175,1574625,18.809892,26074.25,25900.0,25950,ATM-3,CALL,26100,2025-12-02
2025-12-02 10:26:00+05:30,189.2,190.35,183.1,188.85,129825,1574625,19.257602,26071.4,25900.0,25950,ATM-3,CALL,26100,2025-12-02
2025-12-02 10:27:00+05:30,188.75,189.9,186.2,186.9,47925,1574625,19.075585,26069.6,25900.0,25950,ATM-3,CALL,26100,2025-12-02
2025-12-02 10:28:00+05:30,187.55,190.25,186.0,187.35,63975,1621725,19.164006,26069.95,25900.0,25950,ATM-3,CALL,26100,2025-12-02
2025-12-02 10:29:00+05:30,142.6,151.05,140.8,148.9,247050,1400925,17.201218,26078.8,25950.0,25950,ATM-3,CALL,26100,2025-12-02
2025-12-02 10:30:00+05:30,146.8,149.7,146.55,146.75,172875,1400925,16.640876,26077.9,25950.0,25950,ATM-3,CALL,26100,2025-12-02
2025-12-02 10:31:00+05:30,146.55,154.8,144.0,154.4,304200,1323375,17.728136,26084.1,25950.0,25950,ATM-3,CALL,26100,2025-12-02
2025-12-02 10:32:00+05:30,154.1,157.0,149.3,149.3,193800,1323375,16.477899,26081.6,25950.0,25950,ATM-3,CALL,26100,2025-12-02
2025-12-02 10:33:00+05:30,148.5,153.4,145.0,152.65,159525,1323375,17.459063,26082.85,25950.0,25950,ATM-3,CALL,26100,2025-12-02
2025-12-02 10:34:00+05:30,153.05,157.0,152.65,156.25,214425,1279275,17.58807,26086.95,25950.0,25950,ATM-3,CALL,26100,2025-12-02
2025-12-02 10:35:00+05:30,155.7,159.35,151.7,156.9,240450,1279275,16.795111,26090.05,25950.0,25950,ATM-3,CALL,26100,2025-12-02
2025-12-02 10:36:00+05:30,157.0,157.85,153.75,154.3,205875,1279275,15.981118,26089.15,25950.0,25950,ATM-3,CALL,26100,2025-12-02
2025-12-02 10:37:00+05:30,153.4,154.85,148.55,154.5,140325,1287375,18.041592,26083.55,25950.0,25950,ATM-3,CALL,26100,2025-12-02
2025-12-02 10:38:00+05:30,154.25,156.4,151.75,153.5,92850,1287375,17.370363,26084.4,25950.0,25950,ATM-3,CALL,26100,2025-12-02
2025-12-02 10:39:00+05:30,153.05,153.8,151.6,152.2,41850,1287375,17.284893,26083.1,25950.0,25950,ATM-3,CALL,26100,2025-12-02
2025-12-02 10:40:00+05:30,152.2,158.1,152.2,153.0,150900,1289100,17.678722,26082.95,25950.0,25950,ATM-3,CALL,26100,2025-12-02
2025-12-02 10:41:00+05:30,152.75,159.35,152.3,156.65,120675,1289100,17.316336,26088.55,25950.0,25950,ATM-3,CALL,26100,2025-12-02
2025-12-02 10:42:00+05:30,157.05,162.45,152.35,152.35,294750,1289100,15.868686,26087.35,25950.0,25950,ATM-3,CALL,26100,2025-12-02
2025-12-02 10:43:00+05:30,152.7,154.2,145.8,145.8,180975,1222125,15.110608,26081.55,25950.0,25950,ATM-3,CALL,26100,2025-12-02
2025-12-02 10:44:00+05:30,192.0,193.8,187.85,189.4,151050,1326150,18.496856,26074.65,25900.0,25950,ATM-3,CALL,26100,2025-12-02
2025-12-02 10:45:00+05:30,142.9,145.4,139.1,142.9,146850,1222125,15.777497,26076.35,25950.0,25950,ATM-3,CALL,26100,2025-12-02
2025-12-02 10:46:00+05:30,189.15,189.85,182.9,183.7,118050,1336650,17.756435,26069.8,25900.0,25950,ATM-3,CALL,26100,2025-12-02
2025-12-02 10:47:00+05:30,183.95,186.35,182.8,185.35,127125,1336650,17.77596,26071.7,25900.0,25950,ATM-3,CALL,26100,2025-12-02
2025-12-02 10:48:00+05:30,185.0,189.95,184.45,188.05,80400,1336650,18.003332,26074.35,25900.0,25950,ATM-3,CALL,26100,2025-12-02
2025-12-02 10:49:00+05:30,143.0,145.65,141.95,143.95,142500,1311750,16.023319,26077.1,25950.0,25950,ATM-3,CALL,26100,2025-12-02
2025-12-02 10:50:00+05:30,144.5,159.3,143.7,158.4,352500,1311750,17.647401,26090.15,25950.0,25950,ATM-3,CALL,26100,2025-12-02
2025-12-02 10:51:00+05:30,158.2,163.35,156.25,161.2,313200,1311750,17.406134,26094.25,25950.0,25950,ATM-3,CALL,26100,2025-12-02
2025-12-02 10:52:00+05:30,161.0,166.0,160.6,162.4,240675,1276050,16.45345,26098.15,25950.0,25950,ATM-3,CALL,26100,2025-12-02
2025-12-02 10:53:00+05:30,161.15,164.0,159.6,160.95,134550,1276050,16.56792,26096.2,25950.0,25950,ATM-3,CALL,26100,2025-12-02
2025-12-02 10:54:00+05:30,160.95,161.6,157.35,158.45,100500,1276050,17.003286,26092.15,25950.0,25950,ATM-3,CALL,26100,2025-12-02
2025-12-02 10:55:00+05:30,158.4,159.75,155.55,157.9,112425,1236525,17.053007,26091.4,25950.0,25950,ATM-3,CALL,26100,2025-12-02
2025-12-02 10:56:00+05:30,158.0,159.0,154.75,158.85,91125,1236525,17.159635,26092.3,25950.0,25950,ATM-3,CALL,26100,2025-12-02
2025-12-02 10:57:00+05:30,158.45,160.15,152.8,152.8,103950,1236525,14.760788,26091.05,25950.0,25950,ATM-3,CALL,26100,2025-12-02
2025-12-02 10:58:00+05:30,153.0,156.5,152.1,153.25,99750,1264050,15.715262,26089.4,25950.0,25950,ATM-3,CALL,26100,2025-12-02
2025-12-02 10:59:00+05:30,154.0,164.75,153.25,163.8,171375,1264050,17.213314,26098.2,25950.0,25950,ATM-3,CALL,26100,2025-12-02
2025-12-02 11:00:00+05:30,164.2,165.5,155.75,155.75,235800,1264050,15.654653,26092.55,25950.0,25950,ATM-3,CALL,26100,2025-12-02
2025-12-02 11:01:00+05:30,156.75,159.05,149.75,151.65,247800,1244550,16.448482,26085.75,25950.0,25950,ATM-3,CALL,26100,2025-12-02
2025-12-02 11:02:00+05:30,153.55,160.5,151.65,156.9,157200,1244550,15.917135,26093.35,25950.0,25950,ATM-3,CALL,26100,2025-12-02
2025-12-02 11:03:00+05:30,158.65,162.3,156.9,161.95,87900,1244550,17.316589,26095.9,25950.0,25950,ATM-3,CALL,26100,2025-12-02
2025-12-02 11:04:00+05:30,162.35,163.75,160.35,160.6,108150,1242975,15.778402,26098.05,25950.0,25950,ATM-3,CALL,26100,2025-12-02
2025-12-02 11:05:00+05:30,160.55,162.1,157.2,158.0,98175,1242975,15.872162,26094.85,25950.0,25950,ATM-3,CALL,26100,2025-12-02
2025-12-02 11:06:00+05:30,160.35,162.55,158.0,160.0,43350,1242975,16.561186,26095.6,25950.0,25950,ATM-3,CALL,26100,2025-12-02
2025-12-02 11:07:00+05:30,159.4,162.6,158.15,161.0,86025,1228350,17.193948,26095.25,25950.0,25950,ATM-3,CALL,26100,2025-12-02
2025-12-02 11:08:00+05:30,159.9,161.35,156.55,157.5,85200,1228350,16.469596,26092.95,25950.0,25950,ATM-3,CALL,26100,2025-12-02
2025-12-02 11:09:00+05:30,157.0,163.25,154.75,162.25,145800,1228350,17.222212,26096.75,25950.0,25950,ATM-3,CALL,26100,2025-12-02
2025-12-02 11:10:00+05:30,162.5,162.5,157.5,160.55,62775,1216875,17.031576,26095.25,25950.0,25950,ATM-3,CALL,26100,2025-12-02
2025-12-02 11:11:00+05:30,159.65,161.7,155.45,160.0,64500,1216875,17.24306,26094.1,25950.0,25950,ATM-3,CALL,26100,2025-12-02
2025-12-02 11:12:00+05:30,160.1,160.55,156.15,156.6,43800,1216875,16.547552,26091.85,25950.0,25950,ATM-3,CALL,26100,2025-12-02
2025-12-02 11:13:00+05:30,155.8,156.6,144.65,145.6,254025,1195425,13.875292,26085.15,25950.0,25950,ATM-3,CALL,26100,2025-12-02
2025-12-02 11:14:00+05:30,144.95,146.25,141.0,143.1,230475,1195425,14.579545,26080.75,25950.0,25950,ATM-3,CALL,26100,2025-12-02
2025-12-02 11:15:00+05:30,143.15,147.55,139.8,147.5,177300,1195425,16.536769,26081.1,25950.0,25950,ATM-3,CALL,26100,2025-12-02
2025-12-02 11:16:00+05:30,147.65,147.65,139.75,141.45,129075,1229025,15.747059,26075.95,25950.0,25950,ATM-3,CALL,26100,2025-12-02
2025-12-02 11:17:00+05:30,141.4,145.8,138.85,145.3,130425,1229025,16.07978,26079.75,25950.0,25950,ATM-3,CALL,26100,2025-12-02
2025-12-02 11:18:00+05:30,145.15,147.8,142.25,143.3,156900,1229025,14.674467,26080.9,25950.0,25950,ATM-3,CALL,26100,2025-12-02
2025-12-02 11:19:00+05:30,143.8,146.45,141.75,143.5,61575,1241475,14.660599,26081.2,25950.0,25950,ATM-3,CALL,26100,2025-12-02
2025-12-02 11:20:00+05:30,143.3,144.85,139.3,141.9,71625,1241475,15.787281,26076.55,25950.0,25950,ATM-3,CALL,26100,2025-12-02
2025-12-02 11:21:00+05:30,141.7,141.95,138.3,140.4,110475,1241475,15.591463,26075.3,25950.0,25950,ATM-3,CALL,26100,2025-12-02
2025-12-02 11:22:00+05:30,186.95,187.75,180.1,180.4,148050,1410000,15.962189,26070.8,25900.0,25950,ATM-3,CALL,26100,2025-12-02
2025-12-02 11:23:00+05:30,180.45,186.35,180.4,186.35,90150,1410000,18.638545,26072.35,25900.0,25950,ATM-3,CALL,26100,2025-12-02
2025-12-02 11:24:00+05:30,139.3,148.7,138.0,147.05,289500,1265325,16.113975,26082.05,25950.0,25950,ATM-3,CALL,26100,2025-12-02
2025-12-02 11:25:00+05:30,147.65,151.15,146.8,148.35,201000,1307850,16.091742,26083.7,25950.0,25950,ATM-3,CALL,26100,2025-12-02
2025-12-02 11:26:00+05:30,148.4,150.65,139.25,139.7,174450,1307850,14.548046,26077.25,25950.0,25950,ATM-3,CALL,26100,2025-12-02
2025-12-02 11:27:00+05:30,186.0,186.7,182.95,185.85,116475,1413150,18.159986,26072.95,25900.0,25950,ATM-3,CALL,26100,2025-12-02
2025-12-02 11:28:00+05:30,185.0,185.85,180.45,182.0,75750,1419825,16.760963,26071.35,25900.0,25950,ATM-3,CALL,26100,2025-12-02
2025-12-02 11:29:00+05:30,183.4,183.45,176.15,177.25,180450,1419825,15.422676,26068.4,25900.0,25950,ATM-3,CALL,26100,2025-12-02
2025-12-02 11:30:00+05:30,177.3,179.6,172.0,176.0,142650,1419825,15.597464,26066.75,25900.0,25950,ATM-3,CALL,26100,2025-12-02
2025-12-02 11:31:00+05:30,177.2,178.3,175.55,176.6,67650,1488750,15.624456,26067.4,25900.0,25950,ATM-3,CALL,26100,2025-12-02
2025-12-02 11:32:00+05:30,177.85,178.4,171.4,175.1,97125,1488750,14.163458,26068.0,25900.0,25950,ATM-3,CALL,26100,2025-12-02
2025-12-02 11:33:00+05:30,175.65,177.85,173.5,175.35,68625,1488750,14.304538,26068.1,25900.0,25950,ATM-3,CALL,26100,2025-12-02
2025-12-02 11:34:00+05:30,175.35,175.45,171.1,173.2,86925,1530975,13.619981,26066.7,25900.0,25950,ATM-3,CALL,26100,2025-12-02
2025-12-02 11:35:00+05:30,174.0,175.95,173.0,174.85,76950,1530975,14.856286,26066.8,25900.0,25950,ATM-3,CALL,26100,2025-12-02
2025-12-02 11:36:00+05:30,174.85,175.7,168.8,173.6,162525,1530975,14.75868,26065.6,25900.0,25950,ATM-3,CALL,26100,2025-12-02
2025-12-02 11:37:00+05:30,173.55,177.1,173.5,176.9,102675,1600500,15.951566,26067.35,25900.0,25950,ATM-3,CALL,26100,2025-12-02
2025-12-02 11:38:00+05:30,177.15,184.3,175.15,183.8,132975,1600500,17.115501,26073.05,25900.0,25950,ATM-3,CALL,26100,2025-12-02
2025-12-02 11:39:00+05:30,182.6,185.75,180.3,181.25,146850,1600500,16.190958,26071.85,25900.0,25950,ATM-3,CALL,26100,2025-12-02
2025-12-02 11:40:00+05:30,181.0,182.0,175.35,176.3,76500,1581750,13.175588,26070.65,25900.0,25950,ATM-3,CALL,26100,2025-12-02
2025-12-02 11:41:00+05:30,176.2,176.3,167.3,168.6,163875,1581750,11.716269,26063.95,25900.0,25950,ATM-3,CALL,26100,2025-12-02
2025-12-02 11:42:00+05:30,169.85,172.9,168.6,170.75,89025,1581750,13.828574,26063.95,25900.0,25950,ATM-3,CALL,26100,2025-12-02
2025-12-02 11:43:00+05:30,171.7,173.2,170.75,171.3,58725,1620975,14.174306,26064.1,25900.0,25950,ATM-3,CALL,26100,2025-12-02
2025-12-02 11:44:00+05:30,172.35,174.4,171.3,171.35,42750,1620975,14.776254,26063.3,25900.0,25950,ATM-3,CALL,26100,2025-12-02
2025-12-02 11:45:00+05:30,171.75,174.1,169.85,173.6,61725,1620975,16.866745,26062.2,25900.0,25950,ATM-3,CALL,26100,2025-12-02
2025-12-02 11:46:00+05:30,174.1,174.1,170.4,171.5,48000,1641075,15.851337,26061.75,25900.0,25950,ATM-3,CALL,26100,2025-12-02
2025-12-02 11:47:00+05:30,172.0,173.3,169.0,170.7,60225,1641075,15.813243,26060.95,25900.0,25950,ATM-3,CALL,26100,2025-12-02
2025-12-02 11:48:00+05:30,170.5,175.6,168.65,172.45,104175,1641075,15.778897,26063.0,25900.0,25950,ATM-3,CALL,26100,2025-12-02
2025-12-02 11:49:00+05:30,173.15,181.1,172.45,179.85,137850,1647750,17.065933,26069.05,25900.0,25950,ATM-3,CALL,26100,2025-12-02
2025-12-02 11:50:00+05:30,178.0,179.85,173.0,174.0,103350,1647750,16.290485,26063.9,25900.0,25950,ATM-3,CALL,26100,2025-12-02
2025-12-02 11:51:00+05:30,173.6,175.15,169.9,173.25,121875,1647750,16.50231,26062.7,25900.0,25950,ATM-3,CALL,26100,2025-12-02
2025-12-02 11:52:00+05:30,173.35,173.35,167.4,170.35,124950,1686375,16.098058,26060.2,25900.0,25950,ATM-3,CALL,26100,2025-12-02
2025-12-02 11:53:00+05:30,170.6,172.4,167.6,167.6,70275,1686375,15.78452,26057.7,25900.0,25950,ATM-3,CALL,26100,2025-12-02
2025-12-02 11:54:00+05:30,164.5,167.6,160.2,164.55,319725,1686375,16.323175,26053.25,25900.0,25950,ATM-3,CALL,26100,2025-12-02
2025-12-02 11:55:00+05:30,164.8,165.0,161.9,163.25,129600,1765575,18.185511,26047.65,25900.0,25950,ATM-3,CALL,26100,2025-12-02
2025-12-02 11:56:00+05:30,163.1,163.25,158.8,162.0,209400,1765575,17.96159,26046.75,25900.0,25950,ATM-3,CALL,26100,2025-12-02
2025-12-02 11:57:00+05:30,162.0,163.8,160.9,162.0,136950,1765575,17.271693,26048.4,25900.0,25950,ATM-3,CALL,26100,2025-12-02
2025-12-02 11:58:00+05:30,162.5,168.1,161.3,166.0,142050,1852200,17.817313,26051.9,25900.0,25950,ATM-3,CALL,26100,2025-12-02
2025-12-02 11:59:00+05:30,166.45,168.4,164.6,167.0,121875,1852200,17.529873,26053.75,25900.0,25950,ATM-3,CALL,26100,2025-12-02
2025-12-02 12:00:00+05:30,166.85,167.0,160.3,160.95,215700,1852200,17.487188,26046.8,25900.0,25950,ATM-3,CALL,26100,2025-12-02
2025-12-02 12:01:00+05:30,161.15,163.3,158.0,159.8,389025,1872450,17.840202,26044.65,25900.0,25950,ATM-3,CALL,26100,2025-12-02
2025-12-02 12:02:00+05:30,159.55,169.45,157.25,167.2,327375,1872450,18.774878,26051.25,25900.0,25950,ATM-3,CALL,26100,2025-12-02
2025-12-02 12:03:00+05:30,167.2,174.2,166.1,168.0,287400,1872450,17.255369,26055.65,25900.0,25950,ATM-3,CALL,26100,2025-12-02
2025-12-02 12:04:00+05:30,167.65,171.35,166.8,166.8,115800,1875750,18.101957,26052.45,25900.0,25950,ATM-3,CALL,26100,2025-12-02
2025-12-02 12:05:00+05:30,166.2,166.8,159.15,159.85,144450,1875750,18.819889,26042.45,25900.0,25950,ATM-3,CALL,26100,2025-12-02
2025-12-02 12:06:00+05:30,160.35,165.9,159.85,163.1,139200,1875750,18.749394,26046.6,25900.0,25950,ATM-3,CALL,26100,2025-12-02
2025-12-02 12:07:00+05:30,162.65,172.5,162.65,171.1,188025,1914300,18.8858,26055.85,25900.0,25950,ATM-3,CALL,26100,2025-12-02
2025-12-02 12:08:00+05:30,171.4,175.25,165.05,167.4,216900,1914300,18.867344,26051.55,25900.0,25950,ATM-3,CALL,26100,2025-12-02
2025-12-02 12:09:00+05:30,168.5,171.15,167.4,170.1,84000,1914300,18.847111,26054.85,25900.0,25950,ATM-3,CALL,26100,2025-12-02
2025-12-02 12:10:00+05:30,170.25,171.8,167.45,169.75,60000,1888425,19.586838,26052.7,25900.0,25950,ATM-3,CALL,26100,2025-12-02
2025-12-02 12:11:00+05:30,168.75,172.85,168.75,171.55,96075,1888425,19.108415,26056.05,25900.0,25950,ATM-3,CALL,26100,2025-12-02
2025-12-02 12:12:00+05:30,171.6,174.65,170.6,174.65,113625,1888425,19.60793,26058.6,25900.0,25950,ATM-3,CALL,26100,2025-12-02
2025-12-02 12:13:00+05:30,174.95,174.95,171.15,171.8,91275,1905900,19.082738,26056.5,25900.0,25950,ATM-3,CALL,26100,2025-12-02
2025-12-02 12:14:00+05:30,171.3,171.8,162.95,168.15,204450,1905900,19.357091,26051.55,25900.0,25950,ATM-3,CALL,26100,2025-12-02
2025-12-02 12:15:00+05:30,168.05,170.1,166.6,170.1,62250,1905900,19.85918,26052.7,25900.0,25950,ATM-3,CALL,26100,2025-12-02
2025-12-02 12:16:00+05:30,171.9,172.9,164.0,166.2,113550,1911150,19.361389,26049.3,25900.0,25950,ATM-3,CALL,26100,2025-12-02
2025-12-02 12:17:00+05:30,166.55,176.45,166.2,176.1,203850,1911150,19.503682,26060.8,25900.0,25950,ATM-3,CALL,26100,2025-12-02
2025-12-02 12:18:00+05:30,173.0,176.85,171.4,172.7,156000,1911150,18.790537,26058.45,25900.0,25950,ATM-3,CALL,26100,2025-12-02
2025-12-02 12:19:00+05:30,173.1,174.65,170.6,173.5,68475,1905375,20.078648,26056.45,25900.0,25950,ATM-3,CALL,26100,2025-12-02
2025-12-02 12:20:00+05:30,173.0,176.5,170.8,173.1,71925,1905375,19.197691,26058.1,25900.0,25950,ATM-3,CALL,26100,2025-12-02
2025-12-02 12:21:00+05:30,173.3,174.7,171.1,173.7,82350,1905375,19.592215,26057.95,25900.0,25950,ATM-3,CALL,26100,2025-12-02
2025-12-02 12:22:00+05:30,173.5,176.65,173.5,174.95,108675,1892625,19.429472,26059.85,25900.0,25950,ATM-3,CALL,26100,2025-12-02
2025-12-02 12:23:00+05:30,175.05,175.05,172.9,174.05,56250,1892625,19.769496,26058.05,25900.0,25950,ATM-3,CALL,26100,2025-12-02
2025-12-02 12:24:00+05:30,174.0,182.5,173.4,180.05,216900,1892625,19.851759,26065.0,25900.0,25950,ATM-3,CALL,26100,2025-12-02
2025-12-02 12:25:00+05:30,179.3,180.05,174.8,176.0,130800,1875750,18.722632,26062.75,25900.0,25950,ATM-3,CALL,26100,2025-12-02
2025-12-02 12:26:00+05:30,176.6,179.95,173.55,177.2,109725,1875750,19.398616,26062.75,25900.0,25950,ATM-3,CALL,26100,2025-12-02
2025-12-02 12:27:00+05:30,177.8,178.8,174.0,178.2,46500,1875750,20.466704,26061.55,25900.0,25950,ATM-3,CALL,26100,2025-12-02
2025-12-02 12:28:00+05:30,178.1,178.7,174.5,174.9,65250,1928250,19.618699,26059.65,25900.0,25950,ATM-3,CALL,26100,2025-12-02
2025-12-02 12:29:00+05:30,174.95,181.0,174.9,180.75,128250,1928250,19.671244,26066.45,25900.0,25950,ATM-3,CALL,26100,2025-12-02
2025-12-02 12:30:00+05:30,180.15,181.5,178.5,180.6,95400,1928250,19.727601,26066.2,25900.0,25950,ATM-3,CALL,26100,2025-12-02
2025-12-02 12:31:00+05:30,180.7,182.0,176.5,177.75,114525,1928250,19.456103,26063.5,25900.0,25950,ATM-3,CALL,26100,2025-12-02
2025-12-02 12:32:00+05:30,177.1,182.3,177.0,179.95,108300,1891725,19.673471,26065.65,25900.0,25950,ATM-3,CALL,26100,2025-12-02
2025-12-02 12:33:00+05:30,180.6,188.2,179.95,187.7,233250,1891725,20.790378,26072.35,25900.0,25950,ATM-3,CALL,26100,2025-12-02
2025-12-02 12:34:00+05:30,187.2,190.5,185.6,190.0,173775,1891725,21.402055,26073.75,25900.0,25950,ATM-3,CALL,26100,2025-12-02
2025-12-02 12:35:00+05:30,140.2,151.2,139.5,150.05,514200,1708950,18.191256,26083.6,25950.0,25950,ATM-3,CALL,26100,2025-12-02
2025-12-02 12:36:00+05:30,150.5,150.5,142.75,144.2,268800,1708950,16.954208,26079.65,25950.0,25950,ATM-3,CALL,26100,2025-12-02
2025-12-02 12:37:00+05:30,142.65,144.8,141.9,143.95,124650,1708950,17.577929,26077.85,25950.0,25950,ATM-3,CALL,26100,2025-12-02
2025-12-02 12:38:00+05:30,192.6,192.6,183.95,186.0,270000,1631175,20.015972,26072.25,25900.0,25950,ATM-3,CALL,26100,2025-12-02
2025-12-02 12:39:00+05:30,186.4,188.6,182.75,187.2,128550,1631175,20.680533,26072.3,25900.0,25950,ATM-3,CALL,26100,2025-12-02
2025-12-02 12:40:00+05:30,187.35,188.1,184.0,186.35,75900,1631175,19.69036,26073.4,25900.0,25950,ATM-3,CALL,26100,2025-12-02
2025-12-02 12:41:00+05:30,185.75,186.45,177.3,179.05,210525,1525275,18.999105,26066.4,25900.0,25950,ATM-3,CALL,26100,2025-12-02
2025-12-02 12:42:00+05:30,178.35,179.7,172.1,176.7,248625,1525275,19.658729,26062.35,25900.0,25950,ATM-3,CALL,26100,2025-12-02
2025-12-02 12:43:00+05:30,176.0,177.3,172.9,174.25,76950,1525275,18.670662,26061.6,25900.0,25950,ATM-3,CALL,26100,2025-12-02
2025-12-02 12:44:00+05:30,173.6,176.0,171.2,171.65,104850,1463550,17.664215,26060.6,25900.0,25950,ATM-3,CALL,26100,2025-12-02
2025-12-02 12:45:00+05:30,173.55,174.1,170.75,172.1,77625,1463550,18.370826,26059.8,25900.0,25950,ATM-3,CALL,26100,2025-12-02
2025-12-02 12:46:00+05:30,172.55,173.35,166.45,167.8,115875,1463550,18.230515,26055.15,25900.0,25950,ATM-3,CALL,26100,2025-12-02
2025-12-02 12:47:00+05:30,169.0,171.9,165.95,171.5,152700,1472700,19.825164,26056.1,25900.0,25950,ATM-3,CALL,26100,2025-12-02
2025-12-02 12:48:00+05:30,172.0,172.05,166.9,167.0,116175,1472700,18.011696,26054.75,25900.0,25950,ATM-3,CALL,26100,2025-12-02
2025-12-02 12:49:00+05:30,167.55,168.25,161.05,164.0,164325,1472700,18.900419,26049.4,25900.0,25950,ATM-3,CALL,26100,2025-12-02
2025-12-02 12:50:00+05:30,163.0,166.0,162.9,165.55,121725,1513950,19.358411,26050.25,25900.0,25950,ATM-3,CALL,26100,2025-12-02
2025-12-02 12:51:00+05:30,165.65,166.9,164.3,166.05,96975,1513950,19.573981,26050.4,25900.0,25950,ATM-3,CALL,26100,2025-12-02
2025-12-02 12:52:00+05:30,166.45,166.45,161.35,162.65,126075,1513950,18.06951,26049.75,25900.0,25950,ATM-3,CALL,26100,2025-12-02
2025-12-02 12:53:00+05:30,163.4,164.3,160.65,162.7,122400,1588275,18.331506,26049.3,25900.0,25950,ATM-3,CALL,26100,2025-12-02
2025-12-02 12:54:00+05:30,163.0,163.0,155.8,155.8,161775,1588275,17.07954,26043.9,25900.0,25950,ATM-3,CALL,26100,2025-12-02
2025-12-02 12:55:00+05:30,151.65,157.8,151.65,154.75,330600,1588275,16.19242,26044.45,25900.0,25950,ATM-3,CALL,26100,2025-12-02
2025-12-02 12:56:00+05:30,156.6,156.65,148.55,150.75,344400,1667625,15.742262,26040.75,25900.0,25950,ATM-3,CALL,26100,2025-12-02
2025-12-02 12:57:00+05:30,150.8,152.0,145.75,148.6,273525,1667625,15.514608,26038.75,25900.0,25950,ATM-3,CALL,26100,2025-12-02
2025-12-02 12:58:00+05:30,150.45,153.8,148.6,153.8,239475,1667625,17.457389,26040.95,25900.0,25950,ATM-3,CALL,26100,2025-12-02
2025-12-02 12:59:00+05:30,154.55,154.55,151.75,152.35,152400,1842375,16.530041,26041.2,25900.0,25950,ATM-3,CALL,26100,2025-12-02
2025-12-02 13:00:00+05:30,152.3,154.95,151.65,154.95,136800,1842375,18.121185,26040.95,25900.0,25950,ATM-3,CALL,26100,2025-12-02
2025-12-02 13:01:00+05:30,153.7,154.95,145.8,145.8,236025,1842375,14.484432,26037.5,25900.0,25950,ATM-3,CALL,26100,2025-12-02
2025-12-02 13:02:00+05:30,147.0,152.8,145.8,151.6,168525,1935075,17.17111,26039.15,25900.0,25950,ATM-3,CALL,26100,2025-12-02
2025-12-02 13:03:00+05:30,151.05,151.9,148.6,151.5,111225,1935075,17.34892,26038.7,25900.0,25950,ATM-3,CALL,26100,2025-12-02
2025-12-02 13:04:00+05:30,151.4,157.75,150.95,156.0,250425,1935075,17.689312,26043.3,25900.0,25950,ATM-3,CALL,26100,2025-12-02
2025-12-02 13:05:00+05:30,156.15,157.25,143.35,144.7,435825,1905825,15.336934,26034.9,25900.0,25950,ATM-3,CALL,26100,2025-12-02
2025-12-02 13:06:00+05:30,145.05,148.5,144.05,147.4,297900,1905825,16.814631,26035.15,25900.0,25950,ATM-3,CALL,26100,2025-12-02
2025-12-02 13:07:00+05:30,149.9,155.75,147.4,155.25,292500,1905825,19.060297,26039.5,25900.0,25950,ATM-3,CALL,26100,2025-12-02
2025-12-02 13:08:00+05:30,154.1,158.3,153.4,157.95,265350,1931775,18.768533,26043.45,25900.0,25950,ATM-3,CALL,26100,2025-12-02
2025-12-02 13:09:00+05:30,157.55,168.0,155.9,164.25,409425,1931775,18.490714,26051.5,25900.0,25950,ATM-3,CALL,26100,2025-12-02
2025-12-02 13:10:00+05:30,164.1,164.45,152.5,153.85,326325,1931775,18.68569,26038.85,25900.0,25950,ATM-3,CALL,26100,2025-12-02
2025-12-02 13:11:00+05:30,155.85,156.3,153.2,154.0,140175,1803750,18.935829,26038.5,25900.0,25950,ATM-3,CALL,26100,2025-12-02
2025-12-02 13:12:00+05:30,153.9,154.0,148.75,152.0,225375,1803750,18.175803,26037.9,25900.0,25950,ATM-3,CALL,26100,2025-12-02
2025-12-02 13:13:00+05:30,151.85,154.8,151.5,153.4,115575,1803750,18.20277,26039.55,25900.0,25950,ATM-3,CALL,26100,2025-12-02
2025-12-02 13:14:00+05:30,153.2,153.45,145.0,148.05,207825,1904325,17.031136,26035.8,25900.0,25950,ATM-3,CALL,26100,2025-12-02
2025-12-02 13:15:00+05:30,147.4,150.5,147.4,150.3,112500,1904325,17.984569,26036.45,25900.0,25950,ATM-3,CALL,26100,2025-12-02
2025-12-02 13:16:00+05:30,150.65,150.65,145.2,146.2,142800,1904325,17.318335,26033.1,25900.0,25950,ATM-3,CALL,26100,2025-12-02
2025-12-02 13:17:00+05:30,146.55,148.6,144.7,147.8,162825,1965600,18.189876,26033.1,25900.0,25950,ATM-3,CALL,26100,2025-12-02
2025-12-02 13:18:00+05:30,148.0,152.0,147.8,149.95,130500,1965600,18.484278,26035.05,25900.0,25950,ATM-3,CALL,26100,2025-12-02
2025-12-02 13:19:00+05:30,150.25,150.8,148.7,149.7,112725,1965600,18.397877,26035.0,25900.0,25950,ATM-3,CALL,26100,2025-12-02
2025-12-02 13:20:00+05:30,149.95,150.4,144.75,146.75,199575,2042475,17.309539,26033.95,25900.0,25950,ATM-3,CALL,26100,2025-12-02
2025-12-02 13:21:00+05:30,146.75,153.05,141.1,152.15,295350,2042475,19.988555,26034.25,25900.0,25950,ATM-3,CALL,26100,2025-12-02
2025-12-02 13:22:00+05:30,152.05,155.45,151.35,154.0,321600,2042475,19.012162,26038.9,25900.0,25950,ATM-3,CALL,26100,2025-12-02
2025-12-02 13:23:00+05:30,152.5,160.45,152.5,159.8,285375,1998975,19.266157,26045.3,25900.0,25950,ATM-3,CALL,26100,2025-12-02
2025-12-02 13:24:00+05:30,161.75,161.95,158.0,158.0,202725,1998975,18.065398,26045.75,25900.0,25950,ATM-3,CALL,26100,2025-12-02
2025-12-02 13:25:00+05:30,157.9,159.15,154.05,156.85,180450,1998975,19.328692,26041.75,25900.0,25950,ATM-3,CALL,26100,2025-12-02
2025-12-02 13:26:00+05:30,156.5,161.45,154.3,156.2,166575,1923075,19.027773,26041.7,25900.0,25950,ATM-3,CALL,26100,2025-12-02
2025-12-02 13:27:00+05:30,155.45,157.4,153.65,154.8,88800,1923075,19.285219,26039.5,25900.0,25950,ATM-3,CALL,26100,2025-12-02
2025-12-02 13:28:00+05:30,154.55,156.5,148.95,148.95,186150,1923075,16.53503,26038.4,25900.0,25950,ATM-3,CALL,26100,2025-12-02
2025-12-02 13:29:00+05:30,148.85,151.7,146.3,147.35,204825,1950975,17.167722,26035.35,25900.0,25950,ATM-3,CALL,26100,2025-12-02
2025-12-02 13:30:00+05:30,147.8,150.05,145.35,148.9,224400,1950975,18.420765,26034.55,25900.0,25950,ATM-3,CALL,26100,2025-12-02
2025-12-02 13:31:00+05:30,148.95,150.95,146.9,149.45,77775,1950975,18.756581,26034.5,25900.0,25950,ATM-3,CALL,26100,2025-12-02
2025-12-02 13:32:00+05:30,149.45,149.9,146.75,149.9,98025,2014350,18.096115,26036.55,25900.0,25950,ATM-3,CALL,26100,2025-12-02
2025-12-02 13:33:00+05:30,149.95,154.0,148.0,153.6,200925,2014350,18.669252,26039.75,25900.0,25950,ATM-3,CALL,26100,2025-12-02
2025-12-02 13:34:00+05:30,152.75,155.9,152.35,154.65,147450,2014350,18.898611,26040.55,25900.0,25950,ATM-3,CALL,26100,2025-12-02
2025-12-02 13:35:00+05:30,154.05,155.25,150.75,150.75,112875,1969200,17.65819,26038.6,25900.0,25950,ATM-3,CALL,26100,2025-12-02
2025-12-02 13:36:00+05:30,150.15,150.75,141.1,142.1,435150,1969200,17.092325,26029.65,25900.0,25950,ATM-3,CALL,26100,2025-12-02
2025-12-02 13:37:00+05:30,141.8,145.75,141.65,143.35,184950,1969200,17.124957,26031.1,25900.0,25950,ATM-3,CALL,26100,2025-12-02
2025-12-02 13:38:00+05:30,144.3,160.6,142.7,159.7,338025,2053275,20.202446,26043.9,25900.0,25950,ATM-3,CALL,26100,2025-12-02
2025-12-02 13:39:00+05:30,158.8,159.7,147.9,152.3,279525,2053275,20.075052,26035.3,25900.0,25950,ATM-3,CALL,26100,2025-12-02
2025-12-02 13:40:00+05:30,151.5,152.9,147.15,150.55,146100,2053275,18.591312,26036.65,25900.0,25950,ATM-3,CALL,26100,2025-12-02
2025-12-02 13:41:00+05:30,150.3,151.8,147.35,148.95,101775,1995825,18.313122,26035.4,25900.0,25950,ATM-3,CALL,26100,2025-12-02
2025-12-02 13:42:00+05:30,149.0,150.7,144.7,144.7,123750,1995825,16.643415,26033.85,25900.0,25950,ATM-3,CALL,26100,2025-12-02
2025-12-02 13:43:00+05:30,145.75,147.0,141.35,146.9,223800,1995825,18.589961,26032.45,25900.0,25950,ATM-3,CALL,26100,2025-12-02
2025-12-02 13:44:00+05:30,147.0,150.75,146.5,148.9,151575,2085600,17.754292,26036.65,25900.0,25950,ATM-3,CALL,26100,2025-12-02
2025-12-02 13:45:00+05:30,148.1,150.5,145.6,145.7,124050,2085600,16.387761,26035.6,25900.0,25950,ATM-3,CALL,26100,2025-12-02
2025-12-02 13:46:00+05:30,144.2,149.65,140.05,149.65,391275,2085600,19.543707,26033.75,25900.0,25950,ATM-3,CALL,26100,2025-12-02
2025-12-02 13:47:00+05:30,150.5,154.25,148.55,154.0,294375,2099700,19.24621,26039.7,25900.0,25950,ATM-3,CALL,26100,2025-12-02
2025-12-02 13:48:00+05:30,154.0,159.4,154.0,159.1,307575,2099700,19.812946,26044.6,25900.0,25950,ATM-3,CALL,26100,2025-12-02
2025-12-02 13:49:00+05:30,159.45,159.9,154.95,157.0,165750,2099700,20.107366,26041.5,25900.0,25950,ATM-3,CALL,26100,2025-12-02
2025-12-02 13:50:00+05:30,157.7,159.75,155.75,155.75,128400,2028675,19.52133,26041.35,25900.0,25950,ATM-3,CALL,26100,2025-12-02
2025-12-02 13:51:00+05:30,156.6,165.45,155.75,162.1,394800,2028675,20.177151,26047.55,25900.0,25950,ATM-3,CALL,26100,2025-12-02
2025-12-02 13:52:00+05:30,161.95,164.05,158.65,162.05,201375,2028675,19.546083,26048.85,25900.0,25950,ATM-3,CALL,26100,2025-12-02
2025-12-02 13:53:00+05:30,161.75,162.65,155.15,156.7,168450,1920450,18.734541,26044.25,25900.0,25950,ATM-3,CALL,26100,2025-12-02
2025-12-02 13:54:00+05:30,157.35,160.85,155.45,155.8,168225,1920450,19.054579,26042.6,25900.0,25950,ATM-3,CALL,26100,2025-12-02
2025-12-02 13:55:00+05:30,155.75,155.8,150.45,153.25,267600,1920450,19.238458,26039.25,25900.0,25950,ATM-3,CALL,26100,2025-12-02
2025-12-02 13:56:00+05:30,152.75,168.7,151.65,163.0,372750,1933650,18.87194,26051.45,25900.0,25950,ATM-3,CALL,26100,2025-12-02
2025-12-02 13:57:00+05:30,162.7,168.05,160.8,167.5,251775,1933650,19.862465,26054.85,25900.0,25950,ATM-3,CALL,26100,2025-12-02
2025-12-02 13:58:00+05:30,166.1,170.0,163.85,169.65,322125,1933650,19.507447,26058.05,25900.0,25950,ATM-3,CALL,26100,2025-12-02
2025-12-02 13:59:00+05:30,169.8,169.8,165.65,166.0,193875,1792500,15.934584,26059.45,25900.0,25950,ATM-3,CALL,26100,2025-12-02
2025-12-02 14:00:00+05:30,165.8,166.35,159.05,161.85,272325,1792500,19.063342,26049.95,25900.0,25950,ATM-3,CALL,26100,2025-12-02
2025-12-02 14:01:00+05:30,162.35,162.35,150.25,153.1,319500,1792500,18.023346,26041.8,25900.0,25950,ATM-3,CALL,26100,2025-12-02
2025-12-02 14:02:00+05:30,153.5,161.2,152.45,161.2,250350,1811475,20.691202,26046.0,25900.0,25950,ATM-3,CALL,26100,2025-12-02
2025-12-02 14:03:00+05:30,163.4,166.95,161.2,165.25,297300,1811475,20.210316,26051.85,25900.0,25950,ATM-3,CALL,26100,2025-12-02
2025-12-02 14:04:00+05:30,166.9,169.2,164.4,167.65,188775,1811475,20.138593,26054.85,25900.0,25950,ATM-3,CALL,26100,2025-12-02
2025-12-02 14:05:00+05:30,167.55,167.7,159.2,161.55,170850,1801500,15.327896,26055.5,25900.0,25950,ATM-3,CALL,26100,2025-12-02
2025-12-02 14:06:00+05:30,162.15,163.85,153.85,157.75,279825,1801500,21.310737,26040.7,25900.0,25950,ATM-3,CALL,26100,2025-12-02
2025-12-02 14:07:00+05:30,157.1,160.35,154.85,160.35,189600,1801500,22.612568,26040.85,25900.0,25950,ATM-3,CALL,26100,2025-12-02
2025-12-02 14:08:00+05:30,159.0,175.0,158.65,171.5,521700,1780350,19.927316,26059.9,25900.0,25950,ATM-3,CALL,26100,2025-12-02
2025-12-02 14:09:00+05:30,172.0,173.3,168.4,169.85,308550,1780350,19.416344,26058.95,25900.0,25950,ATM-3,CALL,26100,2025-12-02
2025-12-02 14:10:00+05:30,169.45,173.55,163.85,166.0,209550,1780350,18.027403,26056.9,25900.0,25950,ATM-3,CALL,26100,2025-12-02
2025-12-02 14:11:00+05:30,166.6,169.45,165.45,167.0,138975,1796025,20.556338,26053.65,25900.0,25950,ATM-3,CALL,26100,2025-12-02
2025-12-02 14:12:00+05:30,166.55,167.25,163.1,164.85,136800,1796025,19.794839,26052.65,25900.0,25950,ATM-3,CALL,26100,2025-12-02
2025-12-02 14:13:00+05:30,165.3,167.25,163.65,165.05,104700,1796025,19.704283,26053.1,25900.0,25950,ATM-3,CALL,26100,2025-12-02
2025-12-02 14:14:00+05:30,164.5,165.05,156.0,156.2,281025,1735650,18.530552,26045.05,25900.0,25950,ATM-3,CALL,26100,2025-12-02
2025-12-02 14:15:00+05:30,157.3,159.85,154.3,158.6,237375,1735650,19.461485,26046.15,25900.0,25950,ATM-3,CALL,26100,2025-12-02
2025-12-02 14:16:00+05:30,157.55,161.0,155.1,157.05,282825,1735650,19.607845,26044.1,25900.0,25950,ATM-3,CALL,26100,2025-12-02
2025-12-02 14:17:00+05:30,157.95,158.7,153.0,153.5,198900,1770075,19.491651,26040.2,25900.0,25950,ATM-3,CALL,26100,2025-12-02
2025-12-02 14:18:00+05:30,154.1,158.0,153.5,157.6,154125,1770075,20.354488,26043.35,25900.0,25950,ATM-3,CALL,26100,2025-12-02
2025-12-02 14:19:00+05:30,157.75,158.0,153.6,157.8,138900,1770075,20.663441,26043.0,25900.0,25950,ATM-3,CALL,26100,2025-12-02
2025-12-02 14:20:00+05:30,160.95,161.55,151.65,152.6,218400,1790925,19.366211,26039.55,25900.0,25950,ATM-3,CALL,26100,2025-12-02
2025-12-02 14:21:00+05:30,152.7,154.05,145.5,146.0,293400,1790925,16.711872,26036.8,25900.0,25950,ATM-3,CALL,26100,2025-12-02
2025-12-02 14:22:00+05:30,146.6,146.65,141.55,142.25,346875,1790925,15.926786,26033.85,25900.0,25950,ATM-3,CALL,26100,2025-12-02
2025-12-02 14:23:00+05:30,143.6,144.35,139.8,140.1,282450,1837800,14.869102,26033.05,25900.0,25950,ATM-3,CALL,26100,2025-12-02
2025-12-02 14:24:00+05:30,139.0,144.75,136.85,144.4,411750,1837800,18.478644,26031.85,25900.0,25950,ATM-3,CALL,26100,2025-12-02
2025-12-02 14:25:00+05:30,146.4,150.7,143.05,150.2,432450,1837800,15.338733,26043.65,25900.0,25950,ATM-3,CALL,26100,2025-12-02
2025-12-02 14:26:00+05:30,149.55,150.2,143.25,143.65,250950,1824150,0.0,26042.15,25900.0,25950,ATM-3,CALL,26100,2025-12-02
2025-12-02 14:27:00+05:30,143.3,144.4,136.35,140.0,389100,1824150,10.910218,26036.95,25900.0,25950,ATM-3,CALL,26100,2025-12-02
2025-12-02 14:28:00+05:30,140.2,144.0,139.8,141.9,178950,1824150,11.953322,26038.25,25900.0,25950,ATM-3,CALL,26100,2025-12-02
2025-12-02 14:29:00+05:30,140.95,148.1,140.95,147.2,182625,1852200,14.588076,26041.4,25900.0,25950,ATM-3,CALL,26100,2025-12-02
2025-12-02 14:30:00+05:30,146.05,147.2,138.55,139.05,183675,1852200,0.0,26037.55,25900.0,25950,ATM-3,CALL,26100,2025-12-02
2025-12-02 14:31:00+05:30,139.1,140.35,135.35,140.2,238050,1852200,12.623944,26035.95,25900.0,25950,ATM-3,CALL,26100,2025-12-02
2025-12-02 14:32:00+05:30,140.6,140.6,137.85,138.95,117450,1916475,12.444924,26034.8,25900.0,25950,ATM-3,CALL,26100,2025-12-02
2025-12-02 14:33:00+05:30,139.0,143.6,136.0,141.75,253875,1916475,15.193412,26034.75,25900.0,25950,ATM-3,CALL,26100,2025-12-02
2025-12-02 14:34:00+05:30,141.25,148.3,140.7,148.3,226500,1916475,17.76692,26038.2,25900.0,25950,ATM-3,CALL,26100,2025-12-02
2025-12-02 14:35:00+05:30,149.4,149.4,139.4,140.7,290400,1904025,11.219484,26037.6,25900.0,25950,ATM-3,CALL,26100,2025-12-02
2025-12-02 14:36:00+05:30,191.8,191.8,164.45,166.45,163875,399150,0.0,26016.1,25850.0,25950,ATM-3,CALL,26100,2025-12-02
2025-12-02 14:37:00+05:30,169.35,169.35,155.9,159.95,178275,399150,16.548943,26003.25,25850.0,25950,ATM-3,CALL,26100,2025-12-02
2025-12-02 14:38:00+05:30,159.3,165.95,159.05,164.75,106425,456600,16.177266,26008.95,25850.0,25950,ATM-3,CALL,26100,2025-12-02
2025-12-02 14:39:00+05:30,164.95,170.1,161.1,162.9,78975,456600,0.0,26013.7,25850.0,25950,ATM-3,CALL,26100,2025-12-02
2025-12-02 14:40:00+05:30,163.05,167.0,156.8,160.7,97275,456600,0.0,26009.85,25850.0,25950,ATM-3,CALL,26100,2025-12-02
2025-12-02 14:41:00+05:30,160.45,163.5,158.7,161.0,68775,493425,0.0,26010.05,25850.0,25950,ATM-3,CALL,26100,2025-12-02
2025-12-02 14:42:00+05:30,159.55,165.15,159.15,163.9,45225,493425,12.236877,26011.15,25850.0,25950,ATM-3,CALL,26100,2025-12-02
2025-12-02 14:43:00+05:30,163.5,164.0,157.0,160.1,56625,493425,12.026272,26007.35,25850.0,25950,ATM-3,CALL,26100,2025-12-02
2025-12-02 14:44:00+05:30,159.6,164.9,156.85,160.15,56475,525450,0.0,26010.0,25850.0,25950,ATM-3,CALL,26100,2025-12-02
2025-12-02 14:45:00+05:30,160.0,164.0,155.0,159.0,94425,525450,0.0,26009.4,25850.0,25950,ATM-3,CALL,26100,2025-12-02
2025-12-02 14:46:00+05:30,158.65,162.2,158.65,161.45,42225,525450,0.0,26011.5,25850.0,25950,ATM-3,CALL,26100,2025-12-02
2025-12-02 14:47:00+05:30,161.25,162.9,160.05,161.9,34725,525975,0.0,26011.75,25850.0,25950,ATM-3,CALL,26100,2025-12-02
2025-12-02 14:48:00+05:30,161.25,171.0,160.65,168.55,114075,525975,0.0,26016.75,25850.0,25950,ATM-3,CALL,26100,2025-12-02
2025-12-02 14:49:00+05:30,167.45,172.2,158.1,172.2,92100,525975,15.248437,26018.05,25850.0,25950,ATM-3,CALL,26100,2025-12-02
2025-12-02 14:50:00+05:30,172.2,179.8,168.25,168.25,145800,450375,0.0,26016.55,25850.0,25950,ATM-3,CALL,26100,2025-12-02
2025-12-02 14:51:00+05:30,169.75,175.65,165.8,173.75,52950,450375,16.41157,26018.75,25850.0,25950,ATM-3,CALL,26100,2025-12-02
2025-12-02 14:52:00+05:30,174.5,178.15,167.8,170.0,60375,450375,0.0,26020.3,25850.0,25950,ATM-3,CALL,26100,2025-12-02
2025-12-02 14:53:00+05:30,169.85,171.4,165.6,168.0,43725,442125,0.0,26019.35,25850.0,25950,ATM-3,CALL,26100,2025-12-02
2025-12-02 14:54:00+05:30,167.7,168.95,157.65,162.35,86775,442125,0.0,26010.8,25850.0,25950,ATM-3,CALL,26100,2025-12-02
2025-12-02 14:55:00+05:30,161.75,163.45,153.95,161.55,97200,442125,10.564367,26009.45,25850.0,25950,ATM-3,CALL,26100,2025-12-02
2025-12-02 14:56:00+05:30,160.35,161.55,158.05,160.7,46350,480600,13.021235,26007.65,25850.0,25950,ATM-3,CALL,26100,2025-12-02
2025-12-02 14:57:00+05:30,159.95,160.7,157.55,158.6,32850,480600,18.267537,26000.2,25850.0,25950,ATM-3,CALL,26100,2025-12-02
2025-12-02 14:58:00+05:30,158.8,159.6,147.0,151.8,137550,480600,0.0,26010.45,25850.0,25950,ATM-3,CALL,26100,2025-12-02
2025-12-02 14:59:00+05:30,154.15,158.25,151.65,156.0,91200,503475,0.0,26018.75,25850.0,25950,ATM-3,CALL,26100,2025-12-02
2025-12-02 15:00:00+05:30,162.85,172.3,156.0,160.0,160950,503475,0.0,26011.85,25850.0,25950,ATM-3,CALL,26100,2025-12-02
2025-12-02 15:01:00+05:30,159.4,172.65,159.35,171.0,71250,503475,0.0,26021.95,25850.0,25950,ATM-3,CALL,26100,2025-12-02
2025-12-02 15:02:00+05:30,168.55,172.0,161.05,171.4,59625,454050,0.0,26022.35,25850.0,25950,ATM-3,CALL,26100,2025-12-02
2025-12-02 15:03:00+05:30,171.0,171.7,167.75,168.9,58200,454050,0.0,26020.3,25850.0,25950,ATM-3,CALL,26100,2025-12-02
2025-12-02 15:04:00+05:30,169.3,173.0,168.9,170.2,38700,454050,0.0,26023.6,25850.0,25950,ATM-3,CALL,26100,2025-12-02
2025-12-02 15:05:00+05:30,172.6,172.6,168.2,169.5,29550,419325,0.0,26022.85,25850.0,25950,ATM-3,CALL,26100,2025-12-02
2025-12-02 15:06:00+05:30,170.0,170.6,166.85,169.0,27300,419325,0.0,26020.65,25850.0,25950,ATM-3,CALL,26100,2025-12-02
2025-12-02 15:07:00+05:30,169.8,171.4,167.45,170.4,28800,419325,0.0,26024.6,25850.0,25950,ATM-3,CALL,26100,2025-12-02
2025-12-02 15:08:00+05:30,120.2,123.2,119.6,123.2,291225,2028900,0.0,26026.8,25900.0,25950,ATM-3,CALL,26100,2025-12-02
2025-12-02 15:09:00+05:30,123.9,126.45,122.4,123.05,436725,2028900,0.0,26026.45,25900.0,25950,ATM-3,CALL,26100,2025-12-02
2025-12-02 15:10:00+05:30,122.7,126.9,122.6,126.3,240975,2028900,0.0,26030.5,25900.0,25950,ATM-3,CALL,26100,2025-12-02
2025-12-02 15:11:00+05:30,127.25,129.8,126.3,128.5,345900,1773975,0.0,26033.2,25900.0,25950,ATM-3,CALL,26100,2025-12-02
2025-12-02 15:12:00+05:30,127.95,128.5,126.8,127.95,191025,1773975,0.0,26033.4,25900.0,25950,ATM-3,CALL,26100,2025-12-02
2025-12-02 15:13:00+05:30,128.4,132.3,127.85,130.8,313650,1773975,0.0,26037.75,25900.0,25950,ATM-3,CALL,26100,2025-12-02
2025-12-02 15:14:00+05:30,131.0,131.9,128.25,129.25,236550,1590450,0.0,26036.75,25900.0,25950,ATM-3,CALL,26100,2025-12-02
2025-12-02 15:15:00+05:30,129.5,130.15,126.25,126.4,286575,1590450,0.0,26033.8,25900.0,25950,ATM-3,CALL,26100,2025-12-02
2025-12-02 15:16:00+05:30,126.75,129.7,125.5,128.5,293925,1590450,0.0,26037.4,25900.0,25950,ATM-3,CALL,26100,2025-12-02
2025-12-02 15:17:00+05:30,128.8,128.95,128.0,128.3,93675,1426050,0.0,26038.65,25900.0,25950,ATM-3,CALL,26100,2025-12-02
2025-12-02 15:18:00+05:30,128.05,128.3,125.4,126.8,230775,1426050,0.0,26032.75,25900.0,25950,ATM-3,CALL,26100,2025-12-02
2025-12-02 15:19:00+05:30,127.15,129.55,127.15,129.3,129450,1426050,0.0,26038.6,25900.0,25950,ATM-3,CALL,26100,2025-12-02
2025-12-02 15:20:00+05:30,129.65,131.35,129.2,130.5,194025,1221750,0.0,26044.85,25900.0,25950,ATM-3,CALL,26100,2025-12-02
2025-12-02 15:21:00+05:30,130.75,130.75,129.35,129.75,96450,1221750,0.0,26040.15,25900.0,25950,ATM-3,CALL,26100,2025-12-02
2025-12-02 15:22:00+05:30,129.85,130.75,129.55,130.7,100650,1221750,0.0,26040.75,25900.0,25950,ATM-3,CALL,26100,2025-12-02
2025-12-02 15:23:00+05:30,131.3,132.4,130.7,131.95,196350,1082400,0.0,26048.35,25900.0,25950,ATM-3,CALL,26100,2025-12-02
2025-12-02 15:24:00+05:30,132.0,132.35,131.35,132.1,163425,1082400,0.0,26050.9,25900.0,25950,ATM-3,CALL,26100,2025-12-02
2025-12-02 15:25:00+05:30,132.45,132.85,132.1,132.3,134700,1082400,0.0,26055.0,25900.0,25950,ATM-3,CALL,26100,2025-12-02
2025-12-02 15:26:00+05:30,132.25,132.75,131.95,132.45,102900,1003350,0.0,26051.85,25900.0,25950,ATM-3,CALL,26100,2025-12-02
2025-12-02 15:27:00+05:30,132.45,132.8,132.2,132.4,70425,1003350,0.0,26055.35,25900.0,25950,ATM-3,CALL,26100,2025-12-02
2025-12-02 15:28:00+05:30,132.35,132.65,132.2,132.65,152250,1003350,0.0,26056.15,25900.0,25950,ATM-3,CALL,26100,2025-12-02
2025-12-02 15:29:00+05:30,132.4,132.65,131.9,132.1,122400,872925,0.0,26057.0,25900.0,25950,ATM-3,CALL,26100,2025-12-02
2025-12-02 09:15:00+05:30,14.0,14.0,8.7,8.95,4643400,6140700,14.997567,26110.2,25950.0,25950,ATM-3,PUT,26100,2025-12-02
2025-12-02 09:16:00+05:30,8.9,8.95,6.7,7.0,3897825,7041000,14.485764,26118.7,25950.0,25950,ATM-3,PUT,26100,2025-12-02
2025-12-02 09:17:00+05:30,13.05,13.05,11.8,11.8,5227350,18668250,14.09977,26127.05,26000.0,25950,ATM-3,PUT,26100,2025-12-02
2025-12-02 09:18:00+05:30,11.5,12.3,9.8,10.35,5648100,18668250,14.706395,26145.25,26000.0,25950,ATM-3,PUT,26100,2025-12-02
2025-12-02 09:19:00+05:30,10.25,10.85,9.6,10.15,4262700,22496175,14.374688,26141.5,26000.0,25950,ATM-3,PUT,26100,2025-12-02
2025-12-02 09:20:00+05:30,10.0,10.5,9.25,9.55,5899800,22496175,14.429122,26146.45,26000.0,25950,ATM-3,PUT,26100,2025-12-02
2025-12-02 09:21:00+05:30,9.55,10.3,9.0,9.2,4226700,22496175,14.208309,26145.5,26000.0,25950,ATM-3,PUT,26100,2025-12-02
2025-12-02 09:22:00+05:30,9.05,9.9,8.85,9.1,3464250,24891150,14.182546,26145.7,26000.0,25950,ATM-3,PUT,26100,2025-12-02
2025-12-02 09:23:00+05:30,9.4,9.7,9.1,9.35,3072225,24891150,14.691918,26151.5,26000.0,25950,ATM-3,PUT,26100,2025-12-02
2025-12-02 09:24:00+05:30,9.35,9.9,9.05,9.6,2618625,24891150,14.328741,26143.95,26000.0,25950,ATM-3,PUT,26100,2025-12-02
2025-12-02 09:25:00+05:30,9.7,10.0,9.05,9.3,3267150,25482975,14.273505,26145.15,26000.0,25950,ATM-3,PUT,26100,2025-12-02
2025-12-02 09:26:00+05:30,9.35,9.7,8.75,8.75,3023700,25482975,14.153302,26147.3,26000.0,25950,ATM-3,PUT,26100,2025-12-02
2025-12-02 09:27:00+05:30,9.1,9.3,8.5,8.6,2519850,25482975,14.159075,26148.4,26000.0,25950,ATM-3,PUT,26100,2025-12-02
2025-12-02 09:28:00+05:30,8.65,9.2,8.4,9.15,1804050,26699550,14.092878,26143.05,26000.0,25950,ATM-3,PUT,26100,2025-12-02
2025-12-02 09:29:00+05:30,9.35,10.5,9.15,10.25,4304775,26699550,13.757376,26130.2,26000.0,25950,ATM-3,PUT,26100,2025-12-02
2025-12-02 09:30:00+05:30,5.45,7.25,5.4,7.25,2407725,9216375,14.980479,26122.1,25950.0,25950,ATM-3,PUT,26100,2025-12-02
2025-12-02 09:31:00+05:30,7.3,7.45,6.7,6.8,3410775,9454500,14.488028,26118.15,25950.0,25950,ATM-3,PUT,26100,2025-12-02
2025-12-02 09:32:00+05:30,12.3,12.6,9.45,9.75,5181900,26690550,13.680351,26132.0,26000.0,25950,ATM-3,PUT,26100,2025-12-02
2025-12-02 09:33:00+05:30,5.5,6.25,5.4,6.2,1774500,9454500,14.319983,26121.0,25950.0,25950,ATM-3,PUT,26100,2025-12-02
2025-12-02 09:34:00+05:30,6.2,6.95,6.2,6.8,1436100,9817275,14.320022,26114.9,25950.0,25950,ATM-3,PUT,26100,2025-12-02
2025-12-02 09:35:00+05:30,6.7,6.9,6.3,6.7,1269600,9817275,14.341945,26116.05,25950.0,25950,ATM-3,PUT,26100,2025-12-02
2025-12-02 09:36:00+05:30,6.7,7.2,6.25,6.4,1754475,9817275,14.067289,26114.3,25950.0,25950,ATM-3,PUT,26100,2025-12-02
2025-12-02 09:37:00+05:30,6.3,6.4,5.85,6.1,1275825,10100850,14.265713,26120.45,25950.0,25950,ATM-3,PUT,26100,2025-12-02
2025-12-02 09:38:00+05:30,6.05,7.05,6.05,6.95,1331325,10100850,14.036558,26108.25,25950.0,25950,ATM-3,PUT,26100,2025-12-02
2025-12-02 09:39:00+05:30,6.75,6.95,6.35,6.65,1262775,10100850,13.911044,26108.85,25950.0,25950,ATM-3,PUT,26100,2025-12-02
2025-12-02 09:40:00+05:30,6.5,7.3,6.15,7.3,1380900,10311900,14.046804,26104.95,25950.0,25950,ATM-3,PUT,26100,2025-12-02
2025-12-02 09:41:00+05:30,7.15,8.2,6.85,7.6,3060975,10311900,13.625617,26095.6,25950.0,25950,ATM-3,PUT,26100,2025-12-02
2025-12-02 09:42:00+05:30,7.75,9.8,7.3,9.75,3906675,10311900,14.261626,26088.75,25950.0,25950,ATM-3,PUT,26100,2025-12-02
2025-12-02 09:43:00+05:30,9.6,9.75,8.2,8.55,3165225,9936675,13.859774,26091.35,25950.0,25950,ATM-3,PUT,26100,2025-12-02
2025-12-02 09:44:00+05:30,8.35,9.8,8.2,9.6,3235875,9936675,13.569085,26079.3,25950.0,25950,ATM-3,PUT,26100,2025-12-02
2025-12-02 09:45:00+05:30,9.45,9.6,8.55,8.65,2802600,9936675,13.601741,26086.4,25950.0,25950,ATM-3,PUT,26100,2025-12-02
2025-12-02 09:46:00+05:30,8.65,8.9,8.2,8.2,1931250,10435575,13.518389,26088.4,25950.0,25950,ATM-3,PUT,26100,2025-12-02
2025-12-02 09:47:00+05:30,8.45,8.45,7.55,7.8,2225925,10435575,13.700009,26094.2,25950.0,25950,ATM-3,PUT,26100,2025-12-02
2025-12-02 09:48:00+05:30,7.9,9.95,7.8,9.7,3286725,10435575,13.87394,26082.5,25950.0,25950,ATM-3,PUT,26100,2025-12-02
2025-12-02 09:49:00+05:30,4.75,5.3,4.65,5.25,2943600,13206150,13.994454,26072.65,25900.0,25950,ATM-3,PUT,26100,2025-12-02
2025-12-02 09:50:00+05:30,5.3,6.0,5.15,5.5,3059775,13206150,14.133416,26072.0,25900.0,25950,ATM-3,PUT,26100,2025-12-02
2025-12-02 09:51:00+05:30,5.5,5.85,5.45,5.65,2039550,13206150,14.206457,26071.4,25900.0,25950,ATM-3,PUT,26100,2025-12-02
2025-12-02 09:52:00+05:30,5.45,5.8,5.45,5.65,1918575,13498125,14.189804,26070.95,25900.0,25950,ATM-3,PUT,26100,2025-12-02
2025-12-02 09:53:00+05:30,5.7,5.7,5.15,5.6,1747350,13498125,14.191421,26071.35,25900.0,25950,ATM-3,PUT,26100,2025-12-02
2025-12-02 09:54:00+05:30,10.75,10.85,9.25,9.7,2272800,10639500,13.534511,26076.7,25950.0,25950,ATM-3,PUT,26100,2025-12-02
2025-12-02 09:55:00+05:30,9.6,9.95,8.25,8.35,2418675,10987875,13.520135,26085.95,25950.0,25950,ATM-3,PUT,26100,2025-12-02
2025-12-02 09:56:00+05:30,8.4,9.6,8.35,9.55,1522950,10987875,13.941884,26083.35,25950.0,25950,ATM-3,PUT,26100,2025-12-02
2025-12-02 09:57:00+05:30,9.4,9.55,8.75,9.05,1341900,10987875,13.860641,26085.55,25950.0,25950,ATM-3,PUT,26100,2025-12-02
2025-12-02 09:58:00+05:30,9.15,9.65,8.65,9.35,1495725,11425800,13.74678,26081.6,25950.0,25950,ATM-3,PUT,26100,2025-12-02
2025-12-02 09:59:00+05:30,9.5,10.55,9.35,10.05,2181300,11425800,13.634049,26075.1,25950.0,25950,ATM-3,PUT,26100,2025-12-02
2025-12-02 10:00:00+05:30,5.0,5.55,4.9,5.25,1558575,13692375,14.098587,26072.5,25900.0,25950,ATM-3,PUT,26100,2025-12-02
2025-12-02 10:01:00+05:30,10.15,10.5,9.25,9.95,1717500,11771250,13.73052,26076.85,25950.0,25950,ATM-3,PUT,26100,2025-12-02
2025-12-02 10:02:00+05:30,5.1,5.45,5.05,5.4,810075,13889250,14.185269,26071.9,25900.0,25950,ATM-3,PUT,26100,2025-12-02
2025-12-02 10:03:00+05:30,5.3,5.65,5.1,5.1,1206600,13889250,13.895735,26070.3,25900.0,25950,ATM-3,PUT,26100,2025-12-02
2025-12-02 10:04:00+05:30,9.75,9.95,8.65,8.8,2308725,11870550,13.461997,26080.45,25950.0,25950,ATM-3,PUT,26100,2025-12-02
2025-12-02 10:05:00+05:30,9.0,9.45,8.65,9.15,1741575,11870550,13.618183,26080.1,25950.0,25950,ATM-3,PUT,26100,2025-12-02
2025-12-02 10:06:00+05:30,9.45,10.15,9.15,9.7,1380600,11870550,13.654159,26076.7,25950.0,25950,ATM-3,PUT,26100,2025-12-02
2025-12-02 10:07:00+05:30,5.0,5.25,4.8,5.15,1103250,14023125,14.097117,26072.4,25900.0,25950,ATM-3,PUT,26100,2025-12-02
2025-12-02 10:08:00+05:30,5.15,5.5,5.0,5.2,1111125,14023125,14.169125,26072.85,25900.0,25950,ATM-3,PUT,26100,2025-12-02
2025-12-02 10:09:00+05:30,5.15,5.3,5.0,5.2,501675,14023125,14.200655,26073.2,25900.0,25950,ATM-3,PUT,26100,2025-12-02
2025-12-02 10:10:00+05:30,5.35,6.25,5.2,5.85,2655825,14162325,14.035175,26063.2,25900.0,25950,ATM-3,PUT,26100,2025-12-02
2025-12-02 10:11:00+05:30,5.8,6.25,5.65,6.0,1974525,14162325,13.845971,26058.45,25900.0,25950,ATM-3,PUT,26100,2025-12-02
2025-12-02 10:12:00+05:30,5.9,6.0,5.65,5.65,1597875,14162325,13.536288,26056.85,25900.0,25950,ATM-3,PUT,26100,2025-12-02
2025-12-02 10:13:00+05:30,5.55,5.75,5.4,5.55,1542075,14530275,13.590183,26058.6,25900.0,25950,ATM-3,PUT,26100,2025-12-02
2025-12-02 10:14:00+05:30,5.45,5.6,5.3,5.5,1161150,14530275,13.574149,26058.7,25900.0,25950,ATM-3,PUT,26100,2025-12-02
2025-12-02 10:15:00+05:30,5.45,5.5,5.15,5.45,1247025,14530275,13.468754,26057.35,25900.0,25950,ATM-3,PUT,26100,2025-12-02
2025-12-02 10:16:00+05:30,5.4,5.5,4.8,5.15,2207775,14673600,13.45776,26060.25,25900.0,25950,ATM-3,PUT,26100,2025-12-02
2025-12-02 10:17:00+05:30,5.2,6.0,5.15,5.75,2216475,14673600,13.192032,26049.5,25900.0,25950,ATM-3,PUT,26100,2025-12-02
2025-12-02 10:18:00+05:30,5.7,5.8,5.25,5.35,1604250,14673600,13.258211,26054.5,25900.0,25950,ATM-3,PUT,26100,2025-12-02
2025-12-02 10:19:00+05:30,5.35,5.4,4.5,4.5,2251125,15024225,13.172816,26062.55,25900.0,25950,ATM-3,PUT,26100,2025-12-02
2025-12-02 10:20:00+05:30,4.55,4.6,4.15,4.4,2288625,15024225,13.276115,26065.35,25900.0,25950,ATM-3,PUT,26100,2025-12-02
2025-12-02 10:21:00+05:30,4.45,4.55,4.1,4.3,1567725,15024225,13.406622,26068.65,25900.0,25950,ATM-3,PUT,26100,2025-12-02
2025-12-02 10:22:00+05:30,4.3,4.4,3.85,3.85,1965150,15141450,13.417802,26074.7,25900.0,25950,ATM-3,PUT,26100,2025-12-02
2025-12-02 10:23:00+05:30,3.9,4.05,3.75,3.9,1288425,15141450,13.297712,26071.75,25900.0,25950,ATM-3,PUT,26100,2025-12-02
2025-12-02 10:24:00+05:30,4.0,4.15,3.9,4.0,1053525,15141450,13.349525,26071.1,25900.0,25950,ATM-3,PUT,26100,2025-12-02
2025-12-02 10:25:00+05:30,3.95,4.1,3.8,3.85,1229025,15352650,13.422638,26074.25,25900.0,25950,ATM-3,PUT,26100,2025-12-02
2025-12-02 10:26:00+05:30,3.85,4.25,3.85,4.0,918150,15352650,13.387548,26071.4,25900.0,25950,ATM-3,PUT,26100,2025-12-02
2025-12-02 10:27:00+05:30,4.05,4.15,3.9,4.05,673650,15352650,13.331877,26069.6,25900.0,25950,ATM-3,PUT,26100,2025-12-02
2025-12-02 10:28:00+05:30,3.95,4.1,3.8,4.0,865200,15418800,13.32337,26069.95,25900.0,25950,ATM-3,PUT,26100,2025-12-02
2025-12-02 10:29:00+05:30,8.3,8.45,7.05,7.25,2789550,14161425,12.804505,26078.8,25950.0,25950,ATM-3,PUT,26100,2025-12-02
2025-12-02 10:30:00+05:30,7.55,7.55,7.05,7.45,2116200,14161425,12.859919,26077.9,25950.0,25950,ATM-3,PUT,26100,2025-12-02
2025-12-02 10:31:00+05:30,7.55,7.75,6.45,6.45,2765850,14358600,12.734662,26084.1,25950.0,25950,ATM-3,PUT,26100,2025-12-02
2025-12-02 10:32:00+05:30,6.3,6.8,6.2,6.75,2357700,14358600,12.748437,26081.6,25950.0,25950,ATM-3,PUT,26100,2025-12-02
2025-12-02 10:33:00+05:30,6.8,7.2,6.5,6.5,1494900,14358600,12.70043,26082.85,25950.0,25950,ATM-3,PUT,26100,2025-12-02
2025-12-02 10:34:00+05:30,6.55,6.55,5.95,6.1,1769475,14318775,12.747056,26086.95,25950.0,25950,ATM-3,PUT,26100,2025-12-02
2025-12-02 10:35:00+05:30,6.2,6.45,5.8,6.05,1672275,14318775,12.928375,26090.05,25950.0,25950,ATM-3,PUT,26100,2025-12-02
2025-12-02 10:36:00+05:30,6.0,6.3,6.0,6.2,849000,14318775,12.969372,26089.15,25950.0,25950,ATM-3,PUT,26100,2025-12-02
2025-12-02 10:37:00+05:30,6.3,6.85,6.2,6.4,1376925,14235900,12.728921,26083.55,25950.0,25950,ATM-3,PUT,26100,2025-12-02
2025-12-02 10:38:00+05:30,6.4,6.7,6.1,6.5,909000,14235900,12.852432,26084.4,25950.0,25950,ATM-3,PUT,26100,2025-12-02
2025-12-02 10:39:00+05:30,6.5,6.8,6.45,6.75,947025,14235900,12.918078,26083.1,25950.0,25950,ATM-3,PUT,26100,2025-12-02
2025-12-02 10:40:00+05:30,6.8,6.8,6.1,6.7,1486050,14479875,12.88997,26082.95,25950.0,25950,ATM-3,PUT,26100,2025-12-02
2025-12-02 10:41:00+05:30,6.65,6.8,5.75,6.1,1511100,14479875,12.921324,26088.55,25950.0,25950,ATM-3,PUT,26100,2025-12-02
2025-12-02 10:42:00+05:30,6.1,6.3,5.4,6.3,2222625,14479875,12.971361,26087.35,25950.0,25950,ATM-3,PUT,26100,2025-12-02
2025-12-02 10:43:00+05:30,6.15,6.95,6.1,6.9,2000325,14449125,12.93862,26081.55,25950.0,25950,ATM-3,PUT,26100,2025-12-02
2025-12-02 10:44:00+05:30,3.25,3.5,3.25,3.4,2012475,15305025,13.263725,26074.65,25900.0,25950,ATM-3,PUT,26100,2025-12-02
2025-12-02 10:45:00+05:30,7.3,7.85,7.1,7.25,2163450,14449125,12.797285,26076.35,25950.0,25950,ATM-3,PUT,26100,2025-12-02
2025-12-02 10:46:00+05:30,3.4,3.6,3.35,3.5,977625,15652275,13.090432,26069.8,25900.0,25950,ATM-3,PUT,26100,2025-12-02
2025-12-02 10:47:00+05:30,3.5,3.55,3.4,3.45,997500,15652275,13.168246,26071.7,25900.0,25950,ATM-3,PUT,26100,2025-12-02
2025-12-02 10:48:00+05:30,3.4,3.45,3.1,3.15,1027275,15652275,13.064275,26074.35,25900.0,25950,ATM-3,PUT,26100,2025-12-02
2025-12-02 10:49:00+05:30,6.75,7.0,6.4,6.6,1490700,15005850,12.53098,26077.1,25950.0,25950,ATM-3,PUT,26100,2025-12-02
2025-12-02 10:50:00+05:30,6.5,6.65,4.95,5.0,3811425,15005850,12.424909,26090.15,25950.0,25950,ATM-3,PUT,26100,2025-12-02
2025-12-02 10:51:00+05:30,5.15,5.2,4.55,4.7,3405000,15005850,12.49141,26094.25,25950.0,25950,ATM-3,PUT,26100,2025-12-02
2025-12-02 10:52:00+05:30,4.65,4.7,4.35,4.5,3156600,14970150,12.604638,26098.15,25950.0,25950,ATM-3,PUT,26100,2025-12-02
2025-12-02 10:53:00+05:30,4.55,4.75,4.45,4.7,1643175,14970150,12.633591,26096.2,25950.0,25950,ATM-3,PUT,26100,2025-12-02
2025-12-02 10:54:00+05:30,4.7,5.05,4.65,4.95,1273800,14970150,12.558577,26092.15,25950.0,25950,ATM-3,PUT,26100,2025-12-02
2025-12-02 10:55:00+05:30,4.95,5.1,4.75,4.95,1236000,14970675,12.520981,26091.4,25950.0,25950,ATM-3,PUT,26100,2025-12-02
2025-12-02 10:56:00+05:30,4.85,5.1,4.8,4.8,1107675,14970675,12.487032,26092.3,25950.0,25950,ATM-3,PUT,26100,2025-12-02
2025-12-02 10:57:00+05:30,4.9,5.05,4.7,5.05,940200,14970675,12.585364,26091.05,25950.0,25950,ATM-3,PUT,26100,2025-12-02
2025-12-02 10:58:00+05:30,5.1,5.25,4.95,5.2,1176225,14898000,12.588144,26089.4,25950.0,25950,ATM-3,PUT,26100,2025-12-02
2025-12-02 10:59:00+05:30,5.15,5.2,4.35,4.4,1680525,14898000,12.606997,26098.2,25950.0,25950,ATM-3,PUT,26100,2025-12-02
2025-12-02 11:00:00+05:30,4.35,4.8,4.3,4.8,1902075,14898000,12.543276,26092.55,25950.0,25950,ATM-3,PUT,26100,2025-12-02
2025-12-02 11:01:00+05:30,4.85,5.45,4.65,5.25,2097975,14779950,12.414727,26085.75,25950.0,25950,ATM-3,PUT,26100,2025-12-02
2025-12-02 11:02:00+05:30,5.1,5.25,4.75,4.95,1299675,14779950,12.716512,26093.35,25950.0,25950,ATM-3,PUT,26100,2025-12-02
2025-12-02 11:03:00+05:30,4.9,4.95,4.55,4.6,960825,14779950,12.646916,26095.9,25950.0,25950,ATM-3,PUT,26100,2025-12-02
2025-12-02 11:04:00+05:30,4.6,4.75,4.5,4.7,1125000,15005775,12.863139,26098.05,25950.0,25950,ATM-3,PUT,26100,2025-12-02
2025-12-02 11:05:00+05:30,4.75,4.95,4.5,4.9,1515000,15005775,12.809422,26094.85,25950.0,25950,ATM-3,PUT,26100,2025-12-02
2025-12-02 11:06:00+05:30,4.9,4.9,4.65,4.85,891975,15005775,12.833343,26095.6,25950.0,25950,ATM-3,PUT,26100,2025-12-02
2025-12-02 11:07:00+05:30,4.85,4.9,4.65,4.75,739800,15138975,12.752344,26095.25,25950.0,25950,ATM-3,PUT,26100,2025-12-02
2025-12-02 11:08:00+05:30,4.75,5.05,4.75,5.05,793350,15138975,12.820859,26092.95,25950.0,25950,ATM-3,PUT,26100,2025-12-02
2025-12-02 11:09:00+05:30,5.05,5.15,4.55,4.7,1066200,15138975,12.833583,26096.75,25950.0,25950,ATM-3,PUT,26100,2025-12-02
2025-12-02 11:10:00+05:30,4.75,4.95,4.7,4.8,679125,15110325,12.818609,26095.25,25950.0,25950,ATM-3,PUT,26100,2025-12-02
2025-12-02 11:11:00+05:30,4.85,5.1,4.75,4.85,760800,15110325,12.790237,26094.1,25950.0,25950,ATM-3,PUT,26100,2025-12-02
2025-12-02 11:12:00+05:30,4.8,5.15,4.8,5.1,724050,15110325,12.825629,26091.85,25950.0,25950,ATM-3,PUT,26100,2025-12-02
2025-12-02 11:13:00+05:30,5.2,6.05,5.1,5.95,2288100,14917875,12.938811,26085.15,25950.0,25950,ATM-3,PUT,26100,2025-12-02
2025-12-02 11:14:00+05:30,6.0,6.15,5.8,5.9,2314050,14917875,12.623131,26080.75,25950.0,25950,ATM-3,PUT,26100,2025-12-02
2025-12-02 11:15:00+05:30,5.9,6.15,5.35,5.4,1913025,14917875,12.34697,26081.1,25950.0,25950,ATM-3,PUT,26100,2025-12-02
2025-12-02 11:16:00+05:30,5.4,6.2,5.35,5.95,1563075,15747375,12.349014,26075.95,25950.0,25950,ATM-3,PUT,26100,2025-12-02
2025-12-02 11:17:00+05:30,5.95,6.05,5.5,5.6,1712100,15747375,12.402784,26079.75,25950.0,25950,ATM-3,PUT,26100,2025-12-02
2025-12-02 11:18:00+05:30,5.6,5.7,5.1,5.55,1884150,15747375,12.458988,26080.9,25950.0,25950,ATM-3,PUT,26100,2025-12-02
2025-12-02 11:19:00+05:30,5.55,5.65,5.25,5.5,1021275,15922575,12.458041,26081.2,25950.0,25950,ATM-3,PUT,26100,2025-12-02
2025-12-02 11:20:00+05:30,5.5,5.85,5.3,5.75,1181475,15922575,12.310184,26076.55,25950.0,25950,ATM-3,PUT,26100,2025-12-02
2025-12-02 11:21:00+05:30,5.75,6.0,5.65,5.8,1291800,15922575,12.265891,26075.3,25950.0,25950,ATM-3,PUT,26100,2025-12-02
2025-12-02 11:22:00+05:30,2.8,3.15,2.8,3.05,1392450,14925525,13.130669,26070.8,25900.0,25950,ATM-3,PUT,26100,2025-12-02
2025-12-02 11:23:00+05:30,3.1,3.1,2.85,2.85,1480200,14925525,13.038937,26072.35,25900.0,25950,ATM-3,PUT,26100,2025-12-02
2025-12-02 11:24:00+05:30,5.95,6.0,4.8,4.95,2398650,16055850,12.210633,26082.05,25950.0,25950,ATM-3,PUT,26100,2025-12-02
2025-12-02 11:25:00+05:30,4.9,4.95,4.45,4.75,2014500,15723600,12.194817,26083.7,25950.0,25950,ATM-3,PUT,26100,2025-12-02
2025-12-02 11:26:00+05:30,4.75,5.65,4.6,5.65,2238525,15723600,12.358549,26077.25,25950.0,25950,ATM-3,PUT,26100,2025-12-02
2025-12-02 11:27:00+05:30,2.7,2.85,2.65,2.7,1622400,15119925,12.967374,26072.95,25900.0,25950,ATM-3,PUT,26100,2025-12-02
2025-12-02 11:28:00+05:30,2.8,2.9,2.7,2.8,1284825,15318375,12.986436,26071.35,25900.0,25950,ATM-3,PUT,26100,2025-12-02
2025-12-02 11:29:00+05:30,2.75,3.1,2.7,3.05,1611975,15318375,13.067003,26068.4,25900.0,25950,ATM-3,PUT,26100,2025-12-02
2025-12-02 11:30:00+05:30,2.95,3.35,2.85,3.1,2023875,15318375,13.027244,26066.75,25900.0,25950,ATM-3,PUT,26100,2025-12-02
2025-12-02 11:31:00+05:30,2.95,3.15,2.95,2.95,1386825,15354825,12.934762,26067.4,25900.0,25950,ATM-3,PUT,26100,2025-12-02
2025-12-02 11:32:00+05:30,2.95,3.15,2.8,2.95,1529325,15354825,12.981322,26068.0,25900.0,25950,ATM-3,PUT,26100,2025-12-02
2025-12-02 11:33:00+05:30,2.95,3.0,2.85,3.0,1223475,15354825,13.046481,26068.1,25900.0,25950,ATM-3,PUT,26100,2025-12-02
2025-12-02 11:34:00+05:30,2.9,3.1,2.85,2.85,1516950,15330450,12.82962,26066.7,25900.0,25950,ATM-3,PUT,26100,2025-12-02
2025-12-02 11:35:00+05:30,2.85,2.95,2.75,2.8,1303575,15330450,12.79735,26066.8,25900.0,25950,ATM-3,PUT,26100,2025-12-02
2025-12-02 11:36:00+05:30,2.8,3.05,2.75,2.9,1327950,15330450,12.835471,26065.6,25900.0,25950,ATM-3,PUT,26100,2025-12-02
2025-12-02 11:37:00+05:30,2.9,2.9,2.7,2.75,848250,15282525,12.80205,26067.35,25900.0,25950,ATM-3,PUT,26100,2025-12-02
2025-12-02 11:38:00+05:30,2.75,2.85,2.35,2.35,2055225,15282525,12.722283,26073.05,25900.0,25950,ATM-3,PUT,26100,2025-12-02
2025-12-02 11:39:00+05:30,2.4,2.5,2.3,2.45,1359900,15282525,12.774054,26071.85,25900.0,25950,ATM-3,PUT,26100,2025-12-02
2025-12-02 11:40:00+05:30,2.5,2.65,2.4,2.6,1002675,15037125,12.875224,26070.65,25900.0,25950,ATM-3,PUT,26100,2025-12-02
2025-12-02 11:41:00+05:30,2.6,2.95,2.6,2.85,1138575,15037125,12.744371,26063.95,25900.0,25950,ATM-3,PUT,26100,2025-12-02
2025-12-02 11:42:00+05:30,2.8,2.9,2.75,2.9,1059075,15037125,12.804167,26063.95,25900.0,25950,ATM-3,PUT,26100,2025-12-02
2025-12-02 11:43:00+05:30,2.85,2.9,2.75,2.8,735000,15137175,12.726429,26064.1,25900.0,25950,ATM-3,PUT,26100,2025-12-02
2025-12-02 11:44:00+05:30,2.8,2.8,2.6,2.8,959400,15137175,12.68999,26063.3,25900.0,25950,ATM-3,PUT,26100,2025-12-02
2025-12-02 11:45:00+05:30,2.75,2.85,2.65,2.7,818025,15137175,12.536165,26062.2,25900.0,25950,ATM-3,PUT,26100,2025-12-02
2025-12-02 11:46:00+05:30,2.7,2.8,2.65,2.75,893550,15231225,12.57035,26061.75,25900.0,25950,ATM-3,PUT,26100,2025-12-02
2025-12-02 11:47:00+05:30,2.75,2.8,2.6,2.7,1197150,15231225,12.483909,26060.95,25900.0,25950,ATM-3,PUT,26100,2025-12-02
2025-12-02 11:48:00+05:30,2.75,2.8,2.45,2.55,1168500,15231225,12.463415,26063.0,25900.0,25950,ATM-3,PUT,26100,2025-12-02
2025-12-02 11:49:00+05:30,2.55,2.55,2.3,2.3,951450,15149475,12.558234,26069.05,25900.0,25950,ATM-3,PUT,26100,2025-12-02
2025-12-02 11:50:00+05:30,2.4,2.55,2.3,2.5,1101900,15149475,12.486181,26063.9,25900.0,25950,ATM-3,PUT,26100,2025-12-02
2025-12-02 11:51:00+05:30,2.55,2.75,2.5,2.65,1156650,15149475,12.58193,26062.7,25900.0,25950,ATM-3,PUT,26100,2025-12-02
2025-12-02 11:52:00+05:30,2.6,2.85,2.55,2.7,1196550,15127200,12.494489,26060.2,25900.0,25950,ATM-3,PUT,26100,2025-12-02
2025-12-02 11:53:00+05:30,2.7,2.9,2.6,2.85,1175625,15127200,12.502989,26057.7,25900.0,25950,ATM-3,PUT,26100,2025-12-02
2025-12-02 11:54:00+05:30,3.1,3.35,2.85,2.95,2955900,15127200,12.338724,26053.25,25900.0,25950,ATM-3,PUT,26100,2025-12-02
2025-12-02 11:55:00+05:30,2.9,3.1,2.9,3.05,1456125,15294375,12.09753,26047.65,25900.0,25950,ATM-3,PUT,26100,2025-12-02
2025-12-02 11:56:00+05:30,3.0,3.15,2.95,2.95,1705800,15294375,11.961394,26046.75,25900.0,25950,ATM-3,PUT,26100,2025-12-02
2025-12-02 11:57:00+05:30,3.0,3.05,2.8,2.85,1310850,15294375,11.980432,26048.4,25900.0,25950,ATM-3,PUT,26100,2025-12-02
2025-12-02 11:58:00+05:30,2.9,3.0,2.6,2.65,1910775,15346650,12.011089,26051.9,25900.0,25950,ATM-3,PUT,26100,2025-12-02
2025-12-02 11:59:00+05:30,2.7,2.75,2.55,2.65,1143750,15346650,12.133818,26053.75,25900.0,25950,ATM-3,PUT,26100,2025-12-02
2025-12-02 12:00:00+05:30,2.6,3.0,2.55,3.0,857250,15346650,12.053537,26046.8,25900.0,25950,ATM-3,PUT,26100,2025-12-02
2025-12-02 12:01:00+05:30,2.9,3.15,2.9,3.05,1888950,15372450,11.976083,26044.65,25900.0,25950,ATM-3,PUT,26100,2025-12-02
2025-12-02 12:02:00+05:30,3.05,3.15,2.55,2.75,1873500,15372450,12.113346,26051.25,25900.0,25950,ATM-3,PUT,26100,2025-12-02
2025-12-02 12:03:00+05:30,2.7,2.8,2.4,2.65,1849950,15372450,12.292935,26055.65,25900.0,25950,ATM-3,PUT,26100,2025-12-02
2025-12-02 12:04:00+05:30,2.6,2.7,2.5,2.7,919275,15187425,12.159558,26052.45,25900.0,25950,ATM-3,PUT,26100,2025-12-02
2025-12-02 12:05:00+05:30,2.75,3.05,2.7,3.05,1372875,15187425,11.881664,26042.45,25900.0,25950,ATM-3,PUT,26100,2025-12-02
2025-12-02 12:06:00+05:30,3.05,3.05,2.75,2.9,1787700,15187425,12.014051,26046.6,25900.0,25950,ATM-3,PUT,26100,2025-12-02
2025-12-02 12:07:00+05:30,2.95,2.95,2.55,2.55,1173600,15370800,12.247733,26055.85,25900.0,25950,ATM-3,PUT,26100,2025-12-02
2025-12-02 12:08:00+05:30,2.55,2.75,2.5,2.7,1066500,15370800,12.14899,26051.55,25900.0,25950,ATM-3,PUT,26100,2025-12-02
2025-12-02 12:09:00+05:30,2.7,2.7,2.6,2.65,947400,15370800,12.311779,26054.85,25900.0,25950,ATM-3,PUT,26100,2025-12-02
2025-12-02 12:10:00+05:30,2.6,2.7,2.55,2.6,797700,15489750,12.141351,26052.7,25900.0,25950,ATM-3,PUT,26100,2025-12-02
2025-12-02 12:11:00+05:30,2.65,2.65,2.5,2.6,1033500,15489750,12.356588,26056.05,25900.0,25950,ATM-3,PUT,26100,2025-12-02
2025-12-02 12:12:00+05:30,2.65,2.65,2.35,2.45,1099875,15489750,12.365098,26058.6,25900.0,25950,ATM-3,PUT,26100,2025-12-02
2025-12-02 12:13:00+05:30,2.4,2.65,2.4,2.6,656400,15475725,12.40688,26056.5,25900.0,25950,ATM-3,PUT,26100,2025-12-02
2025-12-02 12:14:00+05:30,2.65,2.85,2.6,2.7,1130625,15475725,12.216353,26051.55,25900.0,25950,ATM-3,PUT,26100,2025-12-02
2025-12-02 12:15:00+05:30,2.7,2.8,2.6,2.6,1078575,15475725,12.197619,26052.7,25900.0,25950,ATM-3,PUT,26100,2025-12-02
2025-12-02 12:16:00+05:30,2.45,2.8,2.4,2.75,839100,15546075,12.1493,26049.3,25900.0,25950,ATM-3,PUT,26100,2025-12-02
2025-12-02 12:17:00+05:30,2.7,2.75,2.4,2.4,816675,15546075,12.501224,26060.8,25900.0,25950,ATM-3,PUT,26100,2025-12-02
2025-12-02 12:18:00+05:30,2.45,2.55,2.35,2.5,903750,15546075,12.478685,26058.45,25900.0,25950,ATM-3,PUT,26100,2025-12-02
2025-12-02 12:19:00+05:30,2.45,2.5,2.3,2.3,863550,15595650,12.152406,26056.45,25900.0,25950,ATM-3,PUT,26100,2025-12-02
2025-12-02 12:20:00+05:30,2.3,2.45,2.25,2.35,961425,15595650,12.318486,26058.1,25900.0,25950,ATM-3,PUT,26100,2025-12-02
2025-12-02 12:21:00+05:30,2.35,2.4,2.25,2.3,602025,15595650,12.265653,26057.95,25900.0,25950,ATM-3,PUT,26100,2025-12-02
2025-12-02 12:22:00+05:30,2.35,2.35,2.2,2.25,1176750,15594150,12.33522,26059.85,25900.0,25950,ATM-3,PUT,26100,2025-12-02
2025-12-02 12:23:00+05:30,2.2,2.3,2.2,2.25,500925,15594150,12.238717,26058.05,25900.0,25950,ATM-3,PUT,26100,2025-12-02
2025-12-02 12:24:00+05:30,2.25,2.3,1.95,2.0,2773875,15594150,12.36896,26065.0,25900.0,25950,ATM-3,PUT,26100,2025-12-02
2025-12-02 12:25:00+05:30,2.0,2.1,1.95,2.0,1004850,15253650,12.248013,26062.75,25900.0,25950,ATM-3,PUT,26100,2025-12-02
2025-12-02 12:26:00+05:30,2.05,2.15,1.9,1.95,1486575,15253650,12.197856,26062.75,25900.0,25950,ATM-3,PUT,26100,2025-12-02
2025-12-02 12:27:00+05:30,1.95,2.15,1.95,2.0,917475,15253650,12.200301,26061.55,25900.0,25950,ATM-3,PUT,26100,2025-12-02
2025-12-02 12:28:00+05:30,2.0,2.05,1.95,2.0,707550,15218025,12.099205,26059.65,25900.0,25950,ATM-3,PUT,26100,2025-12-02
2025-12-02 12:29:00+05:30,2.0,2.0,1.8,1.9,1821300,15218025,12.387412,26066.45,25900.0,25950,ATM-3,PUT,26100,2025-12-02
2025-12-02 12:30:00+05:30,1.9,1.95,1.8,1.8,1111650,15218025,12.254476,26066.2,25900.0,25950,ATM-3,PUT,26100,2025-12-02
2025-12-02 12:31:00+05:30,1.8,1.95,1.8,1.9,1178850,15218025,12.237528,26063.5,25900.0,25950,ATM-3,PUT,26100,2025-12-02
2025-12-02 12:32:00+05:30,1.95,1.95,1.75,1.85,1589550,14932275,12.311433,26065.65,25900.0,25950,ATM-3,PUT,26100,2025-12-02
2025-12-02 12:33:00+05:30,1.8,1.85,1.6,1.65,1694025,14932275,12.44076,26072.35,25900.0,25950,ATM-3,PUT,26100,2025-12-02
2025-12-02 12:34:00+05:30,1.6,1.65,1.6,1.6,1061700,14932275,12.461315,26073.75,25900.0,25950,ATM-3,PUT,26100,2025-12-02
2025-12-02 12:35:00+05:30,3.15,3.2,2.7,2.7,4314300,16984650,11.301138,26083.6,25950.0,25950,ATM-3,PUT,26100,2025-12-02
2025-12-02 12:36:00+05:30,2.75,3.0,2.7,3.0,2100150,16984650,11.332506,26079.65,25950.0,25950,ATM-3,PUT,26100,2025-12-02
2025-12-02 12:37:00+05:30,3.0,3.1,3.0,3.05,1404225,16984650,11.269666,26077.85,25950.0,25950,ATM-3,PUT,26100,2025-12-02
2025-12-02 12:38:00+05:30,1.65,1.75,1.6,1.75,1319925,14142075,12.635789,26072.25,25900.0,25950,ATM-3,PUT,26100,2025-12-02
2025-12-02 12:39:00+05:30,1.7,1.75,1.65,1.7,1331625,14142075,12.581399,26072.3,25900.0,25950,ATM-3,PUT,26100,2025-12-02
2025-12-02 12:40:00+05:30,1.7,1.75,1.65,1.65,698550,14142075,12.586493,26073.4,25900.0,25950,ATM-3,PUT,26100,2025-12-02
2025-12-02 12:41:00+05:30,1.65,1.85,1.6,1.85,1828650,14487150,12.463929,26066.4,25900.0,25950,ATM-3,PUT,26100,2025-12-02
2025-12-02 12:42:00+05:30,1.85,1.9,1.8,1.85,1766775,14487150,12.235923,26062.35,25900.0,25950,ATM-3,PUT,26100,2025-12-02
2025-12-02 12:43:00+05:30,1.85,1.9,1.8,1.8,1556175,14487150,12.137948,26061.6,25900.0,25950,ATM-3,PUT,26100,2025-12-02
2025-12-02 12:44:00+05:30,1.8,1.85,1.75,1.8,1189875,14627100,12.090529,26060.6,25900.0,25950,ATM-3,PUT,26100,2025-12-02
2025-12-02 12:45:00+05:30,1.75,1.8,1.7,1.75,1079925,14627100,11.988755,26059.8,25900.0,25950,ATM-3,PUT,26100,2025-12-02
2025-12-02 12:46:00+05:30,1.75,1.85,1.7,1.8,1473750,14627100,11.789177,26055.15,25900.0,25950,ATM-3,PUT,26100,2025-12-02
2025-12-02 12:47:00+05:30,1.8,1.85,1.7,1.75,1442400,14624475,11.792323,26056.1,25900.0,25950,ATM-3,PUT,26100,2025-12-02
2025-12-02 12:48:00+05:30,1.65,1.9,1.65,1.85,906675,14624475,11.85275,26054.75,25900.0,25950,ATM-3,PUT,26100,2025-12-02
2025-12-02 12:49:00+05:30,1.85,2.2,1.85,2.1,2251350,14624475,11.843234,26049.4,25900.0,25950,ATM-3,PUT,26100,2025-12-02
2025-12-02 12:50:00+05:30,2.15,2.15,2.0,2.0,1795125,14857275,11.788708,26050.25,25900.0,25950,ATM-3,PUT,26100,2025-12-02
2025-12-02 12:51:00+05:30,2.05,2.05,1.85,1.95,1510950,14857275,11.749031,26050.4,25900.0,25950,ATM-3,PUT,26100,2025-12-02
2025-12-02 12:52:00+05:30,1.95,2.0,1.85,1.9,1207125,14857275,11.659564,26049.75,25900.0,25950,ATM-3,PUT,26100,2025-12-02
2025-12-02 12:53:00+05:30,1.85,2.1,1.85,2.05,1474200,15125775,11.825488,26049.3,25900.0,25950,ATM-3,PUT,26100,2025-12-02
2025-12-02 12:54:00+05:30,2.0,2.25,1.95,2.25,2572800,15125775,11.730227,26043.9,25900.0,25950,ATM-3,PUT,26100,2025-12-02
2025-12-02 12:55:00+05:30,2.5,2.5,2.05,2.1,3345675,15125775,11.606827,26044.45,25900.0,25950,ATM-3,PUT,26100,2025-12-02
2025-12-02 12:56:00+05:30,2.1,2.45,2.1,2.4,2394975,15276075,11.716846,26040.75,25900.0,25950,ATM-3,PUT,26100,2025-12-02
2025-12-02 12:57:00+05:30,2.35,2.55,2.3,2.4,2783400,15276075,11.600728,26038.75,25900.0,25950,ATM-3,PUT,26100,2025-12-02
2025-12-02 12:58:00+05:30,2.25,2.35,2.15,2.15,1268625,15276075,11.479553,26040.95,25900.0,25950,ATM-3,PUT,26100,2025-12-02
2025-12-02 12:59:00+05:30,2.1,2.15,2.0,2.05,2254950,15767925,11.392483,26041.2,25900.0,25950,ATM-3,PUT,26100,2025-12-02
2025-12-02 13:00:00+05:30,2.05,2.15,2.0,2.05,1585425,15767925,11.38841,26040.95,25900.0,25950,ATM-3,PUT,26100,2025-12-02
2025-12-02 13:01:00+05:30,2.05,2.35,2.0,2.25,2204325,15767925,11.406675,26037.5,25900.0,25950,ATM-3,PUT,26100,2025-12-02
2025-12-02 13:02:00+05:30,2.25,2.25,2.05,2.1,1373250,16047900,11.355835,26039.15,25900.0,25950,ATM-3,PUT,26100,2025-12-02
2025-12-02 13:03:00+05:30,2.15,2.25,2.1,2.2,1061700,16047900,11.451424,26038.7,25900.0,25950,ATM-3,PUT,26100,2025-12-02
2025-12-02 13:04:00+05:30,2.25,2.25,1.85,1.9,2255325,16047900,11.402906,26043.3,25900.0,25950,ATM-3,PUT,26100,2025-12-02
2025-12-02 13:05:00+05:30,1.95,2.3,1.7,2.3,3489750,16209600,11.340509,26034.9,25900.0,25950,ATM-3,PUT,26100,2025-12-02
2025-12-02 13:06:00+05:30,2.2,2.35,2.15,2.25,2365950,16209600,11.314297,26035.15,25900.0,25950,ATM-3,PUT,26100,2025-12-02
2025-12-02 13:07:00+05:30,2.1,2.25,1.85,1.9,2225850,16209600,11.200946,26039.5,25900.0,25950,ATM-3,PUT,26100,2025-12-02
2025-12-02 13:08:00+05:30,1.9,2.0,1.7,1.7,1525950,16195875,11.205908,26043.45,25900.0,25950,ATM-3,PUT,26100,2025-12-02
2025-12-02 13:09:00+05:30,1.75,1.75,1.45,1.5,4178550,16195875,11.431272,26051.5,25900.0,25950,ATM-3,PUT,26100,2025-12-02
2025-12-02 13:10:00+05:30,1.5,1.8,1.5,1.75,2935950,16195875,11.009239,26038.85,25900.0,25950,ATM-3,PUT,26100,2025-12-02
2025-12-02 13:11:00+05:30,1.7,1.8,1.65,1.75,1370925,15956100,10.998932,26038.5,25900.0,25950,ATM-3,PUT,26100,2025-12-02
2025-12-02 13:12:00+05:30,1.75,1.9,1.75,1.85,1950525,15956100,11.097612,26037.9,25900.0,25950,ATM-3,PUT,26100,2025-12-02
2025-12-02 13:13:00+05:30,1.8,1.85,1.75,1.8,1907250,15956100,11.150499,26039.55,25900.0,25950,ATM-3,PUT,26100,2025-12-02
2025-12-02 13:14:00+05:30,1.8,2.05,1.8,1.95,1632525,15995175,11.108802,26035.8,25900.0,25950,ATM-3,PUT,26100,2025-12-02
2025-12-02 13:15:00+05:30,2.0,2.0,1.9,2.0,1365975,15995175,11.220818,26036.45,25900.0,25950,ATM-3,PUT,26100,2025-12-02
2025-12-02 13:16:00+05:30,1.95,2.15,1.95,2.1,1619400,15995175,11.132851,26033.1,25900.0,25950,ATM-3,PUT,26100,2025-12-02
2025-12-02 13:17:00+05:30,2.15,2.15,2.0,2.05,2091225,16054350,11.087668,26033.1,25900.0,25950,ATM-3,PUT,26100,2025-12-02
2025-12-02 13:18:00+05:30,2.1,2.1,1.9,2.0,1463250,16054350,11.166698,26035.05,25900.0,25950,ATM-3,PUT,26100,2025-12-02
2025-12-02 13:19:00+05:30,2.05,2.15,2.0,2.05,1034475,16054350,11.233518,26035.0,25900.0,25950,ATM-3,PUT,26100,2025-12-02
2025-12-02 13:20:00+05:30,2.05,2.3,2.0,2.15,1944075,16195425,11.29157,26033.95,25900.0,25950,ATM-3,PUT,26100,2025-12-02
2025-12-02 13:21:00+05:30,2.15,2.35,1.85,1.9,2217375,16195425,11.032159,26034.25,25900.0,25950,ATM-3,PUT,26100,2025-12-02
2025-12-02 13:22:00+05:30,1.9,1.9,1.7,1.75,2127450,16195425,11.152267,26038.9,25900.0,25950,ATM-3,PUT,26100,2025-12-02
2025-12-02 13:23:00+05:30,1.8,1.85,1.6,1.6,2338875,15926175,11.363396,26045.3,25900.0,25950,ATM-3,PUT,26100,2025-12-02
2025-12-02 13:24:00+05:30,1.55,1.65,1.55,1.6,1647750,15926175,11.403409,26045.75,25900.0,25950,ATM-3,PUT,26100,2025-12-02
2025-12-02 13:25:00+05:30,1.6,1.75,1.55,1.7,1641975,15926175,11.302069,26041.75,25900.0,25950,ATM-3,PUT,26100,2025-12-02
2025-12-02 13:26:00+05:30,1.75,1.75,1.55,1.65,1568475,15799650,11.24436,26041.7,25900.0,25950,ATM-3,PUT,26100,2025-12-02
2025-12-02 13:27:00+05:30,1.65,1.65,1.55,1.65,617475,15799650,11.11871,26039.5,25900.0,25950,ATM-3,PUT,26100,2025-12-02
2025-12-02 13:28:00+05:30,1.65,1.7,1.55,1.65,1126200,15799650,11.061633,26038.4,25900.0,25950,ATM-3,PUT,26100,2025-12-02
2025-12-02 13:29:00+05:30,1.65,1.75,1.6,1.75,1956900,15588900,11.011056,26035.35,25900.0,25950,ATM-3,PUT,26100,2025-12-02
2025-12-02 13:30:00+05:30,1.75,1.75,1.6,1.65,2635200,15588900,10.842741,26034.55,25900.0,25950,ATM-3,PUT,26100,2025-12-02
2025-12-02 13:31:00+05:30,1.6,1.7,1.6,1.65,1525425,15588900,10.851337,26034.5,25900.0,25950,ATM-3,PUT,26100,2025-12-02
2025-12-02 13:32:00+05:30,1.6,1.7,1.55,1.55,895350,15866700,10.857819,26036.55,25900.0,25950,ATM-3,PUT,26100,2025-12-02
2025-12-02 13:33:00+05:30,1.55,1.65,1.4,1.4,2586300,15866700,10.855096,26039.75,25900.0,25950,ATM-3,PUT,26100,2025-12-02
2025-12-02 13:34:00+05:30,1.45,1.5,1.3,1.35,2401275,15866700,10.841487,26040.55,25900.0,25950,ATM-3,PUT,26100,2025-12-02
2025-12-02 13:35:00+05:30,1.4,1.45,1.3,1.4,2405400,15757275,10.807763,26038.6,25900.0,25950,ATM-3,PUT,26100,2025-12-02
2025-12-02 13:36:00+05:30,1.5,1.75,1.4,1.7,3286050,15757275,10.665653,26029.65,25900.0,25950,ATM-3,PUT,26100,2025-12-02
2025-12-02 13:37:00+05:30,1.65,1.7,1.6,1.65,1752300,15757275,10.705821,26031.1,25900.0,25950,ATM-3,PUT,26100,2025-12-02
2025-12-02 13:38:00+05:30,1.65,1.7,1.2,1.25,3851400,15680325,10.938187,26043.9,25900.0,25950,ATM-3,PUT,26100,2025-12-02
2025-12-02 13:39:00+05:30,1.25,1.4,1.25,1.35,2751075,15680325,10.576224,26035.3,25900.0,25950,ATM-3,PUT,26100,2025-12-02
2025-12-02 13:40:00+05:30,1.3,1.45,1.3,1.35,2036925,15680325,10.671819,26036.65,25900.0,25950,ATM-3,PUT,26100,2025-12-02
2025-12-02 13:41:00+05:30,1.35,1.5,1.35,1.45,1308525,16015275,10.752313,26035.4,25900.0,25950,ATM-3,PUT,26100,2025-12-02
2025-12-02 13:42:00+05:30,1.5,1.55,1.4,1.55,1949775,16015275,10.806786,26033.85,25900.0,25950,ATM-3,PUT,26100,2025-12-02
2025-12-02 13:43:00+05:30,1.55,1.65,1.5,1.55,2642100,16015275,10.729677,26032.45,25900.0,25950,ATM-3,PUT,26100,2025-12-02
2025-12-02 13:44:00+05:30,1.5,1.55,1.35,1.45,2116050,15940725,10.867152,26036.65,25900.0,25950,ATM-3,PUT,26100,2025-12-02
2025-12-02 13:45:00+05:30,1.45,1.5,1.35,1.45,2200425,15940725,10.813135,26035.6,25900.0,25950,ATM-3,PUT,26100,2025-12-02
2025-12-02 13:46:00+05:30,1.55,1.7,1.45,1.45,3403875,15940725,10.708295,26033.75,25900.0,25950,ATM-3,PUT,26100,2025-12-02
2025-12-02 13:47:00+05:30,1.45,1.5,1.35,1.4,1735800,16007325,11.022101,26039.7,25900.0,25950,ATM-3,PUT,26100,2025-12-02
2025-12-02 13:48:00+05:30,1.35,1.4,1.2,1.25,1932525,16007325,11.104389,26044.6,25900.0,25950,ATM-3,PUT,26100,2025-12-02
2025-12-02 13:49:00+05:30,1.25,1.4,1.25,1.35,2184600,16007325,11.083643,26041.5,25900.0,25950,ATM-3,PUT,26100,2025-12-02
2025-12-02 13:50:00+05:30,1.3,1.45,1.25,1.4,2061300,15867900,11.163367,26041.35,25900.0,25950,ATM-3,PUT,26100,2025-12-02
2025-12-02 13:51:00+05:30,1.45,1.45,1.2,1.25,2274075,15867900,11.324314,26047.55,25900.0,25950,ATM-3,PUT,26100,2025-12-02
2025-12-02 13:52:00+05:30,1.2,1.35,1.2,1.2,2090400,15867900,11.332971,26048.85,25900.0,25950,ATM-3,PUT,26100,2025-12-02
2025-12-02 13:53:00+05:30,1.2,1.3,1.2,1.25,1761600,16287975,11.146171,26044.25,25900.0,25950,ATM-3,PUT,26100,2025-12-02
2025-12-02 13:54:00+05:30,1.25,1.25,1.2,1.2,666900,16287975,10.974028,26042.6,25900.0,25950,ATM-3,PUT,26100,2025-12-02
2025-12-02 13:55:00+05:30,1.25,1.35,1.2,1.3,1915725,16287975,10.940368,26039.25,25900.0,25950,ATM-3,PUT,26100,2025-12-02
2025-12-02 13:56:00+05:30,1.35,1.35,1.05,1.1,3581175,16158000,11.367262,26051.45,25900.0,25950,ATM-3,PUT,26100,2025-12-02
2025-12-02 13:57:00+05:30,1.1,1.1,0.95,1.0,2976150,16158000,11.396515,26054.85,25900.0,25950,ATM-3,PUT,26100,2025-12-02
2025-12-02 13:58:00+05:30,0.95,1.0,0.9,0.95,2687400,16158000,11.500621,26058.05,25900.0,25950,ATM-3,PUT,26100,2025-12-02
2025-12-02 13:59:00+05:30,0.95,1.0,0.9,0.9,2219775,15661275,11.492482,26059.45,25900.0,25950,ATM-3,PUT,26100,2025-12-02
2025-12-02 14:00:00+05:30,0.95,1.05,0.9,0.95,2574450,15661275,11.043119,26049.95,25900.0,25950,ATM-3,PUT,26100,2025-12-02
2025-12-02 14:01:00+05:30,0.9,1.05,0.9,0.95,3155400,15661275,10.564723,26041.8,25900.0,25950,ATM-3,PUT,26100,2025-12-02
2025-12-02 14:02:00+05:30,1.0,1.0,0.9,0.9,1295325,15243375,10.731241,26046.0,25900.0,25950,ATM-3,PUT,26100,2025-12-02
2025-12-02 14:03:00+05:30,0.95,0.95,0.75,0.8,2261025,15243375,10.87861,26051.85,25900.0,25950,ATM-3,PUT,26100,2025-12-02
2025-12-02 14:04:00+05:30,0.8,0.85,0.75,0.75,1299750,15243375,10.952543,26054.85,25900.0,25950,ATM-3,PUT,26100,2025-12-02
2025-12-02 14:05:00+05:30,0.75,0.9,0.75,0.8,1956525,14876625,11.119321,26055.5,25900.0,25950,ATM-3,PUT,26100,2025-12-02
2025-12-02 14:06:00+05:30,0.85,0.95,0.8,0.9,1617900,14876625,10.461892,26040.7,25900.0,25950,ATM-3,PUT,26100,2025-12-02
2025-12-02 14:07:00+05:30,0.9,0.9,0.8,0.8,1458000,14876625,10.276436,26040.85,25900.0,25950,ATM-3,PUT,26100,2025-12-02
2025-12-02 14:08:00+05:30,0.85,0.9,0.65,0.7,3980925,15009525,11.176663,26059.9,25900.0,25950,ATM-3,PUT,26100,2025-12-02
2025-12-02 14:09:00+05:30,0.65,0.7,0.65,0.7,811425,15009525,11.13491,26058.95,25900.0,25950,ATM-3,PUT,26100,2025-12-02
2025-12-02 14:10:00+05:30,0.7,0.7,0.6,0.6,1053300,15009525,10.767077,26056.9,25900.0,25950,ATM-3,PUT,26100,2025-12-02
2025-12-02 14:11:00+05:30,0.65,0.7,0.6,0.65,1755075,14281275,10.726356,26053.65,25900.0,25950,ATM-3,PUT,26100,2025-12-02
2025-12-02 14:12:00+05:30,0.65,0.7,0.6,0.65,1148625,14281275,10.681252,26052.65,25900.0,25950,ATM-3,PUT,26100,2025-12-02
2025-12-02 14:13:00+05:30,0.65,0.7,0.6,0.65,635100,14281275,10.720234,26053.1,25900.0,25950,ATM-3,PUT,26100,2025-12-02
2025-12-02 14:14:00+05:30,0.6,0.75,0.6,0.75,1678950,14416350,10.502957,26045.05,25900.0,25950,ATM-3,PUT,26100,2025-12-02
2025-12-02 14:15:00+05:30,0.7,0.75,0.65,0.7,1425000,14416350,10.463473,26046.15,25900.0,25950,ATM-3,PUT,26100,2025-12-02
2025-12-02 14:16:00+05:30,0.75,0.75,0.65,0.75,1107675,14416350,10.471667,26044.1,25900.0,25950,ATM-3,PUT,26100,2025-12-02
2025-12-02 14:17:00+05:30,0.75,0.8,0.7,0.75,1325025,14427375,10.250748,26040.2,25900.0,25950,ATM-3,PUT,26100,2025-12-02
2025-12-02 14:18:00+05:30,0.75,0.8,0.7,0.75,1073100,14427375,10.452216,26043.35,25900.0,25950,ATM-3,PUT,26100,2025-12-02
2025-12-02 14:19:00+05:30,0.75,0.75,0.7,0.7,1205925,14427375,10.327251,26043.0,25900.0,25950,ATM-3,PUT,26100,2025-12-02
2025-12-02 14:20:00+05:30,0.7,0.8,0.65,0.8,1368825,14623950,10.359646,26039.55,25900.0,25950,ATM-3,PUT,26100,2025-12-02
2025-12-02 14:21:00+05:30,0.75,0.8,0.7,0.8,1109850,14623950,10.204883,26036.8,25900.0,25950,ATM-3,PUT,26100,2025-12-02
2025-12-02 14:22:00+05:30,0.75,0.85,0.7,0.8,3908325,14623950,10.037043,26033.85,25900.0,25950,ATM-3,PUT,26100,2025-12-02
2025-12-02 14:23:00+05:30,0.8,0.9,0.75,0.9,2162625,13393725,10.204309,26033.05,25900.0,25950,ATM-3,PUT,26100,2025-12-02
2025-12-02 14:24:00+05:30,0.9,0.95,0.75,0.85,3543225,13393725,10.042313,26031.85,25900.0,25950,ATM-3,PUT,26100,2025-12-02
2025-12-02 14:25:00+05:30,0.8,0.85,0.65,0.75,3092175,13393725,10.560692,26043.65,25900.0,25950,ATM-3,PUT,26100,2025-12-02
2025-12-02 14:26:00+05:30,0.75,0.75,0.65,0.7,1824075,13593075,10.365661,26042.15,25900.0,25950,ATM-3,PUT,26100,2025-12-02
2025-12-02 14:27:00+05:30,0.65,0.75,0.65,0.65,1488300,13593075,9.94497,26036.95,25900.0,25950,ATM-3,PUT,26100,2025-12-02
2025-12-02 14:28:00+05:30,0.65,0.7,0.6,0.65,1535400,13593075,10.035292,26038.25,25900.0,25950,ATM-3,PUT,26100,2025-12-02
2025-12-02 14:29:00+05:30,0.7,0.7,0.6,0.6,895800,13175100,10.107819,26041.4,25900.0,25950,ATM-3,PUT,26100,2025-12-02
2025-12-02 14:30:00+05:30,0.65,0.8,0.6,0.8,1157550,13175100,10.365779,26037.55,25900.0,25950,ATM-3,PUT,26100,2025-12-02
2025-12-02 14:31:00+05:30,0.8,0.9,0.7,0.75,1842000,13175100,10.169648,26035.95,25900.0,25950,ATM-3,PUT,26100,2025-12-02
2025-12-02 14:32:00+05:30,0.75,0.75,0.65,0.65,1431375,12897300,9.877732,26034.8,25900.0,25950,ATM-3,PUT,26100,2025-12-02
2025-12-02 14:33:00+05:30,0.65,0.75,0.6,0.6,1598025,12897300,9.761528,26034.75,25900.0,25950,ATM-3,PUT,26100,2025-12-02
2025-12-02 14:34:00+05:30,0.65,0.75,0.6,0.6,1518600,12897300,9.980636,26038.2,25900.0,25950,ATM-3,PUT,26100,2025-12-02
2025-12-02 14:35:00+05:30,0.65,0.7,0.6,0.7,687825,12864750,10.206545,26037.6,25900.0,25950,ATM-3,PUT,26100,2025-12-02
2025-12-02 14:36:00+05:30,0.45,0.6,0.45,0.45,2068200,7573950,11.198272,26016.1,25850.0,25950,ATM-3,PUT,26100,2025-12-02
2025-12-02 14:37:00+05:30,0.45,0.6,0.45,0.45,3382725,7573950,10.476927,26003.25,25850.0,25950,ATM-3,PUT,26100,2025-12-02
2025-12-02 14:38:00+05:30,0.45,0.45,0.35,0.35,3686025,7250775,10.442211,26008.95,25850.0,25950,ATM-3,PUT,26100,2025-12-02
2025-12-02 14:39:00+05:30,0.35,0.45,0.35,0.4,1511925,7250775,10.921042,26013.7,25850.0,25950,ATM-3,PUT,26100,2025-12-02
2025-12-02 14:40:00+05:30,0.35,0.45,0.35,0.45,809775,7250775,10.897672,26009.85,25850.0,25950,ATM-3,PUT,26100,2025-12-02
2025-12-02 14:41:00+05:30,0.45,0.45,0.35,0.4,1142625,7235700,10.741712,26010.05,25850.0,25950,ATM-3,PUT,26100,2025-12-02
2025-12-02 14:42:00+05:30,0.4,0.45,0.4,0.45,288375,7235700,11.000843,26011.15,25850.0,25950,ATM-3,PUT,26100,2025-12-02
2025-12-02 14:43:00+05:30,0.45,0.45,0.4,0.45,677175,7235700,10.795834,26007.35,25850.0,25950,ATM-3,PUT,26100,2025-12-02
2025-12-02 14:44:00+05:30,0.45,0.45,0.4,0.45,992025,7163175,10.963158,26010.0,25850.0,25950,ATM-3,PUT,26100,2025-12-02
2025-12-02 14:45:00+05:30,0.5,0.5,0.45,0.5,490500,7163175,11.113946,26009.4,25850.0,25950,ATM-3,PUT,26100,2025-12-02
2025-12-02 14:46:00+05:30,0.45,0.5,0.4,0.4,320250,7163175,10.895424,26011.5,25850.0,25950,ATM-3,PUT,26100,2025-12-02
2025-12-02 14:47:00+05:30,0.45,0.45,0.4,0.45,364875,7178175,11.107868,26011.75,25850.0,25950,ATM-3,PUT,26100,2025-12-02
2025-12-02 14:48:00+05:30,0.45,0.45,0.3,0.3,402525,7178175,10.794483,26016.75,25850.0,25950,ATM-3,PUT,26100,2025-12-02
2025-12-02 14:49:00+05:30,0.35,0.35,0.3,0.35,258450,7178175,11.107548,26018.05,25850.0,25950,ATM-3,PUT,26100,2025-12-02
2025-12-02 14:50:00+05:30,0.35,0.35,0.3,0.3,532275,7102950,10.813297,26016.55,25850.0,25950,ATM-3,PUT,26100,2025-12-02
2025-12-02 14:51:00+05:30,0.3,0.35,0.3,0.3,630675,7102950,10.949844,26018.75,25850.0,25950,ATM-3,PUT,26100,2025-12-02
2025-12-02 14:52:00+05:30,0.35,0.35,0.3,0.3,475500,7102950,11.051595,26020.3,25850.0,25950,ATM-3,PUT,26100,2025-12-02
2025-12-02 14:53:00+05:30,0.3,0.35,0.3,0.35,238275,6930375,11.241223,26019.35,25850.0,25950,ATM-3,PUT,26100,2025-12-02
2025-12-02 14:54:00+05:30,0.35,0.35,0.25,0.3,440100,6930375,10.559661,26010.8,25850.0,25950,ATM-3,PUT,26100,2025-12-02
2025-12-02 14:55:00+05:30,0.3,0.35,0.25,0.3,1265100,6930375,10.499001,26009.45,25850.0,25950,ATM-3,PUT,26100,2025-12-02
2025-12-02 14:56:00+05:30,0.3,0.35,0.3,0.3,824175,6843225,10.410391,26007.65,25850.0,25950,ATM-3,PUT,26100,2025-12-02
2025-12-02 14:57:00+05:30,0.35,0.35,0.3,0.3,218775,6843225,10.003779,26000.2,25850.0,25950,ATM-3,PUT,26100,2025-12-02
2025-12-02 14:58:00+05:30,0.35,0.4,0.3,0.35,521850,6843225,10.818467,26010.45,25850.0,25950,ATM-3,PUT,26100,2025-12-02
2025-12-02 14:59:00+05:30,0.3,0.35,0.3,0.35,367050,6653475,11.299405,26018.75,25850.0,25950,ATM-3,PUT,26100,2025-12-02
2025-12-02 15:00:00+05:30,0.25,0.35,0.25,0.3,564225,6653475,10.693354,26011.85,25850.0,25950,ATM-3,PUT,26100,2025-12-02
2025-12-02 15:01:00+05:30,0.25,0.3,0.25,0.25,186600,6653475,11.015096,26021.95,25850.0,25950,ATM-3,PUT,26100,2025-12-02
2025-12-02 15:02:00+05:30,0.25,0.25,0.2,0.2,393675,6880650,10.750076,26022.35,25850.0,25950,ATM-3,PUT,26100,2025-12-02
2025-12-02 15:03:00+05:30,0.25,0.25,0.15,0.15,719925,6880650,10.295448,26020.3,25850.0,25950,ATM-3,PUT,26100,2025-12-02
2025-12-02 15:04:00+05:30,0.2,0.2,0.15,0.15,593625,6880650,10.483697,26023.6,25850.0,25950,ATM-3,PUT,26100,2025-12-02
2025-12-02 15:05:00+05:30,0.15,0.2,0.1,0.1,1003950,7045350,9.99505,26022.85,25850.0,25950,ATM-3,PUT,26100,2025-12-02
2025-12-02 15:06:00+05:30,0.1,0.15,0.1,0.1,387450,7045350,9.89683,26020.65,25850.0,25950,ATM-3,PUT,26100,2025-12-02
2025-12-02 15:07:00+05:30,0.15,0.15,0.1,0.15,184275,7045350,10.580393,26024.6,25850.0,25950,ATM-3,PUT,26100,2025-12-02
2025-12-02 15:08:00+05:30,0.15,0.15,0.1,0.1,1098525,11150775,7.636804,26026.8,25900.0,25950,ATM-3,PUT,26100,2025-12-02
2025-12-02 15:09:00+05:30,0.15,0.15,0.1,0.15,894900,11150775,8.002592,26026.45,25900.0,25950,ATM-3,PUT,26100,2025-12-02
2025-12-02 15:10:00+05:30,0.15,0.15,0.1,0.1,828450,11150775,7.852699,26030.5,25900.0,25950,ATM-3,PUT,26100,2025-12-02
2025-12-02 15:11:00+05:30,0.1,0.1,0.05,0.1,708225,10244025,8.005559,26033.2,25900.0,25950,ATM-3,PUT,26100,2025-12-02
2025-12-02 15:12:00+05:30,0.05,0.1,0.05,0.05,467025,10244025,7.455626,26033.4,25900.0,25950,ATM-3,PUT,26100,2025-12-02
2025-12-02 15:13:00+05:30,0.05,0.1,0.05,0.05,318150,10244025,7.681372,26037.75,25900.0,25950,ATM-3,PUT,26100,2025-12-02
2025-12-02 15:14:00+05:30,0.1,0.1,0.05,0.05,301125,9852375,7.642736,26036.75,25900.0,25950,ATM-3,PUT,26100,2025-12-02
2025-12-02 15:15:00+05:30,0.1,0.1,0.05,0.05,500325,9852375,7.507185,26033.8,25900.0,25950,ATM-3,PUT,26100,2025-12-02
2025-12-02 15:16:00+05:30,0.05,0.1,0.05,0.05,408300,9852375,7.696793,26037.4,25900.0,25950,ATM-3,PUT,26100,2025-12-02
2025-12-02 15:17:00+05:30,0.05,0.1,0.05,0.1,270150,9551025,8.361926,26038.65,25900.0,25950,ATM-3,PUT,26100,2025-12-02
2025-12-02 15:18:00+05:30,0.05,0.1,0.05,0.1,372150,9551025,8.061617,26032.75,25900.0,25950,ATM-3,PUT,26100,2025-12-02
2025-12-02 15:19:00+05:30,0.05,0.1,0.05,0.1,206700,9551025,8.383318,26038.6,25900.0,25950,ATM-3,PUT,26100,2025-12-02
2025-12-02 15:20:00+05:30,0.05,0.1,0.05,0.1,771900,9337425,8.725856,26044.85,25900.0,25950,ATM-3,PUT,26100,2025-12-02
2025-12-02 15:21:00+05:30,0.05,0.1,0.05,0.05,299250,9337425,7.889649,26040.15,25900.0,25950,ATM-3,PUT,26100,2025-12-02
2025-12-02 15:22:00+05:30,0.05,0.1,0.05,0.05,211950,9337425,7.931076,26040.75,25900.0,25950,ATM-3,PUT,26100,2025-12-02
2025-12-02 15:23:00+05:30,0.05,0.1,0.05,0.05,670725,9209250,8.322102,26048.35,25900.0,25950,ATM-3,PUT,26100,2025-12-02
2025-12-02 15:24:00+05:30,0.05,0.1,0.05,0.05,1657500,9209250,8.461382,26050.9,25900.0,25950,ATM-3,PUT,26100,2025-12-02
2025-12-02 15:25:00+05:30,0.1,0.1,0.05,0.05,692100,9209250,8.678111,26055.0,25900.0,25950,ATM-3,PUT,26100,2025-12-02
2025-12-02 15:26:00+05:30,0.05,0.05,0.05,0.05,196275,7442775,8.533705,26051.85,25900.0,25950,ATM-3,PUT,26100,2025-12-02
2025-12-02 15:27:00+05:30,0.05,0.05,0.05,0.05,42900,7442775,8.721177,26055.35,25900.0,25950,ATM-3,PUT,26100,2025-12-02
2025-12-02 15:28:00+05:30,0.05,0.05,0.05,0.05,126000,7442775,8.77408,26056.15,25900.0,25950,ATM-3,PUT,26100,2025-12-02
2025-12-02 15:29:00+05:30,0.05,0.05,0.05,0.05,33750,7320525,8.829673,26057.0,25900.0,25950,ATM-3,PUT,26100,2025-12-02
2025-12-02 09:15:00+05:30,148.2,160.2,131.5,139.2,1135275,2860200,17.801237,26110.2,26000.0,26000,ATM-2,CALL,26100,2025-12-02
2025-12-02 09:16:00+05:30,136.95,149.0,135.85,143.3,1015350,3393750,17.0087,26118.7,26000.0,26000,ATM-2,CALL,26100,2025-12-02
2025-12-02 09:17:00+05:30,103.35,107.5,101.2,106.65,767775,1527975,15.160203,26127.05,26050.0,26000,ATM-2,CALL,26100,2025-12-02
2025-12-02 09:18:00+05:30,108.1,121.6,105.4,117.25,1685250,1527975,14.247451,26145.25,26050.0,26000,ATM-2,CALL,26100,2025-12-02
2025-12-02 09:19:00+05:30,117.7,128.05,115.35,118.05,1238175,1816125,15.466266,26141.5,26050.0,26000,ATM-2,CALL,26100,2025-12-02
2025-12-02 09:20:00+05:30,118.0,126.45,115.8,124.1,1064475,1816125,16.25029,26146.45,26050.0,26000,ATM-2,CALL,26100,2025-12-02
2025-12-02 09:21:00+05:30,123.35,126.0,113.6,124.15,934800,1816125,16.506188,26145.5,26050.0,26000,ATM-2,CALL,26100,2025-12-02
2025-12-02 09:22:00+05:30,124.15,128.15,118.5,123.9,725400,2021250,16.391026,26145.7,26050.0,26000,ATM-2,CALL,26100,2025-12-02
2025-12-02 09:23:00+05:30,123.3,128.85,118.7,125.6,751350,2021250,15.525361,26151.5,26050.0,26000,ATM-2,CALL,26100,2025-12-02
2025-12-02 09:24:00+05:30,126.4,127.7,120.6,122.45,572925,2021250,16.36543,26143.95,26050.0,26000,ATM-2,CALL,26100,2025-12-02
2025-12-02 09:25:00+05:30,121.85,126.7,119.2,122.45,489525,2114475,16.091382,26145.15,26050.0,26000,ATM-2,CALL,26100,2025-12-02
2025-12-02 09:26:00+05:30,122.4,127.6,118.15,127.05,541575,2114475,17.078806,26147.3,26050.0,26000,ATM-2,CALL,26100,2025-12-02
2025-12-02 09:27:00+05:30,124.75,129.05,121.85,126.25,550350,2114475,16.569999,26148.4,26050.0,26000,ATM-2,CALL,26100,2025-12-02
2025-12-02 09:28:00+05:30,126.0,128.4,122.8,122.8,401025,2263275,16.741078,26143.05,26050.0,26000,ATM-2,CALL,26100,2025-12-02
2025-12-02 09:29:00+05:30,121.65,122.8,111.15,111.15,1031250,2263275,16.003243,26130.2,26050.0,26000,ATM-2,CALL,26100,2025-12-02
2025-12-02 09:30:00+05:30,155.5,156.5,140.45,140.45,961200,4278225,15.14974,26122.1,26000.0,26000,ATM-2,CALL,26100,2025-12-02
2025-12-02 09:31:00+05:30,137.85,143.4,137.05,139.5,1015050,4597800,16.000341,26118.15,26000.0,26000,ATM-2,CALL,26100,2025-12-02
2025-12-02 09:32:00+05:30,99.85,114.05,98.65,113.0,1112700,2454750,16.217853,26132.0,26050.0,26000,ATM-2,CALL,26100,2025-12-02
2025-12-02 09:33:00+05:30,155.85,155.85,142.45,142.45,825975,4597800,16.282862,26121.0,26000.0,26000,ATM-2,CALL,26100,2025-12-02
2025-12-02 09:34:00+05:30,143.75,144.55,137.2,138.3,641025,5036400,16.527738,26114.9,26000.0,26000,ATM-2,CALL,26100,2025-12-02
2025-12-02 09:35:00+05:30,138.45,143.95,138.3,139.0,455850,5036400,16.471114,26116.05,26000.0,26000,ATM-2,CALL,26100,2025-12-02
2025-12-02 09:36:00+05:30,139.85,141.6,132.75,140.75,801225,5036400,17.573864,26114.3,26000.0,26000,ATM-2,CALL,26100,2025-12-02
2025-12-02 09:37:00+05:30,141.15,145.85,140.65,143.5,710325,5424600,16.88016,26120.45,26000.0,26000,ATM-2,CALL,26100,2025-12-02
2025-12-02 09:38:00+05:30,143.3,144.5,132.9,133.35,804000,5424600,16.642835,26108.25,26000.0,26000,ATM-2,CALL,26100,2025-12-02
2025-12-02 09:39:00+05:30,135.0,139.7,133.35,136.9,438525,5424600,17.710808,26108.85,26000.0,26000,ATM-2,CALL,26100,2025-12-02
2025-12-02 09:40:00+05:30,137.85,140.15,128.45,128.6,682125,5900400,15.897818,26104.95,26000.0,26000,ATM-2,CALL,26100,2025-12-02
2025-12-02 09:41:00+05:30,129.7,132.05,120.5,122.8,1304475,5900400,16.337654,26095.6,26000.0,26000,ATM-2,CALL,26100,2025-12-02
2025-12-02 09:42:00+05:30,121.8,125.6,113.3,113.3,1366800,5900400,14.889128,26088.75,26000.0,26000,ATM-2,CALL,26100,2025-12-02
2025-12-02 09:43:00+05:30,113.45,121.0,113.3,120.0,1015425,6485850,16.473138,26091.35,26000.0,26000,ATM-2,CALL,26100,2025-12-02
2025-12-02 09:44:00+05:30,119.5,120.7,109.65,110.0,1259325,6485850,16.069345,26079.3,26000.0,26000,ATM-2,CALL,26100,2025-12-02
2025-12-02 09:45:00+05:30,109.2,116.15,109.2,114.75,1085550,6485850,15.969917,26086.4,26000.0,26000,ATM-2,CALL,26100,2025-12-02
2025-12-02 09:46:00+05:30,114.25,116.6,113.3,116.6,595500,7549275,16.109724,26088.4,26000.0,26000,ATM-2,CALL,26100,2025-12-02
2025-12-02 09:47:00+05:30,116.2,121.65,115.7,120.0,1062000,7549275,15.83175,26094.2,26000.0,26000,ATM-2,CALL,26100,2025-12-02
2025-12-02 09:48:00+05:30,119.5,120.0,104.4,106.75,1475025,7549275,14.32927,26082.5,26000.0,26000,ATM-2,CALL,26100,2025-12-02
2025-12-02 09:49:00+05:30,148.95,150.5,140.5,141.9,199050,935925,15.819905,26072.65,25950.0,26000,ATM-2,CALL,26100,2025-12-02
2025-12-02 09:50:00+05:30,141.35,144.85,139.8,141.25,197025,935925,15.783863,26072.0,25950.0,26000,ATM-2,CALL,26100,2025-12-02
2025-12-02 09:51:00+05:30,141.7,144.0,140.3,141.0,106725,935925,15.887293,26071.4,25950.0,26000,ATM-2,CALL,26100,2025-12-02
2025-12-02 09:52:00+05:30,141.9,143.25,138.05,141.75,139125,1077900,16.325605,26070.95,25950.0,26000,ATM-2,CALL,26100,2025-12-02
2025-12-02 09:53:00+05:30,142.05,146.4,140.35,141.65,174675,1077900,16.179856,26071.35,25950.0,26000,ATM-2,CALL,26100,2025-12-02
2025-12-02 09:54:00+05:30,101.8,107.6,101.25,104.9,880275,8880675,15.17327,26076.7,26000.0,26000,ATM-2,CALL,26100,2025-12-02
2025-12-02 09:55:00+05:30,104.95,113.0,102.8,111.75,1616925,9332400,15.22644,26085.95,26000.0,26000,ATM-2,CALL,26100,2025-12-02
2025-12-02 09:56:00+05:30,112.05,112.3,107.35,107.5,933975,9332400,14.46521,26083.35,26000.0,26000,ATM-2,CALL,26100,2025-12-02
2025-12-02 09:57:00+05:30,107.4,112.1,107.4,110.05,586425,9332400,14.784083,26085.55,26000.0,26000,ATM-2,CALL,26100,2025-12-02
2025-12-02 09:58:00+05:30,109.35,112.1,106.85,107.7,657750,9189975,14.982494,26081.6,26000.0,26000,ATM-2,CALL,26100,2025-12-02
2025-12-02 09:59:00+05:30,107.25,109.25,101.8,106.0,962025,9189975,15.943208,26075.1,26000.0,26000,ATM-2,CALL,26100,2025-12-02
2025-12-02 10:00:00+05:30,147.6,148.0,142.2,145.75,132825,1065000,17.477611,26072.5,25950.0,26000,ATM-2,CALL,26100,2025-12-02
2025-12-02 10:01:00+05:30,105.3,110.25,104.1,108.45,898875,9306375,16.351565,26076.85,26000.0,26000,ATM-2,CALL,26100,2025-12-02
2025-12-02 10:02:00+05:30,147.05,147.45,142.4,143.15,76425,1096275,16.710184,26071.9,25950.0,26000,ATM-2,CALL,26100,2025-12-02
2025-12-02 10:03:00+05:30,143.95,144.6,139.45,144.6,160050,1096275,17.72953,26070.3,25950.0,26000,ATM-2,CALL,26100,2025-12-02
2025-12-02 10:04:00+05:30,104.9,111.65,103.25,110.35,1615650,9681225,16.185878,26080.45,26000.0,26000,ATM-2,CALL,26100,2025-12-02
2025-12-02 10:05:00+05:30,109.55,111.75,107.45,108.35,930750,9681225,15.637436,26080.1,26000.0,26000,ATM-2,CALL,26100,2025-12-02
2025-12-02 10:06:00+05:30,107.4,108.35,103.45,104.95,878850,9681225,15.341744,26076.7,26000.0,26000,ATM-2,CALL,26100,2025-12-02
2025-12-02 10:07:00+05:30,145.75,147.65,140.85,141.65,118575,1206600,16.045692,26072.4,25950.0,26000,ATM-2,CALL,26100,2025-12-02
2025-12-02 10:08:00+05:30,141.8,145.85,139.6,142.8,117375,1206600,16.369057,26072.85,25950.0,26000,ATM-2,CALL,26100,2025-12-02
2025-12-02 10:09:00+05:30,143.25,145.8,142.1,142.45,66375,1206600,16.135242,26073.2,25950.0,26000,ATM-2,CALL,26100,2025-12-02
2025-12-02 10:10:00+05:30,142.15,142.45,130.5,132.95,372525,1230825,15.563575,26063.2,25950.0,26000,ATM-2,CALL,26100,2025-12-02
2025-12-02 10:11:00+05:30,132.8,133.4,126.45,129.05,255975,1230825,15.520876,26058.45,25950.0,26000,ATM-2,CALL,26100,2025-12-02
2025-12-02 10:12:00+05:30,128.95,130.9,127.45,130.0,159525,1230825,16.340843,26056.85,25950.0,26000,ATM-2,CALL,26100,2025-12-02
2025-12-02 10:13:00+05:30,131.35,132.25,128.05,129.65,140025,1329675,15.728095,26058.6,25950.0,26000,ATM-2,CALL,26100,2025-12-02
2025-12-02 10:14:00+05:30,130.15,131.25,128.35,129.0,98925,1329675,15.468547,26058.7,25950.0,26000,ATM-2,CALL,26100,2025-12-02
2025-12-02 10:15:00+05:30,129.1,131.2,126.8,128.15,169950,1329675,15.560871,26057.35,25950.0,26000,ATM-2,CALL,26100,2025-12-02
2025-12-02 10:16:00+05:30,127.85,132.95,126.65,127.9,213900,1395150,14.592759,26060.25,25950.0,26000,ATM-2,CALL,26100,2025-12-02
2025-12-02 10:17:00+05:30,128.3,128.75,120.95,121.6,380625,1395150,15.419984,26049.5,25950.0,26000,ATM-2,CALL,26100,2025-12-02
2025-12-02 10:18:00+05:30,122.35,127.8,120.95,126.7,228600,1395150,15.885095,26054.5,25950.0,26000,ATM-2,CALL,26100,2025-12-02
2025-12-02 10:19:00+05:30,126.7,134.95,125.75,134.8,276600,1495050,16.57945,26062.55,25950.0,26000,ATM-2,CALL,26100,2025-12-02
2025-12-02 10:20:00+05:30,134.0,140.4,133.6,137.75,330975,1495050,16.878306,26065.35,25950.0,26000,ATM-2,CALL,26100,2025-12-02
2025-12-02 10:21:00+05:30,137.75,142.0,136.85,139.6,227550,1495050,16.610797,26068.65,25950.0,26000,ATM-2,CALL,26100,2025-12-02
2025-12-02 10:22:00+05:30,139.25,146.0,138.05,145.2,209625,1413300,16.931554,26074.7,25950.0,26000,ATM-2,CALL,26100,2025-12-02
2025-12-02 10:23:00+05:30,145.05,145.65,141.2,141.2,173400,1413300,16.300165,26071.75,25950.0,26000,ATM-2,CALL,26100,2025-12-02
2025-12-02 10:24:00+05:30,140.9,141.7,138.25,141.5,138675,1413300,16.63695,26071.1,25950.0,26000,ATM-2,CALL,26100,2025-12-02
2025-12-02 10:25:00+05:30,142.15,145.2,140.6,144.0,144225,1375875,16.644508,26074.25,25950.0,26000,ATM-2,CALL,26100,2025-12-02
2025-12-02 10:26:00+05:30,143.7,144.0,138.15,142.65,106575,1375875,17.020161,26071.4,25950.0,26000,ATM-2,CALL,26100,2025-12-02
2025-12-02 10:27:00+05:30,142.75,144.0,140.75,141.0,68100,1375875,16.948007,26069.6,25950.0,26000,ATM-2,CALL,26100,2025-12-02
2025-12-02 10:28:00+05:30,142.1,144.1,140.25,141.45,64500,1400925,17.029558,26069.95,25950.0,26000,ATM-2,CALL,26100,2025-12-02
2025-12-02 10:29:00+05:30,100.9,108.65,100.15,106.8,2093700,12135375,15.758465,26078.8,26000.0,26000,ATM-2,CALL,26100,2025-12-02
2025-12-02 10:30:00+05:30,104.95,107.55,104.1,104.85,1082025,12135375,15.343254,26077.9,26000.0,26000,ATM-2,CALL,26100,2025-12-02
2025-12-02 10:31:00+05:30,104.8,111.9,102.05,110.85,1927950,11674875,15.855564,26084.1,26000.0,26000,ATM-2,CALL,26100,2025-12-02
2025-12-02 10:32:00+05:30,111.15,113.15,105.65,105.65,1527675,11674875,14.73004,26081.6,26000.0,26000,ATM-2,CALL,26100,2025-12-02
2025-12-02 10:33:00+05:30,106.2,110.25,102.8,110.15,1276725,11674875,15.953768,26082.85,26000.0,26000,ATM-2,CALL,26100,2025-12-02
2025-12-02 10:34:00+05:30,109.95,113.95,109.95,112.5,1236525,11167425,15.746859,26086.95,26000.0,26000,ATM-2,CALL,26100,2025-12-02
2025-12-02 10:35:00+05:30,112.0,115.65,108.75,113.6,1572825,11167425,15.341525,26090.05,26000.0,26000,ATM-2,CALL,26100,2025-12-02
2025-12-02 10:36:00+05:30,113.65,114.35,110.65,110.65,787650,11167425,14.549361,26089.15,26000.0,26000,ATM-2,CALL,26100,2025-12-02
2025-12-02 10:37:00+05:30,110.3,111.25,106.35,110.7,1019625,10782900,16.023551,26083.55,26000.0,26000,ATM-2,CALL,26100,2025-12-02
2025-12-02 10:38:00+05:30,110.75,112.8,108.9,110.05,549375,10782900,15.607412,26084.4,26000.0,26000,ATM-2,CALL,26100,2025-12-02
2025-12-02 10:39:00+05:30,110.0,110.95,108.6,109.6,328725,10782900,15.791675,26083.1,26000.0,26000,ATM-2,CALL,26100,2025-12-02
2025-12-02 10:40:00+05:30,109.75,114.4,109.5,109.9,885975,10515900,15.943683,26082.95,26000.0,26000,ATM-2,CALL,26100,2025-12-02
2025-12-02 10:41:00+05:30,110.25,116.35,109.4,113.0,1038750,10515900,15.606866,26088.55,26000.0,26000,ATM-2,CALL,26100,2025-12-02
2025-12-02 10:42:00+05:30,114.0,118.85,109.25,109.25,1844625,10515900,14.615776,26087.35,26000.0,26000,ATM-2,CALL,26100,2025-12-02
2025-12-02 10:43:00+05:30,109.65,111.2,103.35,103.35,1281150,9802800,14.085923,26081.55,26000.0,26000,ATM-2,CALL,26100,2025-12-02
2025-12-02 10:44:00+05:30,145.0,147.6,140.5,143.25,231600,1222125,16.493691,26074.65,25950.0,26000,ATM-2,CALL,26100,2025-12-02
2025-12-02 10:45:00+05:30,101.1,102.95,97.5,101.55,1057275,9802800,14.81608,26076.35,26000.0,26000,ATM-2,CALL,26100,2025-12-02
2025-12-02 10:46:00+05:30,142.75,143.4,136.6,137.6,173775,1241700,15.811604,26069.8,25950.0,26000,ATM-2,CALL,26100,2025-12-02
2025-12-02 10:47:00+05:30,138.9,140.25,136.25,139.35,106125,1241700,15.913082,26071.7,25950.0,26000,ATM-2,CALL,26100,2025-12-02
2025-12-02 10:48:00+05:30,139.45,143.2,138.3,142.15,133950,1241700,16.198093,26074.35,25950.0,26000,ATM-2,CALL,26100,2025-12-02
2025-12-02 10:49:00+05:30,100.7,102.9,99.6,101.5,789825,10482900,14.666331,26077.1,26000.0,26000,ATM-2,CALL,26100,2025-12-02
2025-12-02 10:50:00+05:30,102.0,115.65,101.2,114.8,2171625,10482900,15.946497,26090.15,26000.0,26000,ATM-2,CALL,26100,2025-12-02
2025-12-02 10:51:00+05:30,113.8,118.2,112.3,117.3,2002200,10482900,15.753385,26094.25,26000.0,26000,ATM-2,CALL,26100,2025-12-02
2025-12-02 10:52:00+05:30,116.0,121.15,115.9,116.85,1924875,10131375,14.477718,26098.15,26000.0,26000,ATM-2,CALL,26100,2025-12-02
2025-12-02 10:53:00+05:30,117.2,119.05,115.2,116.05,1157925,10131375,14.767892,26096.2,26000.0,26000,ATM-2,CALL,26100,2025-12-02
2025-12-02 10:54:00+05:30,116.0,116.75,113.0,114.25,798750,10131375,15.26849,26092.15,26000.0,26000,ATM-2,CALL,26100,2025-12-02
2025-12-02 10:55:00+05:30,113.95,115.5,111.3,114.0,808125,9731775,15.398191,26091.4,26000.0,26000,ATM-2,CALL,26100,2025-12-02
2025-12-02 10:56:00+05:30,113.9,114.8,110.65,114.8,619875,9731775,15.455047,26092.3,26000.0,26000,ATM-2,CALL,26100,2025-12-02
2025-12-02 10:57:00+05:30,113.7,115.75,109.8,109.8,750600,9731775,13.969299,26091.05,26000.0,26000,ATM-2,CALL,26100,2025-12-02
2025-12-02 10:58:00+05:30,109.5,112.4,108.45,109.25,761475,9794250,14.256454,26089.4,26000.0,26000,ATM-2,CALL,26100,2025-12-02
2025-12-02 10:59:00+05:30,110.85,119.85,109.25,119.35,1358550,9794250,15.511225,26098.2,26000.0,26000,ATM-2,CALL,26100,2025-12-02
2025-12-02 11:00:00+05:30,119.35,119.75,112.2,112.2,1174725,9794250,14.477807,26092.55,26000.0,26000,ATM-2,CALL,26100,2025-12-02
2025-12-02 11:01:00+05:30,112.1,114.35,105.4,107.45,1405875,9570975,14.657942,26085.75,26000.0,26000,ATM-2,CALL,26100,2025-12-02
2025-12-02 11:02:00+05:30,109.65,116.0,107.45,112.6,984975,9570975,14.421098,26093.35,26000.0,26000,ATM-2,CALL,26100,2025-12-02
2025-12-02 11:03:00+05:30,114.05,117.15,112.6,117.15,618300,9570975,15.408159,26095.9,26000.0,26000,ATM-2,CALL,26100,2025-12-02
2025-12-02 11:04:00+05:30,116.8,118.8,115.9,116.05,746550,9714975,14.358104,26098.05,26000.0,26000,ATM-2,CALL,26100,2025-12-02
2025-12-02 11:05:00+05:30,116.05,117.45,113.0,113.6,649425,9714975,14.396831,26094.85,26000.0,26000,ATM-2,CALL,26100,2025-12-02
2025-12-02 11:06:00+05:30,114.0,116.9,113.6,114.65,368025,9714975,14.589814,26095.6,26000.0,26000,ATM-2,CALL,26100,2025-12-02
2025-12-02 11:07:00+05:30,115.0,117.2,113.45,115.35,588150,9678600,14.975948,26095.25,26000.0,26000,ATM-2,CALL,26100,2025-12-02
2025-12-02 11:08:00+05:30,116.7,116.7,112.7,112.85,373425,9678600,14.71635,26092.95,26000.0,26000,ATM-2,CALL,26100,2025-12-02
2025-12-02 11:09:00+05:30,112.75,118.55,110.6,117.6,850125,9678600,15.417869,26096.75,26000.0,26000,ATM-2,CALL,26100,2025-12-02
2025-12-02 11:10:00+05:30,117.3,117.6,113.0,115.6,417000,9593550,15.113424,26095.25,26000.0,26000,ATM-2,CALL,26100,2025-12-02
2025-12-02 11:11:00+05:30,115.8,117.45,111.25,115.95,618075,9593550,15.59064,26094.1,26000.0,26000,ATM-2,CALL,26100,2025-12-02
2025-12-02 11:12:00+05:30,115.25,115.95,112.35,112.45,289875,9593550,14.94121,26091.85,26000.0,26000,ATM-2,CALL,26100,2025-12-02
2025-12-02 11:13:00+05:30,112.1,112.45,102.2,102.25,1409700,9483750,13.03964,26085.15,26000.0,26000,ATM-2,CALL,26100,2025-12-02
2025-12-02 11:14:00+05:30,102.5,103.0,98.35,100.35,1305825,9483750,13.619646,26080.75,26000.0,26000,ATM-2,CALL,26100,2025-12-02
2025-12-02 11:15:00+05:30,100.65,103.4,97.05,103.2,1118250,9483750,14.576969,26081.1,26000.0,26000,ATM-2,CALL,26100,2025-12-02
2025-12-02 11:16:00+05:30,103.1,103.7,97.85,98.3,764550,9675975,14.208005,26075.95,26000.0,26000,ATM-2,CALL,26100,2025-12-02
2025-12-02 11:17:00+05:30,98.25,102.35,95.85,101.55,1099725,9675975,14.3735,26079.75,26000.0,26000,ATM-2,CALL,26100,2025-12-02
2025-12-02 11:18:00+05:30,101.25,104.2,98.65,100.0,928050,9675975,13.498844,26080.9,26000.0,26000,ATM-2,CALL,26100,2025-12-02
2025-12-02 11:19:00+05:30,100.0,102.9,99.3,99.85,431400,9994200,13.36912,26081.2,26000.0,26000,ATM-2,CALL,26100,2025-12-02
2025-12-02 11:20:00+05:30,99.65,101.25,96.3,98.65,617400,9994200,14.228552,26076.55,26000.0,26000,ATM-2,CALL,26100,2025-12-02
2025-12-02 11:21:00+05:30,98.7,99.0,95.8,97.9,685050,9994200,14.304246,26075.3,26000.0,26000,ATM-2,CALL,26100,2025-12-02
2025-12-02 11:22:00+05:30,140.15,140.4,134.25,134.35,207225,1265325,14.538914,26070.8,25950.0,26000,ATM-2,CALL,26100,2025-12-02
2025-12-02 11:23:00+05:30,135.25,139.05,134.35,139.05,108225,1265325,16.105714,26072.35,25950.0,26000,ATM-2,CALL,26100,2025-12-02
2025-12-02 11:24:00+05:30,96.45,104.3,95.95,103.5,1555800,10158975,14.552576,26082.05,26000.0,26000,ATM-2,CALL,26100,2025-12-02
2025-12-02 11:25:00+05:30,103.75,106.3,102.9,104.0,1153575,10263375,14.290493,26083.7,26000.0,26000,ATM-2,CALL,26100,2025-12-02
2025-12-02 11:26:00+05:30,103.65,106.2,95.4,96.1,1175700,10263375,13.184416,26077.25,26000.0,26000,ATM-2,CALL,26100,2025-12-02
2025-12-02 11:27:00+05:30,139.45,139.7,135.85,138.7,195675,1307850,15.795013,26072.95,25950.0,26000,ATM-2,CALL,26100,2025-12-02
2025-12-02 11:28:00+05:30,138.55,139.0,133.6,135.2,147375,1355400,14.811283,26071.35,25950.0,26000,ATM-2,CALL,26100,2025-12-02
2025-12-02 11:29:00+05:30,135.8,136.35,129.65,130.0,189600,1355400,13.503819,26068.4,25950.0,26000,ATM-2,CALL,26100,2025-12-02
2025-12-02 11:30:00+05:30,131.25,133.2,128.5,129.6,234825,1355400,14.010706,26066.75,25950.0,26000,ATM-2,CALL,26100,2025-12-02
2025-12-02 11:31:00+05:30,131.0,131.6,128.9,130.1,150075,1459275,14.002163,26067.4,25950.0,26000,ATM-2,CALL,26100,2025-12-02
2025-12-02 11:32:00+05:30,130.65,131.35,126.4,128.45,169950,1459275,12.917776,26068.0,25950.0,26000,ATM-2,CALL,26100,2025-12-02
2025-12-02 11:33:00+05:30,128.85,131.0,127.35,128.75,142650,1459275,13.045219,26068.1,25950.0,26000,ATM-2,CALL,26100,2025-12-02
2025-12-02 11:34:00+05:30,127.95,128.75,124.95,126.85,162300,1546425,12.689152,26066.7,25950.0,26000,ATM-2,CALL,26100,2025-12-02
2025-12-02 11:35:00+05:30,127.0,129.35,126.4,127.7,84300,1546425,13.108575,26066.8,25950.0,26000,ATM-2,CALL,26100,2025-12-02
2025-12-02 11:36:00+05:30,128.75,128.9,122.7,126.45,199950,1546425,13.007511,26065.6,25950.0,26000,ATM-2,CALL,26100,2025-12-02
2025-12-02 11:37:00+05:30,127.0,130.9,126.45,130.9,126975,1601625,14.493414,26067.35,25950.0,26000,ATM-2,CALL,26100,2025-12-02
2025-12-02 11:38:00+05:30,130.5,137.0,128.5,136.1,254775,1601625,14.707824,26073.05,25950.0,26000,ATM-2,CALL,26100,2025-12-02
2025-12-02 11:39:00+05:30,136.6,138.75,132.65,133.45,247800,1601625,13.903973,26071.85,25950.0,26000,ATM-2,CALL,26100,2025-12-02
2025-12-02 11:40:00+05:30,134.0,134.6,128.9,129.15,148200,1564875,12.106786,26070.65,25950.0,26000,ATM-2,CALL,26100,2025-12-02
2025-12-02 11:41:00+05:30,129.15,129.5,120.9,122.4,290550,1564875,11.621624,26063.95,25950.0,26000,ATM-2,CALL,26100,2025-12-02
2025-12-02 11:42:00+05:30,123.55,126.0,122.4,123.55,153675,1564875,12.296029,26063.95,25950.0,26000,ATM-2,CALL,26100,2025-12-02
2025-12-02 11:43:00+05:30,125.0,126.65,123.55,124.65,68550,1605300,12.835067,26064.1,25950.0,26000,ATM-2,CALL,26100,2025-12-02
2025-12-02 11:44:00+05:30,125.0,127.75,124.65,125.05,74925,1605300,13.406194,26063.3,25950.0,26000,ATM-2,CALL,26100,2025-12-02
2025-12-02 11:45:00+05:30,124.65,127.0,123.15,127.0,117525,1605300,14.784482,26062.2,25950.0,26000,ATM-2,CALL,26100,2025-12-02
2025-12-02 11:46:00+05:30,126.9,127.0,123.35,124.7,77325,1649175,13.902282,26061.75,25950.0,26000,ATM-2,CALL,26100,2025-12-02
2025-12-02 11:47:00+05:30,125.3,126.35,121.15,124.3,163350,1649175,14.0439,26060.95,25950.0,26000,ATM-2,CALL,26100,2025-12-02
2025-12-02 11:48:00+05:30,124.15,128.5,122.3,126.2,158175,1649175,14.149373,26063.0,25950.0,26000,ATM-2,CALL,26100,2025-12-02
2025-12-02 11:49:00+05:30,125.85,133.9,125.85,133.1,187575,1667550,15.046492,26069.05,25950.0,26000,ATM-2,CALL,26100,2025-12-02
2025-12-02 11:50:00+05:30,132.7,133.1,125.65,127.0,215550,1667550,14.202069,26063.9,25950.0,26000,ATM-2,CALL,26100,2025-12-02
2025-12-02 11:51:00+05:30,126.9,128.0,123.3,126.1,202725,1667550,14.265535,26062.7,25950.0,26000,ATM-2,CALL,26100,2025-12-02
2025-12-02 11:52:00+05:30,126.4,126.65,120.2,123.35,164850,1728675,13.963141,26060.2,25950.0,26000,ATM-2,CALL,26100,2025-12-02
2025-12-02 11:53:00+05:30,123.8,125.45,121.2,121.2,98475,1728675,13.943183,26057.7,25950.0,26000,ATM-2,CALL,26100,2025-12-02
2025-12-02 11:54:00+05:30,119.0,121.2,114.2,118.0,527175,1728675,14.165847,26053.25,25950.0,26000,ATM-2,CALL,26100,2025-12-02
2025-12-02 11:55:00+05:30,117.8,119.2,116.0,116.95,254775,1828350,15.622248,26047.65,25950.0,26000,ATM-2,CALL,26100,2025-12-02
2025-12-02 11:56:00+05:30,117.5,117.5,113.0,115.9,388950,1828350,15.497795,26046.75,25950.0,26000,ATM-2,CALL,26100,2025-12-02
2025-12-02 11:57:00+05:30,115.9,117.65,115.25,115.8,261900,1828350,14.94144,26048.4,25950.0,26000,ATM-2,CALL,26100,2025-12-02
2025-12-02 11:58:00+05:30,116.0,121.35,115.0,119.5,278025,1853175,15.344068,26051.9,25950.0,26000,ATM-2,CALL,26100,2025-12-02
2025-12-02 11:59:00+05:30,119.8,121.85,117.95,120.95,202350,1853175,15.350513,26053.75,25950.0,26000,ATM-2,CALL,26100,2025-12-02
2025-12-02 12:00:00+05:30,120.4,120.95,114.2,114.8,245625,1853175,15.096737,26046.8,25950.0,26000,ATM-2,CALL,26100,2025-12-02
2025-12-02 12:01:00+05:30,114.85,117.3,111.8,113.2,295875,1921425,15.146994,26044.65,25950.0,26000,ATM-2,CALL,26100,2025-12-02
2025-12-02 12:02:00+05:30,113.4,122.3,111.35,121.0,425025,1921425,16.238443,26051.25,25950.0,26000,ATM-2,CALL,26100,2025-12-02
2025-12-02 12:03:00+05:30,120.7,126.8,119.4,121.1,492750,1921425,14.814263,26055.65,25950.0,26000,ATM-2,CALL,26100,2025-12-02
2025-12-02 12:04:00+05:30,120.95,124.8,120.0,120.1,166875,1941675,15.508727,26052.45,25950.0,26000,ATM-2,CALL,26100,2025-12-02
2025-12-02 12:05:00+05:30,119.6,120.1,113.25,113.35,275400,1941675,15.948721,26042.45,25950.0,26000,ATM-2,CALL,26100,2025-12-02
2025-12-02 12:06:00+05:30,113.6,119.4,113.15,116.65,188625,1941675,16.007677,26046.6,25950.0,26000,ATM-2,CALL,26100,2025-12-02
2025-12-02 12:07:00+05:30,116.5,125.45,116.5,124.5,327075,2011650,16.27604,26055.85,25950.0,26000,ATM-2,CALL,26100,2025-12-02
2025-12-02 12:08:00+05:30,124.35,128.5,118.5,120.55,319200,2011650,16.05851,26051.55,25950.0,26000,ATM-2,CALL,26100,2025-12-02
2025-12-02 12:09:00+05:30,121.05,123.45,120.55,123.1,112575,2011650,16.053833,26054.85,25950.0,26000,ATM-2,CALL,26100,2025-12-02
2025-12-02 12:10:00+05:30,123.05,125.15,121.15,122.3,100050,1932375,16.442018,26052.7,25950.0,26000,ATM-2,CALL,26100,2025-12-02
2025-12-02 12:11:00+05:30,122.05,125.8,122.05,124.05,111300,1932375,16.086713,26056.05,25950.0,26000,ATM-2,CALL,26100,2025-12-02
2025-12-02 12:12:00+05:30,124.25,127.5,123.95,127.5,151800,1932375,16.709112,26058.6,25950.0,26000,ATM-2,CALL,26100,2025-12-02
2025-12-02 12:13:00+05:30,127.3,127.65,124.1,124.8,108450,1949400,16.287737,26056.5,25950.0,26000,ATM-2,CALL,26100,2025-12-02
2025-12-02 12:14:00+05:30,124.8,124.8,116.05,121.15,347475,1949400,16.407382,26051.55,25950.0,26000,ATM-2,CALL,26100,2025-12-02
2025-12-02 12:15:00+05:30,120.8,122.0,120.2,122.0,97575,1949400,16.404165,26052.7,25950.0,26000,ATM-2,CALL,26100,2025-12-02
2025-12-02 12:16:00+05:30,123.4,125.05,117.4,119.3,207675,1926225,16.401701,26049.3,25950.0,26000,ATM-2,CALL,26100,2025-12-02
2025-12-02 12:17:00+05:30,119.15,129.5,119.15,128.85,321075,1926225,16.626812,26060.8,25950.0,26000,ATM-2,CALL,26100,2025-12-02
2025-12-02 12:18:00+05:30,127.85,128.9,123.35,125.65,246825,1926225,16.070016,26058.45,25950.0,26000,ATM-2,CALL,26100,2025-12-02
2025-12-02 12:19:00+05:30,125.05,127.7,123.95,125.9,107100,1901400,16.873015,26056.45,25950.0,26000,ATM-2,CALL,26100,2025-12-02
2025-12-02 12:20:00+05:30,126.0,128.8,123.6,125.95,146850,1901400,16.356589,26058.1,25950.0,26000,ATM-2,CALL,26100,2025-12-02
2025-12-02 12:21:00+05:30,126.2,127.2,123.8,126.55,114450,1901400,16.683062,26057.95,25950.0,26000,ATM-2,CALL,26100,2025-12-02
2025-12-02 12:22:00+05:30,125.75,129.25,125.75,127.75,192975,1875225,16.567011,26059.85,25950.0,26000,ATM-2,CALL,26100,2025-12-02
2025-12-02 12:23:00+05:30,127.7,127.75,125.5,126.6,90300,1875225,16.706218,26058.05,25950.0,26000,ATM-2,CALL,26100,2025-12-02
2025-12-02 12:24:00+05:30,126.75,133.8,125.85,132.7,337200,1875225,16.965187,26065.0,25950.0,26000,ATM-2,CALL,26100,2025-12-02
2025-12-02 12:25:00+05:30,132.3,132.7,127.2,128.25,202425,1835550,15.796766,26062.75,25950.0,26000,ATM-2,CALL,26100,2025-12-02
2025-12-02 12:26:00+05:30,128.9,131.65,125.8,129.45,174000,1835550,16.360321,26062.75,25950.0,26000,ATM-2,CALL,26100,2025-12-02
2025-12-02 12:27:00+05:30,129.7,131.0,126.3,130.35,88200,1835550,17.197269,26061.55,25950.0,26000,ATM-2,CALL,26100,2025-12-02
2025-12-02 12:28:00+05:30,129.75,130.75,126.75,127.0,93450,1835550,16.41534,26059.65,25950.0,26000,ATM-2,CALL,26100,2025-12-02
2025-12-02 12:29:00+05:30,128.6,133.85,127.0,132.25,196575,1842450,16.320126,26066.45,25950.0,26000,ATM-2,CALL,26100,2025-12-02
2025-12-02 12:30:00+05:30,132.55,133.15,130.5,133.15,134400,1842450,16.84352,26066.2,25950.0,26000,ATM-2,CALL,26100,2025-12-02
2025-12-02 12:31:00+05:30,132.75,133.15,128.0,129.4,142875,1842450,16.149841,26063.5,25950.0,26000,ATM-2,CALL,26100,2025-12-02
2025-12-02 12:32:00+05:30,129.25,134.0,128.75,131.45,180450,1793250,16.305569,26065.65,25950.0,26000,ATM-2,CALL,26100,2025-12-02
2025-12-02 12:33:00+05:30,132.05,140.1,131.45,138.9,323700,1793250,17.244995,26072.35,25950.0,26000,ATM-2,CALL,26100,2025-12-02
2025-12-02 12:34:00+05:30,139.45,142.0,137.1,141.65,351975,1793250,18.004643,26073.75,25950.0,26000,ATM-2,CALL,26100,2025-12-02
2025-12-02 12:35:00+05:30,95.7,105.7,94.8,104.3,2999850,12165300,15.503139,26083.6,26000.0,26000,ATM-2,CALL,26100,2025-12-02
2025-12-02 12:36:00+05:30,105.1,105.25,97.0,98.9,1601775,12165300,14.565719,26079.65,26000.0,26000,ATM-2,CALL,26100,2025-12-02
2025-12-02 12:37:00+05:30,97.85,99.4,96.3,98.25,829725,12165300,14.860638,26077.85,26000.0,26000,ATM-2,CALL,26100,2025-12-02
2025-12-02 12:38:00+05:30,143.7,143.95,134.9,137.75,279300,1577400,16.836114,26072.25,25950.0,26000,ATM-2,CALL,26100,2025-12-02
2025-12-02 12:39:00+05:30,138.05,139.7,135.0,138.8,138150,1577400,17.331783,26072.3,25950.0,26000,ATM-2,CALL,26100,2025-12-02
2025-12-02 12:40:00+05:30,139.15,140.0,135.7,138.65,126825,1577400,16.850957,26073.4,25950.0,26000,ATM-2,CALL,26100,2025-12-02
2025-12-02 12:41:00+05:30,137.95,138.65,129.5,130.8,249825,1568250,15.86661,26066.4,25950.0,26000,ATM-2,CALL,26100,2025-12-02
2025-12-02 12:42:00+05:30,130.55,131.65,124.5,129.2,350625,1568250,16.683694,26062.35,25950.0,26000,ATM-2,CALL,26100,2025-12-02
2025-12-02 12:43:00+05:30,128.65,129.95,124.7,126.35,173400,1568250,15.661853,26061.6,25950.0,26000,ATM-2,CALL,26100,2025-12-02
2025-12-02 12:44:00+05:30,126.0,128.1,122.6,123.65,185400,1588425,14.768232,26060.6,25950.0,26000,ATM-2,CALL,26100,2025-12-02
2025-12-02 12:45:00+05:30,125.65,126.55,123.0,124.8,174750,1588425,15.660594,26059.8,25950.0,26000,ATM-2,CALL,26100,2025-12-02
2025-12-02 12:46:00+05:30,124.75,125.4,119.95,119.95,230550,1588425,15.180667,26055.15,25950.0,26000,ATM-2,CALL,26100,2025-12-02
2025-12-02 12:47:00+05:30,121.6,124.2,118.1,123.55,267975,1650825,16.488577,26056.1,25950.0,26000,ATM-2,CALL,26100,2025-12-02
2025-12-02 12:48:00+05:30,124.25,124.4,119.65,120.2,176700,1650825,15.482286,26054.75,25950.0,26000,ATM-2,CALL,26100,2025-12-02
2025-12-02 12:49:00+05:30,119.85,120.5,114.0,116.4,293175,1650825,15.718902,26049.4,25950.0,26000,ATM-2,CALL,26100,2025-12-02
2025-12-02 12:50:00+05:30,116.5,118.75,115.65,117.8,184125,1744950,16.055867,26050.25,25950.0,26000,ATM-2,CALL,26100,2025-12-02
2025-12-02 12:51:00+05:30,118.05,119.5,116.95,118.8,158400,1744950,16.45748,26050.4,25950.0,26000,ATM-2,CALL,26100,2025-12-02
2025-12-02 12:52:00+05:30,118.25,118.9,114.4,115.9,240900,1744950,15.425466,26049.75,25950.0,26000,ATM-2,CALL,26100,2025-12-02
2025-12-02 12:53:00+05:30,115.9,117.2,113.65,115.2,190950,1822350,15.28978,26049.3,25950.0,26000,ATM-2,CALL,26100,2025-12-02
2025-12-02 12:54:00+05:30,115.6,115.6,110.05,110.1,301575,1822350,14.951015,26043.9,25950.0,26000,ATM-2,CALL,26100,2025-12-02
2025-12-02 12:55:00+05:30,106.25,110.15,105.65,108.1,578475,1822350,13.85488,26044.45,25950.0,26000,ATM-2,CALL,26100,2025-12-02
2025-12-02 12:56:00+05:30,109.65,109.65,101.3,104.2,578550,1984350,13.450201,26040.75,25950.0,26000,ATM-2,CALL,26100,2025-12-02
2025-12-02 12:57:00+05:30,104.6,105.25,98.95,101.05,526500,1984350,12.744374,26038.75,25950.0,26000,ATM-2,CALL,26100,2025-12-02
2025-12-02 12:58:00+05:30,103.4,106.7,101.05,105.9,456375,1984350,14.190178,26040.95,25950.0,26000,ATM-2,CALL,26100,2025-12-02
2025-12-02 12:59:00+05:30,106.85,107.15,105.0,105.3,232575,2157900,13.840624,26041.2,25950.0,26000,ATM-2,CALL,26100,2025-12-02
2025-12-02 13:00:00+05:30,105.3,107.4,104.5,107.2,245250,2157900,14.804297,26040.95,25950.0,26000,ATM-2,CALL,26100,2025-12-02
2025-12-02 13:01:00+05:30,106.9,107.4,99.45,99.45,400050,2157900,12.526536,26037.5,25950.0,26000,ATM-2,CALL,26100,2025-12-02
2025-12-02 13:02:00+05:30,100.45,105.75,99.45,104.75,279300,2384250,14.383568,26039.15,25950.0,26000,ATM-2,CALL,26100,2025-12-02
2025-12-02 13:03:00+05:30,104.2,104.75,101.85,104.45,206550,2384250,14.425374,26038.7,25950.0,26000,ATM-2,CALL,26100,2025-12-02
2025-12-02 13:04:00+05:30,104.0,110.2,103.85,108.15,423525,2384250,14.458852,26043.3,25950.0,26000,ATM-2,CALL,26100,2025-12-02
2025-12-02 13:05:00+05:30,108.7,110.05,96.65,97.65,625950,2332800,12.74056,26034.9,25950.0,26000,ATM-2,CALL,26100,2025-12-02
2025-12-02 13:06:00+05:30,98.55,102.15,97.65,102.15,482475,2332800,14.688341,26035.15,25950.0,26000,ATM-2,CALL,26100,2025-12-02
2025-12-02 13:07:00+05:30,102.5,108.65,101.3,107.55,448800,2332800,15.573219,26039.5,25950.0,26000,ATM-2,CALL,26100,2025-12-02
2025-12-02 13:08:00+05:30,107.2,110.85,106.15,110.5,399750,2485200,15.532044,26043.45,25950.0,26000,ATM-2,CALL,26100,2025-12-02
2025-12-02 13:09:00+05:30,109.45,120.6,108.4,116.15,720450,2485200,15.193644,26051.5,25950.0,26000,ATM-2,CALL,26100,2025-12-02
2025-12-02 13:10:00+05:30,115.7,116.9,105.45,106.8,579150,2485200,15.522321,26038.85,25950.0,26000,ATM-2,CALL,26100,2025-12-02
2025-12-02 13:11:00+05:30,108.45,109.0,105.75,106.85,234150,2427675,15.678165,26038.5,25950.0,26000,ATM-2,CALL,26100,2025-12-02
2025-12-02 13:12:00+05:30,106.8,106.85,101.25,104.6,371025,2427675,14.924698,26037.9,25950.0,26000,ATM-2,CALL,26100,2025-12-02
2025-12-02 13:13:00+05:30,104.6,106.95,104.25,105.9,235350,2427675,14.944469,26039.55,25950.0,26000,ATM-2,CALL,26100,2025-12-02
2025-12-02 13:14:00+05:30,106.3,106.3,98.25,100.3,527250,2563275,13.777804,26035.8,25950.0,26000,ATM-2,CALL,26100,2025-12-02
2025-12-02 13:15:00+05:30,100.9,103.0,100.05,103.0,279375,2563275,14.773439,26036.45,25950.0,26000,ATM-2,CALL,26100,2025-12-02
2025-12-02 13:16:00+05:30,103.25,103.3,98.2,98.7,333300,2563275,14.051944,26033.1,25950.0,26000,ATM-2,CALL,26100,2025-12-02
2025-12-02 13:17:00+05:30,99.35,101.25,98.15,100.65,319275,2868825,14.918662,26033.1,25950.0,26000,ATM-2,CALL,26100,2025-12-02
2025-12-02 13:18:00+05:30,101.25,104.35,100.5,103.15,398100,2868825,15.363208,26035.05,25950.0,26000,ATM-2,CALL,26100,2025-12-02
2025-12-02 13:19:00+05:30,103.3,103.5,101.6,102.75,225750,2868825,15.226406,26035.0,25950.0,26000,ATM-2,CALL,26100,2025-12-02
2025-12-02 13:20:00+05:30,102.5,103.15,97.8,99.35,418500,2908425,14.111779,26033.95,25950.0,26000,ATM-2,CALL,26100,2025-12-02
2025-12-02 13:21:00+05:30,100.0,105.0,94.5,105.0,725625,2908425,16.45326,26034.25,25950.0,26000,ATM-2,CALL,26100,2025-12-02
2025-12-02 13:22:00+05:30,104.2,107.65,103.7,105.9,744225,2908425,15.333278,26038.9,25950.0,26000,ATM-2,CALL,26100,2025-12-02
2025-12-02 13:23:00+05:30,105.3,112.55,104.85,111.8,593250,2777625,15.739647,26045.3,25950.0,26000,ATM-2,CALL,26100,2025-12-02
2025-12-02 13:24:00+05:30,113.55,113.55,110.15,110.15,369975,2777625,14.824484,26045.75,25950.0,26000,ATM-2,CALL,26100,2025-12-02
2025-12-02 13:25:00+05:30,110.05,110.65,106.15,108.85,312375,2777625,15.708634,26041.75,25950.0,26000,ATM-2,CALL,26100,2025-12-02
2025-12-02 13:26:00+05:30,108.5,112.4,106.7,107.65,279900,2643225,15.204303,26041.7,25950.0,26000,ATM-2,CALL,26100,2025-12-02
2025-12-02 13:27:00+05:30,107.75,109.2,105.85,106.45,188325,2643225,15.462309,26039.5,25950.0,26000,ATM-2,CALL,26100,2025-12-02
2025-12-02 13:28:00+05:30,106.1,108.0,101.6,101.6,384225,2643225,13.644404,26038.4,25950.0,26000,ATM-2,CALL,26100,2025-12-02
2025-12-02 13:29:00+05:30,102.75,103.5,98.75,99.25,361050,2714550,13.710865,26035.35,25950.0,26000,ATM-2,CALL,26100,2025-12-02
2025-12-02 13:30:00+05:30,100.1,101.95,98.05,100.65,419625,2714550,14.658377,26034.55,25950.0,26000,ATM-2,CALL,26100,2025-12-02
2025-12-02 13:31:00+05:30,100.85,102.95,99.2,101.4,325275,2714550,15.026911,26034.5,25950.0,26000,ATM-2,CALL,26100,2025-12-02
2025-12-02 13:32:00+05:30,101.45,102.0,99.35,101.1,207150,2891625,14.179684,26036.55,25950.0,26000,ATM-2,CALL,26100,2025-12-02
2025-12-02 13:33:00+05:30,101.95,106.1,101.0,105.45,426750,2891625,15.03405,26039.75,25950.0,26000,ATM-2,CALL,26100,2025-12-02
2025-12-02 13:34:00+05:30,105.15,107.95,104.35,106.95,301875,2891625,15.449465,26040.55,25950.0,26000,ATM-2,CALL,26100,2025-12-02
2025-12-02 13:35:00+05:30,106.2,107.25,102.9,102.9,239850,2876175,14.31,26038.6,25950.0,26000,ATM-2,CALL,26100,2025-12-02
2025-12-02 13:36:00+05:30,101.75,102.9,94.2,94.35,854775,2876175,13.656882,26029.65,25950.0,26000,ATM-2,CALL,26100,2025-12-02
2025-12-02 13:37:00+05:30,94.75,97.7,94.35,95.75,379350,2876175,13.791744,26031.1,25950.0,26000,ATM-2,CALL,26100,2025-12-02
2025-12-02 13:38:00+05:30,96.85,111.75,95.45,111.75,789750,3087450,16.509726,26043.9,25950.0,26000,ATM-2,CALL,26100,2025-12-02
2025-12-02 13:39:00+05:30,108.65,111.75,100.35,103.75,560850,3087450,15.938258,26035.3,25950.0,26000,ATM-2,CALL,26100,2025-12-02
2025-12-02 13:40:00+05:30,102.95,105.45,99.6,102.5,373650,3087450,14.933938,26036.65,25950.0,26000,ATM-2,CALL,26100,2025-12-02
2025-12-02 13:41:00+05:30,102.45,104.0,99.75,101.15,258225,2956500,14.78493,26035.4,25950.0,26000,ATM-2,CALL,26100,2025-12-02
2025-12-02 13:42:00+05:30,101.1,103.4,97.65,97.7,209475,2956500,13.770909,26033.85,25950.0,26000,ATM-2,CALL,26100,2025-12-02
2025-12-02 13:43:00+05:30,97.95,99.5,94.85,99.5,521700,2956500,15.114474,26032.45,25950.0,26000,ATM-2,CALL,26100,2025-12-02
2025-12-02 13:44:00+05:30,99.8,102.95,98.75,100.8,387300,3151500,14.216543,26036.65,25950.0,26000,ATM-2,CALL,26100,2025-12-02
2025-12-02 13:45:00+05:30,100.6,102.6,98.1,98.15,269250,3151500,13.360382,26035.6,25950.0,26000,ATM-2,CALL,26100,2025-12-02
2025-12-02 13:46:00+05:30,97.05,101.9,93.45,101.45,778650,3151500,15.590951,26033.75,25950.0,26000,ATM-2,CALL,26100,2025-12-02
2025-12-02 13:47:00+05:30,102.85,106.25,100.85,105.85,579375,3101175,15.504737,26039.7,25950.0,26000,ATM-2,CALL,26100,2025-12-02
2025-12-02 13:48:00+05:30,106.0,111.9,105.9,111.9,931500,3101175,16.536196,26044.6,25950.0,26000,ATM-2,CALL,26100,2025-12-02
2025-12-02 13:49:00+05:30,110.55,111.9,106.6,108.7,500100,3101175,16.204284,26041.5,25950.0,26000,ATM-2,CALL,26100,2025-12-02
2025-12-02 13:50:00+05:30,109.85,111.25,107.75,107.85,303825,3018150,15.888657,26041.35,25950.0,26000,ATM-2,CALL,26100,2025-12-02
2025-12-02 13:51:00+05:30,108.2,117.1,107.85,113.8,664200,3018150,16.399499,26047.55,25950.0,26000,ATM-2,CALL,26100,2025-12-02
2025-12-02 13:52:00+05:30,113.7,115.05,110.5,113.05,397875,3018150,15.552395,26048.85,25950.0,26000,ATM-2,CALL,26100,2025-12-02
2025-12-02 13:53:00+05:30,113.2,114.05,107.15,107.6,424950,2913300,14.715259,26044.25,25950.0,26000,ATM-2,CALL,26100,2025-12-02
2025-12-02 13:54:00+05:30,108.85,113.0,106.75,107.25,287025,2913300,15.217198,26042.6,25950.0,26000,ATM-2,CALL,26100,2025-12-02
2025-12-02 13:55:00+05:30,107.1,107.25,101.9,105.3,490050,2913300,15.573667,26039.25,25950.0,26000,ATM-2,CALL,26100,2025-12-02
2025-12-02 13:56:00+05:30,104.55,118.95,103.35,114.65,684600,2956950,15.370658,26051.45,25950.0,26000,ATM-2,CALL,26100,2025-12-02
2025-12-02 13:57:00+05:30,113.6,118.85,112.3,118.1,516225,2956950,15.732018,26054.85,25950.0,26000,ATM-2,CALL,26100,2025-12-02
2025-12-02 13:58:00+05:30,116.65,121.0,115.15,120.8,517275,2956950,15.783206,26058.05,25950.0,26000,ATM-2,CALL,26100,2025-12-02
2025-12-02 13:59:00+05:30,121.0,121.05,116.25,116.25,300975,2682150,12.294599,26059.45,25950.0,26000,ATM-2,CALL,26100,2025-12-02
2025-12-02 14:00:00+05:30,116.45,117.65,109.75,113.35,555600,2682150,15.414927,26049.95,25950.0,26000,ATM-2,CALL,26100,2025-12-02
2025-12-02 14:01:00+05:30,113.2,113.35,101.65,104.9,630375,2682150,14.51274,26041.8,25950.0,26000,ATM-2,CALL,26100,2025-12-02
2025-12-02 14:02:00+05:30,105.55,112.1,103.05,112.05,486375,2781450,16.386589,26046.0,25950.0,26000,ATM-2,CALL,26100,2025-12-02
2025-12-02 14:03:00+05:30,111.8,118.35,111.8,118.0,629550,2781450,17.03094,26051.85,25950.0,26000,ATM-2,CALL,26100,2025-12-02
2025-12-02 14:04:00+05:30,116.65,118.8,114.75,118.2,319800,2781450,15.931384,26054.85,25950.0,26000,ATM-2,CALL,26100,2025-12-02
2025-12-02 14:05:00+05:30,118.5,118.5,110.4,112.8,349350,2705775,12.440493,26055.5,25950.0,26000,ATM-2,CALL,26100,2025-12-02
2025-12-02 14:06:00+05:30,114.25,114.25,105.3,109.0,536250,2705775,16.988958,26040.7,25950.0,26000,ATM-2,CALL,26100,2025-12-02
2025-12-02 14:07:00+05:30,108.95,110.85,105.55,110.7,332175,2705775,17.725954,26040.85,25950.0,26000,ATM-2,CALL,26100,2025-12-02
2025-12-02 14:08:00+05:30,110.0,124.9,109.8,122.9,873150,2617425,16.301963,26059.9,25950.0,26000,ATM-2,CALL,26100,2025-12-02
2025-12-02 14:09:00+05:30,122.8,123.8,118.75,119.75,505800,2617425,15.010312,26058.95,25950.0,26000,ATM-2,CALL,26100,2025-12-02
2025-12-02 14:10:00+05:30,119.65,124.1,114.75,116.25,437325,2617425,13.985496,26056.9,25950.0,26000,ATM-2,CALL,26100,2025-12-02
2025-12-02 14:11:00+05:30,118.2,119.4,116.2,117.3,226500,2472750,16.126062,26053.65,25950.0,26000,ATM-2,CALL,26100,2025-12-02
2025-12-02 14:12:00+05:30,117.0,117.6,113.5,115.9,255900,2472750,15.84373,26052.65,25950.0,26000,ATM-2,CALL,26100,2025-12-02
2025-12-02 14:13:00+05:30,116.1,117.9,114.15,114.55,151950,2472750,14.933507,26053.1,25950.0,26000,ATM-2,CALL,26100,2025-12-02
2025-12-02 14:14:00+05:30,115.35,115.4,106.75,106.75,480525,2428800,14.344902,26045.05,25950.0,26000,ATM-2,CALL,26100,2025-12-02
2025-12-02 14:15:00+05:30,107.35,110.3,105.2,109.0,471825,2428800,15.079566,26046.15,25950.0,26000,ATM-2,CALL,26100,2025-12-02
2025-12-02 14:16:00+05:30,108.5,111.4,106.15,108.2,317625,2428800,15.543318,26044.1,25950.0,26000,ATM-2,CALL,26100,2025-12-02
2025-12-02 14:17:00+05:30,108.65,109.4,103.8,104.25,303600,2628375,15.155525,26040.2,25950.0,26000,ATM-2,CALL,26100,2025-12-02
2025-12-02 14:18:00+05:30,106.0,109.65,104.25,109.0,276000,2628375,16.279325,26043.35,25950.0,26000,ATM-2,CALL,26100,2025-12-02
2025-12-02 14:19:00+05:30,108.25,109.0,104.7,108.8,265050,2628375,16.339222,26043.0,25950.0,26000,ATM-2,CALL,26100,2025-12-02
2025-12-02 14:20:00+05:30,110.15,112.65,101.6,103.25,516000,2669325,14.978204,26039.55,25950.0,26000,ATM-2,CALL,26100,2025-12-02
2025-12-02 14:21:00+05:30,104.35,104.8,97.0,97.1,858525,2669325,12.942131,26036.8,25950.0,26000,ATM-2,CALL,26100,2025-12-02
2025-12-02 14:22:00+05:30,97.7,98.05,92.15,93.85,850200,2669325,12.517957,26033.85,25950.0,26000,ATM-2,CALL,26100,2025-12-02
2025-12-02 14:23:00+05:30,95.35,95.65,91.6,91.6,480375,3205725,11.629688,26033.05,25950.0,26000,ATM-2,CALL,26100,2025-12-02
2025-12-02 14:24:00+05:30,89.25,96.0,89.25,95.45,1385175,3205725,14.241086,26031.85,25950.0,26000,ATM-2,CALL,26100,2025-12-02
2025-12-02 14:25:00+05:30,96.35,101.9,94.5,101.25,995550,3205725,12.009118,26043.65,25950.0,26000,ATM-2,CALL,26100,2025-12-02
2025-12-02 14:26:00+05:30,99.8,101.25,94.35,94.35,625500,2836200,6.203682,26042.15,25950.0,26000,ATM-2,CALL,26100,2025-12-02
2025-12-02 14:27:00+05:30,94.9,95.65,87.0,91.05,835950,2836200,8.787815,26036.95,25950.0,26000,ATM-2,CALL,26100,2025-12-02
2025-12-02 14:28:00+05:30,91.45,94.8,91.0,91.5,436350,2836200,7.962365,26038.25,25950.0,26000,ATM-2,CALL,26100,2025-12-02
2025-12-02 14:29:00+05:30,91.7,98.85,91.5,98.35,422250,3046950,11.450255,26041.4,25950.0,26000,ATM-2,CALL,26100,2025-12-02
2025-12-02 14:30:00+05:30,96.85,98.35,89.65,90.05,492825,3046950,6.782278,26037.55,25950.0,26000,ATM-2,CALL,26100,2025-12-02
2025-12-02 14:31:00+05:30,89.7,91.85,86.25,90.9,602475,3046950,9.535378,26035.95,25950.0,26000,ATM-2,CALL,26100,2025-12-02
2025-12-02 14:32:00+05:30,91.4,91.4,88.65,90.2,309300,3219450,9.820385,26034.8,25950.0,26000,ATM-2,CALL,26100,2025-12-02
2025-12-02 14:33:00+05:30,89.5,94.1,86.8,92.2,584400,3219450,11.274229,26034.75,25950.0,26000,ATM-2,CALL,26100,2025-12-02
2025-12-02 14:34:00+05:30,91.6,99.2,91.55,99.05,579375,3219450,13.629757,26038.2,25950.0,26000,ATM-2,CALL,26100,2025-12-02
2025-12-02 14:35:00+05:30,99.0,99.9,89.9,91.25,625425,3154200,8.498398,26037.6,25950.0,26000,ATM-2,CALL,26100,2025-12-02
2025-12-02 14:36:00+05:30,142.15,142.15,114.95,117.85,992325,1904025,0.0,26016.1,25900.0,26000,ATM-2,CALL,26100,2025-12-02
2025-12-02 14:37:00+05:30,118.9,118.9,107.0,109.85,1103475,1904025,12.376284,26003.25,25900.0,26000,ATM-2,CALL,26100,2025-12-02
2025-12-02 14:38:00+05:30,109.9,116.1,109.65,116.0,944700,2522175,13.210602,26008.95,25900.0,26000,ATM-2,CALL,26100,2025-12-02
2025-12-02 14:39:00+05:30,115.5,120.4,111.4,114.05,613575,2522175,0.0,26013.7,25900.0,26000,ATM-2,CALL,26100,2025-12-02
2025-12-02 14:40:00+05:30,113.95,117.5,107.3,111.0,731325,2522175,0.0,26009.85,25900.0,26000,ATM-2,CALL,26100,2025-12-02
2025-12-02 14:41:00+05:30,110.75,113.6,108.95,110.7,525825,2644650,0.0,26010.05,25900.0,26000,ATM-2,CALL,26100,2025-12-02
2025-12-02 14:42:00+05:30,110.25,114.55,109.15,114.0,361950,2644650,9.201779,26011.15,25900.0,26000,ATM-2,CALL,26100,2025-12-02
2025-12-02 14:43:00+05:30,113.75,114.2,107.2,110.2,493050,2644650,8.969632,26007.35,25900.0,26000,ATM-2,CALL,26100,2025-12-02
2025-12-02 14:44:00+05:30,110.0,115.0,107.7,110.4,612225,2874000,0.0,26010.0,25900.0,26000,ATM-2,CALL,26100,2025-12-02
2025-12-02 14:45:00+05:30,110.15,113.8,105.9,108.85,638625,2874000,0.0,26009.4,25900.0,26000,ATM-2,CALL,26100,2025-12-02
2025-12-02 14:46:00+05:30,109.5,112.6,108.75,111.35,244425,2874000,0.0,26011.5,25900.0,26000,ATM-2,CALL,26100,2025-12-02
2025-12-02 14:47:00+05:30,111.4,113.55,110.25,112.2,250725,2875500,0.0,26011.75,25900.0,26000,ATM-2,CALL,26100,2025-12-02
2025-12-02 14:48:00+05:30,111.4,121.25,110.8,118.35,648675,2875500,0.0,26016.75,25900.0,26000,ATM-2,CALL,26100,2025-12-02
2025-12-02 14:49:00+05:30,117.45,121.7,108.1,121.7,719400,2875500,10.989369,26018.05,25900.0,26000,ATM-2,CALL,26100,2025-12-02
2025-12-02 14:50:00+05:30,123.15,130.05,118.3,118.3,1082325,2339100,0.0,26016.55,25900.0,26000,ATM-2,CALL,26100,2025-12-02
2025-12-02 14:51:00+05:30,120.3,126.0,115.55,124.25,564600,2339100,13.035354,26018.75,25900.0,26000,ATM-2,CALL,26100,2025-12-02
2025-12-02 14:52:00+05:30,124.75,128.2,118.95,120.7,419850,2339100,0.0,26020.3,25900.0,26000,ATM-2,CALL,26100,2025-12-02
2025-12-02 14:53:00+05:30,119.3,122.0,116.15,117.35,345000,2264400,0.0,26019.35,25900.0,26000,ATM-2,CALL,26100,2025-12-02
2025-12-02 14:54:00+05:30,118.4,119.05,108.3,112.35,764625,2264400,0.0,26010.8,25900.0,26000,ATM-2,CALL,26100,2025-12-02
2025-12-02 14:55:00+05:30,111.6,113.45,103.75,111.25,819075,2264400,5.312037,26009.45,25900.0,26000,ATM-2,CALL,26100,2025-12-02
2025-12-02 14:56:00+05:30,110.65,111.25,107.85,110.75,350325,2615475,9.657454,26007.65,25900.0,26000,ATM-2,CALL,26100,2025-12-02
2025-12-02 14:57:00+05:30,110.0,110.75,107.4,108.65,309150,2615475,13.8366,26000.2,25900.0,26000,ATM-2,CALL,26100,2025-12-02
2025-12-02 14:58:00+05:30,107.9,109.4,97.2,101.6,1094550,2615475,0.0,26010.45,25900.0,26000,ATM-2,CALL,26100,2025-12-02
2025-12-02 14:59:00+05:30,103.1,108.4,101.6,106.25,799125,2688525,0.0,26018.75,25900.0,26000,ATM-2,CALL,26100,2025-12-02
2025-12-02 15:00:00+05:30,112.3,122.55,106.25,108.75,1250175,2688525,0.0,26011.85,25900.0,26000,ATM-2,CALL,26100,2025-12-02
2025-12-02 15:01:00+05:30,109.55,122.3,108.75,120.75,707400,2688525,0.0,26021.95,25900.0,26000,ATM-2,CALL,26100,2025-12-02
2025-12-02 15:02:00+05:30,118.95,121.75,111.15,121.0,635475,2359800,0.0,26022.35,25900.0,26000,ATM-2,CALL,26100,2025-12-02
2025-12-02 15:03:00+05:30,121.05,121.6,118.65,119.15,542775,2359800,0.0,26020.3,25900.0,26000,ATM-2,CALL,26100,2025-12-02
2025-12-02 15:04:00+05:30,120.0,122.85,119.15,120.3,491700,2359800,0.0,26023.6,25900.0,26000,ATM-2,CALL,26100,2025-12-02
2025-12-02 15:05:00+05:30,122.25,122.3,118.0,119.85,284325,2153700,0.0,26022.85,25900.0,26000,ATM-2,CALL,26100,2025-12-02
2025-12-02 15:06:00+05:30,120.5,120.9,116.9,119.2,283275,2153700,0.0,26020.65,25900.0,26000,ATM-2,CALL,26100,2025-12-02
2025-12-02 15:07:00+05:30,119.7,121.45,117.4,120.35,229875,2153700,0.0,26024.6,25900.0,26000,ATM-2,CALL,26100,2025-12-02
2025-12-02 15:08:00+05:30,70.35,73.6,69.75,73.6,814800,3901800,0.0,26026.8,25950.0,26000,ATM-2,CALL,26100,2025-12-02
2025-12-02 15:09:00+05:30,74.1,76.5,72.55,73.25,1385175,3901800,0.0,26026.45,25950.0,26000,ATM-2,CALL,26100,2025-12-02
2025-12-02 15:10:00+05:30,72.9,76.6,72.85,76.45,734325,3901800,0.0,26030.5,25950.0,26000,ATM-2,CALL,26100,2025-12-02
2025-12-02 15:11:00+05:30,77.7,79.85,76.45,78.0,1249650,3526875,0.0,26033.2,25950.0,26000,ATM-2,CALL,26100,2025-12-02
2025-12-02 15:12:00+05:30,77.95,78.45,76.65,78.3,666750,3526875,0.0,26033.4,25950.0,26000,ATM-2,CALL,26100,2025-12-02
2025-12-02 15:13:00+05:30,78.4,82.65,77.95,81.15,993375,3526875,0.0,26037.75,25950.0,26000,ATM-2,CALL,26100,2025-12-02
2025-12-02 15:14:00+05:30,81.25,82.1,78.55,79.45,862800,3151800,0.0,26036.75,25950.0,26000,ATM-2,CALL,26100,2025-12-02
2025-12-02 15:15:00+05:30,79.45,80.15,76.3,76.55,998775,3151800,0.0,26033.8,25950.0,26000,ATM-2,CALL,26100,2025-12-02
2025-12-02 15:16:00+05:30,76.8,79.9,75.6,78.6,1117725,3151800,0.0,26037.4,25950.0,26000,ATM-2,CALL,26100,2025-12-02
2025-12-02 15:17:00+05:30,79.0,79.0,78.1,78.15,876150,2924850,0.0,26038.65,25950.0,26000,ATM-2,CALL,26100,2025-12-02
2025-12-02 15:18:00+05:30,77.95,78.25,75.45,77.6,733050,2924850,0.0,26032.75,25950.0,26000,ATM-2,CALL,26100,2025-12-02
2025-12-02 15:19:00+05:30,77.35,79.75,77.3,79.2,459900,2924850,0.0,26038.6,25950.0,26000,ATM-2,CALL,26100,2025-12-02
2025-12-02 15:20:00+05:30,79.45,81.55,79.2,80.75,654675,2421225,0.0,26044.85,25950.0,26000,ATM-2,CALL,26100,2025-12-02
2025-12-02 15:21:00+05:30,81.0,81.0,79.45,79.5,452700,2421225,0.0,26040.15,25950.0,26000,ATM-2,CALL,26100,2025-12-02
2025-12-02 15:22:00+05:30,79.8,80.75,79.5,80.7,246825,2421225,0.0,26040.75,25950.0,26000,ATM-2,CALL,26100,2025-12-02
2025-12-02 15:23:00+05:30,81.0,82.55,80.7,81.9,383025,2111775,0.0,26048.35,25950.0,26000,ATM-2,CALL,26100,2025-12-02
2025-12-02 15:24:00+05:30,81.95,82.3,81.55,82.1,383400,2111775,0.0,26050.9,25950.0,26000,ATM-2,CALL,26100,2025-12-02
2025-12-02 15:25:00+05:30,82.5,83.0,82.1,82.4,369825,2111775,0.0,26055.0,25950.0,26000,ATM-2,CALL,26100,2025-12-02
2025-12-02 15:26:00+05:30,82.4,82.7,82.1,82.4,250875,1806450,0.0,26051.85,25950.0,26000,ATM-2,CALL,26100,2025-12-02
2025-12-02 15:27:00+05:30,82.5,83.0,82.35,82.8,331050,1806450,0.0,26055.35,25950.0,26000,ATM-2,CALL,26100,2025-12-02
2025-12-02 15:28:00+05:30,82.9,82.9,82.3,82.5,225000,1806450,0.0,26056.15,25950.0,26000,ATM-2,CALL,26100,2025-12-02
2025-12-02 15:29:00+05:30,82.6,82.8,82.05,82.15,327975,1343100,0.0,26057.0,25950.0,26000,ATM-2,CALL,26100,2025-12-02
2025-12-02 09:15:00+05:30,118.95,120.45,98.5,98.7,1636575,758850,16.203612,26110.2,26050.0,26050,ATM-1,CALL,26100,2025-12-02
2025-12-02 09:16:00+05:30,95.75,108.05,95.75,103.25,1238400,1527975,15.877803,26118.7,26050.0,26050,ATM-1,CALL,26100,2025-12-02
2025-12-02 09:17:00+05:30,68.1,72.45,67.2,71.6,3307200,6355650,14.44386,26127.05,26100.0,26050,ATM-1,CALL,26100,2025-12-02
2025-12-02 09:18:00+05:30,72.85,86.05,70.7,80.2,7369200,6355650,13.732186,26145.25,26100.0,26050,ATM-1,CALL,26100,2025-12-02
2025-12-02 09:19:00+05:30,80.8,90.65,78.5,80.75,5241750,8403150,14.563667,26141.5,26100.0,26050,ATM-1,CALL,26100,2025-12-02
2025-12-02 09:20:00+05:30,80.85,88.4,79.1,86.55,4079925,8403150,15.318785,26146.45,26100.0,26050,ATM-1,CALL,26100,2025-12-02
2025-12-02 09:21:00+05:30,85.15,87.8,77.05,86.7,3967875,8403150,15.539949,26145.5,26100.0,26050,ATM-1,CALL,26100,2025-12-02
2025-12-02 09:22:00+05:30,87.35,90.55,81.4,85.95,3183300,9308175,15.307735,26145.7,26100.0,26050,ATM-1,CALL,26100,2025-12-02
2025-12-02 09:23:00+05:30,85.6,92.5,81.95,88.1,2649750,9308175,14.875332,26151.5,26100.0,26050,ATM-1,CALL,26100,2025-12-02
2025-12-02 09:24:00+05:30,88.05,89.15,84.0,84.35,2237850,9308175,15.193475,26143.95,26100.0,26050,ATM-1,CALL,26100,2025-12-02
2025-12-02 09:25:00+05:30,84.05,87.7,82.0,84.85,2234850,9792150,15.133249,26145.15,26100.0,26050,ATM-1,CALL,26100,2025-12-02
2025-12-02 09:26:00+05:30,85.35,88.6,81.5,87.65,2187675,9792150,15.547216,26147.3,26100.0,26050,ATM-1,CALL,26100,2025-12-02
2025-12-02 09:27:00+05:30,87.8,90.35,84.0,88.15,2168250,9792150,15.502847,26148.4,26100.0,26050,ATM-1,CALL,26100,2025-12-02
2025-12-02 09:28:00+05:30,87.4,89.85,84.6,85.1,1694775,10190925,15.607164,26143.05,26100.0,26050,ATM-1,CALL,26100,2025-12-02
2025-12-02 09:29:00+05:30,83.65,85.1,74.8,74.8,4195200,10190925,14.941776,26130.2,26100.0,26050,ATM-1,CALL,26100,2025-12-02
2025-12-02 09:30:00+05:30,113.55,114.2,99.4,99.7,992925,2263275,14.255142,26122.1,26050.0,26050,ATM-1,CALL,26100,2025-12-02
2025-12-02 09:31:00+05:30,97.05,102.25,97.0,98.65,1371000,2454750,14.798731,26118.15,26050.0,26050,ATM-1,CALL,26100,2025-12-02
2025-12-02 09:32:00+05:30,65.15,77.1,64.65,76.0,5354925,11676000,15.010924,26132.0,26100.0,26050,ATM-1,CALL,26100,2025-12-02
2025-12-02 09:33:00+05:30,111.85,113.0,101.9,101.9,763125,2454750,15.20547,26121.0,26050.0,26050,ATM-1,CALL,26100,2025-12-02
2025-12-02 09:34:00+05:30,102.5,102.8,96.9,97.9,672975,2839425,15.282997,26114.9,26050.0,26050,ATM-1,CALL,26100,2025-12-02
2025-12-02 09:35:00+05:30,97.8,102.75,97.8,98.75,595800,2839425,15.313856,26116.05,26050.0,26050,ATM-1,CALL,26100,2025-12-02
2025-12-02 09:36:00+05:30,98.35,100.65,93.05,100.1,1205400,2839425,16.080386,26114.3,26050.0,26050,ATM-1,CALL,26100,2025-12-02
2025-12-02 09:37:00+05:30,99.8,104.2,99.8,102.1,648675,3326850,15.431892,26120.45,26050.0,26050,ATM-1,CALL,26100,2025-12-02
2025-12-02 09:38:00+05:30,102.0,102.95,92.95,93.8,912300,3326850,15.445708,26108.25,26050.0,26050,ATM-1,CALL,26100,2025-12-02
2025-12-02 09:39:00+05:30,93.3,98.9,93.3,96.1,449625,3326850,16.013042,26108.85,26050.0,26050,ATM-1,CALL,26100,2025-12-02
2025-12-02 09:40:00+05:30,96.4,99.7,89.2,89.2,696900,3676725,14.766705,26104.95,26050.0,26050,ATM-1,CALL,26100,2025-12-02
2025-12-02 09:41:00+05:30,89.95,92.15,82.65,84.3,1623900,3676725,15.118356,26095.6,26050.0,26050,ATM-1,CALL,26100,2025-12-02
2025-12-02 09:42:00+05:30,83.35,86.6,77.25,77.35,1575225,3676725,14.385456,26088.75,26050.0,26050,ATM-1,CALL,26100,2025-12-02
2025-12-02 09:43:00+05:30,77.25,83.0,77.0,82.25,1486500,4615575,15.319972,26091.35,26050.0,26050,ATM-1,CALL,26100,2025-12-02
2025-12-02 09:44:00+05:30,81.75,82.55,73.6,73.6,1540650,4615575,14.965542,26079.3,26050.0,26050,ATM-1,CALL,26100,2025-12-02
2025-12-02 09:45:00+05:30,74.05,78.7,73.6,77.25,1590900,4615575,14.800515,26086.4,26050.0,26050,ATM-1,CALL,26100,2025-12-02
2025-12-02 09:46:00+05:30,77.8,78.85,76.4,78.85,849675,5902350,14.915296,26088.4,26050.0,26050,ATM-1,CALL,26100,2025-12-02
2025-12-02 09:47:00+05:30,78.4,83.1,78.4,81.45,1461225,5902350,14.631761,26094.2,26050.0,26050,ATM-1,CALL,26100,2025-12-02
2025-12-02 09:48:00+05:30,81.45,81.6,70.1,70.5,2191050,5902350,13.614357,26082.5,26050.0,26050,ATM-1,CALL,26100,2025-12-02
2025-12-02 09:49:00+05:30,107.8,108.95,100.35,101.4,1629000,7838475,14.917601,26072.65,26000.0,26050,ATM-1,CALL,26100,2025-12-02
2025-12-02 09:50:00+05:30,100.95,104.0,100.65,101.2,1146000,7838475,15.011216,26072.0,26000.0,26050,ATM-1,CALL,26100,2025-12-02
2025-12-02 09:51:00+05:30,101.55,103.9,100.35,100.35,910575,7838475,14.890342,26071.4,26000.0,26050,ATM-1,CALL,26100,2025-12-02
2025-12-02 09:52:00+05:30,101.3,102.7,98.55,101.65,933375,8880675,15.405309,26070.95,26000.0,26050,ATM-1,CALL,26100,2025-12-02
2025-12-02 09:53:00+05:30,101.8,105.45,100.25,101.25,1157475,8880675,15.206766,26071.35,26000.0,26050,ATM-1,CALL,26100,2025-12-02
2025-12-02 09:54:00+05:30,66.65,71.4,66.5,69.3,1440900,7498500,14.319203,26076.7,26050.0,26050,ATM-1,CALL,26100,2025-12-02
2025-12-02 09:55:00+05:30,69.3,76.25,68.25,74.4,2437500,8176575,14.193575,26085.95,26050.0,26050,ATM-1,CALL,26100,2025-12-02
2025-12-02 09:56:00+05:30,74.95,75.45,71.3,71.6,1582275,8176575,13.866381,26083.35,26050.0,26050,ATM-1,CALL,26100,2025-12-02
2025-12-02 09:57:00+05:30,71.65,75.0,71.6,73.45,808875,8176575,14.01765,26085.55,26050.0,26050,ATM-1,CALL,26100,2025-12-02
2025-12-02 09:58:00+05:30,73.45,75.0,70.9,71.2,934875,8214075,14.077074,26081.6,26050.0,26050,ATM-1,CALL,26100,2025-12-02
2025-12-02 09:59:00+05:30,71.35,73.0,67.1,70.05,1471275,8214075,14.846595,26075.1,26050.0,26050,ATM-1,CALL,26100,2025-12-02
2025-12-02 10:00:00+05:30,106.0,107.3,101.8,105.45,835050,9189975,16.350058,26072.5,26000.0,26050,ATM-1,CALL,26100,2025-12-02
2025-12-02 10:01:00+05:30,69.35,73.95,68.7,71.15,1430025,8438475,14.891723,26076.85,26050.0,26050,ATM-1,CALL,26100,2025-12-02
2025-12-02 10:02:00+05:30,106.95,108.45,102.2,103.2,677025,9306375,15.808857,26071.9,26000.0,26050,ATM-1,CALL,26100,2025-12-02
2025-12-02 10:03:00+05:30,103.4,103.9,99.5,103.25,993450,9306375,16.181379,26070.3,26000.0,26050,ATM-1,CALL,26100,2025-12-02
2025-12-02 10:04:00+05:30,69.15,74.85,69.15,73.9,2171775,8766525,15.101057,26080.45,26050.0,26050,ATM-1,CALL,26100,2025-12-02
2025-12-02 10:05:00+05:30,73.0,75.2,71.9,72.7,1577400,8766525,14.835093,26080.1,26050.0,26050,ATM-1,CALL,26100,2025-12-02
2025-12-02 10:06:00+05:30,71.8,72.7,68.2,69.55,1168650,8766525,14.529959,26076.7,26050.0,26050,ATM-1,CALL,26100,2025-12-02
2025-12-02 10:07:00+05:30,105.9,106.05,100.35,101.7,942600,10017600,15.293137,26072.4,26000.0,26050,ATM-1,CALL,26100,2025-12-02
2025-12-02 10:08:00+05:30,102.25,105.0,99.6,102.25,998925,10017600,15.379488,26072.85,26000.0,26050,ATM-1,CALL,26100,2025-12-02
2025-12-02 10:09:00+05:30,102.3,104.9,101.95,102.5,396075,10017600,15.393236,26073.2,26000.0,26050,ATM-1,CALL,26100,2025-12-02
2025-12-02 10:10:00+05:30,101.85,102.5,91.25,93.5,2314575,10289400,14.774613,26063.2,26000.0,26050,ATM-1,CALL,26100,2025-12-02
2025-12-02 10:11:00+05:30,93.3,93.85,88.2,90.25,2011200,10289400,14.785447,26058.45,26000.0,26050,ATM-1,CALL,26100,2025-12-02
2025-12-02 10:12:00+05:30,90.3,91.35,88.75,90.9,1226775,10289400,15.320136,26056.85,26000.0,26050,ATM-1,CALL,26100,2025-12-02
2025-12-02 10:13:00+05:30,91.7,93.0,89.55,90.5,1093950,11563950,14.85561,26058.6,26000.0,26050,ATM-1,CALL,26100,2025-12-02
2025-12-02 10:14:00+05:30,90.5,91.9,89.4,90.25,828975,11563950,14.771165,26058.7,26000.0,26050,ATM-1,CALL,26100,2025-12-02
2025-12-02 10:15:00+05:30,90.6,91.6,88.45,88.6,937125,11563950,14.558933,26057.35,26000.0,26050,ATM-1,CALL,26100,2025-12-02
2025-12-02 10:16:00+05:30,88.8,93.1,87.9,88.55,1389675,12308025,13.943204,26060.25,26000.0,26050,ATM-1,CALL,26100,2025-12-02
2025-12-02 10:17:00+05:30,89.55,89.9,83.0,83.45,2373075,12308025,14.607144,26049.5,26000.0,26050,ATM-1,CALL,26100,2025-12-02
2025-12-02 10:18:00+05:30,83.85,88.85,83.45,88.15,1855875,12308025,15.039696,26054.5,26000.0,26050,ATM-1,CALL,26100,2025-12-02
2025-12-02 10:19:00+05:30,87.75,94.7,87.5,94.55,1927650,12787350,15.351024,26062.55,26000.0,26050,ATM-1,CALL,26100,2025-12-02
2025-12-02 10:20:00+05:30,93.6,99.65,93.55,97.5,2530350,12787350,15.684164,26065.35,26000.0,26050,ATM-1,CALL,26100,2025-12-02
2025-12-02 10:21:00+05:30,96.85,100.9,95.9,98.35,1665375,12787350,15.248089,26068.65,26000.0,26050,ATM-1,CALL,26100,2025-12-02
2025-12-02 10:22:00+05:30,98.35,104.15,97.5,103.5,1248675,12229950,15.543805,26074.7,26000.0,26050,ATM-1,CALL,26100,2025-12-02
2025-12-02 10:23:00+05:30,104.05,104.05,100.2,100.2,1135125,12229950,15.168625,26071.75,26000.0,26050,ATM-1,CALL,26100,2025-12-02
2025-12-02 10:24:00+05:30,99.65,100.5,97.15,100.2,923700,12229950,15.328859,26071.1,26000.0,26050,ATM-1,CALL,26100,2025-12-02
2025-12-02 10:25:00+05:30,100.1,103.5,99.45,103.0,931875,12022275,15.525721,26074.25,26000.0,26050,ATM-1,CALL,26100,2025-12-02
2025-12-02 10:26:00+05:30,102.05,103.0,97.0,101.9,839775,12022275,15.830341,26071.4,26000.0,26050,ATM-1,CALL,26100,2025-12-02
2025-12-02 10:27:00+05:30,101.65,102.65,99.6,100.7,535200,12022275,15.861527,26069.6,26000.0,26050,ATM-1,CALL,26100,2025-12-02
2025-12-02 10:28:00+05:30,100.85,102.75,99.4,100.75,539100,12135375,15.813909,26069.95,26000.0,26050,ATM-1,CALL,26100,2025-12-02
2025-12-02 10:29:00+05:30,64.9,71.3,64.5,69.9,3056100,12381600,14.556227,26078.8,26050.0,26050,ATM-1,CALL,26100,2025-12-02
2025-12-02 10:30:00+05:30,68.6,70.55,67.9,68.25,1760925,12381600,14.250003,26077.9,26050.0,26050,ATM-1,CALL,26100,2025-12-02
2025-12-02 10:31:00+05:30,68.15,73.7,65.85,73.1,3203400,11903925,14.579634,26084.1,26050.0,26050,ATM-1,CALL,26100,2025-12-02
2025-12-02 10:32:00+05:30,72.9,74.65,69.3,69.6,2781000,11903925,14.020969,26081.6,26050.0,26050,ATM-1,CALL,26100,2025-12-02
2025-12-02 10:33:00+05:30,68.85,72.45,66.0,72.45,2168850,11903925,14.6374,26082.85,26050.0,26050,ATM-1,CALL,26100,2025-12-02
2025-12-02 10:34:00+05:30,72.0,74.85,72.0,74.1,2313075,11541450,14.395827,26086.95,26050.0,26050,ATM-1,CALL,26100,2025-12-02
2025-12-02 10:35:00+05:30,73.95,76.5,70.9,74.8,3101475,11541450,14.040825,26090.05,26050.0,26050,ATM-1,CALL,26100,2025-12-02
2025-12-02 10:36:00+05:30,74.9,75.75,72.65,72.65,1467750,11541450,13.58542,26089.15,26050.0,26050,ATM-1,CALL,26100,2025-12-02
2025-12-02 10:37:00+05:30,72.55,73.3,69.1,72.65,1984350,11004900,14.62202,26083.55,26050.0,26050,ATM-1,CALL,26100,2025-12-02
2025-12-02 10:38:00+05:30,72.9,74.2,70.85,72.15,1137900,11004900,14.337016,26084.4,26050.0,26050,ATM-1,CALL,26100,2025-12-02
2025-12-02 10:39:00+05:30,71.8,73.25,71.15,71.95,731925,11004900,14.523561,26083.1,26050.0,26050,ATM-1,CALL,26100,2025-12-02
2025-12-02 10:40:00+05:30,71.9,75.95,71.5,72.35,1705200,10893900,14.679252,26082.95,26050.0,26050,ATM-1,CALL,26100,2025-12-02
2025-12-02 10:41:00+05:30,73.25,76.65,72.0,74.65,1538025,10893900,14.350709,26088.55,26050.0,26050,ATM-1,CALL,26100,2025-12-02
2025-12-02 10:42:00+05:30,75.45,80.5,71.65,71.65,2899200,10893900,13.698506,26087.35,26050.0,26050,ATM-1,CALL,26100,2025-12-02
2025-12-02 10:43:00+05:30,71.65,73.0,67.05,67.45,2284950,10613325,13.536003,26081.55,26050.0,26050,ATM-1,CALL,26100,2025-12-02
2025-12-02 10:44:00+05:30,102.0,104.95,98.8,100.85,1388475,9802800,14.980843,26074.65,26000.0,26050,ATM-1,CALL,26100,2025-12-02
2025-12-02 10:45:00+05:30,65.35,66.35,61.8,64.7,1805625,10613325,13.675082,26076.35,26050.0,26050,ATM-1,CALL,26100,2025-12-02
2025-12-02 10:46:00+05:30,100.8,101.55,95.4,95.95,1102725,10094100,14.535855,26069.8,26000.0,26050,ATM-1,CALL,26100,2025-12-02
2025-12-02 10:47:00+05:30,96.9,98.1,94.9,97.45,890475,10094100,14.59493,26071.7,26000.0,26050,ATM-1,CALL,26100,2025-12-02
2025-12-02 10:48:00+05:30,97.4,101.0,96.6,100.05,879825,10094100,14.839049,26074.35,26000.0,26050,ATM-1,CALL,26100,2025-12-02
2025-12-02 10:49:00+05:30,63.8,65.55,63.15,65.0,1361400,11382675,13.680173,26077.1,26050.0,26050,ATM-1,CALL,26100,2025-12-02
2025-12-02 10:50:00+05:30,64.2,75.45,64.15,74.45,3821250,11382675,14.102903,26090.15,26050.0,26050,ATM-1,CALL,26100,2025-12-02
2025-12-02 10:51:00+05:30,74.3,78.1,72.75,76.7,3032775,11382675,13.99943,26094.25,26050.0,26050,ATM-1,CALL,26100,2025-12-02
2025-12-02 10:52:00+05:30,76.0,80.55,75.6,77.75,2581050,11086125,13.547302,26098.15,26050.0,26050,ATM-1,CALL,26100,2025-12-02
2025-12-02 10:53:00+05:30,75.75,78.55,75.05,76.05,1968150,11086125,13.43391,26096.2,26050.0,26050,ATM-1,CALL,26100,2025-12-02
2025-12-02 10:54:00+05:30,75.9,76.3,73.3,74.2,1380225,11086125,13.690229,26092.15,26050.0,26050,ATM-1,CALL,26100,2025-12-02
2025-12-02 10:55:00+05:30,75.0,75.25,71.75,73.9,1380825,11240775,13.758261,26091.4,26050.0,26050,ATM-1,CALL,26100,2025-12-02
2025-12-02 10:56:00+05:30,74.15,74.6,71.05,74.5,916575,11240775,13.776646,26092.3,26050.0,26050,ATM-1,CALL,26100,2025-12-02
2025-12-02 10:57:00+05:30,74.6,75.85,71.4,71.4,1190775,11240775,13.090459,26091.05,26050.0,26050,ATM-1,CALL,26100,2025-12-02
2025-12-02 10:58:00+05:30,70.0,72.7,69.7,70.35,1551750,11291325,13.107504,26089.4,26050.0,26050,ATM-1,CALL,26100,2025-12-02
2025-12-02 10:59:00+05:30,71.55,79.35,70.35,78.4,2346750,11291325,13.825162,26098.2,26050.0,26050,ATM-1,CALL,26100,2025-12-02
2025-12-02 11:00:00+05:30,78.8,79.8,72.5,72.5,2213175,11291325,13.163886,26092.55,26050.0,26050,ATM-1,CALL,26100,2025-12-02
2025-12-02 11:01:00+05:30,73.05,74.95,67.05,69.6,2602875,10887600,13.618336,26085.75,26050.0,26050,ATM-1,CALL,26100,2025-12-02
2025-12-02 11:02:00+05:30,70.8,76.2,69.6,73.0,1750200,10887600,13.180497,26093.35,26050.0,26050,ATM-1,CALL,26100,2025-12-02
2025-12-02 11:03:00+05:30,74.15,76.9,73.0,76.9,1268475,10887600,13.881257,26095.9,26050.0,26050,ATM-1,CALL,26100,2025-12-02
2025-12-02 11:04:00+05:30,76.95,78.25,75.8,76.05,1311525,10995525,13.182999,26098.05,26050.0,26050,ATM-1,CALL,26100,2025-12-02
2025-12-02 11:05:00+05:30,75.65,77.5,73.35,74.25,1206900,10995525,13.298414,26094.85,26050.0,26050,ATM-1,CALL,26100,2025-12-02
2025-12-02 11:06:00+05:30,74.2,77.4,74.2,75.3,688575,10995525,13.483417,26095.6,26050.0,26050,ATM-1,CALL,26100,2025-12-02
2025-12-02 11:07:00+05:30,75.1,77.45,73.65,75.2,1029825,10622475,13.536581,26095.25,26050.0,26050,ATM-1,CALL,26100,2025-12-02
2025-12-02 11:08:00+05:30,75.6,76.4,72.55,73.1,865500,10622475,13.365522,26092.95,26050.0,26050,ATM-1,CALL,26100,2025-12-02
2025-12-02 11:09:00+05:30,72.95,77.9,71.25,77.3,1540800,10622475,13.908082,26096.75,26050.0,26050,ATM-1,CALL,26100,2025-12-02
2025-12-02 11:10:00+05:30,76.15,77.3,73.75,75.65,801150,9962400,13.714321,26095.25,26050.0,26050,ATM-1,CALL,26100,2025-12-02
2025-12-02 11:11:00+05:30,75.45,77.0,71.75,75.7,995700,9962400,13.976196,26094.1,26050.0,26050,ATM-1,CALL,26100,2025-12-02
2025-12-02 11:12:00+05:30,75.5,75.7,72.6,72.6,460725,9962400,13.482128,26091.85,26050.0,26050,ATM-1,CALL,26100,2025-12-02
2025-12-02 11:13:00+05:30,72.25,72.6,63.7,64.5,2623275,9811050,12.328974,26085.15,26050.0,26050,ATM-1,CALL,26100,2025-12-02
2025-12-02 11:14:00+05:30,64.2,65.1,61.2,62.4,2186250,9811050,12.545927,26080.75,26050.0,26050,ATM-1,CALL,26100,2025-12-02
2025-12-02 11:15:00+05:30,62.55,65.1,59.9,65.0,2099325,9811050,13.277163,26081.1,26050.0,26050,ATM-1,CALL,26100,2025-12-02
2025-12-02 11:16:00+05:30,65.3,65.3,60.5,61.15,1459800,10282350,13.075434,26075.95,26050.0,26050,ATM-1,CALL,26100,2025-12-02
2025-12-02 11:17:00+05:30,61.75,64.3,58.65,63.95,1564725,10282350,13.235465,26079.75,26050.0,26050,ATM-1,CALL,26100,2025-12-02
2025-12-02 11:18:00+05:30,63.1,65.1,61.55,61.9,1536600,10282350,12.412604,26080.9,26050.0,26050,ATM-1,CALL,26100,2025-12-02
2025-12-02 11:19:00+05:30,62.3,64.3,61.9,62.65,913950,10686600,12.595381,26081.2,26050.0,26050,ATM-1,CALL,26100,2025-12-02
2025-12-02 11:20:00+05:30,62.25,63.15,59.35,60.8,1398450,10686600,12.91081,26076.55,26050.0,26050,ATM-1,CALL,26100,2025-12-02
2025-12-02 11:21:00+05:30,60.9,61.35,58.85,60.0,1219500,10686600,12.90885,26075.3,26050.0,26050,ATM-1,CALL,26100,2025-12-02
2025-12-02 11:22:00+05:30,97.75,97.9,91.65,91.65,1095075,10158975,13.276342,26070.8,26000.0,26050,ATM-1,CALL,26100,2025-12-02
2025-12-02 11:23:00+05:30,91.75,96.5,91.65,96.35,686700,10158975,14.545812,26072.35,26000.0,26050,ATM-1,CALL,26100,2025-12-02
2025-12-02 11:24:00+05:30,58.8,65.45,58.35,64.4,2646750,11164875,13.027199,26082.05,26050.0,26050,ATM-1,CALL,26100,2025-12-02
2025-12-02 11:25:00+05:30,64.85,67.0,64.15,64.75,2413650,11615850,12.830021,26083.7,26050.0,26050,ATM-1,CALL,26100,2025-12-02
2025-12-02 11:26:00+05:30,65.3,66.8,58.1,58.7,2490825,11615850,12.219549,26077.25,26050.0,26050,ATM-1,CALL,26100,2025-12-02
2025-12-02 11:27:00+05:30,95.85,96.1,93.1,95.35,1037250,10263375,14.095167,26072.95,26000.0,26050,ATM-1,CALL,26100,2025-12-02
2025-12-02 11:28:00+05:30,94.9,95.8,91.25,92.25,814650,10454625,13.423007,26071.35,26000.0,26050,ATM-1,CALL,26100,2025-12-02
2025-12-02 11:29:00+05:30,92.85,93.5,87.65,88.3,1300125,10454625,12.80117,26068.4,26000.0,26050,ATM-1,CALL,26100,2025-12-02
2025-12-02 11:30:00+05:30,88.5,90.3,85.9,87.35,1307325,10454625,12.910572,26066.75,26000.0,26050,ATM-1,CALL,26100,2025-12-02
2025-12-02 11:31:00+05:30,88.4,89.2,86.65,87.9,723975,10906575,12.948667,26067.4,26000.0,26050,ATM-1,CALL,26100,2025-12-02
2025-12-02 11:32:00+05:30,88.45,89.35,83.85,86.45,1096125,10906575,12.272924,26068.0,26000.0,26050,ATM-1,CALL,26100,2025-12-02
2025-12-02 11:33:00+05:30,86.7,88.55,85.4,86.6,750750,10906575,12.31276,26068.1,26000.0,26050,ATM-1,CALL,26100,2025-12-02
2025-12-02 11:34:00+05:30,86.95,86.95,83.35,84.9,899400,11349525,12.085664,26066.7,26000.0,26050,ATM-1,CALL,26100,2025-12-02
2025-12-02 11:35:00+05:30,85.1,87.15,84.8,85.85,667725,11349525,12.418747,26066.8,26000.0,26050,ATM-1,CALL,26100,2025-12-02
2025-12-02 11:36:00+05:30,86.3,86.5,81.2,84.75,1059300,11349525,12.355631,26065.6,26000.0,26050,ATM-1,CALL,26100,2025-12-02
2025-12-02 11:37:00+05:30,85.0,88.0,84.7,88.0,807750,11581350,13.074627,26067.35,26000.0,26050,ATM-1,CALL,26100,2025-12-02
2025-12-02 11:38:00+05:30,87.8,93.5,86.45,92.85,1083225,11581350,13.31183,26073.05,26000.0,26050,ATM-1,CALL,26100,2025-12-02
2025-12-02 11:39:00+05:30,92.85,95.05,89.95,91.15,1513650,11581350,13.029304,26071.85,26000.0,26050,ATM-1,CALL,26100,2025-12-02
2025-12-02 11:40:00+05:30,90.95,91.7,86.45,86.45,764850,11610675,11.605716,26070.65,26000.0,26050,ATM-1,CALL,26100,2025-12-02
2025-12-02 11:41:00+05:30,86.85,87.15,79.4,80.55,1686450,11610675,11.320479,26063.95,26000.0,26050,ATM-1,CALL,26100,2025-12-02
2025-12-02 11:42:00+05:30,81.05,83.95,80.55,81.9,813750,11610675,11.835137,26063.95,26000.0,26050,ATM-1,CALL,26100,2025-12-02
2025-12-02 11:43:00+05:30,82.95,84.4,81.9,82.75,567000,11712750,12.118575,26064.1,26000.0,26050,ATM-1,CALL,26100,2025-12-02
2025-12-02 11:44:00+05:30,83.2,85.0,82.25,82.95,547125,11712750,12.418771,26063.3,26000.0,26050,ATM-1,CALL,26100,2025-12-02
2025-12-02 11:45:00+05:30,82.3,84.8,81.25,84.8,760800,11712750,13.372717,26062.2,26000.0,26050,ATM-1,CALL,26100,2025-12-02
2025-12-02 11:46:00+05:30,84.8,84.8,81.75,82.8,540450,11930625,12.795658,26061.75,26000.0,26050,ATM-1,CALL,26100,2025-12-02
2025-12-02 11:47:00+05:30,83.0,84.2,78.8,82.5,942375,11930625,12.907137,26060.95,26000.0,26050,ATM-1,CALL,26100,2025-12-02
2025-12-02 11:48:00+05:30,82.15,86.15,80.75,84.05,1014075,11930625,12.9432,26063.0,26000.0,26050,ATM-1,CALL,26100,2025-12-02
2025-12-02 11:49:00+05:30,83.9,90.75,83.5,90.5,1275225,12043425,13.685079,26069.05,26000.0,26050,ATM-1,CALL,26100,2025-12-02
2025-12-02 11:50:00+05:30,89.3,90.5,84.5,84.95,1091775,12043425,13.056904,26063.9,26000.0,26050,ATM-1,CALL,26100,2025-12-02
2025-12-02 11:51:00+05:30,84.8,85.7,81.7,84.15,918825,12043425,13.095794,26062.7,26000.0,26050,ATM-1,CALL,26100,2025-12-02
2025-12-02 11:52:00+05:30,84.15,84.8,79.4,81.95,944175,12273975,12.96879,26060.2,26000.0,26050,ATM-1,CALL,26100,2025-12-02
2025-12-02 11:53:00+05:30,82.25,83.6,79.9,79.9,572625,12273975,12.890366,26057.7,26000.0,26050,ATM-1,CALL,26100,2025-12-02
2025-12-02 11:54:00+05:30,76.65,79.9,74.0,77.0,2340150,12273975,12.985051,26053.25,26000.0,26050,ATM-1,CALL,26100,2025-12-02
2025-12-02 11:55:00+05:30,76.65,78.0,75.2,76.25,1248225,12758175,14.024146,26047.65,26000.0,26050,ATM-1,CALL,26100,2025-12-02
2025-12-02 11:56:00+05:30,76.3,76.3,73.0,75.2,1766550,12758175,13.89025,26046.75,26000.0,26050,ATM-1,CALL,26100,2025-12-02
2025-12-02 11:57:00+05:30,75.35,76.65,74.5,75.35,1087875,12758175,13.588739,26048.4,26000.0,26050,ATM-1,CALL,26100,2025-12-02
2025-12-02 11:58:00+05:30,75.25,79.05,75.1,77.9,1421175,13179375,13.659833,26051.9,26000.0,26050,ATM-1,CALL,26100,2025-12-02
2025-12-02 11:59:00+05:30,78.1,80.2,77.0,79.35,1171350,13179375,13.734096,26053.75,26000.0,26050,ATM-1,CALL,26100,2025-12-02
2025-12-02 12:00:00+05:30,78.75,79.35,73.95,74.3,1178850,13179375,13.638036,26046.8,26000.0,26050,ATM-1,CALL,26100,2025-12-02
2025-12-02 12:01:00+05:30,74.25,76.35,71.65,72.85,1637175,13471950,13.645613,26044.65,26000.0,26050,ATM-1,CALL,26100,2025-12-02
2025-12-02 12:02:00+05:30,72.8,80.1,71.25,79.0,2242275,13471950,14.233365,26051.25,26000.0,26050,ATM-1,CALL,26100,2025-12-02
2025-12-02 12:03:00+05:30,79.05,84.0,78.05,79.85,2624775,13471950,13.509181,26055.65,26000.0,26050,ATM-1,CALL,26100,2025-12-02
2025-12-02 12:04:00+05:30,79.25,82.45,78.15,78.5,1026375,13758900,13.818698,26052.45,26000.0,26050,ATM-1,CALL,26100,2025-12-02
2025-12-02 12:05:00+05:30,77.8,78.5,72.35,73.0,1704750,13758900,14.222254,26042.45,26000.0,26050,ATM-1,CALL,26100,2025-12-02
2025-12-02 12:06:00+05:30,73.4,77.55,73.0,75.5,943350,13758900,14.162971,26046.6,26000.0,26050,ATM-1,CALL,26100,2025-12-02
2025-12-02 12:07:00+05:30,75.4,83.1,75.4,82.45,1645875,13967625,14.410732,26055.85,26000.0,26050,ATM-1,CALL,26100,2025-12-02
2025-12-02 12:08:00+05:30,82.5,85.85,77.4,79.7,1929525,13967625,14.487341,26051.55,26000.0,26050,ATM-1,CALL,26100,2025-12-02
2025-12-02 12:09:00+05:30,79.25,81.9,79.25,81.75,699675,13967625,14.435895,26054.85,26000.0,26050,ATM-1,CALL,26100,2025-12-02
2025-12-02 12:10:00+05:30,81.35,82.9,79.55,80.55,801825,13750350,14.541079,26052.7,26000.0,26050,ATM-1,CALL,26100,2025-12-02
2025-12-02 12:11:00+05:30,80.3,83.6,80.3,82.15,717300,13750350,14.319588,26056.05,26000.0,26050,ATM-1,CALL,26100,2025-12-02
2025-12-02 12:12:00+05:30,82.3,85.0,81.9,85.0,833400,13750350,14.708079,26058.6,26000.0,26050,ATM-1,CALL,26100,2025-12-02
2025-12-02 12:13:00+05:30,84.8,85.0,82.0,82.55,713175,13456200,14.379763,26056.5,26000.0,26050,ATM-1,CALL,26100,2025-12-02
2025-12-02 12:14:00+05:30,82.3,82.55,75.0,79.7,1758600,13456200,14.576599,26051.55,26000.0,26050,ATM-1,CALL,26100,2025-12-02
2025-12-02 12:15:00+05:30,79.35,80.25,78.5,79.8,544050,13456200,14.361129,26052.7,26000.0,26050,ATM-1,CALL,26100,2025-12-02
2025-12-02 12:16:00+05:30,81.25,83.0,76.3,77.95,1097175,13564650,14.526577,26049.3,26000.0,26050,ATM-1,CALL,26100,2025-12-02
2025-12-02 12:17:00+05:30,77.9,86.65,77.9,85.9,1666050,13564650,14.56194,26060.8,26000.0,26050,ATM-1,CALL,26100,2025-12-02
2025-12-02 12:18:00+05:30,85.0,86.05,81.4,83.4,1102425,13564650,14.27791,26058.45,26000.0,26050,ATM-1,CALL,26100,2025-12-02
2025-12-02 12:19:00+05:30,82.95,84.9,81.55,83.45,660225,13496925,14.792685,26056.45,26000.0,26050,ATM-1,CALL,26100,2025-12-02
2025-12-02 12:20:00+05:30,83.25,85.9,81.45,83.55,915975,13496925,14.446032,26058.1,26000.0,26050,ATM-1,CALL,26100,2025-12-02
2025-12-02 12:21:00+05:30,83.6,84.75,81.55,83.7,581400,13496925,14.55012,26057.95,26000.0,26050,ATM-1,CALL,26100,2025-12-02
2025-12-02 12:22:00+05:30,83.35,86.15,83.35,84.65,906450,13496925,14.432501,26059.85,26000.0,26050,ATM-1,CALL,26100,2025-12-02
2025-12-02 12:23:00+05:30,84.6,84.75,83.05,83.8,573300,13317225,14.591367,26058.05,26000.0,26050,ATM-1,CALL,26100,2025-12-02
2025-12-02 12:24:00+05:30,83.95,90.65,83.35,88.65,1548225,13317225,14.587202,26065.0,26000.0,26050,ATM-1,CALL,26100,2025-12-02
2025-12-02 12:25:00+05:30,88.2,88.65,84.4,85.85,961275,13317225,14.172235,26062.75,26000.0,26050,ATM-1,CALL,26100,2025-12-02
2025-12-02 12:26:00+05:30,86.45,88.2,83.0,86.15,1055250,13042125,14.295685,26062.75,26000.0,26050,ATM-1,CALL,26100,2025-12-02
2025-12-02 12:27:00+05:30,86.35,87.5,83.5,86.85,727425,13042125,14.865959,26061.55,26000.0,26050,ATM-1,CALL,26100,2025-12-02
2025-12-02 12:28:00+05:30,86.85,87.55,83.7,83.7,717375,13042125,14.236205,26059.65,26000.0,26050,ATM-1,CALL,26100,2025-12-02
2025-12-02 12:29:00+05:30,85.15,89.7,83.7,88.6,1175175,13064100,14.264179,26066.45,26000.0,26050,ATM-1,CALL,26100,2025-12-02
2025-12-02 12:30:00+05:30,88.55,89.2,86.9,89.2,772650,13064100,14.566863,26066.2,26000.0,26050,ATM-1,CALL,26100,2025-12-02
2025-12-02 12:31:00+05:30,88.6,89.2,84.8,85.6,1014900,13064100,13.975321,26063.5,26000.0,26050,ATM-1,CALL,26100,2025-12-02
2025-12-02 12:32:00+05:30,85.5,89.85,85.3,88.05,1041375,12708300,14.321013,26065.65,26000.0,26050,ATM-1,CALL,26100,2025-12-02
2025-12-02 12:33:00+05:30,88.1,94.95,88.05,93.7,1716000,12708300,14.619822,26072.35,26000.0,26050,ATM-1,CALL,26100,2025-12-02
2025-12-02 12:34:00+05:30,94.2,96.8,92.55,95.9,1796700,12708300,15.078543,26073.75,26000.0,26050,ATM-1,CALL,26100,2025-12-02
2025-12-02 12:35:00+05:30,56.15,64.5,55.25,63.15,7133850,18949650,13.259141,26083.6,26050.0,26050,ATM-1,CALL,26100,2025-12-02
2025-12-02 12:36:00+05:30,63.75,63.75,57.4,58.85,3625200,18949650,12.677556,26079.65,26050.0,26050,ATM-1,CALL,26100,2025-12-02
2025-12-02 12:37:00+05:30,57.5,58.95,56.55,57.1,1940550,18949650,12.485331,26077.85,26050.0,26050,ATM-1,CALL,26100,2025-12-02
2025-12-02 12:38:00+05:30,97.85,98.65,90.9,92.8,1528875,11390625,14.383442,26072.25,26000.0,26050,ATM-1,CALL,26100,2025-12-02
2025-12-02 12:39:00+05:30,93.15,95.25,90.5,94.05,997950,11390625,14.86287,26072.3,26000.0,26050,ATM-1,CALL,26100,2025-12-02
2025-12-02 12:40:00+05:30,93.95,95.0,91.5,93.35,857175,11390625,14.296763,26073.4,26000.0,26050,ATM-1,CALL,26100,2025-12-02
2025-12-02 12:41:00+05:30,92.85,93.55,85.6,86.85,1509225,11540625,13.805916,26066.4,26000.0,26050,ATM-1,CALL,26100,2025-12-02
2025-12-02 12:42:00+05:30,86.9,87.5,80.85,85.25,2056575,11540625,14.319218,26062.35,26000.0,26050,ATM-1,CALL,26100,2025-12-02
2025-12-02 12:43:00+05:30,84.65,85.7,81.35,82.6,870000,11540625,13.552983,26061.6,26000.0,26050,ATM-1,CALL,26100,2025-12-02
2025-12-02 12:44:00+05:30,82.35,84.1,79.4,80.2,1249950,11586450,12.93918,26060.6,26000.0,26050,ATM-1,CALL,26100,2025-12-02
2025-12-02 12:45:00+05:30,80.95,82.7,79.4,81.05,910875,11586450,13.489286,26059.8,26000.0,26050,ATM-1,CALL,26100,2025-12-02
2025-12-02 12:46:00+05:30,81.05,81.45,76.9,77.0,1133400,11586450,13.234888,26055.15,26000.0,26050,ATM-1,CALL,26100,2025-12-02
2025-12-02 12:47:00+05:30,78.05,80.4,75.65,80.4,1445550,11877750,14.239761,26056.1,26000.0,26050,ATM-1,CALL,26100,2025-12-02
2025-12-02 12:48:00+05:30,80.95,80.95,77.1,77.15,812925,11877750,13.422113,26054.75,26000.0,26050,ATM-1,CALL,26100,2025-12-02
2025-12-02 12:49:00+05:30,77.05,77.5,72.6,75.0,1440000,11877750,13.992606,26049.4,26000.0,26050,ATM-1,CALL,26100,2025-12-02
2025-12-02 12:50:00+05:30,74.4,76.25,73.7,75.9,1114425,12381225,14.121263,26050.25,26000.0,26050,ATM-1,CALL,26100,2025-12-02
2025-12-02 12:51:00+05:30,76.15,76.6,74.5,76.0,731100,12381225,14.136161,26050.4,26000.0,26050,ATM-1,CALL,26100,2025-12-02
2025-12-02 12:52:00+05:30,76.25,76.25,72.1,73.4,1096425,12381225,13.386395,26049.75,26000.0,26050,ATM-1,CALL,26100,2025-12-02
2025-12-02 12:53:00+05:30,73.05,74.2,71.05,72.7,1122975,12917325,13.261997,26049.3,26000.0,26050,ATM-1,CALL,26100,2025-12-02
2025-12-02 12:54:00+05:30,73.4,73.4,65.35,65.35,1757850,12917325,11.978473,26043.9,26000.0,26050,ATM-1,CALL,26100,2025-12-02
2025-12-02 12:55:00+05:30,65.35,68.25,65.35,66.3,2358450,12917325,12.196482,26044.45,26000.0,26050,ATM-1,CALL,26100,2025-12-02
2025-12-02 12:56:00+05:30,67.25,67.65,61.15,63.1,2599950,13488525,11.970071,26040.75,26000.0,26050,ATM-1,CALL,26100,2025-12-02
2025-12-02 12:57:00+05:30,63.2,64.0,58.85,61.0,2687625,13488525,11.719298,26038.75,26000.0,26050,ATM-1,CALL,26100,2025-12-02
2025-12-02 12:58:00+05:30,61.35,65.15,61.0,64.1,1898850,13488525,12.302388,26040.95,26000.0,26050,ATM-1,CALL,26100,2025-12-02
2025-12-02 12:59:00+05:30,64.95,65.15,63.55,63.9,1217925,14636475,12.186251,26041.2,26000.0,26050,ATM-1,CALL,26100,2025-12-02
2025-12-02 13:00:00+05:30,63.9,65.8,62.8,65.8,1267350,14636475,12.927218,26040.95,26000.0,26050,ATM-1,CALL,26100,2025-12-02
2025-12-02 13:01:00+05:30,65.0,65.8,58.8,59.35,2103750,14636475,11.487396,26037.5,26000.0,26050,ATM-1,CALL,26100,2025-12-02
2025-12-02 13:02:00+05:30,59.5,63.95,59.35,63.15,1484100,15382800,12.448202,26039.15,26000.0,26050,ATM-1,CALL,26100,2025-12-02
2025-12-02 13:03:00+05:30,62.7,63.3,61.3,62.95,982125,15382800,12.497037,26038.7,26000.0,26050,ATM-1,CALL,26100,2025-12-02
2025-12-02 13:04:00+05:30,63.0,67.6,62.95,66.2,2165775,15382800,12.568429,26043.3,26000.0,26050,ATM-1,CALL,26100,2025-12-02
2025-12-02 13:05:00+05:30,66.5,67.7,57.05,57.7,3512175,15664200,11.569058,26034.9,26000.0,26050,ATM-1,CALL,26100,2025-12-02
2025-12-02 13:06:00+05:30,58.1,60.6,57.5,59.9,2106075,15664200,12.291101,26035.15,26000.0,26050,ATM-1,CALL,26100,2025-12-02
2025-12-02 13:07:00+05:30,61.1,66.15,60.3,65.55,2403525,15664200,13.279384,26039.5,26000.0,26050,ATM-1,CALL,26100,2025-12-02
2025-12-02 13:08:00+05:30,64.4,68.2,64.4,68.05,2216175,16605900,13.250226,26043.45,26000.0,26050,ATM-1,CALL,26100,2025-12-02
2025-12-02 13:09:00+05:30,67.45,75.5,66.25,72.3,3625425,16605900,12.793919,26051.5,26000.0,26050,ATM-1,CALL,26100,2025-12-02
2025-12-02 13:10:00+05:30,72.15,72.7,63.6,64.7,3264900,16605900,13.177293,26038.85,26000.0,26050,ATM-1,CALL,26100,2025-12-02
2025-12-02 13:11:00+05:30,66.15,66.45,63.8,64.6,1170600,16063950,13.237813,26038.5,26000.0,26050,ATM-1,CALL,26100,2025-12-02
2025-12-02 13:12:00+05:30,64.85,64.85,60.25,62.85,2226075,16063950,12.778097,26037.9,26000.0,26050,ATM-1,CALL,26100,2025-12-02
2025-12-02 13:13:00+05:30,62.9,64.8,62.45,63.75,1030500,16063950,12.725311,26039.55,26000.0,26050,ATM-1,CALL,26100,2025-12-02
2025-12-02 13:14:00+05:30,64.0,64.0,57.05,59.4,2396325,16523025,12.080553,26035.8,26000.0,26050,ATM-1,CALL,26100,2025-12-02
2025-12-02 13:15:00+05:30,58.7,61.25,58.7,61.25,1386375,16523025,12.595073,26036.45,26000.0,26050,ATM-1,CALL,26100,2025-12-02
2025-12-02 13:16:00+05:30,61.3,61.5,57.65,57.9,1470300,16523025,12.201053,26033.1,26000.0,26050,ATM-1,CALL,26100,2025-12-02
2025-12-02 13:17:00+05:30,58.0,59.75,57.25,59.55,1517250,17279400,12.788956,26033.1,26000.0,26050,ATM-1,CALL,26100,2025-12-02
2025-12-02 13:18:00+05:30,59.4,62.4,59.4,61.2,1598400,17279400,12.941262,26035.05,26000.0,26050,ATM-1,CALL,26100,2025-12-02
2025-12-02 13:19:00+05:30,61.3,61.9,60.2,61.0,928650,17279400,12.897877,26035.0,26000.0,26050,ATM-1,CALL,26100,2025-12-02
2025-12-02 13:20:00+05:30,60.85,61.45,56.4,58.0,1999875,17787750,12.099995,26033.95,26000.0,26050,ATM-1,CALL,26100,2025-12-02
2025-12-02 13:21:00+05:30,57.9,62.5,54.0,62.5,2652375,17787750,13.618846,26034.25,26000.0,26050,ATM-1,CALL,26100,2025-12-02
2025-12-02 13:22:00+05:30,61.9,64.7,61.5,63.55,3359250,17787750,12.94299,26038.9,26000.0,26050,ATM-1,CALL,26100,2025-12-02
2025-12-02 13:23:00+05:30,62.65,69.0,62.65,68.8,3690900,17683350,13.302873,26045.3,26000.0,26050,ATM-1,CALL,26100,2025-12-02
2025-12-02 13:24:00+05:30,69.5,69.5,67.05,67.25,2556000,17683350,12.635634,26045.75,26000.0,26050,ATM-1,CALL,26100,2025-12-02
2025-12-02 13:25:00+05:30,67.1,67.75,63.85,66.1,2150250,17683350,13.223875,26041.75,26000.0,26050,ATM-1,CALL,26100,2025-12-02
2025-12-02 13:26:00+05:30,65.95,69.1,64.05,65.0,1726800,17686500,12.853939,26041.7,26000.0,26050,ATM-1,CALL,26100,2025-12-02
2025-12-02 13:27:00+05:30,65.05,66.45,63.3,63.65,1352400,17686500,12.913394,26039.5,26000.0,26050,ATM-1,CALL,26100,2025-12-02
2025-12-02 13:28:00+05:30,63.65,64.9,59.3,59.55,2406525,17686500,11.711068,26038.4,26000.0,26050,ATM-1,CALL,26100,2025-12-02
2025-12-02 13:29:00+05:30,60.3,61.1,57.05,57.6,2238750,17713800,11.758872,26035.35,26000.0,26050,ATM-1,CALL,26100,2025-12-02
2025-12-02 13:30:00+05:30,58.0,59.4,56.5,58.55,2129850,17713800,12.301803,26034.55,26000.0,26050,ATM-1,CALL,26100,2025-12-02
2025-12-02 13:31:00+05:30,58.35,60.5,57.4,59.1,1424625,17713800,12.524072,26034.5,26000.0,26050,ATM-1,CALL,26100,2025-12-02
2025-12-02 13:32:00+05:30,59.3,59.5,57.3,58.8,870000,18183900,11.947214,26036.55,26000.0,26050,ATM-1,CALL,26100,2025-12-02
2025-12-02 13:33:00+05:30,59.25,62.9,58.5,62.6,2263575,18183900,12.565305,26039.75,26000.0,26050,ATM-1,CALL,26100,2025-12-02
2025-12-02 13:34:00+05:30,62.4,64.5,61.8,63.55,1601175,18183900,12.731361,26040.55,26000.0,26050,ATM-1,CALL,26100,2025-12-02
2025-12-02 13:35:00+05:30,63.5,64.0,59.85,59.85,1615050,17492175,11.872232,26038.6,26000.0,26050,ATM-1,CALL,26100,2025-12-02
2025-12-02 13:36:00+05:30,59.3,59.85,52.7,52.8,3915450,17492175,11.474474,26029.65,26000.0,26050,ATM-1,CALL,26100,2025-12-02
2025-12-02 13:37:00+05:30,53.0,55.85,52.8,54.15,1836525,17492175,11.635739,26031.1,26000.0,26050,ATM-1,CALL,26100,2025-12-02
2025-12-02 13:38:00+05:30,54.6,67.3,53.85,66.7,3287025,17503800,13.120358,26043.9,26000.0,26050,ATM-1,CALL,26100,2025-12-02
2025-12-02 13:39:00+05:30,65.95,66.7,57.6,60.85,3279375,17503800,13.087475,26035.3,26000.0,26050,ATM-1,CALL,26100,2025-12-02
2025-12-02 13:40:00+05:30,60.1,62.05,56.9,59.5,1617900,17503800,12.296213,26036.65,26000.0,26050,ATM-1,CALL,26100,2025-12-02
2025-12-02 13:41:00+05:30,59.6,60.75,57.0,58.1,1137225,17434950,12.103093,26035.4,26000.0,26050,ATM-1,CALL,26100,2025-12-02
2025-12-02 13:42:00+05:30,58.75,60.15,55.3,55.3,1343700,17434950,11.471782,26033.85,26000.0,26050,ATM-1,CALL,26100,2025-12-02
2025-12-02 13:43:00+05:30,55.7,57.1,52.8,57.1,2284950,17434950,12.467772,26032.45,26000.0,26050,ATM-1,CALL,26100,2025-12-02
2025-12-02 13:44:00+05:30,57.1,60.0,56.8,58.7,1682475,17745600,12.064202,26036.65,26000.0,26050,ATM-1,CALL,26100,2025-12-02
2025-12-02 13:45:00+05:30,58.0,59.7,56.1,56.1,1370700,17745600,11.379643,26035.6,26000.0,26050,ATM-1,CALL,26100,2025-12-02
2025-12-02 13:46:00+05:30,56.3,59.05,52.45,59.0,3397800,17745600,12.89587,26033.75,26000.0,26050,ATM-1,CALL,26100,2025-12-02
2025-12-02 13:47:00+05:30,59.35,62.95,58.2,62.9,2881800,17925900,12.907732,26039.7,26000.0,26050,ATM-1,CALL,26100,2025-12-02
2025-12-02 13:48:00+05:30,62.7,67.95,62.7,67.0,3949575,17925900,13.21778,26044.6,26000.0,26050,ATM-1,CALL,26100,2025-12-02
2025-12-02 13:49:00+05:30,67.25,67.45,63.7,66.6,2006400,17925900,13.863229,26041.5,26000.0,26050,ATM-1,CALL,26100,2025-12-02
2025-12-02 13:50:00+05:30,66.1,67.55,64.55,65.0,1428600,17222925,13.325653,26041.35,26000.0,26050,ATM-1,CALL,26100,2025-12-02
2025-12-02 13:51:00+05:30,65.2,72.2,65.0,69.05,3838350,17222925,13.275364,26047.55,26000.0,26050,ATM-1,CALL,26100,2025-12-02
2025-12-02 13:52:00+05:30,68.8,70.65,66.6,68.7,1782075,17222925,12.805211,26048.85,26000.0,26050,ATM-1,CALL,26100,2025-12-02
2025-12-02 13:53:00+05:30,68.55,69.75,63.1,64.3,2185275,16872300,12.363453,26044.25,26000.0,26050,ATM-1,CALL,26100,2025-12-02
2025-12-02 13:54:00+05:30,65.05,68.9,63.35,63.65,1529025,16872300,12.566065,26042.6,26000.0,26050,ATM-1,CALL,26100,2025-12-02
2025-12-02 13:55:00+05:30,63.8,63.9,58.9,61.9,2766000,16872300,12.778125,26039.25,26000.0,26050,ATM-1,CALL,26100,2025-12-02
2025-12-02 13:56:00+05:30,61.35,73.1,60.4,69.7,4084200,16717275,12.533616,26051.45,26000.0,26050,ATM-1,CALL,26100,2025-12-02
2025-12-02 13:57:00+05:30,68.7,73.6,67.35,72.55,2902650,16717275,12.707261,26054.85,26000.0,26050,ATM-1,CALL,26100,2025-12-02
2025-12-02 13:58:00+05:30,71.55,75.25,69.9,74.65,3165375,16717275,12.619058,26058.05,26000.0,26050,ATM-1,CALL,26100,2025-12-02
2025-12-02 13:59:00+05:30,74.95,75.45,71.3,72.7,2092950,15836250,11.334696,26059.45,26000.0,26050,ATM-1,CALL,26100,2025-12-02
2025-12-02 14:00:00+05:30,71.2,72.7,65.2,68.1,3435225,15836250,12.388501,26049.95,26000.0,26050,ATM-1,CALL,26100,2025-12-02
2025-12-02 14:01:00+05:30,68.35,68.35,57.6,60.3,4095450,15836250,11.598654,26041.8,26000.0,26050,ATM-1,CALL,26100,2025-12-02
2025-12-02 14:02:00+05:30,60.25,66.2,59.15,66.2,2834175,15913650,12.774148,26046.0,26000.0,26050,ATM-1,CALL,26100,2025-12-02
2025-12-02 14:03:00+05:30,70.15,71.9,66.2,70.7,3730875,15913650,12.936419,26051.85,26000.0,26050,ATM-1,CALL,26100,2025-12-02
2025-12-02 14:04:00+05:30,71.25,73.3,69.15,71.9,2164575,15913650,12.555473,26054.85,26000.0,26050,ATM-1,CALL,26100,2025-12-02
2025-12-02 14:05:00+05:30,71.6,72.35,65.3,67.65,2382975,15858450,10.521654,26055.5,26000.0,26050,ATM-1,CALL,26100,2025-12-02
2025-12-02 14:06:00+05:30,67.6,68.65,60.8,63.9,3010875,15858450,13.350007,26040.7,26000.0,26050,ATM-1,CALL,26100,2025-12-02
2025-12-02 14:07:00+05:30,63.9,65.7,61.5,65.7,1923900,15858450,14.008884,26040.85,26000.0,26050,ATM-1,CALL,26100,2025-12-02
2025-12-02 14:08:00+05:30,64.75,78.0,64.75,75.35,5312850,15447225,12.494584,26059.9,26000.0,26050,ATM-1,CALL,26100,2025-12-02
2025-12-02 14:09:00+05:30,75.3,76.7,72.3,73.35,2616300,15447225,11.950129,26058.95,26000.0,26050,ATM-1,CALL,26100,2025-12-02
2025-12-02 14:10:00+05:30,72.9,77.0,68.25,69.9,2620275,15447225,11.125748,26056.9,26000.0,26050,ATM-1,CALL,26100,2025-12-02
2025-12-02 14:11:00+05:30,70.3,72.3,69.45,70.9,1486875,14998500,12.622008,26053.65,26000.0,26050,ATM-1,CALL,26100,2025-12-02
2025-12-02 14:12:00+05:30,70.85,71.1,67.3,68.95,1539975,14998500,12.129372,26052.65,26000.0,26050,ATM-1,CALL,26100,2025-12-02
2025-12-02 14:13:00+05:30,69.45,71.1,67.7,68.8,1033050,14998500,11.942405,26053.1,26000.0,26050,ATM-1,CALL,26100,2025-12-02
2025-12-02 14:14:00+05:30,68.45,68.8,61.4,61.4,3254025,15077625,11.318446,26045.05,26000.0,26050,ATM-1,CALL,26100,2025-12-02
2025-12-02 14:15:00+05:30,62.0,64.55,59.9,63.1,2692050,15077625,11.706891,26046.15,26000.0,26050,ATM-1,CALL,26100,2025-12-02
2025-12-02 14:16:00+05:30,62.8,65.35,60.5,62.8,2408100,15077625,12.188445,26044.1,26000.0,26050,ATM-1,CALL,26100,2025-12-02
2025-12-02 14:17:00+05:30,62.75,63.8,58.8,59.55,2222475,15896250,11.990498,26040.2,26000.0,26050,ATM-1,CALL,26100,2025-12-02
2025-12-02 14:18:00+05:30,62.35,63.65,59.55,63.0,1845825,15896250,12.509301,26043.35,26000.0,26050,ATM-1,CALL,26100,2025-12-02
2025-12-02 14:19:00+05:30,62.55,63.9,59.75,63.9,1587075,15896250,12.976465,26043.0,26000.0,26050,ATM-1,CALL,26100,2025-12-02
2025-12-02 14:20:00+05:30,64.2,65.65,57.55,58.0,2526975,15811800,11.604338,26039.55,26000.0,26050,ATM-1,CALL,26100,2025-12-02
2025-12-02 14:21:00+05:30,59.4,59.75,52.5,52.5,3927000,15811800,10.188235,26036.8,26000.0,26050,ATM-1,CALL,26100,2025-12-02
2025-12-02 14:22:00+05:30,53.4,53.5,48.55,50.2,4722075,15811800,10.104566,26033.85,26000.0,26050,ATM-1,CALL,26100,2025-12-02
2025-12-02 14:23:00+05:30,51.15,51.35,48.4,48.4,2745150,17077425,9.622544,26033.05,26000.0,26050,ATM-1,CALL,26100,2025-12-02
2025-12-02 14:24:00+05:30,46.05,52.65,46.05,52.3,6915075,17077425,11.476484,26031.85,26000.0,26050,ATM-1,CALL,26100,2025-12-02
2025-12-02 14:25:00+05:30,53.5,56.75,50.95,55.45,4069800,17077425,9.386432,26043.65,26000.0,26050,ATM-1,CALL,26100,2025-12-02
2025-12-02 14:26:00+05:30,55.2,55.45,50.0,50.0,4086675,18641550,7.392163,26042.15,26000.0,26050,ATM-1,CALL,26100,2025-12-02
2025-12-02 14:27:00+05:30,49.9,51.05,43.8,46.95,5712600,18641550,7.874422,26036.95,26000.0,26050,ATM-1,CALL,26100,2025-12-02
2025-12-02 14:28:00+05:30,47.45,49.8,46.45,47.75,2107275,18641550,7.79973,26038.25,26000.0,26050,ATM-1,CALL,26100,2025-12-02
2025-12-02 14:29:00+05:30,47.35,53.35,47.35,53.0,2277900,17759400,9.103103,26041.4,26000.0,26050,ATM-1,CALL,26100,2025-12-02
2025-12-02 14:30:00+05:30,51.4,53.0,45.25,46.1,2902875,17759400,7.304962,26037.55,26000.0,26050,ATM-1,CALL,26100,2025-12-02
2025-12-02 14:31:00+05:30,45.35,47.2,42.35,45.95,3369600,17759400,7.811509,26035.95,26000.0,26050,ATM-1,CALL,26100,2025-12-02
2025-12-02 14:32:00+05:30,46.2,46.6,44.35,45.35,1719900,18505725,7.939453,26034.8,26000.0,26050,ATM-1,CALL,26100,2025-12-02
2025-12-02 14:33:00+05:30,45.3,48.2,42.85,46.85,3537000,18505725,8.617017,26034.75,26000.0,26050,ATM-1,CALL,26100,2025-12-02
2025-12-02 14:34:00+05:30,46.6,52.2,46.45,52.2,2682000,18505725,9.839974,26038.2,26000.0,26050,ATM-1,CALL,26100,2025-12-02
2025-12-02 14:35:00+05:30,53.05,53.05,44.3,45.9,3848100,18400350,7.247066,26037.6,26000.0,26050,ATM-1,CALL,26100,2025-12-02
2025-12-02 14:36:00+05:30,93.2,93.2,66.9,68.85,2507325,3154200,5.887346,26016.1,25950.0,26050,ATM-1,CALL,26100,2025-12-02
2025-12-02 14:37:00+05:30,70.8,70.8,59.45,62.7,3200550,3154200,9.482267,26003.25,25950.0,26050,ATM-1,CALL,26100,2025-12-02
2025-12-02 14:38:00+05:30,61.65,67.5,61.6,67.2,2237100,4220550,9.436059,26008.95,25950.0,26050,ATM-1,CALL,26100,2025-12-02
2025-12-02 14:39:00+05:30,66.55,71.1,63.6,64.85,1711725,4220550,0.0,26013.7,25950.0,26050,ATM-1,CALL,26100,2025-12-02
2025-12-02 14:40:00+05:30,65.8,68.5,58.9,62.3,1629525,4220550,5.069665,26009.85,25950.0,26050,ATM-1,CALL,26100,2025-12-02
2025-12-02 14:41:00+05:30,62.2,64.9,60.9,62.6,1408875,4811850,5.254653,26010.05,25950.0,26050,ATM-1,CALL,26100,2025-12-02
2025-12-02 14:42:00+05:30,61.15,65.15,61.15,65.05,1066350,4811850,6.822836,26011.15,25950.0,26050,ATM-1,CALL,26100,2025-12-02
2025-12-02 14:43:00+05:30,64.95,65.35,58.9,60.95,1432200,4811850,6.266905,26007.35,25950.0,26050,ATM-1,CALL,26100,2025-12-02
2025-12-02 14:44:00+05:30,61.6,65.4,59.2,62.55,1299975,5067000,5.293367,26010.0,25950.0,26050,ATM-1,CALL,26100,2025-12-02
2025-12-02 14:45:00+05:30,61.5,64.85,57.4,60.4,1620300,5067000,0.0,26009.4,25950.0,26050,ATM-1,CALL,26100,2025-12-02
2025-12-02 14:46:00+05:30,60.1,63.65,60.1,62.5,857850,5067000,0.0,26011.5,25950.0,26050,ATM-1,CALL,26100,2025-12-02
2025-12-02 14:47:00+05:30,63.45,64.0,61.5,63.25,690150,5196825,0.0,26011.75,25950.0,26050,ATM-1,CALL,26100,2025-12-02
2025-12-02 14:48:00+05:30,62.75,71.85,61.95,69.1,1783575,5196825,5.472424,26016.75,25950.0,26050,ATM-1,CALL,26100,2025-12-02
2025-12-02 14:49:00+05:30,68.6,71.35,59.15,71.35,2146125,5196825,6.876509,26018.05,25950.0,26050,ATM-1,CALL,26100,2025-12-02
2025-12-02 14:50:00+05:30,73.3,80.55,68.85,68.85,3189450,4338825,5.39732,26016.55,25950.0,26050,ATM-1,CALL,26100,2025-12-02
2025-12-02 14:51:00+05:30,70.6,76.15,66.1,74.55,2329500,4338825,9.047372,26018.75,25950.0,26050,ATM-1,CALL,26100,2025-12-02
2025-12-02 14:52:00+05:30,75.1,78.6,69.3,70.75,1696425,4338825,0.0,26020.3,25950.0,26050,ATM-1,CALL,26100,2025-12-02
2025-12-02 14:53:00+05:30,69.3,72.45,66.55,67.5,1229925,4379475,0.0,26019.35,25950.0,26050,ATM-1,CALL,26100,2025-12-02
2025-12-02 14:54:00+05:30,68.95,69.05,58.8,63.2,2414400,4379475,5.270191,26010.8,25950.0,26050,ATM-1,CALL,26100,2025-12-02
2025-12-02 14:55:00+05:30,61.85,63.65,55.65,62.35,2527875,4379475,5.876514,26009.45,25950.0,26050,ATM-1,CALL,26100,2025-12-02
2025-12-02 14:56:00+05:30,61.15,62.35,57.75,60.75,1184775,5042850,5.975788,26007.65,25950.0,26050,ATM-1,CALL,26100,2025-12-02
2025-12-02 14:57:00+05:30,60.1,60.75,58.15,59.15,1075875,5042850,9.213765,26000.2,25950.0,26050,ATM-1,CALL,26100,2025-12-02
2025-12-02 14:58:00+05:30,58.8,59.85,48.0,51.25,3395775,5042850,0.0,26010.45,25950.0,26050,ATM-1,CALL,26100,2025-12-02
2025-12-02 14:59:00+05:30,53.2,58.6,51.25,56.15,2627175,5549850,0.0,26018.75,25950.0,26050,ATM-1,CALL,26100,2025-12-02
2025-12-02 15:00:00+05:30,61.1,72.85,56.15,59.7,4179675,5549850,0.0,26011.85,25950.0,26050,ATM-1,CALL,26100,2025-12-02
2025-12-02 15:01:00+05:30,59.4,72.6,58.7,71.1,3338175,5549850,0.0,26021.95,25950.0,26050,ATM-1,CALL,26100,2025-12-02
2025-12-02 15:02:00+05:30,69.85,72.25,61.1,71.1,2569950,4914300,0.0,26022.35,25950.0,26050,ATM-1,CALL,26100,2025-12-02
2025-12-02 15:03:00+05:30,72.0,72.0,68.25,69.3,2929125,4914300,0.0,26020.3,25950.0,26050,ATM-1,CALL,26100,2025-12-02
2025-12-02 15:04:00+05:30,70.1,72.85,69.3,70.6,2668650,4914300,0.0,26023.6,25950.0,26050,ATM-1,CALL,26100,2025-12-02
2025-12-02 15:05:00+05:30,72.7,72.7,68.35,69.75,1011225,4335975,0.0,26022.85,25950.0,26050,ATM-1,CALL,26100,2025-12-02
2025-12-02 15:06:00+05:30,70.9,70.9,66.95,69.6,929775,4335975,0.0,26020.65,25950.0,26050,ATM-1,CALL,26100,2025-12-02
2025-12-02 15:07:00+05:30,69.65,71.3,67.3,70.2,887325,4335975,0.0,26024.6,25950.0,26050,ATM-1,CALL,26100,2025-12-02
2025-12-02 15:08:00+05:30,20.4,23.75,20.15,23.75,10156350,28635825,0.0,26026.8,26000.0,26050,ATM-1,CALL,26100,2025-12-02
2025-12-02 15:09:00+05:30,24.15,26.8,22.6,23.45,16701225,28635825,0.0,26026.45,26000.0,26050,ATM-1,CALL,26100,2025-12-02
2025-12-02 15:10:00+05:30,23.15,26.7,22.85,26.4,8709525,28635825,0.0,26030.5,26000.0,26050,ATM-1,CALL,26100,2025-12-02
2025-12-02 15:11:00+05:30,27.3,29.55,26.4,27.8,13291275,23843550,0.0,26033.2,26000.0,26050,ATM-1,CALL,26100,2025-12-02
2025-12-02 15:12:00+05:30,28.15,28.45,26.9,28.35,7409250,23843550,0.0,26033.4,26000.0,26050,ATM-1,CALL,26100,2025-12-02
2025-12-02 15:13:00+05:30,28.75,32.8,27.9,31.15,11865150,23843550,0.0,26037.75,26000.0,26050,ATM-1,CALL,26100,2025-12-02
2025-12-02 15:14:00+05:30,31.25,32.3,28.65,29.5,7778625,20996250,0.0,26036.75,26000.0,26050,ATM-1,CALL,26100,2025-12-02
2025-12-02 15:15:00+05:30,29.65,30.0,26.5,26.5,8676150,20996250,0.0,26033.8,26000.0,26050,ATM-1,CALL,26100,2025-12-02
2025-12-02 15:16:00+05:30,26.95,29.85,25.9,28.75,7628850,20996250,0.0,26037.4,26000.0,26050,ATM-1,CALL,26100,2025-12-02
2025-12-02 15:17:00+05:30,29.0,29.0,28.25,28.4,3644850,19197300,0.0,26038.65,26000.0,26050,ATM-1,CALL,26100,2025-12-02
2025-12-02 15:18:00+05:30,27.95,28.4,25.6,27.55,7561725,19197300,0.0,26032.75,26000.0,26050,ATM-1,CALL,26100,2025-12-02
2025-12-02 15:19:00+05:30,27.55,29.6,27.45,29.3,4298850,19197300,0.0,26038.6,26000.0,26050,ATM-1,CALL,26100,2025-12-02
2025-12-02 15:20:00+05:30,29.7,31.65,29.3,30.85,6506550,16763925,0.0,26044.85,26000.0,26050,ATM-1,CALL,26100,2025-12-02
2025-12-02 15:21:00+05:30,31.0,31.0,29.6,29.75,4070175,16763925,0.0,26040.15,26000.0,26050,ATM-1,CALL,26100,2025-12-02
2025-12-02 15:22:00+05:30,29.9,30.95,29.7,30.8,3131400,16763925,0.0,26040.75,26000.0,26050,ATM-1,CALL,26100,2025-12-02
2025-12-02 15:23:00+05:30,31.65,32.45,30.8,31.7,4686675,13904100,0.0,26048.35,26000.0,26050,ATM-1,CALL,26100,2025-12-02
2025-12-02 15:24:00+05:30,31.85,32.2,31.3,32.2,3103500,13904100,0.0,26050.9,26000.0,26050,ATM-1,CALL,26100,2025-12-02
2025-12-02 15:25:00+05:30,32.5,33.0,32.2,32.4,3658200,13904100,0.0,26055.0,26000.0,26050,ATM-1,CALL,26100,2025-12-02
2025-12-02 15:26:00+05:30,32.6,32.75,32.1,32.35,2741025,12038325,0.0,26051.85,26000.0,26050,ATM-1,CALL,26100,2025-12-02
2025-12-02 15:27:00+05:30,32.45,32.75,32.35,32.7,2732100,12038325,0.0,26055.35,26000.0,26050,ATM-1,CALL,26100,2025-12-02
2025-12-02 15:28:00+05:30,32.75,32.85,32.35,32.7,2564850,12038325,0.0,26056.15,26000.0,26050,ATM-1,CALL,26100,2025-12-02
2025-12-02 15:29:00+05:30,32.8,32.8,32.2,32.25,3009525,8363925,0.0,26057.0,26000.0,26050,ATM-1,CALL,26100,2025-12-02
2025-12-02 09:15:00+05:30,1.5,1.5,1.2,1.3,3218100,9595950,23.519987,26110.2,26600.0,26600,ATM+10,CALL,26100,2025-12-02
2025-12-02 09:16:00+05:30,1.2,1.3,1.1,1.2,2877975,9811125,22.917698,26118.7,26600.0,26600,ATM+10,CALL,26100,2025-12-02
2025-12-02 09:17:00+05:30,1.1,1.15,1.0,1.0,732600,4462800,24.011618,26127.05,26650.0,26600,ATM+10,CALL,26100,2025-12-02
2025-12-02 09:18:00+05:30,1.05,1.1,0.95,1.05,1102425,4462800,23.44492,26145.25,26650.0,26600,ATM+10,CALL,26100,2025-12-02
2025-12-02 09:19:00+05:30,1.1,1.1,1.0,1.1,488850,3933750,23.765653,26141.5,26650.0,26600,ATM+10,CALL,26100,2025-12-02
2025-12-02 09:20:00+05:30,1.1,1.1,0.95,1.0,857475,3933750,23.275215,26146.45,26650.0,26600,ATM+10,CALL,26100,2025-12-02
2025-12-02 09:21:00+05:30,1.05,1.05,0.95,1.0,862875,3933750,23.330767,26145.5,26650.0,26600,ATM+10,CALL,26100,2025-12-02
2025-12-02 09:22:00+05:30,1.0,1.0,0.95,1.0,259800,4244475,23.339535,26145.7,26650.0,26600,ATM+10,CALL,26100,2025-12-02
2025-12-02 09:23:00+05:30,1.0,1.0,0.95,0.95,744450,4244475,22.96076,26151.5,26650.0,26600,ATM+10,CALL,26100,2025-12-02
2025-12-02 09:24:00+05:30,1.0,1.0,0.95,0.95,236700,4244475,23.284156,26143.95,26650.0,26600,ATM+10,CALL,26100,2025-12-02
2025-12-02 09:25:00+05:30,1.0,1.0,0.95,1.0,670425,4347150,23.41301,26145.15,26650.0,26600,ATM+10,CALL,26100,2025-12-02
2025-12-02 09:26:00+05:30,1.0,1.0,0.95,1.0,382950,4347150,23.342227,26147.3,26650.0,26600,ATM+10,CALL,26100,2025-12-02
2025-12-02 09:27:00+05:30,1.0,1.0,0.95,0.95,177000,4347150,23.154085,26148.4,26650.0,26600,ATM+10,CALL,26100,2025-12-02
2025-12-02 09:28:00+05:30,1.0,1.0,0.95,0.95,171300,4728075,23.388879,26143.05,26650.0,26600,ATM+10,CALL,26100,2025-12-02
2025-12-02 09:29:00+05:30,1.0,1.05,0.95,1.0,402900,4728075,24.093256,26130.2,26650.0,26600,ATM+10,CALL,26100,2025-12-02
2025-12-02 09:30:00+05:30,1.15,1.2,1.15,1.15,416775,9806625,22.871837,26122.1,26600.0,26600,ATM+10,CALL,26100,2025-12-02
2025-12-02 09:31:00+05:30,1.15,1.25,1.15,1.2,947925,9956175,23.192473,26118.15,26600.0,26600,ATM+10,CALL,26100,2025-12-02
2025-12-02 09:32:00+05:30,1.1,1.1,1.0,1.05,364950,4868625,24.231654,26132.0,26650.0,26600,ATM+10,CALL,26100,2025-12-02
2025-12-02 09:33:00+05:30,1.2,1.2,1.1,1.2,1039650,9956175,23.10649,26121.0,26600.0,26600,ATM+10,CALL,26100,2025-12-02
2025-12-02 09:34:00+05:30,1.15,1.2,1.1,1.15,670500,10396725,23.241636,26114.9,26600.0,26600,ATM+10,CALL,26100,2025-12-02
2025-12-02 09:35:00+05:30,1.2,1.2,1.15,1.15,332325,10396725,23.21054,26116.05,26600.0,26600,ATM+10,CALL,26100,2025-12-02
2025-12-02 09:36:00+05:30,1.15,1.2,1.15,1.2,590400,10396725,23.440792,26114.3,26600.0,26600,ATM+10,CALL,26100,2025-12-02
2025-12-02 09:37:00+05:30,1.2,1.2,1.15,1.2,254025,10773300,23.198258,26120.45,26600.0,26600,ATM+10,CALL,26100,2025-12-02
2025-12-02 09:38:00+05:30,1.2,1.25,1.15,1.2,880800,10773300,23.731187,26108.25,26600.0,26600,ATM+10,CALL,26100,2025-12-02
2025-12-02 09:39:00+05:30,1.25,1.25,1.2,1.25,433575,10773300,23.860584,26108.85,26600.0,26600,ATM+10,CALL,26100,2025-12-02
2025-12-02 09:40:00+05:30,1.25,1.25,1.15,1.2,713775,11111700,23.906075,26104.95,26600.0,26600,ATM+10,CALL,26100,2025-12-02
2025-12-02 09:41:00+05:30,1.2,1.25,1.2,1.2,945225,11111700,24.318948,26095.6,26600.0,26600,ATM+10,CALL,26100,2025-12-02
2025-12-02 09:42:00+05:30,1.25,1.3,1.2,1.25,1060425,11111700,24.767538,26088.75,26600.0,26600,ATM+10,CALL,26100,2025-12-02
2025-12-02 09:43:00+05:30,1.25,1.25,1.2,1.25,819825,11260650,24.675752,26091.35,26600.0,26600,ATM+10,CALL,26100,2025-12-02
2025-12-02 09:44:00+05:30,1.2,1.35,1.2,1.35,886650,11260650,25.480755,26079.3,26600.0,26600,ATM+10,CALL,26100,2025-12-02
2025-12-02 09:45:00+05:30,1.35,1.35,1.3,1.3,545850,11260650,25.061234,26086.4,26600.0,26600,ATM+10,CALL,26100,2025-12-02
2025-12-02 09:46:00+05:30,1.35,1.35,1.3,1.35,453750,11425875,25.129168,26088.4,26600.0,26600,ATM+10,CALL,26100,2025-12-02
2025-12-02 09:47:00+05:30,1.35,1.35,1.3,1.3,568950,11425875,24.765573,26094.2,26600.0,26600,ATM+10,CALL,26100,2025-12-02
2025-12-02 09:48:00+05:30,1.3,1.35,1.3,1.35,767550,11425875,25.420198,26082.5,26600.0,26600,ATM+10,CALL,26100,2025-12-02
2025-12-02 09:49:00+05:30,1.45,1.55,1.45,1.5,607275,6335475,24.124204,26072.65,26550.0,26600,ATM+10,CALL,26100,2025-12-02
2025-12-02 09:50:00+05:30,1.45,1.55,1.45,1.55,463200,6335475,24.288845,26072.0,26550.0,26600,ATM+10,CALL,26100,2025-12-02
2025-12-02 09:51:00+05:30,1.55,1.55,1.45,1.45,556875,6335475,24.094989,26071.4,26550.0,26600,ATM+10,CALL,26100,2025-12-02
2025-12-02 09:52:00+05:30,1.5,1.55,1.45,1.55,431925,6412200,24.371921,26070.95,26550.0,26600,ATM+10,CALL,26100,2025-12-02
2025-12-02 09:53:00+05:30,1.55,1.6,1.45,1.55,1154250,6412200,24.372816,26071.35,26550.0,26600,ATM+10,CALL,26100,2025-12-02
2025-12-02 09:54:00+05:30,1.5,1.55,1.45,1.45,1443600,12029400,26.050746,26076.7,26600.0,26600,ATM+10,CALL,26100,2025-12-02
2025-12-02 09:55:00+05:30,1.5,1.55,1.4,1.45,1030950,12592425,25.668681,26085.95,26600.0,26600,ATM+10,CALL,26100,2025-12-02
2025-12-02 09:56:00+05:30,1.5,1.5,1.35,1.4,493200,12592425,25.671294,26083.35,26600.0,26600,ATM+10,CALL,26100,2025-12-02
2025-12-02 09:57:00+05:30,1.4,1.45,1.35,1.35,567150,12592425,25.462615,26085.55,26600.0,26600,ATM+10,CALL,26100,2025-12-02
2025-12-02 09:58:00+05:30,1.35,1.35,1.3,1.3,528825,12792825,25.515875,26081.6,26600.0,26600,ATM+10,CALL,26100,2025-12-02
2025-12-02 09:59:00+05:30,1.35,1.35,1.3,1.35,462750,12792825,25.953398,26075.1,26600.0,26600,ATM+10,CALL,26100,2025-12-02
2025-12-02 10:00:00+05:30,1.4,1.45,1.4,1.45,136725,6355725,24.212509,26072.5,26550.0,26600,ATM+10,CALL,26100,2025-12-02
2025-12-02 10:01:00+05:30,1.3,1.35,1.25,1.3,482775,12680625,25.779388,26076.85,26600.0,26600,ATM+10,CALL,26100,2025-12-02
2025-12-02 10:02:00+05:30,1.4,1.45,1.35,1.4,147675,6340275,24.151939,26071.9,26550.0,26600,ATM+10,CALL,26100,2025-12-02
2025-12-02 10:03:00+05:30,1.45,1.5,1.4,1.45,294375,6340275,24.365484,26070.3,26550.0,26600,ATM+10,CALL,26100,2025-12-02
2025-12-02 10:04:00+05:30,1.35,1.35,1.25,1.25,196125,12739050,25.542186,26080.45,26600.0,26600,ATM+10,CALL,26100,2025-12-02
2025-12-02 10:05:00+05:30,1.25,1.35,1.25,1.3,360750,12739050,25.718437,26080.1,26600.0,26600,ATM+10,CALL,26100,2025-12-02
2025-12-02 10:06:00+05:30,1.35,1.4,1.3,1.35,371325,12739050,26.02415,26076.7,26600.0,26600,ATM+10,CALL,26100,2025-12-02
2025-12-02 10:07:00+05:30,1.5,1.5,1.45,1.45,174075,6403275,24.348063,26072.4,26550.0,26600,ATM+10,CALL,26100,2025-12-02
2025-12-02 10:08:00+05:30,1.5,1.5,1.45,1.5,72975,6403275,24.469026,26072.85,26550.0,26600,ATM+10,CALL,26100,2025-12-02
2025-12-02 10:09:00+05:30,1.45,1.55,1.45,1.55,141225,6403275,24.591879,26073.2,26550.0,26600,ATM+10,CALL,26100,2025-12-02
2025-12-02 10:10:00+05:30,1.55,1.6,1.5,1.55,527925,6402525,25.05766,26063.2,26550.0,26600,ATM+10,CALL,26100,2025-12-02
2025-12-02 10:11:00+05:30,1.6,1.65,1.55,1.55,236550,6402525,25.289213,26058.45,26550.0,26600,ATM+10,CALL,26100,2025-12-02
2025-12-02 10:12:00+05:30,1.6,1.65,1.55,1.6,359025,6402525,25.500191,26056.85,26550.0,26600,ATM+10,CALL,26100,2025-12-02
2025-12-02 10:13:00+05:30,1.6,1.65,1.55,1.55,329775,6474750,25.322064,26058.6,26550.0,26600,ATM+10,CALL,26100,2025-12-02
2025-12-02 10:14:00+05:30,1.55,1.65,1.5,1.65,422100,6474750,25.5745,26058.7,26550.0,26600,ATM+10,CALL,26100,2025-12-02
2025-12-02 10:15:00+05:30,1.6,1.7,1.6,1.7,386475,6474750,25.770779,26057.35,26550.0,26600,ATM+10,CALL,26100,2025-12-02
2025-12-02 10:16:00+05:30,1.7,1.7,1.6,1.65,460575,6557550,25.544747,26060.25,26550.0,26600,ATM+10,CALL,26100,2025-12-02
2025-12-02 10:17:00+05:30,1.65,1.7,1.6,1.65,320925,6557550,26.049752,26049.5,26550.0,26600,ATM+10,CALL,26100,2025-12-02
2025-12-02 10:18:00+05:30,1.7,1.7,1.6,1.65,132525,6557550,25.844683,26054.5,26550.0,26600,ATM+10,CALL,26100,2025-12-02
2025-12-02 10:19:00+05:30,1.65,1.7,1.55,1.55,482850,6576675,25.264419,26062.55,26550.0,26600,ATM+10,CALL,26100,2025-12-02
2025-12-02 10:20:00+05:30,1.6,1.65,1.5,1.55,482775,6576675,25.158485,26065.35,26550.0,26600,ATM+10,CALL,26100,2025-12-02
2025-12-02 10:21:00+05:30,1.55,1.6,1.5,1.55,323700,6576675,25.029812,26068.65,26550.0,26600,ATM+10,CALL,26100,2025-12-02
2025-12-02 10:22:00+05:30,1.55,1.6,1.5,1.55,97050,6690525,24.77678,26074.7,26550.0,26600,ATM+10,CALL,26100,2025-12-02
2025-12-02 10:23:00+05:30,1.55,1.55,1.5,1.5,163725,6690525,24.808719,26071.75,26550.0,26600,ATM+10,CALL,26100,2025-12-02
2025-12-02 10:24:00+05:30,1.5,1.5,1.45,1.45,62925,6690525,24.7339,26071.1,26550.0,26600,ATM+10,CALL,26100,2025-12-02
2025-12-02 10:25:00+05:30,1.45,1.5,1.4,1.45,182850,6647175,24.612247,26074.25,26550.0,26600,ATM+10,CALL,26100,2025-12-02
2025-12-02 10:26:00+05:30,1.4,1.45,1.35,1.4,68100,6647175,24.633224,26071.4,26550.0,26600,ATM+10,CALL,26100,2025-12-02
2025-12-02 10:27:00+05:30,1.35,1.4,1.35,1.35,89550,6647175,24.603319,26069.6,26550.0,26600,ATM+10,CALL,26100,2025-12-02
2025-12-02 10:28:00+05:30,1.35,1.4,1.35,1.35,166575,6699000,24.607417,26069.95,26550.0,26600,ATM+10,CALL,26100,2025-12-02
2025-12-02 10:29:00+05:30,1.25,1.25,1.1,1.1,438825,14611350,25.664169,26078.8,26600.0,26600,ATM+10,CALL,26100,2025-12-02
2025-12-02 10:30:00+05:30,1.15,1.15,1.1,1.1,293475,14611350,25.723772,26077.9,26600.0,26600,ATM+10,CALL,26100,2025-12-02
2025-12-02 10:31:00+05:30,1.1,1.15,1.05,1.05,295950,14542425,25.314753,26084.1,26600.0,26600,ATM+10,CALL,26100,2025-12-02
2025-12-02 10:32:00+05:30,1.1,1.1,1.05,1.1,248850,14542425,25.604639,26081.6,26600.0,26600,ATM+10,CALL,26100,2025-12-02
2025-12-02 10:33:00+05:30,1.1,1.1,1.05,1.05,383925,14542425,25.409574,26082.85,26600.0,26600,ATM+10,CALL,26100,2025-12-02
2025-12-02 10:34:00+05:30,1.05,1.1,1.0,1.05,358350,14351550,25.252684,26086.95,26600.0,26600,ATM+10,CALL,26100,2025-12-02
2025-12-02 10:35:00+05:30,1.0,1.1,1.0,1.05,432300,14351550,25.138784,26090.05,26600.0,26600,ATM+10,CALL,26100,2025-12-02
2025-12-02 10:36:00+05:30,1.1,1.1,1.0,1.0,137850,14351550,25.032554,26089.15,26600.0,26600,ATM+10,CALL,26100,2025-12-02
2025-12-02 10:37:00+05:30,1.05,1.05,0.95,0.95,105600,14396775,25.121789,26083.55,26600.0,26600,ATM+10,CALL,26100,2025-12-02
2025-12-02 10:38:00+05:30,1.0,1.0,0.95,0.95,275400,14396775,25.10568,26084.4,26600.0,26600,ATM+10,CALL,26100,2025-12-02
2025-12-02 10:39:00+05:30,1.0,1.0,0.95,0.95,326775,14396775,25.182013,26083.1,26600.0,26600,ATM+10,CALL,26100,2025-12-02
2025-12-02 10:40:00+05:30,1.0,1.0,0.9,0.95,386775,14651625,25.209021,26082.95,26600.0,26600,ATM+10,CALL,26100,2025-12-02
2025-12-02 10:41:00+05:30,0.9,0.9,0.85,0.9,925950,14651625,24.81004,26088.55,26600.0,26600,ATM+10,CALL,26100,2025-12-02
2025-12-02 10:42:00+05:30,0.85,0.9,0.8,0.85,830325,14651625,24.696027,26087.35,26600.0,26600,ATM+10,CALL,26100,2025-12-02
2025-12-02 10:43:00+05:30,0.85,0.95,0.85,0.95,249600,14245125,25.331316,26081.55,26600.0,26600,ATM+10,CALL,26100,2025-12-02
2025-12-02 10:44:00+05:30,1.0,1.05,1.0,1.05,128925,6508725,23.854433,26074.65,26550.0,26600,ATM+10,CALL,26100,2025-12-02
2025-12-02 10:45:00+05:30,0.95,1.0,0.9,0.95,201825,14245125,25.597438,26076.35,26600.0,26600,ATM+10,CALL,26100,2025-12-02
2025-12-02 10:46:00+05:30,1.05,1.05,0.95,1.0,215100,6468675,23.946999,26069.8,26550.0,26600,ATM+10,CALL,26100,2025-12-02
2025-12-02 10:47:00+05:30,1.0,1.0,0.9,0.9,142350,6468675,23.546291,26071.7,26550.0,26600,ATM+10,CALL,26100,2025-12-02
2025-12-02 10:48:00+05:30,0.9,0.95,0.85,0.85,142125,6468675,23.273091,26074.35,26550.0,26600,ATM+10,CALL,26100,2025-12-02
2025-12-02 10:49:00+05:30,0.8,0.85,0.75,0.85,339075,14052375,25.277788,26077.1,26600.0,26600,ATM+10,CALL,26100,2025-12-02
2025-12-02 10:50:00+05:30,0.85,0.9,0.8,0.8,339075,14052375,24.545332,26090.15,26600.0,26600,ATM+10,CALL,26100,2025-12-02
2025-12-02 10:51:00+05:30,0.8,0.85,0.8,0.8,99825,14052375,24.390658,26094.25,26600.0,26600,ATM+10,CALL,26100,2025-12-02
2025-12-02 10:52:00+05:30,0.85,0.85,0.8,0.8,162075,13906800,24.244193,26098.15,26600.0,26600,ATM+10,CALL,26100,2025-12-02
2025-12-02 10:53:00+05:30,0.8,0.85,0.8,0.85,119775,13906800,24.540613,26096.2,26600.0,26600,ATM+10,CALL,26100,2025-12-02
2025-12-02 10:54:00+05:30,0.8,0.85,0.75,0.75,75150,13906800,24.339092,26092.15,26600.0,26600,ATM+10,CALL,26100,2025-12-02
2025-12-02 10:55:00+05:30,0.75,0.85,0.75,0.85,117225,13867425,24.788602,26091.4,26600.0,26600,ATM+10,CALL,26100,2025-12-02
2025-12-02 10:56:00+05:30,0.85,0.9,0.8,0.9,163725,13867425,24.957203,26092.3,26600.0,26600,ATM+10,CALL,26100,2025-12-02
2025-12-02 10:57:00+05:30,0.85,0.9,0.85,0.85,78900,13867425,24.845281,26091.05,26600.0,26600,ATM+10,CALL,26100,2025-12-02
2025-12-02 10:58:00+05:30,0.9,0.9,0.85,0.85,115650,13890300,24.937475,26089.4,26600.0,26600,ATM+10,CALL,26100,2025-12-02
2025-12-02 10:59:00+05:30,0.85,0.9,0.8,0.8,277500,13890300,24.384489,26098.2,26600.0,26600,ATM+10,CALL,26100,2025-12-02
2025-12-02 11:00:00+05:30,0.8,0.85,0.8,0.85,184725,13890300,24.843183,26092.55,26600.0,26600,ATM+10,CALL,26100,2025-12-02
2025-12-02 11:01:00+05:30,0.8,0.85,0.8,0.8,106050,13875900,24.96176,26085.75,26600.0,26600,ATM+10,CALL,26100,2025-12-02
2025-12-02 11:02:00+05:30,0.85,0.85,0.8,0.85,318225,13875900,24.850438,26093.35,26600.0,26600,ATM+10,CALL,26100,2025-12-02
2025-12-02 11:03:00+05:30,0.8,0.85,0.75,0.8,219375,13875900,24.56636,26095.9,26600.0,26600,ATM+10,CALL,26100,2025-12-02
2025-12-02 11:04:00+05:30,0.8,0.8,0.75,0.75,100200,13867650,24.291731,26098.05,26600.0,26600,ATM+10,CALL,26100,2025-12-02
2025-12-02 11:05:00+05:30,0.8,0.8,0.75,0.75,217275,13867650,24.449874,26094.85,26600.0,26600,ATM+10,CALL,26100,2025-12-02
2025-12-02 11:06:00+05:30,0.75,0.8,0.75,0.8,129675,13867650,24.641998,26095.6,26600.0,26600,ATM+10,CALL,26100,2025-12-02
2025-12-02 11:07:00+05:30,0.8,0.85,0.8,0.8,76425,13853625,24.678192,26095.25,26600.0,26600,ATM+10,CALL,26100,2025-12-02
2025-12-02 11:08:00+05:30,0.8,0.85,0.75,0.75,253125,13853625,24.594222,26092.95,26600.0,26600,ATM+10,CALL,26100,2025-12-02
2025-12-02 11:09:00+05:30,0.75,0.8,0.75,0.75,108450,13853625,24.451565,26096.75,26600.0,26600,ATM+10,CALL,26100,2025-12-02
2025-12-02 11:10:00+05:30,0.75,0.8,0.75,0.75,208125,13783425,24.537228,26095.25,26600.0,26600,ATM+10,CALL,26100,2025-12-02
2025-12-02 11:11:00+05:30,0.75,0.8,0.75,0.75,590775,13783425,24.60792,26094.1,26600.0,26600,ATM+10,CALL,26100,2025-12-02
2025-12-02 11:12:00+05:30,0.75,0.8,0.75,0.75,92550,13783425,24.72624,26091.85,26600.0,26600,ATM+10,CALL,26100,2025-12-02
2025-12-02 11:13:00+05:30,0.8,0.8,0.75,0.75,110175,13602300,25.036896,26085.15,26600.0,26600,ATM+10,CALL,26100,2025-12-02
2025-12-02 11:14:00+05:30,0.8,0.8,0.75,0.75,197025,13602300,25.248513,26080.75,26600.0,26600,ATM+10,CALL,26100,2025-12-02
2025-12-02 11:15:00+05:30,0.75,0.85,0.75,0.8,429300,13602300,25.464475,26081.1,26600.0,26600,ATM+10,CALL,26100,2025-12-02
2025-12-02 11:16:00+05:30,0.8,0.85,0.8,0.85,175125,13696950,25.912683,26075.95,26600.0,26600,ATM+10,CALL,26100,2025-12-02
2025-12-02 11:17:00+05:30,0.8,0.85,0.8,0.85,224550,13696950,25.768646,26079.75,26600.0,26600,ATM+10,CALL,26100,2025-12-02
2025-12-02 11:18:00+05:30,0.85,0.85,0.8,0.8,88350,13696950,25.53951,26080.9,26600.0,26600,ATM+10,CALL,26100,2025-12-02
2025-12-02 11:19:00+05:30,0.85,0.85,0.8,0.85,128250,13632825,25.749777,26081.2,26600.0,26600,ATM+10,CALL,26100,2025-12-02
2025-12-02 11:20:00+05:30,0.8,0.85,0.8,0.85,141750,13632825,25.976545,26076.55,26600.0,26600,ATM+10,CALL,26100,2025-12-02
2025-12-02 11:21:00+05:30,0.8,0.85,0.8,0.85,189600,13632825,26.054167,26075.3,26600.0,26600,ATM+10,CALL,26100,2025-12-02
2025-12-02 11:22:00+05:30,0.9,0.95,0.9,0.9,95625,6294150,24.297881,26070.8,26550.0,26600,ATM+10,CALL,26100,2025-12-02
2025-12-02 11:23:00+05:30,0.95,0.95,0.85,0.9,90600,6294150,24.249852,26072.35,26550.0,26600,ATM+10,CALL,26100,2025-12-02
2025-12-02 11:24:00+05:30,0.85,0.85,0.8,0.85,112650,13722750,25.82508,26082.05,26600.0,26600,ATM+10,CALL,26100,2025-12-02
2025-12-02 11:25:00+05:30,0.8,0.85,0.8,0.85,230550,13754475,25.775,26083.7,26600.0,26600,ATM+10,CALL,26100,2025-12-02
2025-12-02 11:26:00+05:30,0.85,0.85,0.8,0.8,197475,13754475,25.879201,26077.25,26600.0,26600,ATM+10,CALL,26100,2025-12-02
2025-12-02 11:27:00+05:30,0.85,0.9,0.85,0.9,11325,6311700,24.308502,26072.95,26550.0,26600,ATM+10,CALL,26100,2025-12-02
2025-12-02 11:28:00+05:30,0.85,0.9,0.85,0.9,12975,6316575,24.401866,26071.35,26550.0,26600,ATM+10,CALL,26100,2025-12-02
2025-12-02 11:29:00+05:30,0.85,0.95,0.85,0.9,124350,6316575,24.555966,26068.4,26550.0,26600,ATM+10,CALL,26100,2025-12-02
2025-12-02 11:30:00+05:30,0.95,0.95,0.9,0.95,156300,6316575,24.83119,26066.75,26550.0,26600,ATM+10,CALL,26100,2025-12-02
2025-12-02 11:31:00+05:30,0.95,0.95,0.9,0.95,93450,6358275,24.823886,26067.4,26550.0,26600,ATM+10,CALL,26100,2025-12-02
2025-12-02 11:32:00+05:30,0.95,1.0,0.9,0.95,185100,6358275,24.818775,26068.0,26550.0,26600,ATM+10,CALL,26100,2025-12-02
2025-12-02 11:33:00+05:30,1.0,1.0,0.9,0.95,124275,6358275,24.836436,26068.1,26550.0,26600,ATM+10,CALL,26100,2025-12-02
2025-12-02 11:34:00+05:30,0.9,1.0,0.9,1.0,218550,6319275,25.095731,26066.7,26550.0,26600,ATM+10,CALL,26100,2025-12-02
2025-12-02 11:35:00+05:30,0.95,1.05,0.95,1.0,1467150,6319275,25.113637,26066.8,26550.0,26600,ATM+10,CALL,26100,2025-12-02
2025-12-02 11:36:00+05:30,1.0,1.1,1.0,1.05,935475,6319275,25.359509,26065.6,26550.0,26600,ATM+10,CALL,26100,2025-12-02
2025-12-02 11:37:00+05:30,1.1,1.1,1.05,1.05,516825,7066425,25.301765,26067.35,26550.0,26600,ATM+10,CALL,26100,2025-12-02
2025-12-02 11:38:00+05:30,1.05,1.15,1.05,1.1,571650,7066425,25.223938,26073.05,26550.0,26600,ATM+10,CALL,26100,2025-12-02
2025-12-02 11:39:00+05:30,1.1,1.1,1.05,1.05,142425,7066425,25.140094,26071.85,26550.0,26600,ATM+10,CALL,26100,2025-12-02
2025-12-02 11:40:00+05:30,1.1,1.15,1.05,1.05,311100,7219425,25.218141,26070.65,26550.0,26600,ATM+10,CALL,26100,2025-12-02
2025-12-02 11:41:00+05:30,1.05,1.1,1.05,1.05,283650,7219425,25.550079,26063.95,26550.0,26600,ATM+10,CALL,26100,2025-12-02
2025-12-02 11:42:00+05:30,1.05,1.15,1.05,1.1,904275,7219425,25.737653,26063.95,26550.0,26600,ATM+10,CALL,26100,2025-12-02
2025-12-02 11:43:00+05:30,1.1,1.15,1.1,1.1,145800,7357500,25.754079,26064.1,26550.0,26600,ATM+10,CALL,26100,2025-12-02
2025-12-02 11:44:00+05:30,1.15,1.15,1.05,1.1,105525,7357500,25.814704,26063.3,26550.0,26600,ATM+10,CALL,26100,2025-12-02
2025-12-02 11:45:00+05:30,1.05,1.1,1.05,1.05,72750,7357500,25.724003,26062.2,26550.0,26600,ATM+10,CALL,26100,2025-12-02
2025-12-02 11:46:00+05:30,1.05,1.1,1.05,1.05,63525,7349550,25.768311,26061.75,26550.0,26600,ATM+10,CALL,26100,2025-12-02
2025-12-02 11:47:00+05:30,1.05,1.1,1.05,1.1,37275,7349550,25.994856,26060.95,26550.0,26600,ATM+10,CALL,26100,2025-12-02
2025-12-02 11:48:00+05:30,1.05,1.1,1.05,1.1,159975,7349550,25.923094,26063.0,26550.0,26600,ATM+10,CALL,26100,2025-12-02
2025-12-02 11:49:00+05:30,1.05,1.1,1.0,1.05,126150,7347300,25.500085,26069.05,26550.0,26600,ATM+10,CALL,26100,2025-12-02
2025-12-02 11:50:00+05:30,1.0,1.1,1.0,1.05,128925,7347300,25.763016,26063.9,26550.0,26600,ATM+10,CALL,26100,2025-12-02
2025-12-02 11:51:00+05:30,1.1,1.1,1.05,1.05,59100,7347300,25.842624,26062.7,26550.0,26600,ATM+10,CALL,26100,2025-12-02
2025-12-02 11:52:00+05:30,1.1,1.1,1.05,1.1,9825,7400475,26.149632,26060.2,26550.0,26600,ATM+10,CALL,26100,2025-12-02
2025-12-02 11:53:00+05:30,1.1,1.15,1.05,1.1,165525,7400475,26.290794,26057.7,26550.0,26600,ATM+10,CALL,26100,2025-12-02
2025-12-02 11:54:00+05:30,1.05,1.1,1.05,1.05,109875,7400475,26.354704,26053.25,26550.0,26600,ATM+10,CALL,26100,2025-12-02
2025-12-02 11:55:00+05:30,1.05,1.15,1.05,1.1,510450,7250325,26.810259,26047.65,26550.0,26600,ATM+10,CALL,26100,2025-12-02
2025-12-02 11:56:00+05:30,1.05,1.15,1.05,1.1,296775,7250325,26.877325,26046.75,26550.0,26600,ATM+10,CALL,26100,2025-12-02
2025-12-02 11:57:00+05:30,1.1,1.15,1.05,1.05,393150,7250325,26.654611,26048.4,26550.0,26600,ATM+10,CALL,26100,2025-12-02
2025-12-02 11:58:00+05:30,1.05,1.2,1.05,1.2,349575,7191600,27.010294,26051.9,26550.0,26600,ATM+10,CALL,26100,2025-12-02
2025-12-02 11:59:00+05:30,1.2,1.2,1.1,1.1,248775,7191600,26.623672,26053.75,26550.0,26600,ATM+10,CALL,26100,2025-12-02
2025-12-02 12:00:00+05:30,1.15,1.15,1.1,1.15,235425,7191600,27.141575,26046.8,26550.0,26600,ATM+10,CALL,26100,2025-12-02
2025-12-02 12:01:00+05:30,1.15,1.15,1.1,1.15,94350,7472550,27.268662,26044.65,26550.0,26600,ATM+10,CALL,26100,2025-12-02
2025-12-02 12:02:00+05:30,1.15,1.15,1.1,1.1,223050,7472550,26.816444,26051.25,26550.0,26600,ATM+10,CALL,26100,2025-12-02
2025-12-02 12:03:00+05:30,1.1,1.15,1.05,1.1,129300,7472550,26.63404,26055.65,26550.0,26600,ATM+10,CALL,26100,2025-12-02
2025-12-02 12:04:00+05:30,1.1,1.15,1.05,1.05,140625,7472550,26.639812,26052.45,26550.0,26600,ATM+10,CALL,26100,2025-12-02
2025-12-02 12:05:00+05:30,1.1,1.15,1.05,1.05,98700,7436925,27.134948,26042.45,26550.0,26600,ATM+10,CALL,26100,2025-12-02
2025-12-02 12:06:00+05:30,1.1,1.15,1.05,1.1,230250,7436925,27.137702,26046.6,26550.0,26600,ATM+10,CALL,26100,2025-12-02
2025-12-02 12:07:00+05:30,1.15,1.15,1.05,1.1,78375,7436925,26.725416,26055.85,26550.0,26600,ATM+10,CALL,26100,2025-12-02
2025-12-02 12:08:00+05:30,1.1,1.1,0.9,1.0,720675,7416450,26.606484,26051.55,26550.0,26600,ATM+10,CALL,26100,2025-12-02
2025-12-02 12:09:00+05:30,1.0,1.05,0.95,0.95,178125,7416450,26.29439,26054.85,26550.0,26600,ATM+10,CALL,26100,2025-12-02
2025-12-02 12:10:00+05:30,0.9,1.0,0.9,0.95,182625,7416450,26.420045,26052.7,26550.0,26600,ATM+10,CALL,26100,2025-12-02
2025-12-02 12:11:00+05:30,1.0,1.0,0.9,0.9,317850,7271175,26.099442,26056.05,26550.0,26600,ATM+10,CALL,26100,2025-12-02
2025-12-02 12:12:00+05:30,0.9,1.0,0.9,0.9,130800,7271175,26.00551,26058.6,26550.0,26600,ATM+10,CALL,26100,2025-12-02
2025-12-02 12:13:00+05:30,0.9,0.95,0.9,0.9,34950,7271175,26.128507,26056.5,26550.0,26600,ATM+10,CALL,26100,2025-12-02
2025-12-02 12:14:00+05:30,0.95,1.0,0.9,1.0,186300,7152525,26.759423,26051.55,26550.0,26600,ATM+10,CALL,26100,2025-12-02
2025-12-02 12:15:00+05:30,1.0,1.0,0.9,1.0,195150,7152525,26.730869,26052.7,26550.0,26600,ATM+10,CALL,26100,2025-12-02
2025-12-02 12:16:00+05:30,0.95,1.0,0.9,1.0,170850,7152525,26.917384,26049.3,26550.0,26600,ATM+10,CALL,26100,2025-12-02
2025-12-02 12:17:00+05:30,1.05,1.05,0.9,0.9,163950,7164075,26.027832,26060.8,26550.0,26600,ATM+10,CALL,26100,2025-12-02
2025-12-02 12:18:00+05:30,0.95,0.95,0.9,0.9,74175,7164075,26.163259,26058.45,26550.0,26600,ATM+10,CALL,26100,2025-12-02
2025-12-02 12:19:00+05:30,0.95,0.95,0.85,0.9,94950,7164075,26.282535,26056.45,26550.0,26600,ATM+10,CALL,26100,2025-12-02
2025-12-02 12:20:00+05:30,0.9,0.9,0.85,0.85,47850,7104000,26.033223,26058.1,26550.0,26600,ATM+10,CALL,26100,2025-12-02
2025-12-02 12:21:00+05:30,0.9,1.0,0.85,0.9,352725,7104000,26.263156,26057.95,26550.0,26600,ATM+10,CALL,26100,2025-12-02
2025-12-02 12:22:00+05:30,0.95,0.95,0.9,0.9,32475,7104000,26.19927,26059.85,26550.0,26600,ATM+10,CALL,26100,2025-12-02
2025-12-02 12:23:00+05:30,0.9,0.95,0.9,0.9,18750,7143750,26.30979,26058.05,26550.0,26600,ATM+10,CALL,26100,2025-12-02
2025-12-02 12:24:00+05:30,0.9,0.95,0.9,0.95,46650,7143750,26.19639,26065.0,26550.0,26600,ATM+10,CALL,26100,2025-12-02
2025-12-02 12:25:00+05:30,0.9,1.0,0.9,0.95,147750,7143750,26.329094,26062.75,26550.0,26600,ATM+10,CALL,26100,2025-12-02
2025-12-02 12:26:00+05:30,0.9,0.95,0.9,0.95,25275,7200300,26.35493,26062.75,26550.0,26600,ATM+10,CALL,26100,2025-12-02
2025-12-02 12:27:00+05:30,0.9,0.95,0.9,0.9,75075,7200300,26.247637,26061.55,26550.0,26600,ATM+10,CALL,26100,2025-12-02
2025-12-02 12:28:00+05:30,0.9,0.95,0.9,0.9,39225,7200300,26.363515,26059.65,26550.0,26600,ATM+10,CALL,26100,2025-12-02
2025-12-02 12:29:00+05:30,0.95,0.95,0.9,0.9,15150,7206525,26.067059,26066.45,26550.0,26600,ATM+10,CALL,26100,2025-12-02
2025-12-02 12:30:00+05:30,0.95,0.95,0.9,0.9,9525,7206525,26.104736,26066.2,26550.0,26600,ATM+10,CALL,26100,2025-12-02
2025-12-02 12:31:00+05:30,0.9,0.95,0.85,0.85,86100,7206525,26.061033,26063.5,26550.0,26600,ATM+10,CALL,26100,2025-12-02
2025-12-02 12:32:00+05:30,0.85,0.9,0.85,0.85,24900,7231350,25.985223,26065.65,26550.0,26600,ATM+10,CALL,26100,2025-12-02
2025-12-02 12:33:00+05:30,0.85,0.9,0.85,0.85,23175,7231350,25.693548,26072.35,26550.0,26600,ATM+10,CALL,26100,2025-12-02
2025-12-02 12:34:00+05:30,0.9,0.9,0.8,0.85,167400,7231350,25.652802,26073.75,26550.0,26600,ATM+10,CALL,26100,2025-12-02
2025-12-02 12:35:00+05:30,0.8,0.8,0.7,0.7,543825,14286675,26.852768,26083.6,26600.0,26600,ATM+10,CALL,26100,2025-12-02
2025-12-02 12:36:00+05:30,0.75,0.75,0.65,0.65,463200,14286675,26.813627,26079.65,26600.0,26600,ATM+10,CALL,26100,2025-12-02
2025-12-02 12:37:00+05:30,0.7,0.7,0.65,0.7,203475,14286675,27.1728,26077.85,26600.0,26600,ATM+10,CALL,26100,2025-12-02
2025-12-02 12:38:00+05:30,0.8,0.8,0.75,0.75,54975,7175100,25.408723,26072.25,26550.0,26600,ATM+10,CALL,26100,2025-12-02
2025-12-02 12:39:00+05:30,0.75,0.8,0.75,0.75,25500,7175100,25.431996,26072.3,26550.0,26600,ATM+10,CALL,26100,2025-12-02
2025-12-02 12:40:00+05:30,0.75,0.8,0.75,0.8,30975,7175100,25.619698,26073.4,26550.0,26600,ATM+10,CALL,26100,2025-12-02
2025-12-02 12:41:00+05:30,0.8,0.85,0.75,0.8,151200,7133625,25.978065,26066.4,26550.0,26600,ATM+10,CALL,26100,2025-12-02
2025-12-02 12:42:00+05:30,0.85,0.85,0.8,0.85,22425,7133625,26.405423,26062.35,26550.0,26600,ATM+10,CALL,26100,2025-12-02
2025-12-02 12:43:00+05:30,0.8,0.85,0.8,0.85,169050,7133625,26.468108,26061.6,26550.0,26600,ATM+10,CALL,26100,2025-12-02
2025-12-02 12:44:00+05:30,0.9,0.9,0.8,0.8,66300,7150875,26.333341,26060.6,26550.0,26600,ATM+10,CALL,26100,2025-12-02
2025-12-02 12:45:00+05:30,0.85,0.85,0.8,0.85,46050,7150875,26.608368,26059.8,26550.0,26600,ATM+10,CALL,26100,2025-12-02
2025-12-02 12:46:00+05:30,0.8,0.85,0.8,0.8,55125,7150875,26.646734,26055.15,26550.0,26600,ATM+10,CALL,26100,2025-12-02
2025-12-02 12:47:00+05:30,0.85,0.85,0.8,0.8,45600,7101600,26.628778,26056.1,26550.0,26600,ATM+10,CALL,26100,2025-12-02
2025-12-02 12:48:00+05:30,0.8,0.85,0.8,0.8,18600,7101600,26.720508,26054.75,26550.0,26600,ATM+10,CALL,26100,2025-12-02
2025-12-02 12:49:00+05:30,0.85,0.85,0.75,0.75,112125,7101600,26.779994,26049.4,26550.0,26600,ATM+10,CALL,26100,2025-12-02
2025-12-02 12:50:00+05:30,0.75,0.8,0.75,0.75,76200,7136175,26.767235,26050.25,26550.0,26600,ATM+10,CALL,26100,2025-12-02
2025-12-02 12:51:00+05:30,0.75,0.8,0.75,0.75,97275,7136175,26.787842,26050.4,26550.0,26600,ATM+10,CALL,26100,2025-12-02
2025-12-02 12:52:00+05:30,0.8,0.85,0.75,0.75,230775,7136175,26.846426,26049.75,26550.0,26600,ATM+10,CALL,26100,2025-12-02
2025-12-02 12:53:00+05:30,0.8,0.85,0.75,0.85,226875,7261350,27.334887,26049.3,26550.0,26600,ATM+10,CALL,26100,2025-12-02
2025-12-02 12:54:00+05:30,0.85,0.85,0.8,0.85,59025,7261350,27.623762,26043.9,26550.0,26600,ATM+10,CALL,26100,2025-12-02
2025-12-02 12:55:00+05:30,0.8,0.85,0.8,0.8,131175,7261350,27.409184,26044.45,26550.0,26600,ATM+10,CALL,26100,2025-12-02
2025-12-02 12:56:00+05:30,0.85,0.9,0.8,0.9,423975,7221900,28.043049,26040.75,26550.0,26600,ATM+10,CALL,26100,2025-12-02
2025-12-02 12:57:00+05:30,0.95,0.95,0.85,0.9,571800,7221900,28.169588,26038.75,26550.0,26600,ATM+10,CALL,26100,2025-12-02
2025-12-02 12:58:00+05:30,0.95,1.0,0.9,0.95,891225,7221900,28.294281,26040.95,26550.0,26600,ATM+10,CALL,26100,2025-12-02
2025-12-02 12:59:00+05:30,0.95,1.0,0.85,0.85,433125,7623375,27.899228,26041.2,26550.0,26600,ATM+10,CALL,26100,2025-12-02
2025-12-02 13:00:00+05:30,0.85,0.9,0.8,0.8,81375,7623375,27.721731,26040.95,26550.0,26600,ATM+10,CALL,26100,2025-12-02
2025-12-02 13:01:00+05:30,0.85,0.85,0.8,0.8,51225,7623375,27.917341,26037.5,26550.0,26600,ATM+10,CALL,26100,2025-12-02
2025-12-02 13:02:00+05:30,0.85,0.85,0.75,0.75,93750,7612950,27.637541,26039.15,26550.0,26600,ATM+10,CALL,26100,2025-12-02
2025-12-02 13:03:00+05:30,0.8,0.8,0.7,0.7,130650,7612950,27.447543,26038.7,26550.0,26600,ATM+10,CALL,26100,2025-12-02
2025-12-02 13:04:00+05:30,0.75,0.75,0.65,0.7,82425,7612950,27.257061,26043.3,26550.0,26600,ATM+10,CALL,26100,2025-12-02
2025-12-02 13:05:00+05:30,0.7,0.7,0.6,0.65,269025,7620525,27.432521,26034.9,26550.0,26600,ATM+10,CALL,26100,2025-12-02
2025-12-02 13:06:00+05:30,0.65,0.7,0.6,0.65,365175,7620525,27.449882,26035.15,26550.0,26600,ATM+10,CALL,26100,2025-12-02
2025-12-02 13:07:00+05:30,0.7,0.7,0.6,0.65,67275,7620525,27.272479,26039.5,26550.0,26600,ATM+10,CALL,26100,2025-12-02
2025-12-02 13:08:00+05:30,0.6,0.7,0.6,0.65,122100,7435425,27.113672,26043.45,26550.0,26600,ATM+10,CALL,26100,2025-12-02
2025-12-02 13:09:00+05:30,0.7,0.7,0.6,0.65,351750,7435425,26.758777,26051.5,26550.0,26600,ATM+10,CALL,26100,2025-12-02
2025-12-02 13:10:00+05:30,0.6,0.7,0.6,0.7,358650,7435425,27.646097,26038.85,26550.0,26600,ATM+10,CALL,26100,2025-12-02
2025-12-02 13:11:00+05:30,0.7,0.7,0.6,0.6,324225,7468650,27.168161,26038.5,26550.0,26600,ATM+10,CALL,26100,2025-12-02
2025-12-02 13:12:00+05:30,0.6,0.65,0.6,0.65,76650,7468650,27.495759,26037.9,26550.0,26600,ATM+10,CALL,26100,2025-12-02
2025-12-02 13:13:00+05:30,0.65,0.7,0.6,0.65,166050,7468650,27.446537,26039.55,26550.0,26600,ATM+10,CALL,26100,2025-12-02
2025-12-02 13:14:00+05:30,0.65,0.75,0.65,0.7,353775,7383225,27.912813,26035.8,26550.0,26600,ATM+10,CALL,26100,2025-12-02
2025-12-02 13:15:00+05:30,0.7,0.75,0.7,0.7,73500,7383225,27.911739,26036.45,26550.0,26600,ATM+10,CALL,26100,2025-12-02
2025-12-02 13:16:00+05:30,0.75,0.75,0.7,0.7,55575,7383225,28.103914,26033.1,26550.0,26600,ATM+10,CALL,26100,2025-12-02
2025-12-02 13:17:00+05:30,0.75,0.75,0.65,0.7,60525,7455675,28.134543,26033.1,26550.0,26600,ATM+10,CALL,26100,2025-12-02
2025-12-02 13:18:00+05:30,0.7,0.7,0.65,0.7,35475,7455675,28.070886,26035.05,26550.0,26600,ATM+10,CALL,26100,2025-12-02
2025-12-02 13:19:00+05:30,0.65,0.75,0.65,0.7,113700,7455675,28.104084,26035.0,26550.0,26600,ATM+10,CALL,26100,2025-12-02
2025-12-02 13:20:00+05:30,0.7,0.7,0.65,0.65,179175,7495350,27.926486,26033.95,26550.0,26600,ATM+10,CALL,26100,2025-12-02
2025-12-02 13:21:00+05:30,0.7,0.75,0.65,0.7,149775,7495350,28.202331,26034.25,26550.0,26600,ATM+10,CALL,26100,2025-12-02
2025-12-02 13:22:00+05:30,0.7,0.75,0.65,0.7,118050,7495350,28.007227,26038.9,26550.0,26600,ATM+10,CALL,26100,2025-12-02
2025-12-02 13:23:00+05:30,0.7,0.7,0.6,0.65,141975,7521675,27.470037,26045.3,26550.0,26600,ATM+10,CALL,26100,2025-12-02
2025-12-02 13:24:00+05:30,0.6,0.7,0.6,0.65,150900,7521675,27.478663,26045.75,26550.0,26600,ATM+10,CALL,26100,2025-12-02
2025-12-02 13:25:00+05:30,0.65,0.7,0.6,0.65,147600,7521675,27.703142,26041.75,26550.0,26600,ATM+10,CALL,26100,2025-12-02
2025-12-02 13:26:00+05:30,0.6,0.7,0.6,0.65,112350,7507500,27.736382,26041.7,26550.0,26600,ATM+10,CALL,26100,2025-12-02
2025-12-02 13:27:00+05:30,0.6,0.65,0.6,0.6,100350,7507500,27.600475,26039.5,26550.0,26600,ATM+10,CALL,26100,2025-12-02
2025-12-02 13:28:00+05:30,0.65,0.65,0.55,0.65,207975,7507500,27.958686,26038.4,26550.0,26600,ATM+10,CALL,26100,2025-12-02
2025-12-02 13:29:00+05:30,0.65,0.7,0.6,0.7,268800,7560300,28.399886,26035.35,26550.0,26600,ATM+10,CALL,26100,2025-12-02
2025-12-02 13:30:00+05:30,0.7,0.7,0.6,0.65,224400,7560300,28.208962,26034.55,26550.0,26600,ATM+10,CALL,26100,2025-12-02
2025-12-02 13:31:00+05:30,0.65,0.65,0.6,0.65,127125,7560300,28.243052,26034.5,26550.0,26600,ATM+10,CALL,26100,2025-12-02
2025-12-02 13:32:00+05:30,0.6,0.7,0.6,0.65,222000,7506000,28.174817,26036.55,26550.0,26600,ATM+10,CALL,26100,2025-12-02
2025-12-02 13:33:00+05:30,0.65,0.65,0.6,0.6,80925,7506000,27.774809,26039.75,26550.0,26600,ATM+10,CALL,26100,2025-12-02
2025-12-02 13:34:00+05:30,0.65,0.65,0.6,0.65,191700,7506000,28.042814,26040.55,26550.0,26600,ATM+10,CALL,26100,2025-12-02
2025-12-02 13:35:00+05:30,0.65,0.65,0.6,0.6,222000,7331625,27.89374,26038.6,26550.0,26600,ATM+10,CALL,26100,2025-12-02
2025-12-02 13:36:00+05:30,0.6,0.65,0.6,0.65,54375,7331625,28.640931,26029.65,26550.0,26600,ATM+10,CALL,26100,2025-12-02
2025-12-02 13:37:00+05:30,0.65,0.65,0.6,0.65,44400,7331625,28.602441,26031.1,26550.0,26600,ATM+10,CALL,26100,2025-12-02
2025-12-02 13:38:00+05:30,0.6,0.65,0.55,0.6,112500,7274175,27.730477,26043.9,26550.0,26600,ATM+10,CALL,26100,2025-12-02
2025-12-02 13:39:00+05:30,0.6,0.6,0.55,0.55,213075,7274175,27.886596,26035.3,26550.0,26600,ATM+10,CALL,26100,2025-12-02
2025-12-02 13:40:00+05:30,0.6,0.65,0.55,0.55,143250,7274175,27.853132,26036.65,26550.0,26600,ATM+10,CALL,26100,2025-12-02
2025-12-02 13:41:00+05:30,0.55,0.6,0.55,0.55,71475,7241850,27.945765,26035.4,26550.0,26600,ATM+10,CALL,26100,2025-12-02
2025-12-02 13:42:00+05:30,0.6,0.65,0.55,0.6,210300,7241850,28.350603,26033.85,26550.0,26600,ATM+10,CALL,26100,2025-12-02
2025-12-02 13:43:00+05:30,0.6,0.65,0.6,0.65,90675,7241850,28.733351,26032.45,26550.0,26600,ATM+10,CALL,26100,2025-12-02
2025-12-02 13:44:00+05:30,0.65,0.65,0.55,0.55,251025,7305300,27.981825,26036.65,26550.0,26600,ATM+10,CALL,26100,2025-12-02
2025-12-02 13:45:00+05:30,0.55,0.65,0.55,0.6,300675,7305300,28.363168,26035.6,26550.0,26600,ATM+10,CALL,26100,2025-12-02
2025-12-02 13:46:00+05:30,0.6,0.6,0.55,0.55,208350,7305300,28.188388,26033.75,26550.0,26600,ATM+10,CALL,26100,2025-12-02
2025-12-02 13:47:00+05:30,0.55,0.6,0.55,0.55,64650,7390425,27.930505,26039.7,26550.0,26600,ATM+10,CALL,26100,2025-12-02
2025-12-02 13:48:00+05:30,0.55,0.6,0.5,0.55,271650,7390425,27.723208,26044.6,26550.0,26600,ATM+10,CALL,26100,2025-12-02
2025-12-02 13:49:00+05:30,0.55,0.6,0.5,0.55,264600,7390425,27.907661,26041.5,26550.0,26600,ATM+10,CALL,26100,2025-12-02
2025-12-02 13:50:00+05:30,0.5,0.55,0.5,0.5,120525,7464825,27.631142,26041.35,26550.0,26600,ATM+10,CALL,26100,2025-12-02
2025-12-02 13:51:00+05:30,0.55,0.6,0.5,0.5,120975,7464825,27.361772,26047.55,26550.0,26600,ATM+10,CALL,26100,2025-12-02
2025-12-02 13:52:00+05:30,0.5,0.55,0.5,0.55,79725,7464825,27.644606,26048.85,26550.0,26600,ATM+10,CALL,26100,2025-12-02
2025-12-02 13:53:00+05:30,0.55,0.6,0.5,0.5,336450,7356150,27.58749,26044.25,26550.0,26600,ATM+10,CALL,26100,2025-12-02
2025-12-02 13:54:00+05:30,0.55,0.6,0.5,0.55,130125,7356150,28.018361,26042.6,26550.0,26600,ATM+10,CALL,26100,2025-12-02
2025-12-02 13:55:00+05:30,0.55,0.6,0.5,0.55,233175,7356150,28.216963,26039.25,26550.0,26600,ATM+10,CALL,26100,2025-12-02
2025-12-02 13:56:00+05:30,0.55,0.6,0.5,0.5,93075,7290000,27.333019,26051.45,26550.0,26600,ATM+10,CALL,26100,2025-12-02
2025-12-02 13:57:00+05:30,0.5,0.55,0.45,0.5,124950,7290000,27.198696,26054.85,26550.0,26600,ATM+10,CALL,26100,2025-12-02
2025-12-02 13:58:00+05:30,0.45,0.55,0.45,0.5,253725,7290000,27.07384,26058.05,26550.0,26600,ATM+10,CALL,26100,2025-12-02
2025-12-02 13:59:00+05:30,0.5,0.55,0.5,0.5,29550,7213350,27.037261,26059.45,26550.0,26600,ATM+10,CALL,26100,2025-12-02
2025-12-02 14:00:00+05:30,0.55,0.55,0.5,0.5,371625,7213350,27.538054,26049.95,26550.0,26600,ATM+10,CALL,26100,2025-12-02
2025-12-02 14:01:00+05:30,0.55,0.55,0.5,0.5,101475,7213350,27.972933,26041.8,26550.0,26600,ATM+10,CALL,26100,2025-12-02
2025-12-02 14:02:00+05:30,0.5,0.5,0.45,0.5,74025,7174950,27.799498,26046.0,26550.0,26600,ATM+10,CALL,26100,2025-12-02
2025-12-02 14:03:00+05:30,0.45,0.5,0.4,0.45,142275,7174950,27.203967,26051.85,26550.0,26600,ATM+10,CALL,26100,2025-12-02
2025-12-02 14:04:00+05:30,0.4,0.45,0.4,0.45,54450,7174950,27.089873,26054.85,26550.0,26600,ATM+10,CALL,26100,2025-12-02
2025-12-02 14:05:00+05:30,0.4,0.45,0.4,0.45,108075,7137675,27.090928,26055.5,26550.0,26600,ATM+10,CALL,26100,2025-12-02
2025-12-02 14:06:00+05:30,0.45,0.5,0.4,0.45,110325,7137675,27.850763,26040.7,26550.0,26600,ATM+10,CALL,26100,2025-12-02
2025-12-02 14:07:00+05:30,0.45,0.45,0.35,0.4,194700,7137675,27.501732,26040.85,26550.0,26600,ATM+10,CALL,26100,2025-12-02
2025-12-02 14:08:00+05:30,0.4,0.45,0.35,0.4,142125,7096350,26.60756,26059.9,26550.0,26600,ATM+10,CALL,26100,2025-12-02
2025-12-02 14:09:00+05:30,0.4,0.4,0.35,0.4,97275,7096350,26.686659,26058.95,26550.0,26600,ATM+10,CALL,26100,2025-12-02
2025-12-02 14:10:00+05:30,0.4,0.4,0.35,0.4,68550,7096350,26.819669,26056.9,26550.0,26600,ATM+10,CALL,26100,2025-12-02
2025-12-02 14:11:00+05:30,0.4,0.4,0.35,0.4,177375,6980700,27.011758,26053.65,26550.0,26600,ATM+10,CALL,26100,2025-12-02
2025-12-02 14:12:00+05:30,0.4,0.45,0.4,0.45,129225,6980700,27.465754,26052.65,26550.0,26600,ATM+10,CALL,26100,2025-12-02
2025-12-02 14:13:00+05:30,0.4,0.45,0.35,0.35,72300,6980700,26.69899,26053.1,26550.0,26600,ATM+10,CALL,26100,2025-12-02
2025-12-02 14:14:00+05:30,0.35,0.4,0.35,0.35,40425,7022925,27.122264,26045.05,26550.0,26600,ATM+10,CALL,26100,2025-12-02
2025-12-02 14:15:00+05:30,0.35,0.4,0.35,0.35,34950,7022925,27.10268,26046.15,26550.0,26600,ATM+10,CALL,26100,2025-12-02
2025-12-02 14:16:00+05:30,0.35,0.4,0.35,0.35,54825,7022925,27.236072,26044.1,26550.0,26600,ATM+10,CALL,26100,2025-12-02
2025-12-02 14:17:00+05:30,0.4,0.4,0.35,0.35,57750,6994950,27.459711,26040.2,26550.0,26600,ATM+10,CALL,26100,2025-12-02
2025-12-02 14:18:00+05:30,0.4,0.4,0.35,0.35,157500,6994950,27.340856,26043.35,26550.0,26600,ATM+10,CALL,26100,2025-12-02
2025-12-02 14:19:00+05:30,0.35,0.4,0.35,0.35,21675,6994950,27.392324,26043.0,26550.0,26600,ATM+10,CALL,26100,2025-12-02
2025-12-02 14:20:00+05:30,0.35,0.4,0.35,0.35,187725,7003050,27.595081,26039.55,26550.0,26600,ATM+10,CALL,26100,2025-12-02
2025-12-02 14:21:00+05:30,0.35,0.35,0.3,0.3,82875,7003050,27.297825,26036.8,26550.0,26600,ATM+10,CALL,26100,2025-12-02
2025-12-02 14:22:00+05:30,0.35,0.35,0.25,0.3,505725,7003050,27.474528,26033.85,26550.0,26600,ATM+10,CALL,26100,2025-12-02
2025-12-02 14:23:00+05:30,0.3,0.35,0.3,0.3,237075,6918750,27.548008,26033.05,26550.0,26600,ATM+10,CALL,26100,2025-12-02
2025-12-02 14:24:00+05:30,0.3,0.35,0.3,0.3,111000,6918750,27.641099,26031.85,26550.0,26600,ATM+10,CALL,26100,2025-12-02
2025-12-02 14:25:00+05:30,0.3,0.35,0.3,0.3,147150,6918750,27.105457,26043.65,26550.0,26600,ATM+10,CALL,26100,2025-12-02
2025-12-02 14:26:00+05:30,0.3,0.4,0.3,0.35,263250,6799125,27.678644,26042.15,26550.0,26600,ATM+10,CALL,26100,2025-12-02
2025-12-02 14:27:00+05:30,0.35,0.4,0.35,0.4,191250,6799125,28.393755,26036.95,26550.0,26600,ATM+10,CALL,26100,2025-12-02
2025-12-02 14:28:00+05:30,0.45,0.45,0.35,0.45,139200,6799125,28.752475,26038.25,26550.0,26600,ATM+10,CALL,26100,2025-12-02
2025-12-02 14:29:00+05:30,0.4,0.45,0.35,0.4,256725,6714000,28.244688,26041.4,26550.0,26600,ATM+10,CALL,26100,2025-12-02
2025-12-02 14:30:00+05:30,0.35,0.4,0.35,0.4,92250,6714000,28.473795,26037.55,26550.0,26600,ATM+10,CALL,26100,2025-12-02
2025-12-02 14:31:00+05:30,0.35,0.4,0.35,0.4,78750,6714000,28.590668,26035.95,26550.0,26600,ATM+10,CALL,26100,2025-12-02
2025-12-02 14:32:00+05:30,0.35,0.4,0.35,0.35,23175,6622275,28.257771,26034.8,26550.0,26600,ATM+10,CALL,26100,2025-12-02
2025-12-02 14:33:00+05:30,0.4,0.4,0.35,0.4,36900,6622275,28.725318,26034.75,26550.0,26600,ATM+10,CALL,26100,2025-12-02
2025-12-02 14:34:00+05:30,0.35,0.4,0.35,0.4,55800,6622275,28.589656,26038.2,26550.0,26600,ATM+10,CALL,26100,2025-12-02
2025-12-02 14:35:00+05:30,0.4,0.4,0.3,0.3,272100,6632325,27.75515,26037.6,26550.0,26600,ATM+10,CALL,26100,2025-12-02
2025-12-02 14:36:00+05:30,0.3,0.4,0.3,0.35,643050,15482700,26.897177,26016.1,26500.0,26600,ATM+10,CALL,26100,2025-12-02
2025-12-02 14:37:00+05:30,0.4,0.45,0.35,0.45,910800,15482700,28.380015,26003.25,26500.0,26600,ATM+10,CALL,26100,2025-12-02
2025-12-02 14:38:00+05:30,0.45,0.45,0.4,0.4,732075,15621375,27.743782,26008.95,26500.0,26600,ATM+10,CALL,26100,2025-12-02
2025-12-02 14:39:00+05:30,0.4,0.4,0.35,0.35,610425,15621375,27.125931,26013.7,26500.0,26600,ATM+10,CALL,26100,2025-12-02
2025-12-02 14:40:00+05:30,0.35,0.4,0.35,0.4,794100,15621375,27.771625,26009.85,26500.0,26600,ATM+10,CALL,26100,2025-12-02
2025-12-02 14:41:00+05:30,0.4,0.45,0.35,0.45,505725,15499425,28.180722,26010.05,26500.0,26600,ATM+10,CALL,26100,2025-12-02
2025-12-02 14:42:00+05:30,0.4,0.45,0.4,0.45,1045200,15499425,28.161475,26011.15,26500.0,26600,ATM+10,CALL,26100,2025-12-02
2025-12-02 14:43:00+05:30,0.4,0.45,0.35,0.4,1081575,15499425,28.010683,26007.35,26500.0,26600,ATM+10,CALL,26100,2025-12-02
2025-12-02 14:44:00+05:30,0.45,0.45,0.3,0.3,568200,15066150,27.027532,26010.0,26500.0,26600,ATM+10,CALL,26100,2025-12-02
2025-12-02 14:45:00+05:30,0.3,0.4,0.3,0.35,666375,15066150,27.56506,26009.4,26500.0,26600,ATM+10,CALL,26100,2025-12-02
2025-12-02 14:46:00+05:30,0.4,0.4,0.3,0.3,371550,15066150,27.026792,26011.5,26500.0,26600,ATM+10,CALL,26100,2025-12-02
2025-12-02 14:47:00+05:30,0.3,0.35,0.3,0.35,181425,14873475,27.515547,26011.75,26500.0,26600,ATM+10,CALL,26100,2025-12-02
2025-12-02 14:48:00+05:30,0.35,0.35,0.3,0.3,570450,14873475,26.836598,26016.75,26500.0,26600,ATM+10,CALL,26100,2025-12-02
2025-12-02 14:49:00+05:30,0.3,0.35,0.25,0.25,776625,14873475,26.285083,26018.05,26500.0,26600,ATM+10,CALL,26100,2025-12-02
2025-12-02 14:50:00+05:30,0.3,0.3,0.2,0.25,773400,15234900,26.398271,26016.55,26500.0,26600,ATM+10,CALL,26100,2025-12-02
2025-12-02 14:51:00+05:30,0.25,0.3,0.2,0.25,1182375,15234900,26.325016,26018.75,26500.0,26600,ATM+10,CALL,26100,2025-12-02
2025-12-02 14:52:00+05:30,0.25,0.3,0.25,0.25,441225,15234900,26.286511,26020.3,26500.0,26600,ATM+10,CALL,26100,2025-12-02
2025-12-02 14:53:00+05:30,0.25,0.3,0.2,0.2,324300,14518875,25.758255,26019.35,26500.0,26600,ATM+10,CALL,26100,2025-12-02
2025-12-02 14:54:00+05:30,0.25,0.25,0.2,0.2,430800,14518875,26.23822,26010.8,26500.0,26600,ATM+10,CALL,26100,2025-12-02
2025-12-02 14:55:00+05:30,0.25,0.25,0.2,0.2,215025,14518875,26.343077,26009.45,26500.0,26600,ATM+10,CALL,26100,2025-12-02
2025-12-02 14:56:00+05:30,0.2,0.25,0.2,0.2,426675,14357325,26.464184,26007.65,26500.0,26600,ATM+10,CALL,26100,2025-12-02
2025-12-02 14:57:00+05:30,0.25,0.25,0.2,0.25,328575,14357325,27.499041,26000.2,26500.0,26600,ATM+10,CALL,26100,2025-12-02
2025-12-02 14:58:00+05:30,0.25,0.25,0.2,0.25,141075,14357325,27.019013,26010.45,26500.0,26600,ATM+10,CALL,26100,2025-12-02
2025-12-02 14:59:00+05:30,0.25,0.25,0.2,0.25,292650,14290200,26.618726,26018.75,26500.0,26600,ATM+10,CALL,26100,2025-12-02
2025-12-02 15:00:00+05:30,0.2,0.25,0.15,0.2,1941000,14290200,26.37623,26011.85,26500.0,26600,ATM+10,CALL,26100,2025-12-02
2025-12-02 15:01:00+05:30,0.2,0.2,0.15,0.2,427125,14290200,25.915484,26021.95,26500.0,26600,ATM+10,CALL,26100,2025-12-02
2025-12-02 15:02:00+05:30,0.2,0.2,0.1,0.1,649725,13922175,24.236996,26022.35,26500.0,26600,ATM+10,CALL,26100,2025-12-02
2025-12-02 15:03:00+05:30,0.1,0.15,0.1,0.15,624450,13922175,25.327351,26020.3,26500.0,26600,ATM+10,CALL,26100,2025-12-02
2025-12-02 15:04:00+05:30,0.15,0.15,0.1,0.1,832875,13922175,24.247117,26023.6,26500.0,26600,ATM+10,CALL,26100,2025-12-02
2025-12-02 15:05:00+05:30,0.1,0.15,0.1,0.15,178200,13613025,25.275823,26022.85,26500.0,26600,ATM+10,CALL,26100,2025-12-02
2025-12-02 15:06:00+05:30,0.1,0.15,0.1,0.1,392625,13613025,24.454666,26020.65,26500.0,26600,ATM+10,CALL,26100,2025-12-02
2025-12-02 15:07:00+05:30,0.1,0.15,0.1,0.1,176325,13613025,24.303942,26024.6,26500.0,26600,ATM+10,CALL,26100,2025-12-02
2025-12-02 15:08:00+05:30,0.1,0.1,0.05,0.1,500325,5324400,26.532787,26026.8,26550.0,26600,ATM+10,CALL,26100,2025-12-02
2025-12-02 15:09:00+05:30,0.1,0.1,0.05,0.05,447375,5324400,25.030833,26026.45,26550.0,26600,ATM+10,CALL,26100,2025-12-02
2025-12-02 15:10:00+05:30,0.05,0.1,0.05,0.05,361500,5324400,24.886543,26030.5,26550.0,26600,ATM+10,CALL,26100,2025-12-02
2025-12-02 15:11:00+05:30,0.05,0.1,0.05,0.05,53850,5058075,24.801975,26033.2,26550.0,26600,ATM+10,CALL,26100,2025-12-02
2025-12-02 15:12:00+05:30,0.05,0.1,0.05,0.05,152250,5058075,24.82903,26033.4,26550.0,26600,ATM+10,CALL,26100,2025-12-02
2025-12-02 15:13:00+05:30,0.05,0.1,0.05,0.05,102825,5058075,24.670364,26037.75,26550.0,26600,ATM+10,CALL,26100,2025-12-02
2025-12-02 15:14:00+05:30,0.05,0.1,0.05,0.05,69825,4875975,24.751083,26036.75,26550.0,26600,ATM+10,CALL,26100,2025-12-02
2025-12-02 15:15:00+05:30,0.05,0.1,0.05,0.05,344475,4875975,24.919709,26033.8,26550.0,26600,ATM+10,CALL,26100,2025-12-02
2025-12-02 15:16:00+05:30,0.05,0.1,0.05,0.05,313725,4875975,24.794447,26037.4,26550.0,26600,ATM+10,CALL,26100,2025-12-02
2025-12-02 15:17:00+05:30,0.05,0.1,0.05,0.1,171675,4737000,26.320147,26038.65,26550.0,26600,ATM+10,CALL,26100,2025-12-02
2025-12-02 15:18:00+05:30,0.05,0.1,0.05,0.1,114825,4737000,26.639044,26032.75,26550.0,26600,ATM+10,CALL,26100,2025-12-02
2025-12-02 15:19:00+05:30,0.05,0.1,0.05,0.05,198750,4737000,24.850002,26038.6,26550.0,26600,ATM+10,CALL,26100,2025-12-02
2025-12-02 15:20:00+05:30,0.05,0.1,0.05,0.05,493125,4332150,24.604049,26044.85,26550.0,26600,ATM+10,CALL,26100,2025-12-02
2025-12-02 15:21:00+05:30,0.05,0.1,0.05,0.05,50550,4332150,24.853634,26040.15,26550.0,26600,ATM+10,CALL,26100,2025-12-02
2025-12-02 15:22:00+05:30,0.1,0.1,0.05,0.05,223125,4332150,24.863442,26040.75,26550.0,26600,ATM+10,CALL,26100,2025-12-02
2025-12-02 15:23:00+05:30,0.05,0.1,0.05,0.05,359100,3825375,24.555014,26048.35,26550.0,26600,ATM+10,CALL,26100,2025-12-02
2025-12-02 15:24:00+05:30,0.05,0.1,0.05,0.05,270975,3825375,24.475648,26050.9,26550.0,26600,ATM+10,CALL,26100,2025-12-02
2025-12-02 15:25:00+05:30,0.05,0.1,0.05,0.05,143625,3825375,24.325358,26055.0,26550.0,26600,ATM+10,CALL,26100,2025-12-02
2025-12-02 15:26:00+05:30,0.05,0.1,0.05,0.05,113700,3825375,24.506048,26051.85,26550.0,26600,ATM+10,CALL,26100,2025-12-02
2025-12-02 15:27:00+05:30,0.05,0.1,0.05,0.05,69525,3466200,24.382913,26055.35,26550.0,26600,ATM+10,CALL,26100,2025-12-02
2025-12-02 15:28:00+05:30,0.05,0.05,0.05,0.05,3750,3466200,24.383265,26056.15,26550.0,26600,ATM+10,CALL,26100,2025-12-02
2025-12-02 15:29:00+05:30,0.05,0.05,0.05,0.05,45675,3466200,24.381446,26057.0,26550.0,26600,ATM+10,CALL,26100,2025-12-02
2025-12-02 09:15:00+05:30,469.85,477.5,469.85,477.5,5325,109125,0.0,26110.2,26600.0,26600,ATM+10,PUT,26100,2025-12-02
2025-12-02 09:16:00+05:30,481.1,481.1,465.7,470.2,2700,110250,0.0,26118.7,26600.0,26600,ATM+10,PUT,26100,2025-12-02
2025-12-02 09:17:00+05:30,522.35,522.35,519.6,522.35,900,42000,28.248812,26127.05,26650.0,26600,ATM+10,PUT,26100,2025-12-02
2025-12-02 09:18:00+05:30,513.85,522.35,505.05,505.05,2550,42000,28.72557,26145.25,26650.0,26600,ATM+10,PUT,26100,2025-12-02
2025-12-02 09:19:00+05:30,496.2,505.05,496.0,496.75,1050,42450,0.0,26141.5,26650.0,26600,ATM+10,PUT,26100,2025-12-02
2025-12-02 09:20:00+05:30,502.75,502.75,493.85,493.85,1875,42450,0.0,26146.45,26650.0,26600,ATM+10,PUT,26100,2025-12-02
2025-12-02 09:21:00+05:30,493.75,493.85,490.85,490.85,825,42450,0.0,26145.5,26650.0,26600,ATM+10,PUT,26100,2025-12-02
2025-12-02 09:22:00+05:30,495.0,495.0,490.85,493.45,150,43425,0.0,26145.7,26650.0,26600,ATM+10,PUT,26100,2025-12-02
2025-12-02 09:23:00+05:30,493.45,493.45,493.45,493.45,0,43425,0.0,26151.5,26650.0,26600,ATM+10,PUT,26100,2025-12-02
2025-12-02 09:24:00+05:30,491.9,496.3,491.9,496.3,225,43425,0.0,26143.95,26650.0,26600,ATM+10,PUT,26100,2025-12-02
2025-12-02 09:25:00+05:30,498.35,498.35,492.65,492.65,300,43500,0.0,26145.15,26650.0,26600,ATM+10,PUT,26100,2025-12-02
2025-12-02 09:26:00+05:30,492.65,492.65,492.65,492.65,0,43500,0.0,26147.3,26650.0,26600,ATM+10,PUT,26100,2025-12-02
2025-12-02 09:27:00+05:30,493.5,494.95,492.25,494.95,600,43500,0.0,26148.4,26650.0,26600,ATM+10,PUT,26100,2025-12-02
2025-12-02 09:28:00+05:30,491.2,494.95,491.2,493.05,300,43650,0.0,26143.05,26650.0,26600,ATM+10,PUT,26100,2025-12-02
2025-12-02 09:29:00+05:30,504.0,505.1,493.05,505.1,150,43650,0.0,26130.2,26650.0,26600,ATM+10,PUT,26100,2025-12-02
2025-12-02 09:30:00+05:30,456.05,467.05,454.95,467.05,4425,96150,0.0,26122.1,26600.0,26600,ATM+10,PUT,26100,2025-12-02
2025-12-02 09:31:00+05:30,473.8,477.0,467.05,474.25,5925,95025,0.0,26118.15,26600.0,26600,ATM+10,PUT,26100,2025-12-02
2025-12-02 09:32:00+05:30,522.8,524.25,502.35,502.35,525,43650,0.0,26132.0,26650.0,26600,ATM+10,PUT,26100,2025-12-02
2025-12-02 09:33:00+05:30,455.9,470.7,455.9,470.7,1275,95025,0.0,26121.0,26600.0,26600,ATM+10,PUT,26100,2025-12-02
2025-12-02 09:34:00+05:30,471.0,476.0,469.15,476.0,6525,92625,0.0,26114.9,26600.0,26600,ATM+10,PUT,26100,2025-12-02
2025-12-02 09:35:00+05:30,475.2,476.0,470.0,472.65,3525,92625,0.0,26116.05,26600.0,26600,ATM+10,PUT,26100,2025-12-02
2025-12-02 09:36:00+05:30,475.0,480.5,472.65,476.5,10350,92625,0.0,26114.3,26600.0,26600,ATM+10,PUT,26100,2025-12-02
2025-12-02 09:37:00+05:30,472.0,476.5,467.3,471.7,750,96750,0.0,26120.45,26600.0,26600,ATM+10,PUT,26100,2025-12-02
2025-12-02 09:38:00+05:30,469.7,482.0,469.7,478.9,1875,96750,0.0,26108.25,26600.0,26600,ATM+10,PUT,26100,2025-12-02
2025-12-02 09:39:00+05:30,479.55,479.55,476.15,476.2,525,96750,0.0,26108.85,26600.0,26600,ATM+10,PUT,26100,2025-12-02
2025-12-02 09:40:00+05:30,475.85,488.0,474.0,488.0,1500,96300,0.0,26104.95,26600.0,26600,ATM+10,PUT,26100,2025-12-02
2025-12-02 09:41:00+05:30,486.45,489.4,483.3,489.4,3675,96300,0.0,26095.6,26600.0,26600,ATM+10,PUT,26100,2025-12-02
2025-12-02 09:42:00+05:30,494.0,500.0,487.0,498.75,18075,96300,0.0,26088.75,26600.0,26600,ATM+10,PUT,26100,2025-12-02
2025-12-02 09:43:00+05:30,501.75,501.75,497.1,497.25,3000,89475,0.0,26091.35,26600.0,26600,ATM+10,PUT,26100,2025-12-02
2025-12-02 09:44:00+05:30,496.5,510.0,496.5,510.0,2025,89475,0.0,26079.3,26600.0,26600,ATM+10,PUT,26100,2025-12-02
2025-12-02 09:45:00+05:30,511.7,511.7,502.7,502.7,3825,89475,0.0,26086.4,26600.0,26600,ATM+10,PUT,26100,2025-12-02
2025-12-02 09:46:00+05:30,502.05,504.0,502.05,502.05,675,88875,0.0,26088.4,26600.0,26600,ATM+10,PUT,26100,2025-12-02
2025-12-02 09:47:00+05:30,500.0,502.05,495.8,497.05,1575,88875,0.0,26094.2,26600.0,26600,ATM+10,PUT,26100,2025-12-02
2025-12-02 09:48:00+05:30,497.3,515.45,497.05,510.7,2400,88875,0.0,26082.5,26600.0,26600,ATM+10,PUT,26100,2025-12-02
2025-12-02 09:49:00+05:30,463.9,472.95,458.6,470.35,3225,56250,0.0,26072.65,26550.0,26600,ATM+10,PUT,26100,2025-12-02
2025-12-02 09:50:00+05:30,471.8,473.15,468.75,473.15,2775,56250,0.0,26072.0,26550.0,26600,ATM+10,PUT,26100,2025-12-02
2025-12-02 09:51:00+05:30,468.4,473.2,468.4,471.35,1650,56250,0.0,26071.4,26550.0,26600,ATM+10,PUT,26100,2025-12-02
2025-12-02 09:52:00+05:30,470.7,475.65,470.7,471.4,825,52575,0.0,26070.95,26550.0,26600,ATM+10,PUT,26100,2025-12-02
2025-12-02 09:53:00+05:30,468.05,471.4,468.05,468.05,75,52575,0.0,26071.35,26550.0,26600,ATM+10,PUT,26100,2025-12-02
2025-12-02 09:54:00+05:30,515.0,522.0,515.0,515.0,150,87825,0.0,26076.7,26600.0,26600,ATM+10,PUT,26100,2025-12-02
2025-12-02 09:55:00+05:30,516.7,516.7,504.85,509.9,1050,87750,0.0,26085.95,26600.0,26600,ATM+10,PUT,26100,2025-12-02
2025-12-02 09:56:00+05:30,506.0,511.4,506.0,511.4,600,87750,0.0,26083.35,26600.0,26600,ATM+10,PUT,26100,2025-12-02
2025-12-02 09:57:00+05:30,510.45,511.4,510.45,510.45,75,87750,0.0,26085.55,26600.0,26600,ATM+10,PUT,26100,2025-12-02
2025-12-02 09:58:00+05:30,509.3,512.75,509.3,511.7,375,87525,0.0,26081.6,26600.0,26600,ATM+10,PUT,26100,2025-12-02
2025-12-02 09:59:00+05:30,513.25,518.05,511.7,518.05,525,87525,0.0,26075.1,26600.0,26600,ATM+10,PUT,26100,2025-12-02
2025-12-02 10:00:00+05:30,464.6,470.3,464.6,470.25,1200,51975,0.0,26072.5,26550.0,26600,ATM+10,PUT,26100,2025-12-02
2025-12-02 10:01:00+05:30,513.65,516.0,510.25,510.25,750,87600,0.0,26076.85,26600.0,26600,ATM+10,PUT,26100,2025-12-02
2025-12-02 10:02:00+05:30,466.75,469.15,461.85,468.25,975,51675,0.0,26071.9,26550.0,26600,ATM+10,PUT,26100,2025-12-02
2025-12-02 10:03:00+05:30,472.25,472.25,468.25,472.25,150,51675,0.0,26070.3,26550.0,26600,ATM+10,PUT,26100,2025-12-02
2025-12-02 10:04:00+05:30,514.6,520.65,508.25,512.4,1350,87375,0.0,26080.45,26600.0,26600,ATM+10,PUT,26100,2025-12-02
2025-12-02 10:05:00+05:30,511.25,512.4,509.0,512.4,600,87375,0.0,26080.1,26600.0,26600,ATM+10,PUT,26100,2025-12-02
2025-12-02 10:06:00+05:30,512.4,512.4,512.4,512.4,0,87375,0.0,26076.7,26600.0,26600,ATM+10,PUT,26100,2025-12-02
2025-12-02 10:07:00+05:30,464.95,469.75,460.25,469.75,300,51075,0.0,26072.4,26550.0,26600,ATM+10,PUT,26100,2025-12-02
2025-12-02 10:08:00+05:30,473.05,473.05,467.6,468.4,525,51075,0.0,26072.85,26550.0,26600,ATM+10,PUT,26100,2025-12-02
2025-12-02 10:09:00+05:30,467.35,468.4,467.35,467.95,225,51075,0.0,26073.2,26550.0,26600,ATM+10,PUT,26100,2025-12-02
2025-12-02 10:10:00+05:30,472.0,483.25,467.95,482.25,3900,50925,0.0,26063.2,26550.0,26600,ATM+10,PUT,26100,2025-12-02
2025-12-02 10:11:00+05:30,485.0,486.65,482.25,484.05,600,50925,0.0,26058.45,26550.0,26600,ATM+10,PUT,26100,2025-12-02
2025-12-02 10:12:00+05:30,486.0,486.0,483.85,483.85,975,50925,0.0,26056.85,26550.0,26600,ATM+10,PUT,26100,2025-12-02
2025-12-02 10:13:00+05:30,483.85,483.85,483.85,483.85,0,50925,0.0,26058.6,26550.0,26600,ATM+10,PUT,26100,2025-12-02
2025-12-02 10:14:00+05:30,483.85,483.85,483.85,483.85,0,50925,0.0,26058.7,26550.0,26600,ATM+10,PUT,26100,2025-12-02
2025-12-02 10:15:00+05:30,486.0,486.0,483.85,486.0,75,49875,0.0,26057.35,26550.0,26600,ATM+10,PUT,26100,2025-12-02
2025-12-02 10:16:00+05:30,480.25,486.0,480.25,480.25,75,49875,0.0,26060.25,26550.0,26600,ATM+10,PUT,26100,2025-12-02
2025-12-02 10:17:00+05:30,486.4,492.0,480.25,492.0,900,49875,0.0,26049.5,26550.0,26600,ATM+10,PUT,26100,2025-12-02
2025-12-02 10:18:00+05:30,489.25,492.0,487.85,487.85,525,49875,0.0,26054.5,26550.0,26600,ATM+10,PUT,26100,2025-12-02
2025-12-02 10:19:00+05:30,481.35,487.85,478.45,478.45,1425,49125,0.0,26062.55,26550.0,26600,ATM+10,PUT,26100,2025-12-02
2025-12-02 10:20:00+05:30,470.9,478.45,470.9,470.9,75,49125,0.0,26065.35,26550.0,26600,ATM+10,PUT,26100,2025-12-02
2025-12-02 10:21:00+05:30,473.65,473.65,470.9,473.35,225,49125,0.0,26068.65,26550.0,26600,ATM+10,PUT,26100,2025-12-02
2025-12-02 10:22:00+05:30,470.85,473.35,470.35,470.35,225,49125,0.0,26074.7,26550.0,26600,ATM+10,PUT,26100,2025-12-02
2025-12-02 10:23:00+05:30,470.35,470.35,470.35,470.35,0,49125,0.0,26071.75,26550.0,26600,ATM+10,PUT,26100,2025-12-02
2025-12-02 10:24:00+05:30,470.7,470.7,470.35,470.7,75,49125,0.0,26071.1,26550.0,26600,ATM+10,PUT,26100,2025-12-02
2025-12-02 10:25:00+05:30,470.7,470.7,470.7,470.7,0,49125,0.0,26074.25,26550.0,26600,ATM+10,PUT,26100,2025-12-02
2025-12-02 10:26:00+05:30,472.75,472.75,470.7,472.75,150,49125,0.0,26071.4,26550.0,26600,ATM+10,PUT,26100,2025-12-02
2025-12-02 10:27:00+05:30,468.75,472.75,468.75,468.75,75,49125,0.0,26069.6,26550.0,26600,ATM+10,PUT,26100,2025-12-02
2025-12-02 10:28:00+05:30,469.15,469.6,468.75,469.6,225,49125,0.0,26069.95,26550.0,26600,ATM+10,PUT,26100,2025-12-02
2025-12-02 10:29:00+05:30,519.15,519.15,519.15,519.15,0,87375,25.784345,26078.8,26600.0,26600,ATM+10,PUT,26100,2025-12-02
2025-12-02 10:30:00+05:30,511.85,519.15,510.0,510.0,825,104025,0.0,26077.9,26600.0,26600,ATM+10,PUT,26100,2025-12-02
2025-12-02 10:31:00+05:30,514.9,514.9,505.5,507.4,600,103200,0.0,26084.1,26600.0,26600,ATM+10,PUT,26100,2025-12-02
2025-12-02 10:32:00+05:30,506.45,507.4,506.45,506.45,75,103200,0.0,26081.6,26600.0,26600,ATM+10,PUT,26100,2025-12-02
2025-12-02 10:33:00+05:30,510.0,512.2,505.0,505.0,1350,103200,0.0,26082.85,26600.0,26600,ATM+10,PUT,26100,2025-12-02
2025-12-02 10:34:00+05:30,505.0,505.0,500.45,500.45,1050,103200,0.0,26086.95,26600.0,26600,ATM+10,PUT,26100,2025-12-02
2025-12-02 10:35:00+05:30,500.0,501.7,500.0,501.7,300,102450,0.0,26090.05,26600.0,26600,ATM+10,PUT,26100,2025-12-02
2025-12-02 10:36:00+05:30,501.9,501.9,501.7,501.9,150,102450,0.0,26089.15,26600.0,26600,ATM+10,PUT,26100,2025-12-02
2025-12-02 10:37:00+05:30,509.1,509.1,501.9,504.0,450,102675,0.0,26083.55,26600.0,26600,ATM+10,PUT,26100,2025-12-02
2025-12-02 10:38:00+05:30,505.1,505.1,504.0,505.1,75,102675,0.0,26084.4,26600.0,26600,ATM+10,PUT,26100,2025-12-02
2025-12-02 10:39:00+05:30,507.8,507.8,505.1,507.8,525,102675,0.0,26083.1,26600.0,26600,ATM+10,PUT,26100,2025-12-02
2025-12-02 10:40:00+05:30,506.25,507.8,501.05,505.9,300,102600,0.0,26082.95,26600.0,26600,ATM+10,PUT,26100,2025-12-02
2025-12-02 10:41:00+05:30,502.0,505.9,499.7,499.7,150,102600,0.0,26088.55,26600.0,26600,ATM+10,PUT,26100,2025-12-02
2025-12-02 10:42:00+05:30,495.0,499.7,495.0,495.0,300,102600,0.0,26087.35,26600.0,26600,ATM+10,PUT,26100,2025-12-02
2025-12-02 10:43:00+05:30,506.7,511.5,495.0,511.5,450,102600,0.0,26081.55,26600.0,26600,ATM+10,PUT,26100,2025-12-02
2025-12-02 10:44:00+05:30,464.95,465.45,458.95,464.95,900,48150,0.0,26074.65,26550.0,26600,ATM+10,PUT,26100,2025-12-02
2025-12-02 10:45:00+05:30,515.45,520.0,515.45,515.95,450,102600,0.0,26076.35,26600.0,26600,ATM+10,PUT,26100,2025-12-02
2025-12-02 10:46:00+05:30,470.0,470.0,469.9,470.0,75,48150,0.0,26069.8,26550.0,26600,ATM+10,PUT,26100,2025-12-02
2025-12-02 10:47:00+05:30,470.0,470.0,470.0,470.0,0,48150,0.0,26071.7,26550.0,26600,ATM+10,PUT,26100,2025-12-02
2025-12-02 10:48:00+05:30,470.0,470.0,470.0,470.0,0,48150,0.0,26074.35,26550.0,26600,ATM+10,PUT,26100,2025-12-02
2025-12-02 10:49:00+05:30,512.45,519.85,512.45,512.45,75,101025,0.0,26077.1,26600.0,26600,ATM+10,PUT,26100,2025-12-02
2025-12-02 10:50:00+05:30,511.0,512.45,503.0,503.0,675,101025,0.0,26090.15,26600.0,26600,ATM+10,PUT,26100,2025-12-02
2025-12-02 10:51:00+05:30,493.2,503.0,493.2,494.65,375,101025,0.0,26094.25,26600.0,26600,ATM+10,PUT,26100,2025-12-02
2025-12-02 10:52:00+05:30,495.1,495.1,494.05,494.05,225,101025,0.0,26098.15,26600.0,26600,ATM+10,PUT,26100,2025-12-02
2025-12-02 10:53:00+05:30,494.05,494.05,494.05,494.05,0,101025,0.0,26096.2,26600.0,26600,ATM+10,PUT,26100,2025-12-02
2025-12-02 10:54:00+05:30,494.8,498.5,494.05,497.05,600,100800,0.0,26092.15,26600.0,26600,ATM+10,PUT,26100,2025-12-02
2025-12-02 10:55:00+05:30,497.05,497.05,497.05,497.05,0,100800,0.0,26091.4,26600.0,26600,ATM+10,PUT,26100,2025-12-02
2025-12-02 10:56:00+05:30,500.95,500.95,497.05,500.95,75,100425,0.0,26092.3,26600.0,26600,ATM+10,PUT,26100,2025-12-02
2025-12-02 10:57:00+05:30,498.7,500.95,496.8,496.8,375,100425,0.0,26091.05,26600.0,26600,ATM+10,PUT,26100,2025-12-02
2025-12-02 10:58:00+05:30,496.8,496.8,496.8,496.8,0,100425,0.0,26089.4,26600.0,26600,ATM+10,PUT,26100,2025-12-02
2025-12-02 10:59:00+05:30,499.0,499.0,491.6,492.0,225,100425,0.0,26098.2,26600.0,26600,ATM+10,PUT,26100,2025-12-02
2025-12-02 11:00:00+05:30,490.45,494.05,490.45,494.05,525,100425,0.0,26092.55,26600.0,26600,ATM+10,PUT,26100,2025-12-02
2025-12-02 11:01:00+05:30,500.6,505.0,494.05,505.0,450,100200,0.0,26085.75,26600.0,26600,ATM+10,PUT,26100,2025-12-02
2025-12-02 11:02:00+05:30,503.45,505.0,497.95,497.95,225,100200,0.0,26093.35,26600.0,26600,ATM+10,PUT,26100,2025-12-02
2025-12-02 11:03:00+05:30,497.6,497.95,494.95,494.95,300,100200,0.0,26095.9,26600.0,26600,ATM+10,PUT,26100,2025-12-02
2025-12-02 11:04:00+05:30,494.6,494.95,494.4,494.4,300,100575,0.0,26098.05,26600.0,26600,ATM+10,PUT,26100,2025-12-02
2025-12-02 11:05:00+05:30,499.4,499.4,494.4,499.4,75,100575,0.0,26094.85,26600.0,26600,ATM+10,PUT,26100,2025-12-02
2025-12-02 11:06:00+05:30,496.0,499.4,496.0,496.0,225,100575,0.0,26095.6,26600.0,26600,ATM+10,PUT,26100,2025-12-02
2025-12-02 11:07:00+05:30,496.7,496.7,495.0,495.0,150,100800,0.0,26095.25,26600.0,26600,ATM+10,PUT,26100,2025-12-02
2025-12-02 11:08:00+05:30,496.3,496.3,495.0,496.3,75,100800,0.0,26092.95,26600.0,26600,ATM+10,PUT,26100,2025-12-02
2025-12-02 11:09:00+05:30,494.0,496.3,494.0,494.0,150,100800,0.0,26096.75,26600.0,26600,ATM+10,PUT,26100,2025-12-02
2025-12-02 11:10:00+05:30,494.8,494.8,494.0,494.8,75,100800,0.0,26095.25,26600.0,26600,ATM+10,PUT,26100,2025-12-02
2025-12-02 11:11:00+05:30,496.0,500.0,494.8,496.85,225,100950,0.0,26094.1,26600.0,26600,ATM+10,PUT,26100,2025-12-02
2025-12-02 11:12:00+05:30,498.2,498.2,496.85,497.6,375,100950,0.0,26091.85,26600.0,26600,ATM+10,PUT,26100,2025-12-02
2025-12-02 11:13:00+05:30,500.0,512.0,497.6,512.0,525,100575,20.422473,26085.15,26600.0,26600,ATM+10,PUT,26100,2025-12-02
2025-12-02 11:14:00+05:30,512.0,512.0,512.0,512.0,0,100575,0.0,26080.75,26600.0,26600,ATM+10,PUT,26100,2025-12-02
2025-12-02 11:15:00+05:30,510.0,512.0,510.0,510.0,75,100575,0.0,26081.1,26600.0,26600,ATM+10,PUT,26100,2025-12-02
2025-12-02 11:16:00+05:30,513.0,519.6,510.0,515.0,2775,98925,0.0,26075.95,26600.0,26600,ATM+10,PUT,26100,2025-12-02
2025-12-02 11:17:00+05:30,516.0,516.0,510.75,510.75,525,98925,0.0,26079.75,26600.0,26600,ATM+10,PUT,26100,2025-12-02
2025-12-02 11:18:00+05:30,513.2,513.2,510.75,513.2,75,98925,0.0,26080.9,26600.0,26600,ATM+10,PUT,26100,2025-12-02
2025-12-02 11:19:00+05:30,512.55,513.2,512.55,512.55,75,98925,0.0,26081.2,26600.0,26600,ATM+10,PUT,26100,2025-12-02
2025-12-02 11:20:00+05:30,515.0,516.2,512.55,514.6,1950,98925,0.0,26076.55,26600.0,26600,ATM+10,PUT,26100,2025-12-02
2025-12-02 11:21:00+05:30,515.45,517.0,514.6,516.15,1425,98925,0.0,26075.3,26600.0,26600,ATM+10,PUT,26100,2025-12-02
2025-12-02 11:22:00+05:30,472.1,475.0,467.8,475.0,675,48075,0.0,26070.8,26550.0,26600,ATM+10,PUT,26100,2025-12-02
2025-12-02 11:23:00+05:30,469.95,475.0,469.95,469.95,75,48075,0.0,26072.35,26550.0,26600,ATM+10,PUT,26100,2025-12-02
2025-12-02 11:24:00+05:30,507.5,520.35,507.5,507.5,300,98100,0.0,26082.05,26600.0,26600,ATM+10,PUT,26100,2025-12-02
2025-12-02 11:25:00+05:30,507.85,507.85,506.15,506.15,150,97875,0.0,26083.7,26600.0,26600,ATM+10,PUT,26100,2025-12-02
2025-12-02 11:26:00+05:30,506.15,506.15,506.15,506.15,0,97875,0.0,26077.25,26600.0,26600,ATM+10,PUT,26100,2025-12-02
2025-12-02 11:27:00+05:30,469.5,469.95,466.7,469.95,300,48075,0.0,26072.95,26550.0,26600,ATM+10,PUT,26100,2025-12-02
2025-12-02 11:28:00+05:30,467.9,469.95,467.9,467.9,75,48075,0.0,26071.35,26550.0,26600,ATM+10,PUT,26100,2025-12-02
2025-12-02 11:29:00+05:30,471.0,477.95,467.9,475.7,750,48075,0.0,26068.4,26550.0,26600,ATM+10,PUT,26100,2025-12-02
2025-12-02 11:30:00+05:30,475.7,480.4,475.7,478.75,825,48075,0.0,26066.75,26550.0,26600,ATM+10,PUT,26100,2025-12-02
2025-12-02 11:31:00+05:30,478.75,478.75,478.75,478.75,0,48075,0.0,26067.4,26550.0,26600,ATM+10,PUT,26100,2025-12-02
2025-12-02 11:32:00+05:30,478.75,483.05,478.75,483.05,600,46950,30.97313,26068.0,26550.0,26600,ATM+10,PUT,26100,2025-12-02
2025-12-02 11:33:00+05:30,483.05,483.05,483.05,483.05,0,46950,31.131398,26068.1,26550.0,26600,ATM+10,PUT,26100,2025-12-02
2025-12-02 11:34:00+05:30,482.75,483.05,480.65,480.65,225,46950,20.795931,26066.7,26550.0,26600,ATM+10,PUT,26100,2025-12-02
2025-12-02 11:35:00+05:30,481.05,481.05,480.65,481.05,150,46500,23.957692,26066.8,26550.0,26600,ATM+10,PUT,26100,2025-12-02
2025-12-02 11:36:00+05:30,482.75,482.75,481.05,482.75,150,46500,25.815863,26065.6,26550.0,26600,ATM+10,PUT,26100,2025-12-02
2025-12-02 11:37:00+05:30,482.75,482.75,482.75,482.75,0,46500,29.613829,26067.35,26550.0,26600,ATM+10,PUT,26100,2025-12-02
2025-12-02 11:38:00+05:30,474.0,482.75,470.0,470.0,375,46500,0.0,26073.05,26550.0,26600,ATM+10,PUT,26100,2025-12-02
2025-12-02 11:39:00+05:30,471.15,471.15,467.8,467.8,825,46500,0.0,26071.85,26550.0,26600,ATM+10,PUT,26100,2025-12-02
2025-12-02 11:40:00+05:30,473.35,473.35,467.8,473.35,75,46500,0.0,26070.65,26550.0,26600,ATM+10,PUT,26100,2025-12-02
2025-12-02 11:41:00+05:30,479.0,486.0,473.35,486.0,600,46725,29.597455,26063.95,26550.0,26600,ATM+10,PUT,26100,2025-12-02
2025-12-02 11:42:00+05:30,484.0,486.0,481.25,481.25,600,46725,0.0,26063.95,26550.0,26600,ATM+10,PUT,26100,2025-12-02
2025-12-02 11:43:00+05:30,481.05,482.05,481.05,482.05,375,46725,0.0,26064.1,26550.0,26600,ATM+10,PUT,26100,2025-12-02
2025-12-02 11:44:00+05:30,480.0,482.05,480.0,480.0,75,46350,15.747141,26063.3,26550.0,26600,ATM+10,PUT,26100,2025-12-02
2025-12-02 11:45:00+05:30,480.0,480.0,480.0,480.0,0,46350,0.0,26062.2,26550.0,26600,ATM+10,PUT,26100,2025-12-02
2025-12-02 11:46:00+05:30,482.35,482.35,480.0,480.5,225,46350,0.0,26061.75,26550.0,26600,ATM+10,PUT,26100,2025-12-02
2025-12-02 11:47:00+05:30,481.2,485.6,480.5,485.6,450,46425,0.0,26060.95,26550.0,26600,ATM+10,PUT,26100,2025-12-02
2025-12-02 11:48:00+05:30,485.6,485.6,485.6,485.6,0,46425,26.777419,26063.0,26550.0,26600,ATM+10,PUT,26100,2025-12-02
2025-12-02 11:49:00+05:30,472.35,485.6,472.35,472.35,75,46350,0.0,26069.05,26550.0,26600,ATM+10,PUT,26100,2025-12-02
2025-12-02 11:50:00+05:30,475.5,480.65,472.35,480.65,225,46350,0.0,26063.9,26550.0,26600,ATM+10,PUT,26100,2025-12-02
2025-12-02 11:51:00+05:30,480.65,480.65,480.65,480.65,0,46350,0.0,26062.7,26550.0,26600,ATM+10,PUT,26100,2025-12-02
2025-12-02 11:52:00+05:30,487.8,487.8,480.65,487.8,525,46350,24.903517,26060.2,26550.0,26600,ATM+10,PUT,26100,2025-12-02
2025-12-02 11:53:00+05:30,485.85,487.8,485.85,485.85,75,46125,0.0,26057.7,26550.0,26600,ATM+10,PUT,26100,2025-12-02
2025-12-02 11:54:00+05:30,490.0,495.0,485.85,493.8,675,46125,0.0,26053.25,26550.0,26600,ATM+10,PUT,26100,2025-12-02
2025-12-02 11:55:00+05:30,493.8,493.8,493.8,493.8,0,46125,0.0,26047.65,26550.0,26600,ATM+10,PUT,26100,2025-12-02
2025-12-02 11:56:00+05:30,493.8,493.8,493.8,493.8,75,46050,0.0,26046.75,26550.0,26600,ATM+10,PUT,26100,2025-12-02
2025-12-02 11:57:00+05:30,490.4,493.8,490.4,490.4,150,46050,0.0,26048.4,26550.0,26600,ATM+10,PUT,26100,2025-12-02
2025-12-02 11:58:00+05:30,491.15,491.15,488.05,488.05,150,46050,0.0,26051.9,26550.0,26600,ATM+10,PUT,26100,2025-12-02
2025-12-02 11:59:00+05:30,485.8,488.05,485.8,485.8,75,45750,0.0,26053.75,26550.0,26600,ATM+10,PUT,26100,2025-12-02
2025-12-02 12:00:00+05:30,485.8,485.8,485.8,485.8,0,45750,0.0,26046.8,26550.0,26600,ATM+10,PUT,26100,2025-12-02
2025-12-02 12:01:00+05:30,492.0,497.85,485.8,497.85,300,45750,0.0,26044.65,26550.0,26600,ATM+10,PUT,26100,2025-12-02
2025-12-02 12:02:00+05:30,497.85,497.85,497.85,497.85,0,45750,28.827696,26051.25,26550.0,26600,ATM+10,PUT,26100,2025-12-02
2025-12-02 12:03:00+05:30,485.45,497.85,485.45,485.45,75,45675,0.0,26055.65,26550.0,26600,ATM+10,PUT,26100,2025-12-02
2025-12-02 12:04:00+05:30,485.25,485.45,485.25,485.25,75,45675,0.0,26052.45,26550.0,26600,ATM+10,PUT,26100,2025-12-02
2025-12-02 12:05:00+05:30,495.1,495.1,485.25,495.1,75,45675,0.0,26042.45,26550.0,26600,ATM+10,PUT,26100,2025-12-02
2025-12-02 12:06:00+05:30,495.1,495.1,495.1,495.1,0,45675,0.0,26046.6,26550.0,26600,ATM+10,PUT,26100,2025-12-02
2025-12-02 12:07:00+05:30,489.85,495.1,485.35,485.35,150,45675,0.0,26055.85,26550.0,26600,ATM+10,PUT,26100,2025-12-02
2025-12-02 12:08:00+05:30,485.35,485.35,485.35,485.35,0,45675,0.0,26051.55,26550.0,26600,ATM+10,PUT,26100,2025-12-02
2025-12-02 12:09:00+05:30,485.35,485.35,485.35,485.35,0,45675,0.0,26054.85,26550.0,26600,ATM+10,PUT,26100,2025-12-02
2025-12-02 12:10:00+05:30,485.35,485.35,485.35,485.35,0,45675,0.0,26052.7,26550.0,26600,ATM+10,PUT,26100,2025-12-02
2025-12-02 12:11:00+05:30,485.35,485.35,485.35,485.35,0,45675,0.0,26056.05,26550.0,26600,ATM+10,PUT,26100,2025-12-02
2025-12-02 12:12:00+05:30,485.35,485.35,485.35,485.35,0,45675,0.0,26058.6,26550.0,26600,ATM+10,PUT,26100,2025-12-02
2025-12-02 12:13:00+05:30,481.85,485.35,481.85,481.85,75,45525,0.0,26056.5,26550.0,26600,ATM+10,PUT,26100,2025-12-02
2025-12-02 12:14:00+05:30,481.85,481.85,481.85,481.85,0,45525,0.0,26051.55,26550.0,26600,ATM+10,PUT,26100,2025-12-02
2025-12-02 12:15:00+05:30,481.85,481.85,481.85,481.85,0,45525,0.0,26052.7,26550.0,26600,ATM+10,PUT,26100,2025-12-02
2025-12-02 12:16:00+05:30,489.6,489.6,481.85,489.6,75,45525,0.0,26049.3,26550.0,26600,ATM+10,PUT,26100,2025-12-02
2025-12-02 12:17:00+05:30,480.75,489.6,480.75,480.75,75,45450,0.0,26060.8,26550.0,26600,ATM+10,PUT,26100,2025-12-02
2025-12-02 12:18:00+05:30,477.2,480.75,477.2,477.2,75,45450,0.0,26058.45,26550.0,26600,ATM+10,PUT,26100,2025-12-02
2025-12-02 12:19:00+05:30,477.2,477.2,477.2,477.2,0,45450,0.0,26056.45,26550.0,26600,ATM+10,PUT,26100,2025-12-02
2025-12-02 12:20:00+05:30,479.8,479.8,477.2,479.8,75,45525,0.0,26058.1,26550.0,26600,ATM+10,PUT,26100,2025-12-02
2025-12-02 12:21:00+05:30,479.8,479.8,479.8,479.8,0,45525,0.0,26057.95,26550.0,26600,ATM+10,PUT,26100,2025-12-02
2025-12-02 12:22:00+05:30,479.8,479.8,479.8,479.8,0,45525,0.0,26059.85,26550.0,26600,ATM+10,PUT,26100,2025-12-02
2025-12-02 12:23:00+05:30,480.9,480.9,479.8,480.9,75,45525,0.0,26058.05,26550.0,26600,ATM+10,PUT,26100,2025-12-02
2025-12-02 12:24:00+05:30,480.9,480.9,480.9,480.9,0,45525,0.0,26065.0,26550.0,26600,ATM+10,PUT,26100,2025-12-02
2025-12-02 12:25:00+05:30,477.25,480.9,477.25,477.25,75,45525,0.0,26062.75,26550.0,26600,ATM+10,PUT,26100,2025-12-02
2025-12-02 12:26:00+05:30,474.65,477.25,473.0,473.0,1500,45525,0.0,26062.75,26550.0,26600,ATM+10,PUT,26100,2025-12-02
2025-12-02 12:27:00+05:30,473.0,473.0,473.0,473.0,0,45525,0.0,26061.55,26550.0,26600,ATM+10,PUT,26100,2025-12-02
2025-12-02 12:28:00+05:30,473.0,473.0,473.0,473.0,0,45525,0.0,26059.65,26550.0,26600,ATM+10,PUT,26100,2025-12-02
2025-12-02 12:29:00+05:30,477.35,477.35,473.0,477.35,75,45525,0.0,26066.45,26550.0,26600,ATM+10,PUT,26100,2025-12-02
2025-12-02 12:30:00+05:30,472.3,477.35,472.3,472.3,300,44775,0.0,26066.2,26550.0,26600,ATM+10,PUT,26100,2025-12-02
2025-12-02 12:31:00+05:30,472.3,472.3,472.3,472.3,0,44775,0.0,26063.5,26550.0,26600,ATM+10,PUT,26100,2025-12-02
2025-12-02 12:32:00+05:30,473.2,475.55,472.3,475.55,675,44775,0.0,26065.65,26550.0,26600,ATM+10,PUT,26100,2025-12-02
2025-12-02 12:33:00+05:30,470.0,475.55,467.35,467.35,375,44775,0.0,26072.35,26550.0,26600,ATM+10,PUT,26100,2025-12-02
2025-12-02 12:34:00+05:30,465.4,467.35,463.2,463.2,300,44775,0.0,26073.75,26550.0,26600,ATM+10,PUT,26100,2025-12-02
2025-12-02 12:35:00+05:30,513.6,514.0,510.1,510.1,150,94200,0.0,26083.6,26600.0,26600,ATM+10,PUT,26100,2025-12-02
2025-12-02 12:36:00+05:30,504.95,510.1,504.95,509.6,225,94200,0.0,26079.65,26600.0,26600,ATM+10,PUT,26100,2025-12-02
2025-12-02 12:37:00+05:30,511.8,511.8,509.6,511.55,150,94200,0.0,26077.85,26600.0,26600,ATM+10,PUT,26100,2025-12-02
2025-12-02 12:38:00+05:30,468.65,468.65,461.55,468.65,75,44625,0.0,26072.25,26550.0,26600,ATM+10,PUT,26100,2025-12-02
2025-12-02 12:39:00+05:30,469.1,470.0,468.35,468.35,2850,44625,0.0,26072.3,26550.0,26600,ATM+10,PUT,26100,2025-12-02
2025-12-02 12:40:00+05:30,468.35,468.35,468.35,468.35,0,44625,0.0,26073.4,26550.0,26600,ATM+10,PUT,26100,2025-12-02
2025-12-02 12:41:00+05:30,469.1,469.1,468.35,469.1,375,43350,0.0,26066.4,26550.0,26600,ATM+10,PUT,26100,2025-12-02
2025-12-02 12:42:00+05:30,476.95,478.95,469.1,478.95,375,43350,0.0,26062.35,26550.0,26600,ATM+10,PUT,26100,2025-12-02
2025-12-02 12:43:00+05:30,476.45,478.95,475.85,475.85,750,43350,0.0,26061.6,26550.0,26600,ATM+10,PUT,26100,2025-12-02
2025-12-02 12:44:00+05:30,477.0,478.0,475.85,478.0,375,42750,0.0,26060.6,26550.0,26600,ATM+10,PUT,26100,2025-12-02
2025-12-02 12:45:00+05:30,479.75,481.15,478.0,481.15,300,42750,0.0,26059.8,26550.0,26600,ATM+10,PUT,26100,2025-12-02
2025-12-02 12:46:00+05:30,483.2,483.2,481.15,483.2,150,42750,0.0,26055.15,26550.0,26600,ATM+10,PUT,26100,2025-12-02
2025-12-02 12:47:00+05:30,485.3,485.65,483.2,485.65,225,42750,0.0,26056.1,26550.0,26600,ATM+10,PUT,26100,2025-12-02
2025-12-02 12:48:00+05:30,485.65,485.65,485.65,485.65,0,42750,0.0,26054.75,26550.0,26600,ATM+10,PUT,26100,2025-12-02
2025-12-02 12:49:00+05:30,485.65,485.65,485.65,485.65,0,42750,0.0,26049.4,26550.0,26600,ATM+10,PUT,26100,2025-12-02
2025-12-02 12:50:00+05:30,490.55,490.55,485.65,490.55,75,42150,0.0,26050.25,26550.0,26600,ATM+10,PUT,26100,2025-12-02
2025-12-02 12:51:00+05:30,487.2,490.55,487.2,487.2,75,42075,0.0,26050.4,26550.0,26600,ATM+10,PUT,26100,2025-12-02
2025-12-02 12:52:00+05:30,487.2,487.2,487.2,487.2,0,42075,0.0,26049.75,26550.0,26600,ATM+10,PUT,26100,2025-12-02
2025-12-02 12:53:00+05:30,490.2,490.2,487.2,490.2,75,42000,0.0,26049.3,26550.0,26600,ATM+10,PUT,26100,2025-12-02
2025-12-02 12:54:00+05:30,491.1,496.85,490.2,496.6,1350,42000,0.0,26043.9,26550.0,26600,ATM+10,PUT,26100,2025-12-02
2025-12-02 12:55:00+05:30,499.95,499.95,496.6,499.95,75,42000,0.0,26044.45,26550.0,26600,ATM+10,PUT,26100,2025-12-02
2025-12-02 12:56:00+05:30,499.95,499.95,499.95,499.95,0,42000,0.0,26040.75,26550.0,26600,ATM+10,PUT,26100,2025-12-02
2025-12-02 12:57:00+05:30,507.7,507.7,499.95,507.7,150,41775,0.0,26038.75,26550.0,26600,ATM+10,PUT,26100,2025-12-02
2025-12-02 12:58:00+05:30,505.6,507.7,503.15,503.15,150,41775,0.0,26040.95,26550.0,26600,ATM+10,PUT,26100,2025-12-02
2025-12-02 12:59:00+05:30,503.15,503.15,503.15,503.15,0,41850,0.0,26041.2,26550.0,26600,ATM+10,PUT,26100,2025-12-02
2025-12-02 13:00:00+05:30,503.15,503.15,503.15,503.15,0,41850,0.0,26040.95,26550.0,26600,ATM+10,PUT,26100,2025-12-02
2025-12-02 13:01:00+05:30,503.15,503.15,503.15,503.15,0,41850,0.0,26037.5,26550.0,26600,ATM+10,PUT,26100,2025-12-02
2025-12-02 13:02:00+05:30,504.0,504.0,503.15,504.0,150,41850,0.0,26039.15,26550.0,26600,ATM+10,PUT,26100,2025-12-02
2025-12-02 13:03:00+05:30,504.0,504.0,504.0,504.0,0,41850,0.0,26038.7,26550.0,26600,ATM+10,PUT,26100,2025-12-02
2025-12-02 13:04:00+05:30,504.0,504.0,504.0,504.0,0,41850,0.0,26043.3,26550.0,26600,ATM+10,PUT,26100,2025-12-02
2025-12-02 13:05:00+05:30,495.65,512.05,495.65,512.05,4200,41775,0.0,26034.9,26550.0,26600,ATM+10,PUT,26100,2025-12-02
2025-12-02 13:06:00+05:30,506.5,512.05,506.5,506.5,225,41775,0.0,26035.15,26550.0,26600,ATM+10,PUT,26100,2025-12-02
2025-12-02 13:07:00+05:30,503.4,506.5,497.5,497.5,2175,41775,0.0,26039.5,26550.0,26600,ATM+10,PUT,26100,2025-12-02
2025-12-02 13:08:00+05:30,497.5,497.5,497.5,497.5,0,41775,0.0,26043.45,26550.0,26600,ATM+10,PUT,26100,2025-12-02
2025-12-02 13:09:00+05:30,485.0,497.5,485.0,485.0,300,41400,0.0,26051.5,26550.0,26600,ATM+10,PUT,26100,2025-12-02
2025-12-02 13:10:00+05:30,498.2,498.2,485.0,498.2,75,41400,0.0,26038.85,26550.0,26600,ATM+10,PUT,26100,2025-12-02
2025-12-02 13:11:00+05:30,498.2,498.2,498.2,498.2,0,41400,0.0,26038.5,26550.0,26600,ATM+10,PUT,26100,2025-12-02
2025-12-02 13:12:00+05:30,504.05,504.05,498.2,504.05,150,41325,0.0,26037.9,26550.0,26600,ATM+10,PUT,26100,2025-12-02
2025-12-02 13:13:00+05:30,504.05,504.05,504.05,504.05,0,41325,0.0,26039.55,26550.0,26600,ATM+10,PUT,26100,2025-12-02
2025-12-02 13:14:00+05:30,504.05,504.05,504.05,504.05,0,41325,0.0,26035.8,26550.0,26600,ATM+10,PUT,26100,2025-12-02
2025-12-02 13:15:00+05:30,506.05,506.05,504.05,506.05,75,41250,0.0,26036.45,26550.0,26600,ATM+10,PUT,26100,2025-12-02
2025-12-02 13:16:00+05:30,506.05,506.05,506.05,506.05,0,41250,0.0,26033.1,26550.0,26600,ATM+10,PUT,26100,2025-12-02
2025-12-02 13:17:00+05:30,509.9,509.9,506.05,507.6,375,41325,0.0,26033.1,26550.0,26600,ATM+10,PUT,26100,2025-12-02
2025-12-02 13:18:00+05:30,507.6,507.6,507.6,507.6,0,41325,0.0,26035.05,26550.0,26600,ATM+10,PUT,26100,2025-12-02
2025-12-02 13:19:00+05:30,507.6,507.6,507.6,507.6,0,41325,0.0,26035.0,26550.0,26600,ATM+10,PUT,26100,2025-12-02
2025-12-02 13:20:00+05:30,508.0,508.0,507.6,508.0,75,41400,0.0,26033.95,26550.0,26600,ATM+10,PUT,26100,2025-12-02
2025-12-02 13:21:00+05:30,507.05,512.9,501.0,501.0,525,41400,0.0,26034.25,26550.0,26600,ATM+10,PUT,26100,2025-12-02
2025-12-02 13:22:00+05:30,499.05,501.0,499.05,499.05,75,41400,0.0,26038.9,26550.0,26600,ATM+10,PUT,26100,2025-12-02
2025-12-02 13:23:00+05:30,498.0,499.05,498.0,498.0,75,41400,0.0,26045.3,26550.0,26600,ATM+10,PUT,26100,2025-12-02
2025-12-02 13:24:00+05:30,493.65,498.0,493.65,493.65,75,41550,0.0,26045.75,26550.0,26600,ATM+10,PUT,26100,2025-12-02
2025-12-02 13:25:00+05:30,493.65,493.65,493.65,493.65,0,41550,0.0,26041.75,26550.0,26600,ATM+10,PUT,26100,2025-12-02
2025-12-02 13:26:00+05:30,493.65,493.65,493.65,493.65,0,41550,0.0,26041.7,26550.0,26600,ATM+10,PUT,26100,2025-12-02
2025-12-02 13:27:00+05:30,493.65,493.65,493.65,493.65,0,41550,0.0,26039.5,26550.0,26600,ATM+10,PUT,26100,2025-12-02
2025-12-02 13:28:00+05:30,498.3,498.3,493.65,498.3,225,41550,0.0,26038.4,26550.0,26600,ATM+10,PUT,26100,2025-12-02
2025-12-02 13:29:00+05:30,501.15,501.15,498.3,501.15,150,41550,0.0,26035.35,26550.0,26600,ATM+10,PUT,26100,2025-12-02
2025-12-02 13:30:00+05:30,505.3,505.3,501.15,505.3,150,41400,0.0,26034.55,26550.0,26600,ATM+10,PUT,26100,2025-12-02
2025-12-02 13:31:00+05:30,505.3,505.3,505.3,505.3,0,41400,0.0,26034.5,26550.0,26600,ATM+10,PUT,26100,2025-12-02
2025-12-02 13:32:00+05:30,502.9,505.3,502.9,502.9,150,41400,0.0,26036.55,26550.0,26600,ATM+10,PUT,26100,2025-12-02
2025-12-02 13:33:00+05:30,502.9,502.9,502.9,502.9,0,41400,0.0,26039.75,26550.0,26600,ATM+10,PUT,26100,2025-12-02
2025-12-02 13:34:00+05:30,502.9,502.9,502.9,502.9,0,41400,0.0,26040.55,26550.0,26600,ATM+10,PUT,26100,2025-12-02
2025-12-02 13:35:00+05:30,502.9,502.9,502.9,502.9,0,41400,0.0,26038.6,26550.0,26600,ATM+10,PUT,26100,2025-12-02
2025-12-02 13:36:00+05:30,506.0,508.15,502.9,508.15,300,41400,0.0,26029.65,26550.0,26600,ATM+10,PUT,26100,2025-12-02
2025-12-02 13:37:00+05:30,510.7,510.7,508.15,510.7,150,41400,0.0,26031.1,26550.0,26600,ATM+10,PUT,26100,2025-12-02
2025-12-02 13:38:00+05:30,508.15,510.7,508.15,508.15,300,41550,37.211074,26043.9,26550.0,26600,ATM+10,PUT,26100,2025-12-02
2025-12-02 13:39:00+05:30,508.15,508.15,508.15,508.15,0,41550,0.0,26035.3,26550.0,26600,ATM+10,PUT,26100,2025-12-02
2025-12-02 13:40:00+05:30,508.15,508.15,508.15,508.15,0,41550,0.0,26036.65,26550.0,26600,ATM+10,PUT,26100,2025-12-02
2025-12-02 13:41:00+05:30,508.15,508.15,508.15,508.15,0,41550,0.0,26035.4,26550.0,26600,ATM+10,PUT,26100,2025-12-02
2025-12-02 13:42:00+05:30,508.15,508.15,508.15,508.15,0,41550,0.0,26033.85,26550.0,26600,ATM+10,PUT,26100,2025-12-02
2025-12-02 13:43:00+05:30,508.15,508.15,508.15,508.15,0,41550,0.0,26032.45,26550.0,26600,ATM+10,PUT,26100,2025-12-02
2025-12-02 13:44:00+05:30,508.15,508.15,508.15,508.15,0,41550,0.0,26036.65,26550.0,26600,ATM+10,PUT,26100,2025-12-02
2025-12-02 13:45:00+05:30,504.3,508.15,504.3,504.3,75,41850,0.0,26035.6,26550.0,26600,ATM+10,PUT,26100,2025-12-02
2025-12-02 13:46:00+05:30,508.4,512.25,504.3,512.25,300,41850,0.0,26033.75,26550.0,26600,ATM+10,PUT,26100,2025-12-02
2025-12-02 13:47:00+05:30,498.05,512.25,498.05,498.05,300,41850,0.0,26039.7,26550.0,26600,ATM+10,PUT,26100,2025-12-02
2025-12-02 13:48:00+05:30,495.0,498.05,495.0,495.0,75,41850,0.0,26044.6,26550.0,26600,ATM+10,PUT,26100,2025-12-02
2025-12-02 13:49:00+05:30,495.0,495.0,495.0,495.0,0,41850,0.0,26041.5,26550.0,26600,ATM+10,PUT,26100,2025-12-02
2025-12-02 13:50:00+05:30,495.15,495.15,495.0,495.15,150,41550,0.0,26041.35,26550.0,26600,ATM+10,PUT,26100,2025-12-02
2025-12-02 13:51:00+05:30,490.0,495.15,486.85,486.85,150,41550,0.0,26047.55,26550.0,26600,ATM+10,PUT,26100,2025-12-02
2025-12-02 13:52:00+05:30,490.85,490.85,486.85,490.85,75,41550,0.0,26048.85,26550.0,26600,ATM+10,PUT,26100,2025-12-02
2025-12-02 13:53:00+05:30,490.85,490.85,490.85,490.85,0,41550,0.0,26044.25,26550.0,26600,ATM+10,PUT,26100,2025-12-02
2025-12-02 13:54:00+05:30,492.3,492.3,490.85,492.3,75,41550,0.0,26042.6,26550.0,26600,ATM+10,PUT,26100,2025-12-02
2025-12-02 13:55:00+05:30,502.4,502.4,492.3,502.4,75,41550,0.0,26039.25,26550.0,26600,ATM+10,PUT,26100,2025-12-02
2025-12-02 13:56:00+05:30,497.0,502.4,485.4,485.4,150,41625,0.0,26051.45,26550.0,26600,ATM+10,PUT,26100,2025-12-02
2025-12-02 13:57:00+05:30,485.3,485.4,485.3,485.3,150,41625,0.0,26054.85,26550.0,26600,ATM+10,PUT,26100,2025-12-02
2025-12-02 13:58:00+05:30,485.35,485.35,481.0,481.0,375,41625,0.0,26058.05,26550.0,26600,ATM+10,PUT,26100,2025-12-02
2025-12-02 13:59:00+05:30,481.0,481.85,481.0,481.85,150,41625,0.0,26059.45,26550.0,26600,ATM+10,PUT,26100,2025-12-02
2025-12-02 14:00:00+05:30,481.85,481.85,481.85,481.85,0,41625,0.0,26049.95,26550.0,26600,ATM+10,PUT,26100,2025-12-02
2025-12-02 14:01:00+05:30,499.0,499.0,481.85,499.0,75,41625,0.0,26041.8,26550.0,26600,ATM+10,PUT,26100,2025-12-02
2025-12-02 14:02:00+05:30,499.0,499.0,499.0,499.0,0,41625,0.0,26046.0,26550.0,26600,ATM+10,PUT,26100,2025-12-02
2025-12-02 14:03:00+05:30,499.0,499.0,499.0,499.0,0,41625,35.420376,26051.85,26550.0,26600,ATM+10,PUT,26100,2025-12-02
2025-12-02 14:04:00+05:30,487.05,499.0,485.15,487.45,300,41550,0.0,26054.85,26550.0,26600,ATM+10,PUT,26100,2025-12-02
2025-12-02 14:05:00+05:30,487.45,487.45,487.45,487.45,0,41550,0.0,26055.5,26550.0,26600,ATM+10,PUT,26100,2025-12-02
2025-12-02 14:06:00+05:30,497.7,497.7,487.45,493.65,300,41550,0.0,26040.7,26550.0,26600,ATM+10,PUT,26100,2025-12-02
2025-12-02 14:07:00+05:30,494.95,494.95,493.65,494.95,75,41550,0.0,26040.85,26550.0,26600,ATM+10,PUT,26100,2025-12-02
2025-12-02 14:08:00+05:30,483.0,494.95,479.15,479.15,375,41475,0.0,26059.9,26550.0,26600,ATM+10,PUT,26100,2025-12-02
2025-12-02 14:09:00+05:30,480.9,483.1,479.15,483.1,525,41475,0.0,26058.95,26550.0,26600,ATM+10,PUT,26100,2025-12-02
2025-12-02 14:10:00+05:30,483.2,487.0,483.1,484.4,975,41475,0.0,26056.9,26550.0,26600,ATM+10,PUT,26100,2025-12-02
2025-12-02 14:11:00+05:30,483.9,484.4,483.9,483.9,75,41475,0.0,26053.65,26550.0,26600,ATM+10,PUT,26100,2025-12-02
2025-12-02 14:12:00+05:30,484.35,486.65,483.9,486.65,450,41475,0.0,26052.65,26550.0,26600,ATM+10,PUT,26100,2025-12-02
2025-12-02 14:13:00+05:30,486.65,486.65,486.65,486.65,0,41475,0.0,26053.1,26550.0,26600,ATM+10,PUT,26100,2025-12-02
2025-12-02 14:14:00+05:30,486.65,486.65,486.65,486.65,0,41475,0.0,26045.05,26550.0,26600,ATM+10,PUT,26100,2025-12-02
2025-12-02 14:15:00+05:30,494.75,494.75,486.65,494.5,2775,41400,0.0,26046.15,26550.0,26600,ATM+10,PUT,26100,2025-12-02
2025-12-02 14:16:00+05:30,494.5,494.5,494.5,494.5,0,41400,0.0,26044.1,26550.0,26600,ATM+10,PUT,26100,2025-12-02
2025-12-02 14:17:00+05:30,493.9,494.5,493.9,494.35,150,41400,0.0,26040.2,26550.0,26600,ATM+10,PUT,26100,2025-12-02
2025-12-02 14:18:00+05:30,494.45,494.45,494.35,494.45,75,41550,0.0,26043.35,26550.0,26600,ATM+10,PUT,26100,2025-12-02
2025-12-02 14:19:00+05:30,496.35,498.15,494.45,498.15,225,41550,0.0,26043.0,26550.0,26600,ATM+10,PUT,26100,2025-12-02
2025-12-02 14:20:00+05:30,496.0,500.0,496.0,500.0,525,41400,0.0,26039.55,26550.0,26600,ATM+10,PUT,26100,2025-12-02
2025-12-02 14:21:00+05:30,500.6,502.2,500.0,502.2,150,41400,0.0,26036.8,26550.0,26600,ATM+10,PUT,26100,2025-12-02
2025-12-02 14:22:00+05:30,502.2,502.2,502.2,502.2,0,41400,0.0,26033.85,26550.0,26600,ATM+10,PUT,26100,2025-12-02
2025-12-02 14:23:00+05:30,502.2,502.2,502.2,502.2,0,41400,0.0,26033.05,26550.0,26600,ATM+10,PUT,26100,2025-12-02
2025-12-02 14:24:00+05:30,513.4,513.4,502.2,513.4,750,41250,0.0,26031.85,26550.0,26600,ATM+10,PUT,26100,2025-12-02
2025-12-02 14:25:00+05:30,505.6,513.4,500.0,500.0,300,41250,0.0,26043.65,26550.0,26600,ATM+10,PUT,26100,2025-12-02
2025-12-02 14:26:00+05:30,504.05,504.05,500.0,504.05,300,41250,0.0,26042.15,26550.0,26600,ATM+10,PUT,26100,2025-12-02
2025-12-02 14:27:00+05:30,509.4,509.4,504.05,509.4,300,41250,0.0,26036.95,26550.0,26600,ATM+10,PUT,26100,2025-12-02
2025-12-02 14:28:00+05:30,509.4,509.4,509.4,509.4,0,41250,0.0,26038.25,26550.0,26600,ATM+10,PUT,26100,2025-12-02
2025-12-02 14:29:00+05:30,505.0,509.4,505.0,505.0,450,41400,0.0,26041.4,26550.0,26600,ATM+10,PUT,26100,2025-12-02
2025-12-02 14:30:00+05:30,505.0,505.0,505.0,505.0,0,41400,0.0,26037.55,26550.0,26600,ATM+10,PUT,26100,2025-12-02
2025-12-02 14:31:00+05:30,516.55,516.55,505.0,512.85,750,41400,30.88864,26035.95,26550.0,26600,ATM+10,PUT,26100,2025-12-02
2025-12-02 14:32:00+05:30,512.85,512.85,512.85,512.85,0,41400,0.0,26034.8,26550.0,26600,ATM+10,PUT,26100,2025-12-02
2025-12-02 14:33:00+05:30,509.1,512.85,509.1,509.1,300,41325,0.0,26034.75,26550.0,26600,ATM+10,PUT,26100,2025-12-02
2025-12-02 14:34:00+05:30,509.1,509.1,509.1,509.1,0,41325,0.0,26038.2,26550.0,26600,ATM+10,PUT,26100,2025-12-02
2025-12-02 14:35:00+05:30,509.1,509.1,509.1,509.1,0,41325,0.0,26037.6,26550.0,26600,ATM+10,PUT,26100,2025-12-02
2025-12-02 14:36:00+05:30,460.55,485.3,459.25,484.6,45375,792750,35.410426,26016.1,26500.0,26600,ATM+10,PUT,26100,2025-12-02
2025-12-02 14:37:00+05:30,484.7,494.95,484.35,489.8,65850,792750,0.0,26003.25,26500.0,26600,ATM+10,PUT,26100,2025-12-02
2025-12-02 14:38:00+05:30,493.15,493.15,484.85,484.85,2925,749250,0.0,26008.95,26500.0,26600,ATM+10,PUT,26100,2025-12-02
2025-12-02 14:39:00+05:30,485.8,489.25,480.3,488.05,6900,749250,37.800996,26013.7,26500.0,26600,ATM+10,PUT,26100,2025-12-02
2025-12-02 14:40:00+05:30,486.95,494.15,484.45,490.5,6150,749250,35.108948,26009.85,26500.0,26600,ATM+10,PUT,26100,2025-12-02
2025-12-02 14:41:00+05:30,490.95,492.15,488.0,490.7,3375,749400,36.078522,26010.05,26500.0,26600,ATM+10,PUT,26100,2025-12-02
2025-12-02 14:42:00+05:30,492.15,492.45,486.95,486.95,4350,749400,17.124609,26011.15,26500.0,26600,ATM+10,PUT,26100,2025-12-02
2025-12-02 14:43:00+05:30,486.1,494.0,486.1,491.45,3000,749400,29.940947,26007.35,26500.0,26600,ATM+10,PUT,26100,2025-12-02
2025-12-02 14:44:00+05:30,492.0,492.6,487.0,491.6,3225,747825,37.961814,26010.0,26500.0,26600,ATM+10,PUT,26100,2025-12-02
2025-12-02 14:45:00+05:30,494.95,494.95,488.45,491.7,1950,747825,37.03961,26009.4,26500.0,26600,ATM+10,PUT,26100,2025-12-02
2025-12-02 14:46:00+05:30,491.45,492.55,489.75,490.1,1350,747825,37.948822,26011.5,26500.0,26600,ATM+10,PUT,26100,2025-12-02
2025-12-02 14:47:00+05:30,488.9,490.15,487.9,487.9,525,747825,33.248411,26011.75,26500.0,26600,ATM+10,PUT,26100,2025-12-02
2025-12-02 14:48:00+05:30,489.65,489.65,480.0,483.7,900,747975,35.210361,26016.75,26500.0,26600,ATM+10,PUT,26100,2025-12-02
2025-12-02 14:49:00+05:30,483.0,492.0,480.0,480.0,2850,747975,0.0,26018.05,26500.0,26600,ATM+10,PUT,26100,2025-12-02
2025-12-02 14:50:00+05:30,478.0,481.75,470.0,481.75,6000,747300,25.212545,26016.55,26500.0,26600,ATM+10,PUT,26100,2025-12-02
2025-12-02 14:51:00+05:30,479.75,484.75,475.0,476.75,3450,747300,0.0,26018.75,26500.0,26600,ATM+10,PUT,26100,2025-12-02
2025-12-02 14:52:00+05:30,476.25,479.75,473.0,479.75,2325,747300,34.090081,26020.3,26500.0,26600,ATM+10,PUT,26100,2025-12-02
2025-12-02 14:53:00+05:30,479.75,484.0,479.75,484.0,1200,745500,40.719722,26019.35,26500.0,26600,ATM+10,PUT,26100,2025-12-02
2025-12-02 14:54:00+05:30,483.2,492.05,483.2,489.1,3450,745500,34.319735,26010.8,26500.0,26600,ATM+10,PUT,26100,2025-12-02
2025-12-02 14:55:00+05:30,489.0,496.3,488.55,489.25,8175,745500,29.357688,26009.45,26500.0,26600,ATM+10,PUT,26100,2025-12-02
2025-12-02 14:56:00+05:30,492.05,492.05,489.25,490.9,525,745500,28.327361,26007.65,26500.0,26600,ATM+10,PUT,26100,2025-12-02
2025-12-02 14:57:00+05:30,492.4,493.15,490.0,492.0,1575,742875,0.0,26000.2,26500.0,26600,ATM+10,PUT,26100,2025-12-02
2025-12-02 14:58:00+05:30,493.0,503.6,492.0,498.75,8175,742875,48.915251,26010.45,26500.0,26600,ATM+10,PUT,26100,2025-12-02
2025-12-02 14:59:00+05:30,497.95,499.2,492.15,495.75,3150,740100,53.269957,26018.75,26500.0,26600,ATM+10,PUT,26100,2025-12-02
2025-12-02 15:00:00+05:30,493.9,495.75,479.95,491.3,9825,740100,41.266506,26011.85,26500.0,26600,ATM+10,PUT,26100,2025-12-02
2025-12-02 15:01:00+05:30,490.1,491.3,479.05,479.4,3825,740100,37.395592,26021.95,26500.0,26600,ATM+10,PUT,26100,2025-12-02
2025-12-02 15:02:00+05:30,481.3,488.2,479.4,481.05,2625,737325,41.02587,26022.35,26500.0,26600,ATM+10,PUT,26100,2025-12-02
2025-12-02 15:03:00+05:30,478.8,481.5,478.8,481.5,2700,737325,38.48339,26020.3,26500.0,26600,ATM+10,PUT,26100,2025-12-02
2025-12-02 15:04:00+05:30,481.6,481.6,478.0,479.05,8625,737325,39.829425,26023.6,26500.0,26600,ATM+10,PUT,26100,2025-12-02
2025-12-02 15:05:00+05:30,478.8,481.45,478.1,478.1,5625,730350,36.642738,26022.85,26500.0,26600,ATM+10,PUT,26100,2025-12-02
2025-12-02 15:06:00+05:30,478.95,483.85,478.1,481.9,1950,730350,39.958343,26020.65,26500.0,26600,ATM+10,PUT,26100,2025-12-02
2025-12-02 15:07:00+05:30,481.55,482.5,478.8,478.8,11100,730350,41.119939,26024.6,26500.0,26600,ATM+10,PUT,26100,2025-12-02
2025-12-02 15:08:00+05:30,531.85,531.85,531.85,531.85,0,41400,51.439704,26026.8,26550.0,26600,ATM+10,PUT,26100,2025-12-02
2025-12-02 15:09:00+05:30,524.3,531.85,524.3,524.3,75,41325,39.254942,26026.45,26550.0,26600,ATM+10,PUT,26100,2025-12-02
2025-12-02 15:10:00+05:30,526.7,526.7,524.3,524.8,225,41325,47.148843,26030.5,26550.0,26600,ATM+10,PUT,26100,2025-12-02
2025-12-02 15:11:00+05:30,524.8,524.8,524.8,524.8,0,41325,50.407166,26033.2,26550.0,26600,ATM+10,PUT,26100,2025-12-02
2025-12-02 15:12:00+05:30,524.8,524.8,524.8,524.8,8475,41250,50.690023,26033.4,26550.0,26600,ATM+10,PUT,26100,2025-12-02
2025-12-02 15:13:00+05:30,519.35,524.8,519.35,519.35,75,41250,49.122607,26037.75,26550.0,26600,ATM+10,PUT,26100,2025-12-02
2025-12-02 15:14:00+05:30,517.85,521.3,517.85,521.3,150,41250,50.393171,26036.75,26550.0,26600,ATM+10,PUT,26100,2025-12-02
2025-12-02 15:15:00+05:30,519.8,526.05,519.8,526.05,1950,39450,52.69444,26033.8,26550.0,26600,ATM+10,PUT,26100,2025-12-02
2025-12-02 15:16:00+05:30,524.2,526.05,524.2,524.35,300,39450,54.431766,26037.4,26550.0,26600,ATM+10,PUT,26100,2025-12-02
2025-12-02 15:17:00+05:30,524.35,524.35,524.35,524.35,0,39450,55.617467,26038.65,26550.0,26600,ATM+10,PUT,26100,2025-12-02
2025-12-02 15:18:00+05:30,524.35,524.35,524.35,524.35,0,39450,49.835018,26032.75,26550.0,26600,ATM+10,PUT,26100,2025-12-02
2025-12-02 15:19:00+05:30,523.0,524.35,523.0,523.0,75,39375,54.409657,26038.6,26550.0,26600,ATM+10,PUT,26100,2025-12-02
2025-12-02 15:20:00+05:30,519.45,523.0,519.45,519.45,75,39375,56.54426,26044.85,26550.0,26600,ATM+10,PUT,26100,2025-12-02
2025-12-02 15:21:00+05:30,518.05,520.6,518.05,519.05,1950,39300,51.913746,26040.15,26550.0,26600,ATM+10,PUT,26100,2025-12-02
2025-12-02 15:22:00+05:30,519.05,519.05,519.05,519.05,0,39300,52.592181,26040.75,26550.0,26600,ATM+10,PUT,26100,2025-12-02
2025-12-02 15:23:00+05:30,518.2,519.05,518.2,518.2,750,39300,58.482569,26048.35,26550.0,26600,ATM+10,PUT,26100,2025-12-02
2025-12-02 15:24:00+05:30,519.1,519.1,518.2,519.1,75,37575,61.202062,26050.9,26550.0,26600,ATM+10,PUT,26100,2025-12-02
2025-12-02 15:25:00+05:30,518.0,519.1,518.0,518.1,600,37575,63.324487,26055.0,26550.0,26600,ATM+10,PUT,26100,2025-12-02
2025-12-02 15:26:00+05:30,516.65,518.1,516.65,517.95,375,37575,61.132711,26051.85,26550.0,26600,ATM+10,PUT,26100,2025-12-02
2025-12-02 15:27:00+05:30,518.05,518.05,516.55,516.55,375,37350,62.559277,26055.35,26550.0,26600,ATM+10,PUT,26100,2025-12-02
2025-12-02 15:28:00+05:30,516.7,516.7,516.55,516.7,75,37350,63.305093,26056.15,26550.0,26600,ATM+10,PUT,26100,2025-12-02
2025-12-02 15:29:00+05:30,518.05,518.35,516.7,518.35,150,37350,65.183794,26057.0,26550.0,26600,ATM+10,PUT,26100,2025-12-02
